symbol,interval,timestamp,open,high,low,close,volume,source
360ONE,5m,2026-09-22T09:15:00+05:30,1078.300048828125,1090.699951171875,1078.300048828125,1088.0999755859375,0.0,yahoo
360ONE,5m,2026-09-22T09:20:00+05:30,1088.199951171875,1088.199951171875,1084.0,1084.5,6820.0,yahoo
360ONE,5m,2026-09-22T09:25:00+05:30,1084.0,1084.0,1080.0999755859375,1080.5,3387.0,yahoo
360ONE,5m,2026-09-22T09:30:00+05:30,1081.199951171875,1084.0,1081.199951171875,1082.199951171875,5632.0,yahoo
360ONE,5m,2026-09-22T09:35:00+05:30,1082.199951171875,1086.199951171875,1081.800048828125,1085.9000244140625,5045.0,yahoo
360ONE,5m,2026-09-22T09:40:00+05:30,1086.0,1087.0999755859375,1085.4000244140625,1086.4000244140625,7694.0,yahoo
360ONE,5m,2026-09-22T09:45:00+05:30,1086.4000244140625,1092.4000244140625,1086.4000244140625,1092.4000244140625,9641.0,yahoo
360ONE,5m,2026-09-22T09:50:00+05:30,1092.4000244140625,1092.4000244140625,1089.800048828125,1090.9000244140625,6448.0,yahoo
360ONE,5m,2026-09-22T09:55:00+05:30,1090.699951171875,1091.9000244140625,1090.300048828125,1091.0999755859375,4974.0,yahoo
360ONE,5m,2026-09-22T10:00:00+05:30,1091.0999755859375,1092.199951171875,1089.9000244140625,1091.5999755859375,4014.0,yahoo
360ONE,5m,2026-09-22T10:05:00+05:30,1091.699951171875,1091.9000244140625,1089.0999755859375,1091.0,5441.0,yahoo
360ONE,5m,2026-09-22T10:10:00+05:30,1091.0999755859375,1092.800048828125,1089.5,1089.699951171875,17131.0,yahoo
360ONE,5m,2026-09-22T10:15:00+05:30,1089.5,1091.5999755859375,1089.300048828125,1089.4000244140625,4730.0,yahoo
360ONE,5m,2026-09-22T10:20:00+05:30,1089.4000244140625,1090.5,1088.199951171875,1090.300048828125,4645.0,yahoo
360ONE,5m,2026-09-22T10:25:00+05:30,1090.300048828125,1091.5,1089.5999755859375,1089.699951171875,5342.0,yahoo
360ONE,5m,2026-09-22T10:30:00+05:30,1090.0,1090.4000244140625,1087.5,1088.4000244140625,6127.0,yahoo
360ONE,5m,2026-09-22T10:35:00+05:30,1088.300048828125,1088.300048828125,1086.699951171875,1086.699951171875,4350.0,yahoo
360ONE,5m,2026-09-22T10:40:00+05:30,1086.699951171875,1087.0,1084.300048828125,1085.5999755859375,3316.0,yahoo
360ONE,5m,2026-09-22T10:45:00+05:30,1085.4000244140625,1086.300048828125,1084.300048828125,1084.800048828125,2370.0,yahoo
360ONE,5m,2026-09-22T10:50:00+05:30,1084.800048828125,1084.800048828125,1082.699951171875,1084.4000244140625,7492.0,yahoo
360ONE,5m,2026-09-22T10:55:00+05:30,1084.199951171875,1084.800048828125,1083.300048828125,1084.300048828125,3018.0,yahoo
360ONE,5m,2026-09-22T11:00:00+05:30,1083.699951171875,1083.699951171875,1082.4000244140625,1083.4000244140625,2255.0,yahoo
360ONE,5m,2026-09-22T11:05:00+05:30,1083.5,1083.9000244140625,1083.0,1083.199951171875,1916.0,yahoo
360ONE,5m,2026-09-22T11:10:00+05:30,1083.199951171875,1083.300048828125,1083.0,1083.300048828125,1021.0,yahoo
360ONE,5m,2026-09-22T11:15:00+05:30,1083.199951171875,1084.300048828125,1083.199951171875,1083.5999755859375,1013.0,yahoo
360ONE,5m,2026-09-22T11:20:00+05:30,1083.5999755859375,1084.699951171875,1083.4000244140625,1084.5999755859375,1970.0,yahoo
360ONE,5m,2026-09-22T11:25:00+05:30,1084.5999755859375,1085.199951171875,1084.0999755859375,1084.0999755859375,2244.0,yahoo
360ONE,5m,2026-09-22T11:30:00+05:30,1084.0999755859375,1084.0999755859375,1083.0999755859375,1083.0999755859375,939.0,yahoo
360ONE,5m,2026-09-22T11:35:00+05:30,1083.0,1083.699951171875,1081.0,1081.300048828125,4249.0,yahoo
360ONE,5m,2026-09-22T11:40:00+05:30,1080.699951171875,1081.300048828125,1080.4000244140625,1081.0,2838.0,yahoo
360ONE,5m,2026-09-22T11:45:00+05:30,1081.0,1081.0,1080.0,1080.300048828125,3087.0,yahoo
360ONE,5m,2026-09-22T11:50:00+05:30,1080.300048828125,1080.9000244140625,1077.699951171875,1078.5999755859375,2075.0,yahoo
360ONE,5m,2026-09-22T11:55:00+05:30,1078.5999755859375,1078.5999755859375,1076.300048828125,1076.800048828125,3969.0,yahoo
360ONE,5m,2026-09-22T12:00:00+05:30,1076.4000244140625,1078.9000244140625,1076.4000244140625,1078.5999755859375,2222.0,yahoo
360ONE,5m,2026-09-22T12:05:00+05:30,1078.5999755859375,1079.5,1077.5999755859375,1079.199951171875,2677.0,yahoo
360ONE,5m,2026-09-22T12:10:00+05:30,1079.199951171875,1079.4000244140625,1078.300048828125,1078.9000244140625,626.0,yahoo
360ONE,5m,2026-09-22T12:15:00+05:30,1078.9000244140625,1079.0999755859375,1077.300048828125,1079.0999755859375,1006.0,yahoo
360ONE,5m,2026-09-22T12:20:00+05:30,1079.0,1079.0,1078.0999755859375,1078.199951171875,972.0,yahoo
360ONE,5m,2026-09-22T12:25:00+05:30,1078.0999755859375,1079.4000244140625,1077.0999755859375,1078.9000244140625,4320.0,yahoo
360ONE,5m,2026-09-22T12:30:00+05:30,1078.9000244140625,1079.0999755859375,1078.0999755859375,1078.5,1263.0,yahoo
360ONE,5m,2026-09-22T12:35:00+05:30,1077.0999755859375,1077.0999755859375,1076.0,1076.0999755859375,2735.0,yahoo
360ONE,5m,2026-09-22T12:40:00+05:30,1075.4000244140625,1075.800048828125,1074.4000244140625,1074.699951171875,1248.0,yahoo
360ONE,5m,2026-09-22T12:45:00+05:30,1074.699951171875,1074.699951171875,1073.0,1073.5999755859375,1648.0,yahoo
360ONE,5m,2026-09-22T12:50:00+05:30,1073.5999755859375,1073.800048828125,1072.199951171875,1072.5,2851.0,yahoo
360ONE,5m,2026-09-22T12:55:00+05:30,1072.5,1073.199951171875,1072.0,1073.199951171875,1636.0,yahoo
360ONE,5m,2026-09-22T13:00:00+05:30,1073.199951171875,1073.4000244140625,1072.5,1072.699951171875,1622.0,yahoo
360ONE,5m,2026-09-22T13:05:00+05:30,1072.699951171875,1073.5999755859375,1070.0,1071.4000244140625,5884.0,yahoo
360ONE,5m,2026-09-22T13:10:00+05:30,1072.199951171875,1072.199951171875,1071.199951171875,1071.9000244140625,1497.0,yahoo
360ONE,5m,2026-09-22T13:15:00+05:30,1071.9000244140625,1072.5999755859375,1068.699951171875,1068.9000244140625,5707.0,yahoo
360ONE,5m,2026-09-22T13:20:00+05:30,1069.0,1069.0999755859375,1068.0999755859375,1069.0,1954.0,yahoo
360ONE,5m,2026-09-22T13:25:00+05:30,1069.199951171875,1069.4000244140625,1068.9000244140625,1069.199951171875,1570.0,yahoo
360ONE,5m,2026-09-22T13:30:00+05:30,1069.199951171875,1069.199951171875,1068.5999755859375,1068.9000244140625,769.0,yahoo
360ONE,5m,2026-09-22T13:35:00+05:30,1068.9000244140625,1068.9000244140625,1067.5,1067.5,3012.0,yahoo
360ONE,5m,2026-09-22T13:40:00+05:30,1067.5,1068.5,1067.300048828125,1067.300048828125,4002.0,yahoo
360ONE,5m,2026-09-22T13:45:00+05:30,1067.199951171875,1068.4000244140625,1065.9000244140625,1068.300048828125,4170.0,yahoo
360ONE,5m,2026-09-22T13:50:00+05:30,1068.300048828125,1068.699951171875,1067.0999755859375,1067.300048828125,1846.0,yahoo
360ONE,5m,2026-09-22T13:55:00+05:30,1067.9000244140625,1068.5,1067.300048828125,1067.5999755859375,1461.0,yahoo
360ONE,5m,2026-09-22T14:00:00+05:30,1067.5999755859375,1067.5999755859375,1065.5,1067.0,3917.0,yahoo
360ONE,5m,2026-09-22T14:05:00+05:30,1067.0,1067.699951171875,1066.300048828125,1066.800048828125,2726.0,yahoo
360ONE,5m,2026-09-22T14:10:00+05:30,1066.800048828125,1071.0999755859375,1066.800048828125,1071.0999755859375,2641.0,yahoo
360ONE,5m,2026-09-22T14:15:00+05:30,1072.0999755859375,1073.0,1070.4000244140625,1071.5,5279.0,yahoo
360ONE,5m,2026-09-22T14:20:00+05:30,1071.199951171875,1073.199951171875,1071.199951171875,1072.800048828125,1723.0,yahoo
360ONE,5m,2026-09-22T14:25:00+05:30,1072.5999755859375,1072.5999755859375,1072.199951171875,1072.300048828125,1869.0,yahoo
360ONE,5m,2026-09-22T14:30:00+05:30,1072.300048828125,1072.5999755859375,1071.0,1071.4000244140625,4190.0,yahoo
360ONE,5m,2026-09-22T14:35:00+05:30,1071.9000244140625,1072.5999755859375,1071.300048828125,1071.800048828125,1764.0,yahoo
360ONE,5m,2026-09-22T14:40:00+05:30,1071.4000244140625,1072.5,1070.699951171875,1071.699951171875,9144.0,yahoo
360ONE,5m,2026-09-22T14:45:00+05:30,1071.699951171875,1074.699951171875,1071.4000244140625,1073.5999755859375,10232.0,yahoo
360ONE,5m,2026-09-22T14:50:00+05:30,1073.300048828125,1073.300048828125,1072.4000244140625,1073.0,4950.0,yahoo
360ONE,5m,2026-09-22T14:55:00+05:30,1073.0,1073.0,1069.5,1069.800048828125,5764.0,yahoo
360ONE,5m,2026-09-22T15:00:00+05:30,1069.800048828125,1071.0,1068.9000244140625,1070.5,11951.0,yahoo
360ONE,5m,2026-09-22T15:05:00+05:30,1070.5,1071.199951171875,1069.9000244140625,1070.0,10413.0,yahoo
360ONE,5m,2026-09-22T15:10:00+05:30,1070.0,1072.699951171875,1069.9000244140625,1071.699951171875,11447.0,yahoo
360ONE,5m,2026-09-22T15:15:00+05:30,1071.800048828125,1073.5,1071.800048828125,1073.5,29714.0,yahoo
ABB,5m,2026-09-22T09:15:00+05:30,7274.5,7359.0,7274.5,7335.5,0.0,yahoo
ABB,5m,2026-09-22T09:20:00+05:30,7343.0,7388.5,7339.0,7386.0,17347.0,yahoo
ABB,5m,2026-09-22T09:25:00+05:30,7384.0,7405.5,7356.0,7359.5,11544.0,yahoo
ABB,5m,2026-09-22T09:30:00+05:30,7360.0,7368.0,7340.0,7352.0,5861.0,yahoo
ABB,5m,2026-09-22T09:35:00+05:30,7355.0,7389.0,7352.0,7366.5,11162.0,yahoo
ABB,5m,2026-09-22T09:40:00+05:30,7368.5,7377.5,7363.0,7372.0,3973.0,yahoo
ABB,5m,2026-09-22T09:45:00+05:30,7372.5,7380.5,7365.5,7379.0,2776.0,yahoo
ABB,5m,2026-09-22T09:50:00+05:30,7375.5,7376.5,7364.0,7366.5,2582.0,yahoo
ABB,5m,2026-09-22T09:55:00+05:30,7366.5,7366.5,7340.0,7344.0,4260.0,yahoo
ABB,5m,2026-09-22T10:00:00+05:30,7344.0,7346.0,7330.0,7342.0,5723.0,yahoo
ABB,5m,2026-09-22T10:05:00+05:30,7339.0,7348.0,7333.0,7343.5,2137.0,yahoo
ABB,5m,2026-09-22T10:10:00+05:30,7344.0,7345.0,7334.5,7337.0,1183.0,yahoo
ABB,5m,2026-09-22T10:15:00+05:30,7337.0,7345.0,7334.0,7345.0,1611.0,yahoo
ABB,5m,2026-09-22T10:20:00+05:30,7341.5,7344.0,7313.0,7313.0,4247.0,yahoo
ABB,5m,2026-09-22T10:25:00+05:30,7313.0,7336.0,7310.0,7331.0,2265.0,yahoo
ABB,5m,2026-09-22T10:30:00+05:30,7331.0,7335.0,7326.0,7327.5,1351.0,yahoo
ABB,5m,2026-09-22T10:35:00+05:30,7325.5,7325.5,7313.0,7313.0,1260.0,yahoo
ABB,5m,2026-09-22T10:40:00+05:30,7311.0,7312.0,7301.0,7301.0,5105.0,yahoo
ABB,5m,2026-09-22T10:45:00+05:30,7299.5,7301.0,7292.5,7293.0,1922.0,yahoo
ABB,5m,2026-09-22T10:50:00+05:30,7293.0,7293.0,7276.0,7279.5,1869.0,yahoo
ABB,5m,2026-09-22T10:55:00+05:30,7283.0,7283.0,7270.0,7278.0,2617.0,yahoo
ABB,5m,2026-09-22T11:00:00+05:30,7275.5,7275.5,7257.0,7263.0,2410.0,yahoo
ABB,5m,2026-09-22T11:05:00+05:30,7261.5,7273.5,7260.5,7262.0,1052.0,yahoo
ABB,5m,2026-09-22T11:10:00+05:30,7262.0,7278.5,7262.0,7278.5,1260.0,yahoo
ABB,5m,2026-09-22T11:15:00+05:30,7280.0,7280.0,7269.0,7270.5,1403.0,yahoo
ABB,5m,2026-09-22T11:20:00+05:30,7271.5,7273.5,7265.0,7270.5,963.0,yahoo
ABB,5m,2026-09-22T11:25:00+05:30,7270.5,7275.0,7263.0,7263.0,770.0,yahoo
ABB,5m,2026-09-22T11:30:00+05:30,7264.0,7272.5,7258.5,7261.5,1267.0,yahoo
ABB,5m,2026-09-22T11:35:00+05:30,7264.0,7268.0,7253.0,7268.0,1556.0,yahoo
ABB,5m,2026-09-22T11:40:00+05:30,7268.0,7269.5,7245.5,7248.5,2306.0,yahoo
ABB,5m,2026-09-22T11:45:00+05:30,7248.0,7255.5,7240.0,7251.5,1288.0,yahoo
ABB,5m,2026-09-22T11:50:00+05:30,7251.0,7251.0,7239.5,7247.0,979.0,yahoo
ABB,5m,2026-09-22T11:55:00+05:30,7245.0,7259.5,7241.0,7254.0,1125.0,yahoo
ABB,5m,2026-09-22T12:00:00+05:30,7257.5,7258.5,7248.0,7255.5,709.0,yahoo
ABB,5m,2026-09-22T12:05:00+05:30,7255.5,7258.5,7250.0,7253.0,789.0,yahoo
ABB,5m,2026-09-22T12:10:00+05:30,7252.0,7257.5,7251.0,7254.5,546.0,yahoo
ABB,5m,2026-09-22T12:15:00+05:30,7257.0,7257.0,7248.0,7252.5,1240.0,yahoo
ABB,5m,2026-09-22T12:20:00+05:30,7252.5,7252.5,7241.0,7243.0,978.0,yahoo
ABB,5m,2026-09-22T12:25:00+05:30,7242.5,7244.5,7235.0,7241.0,1247.0,yahoo
ABB,5m,2026-09-22T12:30:00+05:30,7241.0,7244.0,7230.5,7230.5,1033.0,yahoo
ABB,5m,2026-09-22T12:35:00+05:30,7231.5,7237.0,7226.5,7233.0,1256.0,yahoo
ABB,5m,2026-09-22T12:40:00+05:30,7233.0,7233.0,7225.0,7225.0,343.0,yahoo
ABB,5m,2026-09-22T12:45:00+05:30,7225.0,7230.0,7221.0,7225.5,1331.0,yahoo
ABB,5m,2026-09-22T12:50:00+05:30,7225.5,7228.0,7221.0,7224.5,471.0,yahoo
ABB,5m,2026-09-22T12:55:00+05:30,7221.0,7223.0,7215.0,7215.0,1235.0,yahoo
ABB,5m,2026-09-22T13:00:00+05:30,7212.0,7212.0,7182.0,7197.5,2857.0,yahoo
ABB,5m,2026-09-22T13:05:00+05:30,7199.0,7208.0,7195.0,7203.0,1030.0,yahoo
ABB,5m,2026-09-22T13:10:00+05:30,7203.0,7203.0,7185.0,7189.5,2282.0,yahoo
ABB,5m,2026-09-22T13:15:00+05:30,7189.5,7192.0,7173.0,7179.0,1623.0,yahoo
ABB,5m,2026-09-22T13:20:00+05:30,7179.0,7179.5,7170.0,7174.5,842.0,yahoo
ABB,5m,2026-09-22T13:25:00+05:30,7170.5,7172.0,7164.5,7172.0,2165.0,yahoo
ABB,5m,2026-09-22T13:30:00+05:30,7168.0,7181.0,7166.0,7174.0,1367.0,yahoo
ABB,5m,2026-09-22T13:35:00+05:30,7175.5,7179.5,7171.0,7173.5,562.0,yahoo
ABB,5m,2026-09-22T13:40:00+05:30,7173.5,7188.0,7171.0,7180.5,556.0,yahoo
ABB,5m,2026-09-22T13:45:00+05:30,7180.5,7180.5,7157.0,7158.0,2330.0,yahoo
ABB,5m,2026-09-22T13:50:00+05:30,7158.5,7161.5,7152.0,7154.0,942.0,yahoo
ABB,5m,2026-09-22T13:55:00+05:30,7156.0,7159.0,7150.0,7151.0,1111.0,yahoo
ABB,5m,2026-09-22T14:00:00+05:30,7150.0,7150.0,7133.0,7145.0,1816.0,yahoo
ABB,5m,2026-09-22T14:05:00+05:30,7146.5,7149.0,7137.0,7148.5,847.0,yahoo
ABB,5m,2026-09-22T14:10:00+05:30,7146.0,7161.5,7143.5,7161.5,1203.0,yahoo
ABB,5m,2026-09-22T14:15:00+05:30,7163.5,7178.0,7153.0,7163.5,2807.0,yahoo
ABB,5m,2026-09-22T14:20:00+05:30,7163.5,7174.0,7160.5,7160.5,1240.0,yahoo
ABB,5m,2026-09-22T14:25:00+05:30,7160.5,7173.0,7160.5,7168.5,1530.0,yahoo
ABB,5m,2026-09-22T14:30:00+05:30,7168.0,7171.0,7158.5,7165.0,2159.0,yahoo
ABB,5m,2026-09-22T14:35:00+05:30,7162.0,7164.5,7155.0,7155.5,619.0,yahoo
ABB,5m,2026-09-22T14:40:00+05:30,7159.0,7166.5,7155.5,7159.0,999.0,yahoo
ABB,5m,2026-09-22T14:45:00+05:30,7157.0,7162.0,7155.0,7155.5,2068.0,yahoo
ABB,5m,2026-09-22T14:50:00+05:30,7155.5,7160.0,7153.0,7154.5,1367.0,yahoo
ABB,5m,2026-09-22T14:55:00+05:30,7154.5,7154.5,7137.5,7139.0,3543.0,yahoo
ABB,5m,2026-09-22T15:00:00+05:30,7140.0,7152.0,7136.5,7136.5,5855.0,yahoo
ABB,5m,2026-09-22T15:05:00+05:30,7136.5,7143.5,7130.0,7131.5,6507.0,yahoo
ABB,5m,2026-09-22T15:10:00+05:30,7130.5,7144.5,7118.0,7120.5,10235.0,yahoo
ABCAPITAL,5m,2026-09-22T09:15:00+05:30,401.3500061035156,404.70001220703125,401.3500061035156,403.6499938964844,0.0,yahoo
ABCAPITAL,5m,2026-09-22T09:20:00+05:30,403.95001220703125,404.3500061035156,403.3500061035156,403.8500061035156,21925.0,yahoo
ABCAPITAL,5m,2026-09-22T09:25:00+05:30,403.79998779296875,403.8999938964844,403.1499938964844,403.79998779296875,15332.0,yahoo
ABCAPITAL,5m,2026-09-22T09:30:00+05:30,403.8999938964844,404.25,403.3500061035156,403.5,7615.0,yahoo
ABCAPITAL,5m,2026-09-22T09:35:00+05:30,403.45001220703125,403.6499938964844,403.29998779296875,403.3999938964844,15861.0,yahoo
ABCAPITAL,5m,2026-09-22T09:40:00+05:30,403.5,403.70001220703125,403.29998779296875,403.3500061035156,3824.0,yahoo
ABCAPITAL,5m,2026-09-22T09:45:00+05:30,403.3500061035156,403.5,403.29998779296875,403.45001220703125,5242.0,yahoo
ABCAPITAL,5m,2026-09-22T09:50:00+05:30,403.6000061035156,403.75,403.25,403.25,4797.0,yahoo
ABCAPITAL,5m,2026-09-22T09:55:00+05:30,403.3999938964844,403.3999938964844,402.1000061035156,402.1000061035156,9787.0,yahoo
ABCAPITAL,5m,2026-09-22T10:00:00+05:30,402.3999938964844,402.45001220703125,401.79998779296875,402.45001220703125,31064.0,yahoo
ABCAPITAL,5m,2026-09-22T10:05:00+05:30,402.5,402.54998779296875,401.79998779296875,401.8500061035156,13926.0,yahoo
ABCAPITAL,5m,2026-09-22T10:10:00+05:30,401.8500061035156,402.29998779296875,401.79998779296875,402.29998779296875,10774.0,yahoo
ABCAPITAL,5m,2026-09-22T10:15:00+05:30,402.45001220703125,402.45001220703125,402.0,402.04998779296875,3333.0,yahoo
ABCAPITAL,5m,2026-09-22T10:20:00+05:30,402.0,402.1499938964844,401.54998779296875,402.0,17017.0,yahoo
ABCAPITAL,5m,2026-09-22T10:25:00+05:30,402.04998779296875,402.1000061035156,401.5,401.5,52460.0,yahoo
ABCAPITAL,5m,2026-09-22T10:30:00+05:30,401.54998779296875,401.54998779296875,401.1000061035156,401.3500061035156,24483.0,yahoo
ABCAPITAL,5m,2026-09-22T10:35:00+05:30,401.3500061035156,401.5,401.20001220703125,401.3500061035156,69442.0,yahoo
ABCAPITAL,5m,2026-09-22T10:40:00+05:30,401.3500061035156,401.45001220703125,400.04998779296875,400.5,192149.0,yahoo
ABCAPITAL,5m,2026-09-22T10:45:00+05:30,400.5,400.70001220703125,400.5,400.6000061035156,19598.0,yahoo
ABCAPITAL,5m,2026-09-22T10:50:00+05:30,400.54998779296875,401.25,400.5,401.0,120260.0,yahoo
ABCAPITAL,5m,2026-09-22T10:55:00+05:30,401.0,401.1000061035156,400.75,400.8500061035156,11384.0,yahoo
ABCAPITAL,5m,2026-09-22T11:00:00+05:30,400.8999938964844,400.8999938964844,400.5,400.6499938964844,7528.0,yahoo
ABCAPITAL,5m,2026-09-22T11:05:00+05:30,400.75,400.75,400.45001220703125,400.5,1905.0,yahoo
ABCAPITAL,5m,2026-09-22T11:10:00+05:30,400.5,401.0,400.5,400.75,5818.0,yahoo
ABCAPITAL,5m,2026-09-22T11:15:00+05:30,400.75,401.0,400.6000061035156,400.70001220703125,5017.0,yahoo
ABCAPITAL,5m,2026-09-22T11:20:00+05:30,400.70001220703125,400.95001220703125,400.6499938964844,400.95001220703125,3056.0,yahoo
ABCAPITAL,5m,2026-09-22T11:25:00+05:30,400.8999938964844,401.0,400.54998779296875,400.54998779296875,4821.0,yahoo
ABCAPITAL,5m,2026-09-22T11:30:00+05:30,400.75,400.75,400.5,400.6000061035156,25693.0,yahoo
ABCAPITAL,5m,2026-09-22T11:35:00+05:30,400.29998779296875,400.45001220703125,400.0,400.20001220703125,116856.0,yahoo
ABCAPITAL,5m,2026-09-22T11:40:00+05:30,400.3999938964844,400.3999938964844,399.3999938964844,399.5,124466.0,yahoo
ABCAPITAL,5m,2026-09-22T11:45:00+05:30,399.70001220703125,399.70001220703125,398.6000061035156,398.79998779296875,24416.0,yahoo
ABCAPITAL,5m,2026-09-22T11:50:00+05:30,398.79998779296875,399.29998779296875,398.54998779296875,398.70001220703125,40633.0,yahoo
ABCAPITAL,5m,2026-09-22T11:55:00+05:30,398.75,399.1499938964844,398.75,399.1000061035156,16912.0,yahoo
ABCAPITAL,5m,2026-09-22T12:00:00+05:30,399.1000061035156,399.1000061035156,398.6499938964844,398.8999938964844,19398.0,yahoo
ABCAPITAL,5m,2026-09-22T12:05:00+05:30,398.95001220703125,400.0,398.6499938964844,400.0,53981.0,yahoo
ABCAPITAL,5m,2026-09-22T12:10:00+05:30,399.8500061035156,400.0,398.75,399.0,22134.0,yahoo
ABCAPITAL,5m,2026-09-22T12:15:00+05:30,398.95001220703125,399.1499938964844,398.8999938964844,398.95001220703125,14049.0,yahoo
ABCAPITAL,5m,2026-09-22T12:20:00+05:30,398.8999938964844,399.1000061035156,398.29998779296875,398.5,9350.0,yahoo
ABCAPITAL,5m,2026-09-22T12:25:00+05:30,398.29998779296875,398.8500061035156,398.29998779296875,398.75,26634.0,yahoo
ABCAPITAL,5m,2026-09-22T12:30:00+05:30,398.75,398.79998779296875,398.3500061035156,398.6000061035156,8740.0,yahoo
ABCAPITAL,5m,2026-09-22T12:35:00+05:30,398.6000061035156,399.04998779296875,398.45001220703125,399.0,13035.0,yahoo
ABCAPITAL,5m,2026-09-22T12:40:00+05:30,399.0,399.0,397.3500061035156,397.3999938964844,31224.0,yahoo
ABCAPITAL,5m,2026-09-22T12:45:00+05:30,397.3500061035156,397.54998779296875,397.04998779296875,397.20001220703125,4398.0,yahoo
ABCAPITAL,5m,2026-09-22T12:50:00+05:30,397.0,397.1499938964844,396.5,396.8500061035156,10366.0,yahoo
ABCAPITAL,5m,2026-09-22T12:55:00+05:30,396.75,396.79998779296875,396.3999938964844,396.5,5527.0,yahoo
ABCAPITAL,5m,2026-09-22T13:00:00+05:30,396.6499938964844,396.6499938964844,395.6000061035156,395.79998779296875,101449.0,yahoo
ABCAPITAL,5m,2026-09-22T13:05:00+05:30,395.6000061035156,396.20001220703125,395.0,395.45001220703125,30394.0,yahoo
ABCAPITAL,5m,2026-09-22T13:10:00+05:30,395.25,395.5,394.75,395.1499938964844,21642.0,yahoo
ABCAPITAL,5m,2026-09-22T13:15:00+05:30,395.0,395.29998779296875,394.8999938964844,395.1499938964844,5796.0,yahoo
ABCAPITAL,5m,2026-09-22T13:20:00+05:30,394.8999938964844,396.1499938964844,394.8999938964844,396.1499938964844,47083.0,yahoo
ABCAPITAL,5m,2026-09-22T13:25:00+05:30,395.8999938964844,396.3999938964844,395.75,395.95001220703125,9910.0,yahoo
ABCAPITAL,5m,2026-09-22T13:30:00+05:30,395.95001220703125,396.3999938964844,395.8500061035156,396.29998779296875,6629.0,yahoo
ABCAPITAL,5m,2026-09-22T13:35:00+05:30,396.20001220703125,396.6499938964844,396.1000061035156,396.54998779296875,11224.0,yahoo
ABCAPITAL,5m,2026-09-22T13:40:00+05:30,396.5,396.8500061035156,396.25,396.6000061035156,5557.0,yahoo
ABCAPITAL,5m,2026-09-22T13:45:00+05:30,396.6499938964844,396.79998779296875,396.29998779296875,396.5,5377.0,yahoo
ABCAPITAL,5m,2026-09-22T13:50:00+05:30,396.5,396.75,396.0,396.3999938964844,9209.0,yahoo
ABCAPITAL,5m,2026-09-22T13:55:00+05:30,396.3500061035156,396.5,395.8999938964844,396.0,11721.0,yahoo
ABCAPITAL,5m,2026-09-22T14:00:00+05:30,396.0,396.70001220703125,396.0,396.70001220703125,17150.0,yahoo
ABCAPITAL,5m,2026-09-22T14:05:00+05:30,396.6499938964844,396.70001220703125,396.04998779296875,396.5,17591.0,yahoo
ABCAPITAL,5m,2026-09-22T14:10:00+05:30,396.5,397.5,396.1499938964844,397.5,20799.0,yahoo
ABCAPITAL,5m,2026-09-22T14:15:00+05:30,397.8999938964844,398.29998779296875,397.20001220703125,397.70001220703125,55637.0,yahoo
ABCAPITAL,5m,2026-09-22T14:20:00+05:30,397.6499938964844,398.1000061035156,397.6000061035156,397.6000061035156,21916.0,yahoo
ABCAPITAL,5m,2026-09-22T14:25:00+05:30,397.6499938964844,398.3500061035156,397.6000061035156,398.25,19015.0,yahoo
ABCAPITAL,5m,2026-09-22T14:30:00+05:30,398.25,398.6000061035156,397.8999938964844,397.8999938964844,13411.0,yahoo
ABCAPITAL,5m,2026-09-22T14:35:00+05:30,397.95001220703125,398.20001220703125,397.8500061035156,398.0,32792.0,yahoo
ABCAPITAL,5m,2026-09-22T14:40:00+05:30,398.1499938964844,398.1499938964844,397.29998779296875,397.5,73593.0,yahoo
ABCAPITAL,5m,2026-09-22T14:45:00+05:30,397.5,398.1000061035156,397.5,397.5,62966.0,yahoo
ABCAPITAL,5m,2026-09-22T14:50:00+05:30,397.6499938964844,397.6499938964844,397.04998779296875,397.04998779296875,22470.0,yahoo
ABCAPITAL,5m,2026-09-22T14:55:00+05:30,397.20001220703125,397.3999938964844,397.0,397.20001220703125,42170.0,yahoo
ABCAPITAL,5m,2026-09-22T15:00:00+05:30,397.04998779296875,397.04998779296875,396.04998779296875,396.25,101174.0,yahoo
ABCAPITAL,5m,2026-09-22T15:05:00+05:30,396.3500061035156,396.75,396.04998779296875,396.6499938964844,81010.0,yahoo
ABCAPITAL,5m,2026-09-22T15:10:00+05:30,396.6000061035156,397.0,396.20001220703125,396.20001220703125,196898.0,yahoo
ABCAPITAL,5m,2026-09-22T15:15:00+05:30,397.0,397.0,397.0,397.0,42843.0,yahoo
ADANIENT,5m,2026-09-22T09:15:00+05:30,2995.0,3010.39990234375,2992.10009765625,3003.0,0.0,yahoo
ADANIENT,5m,2026-09-22T09:20:00+05:30,3004.39990234375,3025.0,3003.199951171875,3018.39990234375,63053.0,yahoo
ADANIENT,5m,2026-09-22T09:25:00+05:30,3018.39990234375,3019.89990234375,3003.0,3014.10009765625,30102.0,yahoo
ADANIENT,5m,2026-09-22T09:30:00+05:30,3012.39990234375,3015.39990234375,3005.60009765625,3014.800048828125,15928.0,yahoo
ADANIENT,5m,2026-09-22T09:35:00+05:30,3014.10009765625,3015.0,3010.199951171875,3013.39990234375,8142.0,yahoo
ADANIENT,5m,2026-09-22T09:40:00+05:30,3012.800048828125,3016.0,3011.800048828125,3013.199951171875,11218.0,yahoo
ADANIENT,5m,2026-09-22T09:45:00+05:30,3014.5,3015.0,3012.300048828125,3014.800048828125,7536.0,yahoo
ADANIENT,5m,2026-09-22T09:50:00+05:30,3013.39990234375,3014.800048828125,3008.300048828125,3009.60009765625,8570.0,yahoo
ADANIENT,5m,2026-09-22T09:55:00+05:30,3008.699951171875,3008.699951171875,2992.800048828125,2993.89990234375,36082.0,yahoo
ADANIENT,5m,2026-09-22T10:00:00+05:30,2993.199951171875,2998.300048828125,2990.89990234375,2998.300048828125,14007.0,yahoo
ADANIENT,5m,2026-09-22T10:05:00+05:30,2998.300048828125,2998.39990234375,2996.800048828125,2996.89990234375,7945.0,yahoo
ADANIENT,5m,2026-09-22T10:10:00+05:30,2997.89990234375,2997.89990234375,2993.800048828125,2993.89990234375,5648.0,yahoo
ADANIENT,5m,2026-09-22T10:15:00+05:30,2993.699951171875,2996.5,2993.199951171875,2996.0,7743.0,yahoo
ADANIENT,5m,2026-09-22T10:20:00+05:30,2996.0,2997.5,2993.199951171875,2996.39990234375,4503.0,yahoo
ADANIENT,5m,2026-09-22T10:25:00+05:30,2996.800048828125,3001.39990234375,2992.800048828125,2998.39990234375,8757.0,yahoo
ADANIENT,5m,2026-09-22T10:30:00+05:30,3000.0,3000.5,2995.89990234375,2998.0,3843.0,yahoo
ADANIENT,5m,2026-09-22T10:35:00+05:30,2997.699951171875,2997.800048828125,2994.0,2994.0,3492.0,yahoo
ADANIENT,5m,2026-09-22T10:40:00+05:30,2994.39990234375,2996.89990234375,2991.800048828125,2994.60009765625,6856.0,yahoo
ADANIENT,5m,2026-09-22T10:45:00+05:30,2994.10009765625,2994.10009765625,2990.0,2991.699951171875,11525.0,yahoo
ADANIENT,5m,2026-09-22T10:50:00+05:30,2991.39990234375,2992.199951171875,2990.0,2990.199951171875,13028.0,yahoo
ADANIENT,5m,2026-09-22T10:55:00+05:30,2990.60009765625,2998.0,2985.60009765625,2994.800048828125,23442.0,yahoo
ADANIENT,5m,2026-09-22T11:00:00+05:30,2996.199951171875,2996.199951171875,2987.10009765625,2991.300048828125,5880.0,yahoo
ADANIENT,5m,2026-09-22T11:05:00+05:30,2990.699951171875,2991.300048828125,2986.0,2990.39990234375,6035.0,yahoo
ADANIENT,5m,2026-09-22T11:10:00+05:30,2991.10009765625,2995.800048828125,2991.0,2995.199951171875,4874.0,yahoo
ADANIENT,5m,2026-09-22T11:15:00+05:30,2994.89990234375,2997.39990234375,2992.800048828125,2993.89990234375,2905.0,yahoo
ADANIENT,5m,2026-09-22T11:20:00+05:30,2993.699951171875,2995.699951171875,2992.10009765625,2994.89990234375,4254.0,yahoo
ADANIENT,5m,2026-09-22T11:25:00+05:30,2995.10009765625,2995.10009765625,2992.800048828125,2993.89990234375,2147.0,yahoo
ADANIENT,5m,2026-09-22T11:30:00+05:30,2994.10009765625,2994.199951171875,2989.10009765625,2991.0,5702.0,yahoo
ADANIENT,5m,2026-09-22T11:35:00+05:30,2990.5,2993.300048828125,2988.199951171875,2990.89990234375,11319.0,yahoo
ADANIENT,5m,2026-09-22T11:40:00+05:30,2992.10009765625,2995.0,2992.0,2994.89990234375,3200.0,yahoo
ADANIENT,5m,2026-09-22T11:45:00+05:30,2995.0,2995.0,2990.89990234375,2992.60009765625,3063.0,yahoo
ADANIENT,5m,2026-09-22T11:50:00+05:30,2991.60009765625,2993.39990234375,2989.300048828125,2990.199951171875,2436.0,yahoo
ADANIENT,5m,2026-09-22T11:55:00+05:30,2991.199951171875,2992.699951171875,2987.0,2992.5,5146.0,yahoo
ADANIENT,5m,2026-09-22T12:00:00+05:30,2991.89990234375,2993.89990234375,2991.89990234375,2993.699951171875,3188.0,yahoo
ADANIENT,5m,2026-09-22T12:05:00+05:30,2993.60009765625,2994.89990234375,2992.699951171875,2994.0,3078.0,yahoo
ADANIENT,5m,2026-09-22T12:10:00+05:30,2994.199951171875,2994.5,2990.89990234375,2990.89990234375,4746.0,yahoo
ADANIENT,5m,2026-09-22T12:15:00+05:30,2992.39990234375,2993.300048828125,2990.0,2992.800048828125,2767.0,yahoo
ADANIENT,5m,2026-09-22T12:20:00+05:30,2992.10009765625,2994.300048828125,2991.800048828125,2994.300048828125,2270.0,yahoo
ADANIENT,5m,2026-09-22T12:25:00+05:30,2994.10009765625,2994.5,2992.10009765625,2993.89990234375,5137.0,yahoo
ADANIENT,5m,2026-09-22T12:30:00+05:30,2994.10009765625,2994.10009765625,2991.800048828125,2992.60009765625,1617.0,yahoo
ADANIENT,5m,2026-09-22T12:35:00+05:30,2993.300048828125,2999.89990234375,2992.10009765625,2999.5,13702.0,yahoo
ADANIENT,5m,2026-09-22T12:40:00+05:30,2999.5,3006.800048828125,2997.699951171875,3000.5,17571.0,yahoo
ADANIENT,5m,2026-09-22T12:45:00+05:30,3000.800048828125,3002.89990234375,2997.5,2999.89990234375,10194.0,yahoo
ADANIENT,5m,2026-09-22T12:50:00+05:30,3001.199951171875,3002.0,2994.300048828125,2996.199951171875,21347.0,yahoo
ADANIENT,5m,2026-09-22T12:55:00+05:30,2995.60009765625,2997.5,2994.39990234375,2994.89990234375,7328.0,yahoo
ADANIENT,5m,2026-09-22T13:00:00+05:30,2995.10009765625,2997.39990234375,2993.0,2994.699951171875,6565.0,yahoo
ADANIENT,5m,2026-09-22T13:05:00+05:30,2994.699951171875,2996.39990234375,2993.300048828125,2995.0,2634.0,yahoo
ADANIENT,5m,2026-09-22T13:10:00+05:30,2994.89990234375,2994.89990234375,2992.10009765625,2994.800048828125,4446.0,yahoo
ADANIENT,5m,2026-09-22T13:15:00+05:30,2994.800048828125,2996.39990234375,2991.300048828125,2993.800048828125,4516.0,yahoo
ADANIENT,5m,2026-09-22T13:20:00+05:30,2994.0,2995.300048828125,2992.5,2995.10009765625,2446.0,yahoo
ADANIENT,5m,2026-09-22T13:25:00+05:30,2995.10009765625,2995.10009765625,2991.39990234375,2993.0,2851.0,yahoo
ADANIENT,5m,2026-09-22T13:30:00+05:30,2992.89990234375,2994.0,2988.10009765625,2989.60009765625,10918.0,yahoo
ADANIENT,5m,2026-09-22T13:35:00+05:30,2989.0,2990.300048828125,2986.699951171875,2987.0,3677.0,yahoo
ADANIENT,5m,2026-09-22T13:40:00+05:30,2987.0,2989.699951171875,2986.10009765625,2987.10009765625,4929.0,yahoo
ADANIENT,5m,2026-09-22T13:45:00+05:30,2987.199951171875,2988.800048828125,2982.0,2986.10009765625,11709.0,yahoo
ADANIENT,5m,2026-09-22T13:50:00+05:30,2987.0,2988.0,2982.800048828125,2984.10009765625,8233.0,yahoo
ADANIENT,5m,2026-09-22T13:55:00+05:30,2985.10009765625,2987.0,2984.10009765625,2986.300048828125,5247.0,yahoo
ADANIENT,5m,2026-09-22T14:00:00+05:30,2986.199951171875,2986.300048828125,2981.199951171875,2983.699951171875,8652.0,yahoo
ADANIENT,5m,2026-09-22T14:05:00+05:30,2983.89990234375,2984.0,2981.0,2981.0,8156.0,yahoo
ADANIENT,5m,2026-09-22T14:10:00+05:30,2981.0,2995.0,2979.800048828125,2994.10009765625,27643.0,yahoo
ADANIENT,5m,2026-09-22T14:15:00+05:30,2995.0,2997.5,2990.0,2992.5,13006.0,yahoo
ADANIENT,5m,2026-09-22T14:20:00+05:30,2994.0,2999.699951171875,2992.39990234375,2992.39990234375,17174.0,yahoo
ADANIENT,5m,2026-09-22T14:25:00+05:30,2992.60009765625,2996.0,2992.60009765625,2992.699951171875,5108.0,yahoo
ADANIENT,5m,2026-09-22T14:30:00+05:30,2993.300048828125,2995.199951171875,2990.10009765625,2991.0,23073.0,yahoo
ADANIENT,5m,2026-09-22T14:35:00+05:30,2992.0,2993.699951171875,2989.300048828125,2990.800048828125,6571.0,yahoo
ADANIENT,5m,2026-09-22T14:40:00+05:30,2990.89990234375,2991.699951171875,2987.10009765625,2989.199951171875,4913.0,yahoo
ADANIENT,5m,2026-09-22T14:45:00+05:30,2987.300048828125,2990.89990234375,2987.300048828125,2990.300048828125,3559.0,yahoo
ADANIENT,5m,2026-09-22T14:50:00+05:30,2989.800048828125,2990.199951171875,2985.300048828125,2987.60009765625,12685.0,yahoo
ADANIENT,5m,2026-09-22T14:55:00+05:30,2987.60009765625,2988.800048828125,2985.0,2985.199951171875,10472.0,yahoo
ADANIENT,5m,2026-09-22T15:00:00+05:30,2985.10009765625,2985.89990234375,2982.60009765625,2984.10009765625,17289.0,yahoo
ADANIENT,5m,2026-09-22T15:05:00+05:30,2984.199951171875,2986.60009765625,2983.10009765625,2986.300048828125,27122.0,yahoo
ADANIENT,5m,2026-09-22T15:10:00+05:30,2986.5,2991.39990234375,2986.199951171875,2988.60009765625,38568.0,yahoo
ADANIENT,5m,2026-09-22T15:15:00+05:30,2987.89990234375,2997.0,2987.89990234375,2997.0,18401.0,yahoo
ADANIPORTS,5m,2026-09-22T09:15:00+05:30,1793.0,1801.300048828125,1793.0,1799.800048828125,0.0,yahoo
ADANIPORTS,5m,2026-09-22T09:20:00+05:30,1800.199951171875,1812.0999755859375,1799.4000244140625,1809.5,109823.0,yahoo
ADANIPORTS,5m,2026-09-22T09:25:00+05:30,1809.5,1809.5,1803.699951171875,1805.699951171875,33779.0,yahoo
ADANIPORTS,5m,2026-09-22T09:30:00+05:30,1805.699951171875,1806.300048828125,1803.0,1804.800048828125,18766.0,yahoo
ADANIPORTS,5m,2026-09-22T09:35:00+05:30,1804.4000244140625,1805.0,1803.0,1803.9000244140625,11904.0,yahoo
ADANIPORTS,5m,2026-09-22T09:40:00+05:30,1804.0,1806.800048828125,1803.5,1803.5,10557.0,yahoo
ADANIPORTS,5m,2026-09-22T09:45:00+05:30,1804.5,1807.9000244140625,1803.699951171875,1807.0999755859375,22911.0,yahoo
ADANIPORTS,5m,2026-09-22T09:50:00+05:30,1807.0999755859375,1807.5,1805.0999755859375,1805.0999755859375,8911.0,yahoo
ADANIPORTS,5m,2026-09-22T09:55:00+05:30,1805.0999755859375,1805.4000244140625,1802.0999755859375,1802.199951171875,13793.0,yahoo
ADANIPORTS,5m,2026-09-22T10:00:00+05:30,1802.5,1808.5999755859375,1801.0999755859375,1807.9000244140625,26173.0,yahoo
ADANIPORTS,5m,2026-09-22T10:05:00+05:30,1807.5,1807.800048828125,1806.0999755859375,1806.0999755859375,8588.0,yahoo
ADANIPORTS,5m,2026-09-22T10:10:00+05:30,1805.0999755859375,1805.0999755859375,1803.199951171875,1804.0999755859375,5326.0,yahoo
ADANIPORTS,5m,2026-09-22T10:15:00+05:30,1803.5999755859375,1804.4000244140625,1802.4000244140625,1802.5999755859375,7466.0,yahoo
ADANIPORTS,5m,2026-09-22T10:20:00+05:30,1803.0,1803.0,1798.9000244140625,1799.199951171875,19705.0,yahoo
ADANIPORTS,5m,2026-09-22T10:25:00+05:30,1799.199951171875,1803.5,1797.199951171875,1800.800048828125,22799.0,yahoo
ADANIPORTS,5m,2026-09-22T10:30:00+05:30,1800.9000244140625,1801.0999755859375,1797.199951171875,1798.699951171875,8061.0,yahoo
ADANIPORTS,5m,2026-09-22T10:35:00+05:30,1798.699951171875,1798.699951171875,1796.699951171875,1797.5,3937.0,yahoo
ADANIPORTS,5m,2026-09-22T10:40:00+05:30,1797.5,1799.800048828125,1795.0999755859375,1799.300048828125,11256.0,yahoo
ADANIPORTS,5m,2026-09-22T10:45:00+05:30,1799.0,1799.0,1795.699951171875,1797.0999755859375,5985.0,yahoo
ADANIPORTS,5m,2026-09-22T10:50:00+05:30,1797.300048828125,1797.800048828125,1795.300048828125,1797.0,5421.0,yahoo
ADANIPORTS,5m,2026-09-22T10:55:00+05:30,1797.800048828125,1798.0999755859375,1796.0,1796.9000244140625,4485.0,yahoo
ADANIPORTS,5m,2026-09-22T11:00:00+05:30,1796.9000244140625,1797.9000244140625,1795.300048828125,1795.300048828125,3707.0,yahoo
ADANIPORTS,5m,2026-09-22T11:05:00+05:30,1795.300048828125,1795.9000244140625,1795.0,1795.699951171875,3687.0,yahoo
ADANIPORTS,5m,2026-09-22T11:10:00+05:30,1795.800048828125,1797.0,1795.699951171875,1796.0,6266.0,yahoo
ADANIPORTS,5m,2026-09-22T11:15:00+05:30,1796.0,1796.4000244140625,1795.0,1795.0,3570.0,yahoo
ADANIPORTS,5m,2026-09-22T11:20:00+05:30,1795.0,1796.699951171875,1794.5,1796.0,5351.0,yahoo
ADANIPORTS,5m,2026-09-22T11:25:00+05:30,1796.0,1796.9000244140625,1794.0999755859375,1794.5,8550.0,yahoo
ADANIPORTS,5m,2026-09-22T11:30:00+05:30,1794.699951171875,1794.699951171875,1792.800048828125,1793.0999755859375,5509.0,yahoo
ADANIPORTS,5m,2026-09-22T11:35:00+05:30,1793.0999755859375,1793.5,1792.0,1792.0,4618.0,yahoo
ADANIPORTS,5m,2026-09-22T11:40:00+05:30,1792.300048828125,1794.800048828125,1792.0999755859375,1793.9000244140625,6999.0,yahoo
ADANIPORTS,5m,2026-09-22T11:45:00+05:30,1793.699951171875,1793.699951171875,1791.5999755859375,1792.800048828125,6281.0,yahoo
ADANIPORTS,5m,2026-09-22T11:50:00+05:30,1792.5999755859375,1792.5999755859375,1789.5999755859375,1790.4000244140625,11950.0,yahoo
ADANIPORTS,5m,2026-09-22T11:55:00+05:30,1790.4000244140625,1793.0,1789.0,1792.699951171875,7939.0,yahoo
ADANIPORTS,5m,2026-09-22T12:00:00+05:30,1792.699951171875,1793.699951171875,1792.5999755859375,1792.699951171875,4086.0,yahoo
ADANIPORTS,5m,2026-09-22T12:05:00+05:30,1792.699951171875,1794.5999755859375,1792.5999755859375,1794.300048828125,7950.0,yahoo
ADANIPORTS,5m,2026-09-22T12:10:00+05:30,1794.800048828125,1796.5999755859375,1794.699951171875,1795.699951171875,8267.0,yahoo
ADANIPORTS,5m,2026-09-22T12:15:00+05:30,1795.699951171875,1796.0,1794.4000244140625,1795.9000244140625,3011.0,yahoo
ADANIPORTS,5m,2026-09-22T12:20:00+05:30,1795.9000244140625,1796.300048828125,1795.5,1795.699951171875,2216.0,yahoo
ADANIPORTS,5m,2026-09-22T12:25:00+05:30,1795.4000244140625,1796.300048828125,1794.0,1795.0,5840.0,yahoo
ADANIPORTS,5m,2026-09-22T12:30:00+05:30,1794.5,1794.5,1793.0999755859375,1794.0,2116.0,yahoo
ADANIPORTS,5m,2026-09-22T12:35:00+05:30,1793.300048828125,1795.699951171875,1792.9000244140625,1795.0999755859375,4850.0,yahoo
ADANIPORTS,5m,2026-09-22T12:40:00+05:30,1795.9000244140625,1796.0,1793.5999755859375,1794.5,5220.0,yahoo
ADANIPORTS,5m,2026-09-22T12:45:00+05:30,1794.4000244140625,1795.4000244140625,1793.9000244140625,1794.4000244140625,2289.0,yahoo
ADANIPORTS,5m,2026-09-22T12:50:00+05:30,1794.4000244140625,1794.5999755859375,1792.9000244140625,1793.800048828125,4284.0,yahoo
ADANIPORTS,5m,2026-09-22T12:55:00+05:30,1793.699951171875,1794.5999755859375,1791.9000244140625,1792.699951171875,4366.0,yahoo
ADANIPORTS,5m,2026-09-22T13:00:00+05:30,1792.699951171875,1793.9000244140625,1791.0,1791.4000244140625,5139.0,yahoo
ADANIPORTS,5m,2026-09-22T13:05:00+05:30,1791.0999755859375,1793.199951171875,1790.9000244140625,1792.699951171875,6001.0,yahoo
ADANIPORTS,5m,2026-09-22T13:10:00+05:30,1792.4000244140625,1793.5,1791.699951171875,1792.5,2728.0,yahoo
ADANIPORTS,5m,2026-09-22T13:15:00+05:30,1792.5,1793.5,1791.199951171875,1791.4000244140625,3694.0,yahoo
ADANIPORTS,5m,2026-09-22T13:20:00+05:30,1791.4000244140625,1792.0,1791.0,1791.9000244140625,2453.0,yahoo
ADANIPORTS,5m,2026-09-22T13:25:00+05:30,1791.9000244140625,1792.0,1791.0,1791.4000244140625,2115.0,yahoo
ADANIPORTS,5m,2026-09-22T13:30:00+05:30,1791.300048828125,1791.800048828125,1790.5999755859375,1791.0,2857.0,yahoo
ADANIPORTS,5m,2026-09-22T13:35:00+05:30,1791.199951171875,1792.0,1791.0999755859375,1791.699951171875,2623.0,yahoo
ADANIPORTS,5m,2026-09-22T13:40:00+05:30,1791.699951171875,1792.5,1791.300048828125,1791.5,4295.0,yahoo
ADANIPORTS,5m,2026-09-22T13:45:00+05:30,1791.300048828125,1791.300048828125,1787.5,1788.5999755859375,7786.0,yahoo
ADANIPORTS,5m,2026-09-22T13:50:00+05:30,1789.0999755859375,1789.699951171875,1786.5999755859375,1788.800048828125,14244.0,yahoo
ADANIPORTS,5m,2026-09-22T13:55:00+05:30,1788.5,1789.5,1787.800048828125,1789.300048828125,7293.0,yahoo
ADANIPORTS,5m,2026-09-22T14:00:00+05:30,1788.5,1789.5999755859375,1786.300048828125,1789.5999755859375,9157.0,yahoo
ADANIPORTS,5m,2026-09-22T14:05:00+05:30,1789.300048828125,1789.699951171875,1787.0,1788.5,3733.0,yahoo
ADANIPORTS,5m,2026-09-22T14:10:00+05:30,1789.0,1794.0,1788.0,1794.0,4178.0,yahoo
ADANIPORTS,5m,2026-09-22T14:15:00+05:30,1795.800048828125,1796.699951171875,1792.300048828125,1793.0,17168.0,yahoo
ADANIPORTS,5m,2026-09-22T14:20:00+05:30,1793.5999755859375,1796.300048828125,1793.0999755859375,1794.300048828125,9817.0,yahoo
ADANIPORTS,5m,2026-09-22T14:25:00+05:30,1792.699951171875,1795.9000244140625,1792.699951171875,1794.0,4319.0,yahoo
ADANIPORTS,5m,2026-09-22T14:30:00+05:30,1793.9000244140625,1796.0,1793.699951171875,1795.5999755859375,8358.0,yahoo
ADANIPORTS,5m,2026-09-22T14:35:00+05:30,1795.0999755859375,1796.5999755859375,1794.699951171875,1795.0,7780.0,yahoo
ADANIPORTS,5m,2026-09-22T14:40:00+05:30,1795.0999755859375,1795.5,1792.300048828125,1794.300048828125,4648.0,yahoo
ADANIPORTS,5m,2026-09-22T14:45:00+05:30,1794.199951171875,1794.9000244140625,1793.5999755859375,1794.699951171875,5396.0,yahoo
ADANIPORTS,5m,2026-09-22T14:50:00+05:30,1794.0999755859375,1795.5999755859375,1793.199951171875,1793.699951171875,27485.0,yahoo
ADANIPORTS,5m,2026-09-22T14:55:00+05:30,1793.4000244140625,1794.199951171875,1791.0,1791.5999755859375,14993.0,yahoo
ADANIPORTS,5m,2026-09-22T15:00:00+05:30,1791.699951171875,1791.9000244140625,1788.5999755859375,1790.300048828125,15357.0,yahoo
ADANIPORTS,5m,2026-09-22T15:05:00+05:30,1789.5999755859375,1791.5,1789.5999755859375,1790.5,26267.0,yahoo
ADANIPORTS,5m,2026-09-22T15:10:00+05:30,1790.199951171875,1793.4000244140625,1787.800048828125,1787.800048828125,40631.0,yahoo
ADANIPORTS,5m,2026-09-22T15:15:00+05:30,1790.0,1795.0,1790.0,1795.0,24310.0,yahoo
APOLLOHOSP,5m,2026-09-22T09:15:00+05:30,8964.0,8972.5,8942.5,8950.0,0.0,yahoo
APOLLOHOSP,5m,2026-09-22T09:20:00+05:30,8947.0,8948.0,8931.5,8932.5,3044.0,yahoo
APOLLOHOSP,5m,2026-09-22T09:25:00+05:30,8928.0,8930.0,8923.5,8925.5,2240.0,yahoo
APOLLOHOSP,5m,2026-09-22T09:30:00+05:30,8923.5,8931.0,8915.5,8929.5,1603.0,yahoo
APOLLOHOSP,5m,2026-09-22T09:35:00+05:30,8927.0,8927.0,8904.5,8905.0,2776.0,yahoo
APOLLOHOSP,5m,2026-09-22T09:40:00+05:30,8905.5,8913.0,8905.0,8909.0,1896.0,yahoo
APOLLOHOSP,5m,2026-09-22T09:45:00+05:30,8909.0,8914.0,8906.0,8906.0,1687.0,yahoo
APOLLOHOSP,5m,2026-09-22T09:50:00+05:30,8906.0,8915.0,8901.5,8914.0,1198.0,yahoo
APOLLOHOSP,5m,2026-09-22T09:55:00+05:30,8914.0,8916.5,8910.5,8913.5,1340.0,yahoo
APOLLOHOSP,5m,2026-09-22T10:00:00+05:30,8913.5,8937.5,8913.5,8931.0,3024.0,yahoo
APOLLOHOSP,5m,2026-09-22T10:05:00+05:30,8931.0,8937.5,8928.0,8933.5,2280.0,yahoo
APOLLOHOSP,5m,2026-09-22T10:10:00+05:30,8931.5,8939.5,8931.5,8936.5,3205.0,yahoo
APOLLOHOSP,5m,2026-09-22T10:15:00+05:30,8936.5,8936.5,8935.5,8936.5,850.0,yahoo
APOLLOHOSP,5m,2026-09-22T10:20:00+05:30,8936.5,8937.0,8927.5,8928.0,2289.0,yahoo
APOLLOHOSP,5m,2026-09-22T10:25:00+05:30,8928.5,8929.0,8919.5,8919.5,2836.0,yahoo
APOLLOHOSP,5m,2026-09-22T10:30:00+05:30,8917.0,8919.5,8911.0,8918.0,1603.0,yahoo
APOLLOHOSP,5m,2026-09-22T10:35:00+05:30,8914.5,8921.5,8912.5,8913.5,2159.0,yahoo
APOLLOHOSP,5m,2026-09-22T10:40:00+05:30,8913.5,8916.0,8905.5,8913.0,1768.0,yahoo
APOLLOHOSP,5m,2026-09-22T10:45:00+05:30,8912.0,8921.0,8903.0,8903.0,2950.0,yahoo
APOLLOHOSP,5m,2026-09-22T10:50:00+05:30,8893.0,8902.0,8884.0,8902.0,1948.0,yahoo
APOLLOHOSP,5m,2026-09-22T10:55:00+05:30,8902.0,8908.0,8894.5,8908.0,1953.0,yahoo
APOLLOHOSP,5m,2026-09-22T11:00:00+05:30,8904.0,8915.0,8903.0,8914.0,1088.0,yahoo
APOLLOHOSP,5m,2026-09-22T11:05:00+05:30,8914.0,8921.5,8912.0,8920.0,2779.0,yahoo
APOLLOHOSP,5m,2026-09-22T11:10:00+05:30,8917.5,8920.0,8910.0,8914.5,1256.0,yahoo
APOLLOHOSP,5m,2026-09-22T11:15:00+05:30,8904.5,8910.0,8901.0,8902.0,4005.0,yahoo
APOLLOHOSP,5m,2026-09-22T11:20:00+05:30,8903.5,8910.0,8903.5,8910.0,916.0,yahoo
APOLLOHOSP,5m,2026-09-22T11:25:00+05:30,8909.5,8911.0,8906.0,8906.0,2300.0,yahoo
APOLLOHOSP,5m,2026-09-22T11:30:00+05:30,8907.5,8919.5,8906.0,8919.0,1507.0,yahoo
APOLLOHOSP,5m,2026-09-22T11:35:00+05:30,8916.0,8919.0,8906.0,8910.0,2697.0,yahoo
APOLLOHOSP,5m,2026-09-22T11:40:00+05:30,8910.5,8912.5,8902.0,8910.0,1679.0,yahoo
APOLLOHOSP,5m,2026-09-22T11:45:00+05:30,8910.0,8910.0,8895.5,8898.5,3673.0,yahoo
APOLLOHOSP,5m,2026-09-22T11:50:00+05:30,8897.0,8900.0,8890.5,8890.5,1986.0,yahoo
APOLLOHOSP,5m,2026-09-22T11:55:00+05:30,8890.5,8903.5,8890.5,8900.0,1438.0,yahoo
APOLLOHOSP,5m,2026-09-22T12:00:00+05:30,8900.0,8900.5,8882.0,8890.0,2193.0,yahoo
APOLLOHOSP,5m,2026-09-22T12:05:00+05:30,8887.0,8894.0,8887.0,8894.0,3505.0,yahoo
APOLLOHOSP,5m,2026-09-22T12:10:00+05:30,8894.0,8905.0,8893.5,8905.0,1363.0,yahoo
APOLLOHOSP,5m,2026-09-22T12:15:00+05:30,8905.0,8906.5,8898.0,8900.5,1975.0,yahoo
APOLLOHOSP,5m,2026-09-22T12:20:00+05:30,8904.5,8904.5,8896.5,8897.0,870.0,yahoo
APOLLOHOSP,5m,2026-09-22T12:25:00+05:30,8896.5,8903.5,8895.0,8897.5,2868.0,yahoo
APOLLOHOSP,5m,2026-09-22T12:30:00+05:30,8896.0,8910.0,8896.0,8905.0,8082.0,yahoo
APOLLOHOSP,5m,2026-09-22T12:35:00+05:30,8903.0,8912.0,8903.0,8912.0,2367.0,yahoo
APOLLOHOSP,5m,2026-09-22T12:40:00+05:30,8911.0,8918.5,8910.5,8917.5,4082.0,yahoo
APOLLOHOSP,5m,2026-09-22T12:45:00+05:30,8918.0,8924.0,8905.5,8908.0,4221.0,yahoo
APOLLOHOSP,5m,2026-09-22T12:50:00+05:30,8907.0,8907.5,8901.5,8906.5,1504.0,yahoo
APOLLOHOSP,5m,2026-09-22T12:55:00+05:30,8906.0,8922.5,8905.5,8921.5,6506.0,yahoo
APOLLOHOSP,5m,2026-09-22T13:00:00+05:30,8921.0,8928.5,8919.0,8922.5,11862.0,yahoo
APOLLOHOSP,5m,2026-09-22T13:05:00+05:30,8922.5,8931.0,8918.0,8930.5,15133.0,yahoo
APOLLOHOSP,5m,2026-09-22T13:10:00+05:30,8930.0,8933.0,8925.0,8926.5,6149.0,yahoo
APOLLOHOSP,5m,2026-09-22T13:15:00+05:30,8925.0,8932.5,8923.5,8930.5,4481.0,yahoo
APOLLOHOSP,5m,2026-09-22T13:20:00+05:30,8930.0,8930.5,8917.5,8924.0,15878.0,yahoo
APOLLOHOSP,5m,2026-09-22T13:25:00+05:30,8924.0,8924.5,8917.5,8921.0,12759.0,yahoo
APOLLOHOSP,5m,2026-09-22T13:30:00+05:30,8921.5,8924.5,8909.0,8916.0,3706.0,yahoo
APOLLOHOSP,5m,2026-09-22T13:35:00+05:30,8914.5,8920.0,8909.0,8909.0,13559.0,yahoo
APOLLOHOSP,5m,2026-09-22T13:40:00+05:30,8903.0,8905.5,8892.0,8900.5,4818.0,yahoo
APOLLOHOSP,5m,2026-09-22T13:45:00+05:30,8900.0,8900.0,8885.5,8885.5,3272.0,yahoo
APOLLOHOSP,5m,2026-09-22T13:50:00+05:30,8885.5,8902.5,8880.0,8901.5,15899.0,yahoo
APOLLOHOSP,5m,2026-09-22T13:55:00+05:30,8901.5,8914.0,8896.0,8898.0,10006.0,yahoo
APOLLOHOSP,5m,2026-09-22T14:00:00+05:30,8896.0,8904.5,8888.5,8904.5,3073.0,yahoo
APOLLOHOSP,5m,2026-09-22T14:05:00+05:30,8902.5,8913.5,8897.5,8912.5,3287.0,yahoo
APOLLOHOSP,5m,2026-09-22T14:10:00+05:30,8912.5,8914.0,8902.5,8914.0,11954.0,yahoo
APOLLOHOSP,5m,2026-09-22T14:15:00+05:30,8919.0,8920.0,8910.0,8920.0,3910.0,yahoo
APOLLOHOSP,5m,2026-09-22T14:20:00+05:30,8920.0,8926.0,8914.5,8923.5,11657.0,yahoo
APOLLOHOSP,5m,2026-09-22T14:25:00+05:30,8925.0,8930.5,8910.5,8911.5,13527.0,yahoo
APOLLOHOSP,5m,2026-09-22T14:30:00+05:30,8911.0,8915.0,8897.0,8900.0,2598.0,yahoo
APOLLOHOSP,5m,2026-09-22T14:35:00+05:30,8900.0,8907.0,8895.0,8902.0,2332.0,yahoo
APOLLOHOSP,5m,2026-09-22T14:40:00+05:30,8902.0,8904.0,8892.0,8896.5,2188.0,yahoo
APOLLOHOSP,5m,2026-09-22T14:45:00+05:30,8896.0,8899.5,8888.5,8896.0,2330.0,yahoo
APOLLOHOSP,5m,2026-09-22T14:50:00+05:30,8893.0,8895.0,8884.0,8889.5,5410.0,yahoo
APOLLOHOSP,5m,2026-09-22T14:55:00+05:30,8891.5,8894.0,8878.5,8879.0,7796.0,yahoo
APOLLOHOSP,5m,2026-09-22T15:00:00+05:30,8878.5,8892.5,8872.0,8872.0,11939.0,yahoo
APOLLOHOSP,5m,2026-09-22T15:05:00+05:30,8871.5,8876.0,8861.0,8865.5,12564.0,yahoo
APOLLOHOSP,5m,2026-09-22T15:10:00+05:30,8865.5,8868.5,8828.0,8828.0,12431.0,yahoo
APOLLOHOSP,5m,2026-09-22T15:15:00+05:30,8822.5,8835.5,8822.5,8835.5,8049.0,yahoo
ASIANPAINT,5m,2026-09-22T09:15:00+05:30,2463.10009765625,2468.199951171875,2453.699951171875,2456.89990234375,0.0,yahoo
ASIANPAINT,5m,2026-09-22T09:20:00+05:30,2457.199951171875,2460.0,2455.10009765625,2460.0,6381.0,yahoo
ASIANPAINT,5m,2026-09-22T09:25:00+05:30,2460.0,2460.39990234375,2458.0,2458.300048828125,2862.0,yahoo
ASIANPAINT,5m,2026-09-22T09:30:00+05:30,2459.300048828125,2460.39990234375,2455.89990234375,2458.39990234375,8518.0,yahoo
ASIANPAINT,5m,2026-09-22T09:35:00+05:30,2458.199951171875,2458.60009765625,2456.60009765625,2457.60009765625,1629.0,yahoo
ASIANPAINT,5m,2026-09-22T09:40:00+05:30,2457.89990234375,2464.0,2456.199951171875,2461.0,5407.0,yahoo
ASIANPAINT,5m,2026-09-22T09:45:00+05:30,2461.699951171875,2462.300048828125,2459.89990234375,2460.0,2334.0,yahoo
ASIANPAINT,5m,2026-09-22T09:50:00+05:30,2459.89990234375,2460.39990234375,2457.199951171875,2458.39990234375,1690.0,yahoo
ASIANPAINT,5m,2026-09-22T09:55:00+05:30,2458.300048828125,2461.60009765625,2456.89990234375,2461.199951171875,4580.0,yahoo
ASIANPAINT,5m,2026-09-22T10:00:00+05:30,2461.60009765625,2463.5,2460.39990234375,2462.60009765625,3369.0,yahoo
ASIANPAINT,5m,2026-09-22T10:05:00+05:30,2462.60009765625,2463.699951171875,2462.5,2463.300048828125,2132.0,yahoo
ASIANPAINT,5m,2026-09-22T10:10:00+05:30,2463.300048828125,2465.39990234375,2462.60009765625,2463.800048828125,3729.0,yahoo
ASIANPAINT,5m,2026-09-22T10:15:00+05:30,2464.199951171875,2469.800048828125,2461.800048828125,2469.0,11375.0,yahoo
ASIANPAINT,5m,2026-09-22T10:20:00+05:30,2469.0,2469.10009765625,2461.800048828125,2463.10009765625,8701.0,yahoo
ASIANPAINT,5m,2026-09-22T10:25:00+05:30,2463.89990234375,2464.10009765625,2458.0,2459.199951171875,3042.0,yahoo
ASIANPAINT,5m,2026-09-22T10:30:00+05:30,2459.199951171875,2459.39990234375,2455.0,2456.300048828125,6096.0,yahoo
ASIANPAINT,5m,2026-09-22T10:35:00+05:30,2455.89990234375,2456.300048828125,2453.5,2454.800048828125,4265.0,yahoo
ASIANPAINT,5m,2026-09-22T10:40:00+05:30,2454.699951171875,2455.5,2449.0,2449.5,6077.0,yahoo
ASIANPAINT,5m,2026-09-22T10:45:00+05:30,2450.199951171875,2452.39990234375,2448.5,2451.60009765625,3267.0,yahoo
ASIANPAINT,5m,2026-09-22T10:50:00+05:30,2451.60009765625,2454.800048828125,2451.0,2454.800048828125,4888.0,yahoo
ASIANPAINT,5m,2026-09-22T10:55:00+05:30,2454.800048828125,2459.0,2454.800048828125,2458.60009765625,4308.0,yahoo
ASIANPAINT,5m,2026-09-22T11:00:00+05:30,2457.199951171875,2457.800048828125,2453.60009765625,2455.5,3727.0,yahoo
ASIANPAINT,5m,2026-09-22T11:05:00+05:30,2455.199951171875,2457.39990234375,2454.0,2457.10009765625,4518.0,yahoo
ASIANPAINT,5m,2026-09-22T11:10:00+05:30,2456.10009765625,2459.199951171875,2456.10009765625,2459.199951171875,2427.0,yahoo
ASIANPAINT,5m,2026-09-22T11:15:00+05:30,2459.199951171875,2460.5,2457.89990234375,2459.10009765625,2337.0,yahoo
ASIANPAINT,5m,2026-09-22T11:20:00+05:30,2458.0,2459.199951171875,2458.0,2459.10009765625,1843.0,yahoo
ASIANPAINT,5m,2026-09-22T11:25:00+05:30,2458.699951171875,2459.10009765625,2452.800048828125,2453.0,14430.0,yahoo
ASIANPAINT,5m,2026-09-22T11:30:00+05:30,2453.0,2453.0,2448.60009765625,2449.699951171875,9022.0,yahoo
ASIANPAINT,5m,2026-09-22T11:35:00+05:30,2448.60009765625,2451.300048828125,2448.60009765625,2450.60009765625,12250.0,yahoo
ASIANPAINT,5m,2026-09-22T11:40:00+05:30,2450.60009765625,2450.800048828125,2448.0,2450.39990234375,3108.0,yahoo
ASIANPAINT,5m,2026-09-22T11:45:00+05:30,2450.60009765625,2451.0,2449.10009765625,2450.39990234375,1450.0,yahoo
ASIANPAINT,5m,2026-09-22T11:50:00+05:30,2450.300048828125,2450.5,2449.300048828125,2450.300048828125,1846.0,yahoo
ASIANPAINT,5m,2026-09-22T11:55:00+05:30,2450.199951171875,2450.300048828125,2448.5,2449.800048828125,2641.0,yahoo
ASIANPAINT,5m,2026-09-22T12:00:00+05:30,2449.10009765625,2452.60009765625,2449.10009765625,2452.0,4112.0,yahoo
ASIANPAINT,5m,2026-09-22T12:05:00+05:30,2451.10009765625,2451.5,2450.0,2450.10009765625,1993.0,yahoo
ASIANPAINT,5m,2026-09-22T12:10:00+05:30,2450.10009765625,2452.0,2447.10009765625,2447.199951171875,5299.0,yahoo
ASIANPAINT,5m,2026-09-22T12:15:00+05:30,2448.0,2448.89990234375,2446.89990234375,2448.5,2183.0,yahoo
ASIANPAINT,5m,2026-09-22T12:20:00+05:30,2448.60009765625,2448.800048828125,2446.89990234375,2447.800048828125,2161.0,yahoo
ASIANPAINT,5m,2026-09-22T12:25:00+05:30,2447.800048828125,2447.800048828125,2445.699951171875,2446.5,3560.0,yahoo
ASIANPAINT,5m,2026-09-22T12:30:00+05:30,2446.300048828125,2446.699951171875,2444.699951171875,2446.39990234375,4077.0,yahoo
ASIANPAINT,5m,2026-09-22T12:35:00+05:30,2445.300048828125,2446.5,2445.300048828125,2446.0,1167.0,yahoo
ASIANPAINT,5m,2026-09-22T12:40:00+05:30,2446.0,2448.10009765625,2445.39990234375,2446.699951171875,2691.0,yahoo
ASIANPAINT,5m,2026-09-22T12:45:00+05:30,2446.699951171875,2448.39990234375,2444.699951171875,2446.699951171875,3785.0,yahoo
ASIANPAINT,5m,2026-09-22T12:50:00+05:30,2445.699951171875,2445.89990234375,2444.199951171875,2444.89990234375,1449.0,yahoo
ASIANPAINT,5m,2026-09-22T12:55:00+05:30,2444.89990234375,2444.89990234375,2444.0,2444.60009765625,2601.0,yahoo
ASIANPAINT,5m,2026-09-22T13:00:00+05:30,2444.5,2444.89990234375,2442.89990234375,2444.89990234375,4155.0,yahoo
ASIANPAINT,5m,2026-09-22T13:05:00+05:30,2445.0,2447.300048828125,2445.0,2447.300048828125,2363.0,yahoo
ASIANPAINT,5m,2026-09-22T13:10:00+05:30,2447.10009765625,2447.300048828125,2447.10009765625,2447.10009765625,1092.0,yahoo
ASIANPAINT,5m,2026-09-22T13:15:00+05:30,2447.10009765625,2447.39990234375,2445.10009765625,2445.5,1623.0,yahoo
ASIANPAINT,5m,2026-09-22T13:20:00+05:30,2445.699951171875,2445.699951171875,2442.800048828125,2445.5,3969.0,yahoo
ASIANPAINT,5m,2026-09-22T13:25:00+05:30,2445.800048828125,2446.5,2445.0,2445.89990234375,2282.0,yahoo
ASIANPAINT,5m,2026-09-22T13:30:00+05:30,2445.199951171875,2447.300048828125,2445.199951171875,2447.0,3488.0,yahoo
ASIANPAINT,5m,2026-09-22T13:35:00+05:30,2447.199951171875,2447.199951171875,2445.39990234375,2446.0,2700.0,yahoo
ASIANPAINT,5m,2026-09-22T13:40:00+05:30,2445.800048828125,2447.5,2445.199951171875,2446.10009765625,3575.0,yahoo
ASIANPAINT,5m,2026-09-22T13:45:00+05:30,2446.0,2446.5,2444.60009765625,2444.60009765625,2433.0,yahoo
ASIANPAINT,5m,2026-09-22T13:50:00+05:30,2444.60009765625,2444.800048828125,2440.5,2440.60009765625,4616.0,yahoo
ASIANPAINT,5m,2026-09-22T13:55:00+05:30,2440.60009765625,2441.800048828125,2439.0,2439.300048828125,7109.0,yahoo
ASIANPAINT,5m,2026-09-22T14:00:00+05:30,2439.300048828125,2439.60009765625,2435.89990234375,2438.60009765625,5385.0,yahoo
ASIANPAINT,5m,2026-09-22T14:05:00+05:30,2439.5,2441.0,2438.39990234375,2441.0,4705.0,yahoo
ASIANPAINT,5m,2026-09-22T14:10:00+05:30,2441.10009765625,2449.199951171875,2440.199951171875,2449.199951171875,3383.0,yahoo
ASIANPAINT,5m,2026-09-22T14:15:00+05:30,2451.10009765625,2453.39990234375,2447.0,2448.60009765625,4968.0,yahoo
ASIANPAINT,5m,2026-09-22T14:20:00+05:30,2448.699951171875,2451.60009765625,2447.60009765625,2447.60009765625,8387.0,yahoo
ASIANPAINT,5m,2026-09-22T14:25:00+05:30,2447.60009765625,2455.0,2447.60009765625,2454.0,9825.0,yahoo
ASIANPAINT,5m,2026-09-22T14:30:00+05:30,2454.199951171875,2455.699951171875,2449.5,2450.300048828125,7605.0,yahoo
ASIANPAINT,5m,2026-09-22T14:35:00+05:30,2449.89990234375,2451.0,2448.0,2448.5,3888.0,yahoo
ASIANPAINT,5m,2026-09-22T14:40:00+05:30,2448.5,2449.0,2445.39990234375,2446.699951171875,8598.0,yahoo
ASIANPAINT,5m,2026-09-22T14:45:00+05:30,2446.699951171875,2448.39990234375,2445.89990234375,2447.0,5370.0,yahoo
ASIANPAINT,5m,2026-09-22T14:50:00+05:30,2446.699951171875,2448.0,2445.10009765625,2446.5,6339.0,yahoo
ASIANPAINT,5m,2026-09-22T14:55:00+05:30,2447.0,2448.60009765625,2445.5,2446.0,10231.0,yahoo
ASIANPAINT,5m,2026-09-22T15:00:00+05:30,2446.0,2448.5,2446.0,2448.199951171875,16747.0,yahoo
ASIANPAINT,5m,2026-09-22T15:05:00+05:30,2448.10009765625,2450.0,2447.89990234375,2449.10009765625,17972.0,yahoo
ASIANPAINT,5m,2026-09-22T15:10:00+05:30,2448.800048828125,2453.300048828125,2447.0,2447.0,26025.0,yahoo
ASIANPAINT,5m,2026-09-22T15:15:00+05:30,2447.0,2448.5,2447.0,2448.5,18032.0,yahoo
ATHERENERG,5m,2026-09-22T09:15:00+05:30,1617.800048828125,1617.800048828125,1587.0,1601.199951171875,0.0,yahoo
ATHERENERG,5m,2026-09-22T09:20:00+05:30,1600.4000244140625,1606.4000244140625,1598.0,1605.4000244140625,105783.0,yahoo
ATHERENERG,5m,2026-09-22T09:25:00+05:30,1605.9000244140625,1607.300048828125,1600.9000244140625,1607.0,52315.0,yahoo
ATHERENERG,5m,2026-09-22T09:30:00+05:30,1607.0,1607.199951171875,1603.0,1603.800048828125,27538.0,yahoo
ATHERENERG,5m,2026-09-22T09:35:00+05:30,1603.0999755859375,1603.5999755859375,1601.800048828125,1603.5999755859375,20982.0,yahoo
ATHERENERG,5m,2026-09-22T09:40:00+05:30,1603.0,1604.0,1602.5,1603.4000244140625,20972.0,yahoo
ATHERENERG,5m,2026-09-22T09:45:00+05:30,1603.4000244140625,1606.300048828125,1603.4000244140625,1603.5,30435.0,yahoo
ATHERENERG,5m,2026-09-22T09:50:00+05:30,1603.300048828125,1603.5,1600.0999755859375,1601.0999755859375,36013.0,yahoo
ATHERENERG,5m,2026-09-22T09:55:00+05:30,1601.0999755859375,1601.800048828125,1596.0,1596.4000244140625,28963.0,yahoo
ATHERENERG,5m,2026-09-22T10:00:00+05:30,1596.5999755859375,1598.199951171875,1596.300048828125,1598.199951171875,16461.0,yahoo
ATHERENERG,5m,2026-09-22T10:05:00+05:30,1599.0999755859375,1600.0999755859375,1596.5999755859375,1596.5999755859375,26160.0,yahoo
ATHERENERG,5m,2026-09-22T10:10:00+05:30,1596.800048828125,1596.800048828125,1587.5,1589.800048828125,89017.0,yahoo
ATHERENERG,5m,2026-09-22T10:15:00+05:30,1588.5999755859375,1588.5999755859375,1582.5999755859375,1584.800048828125,72542.0,yahoo
ATHERENERG,5m,2026-09-22T10:20:00+05:30,1585.199951171875,1585.199951171875,1578.699951171875,1580.5,83083.0,yahoo
ATHERENERG,5m,2026-09-22T10:25:00+05:30,1581.5999755859375,1588.0,1581.199951171875,1583.199951171875,48070.0,yahoo
ATHERENERG,5m,2026-09-22T10:30:00+05:30,1583.0,1584.800048828125,1580.0,1584.0,34337.0,yahoo
ATHERENERG,5m,2026-09-22T10:35:00+05:30,1583.5,1584.699951171875,1582.4000244140625,1583.199951171875,17151.0,yahoo
ATHERENERG,5m,2026-09-22T10:40:00+05:30,1583.5999755859375,1583.5999755859375,1576.0999755859375,1577.800048828125,60630.0,yahoo
ATHERENERG,5m,2026-09-22T10:45:00+05:30,1577.9000244140625,1578.0,1570.5,1573.0999755859375,70084.0,yahoo
ATHERENERG,5m,2026-09-22T10:50:00+05:30,1572.5999755859375,1574.699951171875,1572.0,1572.0,19650.0,yahoo
ATHERENERG,5m,2026-09-22T10:55:00+05:30,1571.5,1572.800048828125,1571.5,1572.800048828125,24214.0,yahoo
ATHERENERG,5m,2026-09-22T11:00:00+05:30,1573.0,1573.0,1568.5999755859375,1570.9000244140625,56645.0,yahoo
ATHERENERG,5m,2026-09-22T11:05:00+05:30,1570.0,1572.9000244140625,1570.0,1571.199951171875,19580.0,yahoo
ATHERENERG,5m,2026-09-22T11:10:00+05:30,1571.4000244140625,1574.0,1570.199951171875,1571.300048828125,27253.0,yahoo
ATHERENERG,5m,2026-09-22T11:15:00+05:30,1571.9000244140625,1573.5,1570.4000244140625,1570.4000244140625,25963.0,yahoo
ATHERENERG,5m,2026-09-22T11:20:00+05:30,1570.5,1573.699951171875,1566.199951171875,1569.0,59399.0,yahoo
ATHERENERG,5m,2026-09-22T11:25:00+05:30,1569.0,1569.300048828125,1565.0,1565.4000244140625,41553.0,yahoo
ATHERENERG,5m,2026-09-22T11:30:00+05:30,1565.800048828125,1566.9000244140625,1563.5,1566.0,51226.0,yahoo
ATHERENERG,5m,2026-09-22T11:35:00+05:30,1566.0,1568.9000244140625,1564.0,1568.0,43796.0,yahoo
ATHERENERG,5m,2026-09-22T11:40:00+05:30,1568.0999755859375,1569.0,1564.0999755859375,1569.0,30865.0,yahoo
ATHERENERG,5m,2026-09-22T11:45:00+05:30,1568.699951171875,1569.5,1565.4000244140625,1565.5999755859375,85933.0,yahoo
ATHERENERG,5m,2026-09-22T11:50:00+05:30,1566.199951171875,1566.4000244140625,1564.5,1565.0999755859375,21783.0,yahoo
ATHERENERG,5m,2026-09-22T11:55:00+05:30,1565.0999755859375,1567.0,1565.0,1566.0,16402.0,yahoo
ATHERENERG,5m,2026-09-22T12:00:00+05:30,1566.0,1566.4000244140625,1565.5999755859375,1566.199951171875,11075.0,yahoo
ATHERENERG,5m,2026-09-22T12:05:00+05:30,1566.4000244140625,1570.199951171875,1566.0999755859375,1568.300048828125,35316.0,yahoo
ATHERENERG,5m,2026-09-22T12:10:00+05:30,1568.300048828125,1569.5,1562.199951171875,1562.5999755859375,44506.0,yahoo
ATHERENERG,5m,2026-09-22T12:15:00+05:30,1562.199951171875,1565.0999755859375,1561.5,1564.199951171875,23910.0,yahoo
ATHERENERG,5m,2026-09-22T12:20:00+05:30,1563.800048828125,1564.0,1562.0,1562.0,23355.0,yahoo
ATHERENERG,5m,2026-09-22T12:25:00+05:30,1562.4000244140625,1562.4000244140625,1560.0,1560.9000244140625,41459.0,yahoo
ATHERENERG,5m,2026-09-22T12:30:00+05:30,1560.199951171875,1560.5999755859375,1555.699951171875,1556.4000244140625,54072.0,yahoo
ATHERENERG,5m,2026-09-22T12:35:00+05:30,1556.4000244140625,1558.5999755859375,1555.0,1558.0,48844.0,yahoo
ATHERENERG,5m,2026-09-22T12:40:00+05:30,1558.0,1559.300048828125,1558.0,1558.9000244140625,19044.0,yahoo
ATHERENERG,5m,2026-09-22T12:45:00+05:30,1558.5999755859375,1558.699951171875,1557.300048828125,1558.4000244140625,17221.0,yahoo
ATHERENERG,5m,2026-09-22T12:50:00+05:30,1558.300048828125,1558.300048828125,1555.0,1557.199951171875,31902.0,yahoo
ATHERENERG,5m,2026-09-22T12:55:00+05:30,1558.0,1563.699951171875,1556.5,1563.0,32028.0,yahoo
ATHERENERG,5m,2026-09-22T13:00:00+05:30,1562.9000244140625,1563.300048828125,1560.0,1560.4000244140625,31877.0,yahoo
ATHERENERG,5m,2026-09-22T13:05:00+05:30,1560.199951171875,1561.4000244140625,1556.5,1561.4000244140625,60596.0,yahoo
ATHERENERG,5m,2026-09-22T13:10:00+05:30,1561.4000244140625,1562.0999755859375,1556.0,1557.9000244140625,35929.0,yahoo
ATHERENERG,5m,2026-09-22T13:15:00+05:30,1557.9000244140625,1560.0,1557.5,1559.5,14075.0,yahoo
ATHERENERG,5m,2026-09-22T13:20:00+05:30,1559.5,1560.800048828125,1558.0,1559.9000244140625,14785.0,yahoo
ATHERENERG,5m,2026-09-22T13:25:00+05:30,1559.699951171875,1560.0999755859375,1559.0999755859375,1559.9000244140625,12860.0,yahoo
ATHERENERG,5m,2026-09-22T13:30:00+05:30,1559.9000244140625,1564.9000244140625,1559.0,1562.5999755859375,26127.0,yahoo
ATHERENERG,5m,2026-09-22T13:35:00+05:30,1562.199951171875,1563.0999755859375,1561.199951171875,1562.5,15521.0,yahoo
ATHERENERG,5m,2026-09-22T13:40:00+05:30,1562.800048828125,1562.800048828125,1561.0,1561.0,19710.0,yahoo
ATHERENERG,5m,2026-09-22T13:45:00+05:30,1561.0,1561.300048828125,1558.0,1558.199951171875,23548.0,yahoo
ATHERENERG,5m,2026-09-22T13:50:00+05:30,1558.699951171875,1559.0,1556.0999755859375,1556.5999755859375,22279.0,yahoo
ATHERENERG,5m,2026-09-22T13:55:00+05:30,1556.699951171875,1558.0,1553.0999755859375,1553.0999755859375,48978.0,yahoo
ATHERENERG,5m,2026-09-22T14:00:00+05:30,1553.800048828125,1553.800048828125,1551.0,1553.0,35840.0,yahoo
ATHERENERG,5m,2026-09-22T14:05:00+05:30,1553.0,1553.9000244140625,1551.800048828125,1553.0999755859375,20775.0,yahoo
ATHERENERG,5m,2026-09-22T14:10:00+05:30,1553.0,1557.300048828125,1553.0,1557.300048828125,39127.0,yahoo
ATHERENERG,5m,2026-09-22T14:15:00+05:30,1558.5999755859375,1559.0,1555.0,1557.0,24410.0,yahoo
ATHERENERG,5m,2026-09-22T14:20:00+05:30,1557.800048828125,1559.0,1557.0,1557.699951171875,24687.0,yahoo
ATHERENERG,5m,2026-09-22T14:25:00+05:30,1557.699951171875,1560.5999755859375,1557.0,1558.4000244140625,51563.0,yahoo
ATHERENERG,5m,2026-09-22T14:30:00+05:30,1558.199951171875,1558.5,1556.0999755859375,1557.4000244140625,26282.0,yahoo
ATHERENERG,5m,2026-09-22T14:35:00+05:30,1558.0,1559.199951171875,1556.5,1558.800048828125,32053.0,yahoo
ATHERENERG,5m,2026-09-22T14:40:00+05:30,1559.5,1559.5,1555.5,1556.0999755859375,42102.0,yahoo
ATHERENERG,5m,2026-09-22T14:45:00+05:30,1556.300048828125,1558.800048828125,1556.0,1557.699951171875,25845.0,yahoo
ATHERENERG,5m,2026-09-22T14:50:00+05:30,1557.5999755859375,1559.300048828125,1556.4000244140625,1558.800048828125,88364.0,yahoo
ATHERENERG,5m,2026-09-22T14:55:00+05:30,1558.800048828125,1559.9000244140625,1557.800048828125,1558.5,73118.0,yahoo
ATHERENERG,5m,2026-09-22T15:00:00+05:30,1558.4000244140625,1559.0,1550.0,1550.0,103900.0,yahoo
ATHERENERG,5m,2026-09-22T15:05:00+05:30,1550.0,1551.199951171875,1542.9000244140625,1544.0,149343.0,yahoo
ATHERENERG,5m,2026-09-22T15:10:00+05:30,1543.800048828125,1547.199951171875,1539.5,1544.0,196414.0,yahoo
ATHERENERG,5m,2026-09-22T15:15:00+05:30,1543.800048828125,1543.800048828125,1543.800048828125,1543.800048828125,22037.0,yahoo
AXISBANK,5m,2026-09-22T09:15:00+05:30,1244.800048828125,1248.9000244140625,1244.800048828125,1247.0,0.0,yahoo
AXISBANK,5m,2026-09-22T09:20:00+05:30,1247.199951171875,1251.0,1246.4000244140625,1251.0,22837.0,yahoo
AXISBANK,5m,2026-09-22T09:25:00+05:30,1250.9000244140625,1250.9000244140625,1246.699951171875,1248.0999755859375,36617.0,yahoo
AXISBANK,5m,2026-09-22T09:30:00+05:30,1248.0999755859375,1248.5,1247.5,1247.800048828125,20713.0,yahoo
AXISBANK,5m,2026-09-22T09:35:00+05:30,1247.800048828125,1250.199951171875,1247.800048828125,1250.0999755859375,16064.0,yahoo
AXISBANK,5m,2026-09-22T09:40:00+05:30,1250.5,1251.0999755859375,1249.5999755859375,1251.0,23834.0,yahoo
AXISBANK,5m,2026-09-22T09:45:00+05:30,1251.5,1251.5,1249.0,1249.300048828125,16747.0,yahoo
AXISBANK,5m,2026-09-22T09:50:00+05:30,1249.300048828125,1249.800048828125,1246.9000244140625,1247.300048828125,17699.0,yahoo
AXISBANK,5m,2026-09-22T09:55:00+05:30,1247.300048828125,1248.199951171875,1247.0,1248.199951171875,30597.0,yahoo
AXISBANK,5m,2026-09-22T10:00:00+05:30,1248.300048828125,1248.9000244140625,1247.300048828125,1248.5,16295.0,yahoo
AXISBANK,5m,2026-09-22T10:05:00+05:30,1248.5,1252.0,1247.5,1251.9000244140625,51123.0,yahoo
AXISBANK,5m,2026-09-22T10:10:00+05:30,1251.9000244140625,1253.0,1251.300048828125,1252.199951171875,33300.0,yahoo
AXISBANK,5m,2026-09-22T10:15:00+05:30,1252.5,1255.199951171875,1252.199951171875,1253.0,72667.0,yahoo
AXISBANK,5m,2026-09-22T10:20:00+05:30,1253.199951171875,1253.300048828125,1250.699951171875,1251.9000244140625,49133.0,yahoo
AXISBANK,5m,2026-09-22T10:25:00+05:30,1251.5999755859375,1252.4000244140625,1250.699951171875,1251.0,30906.0,yahoo
AXISBANK,5m,2026-09-22T10:30:00+05:30,1251.0,1251.5,1248.4000244140625,1248.4000244140625,48683.0,yahoo
AXISBANK,5m,2026-09-22T10:35:00+05:30,1248.4000244140625,1248.4000244140625,1246.0999755859375,1246.199951171875,36653.0,yahoo
AXISBANK,5m,2026-09-22T10:40:00+05:30,1246.300048828125,1247.199951171875,1244.5,1244.5,32779.0,yahoo
AXISBANK,5m,2026-09-22T10:45:00+05:30,1244.0,1246.0999755859375,1244.0,1245.4000244140625,32608.0,yahoo
AXISBANK,5m,2026-09-22T10:50:00+05:30,1245.0,1245.0,1243.0,1244.0,29317.0,yahoo
AXISBANK,5m,2026-09-22T10:55:00+05:30,1243.9000244140625,1246.0999755859375,1243.9000244140625,1245.4000244140625,53540.0,yahoo
AXISBANK,5m,2026-09-22T11:00:00+05:30,1246.0999755859375,1246.0999755859375,1244.0,1244.0,20166.0,yahoo
AXISBANK,5m,2026-09-22T11:05:00+05:30,1244.0,1244.800048828125,1243.699951171875,1244.199951171875,35185.0,yahoo
AXISBANK,5m,2026-09-22T11:10:00+05:30,1244.199951171875,1244.800048828125,1244.0,1244.800048828125,12970.0,yahoo
AXISBANK,5m,2026-09-22T11:15:00+05:30,1244.800048828125,1245.300048828125,1244.0999755859375,1244.0999755859375,24262.0,yahoo
AXISBANK,5m,2026-09-22T11:20:00+05:30,1244.0999755859375,1245.0,1243.800048828125,1244.800048828125,21077.0,yahoo
AXISBANK,5m,2026-09-22T11:25:00+05:30,1244.800048828125,1245.800048828125,1244.699951171875,1244.699951171875,21325.0,yahoo
AXISBANK,5m,2026-09-22T11:30:00+05:30,1244.699951171875,1244.699951171875,1243.699951171875,1244.0,20713.0,yahoo
AXISBANK,5m,2026-09-22T11:35:00+05:30,1243.699951171875,1244.0999755859375,1242.0999755859375,1242.0999755859375,60855.0,yahoo
AXISBANK,5m,2026-09-22T11:40:00+05:30,1242.300048828125,1243.0999755859375,1241.5999755859375,1241.699951171875,26262.0,yahoo
AXISBANK,5m,2026-09-22T11:45:00+05:30,1241.699951171875,1241.9000244140625,1240.5999755859375,1241.5,58192.0,yahoo
AXISBANK,5m,2026-09-22T11:50:00+05:30,1241.5,1242.300048828125,1241.199951171875,1241.199951171875,12002.0,yahoo
AXISBANK,5m,2026-09-22T11:55:00+05:30,1241.300048828125,1242.800048828125,1241.0,1242.5,21098.0,yahoo
AXISBANK,5m,2026-09-22T12:00:00+05:30,1242.9000244140625,1242.9000244140625,1241.699951171875,1242.4000244140625,12271.0,yahoo
AXISBANK,5m,2026-09-22T12:05:00+05:30,1242.5,1243.0999755859375,1242.0999755859375,1242.699951171875,39089.0,yahoo
AXISBANK,5m,2026-09-22T12:10:00+05:30,1243.0999755859375,1243.0999755859375,1242.0,1242.0,16403.0,yahoo
AXISBANK,5m,2026-09-22T12:15:00+05:30,1242.0,1243.5,1242.0,1243.5,12123.0,yahoo
AXISBANK,5m,2026-09-22T12:20:00+05:30,1243.5,1243.5,1242.5,1242.800048828125,31879.0,yahoo
AXISBANK,5m,2026-09-22T12:25:00+05:30,1242.5,1243.5,1242.0999755859375,1242.5999755859375,38253.0,yahoo
AXISBANK,5m,2026-09-22T12:30:00+05:30,1242.5,1244.800048828125,1242.4000244140625,1244.800048828125,23593.0,yahoo
AXISBANK,5m,2026-09-22T12:35:00+05:30,1244.300048828125,1244.9000244140625,1242.699951171875,1242.800048828125,11676.0,yahoo
AXISBANK,5m,2026-09-22T12:40:00+05:30,1242.9000244140625,1243.5999755859375,1242.0,1242.199951171875,27662.0,yahoo
AXISBANK,5m,2026-09-22T12:45:00+05:30,1242.199951171875,1243.199951171875,1242.0,1242.4000244140625,21887.0,yahoo
AXISBANK,5m,2026-09-22T12:50:00+05:30,1242.199951171875,1243.300048828125,1242.0,1242.5,31543.0,yahoo
AXISBANK,5m,2026-09-22T12:55:00+05:30,1242.199951171875,1242.9000244140625,1242.0,1242.5999755859375,23771.0,yahoo
AXISBANK,5m,2026-09-22T13:00:00+05:30,1242.5,1243.0,1242.0,1242.300048828125,23288.0,yahoo
AXISBANK,5m,2026-09-22T13:05:00+05:30,1242.300048828125,1243.0999755859375,1242.300048828125,1242.699951171875,12724.0,yahoo
AXISBANK,5m,2026-09-22T13:10:00+05:30,1242.9000244140625,1243.9000244140625,1242.800048828125,1243.699951171875,25866.0,yahoo
AXISBANK,5m,2026-09-22T13:15:00+05:30,1243.699951171875,1244.0,1243.199951171875,1244.0,18528.0,yahoo
AXISBANK,5m,2026-09-22T13:20:00+05:30,1243.9000244140625,1243.9000244140625,1242.199951171875,1243.300048828125,44441.0,yahoo
AXISBANK,5m,2026-09-22T13:25:00+05:30,1243.0999755859375,1243.9000244140625,1243.0999755859375,1243.699951171875,8895.0,yahoo
AXISBANK,5m,2026-09-22T13:30:00+05:30,1243.699951171875,1244.0,1243.300048828125,1243.5999755859375,12904.0,yahoo
AXISBANK,5m,2026-09-22T13:35:00+05:30,1243.699951171875,1243.800048828125,1242.4000244140625,1242.5999755859375,11851.0,yahoo
AXISBANK,5m,2026-09-22T13:40:00+05:30,1242.699951171875,1243.300048828125,1242.0,1242.0999755859375,22917.0,yahoo
AXISBANK,5m,2026-09-22T13:45:00+05:30,1242.0999755859375,1242.4000244140625,1240.9000244140625,1241.800048828125,74310.0,yahoo
AXISBANK,5m,2026-09-22T13:50:00+05:30,1241.800048828125,1242.699951171875,1241.0,1241.199951171875,22125.0,yahoo
AXISBANK,5m,2026-09-22T13:55:00+05:30,1241.4000244140625,1242.0999755859375,1240.9000244140625,1241.5999755859375,29679.0,yahoo
AXISBANK,5m,2026-09-22T14:00:00+05:30,1241.5999755859375,1241.800048828125,1240.699951171875,1241.4000244140625,30541.0,yahoo
AXISBANK,5m,2026-09-22T14:05:00+05:30,1241.199951171875,1241.800048828125,1240.5,1241.5,19871.0,yahoo
AXISBANK,5m,2026-09-22T14:10:00+05:30,1241.5,1244.300048828125,1241.300048828125,1244.300048828125,78780.0,yahoo
AXISBANK,5m,2026-09-22T14:15:00+05:30,1244.9000244140625,1246.199951171875,1243.4000244140625,1244.4000244140625,76606.0,yahoo
AXISBANK,5m,2026-09-22T14:20:00+05:30,1244.5999755859375,1245.5,1242.5999755859375,1242.5999755859375,71800.0,yahoo
AXISBANK,5m,2026-09-22T14:25:00+05:30,1242.5999755859375,1245.4000244140625,1242.5999755859375,1243.800048828125,43724.0,yahoo
AXISBANK,5m,2026-09-22T14:30:00+05:30,1244.0,1246.0,1243.0,1244.4000244140625,82984.0,yahoo
AXISBANK,5m,2026-09-22T14:35:00+05:30,1244.4000244140625,1246.0,1244.4000244140625,1245.0,45222.0,yahoo
AXISBANK,5m,2026-09-22T14:40:00+05:30,1245.199951171875,1245.699951171875,1243.0999755859375,1243.0999755859375,31630.0,yahoo
AXISBANK,5m,2026-09-22T14:45:00+05:30,1243.0999755859375,1244.0,1242.5999755859375,1242.5999755859375,31568.0,yahoo
AXISBANK,5m,2026-09-22T14:50:00+05:30,1242.5999755859375,1243.199951171875,1241.0999755859375,1242.0999755859375,61070.0,yahoo
AXISBANK,5m,2026-09-22T14:55:00+05:30,1242.199951171875,1243.0,1241.300048828125,1242.0999755859375,59910.0,yahoo
AXISBANK,5m,2026-09-22T15:00:00+05:30,1242.4000244140625,1243.5999755859375,1242.300048828125,1243.199951171875,56128.0,yahoo
AXISBANK,5m,2026-09-22T15:05:00+05:30,1243.199951171875,1243.5999755859375,1242.699951171875,1242.800048828125,102344.0,yahoo
AXISBANK,5m,2026-09-22T15:10:00+05:30,1244.0,1246.0,1243.199951171875,1245.4000244140625,94423.0,yahoo
AXISBANK,5m,2026-09-22T15:15:00+05:30,1246.0,1246.0,1242.699951171875,1242.699951171875,105530.0,yahoo
BAJAJ-AUTO,5m,2026-09-22T09:15:00+05:30,11490.0,11490.0,11452.0,11466.0,0.0,yahoo
BAJAJ-AUTO,5m,2026-09-22T09:20:00+05:30,11469.0,11476.0,11439.0,11446.0,1993.0,yahoo
BAJAJ-AUTO,5m,2026-09-22T09:25:00+05:30,11440.0,11440.0,11410.0,11414.0,1648.0,yahoo
BAJAJ-AUTO,5m,2026-09-22T09:30:00+05:30,11414.0,11417.0,11382.0,11382.0,3334.0,yahoo
BAJAJ-AUTO,5m,2026-09-22T09:35:00+05:30,11382.0,11392.0,11373.0,11390.0,2565.0,yahoo
BAJAJ-AUTO,5m,2026-09-22T09:40:00+05:30,11387.0,11413.0,11386.0,11411.0,2240.0,yahoo
BAJAJ-AUTO,5m,2026-09-22T09:45:00+05:30,11419.0,11425.0,11400.0,11403.0,1423.0,yahoo
BAJAJ-AUTO,5m,2026-09-22T09:50:00+05:30,11412.0,11412.0,11394.0,11398.0,1158.0,yahoo
BAJAJ-AUTO,5m,2026-09-22T09:55:00+05:30,11397.0,11406.0,11397.0,11403.0,543.0,yahoo
BAJAJ-AUTO,5m,2026-09-22T10:00:00+05:30,11399.0,11408.0,11398.0,11402.0,624.0,yahoo
BAJAJ-AUTO,5m,2026-09-22T10:05:00+05:30,11406.0,11413.0,11401.0,11404.0,724.0,yahoo
BAJAJ-AUTO,5m,2026-09-22T10:10:00+05:30,11408.0,11408.0,11396.0,11396.0,503.0,yahoo
BAJAJ-AUTO,5m,2026-09-22T10:15:00+05:30,11395.0,11400.0,11387.0,11390.0,886.0,yahoo
BAJAJ-AUTO,5m,2026-09-22T10:20:00+05:30,11386.0,11392.0,11382.0,11382.0,710.0,yahoo
BAJAJ-AUTO,5m,2026-09-22T10:25:00+05:30,11382.0,11392.0,11381.0,11387.0,1639.0,yahoo
BAJAJ-AUTO,5m,2026-09-22T10:30:00+05:30,11382.0,11386.0,11373.0,11381.0,1587.0,yahoo
BAJAJ-AUTO,5m,2026-09-22T10:35:00+05:30,11381.0,11383.0,11366.0,11370.0,1770.0,yahoo
BAJAJ-AUTO,5m,2026-09-22T10:40:00+05:30,11370.0,11380.0,11363.0,11370.0,2364.0,yahoo
BAJAJ-AUTO,5m,2026-09-22T10:45:00+05:30,11366.0,11369.0,11356.0,11356.0,1751.0,yahoo
BAJAJ-AUTO,5m,2026-09-22T10:50:00+05:30,11356.0,11360.0,11350.0,11360.0,1696.0,yahoo
BAJAJ-AUTO,5m,2026-09-22T10:55:00+05:30,11363.0,11368.0,11357.0,11361.0,1077.0,yahoo
BAJAJ-AUTO,5m,2026-09-22T11:00:00+05:30,11361.0,11364.0,11354.0,11356.0,785.0,yahoo
BAJAJ-AUTO,5m,2026-09-22T11:05:00+05:30,11358.0,11370.0,11356.0,11364.0,943.0,yahoo
BAJAJ-AUTO,5m,2026-09-22T11:10:00+05:30,11369.0,11373.0,11363.0,11369.0,899.0,yahoo
BAJAJ-AUTO,5m,2026-09-22T11:15:00+05:30,11369.0,11372.0,11361.0,11365.0,734.0,yahoo
BAJAJ-AUTO,5m,2026-09-22T11:20:00+05:30,11365.0,11376.0,11362.0,11370.0,1169.0,yahoo
BAJAJ-AUTO,5m,2026-09-22T11:25:00+05:30,11367.0,11373.0,11361.0,11361.0,630.0,yahoo
BAJAJ-AUTO,5m,2026-09-22T11:30:00+05:30,11361.0,11361.0,11350.0,11353.0,986.0,yahoo
BAJAJ-AUTO,5m,2026-09-22T11:35:00+05:30,11350.0,11358.0,11350.0,11354.0,806.0,yahoo
BAJAJ-AUTO,5m,2026-09-22T11:40:00+05:30,11356.0,11360.0,11351.0,11356.0,913.0,yahoo
BAJAJ-AUTO,5m,2026-09-22T11:45:00+05:30,11356.0,11364.0,11350.0,11357.0,1416.0,yahoo
BAJAJ-AUTO,5m,2026-09-22T11:50:00+05:30,11362.0,11362.0,11351.0,11351.0,617.0,yahoo
BAJAJ-AUTO,5m,2026-09-22T11:55:00+05:30,11351.0,11358.0,11350.0,11355.0,1086.0,yahoo
BAJAJ-AUTO,5m,2026-09-22T12:00:00+05:30,11353.0,11356.0,11346.0,11351.0,1581.0,yahoo
BAJAJ-AUTO,5m,2026-09-22T12:05:00+05:30,11350.0,11350.0,11345.0,11350.0,1154.0,yahoo
BAJAJ-AUTO,5m,2026-09-22T12:10:00+05:30,11344.0,11349.0,11335.0,11337.0,1755.0,yahoo
BAJAJ-AUTO,5m,2026-09-22T12:15:00+05:30,11337.0,11344.0,11308.0,11313.0,2785.0,yahoo
BAJAJ-AUTO,5m,2026-09-22T12:20:00+05:30,11313.0,11324.0,11310.0,11317.0,1727.0,yahoo
BAJAJ-AUTO,5m,2026-09-22T12:25:00+05:30,11319.0,11340.0,11312.0,11328.0,6723.0,yahoo
BAJAJ-AUTO,5m,2026-09-22T12:30:00+05:30,11327.0,11327.0,11309.0,11309.0,1140.0,yahoo
BAJAJ-AUTO,5m,2026-09-22T12:35:00+05:30,11308.0,11319.0,11307.0,11310.0,1141.0,yahoo
BAJAJ-AUTO,5m,2026-09-22T12:40:00+05:30,11309.0,11314.0,11294.0,11300.0,8116.0,yahoo
BAJAJ-AUTO,5m,2026-09-22T12:45:00+05:30,11299.0,11300.0,11290.0,11291.0,1515.0,yahoo
BAJAJ-AUTO,5m,2026-09-22T12:50:00+05:30,11295.0,11300.0,11285.0,11287.0,1612.0,yahoo
BAJAJ-AUTO,5m,2026-09-22T12:55:00+05:30,11283.0,11295.0,11282.0,11295.0,2511.0,yahoo
BAJAJ-AUTO,5m,2026-09-22T13:00:00+05:30,11290.0,11305.0,11290.0,11300.0,8270.0,yahoo
BAJAJ-AUTO,5m,2026-09-22T13:05:00+05:30,11300.0,11322.0,11300.0,11318.0,2085.0,yahoo
BAJAJ-AUTO,5m,2026-09-22T13:10:00+05:30,11318.0,11318.0,11301.0,11301.0,6768.0,yahoo
BAJAJ-AUTO,5m,2026-09-22T13:15:00+05:30,11301.0,11326.0,11301.0,11308.0,5389.0,yahoo
BAJAJ-AUTO,5m,2026-09-22T13:20:00+05:30,11309.0,11333.0,11306.0,11329.0,1644.0,yahoo
BAJAJ-AUTO,5m,2026-09-22T13:25:00+05:30,11325.0,11336.0,11323.0,11330.0,1405.0,yahoo
BAJAJ-AUTO,5m,2026-09-22T13:30:00+05:30,11335.0,11335.0,11325.0,11325.0,1102.0,yahoo
BAJAJ-AUTO,5m,2026-09-22T13:35:00+05:30,11325.0,11339.0,11325.0,11335.0,1677.0,yahoo
BAJAJ-AUTO,5m,2026-09-22T13:40:00+05:30,11332.0,11356.0,11330.0,11350.0,2934.0,yahoo
BAJAJ-AUTO,5m,2026-09-22T13:45:00+05:30,11350.0,11356.0,11348.0,11350.0,1374.0,yahoo
BAJAJ-AUTO,5m,2026-09-22T13:50:00+05:30,11350.0,11356.0,11346.0,11356.0,2215.0,yahoo
BAJAJ-AUTO,5m,2026-09-22T13:55:00+05:30,11356.0,11360.0,11348.0,11350.0,1785.0,yahoo
BAJAJ-AUTO,5m,2026-09-22T14:00:00+05:30,11350.0,11373.0,11350.0,11373.0,8813.0,yahoo
BAJAJ-AUTO,5m,2026-09-22T14:05:00+05:30,11370.0,11375.0,11367.0,11373.0,700.0,yahoo
BAJAJ-AUTO,5m,2026-09-22T14:10:00+05:30,11371.0,11390.0,11370.0,11390.0,2165.0,yahoo
BAJAJ-AUTO,5m,2026-09-22T14:15:00+05:30,11395.0,11399.0,11374.0,11390.0,2304.0,yahoo
BAJAJ-AUTO,5m,2026-09-22T14:20:00+05:30,11385.0,11393.0,11382.0,11382.0,1807.0,yahoo
BAJAJ-AUTO,5m,2026-09-22T14:25:00+05:30,11386.0,11396.0,11382.0,11393.0,2135.0,yahoo
BAJAJ-AUTO,5m,2026-09-22T14:30:00+05:30,11389.0,11392.0,11374.0,11374.0,1652.0,yahoo
BAJAJ-AUTO,5m,2026-09-22T14:35:00+05:30,11380.0,11384.0,11377.0,11381.0,607.0,yahoo
BAJAJ-AUTO,5m,2026-09-22T14:40:00+05:30,11379.0,11381.0,11370.0,11372.0,1014.0,yahoo
BAJAJ-AUTO,5m,2026-09-22T14:45:00+05:30,11377.0,11379.0,11371.0,11375.0,887.0,yahoo
BAJAJ-AUTO,5m,2026-09-22T14:50:00+05:30,11372.0,11374.0,11356.0,11362.0,3330.0,yahoo
BAJAJ-AUTO,5m,2026-09-22T14:55:00+05:30,11361.0,11361.0,11348.0,11357.0,2610.0,yahoo
BAJAJ-AUTO,5m,2026-09-22T15:00:00+05:30,11357.0,11367.0,11352.0,11354.0,3134.0,yahoo
BAJAJ-AUTO,5m,2026-09-22T15:05:00+05:30,11356.0,11377.0,11350.0,11377.0,4577.0,yahoo
BAJAJ-AUTO,5m,2026-09-22T15:10:00+05:30,11368.0,11396.0,11355.0,11355.0,3882.0,yahoo
BAJAJ-AUTO,5m,2026-09-22T15:15:00+05:30,11351.0,11363.0,11351.0,11363.0,1908.0,yahoo
BAJAJFINSV,5m,2026-09-22T09:15:00+05:30,1858.0,1862.0,1855.699951171875,1855.699951171875,0.0,yahoo
BAJAJFINSV,5m,2026-09-22T09:20:00+05:30,1855.5,1857.0999755859375,1853.0999755859375,1854.699951171875,4845.0,yahoo
BAJAJFINSV,5m,2026-09-22T09:25:00+05:30,1854.0,1855.800048828125,1852.699951171875,1855.800048828125,1632.0,yahoo
BAJAJFINSV,5m,2026-09-22T09:30:00+05:30,1855.800048828125,1856.4000244140625,1853.699951171875,1853.9000244140625,4108.0,yahoo
BAJAJFINSV,5m,2026-09-22T09:35:00+05:30,1853.9000244140625,1855.0,1853.9000244140625,1854.9000244140625,711.0,yahoo
BAJAJFINSV,5m,2026-09-22T09:40:00+05:30,1854.9000244140625,1856.5,1853.800048828125,1854.0,1653.0,yahoo
BAJAJFINSV,5m,2026-09-22T09:45:00+05:30,1854.800048828125,1856.800048828125,1854.0999755859375,1856.0999755859375,2469.0,yahoo
BAJAJFINSV,5m,2026-09-22T09:50:00+05:30,1856.0999755859375,1856.699951171875,1855.0,1855.5,625.0,yahoo
BAJAJFINSV,5m,2026-09-22T09:55:00+05:30,1855.4000244140625,1855.4000244140625,1853.199951171875,1854.0,1026.0,yahoo
BAJAJFINSV,5m,2026-09-22T10:00:00+05:30,1854.0,1854.5999755859375,1853.0999755859375,1853.4000244140625,1018.0,yahoo
BAJAJFINSV,5m,2026-09-22T10:05:00+05:30,1853.9000244140625,1854.300048828125,1852.199951171875,1854.199951171875,2027.0,yahoo
BAJAJFINSV,5m,2026-09-22T10:10:00+05:30,1853.0,1853.300048828125,1851.5,1851.5,4031.0,yahoo
BAJAJFINSV,5m,2026-09-22T10:15:00+05:30,1852.0,1852.9000244140625,1851.0999755859375,1851.0999755859375,2269.0,yahoo
BAJAJFINSV,5m,2026-09-22T10:20:00+05:30,1851.5,1851.699951171875,1850.0,1850.4000244140625,3444.0,yahoo
BAJAJFINSV,5m,2026-09-22T10:25:00+05:30,1850.4000244140625,1853.0999755859375,1850.300048828125,1851.9000244140625,2011.0,yahoo
BAJAJFINSV,5m,2026-09-22T10:30:00+05:30,1851.699951171875,1852.0999755859375,1849.199951171875,1851.0,5065.0,yahoo
BAJAJFINSV,5m,2026-09-22T10:35:00+05:30,1851.0,1851.300048828125,1849.5,1849.5,1789.0,yahoo
BAJAJFINSV,5m,2026-09-22T10:40:00+05:30,1849.5,1850.5999755859375,1845.5999755859375,1846.5,6571.0,yahoo
BAJAJFINSV,5m,2026-09-22T10:45:00+05:30,1846.5,1847.9000244140625,1842.800048828125,1843.800048828125,7472.0,yahoo
BAJAJFINSV,5m,2026-09-22T10:50:00+05:30,1842.5999755859375,1843.199951171875,1841.4000244140625,1842.5,3541.0,yahoo
BAJAJFINSV,5m,2026-09-22T10:55:00+05:30,1843.4000244140625,1843.5999755859375,1841.300048828125,1841.699951171875,3861.0,yahoo
BAJAJFINSV,5m,2026-09-22T11:00:00+05:30,1841.5999755859375,1842.5999755859375,1838.800048828125,1839.4000244140625,5817.0,yahoo
BAJAJFINSV,5m,2026-09-22T11:05:00+05:30,1840.0,1840.0,1837.0,1839.0,5692.0,yahoo
BAJAJFINSV,5m,2026-09-22T11:10:00+05:30,1838.0,1842.699951171875,1838.0,1840.5999755859375,4979.0,yahoo
BAJAJFINSV,5m,2026-09-22T11:15:00+05:30,1841.699951171875,1842.0999755859375,1840.199951171875,1841.300048828125,5516.0,yahoo
BAJAJFINSV,5m,2026-09-22T11:20:00+05:30,1840.5,1842.0,1840.0,1840.5999755859375,5307.0,yahoo
BAJAJFINSV,5m,2026-09-22T11:25:00+05:30,1841.300048828125,1841.5,1838.699951171875,1840.0,3652.0,yahoo
BAJAJFINSV,5m,2026-09-22T11:30:00+05:30,1838.5999755859375,1839.5,1836.300048828125,1836.300048828125,3692.0,yahoo
BAJAJFINSV,5m,2026-09-22T11:35:00+05:30,1837.199951171875,1837.800048828125,1834.0999755859375,1834.300048828125,10813.0,yahoo
BAJAJFINSV,5m,2026-09-22T11:40:00+05:30,1835.4000244140625,1835.800048828125,1833.5,1834.9000244140625,3690.0,yahoo
BAJAJFINSV,5m,2026-09-22T11:45:00+05:30,1834.5999755859375,1834.5999755859375,1831.800048828125,1834.199951171875,4898.0,yahoo
BAJAJFINSV,5m,2026-09-22T11:50:00+05:30,1834.699951171875,1835.5,1833.4000244140625,1834.0,3426.0,yahoo
BAJAJFINSV,5m,2026-09-22T11:55:00+05:30,1834.4000244140625,1834.4000244140625,1832.4000244140625,1834.0999755859375,2485.0,yahoo
BAJAJFINSV,5m,2026-09-22T12:00:00+05:30,1834.0999755859375,1834.0999755859375,1831.300048828125,1833.9000244140625,3722.0,yahoo
BAJAJFINSV,5m,2026-09-22T12:05:00+05:30,1832.9000244140625,1836.199951171875,1831.9000244140625,1835.699951171875,6675.0,yahoo
BAJAJFINSV,5m,2026-09-22T12:10:00+05:30,1836.0,1836.4000244140625,1834.4000244140625,1835.0,4409.0,yahoo
BAJAJFINSV,5m,2026-09-22T12:15:00+05:30,1836.0,1837.800048828125,1835.0,1837.800048828125,2190.0,yahoo
BAJAJFINSV,5m,2026-09-22T12:20:00+05:30,1836.9000244140625,1838.5,1836.0999755859375,1836.5999755859375,2304.0,yahoo
BAJAJFINSV,5m,2026-09-22T12:25:00+05:30,1837.4000244140625,1837.4000244140625,1835.5,1836.300048828125,1940.0,yahoo
BAJAJFINSV,5m,2026-09-22T12:30:00+05:30,1836.300048828125,1837.0999755859375,1835.4000244140625,1836.5999755859375,1764.0,yahoo
BAJAJFINSV,5m,2026-09-22T12:35:00+05:30,1836.5999755859375,1836.5999755859375,1835.0,1836.0,2492.0,yahoo
BAJAJFINSV,5m,2026-09-22T12:40:00+05:30,1836.0,1836.0,1834.0,1834.699951171875,3015.0,yahoo
BAJAJFINSV,5m,2026-09-22T12:45:00+05:30,1834.5,1835.5,1833.4000244140625,1834.0,5721.0,yahoo
BAJAJFINSV,5m,2026-09-22T12:50:00+05:30,1833.699951171875,1834.699951171875,1833.5,1834.199951171875,6817.0,yahoo
BAJAJFINSV,5m,2026-09-22T12:55:00+05:30,1833.5999755859375,1834.5,1831.800048828125,1834.0,9284.0,yahoo
BAJAJFINSV,5m,2026-09-22T13:00:00+05:30,1834.0,1834.0,1831.4000244140625,1832.800048828125,8806.0,yahoo
BAJAJFINSV,5m,2026-09-22T13:05:00+05:30,1831.9000244140625,1833.0,1829.199951171875,1832.199951171875,6265.0,yahoo
BAJAJFINSV,5m,2026-09-22T13:10:00+05:30,1831.199951171875,1832.300048828125,1829.9000244140625,1830.699951171875,2574.0,yahoo
BAJAJFINSV,5m,2026-09-22T13:15:00+05:30,1830.300048828125,1831.5,1828.5,1829.4000244140625,3685.0,yahoo
BAJAJFINSV,5m,2026-09-22T13:20:00+05:30,1829.4000244140625,1830.0,1828.5,1829.5999755859375,4083.0,yahoo
BAJAJFINSV,5m,2026-09-22T13:25:00+05:30,1830.0,1830.0,1828.5999755859375,1829.9000244140625,3821.0,yahoo
BAJAJFINSV,5m,2026-09-22T13:30:00+05:30,1830.0,1833.9000244140625,1829.699951171875,1833.800048828125,5153.0,yahoo
BAJAJFINSV,5m,2026-09-22T13:35:00+05:30,1833.699951171875,1834.5999755859375,1832.9000244140625,1833.0999755859375,1692.0,yahoo
BAJAJFINSV,5m,2026-09-22T13:40:00+05:30,1833.199951171875,1835.699951171875,1832.300048828125,1832.300048828125,3658.0,yahoo
BAJAJFINSV,5m,2026-09-22T13:45:00+05:30,1832.0999755859375,1833.5999755859375,1828.0,1828.0,14324.0,yahoo
BAJAJFINSV,5m,2026-09-22T13:50:00+05:30,1828.5999755859375,1828.5999755859375,1825.199951171875,1826.699951171875,8120.0,yahoo
BAJAJFINSV,5m,2026-09-22T13:55:00+05:30,1826.699951171875,1827.800048828125,1825.300048828125,1826.0999755859375,3637.0,yahoo
BAJAJFINSV,5m,2026-09-22T14:00:00+05:30,1825.300048828125,1826.199951171875,1824.199951171875,1826.199951171875,4753.0,yahoo
BAJAJFINSV,5m,2026-09-22T14:05:00+05:30,1826.199951171875,1827.4000244140625,1824.0,1827.4000244140625,2795.0,yahoo
BAJAJFINSV,5m,2026-09-22T14:10:00+05:30,1826.9000244140625,1833.800048828125,1825.800048828125,1833.800048828125,8337.0,yahoo
BAJAJFINSV,5m,2026-09-22T14:15:00+05:30,1833.5,1837.699951171875,1830.5,1835.0,12786.0,yahoo
BAJAJFINSV,5m,2026-09-22T14:20:00+05:30,1834.800048828125,1836.9000244140625,1834.5999755859375,1835.4000244140625,4953.0,yahoo
BAJAJFINSV,5m,2026-09-22T14:25:00+05:30,1834.699951171875,1836.300048828125,1834.0999755859375,1834.5999755859375,2152.0,yahoo
BAJAJFINSV,5m,2026-09-22T14:30:00+05:30,1834.5,1834.5,1829.5999755859375,1830.9000244140625,6574.0,yahoo
BAJAJFINSV,5m,2026-09-22T14:35:00+05:30,1830.5,1832.800048828125,1830.0,1830.4000244140625,3591.0,yahoo
BAJAJFINSV,5m,2026-09-22T14:40:00+05:30,1830.300048828125,1831.199951171875,1828.5,1829.699951171875,3568.0,yahoo
BAJAJFINSV,5m,2026-09-22T14:45:00+05:30,1830.0,1831.0,1829.300048828125,1830.4000244140625,4437.0,yahoo
BAJAJFINSV,5m,2026-09-22T14:50:00+05:30,1830.0,1830.5999755859375,1828.0999755859375,1830.0,6829.0,yahoo
BAJAJFINSV,5m,2026-09-22T14:55:00+05:30,1829.5999755859375,1830.0,1827.0999755859375,1828.0999755859375,9729.0,yahoo
BAJAJFINSV,5m,2026-09-22T15:00:00+05:30,1828.0999755859375,1829.9000244140625,1828.0999755859375,1828.4000244140625,6719.0,yahoo
BAJAJFINSV,5m,2026-09-22T15:05:00+05:30,1828.5999755859375,1829.9000244140625,1828.5,1829.300048828125,13912.0,yahoo
BAJAJFINSV,5m,2026-09-22T15:10:00+05:30,1829.199951171875,1831.4000244140625,1828.0,1828.0,19917.0,yahoo
BAJAJFINSV,5m,2026-09-22T15:15:00+05:30,1827.0,1827.0,1823.4000244140625,1823.4000244140625,12927.0,yahoo
BAJFINANCE,5m,2026-09-22T09:15:00+05:30,1025.0,1029.0,1022.7000122070312,1028.0,0.0,yahoo
BAJFINANCE,5m,2026-09-22T09:20:00+05:30,1028.199951171875,1028.199951171875,1025.5,1025.5,42047.0,yahoo
BAJFINANCE,5m,2026-09-22T09:25:00+05:30,1025.5,1025.9000244140625,1024.300048828125,1025.9000244140625,95347.0,yahoo
BAJFINANCE,5m,2026-09-22T09:30:00+05:30,1025.800048828125,1026.0999755859375,1022.5999755859375,1022.9000244140625,42319.0,yahoo
BAJFINANCE,5m,2026-09-22T09:35:00+05:30,1022.9000244140625,1025.0999755859375,1022.9000244140625,1024.699951171875,31669.0,yahoo
BAJFINANCE,5m,2026-09-22T09:40:00+05:30,1024.699951171875,1025.0,1023.4000244140625,1023.5,33654.0,yahoo
BAJFINANCE,5m,2026-09-22T09:45:00+05:30,1024.0999755859375,1025.0,1023.9000244140625,1025.0,20870.0,yahoo
BAJFINANCE,5m,2026-09-22T09:50:00+05:30,1024.699951171875,1025.199951171875,1024.0,1024.0999755859375,19716.0,yahoo
BAJFINANCE,5m,2026-09-22T09:55:00+05:30,1024.199951171875,1024.4000244140625,1023.0999755859375,1023.2000122070312,33001.0,yahoo
BAJFINANCE,5m,2026-09-22T10:00:00+05:30,1023.7000122070312,1024.800048828125,1023.4000244140625,1024.5,33551.0,yahoo
BAJFINANCE,5m,2026-09-22T10:05:00+05:30,1024.4000244140625,1024.5,1023.2999877929688,1023.5999755859375,19536.0,yahoo
BAJFINANCE,5m,2026-09-22T10:10:00+05:30,1023.7999877929688,1024.5999755859375,1023.7000122070312,1023.9000244140625,23738.0,yahoo
BAJFINANCE,5m,2026-09-22T10:15:00+05:30,1023.7999877929688,1024.0,1022.5999755859375,1023.0,31519.0,yahoo
BAJFINANCE,5m,2026-09-22T10:20:00+05:30,1022.5999755859375,1022.7999877929688,1021.9000244140625,1022.2000122070312,32225.0,yahoo
BAJFINANCE,5m,2026-09-22T10:25:00+05:30,1022.4000244140625,1022.9000244140625,1021.4000244140625,1022.0999755859375,26480.0,yahoo
BAJFINANCE,5m,2026-09-22T10:30:00+05:30,1022.5,1022.5999755859375,1021.5999755859375,1022.5,23267.0,yahoo
BAJFINANCE,5m,2026-09-22T10:35:00+05:30,1022.2999877929688,1022.4000244140625,1020.5999755859375,1020.5999755859375,28349.0,yahoo
BAJFINANCE,5m,2026-09-22T10:40:00+05:30,1020.5,1021.0,1018.7000122070312,1020.2000122070312,34501.0,yahoo
BAJFINANCE,5m,2026-09-22T10:45:00+05:30,1020.2000122070312,1021.2999877929688,1019.7000122070312,1020.9000244140625,18016.0,yahoo
BAJFINANCE,5m,2026-09-22T10:50:00+05:30,1020.9000244140625,1020.9000244140625,1019.5,1020.5,26386.0,yahoo
BAJFINANCE,5m,2026-09-22T10:55:00+05:30,1020.2999877929688,1020.5,1020.0999755859375,1020.5,27713.0,yahoo
BAJFINANCE,5m,2026-09-22T11:00:00+05:30,1020.4000244140625,1020.5,1019.2000122070312,1019.7999877929688,28695.0,yahoo
BAJFINANCE,5m,2026-09-22T11:05:00+05:30,1019.7000122070312,1019.9000244140625,1019.0999755859375,1019.9000244140625,26964.0,yahoo
BAJFINANCE,5m,2026-09-22T11:10:00+05:30,1019.7000122070312,1021.5999755859375,1019.7000122070312,1020.9000244140625,21791.0,yahoo
BAJFINANCE,5m,2026-09-22T11:15:00+05:30,1020.7000122070312,1021.5999755859375,1020.7000122070312,1020.7999877929688,20727.0,yahoo
BAJFINANCE,5m,2026-09-22T11:20:00+05:30,1020.7999877929688,1021.5999755859375,1020.7999877929688,1021.2000122070312,17818.0,yahoo
BAJFINANCE,5m,2026-09-22T11:25:00+05:30,1021.2999877929688,1021.5,1020.0999755859375,1020.0999755859375,34624.0,yahoo
BAJFINANCE,5m,2026-09-22T11:30:00+05:30,1020.0999755859375,1020.2000122070312,1018.5,1018.7999877929688,24933.0,yahoo
BAJFINANCE,5m,2026-09-22T11:35:00+05:30,1018.5,1019.4000244140625,1018.0999755859375,1018.7000122070312,19550.0,yahoo
BAJFINANCE,5m,2026-09-22T11:40:00+05:30,1018.7999877929688,1019.0,1017.7999877929688,1018.0999755859375,21056.0,yahoo
BAJFINANCE,5m,2026-09-22T11:45:00+05:30,1018.2999877929688,1018.2999877929688,1016.5,1016.5,41360.0,yahoo
BAJFINANCE,5m,2026-09-22T11:50:00+05:30,1016.5,1016.5,1015.5,1015.5,21664.0,yahoo
BAJFINANCE,5m,2026-09-22T11:55:00+05:30,1015.5,1015.5,1012.7000122070312,1013.2999877929688,80426.0,yahoo
BAJFINANCE,5m,2026-09-22T12:00:00+05:30,1013.5999755859375,1013.5999755859375,1012.0999755859375,1012.7000122070312,33229.0,yahoo
BAJFINANCE,5m,2026-09-22T12:05:00+05:30,1012.5,1014.0,1012.0999755859375,1014.0,69853.0,yahoo
BAJFINANCE,5m,2026-09-22T12:10:00+05:30,1013.9000244140625,1014.0,1012.7000122070312,1012.9000244140625,70811.0,yahoo
BAJFINANCE,5m,2026-09-22T12:15:00+05:30,1012.7999877929688,1013.2000122070312,1012.5999755859375,1012.5999755859375,77682.0,yahoo
BAJFINANCE,5m,2026-09-22T12:20:00+05:30,1012.5999755859375,1013.0,1011.4000244140625,1011.5999755859375,41034.0,yahoo
BAJFINANCE,5m,2026-09-22T12:25:00+05:30,1011.5999755859375,1011.5999755859375,1009.0,1009.0,56045.0,yahoo
BAJFINANCE,5m,2026-09-22T12:30:00+05:30,1009.0999755859375,1010.9000244140625,1009.0,1010.7999877929688,21474.0,yahoo
BAJFINANCE,5m,2026-09-22T12:35:00+05:30,1010.7000122070312,1011.2999877929688,1010.0999755859375,1011.2999877929688,40195.0,yahoo
BAJFINANCE,5m,2026-09-22T12:40:00+05:30,1011.2999877929688,1011.9000244140625,1010.2999877929688,1010.4000244140625,29047.0,yahoo
BAJFINANCE,5m,2026-09-22T12:45:00+05:30,1010.4000244140625,1010.5999755859375,1009.5999755859375,1010.0,252287.0,yahoo
BAJFINANCE,5m,2026-09-22T12:50:00+05:30,1009.7999877929688,1010.0,1009.2999877929688,1009.7999877929688,27681.0,yahoo
BAJFINANCE,5m,2026-09-22T12:55:00+05:30,1009.9000244140625,1010.0,1009.2000122070312,1009.5,39207.0,yahoo
BAJFINANCE,5m,2026-09-22T13:00:00+05:30,1009.4000244140625,1009.5,1008.2000122070312,1008.4000244140625,36433.0,yahoo
BAJFINANCE,5m,2026-09-22T13:05:00+05:30,1008.2000122070312,1009.0,1007.7000122070312,1008.5,63833.0,yahoo
BAJFINANCE,5m,2026-09-22T13:10:00+05:30,1008.5,1008.5,1006.0,1006.5999755859375,158150.0,yahoo
BAJFINANCE,5m,2026-09-22T13:15:00+05:30,1006.2999877929688,1007.2999877929688,1005.0999755859375,1005.9000244140625,145785.0,yahoo
BAJFINANCE,5m,2026-09-22T13:20:00+05:30,1006.5,1008.0,1005.9000244140625,1007.5,142860.0,yahoo
BAJFINANCE,5m,2026-09-22T13:25:00+05:30,1007.4000244140625,1010.0999755859375,1006.4000244140625,1010.0999755859375,146731.0,yahoo
BAJFINANCE,5m,2026-09-22T13:30:00+05:30,1009.7999877929688,1012.7999877929688,1009.7999877929688,1011.7999877929688,39362.0,yahoo
BAJFINANCE,5m,2026-09-22T13:35:00+05:30,1011.7999877929688,1012.5,1011.5999755859375,1012.0999755859375,29528.0,yahoo
BAJFINANCE,5m,2026-09-22T13:40:00+05:30,1012.0999755859375,1013.5,1012.0,1013.2999877929688,69460.0,yahoo
BAJFINANCE,5m,2026-09-22T13:45:00+05:30,1012.5,1013.0,1011.7999877929688,1012.7000122070312,65579.0,yahoo
BAJFINANCE,5m,2026-09-22T13:50:00+05:30,1012.7000122070312,1013.0,1011.0999755859375,1011.7999877929688,52515.0,yahoo
BAJFINANCE,5m,2026-09-22T13:55:00+05:30,1012.0,1012.5999755859375,1011.2999877929688,1011.4000244140625,48963.0,yahoo
BAJFINANCE,5m,2026-09-22T14:00:00+05:30,1011.2999877929688,1011.5,1010.0999755859375,1011.2000122070312,131316.0,yahoo
BAJFINANCE,5m,2026-09-22T14:05:00+05:30,1011.2000122070312,1011.7000122070312,1010.2999877929688,1011.5999755859375,45719.0,yahoo
BAJFINANCE,5m,2026-09-22T14:10:00+05:30,1011.7999877929688,1013.7000122070312,1011.2000122070312,1013.7000122070312,109702.0,yahoo
BAJFINANCE,5m,2026-09-22T14:15:00+05:30,1013.7999877929688,1015.4000244140625,1011.2999877929688,1012.7999877929688,110139.0,yahoo
BAJFINANCE,5m,2026-09-22T14:20:00+05:30,1012.9000244140625,1014.9000244140625,1012.5,1012.9000244140625,216452.0,yahoo
BAJFINANCE,5m,2026-09-22T14:25:00+05:30,1012.7999877929688,1013.0,1012.4000244140625,1013.0,54290.0,yahoo
BAJFINANCE,5m,2026-09-22T14:30:00+05:30,1012.9000244140625,1013.0,1011.2000122070312,1011.5,69682.0,yahoo
BAJFINANCE,5m,2026-09-22T14:35:00+05:30,1011.4000244140625,1012.2999877929688,1011.2000122070312,1011.9000244140625,51045.0,yahoo
BAJFINANCE,5m,2026-09-22T14:40:00+05:30,1012.0999755859375,1012.2999877929688,1011.0999755859375,1011.7999877929688,56037.0,yahoo
BAJFINANCE,5m,2026-09-22T14:45:00+05:30,1011.7999877929688,1012.5,1011.5,1012.0999755859375,56996.0,yahoo
BAJFINANCE,5m,2026-09-22T14:50:00+05:30,1012.0999755859375,1012.7999877929688,1011.5,1012.2999877929688,109008.0,yahoo
BAJFINANCE,5m,2026-09-22T14:55:00+05:30,1012.2000122070312,1012.2999877929688,1009.0999755859375,1009.5999755859375,75388.0,yahoo
BAJFINANCE,5m,2026-09-22T15:00:00+05:30,1009.7999877929688,1010.0,1008.0999755859375,1008.7000122070312,95978.0,yahoo
BAJFINANCE,5m,2026-09-22T15:05:00+05:30,1008.7000122070312,1008.7000122070312,1007.4000244140625,1008.2000122070312,127695.0,yahoo
BAJFINANCE,5m,2026-09-22T15:10:00+05:30,1008.0999755859375,1010.0,1008.0999755859375,1008.5999755859375,159356.0,yahoo
BAJFINANCE,5m,2026-09-22T15:15:00+05:30,1008.9000244140625,1008.9000244140625,1008.7999877929688,1008.7999877929688,124967.0,yahoo
BANDHANBNK,5m,2026-09-22T09:15:00+05:30,180.0,181.19000244140625,180.0,181.19000244140625,0.0,yahoo
BANDHANBNK,5m,2026-09-22T09:20:00+05:30,181.17999267578125,181.3000030517578,180.9600067138672,180.9600067138672,528673.0,yahoo
BANDHANBNK,5m,2026-09-22T09:25:00+05:30,180.9600067138672,181.2100067138672,180.6199951171875,180.6999969482422,380963.0,yahoo
BANDHANBNK,5m,2026-09-22T09:30:00+05:30,180.50999450683594,181.97000122070312,180.50999450683594,181.49000549316406,938751.0,yahoo
BANDHANBNK,5m,2026-09-22T09:35:00+05:30,181.35000610351562,181.8300018310547,181.11000061035156,181.64999389648438,335083.0,yahoo
BANDHANBNK,5m,2026-09-22T09:40:00+05:30,181.5399932861328,182.00999450683594,181.2100067138672,181.61000061035156,1079220.0,yahoo
BANDHANBNK,5m,2026-09-22T09:45:00+05:30,181.64999389648438,182.0,181.64999389648438,181.9499969482422,241488.0,yahoo
BANDHANBNK,5m,2026-09-22T09:50:00+05:30,181.85000610351562,182.08999633789062,181.10000610351562,181.10000610351562,410494.0,yahoo
BANDHANBNK,5m,2026-09-22T09:55:00+05:30,180.99000549316406,181.1699981689453,180.75,180.75,253221.0,yahoo
BANDHANBNK,5m,2026-09-22T10:00:00+05:30,180.69000244140625,180.9499969482422,180.32000732421875,180.9499969482422,197636.0,yahoo
BANDHANBNK,5m,2026-09-22T10:05:00+05:30,180.9499969482422,180.9499969482422,180.6300048828125,180.72000122070312,94617.0,yahoo
BANDHANBNK,5m,2026-09-22T10:10:00+05:30,180.8000030517578,180.8000030517578,180.58999633789062,180.75,59141.0,yahoo
BANDHANBNK,5m,2026-09-22T10:15:00+05:30,180.72999572753906,181.14999389648438,180.63999938964844,181.14999389648438,171233.0,yahoo
BANDHANBNK,5m,2026-09-22T10:20:00+05:30,181.17999267578125,181.17999267578125,180.75,180.82000732421875,49811.0,yahoo
BANDHANBNK,5m,2026-09-22T10:25:00+05:30,180.7100067138672,180.82000732421875,180.6699981689453,180.75,37574.0,yahoo
BANDHANBNK,5m,2026-09-22T10:30:00+05:30,180.75999450683594,180.77999877929688,180.60000610351562,180.64999389648438,34511.0,yahoo
BANDHANBNK,5m,2026-09-22T10:35:00+05:30,180.6300048828125,180.6300048828125,180.3000030517578,180.35000610351562,158517.0,yahoo
BANDHANBNK,5m,2026-09-22T10:40:00+05:30,180.30999755859375,180.3699951171875,180.1300048828125,180.14999389648438,110955.0,yahoo
BANDHANBNK,5m,2026-09-22T10:45:00+05:30,180.11000061035156,180.3699951171875,180.10000610351562,180.1199951171875,36202.0,yahoo
BANDHANBNK,5m,2026-09-22T10:50:00+05:30,180.1199951171875,180.3699951171875,180.11000061035156,180.3000030517578,82750.0,yahoo
BANDHANBNK,5m,2026-09-22T10:55:00+05:30,180.3000030517578,180.3800048828125,180.2899932861328,180.32000732421875,39234.0,yahoo
BANDHANBNK,5m,2026-09-22T11:00:00+05:30,180.38999938964844,180.38999938964844,180.02000427246094,180.0800018310547,117961.0,yahoo
BANDHANBNK,5m,2026-09-22T11:05:00+05:30,180.1999969482422,181.1999969482422,180.02000427246094,180.6999969482422,1322321.0,yahoo
BANDHANBNK,5m,2026-09-22T11:10:00+05:30,180.6999969482422,180.8300018310547,180.5399932861328,180.6699981689453,36428.0,yahoo
BANDHANBNK,5m,2026-09-22T11:15:00+05:30,180.61000061035156,181.0,180.61000061035156,180.77999877929688,31808.0,yahoo
BANDHANBNK,5m,2026-09-22T11:20:00+05:30,180.9499969482422,181.10000610351562,180.8800048828125,181.02999877929688,67903.0,yahoo
BANDHANBNK,5m,2026-09-22T11:25:00+05:30,181.02999877929688,181.10000610351562,180.80999755859375,180.89999389648438,26514.0,yahoo
BANDHANBNK,5m,2026-09-22T11:30:00+05:30,180.89999389648438,180.9499969482422,180.7100067138672,180.75,27151.0,yahoo
BANDHANBNK,5m,2026-09-22T11:35:00+05:30,180.6999969482422,180.6999969482422,180.5399932861328,180.5399932861328,19507.0,yahoo
BANDHANBNK,5m,2026-09-22T11:40:00+05:30,180.52000427246094,180.6199951171875,180.3699951171875,180.4499969482422,44986.0,yahoo
BANDHANBNK,5m,2026-09-22T11:45:00+05:30,180.36000061035156,180.58999633789062,180.02000427246094,180.3800048828125,129530.0,yahoo
BANDHANBNK,5m,2026-09-22T11:50:00+05:30,180.38999938964844,181.00999450683594,180.1999969482422,180.5500030517578,249118.0,yahoo
BANDHANBNK,5m,2026-09-22T11:55:00+05:30,180.52999877929688,181.08999633789062,180.44000244140625,180.9600067138672,125753.0,yahoo
BANDHANBNK,5m,2026-09-22T12:00:00+05:30,180.88999938964844,182.00999450683594,180.88999938964844,182.0,847698.0,yahoo
BANDHANBNK,5m,2026-09-22T12:05:00+05:30,182.0500030517578,182.0800018310547,181.92999267578125,182.0,314184.0,yahoo
BANDHANBNK,5m,2026-09-22T12:10:00+05:30,182.0,182.17999267578125,182.0,182.10000610351562,282080.0,yahoo
BANDHANBNK,5m,2026-09-22T12:15:00+05:30,182.08999633789062,182.19000244140625,182.0500030517578,182.11000061035156,208099.0,yahoo
BANDHANBNK,5m,2026-09-22T12:20:00+05:30,182.11000061035156,182.32000732421875,182.02999877929688,182.32000732421875,201245.0,yahoo
BANDHANBNK,5m,2026-09-22T12:25:00+05:30,182.39999389648438,182.6699981689453,182.32000732421875,182.39999389648438,373809.0,yahoo
BANDHANBNK,5m,2026-09-22T12:30:00+05:30,182.35000610351562,183.11000061035156,182.3000030517578,183.0399932861328,1072452.0,yahoo
BANDHANBNK,5m,2026-09-22T12:35:00+05:30,183.0,183.25,182.89999389648438,183.2100067138672,376657.0,yahoo
BANDHANBNK,5m,2026-09-22T12:40:00+05:30,183.1999969482422,183.5,183.1699981689453,183.2899932861328,432030.0,yahoo
BANDHANBNK,5m,2026-09-22T12:45:00+05:30,183.2899932861328,183.6199951171875,183.25999450683594,183.60000610351562,407605.0,yahoo
BANDHANBNK,5m,2026-09-22T12:50:00+05:30,183.60000610351562,183.6199951171875,183.35000610351562,183.5,339899.0,yahoo
BANDHANBNK,5m,2026-09-22T12:55:00+05:30,183.42999267578125,183.6199951171875,183.39999389648438,183.4499969482422,292966.0,yahoo
BANDHANBNK,5m,2026-09-22T13:00:00+05:30,183.5,183.6199951171875,183.4199981689453,183.60000610351562,244524.0,yahoo
BANDHANBNK,5m,2026-09-22T13:05:00+05:30,183.63999938964844,183.8699951171875,183.6300048828125,183.80999755859375,351250.0,yahoo
BANDHANBNK,5m,2026-09-22T13:10:00+05:30,183.8000030517578,184.0,183.72999572753906,183.9499969482422,416493.0,yahoo
BANDHANBNK,5m,2026-09-22T13:15:00+05:30,183.9199981689453,184.10000610351562,183.72000122070312,184.02999877929688,264142.0,yahoo
BANDHANBNK,5m,2026-09-22T13:20:00+05:30,184.02999877929688,184.08999633789062,183.89999389648438,184.0500030517578,178845.0,yahoo
BANDHANBNK,5m,2026-09-22T13:25:00+05:30,184.0,184.10000610351562,183.9199981689453,184.0,332745.0,yahoo
BANDHANBNK,5m,2026-09-22T13:30:00+05:30,184.0,184.00999450683594,183.60000610351562,183.67999267578125,212384.0,yahoo
BANDHANBNK,5m,2026-09-22T13:35:00+05:30,183.67999267578125,183.85000610351562,183.6199951171875,183.74000549316406,221495.0,yahoo
BANDHANBNK,5m,2026-09-22T13:40:00+05:30,183.66000366210938,183.77999877929688,183.5500030517578,183.69000244140625,62539.0,yahoo
BANDHANBNK,5m,2026-09-22T13:45:00+05:30,183.6300048828125,184.0,183.5,183.8000030517578,340310.0,yahoo
BANDHANBNK,5m,2026-09-22T13:50:00+05:30,183.83999633789062,184.0,183.6199951171875,183.66000366210938,226470.0,yahoo
BANDHANBNK,5m,2026-09-22T13:55:00+05:30,183.6300048828125,183.7899932861328,183.41000366210938,183.4600067138672,104374.0,yahoo
BANDHANBNK,5m,2026-09-22T14:00:00+05:30,183.4600067138672,183.49000549316406,182.91000366210938,183.08999633789062,277960.0,yahoo
BANDHANBNK,5m,2026-09-22T14:05:00+05:30,183.17999267578125,183.4499969482422,183.00999450683594,183.41000366210938,231469.0,yahoo
BANDHANBNK,5m,2026-09-22T14:10:00+05:30,183.3300018310547,183.72999572753906,183.32000732421875,183.72999572753906,130140.0,yahoo
BANDHANBNK,5m,2026-09-22T14:15:00+05:30,183.83999633789062,184.0,183.64999389648438,183.6699981689453,272067.0,yahoo
BANDHANBNK,5m,2026-09-22T14:20:00+05:30,183.75999450683594,184.64999389648438,183.72999572753906,184.58999633789062,661739.0,yahoo
BANDHANBNK,5m,2026-09-22T14:25:00+05:30,184.64999389648438,184.9499969482422,184.61000061035156,184.8300018310547,574675.0,yahoo
BANDHANBNK,5m,2026-09-22T14:30:00+05:30,184.75,184.8300018310547,184.69000244140625,184.69000244140625,165734.0,yahoo
BANDHANBNK,5m,2026-09-22T14:35:00+05:30,184.75,184.8000030517578,184.61000061035156,184.67999267578125,132781.0,yahoo
BANDHANBNK,5m,2026-09-22T14:40:00+05:30,184.75999450683594,184.7899932861328,183.9600067138672,184.10000610351562,443946.0,yahoo
BANDHANBNK,5m,2026-09-22T14:45:00+05:30,184.0399932861328,184.30999755859375,183.89999389648438,184.0,178697.0,yahoo
BANDHANBNK,5m,2026-09-22T14:50:00+05:30,184.0,184.5500030517578,183.80999755859375,184.5500030517578,352342.0,yahoo
BANDHANBNK,5m,2026-09-22T14:55:00+05:30,184.60000610351562,184.60000610351562,184.36000061035156,184.36000061035156,309497.0,yahoo
BANDHANBNK,5m,2026-09-22T15:00:00+05:30,184.4499969482422,184.69000244140625,184.39999389648438,184.6300048828125,527165.0,yahoo
BANDHANBNK,5m,2026-09-22T15:05:00+05:30,184.5800018310547,184.7100067138672,184.52000427246094,184.64999389648438,626247.0,yahoo
BANDHANBNK,5m,2026-09-22T15:10:00+05:30,184.74000549316406,185.0,184.6300048828125,185.0,954877.0,yahoo
BANDHANBNK,5m,2026-09-22T15:15:00+05:30,184.89999389648438,184.89999389648438,184.6999969482422,184.6999969482422,90659.0,yahoo
BANKBARODA,5m,2026-09-22T09:15:00+05:30,233.63999938964844,234.7899932861328,233.63999938964844,234.1199951171875,0.0,yahoo
BANKBARODA,5m,2026-09-22T09:20:00+05:30,234.11000061035156,234.39999389648438,233.94000244140625,234.39999389648438,34954.0,yahoo
BANKBARODA,5m,2026-09-22T09:25:00+05:30,234.3800048828125,234.3800048828125,234.02999877929688,234.27999877929688,41417.0,yahoo
BANKBARODA,5m,2026-09-22T09:30:00+05:30,234.27999877929688,234.3000030517578,233.9600067138672,234.07000732421875,56557.0,yahoo
BANKBARODA,5m,2026-09-22T09:35:00+05:30,234.16000366210938,234.38999938964844,234.10000610351562,234.33999633789062,49729.0,yahoo
BANKBARODA,5m,2026-09-22T09:40:00+05:30,234.27999877929688,234.3699951171875,234.25,234.25,24450.0,yahoo
BANKBARODA,5m,2026-09-22T09:45:00+05:30,234.33999633789062,234.5,234.22000122070312,234.47999572753906,27748.0,yahoo
BANKBARODA,5m,2026-09-22T09:50:00+05:30,234.4600067138672,234.89999389648438,234.4600067138672,234.72999572753906,69652.0,yahoo
BANKBARODA,5m,2026-09-22T09:55:00+05:30,234.69000244140625,234.69000244140625,234.27999877929688,234.41000366210938,20331.0,yahoo
BANKBARODA,5m,2026-09-22T10:00:00+05:30,234.41000366210938,234.41000366210938,234.0,234.22000122070312,44526.0,yahoo
BANKBARODA,5m,2026-09-22T10:05:00+05:30,234.14999389648438,234.24000549316406,233.8300018310547,233.9199981689453,65500.0,yahoo
BANKBARODA,5m,2026-09-22T10:10:00+05:30,233.9199981689453,233.9499969482422,233.6999969482422,233.82000732421875,34993.0,yahoo
BANKBARODA,5m,2026-09-22T10:15:00+05:30,233.82000732421875,233.92999267578125,233.72000122070312,233.72999572753906,15649.0,yahoo
BANKBARODA,5m,2026-09-22T10:20:00+05:30,233.72999572753906,233.7899932861328,233.52999877929688,233.75999450683594,542752.0,yahoo
BANKBARODA,5m,2026-09-22T10:25:00+05:30,233.75999450683594,234.0,233.75999450683594,233.89999389648438,16091.0,yahoo
BANKBARODA,5m,2026-09-22T10:30:00+05:30,233.89999389648438,233.89999389648438,233.42999267578125,233.47999572753906,32901.0,yahoo
BANKBARODA,5m,2026-09-22T10:35:00+05:30,233.5,233.6699981689453,233.35000610351562,233.55999755859375,14787.0,yahoo
BANKBARODA,5m,2026-09-22T10:40:00+05:30,233.50999450683594,233.6199951171875,233.0800018310547,233.24000549316406,58604.0,yahoo
BANKBARODA,5m,2026-09-22T10:45:00+05:30,233.35000610351562,233.64999389648438,233.22000122070312,233.5,33103.0,yahoo
BANKBARODA,5m,2026-09-22T10:50:00+05:30,233.47999572753906,233.52000427246094,233.33999633789062,233.5,41651.0,yahoo
BANKBARODA,5m,2026-09-22T10:55:00+05:30,233.5,233.64999389648438,233.30999755859375,233.38999938964844,22066.0,yahoo
BANKBARODA,5m,2026-09-22T11:00:00+05:30,233.3699951171875,233.3699951171875,233.05999755859375,233.1999969482422,57232.0,yahoo
BANKBARODA,5m,2026-09-22T11:05:00+05:30,233.19000244140625,233.27999877929688,233.0,233.11000061035156,44933.0,yahoo
BANKBARODA,5m,2026-09-22T11:10:00+05:30,233.0800018310547,233.35000610351562,233.0800018310547,233.32000732421875,6979.0,yahoo
BANKBARODA,5m,2026-09-22T11:15:00+05:30,233.27000427246094,233.35000610351562,233.19000244140625,233.25,10469.0,yahoo
BANKBARODA,5m,2026-09-22T11:20:00+05:30,233.2899932861328,233.30999755859375,233.25,233.3000030517578,6688.0,yahoo
BANKBARODA,5m,2026-09-22T11:25:00+05:30,233.27000427246094,233.3800048828125,233.25,233.3000030517578,10754.0,yahoo
BANKBARODA,5m,2026-09-22T11:30:00+05:30,233.30999755859375,233.30999755859375,233.08999633789062,233.1699981689453,18799.0,yahoo
BANKBARODA,5m,2026-09-22T11:35:00+05:30,233.14999389648438,233.1699981689453,232.99000549316406,233.0500030517578,26865.0,yahoo
BANKBARODA,5m,2026-09-22T11:40:00+05:30,232.97999572753906,233.0500030517578,232.83999633789062,232.8800048828125,14658.0,yahoo
BANKBARODA,5m,2026-09-22T11:45:00+05:30,232.89999389648438,233.0,232.8000030517578,233.0,23378.0,yahoo
BANKBARODA,5m,2026-09-22T11:50:00+05:30,232.97999572753906,233.1999969482422,232.97999572753906,233.1199951171875,16118.0,yahoo
BANKBARODA,5m,2026-09-22T11:55:00+05:30,233.11000061035156,233.1300048828125,233.00999450683594,233.1300048828125,11398.0,yahoo
BANKBARODA,5m,2026-09-22T12:00:00+05:30,233.1300048828125,233.3300018310547,233.10000610351562,233.27999877929688,18628.0,yahoo
BANKBARODA,5m,2026-09-22T12:05:00+05:30,233.27999877929688,233.6199951171875,233.16000366210938,233.58999633789062,18016.0,yahoo
BANKBARODA,5m,2026-09-22T12:10:00+05:30,233.58999633789062,233.58999633789062,233.0800018310547,233.2899932861328,276751.0,yahoo
BANKBARODA,5m,2026-09-22T12:15:00+05:30,233.2899932861328,233.5500030517578,233.16000366210938,233.49000549316406,32430.0,yahoo
BANKBARODA,5m,2026-09-22T12:20:00+05:30,233.52999877929688,233.60000610351562,233.41000366210938,233.58999633789062,30294.0,yahoo
BANKBARODA,5m,2026-09-22T12:25:00+05:30,233.58999633789062,233.6999969482422,233.5500030517578,233.6999969482422,15727.0,yahoo
BANKBARODA,5m,2026-09-22T12:30:00+05:30,233.7100067138672,233.7100067138672,233.60000610351562,233.61000061035156,7335.0,yahoo
BANKBARODA,5m,2026-09-22T12:35:00+05:30,233.61000061035156,233.75,233.4600067138672,233.50999450683594,198338.0,yahoo
BANKBARODA,5m,2026-09-22T12:40:00+05:30,233.47999572753906,233.5800018310547,233.35000610351562,233.47999572753906,16536.0,yahoo
BANKBARODA,5m,2026-09-22T12:45:00+05:30,233.3699951171875,233.39999389648438,233.25,233.3000030517578,10133.0,yahoo
BANKBARODA,5m,2026-09-22T12:50:00+05:30,233.3000030517578,233.35000610351562,233.22000122070312,233.27000427246094,16909.0,yahoo
BANKBARODA,5m,2026-09-22T12:55:00+05:30,233.27000427246094,233.42999267578125,233.25,233.38999938964844,48463.0,yahoo
BANKBARODA,5m,2026-09-22T13:00:00+05:30,233.38999938964844,233.52000427246094,233.05999755859375,233.1300048828125,123676.0,yahoo
BANKBARODA,5m,2026-09-22T13:05:00+05:30,233.08999633789062,233.32000732421875,233.0500030517578,233.1999969482422,29499.0,yahoo
BANKBARODA,5m,2026-09-22T13:10:00+05:30,233.1999969482422,233.27000427246094,233.05999755859375,233.16000366210938,13495.0,yahoo
BANKBARODA,5m,2026-09-22T13:15:00+05:30,233.11000061035156,233.17999267578125,233.02000427246094,233.14999389648438,18039.0,yahoo
BANKBARODA,5m,2026-09-22T13:20:00+05:30,233.14999389648438,233.2100067138672,233.0500030517578,233.2100067138672,11625.0,yahoo
BANKBARODA,5m,2026-09-22T13:25:00+05:30,233.2100067138672,233.27000427246094,233.1300048828125,233.25,12609.0,yahoo
BANKBARODA,5m,2026-09-22T13:30:00+05:30,233.25,233.39999389648438,233.1999969482422,233.39999389648438,11217.0,yahoo
BANKBARODA,5m,2026-09-22T13:35:00+05:30,233.39999389648438,233.44000244140625,233.24000549316406,233.27000427246094,17996.0,yahoo
BANKBARODA,5m,2026-09-22T13:40:00+05:30,233.27000427246094,233.36000061035156,233.25999450683594,233.27999877929688,7687.0,yahoo
BANKBARODA,5m,2026-09-22T13:45:00+05:30,233.25999450683594,233.25999450683594,233.0800018310547,233.17999267578125,12872.0,yahoo
BANKBARODA,5m,2026-09-22T13:50:00+05:30,233.17999267578125,233.3000030517578,233.08999633789062,233.17999267578125,15897.0,yahoo
BANKBARODA,5m,2026-09-22T13:55:00+05:30,233.17999267578125,233.25,233.05999755859375,233.1199951171875,13678.0,yahoo
BANKBARODA,5m,2026-09-22T14:00:00+05:30,233.13999938964844,233.24000549316406,232.9600067138672,233.1999969482422,35610.0,yahoo
BANKBARODA,5m,2026-09-22T14:05:00+05:30,233.19000244140625,233.24000549316406,233.08999633789062,233.24000549316406,15604.0,yahoo
BANKBARODA,5m,2026-09-22T14:10:00+05:30,233.24000549316406,234.0,233.24000549316406,234.0,91540.0,yahoo
BANKBARODA,5m,2026-09-22T14:15:00+05:30,234.0,234.24000549316406,233.25,233.58999633789062,128478.0,yahoo
BANKBARODA,5m,2026-09-22T14:20:00+05:30,233.58999633789062,233.94000244140625,233.58999633789062,233.82000732421875,52347.0,yahoo
BANKBARODA,5m,2026-09-22T14:25:00+05:30,233.8000030517578,234.10000610351562,233.77999877929688,234.08999633789062,35627.0,yahoo
BANKBARODA,5m,2026-09-22T14:30:00+05:30,234.0500030517578,234.10000610351562,233.89999389648438,233.9600067138672,55740.0,yahoo
BANKBARODA,5m,2026-09-22T14:35:00+05:30,233.9600067138672,234.0399932861328,233.8300018310547,233.9499969482422,30785.0,yahoo
BANKBARODA,5m,2026-09-22T14:40:00+05:30,233.9499969482422,233.9499969482422,233.8000030517578,233.8800048828125,48271.0,yahoo
BANKBARODA,5m,2026-09-22T14:45:00+05:30,233.8800048828125,233.92999267578125,233.69000244140625,233.7899932861328,50913.0,yahoo
BANKBARODA,5m,2026-09-22T14:50:00+05:30,233.75999450683594,233.8000030517578,233.5500030517578,233.6999969482422,43226.0,yahoo
BANKBARODA,5m,2026-09-22T14:55:00+05:30,233.75,233.88999938964844,233.50999450683594,233.58999633789062,80365.0,yahoo
BANKBARODA,5m,2026-09-22T15:00:00+05:30,233.58999633789062,233.85000610351562,233.49000549316406,233.77000427246094,133988.0,yahoo
BANKBARODA,5m,2026-09-22T15:05:00+05:30,233.72999572753906,233.7899932861328,233.50999450683594,233.6300048828125,124965.0,yahoo
BANKBARODA,5m,2026-09-22T15:10:00+05:30,233.61000061035156,233.77999877929688,233.4499969482422,233.6999969482422,187461.0,yahoo
BANKBARODA,5m,2026-09-22T15:15:00+05:30,233.99000549316406,234.35000610351562,233.99000549316406,234.35000610351562,85735.0,yahoo
BANKINDIA,5m,2026-09-22T09:15:00+05:30,138.39999389648438,138.8000030517578,138.39999389648438,138.49000549316406,0.0,yahoo
BANKINDIA,5m,2026-09-22T09:20:00+05:30,138.49000549316406,138.6300048828125,138.4499969482422,138.6300048828125,56994.0,yahoo
BANKINDIA,5m,2026-09-22T09:25:00+05:30,138.58999633789062,138.58999633789062,138.35000610351562,138.44000244140625,87356.0,yahoo
BANKINDIA,5m,2026-09-22T09:30:00+05:30,138.44000244140625,138.52999877929688,138.3800048828125,138.39999389648438,40083.0,yahoo
BANKINDIA,5m,2026-09-22T09:35:00+05:30,138.39999389648438,138.5,138.3800048828125,138.5,45041.0,yahoo
BANKINDIA,5m,2026-09-22T09:40:00+05:30,138.50999450683594,138.60000610351562,138.36000061035156,138.3699951171875,35975.0,yahoo
BANKINDIA,5m,2026-09-22T09:45:00+05:30,138.41000366210938,138.6300048828125,138.3699951171875,138.6300048828125,23948.0,yahoo
BANKINDIA,5m,2026-09-22T09:50:00+05:30,138.6300048828125,138.72999572753906,138.50999450683594,138.5399932861328,24173.0,yahoo
BANKINDIA,5m,2026-09-22T09:55:00+05:30,138.50999450683594,138.52000427246094,138.33999633789062,138.36000061035156,32087.0,yahoo
BANKINDIA,5m,2026-09-22T10:00:00+05:30,138.3800048828125,138.39999389648438,138.25,138.3300018310547,54329.0,yahoo
BANKINDIA,5m,2026-09-22T10:05:00+05:30,138.33999633789062,138.3699951171875,138.2100067138672,138.32000732421875,63109.0,yahoo
BANKINDIA,5m,2026-09-22T10:10:00+05:30,138.35000610351562,138.36000061035156,138.3000030517578,138.33999633789062,68519.0,yahoo
BANKINDIA,5m,2026-09-22T10:15:00+05:30,138.33999633789062,138.33999633789062,138.1300048828125,138.17999267578125,107339.0,yahoo
BANKINDIA,5m,2026-09-22T10:20:00+05:30,138.17999267578125,138.22000122070312,138.1199951171875,138.14999389648438,61577.0,yahoo
BANKINDIA,5m,2026-09-22T10:25:00+05:30,138.14999389648438,138.25,138.14999389648438,138.2100067138672,30208.0,yahoo
BANKINDIA,5m,2026-09-22T10:30:00+05:30,138.2100067138672,138.2100067138672,138.1199951171875,138.14999389648438,30734.0,yahoo
BANKINDIA,5m,2026-09-22T10:35:00+05:30,138.14999389648438,138.22999572753906,138.00999450683594,138.07000732421875,69819.0,yahoo
BANKINDIA,5m,2026-09-22T10:40:00+05:30,138.1300048828125,138.1300048828125,137.88999938964844,138.0,88488.0,yahoo
BANKINDIA,5m,2026-09-22T10:45:00+05:30,137.99000549316406,137.99000549316406,137.74000549316406,137.74000549316406,94881.0,yahoo
BANKINDIA,5m,2026-09-22T10:50:00+05:30,137.69000244140625,137.82000732421875,137.69000244140625,137.80999755859375,63332.0,yahoo
BANKINDIA,5m,2026-09-22T10:55:00+05:30,137.80999755859375,137.89999389648438,137.77000427246094,137.82000732421875,57011.0,yahoo
BANKINDIA,5m,2026-09-22T11:00:00+05:30,137.82000732421875,137.82000732421875,137.64999389648438,137.6999969482422,30897.0,yahoo
BANKINDIA,5m,2026-09-22T11:05:00+05:30,137.6999969482422,137.6999969482422,137.5500030517578,137.6199951171875,20495.0,yahoo
BANKINDIA,5m,2026-09-22T11:10:00+05:30,137.6300048828125,137.72999572753906,137.61000061035156,137.72999572753906,15481.0,yahoo
BANKINDIA,5m,2026-09-22T11:15:00+05:30,137.72000122070312,137.7899932861328,137.72000122070312,137.77000427246094,27803.0,yahoo
BANKINDIA,5m,2026-09-22T11:20:00+05:30,137.7899932861328,137.83999633789062,137.74000549316406,137.80999755859375,47782.0,yahoo
BANKINDIA,5m,2026-09-22T11:25:00+05:30,137.7899932861328,137.8300018310547,137.7899932861328,137.8000030517578,10450.0,yahoo
BANKINDIA,5m,2026-09-22T11:30:00+05:30,137.8000030517578,137.8000030517578,137.69000244140625,137.72999572753906,20197.0,yahoo
BANKINDIA,5m,2026-09-22T11:35:00+05:30,137.72999572753906,137.77999877929688,137.6699981689453,137.7100067138672,21674.0,yahoo
BANKINDIA,5m,2026-09-22T11:40:00+05:30,137.7100067138672,137.75,137.66000366210938,137.67999267578125,46999.0,yahoo
BANKINDIA,5m,2026-09-22T11:45:00+05:30,137.67999267578125,137.67999267578125,137.60000610351562,137.64999389648438,42405.0,yahoo
BANKINDIA,5m,2026-09-22T11:50:00+05:30,137.64999389648438,137.69000244140625,137.61000061035156,137.6300048828125,38478.0,yahoo
BANKINDIA,5m,2026-09-22T11:55:00+05:30,137.64999389648438,137.66000366210938,137.61000061035156,137.64999389648438,7551.0,yahoo
BANKINDIA,5m,2026-09-22T12:00:00+05:30,137.64999389648438,137.64999389648438,137.52999877929688,137.58999633789062,47903.0,yahoo
BANKINDIA,5m,2026-09-22T12:05:00+05:30,137.5800018310547,137.61000061035156,137.5399932861328,137.61000061035156,15247.0,yahoo
BANKINDIA,5m,2026-09-22T12:10:00+05:30,137.6199951171875,137.67999267578125,137.5399932861328,137.60000610351562,22694.0,yahoo
BANKINDIA,5m,2026-09-22T12:15:00+05:30,137.6199951171875,137.6199951171875,137.52000427246094,137.6199951171875,31391.0,yahoo
BANKINDIA,5m,2026-09-22T12:20:00+05:30,137.6199951171875,137.7100067138672,137.61000061035156,137.66000366210938,35044.0,yahoo
BANKINDIA,5m,2026-09-22T12:25:00+05:30,137.66000366210938,137.6699981689453,137.6199951171875,137.64999389648438,4865.0,yahoo
BANKINDIA,5m,2026-09-22T12:30:00+05:30,137.63999938964844,137.67999267578125,137.6199951171875,137.64999389648438,3325.0,yahoo
BANKINDIA,5m,2026-09-22T12:35:00+05:30,137.64999389648438,137.7100067138672,137.6199951171875,137.6199951171875,46807.0,yahoo
BANKINDIA,5m,2026-09-22T12:40:00+05:30,137.6199951171875,137.64999389648438,137.3699951171875,137.39999389648438,86789.0,yahoo
BANKINDIA,5m,2026-09-22T12:45:00+05:30,137.4199981689453,137.52000427246094,137.39999389648438,137.47999572753906,18430.0,yahoo
BANKINDIA,5m,2026-09-22T12:50:00+05:30,137.4600067138672,137.47999572753906,137.35000610351562,137.39999389648438,34950.0,yahoo
BANKINDIA,5m,2026-09-22T12:55:00+05:30,137.39999389648438,137.4499969482422,137.38999938964844,137.44000244140625,43126.0,yahoo
BANKINDIA,5m,2026-09-22T13:00:00+05:30,137.44000244140625,137.44000244140625,137.3000030517578,137.3000030517578,34474.0,yahoo
BANKINDIA,5m,2026-09-22T13:05:00+05:30,137.3000030517578,137.39999389648438,137.25,137.3800048828125,32197.0,yahoo
BANKINDIA,5m,2026-09-22T13:10:00+05:30,137.38999938964844,137.4499969482422,137.30999755859375,137.36000061035156,13933.0,yahoo
BANKINDIA,5m,2026-09-22T13:15:00+05:30,137.39999389648438,137.39999389648438,137.25,137.3300018310547,31027.0,yahoo
BANKINDIA,5m,2026-09-22T13:20:00+05:30,137.3000030517578,137.3300018310547,137.25,137.2899932861328,39296.0,yahoo
BANKINDIA,5m,2026-09-22T13:25:00+05:30,137.3000030517578,137.33999633789062,137.27000427246094,137.2899932861328,11587.0,yahoo
BANKINDIA,5m,2026-09-22T13:30:00+05:30,137.2899932861328,137.41000366210938,137.2899932861328,137.38999938964844,17622.0,yahoo
BANKINDIA,5m,2026-09-22T13:35:00+05:30,137.33999633789062,137.4199981689453,137.33999633789062,137.3800048828125,21072.0,yahoo
BANKINDIA,5m,2026-09-22T13:40:00+05:30,137.38999938964844,137.47000122070312,137.35000610351562,137.38999938964844,42860.0,yahoo
BANKINDIA,5m,2026-09-22T13:45:00+05:30,137.33999633789062,137.4499969482422,137.30999755859375,137.3699951171875,13831.0,yahoo
BANKINDIA,5m,2026-09-22T13:50:00+05:30,137.3699951171875,137.3699951171875,137.1999969482422,137.22000122070312,42705.0,yahoo
BANKINDIA,5m,2026-09-22T13:55:00+05:30,137.22000122070312,137.3300018310547,137.2100067138672,137.30999755859375,19285.0,yahoo
BANKINDIA,5m,2026-09-22T14:00:00+05:30,137.30999755859375,137.35000610351562,137.22000122070312,137.33999633789062,23341.0,yahoo
BANKINDIA,5m,2026-09-22T14:05:00+05:30,137.33999633789062,137.3800048828125,137.2899932861328,137.3699951171875,8189.0,yahoo
BANKINDIA,5m,2026-09-22T14:10:00+05:30,137.3800048828125,137.6699981689453,137.36000061035156,137.6699981689453,45600.0,yahoo
BANKINDIA,5m,2026-09-22T14:15:00+05:30,137.77000427246094,137.8300018310547,137.6199951171875,137.72999572753906,43431.0,yahoo
BANKINDIA,5m,2026-09-22T14:20:00+05:30,137.74000549316406,137.82000732421875,137.6999969482422,137.74000549316406,41960.0,yahoo
BANKINDIA,5m,2026-09-22T14:25:00+05:30,137.74000549316406,137.8000030517578,137.6999969482422,137.75999450683594,6206.0,yahoo
BANKINDIA,5m,2026-09-22T14:30:00+05:30,137.7899932861328,137.85000610351562,137.7100067138672,137.72999572753906,39024.0,yahoo
BANKINDIA,5m,2026-09-22T14:35:00+05:30,137.72999572753906,137.8000030517578,137.64999389648438,137.6999969482422,31242.0,yahoo
BANKINDIA,5m,2026-09-22T14:40:00+05:30,137.6999969482422,137.74000549316406,137.39999389648438,137.57000732421875,34443.0,yahoo
BANKINDIA,5m,2026-09-22T14:45:00+05:30,137.5800018310547,137.69000244140625,137.5500030517578,137.61000061035156,11755.0,yahoo
BANKINDIA,5m,2026-09-22T14:50:00+05:30,137.61000061035156,137.85000610351562,137.58999633789062,137.8000030517578,65082.0,yahoo
BANKINDIA,5m,2026-09-22T14:55:00+05:30,137.74000549316406,137.8000030517578,137.64999389648438,137.64999389648438,16972.0,yahoo
BANKINDIA,5m,2026-09-22T15:00:00+05:30,137.64999389648438,137.69000244140625,137.5,137.5,85435.0,yahoo
BANKINDIA,5m,2026-09-22T15:05:00+05:30,137.5,137.5399932861328,137.39999389648438,137.44000244140625,139907.0,yahoo
BANKINDIA,5m,2026-09-22T15:10:00+05:30,137.4199981689453,137.5,137.1999969482422,137.1999969482422,130035.0,yahoo
BANKINDIA,5m,2026-09-22T15:15:00+05:30,137.22000122070312,137.22000122070312,137.00999450683594,137.00999450683594,55064.0,yahoo
BANKNIFTY,5m,2026-09-22T09:15:00+05:30,56512.1015625,56644.69921875,56512.1015625,56571.75,0.0,yahoo
BANKNIFTY,5m,2026-09-22T09:20:00+05:30,56572.55078125,56631.1015625,56558.94921875,56618.5,0.0,yahoo
BANKNIFTY,5m,2026-09-22T09:25:00+05:30,56623.19921875,56653.80078125,56551.05078125,56650.44921875,0.0,yahoo
BANKNIFTY,5m,2026-09-22T09:30:00+05:30,56651.8515625,56671.0,56574.55078125,56587.69921875,0.0,yahoo
BANKNIFTY,5m,2026-09-22T09:35:00+05:30,56584.3984375,56629.1484375,56580.94921875,56625.8515625,0.0,yahoo
BANKNIFTY,5m,2026-09-22T09:40:00+05:30,56626.8515625,56626.94921875,56587.1015625,56620.05078125,0.0,yahoo
BANKNIFTY,5m,2026-09-22T09:45:00+05:30,56622.05078125,56643.6015625,56596.6015625,56618.80078125,0.0,yahoo
BANKNIFTY,5m,2026-09-22T09:50:00+05:30,56620.1484375,56660.25,56610.1015625,56616.25,0.0,yahoo
BANKNIFTY,5m,2026-09-22T09:55:00+05:30,56616.25,56617.80078125,56586.94921875,56605.1484375,0.0,yahoo
BANKNIFTY,5m,2026-09-22T10:00:00+05:30,56607.25,56622.8515625,56570.19921875,56587.69921875,0.0,yahoo
BANKNIFTY,5m,2026-09-22T10:05:00+05:30,56589.44921875,56600.94921875,56550.44921875,56598.94921875,0.0,yahoo
BANKNIFTY,5m,2026-09-22T10:10:00+05:30,56598.6015625,56610.25,56577.5,56599.30078125,0.0,yahoo
BANKNIFTY,5m,2026-09-22T10:15:00+05:30,56600.3984375,56603.3515625,56561.5,56563.25,0.0,yahoo
BANKNIFTY,5m,2026-09-22T10:20:00+05:30,56565.8984375,56567.3984375,56494.55078125,56516.75,0.0,yahoo
BANKNIFTY,5m,2026-09-22T10:25:00+05:30,56515.80078125,56533.30078125,56498.1484375,56514.8984375,0.0,yahoo
BANKNIFTY,5m,2026-09-22T10:30:00+05:30,56510.3515625,56516.05078125,56423.44921875,56445.6484375,0.0,yahoo
BANKNIFTY,5m,2026-09-22T10:35:00+05:30,56445.6484375,56445.6484375,56390.75,56407.75,0.0,yahoo
BANKNIFTY,5m,2026-09-22T10:40:00+05:30,56405.05078125,56424.69921875,56339.94921875,56374.94921875,0.0,yahoo
BANKNIFTY,5m,2026-09-22T10:45:00+05:30,56373.55078125,56392.8984375,56357.55078125,56360.0,0.0,yahoo
BANKNIFTY,5m,2026-09-22T10:50:00+05:30,56359.8984375,56361.6484375,56318.80078125,56354.69921875,0.0,yahoo
BANKNIFTY,5m,2026-09-22T10:55:00+05:30,56354.69921875,56396.55078125,56347.80078125,56388.8515625,0.0,yahoo
BANKNIFTY,5m,2026-09-22T11:00:00+05:30,56390.6015625,56392.19921875,56326.1015625,56329.69921875,0.0,yahoo
BANKNIFTY,5m,2026-09-22T11:05:00+05:30,56329.80078125,56332.3984375,56291.6484375,56318.25,0.0,yahoo
BANKNIFTY,5m,2026-09-22T11:10:00+05:30,56318.69921875,56367.6484375,56315.05078125,56362.05078125,0.0,yahoo
BANKNIFTY,5m,2026-09-22T11:15:00+05:30,56362.6484375,56363.25,56328.30078125,56330.69921875,0.0,yahoo
BANKNIFTY,5m,2026-09-22T11:20:00+05:30,56332.55078125,56361.3984375,56325.3984375,56354.6484375,0.0,yahoo
BANKNIFTY,5m,2026-09-22T11:25:00+05:30,56354.6484375,56371.6484375,56337.80078125,56344.19921875,0.0,yahoo
BANKNIFTY,5m,2026-09-22T11:30:00+05:30,56345.80078125,56349.94921875,56297.1484375,56297.1484375,0.0,yahoo
BANKNIFTY,5m,2026-09-22T11:35:00+05:30,56296.6015625,56298.69921875,56262.25,56263.8515625,0.0,yahoo
BANKNIFTY,5m,2026-09-22T11:40:00+05:30,56263.8515625,56276.30078125,56250.5,56259.3984375,0.0,yahoo
BANKNIFTY,5m,2026-09-22T11:45:00+05:30,56260.69921875,56262.19921875,56225.44921875,56255.3515625,0.0,yahoo
BANKNIFTY,5m,2026-09-22T11:50:00+05:30,56257.1484375,56271.3984375,56228.25,56228.25,0.0,yahoo
BANKNIFTY,5m,2026-09-22T11:55:00+05:30,56228.94921875,56269.0,56216.25,56265.1015625,0.0,yahoo
BANKNIFTY,5m,2026-09-22T12:00:00+05:30,56265.75,56289.94921875,56253.80078125,56277.1015625,0.0,yahoo
BANKNIFTY,5m,2026-09-22T12:05:00+05:30,56278.25,56296.69921875,56267.05078125,56294.19921875,0.0,yahoo
BANKNIFTY,5m,2026-09-22T12:10:00+05:30,56293.8984375,56298.55078125,56259.8984375,56265.6015625,0.0,yahoo
BANKNIFTY,5m,2026-09-22T12:15:00+05:30,56266.19921875,56298.1484375,56247.69921875,56290.05078125,0.0,yahoo
BANKNIFTY,5m,2026-09-22T12:20:00+05:30,56294.05078125,56298.55078125,56276.5,56278.69921875,0.0,yahoo
BANKNIFTY,5m,2026-09-22T12:25:00+05:30,56279.30078125,56299.3984375,56269.75,56276.0,0.0,yahoo
BANKNIFTY,5m,2026-09-22T12:30:00+05:30,56276.6015625,56294.5,56255.5,56293.6015625,0.0,yahoo
BANKNIFTY,5m,2026-09-22T12:35:00+05:30,56290.1484375,56299.0,56259.05078125,56263.69921875,0.0,yahoo
BANKNIFTY,5m,2026-09-22T12:40:00+05:30,56266.80078125,56273.0,56208.75,56208.75,0.0,yahoo
BANKNIFTY,5m,2026-09-22T12:45:00+05:30,56209.30078125,56245.3984375,56196.05078125,56215.80078125,0.0,yahoo
BANKNIFTY,5m,2026-09-22T12:50:00+05:30,56213.75,56223.1015625,56189.8984375,56201.3515625,0.0,yahoo
BANKNIFTY,5m,2026-09-22T12:55:00+05:30,56204.1484375,56214.44921875,56182.1484375,56194.19921875,0.0,yahoo
BANKNIFTY,5m,2026-09-22T13:00:00+05:30,56194.19921875,56198.69921875,56154.55078125,56165.3984375,0.0,yahoo
BANKNIFTY,5m,2026-09-22T13:05:00+05:30,56165.5,56204.6015625,56163.44921875,56204.0,0.0,yahoo
BANKNIFTY,5m,2026-09-22T13:10:00+05:30,56199.8515625,56214.1015625,56179.30078125,56198.94921875,0.0,yahoo
BANKNIFTY,5m,2026-09-22T13:15:00+05:30,56200.1015625,56210.6484375,56175.94921875,56195.3515625,0.0,yahoo
BANKNIFTY,5m,2026-09-22T13:20:00+05:30,56195.6015625,56195.6015625,56162.5,56177.75,0.0,yahoo
BANKNIFTY,5m,2026-09-22T13:25:00+05:30,56177.75,56195.44921875,56164.3515625,56187.05078125,0.0,yahoo
BANKNIFTY,5m,2026-09-22T13:30:00+05:30,56187.05078125,56207.8515625,56183.3515625,56194.5,0.0,yahoo
BANKNIFTY,5m,2026-09-22T13:35:00+05:30,56194.5,56215.75,56190.75,56207.3515625,0.0,yahoo
BANKNIFTY,5m,2026-09-22T13:40:00+05:30,56209.69921875,56221.44921875,56187.94921875,56193.6015625,0.0,yahoo
BANKNIFTY,5m,2026-09-22T13:45:00+05:30,56193.69921875,56193.69921875,56160.5,56180.94921875,0.0,yahoo
BANKNIFTY,5m,2026-09-22T13:50:00+05:30,56181.5,56188.1484375,56112.5,56129.3515625,0.0,yahoo
BANKNIFTY,5m,2026-09-22T13:55:00+05:30,56130.1484375,56165.30078125,56127.44921875,56146.0,0.0,yahoo
BANKNIFTY,5m,2026-09-22T14:00:00+05:30,56147.19921875,56158.6484375,56106.94921875,56150.05078125,0.0,yahoo
BANKNIFTY,5m,2026-09-22T14:05:00+05:30,56153.25,56170.05078125,56132.69921875,56169.5,0.0,yahoo
BANKNIFTY,5m,2026-09-22T14:10:00+05:30,56172.30078125,56364.25,56170.0,56352.69921875,0.0,yahoo
BANKNIFTY,5m,2026-09-22T14:15:00+05:30,56358.8515625,56394.94921875,56289.55078125,56329.3515625,0.0,yahoo
BANKNIFTY,5m,2026-09-22T14:20:00+05:30,56327.05078125,56372.44921875,56307.55078125,56313.1015625,0.0,yahoo
BANKNIFTY,5m,2026-09-22T14:25:00+05:30,56313.75,56359.19921875,56308.30078125,56344.6015625,0.0,yahoo
BANKNIFTY,5m,2026-09-22T14:30:00+05:30,56346.1015625,56364.05078125,56304.5,56312.94921875,0.0,yahoo
BANKNIFTY,5m,2026-09-22T14:35:00+05:30,56313.55078125,56342.30078125,56290.55078125,56293.3984375,0.0,yahoo
BANKNIFTY,5m,2026-09-22T14:40:00+05:30,56296.5,56310.1015625,56233.1015625,56263.44921875,0.0,yahoo
BANKNIFTY,5m,2026-09-22T14:45:00+05:30,56264.0,56300.0,56260.1484375,56272.6015625,0.0,yahoo
BANKNIFTY,5m,2026-09-22T14:50:00+05:30,56272.19921875,56297.19921875,56256.05078125,56273.75,0.0,yahoo
BANKNIFTY,5m,2026-09-22T14:55:00+05:30,56279.44921875,56283.05078125,56224.05078125,56243.30078125,0.0,yahoo
BANKNIFTY,5m,2026-09-22T15:00:00+05:30,56245.1484375,56287.44921875,56231.94921875,56275.3984375,0.0,yahoo
BANKNIFTY,5m,2026-09-22T15:05:00+05:30,56277.05078125,56286.1484375,56245.80078125,56266.94921875,0.0,yahoo
BANKNIFTY,5m,2026-09-22T15:10:00+05:30,56268.6484375,56306.05078125,56250.1015625,56280.94921875,0.0,yahoo
BANKNIFTY,5m,2026-09-22T15:15:00+05:30,56280.94921875,56280.94921875,56280.94921875,56280.94921875,0.0,yahoo
BANKNIFTY,5m,2026-09-22T15:20:00+05:30,56280.94921875,56280.94921875,56280.94921875,56280.94921875,0.0,yahoo
BANKNIFTY,5m,2026-09-22T15:25:00+05:30,56280.94921875,56280.94921875,56215.55078125,56215.55078125,0.0,yahoo
BEL,5m,2026-09-22T09:15:00+05:30,399.3500061035156,400.3999938964844,399.1499938964844,400.1499938964844,0.0,yahoo
BEL,5m,2026-09-22T09:20:00+05:30,400.0,400.25,399.54998779296875,400.0,194252.0,yahoo
BEL,5m,2026-09-22T09:25:00+05:30,399.79998779296875,399.79998779296875,398.6499938964844,398.8500061035156,162824.0,yahoo
BEL,5m,2026-09-22T09:30:00+05:30,399.04998779296875,399.5,398.54998779296875,398.79998779296875,97663.0,yahoo
BEL,5m,2026-09-22T09:35:00+05:30,398.79998779296875,399.8999938964844,398.70001220703125,399.20001220703125,111889.0,yahoo
BEL,5m,2026-09-22T09:40:00+05:30,399.1000061035156,399.3500061035156,398.95001220703125,399.04998779296875,81155.0,yahoo
BEL,5m,2026-09-22T09:45:00+05:30,399.04998779296875,399.25,398.5,398.70001220703125,117443.0,yahoo
BEL,5m,2026-09-22T09:50:00+05:30,398.70001220703125,398.70001220703125,398.3999938964844,398.5,54691.0,yahoo
BEL,5m,2026-09-22T09:55:00+05:30,398.45001220703125,398.95001220703125,398.3999938964844,398.6499938964844,68606.0,yahoo
BEL,5m,2026-09-22T10:00:00+05:30,398.70001220703125,398.70001220703125,398.25,398.6000061035156,73200.0,yahoo
BEL,5m,2026-09-22T10:05:00+05:30,398.6499938964844,398.6499938964844,398.3999938964844,398.54998779296875,46911.0,yahoo
BEL,5m,2026-09-22T10:10:00+05:30,398.5,398.54998779296875,398.0,398.04998779296875,75875.0,yahoo
BEL,5m,2026-09-22T10:15:00+05:30,398.04998779296875,398.45001220703125,398.04998779296875,398.25,57586.0,yahoo
BEL,5m,2026-09-22T10:20:00+05:30,398.20001220703125,398.20001220703125,397.5,397.54998779296875,100544.0,yahoo
BEL,5m,2026-09-22T10:25:00+05:30,397.5,397.95001220703125,397.45001220703125,397.8500061035156,82739.0,yahoo
BEL,5m,2026-09-22T10:30:00+05:30,397.75,397.8999938964844,397.54998779296875,397.6499938964844,54556.0,yahoo
BEL,5m,2026-09-22T10:35:00+05:30,397.6000061035156,397.6000061035156,397.1000061035156,397.25,55550.0,yahoo
BEL,5m,2026-09-22T10:40:00+05:30,397.25,397.95001220703125,397.20001220703125,397.54998779296875,103233.0,yahoo
BEL,5m,2026-09-22T10:45:00+05:30,397.5,397.6000061035156,397.3999938964844,397.3999938964844,44971.0,yahoo
BEL,5m,2026-09-22T10:50:00+05:30,397.3999938964844,397.5,397.3500061035156,397.45001220703125,65575.0,yahoo
BEL,5m,2026-09-22T10:55:00+05:30,397.45001220703125,398.54998779296875,397.45001220703125,398.20001220703125,331877.0,yahoo
BEL,5m,2026-09-22T11:00:00+05:30,398.29998779296875,399.0,398.04998779296875,399.0,386736.0,yahoo
BEL,5m,2026-09-22T11:05:00+05:30,399.0,399.1499938964844,398.04998779296875,398.1000061035156,232725.0,yahoo
BEL,5m,2026-09-22T11:10:00+05:30,398.04998779296875,398.6499938964844,398.0,398.5,133167.0,yahoo
BEL,5m,2026-09-22T11:15:00+05:30,398.5,399.0,398.20001220703125,398.29998779296875,280503.0,yahoo
BEL,5m,2026-09-22T11:20:00+05:30,398.20001220703125,398.29998779296875,397.54998779296875,397.79998779296875,167727.0,yahoo
BEL,5m,2026-09-22T11:25:00+05:30,397.75,397.8999938964844,397.1000061035156,397.1000061035156,177771.0,yahoo
BEL,5m,2026-09-22T11:30:00+05:30,397.1000061035156,397.5,396.5,396.5,203464.0,yahoo
BEL,5m,2026-09-22T11:35:00+05:30,396.3500061035156,396.5,396.1000061035156,396.3500061035156,93866.0,yahoo
BEL,5m,2026-09-22T11:40:00+05:30,396.29998779296875,396.70001220703125,396.29998779296875,396.54998779296875,53938.0,yahoo
BEL,5m,2026-09-22T11:45:00+05:30,396.5,397.3999938964844,396.29998779296875,397.20001220703125,343032.0,yahoo
BEL,5m,2026-09-22T11:50:00+05:30,397.1000061035156,397.3999938964844,397.04998779296875,397.1000061035156,40404.0,yahoo
BEL,5m,2026-09-22T11:55:00+05:30,397.04998779296875,397.1000061035156,396.54998779296875,396.95001220703125,59099.0,yahoo
BEL,5m,2026-09-22T12:00:00+05:30,396.95001220703125,397.79998779296875,396.79998779296875,397.79998779296875,290153.0,yahoo
BEL,5m,2026-09-22T12:05:00+05:30,397.75,397.75,397.3999938964844,397.5,55842.0,yahoo
BEL,5m,2026-09-22T12:10:00+05:30,397.5,397.6000061035156,397.3999938964844,397.3999938964844,37755.0,yahoo
BEL,5m,2026-09-22T12:15:00+05:30,397.3999938964844,397.45001220703125,397.04998779296875,397.3999938964844,105757.0,yahoo
BEL,5m,2026-09-22T12:20:00+05:30,397.45001220703125,398.3999938964844,397.29998779296875,398.20001220703125,116414.0,yahoo
BEL,5m,2026-09-22T12:25:00+05:30,398.3500061035156,398.75,398.20001220703125,398.45001220703125,56763.0,yahoo
BEL,5m,2026-09-22T12:30:00+05:30,398.54998779296875,398.54998779296875,398.25,398.29998779296875,33577.0,yahoo
BEL,5m,2026-09-22T12:35:00+05:30,398.25,398.45001220703125,398.20001220703125,398.29998779296875,40336.0,yahoo
BEL,5m,2026-09-22T12:40:00+05:30,398.29998779296875,398.8500061035156,398.1000061035156,398.20001220703125,215153.0,yahoo
BEL,5m,2026-09-22T12:45:00+05:30,398.20001220703125,398.54998779296875,398.04998779296875,398.3999938964844,67846.0,yahoo
BEL,5m,2026-09-22T12:50:00+05:30,398.3500061035156,398.6000061035156,398.0,398.0,77416.0,yahoo
BEL,5m,2026-09-22T12:55:00+05:30,398.04998779296875,398.04998779296875,397.6499938964844,397.75,38379.0,yahoo
BEL,5m,2026-09-22T13:00:00+05:30,397.79998779296875,397.79998779296875,397.3999938964844,397.45001220703125,35884.0,yahoo
BEL,5m,2026-09-22T13:05:00+05:30,397.5,397.8999938964844,397.5,397.8500061035156,37784.0,yahoo
BEL,5m,2026-09-22T13:10:00+05:30,397.8500061035156,397.8500061035156,397.54998779296875,397.70001220703125,92533.0,yahoo
BEL,5m,2026-09-22T13:15:00+05:30,397.6499938964844,397.6499938964844,397.0,397.04998779296875,47062.0,yahoo
BEL,5m,2026-09-22T13:20:00+05:30,397.04998779296875,397.29998779296875,396.75,397.29998779296875,66067.0,yahoo
BEL,5m,2026-09-22T13:25:00+05:30,397.20001220703125,397.54998779296875,397.04998779296875,397.3500061035156,38459.0,yahoo
BEL,5m,2026-09-22T13:30:00+05:30,397.3500061035156,397.45001220703125,397.25,397.3500061035156,24621.0,yahoo
BEL,5m,2026-09-22T13:35:00+05:30,397.3999938964844,397.3999938964844,397.29998779296875,397.3500061035156,25024.0,yahoo
BEL,5m,2026-09-22T13:40:00+05:30,397.3500061035156,397.5,397.20001220703125,397.25,36745.0,yahoo
BEL,5m,2026-09-22T13:45:00+05:30,397.20001220703125,397.20001220703125,396.8999938964844,396.8999938964844,33785.0,yahoo
BEL,5m,2026-09-22T13:50:00+05:30,396.8999938964844,397.0,396.25,396.3999938964844,45068.0,yahoo
BEL,5m,2026-09-22T13:55:00+05:30,396.3500061035156,396.6000061035156,396.29998779296875,396.3500061035156,53564.0,yahoo
BEL,5m,2026-09-22T14:00:00+05:30,396.25,396.3999938964844,395.8999938964844,396.25,142734.0,yahoo
BEL,5m,2026-09-22T14:05:00+05:30,396.20001220703125,396.3999938964844,396.0,396.20001220703125,45376.0,yahoo
BEL,5m,2026-09-22T14:10:00+05:30,396.29998779296875,397.1499938964844,396.1499938964844,397.1499938964844,86394.0,yahoo
BEL,5m,2026-09-22T14:15:00+05:30,397.1000061035156,397.45001220703125,396.54998779296875,396.6499938964844,62692.0,yahoo
BEL,5m,2026-09-22T14:20:00+05:30,396.6499938964844,397.1000061035156,396.6499938964844,396.79998779296875,76254.0,yahoo
BEL,5m,2026-09-22T14:25:00+05:30,396.70001220703125,396.95001220703125,396.70001220703125,396.8999938964844,46627.0,yahoo
BEL,5m,2026-09-22T14:30:00+05:30,396.8500061035156,396.8999938964844,396.75,396.75,63450.0,yahoo
BEL,5m,2026-09-22T14:35:00+05:30,396.75,396.8999938964844,396.6499938964844,396.75,83153.0,yahoo
BEL,5m,2026-09-22T14:40:00+05:30,396.75,397.79998779296875,396.6000061035156,397.5,126816.0,yahoo
BEL,5m,2026-09-22T14:45:00+05:30,397.70001220703125,397.8999938964844,397.29998779296875,397.6499938964844,118443.0,yahoo
BEL,5m,2026-09-22T14:50:00+05:30,397.6499938964844,398.04998779296875,397.6499938964844,397.8999938964844,258273.0,yahoo
BEL,5m,2026-09-22T14:55:00+05:30,397.8999938964844,398.1000061035156,397.29998779296875,397.29998779296875,226831.0,yahoo
BEL,5m,2026-09-22T15:00:00+05:30,397.29998779296875,397.6000061035156,397.04998779296875,397.1000061035156,162017.0,yahoo
BEL,5m,2026-09-22T15:05:00+05:30,397.1000061035156,397.1000061035156,396.54998779296875,396.70001220703125,163104.0,yahoo
BEL,5m,2026-09-22T15:10:00+05:30,396.75,397.04998779296875,396.5,396.5,351040.0,yahoo
BEL,5m,2026-09-22T15:15:00+05:30,396.5,397.8999938964844,396.5,397.8999938964844,313221.0,yahoo
BHARTIARTL,5m,2026-09-22T09:15:00+05:30,1832.0999755859375,1832.0999755859375,1823.4000244140625,1826.300048828125,0.0,yahoo
BHARTIARTL,5m,2026-09-22T09:20:00+05:30,1825.0999755859375,1827.5999755859375,1822.800048828125,1827.5,70814.0,yahoo
BHARTIARTL,5m,2026-09-22T09:25:00+05:30,1827.4000244140625,1827.699951171875,1826.0999755859375,1826.0999755859375,37944.0,yahoo
BHARTIARTL,5m,2026-09-22T09:30:00+05:30,1826.0,1827.199951171875,1825.4000244140625,1826.0,44278.0,yahoo
BHARTIARTL,5m,2026-09-22T09:35:00+05:30,1825.800048828125,1827.0999755859375,1825.0999755859375,1827.0999755859375,40610.0,yahoo
BHARTIARTL,5m,2026-09-22T09:40:00+05:30,1827.0999755859375,1828.300048828125,1826.4000244140625,1826.9000244140625,28843.0,yahoo
BHARTIARTL,5m,2026-09-22T09:45:00+05:30,1827.0,1827.0,1825.699951171875,1826.800048828125,23742.0,yahoo
BHARTIARTL,5m,2026-09-22T09:50:00+05:30,1826.199951171875,1826.800048828125,1825.0,1825.5999755859375,38926.0,yahoo
BHARTIARTL,5m,2026-09-22T09:55:00+05:30,1825.5,1828.5,1825.199951171875,1828.5,47556.0,yahoo
BHARTIARTL,5m,2026-09-22T10:00:00+05:30,1828.5999755859375,1829.0,1828.0999755859375,1828.800048828125,21700.0,yahoo
BHARTIARTL,5m,2026-09-22T10:05:00+05:30,1828.699951171875,1833.0,1828.0999755859375,1831.5,59624.0,yahoo
BHARTIARTL,5m,2026-09-22T10:10:00+05:30,1832.0999755859375,1833.300048828125,1831.300048828125,1832.300048828125,33695.0,yahoo
BHARTIARTL,5m,2026-09-22T10:15:00+05:30,1832.0999755859375,1835.199951171875,1830.800048828125,1834.699951171875,119145.0,yahoo
BHARTIARTL,5m,2026-09-22T10:20:00+05:30,1834.5999755859375,1836.300048828125,1833.0999755859375,1833.4000244140625,47571.0,yahoo
BHARTIARTL,5m,2026-09-22T10:25:00+05:30,1833.5,1833.5,1830.699951171875,1832.0,33958.0,yahoo
BHARTIARTL,5m,2026-09-22T10:30:00+05:30,1831.5999755859375,1832.300048828125,1830.0,1831.5999755859375,111095.0,yahoo
BHARTIARTL,5m,2026-09-22T10:35:00+05:30,1831.4000244140625,1831.5,1828.0,1828.699951171875,50939.0,yahoo
BHARTIARTL,5m,2026-09-22T10:40:00+05:30,1828.699951171875,1832.4000244140625,1828.699951171875,1830.5999755859375,66112.0,yahoo
BHARTIARTL,5m,2026-09-22T10:45:00+05:30,1830.5,1830.5,1828.5,1828.5,41150.0,yahoo
BHARTIARTL,5m,2026-09-22T10:50:00+05:30,1828.5,1829.0,1827.699951171875,1828.800048828125,22004.0,yahoo
BHARTIARTL,5m,2026-09-22T10:55:00+05:30,1828.5999755859375,1831.5,1828.300048828125,1830.0,98916.0,yahoo
BHARTIARTL,5m,2026-09-22T11:00:00+05:30,1830.0,1831.800048828125,1829.800048828125,1830.0,127557.0,yahoo
BHARTIARTL,5m,2026-09-22T11:05:00+05:30,1831.0999755859375,1832.800048828125,1830.5,1831.199951171875,154448.0,yahoo
BHARTIARTL,5m,2026-09-22T11:10:00+05:30,1832.300048828125,1832.300048828125,1830.300048828125,1831.199951171875,64003.0,yahoo
BHARTIARTL,5m,2026-09-22T11:15:00+05:30,1831.199951171875,1832.4000244140625,1830.0,1830.0,65906.0,yahoo
BHARTIARTL,5m,2026-09-22T11:20:00+05:30,1830.0,1830.9000244140625,1830.0,1830.5,23399.0,yahoo
BHARTIARTL,5m,2026-09-22T11:25:00+05:30,1830.9000244140625,1831.800048828125,1830.0,1830.300048828125,27226.0,yahoo
BHARTIARTL,5m,2026-09-22T11:30:00+05:30,1830.4000244140625,1830.699951171875,1829.5999755859375,1829.699951171875,20302.0,yahoo
BHARTIARTL,5m,2026-09-22T11:35:00+05:30,1828.699951171875,1829.0,1828.199951171875,1828.300048828125,16544.0,yahoo
BHARTIARTL,5m,2026-09-22T11:40:00+05:30,1828.199951171875,1828.5999755859375,1828.0999755859375,1828.0999755859375,25347.0,yahoo
BHARTIARTL,5m,2026-09-22T11:45:00+05:30,1828.0999755859375,1828.199951171875,1826.199951171875,1826.800048828125,76826.0,yahoo
BHARTIARTL,5m,2026-09-22T11:50:00+05:30,1826.800048828125,1826.9000244140625,1826.0999755859375,1826.5,19791.0,yahoo
BHARTIARTL,5m,2026-09-22T11:55:00+05:30,1826.5,1827.5999755859375,1825.5,1825.699951171875,31601.0,yahoo
BHARTIARTL,5m,2026-09-22T12:00:00+05:30,1825.699951171875,1827.199951171875,1825.5999755859375,1826.300048828125,63388.0,yahoo
BHARTIARTL,5m,2026-09-22T12:05:00+05:30,1826.300048828125,1827.4000244140625,1825.9000244140625,1826.5,26550.0,yahoo
BHARTIARTL,5m,2026-09-22T12:10:00+05:30,1826.5,1827.199951171875,1825.9000244140625,1825.9000244140625,30685.0,yahoo
BHARTIARTL,5m,2026-09-22T12:15:00+05:30,1825.9000244140625,1826.699951171875,1825.699951171875,1826.699951171875,34246.0,yahoo
BHARTIARTL,5m,2026-09-22T12:20:00+05:30,1826.9000244140625,1827.0,1823.800048828125,1824.300048828125,58828.0,yahoo
BHARTIARTL,5m,2026-09-22T12:25:00+05:30,1824.300048828125,1824.9000244140625,1822.5,1822.699951171875,61669.0,yahoo
BHARTIARTL,5m,2026-09-22T12:30:00+05:30,1822.5999755859375,1823.5,1822.0,1822.5,36365.0,yahoo
BHARTIARTL,5m,2026-09-22T12:35:00+05:30,1822.5,1823.0,1822.0,1822.0999755859375,14942.0,yahoo
BHARTIARTL,5m,2026-09-22T12:40:00+05:30,1822.0999755859375,1823.0,1821.699951171875,1821.699951171875,26985.0,yahoo
BHARTIARTL,5m,2026-09-22T12:45:00+05:30,1821.9000244140625,1822.699951171875,1821.5,1821.5999755859375,29825.0,yahoo
BHARTIARTL,5m,2026-09-22T12:50:00+05:30,1821.5,1822.9000244140625,1821.0,1821.199951171875,46664.0,yahoo
BHARTIARTL,5m,2026-09-22T12:55:00+05:30,1821.0999755859375,1821.5,1820.199951171875,1820.300048828125,42757.0,yahoo
BHARTIARTL,5m,2026-09-22T13:00:00+05:30,1820.5,1820.9000244140625,1818.699951171875,1818.9000244140625,53961.0,yahoo
BHARTIARTL,5m,2026-09-22T13:05:00+05:30,1818.9000244140625,1819.5999755859375,1818.199951171875,1819.5,20987.0,yahoo
BHARTIARTL,5m,2026-09-22T13:10:00+05:30,1819.300048828125,1820.0,1819.300048828125,1819.4000244140625,20815.0,yahoo
BHARTIARTL,5m,2026-09-22T13:15:00+05:30,1819.4000244140625,1819.9000244140625,1819.199951171875,1819.9000244140625,24437.0,yahoo
BHARTIARTL,5m,2026-09-22T13:20:00+05:30,1819.800048828125,1819.800048828125,1816.0999755859375,1816.5999755859375,51756.0,yahoo
BHARTIARTL,5m,2026-09-22T13:25:00+05:30,1816.5,1818.0,1816.5,1817.699951171875,22928.0,yahoo
BHARTIARTL,5m,2026-09-22T13:30:00+05:30,1817.5999755859375,1818.0,1816.5999755859375,1816.9000244140625,30094.0,yahoo
BHARTIARTL,5m,2026-09-22T13:35:00+05:30,1817.0999755859375,1818.0,1817.0,1817.300048828125,15333.0,yahoo
BHARTIARTL,5m,2026-09-22T13:40:00+05:30,1817.300048828125,1817.4000244140625,1816.199951171875,1816.199951171875,29993.0,yahoo
BHARTIARTL,5m,2026-09-22T13:45:00+05:30,1816.199951171875,1816.199951171875,1814.5,1815.0,52992.0,yahoo
BHARTIARTL,5m,2026-09-22T13:50:00+05:30,1815.0,1815.300048828125,1813.5,1813.5,32135.0,yahoo
BHARTIARTL,5m,2026-09-22T13:55:00+05:30,1813.300048828125,1814.9000244140625,1813.0999755859375,1814.9000244140625,57951.0,yahoo
BHARTIARTL,5m,2026-09-22T14:00:00+05:30,1815.199951171875,1815.199951171875,1813.300048828125,1814.199951171875,41457.0,yahoo
BHARTIARTL,5m,2026-09-22T14:05:00+05:30,1814.5,1814.5999755859375,1813.0,1813.699951171875,22473.0,yahoo
BHARTIARTL,5m,2026-09-22T14:10:00+05:30,1814.300048828125,1817.5,1813.9000244140625,1817.5,103799.0,yahoo
BHARTIARTL,5m,2026-09-22T14:15:00+05:30,1817.5,1820.5,1817.300048828125,1819.5,142402.0,yahoo
BHARTIARTL,5m,2026-09-22T14:20:00+05:30,1819.300048828125,1819.9000244140625,1818.5,1818.5999755859375,46230.0,yahoo
BHARTIARTL,5m,2026-09-22T14:25:00+05:30,1818.5,1820.0999755859375,1818.300048828125,1819.300048828125,45881.0,yahoo
BHARTIARTL,5m,2026-09-22T14:30:00+05:30,1819.5,1820.0,1817.5,1818.199951171875,58618.0,yahoo
BHARTIARTL,5m,2026-09-22T14:35:00+05:30,1818.5999755859375,1820.5999755859375,1818.300048828125,1819.199951171875,38700.0,yahoo
BHARTIARTL,5m,2026-09-22T14:40:00+05:30,1819.5999755859375,1820.0,1818.0999755859375,1818.4000244140625,43999.0,yahoo
BHARTIARTL,5m,2026-09-22T14:45:00+05:30,1818.5999755859375,1819.9000244140625,1818.5,1819.4000244140625,47229.0,yahoo
BHARTIARTL,5m,2026-09-22T14:50:00+05:30,1819.300048828125,1822.699951171875,1819.300048828125,1822.0,161911.0,yahoo
BHARTIARTL,5m,2026-09-22T14:55:00+05:30,1822.0,1822.5999755859375,1819.0,1819.5999755859375,78999.0,yahoo
BHARTIARTL,5m,2026-09-22T15:00:00+05:30,1819.9000244140625,1820.5999755859375,1819.300048828125,1819.4000244140625,78438.0,yahoo
BHARTIARTL,5m,2026-09-22T15:05:00+05:30,1819.300048828125,1821.5999755859375,1818.4000244140625,1821.5999755859375,107834.0,yahoo
BHARTIARTL,5m,2026-09-22T15:10:00+05:30,1820.4000244140625,1821.5,1819.0999755859375,1820.4000244140625,100686.0,yahoo
BHARTIARTL,5m,2026-09-22T15:15:00+05:30,1819.199951171875,1819.199951171875,1817.199951171875,1817.199951171875,233529.0,yahoo
BIOCON,5m,2026-09-22T09:15:00+05:30,395.04998779296875,395.6499938964844,393.6499938964844,395.3500061035156,0.0,yahoo
BIOCON,5m,2026-09-22T09:20:00+05:30,395.25,395.6000061035156,394.04998779296875,394.04998779296875,48464.0,yahoo
BIOCON,5m,2026-09-22T09:25:00+05:30,394.0,394.6000061035156,394.0,394.25,28944.0,yahoo
BIOCON,5m,2026-09-22T09:30:00+05:30,394.25,395.1000061035156,393.6000061035156,395.1000061035156,59114.0,yahoo
BIOCON,5m,2026-09-22T09:35:00+05:30,395.1000061035156,395.1000061035156,394.25,394.3500061035156,27484.0,yahoo
BIOCON,5m,2026-09-22T09:40:00+05:30,394.3500061035156,395.1000061035156,394.20001220703125,394.25,42396.0,yahoo
BIOCON,5m,2026-09-22T09:45:00+05:30,394.25,394.6000061035156,394.1499938964844,394.1499938964844,16734.0,yahoo
BIOCON,5m,2026-09-22T09:50:00+05:30,394.25,394.25,393.25,393.6000061035156,28853.0,yahoo
BIOCON,5m,2026-09-22T09:55:00+05:30,393.6000061035156,393.79998779296875,393.29998779296875,393.3999938964844,23946.0,yahoo
BIOCON,5m,2026-09-22T10:00:00+05:30,393.3999938964844,394.20001220703125,393.3999938964844,394.0,21808.0,yahoo
BIOCON,5m,2026-09-22T10:05:00+05:30,394.20001220703125,394.70001220703125,393.70001220703125,394.5,28445.0,yahoo
BIOCON,5m,2026-09-22T10:10:00+05:30,394.3500061035156,394.3999938964844,393.95001220703125,394.04998779296875,12676.0,yahoo
BIOCON,5m,2026-09-22T10:15:00+05:30,394.04998779296875,394.45001220703125,394.0,394.04998779296875,14967.0,yahoo
BIOCON,5m,2026-09-22T10:20:00+05:30,394.20001220703125,394.54998779296875,394.04998779296875,394.04998779296875,12369.0,yahoo
BIOCON,5m,2026-09-22T10:25:00+05:30,394.04998779296875,394.25,393.70001220703125,393.70001220703125,9943.0,yahoo
BIOCON,5m,2026-09-22T10:30:00+05:30,394.0,394.04998779296875,393.6000061035156,393.6499938964844,13724.0,yahoo
BIOCON,5m,2026-09-22T10:35:00+05:30,393.6499938964844,393.8500061035156,393.0,393.0,20212.0,yahoo
BIOCON,5m,2026-09-22T10:40:00+05:30,393.20001220703125,394.5,393.0,394.29998779296875,21033.0,yahoo
BIOCON,5m,2026-09-22T10:45:00+05:30,394.3999938964844,395.25,394.3500061035156,395.1499938964844,53030.0,yahoo
BIOCON,5m,2026-09-22T10:50:00+05:30,394.8999938964844,395.04998779296875,394.3500061035156,394.75,32010.0,yahoo
BIOCON,5m,2026-09-22T10:55:00+05:30,394.8500061035156,394.8500061035156,394.0,394.3500061035156,259903.0,yahoo
BIOCON,5m,2026-09-22T11:00:00+05:30,394.45001220703125,394.45001220703125,392.6499938964844,392.6499938964844,65190.0,yahoo
BIOCON,5m,2026-09-22T11:05:00+05:30,392.6499938964844,393.0,392.3999938964844,393.0,19736.0,yahoo
BIOCON,5m,2026-09-22T11:10:00+05:30,393.0,393.54998779296875,393.0,393.3500061035156,12243.0,yahoo
BIOCON,5m,2026-09-22T11:15:00+05:30,393.3500061035156,393.6000061035156,393.20001220703125,393.25,10317.0,yahoo
BIOCON,5m,2026-09-22T11:20:00+05:30,393.45001220703125,393.75,393.25,393.3500061035156,7564.0,yahoo
BIOCON,5m,2026-09-22T11:25:00+05:30,393.54998779296875,393.75,392.70001220703125,392.75,17259.0,yahoo
BIOCON,5m,2026-09-22T11:30:00+05:30,393.0,393.04998779296875,392.6000061035156,392.70001220703125,19373.0,yahoo
BIOCON,5m,2026-09-22T11:35:00+05:30,392.79998779296875,392.95001220703125,392.1000061035156,392.25,81087.0,yahoo
BIOCON,5m,2026-09-22T11:40:00+05:30,392.1000061035156,392.29998779296875,391.70001220703125,391.95001220703125,97341.0,yahoo
BIOCON,5m,2026-09-22T11:45:00+05:30,391.95001220703125,392.25,391.70001220703125,391.79998779296875,208568.0,yahoo
BIOCON,5m,2026-09-22T11:50:00+05:30,391.79998779296875,391.95001220703125,390.70001220703125,390.70001220703125,52306.0,yahoo
BIOCON,5m,2026-09-22T11:55:00+05:30,390.8500061035156,391.0,390.29998779296875,390.95001220703125,58928.0,yahoo
BIOCON,5m,2026-09-22T12:00:00+05:30,391.0,391.0,390.29998779296875,390.29998779296875,48731.0,yahoo
BIOCON,5m,2026-09-22T12:05:00+05:30,390.45001220703125,390.54998779296875,390.1499938964844,390.45001220703125,21590.0,yahoo
BIOCON,5m,2026-09-22T12:10:00+05:30,390.29998779296875,391.5,390.25,391.5,85243.0,yahoo
BIOCON,5m,2026-09-22T12:15:00+05:30,391.45001220703125,393.0,391.1499938964844,392.5,48799.0,yahoo
BIOCON,5m,2026-09-22T12:20:00+05:30,392.54998779296875,392.6499938964844,392.20001220703125,392.54998779296875,9945.0,yahoo
BIOCON,5m,2026-09-22T12:25:00+05:30,392.45001220703125,392.6499938964844,392.25,392.25,12073.0,yahoo
BIOCON,5m,2026-09-22T12:30:00+05:30,392.29998779296875,393.0,392.1000061035156,393.0,45024.0,yahoo
BIOCON,5m,2026-09-22T12:35:00+05:30,393.04998779296875,393.1499938964844,392.79998779296875,392.95001220703125,38025.0,yahoo
BIOCON,5m,2026-09-22T12:40:00+05:30,393.1000061035156,393.1000061035156,391.70001220703125,391.75,32399.0,yahoo
BIOCON,5m,2026-09-22T12:45:00+05:30,391.95001220703125,392.25,391.54998779296875,391.79998779296875,12131.0,yahoo
BIOCON,5m,2026-09-22T12:50:00+05:30,391.70001220703125,391.79998779296875,391.04998779296875,391.45001220703125,11635.0,yahoo
BIOCON,5m,2026-09-22T12:55:00+05:30,391.5,391.6000061035156,391.20001220703125,391.5,23411.0,yahoo
BIOCON,5m,2026-09-22T13:00:00+05:30,391.3500061035156,391.6000061035156,391.25,391.3999938964844,8478.0,yahoo
BIOCON,5m,2026-09-22T13:05:00+05:30,391.29998779296875,392.04998779296875,391.1499938964844,391.79998779296875,31553.0,yahoo
BIOCON,5m,2026-09-22T13:10:00+05:30,391.75,392.04998779296875,391.75,391.79998779296875,77433.0,yahoo
BIOCON,5m,2026-09-22T13:15:00+05:30,391.79998779296875,392.04998779296875,391.1000061035156,391.1499938964844,47498.0,yahoo
BIOCON,5m,2026-09-22T13:20:00+05:30,391.1499938964844,391.20001220703125,390.8999938964844,391.04998779296875,11003.0,yahoo
BIOCON,5m,2026-09-22T13:25:00+05:30,391.04998779296875,391.20001220703125,391.04998779296875,391.04998779296875,11258.0,yahoo
BIOCON,5m,2026-09-22T13:30:00+05:30,391.20001220703125,391.20001220703125,391.04998779296875,391.04998779296875,7826.0,yahoo
BIOCON,5m,2026-09-22T13:35:00+05:30,391.20001220703125,391.25,390.8500061035156,390.8500061035156,8697.0,yahoo
BIOCON,5m,2026-09-22T13:40:00+05:30,390.8500061035156,391.0,390.3999938964844,390.3999938964844,22930.0,yahoo
BIOCON,5m,2026-09-22T13:45:00+05:30,390.29998779296875,390.6000061035156,390.29998779296875,390.29998779296875,12814.0,yahoo
BIOCON,5m,2026-09-22T13:50:00+05:30,390.29998779296875,390.3999938964844,390.1499938964844,390.29998779296875,15021.0,yahoo
BIOCON,5m,2026-09-22T13:55:00+05:30,390.1499938964844,390.5,390.04998779296875,390.29998779296875,38111.0,yahoo
BIOCON,5m,2026-09-22T14:00:00+05:30,390.20001220703125,390.25,390.0,390.20001220703125,18891.0,yahoo
BIOCON,5m,2026-09-22T14:05:00+05:30,390.25,390.5,390.1499938964844,390.5,13603.0,yahoo
BIOCON,5m,2026-09-22T14:10:00+05:30,390.5,391.0,390.25,391.0,11955.0,yahoo
BIOCON,5m,2026-09-22T14:15:00+05:30,391.20001220703125,391.29998779296875,390.3500061035156,390.6499938964844,7982.0,yahoo
BIOCON,5m,2026-09-22T14:20:00+05:30,390.54998779296875,391.04998779296875,390.5,390.5,30536.0,yahoo
BIOCON,5m,2026-09-22T14:25:00+05:30,390.54998779296875,391.1499938964844,390.54998779296875,390.8999938964844,41436.0,yahoo
BIOCON,5m,2026-09-22T14:30:00+05:30,390.95001220703125,390.95001220703125,390.3999938964844,390.3999938964844,30475.0,yahoo
BIOCON,5m,2026-09-22T14:35:00+05:30,390.3999938964844,390.6000061035156,390.25,390.3999938964844,11599.0,yahoo
BIOCON,5m,2026-09-22T14:40:00+05:30,390.3999938964844,390.45001220703125,390.04998779296875,390.25,30564.0,yahoo
BIOCON,5m,2026-09-22T14:45:00+05:30,390.1499938964844,390.6499938964844,390.1000061035156,390.3999938964844,28279.0,yahoo
BIOCON,5m,2026-09-22T14:50:00+05:30,390.54998779296875,390.54998779296875,390.1499938964844,390.29998779296875,25117.0,yahoo
BIOCON,5m,2026-09-22T14:55:00+05:30,390.3999938964844,390.45001220703125,390.04998779296875,390.29998779296875,63033.0,yahoo
BIOCON,5m,2026-09-22T15:00:00+05:30,390.45001220703125,390.45001220703125,389.95001220703125,389.95001220703125,66151.0,yahoo
BIOCON,5m,2026-09-22T15:05:00+05:30,389.79998779296875,390.25,389.70001220703125,390.1499938964844,85656.0,yahoo
BIOCON,5m,2026-09-22T15:10:00+05:30,390.04998779296875,390.04998779296875,389.0,389.0,94886.0,yahoo
BIOCON,5m,2026-09-22T15:15:00+05:30,390.0,390.0,390.0,390.0,17807.0,yahoo
BSE,5m,2026-09-22T09:15:00+05:30,3175.0,3222.5,3175.0,3214.5,0.0,yahoo
BSE,5m,2026-09-22T09:20:00+05:30,3216.800048828125,3220.0,3206.0,3206.699951171875,139370.0,yahoo
BSE,5m,2026-09-22T09:25:00+05:30,3206.0,3214.300048828125,3201.10009765625,3210.0,76187.0,yahoo
BSE,5m,2026-09-22T09:30:00+05:30,3210.0,3219.800048828125,3206.39990234375,3219.0,86413.0,yahoo
BSE,5m,2026-09-22T09:35:00+05:30,3219.300048828125,3237.0,3219.0,3230.0,176089.0,yahoo
BSE,5m,2026-09-22T09:40:00+05:30,3229.10009765625,3234.0,3225.89990234375,3227.10009765625,69731.0,yahoo
BSE,5m,2026-09-22T09:45:00+05:30,3228.199951171875,3236.89990234375,3228.0,3233.89990234375,65678.0,yahoo
BSE,5m,2026-09-22T09:50:00+05:30,3234.0,3236.0,3227.300048828125,3232.10009765625,52231.0,yahoo
BSE,5m,2026-09-22T09:55:00+05:30,3231.10009765625,3234.0,3227.300048828125,3227.5,29148.0,yahoo
BSE,5m,2026-09-22T10:00:00+05:30,3228.0,3234.199951171875,3227.699951171875,3231.89990234375,36038.0,yahoo
BSE,5m,2026-09-22T10:05:00+05:30,3231.39990234375,3232.5,3226.10009765625,3228.699951171875,35720.0,yahoo
BSE,5m,2026-09-22T10:10:00+05:30,3228.0,3234.0,3228.0,3233.699951171875,25805.0,yahoo
BSE,5m,2026-09-22T10:15:00+05:30,3232.800048828125,3244.0,3231.0,3240.0,91356.0,yahoo
BSE,5m,2026-09-22T10:20:00+05:30,3239.89990234375,3240.10009765625,3235.39990234375,3239.39990234375,32757.0,yahoo
BSE,5m,2026-09-22T10:25:00+05:30,3239.39990234375,3240.0,3235.0,3235.5,28841.0,yahoo
BSE,5m,2026-09-22T10:30:00+05:30,3235.5,3239.0,3235.0,3237.10009765625,28554.0,yahoo
BSE,5m,2026-09-22T10:35:00+05:30,3236.699951171875,3237.0,3227.10009765625,3228.0,44090.0,yahoo
BSE,5m,2026-09-22T10:40:00+05:30,3228.89990234375,3235.0,3227.699951171875,3231.39990234375,31385.0,yahoo
BSE,5m,2026-09-22T10:45:00+05:30,3231.10009765625,3232.699951171875,3228.0,3230.300048828125,25915.0,yahoo
BSE,5m,2026-09-22T10:50:00+05:30,3230.5,3236.5,3226.39990234375,3232.10009765625,39326.0,yahoo
BSE,5m,2026-09-22T10:55:00+05:30,3232.10009765625,3233.699951171875,3222.0,3227.5,56542.0,yahoo
BSE,5m,2026-09-22T11:00:00+05:30,3228.0,3249.5,3225.699951171875,3249.5,147950.0,yahoo
BSE,5m,2026-09-22T11:05:00+05:30,3250.5,3254.0,3239.5,3239.60009765625,149949.0,yahoo
BSE,5m,2026-09-22T11:10:00+05:30,3239.60009765625,3243.0,3238.10009765625,3238.10009765625,24425.0,yahoo
BSE,5m,2026-09-22T11:15:00+05:30,3238.300048828125,3239.39990234375,3235.300048828125,3236.699951171875,15403.0,yahoo
BSE,5m,2026-09-22T11:20:00+05:30,3236.699951171875,3241.300048828125,3236.5,3241.300048828125,17966.0,yahoo
BSE,5m,2026-09-22T11:25:00+05:30,3240.5,3244.0,3239.10009765625,3241.5,57263.0,yahoo
BSE,5m,2026-09-22T11:30:00+05:30,3240.699951171875,3244.10009765625,3240.0,3242.0,33682.0,yahoo
BSE,5m,2026-09-22T11:35:00+05:30,3241.699951171875,3243.0,3239.300048828125,3239.300048828125,24269.0,yahoo
BSE,5m,2026-09-22T11:40:00+05:30,3239.300048828125,3240.0,3236.300048828125,3239.10009765625,21488.0,yahoo
BSE,5m,2026-09-22T11:45:00+05:30,3239.10009765625,3239.5,3228.300048828125,3230.60009765625,35433.0,yahoo
BSE,5m,2026-09-22T11:50:00+05:30,3230.60009765625,3233.699951171875,3228.10009765625,3228.800048828125,23244.0,yahoo
BSE,5m,2026-09-22T11:55:00+05:30,3228.89990234375,3229.0,3220.10009765625,3221.800048828125,38514.0,yahoo
BSE,5m,2026-09-22T12:00:00+05:30,3222.39990234375,3225.60009765625,3217.199951171875,3217.39990234375,42288.0,yahoo
BSE,5m,2026-09-22T12:05:00+05:30,3217.0,3222.10009765625,3215.0,3218.699951171875,36932.0,yahoo
BSE,5m,2026-09-22T12:10:00+05:30,3218.699951171875,3219.39990234375,3216.199951171875,3218.0,19966.0,yahoo
BSE,5m,2026-09-22T12:15:00+05:30,3217.800048828125,3224.10009765625,3217.60009765625,3223.10009765625,34836.0,yahoo
BSE,5m,2026-09-22T12:20:00+05:30,3222.5,3224.300048828125,3218.699951171875,3219.699951171875,16514.0,yahoo
BSE,5m,2026-09-22T12:25:00+05:30,3219.699951171875,3222.800048828125,3219.5,3222.0,11107.0,yahoo
BSE,5m,2026-09-22T12:30:00+05:30,3221.60009765625,3222.0,3213.5,3216.10009765625,44321.0,yahoo
BSE,5m,2026-09-22T12:35:00+05:30,3216.5,3219.39990234375,3214.300048828125,3218.199951171875,15844.0,yahoo
BSE,5m,2026-09-22T12:40:00+05:30,3218.39990234375,3218.89990234375,3214.0,3214.0,15034.0,yahoo
BSE,5m,2026-09-22T12:45:00+05:30,3214.0,3215.0,3211.5,3212.0,20424.0,yahoo
BSE,5m,2026-09-22T12:50:00+05:30,3211.800048828125,3213.800048828125,3208.199951171875,3213.0,28688.0,yahoo
BSE,5m,2026-09-22T12:55:00+05:30,3213.0,3213.0,3210.800048828125,3211.5,12029.0,yahoo
BSE,5m,2026-09-22T13:00:00+05:30,3211.5,3215.0,3211.10009765625,3214.300048828125,17594.0,yahoo
BSE,5m,2026-09-22T13:05:00+05:30,3214.0,3218.39990234375,3213.60009765625,3215.5,43390.0,yahoo
BSE,5m,2026-09-22T13:10:00+05:30,3215.800048828125,3217.10009765625,3213.800048828125,3214.0,12741.0,yahoo
BSE,5m,2026-09-22T13:15:00+05:30,3214.0,3217.10009765625,3213.0,3214.199951171875,13985.0,yahoo
BSE,5m,2026-09-22T13:20:00+05:30,3214.0,3215.0,3211.10009765625,3215.0,11303.0,yahoo
BSE,5m,2026-09-22T13:25:00+05:30,3215.0,3215.0,3211.5,3213.800048828125,12796.0,yahoo
BSE,5m,2026-09-22T13:30:00+05:30,3213.800048828125,3217.699951171875,3212.699951171875,3216.5,16389.0,yahoo
BSE,5m,2026-09-22T13:35:00+05:30,3216.5,3223.89990234375,3215.5,3219.0,27155.0,yahoo
BSE,5m,2026-09-22T13:40:00+05:30,3219.60009765625,3224.699951171875,3219.0,3222.39990234375,20771.0,yahoo
BSE,5m,2026-09-22T13:45:00+05:30,3223.0,3225.0,3220.0,3221.60009765625,23811.0,yahoo
BSE,5m,2026-09-22T13:50:00+05:30,3222.0,3222.0,3215.699951171875,3215.699951171875,19837.0,yahoo
BSE,5m,2026-09-22T13:55:00+05:30,3217.10009765625,3220.0,3216.0,3218.89990234375,9843.0,yahoo
BSE,5m,2026-09-22T14:00:00+05:30,3219.39990234375,3219.39990234375,3215.39990234375,3216.89990234375,20249.0,yahoo
BSE,5m,2026-09-22T14:05:00+05:30,3216.0,3216.39990234375,3207.60009765625,3211.60009765625,40249.0,yahoo
BSE,5m,2026-09-22T14:10:00+05:30,3212.0,3228.0,3209.800048828125,3227.300048828125,38784.0,yahoo
BSE,5m,2026-09-22T14:15:00+05:30,3226.800048828125,3231.39990234375,3219.60009765625,3222.5,39662.0,yahoo
BSE,5m,2026-09-22T14:20:00+05:30,3222.199951171875,3227.39990234375,3222.199951171875,3224.89990234375,19066.0,yahoo
BSE,5m,2026-09-22T14:25:00+05:30,3224.800048828125,3227.199951171875,3223.800048828125,3226.800048828125,17664.0,yahoo
BSE,5m,2026-09-22T14:30:00+05:30,3225.60009765625,3229.300048828125,3223.60009765625,3223.60009765625,21727.0,yahoo
BSE,5m,2026-09-22T14:35:00+05:30,3226.60009765625,3229.39990234375,3225.39990234375,3228.199951171875,24051.0,yahoo
BSE,5m,2026-09-22T14:40:00+05:30,3228.199951171875,3228.89990234375,3225.0,3225.60009765625,14440.0,yahoo
BSE,5m,2026-09-22T14:45:00+05:30,3225.699951171875,3227.0,3224.300048828125,3225.89990234375,28844.0,yahoo
BSE,5m,2026-09-22T14:50:00+05:30,3225.5,3225.5,3220.300048828125,3224.39990234375,26927.0,yahoo
BSE,5m,2026-09-22T14:55:00+05:30,3224.800048828125,3224.800048828125,3218.0,3223.39990234375,40209.0,yahoo
BSE,5m,2026-09-22T15:00:00+05:30,3223.39990234375,3226.60009765625,3221.0,3226.39990234375,34896.0,yahoo
BSE,5m,2026-09-22T15:05:00+05:30,3226.60009765625,3232.60009765625,3224.10009765625,3224.699951171875,59397.0,yahoo
BSE,5m,2026-09-22T15:10:00+05:30,3224.699951171875,3235.0,3223.199951171875,3235.0,150932.0,yahoo
CANBK,5m,2026-09-22T09:15:00+05:30,123.91999816894531,124.36000061035156,123.9000015258789,123.91999816894531,0.0,yahoo
CANBK,5m,2026-09-22T09:20:00+05:30,123.94999694824219,124.18000030517578,123.91999816894531,124.12999725341797,178350.0,yahoo
CANBK,5m,2026-09-22T09:25:00+05:30,124.0999984741211,124.0999984741211,123.87999725341797,123.95999908447266,259861.0,yahoo
CANBK,5m,2026-09-22T09:30:00+05:30,123.95999908447266,123.95999908447266,123.80999755859375,123.88999938964844,138835.0,yahoo
CANBK,5m,2026-09-22T09:35:00+05:30,123.88999938964844,123.98999786376953,123.86000061035156,123.94000244140625,74914.0,yahoo
CANBK,5m,2026-09-22T09:40:00+05:30,123.9000015258789,124.05000305175781,123.9000015258789,123.95999908447266,111384.0,yahoo
CANBK,5m,2026-09-22T09:45:00+05:30,123.94999694824219,124.1500015258789,123.93000030517578,124.12999725341797,123213.0,yahoo
CANBK,5m,2026-09-22T09:50:00+05:30,124.1500015258789,124.37000274658203,124.1500015258789,124.19999694824219,188694.0,yahoo
CANBK,5m,2026-09-22T09:55:00+05:30,124.19999694824219,124.19999694824219,124.08999633789062,124.12000274658203,70215.0,yahoo
CANBK,5m,2026-09-22T10:00:00+05:30,124.12000274658203,124.16999816894531,123.9000015258789,123.9800033569336,100404.0,yahoo
CANBK,5m,2026-09-22T10:05:00+05:30,123.9800033569336,124.08999633789062,123.91000366210938,124.08000183105469,69955.0,yahoo
CANBK,5m,2026-09-22T10:10:00+05:30,124.05999755859375,124.08000183105469,123.95999908447266,123.9800033569336,25551.0,yahoo
CANBK,5m,2026-09-22T10:15:00+05:30,123.97000122070312,123.9800033569336,123.8499984741211,123.87000274658203,94976.0,yahoo
CANBK,5m,2026-09-22T10:20:00+05:30,123.8499984741211,123.88999938964844,123.80000305175781,123.8499984741211,98410.0,yahoo
CANBK,5m,2026-09-22T10:25:00+05:30,123.81999969482422,123.94000244140625,123.81999969482422,123.9000015258789,40665.0,yahoo
CANBK,5m,2026-09-22T10:30:00+05:30,123.9000015258789,123.94999694824219,123.69999694824219,123.7699966430664,92217.0,yahoo
CANBK,5m,2026-09-22T10:35:00+05:30,123.73999786376953,123.73999786376953,123.5999984741211,123.63999938964844,87387.0,yahoo
CANBK,5m,2026-09-22T10:40:00+05:30,123.66000366210938,123.66000366210938,123.30999755859375,123.5,177757.0,yahoo
CANBK,5m,2026-09-22T10:45:00+05:30,123.47000122070312,123.55999755859375,123.47000122070312,123.48999786376953,51800.0,yahoo
CANBK,5m,2026-09-22T10:50:00+05:30,123.44999694824219,123.48999786376953,123.41000366210938,123.47000122070312,67151.0,yahoo
CANBK,5m,2026-09-22T10:55:00+05:30,123.44000244140625,123.5999984741211,123.44000244140625,123.55999755859375,57271.0,yahoo
CANBK,5m,2026-09-22T11:00:00+05:30,123.55999755859375,123.56999969482422,123.3499984741211,123.37999725341797,170347.0,yahoo
CANBK,5m,2026-09-22T11:05:00+05:30,123.3499984741211,123.37000274658203,123.25,123.26000213623047,99516.0,yahoo
CANBK,5m,2026-09-22T11:10:00+05:30,123.26000213623047,123.33999633789062,123.20999908447266,123.30000305175781,123566.0,yahoo
CANBK,5m,2026-09-22T11:15:00+05:30,123.2699966430664,123.29000091552734,123.20999908447266,123.27999877929688,52783.0,yahoo
CANBK,5m,2026-09-22T11:20:00+05:30,123.27999877929688,123.41000366210938,123.27999877929688,123.38999938964844,45048.0,yahoo
CANBK,5m,2026-09-22T11:25:00+05:30,123.4000015258789,123.4000015258789,123.33999633789062,123.3499984741211,27023.0,yahoo
CANBK,5m,2026-09-22T11:30:00+05:30,123.3499984741211,123.36000061035156,123.29000091552734,123.29000091552734,38800.0,yahoo
CANBK,5m,2026-09-22T11:35:00+05:30,123.2300033569336,123.30000305175781,123.1500015258789,123.16999816894531,87546.0,yahoo
CANBK,5m,2026-09-22T11:40:00+05:30,123.1500015258789,123.18000030517578,123.11000061035156,123.12000274658203,68276.0,yahoo
CANBK,5m,2026-09-22T11:45:00+05:30,123.12000274658203,123.19000244140625,123.02999877929688,123.16000366210938,79364.0,yahoo
CANBK,5m,2026-09-22T11:50:00+05:30,123.16000366210938,123.30000305175781,123.1500015258789,123.19000244140625,39907.0,yahoo
CANBK,5m,2026-09-22T11:55:00+05:30,123.18000030517578,123.20999908447266,123.12000274658203,123.20999908447266,38498.0,yahoo
CANBK,5m,2026-09-22T12:00:00+05:30,123.20999908447266,123.27999877929688,123.19999694824219,123.27999877929688,57942.0,yahoo
CANBK,5m,2026-09-22T12:05:00+05:30,123.29000091552734,123.3499984741211,123.29000091552734,123.31999969482422,32302.0,yahoo
CANBK,5m,2026-09-22T12:10:00+05:30,123.31999969482422,123.33999633789062,123.25,123.25,29704.0,yahoo
CANBK,5m,2026-09-22T12:15:00+05:30,123.29000091552734,123.30999755859375,123.2300033569336,123.30000305175781,39140.0,yahoo
CANBK,5m,2026-09-22T12:20:00+05:30,123.30999755859375,123.37999725341797,123.2699966430664,123.30999755859375,45520.0,yahoo
CANBK,5m,2026-09-22T12:25:00+05:30,123.30999755859375,123.3499984741211,123.30000305175781,123.33000183105469,17326.0,yahoo
CANBK,5m,2026-09-22T12:30:00+05:30,123.31999969482422,123.33000183105469,123.30000305175781,123.31999969482422,24856.0,yahoo
CANBK,5m,2026-09-22T12:35:00+05:30,123.31999969482422,123.33999633789062,123.23999786376953,123.26000213623047,27722.0,yahoo
CANBK,5m,2026-09-22T12:40:00+05:30,123.25,123.31999969482422,123.13999938964844,123.20999908447266,43284.0,yahoo
CANBK,5m,2026-09-22T12:45:00+05:30,123.20999908447266,123.20999908447266,123.11000061035156,123.1500015258789,44312.0,yahoo
CANBK,5m,2026-09-22T12:50:00+05:30,123.1500015258789,123.16999816894531,123.06999969482422,123.13999938964844,54349.0,yahoo
CANBK,5m,2026-09-22T12:55:00+05:30,123.13999938964844,123.22000122070312,123.11000061035156,123.16999816894531,33768.0,yahoo
CANBK,5m,2026-09-22T13:00:00+05:30,123.19000244140625,123.2300033569336,123.06999969482422,123.12999725341797,110386.0,yahoo
CANBK,5m,2026-09-22T13:05:00+05:30,123.13999938964844,123.19999694824219,123.08999633789062,123.16000366210938,44911.0,yahoo
CANBK,5m,2026-09-22T13:10:00+05:30,123.18000030517578,123.19000244140625,123.0999984741211,123.13999938964844,32918.0,yahoo
CANBK,5m,2026-09-22T13:15:00+05:30,123.13999938964844,123.16000366210938,123.11000061035156,123.12000274658203,25953.0,yahoo
CANBK,5m,2026-09-22T13:20:00+05:30,123.1500015258789,123.1500015258789,123.08999633789062,123.12000274658203,19817.0,yahoo
CANBK,5m,2026-09-22T13:25:00+05:30,123.12000274658203,123.12000274658203,123.08000183105469,123.11000061035156,23657.0,yahoo
CANBK,5m,2026-09-22T13:30:00+05:30,123.11000061035156,123.16000366210938,123.08999633789062,123.1500015258789,31293.0,yahoo
CANBK,5m,2026-09-22T13:35:00+05:30,123.1500015258789,123.20999908447266,123.12999725341797,123.18000030517578,24598.0,yahoo
CANBK,5m,2026-09-22T13:40:00+05:30,123.18000030517578,123.23999786376953,123.12000274658203,123.13999938964844,31589.0,yahoo
CANBK,5m,2026-09-22T13:45:00+05:30,123.13999938964844,123.16999816894531,123.12999725341797,123.13999938964844,25990.0,yahoo
CANBK,5m,2026-09-22T13:50:00+05:30,123.13999938964844,123.1500015258789,123.0199966430664,123.05000305175781,116290.0,yahoo
CANBK,5m,2026-09-22T13:55:00+05:30,123.05000305175781,123.06999969482422,123.0199966430664,123.05999755859375,52326.0,yahoo
CANBK,5m,2026-09-22T14:00:00+05:30,123.05999755859375,123.1500015258789,122.95999908447266,123.1500015258789,232174.0,yahoo
CANBK,5m,2026-09-22T14:05:00+05:30,123.1500015258789,123.18000030517578,123.08999633789062,123.13999938964844,45644.0,yahoo
CANBK,5m,2026-09-22T14:10:00+05:30,123.13999938964844,123.55999755859375,123.0999984741211,123.55999755859375,82778.0,yahoo
CANBK,5m,2026-09-22T14:15:00+05:30,123.58000183105469,123.63999938964844,123.4000015258789,123.4000015258789,84601.0,yahoo
CANBK,5m,2026-09-22T14:20:00+05:30,123.44999694824219,123.61000061035156,123.44999694824219,123.55999755859375,161766.0,yahoo
CANBK,5m,2026-09-22T14:25:00+05:30,123.55000305175781,123.58999633789062,123.51000213623047,123.5199966430664,54206.0,yahoo
CANBK,5m,2026-09-22T14:30:00+05:30,123.52999877929688,123.63999938964844,123.47000122070312,123.5,136406.0,yahoo
CANBK,5m,2026-09-22T14:35:00+05:30,123.5,123.55999755859375,123.47000122070312,123.48999786376953,46257.0,yahoo
CANBK,5m,2026-09-22T14:40:00+05:30,123.5,123.5,123.30999755859375,123.33999633789062,77528.0,yahoo
CANBK,5m,2026-09-22T14:45:00+05:30,123.33999633789062,123.4000015258789,123.33000183105469,123.3499984741211,54198.0,yahoo
CANBK,5m,2026-09-22T14:50:00+05:30,123.33000183105469,123.44999694824219,123.33000183105469,123.43000030517578,251985.0,yahoo
CANBK,5m,2026-09-22T14:55:00+05:30,123.44000244140625,123.5,123.36000061035156,123.37000274658203,167945.0,yahoo
CANBK,5m,2026-09-22T15:00:00+05:30,123.37000274658203,123.38999938964844,123.16999816894531,123.20999908447266,268442.0,yahoo
CANBK,5m,2026-09-22T15:05:00+05:30,123.19999694824219,123.19999694824219,122.91000366210938,122.91000366210938,314011.0,yahoo
CANBK,5m,2026-09-22T15:10:00+05:30,122.9000015258789,122.97000122070312,122.83999633789062,122.9000015258789,535508.0,yahoo
CANBK,5m,2026-09-22T15:15:00+05:30,123.0,123.0,122.9000015258789,122.9000015258789,133098.0,yahoo
CDSL,5m,2026-09-22T09:15:00+05:30,1363.9000244140625,1370.9000244140625,1361.0999755859375,1369.0,0.0,yahoo
CDSL,5m,2026-09-22T09:20:00+05:30,1370.300048828125,1373.0999755859375,1367.0,1367.5999755859375,32928.0,yahoo
CDSL,5m,2026-09-22T09:25:00+05:30,1367.5999755859375,1367.5999755859375,1364.9000244140625,1367.0999755859375,15901.0,yahoo
CDSL,5m,2026-09-22T09:30:00+05:30,1367.0,1370.5,1366.0999755859375,1367.4000244140625,15238.0,yahoo
CDSL,5m,2026-09-22T09:35:00+05:30,1368.0999755859375,1373.699951171875,1367.0,1370.199951171875,18443.0,yahoo
CDSL,5m,2026-09-22T09:40:00+05:30,1370.0,1370.5,1365.0,1365.0,10210.0,yahoo
CDSL,5m,2026-09-22T09:45:00+05:30,1366.0999755859375,1366.0999755859375,1364.5,1365.0,10437.0,yahoo
CDSL,5m,2026-09-22T09:50:00+05:30,1365.199951171875,1366.0,1364.9000244140625,1365.199951171875,7641.0,yahoo
CDSL,5m,2026-09-22T09:55:00+05:30,1365.5,1365.5999755859375,1364.0,1365.300048828125,4436.0,yahoo
CDSL,5m,2026-09-22T10:00:00+05:30,1365.4000244140625,1366.0,1364.0,1364.5999755859375,4887.0,yahoo
CDSL,5m,2026-09-22T10:05:00+05:30,1364.9000244140625,1365.5,1362.0,1362.300048828125,9006.0,yahoo
CDSL,5m,2026-09-22T10:10:00+05:30,1362.0999755859375,1363.0,1362.0,1363.0,5144.0,yahoo
CDSL,5m,2026-09-22T10:15:00+05:30,1362.4000244140625,1365.0,1362.300048828125,1364.9000244140625,17094.0,yahoo
CDSL,5m,2026-09-22T10:20:00+05:30,1364.5,1364.699951171875,1363.0,1364.4000244140625,7361.0,yahoo
CDSL,5m,2026-09-22T10:25:00+05:30,1363.699951171875,1365.0,1363.4000244140625,1364.0,2339.0,yahoo
CDSL,5m,2026-09-22T10:30:00+05:30,1364.0,1364.0,1362.0,1362.4000244140625,4244.0,yahoo
CDSL,5m,2026-09-22T10:35:00+05:30,1362.5,1362.9000244140625,1360.9000244140625,1360.9000244140625,4430.0,yahoo
CDSL,5m,2026-09-22T10:40:00+05:30,1360.9000244140625,1361.0,1357.5999755859375,1360.0,14259.0,yahoo
CDSL,5m,2026-09-22T10:45:00+05:30,1359.5999755859375,1362.199951171875,1359.0,1361.0,7748.0,yahoo
CDSL,5m,2026-09-22T10:50:00+05:30,1361.0,1361.5,1350.4000244140625,1354.199951171875,29581.0,yahoo
CDSL,5m,2026-09-22T10:55:00+05:30,1353.5999755859375,1356.300048828125,1353.5,1354.9000244140625,7352.0,yahoo
CDSL,5m,2026-09-22T11:00:00+05:30,1354.9000244140625,1355.0999755859375,1350.5,1354.4000244140625,31476.0,yahoo
CDSL,5m,2026-09-22T11:05:00+05:30,1353.5,1354.5,1352.800048828125,1353.9000244140625,5271.0,yahoo
CDSL,5m,2026-09-22T11:10:00+05:30,1353.9000244140625,1354.5999755859375,1353.4000244140625,1354.5999755859375,11176.0,yahoo
CDSL,5m,2026-09-22T11:15:00+05:30,1354.5999755859375,1354.9000244140625,1353.800048828125,1354.0,3046.0,yahoo
CDSL,5m,2026-09-22T11:20:00+05:30,1354.300048828125,1355.800048828125,1354.0,1355.800048828125,4880.0,yahoo
CDSL,5m,2026-09-22T11:25:00+05:30,1356.0,1356.800048828125,1355.4000244140625,1355.9000244140625,2148.0,yahoo
CDSL,5m,2026-09-22T11:30:00+05:30,1355.4000244140625,1356.0999755859375,1355.300048828125,1355.5,2748.0,yahoo
CDSL,5m,2026-09-22T11:35:00+05:30,1355.9000244140625,1355.9000244140625,1354.300048828125,1355.300048828125,4611.0,yahoo
CDSL,5m,2026-09-22T11:40:00+05:30,1355.300048828125,1356.0999755859375,1354.0999755859375,1355.0,4903.0,yahoo
CDSL,5m,2026-09-22T11:45:00+05:30,1355.0,1355.699951171875,1353.5,1355.0999755859375,1979.0,yahoo
CDSL,5m,2026-09-22T11:50:00+05:30,1354.9000244140625,1354.9000244140625,1350.199951171875,1351.699951171875,13276.0,yahoo
CDSL,5m,2026-09-22T11:55:00+05:30,1351.699951171875,1352.4000244140625,1350.300048828125,1352.0999755859375,4116.0,yahoo
CDSL,5m,2026-09-22T12:00:00+05:30,1352.4000244140625,1352.4000244140625,1348.699951171875,1350.9000244140625,11918.0,yahoo
CDSL,5m,2026-09-22T12:05:00+05:30,1351.0999755859375,1351.800048828125,1350.5,1351.5,2050.0,yahoo
CDSL,5m,2026-09-22T12:10:00+05:30,1351.9000244140625,1351.9000244140625,1350.0,1350.4000244140625,4420.0,yahoo
CDSL,5m,2026-09-22T12:15:00+05:30,1350.0,1352.5,1350.0,1352.5,3473.0,yahoo
CDSL,5m,2026-09-22T12:20:00+05:30,1352.9000244140625,1352.9000244140625,1350.0999755859375,1350.699951171875,5250.0,yahoo
CDSL,5m,2026-09-22T12:25:00+05:30,1350.300048828125,1352.0999755859375,1350.300048828125,1351.0999755859375,2241.0,yahoo
CDSL,5m,2026-09-22T12:30:00+05:30,1351.5,1351.5,1349.0999755859375,1350.0,6690.0,yahoo
CDSL,5m,2026-09-22T12:35:00+05:30,1350.0,1350.5999755859375,1349.5,1350.0999755859375,2995.0,yahoo
CDSL,5m,2026-09-22T12:40:00+05:30,1350.0999755859375,1350.699951171875,1346.0,1346.300048828125,18792.0,yahoo
CDSL,5m,2026-09-22T12:45:00+05:30,1346.300048828125,1347.4000244140625,1346.0,1346.800048828125,3166.0,yahoo
CDSL,5m,2026-09-22T12:50:00+05:30,1346.5999755859375,1348.0999755859375,1346.0,1347.4000244140625,15986.0,yahoo
CDSL,5m,2026-09-22T12:55:00+05:30,1347.4000244140625,1347.4000244140625,1345.5999755859375,1345.5999755859375,11381.0,yahoo
CDSL,5m,2026-09-22T13:00:00+05:30,1346.0,1347.5999755859375,1343.5999755859375,1347.4000244140625,27737.0,yahoo
CDSL,5m,2026-09-22T13:05:00+05:30,1347.4000244140625,1349.0,1347.300048828125,1348.800048828125,6685.0,yahoo
CDSL,5m,2026-09-22T13:10:00+05:30,1348.4000244140625,1349.0999755859375,1346.9000244140625,1348.800048828125,4673.0,yahoo
CDSL,5m,2026-09-22T13:15:00+05:30,1348.800048828125,1349.300048828125,1347.5,1348.199951171875,2563.0,yahoo
CDSL,5m,2026-09-22T13:20:00+05:30,1347.5,1348.0,1346.4000244140625,1347.0999755859375,2877.0,yahoo
CDSL,5m,2026-09-22T13:25:00+05:30,1347.800048828125,1348.199951171875,1347.0999755859375,1348.0999755859375,2041.0,yahoo
CDSL,5m,2026-09-22T13:30:00+05:30,1348.0999755859375,1349.0,1347.5999755859375,1348.699951171875,2675.0,yahoo
CDSL,5m,2026-09-22T13:35:00+05:30,1349.0,1349.4000244140625,1348.0999755859375,1349.0,4034.0,yahoo
CDSL,5m,2026-09-22T13:40:00+05:30,1349.0,1350.0,1349.0,1349.699951171875,2382.0,yahoo
CDSL,5m,2026-09-22T13:45:00+05:30,1348.9000244140625,1349.699951171875,1347.5999755859375,1348.300048828125,5988.0,yahoo
CDSL,5m,2026-09-22T13:50:00+05:30,1348.5,1348.5,1344.0,1345.5,15816.0,yahoo
CDSL,5m,2026-09-22T13:55:00+05:30,1345.5,1346.5,1344.199951171875,1345.0,7990.0,yahoo
CDSL,5m,2026-09-22T14:00:00+05:30,1345.0,1345.0999755859375,1342.9000244140625,1344.800048828125,9296.0,yahoo
CDSL,5m,2026-09-22T14:05:00+05:30,1345.0,1346.0,1344.0,1346.0,5854.0,yahoo
CDSL,5m,2026-09-22T14:10:00+05:30,1346.0,1350.5,1345.5999755859375,1350.5,9402.0,yahoo
CDSL,5m,2026-09-22T14:15:00+05:30,1350.800048828125,1352.300048828125,1348.199951171875,1352.300048828125,13762.0,yahoo
CDSL,5m,2026-09-22T14:20:00+05:30,1351.699951171875,1354.0,1351.699951171875,1352.0,7143.0,yahoo
CDSL,5m,2026-09-22T14:25:00+05:30,1352.300048828125,1353.0,1351.300048828125,1352.5999755859375,7177.0,yahoo
CDSL,5m,2026-09-22T14:30:00+05:30,1352.699951171875,1353.9000244140625,1351.699951171875,1352.0,6410.0,yahoo
CDSL,5m,2026-09-22T14:35:00+05:30,1352.0999755859375,1353.0,1351.199951171875,1351.800048828125,3467.0,yahoo
CDSL,5m,2026-09-22T14:40:00+05:30,1351.800048828125,1351.800048828125,1348.0,1348.199951171875,7755.0,yahoo
CDSL,5m,2026-09-22T14:45:00+05:30,1348.0999755859375,1350.199951171875,1348.0,1350.0,7783.0,yahoo
CDSL,5m,2026-09-22T14:50:00+05:30,1350.0999755859375,1350.4000244140625,1349.0,1350.0,5731.0,yahoo
CDSL,5m,2026-09-22T14:55:00+05:30,1349.5999755859375,1350.0,1346.0999755859375,1347.4000244140625,20010.0,yahoo
CDSL,5m,2026-09-22T15:00:00+05:30,1346.5999755859375,1347.5,1346.199951171875,1346.5,18098.0,yahoo
CDSL,5m,2026-09-22T15:05:00+05:30,1346.9000244140625,1348.199951171875,1346.5,1347.300048828125,32166.0,yahoo
CDSL,5m,2026-09-22T15:10:00+05:30,1347.4000244140625,1349.5999755859375,1347.199951171875,1348.0,16683.0,yahoo
CDSL,5m,2026-09-22T15:15:00+05:30,1348.0,1348.0,1348.0,1348.0,3696.0,yahoo
CGPOWER,5m,2026-09-22T09:15:00+05:30,916.0,925.2999877929688,916.0,923.0,0.0,yahoo
CGPOWER,5m,2026-09-22T09:20:00+05:30,924.9500122070312,925.5,921.6500244140625,922.8499755859375,140639.0,yahoo
CGPOWER,5m,2026-09-22T09:25:00+05:30,922.4500122070312,923.1500244140625,917.0,918.0,57397.0,yahoo
CGPOWER,5m,2026-09-22T09:30:00+05:30,917.9000244140625,917.9500122070312,913.6500244140625,914.9000244140625,36339.0,yahoo
CGPOWER,5m,2026-09-22T09:35:00+05:30,915.0,918.8499755859375,914.8499755859375,916.2999877929688,30362.0,yahoo
CGPOWER,5m,2026-09-22T09:40:00+05:30,916.5999755859375,917.5499877929688,915.5499877929688,915.5999755859375,17737.0,yahoo
CGPOWER,5m,2026-09-22T09:45:00+05:30,915.75,916.5499877929688,915.4000244140625,916.3499755859375,11130.0,yahoo
CGPOWER,5m,2026-09-22T09:50:00+05:30,915.6500244140625,916.2000122070312,914.7000122070312,915.75,30330.0,yahoo
CGPOWER,5m,2026-09-22T09:55:00+05:30,915.4000244140625,915.9500122070312,913.3499755859375,913.75,36317.0,yahoo
CGPOWER,5m,2026-09-22T10:00:00+05:30,913.9500122070312,915.7000122070312,913.2000122070312,914.9000244140625,13807.0,yahoo
CGPOWER,5m,2026-09-22T10:05:00+05:30,914.9500122070312,915.25,913.75,914.5,30294.0,yahoo
CGPOWER,5m,2026-09-22T10:10:00+05:30,914.5,914.5499877929688,912.2999877929688,912.5,38352.0,yahoo
CGPOWER,5m,2026-09-22T10:15:00+05:30,912.6500244140625,913.0,912.4000244140625,912.75,8117.0,yahoo
CGPOWER,5m,2026-09-22T10:20:00+05:30,912.75,912.75,911.0,911.0,34273.0,yahoo
CGPOWER,5m,2026-09-22T10:25:00+05:30,911.0,911.8499755859375,910.3499755859375,911.6500244140625,15858.0,yahoo
CGPOWER,5m,2026-09-22T10:30:00+05:30,911.75,911.75,910.5999755859375,911.0,21892.0,yahoo
CGPOWER,5m,2026-09-22T10:35:00+05:30,911.0,911.0,909.3499755859375,909.75,25648.0,yahoo
CGPOWER,5m,2026-09-22T10:40:00+05:30,909.2999877929688,909.9000244140625,908.2999877929688,908.3499755859375,29235.0,yahoo
CGPOWER,5m,2026-09-22T10:45:00+05:30,908.4500122070312,908.7999877929688,907.3499755859375,907.3499755859375,21008.0,yahoo
CGPOWER,5m,2026-09-22T10:50:00+05:30,907.75,909.0,907.5499877929688,908.9500122070312,26884.0,yahoo
CGPOWER,5m,2026-09-22T10:55:00+05:30,908.9500122070312,910.0,908.0999755859375,908.9500122070312,55506.0,yahoo
CGPOWER,5m,2026-09-22T11:00:00+05:30,909.0499877929688,910.0,906.3499755859375,908.0999755859375,200531.0,yahoo
CGPOWER,5m,2026-09-22T11:05:00+05:30,908.5,910.2999877929688,908.1500244140625,908.7000122070312,101263.0,yahoo
CGPOWER,5m,2026-09-22T11:10:00+05:30,909.0,910.25,908.0999755859375,909.5,13640.0,yahoo
CGPOWER,5m,2026-09-22T11:15:00+05:30,909.9500122070312,909.9500122070312,908.0,908.5,15006.0,yahoo
CGPOWER,5m,2026-09-22T11:20:00+05:30,908.0499877929688,908.4500122070312,907.5,907.5,7526.0,yahoo
CGPOWER,5m,2026-09-22T11:25:00+05:30,907.8499755859375,908.0,905.4500122070312,905.7999877929688,14641.0,yahoo
CGPOWER,5m,2026-09-22T11:30:00+05:30,905.7999877929688,907.0499877929688,905.5,906.4500122070312,67266.0,yahoo
CGPOWER,5m,2026-09-22T11:35:00+05:30,905.7000122070312,909.2000122070312,905.7000122070312,909.2000122070312,42528.0,yahoo
CGPOWER,5m,2026-09-22T11:40:00+05:30,909.0,909.4000244140625,908.0499877929688,908.0499877929688,8561.0,yahoo
CGPOWER,5m,2026-09-22T11:45:00+05:30,908.0499877929688,908.7000122070312,907.4000244140625,908.4000244140625,21154.0,yahoo
CGPOWER,5m,2026-09-22T11:50:00+05:30,908.6500244140625,908.8499755859375,908.0,908.3499755859375,9372.0,yahoo
CGPOWER,5m,2026-09-22T11:55:00+05:30,908.0,908.4500122070312,907.2999877929688,908.4500122070312,10265.0,yahoo
CGPOWER,5m,2026-09-22T12:00:00+05:30,908.5499877929688,910.0,907.5999755859375,909.5,57332.0,yahoo
CGPOWER,5m,2026-09-22T12:05:00+05:30,909.5,909.75,909.2000122070312,909.2999877929688,43959.0,yahoo
CGPOWER,5m,2026-09-22T12:10:00+05:30,909.4000244140625,909.5,908.0999755859375,908.75,41672.0,yahoo
CGPOWER,5m,2026-09-22T12:15:00+05:30,908.75,908.75,907.7000122070312,908.3499755859375,12387.0,yahoo
CGPOWER,5m,2026-09-22T12:20:00+05:30,908.0999755859375,908.7999877929688,907.1500244140625,907.2999877929688,31452.0,yahoo
CGPOWER,5m,2026-09-22T12:25:00+05:30,907.25,907.75,906.7000122070312,907.0999755859375,9570.0,yahoo
CGPOWER,5m,2026-09-22T12:30:00+05:30,907.4500122070312,907.4500122070312,905.7000122070312,906.0499877929688,34411.0,yahoo
CGPOWER,5m,2026-09-22T12:35:00+05:30,906.0,906.2999877929688,905.2999877929688,905.9000244140625,12905.0,yahoo
CGPOWER,5m,2026-09-22T12:40:00+05:30,905.9000244140625,906.9500122070312,905.5999755859375,905.5999755859375,8018.0,yahoo
CGPOWER,5m,2026-09-22T12:45:00+05:30,905.5,905.7999877929688,905.2000122070312,905.25,8700.0,yahoo
CGPOWER,5m,2026-09-22T12:50:00+05:30,905.25,905.3499755859375,905.0,905.2999877929688,13943.0,yahoo
CGPOWER,5m,2026-09-22T12:55:00+05:30,905.0,905.25,904.4500122070312,904.4500122070312,15452.0,yahoo
CGPOWER,5m,2026-09-22T13:00:00+05:30,904.5,904.7000122070312,903.2999877929688,903.6500244140625,20621.0,yahoo
CGPOWER,5m,2026-09-22T13:05:00+05:30,903.7000122070312,905.3499755859375,903.7000122070312,905.3499755859375,10245.0,yahoo
CGPOWER,5m,2026-09-22T13:10:00+05:30,905.0999755859375,905.5,904.2999877929688,904.5,7492.0,yahoo
CGPOWER,5m,2026-09-22T13:15:00+05:30,904.5,904.9000244140625,902.5,902.75,21457.0,yahoo
CGPOWER,5m,2026-09-22T13:20:00+05:30,902.9500122070312,902.9500122070312,901.4500122070312,902.75,8590.0,yahoo
CGPOWER,5m,2026-09-22T13:25:00+05:30,902.8499755859375,902.8499755859375,901.7999877929688,902.3499755859375,7640.0,yahoo
CGPOWER,5m,2026-09-22T13:30:00+05:30,902.4500122070312,903.9000244140625,902.3499755859375,903.5,10226.0,yahoo
CGPOWER,5m,2026-09-22T13:35:00+05:30,903.1500244140625,903.2999877929688,902.4000244140625,902.9000244140625,7990.0,yahoo
CGPOWER,5m,2026-09-22T13:40:00+05:30,902.6500244140625,903.9500122070312,902.5,903.0,6359.0,yahoo
CGPOWER,5m,2026-09-22T13:45:00+05:30,903.25,903.25,901.5,901.6500244140625,19949.0,yahoo
CGPOWER,5m,2026-09-22T13:50:00+05:30,901.9000244140625,901.9000244140625,900.4000244140625,900.8499755859375,12968.0,yahoo
CGPOWER,5m,2026-09-22T13:55:00+05:30,901.0999755859375,901.4000244140625,900.4000244140625,900.5,10064.0,yahoo
CGPOWER,5m,2026-09-22T14:00:00+05:30,900.3499755859375,900.3499755859375,898.4000244140625,900.0,19682.0,yahoo
CGPOWER,5m,2026-09-22T14:05:00+05:30,900.0,900.1500244140625,899.0,899.9500122070312,10179.0,yahoo
CGPOWER,5m,2026-09-22T14:10:00+05:30,900.0,902.4000244140625,899.4500122070312,902.4000244140625,33096.0,yahoo
CGPOWER,5m,2026-09-22T14:15:00+05:30,902.9000244140625,903.25,901.0499877929688,902.0,27211.0,yahoo
CGPOWER,5m,2026-09-22T14:20:00+05:30,902.0,903.7999877929688,902.0,902.5499877929688,10828.0,yahoo
CGPOWER,5m,2026-09-22T14:25:00+05:30,902.6500244140625,903.9000244140625,902.5,903.4000244140625,11734.0,yahoo
CGPOWER,5m,2026-09-22T14:30:00+05:30,903.4000244140625,903.75,902.5499877929688,902.75,10409.0,yahoo
CGPOWER,5m,2026-09-22T14:35:00+05:30,903.0,903.2000122070312,901.6500244140625,902.0499877929688,23352.0,yahoo
CGPOWER,5m,2026-09-22T14:40:00+05:30,902.25,902.4500122070312,900.9000244140625,901.0499877929688,14177.0,yahoo
CGPOWER,5m,2026-09-22T14:45:00+05:30,901.2000122070312,901.9000244140625,900.7000122070312,901.2000122070312,14914.0,yahoo
CGPOWER,5m,2026-09-22T14:50:00+05:30,901.4500122070312,902.25,900.9500122070312,901.5,78252.0,yahoo
CGPOWER,5m,2026-09-22T14:55:00+05:30,901.4500122070312,901.9500122070312,900.5999755859375,900.7999877929688,22274.0,yahoo
CGPOWER,5m,2026-09-22T15:00:00+05:30,901.2999877929688,902.3499755859375,899.1500244140625,899.25,56457.0,yahoo
CGPOWER,5m,2026-09-22T15:05:00+05:30,899.3499755859375,900.0,897.4000244140625,897.4000244140625,40408.0,yahoo
CGPOWER,5m,2026-09-22T15:10:00+05:30,897.2999877929688,902.5999755859375,896.8499755859375,902.5999755859375,78696.0,yahoo
CGPOWER,5m,2026-09-22T15:15:00+05:30,903.9000244140625,903.9000244140625,896.0999755859375,896.0999755859375,49118.0,yahoo
CIPLA,5m,2026-09-22T09:15:00+05:30,1388.699951171875,1388.699951171875,1377.5,1379.300048828125,0.0,yahoo
CIPLA,5m,2026-09-22T09:20:00+05:30,1378.4000244140625,1378.699951171875,1376.0999755859375,1376.9000244140625,8631.0,yahoo
CIPLA,5m,2026-09-22T09:25:00+05:30,1377.0,1377.0,1375.0999755859375,1376.0999755859375,8893.0,yahoo
CIPLA,5m,2026-09-22T09:30:00+05:30,1375.300048828125,1378.5999755859375,1374.0,1378.5999755859375,10311.0,yahoo
CIPLA,5m,2026-09-22T09:35:00+05:30,1379.199951171875,1379.199951171875,1375.800048828125,1376.800048828125,4039.0,yahoo
CIPLA,5m,2026-09-22T09:40:00+05:30,1377.0,1379.0,1376.9000244140625,1378.199951171875,3591.0,yahoo
CIPLA,5m,2026-09-22T09:45:00+05:30,1378.199951171875,1378.699951171875,1376.9000244140625,1377.5,1455.0,yahoo
CIPLA,5m,2026-09-22T09:50:00+05:30,1377.5,1378.4000244140625,1377.0,1378.199951171875,2354.0,yahoo
CIPLA,5m,2026-09-22T09:55:00+05:30,1377.9000244140625,1378.199951171875,1377.0,1377.5,2887.0,yahoo
CIPLA,5m,2026-09-22T10:00:00+05:30,1377.0,1377.5999755859375,1376.5999755859375,1377.0999755859375,3234.0,yahoo
CIPLA,5m,2026-09-22T10:05:00+05:30,1377.0,1378.300048828125,1377.0,1377.199951171875,2121.0,yahoo
CIPLA,5m,2026-09-22T10:10:00+05:30,1377.199951171875,1377.5999755859375,1376.5999755859375,1377.0,1368.0,yahoo
CIPLA,5m,2026-09-22T10:15:00+05:30,1377.0,1377.300048828125,1375.0,1375.0,4455.0,yahoo
CIPLA,5m,2026-09-22T10:20:00+05:30,1375.0,1375.300048828125,1374.4000244140625,1374.4000244140625,3721.0,yahoo
CIPLA,5m,2026-09-22T10:25:00+05:30,1374.4000244140625,1374.4000244140625,1372.699951171875,1373.0,3136.0,yahoo
CIPLA,5m,2026-09-22T10:30:00+05:30,1373.0,1373.4000244140625,1372.0,1372.199951171875,5390.0,yahoo
CIPLA,5m,2026-09-22T10:35:00+05:30,1372.300048828125,1375.0,1371.5,1371.9000244140625,8370.0,yahoo
CIPLA,5m,2026-09-22T10:40:00+05:30,1371.5,1372.199951171875,1368.5,1369.0,7914.0,yahoo
CIPLA,5m,2026-09-22T10:45:00+05:30,1368.800048828125,1370.5,1368.4000244140625,1369.5,3533.0,yahoo
CIPLA,5m,2026-09-22T10:50:00+05:30,1369.5,1369.9000244140625,1368.4000244140625,1369.0999755859375,4366.0,yahoo
CIPLA,5m,2026-09-22T10:55:00+05:30,1369.0,1370.0,1369.0,1369.4000244140625,2562.0,yahoo
CIPLA,5m,2026-09-22T11:00:00+05:30,1369.4000244140625,1369.5999755859375,1364.5,1364.800048828125,78570.0,yahoo
CIPLA,5m,2026-09-22T11:05:00+05:30,1364.800048828125,1366.5999755859375,1364.5,1365.199951171875,116343.0,yahoo
CIPLA,5m,2026-09-22T11:10:00+05:30,1365.4000244140625,1367.9000244140625,1364.699951171875,1367.699951171875,52286.0,yahoo
CIPLA,5m,2026-09-22T11:15:00+05:30,1367.699951171875,1368.4000244140625,1365.5999755859375,1365.5999755859375,8907.0,yahoo
CIPLA,5m,2026-09-22T11:20:00+05:30,1365.5999755859375,1368.9000244140625,1365.5999755859375,1368.800048828125,6060.0,yahoo
CIPLA,5m,2026-09-22T11:25:00+05:30,1368.5,1368.5999755859375,1366.199951171875,1366.199951171875,4668.0,yahoo
CIPLA,5m,2026-09-22T11:30:00+05:30,1366.199951171875,1367.9000244140625,1365.800048828125,1367.0,4273.0,yahoo
CIPLA,5m,2026-09-22T11:35:00+05:30,1367.0,1370.0,1367.0,1369.4000244140625,8708.0,yahoo
CIPLA,5m,2026-09-22T11:40:00+05:30,1369.5999755859375,1369.800048828125,1367.5,1368.0,2533.0,yahoo
CIPLA,5m,2026-09-22T11:45:00+05:30,1368.0,1368.300048828125,1367.199951171875,1368.0999755859375,2252.0,yahoo
CIPLA,5m,2026-09-22T11:50:00+05:30,1368.0,1368.0999755859375,1367.0,1367.0,1506.0,yahoo
CIPLA,5m,2026-09-22T11:55:00+05:30,1367.199951171875,1372.0,1367.0,1370.0,35572.0,yahoo
CIPLA,5m,2026-09-22T12:00:00+05:30,1370.0,1370.5999755859375,1370.0,1370.0,4137.0,yahoo
CIPLA,5m,2026-09-22T12:05:00+05:30,1370.0,1370.699951171875,1370.0,1370.5999755859375,831.0,yahoo
CIPLA,5m,2026-09-22T12:10:00+05:30,1370.5999755859375,1371.800048828125,1370.0,1371.0999755859375,6258.0,yahoo
CIPLA,5m,2026-09-22T12:15:00+05:30,1371.5,1371.5999755859375,1370.5,1371.300048828125,5687.0,yahoo
CIPLA,5m,2026-09-22T12:20:00+05:30,1370.800048828125,1372.699951171875,1370.699951171875,1370.800048828125,3086.0,yahoo
CIPLA,5m,2026-09-22T12:25:00+05:30,1370.800048828125,1371.199951171875,1368.300048828125,1368.9000244140625,3661.0,yahoo
CIPLA,5m,2026-09-22T12:30:00+05:30,1368.800048828125,1368.9000244140625,1367.5,1368.0,4051.0,yahoo
CIPLA,5m,2026-09-22T12:35:00+05:30,1368.4000244140625,1368.699951171875,1367.5999755859375,1367.9000244140625,3506.0,yahoo
CIPLA,5m,2026-09-22T12:40:00+05:30,1368.0999755859375,1369.199951171875,1367.5,1369.0,1893.0,yahoo
CIPLA,5m,2026-09-22T12:45:00+05:30,1369.0,1369.0,1368.0,1368.300048828125,2014.0,yahoo
CIPLA,5m,2026-09-22T12:50:00+05:30,1368.0,1368.300048828125,1367.0999755859375,1368.300048828125,1625.0,yahoo
CIPLA,5m,2026-09-22T12:55:00+05:30,1368.199951171875,1368.5999755859375,1367.5,1368.4000244140625,1843.0,yahoo
CIPLA,5m,2026-09-22T13:00:00+05:30,1368.4000244140625,1368.4000244140625,1367.800048828125,1368.0,1010.0,yahoo
CIPLA,5m,2026-09-22T13:05:00+05:30,1368.0999755859375,1368.800048828125,1367.5999755859375,1368.800048828125,971.0,yahoo
CIPLA,5m,2026-09-22T13:10:00+05:30,1368.699951171875,1370.5999755859375,1367.5999755859375,1368.800048828125,5257.0,yahoo
CIPLA,5m,2026-09-22T13:15:00+05:30,1369.199951171875,1369.9000244140625,1367.4000244140625,1368.0,1926.0,yahoo
CIPLA,5m,2026-09-22T13:20:00+05:30,1367.9000244140625,1368.0,1366.199951171875,1366.800048828125,3050.0,yahoo
CIPLA,5m,2026-09-22T13:25:00+05:30,1366.5,1366.800048828125,1365.4000244140625,1366.300048828125,2309.0,yahoo
CIPLA,5m,2026-09-22T13:30:00+05:30,1366.300048828125,1371.5,1366.300048828125,1371.300048828125,5189.0,yahoo
CIPLA,5m,2026-09-22T13:35:00+05:30,1371.0,1371.300048828125,1366.9000244140625,1367.199951171875,6394.0,yahoo
CIPLA,5m,2026-09-22T13:40:00+05:30,1367.0,1368.0,1366.9000244140625,1367.4000244140625,2044.0,yahoo
CIPLA,5m,2026-09-22T13:45:00+05:30,1367.0,1368.5,1367.0,1367.300048828125,4639.0,yahoo
CIPLA,5m,2026-09-22T13:50:00+05:30,1367.300048828125,1371.0,1366.300048828125,1371.0,30564.0,yahoo
CIPLA,5m,2026-09-22T13:55:00+05:30,1370.800048828125,1371.0,1370.0,1370.0,3244.0,yahoo
CIPLA,5m,2026-09-22T14:00:00+05:30,1370.0,1371.4000244140625,1370.0,1370.699951171875,77349.0,yahoo
CIPLA,5m,2026-09-22T14:05:00+05:30,1370.699951171875,1374.300048828125,1370.300048828125,1373.5,13731.0,yahoo
CIPLA,5m,2026-09-22T14:10:00+05:30,1373.5,1375.5,1373.199951171875,1375.199951171875,7644.0,yahoo
CIPLA,5m,2026-09-22T14:15:00+05:30,1376.199951171875,1377.800048828125,1375.0,1375.800048828125,5679.0,yahoo
CIPLA,5m,2026-09-22T14:20:00+05:30,1375.699951171875,1377.199951171875,1375.300048828125,1375.300048828125,3313.0,yahoo
CIPLA,5m,2026-09-22T14:25:00+05:30,1375.4000244140625,1378.0,1375.4000244140625,1377.0,5644.0,yahoo
CIPLA,5m,2026-09-22T14:30:00+05:30,1377.0,1382.199951171875,1377.0,1381.9000244140625,16516.0,yahoo
CIPLA,5m,2026-09-22T14:35:00+05:30,1381.800048828125,1383.4000244140625,1381.5999755859375,1382.5999755859375,5964.0,yahoo
CIPLA,5m,2026-09-22T14:40:00+05:30,1382.5999755859375,1383.0,1380.300048828125,1381.4000244140625,4857.0,yahoo
CIPLA,5m,2026-09-22T14:45:00+05:30,1381.800048828125,1382.9000244140625,1379.800048828125,1380.800048828125,3390.0,yahoo
CIPLA,5m,2026-09-22T14:50:00+05:30,1379.9000244140625,1382.5,1379.199951171875,1379.4000244140625,8962.0,yahoo
CIPLA,5m,2026-09-22T14:55:00+05:30,1379.4000244140625,1384.300048828125,1379.4000244140625,1381.300048828125,14507.0,yahoo
CIPLA,5m,2026-09-22T15:00:00+05:30,1381.300048828125,1381.800048828125,1380.5,1380.699951171875,19424.0,yahoo
CIPLA,5m,2026-09-22T15:05:00+05:30,1380.699951171875,1382.699951171875,1380.699951171875,1381.699951171875,12143.0,yahoo
CIPLA,5m,2026-09-22T15:10:00+05:30,1381.800048828125,1384.0999755859375,1378.5,1384.0999755859375,31704.0,yahoo
COALINDIA,5m,2026-09-22T09:15:00+05:30,423.20001220703125,423.20001220703125,420.3999938964844,421.45001220703125,0.0,yahoo
COALINDIA,5m,2026-09-22T09:20:00+05:30,422.1499938964844,423.6000061035156,419.70001220703125,421.0,614824.0,yahoo
COALINDIA,5m,2026-09-22T09:25:00+05:30,420.79998779296875,422.8999938964844,420.70001220703125,422.1499938964844,297678.0,yahoo
COALINDIA,5m,2026-09-22T09:30:00+05:30,422.1499938964844,422.5,421.20001220703125,421.6000061035156,220135.0,yahoo
COALINDIA,5m,2026-09-22T09:35:00+05:30,421.54998779296875,424.29998779296875,421.3500061035156,422.6000061035156,488980.0,yahoo
COALINDIA,5m,2026-09-22T09:40:00+05:30,422.75,424.20001220703125,422.3500061035156,424.20001220703125,236541.0,yahoo
COALINDIA,5m,2026-09-22T09:45:00+05:30,424.6499938964844,425.79998779296875,424.6499938964844,425.70001220703125,534228.0,yahoo
COALINDIA,5m,2026-09-22T09:50:00+05:30,425.70001220703125,425.70001220703125,424.75,425.45001220703125,192871.0,yahoo
COALINDIA,5m,2026-09-22T09:55:00+05:30,425.45001220703125,425.5,425.04998779296875,425.04998779296875,77128.0,yahoo
COALINDIA,5m,2026-09-22T10:00:00+05:30,425.0,426.75,424.95001220703125,426.25,293995.0,yahoo
COALINDIA,5m,2026-09-22T10:05:00+05:30,426.29998779296875,426.45001220703125,424.75,424.8999938964844,222907.0,yahoo
COALINDIA,5m,2026-09-22T10:10:00+05:30,424.8500061035156,425.3500061035156,424.75,425.25,130494.0,yahoo
COALINDIA,5m,2026-09-22T10:15:00+05:30,425.04998779296875,425.8500061035156,424.1000061035156,424.29998779296875,246595.0,yahoo
COALINDIA,5m,2026-09-22T10:20:00+05:30,424.29998779296875,425.0,424.29998779296875,424.75,70495.0,yahoo
COALINDIA,5m,2026-09-22T10:25:00+05:30,424.75,424.95001220703125,424.29998779296875,424.8500061035156,106629.0,yahoo
COALINDIA,5m,2026-09-22T10:30:00+05:30,424.79998779296875,426.20001220703125,424.6499938964844,426.04998779296875,186288.0,yahoo
COALINDIA,5m,2026-09-22T10:35:00+05:30,426.04998779296875,426.1499938964844,425.6499938964844,425.70001220703125,137282.0,yahoo
COALINDIA,5m,2026-09-22T10:40:00+05:30,425.70001220703125,426.25,425.6499938964844,426.1499938964844,145680.0,yahoo
COALINDIA,5m,2026-09-22T10:45:00+05:30,426.1499938964844,426.3999938964844,426.0,426.04998779296875,115845.0,yahoo
COALINDIA,5m,2026-09-22T10:50:00+05:30,426.0,427.04998779296875,426.0,426.79998779296875,263130.0,yahoo
COALINDIA,5m,2026-09-22T10:55:00+05:30,426.79998779296875,426.79998779296875,426.0,426.0,126207.0,yahoo
COALINDIA,5m,2026-09-22T11:00:00+05:30,426.04998779296875,426.79998779296875,425.25,426.79998779296875,828000.0,yahoo
COALINDIA,5m,2026-09-22T11:05:00+05:30,426.79998779296875,428.29998779296875,426.6499938964844,428.0,321795.0,yahoo
COALINDIA,5m,2026-09-22T11:10:00+05:30,428.0,428.1499938964844,427.70001220703125,427.8999938964844,145927.0,yahoo
COALINDIA,5m,2026-09-22T11:15:00+05:30,427.8999938964844,428.70001220703125,427.79998779296875,428.29998779296875,200266.0,yahoo
COALINDIA,5m,2026-09-22T11:20:00+05:30,428.3999938964844,428.5,427.3500061035156,427.54998779296875,279559.0,yahoo
COALINDIA,5m,2026-09-22T11:25:00+05:30,427.54998779296875,427.54998779296875,427.1000061035156,427.1499938964844,129957.0,yahoo
COALINDIA,5m,2026-09-22T11:30:00+05:30,427.1499938964844,427.1499938964844,426.1000061035156,426.29998779296875,167054.0,yahoo
COALINDIA,5m,2026-09-22T11:35:00+05:30,426.29998779296875,427.79998779296875,426.1499938964844,427.79998779296875,575105.0,yahoo
COALINDIA,5m,2026-09-22T11:40:00+05:30,427.79998779296875,428.0,427.1000061035156,427.6499938964844,202546.0,yahoo
COALINDIA,5m,2026-09-22T11:45:00+05:30,427.70001220703125,427.8500061035156,427.29998779296875,427.6000061035156,531204.0,yahoo
COALINDIA,5m,2026-09-22T11:50:00+05:30,427.6000061035156,427.75,427.1000061035156,427.1000061035156,193918.0,yahoo
COALINDIA,5m,2026-09-22T11:55:00+05:30,427.04998779296875,427.29998779296875,426.5,426.6499938964844,126783.0,yahoo
COALINDIA,5m,2026-09-22T12:00:00+05:30,426.70001220703125,427.25,426.6499938964844,426.95001220703125,225596.0,yahoo
COALINDIA,5m,2026-09-22T12:05:00+05:30,427.0,427.0,426.3999938964844,426.6000061035156,219704.0,yahoo
COALINDIA,5m,2026-09-22T12:10:00+05:30,426.6000061035156,427.0,426.5,426.6499938964844,128641.0,yahoo
COALINDIA,5m,2026-09-22T12:15:00+05:30,426.70001220703125,426.8500061035156,426.54998779296875,426.79998779296875,62055.0,yahoo
COALINDIA,5m,2026-09-22T12:20:00+05:30,426.79998779296875,426.8500061035156,426.5,426.6000061035156,71387.0,yahoo
COALINDIA,5m,2026-09-22T12:25:00+05:30,426.6000061035156,426.8500061035156,426.29998779296875,426.79998779296875,86655.0,yahoo
COALINDIA,5m,2026-09-22T12:30:00+05:30,426.75,427.0,426.54998779296875,426.79998779296875,69093.0,yahoo
COALINDIA,5m,2026-09-22T12:35:00+05:30,426.70001220703125,427.45001220703125,426.6499938964844,427.20001220703125,104682.0,yahoo
COALINDIA,5m,2026-09-22T12:40:00+05:30,427.25,427.54998779296875,426.79998779296875,427.20001220703125,107578.0,yahoo
COALINDIA,5m,2026-09-22T12:45:00+05:30,427.20001220703125,427.20001220703125,426.79998779296875,427.04998779296875,78557.0,yahoo
COALINDIA,5m,2026-09-22T12:50:00+05:30,426.8999938964844,427.0,426.6499938964844,426.6499938964844,105809.0,yahoo
COALINDIA,5m,2026-09-22T12:55:00+05:30,426.6499938964844,427.45001220703125,426.6000061035156,427.1000061035156,107748.0,yahoo
COALINDIA,5m,2026-09-22T13:00:00+05:30,427.04998779296875,427.3500061035156,426.8999938964844,427.0,273884.0,yahoo
COALINDIA,5m,2026-09-22T13:05:00+05:30,427.0,427.20001220703125,426.79998779296875,427.1000061035156,79717.0,yahoo
COALINDIA,5m,2026-09-22T13:10:00+05:30,427.1499938964844,427.5,427.1499938964844,427.29998779296875,81044.0,yahoo
COALINDIA,5m,2026-09-22T13:15:00+05:30,427.3500061035156,427.45001220703125,427.04998779296875,427.20001220703125,113265.0,yahoo
COALINDIA,5m,2026-09-22T13:20:00+05:30,427.29998779296875,428.1000061035156,427.25,427.5,459306.0,yahoo
COALINDIA,5m,2026-09-22T13:25:00+05:30,427.5,427.6000061035156,426.20001220703125,426.20001220703125,181166.0,yahoo
COALINDIA,5m,2026-09-22T13:30:00+05:30,426.20001220703125,426.6499938964844,426.0,426.3500061035156,167350.0,yahoo
COALINDIA,5m,2026-09-22T13:35:00+05:30,426.3500061035156,426.70001220703125,425.79998779296875,426.04998779296875,209284.0,yahoo
COALINDIA,5m,2026-09-22T13:40:00+05:30,426.1000061035156,426.5,426.04998779296875,426.04998779296875,64481.0,yahoo
COALINDIA,5m,2026-09-22T13:45:00+05:30,426.0,426.1499938964844,425.70001220703125,425.79998779296875,225113.0,yahoo
COALINDIA,5m,2026-09-22T13:50:00+05:30,425.75,425.95001220703125,425.54998779296875,425.8500061035156,216110.0,yahoo
COALINDIA,5m,2026-09-22T13:55:00+05:30,425.8500061035156,425.95001220703125,425.75,425.8999938964844,56070.0,yahoo
COALINDIA,5m,2026-09-22T14:00:00+05:30,425.79998779296875,426.54998779296875,425.6499938964844,426.45001220703125,146821.0,yahoo
COALINDIA,5m,2026-09-22T14:05:00+05:30,426.45001220703125,426.79998779296875,426.25,426.25,110646.0,yahoo
COALINDIA,5m,2026-09-22T14:10:00+05:30,426.29998779296875,426.75,426.1499938964844,426.6499938964844,348643.0,yahoo
COALINDIA,5m,2026-09-22T14:15:00+05:30,426.70001220703125,427.1499938964844,426.45001220703125,426.45001220703125,130213.0,yahoo
COALINDIA,5m,2026-09-22T14:20:00+05:30,426.3999938964844,427.1000061035156,426.3999938964844,426.75,459816.0,yahoo
COALINDIA,5m,2026-09-22T14:25:00+05:30,426.6499938964844,426.75,426.54998779296875,426.6499938964844,50278.0,yahoo
COALINDIA,5m,2026-09-22T14:30:00+05:30,426.6499938964844,426.6499938964844,426.25,426.3999938964844,96488.0,yahoo
COALINDIA,5m,2026-09-22T14:35:00+05:30,426.54998779296875,426.6000061035156,426.20001220703125,426.25,93657.0,yahoo
COALINDIA,5m,2026-09-22T14:40:00+05:30,426.29998779296875,426.3999938964844,426.1000061035156,426.20001220703125,72583.0,yahoo
COALINDIA,5m,2026-09-22T14:45:00+05:30,426.1000061035156,426.3999938964844,426.1000061035156,426.3999938964844,70249.0,yahoo
COALINDIA,5m,2026-09-22T14:50:00+05:30,426.3500061035156,426.54998779296875,426.1499938964844,426.29998779296875,240846.0,yahoo
COALINDIA,5m,2026-09-22T14:55:00+05:30,426.29998779296875,426.79998779296875,426.1000061035156,426.70001220703125,214487.0,yahoo
COALINDIA,5m,2026-09-22T15:00:00+05:30,426.79998779296875,427.79998779296875,426.6000061035156,427.6499938964844,307841.0,yahoo
COALINDIA,5m,2026-09-22T15:05:00+05:30,427.70001220703125,428.3500061035156,427.1000061035156,427.95001220703125,479702.0,yahoo
COALINDIA,5m,2026-09-22T15:10:00+05:30,427.95001220703125,428.3500061035156,427.0,428.0,787172.0,yahoo
DELHIVERY,5m,2026-09-22T09:15:00+05:30,436.5,436.8500061035156,435.54998779296875,436.1499938964844,0.0,yahoo
DELHIVERY,5m,2026-09-22T09:20:00+05:30,436.1499938964844,437.25,435.5,435.5,44147.0,yahoo
DELHIVERY,5m,2026-09-22T09:25:00+05:30,435.1000061035156,435.45001220703125,434.54998779296875,435.20001220703125,34254.0,yahoo
DELHIVERY,5m,2026-09-22T09:30:00+05:30,435.25,435.29998779296875,433.5,433.6000061035156,70377.0,yahoo
DELHIVERY,5m,2026-09-22T09:35:00+05:30,433.79998779296875,434.5,433.6499938964844,434.5,25848.0,yahoo
DELHIVERY,5m,2026-09-22T09:40:00+05:30,434.25,434.5,433.6000061035156,433.95001220703125,21308.0,yahoo
DELHIVERY,5m,2026-09-22T09:45:00+05:30,433.95001220703125,434.1499938964844,433.6000061035156,433.6000061035156,47620.0,yahoo
DELHIVERY,5m,2026-09-22T09:50:00+05:30,433.6000061035156,433.6499938964844,432.8999938964844,433.1000061035156,47934.0,yahoo
DELHIVERY,5m,2026-09-22T09:55:00+05:30,433.1000061035156,433.25,432.6000061035156,432.79998779296875,37591.0,yahoo
DELHIVERY,5m,2026-09-22T10:00:00+05:30,432.79998779296875,433.04998779296875,432.54998779296875,432.75,44534.0,yahoo
DELHIVERY,5m,2026-09-22T10:05:00+05:30,432.75,433.20001220703125,432.6499938964844,433.20001220703125,26029.0,yahoo
DELHIVERY,5m,2026-09-22T10:10:00+05:30,433.1499938964844,433.1499938964844,432.6499938964844,432.95001220703125,25769.0,yahoo
DELHIVERY,5m,2026-09-22T10:15:00+05:30,432.95001220703125,433.3500061035156,432.6499938964844,433.20001220703125,36703.0,yahoo
DELHIVERY,5m,2026-09-22T10:20:00+05:30,433.0,433.1499938964844,432.54998779296875,432.8500061035156,21024.0,yahoo
DELHIVERY,5m,2026-09-22T10:25:00+05:30,432.6000061035156,432.8500061035156,432.54998779296875,432.75,30883.0,yahoo
DELHIVERY,5m,2026-09-22T10:30:00+05:30,432.8500061035156,433.1499938964844,432.5,432.5,31113.0,yahoo
DELHIVERY,5m,2026-09-22T10:35:00+05:30,432.5,432.54998779296875,432.0,432.04998779296875,30653.0,yahoo
DELHIVERY,5m,2026-09-22T10:40:00+05:30,432.04998779296875,432.25,431.70001220703125,432.0,37519.0,yahoo
DELHIVERY,5m,2026-09-22T10:45:00+05:30,432.0,433.6000061035156,431.70001220703125,433.0,34724.0,yahoo
DELHIVERY,5m,2026-09-22T10:50:00+05:30,432.8999938964844,433.8999938964844,432.20001220703125,433.6000061035156,61370.0,yahoo
DELHIVERY,5m,2026-09-22T10:55:00+05:30,433.5,433.75,433.25,433.45001220703125,28171.0,yahoo
DELHIVERY,5m,2026-09-22T11:00:00+05:30,433.29998779296875,433.29998779296875,432.29998779296875,432.70001220703125,32518.0,yahoo
DELHIVERY,5m,2026-09-22T11:05:00+05:30,432.45001220703125,432.6499938964844,432.3500061035156,432.3500061035156,22497.0,yahoo
DELHIVERY,5m,2026-09-22T11:10:00+05:30,432.45001220703125,432.6000061035156,432.25,432.3999938964844,25971.0,yahoo
DELHIVERY,5m,2026-09-22T11:15:00+05:30,432.45001220703125,432.75,432.45001220703125,432.6000061035156,18874.0,yahoo
DELHIVERY,5m,2026-09-22T11:20:00+05:30,432.6000061035156,432.75,432.25,432.6000061035156,19362.0,yahoo
DELHIVERY,5m,2026-09-22T11:25:00+05:30,432.6000061035156,432.6000061035156,432.1499938964844,432.29998779296875,16191.0,yahoo
DELHIVERY,5m,2026-09-22T11:30:00+05:30,432.1499938964844,432.25,432.1499938964844,432.1499938964844,5310.0,yahoo
DELHIVERY,5m,2026-09-22T11:35:00+05:30,432.1499938964844,432.8500061035156,432.04998779296875,432.45001220703125,26564.0,yahoo
DELHIVERY,5m,2026-09-22T11:40:00+05:30,432.5,432.6000061035156,432.20001220703125,432.29998779296875,10724.0,yahoo
DELHIVERY,5m,2026-09-22T11:45:00+05:30,432.29998779296875,432.5,431.79998779296875,432.0,23708.0,yahoo
DELHIVERY,5m,2026-09-22T11:50:00+05:30,432.1499938964844,432.5,431.79998779296875,431.8999938964844,19809.0,yahoo
DELHIVERY,5m,2026-09-22T11:55:00+05:30,431.8500061035156,432.5,431.70001220703125,432.45001220703125,28152.0,yahoo
DELHIVERY,5m,2026-09-22T12:00:00+05:30,432.45001220703125,432.8500061035156,432.20001220703125,432.6000061035156,20135.0,yahoo
DELHIVERY,5m,2026-09-22T12:05:00+05:30,432.79998779296875,432.79998779296875,432.1000061035156,432.25,17958.0,yahoo
DELHIVERY,5m,2026-09-22T12:10:00+05:30,432.25,433.1499938964844,432.25,432.6000061035156,38248.0,yahoo
DELHIVERY,5m,2026-09-22T12:15:00+05:30,432.6000061035156,433.6000061035156,432.5,433.5,50956.0,yahoo
DELHIVERY,5m,2026-09-22T12:20:00+05:30,433.0,433.0,432.3500061035156,432.79998779296875,28945.0,yahoo
DELHIVERY,5m,2026-09-22T12:25:00+05:30,432.6000061035156,432.6499938964844,432.29998779296875,432.45001220703125,19938.0,yahoo
DELHIVERY,5m,2026-09-22T12:30:00+05:30,432.6000061035156,432.8500061035156,432.20001220703125,432.20001220703125,19517.0,yahoo
DELHIVERY,5m,2026-09-22T12:35:00+05:30,432.3999938964844,433.04998779296875,432.04998779296875,432.04998779296875,79090.0,yahoo
DELHIVERY,5m,2026-09-22T12:40:00+05:30,432.04998779296875,432.1000061035156,430.3999938964844,430.45001220703125,35126.0,yahoo
DELHIVERY,5m,2026-09-22T12:45:00+05:30,430.45001220703125,430.6000061035156,429.0,429.0,34949.0,yahoo
DELHIVERY,5m,2026-09-22T12:50:00+05:30,429.0,429.20001220703125,428.70001220703125,428.75,7816.0,yahoo
DELHIVERY,5m,2026-09-22T12:55:00+05:30,429.0,429.8500061035156,428.70001220703125,429.54998779296875,18677.0,yahoo
DELHIVERY,5m,2026-09-22T13:00:00+05:30,429.54998779296875,429.8999938964844,429.29998779296875,429.3500061035156,6093.0,yahoo
DELHIVERY,5m,2026-09-22T13:05:00+05:30,429.3500061035156,429.95001220703125,429.20001220703125,429.95001220703125,4824.0,yahoo
DELHIVERY,5m,2026-09-22T13:10:00+05:30,429.70001220703125,429.95001220703125,429.54998779296875,429.54998779296875,2524.0,yahoo
DELHIVERY,5m,2026-09-22T13:15:00+05:30,429.54998779296875,429.8999938964844,429.5,429.5,2871.0,yahoo
DELHIVERY,5m,2026-09-22T13:20:00+05:30,429.5,429.95001220703125,429.3999938964844,429.95001220703125,4203.0,yahoo
DELHIVERY,5m,2026-09-22T13:25:00+05:30,429.8999938964844,430.0,429.79998779296875,429.79998779296875,2493.0,yahoo
DELHIVERY,5m,2026-09-22T13:30:00+05:30,429.75,430.0,429.6499938964844,429.79998779296875,6322.0,yahoo
DELHIVERY,5m,2026-09-22T13:35:00+05:30,429.75,429.8999938964844,429.6000061035156,429.75,4742.0,yahoo
DELHIVERY,5m,2026-09-22T13:40:00+05:30,429.75,429.75,429.3500061035156,429.3999938964844,5345.0,yahoo
DELHIVERY,5m,2026-09-22T13:45:00+05:30,429.3999938964844,429.54998779296875,429.25,429.3999938964844,5018.0,yahoo
DELHIVERY,5m,2026-09-22T13:50:00+05:30,429.29998779296875,429.3999938964844,428.75,428.79998779296875,10664.0,yahoo
DELHIVERY,5m,2026-09-22T13:55:00+05:30,428.79998779296875,429.79998779296875,428.79998779296875,429.6499938964844,8363.0,yahoo
DELHIVERY,5m,2026-09-22T14:00:00+05:30,429.70001220703125,429.70001220703125,428.3999938964844,429.1499938964844,33701.0,yahoo
DELHIVERY,5m,2026-09-22T14:05:00+05:30,429.29998779296875,429.45001220703125,429.0,429.45001220703125,2035.0,yahoo
DELHIVERY,5m,2026-09-22T14:10:00+05:30,429.45001220703125,430.0,429.3500061035156,430.0,13292.0,yahoo
DELHIVERY,5m,2026-09-22T14:15:00+05:30,430.0,430.1000061035156,429.3500061035156,429.6000061035156,16483.0,yahoo
DELHIVERY,5m,2026-09-22T14:20:00+05:30,429.79998779296875,429.79998779296875,429.6000061035156,429.6000061035156,11774.0,yahoo
DELHIVERY,5m,2026-09-22T14:25:00+05:30,429.5,431.5,429.5,430.75,132285.0,yahoo
DELHIVERY,5m,2026-09-22T14:30:00+05:30,430.8500061035156,432.54998779296875,430.70001220703125,431.04998779296875,217606.0,yahoo
DELHIVERY,5m,2026-09-22T14:35:00+05:30,431.04998779296875,431.3999938964844,430.79998779296875,431.0,54975.0,yahoo
DELHIVERY,5m,2026-09-22T14:40:00+05:30,431.0,431.1499938964844,430.45001220703125,430.45001220703125,30578.0,yahoo
DELHIVERY,5m,2026-09-22T14:45:00+05:30,430.45001220703125,431.5,430.3500061035156,430.75,30099.0,yahoo
DELHIVERY,5m,2026-09-22T14:50:00+05:30,430.75,431.04998779296875,430.29998779296875,430.8999938964844,44539.0,yahoo
DELHIVERY,5m,2026-09-22T14:55:00+05:30,430.79998779296875,431.20001220703125,430.75,430.8500061035156,39074.0,yahoo
DELHIVERY,5m,2026-09-22T15:00:00+05:30,430.8500061035156,431.1000061035156,430.5,430.6499938964844,39221.0,yahoo
DELHIVERY,5m,2026-09-22T15:05:00+05:30,430.6499938964844,431.04998779296875,430.6499938964844,430.8500061035156,37465.0,yahoo
DELHIVERY,5m,2026-09-22T15:10:00+05:30,430.79998779296875,432.45001220703125,430.54998779296875,431.0,82386.0,yahoo
DELHIVERY,5m,2026-09-22T15:15:00+05:30,431.79998779296875,431.79998779296875,430.75,430.75,10309.0,yahoo
DLF,5m,2026-09-22T09:15:00+05:30,666.4500122070312,667.5,663.4500122070312,663.75,0.0,yahoo
DLF,5m,2026-09-22T09:20:00+05:30,663.3499755859375,665.2999877929688,663.3499755859375,665.0999755859375,37778.0,yahoo
DLF,5m,2026-09-22T09:25:00+05:30,664.5499877929688,665.9500122070312,664.2000122070312,665.4000244140625,28808.0,yahoo
DLF,5m,2026-09-22T09:30:00+05:30,665.3499755859375,666.0,662.5,662.8499755859375,25001.0,yahoo
DLF,5m,2026-09-22T09:35:00+05:30,662.9000244140625,662.9000244140625,660.2999877929688,662.5999755859375,37331.0,yahoo
DLF,5m,2026-09-22T09:40:00+05:30,662.4000244140625,664.75,661.5,663.9500122070312,32918.0,yahoo
DLF,5m,2026-09-22T09:45:00+05:30,664.0,665.9500122070312,664.0,665.8499755859375,32003.0,yahoo
DLF,5m,2026-09-22T09:50:00+05:30,665.5,665.7999877929688,663.5999755859375,664.8499755859375,18814.0,yahoo
DLF,5m,2026-09-22T09:55:00+05:30,664.7999877929688,664.7999877929688,663.3499755859375,663.7000122070312,15292.0,yahoo
DLF,5m,2026-09-22T10:00:00+05:30,663.7000122070312,664.4000244140625,662.5,662.5,15545.0,yahoo
DLF,5m,2026-09-22T10:05:00+05:30,662.6500244140625,662.8499755859375,660.0499877929688,660.2000122070312,43812.0,yahoo
DLF,5m,2026-09-22T10:10:00+05:30,660.1500244140625,660.75,659.1500244140625,660.1500244140625,22764.0,yahoo
DLF,5m,2026-09-22T10:15:00+05:30,659.9000244140625,662.5,659.6500244140625,662.25,25307.0,yahoo
DLF,5m,2026-09-22T10:20:00+05:30,662.4000244140625,664.7999877929688,662.0,664.7999877929688,37865.0,yahoo
DLF,5m,2026-09-22T10:25:00+05:30,664.7999877929688,664.9500122070312,663.6500244140625,664.0,8764.0,yahoo
DLF,5m,2026-09-22T10:30:00+05:30,664.0,664.5,663.0999755859375,664.5,19585.0,yahoo
DLF,5m,2026-09-22T10:35:00+05:30,664.5499877929688,664.7000122070312,663.4000244140625,663.7999877929688,12092.0,yahoo
DLF,5m,2026-09-22T10:40:00+05:30,663.7999877929688,665.2999877929688,663.4000244140625,664.9500122070312,38649.0,yahoo
DLF,5m,2026-09-22T10:45:00+05:30,665.0,665.4000244140625,664.5,664.7000122070312,22085.0,yahoo
DLF,5m,2026-09-22T10:50:00+05:30,664.9500122070312,665.0,664.5,665.0,7609.0,yahoo
DLF,5m,2026-09-22T10:55:00+05:30,664.7999877929688,667.0,664.6500244140625,666.0,121250.0,yahoo
DLF,5m,2026-09-22T11:00:00+05:30,665.9000244140625,666.4000244140625,665.0499877929688,666.25,18036.0,yahoo
DLF,5m,2026-09-22T11:05:00+05:30,666.4000244140625,666.4000244140625,666.0,666.25,10325.0,yahoo
DLF,5m,2026-09-22T11:10:00+05:30,666.2999877929688,666.4000244140625,665.9000244140625,666.4000244140625,8970.0,yahoo
DLF,5m,2026-09-22T11:15:00+05:30,666.4000244140625,666.4000244140625,665.0999755859375,666.0,43629.0,yahoo
DLF,5m,2026-09-22T11:20:00+05:30,666.2000122070312,666.3499755859375,665.6500244140625,666.2999877929688,19603.0,yahoo
DLF,5m,2026-09-22T11:25:00+05:30,666.1500244140625,666.3499755859375,665.5999755859375,666.2999877929688,16920.0,yahoo
DLF,5m,2026-09-22T11:30:00+05:30,666.3499755859375,666.3499755859375,665.4000244140625,665.4000244140625,12939.0,yahoo
DLF,5m,2026-09-22T11:35:00+05:30,665.7000122070312,665.7000122070312,664.8499755859375,665.0499877929688,10451.0,yahoo
DLF,5m,2026-09-22T11:40:00+05:30,665.0,665.2000122070312,664.7999877929688,665.0,10899.0,yahoo
DLF,5m,2026-09-22T11:45:00+05:30,664.9500122070312,664.9500122070312,663.9500122070312,664.6500244140625,12376.0,yahoo
DLF,5m,2026-09-22T11:50:00+05:30,664.6500244140625,664.7999877929688,664.3499755859375,664.5999755859375,3914.0,yahoo
DLF,5m,2026-09-22T11:55:00+05:30,664.5999755859375,664.6500244140625,664.0,664.25,17655.0,yahoo
DLF,5m,2026-09-22T12:00:00+05:30,664.25,666.3499755859375,664.0,666.0999755859375,436990.0,yahoo
DLF,5m,2026-09-22T12:05:00+05:30,665.8499755859375,665.9500122070312,665.0,665.4000244140625,14791.0,yahoo
DLF,5m,2026-09-22T12:10:00+05:30,665.4000244140625,665.4000244140625,664.5,664.7999877929688,9656.0,yahoo
DLF,5m,2026-09-22T12:15:00+05:30,664.7999877929688,666.75,664.5999755859375,666.5499877929688,142713.0,yahoo
DLF,5m,2026-09-22T12:20:00+05:30,666.5,666.5,665.8499755859375,666.1500244140625,13235.0,yahoo
DLF,5m,2026-09-22T12:25:00+05:30,666.2000122070312,666.4000244140625,666.0499877929688,666.25,6122.0,yahoo
DLF,5m,2026-09-22T12:30:00+05:30,666.25,666.25,665.4000244140625,665.7000122070312,14820.0,yahoo
DLF,5m,2026-09-22T12:35:00+05:30,665.75,665.7999877929688,665.2000122070312,665.75,9830.0,yahoo
DLF,5m,2026-09-22T12:40:00+05:30,665.4000244140625,666.2000122070312,665.2000122070312,665.3499755859375,14186.0,yahoo
DLF,5m,2026-09-22T12:45:00+05:30,665.0499877929688,665.75,665.0499877929688,665.3499755859375,13340.0,yahoo
DLF,5m,2026-09-22T12:50:00+05:30,665.2000122070312,665.75,665.0,665.3499755859375,8705.0,yahoo
DLF,5m,2026-09-22T12:55:00+05:30,665.5,665.5,664.75,664.7999877929688,14226.0,yahoo
DLF,5m,2026-09-22T13:00:00+05:30,664.7999877929688,666.2000122070312,664.5999755859375,666.2000122070312,332411.0,yahoo
DLF,5m,2026-09-22T13:05:00+05:30,666.2000122070312,666.6500244140625,666.0,666.0,25148.0,yahoo
DLF,5m,2026-09-22T13:10:00+05:30,666.0,666.25,665.5,666.2000122070312,13000.0,yahoo
DLF,5m,2026-09-22T13:15:00+05:30,666.2000122070312,666.5,665.7000122070312,666.4000244140625,34022.0,yahoo
DLF,5m,2026-09-22T13:20:00+05:30,666.0,666.4000244140625,665.75,666.4000244140625,17540.0,yahoo
DLF,5m,2026-09-22T13:25:00+05:30,666.4000244140625,666.4000244140625,665.0499877929688,665.7999877929688,25265.0,yahoo
DLF,5m,2026-09-22T13:30:00+05:30,665.7999877929688,666.2000122070312,665.4000244140625,666.2000122070312,13467.0,yahoo
DLF,5m,2026-09-22T13:35:00+05:30,666.25,666.25,665.6500244140625,665.6500244140625,50975.0,yahoo
DLF,5m,2026-09-22T13:40:00+05:30,665.6500244140625,666.0,665.1500244140625,665.5499877929688,13930.0,yahoo
DLF,5m,2026-09-22T13:45:00+05:30,665.4000244140625,665.5999755859375,665.1500244140625,665.5499877929688,10105.0,yahoo
DLF,5m,2026-09-22T13:50:00+05:30,665.5999755859375,666.5499877929688,665.0999755859375,666.0,334458.0,yahoo
DLF,5m,2026-09-22T13:55:00+05:30,666.1500244140625,666.5,665.5,666.0499877929688,49593.0,yahoo
DLF,5m,2026-09-22T14:00:00+05:30,666.0,666.25,665.4000244140625,666.0499877929688,223616.0,yahoo
DLF,5m,2026-09-22T14:05:00+05:30,666.25,666.5,665.2000122070312,665.4500122070312,35173.0,yahoo
DLF,5m,2026-09-22T14:10:00+05:30,665.4000244140625,668.9000244140625,665.2999877929688,668.9000244140625,200465.0,yahoo
DLF,5m,2026-09-22T14:15:00+05:30,669.2999877929688,670.9500122070312,669.2999877929688,670.7000122070312,93760.0,yahoo
DLF,5m,2026-09-22T14:20:00+05:30,670.9000244140625,671.7999877929688,670.0499877929688,670.2000122070312,50997.0,yahoo
DLF,5m,2026-09-22T14:25:00+05:30,670.0,670.5999755859375,670.0,670.1500244140625,28469.0,yahoo
DLF,5m,2026-09-22T14:30:00+05:30,670.1500244140625,670.2999877929688,669.5,669.5999755859375,23912.0,yahoo
DLF,5m,2026-09-22T14:35:00+05:30,670.0999755859375,670.2000122070312,669.5499877929688,669.6500244140625,45646.0,yahoo
DLF,5m,2026-09-22T14:40:00+05:30,669.8499755859375,670.0499877929688,669.0999755859375,669.1500244140625,62314.0,yahoo
DLF,5m,2026-09-22T14:45:00+05:30,669.2000122070312,670.0499877929688,669.2000122070312,670.0,199595.0,yahoo
DLF,5m,2026-09-22T14:50:00+05:30,670.0499877929688,670.1500244140625,668.0,668.1500244140625,289946.0,yahoo
DLF,5m,2026-09-22T14:55:00+05:30,668.2000122070312,669.75,667.5,669.3499755859375,122607.0,yahoo
DLF,5m,2026-09-22T15:00:00+05:30,669.4000244140625,670.2000122070312,668.25,669.25,451660.0,yahoo
DLF,5m,2026-09-22T15:05:00+05:30,669.2999877929688,670.1500244140625,669.0499877929688,670.0,401696.0,yahoo
DLF,5m,2026-09-22T15:10:00+05:30,670.0499877929688,671.9000244140625,669.0,669.5,433595.0,yahoo
DRREDDY,5m,2026-09-22T09:15:00+05:30,1207.0,1208.199951171875,1203.199951171875,1207.9000244140625,0.0,yahoo
DRREDDY,5m,2026-09-22T09:20:00+05:30,1206.800048828125,1206.800048828125,1203.300048828125,1204.0,20362.0,yahoo
DRREDDY,5m,2026-09-22T09:25:00+05:30,1203.5,1208.199951171875,1201.5,1207.199951171875,50363.0,yahoo
DRREDDY,5m,2026-09-22T09:30:00+05:30,1207.199951171875,1216.800048828125,1205.0,1215.4000244140625,395909.0,yahoo
DRREDDY,5m,2026-09-22T09:35:00+05:30,1215.0,1217.5,1214.5999755859375,1216.5,210046.0,yahoo
DRREDDY,5m,2026-09-22T09:40:00+05:30,1216.9000244140625,1218.0,1216.4000244140625,1217.9000244140625,46225.0,yahoo
DRREDDY,5m,2026-09-22T09:45:00+05:30,1217.800048828125,1217.9000244140625,1215.300048828125,1215.9000244140625,31059.0,yahoo
DRREDDY,5m,2026-09-22T09:50:00+05:30,1215.9000244140625,1217.4000244140625,1215.5999755859375,1216.800048828125,29400.0,yahoo
DRREDDY,5m,2026-09-22T09:55:00+05:30,1216.4000244140625,1217.199951171875,1216.0,1216.300048828125,26452.0,yahoo
DRREDDY,5m,2026-09-22T10:00:00+05:30,1216.5,1216.9000244140625,1215.0,1215.199951171875,29524.0,yahoo
DRREDDY,5m,2026-09-22T10:05:00+05:30,1215.199951171875,1217.0,1213.4000244140625,1216.800048828125,77313.0,yahoo
DRREDDY,5m,2026-09-22T10:10:00+05:30,1217.0,1219.0999755859375,1216.300048828125,1218.300048828125,71655.0,yahoo
DRREDDY,5m,2026-09-22T10:15:00+05:30,1218.4000244140625,1218.5,1217.199951171875,1217.9000244140625,30275.0,yahoo
DRREDDY,5m,2026-09-22T10:20:00+05:30,1218.0,1221.4000244140625,1217.0999755859375,1217.0999755859375,128629.0,yahoo
DRREDDY,5m,2026-09-22T10:25:00+05:30,1217.199951171875,1219.0,1213.800048828125,1215.0,62937.0,yahoo
DRREDDY,5m,2026-09-22T10:30:00+05:30,1215.0,1216.0,1213.800048828125,1214.0,22726.0,yahoo
DRREDDY,5m,2026-09-22T10:35:00+05:30,1213.9000244140625,1214.0999755859375,1210.9000244140625,1211.9000244140625,30813.0,yahoo
DRREDDY,5m,2026-09-22T10:40:00+05:30,1211.699951171875,1212.300048828125,1209.9000244140625,1210.199951171875,37494.0,yahoo
DRREDDY,5m,2026-09-22T10:45:00+05:30,1210.5999755859375,1212.5999755859375,1210.5999755859375,1211.0,22876.0,yahoo
DRREDDY,5m,2026-09-22T10:50:00+05:30,1210.5999755859375,1211.699951171875,1210.5999755859375,1211.5,14543.0,yahoo
DRREDDY,5m,2026-09-22T10:55:00+05:30,1211.5,1213.9000244140625,1208.9000244140625,1213.9000244140625,58918.0,yahoo
DRREDDY,5m,2026-09-22T11:00:00+05:30,1214.0,1215.5,1211.0,1214.5999755859375,100850.0,yahoo
DRREDDY,5m,2026-09-22T11:05:00+05:30,1215.300048828125,1215.699951171875,1212.5,1215.0,67719.0,yahoo
DRREDDY,5m,2026-09-22T11:10:00+05:30,1215.0,1216.0,1214.300048828125,1215.5999755859375,50945.0,yahoo
DRREDDY,5m,2026-09-22T11:15:00+05:30,1215.800048828125,1216.199951171875,1215.0,1215.0,37590.0,yahoo
DRREDDY,5m,2026-09-22T11:20:00+05:30,1215.0,1216.699951171875,1215.0,1215.800048828125,28587.0,yahoo
DRREDDY,5m,2026-09-22T11:25:00+05:30,1215.800048828125,1216.199951171875,1214.4000244140625,1214.4000244140625,20171.0,yahoo
DRREDDY,5m,2026-09-22T11:30:00+05:30,1214.5999755859375,1215.199951171875,1214.0,1214.9000244140625,21169.0,yahoo
DRREDDY,5m,2026-09-22T11:35:00+05:30,1214.699951171875,1215.800048828125,1214.4000244140625,1215.199951171875,20850.0,yahoo
DRREDDY,5m,2026-09-22T11:40:00+05:30,1215.300048828125,1215.300048828125,1213.5,1214.0,45748.0,yahoo
DRREDDY,5m,2026-09-22T11:45:00+05:30,1214.0,1214.5,1211.199951171875,1211.800048828125,26659.0,yahoo
DRREDDY,5m,2026-09-22T11:50:00+05:30,1211.800048828125,1211.9000244140625,1211.199951171875,1211.5,18677.0,yahoo
DRREDDY,5m,2026-09-22T11:55:00+05:30,1211.0,1212.800048828125,1210.9000244140625,1212.4000244140625,26699.0,yahoo
DRREDDY,5m,2026-09-22T12:00:00+05:30,1212.699951171875,1213.699951171875,1211.9000244140625,1213.0,26610.0,yahoo
DRREDDY,5m,2026-09-22T12:05:00+05:30,1212.9000244140625,1213.800048828125,1212.0999755859375,1213.0,18952.0,yahoo
DRREDDY,5m,2026-09-22T12:10:00+05:30,1212.5999755859375,1213.800048828125,1212.5999755859375,1213.5999755859375,19465.0,yahoo
DRREDDY,5m,2026-09-22T12:15:00+05:30,1213.5999755859375,1214.300048828125,1212.699951171875,1214.300048828125,15219.0,yahoo
DRREDDY,5m,2026-09-22T12:20:00+05:30,1214.0999755859375,1214.4000244140625,1212.699951171875,1214.0,22208.0,yahoo
DRREDDY,5m,2026-09-22T12:25:00+05:30,1214.0,1214.0,1212.0999755859375,1212.5999755859375,21876.0,yahoo
DRREDDY,5m,2026-09-22T12:30:00+05:30,1213.199951171875,1213.199951171875,1211.300048828125,1212.0999755859375,24078.0,yahoo
DRREDDY,5m,2026-09-22T12:35:00+05:30,1211.5999755859375,1212.4000244140625,1211.0,1211.5999755859375,20401.0,yahoo
DRREDDY,5m,2026-09-22T12:40:00+05:30,1211.800048828125,1212.699951171875,1210.699951171875,1210.699951171875,23739.0,yahoo
DRREDDY,5m,2026-09-22T12:45:00+05:30,1210.800048828125,1211.800048828125,1210.5999755859375,1211.800048828125,21347.0,yahoo
DRREDDY,5m,2026-09-22T12:50:00+05:30,1211.5999755859375,1211.800048828125,1211.0,1211.699951171875,21814.0,yahoo
DRREDDY,5m,2026-09-22T12:55:00+05:30,1211.5,1211.5999755859375,1210.5999755859375,1210.9000244140625,22390.0,yahoo
DRREDDY,5m,2026-09-22T13:00:00+05:30,1210.9000244140625,1212.4000244140625,1209.300048828125,1211.0999755859375,32275.0,yahoo
DRREDDY,5m,2026-09-22T13:05:00+05:30,1210.800048828125,1212.0999755859375,1210.5,1211.800048828125,15580.0,yahoo
DRREDDY,5m,2026-09-22T13:10:00+05:30,1211.5,1211.9000244140625,1210.5,1211.300048828125,17587.0,yahoo
DRREDDY,5m,2026-09-22T13:15:00+05:30,1210.5,1211.199951171875,1210.300048828125,1210.800048828125,16639.0,yahoo
DRREDDY,5m,2026-09-22T13:20:00+05:30,1210.800048828125,1211.0,1209.5999755859375,1209.9000244140625,16748.0,yahoo
DRREDDY,5m,2026-09-22T13:25:00+05:30,1210.0,1210.5999755859375,1209.5,1210.0999755859375,17307.0,yahoo
DRREDDY,5m,2026-09-22T13:30:00+05:30,1210.0999755859375,1210.5,1209.5999755859375,1209.9000244140625,16547.0,yahoo
DRREDDY,5m,2026-09-22T13:35:00+05:30,1210.0999755859375,1210.4000244140625,1209.0,1209.0,28533.0,yahoo
DRREDDY,5m,2026-09-22T13:40:00+05:30,1209.300048828125,1210.300048828125,1208.199951171875,1208.699951171875,17836.0,yahoo
DRREDDY,5m,2026-09-22T13:45:00+05:30,1208.699951171875,1209.199951171875,1207.9000244140625,1208.800048828125,19082.0,yahoo
DRREDDY,5m,2026-09-22T13:50:00+05:30,1208.5999755859375,1209.0,1206.5999755859375,1207.300048828125,22785.0,yahoo
DRREDDY,5m,2026-09-22T13:55:00+05:30,1207.5,1208.4000244140625,1204.0,1206.0999755859375,56820.0,yahoo
DRREDDY,5m,2026-09-22T14:00:00+05:30,1206.0999755859375,1211.800048828125,1205.5,1211.800048828125,91603.0,yahoo
DRREDDY,5m,2026-09-22T14:05:00+05:30,1211.9000244140625,1212.5,1210.5,1212.4000244140625,83164.0,yahoo
DRREDDY,5m,2026-09-22T14:10:00+05:30,1212.199951171875,1213.4000244140625,1211.800048828125,1213.4000244140625,37044.0,yahoo
DRREDDY,5m,2026-09-22T14:15:00+05:30,1213.5,1214.0,1211.699951171875,1213.5,35956.0,yahoo
DRREDDY,5m,2026-09-22T14:20:00+05:30,1213.4000244140625,1214.699951171875,1213.4000244140625,1213.4000244140625,25876.0,yahoo
DRREDDY,5m,2026-09-22T14:25:00+05:30,1213.5,1214.5,1212.199951171875,1213.699951171875,42218.0,yahoo
DRREDDY,5m,2026-09-22T14:30:00+05:30,1213.699951171875,1214.300048828125,1212.199951171875,1213.300048828125,30596.0,yahoo
DRREDDY,5m,2026-09-22T14:35:00+05:30,1213.4000244140625,1213.9000244140625,1213.0,1213.0999755859375,23876.0,yahoo
DRREDDY,5m,2026-09-22T14:40:00+05:30,1213.0999755859375,1213.5,1210.300048828125,1211.800048828125,69478.0,yahoo
DRREDDY,5m,2026-09-22T14:45:00+05:30,1211.800048828125,1212.300048828125,1211.300048828125,1212.0999755859375,28094.0,yahoo
DRREDDY,5m,2026-09-22T14:50:00+05:30,1212.0999755859375,1212.0999755859375,1210.0999755859375,1210.699951171875,37787.0,yahoo
DRREDDY,5m,2026-09-22T14:55:00+05:30,1210.699951171875,1210.800048828125,1209.4000244140625,1210.300048828125,52324.0,yahoo
DRREDDY,5m,2026-09-22T15:00:00+05:30,1210.0,1210.0,1208.5999755859375,1208.5999755859375,63985.0,yahoo
DRREDDY,5m,2026-09-22T15:05:00+05:30,1208.5,1209.4000244140625,1207.800048828125,1208.199951171875,88559.0,yahoo
DRREDDY,5m,2026-09-22T15:10:00+05:30,1208.0999755859375,1208.300048828125,1205.800048828125,1207.0,116468.0,yahoo
DRREDDY,5m,2026-09-22T15:15:00+05:30,1207.0,1211.0,1207.0,1211.0,91708.0,yahoo
EICHERMOT,5m,2026-09-22T09:15:00+05:30,7552.0,7552.0,7511.0,7516.0,0.0,yahoo
EICHERMOT,5m,2026-09-22T09:20:00+05:30,7517.5,7531.0,7517.0,7524.0,2883.0,yahoo
EICHERMOT,5m,2026-09-22T09:25:00+05:30,7524.0,7524.0,7512.0,7518.0,1831.0,yahoo
EICHERMOT,5m,2026-09-22T09:30:00+05:30,7516.0,7517.5,7490.0,7500.0,2742.0,yahoo
EICHERMOT,5m,2026-09-22T09:35:00+05:30,7496.5,7498.5,7486.0,7491.5,2247.0,yahoo
EICHERMOT,5m,2026-09-22T09:40:00+05:30,7494.0,7515.5,7493.5,7515.5,1553.0,yahoo
EICHERMOT,5m,2026-09-22T09:45:00+05:30,7516.5,7518.0,7508.0,7514.0,1683.0,yahoo
EICHERMOT,5m,2026-09-22T09:50:00+05:30,7514.0,7518.5,7510.5,7510.5,1877.0,yahoo
EICHERMOT,5m,2026-09-22T09:55:00+05:30,7510.5,7512.0,7500.5,7504.5,1488.0,yahoo
EICHERMOT,5m,2026-09-22T10:00:00+05:30,7507.0,7507.0,7496.0,7497.0,1880.0,yahoo
EICHERMOT,5m,2026-09-22T10:05:00+05:30,7497.0,7508.0,7497.0,7508.0,1326.0,yahoo
EICHERMOT,5m,2026-09-22T10:10:00+05:30,7506.5,7508.0,7498.5,7498.5,1654.0,yahoo
EICHERMOT,5m,2026-09-22T10:15:00+05:30,7501.0,7501.5,7496.0,7501.5,927.0,yahoo
EICHERMOT,5m,2026-09-22T10:20:00+05:30,7501.5,7502.5,7493.5,7496.0,1716.0,yahoo
EICHERMOT,5m,2026-09-22T10:25:00+05:30,7497.0,7499.0,7491.0,7493.5,1528.0,yahoo
EICHERMOT,5m,2026-09-22T10:30:00+05:30,7493.5,7495.0,7490.0,7494.0,2723.0,yahoo
EICHERMOT,5m,2026-09-22T10:35:00+05:30,7494.0,7497.0,7486.5,7488.0,1417.0,yahoo
EICHERMOT,5m,2026-09-22T10:40:00+05:30,7489.0,7490.0,7461.5,7465.5,3836.0,yahoo
EICHERMOT,5m,2026-09-22T10:45:00+05:30,7465.0,7477.0,7464.0,7473.5,2628.0,yahoo
EICHERMOT,5m,2026-09-22T10:50:00+05:30,7474.5,7484.5,7467.0,7484.5,1674.0,yahoo
EICHERMOT,5m,2026-09-22T10:55:00+05:30,7487.0,7490.0,7485.0,7488.0,1618.0,yahoo
EICHERMOT,5m,2026-09-22T11:00:00+05:30,7489.0,7494.0,7486.5,7491.0,16815.0,yahoo
EICHERMOT,5m,2026-09-22T11:05:00+05:30,7497.0,7509.0,7491.5,7500.0,12130.0,yahoo
EICHERMOT,5m,2026-09-22T11:10:00+05:30,7500.5,7502.5,7497.5,7499.5,1257.0,yahoo
EICHERMOT,5m,2026-09-22T11:15:00+05:30,7500.5,7503.5,7500.0,7502.5,12901.0,yahoo
EICHERMOT,5m,2026-09-22T11:20:00+05:30,7502.0,7507.5,7502.0,7505.0,4632.0,yahoo
EICHERMOT,5m,2026-09-22T11:25:00+05:30,7506.5,7515.0,7503.0,7510.5,8724.0,yahoo
EICHERMOT,5m,2026-09-22T11:30:00+05:30,7510.5,7510.5,7493.5,7499.0,13813.0,yahoo
EICHERMOT,5m,2026-09-22T11:35:00+05:30,7498.5,7499.0,7494.0,7497.0,12919.0,yahoo
EICHERMOT,5m,2026-09-22T11:40:00+05:30,7497.0,7497.0,7482.5,7487.5,11618.0,yahoo
EICHERMOT,5m,2026-09-22T11:45:00+05:30,7487.5,7492.0,7486.5,7490.0,943.0,yahoo
EICHERMOT,5m,2026-09-22T11:50:00+05:30,7491.5,7505.0,7486.5,7495.5,14943.0,yahoo
EICHERMOT,5m,2026-09-22T11:55:00+05:30,7495.0,7509.0,7494.0,7509.0,6031.0,yahoo
EICHERMOT,5m,2026-09-22T12:00:00+05:30,7510.0,7510.5,7508.0,7508.5,2054.0,yahoo
EICHERMOT,5m,2026-09-22T12:05:00+05:30,7508.5,7509.0,7505.0,7505.5,5575.0,yahoo
EICHERMOT,5m,2026-09-22T12:10:00+05:30,7505.0,7507.5,7505.0,7505.0,5164.0,yahoo
EICHERMOT,5m,2026-09-22T12:15:00+05:30,7505.5,7505.5,7501.0,7504.0,3456.0,yahoo
EICHERMOT,5m,2026-09-22T12:20:00+05:30,7503.5,7506.5,7500.0,7500.0,2641.0,yahoo
EICHERMOT,5m,2026-09-22T12:25:00+05:30,7500.0,7502.5,7495.0,7495.0,14920.0,yahoo
EICHERMOT,5m,2026-09-22T12:30:00+05:30,7495.0,7496.5,7492.0,7493.5,1576.0,yahoo
EICHERMOT,5m,2026-09-22T12:35:00+05:30,7493.0,7493.0,7485.0,7485.0,2031.0,yahoo
EICHERMOT,5m,2026-09-22T12:40:00+05:30,7490.0,7495.0,7484.0,7484.0,9604.0,yahoo
EICHERMOT,5m,2026-09-22T12:45:00+05:30,7482.5,7482.5,7478.0,7480.0,2898.0,yahoo
EICHERMOT,5m,2026-09-22T12:50:00+05:30,7479.5,7481.0,7472.0,7473.5,2710.0,yahoo
EICHERMOT,5m,2026-09-22T12:55:00+05:30,7470.0,7471.0,7467.5,7471.0,2265.0,yahoo
EICHERMOT,5m,2026-09-22T13:00:00+05:30,7471.0,7477.5,7470.5,7473.5,2522.0,yahoo
EICHERMOT,5m,2026-09-22T13:05:00+05:30,7472.0,7481.5,7472.0,7478.5,1357.0,yahoo
EICHERMOT,5m,2026-09-22T13:10:00+05:30,7481.5,7481.5,7475.0,7476.5,1154.0,yahoo
EICHERMOT,5m,2026-09-22T13:15:00+05:30,7476.0,7478.5,7476.0,7476.5,1199.0,yahoo
EICHERMOT,5m,2026-09-22T13:20:00+05:30,7478.5,7478.5,7476.5,7477.5,1233.0,yahoo
EICHERMOT,5m,2026-09-22T13:25:00+05:30,7479.0,7484.5,7477.5,7480.0,1379.0,yahoo
EICHERMOT,5m,2026-09-22T13:30:00+05:30,7481.0,7484.5,7480.0,7484.5,1507.0,yahoo
EICHERMOT,5m,2026-09-22T13:35:00+05:30,7482.5,7487.5,7480.5,7485.0,2924.0,yahoo
EICHERMOT,5m,2026-09-22T13:40:00+05:30,7485.0,7486.0,7480.0,7481.0,2104.0,yahoo
EICHERMOT,5m,2026-09-22T13:45:00+05:30,7480.0,7481.0,7472.0,7475.0,5773.0,yahoo
EICHERMOT,5m,2026-09-22T13:50:00+05:30,7476.0,7476.5,7471.0,7471.0,4550.0,yahoo
EICHERMOT,5m,2026-09-22T13:55:00+05:30,7471.0,7473.5,7461.5,7464.5,3721.0,yahoo
EICHERMOT,5m,2026-09-22T14:00:00+05:30,7462.0,7462.0,7455.0,7458.5,3050.0,yahoo
EICHERMOT,5m,2026-09-22T14:05:00+05:30,7458.0,7461.5,7453.5,7461.5,2211.0,yahoo
EICHERMOT,5m,2026-09-22T14:10:00+05:30,7458.5,7470.5,7455.0,7470.5,1920.0,yahoo
EICHERMOT,5m,2026-09-22T14:15:00+05:30,7480.0,7481.0,7465.0,7472.5,1592.0,yahoo
EICHERMOT,5m,2026-09-22T14:20:00+05:30,7472.5,7482.0,7472.5,7473.0,2296.0,yahoo
EICHERMOT,5m,2026-09-22T14:25:00+05:30,7474.5,7479.0,7472.0,7477.5,1943.0,yahoo
EICHERMOT,5m,2026-09-22T14:30:00+05:30,7475.5,7483.0,7473.5,7473.5,1839.0,yahoo
EICHERMOT,5m,2026-09-22T14:35:00+05:30,7478.0,7481.5,7475.0,7477.5,2321.0,yahoo
EICHERMOT,5m,2026-09-22T14:40:00+05:30,7476.0,7479.0,7466.0,7466.0,2962.0,yahoo
EICHERMOT,5m,2026-09-22T14:45:00+05:30,7466.5,7473.0,7466.0,7469.0,4000.0,yahoo
EICHERMOT,5m,2026-09-22T14:50:00+05:30,7469.0,7471.5,7460.0,7460.0,11979.0,yahoo
EICHERMOT,5m,2026-09-22T14:55:00+05:30,7460.5,7466.5,7458.5,7462.0,4054.0,yahoo
EICHERMOT,5m,2026-09-22T15:00:00+05:30,7460.5,7461.0,7453.0,7453.5,7322.0,yahoo
EICHERMOT,5m,2026-09-22T15:05:00+05:30,7452.0,7453.0,7431.0,7434.0,9053.0,yahoo
EICHERMOT,5m,2026-09-22T15:10:00+05:30,7433.5,7455.0,7427.0,7427.0,32580.0,yahoo
ETERNAL,5m,2026-09-22T09:15:00+05:30,336.1000061035156,336.75,334.75,336.5,0.0,yahoo
ETERNAL,5m,2026-09-22T09:20:00+05:30,336.5,337.3500061035156,336.0,336.04998779296875,693434.0,yahoo
ETERNAL,5m,2026-09-22T09:25:00+05:30,335.95001220703125,335.95001220703125,335.04998779296875,335.70001220703125,478037.0,yahoo
ETERNAL,5m,2026-09-22T09:30:00+05:30,335.70001220703125,337.0,335.6000061035156,336.75,400065.0,yahoo
ETERNAL,5m,2026-09-22T09:35:00+05:30,336.75,338.6499938964844,336.6499938964844,338.3999938964844,555575.0,yahoo
ETERNAL,5m,2026-09-22T09:40:00+05:30,338.45001220703125,338.8999938964844,337.95001220703125,338.70001220703125,501383.0,yahoo
ETERNAL,5m,2026-09-22T09:45:00+05:30,338.6000061035156,338.70001220703125,337.8500061035156,338.04998779296875,187150.0,yahoo
ETERNAL,5m,2026-09-22T09:50:00+05:30,338.0,339.3999938964844,337.54998779296875,339.25,937494.0,yahoo
ETERNAL,5m,2026-09-22T09:55:00+05:30,339.29998779296875,339.29998779296875,338.5,338.6499938964844,337874.0,yahoo
ETERNAL,5m,2026-09-22T10:00:00+05:30,338.8500061035156,339.6000061035156,338.75,339.20001220703125,311275.0,yahoo
ETERNAL,5m,2026-09-22T10:05:00+05:30,339.1000061035156,339.29998779296875,338.1000061035156,339.25,337065.0,yahoo
ETERNAL,5m,2026-09-22T10:10:00+05:30,339.3999938964844,339.5,339.0,339.1000061035156,172397.0,yahoo
ETERNAL,5m,2026-09-22T10:15:00+05:30,339.0,339.04998779296875,338.29998779296875,338.5,348917.0,yahoo
ETERNAL,5m,2026-09-22T10:20:00+05:30,338.45001220703125,338.75,337.04998779296875,337.1000061035156,577045.0,yahoo
ETERNAL,5m,2026-09-22T10:25:00+05:30,337.1000061035156,337.1499938964844,336.6000061035156,336.79998779296875,249852.0,yahoo
ETERNAL,5m,2026-09-22T10:30:00+05:30,336.95001220703125,337.1000061035156,336.70001220703125,336.95001220703125,164943.0,yahoo
ETERNAL,5m,2026-09-22T10:35:00+05:30,336.95001220703125,337.3500061035156,336.75,336.75,321297.0,yahoo
ETERNAL,5m,2026-09-22T10:40:00+05:30,336.79998779296875,336.95001220703125,336.5,336.75,180959.0,yahoo
ETERNAL,5m,2026-09-22T10:45:00+05:30,336.70001220703125,336.75,335.54998779296875,335.54998779296875,374272.0,yahoo
ETERNAL,5m,2026-09-22T10:50:00+05:30,335.5,335.8999938964844,335.45001220703125,335.79998779296875,167252.0,yahoo
ETERNAL,5m,2026-09-22T10:55:00+05:30,335.8500061035156,336.0,335.8500061035156,335.8500061035156,125397.0,yahoo
ETERNAL,5m,2026-09-22T11:00:00+05:30,335.8999938964844,336.29998779296875,335.75,336.25,135354.0,yahoo
ETERNAL,5m,2026-09-22T11:05:00+05:30,336.29998779296875,336.29998779296875,336.0,336.1000061035156,67843.0,yahoo
ETERNAL,5m,2026-09-22T11:10:00+05:30,336.04998779296875,336.75,336.04998779296875,336.70001220703125,118559.0,yahoo
ETERNAL,5m,2026-09-22T11:15:00+05:30,336.70001220703125,336.79998779296875,336.3999938964844,336.5,107056.0,yahoo
ETERNAL,5m,2026-09-22T11:20:00+05:30,336.45001220703125,337.1499938964844,336.3500061035156,336.95001220703125,162793.0,yahoo
ETERNAL,5m,2026-09-22T11:25:00+05:30,336.95001220703125,337.0,335.8999938964844,335.95001220703125,266451.0,yahoo
ETERNAL,5m,2026-09-22T11:30:00+05:30,336.0,337.29998779296875,335.95001220703125,337.1499938964844,787384.0,yahoo
ETERNAL,5m,2026-09-22T11:35:00+05:30,337.25,337.29998779296875,336.8999938964844,337.25,128143.0,yahoo
ETERNAL,5m,2026-09-22T11:40:00+05:30,337.25,338.1499938964844,337.1000061035156,338.0,252645.0,yahoo
ETERNAL,5m,2026-09-22T11:45:00+05:30,337.95001220703125,339.6000061035156,337.8999938964844,338.8500061035156,734551.0,yahoo
ETERNAL,5m,2026-09-22T11:50:00+05:30,338.8999938964844,339.0,338.04998779296875,338.3500061035156,156438.0,yahoo
ETERNAL,5m,2026-09-22T11:55:00+05:30,338.25,338.79998779296875,338.25,338.70001220703125,118630.0,yahoo
ETERNAL,5m,2026-09-22T12:00:00+05:30,338.75,339.1000061035156,338.6000061035156,339.0,173923.0,yahoo
ETERNAL,5m,2026-09-22T12:05:00+05:30,339.0,339.0,338.3500061035156,338.45001220703125,144669.0,yahoo
ETERNAL,5m,2026-09-22T12:10:00+05:30,338.3999938964844,338.45001220703125,337.54998779296875,337.70001220703125,250419.0,yahoo
ETERNAL,5m,2026-09-22T12:15:00+05:30,337.70001220703125,338.5,337.5,338.3999938964844,112956.0,yahoo
ETERNAL,5m,2026-09-22T12:20:00+05:30,338.45001220703125,339.0,338.45001220703125,338.8999938964844,182622.0,yahoo
ETERNAL,5m,2026-09-22T12:25:00+05:30,338.8999938964844,339.75,338.75,339.6000061035156,414728.0,yahoo
ETERNAL,5m,2026-09-22T12:30:00+05:30,339.6000061035156,340.0,339.25,339.29998779296875,303818.0,yahoo
ETERNAL,5m,2026-09-22T12:35:00+05:30,339.3500061035156,339.8500061035156,339.20001220703125,339.3500061035156,237342.0,yahoo
ETERNAL,5m,2026-09-22T12:40:00+05:30,339.45001220703125,339.70001220703125,339.25,339.25,250566.0,yahoo
ETERNAL,5m,2026-09-22T12:45:00+05:30,339.25,339.29998779296875,339.0,339.0,260330.0,yahoo
ETERNAL,5m,2026-09-22T12:50:00+05:30,339.04998779296875,339.70001220703125,338.6499938964844,339.45001220703125,221365.0,yahoo
ETERNAL,5m,2026-09-22T12:55:00+05:30,339.3999938964844,339.70001220703125,339.25,339.29998779296875,206184.0,yahoo
ETERNAL,5m,2026-09-22T13:00:00+05:30,339.3999938964844,339.6000061035156,339.1499938964844,339.25,157413.0,yahoo
ETERNAL,5m,2026-09-22T13:05:00+05:30,339.25,339.3999938964844,339.1499938964844,339.3500061035156,74426.0,yahoo
ETERNAL,5m,2026-09-22T13:10:00+05:30,339.3500061035156,339.3500061035156,338.8500061035156,339.0,162727.0,yahoo
ETERNAL,5m,2026-09-22T13:15:00+05:30,339.0,339.20001220703125,338.95001220703125,339.1000061035156,97475.0,yahoo
ETERNAL,5m,2026-09-22T13:20:00+05:30,339.1499938964844,339.1499938964844,339.0,339.1499938964844,88049.0,yahoo
ETERNAL,5m,2026-09-22T13:25:00+05:30,339.1499938964844,339.25,339.0,339.04998779296875,124890.0,yahoo
ETERNAL,5m,2026-09-22T13:30:00+05:30,339.04998779296875,339.1499938964844,339.04998779296875,339.04998779296875,69853.0,yahoo
ETERNAL,5m,2026-09-22T13:35:00+05:30,339.1499938964844,339.6000061035156,339.1000061035156,339.20001220703125,243232.0,yahoo
ETERNAL,5m,2026-09-22T13:40:00+05:30,339.20001220703125,339.5,339.0,339.04998779296875,141489.0,yahoo
ETERNAL,5m,2026-09-22T13:45:00+05:30,339.04998779296875,339.3999938964844,339.0,339.04998779296875,139066.0,yahoo
ETERNAL,5m,2026-09-22T13:50:00+05:30,339.04998779296875,339.25,339.0,339.0,153187.0,yahoo
ETERNAL,5m,2026-09-22T13:55:00+05:30,339.1000061035156,339.25,338.70001220703125,338.8500061035156,221169.0,yahoo
ETERNAL,5m,2026-09-22T14:00:00+05:30,338.8500061035156,339.0,338.29998779296875,339.0,279965.0,yahoo
ETERNAL,5m,2026-09-22T14:05:00+05:30,339.0,339.54998779296875,339.0,339.45001220703125,246924.0,yahoo
ETERNAL,5m,2026-09-22T14:10:00+05:30,339.3999938964844,341.0,339.3500061035156,340.6499938964844,790367.0,yahoo
ETERNAL,5m,2026-09-22T14:15:00+05:30,340.6499938964844,341.75,340.45001220703125,341.3999938964844,886672.0,yahoo
ETERNAL,5m,2026-09-22T14:20:00+05:30,341.45001220703125,341.75,340.79998779296875,340.95001220703125,400226.0,yahoo
ETERNAL,5m,2026-09-22T14:25:00+05:30,341.0,341.6499938964844,340.79998779296875,340.8999938964844,232486.0,yahoo
ETERNAL,5m,2026-09-22T14:30:00+05:30,340.8999938964844,341.04998779296875,340.54998779296875,340.8500061035156,257264.0,yahoo
ETERNAL,5m,2026-09-22T14:35:00+05:30,340.8500061035156,341.3999938964844,340.75,341.29998779296875,262071.0,yahoo
ETERNAL,5m,2026-09-22T14:40:00+05:30,341.29998779296875,341.3500061035156,340.79998779296875,341.0,185933.0,yahoo
ETERNAL,5m,2026-09-22T14:45:00+05:30,340.95001220703125,341.3999938964844,340.95001220703125,341.1000061035156,281645.0,yahoo
ETERNAL,5m,2026-09-22T14:50:00+05:30,341.1000061035156,341.70001220703125,340.95001220703125,341.54998779296875,231054.0,yahoo
ETERNAL,5m,2026-09-22T14:55:00+05:30,341.6000061035156,341.6000061035156,341.04998779296875,341.1499938964844,319112.0,yahoo
ETERNAL,5m,2026-09-22T15:00:00+05:30,341.20001220703125,341.3999938964844,341.1000061035156,341.25,240803.0,yahoo
ETERNAL,5m,2026-09-22T15:05:00+05:30,341.20001220703125,341.54998779296875,341.1499938964844,341.3999938964844,398306.0,yahoo
ETERNAL,5m,2026-09-22T15:10:00+05:30,341.45001220703125,341.8500061035156,341.0,341.5,870304.0,yahoo
ETERNAL,5m,2026-09-22T15:15:00+05:30,341.5,342.0,341.5,342.0,299278.0,yahoo
GODFRYPHLP,5m,2026-09-22T09:15:00+05:30,1989.9000244140625,1997.0999755859375,1978.0999755859375,1978.0999755859375,0.0,yahoo
GODFRYPHLP,5m,2026-09-22T09:20:00+05:30,1977.5999755859375,1982.699951171875,1975.199951171875,1981.0,3855.0,yahoo
GODFRYPHLP,5m,2026-09-22T09:25:00+05:30,1981.0,1981.4000244140625,1976.699951171875,1980.5999755859375,1686.0,yahoo
GODFRYPHLP,5m,2026-09-22T09:30:00+05:30,1980.699951171875,1983.9000244140625,1979.0999755859375,1982.9000244140625,2868.0,yahoo
GODFRYPHLP,5m,2026-09-22T09:35:00+05:30,1984.4000244140625,1986.4000244140625,1981.699951171875,1985.0,3255.0,yahoo
GODFRYPHLP,5m,2026-09-22T09:40:00+05:30,1985.300048828125,1991.800048828125,1984.0,1990.300048828125,3989.0,yahoo
GODFRYPHLP,5m,2026-09-22T09:45:00+05:30,1989.300048828125,1990.0999755859375,1984.699951171875,1985.699951171875,1183.0,yahoo
GODFRYPHLP,5m,2026-09-22T09:50:00+05:30,1985.0,1986.0999755859375,1983.5999755859375,1985.0,939.0,yahoo
GODFRYPHLP,5m,2026-09-22T09:55:00+05:30,1984.800048828125,1987.0,1983.0,1983.0,2023.0,yahoo
GODFRYPHLP,5m,2026-09-22T10:00:00+05:30,1983.699951171875,1985.800048828125,1982.9000244140625,1983.5,1397.0,yahoo
GODFRYPHLP,5m,2026-09-22T10:05:00+05:30,1984.0,1984.699951171875,1983.0,1984.0,192.0,yahoo
GODFRYPHLP,5m,2026-09-22T10:10:00+05:30,1984.9000244140625,1986.199951171875,1983.9000244140625,1986.199951171875,594.0,yahoo
GODFRYPHLP,5m,2026-09-22T10:15:00+05:30,1986.199951171875,1988.0999755859375,1985.800048828125,1987.0,994.0,yahoo
GODFRYPHLP,5m,2026-09-22T10:20:00+05:30,1987.0,1994.9000244140625,1985.9000244140625,1994.0,2208.0,yahoo
GODFRYPHLP,5m,2026-09-22T10:25:00+05:30,1994.0,1994.0,1989.9000244140625,1991.5,3663.0,yahoo
GODFRYPHLP,5m,2026-09-22T10:30:00+05:30,1990.699951171875,1994.0,1990.0,1992.0,1287.0,yahoo
GODFRYPHLP,5m,2026-09-22T10:35:00+05:30,1993.0,1993.0,1990.0,1990.0,1720.0,yahoo
GODFRYPHLP,5m,2026-09-22T10:40:00+05:30,1991.0,1991.699951171875,1989.9000244140625,1990.0,1280.0,yahoo
GODFRYPHLP,5m,2026-09-22T10:45:00+05:30,1991.300048828125,1994.9000244140625,1991.300048828125,1994.0,641.0,yahoo
GODFRYPHLP,5m,2026-09-22T10:50:00+05:30,1992.199951171875,1993.0999755859375,1990.699951171875,1991.300048828125,277.0,yahoo
GODFRYPHLP,5m,2026-09-22T10:55:00+05:30,1991.4000244140625,1992.9000244140625,1991.0,1992.800048828125,580.0,yahoo
GODFRYPHLP,5m,2026-09-22T11:00:00+05:30,1991.800048828125,1992.5999755859375,1990.5,1992.0,158.0,yahoo
GODFRYPHLP,5m,2026-09-22T11:05:00+05:30,1992.0,1994.9000244140625,1992.0,1993.4000244140625,1455.0,yahoo
GODFRYPHLP,5m,2026-09-22T11:10:00+05:30,1993.4000244140625,1993.4000244140625,1992.199951171875,1992.5999755859375,118.0,yahoo
GODFRYPHLP,5m,2026-09-22T11:15:00+05:30,1992.5999755859375,1993.4000244140625,1992.0999755859375,1993.4000244140625,345.0,yahoo
GODFRYPHLP,5m,2026-09-22T11:20:00+05:30,1992.5999755859375,1993.4000244140625,1991.699951171875,1991.699951171875,268.0,yahoo
GODFRYPHLP,5m,2026-09-22T11:25:00+05:30,1992.199951171875,1994.300048828125,1992.199951171875,1994.0,316.0,yahoo
GODFRYPHLP,5m,2026-09-22T11:30:00+05:30,1993.800048828125,1994.4000244140625,1992.4000244140625,1992.4000244140625,236.0,yahoo
GODFRYPHLP,5m,2026-09-22T11:35:00+05:30,1992.5,1993.699951171875,1990.9000244140625,1993.300048828125,239.0,yahoo
GODFRYPHLP,5m,2026-09-22T11:40:00+05:30,1992.199951171875,1992.800048828125,1991.300048828125,1991.300048828125,102.0,yahoo
GODFRYPHLP,5m,2026-09-22T11:45:00+05:30,1992.800048828125,1993.800048828125,1992.5999755859375,1992.5999755859375,349.0,yahoo
GODFRYPHLP,5m,2026-09-22T11:50:00+05:30,1992.5999755859375,1993.699951171875,1991.300048828125,1991.300048828125,1516.0,yahoo
GODFRYPHLP,5m,2026-09-22T11:55:00+05:30,1991.300048828125,1991.300048828125,1989.9000244140625,1990.9000244140625,1335.0,yahoo
GODFRYPHLP,5m,2026-09-22T12:00:00+05:30,1989.9000244140625,1991.300048828125,1989.9000244140625,1991.300048828125,424.0,yahoo
GODFRYPHLP,5m,2026-09-22T12:05:00+05:30,1991.199951171875,1991.199951171875,1989.9000244140625,1990.0,630.0,yahoo
GODFRYPHLP,5m,2026-09-22T12:10:00+05:30,1990.0,1990.0,1989.9000244140625,1989.9000244140625,933.0,yahoo
GODFRYPHLP,5m,2026-09-22T12:15:00+05:30,1989.9000244140625,1992.5999755859375,1984.199951171875,1992.4000244140625,4220.0,yahoo
GODFRYPHLP,5m,2026-09-22T12:20:00+05:30,1991.4000244140625,1991.4000244140625,1989.9000244140625,1989.9000244140625,252.0,yahoo
GODFRYPHLP,5m,2026-09-22T12:25:00+05:30,1989.199951171875,1989.199951171875,1984.4000244140625,1984.5,655.0,yahoo
GODFRYPHLP,5m,2026-09-22T12:30:00+05:30,1985.4000244140625,1985.4000244140625,1980.800048828125,1982.5999755859375,1352.0,yahoo
GODFRYPHLP,5m,2026-09-22T12:35:00+05:30,1982.800048828125,1983.300048828125,1980.0,1980.199951171875,1643.0,yahoo
GODFRYPHLP,5m,2026-09-22T12:40:00+05:30,1980.199951171875,1980.199951171875,1976.0,1977.4000244140625,1920.0,yahoo
GODFRYPHLP,5m,2026-09-22T12:45:00+05:30,1975.0,1977.0,1974.300048828125,1975.0,1665.0,yahoo
GODFRYPHLP,5m,2026-09-22T12:50:00+05:30,1975.0,1978.0999755859375,1972.9000244140625,1973.300048828125,2981.0,yahoo
GODFRYPHLP,5m,2026-09-22T12:55:00+05:30,1973.0,1973.699951171875,1971.5,1972.699951171875,905.0,yahoo
GODFRYPHLP,5m,2026-09-22T13:00:00+05:30,1972.699951171875,1973.300048828125,1971.5,1973.300048828125,378.0,yahoo
GODFRYPHLP,5m,2026-09-22T13:05:00+05:30,1973.300048828125,1973.9000244140625,1972.4000244140625,1973.9000244140625,128.0,yahoo
GODFRYPHLP,5m,2026-09-22T13:10:00+05:30,1973.0,1974.5,1972.5999755859375,1974.0,466.0,yahoo
GODFRYPHLP,5m,2026-09-22T13:15:00+05:30,1973.0999755859375,1974.5,1972.9000244140625,1973.0,332.0,yahoo
GODFRYPHLP,5m,2026-09-22T13:20:00+05:30,1973.0,1973.199951171875,1972.5999755859375,1973.0,126.0,yahoo
GODFRYPHLP,5m,2026-09-22T13:25:00+05:30,1972.9000244140625,1974.4000244140625,1972.4000244140625,1974.199951171875,425.0,yahoo
GODFRYPHLP,5m,2026-09-22T13:30:00+05:30,1974.0,1974.699951171875,1973.0,1974.699951171875,260.0,yahoo
GODFRYPHLP,5m,2026-09-22T13:35:00+05:30,1974.699951171875,1974.699951171875,1973.0,1973.0,243.0,yahoo
GODFRYPHLP,5m,2026-09-22T13:40:00+05:30,1973.0,1974.9000244140625,1973.0,1974.4000244140625,500.0,yahoo
GODFRYPHLP,5m,2026-09-22T13:45:00+05:30,1974.300048828125,1974.699951171875,1973.0,1974.0,419.0,yahoo
GODFRYPHLP,5m,2026-09-22T13:50:00+05:30,1974.0,1974.5,1971.699951171875,1972.9000244140625,376.0,yahoo
GODFRYPHLP,5m,2026-09-22T13:55:00+05:30,1972.9000244140625,1972.9000244140625,1967.0,1969.300048828125,5224.0,yahoo
GODFRYPHLP,5m,2026-09-22T14:00:00+05:30,1968.699951171875,1969.300048828125,1967.800048828125,1969.199951171875,502.0,yahoo
GODFRYPHLP,5m,2026-09-22T14:05:00+05:30,1969.5,1969.9000244140625,1968.0999755859375,1969.5,1703.0,yahoo
GODFRYPHLP,5m,2026-09-22T14:10:00+05:30,1969.9000244140625,1972.9000244140625,1969.9000244140625,1972.9000244140625,395.0,yahoo
GODFRYPHLP,5m,2026-09-22T14:15:00+05:30,1975.0,1975.9000244140625,1972.800048828125,1975.0999755859375,706.0,yahoo
GODFRYPHLP,5m,2026-09-22T14:20:00+05:30,1975.800048828125,1980.0,1975.800048828125,1980.0,1299.0,yahoo
GODFRYPHLP,5m,2026-09-22T14:25:00+05:30,1980.0,1981.4000244140625,1979.0,1979.199951171875,830.0,yahoo
GODFRYPHLP,5m,2026-09-22T14:30:00+05:30,1980.0,1980.0,1978.0,1978.199951171875,764.0,yahoo
GODFRYPHLP,5m,2026-09-22T14:35:00+05:30,1978.9000244140625,1980.0,1977.9000244140625,1978.0,308.0,yahoo
GODFRYPHLP,5m,2026-09-22T14:40:00+05:30,1977.9000244140625,1978.199951171875,1976.0,1976.0999755859375,1636.0,yahoo
GODFRYPHLP,5m,2026-09-22T14:45:00+05:30,1976.0,1978.199951171875,1976.0,1977.699951171875,493.0,yahoo
GODFRYPHLP,5m,2026-09-22T14:50:00+05:30,1977.0,1979.199951171875,1976.5999755859375,1978.4000244140625,332.0,yahoo
GODFRYPHLP,5m,2026-09-22T14:55:00+05:30,1979.9000244140625,1979.9000244140625,1974.0999755859375,1974.0999755859375,2258.0,yahoo
GODFRYPHLP,5m,2026-09-22T15:00:00+05:30,1975.0,1976.199951171875,1973.5,1973.800048828125,1835.0,yahoo
GODFRYPHLP,5m,2026-09-22T15:05:00+05:30,1975.699951171875,1977.300048828125,1974.0,1974.0999755859375,2739.0,yahoo
GODFRYPHLP,5m,2026-09-22T15:10:00+05:30,1974.0999755859375,1974.0999755859375,1968.199951171875,1970.0,6883.0,yahoo
GRASIM,5m,2026-09-22T09:15:00+05:30,3173.5,3176.89990234375,3161.5,3163.699951171875,0.0,yahoo
GRASIM,5m,2026-09-22T09:20:00+05:30,3163.800048828125,3166.39990234375,3158.199951171875,3159.0,1861.0,yahoo
GRASIM,5m,2026-09-22T09:25:00+05:30,3157.60009765625,3158.199951171875,3153.89990234375,3155.699951171875,2409.0,yahoo
GRASIM,5m,2026-09-22T09:30:00+05:30,3156.300048828125,3157.0,3145.199951171875,3147.0,16924.0,yahoo
GRASIM,5m,2026-09-22T09:35:00+05:30,3147.0,3149.0,3141.300048828125,3148.199951171875,3439.0,yahoo
GRASIM,5m,2026-09-22T09:40:00+05:30,3147.39990234375,3151.199951171875,3144.199951171875,3145.800048828125,2420.0,yahoo
GRASIM,5m,2026-09-22T09:45:00+05:30,3144.5,3147.800048828125,3143.39990234375,3145.300048828125,2896.0,yahoo
GRASIM,5m,2026-09-22T09:50:00+05:30,3144.39990234375,3145.800048828125,3138.800048828125,3142.60009765625,6760.0,yahoo
GRASIM,5m,2026-09-22T09:55:00+05:30,3143.89990234375,3146.39990234375,3141.0,3141.0,4205.0,yahoo
GRASIM,5m,2026-09-22T10:00:00+05:30,3141.0,3142.60009765625,3139.10009765625,3139.699951171875,3208.0,yahoo
GRASIM,5m,2026-09-22T10:05:00+05:30,3140.0,3142.300048828125,3138.10009765625,3140.5,2748.0,yahoo
GRASIM,5m,2026-09-22T10:10:00+05:30,3141.60009765625,3142.199951171875,3139.300048828125,3141.5,2748.0,yahoo
GRASIM,5m,2026-09-22T10:15:00+05:30,3140.199951171875,3141.60009765625,3138.199951171875,3139.0,1707.0,yahoo
GRASIM,5m,2026-09-22T10:20:00+05:30,3138.199951171875,3139.199951171875,3136.0,3136.10009765625,6586.0,yahoo
GRASIM,5m,2026-09-22T10:25:00+05:30,3137.10009765625,3137.199951171875,3134.0,3136.60009765625,5819.0,yahoo
GRASIM,5m,2026-09-22T10:30:00+05:30,3136.60009765625,3136.699951171875,3130.300048828125,3133.39990234375,4044.0,yahoo
GRASIM,5m,2026-09-22T10:35:00+05:30,3134.10009765625,3138.60009765625,3133.800048828125,3137.0,1686.0,yahoo
GRASIM,5m,2026-09-22T10:40:00+05:30,3137.89990234375,3139.39990234375,3133.39990234375,3134.39990234375,2681.0,yahoo
GRASIM,5m,2026-09-22T10:45:00+05:30,3135.300048828125,3135.699951171875,3130.699951171875,3133.800048828125,6177.0,yahoo
GRASIM,5m,2026-09-22T10:50:00+05:30,3135.300048828125,3139.0,3133.0,3136.300048828125,7040.0,yahoo
GRASIM,5m,2026-09-22T10:55:00+05:30,3136.300048828125,3137.699951171875,3134.5,3136.199951171875,5698.0,yahoo
GRASIM,5m,2026-09-22T11:00:00+05:30,3136.199951171875,3138.60009765625,3135.0,3136.60009765625,6508.0,yahoo
GRASIM,5m,2026-09-22T11:05:00+05:30,3136.60009765625,3139.39990234375,3136.300048828125,3136.300048828125,6019.0,yahoo
GRASIM,5m,2026-09-22T11:10:00+05:30,3136.300048828125,3139.199951171875,3136.10009765625,3138.199951171875,6425.0,yahoo
GRASIM,5m,2026-09-22T11:15:00+05:30,3138.0,3140.0,3133.10009765625,3133.199951171875,7589.0,yahoo
GRASIM,5m,2026-09-22T11:20:00+05:30,3133.199951171875,3137.60009765625,3133.10009765625,3136.199951171875,7372.0,yahoo
GRASIM,5m,2026-09-22T11:25:00+05:30,3138.300048828125,3138.60009765625,3134.10009765625,3136.10009765625,6752.0,yahoo
GRASIM,5m,2026-09-22T11:30:00+05:30,3136.10009765625,3137.699951171875,3135.39990234375,3135.5,6144.0,yahoo
GRASIM,5m,2026-09-22T11:35:00+05:30,3135.300048828125,3138.300048828125,3134.5,3136.300048828125,5755.0,yahoo
GRASIM,5m,2026-09-22T11:40:00+05:30,3136.199951171875,3137.800048828125,3134.10009765625,3137.10009765625,5514.0,yahoo
GRASIM,5m,2026-09-22T11:45:00+05:30,3137.199951171875,3137.39990234375,3131.39990234375,3132.39990234375,6640.0,yahoo
GRASIM,5m,2026-09-22T11:50:00+05:30,3132.60009765625,3133.800048828125,3131.10009765625,3132.60009765625,6091.0,yahoo
GRASIM,5m,2026-09-22T11:55:00+05:30,3132.0,3135.0,3131.39990234375,3135.0,6471.0,yahoo
GRASIM,5m,2026-09-22T12:00:00+05:30,3134.60009765625,3139.60009765625,3134.199951171875,3138.60009765625,8441.0,yahoo
GRASIM,5m,2026-09-22T12:05:00+05:30,3135.10009765625,3135.300048828125,3133.10009765625,3133.10009765625,8943.0,yahoo
GRASIM,5m,2026-09-22T12:10:00+05:30,3132.89990234375,3134.60009765625,3130.5,3133.0,5901.0,yahoo
GRASIM,5m,2026-09-22T12:15:00+05:30,3133.0,3137.199951171875,3130.699951171875,3136.0,7143.0,yahoo
GRASIM,5m,2026-09-22T12:20:00+05:30,3136.0,3137.10009765625,3131.199951171875,3132.199951171875,5682.0,yahoo
GRASIM,5m,2026-09-22T12:25:00+05:30,3132.199951171875,3134.10009765625,3131.199951171875,3132.60009765625,7481.0,yahoo
GRASIM,5m,2026-09-22T12:30:00+05:30,3132.39990234375,3135.300048828125,3131.199951171875,3133.60009765625,7727.0,yahoo
GRASIM,5m,2026-09-22T12:35:00+05:30,3133.699951171875,3135.0,3131.39990234375,3132.10009765625,6926.0,yahoo
GRASIM,5m,2026-09-22T12:40:00+05:30,3132.10009765625,3135.800048828125,3132.10009765625,3132.5,7609.0,yahoo
GRASIM,5m,2026-09-22T12:45:00+05:30,3132.5,3132.5,3130.0,3131.60009765625,6085.0,yahoo
GRASIM,5m,2026-09-22T12:50:00+05:30,3131.60009765625,3131.699951171875,3127.5,3127.800048828125,8097.0,yahoo
GRASIM,5m,2026-09-22T12:55:00+05:30,3128.0,3131.60009765625,3127.800048828125,3129.199951171875,5868.0,yahoo
GRASIM,5m,2026-09-22T13:00:00+05:30,3129.0,3131.300048828125,3128.39990234375,3129.300048828125,6027.0,yahoo
GRASIM,5m,2026-09-22T13:05:00+05:30,3129.300048828125,3130.5,3125.10009765625,3127.0,11710.0,yahoo
GRASIM,5m,2026-09-22T13:10:00+05:30,3126.800048828125,3129.0,3125.0,3128.699951171875,9228.0,yahoo
GRASIM,5m,2026-09-22T13:15:00+05:30,3127.10009765625,3128.89990234375,3125.199951171875,3126.800048828125,7111.0,yahoo
GRASIM,5m,2026-09-22T13:20:00+05:30,3126.0,3127.39990234375,3125.199951171875,3126.10009765625,6322.0,yahoo
GRASIM,5m,2026-09-22T13:25:00+05:30,3126.10009765625,3127.699951171875,3125.300048828125,3125.39990234375,6745.0,yahoo
GRASIM,5m,2026-09-22T13:30:00+05:30,3126.699951171875,3127.800048828125,3125.60009765625,3127.300048828125,5494.0,yahoo
GRASIM,5m,2026-09-22T13:35:00+05:30,3126.300048828125,3127.5,3125.5,3126.39990234375,5004.0,yahoo
GRASIM,5m,2026-09-22T13:40:00+05:30,3126.699951171875,3138.5,3125.10009765625,3135.800048828125,29737.0,yahoo
GRASIM,5m,2026-09-22T13:45:00+05:30,3135.800048828125,3137.10009765625,3131.0,3133.39990234375,12413.0,yahoo
GRASIM,5m,2026-09-22T13:50:00+05:30,3133.39990234375,3134.699951171875,3128.5,3131.699951171875,12632.0,yahoo
GRASIM,5m,2026-09-22T13:55:00+05:30,3133.10009765625,3134.89990234375,3130.300048828125,3134.300048828125,10144.0,yahoo
GRASIM,5m,2026-09-22T14:00:00+05:30,3133.300048828125,3135.0,3128.800048828125,3131.60009765625,11274.0,yahoo
GRASIM,5m,2026-09-22T14:05:00+05:30,3131.5,3132.60009765625,3128.300048828125,3132.0,8278.0,yahoo
GRASIM,5m,2026-09-22T14:10:00+05:30,3131.10009765625,3141.0,3129.89990234375,3140.699951171875,13128.0,yahoo
GRASIM,5m,2026-09-22T14:15:00+05:30,3140.699951171875,3145.0,3135.699951171875,3137.60009765625,12095.0,yahoo
GRASIM,5m,2026-09-22T14:20:00+05:30,3137.60009765625,3142.10009765625,3137.300048828125,3137.39990234375,10973.0,yahoo
GRASIM,5m,2026-09-22T14:25:00+05:30,3137.39990234375,3142.0,3137.10009765625,3138.0,12917.0,yahoo
GRASIM,5m,2026-09-22T14:30:00+05:30,3138.0,3139.199951171875,3134.199951171875,3135.10009765625,10372.0,yahoo
GRASIM,5m,2026-09-22T14:35:00+05:30,3135.0,3137.699951171875,3133.199951171875,3134.199951171875,11378.0,yahoo
GRASIM,5m,2026-09-22T14:40:00+05:30,3134.199951171875,3136.0,3131.10009765625,3132.60009765625,10785.0,yahoo
GRASIM,5m,2026-09-22T14:45:00+05:30,3132.699951171875,3136.39990234375,3132.10009765625,3132.5,12744.0,yahoo
GRASIM,5m,2026-09-22T14:50:00+05:30,3131.699951171875,3134.60009765625,3130.199951171875,3134.0,20023.0,yahoo
GRASIM,5m,2026-09-22T14:55:00+05:30,3133.300048828125,3133.60009765625,3127.39990234375,3128.89990234375,22154.0,yahoo
GRASIM,5m,2026-09-22T15:00:00+05:30,3128.89990234375,3130.0,3125.89990234375,3128.10009765625,29076.0,yahoo
GRASIM,5m,2026-09-22T15:05:00+05:30,3129.5,3133.199951171875,3127.60009765625,3133.199951171875,56484.0,yahoo
GRASIM,5m,2026-09-22T15:10:00+05:30,3132.800048828125,3139.0,3131.699951171875,3134.89990234375,50044.0,yahoo
GRASIM,5m,2026-09-22T15:15:00+05:30,3133.800048828125,3133.800048828125,3128.199951171875,3128.199951171875,17273.0,yahoo
HCLTECH,5m,2026-09-22T09:15:00+05:30,1278.0999755859375,1278.0999755859375,1250.699951171875,1251.4000244140625,0.0,yahoo
HCLTECH,5m,2026-09-22T09:20:00+05:30,1250.5,1254.0,1249.0,1252.800048828125,71599.0,yahoo
HCLTECH,5m,2026-09-22T09:25:00+05:30,1252.699951171875,1255.0,1251.0999755859375,1251.5,34580.0,yahoo
HCLTECH,5m,2026-09-22T09:30:00+05:30,1251.5,1256.0,1249.5999755859375,1256.0,62579.0,yahoo
HCLTECH,5m,2026-09-22T09:35:00+05:30,1255.800048828125,1255.800048828125,1249.699951171875,1254.5999755859375,55926.0,yahoo
HCLTECH,5m,2026-09-22T09:40:00+05:30,1254.300048828125,1256.4000244140625,1254.300048828125,1255.800048828125,23890.0,yahoo
HCLTECH,5m,2026-09-22T09:45:00+05:30,1256.4000244140625,1259.5,1256.0999755859375,1258.5,60657.0,yahoo
HCLTECH,5m,2026-09-22T09:50:00+05:30,1258.5,1263.0,1258.0,1262.4000244140625,51679.0,yahoo
HCLTECH,5m,2026-09-22T09:55:00+05:30,1263.5999755859375,1264.199951171875,1260.5999755859375,1261.300048828125,43933.0,yahoo
HCLTECH,5m,2026-09-22T10:00:00+05:30,1261.300048828125,1261.5999755859375,1257.9000244140625,1258.4000244140625,26135.0,yahoo
HCLTECH,5m,2026-09-22T10:05:00+05:30,1259.0999755859375,1259.800048828125,1257.5999755859375,1259.4000244140625,11433.0,yahoo
HCLTECH,5m,2026-09-22T10:10:00+05:30,1259.0999755859375,1259.5,1257.0,1257.300048828125,13071.0,yahoo
HCLTECH,5m,2026-09-22T10:15:00+05:30,1257.300048828125,1257.5999755859375,1254.5999755859375,1254.800048828125,26114.0,yahoo
HCLTECH,5m,2026-09-22T10:20:00+05:30,1254.800048828125,1256.300048828125,1253.800048828125,1255.9000244140625,35197.0,yahoo
HCLTECH,5m,2026-09-22T10:25:00+05:30,1255.9000244140625,1257.4000244140625,1255.5,1256.4000244140625,14536.0,yahoo
HCLTECH,5m,2026-09-22T10:30:00+05:30,1256.5,1257.300048828125,1255.0,1255.0,10763.0,yahoo
HCLTECH,5m,2026-09-22T10:35:00+05:30,1255.0,1257.300048828125,1254.5999755859375,1254.800048828125,21742.0,yahoo
HCLTECH,5m,2026-09-22T10:40:00+05:30,1254.699951171875,1254.699951171875,1247.0999755859375,1249.0,60608.0,yahoo
HCLTECH,5m,2026-09-22T10:45:00+05:30,1249.199951171875,1249.199951171875,1240.300048828125,1244.4000244140625,72991.0,yahoo
HCLTECH,5m,2026-09-22T10:50:00+05:30,1244.4000244140625,1247.5,1244.0999755859375,1246.699951171875,23234.0,yahoo
HCLTECH,5m,2026-09-22T10:55:00+05:30,1246.699951171875,1247.800048828125,1245.5999755859375,1245.5999755859375,12367.0,yahoo
HCLTECH,5m,2026-09-22T11:00:00+05:30,1245.800048828125,1246.0,1244.4000244140625,1244.5,15426.0,yahoo
HCLTECH,5m,2026-09-22T11:05:00+05:30,1244.800048828125,1245.5,1244.4000244140625,1244.5999755859375,13754.0,yahoo
HCLTECH,5m,2026-09-22T11:10:00+05:30,1244.5999755859375,1249.4000244140625,1244.5999755859375,1249.4000244140625,24869.0,yahoo
HCLTECH,5m,2026-09-22T11:15:00+05:30,1249.0,1253.0,1248.300048828125,1251.5,38208.0,yahoo
HCLTECH,5m,2026-09-22T11:20:00+05:30,1251.300048828125,1277.5999755859375,1251.300048828125,1268.9000244140625,240175.0,yahoo
HCLTECH,5m,2026-09-22T11:25:00+05:30,1267.0999755859375,1270.800048828125,1262.4000244140625,1262.5,56615.0,yahoo
HCLTECH,5m,2026-09-22T11:30:00+05:30,1263.0,1263.0,1257.5,1258.800048828125,33238.0,yahoo
HCLTECH,5m,2026-09-22T11:35:00+05:30,1258.800048828125,1258.800048828125,1255.199951171875,1256.0999755859375,20493.0,yahoo
HCLTECH,5m,2026-09-22T11:40:00+05:30,1256.0,1258.699951171875,1255.5999755859375,1257.800048828125,24056.0,yahoo
HCLTECH,5m,2026-09-22T11:45:00+05:30,1257.5,1261.5,1257.300048828125,1261.300048828125,28255.0,yahoo
HCLTECH,5m,2026-09-22T11:50:00+05:30,1261.300048828125,1261.300048828125,1258.800048828125,1258.800048828125,16356.0,yahoo
HCLTECH,5m,2026-09-22T11:55:00+05:30,1258.699951171875,1259.5,1257.5999755859375,1259.300048828125,16098.0,yahoo
HCLTECH,5m,2026-09-22T12:00:00+05:30,1259.300048828125,1259.5,1257.5999755859375,1259.199951171875,10520.0,yahoo
HCLTECH,5m,2026-09-22T12:05:00+05:30,1259.300048828125,1259.9000244140625,1258.5999755859375,1258.9000244140625,4915.0,yahoo
HCLTECH,5m,2026-09-22T12:10:00+05:30,1259.4000244140625,1261.0,1258.0,1258.5999755859375,16434.0,yahoo
HCLTECH,5m,2026-09-22T12:15:00+05:30,1258.5999755859375,1258.5999755859375,1257.300048828125,1258.0999755859375,10871.0,yahoo
HCLTECH,5m,2026-09-22T12:20:00+05:30,1258.5,1262.199951171875,1257.699951171875,1261.4000244140625,30002.0,yahoo
HCLTECH,5m,2026-09-22T12:25:00+05:30,1261.199951171875,1261.800048828125,1260.0999755859375,1261.800048828125,7879.0,yahoo
HCLTECH,5m,2026-09-22T12:30:00+05:30,1261.800048828125,1261.800048828125,1260.4000244140625,1260.9000244140625,7612.0,yahoo
HCLTECH,5m,2026-09-22T12:35:00+05:30,1260.9000244140625,1261.0,1260.0999755859375,1260.9000244140625,7117.0,yahoo
HCLTECH,5m,2026-09-22T12:40:00+05:30,1260.9000244140625,1261.800048828125,1260.199951171875,1260.5,14988.0,yahoo
HCLTECH,5m,2026-09-22T12:45:00+05:30,1260.199951171875,1262.4000244140625,1260.199951171875,1261.199951171875,11181.0,yahoo
HCLTECH,5m,2026-09-22T12:50:00+05:30,1261.199951171875,1262.0,1260.5,1262.0,14708.0,yahoo
HCLTECH,5m,2026-09-22T12:55:00+05:30,1261.800048828125,1262.4000244140625,1261.5,1262.199951171875,10804.0,yahoo
HCLTECH,5m,2026-09-22T13:00:00+05:30,1262.199951171875,1263.699951171875,1261.5,1263.5,23084.0,yahoo
HCLTECH,5m,2026-09-22T13:05:00+05:30,1263.5,1264.800048828125,1262.9000244140625,1264.300048828125,11791.0,yahoo
HCLTECH,5m,2026-09-22T13:10:00+05:30,1264.300048828125,1264.300048828125,1263.0999755859375,1264.0999755859375,12309.0,yahoo
HCLTECH,5m,2026-09-22T13:15:00+05:30,1264.0999755859375,1264.699951171875,1263.5999755859375,1264.5,15895.0,yahoo
HCLTECH,5m,2026-09-22T13:20:00+05:30,1264.699951171875,1265.0999755859375,1264.199951171875,1264.4000244140625,9379.0,yahoo
HCLTECH,5m,2026-09-22T13:25:00+05:30,1264.300048828125,1271.300048828125,1264.0,1270.199951171875,81059.0,yahoo
HCLTECH,5m,2026-09-22T13:30:00+05:30,1269.699951171875,1269.699951171875,1265.300048828125,1266.4000244140625,23698.0,yahoo
HCLTECH,5m,2026-09-22T13:35:00+05:30,1266.4000244140625,1271.0999755859375,1266.0,1271.0,37726.0,yahoo
HCLTECH,5m,2026-09-22T13:40:00+05:30,1270.699951171875,1272.0,1270.0,1270.0,17538.0,yahoo
HCLTECH,5m,2026-09-22T13:45:00+05:30,1270.0,1271.4000244140625,1269.5999755859375,1271.0999755859375,31536.0,yahoo
HCLTECH,5m,2026-09-22T13:50:00+05:30,1271.0999755859375,1271.300048828125,1268.0,1268.5,16418.0,yahoo
HCLTECH,5m,2026-09-22T13:55:00+05:30,1268.0999755859375,1270.0,1267.5999755859375,1269.0,12935.0,yahoo
HCLTECH,5m,2026-09-22T14:00:00+05:30,1269.0999755859375,1271.300048828125,1268.199951171875,1271.0999755859375,18476.0,yahoo
HCLTECH,5m,2026-09-22T14:05:00+05:30,1271.300048828125,1271.300048828125,1269.800048828125,1270.0999755859375,10986.0,yahoo
HCLTECH,5m,2026-09-22T14:10:00+05:30,1270.4000244140625,1279.0,1270.4000244140625,1278.199951171875,56292.0,yahoo
HCLTECH,5m,2026-09-22T14:15:00+05:30,1279.0,1286.0999755859375,1278.5,1282.9000244140625,102128.0,yahoo
HCLTECH,5m,2026-09-22T14:20:00+05:30,1282.5999755859375,1284.0,1280.9000244140625,1280.9000244140625,40889.0,yahoo
HCLTECH,5m,2026-09-22T14:25:00+05:30,1280.5,1283.300048828125,1280.5,1282.5,18335.0,yahoo
HCLTECH,5m,2026-09-22T14:30:00+05:30,1282.0,1283.0,1278.300048828125,1278.300048828125,40145.0,yahoo
HCLTECH,5m,2026-09-22T14:35:00+05:30,1279.0,1279.699951171875,1276.800048828125,1277.0999755859375,19473.0,yahoo
HCLTECH,5m,2026-09-22T14:40:00+05:30,1277.5999755859375,1277.5999755859375,1274.4000244140625,1274.4000244140625,25691.0,yahoo
HCLTECH,5m,2026-09-22T14:45:00+05:30,1274.5,1275.0,1273.199951171875,1273.5,41533.0,yahoo
HCLTECH,5m,2026-09-22T14:50:00+05:30,1273.5999755859375,1273.9000244140625,1272.199951171875,1272.699951171875,37219.0,yahoo
HCLTECH,5m,2026-09-22T14:55:00+05:30,1272.699951171875,1273.300048828125,1269.9000244140625,1270.5,89200.0,yahoo
HCLTECH,5m,2026-09-22T15:00:00+05:30,1270.5,1272.199951171875,1270.5,1271.4000244140625,88575.0,yahoo
HCLTECH,5m,2026-09-22T15:05:00+05:30,1271.4000244140625,1272.300048828125,1270.699951171875,1271.0,71306.0,yahoo
HCLTECH,5m,2026-09-22T15:10:00+05:30,1271.0,1273.5,1270.5999755859375,1273.0,85307.0,yahoo
HCLTECH,5m,2026-09-22T15:15:00+05:30,1273.0,1273.0,1270.4000244140625,1270.4000244140625,81585.0,yahoo
HDFCBANK,5m,2026-09-22T09:15:00+05:30,741.7000122070312,745.2999877929688,740.8499755859375,745.0,0.0,yahoo
HDFCBANK,5m,2026-09-22T09:20:00+05:30,745.25,746.5,745.0999755859375,745.4000244140625,1661415.0,yahoo
HDFCBANK,5m,2026-09-22T09:25:00+05:30,745.4500122070312,747.2999877929688,743.5999755859375,747.2000122070312,1511438.0,yahoo
HDFCBANK,5m,2026-09-22T09:30:00+05:30,747.2999877929688,748.0999755859375,746.8499755859375,747.0499877929688,1669053.0,yahoo
HDFCBANK,5m,2026-09-22T09:35:00+05:30,747.2000122070312,748.7000122070312,746.75,748.25,1227275.0,yahoo
HDFCBANK,5m,2026-09-22T09:40:00+05:30,748.25,748.5,746.5999755859375,747.7999877929688,454700.0,yahoo
HDFCBANK,5m,2026-09-22T09:45:00+05:30,747.7999877929688,748.4000244140625,746.2999877929688,746.4000244140625,758244.0,yahoo
HDFCBANK,5m,2026-09-22T09:50:00+05:30,746.5,748.0,746.4000244140625,747.7000122070312,450243.0,yahoo
HDFCBANK,5m,2026-09-22T09:55:00+05:30,747.7000122070312,748.5,747.2999877929688,748.3499755859375,397469.0,yahoo
HDFCBANK,5m,2026-09-22T10:00:00+05:30,748.2000122070312,748.5,747.4500122070312,747.5999755859375,359613.0,yahoo
HDFCBANK,5m,2026-09-22T10:05:00+05:30,747.7000122070312,748.6500244140625,747.1500244140625,748.6500244140625,536630.0,yahoo
HDFCBANK,5m,2026-09-22T10:10:00+05:30,748.5499877929688,749.2999877929688,747.75,749.25,931810.0,yahoo
HDFCBANK,5m,2026-09-22T10:15:00+05:30,749.2999877929688,749.2999877929688,747.9000244140625,748.5499877929688,698863.0,yahoo
HDFCBANK,5m,2026-09-22T10:20:00+05:30,748.5499877929688,748.5499877929688,747.0,747.3499755859375,320944.0,yahoo
HDFCBANK,5m,2026-09-22T10:25:00+05:30,747.3499755859375,747.9000244140625,746.25,747.25,354914.0,yahoo
HDFCBANK,5m,2026-09-22T10:30:00+05:30,747.2000122070312,747.4000244140625,745.1500244140625,745.5999755859375,461946.0,yahoo
HDFCBANK,5m,2026-09-22T10:35:00+05:30,745.7999877929688,745.7999877929688,745.0,745.0499877929688,386473.0,yahoo
HDFCBANK,5m,2026-09-22T10:40:00+05:30,745.0499877929688,746.0,744.8499755859375,745.5499877929688,435082.0,yahoo
HDFCBANK,5m,2026-09-22T10:45:00+05:30,745.4500122070312,746.2999877929688,745.0999755859375,745.75,222273.0,yahoo
HDFCBANK,5m,2026-09-22T10:50:00+05:30,745.7000122070312,745.8499755859375,745.0,745.7000122070312,255038.0,yahoo
HDFCBANK,5m,2026-09-22T10:55:00+05:30,745.75,746.4500122070312,745.2999877929688,746.0999755859375,340132.0,yahoo
HDFCBANK,5m,2026-09-22T11:00:00+05:30,746.0999755859375,746.2000122070312,745.25,745.25,270697.0,yahoo
HDFCBANK,5m,2026-09-22T11:05:00+05:30,745.25,745.25,744.0999755859375,744.9500122070312,481329.0,yahoo
HDFCBANK,5m,2026-09-22T11:10:00+05:30,744.9500122070312,745.5999755859375,744.5,745.25,393335.0,yahoo
HDFCBANK,5m,2026-09-22T11:15:00+05:30,745.25,745.3499755859375,744.5999755859375,744.5999755859375,899618.0,yahoo
HDFCBANK,5m,2026-09-22T11:20:00+05:30,744.5999755859375,745.0999755859375,744.4000244140625,744.9500122070312,403492.0,yahoo
HDFCBANK,5m,2026-09-22T11:25:00+05:30,744.9500122070312,745.9500122070312,744.5499877929688,745.6500244140625,850614.0,yahoo
HDFCBANK,5m,2026-09-22T11:30:00+05:30,745.5999755859375,745.7999877929688,745.0,745.2999877929688,242410.0,yahoo
HDFCBANK,5m,2026-09-22T11:35:00+05:30,745.1500244140625,745.2999877929688,744.6500244140625,745.0499877929688,209726.0,yahoo
HDFCBANK,5m,2026-09-22T11:40:00+05:30,745.0499877929688,745.0999755859375,744.5,744.9000244140625,199986.0,yahoo
HDFCBANK,5m,2026-09-22T11:45:00+05:30,744.9000244140625,745.0499877929688,744.4000244140625,744.6500244140625,323849.0,yahoo
HDFCBANK,5m,2026-09-22T11:50:00+05:30,744.6500244140625,745.1500244140625,743.75,743.75,472182.0,yahoo
HDFCBANK,5m,2026-09-22T11:55:00+05:30,743.7000122070312,744.1500244140625,743.0999755859375,744.0499877929688,306651.0,yahoo
HDFCBANK,5m,2026-09-22T12:00:00+05:30,744.0,744.7000122070312,743.75,744.25,341572.0,yahoo
HDFCBANK,5m,2026-09-22T12:05:00+05:30,744.25,744.75,743.7000122070312,744.0,171418.0,yahoo
HDFCBANK,5m,2026-09-22T12:10:00+05:30,744.0,744.1500244140625,743.7000122070312,743.7999877929688,218817.0,yahoo
HDFCBANK,5m,2026-09-22T12:15:00+05:30,743.7000122070312,743.9500122070312,743.2000122070312,743.7999877929688,210154.0,yahoo
HDFCBANK,5m,2026-09-22T12:20:00+05:30,743.7999877929688,744.1500244140625,743.2999877929688,743.75,330468.0,yahoo
HDFCBANK,5m,2026-09-22T12:25:00+05:30,743.75,744.6500244140625,743.5999755859375,743.7999877929688,318249.0,yahoo
HDFCBANK,5m,2026-09-22T12:30:00+05:30,743.8499755859375,744.3499755859375,743.2999877929688,744.3499755859375,185533.0,yahoo
HDFCBANK,5m,2026-09-22T12:35:00+05:30,744.25,744.5499877929688,743.7999877929688,743.9000244140625,194042.0,yahoo
HDFCBANK,5m,2026-09-22T12:40:00+05:30,744.0499877929688,744.0999755859375,743.2999877929688,743.2999877929688,209444.0,yahoo
HDFCBANK,5m,2026-09-22T12:45:00+05:30,743.2999877929688,744.5999755859375,743.2999877929688,744.0,441065.0,yahoo
HDFCBANK,5m,2026-09-22T12:50:00+05:30,744.0,744.0,743.3499755859375,743.4000244140625,223440.0,yahoo
HDFCBANK,5m,2026-09-22T12:55:00+05:30,743.4000244140625,743.75,743.0,743.0999755859375,288444.0,yahoo
HDFCBANK,5m,2026-09-22T13:00:00+05:30,743.2000122070312,743.2000122070312,742.2000122070312,742.5,389308.0,yahoo
HDFCBANK,5m,2026-09-22T13:05:00+05:30,742.4500122070312,744.0,742.4000244140625,743.75,180828.0,yahoo
HDFCBANK,5m,2026-09-22T13:10:00+05:30,743.75,744.0999755859375,743.4500122070312,743.9500122070312,130837.0,yahoo
HDFCBANK,5m,2026-09-22T13:15:00+05:30,743.9500122070312,744.1500244140625,743.1500244140625,743.3499755859375,199412.0,yahoo
HDFCBANK,5m,2026-09-22T13:20:00+05:30,743.4000244140625,743.4000244140625,742.7000122070312,743.1500244140625,193450.0,yahoo
HDFCBANK,5m,2026-09-22T13:25:00+05:30,743.1500244140625,743.6500244140625,743.0499877929688,743.5,174014.0,yahoo
HDFCBANK,5m,2026-09-22T13:30:00+05:30,743.4500122070312,743.5499877929688,742.9500122070312,743.2999877929688,185016.0,yahoo
HDFCBANK,5m,2026-09-22T13:35:00+05:30,743.2999877929688,743.4500122070312,742.7999877929688,743.3499755859375,189520.0,yahoo
HDFCBANK,5m,2026-09-22T13:40:00+05:30,743.4000244140625,744.0,742.7999877929688,743.0499877929688,312959.0,yahoo
HDFCBANK,5m,2026-09-22T13:45:00+05:30,743.0,743.0999755859375,742.25,743.0,294375.0,yahoo
HDFCBANK,5m,2026-09-22T13:50:00+05:30,743.0999755859375,743.0999755859375,741.0999755859375,741.5,386400.0,yahoo
HDFCBANK,5m,2026-09-22T13:55:00+05:30,741.5,742.2999877929688,741.2000122070312,741.5999755859375,363641.0,yahoo
HDFCBANK,5m,2026-09-22T14:00:00+05:30,741.5999755859375,741.8499755859375,740.8499755859375,741.75,399389.0,yahoo
HDFCBANK,5m,2026-09-22T14:05:00+05:30,741.75,742.0,741.0999755859375,741.9000244140625,261649.0,yahoo
HDFCBANK,5m,2026-09-22T14:10:00+05:30,742.0,744.3499755859375,741.9500122070312,744.3499755859375,712626.0,yahoo
HDFCBANK,5m,2026-09-22T14:15:00+05:30,744.3499755859375,744.7000122070312,743.0999755859375,743.9000244140625,396432.0,yahoo
HDFCBANK,5m,2026-09-22T14:20:00+05:30,743.8499755859375,744.4500122070312,743.0,743.1500244140625,418782.0,yahoo
HDFCBANK,5m,2026-09-22T14:25:00+05:30,743.2999877929688,743.9000244140625,743.1500244140625,743.6500244140625,291580.0,yahoo
HDFCBANK,5m,2026-09-22T14:30:00+05:30,743.6500244140625,743.9500122070312,742.6500244140625,742.75,333343.0,yahoo
HDFCBANK,5m,2026-09-22T14:35:00+05:30,742.8499755859375,743.4500122070312,742.4000244140625,742.9000244140625,269404.0,yahoo
HDFCBANK,5m,2026-09-22T14:40:00+05:30,743.0,743.0999755859375,741.9000244140625,742.0999755859375,352412.0,yahoo
HDFCBANK,5m,2026-09-22T14:45:00+05:30,742.2000122070312,743.2999877929688,742.0999755859375,742.7999877929688,310049.0,yahoo
HDFCBANK,5m,2026-09-22T14:50:00+05:30,742.8499755859375,743.75,742.5499877929688,743.2999877929688,579764.0,yahoo
HDFCBANK,5m,2026-09-22T14:55:00+05:30,743.3499755859375,743.6500244140625,742.6500244140625,742.9500122070312,428214.0,yahoo
HDFCBANK,5m,2026-09-22T15:00:00+05:30,742.6500244140625,743.0999755859375,742.0499877929688,742.25,512242.0,yahoo
HDFCBANK,5m,2026-09-22T15:05:00+05:30,742.2999877929688,742.6500244140625,741.7999877929688,742.0999755859375,596008.0,yahoo
HDFCBANK,5m,2026-09-22T15:10:00+05:30,742.1500244140625,742.1500244140625,740.8499755859375,741.25,727703.0,yahoo
HDFCBANK,5m,2026-09-22T15:15:00+05:30,741.0,741.0,738.5999755859375,738.5999755859375,1146488.0,yahoo
HDFCLIFE,5m,2026-09-22T09:15:00+05:30,561.5999755859375,564.2000122070312,560.9500122070312,563.7000122070312,0.0,yahoo
HDFCLIFE,5m,2026-09-22T09:20:00+05:30,563.1500244140625,564.75,562.75,564.0,34326.0,yahoo
HDFCLIFE,5m,2026-09-22T09:25:00+05:30,563.5499877929688,564.5,563.5499877929688,564.2999877929688,22753.0,yahoo
HDFCLIFE,5m,2026-09-22T09:30:00+05:30,564.2999877929688,565.25,564.2000122070312,565.25,49026.0,yahoo
HDFCLIFE,5m,2026-09-22T09:35:00+05:30,565.25,565.25,564.5999755859375,564.7999877929688,14629.0,yahoo
HDFCLIFE,5m,2026-09-22T09:40:00+05:30,565.0,565.1500244140625,564.0499877929688,564.0499877929688,16029.0,yahoo
HDFCLIFE,5m,2026-09-22T09:45:00+05:30,564.25,564.7999877929688,564.0,564.2999877929688,16947.0,yahoo
HDFCLIFE,5m,2026-09-22T09:50:00+05:30,564.2999877929688,564.3499755859375,563.5,563.75,18456.0,yahoo
HDFCLIFE,5m,2026-09-22T09:55:00+05:30,563.9500122070312,563.9500122070312,563.5,563.9500122070312,9586.0,yahoo
HDFCLIFE,5m,2026-09-22T10:00:00+05:30,563.9500122070312,564.5,563.7999877929688,564.1500244140625,16146.0,yahoo
HDFCLIFE,5m,2026-09-22T10:05:00+05:30,564.25,564.7000122070312,564.1500244140625,564.7000122070312,13600.0,yahoo
HDFCLIFE,5m,2026-09-22T10:10:00+05:30,564.7000122070312,565.5999755859375,564.5,565.5999755859375,45567.0,yahoo
HDFCLIFE,5m,2026-09-22T10:15:00+05:30,565.5,565.5999755859375,564.8499755859375,565.0,15159.0,yahoo
HDFCLIFE,5m,2026-09-22T10:20:00+05:30,564.7999877929688,565.2999877929688,564.6500244140625,565.2999877929688,18435.0,yahoo
HDFCLIFE,5m,2026-09-22T10:25:00+05:30,565.2999877929688,565.4000244140625,564.7999877929688,565.0999755859375,13379.0,yahoo
HDFCLIFE,5m,2026-09-22T10:30:00+05:30,565.0999755859375,565.3499755859375,564.7000122070312,564.8499755859375,15255.0,yahoo
HDFCLIFE,5m,2026-09-22T10:35:00+05:30,564.8499755859375,565.2999877929688,563.4500122070312,563.7000122070312,36885.0,yahoo
HDFCLIFE,5m,2026-09-22T10:40:00+05:30,563.2999877929688,563.75,562.5999755859375,562.5999755859375,39144.0,yahoo
HDFCLIFE,5m,2026-09-22T10:45:00+05:30,562.7000122070312,563.0999755859375,562.0999755859375,562.0999755859375,22335.0,yahoo
HDFCLIFE,5m,2026-09-22T10:50:00+05:30,561.75,563.7000122070312,561.75,563.6500244140625,32342.0,yahoo
HDFCLIFE,5m,2026-09-22T10:55:00+05:30,563.6500244140625,563.6500244140625,563.1500244140625,563.25,10067.0,yahoo
HDFCLIFE,5m,2026-09-22T11:00:00+05:30,563.5,563.8499755859375,561.6500244140625,563.7000122070312,45520.0,yahoo
HDFCLIFE,5m,2026-09-22T11:05:00+05:30,563.7000122070312,566.0,563.7000122070312,566.0,52142.0,yahoo
HDFCLIFE,5m,2026-09-22T11:10:00+05:30,565.9500122070312,567.4000244140625,565.8499755859375,567.0499877929688,69022.0,yahoo
HDFCLIFE,5m,2026-09-22T11:15:00+05:30,567.0,567.0,566.3499755859375,566.8499755859375,33039.0,yahoo
HDFCLIFE,5m,2026-09-22T11:20:00+05:30,566.9000244140625,566.9000244140625,565.5999755859375,566.4000244140625,151451.0,yahoo
HDFCLIFE,5m,2026-09-22T11:25:00+05:30,566.4000244140625,566.5999755859375,565.7000122070312,565.9000244140625,20055.0,yahoo
HDFCLIFE,5m,2026-09-22T11:30:00+05:30,565.9500122070312,565.9500122070312,564.7000122070312,564.7000122070312,30826.0,yahoo
HDFCLIFE,5m,2026-09-22T11:35:00+05:30,564.9000244140625,564.9000244140625,564.2000122070312,564.5999755859375,26122.0,yahoo
HDFCLIFE,5m,2026-09-22T11:40:00+05:30,564.5,564.9000244140625,564.3499755859375,564.5999755859375,13787.0,yahoo
HDFCLIFE,5m,2026-09-22T11:45:00+05:30,564.5999755859375,564.75,564.2999877929688,564.3499755859375,12327.0,yahoo
HDFCLIFE,5m,2026-09-22T11:50:00+05:30,564.3499755859375,564.5,564.0999755859375,564.2000122070312,12720.0,yahoo
HDFCLIFE,5m,2026-09-22T11:55:00+05:30,564.2999877929688,564.2999877929688,563.0999755859375,563.3499755859375,24768.0,yahoo
HDFCLIFE,5m,2026-09-22T12:00:00+05:30,563.3499755859375,563.4500122070312,562.2999877929688,562.5,21076.0,yahoo
HDFCLIFE,5m,2026-09-22T12:05:00+05:30,562.5,563.0999755859375,562.2999877929688,563.0999755859375,11345.0,yahoo
HDFCLIFE,5m,2026-09-22T12:10:00+05:30,563.0499877929688,563.75,562.8499755859375,563.5499877929688,16212.0,yahoo
HDFCLIFE,5m,2026-09-22T12:15:00+05:30,563.5499877929688,564.1500244140625,563.4000244140625,563.8499755859375,10820.0,yahoo
HDFCLIFE,5m,2026-09-22T12:20:00+05:30,563.8499755859375,564.1500244140625,563.5999755859375,563.7999877929688,11022.0,yahoo
HDFCLIFE,5m,2026-09-22T12:25:00+05:30,564.0,564.0,563.1500244140625,563.1500244140625,12784.0,yahoo
HDFCLIFE,5m,2026-09-22T12:30:00+05:30,563.2000122070312,563.2000122070312,562.4000244140625,563.0,17638.0,yahoo
HDFCLIFE,5m,2026-09-22T12:35:00+05:30,563.0499877929688,563.2999877929688,562.6500244140625,562.9000244140625,14014.0,yahoo
HDFCLIFE,5m,2026-09-22T12:40:00+05:30,562.9000244140625,563.0499877929688,562.0499877929688,562.2999877929688,13069.0,yahoo
HDFCLIFE,5m,2026-09-22T12:45:00+05:30,562.2999877929688,562.7999877929688,562.0999755859375,562.4000244140625,12991.0,yahoo
HDFCLIFE,5m,2026-09-22T12:50:00+05:30,562.1500244140625,562.4000244140625,561.2999877929688,561.4500122070312,16362.0,yahoo
HDFCLIFE,5m,2026-09-22T12:55:00+05:30,561.6500244140625,561.6500244140625,560.75,561.25,11300.0,yahoo
HDFCLIFE,5m,2026-09-22T13:00:00+05:30,561.1500244140625,561.5499877929688,560.5999755859375,561.5499877929688,15757.0,yahoo
HDFCLIFE,5m,2026-09-22T13:05:00+05:30,561.5499877929688,562.2000122070312,561.3499755859375,562.1500244140625,8933.0,yahoo
HDFCLIFE,5m,2026-09-22T13:10:00+05:30,562.0,562.25,561.75,562.25,11167.0,yahoo
HDFCLIFE,5m,2026-09-22T13:15:00+05:30,562.2000122070312,562.25,561.25,561.2999877929688,14390.0,yahoo
HDFCLIFE,5m,2026-09-22T13:20:00+05:30,561.2999877929688,561.6500244140625,561.0999755859375,561.5,9595.0,yahoo
HDFCLIFE,5m,2026-09-22T13:25:00+05:30,561.5,562.0499877929688,561.3499755859375,561.4500122070312,21328.0,yahoo
HDFCLIFE,5m,2026-09-22T13:30:00+05:30,561.5,561.9000244140625,561.0999755859375,561.7999877929688,14321.0,yahoo
HDFCLIFE,5m,2026-09-22T13:35:00+05:30,562.0,562.5,561.7000122070312,562.0499877929688,6490.0,yahoo
HDFCLIFE,5m,2026-09-22T13:40:00+05:30,562.25,562.25,561.6500244140625,561.6500244140625,7283.0,yahoo
HDFCLIFE,5m,2026-09-22T13:45:00+05:30,561.4000244140625,562.3499755859375,561.25,561.9000244140625,9715.0,yahoo
HDFCLIFE,5m,2026-09-22T13:50:00+05:30,561.7999877929688,562.1500244140625,560.75,560.7999877929688,12065.0,yahoo
HDFCLIFE,5m,2026-09-22T13:55:00+05:30,560.7999877929688,561.0999755859375,560.1500244140625,560.4500122070312,14712.0,yahoo
HDFCLIFE,5m,2026-09-22T14:00:00+05:30,560.1500244140625,560.4500122070312,559.75,560.4000244140625,18649.0,yahoo
HDFCLIFE,5m,2026-09-22T14:05:00+05:30,560.4500122070312,561.5999755859375,559.8499755859375,561.5999755859375,21838.0,yahoo
HDFCLIFE,5m,2026-09-22T14:10:00+05:30,561.5,562.9500122070312,561.5,562.9500122070312,20656.0,yahoo
HDFCLIFE,5m,2026-09-22T14:15:00+05:30,563.2000122070312,563.5,562.0499877929688,562.9500122070312,14536.0,yahoo
HDFCLIFE,5m,2026-09-22T14:20:00+05:30,562.7000122070312,563.2999877929688,562.7000122070312,562.7000122070312,9184.0,yahoo
HDFCLIFE,5m,2026-09-22T14:25:00+05:30,562.7000122070312,563.4500122070312,562.7000122070312,563.0499877929688,14638.0,yahoo
HDFCLIFE,5m,2026-09-22T14:30:00+05:30,563.0,563.0999755859375,562.4000244140625,562.4000244140625,7644.0,yahoo
HDFCLIFE,5m,2026-09-22T14:35:00+05:30,562.75,563.0,562.0,562.0999755859375,21344.0,yahoo
HDFCLIFE,5m,2026-09-22T14:40:00+05:30,562.1500244140625,562.1500244140625,561.2999877929688,561.4000244140625,21322.0,yahoo
HDFCLIFE,5m,2026-09-22T14:45:00+05:30,561.5499877929688,561.7000122070312,561.4000244140625,561.4000244140625,32961.0,yahoo
HDFCLIFE,5m,2026-09-22T14:50:00+05:30,561.25,561.7999877929688,561.25,561.4000244140625,38904.0,yahoo
HDFCLIFE,5m,2026-09-22T14:55:00+05:30,561.5,561.5499877929688,560.0,560.2999877929688,54263.0,yahoo
HDFCLIFE,5m,2026-09-22T15:00:00+05:30,560.0999755859375,560.2999877929688,559.3499755859375,559.5,38987.0,yahoo
HDFCLIFE,5m,2026-09-22T15:05:00+05:30,559.4000244140625,560.0,559.2000122070312,559.75,49089.0,yahoo
HDFCLIFE,5m,2026-09-22T15:10:00+05:30,559.9500122070312,560.4000244140625,559.5,559.5,57201.0,yahoo
HDFCLIFE,5m,2026-09-22T15:15:00+05:30,559.5,559.5,559.2000122070312,559.2000122070312,40346.0,yahoo
HEROMOTOCO,5m,2026-09-22T09:15:00+05:30,5421.5,5421.5,5382.5,5397.0,0.0,yahoo
HEROMOTOCO,5m,2026-09-22T09:20:00+05:30,5396.5,5409.5,5394.5,5409.5,10432.0,yahoo
HEROMOTOCO,5m,2026-09-22T09:25:00+05:30,5409.5,5411.0,5400.5,5409.5,6403.0,yahoo
HEROMOTOCO,5m,2026-09-22T09:30:00+05:30,5409.5,5410.5,5402.5,5407.0,4262.0,yahoo
HEROMOTOCO,5m,2026-09-22T09:35:00+05:30,5407.0,5409.5,5402.0,5405.5,4258.0,yahoo
HEROMOTOCO,5m,2026-09-22T09:40:00+05:30,5405.5,5432.0,5402.0,5432.0,8760.0,yahoo
HEROMOTOCO,5m,2026-09-22T09:45:00+05:30,5432.5,5439.0,5422.0,5424.0,7632.0,yahoo
HEROMOTOCO,5m,2026-09-22T09:50:00+05:30,5422.5,5429.5,5420.0,5426.5,3659.0,yahoo
HEROMOTOCO,5m,2026-09-22T09:55:00+05:30,5426.5,5428.0,5422.0,5422.0,3657.0,yahoo
HEROMOTOCO,5m,2026-09-22T10:00:00+05:30,5423.0,5425.5,5415.5,5421.0,4626.0,yahoo
HEROMOTOCO,5m,2026-09-22T10:05:00+05:30,5420.5,5424.0,5418.5,5418.5,2752.0,yahoo
HEROMOTOCO,5m,2026-09-22T10:10:00+05:30,5418.0,5418.0,5414.0,5414.5,2685.0,yahoo
HEROMOTOCO,5m,2026-09-22T10:15:00+05:30,5414.5,5414.5,5406.5,5407.0,5622.0,yahoo
HEROMOTOCO,5m,2026-09-22T10:20:00+05:30,5408.5,5413.5,5406.5,5412.0,6236.0,yahoo
HEROMOTOCO,5m,2026-09-22T10:25:00+05:30,5411.5,5411.5,5404.0,5404.0,6559.0,yahoo
HEROMOTOCO,5m,2026-09-22T10:30:00+05:30,5405.0,5405.0,5398.0,5401.0,3778.0,yahoo
HEROMOTOCO,5m,2026-09-22T10:35:00+05:30,5401.0,5401.0,5396.0,5397.5,2324.0,yahoo
HEROMOTOCO,5m,2026-09-22T10:40:00+05:30,5397.5,5397.5,5389.5,5391.0,5139.0,yahoo
HEROMOTOCO,5m,2026-09-22T10:45:00+05:30,5391.0,5403.5,5389.5,5391.0,5942.0,yahoo
HEROMOTOCO,5m,2026-09-22T10:50:00+05:30,5390.0,5390.0,5376.0,5390.0,6093.0,yahoo
HEROMOTOCO,5m,2026-09-22T10:55:00+05:30,5389.5,5410.0,5386.0,5405.5,49974.0,yahoo
HEROMOTOCO,5m,2026-09-22T11:00:00+05:30,5407.0,5410.0,5397.5,5400.0,13937.0,yahoo
HEROMOTOCO,5m,2026-09-22T11:05:00+05:30,5400.0,5412.5,5397.5,5412.5,7608.0,yahoo
HEROMOTOCO,5m,2026-09-22T11:10:00+05:30,5410.0,5411.0,5402.0,5406.0,7050.0,yahoo
HEROMOTOCO,5m,2026-09-22T11:15:00+05:30,5406.0,5411.5,5403.5,5409.0,14806.0,yahoo
HEROMOTOCO,5m,2026-09-22T11:20:00+05:30,5409.0,5413.5,5409.0,5410.0,7460.0,yahoo
HEROMOTOCO,5m,2026-09-22T11:25:00+05:30,5410.0,5419.0,5409.5,5415.5,5267.0,yahoo
HEROMOTOCO,5m,2026-09-22T11:30:00+05:30,5415.5,5415.5,5407.5,5407.5,2496.0,yahoo
HEROMOTOCO,5m,2026-09-22T11:35:00+05:30,5404.0,5414.5,5404.0,5409.5,4612.0,yahoo
HEROMOTOCO,5m,2026-09-22T11:40:00+05:30,5409.0,5409.0,5403.5,5408.0,8348.0,yahoo
HEROMOTOCO,5m,2026-09-22T11:45:00+05:30,5408.5,5413.5,5407.5,5411.5,3433.0,yahoo
HEROMOTOCO,5m,2026-09-22T11:50:00+05:30,5411.0,5411.0,5408.5,5410.0,1322.0,yahoo
HEROMOTOCO,5m,2026-09-22T11:55:00+05:30,5409.0,5413.0,5406.5,5413.0,2902.0,yahoo
HEROMOTOCO,5m,2026-09-22T12:00:00+05:30,5413.5,5416.5,5411.0,5415.0,3146.0,yahoo
HEROMOTOCO,5m,2026-09-22T12:05:00+05:30,5414.5,5414.5,5409.0,5409.0,7057.0,yahoo
HEROMOTOCO,5m,2026-09-22T12:10:00+05:30,5409.0,5410.5,5406.5,5409.5,1899.0,yahoo
HEROMOTOCO,5m,2026-09-22T12:15:00+05:30,5409.5,5410.0,5406.5,5408.5,2386.0,yahoo
HEROMOTOCO,5m,2026-09-22T12:20:00+05:30,5407.5,5409.0,5405.5,5406.5,3058.0,yahoo
HEROMOTOCO,5m,2026-09-22T12:25:00+05:30,5409.0,5410.0,5405.5,5410.0,3436.0,yahoo
HEROMOTOCO,5m,2026-09-22T12:30:00+05:30,5410.0,5410.0,5403.0,5403.0,4845.0,yahoo
HEROMOTOCO,5m,2026-09-22T12:35:00+05:30,5402.0,5406.0,5401.0,5401.5,4827.0,yahoo
HEROMOTOCO,5m,2026-09-22T12:40:00+05:30,5401.5,5402.0,5397.0,5397.0,4887.0,yahoo
HEROMOTOCO,5m,2026-09-22T12:45:00+05:30,5398.0,5398.0,5387.5,5390.0,11296.0,yahoo
HEROMOTOCO,5m,2026-09-22T12:50:00+05:30,5389.5,5389.5,5375.0,5376.0,7122.0,yahoo
HEROMOTOCO,5m,2026-09-22T12:55:00+05:30,5374.0,5381.0,5368.5,5377.5,7318.0,yahoo
HEROMOTOCO,5m,2026-09-22T13:00:00+05:30,5377.5,5384.5,5375.5,5382.5,6960.0,yahoo
HEROMOTOCO,5m,2026-09-22T13:05:00+05:30,5382.5,5390.0,5382.5,5390.0,5875.0,yahoo
HEROMOTOCO,5m,2026-09-22T13:10:00+05:30,5390.0,5390.0,5385.5,5388.5,2701.0,yahoo
HEROMOTOCO,5m,2026-09-22T13:15:00+05:30,5388.5,5395.0,5386.5,5392.0,4045.0,yahoo
HEROMOTOCO,5m,2026-09-22T13:20:00+05:30,5391.5,5393.0,5386.0,5387.0,2367.0,yahoo
HEROMOTOCO,5m,2026-09-22T13:25:00+05:30,5387.0,5388.0,5382.5,5385.5,2360.0,yahoo
HEROMOTOCO,5m,2026-09-22T13:30:00+05:30,5385.5,5385.5,5372.5,5382.0,4718.0,yahoo
HEROMOTOCO,5m,2026-09-22T13:35:00+05:30,5382.5,5390.0,5382.5,5384.0,7891.0,yahoo
HEROMOTOCO,5m,2026-09-22T13:40:00+05:30,5382.5,5388.0,5382.5,5383.5,3279.0,yahoo
HEROMOTOCO,5m,2026-09-22T13:45:00+05:30,5383.0,5388.0,5379.5,5386.5,8950.0,yahoo
HEROMOTOCO,5m,2026-09-22T13:50:00+05:30,5386.5,5388.0,5383.0,5386.5,4461.0,yahoo
HEROMOTOCO,5m,2026-09-22T13:55:00+05:30,5386.5,5388.5,5383.5,5388.0,5275.0,yahoo
HEROMOTOCO,5m,2026-09-22T14:00:00+05:30,5387.5,5389.5,5380.5,5380.5,9800.0,yahoo
HEROMOTOCO,5m,2026-09-22T14:05:00+05:30,5378.5,5388.5,5378.5,5385.0,11412.0,yahoo
HEROMOTOCO,5m,2026-09-22T14:10:00+05:30,5385.0,5398.5,5383.0,5398.0,7513.0,yahoo
HEROMOTOCO,5m,2026-09-22T14:15:00+05:30,5398.0,5399.5,5387.0,5391.5,2781.0,yahoo
HEROMOTOCO,5m,2026-09-22T14:20:00+05:30,5391.0,5399.0,5389.0,5397.5,6788.0,yahoo
HEROMOTOCO,5m,2026-09-22T14:25:00+05:30,5397.5,5406.0,5396.0,5405.5,6953.0,yahoo
HEROMOTOCO,5m,2026-09-22T14:30:00+05:30,5404.5,5405.5,5397.5,5397.5,4778.0,yahoo
HEROMOTOCO,5m,2026-09-22T14:35:00+05:30,5398.5,5401.5,5392.0,5392.0,6083.0,yahoo
HEROMOTOCO,5m,2026-09-22T14:40:00+05:30,5393.5,5394.5,5389.5,5391.0,4454.0,yahoo
HEROMOTOCO,5m,2026-09-22T14:45:00+05:30,5391.0,5392.0,5387.0,5387.0,6728.0,yahoo
HEROMOTOCO,5m,2026-09-22T14:50:00+05:30,5386.0,5387.5,5382.5,5387.0,13683.0,yahoo
HEROMOTOCO,5m,2026-09-22T14:55:00+05:30,5386.0,5390.0,5383.5,5390.0,11319.0,yahoo
HEROMOTOCO,5m,2026-09-22T15:00:00+05:30,5388.5,5397.0,5388.5,5395.5,22472.0,yahoo
HEROMOTOCO,5m,2026-09-22T15:05:00+05:30,5395.5,5397.5,5390.0,5390.5,12211.0,yahoo
HEROMOTOCO,5m,2026-09-22T15:10:00+05:30,5391.0,5405.5,5377.5,5389.0,27135.0,yahoo
HEROMOTOCO,5m,2026-09-22T15:15:00+05:30,5389.0,5389.0,5373.0,5373.0,11369.0,yahoo
HINDALCO,5m,2026-09-22T09:15:00+05:30,984.0999755859375,984.0999755859375,978.2000122070312,979.0,0.0,yahoo
HINDALCO,5m,2026-09-22T09:20:00+05:30,979.0,981.2000122070312,978.7000122070312,980.5,52477.0,yahoo
HINDALCO,5m,2026-09-22T09:25:00+05:30,980.2999877929688,980.4000244140625,979.2000122070312,979.7000122070312,34616.0,yahoo
HINDALCO,5m,2026-09-22T09:30:00+05:30,979.5999755859375,979.5999755859375,977.4000244140625,977.9000244140625,34986.0,yahoo
HINDALCO,5m,2026-09-22T09:35:00+05:30,977.7999877929688,978.5999755859375,977.0999755859375,978.5,33253.0,yahoo
HINDALCO,5m,2026-09-22T09:40:00+05:30,978.2000122070312,979.2999877929688,978.2000122070312,978.7000122070312,24285.0,yahoo
HINDALCO,5m,2026-09-22T09:45:00+05:30,978.7000122070312,979.0999755859375,978.2999877929688,978.5999755859375,14779.0,yahoo
HINDALCO,5m,2026-09-22T09:50:00+05:30,978.7000122070312,978.7000122070312,977.2999877929688,977.5999755859375,37519.0,yahoo
HINDALCO,5m,2026-09-22T09:55:00+05:30,977.5999755859375,977.9000244140625,977.2000122070312,977.5,26362.0,yahoo
HINDALCO,5m,2026-09-22T10:00:00+05:30,977.5,977.9000244140625,976.7000122070312,977.9000244140625,32258.0,yahoo
HINDALCO,5m,2026-09-22T10:05:00+05:30,977.9000244140625,978.4000244140625,976.0,976.0,27250.0,yahoo
HINDALCO,5m,2026-09-22T10:10:00+05:30,976.2000122070312,976.5999755859375,976.0,976.4000244140625,23907.0,yahoo
HINDALCO,5m,2026-09-22T10:15:00+05:30,976.4000244140625,977.7999877929688,976.2000122070312,977.7000122070312,24224.0,yahoo
HINDALCO,5m,2026-09-22T10:20:00+05:30,977.7000122070312,977.7000122070312,976.7000122070312,977.2999877929688,27784.0,yahoo
HINDALCO,5m,2026-09-22T10:25:00+05:30,977.2999877929688,977.5,977.0,977.5,16767.0,yahoo
HINDALCO,5m,2026-09-22T10:30:00+05:30,977.4000244140625,977.4000244140625,976.7000122070312,977.0,42650.0,yahoo
HINDALCO,5m,2026-09-22T10:35:00+05:30,977.0999755859375,977.0999755859375,976.7999877929688,977.0,20182.0,yahoo
HINDALCO,5m,2026-09-22T10:40:00+05:30,976.9000244140625,977.7000122070312,976.5999755859375,977.4000244140625,28421.0,yahoo
HINDALCO,5m,2026-09-22T10:45:00+05:30,977.4000244140625,977.4000244140625,976.7000122070312,976.7000122070312,14342.0,yahoo
HINDALCO,5m,2026-09-22T10:50:00+05:30,976.7000122070312,976.7000122070312,975.9000244140625,976.2000122070312,18772.0,yahoo
HINDALCO,5m,2026-09-22T10:55:00+05:30,976.2999877929688,976.4000244140625,974.0999755859375,974.4000244140625,46552.0,yahoo
HINDALCO,5m,2026-09-22T11:00:00+05:30,974.2999877929688,974.4000244140625,972.7999877929688,973.0999755859375,19887.0,yahoo
HINDALCO,5m,2026-09-22T11:05:00+05:30,973.2000122070312,973.5,972.5999755859375,973.5,30051.0,yahoo
HINDALCO,5m,2026-09-22T11:10:00+05:30,973.5999755859375,974.0999755859375,973.5999755859375,974.0999755859375,26171.0,yahoo
HINDALCO,5m,2026-09-22T11:15:00+05:30,974.0,974.5,973.5999755859375,973.5999755859375,26835.0,yahoo
HINDALCO,5m,2026-09-22T11:20:00+05:30,973.5999755859375,973.7999877929688,972.7999877929688,973.2000122070312,36767.0,yahoo
HINDALCO,5m,2026-09-22T11:25:00+05:30,973.0999755859375,973.2000122070312,972.7999877929688,972.7999877929688,37003.0,yahoo
HINDALCO,5m,2026-09-22T11:30:00+05:30,972.9000244140625,972.9000244140625,971.5999755859375,971.7000122070312,30027.0,yahoo
HINDALCO,5m,2026-09-22T11:35:00+05:30,971.5,972.9000244140625,970.5999755859375,970.5999755859375,52003.0,yahoo
HINDALCO,5m,2026-09-22T11:40:00+05:30,970.5999755859375,970.9000244140625,970.5,970.9000244140625,20569.0,yahoo
HINDALCO,5m,2026-09-22T11:45:00+05:30,970.9000244140625,970.9000244140625,969.2999877929688,969.5999755859375,36799.0,yahoo
HINDALCO,5m,2026-09-22T11:50:00+05:30,969.5999755859375,969.7000122070312,967.5,967.7999877929688,35795.0,yahoo
HINDALCO,5m,2026-09-22T11:55:00+05:30,967.5,968.4000244140625,967.0999755859375,968.2000122070312,24020.0,yahoo
HINDALCO,5m,2026-09-22T12:00:00+05:30,968.0999755859375,968.4000244140625,967.7999877929688,968.0999755859375,26956.0,yahoo
HINDALCO,5m,2026-09-22T12:05:00+05:30,968.0999755859375,968.5,968.0999755859375,968.4000244140625,13594.0,yahoo
HINDALCO,5m,2026-09-22T12:10:00+05:30,968.4000244140625,968.4000244140625,967.7999877929688,968.0999755859375,28894.0,yahoo
HINDALCO,5m,2026-09-22T12:15:00+05:30,968.0,968.9000244140625,967.7999877929688,968.7999877929688,43963.0,yahoo
HINDALCO,5m,2026-09-22T12:20:00+05:30,969.0999755859375,969.7999877929688,968.9000244140625,969.0,26494.0,yahoo
HINDALCO,5m,2026-09-22T12:25:00+05:30,969.0,969.4000244140625,969.0,969.2999877929688,17012.0,yahoo
HINDALCO,5m,2026-09-22T12:30:00+05:30,969.2999877929688,969.5999755859375,969.0999755859375,969.5,21507.0,yahoo
HINDALCO,5m,2026-09-22T12:35:00+05:30,969.5,969.5,968.5,968.5999755859375,25826.0,yahoo
HINDALCO,5m,2026-09-22T12:40:00+05:30,968.5999755859375,968.9000244140625,968.5,968.7999877929688,14287.0,yahoo
HINDALCO,5m,2026-09-22T12:45:00+05:30,968.7999877929688,968.7999877929688,967.7000122070312,968.2000122070312,43521.0,yahoo
HINDALCO,5m,2026-09-22T12:50:00+05:30,968.2000122070312,969.2999877929688,968.0,969.2000122070312,52878.0,yahoo
HINDALCO,5m,2026-09-22T12:55:00+05:30,969.0999755859375,969.0999755859375,968.2000122070312,968.7000122070312,46241.0,yahoo
HINDALCO,5m,2026-09-22T13:00:00+05:30,968.5999755859375,969.7999877929688,968.5999755859375,969.5,24179.0,yahoo
HINDALCO,5m,2026-09-22T13:05:00+05:30,969.5,970.0,969.4000244140625,970.0,23395.0,yahoo
HINDALCO,5m,2026-09-22T13:10:00+05:30,969.9000244140625,970.9000244140625,969.9000244140625,970.7000122070312,33994.0,yahoo
HINDALCO,5m,2026-09-22T13:15:00+05:30,970.7999877929688,971.5,970.7000122070312,970.7999877929688,39963.0,yahoo
HINDALCO,5m,2026-09-22T13:20:00+05:30,970.7000122070312,970.9000244140625,970.0,970.9000244140625,22279.0,yahoo
HINDALCO,5m,2026-09-22T13:25:00+05:30,970.7000122070312,971.4000244140625,970.0999755859375,970.9000244140625,38145.0,yahoo
HINDALCO,5m,2026-09-22T13:30:00+05:30,970.5999755859375,971.0999755859375,970.4000244140625,971.0,14148.0,yahoo
HINDALCO,5m,2026-09-22T13:35:00+05:30,971.0999755859375,971.4000244140625,971.0,971.4000244140625,32589.0,yahoo
HINDALCO,5m,2026-09-22T13:40:00+05:30,971.2999877929688,972.5999755859375,970.5999755859375,970.9000244140625,46448.0,yahoo
HINDALCO,5m,2026-09-22T13:45:00+05:30,970.9000244140625,970.9000244140625,970.0,970.2000122070312,56135.0,yahoo
HINDALCO,5m,2026-09-22T13:50:00+05:30,970.2999877929688,970.4000244140625,969.2000122070312,969.5,47023.0,yahoo
HINDALCO,5m,2026-09-22T13:55:00+05:30,969.5999755859375,970.0999755859375,969.2999877929688,969.7999877929688,30026.0,yahoo
HINDALCO,5m,2026-09-22T14:00:00+05:30,969.5999755859375,969.5999755859375,968.2000122070312,969.0,43800.0,yahoo
HINDALCO,5m,2026-09-22T14:05:00+05:30,969.0,969.7999877929688,968.7999877929688,969.7000122070312,37593.0,yahoo
HINDALCO,5m,2026-09-22T14:10:00+05:30,969.7999877929688,974.4000244140625,969.5999755859375,974.4000244140625,91818.0,yahoo
HINDALCO,5m,2026-09-22T14:15:00+05:30,974.9000244140625,975.2000122070312,972.4000244140625,973.0,150364.0,yahoo
HINDALCO,5m,2026-09-22T14:20:00+05:30,972.7999877929688,974.2999877929688,972.5,973.0,124233.0,yahoo
HINDALCO,5m,2026-09-22T14:25:00+05:30,972.9000244140625,973.5,972.7000122070312,972.9000244140625,143371.0,yahoo
HINDALCO,5m,2026-09-22T14:30:00+05:30,972.4000244140625,973.5,972.0999755859375,972.7000122070312,139630.0,yahoo
HINDALCO,5m,2026-09-22T14:35:00+05:30,972.7999877929688,973.2999877929688,972.5999755859375,972.7999877929688,101449.0,yahoo
HINDALCO,5m,2026-09-22T14:40:00+05:30,972.9000244140625,972.9000244140625,972.0,972.2000122070312,44946.0,yahoo
HINDALCO,5m,2026-09-22T14:45:00+05:30,972.2000122070312,972.7999877929688,972.2000122070312,972.7000122070312,51248.0,yahoo
HINDALCO,5m,2026-09-22T14:50:00+05:30,972.2000122070312,972.4000244140625,971.7999877929688,972.2000122070312,57407.0,yahoo
HINDALCO,5m,2026-09-22T14:55:00+05:30,972.0999755859375,972.2999877929688,971.5999755859375,971.5999755859375,65355.0,yahoo
HINDALCO,5m,2026-09-22T15:00:00+05:30,971.7000122070312,973.7000122070312,971.0,972.5999755859375,98812.0,yahoo
HINDALCO,5m,2026-09-22T15:05:00+05:30,972.0999755859375,975.4000244140625,972.0999755859375,975.4000244140625,95129.0,yahoo
HINDALCO,5m,2026-09-22T15:10:00+05:30,975.4000244140625,976.4000244140625,975.0,975.9000244140625,96572.0,yahoo
HINDALCO,5m,2026-09-22T15:15:00+05:30,975.7999877929688,975.7999877929688,973.0,973.0,141646.0,yahoo
HINDPETRO,5m,2026-09-22T09:15:00+05:30,360.1499938964844,360.1499938964844,358.1499938964844,358.1499938964844,0.0,yahoo
HINDPETRO,5m,2026-09-22T09:20:00+05:30,358.3999938964844,360.6000061035156,358.1499938964844,360.45001220703125,96787.0,yahoo
HINDPETRO,5m,2026-09-22T09:25:00+05:30,360.3500061035156,362.20001220703125,360.3500061035156,361.6000061035156,111946.0,yahoo
HINDPETRO,5m,2026-09-22T09:30:00+05:30,361.70001220703125,362.70001220703125,361.45001220703125,361.6000061035156,67565.0,yahoo
HINDPETRO,5m,2026-09-22T09:35:00+05:30,361.54998779296875,363.3999938964844,361.5,362.75,122237.0,yahoo
HINDPETRO,5m,2026-09-22T09:40:00+05:30,362.6000061035156,364.8500061035156,362.54998779296875,363.25,226310.0,yahoo
HINDPETRO,5m,2026-09-22T09:45:00+05:30,363.5,364.3500061035156,363.1000061035156,363.8999938964844,48199.0,yahoo
HINDPETRO,5m,2026-09-22T09:50:00+05:30,364.0,364.79998779296875,363.79998779296875,364.3500061035156,58857.0,yahoo
HINDPETRO,5m,2026-09-22T09:55:00+05:30,364.25,364.25,363.0,363.0,25295.0,yahoo
HINDPETRO,5m,2026-09-22T10:00:00+05:30,363.3500061035156,364.20001220703125,363.04998779296875,363.3999938964844,48439.0,yahoo
HINDPETRO,5m,2026-09-22T10:05:00+05:30,363.3999938964844,363.6000061035156,362.1000061035156,362.6000061035156,1538516.0,yahoo
HINDPETRO,5m,2026-09-22T10:10:00+05:30,362.3999938964844,362.54998779296875,361.70001220703125,361.8999938964844,42015.0,yahoo
HINDPETRO,5m,2026-09-22T10:15:00+05:30,361.79998779296875,363.0,361.25,362.8500061035156,87034.0,yahoo
HINDPETRO,5m,2026-09-22T10:20:00+05:30,362.8500061035156,362.8500061035156,362.04998779296875,362.1000061035156,30246.0,yahoo
HINDPETRO,5m,2026-09-22T10:25:00+05:30,362.3999938964844,363.0,362.3500061035156,362.3500061035156,21145.0,yahoo
HINDPETRO,5m,2026-09-22T10:30:00+05:30,362.45001220703125,362.54998779296875,362.04998779296875,362.54998779296875,22804.0,yahoo
HINDPETRO,5m,2026-09-22T10:35:00+05:30,362.6000061035156,363.3999938964844,362.45001220703125,362.45001220703125,63441.0,yahoo
HINDPETRO,5m,2026-09-22T10:40:00+05:30,362.3999938964844,363.1499938964844,362.0,363.0,47639.0,yahoo
HINDPETRO,5m,2026-09-22T10:45:00+05:30,363.0,363.0,362.45001220703125,362.54998779296875,20816.0,yahoo
HINDPETRO,5m,2026-09-22T10:50:00+05:30,362.45001220703125,362.54998779296875,362.0,362.5,30255.0,yahoo
HINDPETRO,5m,2026-09-22T10:55:00+05:30,362.5,362.75,362.3999938964844,362.3999938964844,10151.0,yahoo
HINDPETRO,5m,2026-09-22T11:00:00+05:30,362.3500061035156,362.45001220703125,362.20001220703125,362.25,6961.0,yahoo
HINDPETRO,5m,2026-09-22T11:05:00+05:30,362.3500061035156,363.0,362.0,362.0,74903.0,yahoo
HINDPETRO,5m,2026-09-22T11:10:00+05:30,362.0,362.1000061035156,361.8500061035156,362.04998779296875,63742.0,yahoo
HINDPETRO,5m,2026-09-22T11:15:00+05:30,361.8500061035156,362.70001220703125,361.8500061035156,362.70001220703125,14316.0,yahoo
HINDPETRO,5m,2026-09-22T11:20:00+05:30,362.5,362.70001220703125,361.95001220703125,362.1499938964844,17641.0,yahoo
HINDPETRO,5m,2026-09-22T11:25:00+05:30,361.95001220703125,362.25,361.95001220703125,362.1000061035156,5072.0,yahoo
HINDPETRO,5m,2026-09-22T11:30:00+05:30,362.04998779296875,362.1000061035156,360.79998779296875,362.0,286690.0,yahoo
HINDPETRO,5m,2026-09-22T11:35:00+05:30,362.1000061035156,362.1000061035156,361.6499938964844,361.79998779296875,184927.0,yahoo
HINDPETRO,5m,2026-09-22T11:40:00+05:30,361.6499938964844,361.6499938964844,360.3500061035156,360.54998779296875,51247.0,yahoo
HINDPETRO,5m,2026-09-22T11:45:00+05:30,360.25,360.5,359.3999938964844,359.70001220703125,68839.0,yahoo
HINDPETRO,5m,2026-09-22T11:50:00+05:30,359.70001220703125,359.70001220703125,359.20001220703125,359.20001220703125,29804.0,yahoo
HINDPETRO,5m,2026-09-22T11:55:00+05:30,359.3500061035156,359.3500061035156,359.04998779296875,359.25,16541.0,yahoo
HINDPETRO,5m,2026-09-22T12:00:00+05:30,359.25,359.25,358.75,358.95001220703125,32741.0,yahoo
HINDPETRO,5m,2026-09-22T12:05:00+05:30,358.95001220703125,359.0,358.6000061035156,358.75,15653.0,yahoo
HINDPETRO,5m,2026-09-22T12:10:00+05:30,358.75,358.95001220703125,358.25,358.29998779296875,36745.0,yahoo
HINDPETRO,5m,2026-09-22T12:15:00+05:30,358.1499938964844,358.6499938964844,358.1499938964844,358.6000061035156,17587.0,yahoo
HINDPETRO,5m,2026-09-22T12:20:00+05:30,358.6000061035156,358.6499938964844,358.45001220703125,358.54998779296875,11076.0,yahoo
HINDPETRO,5m,2026-09-22T12:25:00+05:30,358.54998779296875,358.8500061035156,358.3999938964844,358.79998779296875,13113.0,yahoo
HINDPETRO,5m,2026-09-22T12:30:00+05:30,358.79998779296875,358.8500061035156,358.1000061035156,358.5,52230.0,yahoo
HINDPETRO,5m,2026-09-22T12:35:00+05:30,358.5,358.8500061035156,358.45001220703125,358.8500061035156,8462.0,yahoo
HINDPETRO,5m,2026-09-22T12:40:00+05:30,358.8500061035156,358.8500061035156,358.1499938964844,358.3999938964844,30993.0,yahoo
HINDPETRO,5m,2026-09-22T12:45:00+05:30,358.20001220703125,358.29998779296875,357.6000061035156,357.70001220703125,40623.0,yahoo
HINDPETRO,5m,2026-09-22T12:50:00+05:30,357.70001220703125,357.70001220703125,356.79998779296875,356.8500061035156,30076.0,yahoo
HINDPETRO,5m,2026-09-22T12:55:00+05:30,356.70001220703125,357.0,356.6499938964844,356.8999938964844,18582.0,yahoo
HINDPETRO,5m,2026-09-22T13:00:00+05:30,356.75,357.1000061035156,356.70001220703125,357.0,22287.0,yahoo
HINDPETRO,5m,2026-09-22T13:05:00+05:30,357.0,357.0,356.75,357.0,33480.0,yahoo
HINDPETRO,5m,2026-09-22T13:10:00+05:30,357.0,357.0,356.8999938964844,357.0,18205.0,yahoo
HINDPETRO,5m,2026-09-22T13:15:00+05:30,357.0,357.0,356.5,356.6499938964844,12964.0,yahoo
HINDPETRO,5m,2026-09-22T13:20:00+05:30,356.6499938964844,356.70001220703125,356.45001220703125,356.6499938964844,16038.0,yahoo
HINDPETRO,5m,2026-09-22T13:25:00+05:30,356.6499938964844,356.6499938964844,356.20001220703125,356.54998779296875,19843.0,yahoo
HINDPETRO,5m,2026-09-22T13:30:00+05:30,356.54998779296875,356.70001220703125,356.5,356.6499938964844,13641.0,yahoo
HINDPETRO,5m,2026-09-22T13:35:00+05:30,356.6000061035156,356.8500061035156,356.6000061035156,356.79998779296875,15301.0,yahoo
HINDPETRO,5m,2026-09-22T13:40:00+05:30,356.79998779296875,356.95001220703125,356.70001220703125,356.95001220703125,13352.0,yahoo
HINDPETRO,5m,2026-09-22T13:45:00+05:30,356.8500061035156,356.95001220703125,356.6499938964844,356.79998779296875,25581.0,yahoo
HINDPETRO,5m,2026-09-22T13:50:00+05:30,356.79998779296875,356.79998779296875,355.95001220703125,355.95001220703125,49806.0,yahoo
HINDPETRO,5m,2026-09-22T13:55:00+05:30,355.95001220703125,356.1000061035156,355.25,355.3999938964844,27310.0,yahoo
HINDPETRO,5m,2026-09-22T14:00:00+05:30,355.3999938964844,355.54998779296875,355.0,355.54998779296875,30039.0,yahoo
HINDPETRO,5m,2026-09-22T14:05:00+05:30,355.29998779296875,355.54998779296875,354.75,355.0,33935.0,yahoo
HINDPETRO,5m,2026-09-22T14:10:00+05:30,355.0,356.04998779296875,354.79998779296875,356.04998779296875,245191.0,yahoo
HINDPETRO,5m,2026-09-22T14:15:00+05:30,356.29998779296875,357.6499938964844,355.3500061035156,357.6000061035156,131078.0,yahoo
HINDPETRO,5m,2026-09-22T14:20:00+05:30,357.6000061035156,359.20001220703125,357.6000061035156,358.95001220703125,94691.0,yahoo
HINDPETRO,5m,2026-09-22T14:25:00+05:30,358.95001220703125,360.5,358.6499938964844,359.70001220703125,134423.0,yahoo
HINDPETRO,5m,2026-09-22T14:30:00+05:30,359.8500061035156,361.0,359.29998779296875,360.25,79615.0,yahoo
HINDPETRO,5m,2026-09-22T14:35:00+05:30,360.25,360.54998779296875,359.45001220703125,359.6000061035156,23935.0,yahoo
HINDPETRO,5m,2026-09-22T14:40:00+05:30,359.3999938964844,359.5,358.6499938964844,358.8500061035156,30288.0,yahoo
HINDPETRO,5m,2026-09-22T14:45:00+05:30,358.8500061035156,360.8500061035156,358.70001220703125,360.8500061035156,220437.0,yahoo
HINDPETRO,5m,2026-09-22T14:50:00+05:30,360.70001220703125,360.79998779296875,360.1000061035156,360.25,31286.0,yahoo
HINDPETRO,5m,2026-09-22T14:55:00+05:30,360.1000061035156,361.79998779296875,360.0,360.6499938964844,239930.0,yahoo
HINDPETRO,5m,2026-09-22T15:00:00+05:30,360.45001220703125,360.45001220703125,359.8500061035156,360.20001220703125,63653.0,yahoo
HINDPETRO,5m,2026-09-22T15:05:00+05:30,360.0,360.6000061035156,360.0,360.3500061035156,82486.0,yahoo
HINDPETRO,5m,2026-09-22T15:10:00+05:30,360.5,360.70001220703125,359.6499938964844,360.70001220703125,192442.0,yahoo
HINDUNILVR,5m,2026-09-22T09:15:00+05:30,1952.0,1955.5999755859375,1949.5,1950.5999755859375,0.0,yahoo
HINDUNILVR,5m,2026-09-22T09:20:00+05:30,1949.4000244140625,1949.5,1946.9000244140625,1947.5,14715.0,yahoo
HINDUNILVR,5m,2026-09-22T09:25:00+05:30,1946.9000244140625,1947.800048828125,1946.0999755859375,1947.699951171875,10072.0,yahoo
HINDUNILVR,5m,2026-09-22T09:30:00+05:30,1947.5999755859375,1947.5999755859375,1946.0999755859375,1946.800048828125,9617.0,yahoo
HINDUNILVR,5m,2026-09-22T09:35:00+05:30,1946.5999755859375,1947.5,1944.9000244140625,1944.9000244140625,13132.0,yahoo
HINDUNILVR,5m,2026-09-22T09:40:00+05:30,1944.9000244140625,1947.300048828125,1944.5,1946.9000244140625,15152.0,yahoo
HINDUNILVR,5m,2026-09-22T09:45:00+05:30,1946.5999755859375,1947.0,1944.9000244140625,1945.0,8492.0,yahoo
HINDUNILVR,5m,2026-09-22T09:50:00+05:30,1944.9000244140625,1946.300048828125,1944.9000244140625,1946.300048828125,6518.0,yahoo
HINDUNILVR,5m,2026-09-22T09:55:00+05:30,1945.9000244140625,1946.800048828125,1945.0,1945.0999755859375,5847.0,yahoo
HINDUNILVR,5m,2026-09-22T10:00:00+05:30,1945.0,1948.199951171875,1945.0,1946.5,14487.0,yahoo
HINDUNILVR,5m,2026-09-22T10:05:00+05:30,1947.0999755859375,1947.9000244140625,1945.9000244140625,1947.300048828125,7411.0,yahoo
HINDUNILVR,5m,2026-09-22T10:10:00+05:30,1947.0999755859375,1947.699951171875,1945.4000244140625,1945.4000244140625,8704.0,yahoo
HINDUNILVR,5m,2026-09-22T10:15:00+05:30,1945.4000244140625,1946.0,1944.5999755859375,1945.0,14584.0,yahoo
HINDUNILVR,5m,2026-09-22T10:20:00+05:30,1945.0,1945.699951171875,1942.699951171875,1942.699951171875,12623.0,yahoo
HINDUNILVR,5m,2026-09-22T10:25:00+05:30,1943.0,1945.5,1943.0,1943.800048828125,17506.0,yahoo
HINDUNILVR,5m,2026-09-22T10:30:00+05:30,1943.800048828125,1944.300048828125,1942.0,1943.0,9022.0,yahoo
HINDUNILVR,5m,2026-09-22T10:35:00+05:30,1942.199951171875,1942.800048828125,1940.699951171875,1940.800048828125,9327.0,yahoo
HINDUNILVR,5m,2026-09-22T10:40:00+05:30,1940.9000244140625,1941.0999755859375,1937.5,1937.800048828125,17622.0,yahoo
HINDUNILVR,5m,2026-09-22T10:45:00+05:30,1937.800048828125,1938.9000244140625,1937.0,1938.0,9698.0,yahoo
HINDUNILVR,5m,2026-09-22T10:50:00+05:30,1937.5999755859375,1938.300048828125,1936.199951171875,1938.300048828125,14578.0,yahoo
HINDUNILVR,5m,2026-09-22T10:55:00+05:30,1938.300048828125,1940.699951171875,1938.0999755859375,1940.699951171875,25604.0,yahoo
HINDUNILVR,5m,2026-09-22T11:00:00+05:30,1940.699951171875,1941.0,1939.5,1940.800048828125,19103.0,yahoo
HINDUNILVR,5m,2026-09-22T11:05:00+05:30,1940.4000244140625,1942.699951171875,1939.4000244140625,1942.0,33176.0,yahoo
HINDUNILVR,5m,2026-09-22T11:10:00+05:30,1942.0,1942.5999755859375,1941.5,1942.0999755859375,13016.0,yahoo
HINDUNILVR,5m,2026-09-22T11:15:00+05:30,1942.0,1945.4000244140625,1942.0,1943.699951171875,9799.0,yahoo
HINDUNILVR,5m,2026-09-22T11:20:00+05:30,1943.0999755859375,1944.199951171875,1942.199951171875,1943.5999755859375,7555.0,yahoo
HINDUNILVR,5m,2026-09-22T11:25:00+05:30,1943.300048828125,1945.0999755859375,1943.0,1944.800048828125,28815.0,yahoo
HINDUNILVR,5m,2026-09-22T11:30:00+05:30,1944.0,1944.4000244140625,1942.199951171875,1942.5999755859375,9481.0,yahoo
HINDUNILVR,5m,2026-09-22T11:35:00+05:30,1942.199951171875,1942.699951171875,1941.0999755859375,1941.4000244140625,5444.0,yahoo
HINDUNILVR,5m,2026-09-22T11:40:00+05:30,1941.0,1941.5,1940.0999755859375,1941.4000244140625,7049.0,yahoo
HINDUNILVR,5m,2026-09-22T11:45:00+05:30,1941.199951171875,1945.0,1941.199951171875,1943.4000244140625,19092.0,yahoo
HINDUNILVR,5m,2026-09-22T11:50:00+05:30,1943.4000244140625,1944.5,1943.0,1944.0999755859375,4403.0,yahoo
HINDUNILVR,5m,2026-09-22T11:55:00+05:30,1944.0,1944.9000244140625,1942.699951171875,1944.0999755859375,28013.0,yahoo
HINDUNILVR,5m,2026-09-22T12:00:00+05:30,1944.0999755859375,1944.0999755859375,1942.800048828125,1943.0,3457.0,yahoo
HINDUNILVR,5m,2026-09-22T12:05:00+05:30,1943.0,1944.0,1942.4000244140625,1944.0,4507.0,yahoo
HINDUNILVR,5m,2026-09-22T12:10:00+05:30,1944.0,1944.5,1943.0999755859375,1944.300048828125,7065.0,yahoo
HINDUNILVR,5m,2026-09-22T12:15:00+05:30,1944.199951171875,1944.199951171875,1941.0,1941.0,13169.0,yahoo
HINDUNILVR,5m,2026-09-22T12:20:00+05:30,1941.0999755859375,1945.0,1941.0999755859375,1943.300048828125,43445.0,yahoo
HINDUNILVR,5m,2026-09-22T12:25:00+05:30,1943.199951171875,1944.800048828125,1939.199951171875,1940.0,16538.0,yahoo
HINDUNILVR,5m,2026-09-22T12:30:00+05:30,1940.0,1943.0,1939.0,1941.9000244140625,42232.0,yahoo
HINDUNILVR,5m,2026-09-22T12:35:00+05:30,1942.0,1942.0,1939.699951171875,1939.699951171875,6876.0,yahoo
HINDUNILVR,5m,2026-09-22T12:40:00+05:30,1939.699951171875,1939.9000244140625,1938.0,1939.0,7268.0,yahoo
HINDUNILVR,5m,2026-09-22T12:45:00+05:30,1939.0999755859375,1939.199951171875,1937.0,1937.800048828125,8572.0,yahoo
HINDUNILVR,5m,2026-09-22T12:50:00+05:30,1937.800048828125,1939.199951171875,1937.0,1938.199951171875,10676.0,yahoo
HINDUNILVR,5m,2026-09-22T12:55:00+05:30,1937.4000244140625,1938.9000244140625,1937.0,1938.800048828125,9388.0,yahoo
HINDUNILVR,5m,2026-09-22T13:00:00+05:30,1938.0999755859375,1939.699951171875,1937.4000244140625,1939.4000244140625,9194.0,yahoo
HINDUNILVR,5m,2026-09-22T13:05:00+05:30,1938.699951171875,1940.0,1938.4000244140625,1940.0,7163.0,yahoo
HINDUNILVR,5m,2026-09-22T13:10:00+05:30,1939.300048828125,1941.300048828125,1939.300048828125,1940.4000244140625,4495.0,yahoo
HINDUNILVR,5m,2026-09-22T13:15:00+05:30,1940.0,1941.199951171875,1939.5999755859375,1940.5,4341.0,yahoo
HINDUNILVR,5m,2026-09-22T13:20:00+05:30,1940.199951171875,1940.9000244140625,1940.0,1940.300048828125,6531.0,yahoo
HINDUNILVR,5m,2026-09-22T13:25:00+05:30,1940.699951171875,1941.4000244140625,1939.699951171875,1940.9000244140625,6633.0,yahoo
HINDUNILVR,5m,2026-09-22T13:30:00+05:30,1940.0999755859375,1940.699951171875,1938.199951171875,1938.5,3851.0,yahoo
HINDUNILVR,5m,2026-09-22T13:35:00+05:30,1939.0,1939.0,1937.0,1937.199951171875,8374.0,yahoo
HINDUNILVR,5m,2026-09-22T13:40:00+05:30,1937.4000244140625,1938.699951171875,1937.0,1937.699951171875,4211.0,yahoo
HINDUNILVR,5m,2026-09-22T13:45:00+05:30,1937.5,1940.699951171875,1936.699951171875,1938.300048828125,13793.0,yahoo
HINDUNILVR,5m,2026-09-22T13:50:00+05:30,1938.300048828125,1938.5,1936.5999755859375,1937.5,5311.0,yahoo
HINDUNILVR,5m,2026-09-22T13:55:00+05:30,1937.4000244140625,1937.800048828125,1936.5,1936.699951171875,6083.0,yahoo
HINDUNILVR,5m,2026-09-22T14:00:00+05:30,1936.5,1936.5,1935.0,1936.0999755859375,9969.0,yahoo
HINDUNILVR,5m,2026-09-22T14:05:00+05:30,1935.9000244140625,1936.0,1934.0,1935.699951171875,4979.0,yahoo
HINDUNILVR,5m,2026-09-22T14:10:00+05:30,1935.300048828125,1939.4000244140625,1935.199951171875,1939.4000244140625,4658.0,yahoo
HINDUNILVR,5m,2026-09-22T14:15:00+05:30,1940.5999755859375,1941.5999755859375,1938.5,1940.0,9352.0,yahoo
HINDUNILVR,5m,2026-09-22T14:20:00+05:30,1939.5999755859375,1943.699951171875,1939.5999755859375,1941.0999755859375,10715.0,yahoo
HINDUNILVR,5m,2026-09-22T14:25:00+05:30,1941.0,1941.9000244140625,1940.800048828125,1941.9000244140625,6596.0,yahoo
HINDUNILVR,5m,2026-09-22T14:30:00+05:30,1941.9000244140625,1942.5,1938.5999755859375,1939.0999755859375,6832.0,yahoo
HINDUNILVR,5m,2026-09-22T14:35:00+05:30,1938.800048828125,1940.699951171875,1938.0999755859375,1938.800048828125,6492.0,yahoo
HINDUNILVR,5m,2026-09-22T14:40:00+05:30,1938.199951171875,1939.4000244140625,1937.0,1937.800048828125,8525.0,yahoo
HINDUNILVR,5m,2026-09-22T14:45:00+05:30,1938.0999755859375,1939.699951171875,1937.4000244140625,1937.699951171875,6606.0,yahoo
HINDUNILVR,5m,2026-09-22T14:50:00+05:30,1937.5,1939.5999755859375,1935.800048828125,1938.800048828125,57679.0,yahoo
HINDUNILVR,5m,2026-09-22T14:55:00+05:30,1938.0999755859375,1938.0999755859375,1935.199951171875,1936.5999755859375,40094.0,yahoo
HINDUNILVR,5m,2026-09-22T15:00:00+05:30,1936.5,1938.5,1935.300048828125,1935.300048828125,30227.0,yahoo
HINDUNILVR,5m,2026-09-22T15:05:00+05:30,1935.800048828125,1937.5999755859375,1934.9000244140625,1935.699951171875,41139.0,yahoo
HINDUNILVR,5m,2026-09-22T15:10:00+05:30,1935.5,1937.199951171875,1935.300048828125,1936.0999755859375,42934.0,yahoo
HINDUNILVR,5m,2026-09-22T15:15:00+05:30,1936.0999755859375,1936.0999755859375,1933.800048828125,1933.800048828125,32524.0,yahoo
HINDZINC,5m,2026-09-22T09:15:00+05:30,593.0,593.5,591.75,592.5,0.0,yahoo
HINDZINC,5m,2026-09-22T09:20:00+05:30,592.4500122070312,596.6500244140625,592.4500122070312,595.9500122070312,93294.0,yahoo
HINDZINC,5m,2026-09-22T09:25:00+05:30,595.75,595.9000244140625,594.2000122070312,595.3499755859375,75221.0,yahoo
HINDZINC,5m,2026-09-22T09:30:00+05:30,595.5999755859375,597.1500244140625,595.0999755859375,597.1500244140625,65266.0,yahoo
HINDZINC,5m,2026-09-22T09:35:00+05:30,597.4000244140625,598.5,597.25,598.0,81146.0,yahoo
HINDZINC,5m,2026-09-22T09:40:00+05:30,598.2999877929688,599.7999877929688,598.2999877929688,599.5,106216.0,yahoo
HINDZINC,5m,2026-09-22T09:45:00+05:30,599.4000244140625,599.5,598.1500244140625,598.25,62448.0,yahoo
HINDZINC,5m,2026-09-22T09:50:00+05:30,598.25,598.4500122070312,597.2999877929688,597.7000122070312,49483.0,yahoo
HINDZINC,5m,2026-09-22T09:55:00+05:30,597.6500244140625,597.9500122070312,597.2999877929688,597.5499877929688,40824.0,yahoo
HINDZINC,5m,2026-09-22T10:00:00+05:30,597.5999755859375,598.5,596.5,598.5,56590.0,yahoo
HINDZINC,5m,2026-09-22T10:05:00+05:30,598.5,598.9000244140625,598.0499877929688,598.9000244140625,41835.0,yahoo
HINDZINC,5m,2026-09-22T10:10:00+05:30,598.75,598.9000244140625,598.3499755859375,598.5,28894.0,yahoo
HINDZINC,5m,2026-09-22T10:15:00+05:30,598.4000244140625,598.5999755859375,598.0999755859375,598.2999877929688,22644.0,yahoo
HINDZINC,5m,2026-09-22T10:20:00+05:30,598.25,598.5999755859375,598.25,598.5,14921.0,yahoo
HINDZINC,5m,2026-09-22T10:25:00+05:30,598.4500122070312,598.7000122070312,598.1500244140625,598.5999755859375,28063.0,yahoo
HINDZINC,5m,2026-09-22T10:30:00+05:30,598.4000244140625,598.5999755859375,597.7999877929688,598.0,28627.0,yahoo
HINDZINC,5m,2026-09-22T10:35:00+05:30,598.2999877929688,598.3499755859375,597.8499755859375,598.0,21522.0,yahoo
HINDZINC,5m,2026-09-22T10:40:00+05:30,597.9500122070312,598.5499877929688,597.7999877929688,598.0499877929688,30490.0,yahoo
HINDZINC,5m,2026-09-22T10:45:00+05:30,598.0499877929688,598.5999755859375,598.0,598.0,25350.0,yahoo
HINDZINC,5m,2026-09-22T10:50:00+05:30,598.0499877929688,598.3499755859375,597.7999877929688,598.3499755859375,18237.0,yahoo
HINDZINC,5m,2026-09-22T10:55:00+05:30,598.4000244140625,598.4000244140625,597.7000122070312,597.9500122070312,21743.0,yahoo
HINDZINC,5m,2026-09-22T11:00:00+05:30,597.9500122070312,597.9500122070312,595.0,595.4500122070312,255673.0,yahoo
HINDZINC,5m,2026-09-22T11:05:00+05:30,595.4500122070312,595.5999755859375,594.7999877929688,595.0,113501.0,yahoo
HINDZINC,5m,2026-09-22T11:10:00+05:30,595.0,595.4500122070312,593.4000244140625,593.5999755859375,50675.0,yahoo
HINDZINC,5m,2026-09-22T11:15:00+05:30,593.5499877929688,594.0,592.9000244140625,593.8499755859375,32355.0,yahoo
HINDZINC,5m,2026-09-22T11:20:00+05:30,593.75,594.1500244140625,592.5999755859375,592.7000122070312,40143.0,yahoo
HINDZINC,5m,2026-09-22T11:25:00+05:30,592.9500122070312,593.0499877929688,592.75,593.0,41856.0,yahoo
HINDZINC,5m,2026-09-22T11:30:00+05:30,592.9500122070312,593.0999755859375,592.2000122070312,592.2000122070312,133943.0,yahoo
HINDZINC,5m,2026-09-22T11:35:00+05:30,592.2000122070312,593.0999755859375,591.75,592.5,56613.0,yahoo
HINDZINC,5m,2026-09-22T11:40:00+05:30,592.4500122070312,592.7999877929688,591.9500122070312,592.5499877929688,152295.0,yahoo
HINDZINC,5m,2026-09-22T11:45:00+05:30,592.5499877929688,592.5999755859375,591.75,592.0499877929688,29025.0,yahoo
HINDZINC,5m,2026-09-22T11:50:00+05:30,592.0,592.2000122070312,591.4500122070312,591.4500122070312,24419.0,yahoo
HINDZINC,5m,2026-09-22T11:55:00+05:30,591.5,591.6500244140625,591.0499877929688,591.6500244140625,34235.0,yahoo
HINDZINC,5m,2026-09-22T12:00:00+05:30,591.5,591.8499755859375,591.25,591.7999877929688,16628.0,yahoo
HINDZINC,5m,2026-09-22T12:05:00+05:30,591.75,591.8499755859375,591.3499755859375,591.5,18720.0,yahoo
HINDZINC,5m,2026-09-22T12:10:00+05:30,591.4500122070312,592.7000122070312,590.8499755859375,592.6500244140625,40549.0,yahoo
HINDZINC,5m,2026-09-22T12:15:00+05:30,592.5,593.9000244140625,592.5,593.2000122070312,125721.0,yahoo
HINDZINC,5m,2026-09-22T12:20:00+05:30,593.4500122070312,593.9500122070312,592.7999877929688,593.0499877929688,31145.0,yahoo
HINDZINC,5m,2026-09-22T12:25:00+05:30,593.0499877929688,593.0999755859375,592.0999755859375,592.9500122070312,30555.0,yahoo
HINDZINC,5m,2026-09-22T12:30:00+05:30,592.9000244140625,592.9000244140625,592.0999755859375,592.4500122070312,23409.0,yahoo
HINDZINC,5m,2026-09-22T12:35:00+05:30,592.4000244140625,592.5,591.75,591.7999877929688,35897.0,yahoo
HINDZINC,5m,2026-09-22T12:40:00+05:30,591.8499755859375,592.4000244140625,591.8499755859375,592.0999755859375,35212.0,yahoo
HINDZINC,5m,2026-09-22T12:45:00+05:30,592.0999755859375,592.5999755859375,592.0499877929688,592.5499877929688,25599.0,yahoo
HINDZINC,5m,2026-09-22T12:50:00+05:30,592.5499877929688,593.7000122070312,592.3499755859375,593.2999877929688,57690.0,yahoo
HINDZINC,5m,2026-09-22T12:55:00+05:30,593.1500244140625,593.4500122070312,592.75,592.9500122070312,95082.0,yahoo
HINDZINC,5m,2026-09-22T13:00:00+05:30,592.8499755859375,593.25,591.5499877929688,591.7999877929688,145413.0,yahoo
HINDZINC,5m,2026-09-22T13:05:00+05:30,591.75,592.5,591.75,592.5,22632.0,yahoo
HINDZINC,5m,2026-09-22T13:10:00+05:30,592.3499755859375,592.6500244140625,592.0999755859375,592.2000122070312,64949.0,yahoo
HINDZINC,5m,2026-09-22T13:15:00+05:30,592.2000122070312,592.3499755859375,591.6500244140625,591.75,27624.0,yahoo
HINDZINC,5m,2026-09-22T13:20:00+05:30,591.75,592.0,591.6500244140625,592.0,15335.0,yahoo
HINDZINC,5m,2026-09-22T13:25:00+05:30,591.9500122070312,592.1500244140625,591.5999755859375,591.5999755859375,25776.0,yahoo
HINDZINC,5m,2026-09-22T13:30:00+05:30,591.6500244140625,592.0,591.6500244140625,591.9000244140625,22695.0,yahoo
HINDZINC,5m,2026-09-22T13:35:00+05:30,591.9000244140625,592.0,591.5499877929688,591.9000244140625,29214.0,yahoo
HINDZINC,5m,2026-09-22T13:40:00+05:30,591.7999877929688,593.0,591.7999877929688,592.5499877929688,79139.0,yahoo
HINDZINC,5m,2026-09-22T13:45:00+05:30,592.1500244140625,592.4000244140625,592.0,592.2999877929688,20268.0,yahoo
HINDZINC,5m,2026-09-22T13:50:00+05:30,592.1500244140625,592.2999877929688,590.5999755859375,590.8499755859375,36795.0,yahoo
HINDZINC,5m,2026-09-22T13:55:00+05:30,591.0499877929688,591.3499755859375,590.5499877929688,590.7000122070312,36759.0,yahoo
HINDZINC,5m,2026-09-22T14:00:00+05:30,590.8499755859375,590.8499755859375,590.1500244140625,590.5,44024.0,yahoo
HINDZINC,5m,2026-09-22T14:05:00+05:30,590.4500122070312,591.5999755859375,590.1500244140625,591.5999755859375,41853.0,yahoo
HINDZINC,5m,2026-09-22T14:10:00+05:30,591.3499755859375,592.6500244140625,591.2999877929688,592.6500244140625,42014.0,yahoo
HINDZINC,5m,2026-09-22T14:15:00+05:30,592.9500122070312,593.2999877929688,592.0499877929688,592.5,93072.0,yahoo
HINDZINC,5m,2026-09-22T14:20:00+05:30,592.5499877929688,593.5,592.5499877929688,593.4000244140625,32558.0,yahoo
HINDZINC,5m,2026-09-22T14:25:00+05:30,593.3499755859375,593.4500122070312,592.7000122070312,592.7999877929688,38736.0,yahoo
HINDZINC,5m,2026-09-22T14:30:00+05:30,592.75,592.9000244140625,592.1500244140625,592.1500244140625,28424.0,yahoo
HINDZINC,5m,2026-09-22T14:35:00+05:30,592.2000122070312,592.5999755859375,592.0499877929688,592.3499755859375,27046.0,yahoo
HINDZINC,5m,2026-09-22T14:40:00+05:30,592.5499877929688,592.5499877929688,591.6500244140625,592.0499877929688,38881.0,yahoo
HINDZINC,5m,2026-09-22T14:45:00+05:30,592.0,592.4000244140625,592.0,592.3499755859375,24853.0,yahoo
HINDZINC,5m,2026-09-22T14:50:00+05:30,592.25,592.7000122070312,592.0999755859375,592.5,51142.0,yahoo
HINDZINC,5m,2026-09-22T14:55:00+05:30,592.4500122070312,592.7000122070312,591.8499755859375,591.8499755859375,65109.0,yahoo
HINDZINC,5m,2026-09-22T15:00:00+05:30,591.9500122070312,592.0999755859375,590.8499755859375,590.9500122070312,119379.0,yahoo
HINDZINC,5m,2026-09-22T15:05:00+05:30,590.7999877929688,591.3499755859375,590.6500244140625,591.2000122070312,75563.0,yahoo
HINDZINC,5m,2026-09-22T15:10:00+05:30,591.1500244140625,592.4500122070312,590.5,590.5,151189.0,yahoo
ICICIBANK,5m,2026-09-22T09:15:00+05:30,1345.699951171875,1345.699951171875,1342.300048828125,1342.800048828125,0.0,yahoo
ICICIBANK,5m,2026-09-22T09:20:00+05:30,1342.800048828125,1346.199951171875,1342.5,1345.199951171875,57471.0,yahoo
ICICIBANK,5m,2026-09-22T09:25:00+05:30,1345.199951171875,1346.300048828125,1343.5,1346.300048828125,105682.0,yahoo
ICICIBANK,5m,2026-09-22T09:30:00+05:30,1346.300048828125,1346.300048828125,1344.199951171875,1344.699951171875,112696.0,yahoo
ICICIBANK,5m,2026-09-22T09:35:00+05:30,1344.800048828125,1346.300048828125,1344.800048828125,1345.699951171875,66835.0,yahoo
ICICIBANK,5m,2026-09-22T09:40:00+05:30,1345.5999755859375,1345.699951171875,1343.4000244140625,1343.5999755859375,44008.0,yahoo
ICICIBANK,5m,2026-09-22T09:45:00+05:30,1343.4000244140625,1344.800048828125,1343.0999755859375,1344.5,37169.0,yahoo
ICICIBANK,5m,2026-09-22T09:50:00+05:30,1344.199951171875,1347.0,1344.199951171875,1346.5999755859375,66848.0,yahoo
ICICIBANK,5m,2026-09-22T09:55:00+05:30,1346.4000244140625,1346.4000244140625,1344.5999755859375,1345.4000244140625,29299.0,yahoo
ICICIBANK,5m,2026-09-22T10:00:00+05:30,1345.0999755859375,1345.9000244140625,1344.5,1345.800048828125,35046.0,yahoo
ICICIBANK,5m,2026-09-22T10:05:00+05:30,1345.5999755859375,1345.9000244140625,1344.5,1345.300048828125,38405.0,yahoo
ICICIBANK,5m,2026-09-22T10:10:00+05:30,1345.300048828125,1346.300048828125,1344.5999755859375,1345.0,33836.0,yahoo
ICICIBANK,5m,2026-09-22T10:15:00+05:30,1345.300048828125,1346.199951171875,1344.800048828125,1345.199951171875,35975.0,yahoo
ICICIBANK,5m,2026-09-22T10:20:00+05:30,1345.300048828125,1345.4000244140625,1343.0999755859375,1343.800048828125,47587.0,yahoo
ICICIBANK,5m,2026-09-22T10:25:00+05:30,1343.5999755859375,1343.699951171875,1342.9000244140625,1342.9000244140625,63224.0,yahoo
ICICIBANK,5m,2026-09-22T10:30:00+05:30,1342.5999755859375,1342.800048828125,1341.0,1342.0,75182.0,yahoo
ICICIBANK,5m,2026-09-22T10:35:00+05:30,1341.9000244140625,1341.9000244140625,1339.9000244140625,1340.5,78829.0,yahoo
ICICIBANK,5m,2026-09-22T10:40:00+05:30,1340.199951171875,1341.5999755859375,1338.5999755859375,1339.199951171875,66837.0,yahoo
ICICIBANK,5m,2026-09-22T10:45:00+05:30,1339.0999755859375,1339.5,1338.5,1338.5,53181.0,yahoo
ICICIBANK,5m,2026-09-22T10:50:00+05:30,1338.5,1338.5999755859375,1337.0999755859375,1337.800048828125,74337.0,yahoo
ICICIBANK,5m,2026-09-22T10:55:00+05:30,1337.5999755859375,1340.5999755859375,1337.5999755859375,1340.199951171875,47660.0,yahoo
ICICIBANK,5m,2026-09-22T11:00:00+05:30,1340.5,1340.5,1338.5,1338.699951171875,66484.0,yahoo
ICICIBANK,5m,2026-09-22T11:05:00+05:30,1339.0999755859375,1339.800048828125,1338.5,1339.4000244140625,48134.0,yahoo
ICICIBANK,5m,2026-09-22T11:10:00+05:30,1339.4000244140625,1341.0,1339.0999755859375,1340.800048828125,63109.0,yahoo
ICICIBANK,5m,2026-09-22T11:15:00+05:30,1340.699951171875,1340.9000244140625,1339.4000244140625,1339.4000244140625,39827.0,yahoo
ICICIBANK,5m,2026-09-22T11:20:00+05:30,1339.5,1340.0,1338.5,1339.9000244140625,40314.0,yahoo
ICICIBANK,5m,2026-09-22T11:25:00+05:30,1339.9000244140625,1340.4000244140625,1338.800048828125,1339.0999755859375,36169.0,yahoo
ICICIBANK,5m,2026-09-22T11:30:00+05:30,1339.199951171875,1339.5,1337.199951171875,1338.0999755859375,188752.0,yahoo
ICICIBANK,5m,2026-09-22T11:35:00+05:30,1338.0,1338.0,1336.0,1336.0,105703.0,yahoo
ICICIBANK,5m,2026-09-22T11:40:00+05:30,1336.300048828125,1337.0,1336.0999755859375,1336.300048828125,48275.0,yahoo
ICICIBANK,5m,2026-09-22T11:45:00+05:30,1336.199951171875,1337.0,1335.0999755859375,1335.800048828125,76809.0,yahoo
ICICIBANK,5m,2026-09-22T11:50:00+05:30,1335.800048828125,1336.5999755859375,1335.300048828125,1335.4000244140625,41552.0,yahoo
ICICIBANK,5m,2026-09-22T11:55:00+05:30,1335.4000244140625,1336.800048828125,1334.699951171875,1336.699951171875,101016.0,yahoo
ICICIBANK,5m,2026-09-22T12:00:00+05:30,1336.5999755859375,1336.800048828125,1336.4000244140625,1336.5999755859375,38249.0,yahoo
ICICIBANK,5m,2026-09-22T12:05:00+05:30,1336.5999755859375,1337.800048828125,1336.4000244140625,1337.5,38055.0,yahoo
ICICIBANK,5m,2026-09-22T12:10:00+05:30,1337.5,1337.699951171875,1336.5,1336.800048828125,39062.0,yahoo
ICICIBANK,5m,2026-09-22T12:15:00+05:30,1336.800048828125,1337.199951171875,1336.5,1337.0,33991.0,yahoo
ICICIBANK,5m,2026-09-22T12:20:00+05:30,1337.0999755859375,1337.4000244140625,1336.5,1336.5999755859375,52306.0,yahoo
ICICIBANK,5m,2026-09-22T12:25:00+05:30,1336.5999755859375,1337.4000244140625,1336.0999755859375,1336.5,45731.0,yahoo
ICICIBANK,5m,2026-09-22T12:30:00+05:30,1336.5999755859375,1337.699951171875,1336.4000244140625,1337.5999755859375,80639.0,yahoo
ICICIBANK,5m,2026-09-22T12:35:00+05:30,1337.5999755859375,1337.800048828125,1336.199951171875,1336.300048828125,128832.0,yahoo
ICICIBANK,5m,2026-09-22T12:40:00+05:30,1336.300048828125,1336.9000244140625,1335.0999755859375,1335.0999755859375,38048.0,yahoo
ICICIBANK,5m,2026-09-22T12:45:00+05:30,1335.0,1336.0,1334.0999755859375,1334.800048828125,72604.0,yahoo
ICICIBANK,5m,2026-09-22T12:50:00+05:30,1334.9000244140625,1335.9000244140625,1334.0,1334.5,86032.0,yahoo
ICICIBANK,5m,2026-09-22T12:55:00+05:30,1334.5,1335.699951171875,1333.800048828125,1335.0,110880.0,yahoo
ICICIBANK,5m,2026-09-22T13:00:00+05:30,1335.0,1335.0999755859375,1333.9000244140625,1334.0999755859375,89553.0,yahoo
ICICIBANK,5m,2026-09-22T13:05:00+05:30,1334.0999755859375,1336.0,1334.0999755859375,1335.699951171875,49261.0,yahoo
ICICIBANK,5m,2026-09-22T13:10:00+05:30,1335.5999755859375,1336.9000244140625,1335.5,1336.5999755859375,46025.0,yahoo
ICICIBANK,5m,2026-09-22T13:15:00+05:30,1336.5999755859375,1336.9000244140625,1336.0999755859375,1336.5999755859375,40553.0,yahoo
ICICIBANK,5m,2026-09-22T13:20:00+05:30,1336.699951171875,1337.4000244140625,1336.199951171875,1336.5,89165.0,yahoo
ICICIBANK,5m,2026-09-22T13:25:00+05:30,1336.5999755859375,1337.4000244140625,1336.5,1337.300048828125,56736.0,yahoo
ICICIBANK,5m,2026-09-22T13:30:00+05:30,1337.300048828125,1339.300048828125,1337.300048828125,1338.4000244140625,36583.0,yahoo
ICICIBANK,5m,2026-09-22T13:35:00+05:30,1338.0,1339.0999755859375,1337.800048828125,1338.5,40571.0,yahoo
ICICIBANK,5m,2026-09-22T13:40:00+05:30,1338.5999755859375,1339.0,1337.9000244140625,1338.0,26900.0,yahoo
ICICIBANK,5m,2026-09-22T13:45:00+05:30,1337.5,1338.5,1337.300048828125,1338.199951171875,27211.0,yahoo
ICICIBANK,5m,2026-09-22T13:50:00+05:30,1338.199951171875,1339.0999755859375,1336.4000244140625,1336.9000244140625,77157.0,yahoo
ICICIBANK,5m,2026-09-22T13:55:00+05:30,1336.699951171875,1338.199951171875,1336.5,1337.300048828125,72078.0,yahoo
ICICIBANK,5m,2026-09-22T14:00:00+05:30,1337.300048828125,1337.800048828125,1335.800048828125,1337.199951171875,119384.0,yahoo
ICICIBANK,5m,2026-09-22T14:05:00+05:30,1337.5999755859375,1338.5999755859375,1336.5999755859375,1338.199951171875,63376.0,yahoo
ICICIBANK,5m,2026-09-22T14:10:00+05:30,1338.5,1343.9000244140625,1338.0999755859375,1343.9000244140625,194421.0,yahoo
ICICIBANK,5m,2026-09-22T14:15:00+05:30,1343.9000244140625,1344.9000244140625,1342.0,1342.699951171875,130193.0,yahoo
ICICIBANK,5m,2026-09-22T14:20:00+05:30,1342.800048828125,1344.5,1341.699951171875,1342.199951171875,102295.0,yahoo
ICICIBANK,5m,2026-09-22T14:25:00+05:30,1342.199951171875,1343.5,1341.800048828125,1343.0,107354.0,yahoo
ICICIBANK,5m,2026-09-22T14:30:00+05:30,1343.199951171875,1344.4000244140625,1342.4000244140625,1343.5999755859375,105118.0,yahoo
ICICIBANK,5m,2026-09-22T14:35:00+05:30,1343.4000244140625,1344.4000244140625,1343.0,1343.199951171875,38480.0,yahoo
ICICIBANK,5m,2026-09-22T14:40:00+05:30,1343.4000244140625,1343.9000244140625,1341.9000244140625,1343.0999755859375,54773.0,yahoo
ICICIBANK,5m,2026-09-22T14:45:00+05:30,1343.0999755859375,1344.5,1342.699951171875,1343.199951171875,60920.0,yahoo
ICICIBANK,5m,2026-09-22T14:50:00+05:30,1342.4000244140625,1343.699951171875,1341.800048828125,1342.9000244140625,160713.0,yahoo
ICICIBANK,5m,2026-09-22T14:55:00+05:30,1342.9000244140625,1343.199951171875,1340.5,1341.9000244140625,139699.0,yahoo
ICICIBANK,5m,2026-09-22T15:00:00+05:30,1341.9000244140625,1344.300048828125,1341.699951171875,1344.0999755859375,297270.0,yahoo
ICICIBANK,5m,2026-09-22T15:05:00+05:30,1344.300048828125,1344.5999755859375,1342.199951171875,1343.5999755859375,284102.0,yahoo
ICICIBANK,5m,2026-09-22T15:10:00+05:30,1344.0,1344.300048828125,1341.699951171875,1342.300048828125,239482.0,yahoo
ICICIBANK,5m,2026-09-22T15:15:00+05:30,1342.300048828125,1342.300048828125,1339.5999755859375,1339.5999755859375,510153.0,yahoo
INDUSINDBK,5m,2026-09-22T09:15:00+05:30,962.0,962.0,959.5999755859375,961.2000122070312,0.0,yahoo
INDUSINDBK,5m,2026-09-22T09:20:00+05:30,961.2000122070312,962.0,959.9000244140625,962.0,11326.0,yahoo
INDUSINDBK,5m,2026-09-22T09:25:00+05:30,962.0,962.0,961.0,961.9000244140625,9913.0,yahoo
INDUSINDBK,5m,2026-09-22T09:30:00+05:30,962.0,962.2999877929688,959.0999755859375,959.7000122070312,18250.0,yahoo
INDUSINDBK,5m,2026-09-22T09:35:00+05:30,959.7000122070312,960.4000244140625,958.0,959.5999755859375,12166.0,yahoo
INDUSINDBK,5m,2026-09-22T09:40:00+05:30,959.5,960.7999877929688,959.2000122070312,959.9000244140625,2642.0,yahoo
INDUSINDBK,5m,2026-09-22T09:45:00+05:30,959.9000244140625,961.0,959.9000244140625,960.9000244140625,2879.0,yahoo
INDUSINDBK,5m,2026-09-22T09:50:00+05:30,960.7000122070312,962.0,960.7000122070312,961.4000244140625,7450.0,yahoo
INDUSINDBK,5m,2026-09-22T09:55:00+05:30,961.5,961.7000122070312,961.0,961.2000122070312,4704.0,yahoo
INDUSINDBK,5m,2026-09-22T10:00:00+05:30,961.4000244140625,962.0,960.9000244140625,961.2999877929688,4579.0,yahoo
INDUSINDBK,5m,2026-09-22T10:05:00+05:30,961.0999755859375,961.9000244140625,960.5999755859375,960.7999877929688,129489.0,yahoo
INDUSINDBK,5m,2026-09-22T10:10:00+05:30,960.7999877929688,961.0999755859375,959.7999877929688,960.2999877929688,7141.0,yahoo
INDUSINDBK,5m,2026-09-22T10:15:00+05:30,960.4000244140625,960.4000244140625,958.7999877929688,959.9000244140625,10231.0,yahoo
INDUSINDBK,5m,2026-09-22T10:20:00+05:30,959.9000244140625,960.0,959.0,959.4000244140625,6291.0,yahoo
INDUSINDBK,5m,2026-09-22T10:25:00+05:30,959.4000244140625,960.0,959.2000122070312,959.5,5563.0,yahoo
INDUSINDBK,5m,2026-09-22T10:30:00+05:30,959.5,959.7999877929688,957.5,957.9000244140625,14144.0,yahoo
INDUSINDBK,5m,2026-09-22T10:35:00+05:30,958.0999755859375,958.0999755859375,956.5,956.7999877929688,6191.0,yahoo
INDUSINDBK,5m,2026-09-22T10:40:00+05:30,956.7000122070312,956.7999877929688,954.7000122070312,956.0999755859375,31444.0,yahoo
INDUSINDBK,5m,2026-09-22T10:45:00+05:30,955.7999877929688,956.2999877929688,955.7999877929688,955.9000244140625,4239.0,yahoo
INDUSINDBK,5m,2026-09-22T10:50:00+05:30,955.9000244140625,956.0,955.2999877929688,955.9000244140625,5208.0,yahoo
INDUSINDBK,5m,2026-09-22T10:55:00+05:30,956.0999755859375,957.2000122070312,955.2999877929688,955.2999877929688,8876.0,yahoo
INDUSINDBK,5m,2026-09-22T11:00:00+05:30,955.4000244140625,955.7999877929688,954.0999755859375,955.0999755859375,19374.0,yahoo
INDUSINDBK,5m,2026-09-22T11:05:00+05:30,955.0999755859375,955.2000122070312,954.2000122070312,954.7000122070312,6535.0,yahoo
INDUSINDBK,5m,2026-09-22T11:10:00+05:30,954.7000122070312,955.7999877929688,954.5999755859375,955.2000122070312,2115.0,yahoo
INDUSINDBK,5m,2026-09-22T11:15:00+05:30,955.2000122070312,956.0999755859375,955.2000122070312,955.5999755859375,7408.0,yahoo
INDUSINDBK,5m,2026-09-22T11:20:00+05:30,955.5999755859375,956.9000244140625,955.0999755859375,956.9000244140625,13436.0,yahoo
INDUSINDBK,5m,2026-09-22T11:25:00+05:30,956.7999877929688,958.0,956.7000122070312,957.2000122070312,7999.0,yahoo
INDUSINDBK,5m,2026-09-22T11:30:00+05:30,957.2999877929688,957.4000244140625,956.0,956.2999877929688,7982.0,yahoo
INDUSINDBK,5m,2026-09-22T11:35:00+05:30,956.2999877929688,956.7000122070312,955.2000122070312,955.2000122070312,5619.0,yahoo
INDUSINDBK,5m,2026-09-22T11:40:00+05:30,955.7000122070312,956.0,955.2999877929688,956.0,5280.0,yahoo
INDUSINDBK,5m,2026-09-22T11:45:00+05:30,955.7999877929688,956.0,955.0,955.5,3310.0,yahoo
INDUSINDBK,5m,2026-09-22T11:50:00+05:30,955.7999877929688,956.0999755859375,953.5,954.7000122070312,12638.0,yahoo
INDUSINDBK,5m,2026-09-22T11:55:00+05:30,954.7000122070312,955.5999755859375,954.4000244140625,955.5999755859375,4733.0,yahoo
INDUSINDBK,5m,2026-09-22T12:00:00+05:30,955.4000244140625,956.5999755859375,954.9000244140625,956.2999877929688,7188.0,yahoo
INDUSINDBK,5m,2026-09-22T12:05:00+05:30,955.9000244140625,956.7999877929688,955.9000244140625,956.7000122070312,15380.0,yahoo
INDUSINDBK,5m,2026-09-22T12:10:00+05:30,956.7000122070312,957.0,955.5,956.0999755859375,8547.0,yahoo
INDUSINDBK,5m,2026-09-22T12:15:00+05:30,955.5999755859375,956.5999755859375,955.5999755859375,956.2000122070312,4999.0,yahoo
INDUSINDBK,5m,2026-09-22T12:20:00+05:30,956.0999755859375,956.4000244140625,955.9000244140625,956.0999755859375,5920.0,yahoo
INDUSINDBK,5m,2026-09-22T12:25:00+05:30,956.2999877929688,956.2999877929688,954.5,954.9000244140625,9000.0,yahoo
INDUSINDBK,5m,2026-09-22T12:30:00+05:30,955.0,955.0,954.4000244140625,955.0,9487.0,yahoo
INDUSINDBK,5m,2026-09-22T12:35:00+05:30,954.9000244140625,955.0999755859375,954.5,955.0999755859375,5363.0,yahoo
INDUSINDBK,5m,2026-09-22T12:40:00+05:30,955.0,955.2000122070312,953.5999755859375,953.9000244140625,13256.0,yahoo
INDUSINDBK,5m,2026-09-22T12:45:00+05:30,953.5999755859375,954.4000244140625,953.2000122070312,953.9000244140625,9565.0,yahoo
INDUSINDBK,5m,2026-09-22T12:50:00+05:30,954.4000244140625,954.4000244140625,952.5999755859375,953.2999877929688,10071.0,yahoo
INDUSINDBK,5m,2026-09-22T12:55:00+05:30,953.2000122070312,953.2000122070312,952.2999877929688,952.7999877929688,8480.0,yahoo
INDUSINDBK,5m,2026-09-22T13:00:00+05:30,952.2999877929688,952.5999755859375,951.2000122070312,952.2000122070312,10377.0,yahoo
INDUSINDBK,5m,2026-09-22T13:05:00+05:30,952.0,953.0999755859375,951.7000122070312,952.7999877929688,5860.0,yahoo
INDUSINDBK,5m,2026-09-22T13:10:00+05:30,952.9000244140625,953.0999755859375,951.9000244140625,952.4000244140625,7608.0,yahoo
INDUSINDBK,5m,2026-09-22T13:15:00+05:30,952.7000122070312,953.0,952.2000122070312,952.9000244140625,4472.0,yahoo
INDUSINDBK,5m,2026-09-22T13:20:00+05:30,952.5,952.7000122070312,951.0999755859375,952.0,8338.0,yahoo
INDUSINDBK,5m,2026-09-22T13:25:00+05:30,952.2000122070312,952.7000122070312,951.7000122070312,952.5,5442.0,yahoo
INDUSINDBK,5m,2026-09-22T13:30:00+05:30,952.5,952.7999877929688,952.0999755859375,952.7999877929688,4438.0,yahoo
INDUSINDBK,5m,2026-09-22T13:35:00+05:30,952.5999755859375,953.2000122070312,952.0999755859375,953.0999755859375,10058.0,yahoo
INDUSINDBK,5m,2026-09-22T13:40:00+05:30,953.2000122070312,953.2999877929688,952.5,953.0,5626.0,yahoo
INDUSINDBK,5m,2026-09-22T13:45:00+05:30,952.7000122070312,953.0,952.2000122070312,952.7000122070312,5443.0,yahoo
INDUSINDBK,5m,2026-09-22T13:50:00+05:30,953.0,953.0,949.9000244140625,950.5,18122.0,yahoo
INDUSINDBK,5m,2026-09-22T13:55:00+05:30,950.7000122070312,951.5,950.2000122070312,951.2999877929688,12452.0,yahoo
INDUSINDBK,5m,2026-09-22T14:00:00+05:30,950.5,951.4000244140625,949.7000122070312,951.4000244140625,8548.0,yahoo
INDUSINDBK,5m,2026-09-22T14:05:00+05:30,951.2000122070312,951.7999877929688,950.2999877929688,951.7000122070312,11253.0,yahoo
INDUSINDBK,5m,2026-09-22T14:10:00+05:30,951.4000244140625,954.2999877929688,950.5999755859375,954.2999877929688,26307.0,yahoo
INDUSINDBK,5m,2026-09-22T14:15:00+05:30,954.4000244140625,954.9000244140625,953.5,954.7000122070312,15054.0,yahoo
INDUSINDBK,5m,2026-09-22T14:20:00+05:30,954.7000122070312,955.2999877929688,954.2999877929688,954.7000122070312,21219.0,yahoo
INDUSINDBK,5m,2026-09-22T14:25:00+05:30,954.2999877929688,955.5,954.2999877929688,955.4000244140625,8106.0,yahoo
INDUSINDBK,5m,2026-09-22T14:30:00+05:30,955.4000244140625,955.7000122070312,954.4000244140625,954.4000244140625,15380.0,yahoo
INDUSINDBK,5m,2026-09-22T14:35:00+05:30,954.5999755859375,955.5,953.5999755859375,953.7000122070312,17802.0,yahoo
INDUSINDBK,5m,2026-09-22T14:40:00+05:30,953.7999877929688,954.7000122070312,953.5999755859375,953.9000244140625,13263.0,yahoo
INDUSINDBK,5m,2026-09-22T14:45:00+05:30,954.0,955.2000122070312,954.0,954.7000122070312,8435.0,yahoo
INDUSINDBK,5m,2026-09-22T14:50:00+05:30,954.2999877929688,955.2999877929688,954.2999877929688,954.7999877929688,15773.0,yahoo
INDUSINDBK,5m,2026-09-22T14:55:00+05:30,954.7999877929688,954.9000244140625,953.0,953.4000244140625,26011.0,yahoo
INDUSINDBK,5m,2026-09-22T15:00:00+05:30,952.9000244140625,953.9000244140625,952.2999877929688,953.5999755859375,31536.0,yahoo
INDUSINDBK,5m,2026-09-22T15:05:00+05:30,953.5999755859375,954.2999877929688,953.4000244140625,953.9000244140625,20368.0,yahoo
INDUSINDBK,5m,2026-09-22T15:10:00+05:30,953.9000244140625,955.0,953.2000122070312,955.0,117722.0,yahoo
INFY,5m,2026-09-22T09:15:00+05:30,1037.699951171875,1038.4000244140625,1030.5999755859375,1030.9000244140625,0.0,yahoo
INFY,5m,2026-09-22T09:20:00+05:30,1030.5999755859375,1032.9000244140625,1029.5999755859375,1032.9000244140625,248123.0,yahoo
INFY,5m,2026-09-22T09:25:00+05:30,1032.9000244140625,1033.4000244140625,1028.0,1028.300048828125,267405.0,yahoo
INFY,5m,2026-09-22T09:30:00+05:30,1028.0999755859375,1030.9000244140625,1027.0999755859375,1030.0,368023.0,yahoo
INFY,5m,2026-09-22T09:35:00+05:30,1030.0,1030.0,1027.5,1029.300048828125,130260.0,yahoo
INFY,5m,2026-09-22T09:40:00+05:30,1029.0999755859375,1030.4000244140625,1029.0999755859375,1030.0999755859375,68067.0,yahoo
INFY,5m,2026-09-22T09:45:00+05:30,1030.5,1031.5,1030.199951171875,1030.5,227594.0,yahoo
INFY,5m,2026-09-22T09:50:00+05:30,1030.5,1031.4000244140625,1030.0999755859375,1031.199951171875,178552.0,yahoo
INFY,5m,2026-09-22T09:55:00+05:30,1031.4000244140625,1031.800048828125,1029.0,1029.699951171875,310710.0,yahoo
INFY,5m,2026-09-22T10:00:00+05:30,1029.699951171875,1030.0999755859375,1028.699951171875,1029.0,61737.0,yahoo
INFY,5m,2026-09-22T10:05:00+05:30,1029.0,1029.699951171875,1028.5,1029.300048828125,45173.0,yahoo
INFY,5m,2026-09-22T10:10:00+05:30,1029.199951171875,1029.5999755859375,1027.0999755859375,1028.300048828125,224431.0,yahoo
INFY,5m,2026-09-22T10:15:00+05:30,1028.300048828125,1028.5,1027.0999755859375,1027.4000244140625,77145.0,yahoo
INFY,5m,2026-09-22T10:20:00+05:30,1027.4000244140625,1027.800048828125,1025.199951171875,1026.800048828125,136056.0,yahoo
INFY,5m,2026-09-22T10:25:00+05:30,1026.5999755859375,1027.800048828125,1026.5999755859375,1027.5,70903.0,yahoo
INFY,5m,2026-09-22T10:30:00+05:30,1027.699951171875,1027.9000244140625,1026.800048828125,1026.800048828125,64718.0,yahoo
INFY,5m,2026-09-22T10:35:00+05:30,1026.5999755859375,1026.699951171875,1024.0,1024.5999755859375,202937.0,yahoo
INFY,5m,2026-09-22T10:40:00+05:30,1024.4000244140625,1024.800048828125,1019.9000244140625,1020.2999877929688,354392.0,yahoo
INFY,5m,2026-09-22T10:45:00+05:30,1020.2999877929688,1021.9000244140625,1019.2000122070312,1021.7999877929688,167904.0,yahoo
INFY,5m,2026-09-22T10:50:00+05:30,1021.7999877929688,1022.7999877929688,1021.0999755859375,1022.7999877929688,89077.0,yahoo
INFY,5m,2026-09-22T10:55:00+05:30,1022.9000244140625,1023.2000122070312,1022.4000244140625,1022.9000244140625,83785.0,yahoo
INFY,5m,2026-09-22T11:00:00+05:30,1022.9000244140625,1023.4000244140625,1022.0,1022.4000244140625,65785.0,yahoo
INFY,5m,2026-09-22T11:05:00+05:30,1022.2000122070312,1023.5,1021.5999755859375,1022.0999755859375,76439.0,yahoo
INFY,5m,2026-09-22T11:10:00+05:30,1022.2000122070312,1023.0,1022.0,1022.7000122070312,47482.0,yahoo
INFY,5m,2026-09-22T11:15:00+05:30,1022.5,1023.5999755859375,1022.2000122070312,1023.5,54405.0,yahoo
INFY,5m,2026-09-22T11:20:00+05:30,1023.2000122070312,1026.0,1023.0999755859375,1024.699951171875,134722.0,yahoo
INFY,5m,2026-09-22T11:25:00+05:30,1024.4000244140625,1024.9000244140625,1023.7999877929688,1024.199951171875,58072.0,yahoo
INFY,5m,2026-09-22T11:30:00+05:30,1024.199951171875,1025.300048828125,1023.5,1025.199951171875,60187.0,yahoo
INFY,5m,2026-09-22T11:35:00+05:30,1025.199951171875,1025.199951171875,1024.0999755859375,1024.199951171875,33488.0,yahoo
INFY,5m,2026-09-22T11:40:00+05:30,1024.300048828125,1024.5,1023.2000122070312,1024.0,59254.0,yahoo
INFY,5m,2026-09-22T11:45:00+05:30,1024.0999755859375,1024.5,1023.5,1024.199951171875,51940.0,yahoo
INFY,5m,2026-09-22T11:50:00+05:30,1024.0999755859375,1024.5999755859375,1023.7999877929688,1023.7999877929688,45118.0,yahoo
INFY,5m,2026-09-22T11:55:00+05:30,1023.7999877929688,1024.800048828125,1023.5,1024.800048828125,88258.0,yahoo
INFY,5m,2026-09-22T12:00:00+05:30,1024.699951171875,1025.0,1023.5999755859375,1023.7000122070312,122806.0,yahoo
INFY,5m,2026-09-22T12:05:00+05:30,1024.0,1024.5,1023.2000122070312,1024.199951171875,126730.0,yahoo
INFY,5m,2026-09-22T12:10:00+05:30,1024.199951171875,1024.4000244140625,1023.5,1023.7999877929688,71966.0,yahoo
INFY,5m,2026-09-22T12:15:00+05:30,1023.7999877929688,1024.5,1023.5999755859375,1024.199951171875,33426.0,yahoo
INFY,5m,2026-09-22T12:20:00+05:30,1024.4000244140625,1024.5999755859375,1023.5,1023.5,52719.0,yahoo
INFY,5m,2026-09-22T12:25:00+05:30,1023.5,1024.5999755859375,1023.2999877929688,1024.5,49369.0,yahoo
INFY,5m,2026-09-22T12:30:00+05:30,1024.5,1025.4000244140625,1024.0,1025.0999755859375,43435.0,yahoo
INFY,5m,2026-09-22T12:35:00+05:30,1025.0999755859375,1025.199951171875,1024.300048828125,1024.699951171875,39058.0,yahoo
INFY,5m,2026-09-22T12:40:00+05:30,1024.699951171875,1025.0,1024.0,1024.0,41395.0,yahoo
INFY,5m,2026-09-22T12:45:00+05:30,1024.300048828125,1025.5,1024.0,1025.0,55115.0,yahoo
INFY,5m,2026-09-22T12:50:00+05:30,1025.0,1025.300048828125,1024.300048828125,1024.5,57545.0,yahoo
INFY,5m,2026-09-22T12:55:00+05:30,1024.5999755859375,1025.5999755859375,1024.4000244140625,1024.4000244140625,50387.0,yahoo
INFY,5m,2026-09-22T13:00:00+05:30,1024.4000244140625,1025.0999755859375,1024.0,1024.699951171875,54654.0,yahoo
INFY,5m,2026-09-22T13:05:00+05:30,1024.699951171875,1025.699951171875,1024.4000244140625,1025.5,41868.0,yahoo
INFY,5m,2026-09-22T13:10:00+05:30,1025.5,1025.5999755859375,1025.0,1025.300048828125,35032.0,yahoo
INFY,5m,2026-09-22T13:15:00+05:30,1025.4000244140625,1025.800048828125,1025.199951171875,1025.699951171875,42637.0,yahoo
INFY,5m,2026-09-22T13:20:00+05:30,1025.699951171875,1025.9000244140625,1024.699951171875,1024.9000244140625,56705.0,yahoo
INFY,5m,2026-09-22T13:25:00+05:30,1025.199951171875,1026.800048828125,1025.0,1025.9000244140625,62446.0,yahoo
INFY,5m,2026-09-22T13:30:00+05:30,1026.0,1026.0,1025.199951171875,1025.300048828125,34776.0,yahoo
INFY,5m,2026-09-22T13:35:00+05:30,1025.4000244140625,1026.5999755859375,1025.0999755859375,1026.0,50308.0,yahoo
INFY,5m,2026-09-22T13:40:00+05:30,1026.0,1026.9000244140625,1025.800048828125,1026.0999755859375,62194.0,yahoo
INFY,5m,2026-09-22T13:45:00+05:30,1026.0,1026.0,1024.800048828125,1024.800048828125,34531.0,yahoo
INFY,5m,2026-09-22T13:50:00+05:30,1024.800048828125,1025.0999755859375,1023.5,1024.0,56154.0,yahoo
INFY,5m,2026-09-22T13:55:00+05:30,1024.0999755859375,1024.300048828125,1023.5,1024.0999755859375,70875.0,yahoo
INFY,5m,2026-09-22T14:00:00+05:30,1024.199951171875,1024.4000244140625,1023.5,1024.199951171875,68945.0,yahoo
INFY,5m,2026-09-22T14:05:00+05:30,1024.300048828125,1025.5,1023.5999755859375,1025.5,77515.0,yahoo
INFY,5m,2026-09-22T14:10:00+05:30,1025.300048828125,1028.0999755859375,1025.199951171875,1027.800048828125,164758.0,yahoo
INFY,5m,2026-09-22T14:15:00+05:30,1028.699951171875,1029.699951171875,1027.5,1029.0999755859375,190710.0,yahoo
INFY,5m,2026-09-22T14:20:00+05:30,1029.0,1030.199951171875,1027.5,1027.9000244140625,193157.0,yahoo
INFY,5m,2026-09-22T14:25:00+05:30,1027.9000244140625,1029.9000244140625,1027.5,1029.5999755859375,268159.0,yahoo
INFY,5m,2026-09-22T14:30:00+05:30,1029.300048828125,1029.800048828125,1028.0999755859375,1028.5,132388.0,yahoo
INFY,5m,2026-09-22T14:35:00+05:30,1028.5,1028.9000244140625,1027.5,1027.9000244140625,139237.0,yahoo
INFY,5m,2026-09-22T14:40:00+05:30,1028.0,1028.199951171875,1026.800048828125,1027.5999755859375,95567.0,yahoo
INFY,5m,2026-09-22T14:45:00+05:30,1027.5,1028.0999755859375,1027.300048828125,1027.9000244140625,73561.0,yahoo
INFY,5m,2026-09-22T14:50:00+05:30,1028.0999755859375,1028.5,1027.5,1028.0,263239.0,yahoo
INFY,5m,2026-09-22T14:55:00+05:30,1028.0999755859375,1028.199951171875,1027.199951171875,1027.699951171875,158748.0,yahoo
INFY,5m,2026-09-22T15:00:00+05:30,1027.9000244140625,1028.0,1026.4000244140625,1027.0,159762.0,yahoo
INFY,5m,2026-09-22T15:05:00+05:30,1026.9000244140625,1027.5,1025.5,1026.800048828125,504901.0,yahoo
INFY,5m,2026-09-22T15:10:00+05:30,1026.5999755859375,1027.9000244140625,1025.5999755859375,1027.300048828125,361107.0,yahoo
INFY,5m,2026-09-22T15:15:00+05:30,1027.4000244140625,1029.4000244140625,1027.4000244140625,1029.4000244140625,304614.0,yahoo
ITC,5m,2026-09-22T09:15:00+05:30,267.54998779296875,267.70001220703125,267.20001220703125,267.20001220703125,0.0,yahoo
ITC,5m,2026-09-22T09:20:00+05:30,267.04998779296875,267.29998779296875,266.79998779296875,267.25,261336.0,yahoo
ITC,5m,2026-09-22T09:25:00+05:30,267.20001220703125,267.45001220703125,267.0,267.3999938964844,73305.0,yahoo
ITC,5m,2026-09-22T09:30:00+05:30,267.3999938964844,267.45001220703125,267.20001220703125,267.29998779296875,67220.0,yahoo
ITC,5m,2026-09-22T09:35:00+05:30,267.3999938964844,267.3999938964844,267.1499938964844,267.1499938964844,130688.0,yahoo
ITC,5m,2026-09-22T09:40:00+05:30,267.20001220703125,267.45001220703125,267.1000061035156,267.45001220703125,90611.0,yahoo
ITC,5m,2026-09-22T09:45:00+05:30,267.45001220703125,267.54998779296875,267.25,267.29998779296875,88840.0,yahoo
ITC,5m,2026-09-22T09:50:00+05:30,267.29998779296875,267.3999938964844,267.1499938964844,267.29998779296875,118515.0,yahoo
ITC,5m,2026-09-22T09:55:00+05:30,267.29998779296875,267.3999938964844,267.20001220703125,267.3500061035156,67997.0,yahoo
ITC,5m,2026-09-22T10:00:00+05:30,267.3999938964844,267.70001220703125,267.29998779296875,267.45001220703125,94212.0,yahoo
ITC,5m,2026-09-22T10:05:00+05:30,267.5,268.25,267.5,268.0,212388.0,yahoo
ITC,5m,2026-09-22T10:10:00+05:30,267.8500061035156,267.8500061035156,267.45001220703125,267.5,87086.0,yahoo
ITC,5m,2026-09-22T10:15:00+05:30,267.54998779296875,267.6499938964844,267.29998779296875,267.6499938964844,66545.0,yahoo
ITC,5m,2026-09-22T10:20:00+05:30,267.6499938964844,267.70001220703125,267.29998779296875,267.3500061035156,68684.0,yahoo
ITC,5m,2026-09-22T10:25:00+05:30,267.3999938964844,267.3999938964844,267.1000061035156,267.1000061035156,61443.0,yahoo
ITC,5m,2026-09-22T10:30:00+05:30,267.1000061035156,267.20001220703125,267.0,267.1000061035156,69716.0,yahoo
ITC,5m,2026-09-22T10:35:00+05:30,267.1000061035156,267.1000061035156,266.75,266.79998779296875,155712.0,yahoo
ITC,5m,2026-09-22T10:40:00+05:30,266.79998779296875,266.8999938964844,266.20001220703125,266.20001220703125,123575.0,yahoo
ITC,5m,2026-09-22T10:45:00+05:30,266.25,266.45001220703125,266.1000061035156,266.29998779296875,63985.0,yahoo
ITC,5m,2026-09-22T10:50:00+05:30,266.29998779296875,266.54998779296875,266.29998779296875,266.5,71998.0,yahoo
ITC,5m,2026-09-22T10:55:00+05:30,266.6000061035156,266.6499938964844,266.3999938964844,266.5,61907.0,yahoo
ITC,5m,2026-09-22T11:00:00+05:30,266.54998779296875,266.70001220703125,266.3500061035156,266.70001220703125,106013.0,yahoo
ITC,5m,2026-09-22T11:05:00+05:30,266.6000061035156,266.75,266.54998779296875,266.6000061035156,43343.0,yahoo
ITC,5m,2026-09-22T11:10:00+05:30,266.5,266.70001220703125,266.45001220703125,266.6499938964844,71773.0,yahoo
ITC,5m,2026-09-22T11:15:00+05:30,266.6499938964844,266.75,266.54998779296875,266.54998779296875,93310.0,yahoo
ITC,5m,2026-09-22T11:20:00+05:30,266.54998779296875,266.6499938964844,266.3500061035156,266.3999938964844,72194.0,yahoo
ITC,5m,2026-09-22T11:25:00+05:30,266.3999938964844,266.45001220703125,266.29998779296875,266.3500061035156,51106.0,yahoo
ITC,5m,2026-09-22T11:30:00+05:30,266.3999938964844,266.3999938964844,266.20001220703125,266.25,47353.0,yahoo
ITC,5m,2026-09-22T11:35:00+05:30,266.29998779296875,266.3500061035156,266.20001220703125,266.25,64408.0,yahoo
ITC,5m,2026-09-22T11:40:00+05:30,266.25,266.3500061035156,266.1499938964844,266.3500061035156,105824.0,yahoo
ITC,5m,2026-09-22T11:45:00+05:30,266.29998779296875,266.3999938964844,266.25,266.3500061035156,50551.0,yahoo
ITC,5m,2026-09-22T11:50:00+05:30,266.3500061035156,266.3999938964844,266.25,266.3500061035156,65455.0,yahoo
ITC,5m,2026-09-22T11:55:00+05:30,266.25,266.3999938964844,266.20001220703125,266.3500061035156,69271.0,yahoo
ITC,5m,2026-09-22T12:00:00+05:30,266.3500061035156,266.3999938964844,266.20001220703125,266.25,69618.0,yahoo
ITC,5m,2026-09-22T12:05:00+05:30,266.25,266.45001220703125,266.20001220703125,266.3999938964844,40500.0,yahoo
ITC,5m,2026-09-22T12:10:00+05:30,266.3999938964844,266.45001220703125,265.8500061035156,266.1499938964844,232612.0,yahoo
ITC,5m,2026-09-22T12:15:00+05:30,266.25,266.25,265.8999938964844,266.1000061035156,79919.0,yahoo
ITC,5m,2026-09-22T12:20:00+05:30,266.04998779296875,266.20001220703125,265.8999938964844,265.95001220703125,62262.0,yahoo
ITC,5m,2026-09-22T12:25:00+05:30,265.8500061035156,266.04998779296875,265.79998779296875,265.95001220703125,65685.0,yahoo
ITC,5m,2026-09-22T12:30:00+05:30,265.95001220703125,266.04998779296875,265.8500061035156,266.04998779296875,55607.0,yahoo
ITC,5m,2026-09-22T12:35:00+05:30,266.04998779296875,266.1499938964844,265.95001220703125,266.0,43059.0,yahoo
ITC,5m,2026-09-22T12:40:00+05:30,266.04998779296875,266.1499938964844,265.6499938964844,265.75,73940.0,yahoo
ITC,5m,2026-09-22T12:45:00+05:30,265.70001220703125,265.95001220703125,265.54998779296875,265.8500061035156,51364.0,yahoo
ITC,5m,2026-09-22T12:50:00+05:30,265.8500061035156,265.95001220703125,265.6499938964844,265.8500061035156,64907.0,yahoo
ITC,5m,2026-09-22T12:55:00+05:30,265.6499938964844,265.8999938964844,265.6000061035156,265.8999938964844,51611.0,yahoo
ITC,5m,2026-09-22T13:00:00+05:30,265.8999938964844,265.95001220703125,265.70001220703125,265.8999938964844,42547.0,yahoo
ITC,5m,2026-09-22T13:05:00+05:30,265.8999938964844,266.1499938964844,265.79998779296875,265.8999938964844,86771.0,yahoo
ITC,5m,2026-09-22T13:10:00+05:30,265.8999938964844,266.04998779296875,265.75,265.75,43552.0,yahoo
ITC,5m,2026-09-22T13:15:00+05:30,265.8999938964844,265.95001220703125,265.6499938964844,265.79998779296875,51817.0,yahoo
ITC,5m,2026-09-22T13:20:00+05:30,265.79998779296875,265.95001220703125,265.6499938964844,265.95001220703125,43630.0,yahoo
ITC,5m,2026-09-22T13:25:00+05:30,265.95001220703125,265.95001220703125,265.70001220703125,265.8999938964844,35517.0,yahoo
ITC,5m,2026-09-22T13:30:00+05:30,265.8999938964844,265.95001220703125,265.75,265.8999938964844,50692.0,yahoo
ITC,5m,2026-09-22T13:35:00+05:30,265.79998779296875,265.95001220703125,265.5,265.8500061035156,296498.0,yahoo
ITC,5m,2026-09-22T13:40:00+05:30,265.8500061035156,265.8999938964844,265.6499938964844,265.6499938964844,48344.0,yahoo
ITC,5m,2026-09-22T13:45:00+05:30,265.6499938964844,265.70001220703125,265.3999938964844,265.54998779296875,63936.0,yahoo
ITC,5m,2026-09-22T13:50:00+05:30,265.6000061035156,265.6000061035156,265.25,265.3999938964844,63139.0,yahoo
ITC,5m,2026-09-22T13:55:00+05:30,265.3999938964844,265.5,265.20001220703125,265.3999938964844,156481.0,yahoo
ITC,5m,2026-09-22T14:00:00+05:30,265.25,265.29998779296875,265.1000061035156,265.25,91490.0,yahoo
ITC,5m,2026-09-22T14:05:00+05:30,265.25,265.3500061035156,265.1499938964844,265.3500061035156,65122.0,yahoo
ITC,5m,2026-09-22T14:10:00+05:30,265.3500061035156,265.8999938964844,265.25,265.8999938964844,74948.0,yahoo
ITC,5m,2026-09-22T14:15:00+05:30,265.8999938964844,266.1000061035156,265.54998779296875,266.1000061035156,118227.0,yahoo
ITC,5m,2026-09-22T14:20:00+05:30,266.1000061035156,266.3500061035156,266.04998779296875,266.25,192475.0,yahoo
ITC,5m,2026-09-22T14:25:00+05:30,266.25,266.29998779296875,266.0,266.1000061035156,71717.0,yahoo
ITC,5m,2026-09-22T14:30:00+05:30,266.1000061035156,266.1000061035156,265.6000061035156,265.6000061035156,170870.0,yahoo
ITC,5m,2026-09-22T14:35:00+05:30,265.6499938964844,265.8500061035156,265.45001220703125,265.6000061035156,123967.0,yahoo
ITC,5m,2026-09-22T14:40:00+05:30,265.6000061035156,265.6000061035156,265.25,265.3500061035156,90606.0,yahoo
ITC,5m,2026-09-22T14:45:00+05:30,265.3500061035156,265.5,265.25,265.3999938964844,88312.0,yahoo
ITC,5m,2026-09-22T14:50:00+05:30,265.25,265.5,265.25,265.45001220703125,143377.0,yahoo
ITC,5m,2026-09-22T14:55:00+05:30,265.45001220703125,265.6000061035156,265.20001220703125,265.29998779296875,108257.0,yahoo
ITC,5m,2026-09-22T15:00:00+05:30,265.3999938964844,265.5,265.25,265.25,130670.0,yahoo
ITC,5m,2026-09-22T15:05:00+05:30,265.29998779296875,265.3999938964844,265.20001220703125,265.29998779296875,174388.0,yahoo
ITC,5m,2026-09-22T15:10:00+05:30,265.29998779296875,265.6000061035156,264.79998779296875,264.8999938964844,400480.0,yahoo
ITC,5m,2026-09-22T15:15:00+05:30,264.79998779296875,265.79998779296875,264.79998779296875,265.79998779296875,116854.0,yahoo
JIOFIN,5m,2026-09-22T09:15:00+05:30,231.74000549316406,231.74000549316406,230.8699951171875,231.0500030517578,0.0,yahoo
JIOFIN,5m,2026-09-22T09:20:00+05:30,230.9600067138672,231.14999389648438,230.74000549316406,231.0399932861328,170401.0,yahoo
JIOFIN,5m,2026-09-22T09:25:00+05:30,231.0500030517578,231.5500030517578,230.9600067138672,231.5500030517578,239674.0,yahoo
JIOFIN,5m,2026-09-22T09:30:00+05:30,231.5399932861328,231.91000366210938,231.33999633789062,231.74000549316406,218187.0,yahoo
JIOFIN,5m,2026-09-22T09:35:00+05:30,231.8000030517578,231.8000030517578,231.57000732421875,231.67999267578125,91131.0,yahoo
JIOFIN,5m,2026-09-22T09:40:00+05:30,231.64999389648438,233.0,231.64999389648438,233.0,452024.0,yahoo
JIOFIN,5m,2026-09-22T09:45:00+05:30,232.9600067138672,234.0,232.9600067138672,233.30999755859375,461430.0,yahoo
JIOFIN,5m,2026-09-22T09:50:00+05:30,233.30999755859375,233.5500030517578,232.86000061035156,232.94000244140625,208156.0,yahoo
JIOFIN,5m,2026-09-22T09:55:00+05:30,232.9199981689453,233.16000366210938,232.60000610351562,232.60000610351562,630064.0,yahoo
JIOFIN,5m,2026-09-22T10:00:00+05:30,232.7100067138672,232.7100067138672,232.1999969482422,232.5,181841.0,yahoo
JIOFIN,5m,2026-09-22T10:05:00+05:30,232.5,232.64999389648438,232.30999755859375,232.4600067138672,91803.0,yahoo
JIOFIN,5m,2026-09-22T10:10:00+05:30,232.4499969482422,232.60000610351562,232.25999450683594,232.36000061035156,68996.0,yahoo
JIOFIN,5m,2026-09-22T10:15:00+05:30,232.36000061035156,232.36000061035156,232.1999969482422,232.35000610351562,50734.0,yahoo
JIOFIN,5m,2026-09-22T10:20:00+05:30,232.35000610351562,232.35000610351562,231.9199981689453,232.08999633789062,153860.0,yahoo
JIOFIN,5m,2026-09-22T10:25:00+05:30,232.08999633789062,232.08999633789062,231.9199981689453,231.9600067138672,36435.0,yahoo
JIOFIN,5m,2026-09-22T10:30:00+05:30,231.97999572753906,231.97999572753906,231.61000061035156,231.75,105734.0,yahoo
JIOFIN,5m,2026-09-22T10:35:00+05:30,231.6999969482422,231.8300018310547,231.55999755859375,231.75,97179.0,yahoo
JIOFIN,5m,2026-09-22T10:40:00+05:30,231.74000549316406,231.85000610351562,231.24000549316406,231.52000427246094,143349.0,yahoo
JIOFIN,5m,2026-09-22T10:45:00+05:30,231.49000549316406,231.5399932861328,231.35000610351562,231.4499969482422,64243.0,yahoo
JIOFIN,5m,2026-09-22T10:50:00+05:30,231.4600067138672,231.4600067138672,231.0,231.27999877929688,278250.0,yahoo
JIOFIN,5m,2026-09-22T10:55:00+05:30,231.2899932861328,231.2899932861328,231.11000061035156,231.1999969482422,43652.0,yahoo
JIOFIN,5m,2026-09-22T11:00:00+05:30,231.22000122070312,231.22000122070312,230.91000366210938,231.1699981689453,101158.0,yahoo
JIOFIN,5m,2026-09-22T11:05:00+05:30,231.1300048828125,231.14999389648438,231.00999450683594,231.10000610351562,24233.0,yahoo
JIOFIN,5m,2026-09-22T11:10:00+05:30,231.0800018310547,231.10000610351562,230.8300018310547,230.9499969482422,121466.0,yahoo
JIOFIN,5m,2026-09-22T11:15:00+05:30,230.9499969482422,231.11000061035156,230.91000366210938,231.0,93878.0,yahoo
JIOFIN,5m,2026-09-22T11:20:00+05:30,231.0,231.0800018310547,230.9199981689453,231.00999450683594,29233.0,yahoo
JIOFIN,5m,2026-09-22T11:25:00+05:30,231.0399932861328,231.13999938964844,230.9600067138672,231.00999450683594,27524.0,yahoo
JIOFIN,5m,2026-09-22T11:30:00+05:30,231.0,231.0,230.8000030517578,230.80999755859375,50599.0,yahoo
JIOFIN,5m,2026-09-22T11:35:00+05:30,230.75,230.83999633789062,230.60000610351562,230.60000610351562,64669.0,yahoo
JIOFIN,5m,2026-09-22T11:40:00+05:30,230.57000732421875,230.6999969482422,230.57000732421875,230.66000366210938,34430.0,yahoo
JIOFIN,5m,2026-09-22T11:45:00+05:30,230.6300048828125,230.75999450683594,230.57000732421875,230.7100067138672,40190.0,yahoo
JIOFIN,5m,2026-09-22T11:50:00+05:30,230.7100067138672,230.75,230.50999450683594,230.5500030517578,54497.0,yahoo
JIOFIN,5m,2026-09-22T11:55:00+05:30,230.5500030517578,230.60000610351562,230.3300018310547,230.57000732421875,95976.0,yahoo
JIOFIN,5m,2026-09-22T12:00:00+05:30,230.57000732421875,230.69000244140625,230.42999267578125,230.69000244140625,40159.0,yahoo
JIOFIN,5m,2026-09-22T12:05:00+05:30,230.69000244140625,230.8000030517578,230.5500030517578,230.63999938964844,121068.0,yahoo
JIOFIN,5m,2026-09-22T12:10:00+05:30,230.63999938964844,230.63999938964844,230.4199981689453,230.44000244140625,95503.0,yahoo
JIOFIN,5m,2026-09-22T12:15:00+05:30,230.44000244140625,230.4499969482422,230.13999938964844,230.30999755859375,361009.0,yahoo
JIOFIN,5m,2026-09-22T12:20:00+05:30,230.30999755859375,230.47999572753906,230.3000030517578,230.35000610351562,67509.0,yahoo
JIOFIN,5m,2026-09-22T12:25:00+05:30,230.35000610351562,230.60000610351562,230.35000610351562,230.52000427246094,43393.0,yahoo
JIOFIN,5m,2026-09-22T12:30:00+05:30,230.50999450683594,230.57000732421875,230.39999389648438,230.47999572753906,23805.0,yahoo
JIOFIN,5m,2026-09-22T12:35:00+05:30,230.47999572753906,230.49000549316406,230.36000061035156,230.42999267578125,25639.0,yahoo
JIOFIN,5m,2026-09-22T12:40:00+05:30,230.36000061035156,230.4199981689453,230.1999969482422,230.1999969482422,70312.0,yahoo
JIOFIN,5m,2026-09-22T12:45:00+05:30,230.22999572753906,230.22999572753906,230.0399932861328,230.10000610351562,70686.0,yahoo
JIOFIN,5m,2026-09-22T12:50:00+05:30,230.10000610351562,230.1999969482422,230.00999450683594,230.1999969482422,65554.0,yahoo
JIOFIN,5m,2026-09-22T12:55:00+05:30,230.0500030517578,230.13999938964844,230.0,230.02000427246094,61894.0,yahoo
JIOFIN,5m,2026-09-22T13:00:00+05:30,230.02000427246094,230.1999969482422,229.85000610351562,230.10000610351562,100991.0,yahoo
JIOFIN,5m,2026-09-22T13:05:00+05:30,230.05999755859375,230.1999969482422,230.00999450683594,230.0800018310547,31711.0,yahoo
JIOFIN,5m,2026-09-22T13:10:00+05:30,230.0800018310547,230.16000366210938,230.0,230.0800018310547,62106.0,yahoo
JIOFIN,5m,2026-09-22T13:15:00+05:30,230.02999877929688,230.14999389648438,229.89999389648438,229.92999267578125,64491.0,yahoo
JIOFIN,5m,2026-09-22T13:20:00+05:30,229.99000549316406,229.99000549316406,229.85000610351562,229.9600067138672,37792.0,yahoo
JIOFIN,5m,2026-09-22T13:25:00+05:30,229.9600067138672,230.0500030517578,229.9499969482422,229.9499969482422,29945.0,yahoo
JIOFIN,5m,2026-09-22T13:30:00+05:30,230.0,230.0500030517578,229.9499969482422,230.0500030517578,37458.0,yahoo
JIOFIN,5m,2026-09-22T13:35:00+05:30,230.02999877929688,230.13999938964844,230.00999450683594,230.0500030517578,46445.0,yahoo
JIOFIN,5m,2026-09-22T13:40:00+05:30,230.0500030517578,230.10000610351562,230.02000427246094,230.02000427246094,30437.0,yahoo
JIOFIN,5m,2026-09-22T13:45:00+05:30,229.97999572753906,230.0,229.80999755859375,229.85000610351562,107697.0,yahoo
JIOFIN,5m,2026-09-22T13:50:00+05:30,229.89999389648438,229.9199981689453,229.52999877929688,229.5800018310547,97675.0,yahoo
JIOFIN,5m,2026-09-22T13:55:00+05:30,229.60000610351562,229.6999969482422,229.52000427246094,229.60000610351562,84876.0,yahoo
JIOFIN,5m,2026-09-22T14:00:00+05:30,229.5500030517578,229.6199951171875,229.39999389648438,229.60000610351562,63766.0,yahoo
JIOFIN,5m,2026-09-22T14:05:00+05:30,229.5800018310547,229.60000610351562,229.33999633789062,229.60000610351562,92708.0,yahoo
JIOFIN,5m,2026-09-22T14:10:00+05:30,229.49000549316406,230.25,229.49000549316406,230.25,105774.0,yahoo
JIOFIN,5m,2026-09-22T14:15:00+05:30,230.3300018310547,230.5,230.02000427246094,230.22000122070312,109574.0,yahoo
JIOFIN,5m,2026-09-22T14:20:00+05:30,230.27999877929688,230.60000610351562,230.27999877929688,230.5,146957.0,yahoo
JIOFIN,5m,2026-09-22T14:25:00+05:30,230.5,230.75,230.5,230.67999267578125,280485.0,yahoo
JIOFIN,5m,2026-09-22T14:30:00+05:30,230.74000549316406,230.75,230.60000610351562,230.6199951171875,107878.0,yahoo
JIOFIN,5m,2026-09-22T14:35:00+05:30,230.60000610351562,230.85000610351562,230.5,230.5,91121.0,yahoo
JIOFIN,5m,2026-09-22T14:40:00+05:30,230.52000427246094,230.60000610351562,230.30999755859375,230.3699951171875,59135.0,yahoo
JIOFIN,5m,2026-09-22T14:45:00+05:30,230.3699951171875,230.44000244140625,230.30999755859375,230.30999755859375,35757.0,yahoo
JIOFIN,5m,2026-09-22T14:50:00+05:30,230.2899932861328,230.44000244140625,230.25,230.33999633789062,102861.0,yahoo
JIOFIN,5m,2026-09-22T14:55:00+05:30,230.33999633789062,230.35000610351562,230.00999450683594,230.02999877929688,115033.0,yahoo
JIOFIN,5m,2026-09-22T15:00:00+05:30,230.0500030517578,230.10000610351562,229.99000549316406,230.0500030517578,141760.0,yahoo
JIOFIN,5m,2026-09-22T15:05:00+05:30,230.0,230.08999633789062,229.8699951171875,229.8699951171875,137294.0,yahoo
JIOFIN,5m,2026-09-22T15:10:00+05:30,229.88999938964844,230.10000610351562,229.88999938964844,230.0,243301.0,yahoo
JIOFIN,5m,2026-09-22T15:15:00+05:30,229.97999572753906,230.6999969482422,229.97999572753906,230.6999969482422,109803.0,yahoo
JSWENERGY,5m,2026-09-22T09:15:00+05:30,518.9500122070312,520.8499755859375,518.2999877929688,519.5499877929688,0.0,yahoo
JSWENERGY,5m,2026-09-22T09:20:00+05:30,519.7000122070312,520.1500244140625,519.0,519.5,12104.0,yahoo
JSWENERGY,5m,2026-09-22T09:25:00+05:30,519.0499877929688,519.0499877929688,518.0499877929688,518.75,5933.0,yahoo
JSWENERGY,5m,2026-09-22T09:30:00+05:30,518.5499877929688,519.4500122070312,518.0499877929688,518.0999755859375,6278.0,yahoo
JSWENERGY,5m,2026-09-22T09:35:00+05:30,518.3499755859375,518.6500244140625,517.9000244140625,517.9000244140625,7061.0,yahoo
JSWENERGY,5m,2026-09-22T09:40:00+05:30,517.7000122070312,518.3499755859375,517.5999755859375,517.5999755859375,5514.0,yahoo
JSWENERGY,5m,2026-09-22T09:45:00+05:30,517.5999755859375,517.9500122070312,517.3499755859375,517.9000244140625,4540.0,yahoo
JSWENERGY,5m,2026-09-22T09:50:00+05:30,517.9000244140625,517.9500122070312,517.5499877929688,517.75,10091.0,yahoo
JSWENERGY,5m,2026-09-22T09:55:00+05:30,517.5499877929688,517.6500244140625,517.0499877929688,517.0999755859375,4775.0,yahoo
JSWENERGY,5m,2026-09-22T10:00:00+05:30,517.0999755859375,517.7000122070312,517.0999755859375,517.3499755859375,6257.0,yahoo
JSWENERGY,5m,2026-09-22T10:05:00+05:30,517.3499755859375,517.7999877929688,517.2000122070312,517.5,4148.0,yahoo
JSWENERGY,5m,2026-09-22T10:10:00+05:30,517.5,517.5,516.7000122070312,517.0999755859375,6631.0,yahoo
JSWENERGY,5m,2026-09-22T10:15:00+05:30,516.75,516.75,516.2999877929688,516.2999877929688,5024.0,yahoo
JSWENERGY,5m,2026-09-22T10:20:00+05:30,516.25,518.0,516.0,517.0,12638.0,yahoo
JSWENERGY,5m,2026-09-22T10:25:00+05:30,517.0,517.75,516.7000122070312,517.5,5119.0,yahoo
JSWENERGY,5m,2026-09-22T10:30:00+05:30,517.2999877929688,519.0499877929688,517.0,518.2999877929688,9397.0,yahoo
JSWENERGY,5m,2026-09-22T10:35:00+05:30,518.2999877929688,518.3499755859375,518.0499877929688,518.1500244140625,4117.0,yahoo
JSWENERGY,5m,2026-09-22T10:40:00+05:30,518.2000122070312,518.25,517.4000244140625,517.8499755859375,6055.0,yahoo
JSWENERGY,5m,2026-09-22T10:45:00+05:30,517.5,517.9500122070312,517.0999755859375,517.5999755859375,5108.0,yahoo
JSWENERGY,5m,2026-09-22T10:50:00+05:30,517.5999755859375,519.2999877929688,517.5999755859375,519.2999877929688,17303.0,yahoo
JSWENERGY,5m,2026-09-22T10:55:00+05:30,519.5999755859375,519.8499755859375,519.0999755859375,519.3499755859375,11021.0,yahoo
JSWENERGY,5m,2026-09-22T11:00:00+05:30,519.3499755859375,520.3499755859375,519.3499755859375,519.4000244140625,12685.0,yahoo
JSWENERGY,5m,2026-09-22T11:05:00+05:30,519.4500122070312,520.2000122070312,519.4500122070312,520.2000122070312,4888.0,yahoo
JSWENERGY,5m,2026-09-22T11:10:00+05:30,520.2000122070312,520.2000122070312,519.75,519.7999877929688,12329.0,yahoo
JSWENERGY,5m,2026-09-22T11:15:00+05:30,519.9500122070312,519.9500122070312,519.2000122070312,519.7000122070312,12948.0,yahoo
JSWENERGY,5m,2026-09-22T11:20:00+05:30,519.5999755859375,520.25,519.5,520.0,6231.0,yahoo
JSWENERGY,5m,2026-09-22T11:25:00+05:30,520.0,521.25,520.0,521.0499877929688,8460.0,yahoo
JSWENERGY,5m,2026-09-22T11:30:00+05:30,520.7000122070312,521.0,519.0,519.0,32294.0,yahoo
JSWENERGY,5m,2026-09-22T11:35:00+05:30,519.0,519.5,519.0,519.1500244140625,39138.0,yahoo
JSWENERGY,5m,2026-09-22T11:40:00+05:30,519.1500244140625,521.0,519.0,520.25,54219.0,yahoo
JSWENERGY,5m,2026-09-22T11:45:00+05:30,520.25,521.5999755859375,520.0999755859375,521.5,15464.0,yahoo
JSWENERGY,5m,2026-09-22T11:50:00+05:30,521.75,521.7999877929688,521.4000244140625,521.7000122070312,13005.0,yahoo
JSWENERGY,5m,2026-09-22T11:55:00+05:30,521.7000122070312,522.0499877929688,520.0,520.9500122070312,83242.0,yahoo
JSWENERGY,5m,2026-09-22T12:00:00+05:30,521.0499877929688,521.5,521.0,521.25,34027.0,yahoo
JSWENERGY,5m,2026-09-22T12:05:00+05:30,521.25,521.25,520.6500244140625,521.0,7256.0,yahoo
JSWENERGY,5m,2026-09-22T12:10:00+05:30,521.0,521.25,519.8499755859375,520.2000122070312,78209.0,yahoo
JSWENERGY,5m,2026-09-22T12:15:00+05:30,520.0499877929688,520.7999877929688,520.0499877929688,520.7999877929688,5899.0,yahoo
JSWENERGY,5m,2026-09-22T12:20:00+05:30,520.8499755859375,520.8499755859375,520.2000122070312,520.5,4826.0,yahoo
JSWENERGY,5m,2026-09-22T12:25:00+05:30,520.5,521.0,520.25,520.7999877929688,7967.0,yahoo
JSWENERGY,5m,2026-09-22T12:30:00+05:30,520.7999877929688,520.8499755859375,520.1500244140625,520.8499755859375,6786.0,yahoo
JSWENERGY,5m,2026-09-22T12:35:00+05:30,520.9500122070312,521.25,520.7999877929688,521.25,8957.0,yahoo
JSWENERGY,5m,2026-09-22T12:40:00+05:30,521.4000244140625,521.6500244140625,520.6500244140625,521.0,10785.0,yahoo
JSWENERGY,5m,2026-09-22T12:45:00+05:30,521.0,521.0,520.5,520.5499877929688,3951.0,yahoo
JSWENERGY,5m,2026-09-22T12:50:00+05:30,520.5499877929688,520.6500244140625,520.25,520.5999755859375,4972.0,yahoo
JSWENERGY,5m,2026-09-22T12:55:00+05:30,520.5499877929688,520.5999755859375,520.25,520.4500122070312,5943.0,yahoo
JSWENERGY,5m,2026-09-22T13:00:00+05:30,520.4000244140625,520.5,519.5,520.4000244140625,9535.0,yahoo
JSWENERGY,5m,2026-09-22T13:05:00+05:30,520.4000244140625,520.5,520.0499877929688,520.25,8135.0,yahoo
JSWENERGY,5m,2026-09-22T13:10:00+05:30,520.25,520.5,519.5499877929688,520.5,15747.0,yahoo
JSWENERGY,5m,2026-09-22T13:15:00+05:30,520.7999877929688,520.8499755859375,520.0499877929688,520.5,6859.0,yahoo
JSWENERGY,5m,2026-09-22T13:20:00+05:30,520.4500122070312,520.5499877929688,519.75,520.5,11543.0,yahoo
JSWENERGY,5m,2026-09-22T13:25:00+05:30,520.5,520.7000122070312,520.25,520.5999755859375,10264.0,yahoo
JSWENERGY,5m,2026-09-22T13:30:00+05:30,520.5999755859375,520.6500244140625,520.0499877929688,520.3499755859375,4539.0,yahoo
JSWENERGY,5m,2026-09-22T13:35:00+05:30,520.2999877929688,520.4000244140625,519.7000122070312,520.0999755859375,4313.0,yahoo
JSWENERGY,5m,2026-09-22T13:40:00+05:30,520.0999755859375,520.3499755859375,519.8499755859375,520.2999877929688,6414.0,yahoo
JSWENERGY,5m,2026-09-22T13:45:00+05:30,520.0999755859375,520.2000122070312,519.4500122070312,519.6500244140625,4655.0,yahoo
JSWENERGY,5m,2026-09-22T13:50:00+05:30,519.7000122070312,519.7000122070312,518.9500122070312,519.3499755859375,6156.0,yahoo
JSWENERGY,5m,2026-09-22T13:55:00+05:30,519.4000244140625,519.75,519.4000244140625,519.5499877929688,3470.0,yahoo
JSWENERGY,5m,2026-09-22T14:00:00+05:30,519.5499877929688,519.7999877929688,518.8499755859375,519.7999877929688,8456.0,yahoo
JSWENERGY,5m,2026-09-22T14:05:00+05:30,519.7999877929688,520.0,519.4000244140625,520.0,5101.0,yahoo
JSWENERGY,5m,2026-09-22T14:10:00+05:30,520.0499877929688,521.0,520.0,521.0,8831.0,yahoo
JSWENERGY,5m,2026-09-22T14:15:00+05:30,521.4500122070312,521.4500122070312,520.4500122070312,520.4500122070312,8200.0,yahoo
JSWENERGY,5m,2026-09-22T14:20:00+05:30,520.75,521.0,520.5999755859375,520.7999877929688,14197.0,yahoo
JSWENERGY,5m,2026-09-22T14:25:00+05:30,520.7000122070312,520.9500122070312,520.6500244140625,520.6500244140625,5037.0,yahoo
JSWENERGY,5m,2026-09-22T14:30:00+05:30,520.5999755859375,520.7999877929688,520.2999877929688,520.5,6593.0,yahoo
JSWENERGY,5m,2026-09-22T14:35:00+05:30,520.5999755859375,520.8499755859375,519.8499755859375,519.9500122070312,13328.0,yahoo
JSWENERGY,5m,2026-09-22T14:40:00+05:30,520.0,520.25,519.7000122070312,520.0,9713.0,yahoo
JSWENERGY,5m,2026-09-22T14:45:00+05:30,520.0999755859375,520.5,519.9000244140625,520.3499755859375,12752.0,yahoo
JSWENERGY,5m,2026-09-22T14:50:00+05:30,520.1500244140625,520.4000244140625,519.75,520.2999877929688,22731.0,yahoo
JSWENERGY,5m,2026-09-22T14:55:00+05:30,520.2000122070312,520.5,519.5999755859375,520.0,27607.0,yahoo
JSWENERGY,5m,2026-09-22T15:00:00+05:30,518.75,518.75,517.25,517.5999755859375,44164.0,yahoo
JSWENERGY,5m,2026-09-22T15:05:00+05:30,517.8499755859375,518.4000244140625,517.5999755859375,517.7000122070312,47155.0,yahoo
JSWENERGY,5m,2026-09-22T15:10:00+05:30,517.7999877929688,518.0,515.3499755859375,515.3499755859375,79904.0,yahoo
JSWENERGY,5m,2026-09-22T15:15:00+05:30,516.0499877929688,518.0,516.0499877929688,518.0,15265.0,yahoo
JSWSTEEL,5m,2026-09-22T09:15:00+05:30,1274.699951171875,1275.9000244140625,1272.199951171875,1273.0,0.0,yahoo
JSWSTEEL,5m,2026-09-22T09:20:00+05:30,1273.4000244140625,1273.4000244140625,1271.0,1273.199951171875,3861.0,yahoo
JSWSTEEL,5m,2026-09-22T09:25:00+05:30,1272.699951171875,1272.9000244140625,1270.0,1270.0,5037.0,yahoo
JSWSTEEL,5m,2026-09-22T09:30:00+05:30,1270.0,1270.0,1266.0999755859375,1267.199951171875,8909.0,yahoo
JSWSTEEL,5m,2026-09-22T09:35:00+05:30,1266.9000244140625,1270.0,1266.9000244140625,1270.0,3539.0,yahoo
JSWSTEEL,5m,2026-09-22T09:40:00+05:30,1269.5999755859375,1270.800048828125,1269.0999755859375,1270.0,6332.0,yahoo
JSWSTEEL,5m,2026-09-22T09:45:00+05:30,1270.0,1270.800048828125,1269.199951171875,1269.9000244140625,3272.0,yahoo
JSWSTEEL,5m,2026-09-22T09:50:00+05:30,1270.5,1270.5,1268.9000244140625,1268.9000244140625,4247.0,yahoo
JSWSTEEL,5m,2026-09-22T09:55:00+05:30,1268.9000244140625,1268.9000244140625,1266.4000244140625,1266.4000244140625,3335.0,yahoo
JSWSTEEL,5m,2026-09-22T10:00:00+05:30,1266.4000244140625,1267.699951171875,1266.4000244140625,1267.300048828125,1631.0,yahoo
JSWSTEEL,5m,2026-09-22T10:05:00+05:30,1267.4000244140625,1267.9000244140625,1266.5999755859375,1267.0,3240.0,yahoo
JSWSTEEL,5m,2026-09-22T10:10:00+05:30,1267.199951171875,1268.4000244140625,1267.0,1268.0,1605.0,yahoo
JSWSTEEL,5m,2026-09-22T10:15:00+05:30,1268.0999755859375,1268.699951171875,1266.800048828125,1267.5999755859375,4632.0,yahoo
JSWSTEEL,5m,2026-09-22T10:20:00+05:30,1268.300048828125,1272.5999755859375,1267.5999755859375,1272.5999755859375,8671.0,yahoo
JSWSTEEL,5m,2026-09-22T10:25:00+05:30,1272.0999755859375,1273.4000244140625,1272.0999755859375,1273.300048828125,8903.0,yahoo
JSWSTEEL,5m,2026-09-22T10:30:00+05:30,1273.199951171875,1273.5,1271.5999755859375,1272.5999755859375,12012.0,yahoo
JSWSTEEL,5m,2026-09-22T10:35:00+05:30,1272.5999755859375,1273.5,1272.0999755859375,1273.300048828125,8212.0,yahoo
JSWSTEEL,5m,2026-09-22T10:40:00+05:30,1273.0999755859375,1273.800048828125,1271.800048828125,1272.5,10030.0,yahoo
JSWSTEEL,5m,2026-09-22T10:45:00+05:30,1272.5,1273.800048828125,1272.0999755859375,1272.9000244140625,9419.0,yahoo
JSWSTEEL,5m,2026-09-22T10:50:00+05:30,1272.800048828125,1272.800048828125,1271.4000244140625,1272.699951171875,9993.0,yahoo
JSWSTEEL,5m,2026-09-22T10:55:00+05:30,1272.9000244140625,1273.300048828125,1271.4000244140625,1272.0999755859375,9659.0,yahoo
JSWSTEEL,5m,2026-09-22T11:00:00+05:30,1271.699951171875,1272.0999755859375,1269.699951171875,1270.0,8691.0,yahoo
JSWSTEEL,5m,2026-09-22T11:05:00+05:30,1270.5999755859375,1271.5999755859375,1270.0,1271.5999755859375,6255.0,yahoo
JSWSTEEL,5m,2026-09-22T11:10:00+05:30,1271.5999755859375,1272.300048828125,1270.699951171875,1271.5,10555.0,yahoo
JSWSTEEL,5m,2026-09-22T11:15:00+05:30,1271.5,1271.5,1269.4000244140625,1270.4000244140625,42663.0,yahoo
JSWSTEEL,5m,2026-09-22T11:20:00+05:30,1270.0,1271.5,1269.9000244140625,1271.5,34542.0,yahoo
JSWSTEEL,5m,2026-09-22T11:25:00+05:30,1271.0999755859375,1271.9000244140625,1270.800048828125,1271.9000244140625,9054.0,yahoo
JSWSTEEL,5m,2026-09-22T11:30:00+05:30,1271.9000244140625,1271.9000244140625,1270.199951171875,1270.199951171875,6469.0,yahoo
JSWSTEEL,5m,2026-09-22T11:35:00+05:30,1270.4000244140625,1275.0,1270.0,1273.9000244140625,17235.0,yahoo
JSWSTEEL,5m,2026-09-22T11:40:00+05:30,1273.9000244140625,1274.5,1273.199951171875,1274.300048828125,9629.0,yahoo
JSWSTEEL,5m,2026-09-22T11:45:00+05:30,1274.800048828125,1274.9000244140625,1270.5,1271.199951171875,20615.0,yahoo
JSWSTEEL,5m,2026-09-22T11:50:00+05:30,1271.0999755859375,1271.4000244140625,1269.300048828125,1270.5999755859375,24487.0,yahoo
JSWSTEEL,5m,2026-09-22T11:55:00+05:30,1270.800048828125,1271.5999755859375,1270.199951171875,1271.5999755859375,7790.0,yahoo
JSWSTEEL,5m,2026-09-22T12:00:00+05:30,1271.300048828125,1272.0,1270.800048828125,1271.9000244140625,14253.0,yahoo
JSWSTEEL,5m,2026-09-22T12:05:00+05:30,1271.699951171875,1272.699951171875,1271.5999755859375,1272.0,19061.0,yahoo
JSWSTEEL,5m,2026-09-22T12:10:00+05:30,1272.0,1273.699951171875,1271.5999755859375,1273.699951171875,14301.0,yahoo
JSWSTEEL,5m,2026-09-22T12:15:00+05:30,1273.300048828125,1275.0,1273.199951171875,1275.0,6638.0,yahoo
JSWSTEEL,5m,2026-09-22T12:20:00+05:30,1275.0,1275.0,1273.199951171875,1273.300048828125,8741.0,yahoo
JSWSTEEL,5m,2026-09-22T12:25:00+05:30,1273.5999755859375,1274.0,1272.9000244140625,1274.0,8576.0,yahoo
JSWSTEEL,5m,2026-09-22T12:30:00+05:30,1274.0,1274.0,1272.9000244140625,1273.699951171875,7051.0,yahoo
JSWSTEEL,5m,2026-09-22T12:35:00+05:30,1273.5,1273.9000244140625,1272.699951171875,1273.300048828125,8569.0,yahoo
JSWSTEEL,5m,2026-09-22T12:40:00+05:30,1273.4000244140625,1273.4000244140625,1272.0,1272.0,8318.0,yahoo
JSWSTEEL,5m,2026-09-22T12:45:00+05:30,1272.0,1272.0999755859375,1270.5999755859375,1271.9000244140625,7867.0,yahoo
JSWSTEEL,5m,2026-09-22T12:50:00+05:30,1271.800048828125,1272.4000244140625,1269.5,1269.5,22628.0,yahoo
JSWSTEEL,5m,2026-09-22T12:55:00+05:30,1269.300048828125,1271.0,1268.0999755859375,1271.0,15810.0,yahoo
JSWSTEEL,5m,2026-09-22T13:00:00+05:30,1271.0999755859375,1271.5,1270.199951171875,1271.0999755859375,27258.0,yahoo
JSWSTEEL,5m,2026-09-22T13:05:00+05:30,1270.699951171875,1271.699951171875,1270.0,1271.5,9672.0,yahoo
JSWSTEEL,5m,2026-09-22T13:10:00+05:30,1271.699951171875,1272.0999755859375,1270.4000244140625,1270.5,8305.0,yahoo
JSWSTEEL,5m,2026-09-22T13:15:00+05:30,1270.5,1271.300048828125,1270.199951171875,1271.0,7082.0,yahoo
JSWSTEEL,5m,2026-09-22T13:20:00+05:30,1270.5,1270.9000244140625,1268.5,1269.5,9056.0,yahoo
JSWSTEEL,5m,2026-09-22T13:25:00+05:30,1269.0999755859375,1269.699951171875,1267.0999755859375,1268.300048828125,7933.0,yahoo
JSWSTEEL,5m,2026-09-22T13:30:00+05:30,1268.199951171875,1269.699951171875,1268.199951171875,1269.5,6363.0,yahoo
JSWSTEEL,5m,2026-09-22T13:35:00+05:30,1269.5,1269.699951171875,1267.800048828125,1268.699951171875,9914.0,yahoo
JSWSTEEL,5m,2026-09-22T13:40:00+05:30,1268.300048828125,1269.4000244140625,1268.0,1268.300048828125,9176.0,yahoo
JSWSTEEL,5m,2026-09-22T13:45:00+05:30,1268.199951171875,1268.4000244140625,1265.199951171875,1266.9000244140625,26966.0,yahoo
JSWSTEEL,5m,2026-09-22T13:50:00+05:30,1267.0999755859375,1267.0999755859375,1265.5,1266.5,6928.0,yahoo
JSWSTEEL,5m,2026-09-22T13:55:00+05:30,1266.699951171875,1267.4000244140625,1265.800048828125,1266.5999755859375,10153.0,yahoo
JSWSTEEL,5m,2026-09-22T14:00:00+05:30,1266.5999755859375,1267.5,1265.0,1266.9000244140625,10438.0,yahoo
JSWSTEEL,5m,2026-09-22T14:05:00+05:30,1266.5,1267.9000244140625,1265.800048828125,1267.9000244140625,6054.0,yahoo
JSWSTEEL,5m,2026-09-22T14:10:00+05:30,1267.9000244140625,1271.5,1266.5,1271.5,17478.0,yahoo
JSWSTEEL,5m,2026-09-22T14:15:00+05:30,1272.199951171875,1273.5,1271.0999755859375,1272.699951171875,13972.0,yahoo
JSWSTEEL,5m,2026-09-22T14:20:00+05:30,1273.0,1274.199951171875,1271.9000244140625,1271.9000244140625,14631.0,yahoo
JSWSTEEL,5m,2026-09-22T14:25:00+05:30,1272.0999755859375,1273.0,1271.5,1272.699951171875,8489.0,yahoo
JSWSTEEL,5m,2026-09-22T14:30:00+05:30,1272.5999755859375,1272.9000244140625,1271.199951171875,1271.699951171875,8612.0,yahoo
JSWSTEEL,5m,2026-09-22T14:35:00+05:30,1272.199951171875,1272.5999755859375,1271.4000244140625,1272.0,11003.0,yahoo
JSWSTEEL,5m,2026-09-22T14:40:00+05:30,1272.0,1272.0,1269.699951171875,1270.5999755859375,11711.0,yahoo
JSWSTEEL,5m,2026-09-22T14:45:00+05:30,1270.5999755859375,1271.9000244140625,1270.5999755859375,1271.5999755859375,8436.0,yahoo
JSWSTEEL,5m,2026-09-22T14:50:00+05:30,1270.9000244140625,1272.0999755859375,1269.5,1270.5999755859375,23085.0,yahoo
JSWSTEEL,5m,2026-09-22T14:55:00+05:30,1270.9000244140625,1271.0999755859375,1268.300048828125,1268.4000244140625,22341.0,yahoo
JSWSTEEL,5m,2026-09-22T15:00:00+05:30,1268.0,1268.0,1266.300048828125,1266.5999755859375,17006.0,yahoo
JSWSTEEL,5m,2026-09-22T15:05:00+05:30,1266.800048828125,1268.300048828125,1266.199951171875,1268.300048828125,20241.0,yahoo
JSWSTEEL,5m,2026-09-22T15:10:00+05:30,1268.199951171875,1269.4000244140625,1264.699951171875,1267.0,66162.0,yahoo
KOTAKBANK,5m,2026-09-22T09:15:00+05:30,417.0,417.0,415.6499938964844,415.8999938964844,0.0,yahoo
KOTAKBANK,5m,2026-09-22T09:20:00+05:30,415.8500061035156,416.20001220703125,415.3500061035156,415.6000061035156,80683.0,yahoo
KOTAKBANK,5m,2026-09-22T09:25:00+05:30,415.6000061035156,416.8500061035156,415.6000061035156,416.6000061035156,22395.0,yahoo
KOTAKBANK,5m,2026-09-22T09:30:00+05:30,416.6499938964844,417.1000061035156,415.29998779296875,415.3999938964844,118208.0,yahoo
KOTAKBANK,5m,2026-09-22T09:35:00+05:30,415.45001220703125,415.6000061035156,415.0,415.0,38138.0,yahoo
KOTAKBANK,5m,2026-09-22T09:40:00+05:30,415.04998779296875,416.04998779296875,414.75,416.04998779296875,48191.0,yahoo
KOTAKBANK,5m,2026-09-22T09:45:00+05:30,416.1000061035156,416.75,415.8500061035156,416.3999938964844,445890.0,yahoo
KOTAKBANK,5m,2026-09-22T09:50:00+05:30,416.3500061035156,416.54998779296875,415.6000061035156,415.6000061035156,111969.0,yahoo
KOTAKBANK,5m,2026-09-22T09:55:00+05:30,415.6499938964844,415.8999938964844,415.3999938964844,415.8999938964844,63800.0,yahoo
KOTAKBANK,5m,2026-09-22T10:00:00+05:30,415.8500061035156,416.20001220703125,415.6499938964844,415.75,41799.0,yahoo
KOTAKBANK,5m,2026-09-22T10:05:00+05:30,415.75,415.79998779296875,415.1000061035156,415.45001220703125,55225.0,yahoo
KOTAKBANK,5m,2026-09-22T10:10:00+05:30,415.5,415.6000061035156,415.25,415.5,31757.0,yahoo
KOTAKBANK,5m,2026-09-22T10:15:00+05:30,415.45001220703125,415.45001220703125,415.1000061035156,415.29998779296875,30590.0,yahoo
KOTAKBANK,5m,2026-09-22T10:20:00+05:30,415.25,415.5,414.95001220703125,415.1499938964844,142964.0,yahoo
KOTAKBANK,5m,2026-09-22T10:25:00+05:30,415.1499938964844,415.29998779296875,415.0,415.04998779296875,35075.0,yahoo
KOTAKBANK,5m,2026-09-22T10:30:00+05:30,415.1000061035156,415.1000061035156,414.6000061035156,414.95001220703125,26661.0,yahoo
KOTAKBANK,5m,2026-09-22T10:35:00+05:30,415.0,415.1000061035156,414.6499938964844,415.1000061035156,97736.0,yahoo
KOTAKBANK,5m,2026-09-22T10:40:00+05:30,415.25,415.45001220703125,414.95001220703125,415.0,33671.0,yahoo
KOTAKBANK,5m,2026-09-22T10:45:00+05:30,415.0,415.0,414.25,414.25,81160.0,yahoo
KOTAKBANK,5m,2026-09-22T10:50:00+05:30,414.29998779296875,414.29998779296875,413.79998779296875,414.1499938964844,69444.0,yahoo
KOTAKBANK,5m,2026-09-22T10:55:00+05:30,414.1499938964844,414.45001220703125,414.1499938964844,414.20001220703125,22602.0,yahoo
KOTAKBANK,5m,2026-09-22T11:00:00+05:30,414.3500061035156,414.3500061035156,413.8999938964844,413.8999938964844,37149.0,yahoo
KOTAKBANK,5m,2026-09-22T11:05:00+05:30,413.95001220703125,414.29998779296875,413.8999938964844,414.04998779296875,43468.0,yahoo
KOTAKBANK,5m,2026-09-22T11:10:00+05:30,414.0,414.79998779296875,414.0,414.79998779296875,21418.0,yahoo
KOTAKBANK,5m,2026-09-22T11:15:00+05:30,414.79998779296875,414.79998779296875,414.29998779296875,414.3500061035156,50869.0,yahoo
KOTAKBANK,5m,2026-09-22T11:20:00+05:30,414.29998779296875,414.3999938964844,414.04998779296875,414.3999938964844,15218.0,yahoo
KOTAKBANK,5m,2026-09-22T11:25:00+05:30,414.25,414.5,414.1499938964844,414.1499938964844,24584.0,yahoo
KOTAKBANK,5m,2026-09-22T11:30:00+05:30,414.1499938964844,414.25,413.8500061035156,414.0,15328.0,yahoo
KOTAKBANK,5m,2026-09-22T11:35:00+05:30,413.95001220703125,414.1000061035156,413.79998779296875,414.0,16086.0,yahoo
KOTAKBANK,5m,2026-09-22T11:40:00+05:30,414.0,414.3999938964844,414.0,414.04998779296875,23092.0,yahoo
KOTAKBANK,5m,2026-09-22T11:45:00+05:30,414.04998779296875,414.1499938964844,413.6499938964844,413.70001220703125,26069.0,yahoo
KOTAKBANK,5m,2026-09-22T11:50:00+05:30,413.75,413.79998779296875,413.5,413.6000061035156,32339.0,yahoo
KOTAKBANK,5m,2026-09-22T11:55:00+05:30,413.6000061035156,414.29998779296875,413.5,414.1000061035156,26670.0,yahoo
KOTAKBANK,5m,2026-09-22T12:00:00+05:30,414.1499938964844,414.25,413.95001220703125,414.1499938964844,14888.0,yahoo
KOTAKBANK,5m,2026-09-22T12:05:00+05:30,414.1000061035156,414.3999938964844,414.04998779296875,414.25,78286.0,yahoo
KOTAKBANK,5m,2026-09-22T12:10:00+05:30,414.20001220703125,414.3500061035156,414.0,414.1499938964844,16531.0,yahoo
KOTAKBANK,5m,2026-09-22T12:15:00+05:30,414.1499938964844,414.5,414.0,414.29998779296875,19328.0,yahoo
KOTAKBANK,5m,2026-09-22T12:20:00+05:30,414.29998779296875,414.54998779296875,414.1499938964844,414.1499938964844,18709.0,yahoo
KOTAKBANK,5m,2026-09-22T12:25:00+05:30,414.20001220703125,414.79998779296875,414.20001220703125,414.6000061035156,39321.0,yahoo
KOTAKBANK,5m,2026-09-22T12:30:00+05:30,414.5,414.54998779296875,414.20001220703125,414.54998779296875,31497.0,yahoo
KOTAKBANK,5m,2026-09-22T12:35:00+05:30,414.6000061035156,414.6499938964844,414.1000061035156,414.20001220703125,18346.0,yahoo
KOTAKBANK,5m,2026-09-22T12:40:00+05:30,414.20001220703125,414.3999938964844,413.8500061035156,414.0,21623.0,yahoo
KOTAKBANK,5m,2026-09-22T12:45:00+05:30,414.0,414.3999938964844,413.8500061035156,414.1000061035156,25702.0,yahoo
KOTAKBANK,5m,2026-09-22T12:50:00+05:30,413.8500061035156,414.25,413.75,414.0,40669.0,yahoo
KOTAKBANK,5m,2026-09-22T12:55:00+05:30,414.0,414.20001220703125,413.8500061035156,414.1499938964844,24204.0,yahoo
KOTAKBANK,5m,2026-09-22T13:00:00+05:30,414.1000061035156,414.1499938964844,413.6499938964844,413.75,27442.0,yahoo
KOTAKBANK,5m,2026-09-22T13:05:00+05:30,413.70001220703125,414.04998779296875,413.70001220703125,413.95001220703125,14245.0,yahoo
KOTAKBANK,5m,2026-09-22T13:10:00+05:30,413.8999938964844,414.1000061035156,413.70001220703125,413.8500061035156,31405.0,yahoo
KOTAKBANK,5m,2026-09-22T13:15:00+05:30,413.8500061035156,414.1000061035156,413.75,413.8999938964844,15498.0,yahoo
KOTAKBANK,5m,2026-09-22T13:20:00+05:30,413.8999938964844,414.04998779296875,413.79998779296875,414.0,11764.0,yahoo
KOTAKBANK,5m,2026-09-22T13:25:00+05:30,413.95001220703125,414.04998779296875,413.75,413.79998779296875,13596.0,yahoo
KOTAKBANK,5m,2026-09-22T13:30:00+05:30,413.95001220703125,414.1000061035156,413.79998779296875,413.79998779296875,12084.0,yahoo
KOTAKBANK,5m,2026-09-22T13:35:00+05:30,413.79998779296875,414.20001220703125,413.79998779296875,414.04998779296875,13935.0,yahoo
KOTAKBANK,5m,2026-09-22T13:40:00+05:30,414.0,414.1499938964844,413.79998779296875,413.8500061035156,17744.0,yahoo
KOTAKBANK,5m,2026-09-22T13:45:00+05:30,413.8500061035156,413.8500061035156,413.25,413.3500061035156,74127.0,yahoo
KOTAKBANK,5m,2026-09-22T13:50:00+05:30,413.3500061035156,413.45001220703125,412.79998779296875,413.04998779296875,37042.0,yahoo
KOTAKBANK,5m,2026-09-22T13:55:00+05:30,413.04998779296875,413.29998779296875,413.0,413.04998779296875,23533.0,yahoo
KOTAKBANK,5m,2026-09-22T14:00:00+05:30,413.04998779296875,413.1499938964844,412.75,413.04998779296875,27281.0,yahoo
KOTAKBANK,5m,2026-09-22T14:05:00+05:30,413.04998779296875,413.29998779296875,412.8999938964844,413.29998779296875,20003.0,yahoo
KOTAKBANK,5m,2026-09-22T14:10:00+05:30,413.45001220703125,414.45001220703125,413.1499938964844,414.45001220703125,28530.0,yahoo
KOTAKBANK,5m,2026-09-22T14:15:00+05:30,414.6499938964844,414.8999938964844,413.79998779296875,414.25,67170.0,yahoo
KOTAKBANK,5m,2026-09-22T14:20:00+05:30,414.3500061035156,414.75,413.95001220703125,413.95001220703125,27149.0,yahoo
KOTAKBANK,5m,2026-09-22T14:25:00+05:30,413.95001220703125,414.45001220703125,413.95001220703125,414.25,30391.0,yahoo
KOTAKBANK,5m,2026-09-22T14:30:00+05:30,414.25,414.3999938964844,413.95001220703125,413.95001220703125,35495.0,yahoo
KOTAKBANK,5m,2026-09-22T14:35:00+05:30,414.0,414.25,413.8999938964844,413.8999938964844,28884.0,yahoo
KOTAKBANK,5m,2026-09-22T14:40:00+05:30,413.8999938964844,414.1000061035156,412.6499938964844,413.0,35366.0,yahoo
KOTAKBANK,5m,2026-09-22T14:45:00+05:30,413.04998779296875,413.29998779296875,413.0,413.1000061035156,21058.0,yahoo
KOTAKBANK,5m,2026-09-22T14:50:00+05:30,413.1499938964844,413.3500061035156,412.8999938964844,413.20001220703125,129771.0,yahoo
KOTAKBANK,5m,2026-09-22T14:55:00+05:30,413.29998779296875,413.3999938964844,412.8999938964844,413.1000061035156,54990.0,yahoo
KOTAKBANK,5m,2026-09-22T15:00:00+05:30,413.1000061035156,413.70001220703125,413.04998779296875,413.70001220703125,73810.0,yahoo
KOTAKBANK,5m,2026-09-22T15:05:00+05:30,413.75,413.79998779296875,413.29998779296875,413.54998779296875,115086.0,yahoo
KOTAKBANK,5m,2026-09-22T15:10:00+05:30,413.3500061035156,414.3999938964844,413.3500061035156,413.6000061035156,180125.0,yahoo
KOTAKBANK,5m,2026-09-22T15:15:00+05:30,413.75,413.75,412.6499938964844,412.6499938964844,225014.0,yahoo
LT,5m,2026-09-22T09:15:00+05:30,3919.60009765625,3928.60009765625,3917.60009765625,3921.199951171875,0.0,yahoo
LT,5m,2026-09-22T09:20:00+05:30,3921.800048828125,3923.39990234375,3920.300048828125,3921.10009765625,8542.0,yahoo
LT,5m,2026-09-22T09:25:00+05:30,3921.10009765625,3921.10009765625,3918.800048828125,3919.800048828125,10654.0,yahoo
LT,5m,2026-09-22T09:30:00+05:30,3919.300048828125,3920.0,3911.0,3911.0,11187.0,yahoo
LT,5m,2026-09-22T09:35:00+05:30,3911.0,3913.0,3910.0,3910.300048828125,11983.0,yahoo
LT,5m,2026-09-22T09:40:00+05:30,3909.0,3914.0,3908.5,3912.60009765625,11938.0,yahoo
LT,5m,2026-09-22T09:45:00+05:30,3914.60009765625,3918.699951171875,3912.60009765625,3916.0,7765.0,yahoo
LT,5m,2026-09-22T09:50:00+05:30,3916.10009765625,3917.39990234375,3911.60009765625,3912.60009765625,7061.0,yahoo
LT,5m,2026-09-22T09:55:00+05:30,3911.39990234375,3918.0,3911.39990234375,3917.199951171875,17371.0,yahoo
LT,5m,2026-09-22T10:00:00+05:30,3917.0,3919.10009765625,3913.699951171875,3913.699951171875,12871.0,yahoo
LT,5m,2026-09-22T10:05:00+05:30,3913.699951171875,3917.60009765625,3912.10009765625,3916.10009765625,8331.0,yahoo
LT,5m,2026-09-22T10:10:00+05:30,3916.699951171875,3918.0,3913.39990234375,3916.89990234375,10699.0,yahoo
LT,5m,2026-09-22T10:15:00+05:30,3915.199951171875,3916.0,3913.199951171875,3913.89990234375,6683.0,yahoo
LT,5m,2026-09-22T10:20:00+05:30,3913.89990234375,3914.300048828125,3910.0,3912.10009765625,9887.0,yahoo
LT,5m,2026-09-22T10:25:00+05:30,3912.5,3914.60009765625,3910.89990234375,3912.0,10017.0,yahoo
LT,5m,2026-09-22T10:30:00+05:30,3911.10009765625,3912.60009765625,3909.0,3909.699951171875,7843.0,yahoo
LT,5m,2026-09-22T10:35:00+05:30,3909.5,3909.5,3902.5,3903.5,15672.0,yahoo
LT,5m,2026-09-22T10:40:00+05:30,3904.300048828125,3904.89990234375,3896.0,3897.199951171875,22800.0,yahoo
LT,5m,2026-09-22T10:45:00+05:30,3896.199951171875,3898.0,3892.5,3893.300048828125,21417.0,yahoo
LT,5m,2026-09-22T10:50:00+05:30,3893.300048828125,3893.300048828125,3888.699951171875,3891.300048828125,18187.0,yahoo
LT,5m,2026-09-22T10:55:00+05:30,3890.699951171875,3896.199951171875,3889.10009765625,3896.0,7697.0,yahoo
LT,5m,2026-09-22T11:00:00+05:30,3895.10009765625,3896.699951171875,3889.5,3892.10009765625,21700.0,yahoo
LT,5m,2026-09-22T11:05:00+05:30,3892.0,3898.10009765625,3892.0,3897.5,15451.0,yahoo
LT,5m,2026-09-22T11:10:00+05:30,3896.39990234375,3898.199951171875,3895.39990234375,3898.199951171875,7904.0,yahoo
LT,5m,2026-09-22T11:15:00+05:30,3898.0,3901.0,3896.0,3896.300048828125,33731.0,yahoo
LT,5m,2026-09-22T11:20:00+05:30,3896.0,3900.699951171875,3894.60009765625,3899.89990234375,34796.0,yahoo
LT,5m,2026-09-22T11:25:00+05:30,3899.300048828125,3903.39990234375,3898.699951171875,3899.199951171875,27597.0,yahoo
LT,5m,2026-09-22T11:30:00+05:30,3899.5,3899.5,3891.10009765625,3894.60009765625,28124.0,yahoo
LT,5m,2026-09-22T11:35:00+05:30,3894.0,3895.60009765625,3891.5,3893.39990234375,21945.0,yahoo
LT,5m,2026-09-22T11:40:00+05:30,3895.10009765625,3898.0,3893.0,3895.699951171875,13945.0,yahoo
LT,5m,2026-09-22T11:45:00+05:30,3895.5,3896.10009765625,3891.10009765625,3895.199951171875,24928.0,yahoo
LT,5m,2026-09-22T11:50:00+05:30,3893.800048828125,3895.699951171875,3890.699951171875,3895.0,36543.0,yahoo
LT,5m,2026-09-22T11:55:00+05:30,3895.0,3897.60009765625,3890.0,3897.5,9890.0,yahoo
LT,5m,2026-09-22T12:00:00+05:30,3897.5,3897.5,3894.800048828125,3895.800048828125,9312.0,yahoo
LT,5m,2026-09-22T12:05:00+05:30,3895.60009765625,3898.0,3895.0,3896.39990234375,3130.0,yahoo
LT,5m,2026-09-22T12:10:00+05:30,3896.300048828125,3896.39990234375,3895.0,3895.0,5999.0,yahoo
LT,5m,2026-09-22T12:15:00+05:30,3895.0,3899.10009765625,3894.89990234375,3897.699951171875,16967.0,yahoo
LT,5m,2026-09-22T12:20:00+05:30,3899.0,3899.0,3894.5,3896.300048828125,12039.0,yahoo
LT,5m,2026-09-22T12:25:00+05:30,3896.10009765625,3896.10009765625,3886.0,3886.0,19662.0,yahoo
LT,5m,2026-09-22T12:30:00+05:30,3886.0,3888.0,3883.89990234375,3884.39990234375,12057.0,yahoo
LT,5m,2026-09-22T12:35:00+05:30,3886.0,3890.0,3886.0,3890.0,18451.0,yahoo
LT,5m,2026-09-22T12:40:00+05:30,3888.800048828125,3892.199951171875,3888.0,3889.60009765625,6823.0,yahoo
LT,5m,2026-09-22T12:45:00+05:30,3889.60009765625,3889.60009765625,3883.800048828125,3884.10009765625,11514.0,yahoo
LT,5m,2026-09-22T12:50:00+05:30,3883.699951171875,3884.300048828125,3880.39990234375,3881.5,11633.0,yahoo
LT,5m,2026-09-22T12:55:00+05:30,3880.89990234375,3884.699951171875,3878.0,3881.0,15304.0,yahoo
LT,5m,2026-09-22T13:00:00+05:30,3880.89990234375,3882.5,3878.10009765625,3878.60009765625,10592.0,yahoo
LT,5m,2026-09-22T13:05:00+05:30,3878.5,3881.800048828125,3878.10009765625,3881.0,3687.0,yahoo
LT,5m,2026-09-22T13:10:00+05:30,3880.199951171875,3881.300048828125,3880.0,3881.300048828125,3287.0,yahoo
LT,5m,2026-09-22T13:15:00+05:30,3881.300048828125,3883.60009765625,3880.0,3882.0,7235.0,yahoo
LT,5m,2026-09-22T13:20:00+05:30,3880.300048828125,3881.5,3876.0,3880.300048828125,10042.0,yahoo
LT,5m,2026-09-22T13:25:00+05:30,3880.300048828125,3882.0,3876.5,3880.300048828125,9067.0,yahoo
LT,5m,2026-09-22T13:30:00+05:30,3880.300048828125,3886.300048828125,3880.0,3884.89990234375,9304.0,yahoo
LT,5m,2026-09-22T13:35:00+05:30,3884.89990234375,3885.89990234375,3882.300048828125,3883.699951171875,3447.0,yahoo
LT,5m,2026-09-22T13:40:00+05:30,3883.699951171875,3885.0,3881.0,3881.300048828125,5842.0,yahoo
LT,5m,2026-09-22T13:45:00+05:30,3881.60009765625,3882.10009765625,3878.300048828125,3880.60009765625,11600.0,yahoo
LT,5m,2026-09-22T13:50:00+05:30,3880.60009765625,3882.0,3873.60009765625,3876.39990234375,19485.0,yahoo
LT,5m,2026-09-22T13:55:00+05:30,3876.39990234375,3878.89990234375,3872.39990234375,3874.800048828125,14110.0,yahoo
LT,5m,2026-09-22T14:00:00+05:30,3874.39990234375,3875.0,3870.800048828125,3871.89990234375,20067.0,yahoo
LT,5m,2026-09-22T14:05:00+05:30,3871.89990234375,3873.39990234375,3866.699951171875,3873.0,11698.0,yahoo
LT,5m,2026-09-22T14:10:00+05:30,3874.0,3887.39990234375,3871.0,3887.39990234375,38084.0,yahoo
LT,5m,2026-09-22T14:15:00+05:30,3886.800048828125,3890.0,3877.699951171875,3880.10009765625,31644.0,yahoo
LT,5m,2026-09-22T14:20:00+05:30,3880.10009765625,3884.699951171875,3877.60009765625,3880.199951171875,29377.0,yahoo
LT,5m,2026-09-22T14:25:00+05:30,3880.39990234375,3884.0,3879.0,3880.5,29096.0,yahoo
LT,5m,2026-09-22T14:30:00+05:30,3880.5,3882.300048828125,3874.5,3878.0,39125.0,yahoo
LT,5m,2026-09-22T14:35:00+05:30,3877.5,3879.699951171875,3874.5,3876.0,28049.0,yahoo
LT,5m,2026-09-22T14:40:00+05:30,3875.89990234375,3878.199951171875,3871.199951171875,3874.0,29935.0,yahoo
LT,5m,2026-09-22T14:45:00+05:30,3874.0,3878.0,3871.699951171875,3877.0,31424.0,yahoo
LT,5m,2026-09-22T14:50:00+05:30,3877.10009765625,3879.39990234375,3875.0,3878.5,55117.0,yahoo
LT,5m,2026-09-22T14:55:00+05:30,3878.5,3878.699951171875,3868.5,3872.699951171875,40211.0,yahoo
LT,5m,2026-09-22T15:00:00+05:30,3871.199951171875,3875.0,3870.89990234375,3870.89990234375,32533.0,yahoo
LT,5m,2026-09-22T15:05:00+05:30,3872.39990234375,3873.800048828125,3870.10009765625,3872.0,37546.0,yahoo
LT,5m,2026-09-22T15:10:00+05:30,3871.89990234375,3879.39990234375,3866.39990234375,3866.39990234375,86513.0,yahoo
LTF,5m,2026-09-22T09:15:00+05:30,308.29998779296875,309.0,307.75,308.45001220703125,0.0,yahoo
LTF,5m,2026-09-22T09:20:00+05:30,308.1000061035156,308.3500061035156,307.6000061035156,307.70001220703125,25023.0,yahoo
LTF,5m,2026-09-22T09:25:00+05:30,307.70001220703125,308.0,307.5,308.0,24863.0,yahoo
LTF,5m,2026-09-22T09:30:00+05:30,308.0,308.1499938964844,307.5,307.54998779296875,26505.0,yahoo
LTF,5m,2026-09-22T09:35:00+05:30,307.70001220703125,308.1000061035156,307.54998779296875,307.8999938964844,16353.0,yahoo
LTF,5m,2026-09-22T09:40:00+05:30,307.8999938964844,307.95001220703125,307.54998779296875,307.54998779296875,18200.0,yahoo
LTF,5m,2026-09-22T09:45:00+05:30,307.6000061035156,308.1000061035156,307.45001220703125,308.0,18526.0,yahoo
LTF,5m,2026-09-22T09:50:00+05:30,308.04998779296875,308.04998779296875,307.5,307.54998779296875,24241.0,yahoo
LTF,5m,2026-09-22T09:55:00+05:30,307.54998779296875,307.8999938964844,307.29998779296875,307.8999938964844,9039.0,yahoo
LTF,5m,2026-09-22T10:00:00+05:30,307.95001220703125,308.04998779296875,307.3999938964844,307.45001220703125,13311.0,yahoo
LTF,5m,2026-09-22T10:05:00+05:30,307.5,307.6499938964844,307.25,307.3999938964844,6328.0,yahoo
LTF,5m,2026-09-22T10:10:00+05:30,307.45001220703125,307.54998779296875,307.1000061035156,307.5,16785.0,yahoo
LTF,5m,2026-09-22T10:15:00+05:30,307.5,308.1000061035156,307.3500061035156,307.70001220703125,18259.0,yahoo
LTF,5m,2026-09-22T10:20:00+05:30,307.70001220703125,307.8999938964844,307.54998779296875,307.6000061035156,9239.0,yahoo
LTF,5m,2026-09-22T10:25:00+05:30,307.6000061035156,307.8500061035156,307.3999938964844,307.3999938964844,6224.0,yahoo
LTF,5m,2026-09-22T10:30:00+05:30,307.3999938964844,307.3999938964844,306.70001220703125,307.0,20105.0,yahoo
LTF,5m,2026-09-22T10:35:00+05:30,306.8500061035156,306.8500061035156,306.70001220703125,306.75,4221.0,yahoo
LTF,5m,2026-09-22T10:40:00+05:30,306.6000061035156,306.6499938964844,306.1499938964844,306.5,15440.0,yahoo
LTF,5m,2026-09-22T10:45:00+05:30,306.29998779296875,306.5,306.20001220703125,306.5,6272.0,yahoo
LTF,5m,2026-09-22T10:50:00+05:30,306.29998779296875,306.45001220703125,306.1000061035156,306.20001220703125,7022.0,yahoo
LTF,5m,2026-09-22T10:55:00+05:30,306.20001220703125,306.3500061035156,305.8500061035156,306.0,35799.0,yahoo
LTF,5m,2026-09-22T11:00:00+05:30,305.8500061035156,305.95001220703125,305.3500061035156,305.3999938964844,22010.0,yahoo
LTF,5m,2026-09-22T11:05:00+05:30,305.54998779296875,305.70001220703125,305.45001220703125,305.6000061035156,7915.0,yahoo
LTF,5m,2026-09-22T11:10:00+05:30,305.70001220703125,305.95001220703125,305.70001220703125,305.8999938964844,3950.0,yahoo
LTF,5m,2026-09-22T11:15:00+05:30,305.8500061035156,306.04998779296875,305.70001220703125,305.70001220703125,12182.0,yahoo
LTF,5m,2026-09-22T11:20:00+05:30,305.70001220703125,305.95001220703125,305.6000061035156,305.79998779296875,8127.0,yahoo
LTF,5m,2026-09-22T11:25:00+05:30,305.79998779296875,305.8500061035156,305.6499938964844,305.75,6450.0,yahoo
LTF,5m,2026-09-22T11:30:00+05:30,305.75,305.79998779296875,305.6499938964844,305.6499938964844,2294.0,yahoo
LTF,5m,2026-09-22T11:35:00+05:30,305.6499938964844,305.70001220703125,305.54998779296875,305.6499938964844,9125.0,yahoo
LTF,5m,2026-09-22T11:40:00+05:30,305.70001220703125,305.70001220703125,304.54998779296875,304.6499938964844,40077.0,yahoo
LTF,5m,2026-09-22T11:45:00+05:30,304.6499938964844,305.1000061035156,304.54998779296875,304.75,17003.0,yahoo
LTF,5m,2026-09-22T11:50:00+05:30,304.8999938964844,304.8999938964844,304.5,304.5,21937.0,yahoo
LTF,5m,2026-09-22T11:55:00+05:30,304.5,304.5,304.25,304.3999938964844,10351.0,yahoo
LTF,5m,2026-09-22T12:00:00+05:30,304.45001220703125,304.75,304.25,304.6499938964844,17105.0,yahoo
LTF,5m,2026-09-22T12:05:00+05:30,304.6499938964844,304.8500061035156,304.5,304.6499938964844,6691.0,yahoo
LTF,5m,2026-09-22T12:10:00+05:30,304.6499938964844,304.79998779296875,304.5,304.5,25279.0,yahoo
LTF,5m,2026-09-22T12:15:00+05:30,304.5,304.6000061035156,303.79998779296875,303.79998779296875,97743.0,yahoo
LTF,5m,2026-09-22T12:20:00+05:30,303.79998779296875,304.5,303.75,304.0,223134.0,yahoo
LTF,5m,2026-09-22T12:25:00+05:30,304.0,304.1499938964844,304.0,304.0,29437.0,yahoo
LTF,5m,2026-09-22T12:30:00+05:30,304.0,304.3999938964844,304.0,304.25,11816.0,yahoo
LTF,5m,2026-09-22T12:35:00+05:30,304.25,305.5,304.25,305.25,92312.0,yahoo
LTF,5m,2026-09-22T12:40:00+05:30,305.25,305.8500061035156,305.1499938964844,305.54998779296875,98650.0,yahoo
LTF,5m,2026-09-22T12:45:00+05:30,305.6499938964844,305.8999938964844,305.3500061035156,305.3500061035156,85379.0,yahoo
LTF,5m,2026-09-22T12:50:00+05:30,305.3999938964844,305.3999938964844,304.79998779296875,304.8999938964844,31331.0,yahoo
LTF,5m,2026-09-22T12:55:00+05:30,305.0,305.1499938964844,304.70001220703125,304.75,15966.0,yahoo
LTF,5m,2026-09-22T13:00:00+05:30,304.75,304.8500061035156,304.29998779296875,304.75,26555.0,yahoo
LTF,5m,2026-09-22T13:05:00+05:30,304.75,305.1000061035156,304.54998779296875,304.79998779296875,19636.0,yahoo
LTF,5m,2026-09-22T13:10:00+05:30,305.0,305.1499938964844,304.79998779296875,305.1000061035156,16559.0,yahoo
LTF,5m,2026-09-22T13:15:00+05:30,304.8999938964844,305.1000061035156,304.79998779296875,304.79998779296875,15649.0,yahoo
LTF,5m,2026-09-22T13:20:00+05:30,304.79998779296875,304.95001220703125,304.70001220703125,304.95001220703125,22563.0,yahoo
LTF,5m,2026-09-22T13:25:00+05:30,305.0,305.20001220703125,304.79998779296875,305.0,16993.0,yahoo
LTF,5m,2026-09-22T13:30:00+05:30,305.1499938964844,305.3500061035156,304.8999938964844,305.20001220703125,14892.0,yahoo
LTF,5m,2026-09-22T13:35:00+05:30,305.20001220703125,305.3500061035156,305.0,305.0,19156.0,yahoo
LTF,5m,2026-09-22T13:40:00+05:30,305.0,305.45001220703125,305.0,305.1000061035156,29501.0,yahoo
LTF,5m,2026-09-22T13:45:00+05:30,305.04998779296875,305.25,305.0,305.1499938964844,18076.0,yahoo
LTF,5m,2026-09-22T13:50:00+05:30,305.1499938964844,305.25,304.6499938964844,305.0,75503.0,yahoo
LTF,5m,2026-09-22T13:55:00+05:30,304.75,305.29998779296875,303.6000061035156,303.70001220703125,56482.0,yahoo
LTF,5m,2026-09-22T14:00:00+05:30,303.8500061035156,303.95001220703125,303.5,303.70001220703125,32701.0,yahoo
LTF,5m,2026-09-22T14:05:00+05:30,303.54998779296875,303.70001220703125,303.3999938964844,303.45001220703125,32422.0,yahoo
LTF,5m,2026-09-22T14:10:00+05:30,303.5,303.79998779296875,303.25,303.79998779296875,16702.0,yahoo
LTF,5m,2026-09-22T14:15:00+05:30,304.20001220703125,304.5,303.70001220703125,304.1000061035156,69362.0,yahoo
LTF,5m,2026-09-22T14:20:00+05:30,304.1499938964844,304.5,304.1000061035156,304.1000061035156,59345.0,yahoo
LTF,5m,2026-09-22T14:25:00+05:30,304.04998779296875,304.25,303.70001220703125,303.79998779296875,43687.0,yahoo
LTF,5m,2026-09-22T14:30:00+05:30,303.95001220703125,303.95001220703125,303.0,303.0,55720.0,yahoo
LTF,5m,2026-09-22T14:35:00+05:30,303.04998779296875,303.75,303.0,303.20001220703125,35860.0,yahoo
LTF,5m,2026-09-22T14:40:00+05:30,303.3500061035156,303.54998779296875,303.1000061035156,303.3500061035156,28999.0,yahoo
LTF,5m,2026-09-22T14:45:00+05:30,303.3500061035156,303.70001220703125,303.29998779296875,303.6000061035156,36863.0,yahoo
LTF,5m,2026-09-22T14:50:00+05:30,303.3999938964844,303.54998779296875,303.0,303.0,35550.0,yahoo
LTF,5m,2026-09-22T14:55:00+05:30,303.0,303.1499938964844,302.8500061035156,302.8999938964844,44713.0,yahoo
LTF,5m,2026-09-22T15:00:00+05:30,302.8999938964844,303.0,302.6499938964844,302.79998779296875,64449.0,yahoo
LTF,5m,2026-09-22T15:05:00+05:30,302.79998779296875,302.8999938964844,302.25,302.3999938964844,99007.0,yahoo
LTF,5m,2026-09-22T15:10:00+05:30,302.3999938964844,303.0,302.20001220703125,302.20001220703125,259105.0,yahoo
LTF,5m,2026-09-22T15:15:00+05:30,303.8999938964844,304.8999938964844,303.8999938964844,304.8999938964844,29649.0,yahoo
LUPIN,5m,2026-09-22T09:15:00+05:30,2119.10009765625,2119.10009765625,2112.10009765625,2114.699951171875,0.0,yahoo
LUPIN,5m,2026-09-22T09:20:00+05:30,2111.699951171875,2115.199951171875,2109.5,2111.699951171875,9362.0,yahoo
LUPIN,5m,2026-09-22T09:25:00+05:30,2111.5,2113.39990234375,2111.5,2112.699951171875,5706.0,yahoo
LUPIN,5m,2026-09-22T09:30:00+05:30,2112.0,2123.0,2112.0,2122.699951171875,28161.0,yahoo
LUPIN,5m,2026-09-22T09:35:00+05:30,2122.89990234375,2123.0,2119.5,2120.60009765625,11000.0,yahoo
LUPIN,5m,2026-09-22T09:40:00+05:30,2120.39990234375,2121.199951171875,2119.800048828125,2119.800048828125,6853.0,yahoo
LUPIN,5m,2026-09-22T09:45:00+05:30,2119.60009765625,2121.60009765625,2119.199951171875,2119.5,6835.0,yahoo
LUPIN,5m,2026-09-22T09:50:00+05:30,2119.199951171875,2119.199951171875,2117.5,2117.60009765625,7637.0,yahoo
LUPIN,5m,2026-09-22T09:55:00+05:30,2117.10009765625,2118.0,2116.300048828125,2117.800048828125,4192.0,yahoo
LUPIN,5m,2026-09-22T10:00:00+05:30,2117.800048828125,2119.60009765625,2117.199951171875,2117.199951171875,3843.0,yahoo
LUPIN,5m,2026-09-22T10:05:00+05:30,2118.800048828125,2120.199951171875,2118.0,2118.800048828125,1880.0,yahoo
LUPIN,5m,2026-09-22T10:10:00+05:30,2118.800048828125,2118.800048828125,2117.0,2117.0,2122.0,yahoo
LUPIN,5m,2026-09-22T10:15:00+05:30,2117.39990234375,2119.10009765625,2116.800048828125,2117.60009765625,3881.0,yahoo
LUPIN,5m,2026-09-22T10:20:00+05:30,2117.5,2118.699951171875,2117.0,2118.0,4150.0,yahoo
LUPIN,5m,2026-09-22T10:25:00+05:30,2117.800048828125,2118.199951171875,2113.300048828125,2113.60009765625,3591.0,yahoo
LUPIN,5m,2026-09-22T10:30:00+05:30,2113.300048828125,2115.89990234375,2113.10009765625,2114.5,5423.0,yahoo
LUPIN,5m,2026-09-22T10:35:00+05:30,2114.0,2114.0,2111.0,2111.800048828125,2542.0,yahoo
LUPIN,5m,2026-09-22T10:40:00+05:30,2111.5,2112.300048828125,2109.699951171875,2111.0,4658.0,yahoo
LUPIN,5m,2026-09-22T10:45:00+05:30,2111.0,2113.89990234375,2110.300048828125,2113.10009765625,3448.0,yahoo
LUPIN,5m,2026-09-22T10:50:00+05:30,2113.10009765625,2113.10009765625,2110.89990234375,2112.10009765625,2135.0,yahoo
LUPIN,5m,2026-09-22T10:55:00+05:30,2112.300048828125,2114.60009765625,2111.300048828125,2114.10009765625,3944.0,yahoo
LUPIN,5m,2026-09-22T11:00:00+05:30,2114.300048828125,2115.0,2109.5,2114.5,6971.0,yahoo
LUPIN,5m,2026-09-22T11:05:00+05:30,2113.800048828125,2115.60009765625,2112.5,2115.300048828125,2806.0,yahoo
LUPIN,5m,2026-09-22T11:10:00+05:30,2115.300048828125,2115.5,2114.5,2115.5,3060.0,yahoo
LUPIN,5m,2026-09-22T11:15:00+05:30,2115.5,2116.89990234375,2115.5,2115.60009765625,1826.0,yahoo
LUPIN,5m,2026-09-22T11:20:00+05:30,2115.5,2116.89990234375,2115.5,2116.10009765625,1458.0,yahoo
LUPIN,5m,2026-09-22T11:25:00+05:30,2115.60009765625,2116.89990234375,2115.60009765625,2116.39990234375,2130.0,yahoo
LUPIN,5m,2026-09-22T11:30:00+05:30,2116.39990234375,2117.800048828125,2115.89990234375,2115.89990234375,5290.0,yahoo
LUPIN,5m,2026-09-22T11:35:00+05:30,2116.0,2129.199951171875,2115.89990234375,2127.0,61578.0,yahoo
LUPIN,5m,2026-09-22T11:40:00+05:30,2126.10009765625,2128.89990234375,2125.0,2126.10009765625,15652.0,yahoo
LUPIN,5m,2026-09-22T11:45:00+05:30,2126.10009765625,2126.10009765625,2122.39990234375,2124.10009765625,21004.0,yahoo
LUPIN,5m,2026-09-22T11:50:00+05:30,2124.10009765625,2125.0,2118.10009765625,2120.39990234375,27364.0,yahoo
LUPIN,5m,2026-09-22T11:55:00+05:30,2120.39990234375,2123.60009765625,2120.39990234375,2122.60009765625,2281.0,yahoo
LUPIN,5m,2026-09-22T12:00:00+05:30,2123.10009765625,2123.300048828125,2121.5,2122.5,2266.0,yahoo
LUPIN,5m,2026-09-22T12:05:00+05:30,2122.5,2123.5,2121.300048828125,2123.10009765625,3023.0,yahoo
LUPIN,5m,2026-09-22T12:10:00+05:30,2122.89990234375,2123.5,2121.800048828125,2122.10009765625,2363.0,yahoo
LUPIN,5m,2026-09-22T12:15:00+05:30,2122.199951171875,2122.5,2121.300048828125,2122.39990234375,3042.0,yahoo
LUPIN,5m,2026-09-22T12:20:00+05:30,2122.39990234375,2123.0,2121.39990234375,2122.0,1921.0,yahoo
LUPIN,5m,2026-09-22T12:25:00+05:30,2121.89990234375,2121.89990234375,2120.800048828125,2120.89990234375,1846.0,yahoo
LUPIN,5m,2026-09-22T12:30:00+05:30,2120.89990234375,2120.89990234375,2118.89990234375,2120.0,2297.0,yahoo
LUPIN,5m,2026-09-22T12:35:00+05:30,2119.89990234375,2122.89990234375,2119.800048828125,2122.699951171875,7820.0,yahoo
LUPIN,5m,2026-09-22T12:40:00+05:30,2122.800048828125,2123.699951171875,2122.10009765625,2122.199951171875,5317.0,yahoo
LUPIN,5m,2026-09-22T12:45:00+05:30,2122.800048828125,2122.800048828125,2121.0,2121.5,1715.0,yahoo
LUPIN,5m,2026-09-22T12:50:00+05:30,2121.5,2122.5,2120.39990234375,2121.800048828125,3361.0,yahoo
LUPIN,5m,2026-09-22T12:55:00+05:30,2122.0,2122.39990234375,2121.0,2122.199951171875,1886.0,yahoo
LUPIN,5m,2026-09-22T13:00:00+05:30,2122.300048828125,2124.5,2122.0,2122.0,3188.0,yahoo
LUPIN,5m,2026-09-22T13:05:00+05:30,2122.199951171875,2123.89990234375,2121.10009765625,2123.89990234375,3298.0,yahoo
LUPIN,5m,2026-09-22T13:10:00+05:30,2123.60009765625,2123.699951171875,2121.60009765625,2122.300048828125,2678.0,yahoo
LUPIN,5m,2026-09-22T13:15:00+05:30,2122.0,2122.60009765625,2119.89990234375,2120.199951171875,3187.0,yahoo
LUPIN,5m,2026-09-22T13:20:00+05:30,2120.10009765625,2120.10009765625,2118.0,2119.199951171875,6241.0,yahoo
LUPIN,5m,2026-09-22T13:25:00+05:30,2119.300048828125,2119.5,2117.39990234375,2118.199951171875,3459.0,yahoo
LUPIN,5m,2026-09-22T13:30:00+05:30,2118.0,2118.89990234375,2117.0,2117.300048828125,2991.0,yahoo
LUPIN,5m,2026-09-22T13:35:00+05:30,2117.300048828125,2117.699951171875,2116.300048828125,2116.300048828125,2855.0,yahoo
LUPIN,5m,2026-09-22T13:40:00+05:30,2116.0,2117.0,2115.800048828125,2115.89990234375,1912.0,yahoo
LUPIN,5m,2026-09-22T13:45:00+05:30,2115.60009765625,2116.89990234375,2114.89990234375,2115.199951171875,2785.0,yahoo
LUPIN,5m,2026-09-22T13:50:00+05:30,2115.199951171875,2115.699951171875,2113.300048828125,2113.60009765625,5833.0,yahoo
LUPIN,5m,2026-09-22T13:55:00+05:30,2113.60009765625,2116.60009765625,2113.60009765625,2114.60009765625,22801.0,yahoo
LUPIN,5m,2026-09-22T14:00:00+05:30,2114.300048828125,2115.0,2112.5,2115.0,4655.0,yahoo
LUPIN,5m,2026-09-22T14:05:00+05:30,2114.800048828125,2118.199951171875,2114.800048828125,2118.199951171875,11000.0,yahoo
LUPIN,5m,2026-09-22T14:10:00+05:30,2117.39990234375,2119.89990234375,2117.39990234375,2119.89990234375,4632.0,yahoo
LUPIN,5m,2026-09-22T14:15:00+05:30,2120.89990234375,2120.89990234375,2117.699951171875,2118.800048828125,6865.0,yahoo
LUPIN,5m,2026-09-22T14:20:00+05:30,2118.800048828125,2120.89990234375,2118.0,2120.699951171875,6003.0,yahoo
LUPIN,5m,2026-09-22T14:25:00+05:30,2120.699951171875,2121.0,2119.800048828125,2119.800048828125,3577.0,yahoo
LUPIN,5m,2026-09-22T14:30:00+05:30,2119.800048828125,2119.800048828125,2118.0,2118.10009765625,2442.0,yahoo
LUPIN,5m,2026-09-22T14:35:00+05:30,2118.60009765625,2118.800048828125,2118.0,2118.39990234375,3134.0,yahoo
LUPIN,5m,2026-09-22T14:40:00+05:30,2118.39990234375,2120.300048828125,2116.5,2117.5,6727.0,yahoo
LUPIN,5m,2026-09-22T14:45:00+05:30,2117.5,2118.5,2116.0,2117.800048828125,11075.0,yahoo
LUPIN,5m,2026-09-22T14:50:00+05:30,2117.800048828125,2119.0,2117.60009765625,2118.60009765625,6930.0,yahoo
LUPIN,5m,2026-09-22T14:55:00+05:30,2118.39990234375,2119.0,2117.10009765625,2117.39990234375,10415.0,yahoo
LUPIN,5m,2026-09-22T15:00:00+05:30,2117.199951171875,2119.0,2115.0,2117.800048828125,41668.0,yahoo
LUPIN,5m,2026-09-22T15:05:00+05:30,2117.800048828125,2118.0,2116.800048828125,2117.10009765625,7383.0,yahoo
LUPIN,5m,2026-09-22T15:10:00+05:30,2117.0,2135.0,2110.10009765625,2135.0,79222.0,yahoo
M&M,5m,2026-09-22T09:15:00+05:30,3070.0,3089.800048828125,3068.0,3074.5,0.0,yahoo
M&M,5m,2026-09-22T09:20:00+05:30,3074.5,3079.800048828125,3072.199951171875,3075.300048828125,29800.0,yahoo
M&M,5m,2026-09-22T09:25:00+05:30,3075.5,3077.0,3070.300048828125,3077.0,19849.0,yahoo
M&M,5m,2026-09-22T09:30:00+05:30,3076.60009765625,3076.60009765625,3062.10009765625,3062.10009765625,64293.0,yahoo
M&M,5m,2026-09-22T09:35:00+05:30,3062.699951171875,3065.0,3062.39990234375,3064.39990234375,30479.0,yahoo
M&M,5m,2026-09-22T09:40:00+05:30,3064.300048828125,3069.300048828125,3064.0,3066.800048828125,21707.0,yahoo
M&M,5m,2026-09-22T09:45:00+05:30,3066.800048828125,3068.10009765625,3066.800048828125,3068.10009765625,15011.0,yahoo
M&M,5m,2026-09-22T09:50:00+05:30,3068.60009765625,3068.60009765625,3063.0,3063.0,34199.0,yahoo
M&M,5m,2026-09-22T09:55:00+05:30,3063.0,3069.39990234375,3061.5,3068.199951171875,39202.0,yahoo
M&M,5m,2026-09-22T10:00:00+05:30,3068.10009765625,3069.800048828125,3066.699951171875,3069.5,21611.0,yahoo
M&M,5m,2026-09-22T10:05:00+05:30,3068.60009765625,3074.699951171875,3068.5,3072.699951171875,50772.0,yahoo
M&M,5m,2026-09-22T10:10:00+05:30,3071.89990234375,3074.89990234375,3069.39990234375,3074.89990234375,15588.0,yahoo
M&M,5m,2026-09-22T10:15:00+05:30,3074.699951171875,3074.89990234375,3069.300048828125,3070.39990234375,17899.0,yahoo
M&M,5m,2026-09-22T10:20:00+05:30,3070.60009765625,3072.0,3069.199951171875,3070.39990234375,19378.0,yahoo
M&M,5m,2026-09-22T10:25:00+05:30,3070.39990234375,3072.60009765625,3068.60009765625,3072.5,12166.0,yahoo
M&M,5m,2026-09-22T10:30:00+05:30,3072.10009765625,3072.10009765625,3068.0,3068.699951171875,8055.0,yahoo
M&M,5m,2026-09-22T10:35:00+05:30,3068.60009765625,3068.60009765625,3062.300048828125,3063.199951171875,8590.0,yahoo
M&M,5m,2026-09-22T10:40:00+05:30,3062.89990234375,3063.199951171875,3057.10009765625,3059.0,17178.0,yahoo
M&M,5m,2026-09-22T10:45:00+05:30,3058.0,3059.10009765625,3057.199951171875,3057.89990234375,5702.0,yahoo
M&M,5m,2026-09-22T10:50:00+05:30,3057.60009765625,3057.89990234375,3056.60009765625,3057.60009765625,13452.0,yahoo
M&M,5m,2026-09-22T10:55:00+05:30,3058.10009765625,3062.60009765625,3057.5,3062.0,11879.0,yahoo
M&M,5m,2026-09-22T11:00:00+05:30,3062.60009765625,3062.60009765625,3058.0,3058.60009765625,10916.0,yahoo
M&M,5m,2026-09-22T11:05:00+05:30,3058.199951171875,3060.0,3057.10009765625,3059.800048828125,15079.0,yahoo
M&M,5m,2026-09-22T11:10:00+05:30,3059.0,3062.5,3058.199951171875,3061.89990234375,11328.0,yahoo
M&M,5m,2026-09-22T11:15:00+05:30,3062.5,3066.699951171875,3062.199951171875,3065.0,17374.0,yahoo
M&M,5m,2026-09-22T11:20:00+05:30,3065.0,3066.39990234375,3063.60009765625,3066.39990234375,18814.0,yahoo
M&M,5m,2026-09-22T11:25:00+05:30,3066.0,3066.699951171875,3062.5,3062.5,15319.0,yahoo
M&M,5m,2026-09-22T11:30:00+05:30,3062.5,3063.0,3060.300048828125,3061.89990234375,8378.0,yahoo
M&M,5m,2026-09-22T11:35:00+05:30,3061.800048828125,3061.800048828125,3058.39990234375,3059.699951171875,10241.0,yahoo
M&M,5m,2026-09-22T11:40:00+05:30,3060.0,3060.300048828125,3057.199951171875,3057.300048828125,19325.0,yahoo
M&M,5m,2026-09-22T11:45:00+05:30,3057.39990234375,3057.699951171875,3052.699951171875,3053.5,17062.0,yahoo
M&M,5m,2026-09-22T11:50:00+05:30,3053.39990234375,3054.10009765625,3052.0,3052.10009765625,7861.0,yahoo
M&M,5m,2026-09-22T11:55:00+05:30,3052.10009765625,3053.0,3050.0,3052.89990234375,33992.0,yahoo
M&M,5m,2026-09-22T12:00:00+05:30,3053.10009765625,3055.10009765625,3051.0,3053.5,16656.0,yahoo
M&M,5m,2026-09-22T12:05:00+05:30,3053.60009765625,3055.0,3051.0,3051.89990234375,21659.0,yahoo
M&M,5m,2026-09-22T12:10:00+05:30,3052.800048828125,3052.800048828125,3050.5,3050.89990234375,8376.0,yahoo
M&M,5m,2026-09-22T12:15:00+05:30,3050.89990234375,3052.300048828125,3050.0,3051.199951171875,9213.0,yahoo
M&M,5m,2026-09-22T12:20:00+05:30,3051.5,3052.10009765625,3048.0,3049.39990234375,19406.0,yahoo
M&M,5m,2026-09-22T12:25:00+05:30,3049.5,3053.800048828125,3049.5,3053.300048828125,23387.0,yahoo
M&M,5m,2026-09-22T12:30:00+05:30,3053.5,3053.5,3050.0,3050.5,28059.0,yahoo
M&M,5m,2026-09-22T12:35:00+05:30,3050.699951171875,3051.39990234375,3050.5,3050.5,14356.0,yahoo
M&M,5m,2026-09-22T12:40:00+05:30,3050.60009765625,3051.39990234375,3042.39990234375,3043.300048828125,45445.0,yahoo
M&M,5m,2026-09-22T12:45:00+05:30,3043.300048828125,3044.199951171875,3041.89990234375,3043.60009765625,17154.0,yahoo
M&M,5m,2026-09-22T12:50:00+05:30,3044.0,3044.300048828125,3038.699951171875,3039.39990234375,31671.0,yahoo
M&M,5m,2026-09-22T12:55:00+05:30,3038.199951171875,3039.699951171875,3035.0,3038.699951171875,46857.0,yahoo
M&M,5m,2026-09-22T13:00:00+05:30,3038.60009765625,3039.0,3035.5,3037.10009765625,32452.0,yahoo
M&M,5m,2026-09-22T13:05:00+05:30,3037.10009765625,3048.800048828125,3037.0,3044.10009765625,29853.0,yahoo
M&M,5m,2026-09-22T13:10:00+05:30,3043.800048828125,3045.60009765625,3042.199951171875,3044.0,10846.0,yahoo
M&M,5m,2026-09-22T13:15:00+05:30,3044.0,3047.699951171875,3042.60009765625,3047.0,36479.0,yahoo
M&M,5m,2026-09-22T13:20:00+05:30,3046.5,3051.199951171875,3046.0,3050.10009765625,15538.0,yahoo
M&M,5m,2026-09-22T13:25:00+05:30,3050.10009765625,3051.89990234375,3050.0,3050.5,10288.0,yahoo
M&M,5m,2026-09-22T13:30:00+05:30,3050.699951171875,3054.0,3049.60009765625,3052.0,15146.0,yahoo
M&M,5m,2026-09-22T13:35:00+05:30,3053.0,3053.10009765625,3049.699951171875,3050.0,11494.0,yahoo
M&M,5m,2026-09-22T13:40:00+05:30,3049.10009765625,3054.0,3049.10009765625,3050.60009765625,16374.0,yahoo
M&M,5m,2026-09-22T13:45:00+05:30,3050.60009765625,3050.89990234375,3045.10009765625,3048.0,9149.0,yahoo
M&M,5m,2026-09-22T13:50:00+05:30,3048.0,3049.699951171875,3045.60009765625,3047.0,16477.0,yahoo
M&M,5m,2026-09-22T13:55:00+05:30,3047.39990234375,3050.0,3045.699951171875,3046.39990234375,21509.0,yahoo
M&M,5m,2026-09-22T14:00:00+05:30,3046.300048828125,3046.300048828125,3042.5,3045.5,16793.0,yahoo
M&M,5m,2026-09-22T14:05:00+05:30,3045.5,3046.0,3042.5,3043.89990234375,9750.0,yahoo
M&M,5m,2026-09-22T14:10:00+05:30,3044.5,3054.0,3042.89990234375,3053.5,30671.0,yahoo
M&M,5m,2026-09-22T14:15:00+05:30,3054.0,3057.10009765625,3050.0,3054.60009765625,16354.0,yahoo
M&M,5m,2026-09-22T14:20:00+05:30,3054.60009765625,3056.60009765625,3051.5,3051.5,15280.0,yahoo
M&M,5m,2026-09-22T14:25:00+05:30,3052.10009765625,3054.300048828125,3051.39990234375,3053.10009765625,12434.0,yahoo
M&M,5m,2026-09-22T14:30:00+05:30,3053.699951171875,3053.89990234375,3050.89990234375,3051.800048828125,22049.0,yahoo
M&M,5m,2026-09-22T14:35:00+05:30,3051.199951171875,3062.10009765625,3051.199951171875,3058.39990234375,30719.0,yahoo
M&M,5m,2026-09-22T14:40:00+05:30,3058.39990234375,3059.0,3055.60009765625,3057.0,14350.0,yahoo
M&M,5m,2026-09-22T14:45:00+05:30,3057.0,3058.5,3051.800048828125,3052.0,12204.0,yahoo
M&M,5m,2026-09-22T14:50:00+05:30,3051.699951171875,3053.0,3050.10009765625,3051.800048828125,42685.0,yahoo
M&M,5m,2026-09-22T14:55:00+05:30,3051.60009765625,3051.89990234375,3047.699951171875,3049.39990234375,36919.0,yahoo
M&M,5m,2026-09-22T15:00:00+05:30,3049.39990234375,3052.800048828125,3049.39990234375,3051.60009765625,43255.0,yahoo
M&M,5m,2026-09-22T15:05:00+05:30,3051.5,3051.89990234375,3045.89990234375,3047.199951171875,54351.0,yahoo
M&M,5m,2026-09-22T15:10:00+05:30,3047.0,3053.0,3046.300048828125,3049.10009765625,65443.0,yahoo
M&M,5m,2026-09-22T15:15:00+05:30,3052.0,3052.0,3044.5,3044.5,72736.0,yahoo
MARUTI,5m,2026-09-22T09:15:00+05:30,12199.0,12238.0,12199.0,12225.0,0.0,yahoo
MARUTI,5m,2026-09-22T09:20:00+05:30,12220.0,12233.0,12206.0,12226.0,2019.0,yahoo
MARUTI,5m,2026-09-22T09:25:00+05:30,12225.0,12225.0,12209.0,12217.0,1986.0,yahoo
MARUTI,5m,2026-09-22T09:30:00+05:30,12220.0,12221.0,12206.0,12211.0,1323.0,yahoo
MARUTI,5m,2026-09-22T09:35:00+05:30,12211.0,12227.0,12208.0,12224.0,1191.0,yahoo
MARUTI,5m,2026-09-22T09:40:00+05:30,12223.0,12260.0,12223.0,12249.0,6257.0,yahoo
MARUTI,5m,2026-09-22T09:45:00+05:30,12249.0,12275.0,12249.0,12270.0,4998.0,yahoo
MARUTI,5m,2026-09-22T09:50:00+05:30,12270.0,12270.0,12245.0,12259.0,2674.0,yahoo
MARUTI,5m,2026-09-22T09:55:00+05:30,12259.0,12269.0,12256.0,12269.0,1289.0,yahoo
MARUTI,5m,2026-09-22T10:00:00+05:30,12268.0,12270.0,12256.0,12269.0,1575.0,yahoo
MARUTI,5m,2026-09-22T10:05:00+05:30,12264.0,12270.0,12223.0,12224.0,3543.0,yahoo
MARUTI,5m,2026-09-22T10:10:00+05:30,12223.0,12233.0,12220.0,12228.0,2674.0,yahoo
MARUTI,5m,2026-09-22T10:15:00+05:30,12225.0,12225.0,12212.0,12219.0,2325.0,yahoo
MARUTI,5m,2026-09-22T10:20:00+05:30,12219.0,12224.0,12203.0,12206.0,3395.0,yahoo
MARUTI,5m,2026-09-22T10:25:00+05:30,12207.0,12210.0,12195.0,12199.0,6585.0,yahoo
MARUTI,5m,2026-09-22T10:30:00+05:30,12200.0,12200.0,12185.0,12195.0,2319.0,yahoo
MARUTI,5m,2026-09-22T10:35:00+05:30,12195.0,12195.0,12180.0,12181.0,2024.0,yahoo
MARUTI,5m,2026-09-22T10:40:00+05:30,12180.0,12186.0,12161.0,12170.0,4266.0,yahoo
MARUTI,5m,2026-09-22T10:45:00+05:30,12171.0,12184.0,12167.0,12177.0,1770.0,yahoo
MARUTI,5m,2026-09-22T10:50:00+05:30,12176.0,12178.0,12164.0,12178.0,1212.0,yahoo
MARUTI,5m,2026-09-22T10:55:00+05:30,12177.0,12189.0,12170.0,12189.0,1505.0,yahoo
MARUTI,5m,2026-09-22T11:00:00+05:30,12188.0,12189.0,12169.0,12178.0,1786.0,yahoo
MARUTI,5m,2026-09-22T11:05:00+05:30,12175.0,12194.0,12172.0,12191.0,3223.0,yahoo
MARUTI,5m,2026-09-22T11:10:00+05:30,12193.0,12200.0,12186.0,12193.0,9133.0,yahoo
MARUTI,5m,2026-09-22T11:15:00+05:30,12189.0,12209.0,12189.0,12197.0,10447.0,yahoo
MARUTI,5m,2026-09-22T11:20:00+05:30,12199.0,12210.0,12192.0,12210.0,11047.0,yahoo
MARUTI,5m,2026-09-22T11:25:00+05:30,12211.0,12211.0,12195.0,12196.0,24483.0,yahoo
MARUTI,5m,2026-09-22T11:30:00+05:30,12195.0,12197.0,12175.0,12177.0,1884.0,yahoo
MARUTI,5m,2026-09-22T11:35:00+05:30,12176.0,12178.0,12171.0,12171.0,1334.0,yahoo
MARUTI,5m,2026-09-22T11:40:00+05:30,12175.0,12177.0,12168.0,12170.0,1381.0,yahoo
MARUTI,5m,2026-09-22T11:45:00+05:30,12174.0,12185.0,12165.0,12182.0,3248.0,yahoo
MARUTI,5m,2026-09-22T11:50:00+05:30,12181.0,12184.0,12174.0,12181.0,1595.0,yahoo
MARUTI,5m,2026-09-22T11:55:00+05:30,12181.0,12194.0,12175.0,12187.0,5188.0,yahoo
MARUTI,5m,2026-09-22T12:00:00+05:30,12185.0,12193.0,12182.0,12185.0,1417.0,yahoo
MARUTI,5m,2026-09-22T12:05:00+05:30,12185.0,12194.0,12185.0,12191.0,1108.0,yahoo
MARUTI,5m,2026-09-22T12:10:00+05:30,12191.0,12191.0,12180.0,12186.0,1608.0,yahoo
MARUTI,5m,2026-09-22T12:15:00+05:30,12186.0,12189.0,12182.0,12188.0,1698.0,yahoo
MARUTI,5m,2026-09-22T12:20:00+05:30,12188.0,12189.0,12185.0,12188.0,693.0,yahoo
MARUTI,5m,2026-09-22T12:25:00+05:30,12187.0,12188.0,12185.0,12187.0,1290.0,yahoo
MARUTI,5m,2026-09-22T12:30:00+05:30,12187.0,12189.0,12186.0,12189.0,619.0,yahoo
MARUTI,5m,2026-09-22T12:35:00+05:30,12186.0,12189.0,12185.0,12189.0,1259.0,yahoo
MARUTI,5m,2026-09-22T12:40:00+05:30,12189.0,12190.0,12175.0,12178.0,3064.0,yahoo
MARUTI,5m,2026-09-22T12:45:00+05:30,12178.0,12178.0,12163.0,12164.0,2408.0,yahoo
MARUTI,5m,2026-09-22T12:50:00+05:30,12164.0,12174.0,12161.0,12166.0,4554.0,yahoo
MARUTI,5m,2026-09-22T12:55:00+05:30,12168.0,12175.0,12157.0,12172.0,7375.0,yahoo
MARUTI,5m,2026-09-22T13:00:00+05:30,12171.0,12177.0,12170.0,12177.0,2527.0,yahoo
MARUTI,5m,2026-09-22T13:05:00+05:30,12175.0,12188.0,12175.0,12181.0,8409.0,yahoo
MARUTI,5m,2026-09-22T13:10:00+05:30,12181.0,12185.0,12176.0,12177.0,977.0,yahoo
MARUTI,5m,2026-09-22T13:15:00+05:30,12179.0,12183.0,12176.0,12177.0,775.0,yahoo
MARUTI,5m,2026-09-22T13:20:00+05:30,12177.0,12180.0,12173.0,12175.0,802.0,yahoo
MARUTI,5m,2026-09-22T13:25:00+05:30,12175.0,12180.0,12173.0,12176.0,811.0,yahoo
MARUTI,5m,2026-09-22T13:30:00+05:30,12173.0,12184.0,12172.0,12183.0,852.0,yahoo
MARUTI,5m,2026-09-22T13:35:00+05:30,12178.0,12184.0,12173.0,12173.0,883.0,yahoo
MARUTI,5m,2026-09-22T13:40:00+05:30,12172.0,12182.0,12172.0,12177.0,818.0,yahoo
MARUTI,5m,2026-09-22T13:45:00+05:30,12177.0,12180.0,12170.0,12170.0,813.0,yahoo
MARUTI,5m,2026-09-22T13:50:00+05:30,12172.0,12176.0,12150.0,12157.0,2361.0,yahoo
MARUTI,5m,2026-09-22T13:55:00+05:30,12157.0,12165.0,12155.0,12160.0,1544.0,yahoo
MARUTI,5m,2026-09-22T14:00:00+05:30,12160.0,12160.0,12142.0,12155.0,3636.0,yahoo
MARUTI,5m,2026-09-22T14:05:00+05:30,12152.0,12159.0,12150.0,12157.0,1204.0,yahoo
MARUTI,5m,2026-09-22T14:10:00+05:30,12156.0,12187.0,12154.0,12187.0,2907.0,yahoo
MARUTI,5m,2026-09-22T14:15:00+05:30,12187.0,12197.0,12167.0,12187.0,5058.0,yahoo
MARUTI,5m,2026-09-22T14:20:00+05:30,12190.0,12200.0,12180.0,12184.0,5720.0,yahoo
MARUTI,5m,2026-09-22T14:25:00+05:30,12179.0,12191.0,12176.0,12182.0,3184.0,yahoo
MARUTI,5m,2026-09-22T14:30:00+05:30,12183.0,12190.0,12171.0,12176.0,3227.0,yahoo
MARUTI,5m,2026-09-22T14:35:00+05:30,12172.0,12186.0,12172.0,12180.0,1312.0,yahoo
MARUTI,5m,2026-09-22T14:40:00+05:30,12180.0,12188.0,12170.0,12179.0,1449.0,yahoo
MARUTI,5m,2026-09-22T14:45:00+05:30,12173.0,12185.0,12173.0,12178.0,1391.0,yahoo
MARUTI,5m,2026-09-22T14:50:00+05:30,12178.0,12191.0,12173.0,12182.0,5683.0,yahoo
MARUTI,5m,2026-09-22T14:55:00+05:30,12181.0,12182.0,12165.0,12168.0,4258.0,yahoo
MARUTI,5m,2026-09-22T15:00:00+05:30,12168.0,12177.0,12162.0,12173.0,5775.0,yahoo
MARUTI,5m,2026-09-22T15:05:00+05:30,12167.0,12179.0,12153.0,12159.0,4704.0,yahoo
MARUTI,5m,2026-09-22T15:10:00+05:30,12159.0,12178.0,12157.0,12171.0,4551.0,yahoo
MARUTI,5m,2026-09-22T15:15:00+05:30,12178.0,12190.0,12178.0,12190.0,4686.0,yahoo
MAXHEALTH,5m,2026-09-22T09:15:00+05:30,1066.4000244140625,1067.0,1059.5999755859375,1059.5999755859375,0.0,yahoo
MAXHEALTH,5m,2026-09-22T09:20:00+05:30,1059.699951171875,1059.699951171875,1057.199951171875,1058.5999755859375,17926.0,yahoo
MAXHEALTH,5m,2026-09-22T09:25:00+05:30,1058.0,1058.5,1056.699951171875,1058.5,9092.0,yahoo
MAXHEALTH,5m,2026-09-22T09:30:00+05:30,1058.4000244140625,1060.4000244140625,1057.0999755859375,1060.4000244140625,9809.0,yahoo
MAXHEALTH,5m,2026-09-22T09:35:00+05:30,1060.199951171875,1060.199951171875,1058.199951171875,1058.4000244140625,5066.0,yahoo
MAXHEALTH,5m,2026-09-22T09:40:00+05:30,1058.4000244140625,1059.4000244140625,1058.199951171875,1058.699951171875,5321.0,yahoo
MAXHEALTH,5m,2026-09-22T09:45:00+05:30,1058.9000244140625,1060.0,1058.5999755859375,1059.699951171875,4316.0,yahoo
MAXHEALTH,5m,2026-09-22T09:50:00+05:30,1059.800048828125,1060.0,1058.0999755859375,1058.4000244140625,9610.0,yahoo
MAXHEALTH,5m,2026-09-22T09:55:00+05:30,1058.4000244140625,1058.4000244140625,1056.5,1057.800048828125,11414.0,yahoo
MAXHEALTH,5m,2026-09-22T10:00:00+05:30,1057.199951171875,1059.199951171875,1056.9000244140625,1058.4000244140625,6010.0,yahoo
MAXHEALTH,5m,2026-09-22T10:05:00+05:30,1058.199951171875,1059.4000244140625,1058.0,1058.199951171875,5002.0,yahoo
MAXHEALTH,5m,2026-09-22T10:10:00+05:30,1058.4000244140625,1060.199951171875,1058.300048828125,1059.699951171875,5375.0,yahoo
MAXHEALTH,5m,2026-09-22T10:15:00+05:30,1059.5999755859375,1059.699951171875,1058.199951171875,1058.199951171875,3907.0,yahoo
MAXHEALTH,5m,2026-09-22T10:20:00+05:30,1058.199951171875,1058.699951171875,1057.0,1057.0,5280.0,yahoo
MAXHEALTH,5m,2026-09-22T10:25:00+05:30,1057.0,1057.300048828125,1055.5999755859375,1055.5999755859375,11889.0,yahoo
MAXHEALTH,5m,2026-09-22T10:30:00+05:30,1055.5999755859375,1056.0,1054.0999755859375,1055.0,6955.0,yahoo
MAXHEALTH,5m,2026-09-22T10:35:00+05:30,1054.9000244140625,1054.9000244140625,1052.5,1053.0999755859375,3865.0,yahoo
MAXHEALTH,5m,2026-09-22T10:40:00+05:30,1053.0,1053.5,1051.199951171875,1052.199951171875,10116.0,yahoo
MAXHEALTH,5m,2026-09-22T10:45:00+05:30,1051.800048828125,1052.5999755859375,1051.4000244140625,1051.4000244140625,8000.0,yahoo
MAXHEALTH,5m,2026-09-22T10:50:00+05:30,1051.0999755859375,1052.5,1050.0999755859375,1052.5,15226.0,yahoo
MAXHEALTH,5m,2026-09-22T10:55:00+05:30,1052.300048828125,1056.0999755859375,1052.300048828125,1056.0,7399.0,yahoo
MAXHEALTH,5m,2026-09-22T11:00:00+05:30,1056.0,1057.199951171875,1055.300048828125,1056.699951171875,6123.0,yahoo
MAXHEALTH,5m,2026-09-22T11:05:00+05:30,1056.5,1057.699951171875,1056.5,1057.0999755859375,6739.0,yahoo
MAXHEALTH,5m,2026-09-22T11:10:00+05:30,1057.4000244140625,1057.5,1056.199951171875,1057.0,3796.0,yahoo
MAXHEALTH,5m,2026-09-22T11:15:00+05:30,1056.9000244140625,1058.300048828125,1056.800048828125,1057.4000244140625,4193.0,yahoo
MAXHEALTH,5m,2026-09-22T11:20:00+05:30,1058.0,1064.699951171875,1058.0,1062.800048828125,95770.0,yahoo
MAXHEALTH,5m,2026-09-22T11:25:00+05:30,1062.800048828125,1063.0999755859375,1060.800048828125,1061.199951171875,4587.0,yahoo
MAXHEALTH,5m,2026-09-22T11:30:00+05:30,1061.0,1064.300048828125,1060.0,1063.5,16354.0,yahoo
MAXHEALTH,5m,2026-09-22T11:35:00+05:30,1062.800048828125,1065.5999755859375,1062.5,1063.0,61593.0,yahoo
MAXHEALTH,5m,2026-09-22T11:40:00+05:30,1063.199951171875,1063.699951171875,1062.300048828125,1062.800048828125,9726.0,yahoo
MAXHEALTH,5m,2026-09-22T11:45:00+05:30,1062.9000244140625,1063.5,1062.199951171875,1062.5,3468.0,yahoo
MAXHEALTH,5m,2026-09-22T11:50:00+05:30,1062.0999755859375,1062.199951171875,1060.9000244140625,1061.0999755859375,5205.0,yahoo
MAXHEALTH,5m,2026-09-22T11:55:00+05:30,1061.0999755859375,1062.4000244140625,1060.9000244140625,1062.0,2952.0,yahoo
MAXHEALTH,5m,2026-09-22T12:00:00+05:30,1062.0,1062.300048828125,1060.699951171875,1061.300048828125,3392.0,yahoo
MAXHEALTH,5m,2026-09-22T12:05:00+05:30,1061.4000244140625,1067.0,1060.5999755859375,1066.5,11411.0,yahoo
MAXHEALTH,5m,2026-09-22T12:10:00+05:30,1066.5999755859375,1066.9000244140625,1065.5,1065.5999755859375,7968.0,yahoo
MAXHEALTH,5m,2026-09-22T12:15:00+05:30,1065.5999755859375,1067.5999755859375,1064.9000244140625,1066.5999755859375,28353.0,yahoo
MAXHEALTH,5m,2026-09-22T12:20:00+05:30,1066.5999755859375,1069.0,1065.0,1068.4000244140625,7286.0,yahoo
MAXHEALTH,5m,2026-09-22T12:25:00+05:30,1068.300048828125,1068.5,1068.0,1068.199951171875,26600.0,yahoo
MAXHEALTH,5m,2026-09-22T12:30:00+05:30,1068.0,1068.199951171875,1067.5,1067.5,61328.0,yahoo
MAXHEALTH,5m,2026-09-22T12:35:00+05:30,1067.5,1068.0999755859375,1067.0,1067.5,5572.0,yahoo
MAXHEALTH,5m,2026-09-22T12:40:00+05:30,1067.5999755859375,1068.0999755859375,1067.4000244140625,1067.699951171875,4577.0,yahoo
MAXHEALTH,5m,2026-09-22T12:45:00+05:30,1067.800048828125,1068.0,1067.5,1067.5,2679.0,yahoo
MAXHEALTH,5m,2026-09-22T12:50:00+05:30,1067.5,1067.9000244140625,1064.5999755859375,1064.5999755859375,32904.0,yahoo
MAXHEALTH,5m,2026-09-22T12:55:00+05:30,1064.5999755859375,1065.300048828125,1064.0999755859375,1064.699951171875,3977.0,yahoo
MAXHEALTH,5m,2026-09-22T13:00:00+05:30,1064.800048828125,1064.9000244140625,1064.0,1064.4000244140625,8267.0,yahoo
MAXHEALTH,5m,2026-09-22T13:05:00+05:30,1064.300048828125,1065.9000244140625,1064.0999755859375,1065.300048828125,4998.0,yahoo
MAXHEALTH,5m,2026-09-22T13:10:00+05:30,1065.199951171875,1065.5,1064.9000244140625,1065.5,2413.0,yahoo
MAXHEALTH,5m,2026-09-22T13:15:00+05:30,1065.0,1065.4000244140625,1064.0999755859375,1064.5,6480.0,yahoo
MAXHEALTH,5m,2026-09-22T13:20:00+05:30,1064.4000244140625,1064.699951171875,1064.0,1064.0999755859375,2792.0,yahoo
MAXHEALTH,5m,2026-09-22T13:25:00+05:30,1064.199951171875,1064.5999755859375,1064.0,1064.0999755859375,3152.0,yahoo
MAXHEALTH,5m,2026-09-22T13:30:00+05:30,1064.199951171875,1065.5,1064.199951171875,1065.5,10333.0,yahoo
MAXHEALTH,5m,2026-09-22T13:35:00+05:30,1065.4000244140625,1065.699951171875,1064.4000244140625,1064.4000244140625,3452.0,yahoo
MAXHEALTH,5m,2026-09-22T13:40:00+05:30,1064.300048828125,1064.4000244140625,1061.699951171875,1061.699951171875,4884.0,yahoo
MAXHEALTH,5m,2026-09-22T13:45:00+05:30,1061.5,1061.5,1059.5999755859375,1060.199951171875,6488.0,yahoo
MAXHEALTH,5m,2026-09-22T13:50:00+05:30,1060.0999755859375,1060.0999755859375,1058.300048828125,1059.699951171875,4178.0,yahoo
MAXHEALTH,5m,2026-09-22T13:55:00+05:30,1059.4000244140625,1060.300048828125,1058.199951171875,1059.199951171875,5097.0,yahoo
MAXHEALTH,5m,2026-09-22T14:00:00+05:30,1059.0999755859375,1061.199951171875,1057.699951171875,1061.0999755859375,5908.0,yahoo
MAXHEALTH,5m,2026-09-22T14:05:00+05:30,1060.9000244140625,1061.0999755859375,1058.5,1059.699951171875,4228.0,yahoo
MAXHEALTH,5m,2026-09-22T14:10:00+05:30,1059.699951171875,1062.300048828125,1059.0999755859375,1062.300048828125,3314.0,yahoo
MAXHEALTH,5m,2026-09-22T14:15:00+05:30,1062.199951171875,1062.699951171875,1058.9000244140625,1060.5,3671.0,yahoo
MAXHEALTH,5m,2026-09-22T14:20:00+05:30,1060.0999755859375,1062.0999755859375,1060.0999755859375,1060.5,3980.0,yahoo
MAXHEALTH,5m,2026-09-22T14:25:00+05:30,1060.0999755859375,1061.5999755859375,1060.0999755859375,1061.0999755859375,4777.0,yahoo
MAXHEALTH,5m,2026-09-22T14:30:00+05:30,1061.0999755859375,1061.9000244140625,1059.4000244140625,1060.199951171875,6923.0,yahoo
MAXHEALTH,5m,2026-09-22T14:35:00+05:30,1060.300048828125,1060.800048828125,1059.300048828125,1060.0,7572.0,yahoo
MAXHEALTH,5m,2026-09-22T14:40:00+05:30,1060.0999755859375,1060.0999755859375,1058.800048828125,1059.300048828125,5060.0,yahoo
MAXHEALTH,5m,2026-09-22T14:45:00+05:30,1059.5,1060.300048828125,1059.0999755859375,1059.5999755859375,8726.0,yahoo
MAXHEALTH,5m,2026-09-22T14:50:00+05:30,1059.5999755859375,1063.0999755859375,1058.0999755859375,1061.5,212483.0,yahoo
MAXHEALTH,5m,2026-09-22T14:55:00+05:30,1061.0999755859375,1061.300048828125,1058.0999755859375,1058.0999755859375,35849.0,yahoo
MAXHEALTH,5m,2026-09-22T15:00:00+05:30,1058.300048828125,1059.5,1057.5999755859375,1058.5,41584.0,yahoo
MAXHEALTH,5m,2026-09-22T15:05:00+05:30,1059.0,1060.0,1058.199951171875,1058.300048828125,53709.0,yahoo
MAXHEALTH,5m,2026-09-22T15:10:00+05:30,1058.699951171875,1061.0,1055.0,1056.5,68572.0,yahoo
MCX,5m,2026-09-22T09:15:00+05:30,3220.0,3247.699951171875,3220.0,3231.800048828125,0.0,yahoo
MCX,5m,2026-09-22T09:20:00+05:30,3234.39990234375,3239.60009765625,3215.0,3215.0,27629.0,yahoo
MCX,5m,2026-09-22T09:25:00+05:30,3216.0,3221.5,3213.0,3220.0,14620.0,yahoo
MCX,5m,2026-09-22T09:30:00+05:30,3220.800048828125,3231.699951171875,3219.0,3230.0,14092.0,yahoo
MCX,5m,2026-09-22T09:35:00+05:30,3230.199951171875,3248.60009765625,3230.199951171875,3235.300048828125,34693.0,yahoo
MCX,5m,2026-09-22T09:40:00+05:30,3235.300048828125,3241.199951171875,3230.0,3232.10009765625,15898.0,yahoo
MCX,5m,2026-09-22T09:45:00+05:30,3234.0,3239.300048828125,3234.0,3235.39990234375,7068.0,yahoo
MCX,5m,2026-09-22T09:50:00+05:30,3238.300048828125,3239.0,3235.0,3238.300048828125,10455.0,yahoo
MCX,5m,2026-09-22T09:55:00+05:30,3238.300048828125,3238.800048828125,3230.699951171875,3230.699951171875,6291.0,yahoo
MCX,5m,2026-09-22T10:00:00+05:30,3228.0,3233.300048828125,3228.0,3233.300048828125,9329.0,yahoo
MCX,5m,2026-09-22T10:05:00+05:30,3233.10009765625,3234.0,3230.0,3233.0,8988.0,yahoo
MCX,5m,2026-09-22T10:10:00+05:30,3231.39990234375,3238.5,3231.39990234375,3236.300048828125,7863.0,yahoo
MCX,5m,2026-09-22T10:15:00+05:30,3236.300048828125,3249.0,3236.300048828125,3246.0,17783.0,yahoo
MCX,5m,2026-09-22T10:20:00+05:30,3246.300048828125,3248.5,3239.699951171875,3246.0,12547.0,yahoo
MCX,5m,2026-09-22T10:25:00+05:30,3245.89990234375,3247.0,3240.800048828125,3241.5,12211.0,yahoo
MCX,5m,2026-09-22T10:30:00+05:30,3243.0,3254.89990234375,3235.0,3236.800048828125,28959.0,yahoo
MCX,5m,2026-09-22T10:35:00+05:30,3237.89990234375,3238.300048828125,3230.5,3231.39990234375,9132.0,yahoo
MCX,5m,2026-09-22T10:40:00+05:30,3230.5,3239.199951171875,3230.5,3236.60009765625,8466.0,yahoo
MCX,5m,2026-09-22T10:45:00+05:30,3235.199951171875,3245.800048828125,3235.0,3243.199951171875,6372.0,yahoo
MCX,5m,2026-09-22T10:50:00+05:30,3242.10009765625,3251.199951171875,3240.300048828125,3249.39990234375,14804.0,yahoo
MCX,5m,2026-09-22T10:55:00+05:30,3250.0,3250.0,3241.0,3247.10009765625,8157.0,yahoo
MCX,5m,2026-09-22T11:00:00+05:30,3247.60009765625,3271.89990234375,3244.39990234375,3271.89990234375,49802.0,yahoo
MCX,5m,2026-09-22T11:05:00+05:30,3271.199951171875,3273.60009765625,3260.0,3260.60009765625,36599.0,yahoo
MCX,5m,2026-09-22T11:10:00+05:30,3262.0,3263.0,3256.300048828125,3259.5,11351.0,yahoo
MCX,5m,2026-09-22T11:15:00+05:30,3260.0,3263.0,3259.0,3259.39990234375,4670.0,yahoo
MCX,5m,2026-09-22T11:20:00+05:30,3259.10009765625,3263.10009765625,3259.10009765625,3263.10009765625,3735.0,yahoo
MCX,5m,2026-09-22T11:25:00+05:30,3263.10009765625,3273.89990234375,3261.60009765625,3268.10009765625,16834.0,yahoo
MCX,5m,2026-09-22T11:30:00+05:30,3269.39990234375,3272.0,3265.300048828125,3269.60009765625,7695.0,yahoo
MCX,5m,2026-09-22T11:35:00+05:30,3269.39990234375,3269.39990234375,3265.800048828125,3267.300048828125,10307.0,yahoo
MCX,5m,2026-09-22T11:40:00+05:30,3267.199951171875,3268.5,3262.39990234375,3264.0,6366.0,yahoo
MCX,5m,2026-09-22T11:45:00+05:30,3263.699951171875,3264.0,3257.89990234375,3259.10009765625,9337.0,yahoo
MCX,5m,2026-09-22T11:50:00+05:30,3260.5,3263.699951171875,3255.0,3261.0,11554.0,yahoo
MCX,5m,2026-09-22T11:55:00+05:30,3261.0,3263.699951171875,3259.0,3263.0,4815.0,yahoo
MCX,5m,2026-09-22T12:00:00+05:30,3263.699951171875,3264.0,3254.800048828125,3255.0,5639.0,yahoo
MCX,5m,2026-09-22T12:05:00+05:30,3256.699951171875,3260.39990234375,3255.0,3259.5,14198.0,yahoo
MCX,5m,2026-09-22T12:10:00+05:30,3262.199951171875,3265.60009765625,3260.5,3262.800048828125,5981.0,yahoo
MCX,5m,2026-09-22T12:15:00+05:30,3261.199951171875,3269.699951171875,3260.60009765625,3269.0,7493.0,yahoo
MCX,5m,2026-09-22T12:20:00+05:30,3269.89990234375,3271.199951171875,3264.60009765625,3266.0,10687.0,yahoo
MCX,5m,2026-09-22T12:25:00+05:30,3266.89990234375,3268.39990234375,3262.300048828125,3262.300048828125,4221.0,yahoo
MCX,5m,2026-09-22T12:30:00+05:30,3262.199951171875,3263.39990234375,3257.699951171875,3258.89990234375,8851.0,yahoo
MCX,5m,2026-09-22T12:35:00+05:30,3258.10009765625,3260.5,3257.800048828125,3259.199951171875,4934.0,yahoo
MCX,5m,2026-09-22T12:40:00+05:30,3259.0,3260.800048828125,3258.0,3258.0,3459.0,yahoo
MCX,5m,2026-09-22T12:45:00+05:30,3258.5,3260.5,3257.5,3259.0,4419.0,yahoo
MCX,5m,2026-09-22T12:50:00+05:30,3259.5,3261.0,3256.300048828125,3259.39990234375,5310.0,yahoo
MCX,5m,2026-09-22T12:55:00+05:30,3260.0,3260.699951171875,3257.60009765625,3260.0,7099.0,yahoo
MCX,5m,2026-09-22T13:00:00+05:30,3259.699951171875,3269.0,3258.10009765625,3264.10009765625,11901.0,yahoo
MCX,5m,2026-09-22T13:05:00+05:30,3265.39990234375,3273.699951171875,3263.699951171875,3272.0,15594.0,yahoo
MCX,5m,2026-09-22T13:10:00+05:30,3272.0,3279.699951171875,3271.5,3273.10009765625,27760.0,yahoo
MCX,5m,2026-09-22T13:15:00+05:30,3273.699951171875,3276.300048828125,3270.39990234375,3272.800048828125,13210.0,yahoo
MCX,5m,2026-09-22T13:20:00+05:30,3274.0,3277.10009765625,3273.300048828125,3277.0,10008.0,yahoo
MCX,5m,2026-09-22T13:25:00+05:30,3277.0,3277.89990234375,3272.89990234375,3274.300048828125,8756.0,yahoo
MCX,5m,2026-09-22T13:30:00+05:30,3275.300048828125,3277.800048828125,3273.0,3275.800048828125,7505.0,yahoo
MCX,5m,2026-09-22T13:35:00+05:30,3275.199951171875,3278.0,3274.60009765625,3276.60009765625,5504.0,yahoo
MCX,5m,2026-09-22T13:40:00+05:30,3275.0,3277.699951171875,3274.699951171875,3275.5,6102.0,yahoo
MCX,5m,2026-09-22T13:45:00+05:30,3275.300048828125,3277.0,3270.0,3271.800048828125,10738.0,yahoo
MCX,5m,2026-09-22T13:50:00+05:30,3270.5,3274.300048828125,3268.199951171875,3271.0,13470.0,yahoo
MCX,5m,2026-09-22T13:55:00+05:30,3271.89990234375,3275.0,3270.89990234375,3272.0,5770.0,yahoo
MCX,5m,2026-09-22T14:00:00+05:30,3274.0,3276.0,3271.0,3273.5,8802.0,yahoo
MCX,5m,2026-09-22T14:05:00+05:30,3273.39990234375,3275.300048828125,3271.39990234375,3273.60009765625,9368.0,yahoo
MCX,5m,2026-09-22T14:10:00+05:30,3273.300048828125,3277.89990234375,3265.39990234375,3277.60009765625,37075.0,yahoo
MCX,5m,2026-09-22T14:15:00+05:30,3278.0,3287.39990234375,3270.300048828125,3272.60009765625,32032.0,yahoo
MCX,5m,2026-09-22T14:20:00+05:30,3274.199951171875,3276.89990234375,3272.10009765625,3274.0,7417.0,yahoo
MCX,5m,2026-09-22T14:25:00+05:30,3273.60009765625,3275.5,3273.0,3275.0,6148.0,yahoo
MCX,5m,2026-09-22T14:30:00+05:30,3274.60009765625,3276.60009765625,3273.0,3273.800048828125,8387.0,yahoo
MCX,5m,2026-09-22T14:35:00+05:30,3275.89990234375,3275.89990234375,3271.199951171875,3272.39990234375,9487.0,yahoo
MCX,5m,2026-09-22T14:40:00+05:30,3272.199951171875,3274.0,3270.0,3271.699951171875,18716.0,yahoo
MCX,5m,2026-09-22T14:45:00+05:30,3272.0,3273.0,3263.5,3263.5,16832.0,yahoo
MCX,5m,2026-09-22T14:50:00+05:30,3260.10009765625,3261.300048828125,3256.5,3260.0,21837.0,yahoo
MCX,5m,2026-09-22T14:55:00+05:30,3259.800048828125,3259.89990234375,3255.300048828125,3259.89990234375,26648.0,yahoo
MCX,5m,2026-09-22T15:00:00+05:30,3259.60009765625,3262.5,3255.0,3260.0,34661.0,yahoo
MCX,5m,2026-09-22T15:05:00+05:30,3260.0,3261.5,3258.10009765625,3260.10009765625,35809.0,yahoo
MCX,5m,2026-09-22T15:10:00+05:30,3260.0,3269.5,3260.0,3267.0,45216.0,yahoo
MCX,5m,2026-09-22T15:15:00+05:30,3262.60009765625,3262.60009765625,3262.60009765625,3262.60009765625,11518.0,yahoo
MOTILALOFS,5m,2026-09-22T09:15:00+05:30,999.0,1005.0999755859375,999.0,1003.2000122070312,0.0,yahoo
MOTILALOFS,5m,2026-09-22T09:20:00+05:30,1002.5999755859375,1004.2999877929688,1001.5,1001.5,2717.0,yahoo
MOTILALOFS,5m,2026-09-22T09:25:00+05:30,1000.7000122070312,1004.2000122070312,1000.7000122070312,1004.2000122070312,1617.0,yahoo
MOTILALOFS,5m,2026-09-22T09:30:00+05:30,1003.9000244140625,1005.9000244140625,1003.0,1003.7999877929688,3029.0,yahoo
MOTILALOFS,5m,2026-09-22T09:35:00+05:30,1004.4000244140625,1007.9000244140625,1004.4000244140625,1007.5,5108.0,yahoo
MOTILALOFS,5m,2026-09-22T09:40:00+05:30,1007.2000122070312,1012.7999877929688,1006.9000244140625,1010.9000244140625,19473.0,yahoo
MOTILALOFS,5m,2026-09-22T09:45:00+05:30,1010.4000244140625,1012.5,1010.2000122070312,1011.2000122070312,8436.0,yahoo
MOTILALOFS,5m,2026-09-22T09:50:00+05:30,1011.7000122070312,1011.9000244140625,1009.7999877929688,1009.7999877929688,11592.0,yahoo
MOTILALOFS,5m,2026-09-22T09:55:00+05:30,1010.5999755859375,1010.7000122070312,1006.2999877929688,1006.2999877929688,7381.0,yahoo
MOTILALOFS,5m,2026-09-22T10:00:00+05:30,1007.2999877929688,1010.0,1005.2999877929688,1009.0,17757.0,yahoo
MOTILALOFS,5m,2026-09-22T10:05:00+05:30,1008.4000244140625,1009.0999755859375,1006.2000122070312,1007.2000122070312,3864.0,yahoo
MOTILALOFS,5m,2026-09-22T10:10:00+05:30,1007.2000122070312,1008.7000122070312,1007.2000122070312,1008.5999755859375,3111.0,yahoo
MOTILALOFS,5m,2026-09-22T10:15:00+05:30,1008.7999877929688,1009.7999877929688,1008.0999755859375,1008.5999755859375,3983.0,yahoo
MOTILALOFS,5m,2026-09-22T10:20:00+05:30,1009.2000122070312,1010.4000244140625,1008.0,1010.4000244140625,5222.0,yahoo
MOTILALOFS,5m,2026-09-22T10:25:00+05:30,1010.5,1013.7999877929688,1010.4000244140625,1012.7999877929688,14639.0,yahoo
MOTILALOFS,5m,2026-09-22T10:30:00+05:30,1012.9000244140625,1013.0,1011.0,1011.4000244140625,2379.0,yahoo
MOTILALOFS,5m,2026-09-22T10:35:00+05:30,1011.4000244140625,1011.9000244140625,1010.5,1010.7000122070312,1241.0,yahoo
MOTILALOFS,5m,2026-09-22T10:40:00+05:30,1010.7000122070312,1011.5999755859375,1008.2999877929688,1010.7999877929688,9394.0,yahoo
MOTILALOFS,5m,2026-09-22T10:45:00+05:30,1011.2999877929688,1013.5999755859375,1009.7999877929688,1013.5999755859375,10534.0,yahoo
MOTILALOFS,5m,2026-09-22T10:50:00+05:30,1014.9000244140625,1017.7000122070312,1013.0999755859375,1017.7000122070312,33198.0,yahoo
MOTILALOFS,5m,2026-09-22T10:55:00+05:30,1017.0,1020.0999755859375,1016.9000244140625,1020.0999755859375,21336.0,yahoo
MOTILALOFS,5m,2026-09-22T11:00:00+05:30,1019.5999755859375,1022.0,1018.0,1022.0,18000.0,yahoo
MOTILALOFS,5m,2026-09-22T11:05:00+05:30,1021.9000244140625,1022.4000244140625,1021.0,1022.4000244140625,9487.0,yahoo
MOTILALOFS,5m,2026-09-22T11:10:00+05:30,1022.9000244140625,1025.0,1021.7999877929688,1023.7000122070312,21315.0,yahoo
MOTILALOFS,5m,2026-09-22T11:15:00+05:30,1023.4000244140625,1023.5,1020.7999877929688,1021.7000122070312,7678.0,yahoo
MOTILALOFS,5m,2026-09-22T11:20:00+05:30,1021.0999755859375,1022.5,1020.7000122070312,1021.5999755859375,5800.0,yahoo
MOTILALOFS,5m,2026-09-22T11:25:00+05:30,1021.9000244140625,1023.0,1021.0,1021.0,7749.0,yahoo
MOTILALOFS,5m,2026-09-22T11:30:00+05:30,1021.2999877929688,1021.4000244140625,1020.0999755859375,1021.0999755859375,4916.0,yahoo
MOTILALOFS,5m,2026-09-22T11:35:00+05:30,1021.2000122070312,1021.2000122070312,1017.2999877929688,1017.7000122070312,11813.0,yahoo
MOTILALOFS,5m,2026-09-22T11:40:00+05:30,1017.7000122070312,1019.4000244140625,1016.0,1019.4000244140625,32297.0,yahoo
MOTILALOFS,5m,2026-09-22T11:45:00+05:30,1019.2000122070312,1019.4000244140625,1017.0999755859375,1018.7999877929688,6904.0,yahoo
MOTILALOFS,5m,2026-09-22T11:50:00+05:30,1018.2000122070312,1018.5999755859375,1015.9000244140625,1016.9000244140625,12134.0,yahoo
MOTILALOFS,5m,2026-09-22T11:55:00+05:30,1016.7999877929688,1018.0,1016.0,1018.0,2885.0,yahoo
MOTILALOFS,5m,2026-09-22T12:00:00+05:30,1017.7999877929688,1017.9000244140625,1017.0999755859375,1017.7999877929688,3392.0,yahoo
MOTILALOFS,5m,2026-09-22T12:05:00+05:30,1018.0,1018.2000122070312,1017.4000244140625,1018.0999755859375,3377.0,yahoo
MOTILALOFS,5m,2026-09-22T12:10:00+05:30,1018.5,1020.0,1017.7999877929688,1019.7999877929688,5335.0,yahoo
MOTILALOFS,5m,2026-09-22T12:15:00+05:30,1020.0,1020.0,1019.4000244140625,1019.5999755859375,11226.0,yahoo
MOTILALOFS,5m,2026-09-22T12:20:00+05:30,1020.0,1020.0,1018.0999755859375,1018.5999755859375,16438.0,yahoo
MOTILALOFS,5m,2026-09-22T12:25:00+05:30,1018.5999755859375,1020.9000244140625,1018.0,1020.9000244140625,18242.0,yahoo
MOTILALOFS,5m,2026-09-22T12:30:00+05:30,1020.7999877929688,1020.9000244140625,1019.0,1019.2000122070312,5374.0,yahoo
MOTILALOFS,5m,2026-09-22T12:35:00+05:30,1019.2000122070312,1020.7999877929688,1018.2999877929688,1020.7000122070312,8053.0,yahoo
MOTILALOFS,5m,2026-09-22T12:40:00+05:30,1021.0,1021.5,1018.7999877929688,1020.0,14817.0,yahoo
MOTILALOFS,5m,2026-09-22T12:45:00+05:30,1019.9000244140625,1020.0,1018.5,1019.0999755859375,4166.0,yahoo
MOTILALOFS,5m,2026-09-22T12:50:00+05:30,1019.0999755859375,1019.0999755859375,1017.5999755859375,1017.7000122070312,7550.0,yahoo
MOTILALOFS,5m,2026-09-22T12:55:00+05:30,1018.0999755859375,1018.0999755859375,1015.2000122070312,1015.2000122070312,5227.0,yahoo
MOTILALOFS,5m,2026-09-22T13:00:00+05:30,1015.9000244140625,1017.5999755859375,1012.0,1013.5,31225.0,yahoo
MOTILALOFS,5m,2026-09-22T13:05:00+05:30,1013.0,1015.0,1012.5,1015.0,6558.0,yahoo
MOTILALOFS,5m,2026-09-22T13:10:00+05:30,1015.0,1015.0,1013.5999755859375,1014.5,3485.0,yahoo
MOTILALOFS,5m,2026-09-22T13:15:00+05:30,1014.4000244140625,1014.4000244140625,1012.7000122070312,1013.2999877929688,3318.0,yahoo
MOTILALOFS,5m,2026-09-22T13:20:00+05:30,1013.2999877929688,1013.2999877929688,1011.2000122070312,1012.7999877929688,9490.0,yahoo
MOTILALOFS,5m,2026-09-22T13:25:00+05:30,1012.7999877929688,1013.2999877929688,1012.2000122070312,1012.9000244140625,4104.0,yahoo
MOTILALOFS,5m,2026-09-22T13:30:00+05:30,1012.9000244140625,1014.9000244140625,1012.7000122070312,1014.7999877929688,3267.0,yahoo
MOTILALOFS,5m,2026-09-22T13:35:00+05:30,1014.9000244140625,1015.0,1014.2999877929688,1014.5999755859375,4359.0,yahoo
MOTILALOFS,5m,2026-09-22T13:40:00+05:30,1014.5999755859375,1015.0,1013.7999877929688,1014.2999877929688,5101.0,yahoo
MOTILALOFS,5m,2026-09-22T13:45:00+05:30,1014.2999877929688,1014.2999877929688,1012.0999755859375,1013.4000244140625,5864.0,yahoo
MOTILALOFS,5m,2026-09-22T13:50:00+05:30,1013.2999877929688,1013.5,1011.5999755859375,1012.5999755859375,3611.0,yahoo
MOTILALOFS,5m,2026-09-22T13:55:00+05:30,1012.5999755859375,1013.2000122070312,1011.5999755859375,1012.0999755859375,4275.0,yahoo
MOTILALOFS,5m,2026-09-22T14:00:00+05:30,1012.0999755859375,1012.0999755859375,1010.0,1011.5999755859375,9315.0,yahoo
MOTILALOFS,5m,2026-09-22T14:05:00+05:30,1011.5999755859375,1011.7999877929688,1009.0,1010.4000244140625,24166.0,yahoo
MOTILALOFS,5m,2026-09-22T14:10:00+05:30,1010.4000244140625,1012.2000122070312,1007.7000122070312,1012.2000122070312,34856.0,yahoo
MOTILALOFS,5m,2026-09-22T14:15:00+05:30,1012.5999755859375,1013.2999877929688,1010.5,1012.0,7308.0,yahoo
MOTILALOFS,5m,2026-09-22T14:20:00+05:30,1012.0999755859375,1014.2000122070312,1012.0999755859375,1012.7999877929688,3924.0,yahoo
MOTILALOFS,5m,2026-09-22T14:25:00+05:30,1012.7000122070312,1013.2000122070312,1011.7999877929688,1012.5,3127.0,yahoo
MOTILALOFS,5m,2026-09-22T14:30:00+05:30,1011.9000244140625,1014.0,1011.2999877929688,1012.4000244140625,7141.0,yahoo
MOTILALOFS,5m,2026-09-22T14:35:00+05:30,1012.2000122070312,1013.0,1011.7999877929688,1012.9000244140625,4552.0,yahoo
MOTILALOFS,5m,2026-09-22T14:40:00+05:30,1013.4000244140625,1013.7000122070312,1010.7000122070312,1010.9000244140625,52890.0,yahoo
MOTILALOFS,5m,2026-09-22T14:45:00+05:30,1011.2999877929688,1011.5,1009.2000122070312,1011.2999877929688,12176.0,yahoo
MOTILALOFS,5m,2026-09-22T14:50:00+05:30,1011.0999755859375,1011.4000244140625,1009.9000244140625,1010.0999755859375,10283.0,yahoo
MOTILALOFS,5m,2026-09-22T14:55:00+05:30,1010.0,1011.0,1008.7000122070312,1009.9000244140625,15522.0,yahoo
MOTILALOFS,5m,2026-09-22T15:00:00+05:30,1008.4000244140625,1009.4000244140625,1007.2000122070312,1008.0999755859375,28870.0,yahoo
MOTILALOFS,5m,2026-09-22T15:05:00+05:30,1008.0999755859375,1010.2999877929688,1008.0999755859375,1008.9000244140625,27278.0,yahoo
MOTILALOFS,5m,2026-09-22T15:10:00+05:30,1008.9000244140625,1010.4000244140625,1007.0,1007.0,44138.0,yahoo
NESTLEIND,5m,2026-09-22T09:15:00+05:30,1382.4000244140625,1391.4000244140625,1382.4000244140625,1387.5,0.0,yahoo
NESTLEIND,5m,2026-09-22T09:20:00+05:30,1386.4000244140625,1387.800048828125,1381.4000244140625,1382.4000244140625,10414.0,yahoo
NESTLEIND,5m,2026-09-22T09:25:00+05:30,1381.9000244140625,1382.5999755859375,1380.800048828125,1382.199951171875,4986.0,yahoo
NESTLEIND,5m,2026-09-22T09:30:00+05:30,1382.4000244140625,1382.800048828125,1381.0,1382.4000244140625,11725.0,yahoo
NESTLEIND,5m,2026-09-22T09:35:00+05:30,1382.0999755859375,1382.0999755859375,1377.0999755859375,1378.5999755859375,17130.0,yahoo
NESTLEIND,5m,2026-09-22T09:40:00+05:30,1378.5999755859375,1380.0,1377.5999755859375,1379.0,11302.0,yahoo
NESTLEIND,5m,2026-09-22T09:45:00+05:30,1379.5999755859375,1379.9000244140625,1378.0999755859375,1378.5,8945.0,yahoo
NESTLEIND,5m,2026-09-22T09:50:00+05:30,1378.5999755859375,1380.5,1378.0,1380.199951171875,14781.0,yahoo
NESTLEIND,5m,2026-09-22T09:55:00+05:30,1380.199951171875,1380.199951171875,1378.0999755859375,1378.5,8144.0,yahoo
NESTLEIND,5m,2026-09-22T10:00:00+05:30,1378.5,1381.9000244140625,1378.4000244140625,1380.9000244140625,20921.0,yahoo
NESTLEIND,5m,2026-09-22T10:05:00+05:30,1380.699951171875,1383.300048828125,1380.0,1381.9000244140625,10443.0,yahoo
NESTLEIND,5m,2026-09-22T10:10:00+05:30,1382.0,1382.4000244140625,1380.9000244140625,1382.0,17100.0,yahoo
NESTLEIND,5m,2026-09-22T10:15:00+05:30,1381.9000244140625,1382.0,1380.0,1380.0999755859375,8125.0,yahoo
NESTLEIND,5m,2026-09-22T10:20:00+05:30,1380.0999755859375,1380.199951171875,1379.0,1379.4000244140625,3888.0,yahoo
NESTLEIND,5m,2026-09-22T10:25:00+05:30,1379.4000244140625,1380.0999755859375,1378.5999755859375,1379.5,6938.0,yahoo
NESTLEIND,5m,2026-09-22T10:30:00+05:30,1379.4000244140625,1380.5,1379.0,1379.5,11126.0,yahoo
NESTLEIND,5m,2026-09-22T10:35:00+05:30,1379.300048828125,1379.5999755859375,1377.300048828125,1378.5999755859375,5904.0,yahoo
NESTLEIND,5m,2026-09-22T10:40:00+05:30,1378.4000244140625,1378.699951171875,1375.0999755859375,1375.199951171875,18911.0,yahoo
NESTLEIND,5m,2026-09-22T10:45:00+05:30,1375.5,1376.5999755859375,1375.0999755859375,1376.4000244140625,5607.0,yahoo
NESTLEIND,5m,2026-09-22T10:50:00+05:30,1376.5,1377.199951171875,1375.9000244140625,1376.699951171875,5943.0,yahoo
NESTLEIND,5m,2026-09-22T10:55:00+05:30,1377.0,1377.300048828125,1376.199951171875,1376.9000244140625,5763.0,yahoo
NESTLEIND,5m,2026-09-22T11:00:00+05:30,1377.5,1377.5,1375.300048828125,1375.5999755859375,8802.0,yahoo
NESTLEIND,5m,2026-09-22T11:05:00+05:30,1375.5999755859375,1376.4000244140625,1375.0999755859375,1375.699951171875,6110.0,yahoo
NESTLEIND,5m,2026-09-22T11:10:00+05:30,1375.9000244140625,1376.699951171875,1375.199951171875,1375.800048828125,9001.0,yahoo
NESTLEIND,5m,2026-09-22T11:15:00+05:30,1376.300048828125,1376.800048828125,1375.4000244140625,1375.4000244140625,5115.0,yahoo
NESTLEIND,5m,2026-09-22T11:20:00+05:30,1375.300048828125,1375.699951171875,1372.9000244140625,1373.4000244140625,10996.0,yahoo
NESTLEIND,5m,2026-09-22T11:25:00+05:30,1373.4000244140625,1374.4000244140625,1372.5,1372.9000244140625,8238.0,yahoo
NESTLEIND,5m,2026-09-22T11:30:00+05:30,1372.5999755859375,1373.5999755859375,1372.5,1372.699951171875,6964.0,yahoo
NESTLEIND,5m,2026-09-22T11:35:00+05:30,1372.699951171875,1373.5999755859375,1372.0999755859375,1372.699951171875,6507.0,yahoo
NESTLEIND,5m,2026-09-22T11:40:00+05:30,1372.5,1372.5,1371.800048828125,1372.199951171875,6520.0,yahoo
NESTLEIND,5m,2026-09-22T11:45:00+05:30,1372.199951171875,1373.9000244140625,1372.199951171875,1373.4000244140625,8754.0,yahoo
NESTLEIND,5m,2026-09-22T11:50:00+05:30,1373.199951171875,1373.199951171875,1370.699951171875,1372.4000244140625,19472.0,yahoo
NESTLEIND,5m,2026-09-22T11:55:00+05:30,1372.5,1374.0999755859375,1369.699951171875,1374.0999755859375,51837.0,yahoo
NESTLEIND,5m,2026-09-22T12:00:00+05:30,1374.0999755859375,1374.5999755859375,1373.5,1374.300048828125,4132.0,yahoo
NESTLEIND,5m,2026-09-22T12:05:00+05:30,1374.4000244140625,1375.699951171875,1373.9000244140625,1374.300048828125,6288.0,yahoo
NESTLEIND,5m,2026-09-22T12:10:00+05:30,1374.300048828125,1377.5999755859375,1372.5999755859375,1373.0999755859375,9182.0,yahoo
NESTLEIND,5m,2026-09-22T12:15:00+05:30,1373.0999755859375,1373.0999755859375,1371.4000244140625,1372.199951171875,6002.0,yahoo
NESTLEIND,5m,2026-09-22T12:20:00+05:30,1372.0999755859375,1372.0999755859375,1371.0999755859375,1371.5,4247.0,yahoo
NESTLEIND,5m,2026-09-22T12:25:00+05:30,1371.9000244140625,1371.9000244140625,1369.5,1370.0,4835.0,yahoo
NESTLEIND,5m,2026-09-22T12:30:00+05:30,1370.0,1370.0,1369.300048828125,1369.699951171875,4527.0,yahoo
NESTLEIND,5m,2026-09-22T12:35:00+05:30,1369.699951171875,1370.5,1369.199951171875,1369.5,5128.0,yahoo
NESTLEIND,5m,2026-09-22T12:40:00+05:30,1369.4000244140625,1371.0999755859375,1369.0999755859375,1369.699951171875,17055.0,yahoo
NESTLEIND,5m,2026-09-22T12:45:00+05:30,1370.0999755859375,1370.4000244140625,1369.0,1369.5,6344.0,yahoo
NESTLEIND,5m,2026-09-22T12:50:00+05:30,1369.800048828125,1370.0,1369.0,1369.5999755859375,4606.0,yahoo
NESTLEIND,5m,2026-09-22T12:55:00+05:30,1369.9000244140625,1371.0,1369.0999755859375,1370.5,5711.0,yahoo
NESTLEIND,5m,2026-09-22T13:00:00+05:30,1370.4000244140625,1371.9000244140625,1369.9000244140625,1370.699951171875,8989.0,yahoo
NESTLEIND,5m,2026-09-22T13:05:00+05:30,1370.699951171875,1372.0999755859375,1370.699951171875,1372.0,8072.0,yahoo
NESTLEIND,5m,2026-09-22T13:10:00+05:30,1371.5999755859375,1372.0999755859375,1370.0999755859375,1370.4000244140625,6558.0,yahoo
NESTLEIND,5m,2026-09-22T13:15:00+05:30,1370.5999755859375,1370.5999755859375,1369.199951171875,1369.699951171875,5249.0,yahoo
NESTLEIND,5m,2026-09-22T13:20:00+05:30,1369.699951171875,1370.300048828125,1369.199951171875,1369.300048828125,4559.0,yahoo
NESTLEIND,5m,2026-09-22T13:25:00+05:30,1369.300048828125,1369.9000244140625,1369.0,1369.0,3511.0,yahoo
NESTLEIND,5m,2026-09-22T13:30:00+05:30,1369.0,1369.4000244140625,1368.699951171875,1369.4000244140625,3714.0,yahoo
NESTLEIND,5m,2026-09-22T13:35:00+05:30,1369.0,1369.5999755859375,1368.0,1369.5999755859375,7844.0,yahoo
NESTLEIND,5m,2026-09-22T13:40:00+05:30,1369.5,1370.300048828125,1368.0999755859375,1368.5999755859375,4533.0,yahoo
NESTLEIND,5m,2026-09-22T13:45:00+05:30,1368.5,1368.800048828125,1367.800048828125,1368.5,4477.0,yahoo
NESTLEIND,5m,2026-09-22T13:50:00+05:30,1368.5999755859375,1368.9000244140625,1367.0,1368.800048828125,5396.0,yahoo
NESTLEIND,5m,2026-09-22T13:55:00+05:30,1368.9000244140625,1369.300048828125,1367.5,1368.199951171875,3404.0,yahoo
NESTLEIND,5m,2026-09-22T14:00:00+05:30,1367.800048828125,1367.9000244140625,1366.4000244140625,1367.4000244140625,3546.0,yahoo
NESTLEIND,5m,2026-09-22T14:05:00+05:30,1367.4000244140625,1368.5,1366.699951171875,1367.800048828125,4194.0,yahoo
NESTLEIND,5m,2026-09-22T14:10:00+05:30,1367.5999755859375,1370.0,1367.199951171875,1370.0,8252.0,yahoo
NESTLEIND,5m,2026-09-22T14:15:00+05:30,1370.699951171875,1371.199951171875,1368.699951171875,1370.300048828125,13066.0,yahoo
NESTLEIND,5m,2026-09-22T14:20:00+05:30,1369.9000244140625,1371.5,1369.9000244140625,1370.300048828125,11051.0,yahoo
NESTLEIND,5m,2026-09-22T14:25:00+05:30,1369.5,1371.300048828125,1369.5,1370.5,10208.0,yahoo
NESTLEIND,5m,2026-09-22T14:30:00+05:30,1371.800048828125,1371.800048828125,1368.699951171875,1368.800048828125,10548.0,yahoo
NESTLEIND,5m,2026-09-22T14:35:00+05:30,1369.4000244140625,1369.5,1367.199951171875,1367.199951171875,10670.0,yahoo
NESTLEIND,5m,2026-09-22T14:40:00+05:30,1367.5,1368.5999755859375,1365.5,1367.0999755859375,17216.0,yahoo
NESTLEIND,5m,2026-09-22T14:45:00+05:30,1366.5999755859375,1367.699951171875,1366.0,1366.0,9820.0,yahoo
NESTLEIND,5m,2026-09-22T14:50:00+05:30,1366.0,1367.0,1365.5,1366.0999755859375,17337.0,yahoo
NESTLEIND,5m,2026-09-22T14:55:00+05:30,1366.0,1366.699951171875,1365.699951171875,1366.699951171875,24425.0,yahoo
NESTLEIND,5m,2026-09-22T15:00:00+05:30,1366.5,1367.5999755859375,1366.4000244140625,1366.5999755859375,21457.0,yahoo
NESTLEIND,5m,2026-09-22T15:05:00+05:30,1366.4000244140625,1367.300048828125,1366.300048828125,1367.300048828125,36907.0,yahoo
NESTLEIND,5m,2026-09-22T15:10:00+05:30,1367.199951171875,1368.0,1366.5999755859375,1366.699951171875,47189.0,yahoo
NESTLEIND,5m,2026-09-22T15:15:00+05:30,1366.199951171875,1366.199951171875,1363.9000244140625,1363.9000244140625,85494.0,yahoo
NIFTY50,5m,2026-09-22T09:15:00+05:30,23454.05078125,23489.0,23434.099609375,23446.55078125,0.0,yahoo
NIFTY50,5m,2026-09-22T09:20:00+05:30,23446.5,23453.5,23436.44921875,23446.94921875,0.0,yahoo
NIFTY50,5m,2026-09-22T09:25:00+05:30,23447.75,23449.5,23425.80078125,23445.900390625,0.0,yahoo
NIFTY50,5m,2026-09-22T09:30:00+05:30,23445.94921875,23453.900390625,23434.5,23436.69921875,0.0,yahoo
NIFTY50,5m,2026-09-22T09:35:00+05:30,23436.349609375,23453.75,23433.19921875,23451.599609375,0.0,yahoo
NIFTY50,5m,2026-09-22T09:40:00+05:30,23451.69921875,23459.55078125,23442.94921875,23455.94921875,0.0,yahoo
NIFTY50,5m,2026-09-22T09:45:00+05:30,23456.0,23464.55078125,23452.69921875,23455.0,0.0,yahoo
NIFTY50,5m,2026-09-22T09:50:00+05:30,23455.44921875,23461.849609375,23452.05078125,23457.05078125,0.0,yahoo
NIFTY50,5m,2026-09-22T09:55:00+05:30,23457.099609375,23459.349609375,23449.55078125,23456.80078125,0.0,yahoo
NIFTY50,5m,2026-09-22T10:00:00+05:30,23457.19921875,23465.099609375,23453.80078125,23461.05078125,0.0,yahoo
NIFTY50,5m,2026-09-22T10:05:00+05:30,23461.099609375,23469.900390625,23453.0,23467.19921875,0.0,yahoo
NIFTY50,5m,2026-09-22T10:10:00+05:30,23467.05078125,23470.599609375,23457.599609375,23465.30078125,0.0,yahoo
NIFTY50,5m,2026-09-22T10:15:00+05:30,23465.19921875,23465.94921875,23453.150390625,23458.849609375,0.0,yahoo
NIFTY50,5m,2026-09-22T10:20:00+05:30,23458.5,23460.349609375,23435.75,23444.099609375,0.0,yahoo
NIFTY50,5m,2026-09-22T10:25:00+05:30,23444.099609375,23444.349609375,23431.349609375,23437.30078125,0.0,yahoo
NIFTY50,5m,2026-09-22T10:30:00+05:30,23437.349609375,23439.75,23414.25,23422.150390625,0.0,yahoo
NIFTY50,5m,2026-09-22T10:35:00+05:30,23422.25,23422.25,23398.69921875,23400.150390625,0.0,yahoo
NIFTY50,5m,2026-09-22T10:40:00+05:30,23400.150390625,23411.30078125,23368.19921875,23383.30078125,0.0,yahoo
NIFTY50,5m,2026-09-22T10:45:00+05:30,23382.69921875,23385.400390625,23372.599609375,23376.849609375,0.0,yahoo
NIFTY50,5m,2026-09-22T10:50:00+05:30,23376.75,23377.5,23363.099609375,23375.69921875,0.0,yahoo
NIFTY50,5m,2026-09-22T10:55:00+05:30,23375.599609375,23390.75,23373.05078125,23388.650390625,0.0,yahoo
NIFTY50,5m,2026-09-22T11:00:00+05:30,23388.55078125,23390.0,23370.25,23374.80078125,0.0,yahoo
NIFTY50,5m,2026-09-22T11:05:00+05:30,23374.849609375,23379.0,23368.75,23377.75,0.0,yahoo
NIFTY50,5m,2026-09-22T11:10:00+05:30,23377.75,23395.0,23376.80078125,23393.44921875,0.0,yahoo
NIFTY50,5m,2026-09-22T11:15:00+05:30,23393.30078125,23399.150390625,23384.349609375,23385.30078125,0.0,yahoo
NIFTY50,5m,2026-09-22T11:20:00+05:30,23385.19921875,23401.099609375,23384.5,23399.400390625,0.0,yahoo
NIFTY50,5m,2026-09-22T11:25:00+05:30,23399.650390625,23404.0,23391.25,23392.25,0.0,yahoo
NIFTY50,5m,2026-09-22T11:30:00+05:30,23392.150390625,23393.650390625,23378.349609375,23380.69921875,0.0,yahoo
NIFTY50,5m,2026-09-22T11:35:00+05:30,23380.650390625,23381.44921875,23369.94921875,23370.55078125,0.0,yahoo
NIFTY50,5m,2026-09-22T11:40:00+05:30,23370.69921875,23377.150390625,23365.849609375,23371.400390625,0.0,yahoo
NIFTY50,5m,2026-09-22T11:45:00+05:30,23371.400390625,23373.05078125,23357.44921875,23363.5,0.0,yahoo
NIFTY50,5m,2026-09-22T11:50:00+05:30,23363.80078125,23365.0,23352.05078125,23352.19921875,0.0,yahoo
NIFTY50,5m,2026-09-22T11:55:00+05:30,23351.94921875,23361.150390625,23341.5,23360.849609375,0.0,yahoo
NIFTY50,5m,2026-09-22T12:00:00+05:30,23361.05078125,23362.44921875,23353.55078125,23359.30078125,0.0,yahoo
NIFTY50,5m,2026-09-22T12:05:00+05:30,23359.400390625,23365.650390625,23355.25,23365.150390625,0.0,yahoo
NIFTY50,5m,2026-09-22T12:10:00+05:30,23365.150390625,23367.25,23354.349609375,23356.849609375,0.0,yahoo
NIFTY50,5m,2026-09-22T12:15:00+05:30,23356.900390625,23367.25,23350.0,23366.400390625,0.0,yahoo
NIFTY50,5m,2026-09-22T12:20:00+05:30,23366.650390625,23368.099609375,23358.849609375,23360.94921875,0.0,yahoo
NIFTY50,5m,2026-09-22T12:25:00+05:30,23360.849609375,23367.30078125,23356.25,23358.099609375,0.0,yahoo
NIFTY50,5m,2026-09-22T12:30:00+05:30,23358.19921875,23363.849609375,23352.150390625,23363.55078125,0.0,yahoo
NIFTY50,5m,2026-09-22T12:35:00+05:30,23363.55078125,23365.400390625,23355.69921875,23358.05078125,0.0,yahoo
NIFTY50,5m,2026-09-22T12:40:00+05:30,23358.0,23363.19921875,23344.44921875,23345.849609375,0.0,yahoo
NIFTY50,5m,2026-09-22T12:45:00+05:30,23345.94921875,23353.650390625,23340.55078125,23342.69921875,0.0,yahoo
NIFTY50,5m,2026-09-22T12:50:00+05:30,23342.75,23345.650390625,23331.400390625,23334.25,0.0,yahoo
NIFTY50,5m,2026-09-22T12:55:00+05:30,23334.19921875,23339.099609375,23324.650390625,23332.25,0.0,yahoo
NIFTY50,5m,2026-09-22T13:00:00+05:30,23332.099609375,23334.44921875,23319.150390625,23325.30078125,0.0,yahoo
NIFTY50,5m,2026-09-22T13:05:00+05:30,23325.099609375,23341.75,23324.0,23341.19921875,0.0,yahoo
NIFTY50,5m,2026-09-22T13:10:00+05:30,23340.900390625,23343.0,23335.099609375,23339.55078125,0.0,yahoo
NIFTY50,5m,2026-09-22T13:15:00+05:30,23339.150390625,23344.05078125,23329.25,23334.599609375,0.0,yahoo
NIFTY50,5m,2026-09-22T13:20:00+05:30,23334.650390625,23335.94921875,23325.69921875,23331.80078125,0.0,yahoo
NIFTY50,5m,2026-09-22T13:25:00+05:30,23331.80078125,23341.0,23329.150390625,23340.0,0.0,yahoo
NIFTY50,5m,2026-09-22T13:30:00+05:30,23339.849609375,23347.400390625,23338.349609375,23343.599609375,0.0,yahoo
NIFTY50,5m,2026-09-22T13:35:00+05:30,23343.55078125,23348.55078125,23341.19921875,23344.900390625,0.0,yahoo
NIFTY50,5m,2026-09-22T13:40:00+05:30,23344.849609375,23355.349609375,23338.400390625,23339.30078125,0.0,yahoo
NIFTY50,5m,2026-09-22T13:45:00+05:30,23339.349609375,23339.349609375,23321.349609375,23328.75,0.0,yahoo
NIFTY50,5m,2026-09-22T13:50:00+05:30,23328.80078125,23329.19921875,23299.349609375,23307.5,0.0,yahoo
NIFTY50,5m,2026-09-22T13:55:00+05:30,23307.5,23319.849609375,23302.44921875,23305.30078125,0.0,yahoo
NIFTY50,5m,2026-09-22T14:00:00+05:30,23305.19921875,23308.80078125,23285.94921875,23308.400390625,0.0,yahoo
NIFTY50,5m,2026-09-22T14:05:00+05:30,23308.44921875,23313.05078125,23296.099609375,23312.849609375,0.0,yahoo
NIFTY50,5m,2026-09-22T14:10:00+05:30,23312.849609375,23383.900390625,23312.400390625,23383.0,0.0,yahoo
NIFTY50,5m,2026-09-22T14:15:00+05:30,23382.599609375,23402.30078125,23359.599609375,23384.44921875,0.0,yahoo
NIFTY50,5m,2026-09-22T14:20:00+05:30,23384.44921875,23403.099609375,23377.05078125,23378.900390625,0.0,yahoo
NIFTY50,5m,2026-09-22T14:25:00+05:30,23379.05078125,23396.55078125,23378.099609375,23389.75,0.0,yahoo
NIFTY50,5m,2026-09-22T14:30:00+05:30,23389.80078125,23397.650390625,23377.150390625,23381.30078125,0.0,yahoo
NIFTY50,5m,2026-09-22T14:35:00+05:30,23381.30078125,23396.44921875,23379.94921875,23383.55078125,0.0,yahoo
NIFTY50,5m,2026-09-22T14:40:00+05:30,23384.400390625,23389.400390625,23359.900390625,23368.75,0.0,yahoo
NIFTY50,5m,2026-09-22T14:45:00+05:30,23369.0,23381.94921875,23367.599609375,23371.650390625,0.0,yahoo
NIFTY50,5m,2026-09-22T14:50:00+05:30,23372.25,23383.5,23367.75,23378.0,0.0,yahoo
NIFTY50,5m,2026-09-22T14:55:00+05:30,23378.30078125,23379.30078125,23350.75,23357.900390625,0.0,yahoo
NIFTY50,5m,2026-09-22T15:00:00+05:30,23357.69921875,23365.30078125,23353.05078125,23357.900390625,0.0,yahoo
NIFTY50,5m,2026-09-22T15:05:00+05:30,23358.25,23363.80078125,23348.55078125,23357.0,0.0,yahoo
NIFTY50,5m,2026-09-22T15:10:00+05:30,23356.849609375,23363.5,23346.69921875,23348.099609375,0.0,yahoo
NIFTY50,5m,2026-09-22T15:15:00+05:30,23349.55078125,23349.55078125,23349.5,23349.5,0.0,yahoo
NIFTY50,5m,2026-09-22T15:20:00+05:30,23349.5,23349.5,23349.5,23349.5,0.0,yahoo
NIFTY50,5m,2026-09-22T15:25:00+05:30,23349.5,23349.5,23329.0,23329.0,0.0,yahoo
NMDC,5m,2026-09-22T09:15:00+05:30,80.08999633789062,80.26000213623047,80.05999755859375,80.05999755859375,0.0,yahoo
NMDC,5m,2026-09-22T09:20:00+05:30,80.06999969482422,80.1500015258789,80.0199966430664,80.11000061035156,143444.0,yahoo
NMDC,5m,2026-09-22T09:25:00+05:30,80.0999984741211,80.0999984741211,79.93000030517578,79.93000030517578,330785.0,yahoo
NMDC,5m,2026-09-22T09:30:00+05:30,79.93000030517578,80.0,79.77999877929688,79.88999938964844,381136.0,yahoo
NMDC,5m,2026-09-22T09:35:00+05:30,79.93000030517578,80.1500015258789,79.9000015258789,80.1500015258789,130746.0,yahoo
NMDC,5m,2026-09-22T09:40:00+05:30,80.1500015258789,80.22000122070312,80.11000061035156,80.19999694824219,98281.0,yahoo
NMDC,5m,2026-09-22T09:45:00+05:30,80.20999908447266,80.22000122070312,80.11000061035156,80.19000244140625,81453.0,yahoo
NMDC,5m,2026-09-22T09:50:00+05:30,80.1500015258789,80.19000244140625,80.11000061035156,80.11000061035156,51916.0,yahoo
NMDC,5m,2026-09-22T09:55:00+05:30,80.13999938964844,80.1500015258789,80.0199966430664,80.04000091552734,131829.0,yahoo
NMDC,5m,2026-09-22T10:00:00+05:30,80.02999877929688,80.12000274658203,79.9800033569336,80.06999969482422,102230.0,yahoo
NMDC,5m,2026-09-22T10:05:00+05:30,80.08000183105469,80.08000183105469,79.94000244140625,79.9800033569336,40856.0,yahoo
NMDC,5m,2026-09-22T10:10:00+05:30,79.98999786376953,80.0199966430664,79.97000122070312,80.0,68294.0,yahoo
NMDC,5m,2026-09-22T10:15:00+05:30,80.0199966430664,80.06999969482422,79.97000122070312,80.06999969482422,77273.0,yahoo
NMDC,5m,2026-09-22T10:20:00+05:30,80.06999969482422,80.11000061035156,80.02999877929688,80.05999755859375,90885.0,yahoo
NMDC,5m,2026-09-22T10:25:00+05:30,80.06999969482422,80.08999633789062,80.0,80.0199966430664,65664.0,yahoo
NMDC,5m,2026-09-22T10:30:00+05:30,80.0199966430664,80.0199966430664,79.93000030517578,80.01000213623047,33696.0,yahoo
NMDC,5m,2026-09-22T10:35:00+05:30,80.0,80.01000213623047,79.91999816894531,79.94999694824219,33070.0,yahoo
NMDC,5m,2026-09-22T10:40:00+05:30,79.94999694824219,80.0,79.91000366210938,80.0,84768.0,yahoo
NMDC,5m,2026-09-22T10:45:00+05:30,80.0,80.05000305175781,79.94999694824219,80.0199966430664,45124.0,yahoo
NMDC,5m,2026-09-22T10:50:00+05:30,80.0,80.0,79.94999694824219,80.0,33822.0,yahoo
NMDC,5m,2026-09-22T10:55:00+05:30,79.95999908447266,80.0,79.91999816894531,79.9800033569336,40008.0,yahoo
NMDC,5m,2026-09-22T11:00:00+05:30,79.9800033569336,79.9800033569336,79.9000015258789,79.94999694824219,59804.0,yahoo
NMDC,5m,2026-09-22T11:05:00+05:30,79.94000244140625,79.94999694824219,79.79000091552734,79.80999755859375,252132.0,yahoo
NMDC,5m,2026-09-22T11:10:00+05:30,79.81999969482422,79.87000274658203,79.80999755859375,79.83000183105469,61029.0,yahoo
NMDC,5m,2026-09-22T11:15:00+05:30,79.8499984741211,79.91999816894531,79.81999969482422,79.87999725341797,148636.0,yahoo
NMDC,5m,2026-09-22T11:20:00+05:30,79.9000015258789,79.94000244140625,79.86000061035156,79.87000274658203,47472.0,yahoo
NMDC,5m,2026-09-22T11:25:00+05:30,79.88999938964844,79.9000015258789,79.83000183105469,79.88999938964844,32959.0,yahoo
NMDC,5m,2026-09-22T11:30:00+05:30,79.9000015258789,79.9000015258789,79.8499984741211,79.86000061035156,39552.0,yahoo
NMDC,5m,2026-09-22T11:35:00+05:30,79.86000061035156,80.05999755859375,79.81999969482422,79.95999908447266,80191.0,yahoo
NMDC,5m,2026-09-22T11:40:00+05:30,79.98999786376953,79.98999786376953,79.91000366210938,79.93000030517578,19005.0,yahoo
NMDC,5m,2026-09-22T11:45:00+05:30,79.93000030517578,79.97000122070312,79.83000183105469,79.87000274658203,52805.0,yahoo
NMDC,5m,2026-09-22T11:50:00+05:30,79.88999938964844,79.88999938964844,79.80999755859375,79.80999755859375,39512.0,yahoo
NMDC,5m,2026-09-22T11:55:00+05:30,79.80999755859375,79.81999969482422,79.75,79.80999755859375,55051.0,yahoo
NMDC,5m,2026-09-22T12:00:00+05:30,79.80999755859375,79.83999633789062,79.77999877929688,79.80000305175781,22726.0,yahoo
NMDC,5m,2026-09-22T12:05:00+05:30,79.83000183105469,79.83999633789062,79.77999877929688,79.80000305175781,57961.0,yahoo
NMDC,5m,2026-09-22T12:10:00+05:30,79.80000305175781,79.81999969482422,79.69999694824219,79.76000213623047,50121.0,yahoo
NMDC,5m,2026-09-22T12:15:00+05:30,79.80000305175781,79.9000015258789,79.75,79.87999725341797,61969.0,yahoo
NMDC,5m,2026-09-22T12:20:00+05:30,79.87000274658203,79.91999816894531,79.81999969482422,79.8499984741211,32603.0,yahoo
NMDC,5m,2026-09-22T12:25:00+05:30,79.81999969482422,79.9000015258789,79.81999969482422,79.87000274658203,15876.0,yahoo
NMDC,5m,2026-09-22T12:30:00+05:30,79.87000274658203,79.87000274658203,79.81999969482422,79.83999633789062,14324.0,yahoo
NMDC,5m,2026-09-22T12:35:00+05:30,79.83999633789062,79.9000015258789,79.81999969482422,79.8499984741211,17753.0,yahoo
NMDC,5m,2026-09-22T12:40:00+05:30,79.8499984741211,79.87999725341797,79.80999755859375,79.81999969482422,30821.0,yahoo
NMDC,5m,2026-09-22T12:45:00+05:30,79.80999755859375,79.86000061035156,79.7699966430664,79.80000305175781,50513.0,yahoo
NMDC,5m,2026-09-22T12:50:00+05:30,79.80000305175781,79.83000183105469,79.76000213623047,79.80999755859375,15961.0,yahoo
NMDC,5m,2026-09-22T12:55:00+05:30,79.80000305175781,79.83000183105469,79.7699966430664,79.77999877929688,42324.0,yahoo
NMDC,5m,2026-09-22T13:00:00+05:30,79.80999755859375,79.87000274658203,79.75,79.81999969482422,26188.0,yahoo
NMDC,5m,2026-09-22T13:05:00+05:30,79.83999633789062,79.83999633789062,79.79000091552734,79.81999969482422,25479.0,yahoo
NMDC,5m,2026-09-22T13:10:00+05:30,79.81999969482422,79.83999633789062,79.77999877929688,79.77999877929688,23406.0,yahoo
NMDC,5m,2026-09-22T13:15:00+05:30,79.7699966430664,79.83000183105469,79.75,79.77999877929688,32609.0,yahoo
NMDC,5m,2026-09-22T13:20:00+05:30,79.77999877929688,79.77999877929688,79.5,79.55999755859375,833496.0,yahoo
NMDC,5m,2026-09-22T13:25:00+05:30,79.54000091552734,79.58000183105469,79.51000213623047,79.55999755859375,47284.0,yahoo
NMDC,5m,2026-09-22T13:30:00+05:30,79.55999755859375,79.62999725341797,79.55000305175781,79.62999725341797,29330.0,yahoo
NMDC,5m,2026-09-22T13:35:00+05:30,79.62999725341797,79.6500015258789,79.5999984741211,79.62999725341797,36478.0,yahoo
NMDC,5m,2026-09-22T13:40:00+05:30,79.63999938964844,79.72000122070312,79.61000061035156,79.66000366210938,23884.0,yahoo
NMDC,5m,2026-09-22T13:45:00+05:30,79.6500015258789,79.68000030517578,79.62000274658203,79.62000274658203,43582.0,yahoo
NMDC,5m,2026-09-22T13:50:00+05:30,79.62000274658203,79.63999938964844,79.5199966430664,79.58000183105469,38626.0,yahoo
NMDC,5m,2026-09-22T13:55:00+05:30,79.58000183105469,79.6500015258789,79.55999755859375,79.58999633789062,31433.0,yahoo
NMDC,5m,2026-09-22T14:00:00+05:30,79.55999755859375,79.58999633789062,79.37999725341797,79.4000015258789,412902.0,yahoo
NMDC,5m,2026-09-22T14:05:00+05:30,79.41999816894531,79.51000213623047,79.38999938964844,79.4000015258789,265501.0,yahoo
NMDC,5m,2026-09-22T14:10:00+05:30,79.38999938964844,79.66000366210938,79.37999725341797,79.66000366210938,429484.0,yahoo
NMDC,5m,2026-09-22T14:15:00+05:30,79.68000030517578,79.83000183105469,79.62999725341797,79.80000305175781,184476.0,yahoo
NMDC,5m,2026-09-22T14:20:00+05:30,79.80999755859375,79.98999786376953,79.80999755859375,79.83999633789062,282291.0,yahoo
NMDC,5m,2026-09-22T14:25:00+05:30,79.81999969482422,79.87000274658203,79.80999755859375,79.8499984741211,49278.0,yahoo
NMDC,5m,2026-09-22T14:30:00+05:30,79.8499984741211,79.94999694824219,79.81999969482422,79.87000274658203,88354.0,yahoo
NMDC,5m,2026-09-22T14:35:00+05:30,79.80999755859375,80.02999877929688,79.80000305175781,80.0199966430664,221031.0,yahoo
NMDC,5m,2026-09-22T14:40:00+05:30,80.0,80.05999755859375,79.93000030517578,79.94000244140625,141078.0,yahoo
NMDC,5m,2026-09-22T14:45:00+05:30,79.91000366210938,79.98999786376953,79.91000366210938,79.97000122070312,50321.0,yahoo
NMDC,5m,2026-09-22T14:50:00+05:30,79.97000122070312,80.05999755859375,79.93000030517578,80.04000091552734,217889.0,yahoo
NMDC,5m,2026-09-22T14:55:00+05:30,80.04000091552734,80.05999755859375,79.91000366210938,79.9800033569336,469470.0,yahoo
NMDC,5m,2026-09-22T15:00:00+05:30,79.95999908447266,79.97000122070312,79.83999633789062,79.87000274658203,235912.0,yahoo
NMDC,5m,2026-09-22T15:05:00+05:30,79.9000015258789,79.91000366210938,79.79000091552734,79.9000015258789,260566.0,yahoo
NMDC,5m,2026-09-22T15:10:00+05:30,79.88999938964844,80.0,79.87000274658203,79.91000366210938,395752.0,yahoo
NMDC,5m,2026-09-22T15:15:00+05:30,79.93000030517578,80.19999694824219,79.93000030517578,80.19999694824219,312964.0,yahoo
NTPC,5m,2026-09-22T09:15:00+05:30,326.5,328.3500061035156,326.5,327.0,0.0,yahoo
NTPC,5m,2026-09-22T09:20:00+05:30,326.8999938964844,327.1499938964844,326.75,326.8500061035156,20840.0,yahoo
NTPC,5m,2026-09-22T09:25:00+05:30,326.8500061035156,327.3500061035156,326.79998779296875,327.29998779296875,24610.0,yahoo
NTPC,5m,2026-09-22T09:30:00+05:30,327.29998779296875,327.54998779296875,326.8500061035156,326.95001220703125,22736.0,yahoo
NTPC,5m,2026-09-22T09:35:00+05:30,326.8999938964844,327.29998779296875,326.8999938964844,327.04998779296875,23226.0,yahoo
NTPC,5m,2026-09-22T09:40:00+05:30,327.20001220703125,327.3500061035156,327.0,327.1499938964844,28576.0,yahoo
NTPC,5m,2026-09-22T09:45:00+05:30,327.20001220703125,327.25,327.0,327.25,39180.0,yahoo
NTPC,5m,2026-09-22T09:50:00+05:30,327.20001220703125,327.25,327.0,327.04998779296875,19772.0,yahoo
NTPC,5m,2026-09-22T09:55:00+05:30,327.0,327.0,326.8500061035156,327.0,22696.0,yahoo
NTPC,5m,2026-09-22T10:00:00+05:30,327.0,327.20001220703125,326.95001220703125,327.1499938964844,10915.0,yahoo
NTPC,5m,2026-09-22T10:05:00+05:30,327.1000061035156,327.20001220703125,326.8999938964844,327.1000061035156,13057.0,yahoo
NTPC,5m,2026-09-22T10:10:00+05:30,327.04998779296875,327.1000061035156,326.75,326.8500061035156,20650.0,yahoo
NTPC,5m,2026-09-22T10:15:00+05:30,326.75,326.8999938964844,326.70001220703125,326.79998779296875,16736.0,yahoo
NTPC,5m,2026-09-22T10:20:00+05:30,326.79998779296875,326.8500061035156,326.54998779296875,326.54998779296875,26712.0,yahoo
NTPC,5m,2026-09-22T10:25:00+05:30,326.54998779296875,326.75,326.5,326.6000061035156,19125.0,yahoo
NTPC,5m,2026-09-22T10:30:00+05:30,326.6499938964844,326.79998779296875,326.54998779296875,326.70001220703125,18006.0,yahoo
NTPC,5m,2026-09-22T10:35:00+05:30,326.70001220703125,326.8500061035156,326.54998779296875,326.54998779296875,12447.0,yahoo
NTPC,5m,2026-09-22T10:40:00+05:30,326.6000061035156,326.70001220703125,326.25,326.45001220703125,40779.0,yahoo
NTPC,5m,2026-09-22T10:45:00+05:30,326.45001220703125,326.45001220703125,326.20001220703125,326.29998779296875,24009.0,yahoo
NTPC,5m,2026-09-22T10:50:00+05:30,326.25,326.29998779296875,325.6000061035156,325.95001220703125,96075.0,yahoo
NTPC,5m,2026-09-22T10:55:00+05:30,326.0,326.45001220703125,326.0,326.45001220703125,50379.0,yahoo
NTPC,5m,2026-09-22T11:00:00+05:30,326.45001220703125,326.54998779296875,326.3500061035156,326.54998779296875,46622.0,yahoo
NTPC,5m,2026-09-22T11:05:00+05:30,326.54998779296875,326.79998779296875,326.5,326.75,36788.0,yahoo
NTPC,5m,2026-09-22T11:10:00+05:30,326.75,326.79998779296875,326.3999938964844,326.45001220703125,25101.0,yahoo
NTPC,5m,2026-09-22T11:15:00+05:30,326.3999938964844,326.6499938964844,326.3999938964844,326.5,32930.0,yahoo
NTPC,5m,2026-09-22T11:20:00+05:30,326.5,327.6499938964844,326.3999938964844,327.6000061035156,412915.0,yahoo
NTPC,5m,2026-09-22T11:25:00+05:30,327.70001220703125,328.04998779296875,327.6499938964844,327.70001220703125,287994.0,yahoo
NTPC,5m,2026-09-22T11:30:00+05:30,327.70001220703125,328.20001220703125,327.45001220703125,328.1000061035156,253954.0,yahoo
NTPC,5m,2026-09-22T11:35:00+05:30,328.0,328.25,328.0,328.04998779296875,205188.0,yahoo
NTPC,5m,2026-09-22T11:40:00+05:30,328.1000061035156,328.45001220703125,328.0,328.45001220703125,47223.0,yahoo
NTPC,5m,2026-09-22T11:45:00+05:30,328.3500061035156,328.8500061035156,328.3500061035156,328.6499938964844,382053.0,yahoo
NTPC,5m,2026-09-22T11:50:00+05:30,328.6499938964844,328.75,327.8999938964844,327.8999938964844,84593.0,yahoo
NTPC,5m,2026-09-22T11:55:00+05:30,327.8999938964844,327.8999938964844,326.8999938964844,327.25,132979.0,yahoo
NTPC,5m,2026-09-22T12:00:00+05:30,327.20001220703125,327.5,326.8999938964844,326.95001220703125,71205.0,yahoo
NTPC,5m,2026-09-22T12:05:00+05:30,327.0,327.6000061035156,326.8999938964844,327.6000061035156,333264.0,yahoo
NTPC,5m,2026-09-22T12:10:00+05:30,327.6000061035156,327.6499938964844,327.29998779296875,327.5,26265.0,yahoo
NTPC,5m,2026-09-22T12:15:00+05:30,327.5,327.6000061035156,326.79998779296875,326.8999938964844,76795.0,yahoo
NTPC,5m,2026-09-22T12:20:00+05:30,326.8999938964844,327.0,326.79998779296875,326.95001220703125,22518.0,yahoo
NTPC,5m,2026-09-22T12:25:00+05:30,326.95001220703125,327.1000061035156,326.75,326.8500061035156,368251.0,yahoo
NTPC,5m,2026-09-22T12:30:00+05:30,326.8500061035156,326.95001220703125,326.75,326.95001220703125,16243.0,yahoo
NTPC,5m,2026-09-22T12:35:00+05:30,326.8500061035156,326.95001220703125,326.8500061035156,326.8500061035156,25422.0,yahoo
NTPC,5m,2026-09-22T12:40:00+05:30,326.8999938964844,327.20001220703125,326.8500061035156,327.1000061035156,35262.0,yahoo
NTPC,5m,2026-09-22T12:45:00+05:30,327.1000061035156,327.25,326.79998779296875,326.79998779296875,98413.0,yahoo
NTPC,5m,2026-09-22T12:50:00+05:30,326.8500061035156,326.8999938964844,326.75,326.79998779296875,24962.0,yahoo
NTPC,5m,2026-09-22T12:55:00+05:30,326.79998779296875,326.8999938964844,326.6000061035156,326.8999938964844,39720.0,yahoo
NTPC,5m,2026-09-22T13:00:00+05:30,326.8999938964844,327.29998779296875,326.8500061035156,327.1499938964844,75009.0,yahoo
NTPC,5m,2026-09-22T13:05:00+05:30,327.1499938964844,327.5,327.1499938964844,327.3999938964844,27674.0,yahoo
NTPC,5m,2026-09-22T13:10:00+05:30,327.3999938964844,327.79998779296875,327.25,327.6000061035156,49683.0,yahoo
NTPC,5m,2026-09-22T13:15:00+05:30,327.54998779296875,327.8999938964844,327.3999938964844,327.8500061035156,110438.0,yahoo
NTPC,5m,2026-09-22T13:20:00+05:30,327.8500061035156,328.0,327.75,327.95001220703125,27338.0,yahoo
NTPC,5m,2026-09-22T13:25:00+05:30,327.95001220703125,327.95001220703125,327.45001220703125,327.5,36378.0,yahoo
NTPC,5m,2026-09-22T13:30:00+05:30,327.5,327.6499938964844,327.45001220703125,327.45001220703125,26996.0,yahoo
NTPC,5m,2026-09-22T13:35:00+05:30,327.45001220703125,327.8500061035156,327.45001220703125,327.70001220703125,39090.0,yahoo
NTPC,5m,2026-09-22T13:40:00+05:30,327.6499938964844,327.8999938964844,327.5,327.5,44440.0,yahoo
NTPC,5m,2026-09-22T13:45:00+05:30,327.5,327.6000061035156,327.3500061035156,327.3500061035156,55408.0,yahoo
NTPC,5m,2026-09-22T13:50:00+05:30,327.29998779296875,327.3500061035156,326.8999938964844,327.1499938964844,68850.0,yahoo
NTPC,5m,2026-09-22T13:55:00+05:30,327.1000061035156,327.1499938964844,326.95001220703125,327.0,50529.0,yahoo
NTPC,5m,2026-09-22T14:00:00+05:30,327.0,327.1000061035156,326.6000061035156,327.1000061035156,142713.0,yahoo
NTPC,5m,2026-09-22T14:05:00+05:30,327.1000061035156,327.1499938964844,326.8999938964844,327.1000061035156,41075.0,yahoo
NTPC,5m,2026-09-22T14:10:00+05:30,327.1000061035156,327.6000061035156,326.95001220703125,327.6000061035156,45011.0,yahoo
NTPC,5m,2026-09-22T14:15:00+05:30,327.70001220703125,328.04998779296875,327.3999938964844,327.79998779296875,55211.0,yahoo
NTPC,5m,2026-09-22T14:20:00+05:30,327.79998779296875,328.3999938964844,327.75,328.1000061035156,40189.0,yahoo
NTPC,5m,2026-09-22T14:25:00+05:30,328.1499938964844,328.1499938964844,327.70001220703125,327.8500061035156,59188.0,yahoo
NTPC,5m,2026-09-22T14:30:00+05:30,327.79998779296875,328.0,327.6499938964844,327.6499938964844,58566.0,yahoo
NTPC,5m,2026-09-22T14:35:00+05:30,327.75,327.75,327.3500061035156,327.3999938964844,48612.0,yahoo
NTPC,5m,2026-09-22T14:40:00+05:30,327.54998779296875,327.54998779296875,327.1499938964844,327.29998779296875,79298.0,yahoo
NTPC,5m,2026-09-22T14:45:00+05:30,327.3500061035156,327.3999938964844,327.1000061035156,327.25,57800.0,yahoo
NTPC,5m,2026-09-22T14:50:00+05:30,327.1499938964844,327.75,327.1499938964844,327.6000061035156,149913.0,yahoo
NTPC,5m,2026-09-22T14:55:00+05:30,327.6000061035156,327.75,327.3999938964844,327.45001220703125,102530.0,yahoo
NTPC,5m,2026-09-22T15:00:00+05:30,327.45001220703125,327.5,327.29998779296875,327.29998779296875,118873.0,yahoo
NTPC,5m,2026-09-22T15:05:00+05:30,327.29998779296875,327.54998779296875,327.29998779296875,327.5,186030.0,yahoo
NTPC,5m,2026-09-22T15:10:00+05:30,327.54998779296875,327.95001220703125,326.95001220703125,327.79998779296875,658668.0,yahoo
OBEROIRLTY,5m,2026-09-22T09:15:00+05:30,1816.199951171875,1842.800048828125,1816.199951171875,1839.9000244140625,0.0,yahoo
OBEROIRLTY,5m,2026-09-22T09:20:00+05:30,1840.4000244140625,1841.4000244140625,1834.199951171875,1836.5999755859375,14375.0,yahoo
OBEROIRLTY,5m,2026-09-22T09:25:00+05:30,1835.199951171875,1835.199951171875,1831.5999755859375,1834.5,7442.0,yahoo
OBEROIRLTY,5m,2026-09-22T09:30:00+05:30,1835.0,1842.0999755859375,1831.0,1832.699951171875,12515.0,yahoo
OBEROIRLTY,5m,2026-09-22T09:35:00+05:30,1832.699951171875,1834.0,1830.5999755859375,1833.5999755859375,9612.0,yahoo
OBEROIRLTY,5m,2026-09-22T09:40:00+05:30,1833.5999755859375,1834.0999755859375,1832.300048828125,1832.300048828125,1689.0,yahoo
OBEROIRLTY,5m,2026-09-22T09:45:00+05:30,1832.300048828125,1837.0999755859375,1832.300048828125,1833.9000244140625,4231.0,yahoo
OBEROIRLTY,5m,2026-09-22T09:50:00+05:30,1834.0,1834.0,1831.0,1831.4000244140625,7881.0,yahoo
OBEROIRLTY,5m,2026-09-22T09:55:00+05:30,1831.699951171875,1834.9000244140625,1831.0,1833.0999755859375,4978.0,yahoo
OBEROIRLTY,5m,2026-09-22T10:00:00+05:30,1832.300048828125,1832.9000244140625,1831.0999755859375,1832.199951171875,4791.0,yahoo
OBEROIRLTY,5m,2026-09-22T10:05:00+05:30,1832.300048828125,1833.0,1831.0,1831.800048828125,12781.0,yahoo
OBEROIRLTY,5m,2026-09-22T10:10:00+05:30,1832.5999755859375,1832.9000244140625,1828.5999755859375,1830.5,16439.0,yahoo
OBEROIRLTY,5m,2026-09-22T10:15:00+05:30,1829.5,1834.0,1829.0,1833.199951171875,12580.0,yahoo
OBEROIRLTY,5m,2026-09-22T10:20:00+05:30,1834.199951171875,1835.800048828125,1833.199951171875,1834.0,3419.0,yahoo
OBEROIRLTY,5m,2026-09-22T10:25:00+05:30,1834.0999755859375,1834.699951171875,1832.0999755859375,1834.0,1271.0,yahoo
OBEROIRLTY,5m,2026-09-22T10:30:00+05:30,1834.699951171875,1835.4000244140625,1833.5999755859375,1835.4000244140625,4048.0,yahoo
OBEROIRLTY,5m,2026-09-22T10:35:00+05:30,1835.9000244140625,1836.800048828125,1834.4000244140625,1836.199951171875,1851.0,yahoo
OBEROIRLTY,5m,2026-09-22T10:40:00+05:30,1836.699951171875,1838.4000244140625,1833.699951171875,1833.699951171875,4841.0,yahoo
OBEROIRLTY,5m,2026-09-22T10:45:00+05:30,1835.0999755859375,1837.0,1834.9000244140625,1837.0,1334.0,yahoo
OBEROIRLTY,5m,2026-09-22T10:50:00+05:30,1837.5,1837.5,1833.5,1836.0,2270.0,yahoo
OBEROIRLTY,5m,2026-09-22T10:55:00+05:30,1836.699951171875,1838.5,1835.5999755859375,1837.199951171875,813.0,yahoo
OBEROIRLTY,5m,2026-09-22T11:00:00+05:30,1837.800048828125,1837.800048828125,1832.0999755859375,1832.0999755859375,5634.0,yahoo
OBEROIRLTY,5m,2026-09-22T11:05:00+05:30,1833.0,1834.4000244140625,1832.699951171875,1833.9000244140625,1597.0,yahoo
OBEROIRLTY,5m,2026-09-22T11:10:00+05:30,1833.9000244140625,1834.4000244140625,1831.5999755859375,1832.5,1350.0,yahoo
OBEROIRLTY,5m,2026-09-22T11:15:00+05:30,1832.9000244140625,1833.4000244140625,1831.5999755859375,1832.5999755859375,3877.0,yahoo
OBEROIRLTY,5m,2026-09-22T11:20:00+05:30,1832.5999755859375,1832.5999755859375,1831.800048828125,1831.800048828125,1959.0,yahoo
OBEROIRLTY,5m,2026-09-22T11:25:00+05:30,1832.5,1832.5,1831.300048828125,1832.0,3250.0,yahoo
OBEROIRLTY,5m,2026-09-22T11:30:00+05:30,1832.0,1832.300048828125,1831.300048828125,1832.0999755859375,3883.0,yahoo
OBEROIRLTY,5m,2026-09-22T11:35:00+05:30,1832.0999755859375,1832.0999755859375,1821.199951171875,1827.300048828125,37584.0,yahoo
OBEROIRLTY,5m,2026-09-22T11:40:00+05:30,1827.699951171875,1828.300048828125,1825.0,1827.0,18034.0,yahoo
OBEROIRLTY,5m,2026-09-22T11:45:00+05:30,1826.4000244140625,1828.5,1821.699951171875,1826.800048828125,8112.0,yahoo
OBEROIRLTY,5m,2026-09-22T11:50:00+05:30,1825.300048828125,1830.5999755859375,1825.300048828125,1829.699951171875,5355.0,yahoo
OBEROIRLTY,5m,2026-09-22T11:55:00+05:30,1829.5999755859375,1829.9000244140625,1825.5999755859375,1829.800048828125,7156.0,yahoo
OBEROIRLTY,5m,2026-09-22T12:00:00+05:30,1829.0,1831.0999755859375,1827.699951171875,1831.0,5034.0,yahoo
OBEROIRLTY,5m,2026-09-22T12:05:00+05:30,1831.800048828125,1832.0,1829.5,1832.0,1829.0,yahoo
OBEROIRLTY,5m,2026-09-22T12:10:00+05:30,1832.5,1833.5999755859375,1828.800048828125,1830.199951171875,5467.0,yahoo
OBEROIRLTY,5m,2026-09-22T12:15:00+05:30,1831.0,1831.699951171875,1828.4000244140625,1831.0,2530.0,yahoo
OBEROIRLTY,5m,2026-09-22T12:20:00+05:30,1831.699951171875,1833.0,1830.0,1833.0,4716.0,yahoo
OBEROIRLTY,5m,2026-09-22T12:25:00+05:30,1833.0,1836.5999755859375,1832.0999755859375,1836.4000244140625,6578.0,yahoo
OBEROIRLTY,5m,2026-09-22T12:30:00+05:30,1836.699951171875,1836.699951171875,1832.699951171875,1834.5999755859375,18055.0,yahoo
OBEROIRLTY,5m,2026-09-22T12:35:00+05:30,1835.0,1835.0,1832.800048828125,1834.5,3966.0,yahoo
OBEROIRLTY,5m,2026-09-22T12:40:00+05:30,1834.5999755859375,1835.4000244140625,1833.0999755859375,1835.4000244140625,6074.0,yahoo
OBEROIRLTY,5m,2026-09-22T12:45:00+05:30,1835.800048828125,1836.0,1833.800048828125,1835.4000244140625,803.0,yahoo
OBEROIRLTY,5m,2026-09-22T12:50:00+05:30,1834.5999755859375,1836.0,1830.800048828125,1834.0,18013.0,yahoo
OBEROIRLTY,5m,2026-09-22T12:55:00+05:30,1834.300048828125,1834.9000244140625,1831.0,1832.9000244140625,8316.0,yahoo
OBEROIRLTY,5m,2026-09-22T13:00:00+05:30,1832.9000244140625,1832.9000244140625,1830.699951171875,1831.300048828125,1346.0,yahoo
OBEROIRLTY,5m,2026-09-22T13:05:00+05:30,1832.0,1832.0,1831.199951171875,1831.5,256.0,yahoo
OBEROIRLTY,5m,2026-09-22T13:10:00+05:30,1831.699951171875,1832.300048828125,1831.0,1831.9000244140625,1627.0,yahoo
OBEROIRLTY,5m,2026-09-22T13:15:00+05:30,1832.5999755859375,1832.5999755859375,1831.0999755859375,1831.699951171875,456.0,yahoo
OBEROIRLTY,5m,2026-09-22T13:20:00+05:30,1832.0,1834.199951171875,1832.0,1834.0,3251.0,yahoo
OBEROIRLTY,5m,2026-09-22T13:25:00+05:30,1834.9000244140625,1834.9000244140625,1834.4000244140625,1834.9000244140625,282.0,yahoo
OBEROIRLTY,5m,2026-09-22T13:30:00+05:30,1834.9000244140625,1836.699951171875,1834.300048828125,1836.699951171875,3711.0,yahoo
OBEROIRLTY,5m,2026-09-22T13:35:00+05:30,1836.300048828125,1837.300048828125,1835.0,1837.0999755859375,7403.0,yahoo
OBEROIRLTY,5m,2026-09-22T13:40:00+05:30,1837.0999755859375,1845.0,1837.0,1843.0,6237.0,yahoo
OBEROIRLTY,5m,2026-09-22T13:45:00+05:30,1844.0,1844.5,1840.800048828125,1841.0,1417.0,yahoo
OBEROIRLTY,5m,2026-09-22T13:50:00+05:30,1841.800048828125,1841.800048828125,1836.800048828125,1838.800048828125,3241.0,yahoo
OBEROIRLTY,5m,2026-09-22T13:55:00+05:30,1838.800048828125,1838.9000244140625,1836.199951171875,1837.0,1623.0,yahoo
OBEROIRLTY,5m,2026-09-22T14:00:00+05:30,1838.0,1838.4000244140625,1836.5,1837.5,2125.0,yahoo
OBEROIRLTY,5m,2026-09-22T14:05:00+05:30,1837.699951171875,1837.9000244140625,1836.699951171875,1837.4000244140625,480.0,yahoo
OBEROIRLTY,5m,2026-09-22T14:10:00+05:30,1837.5999755859375,1841.9000244140625,1837.4000244140625,1841.5,2110.0,yahoo
OBEROIRLTY,5m,2026-09-22T14:15:00+05:30,1842.0,1844.0,1840.0999755859375,1840.5,925.0,yahoo
OBEROIRLTY,5m,2026-09-22T14:20:00+05:30,1840.5,1852.4000244140625,1840.5,1847.0,39096.0,yahoo
OBEROIRLTY,5m,2026-09-22T14:25:00+05:30,1847.0999755859375,1848.699951171875,1844.800048828125,1845.0,4434.0,yahoo
OBEROIRLTY,5m,2026-09-22T14:30:00+05:30,1845.0,1845.5,1841.4000244140625,1841.4000244140625,3023.0,yahoo
OBEROIRLTY,5m,2026-09-22T14:35:00+05:30,1842.5999755859375,1842.5999755859375,1839.9000244140625,1840.5999755859375,2082.0,yahoo
OBEROIRLTY,5m,2026-09-22T14:40:00+05:30,1840.5999755859375,1840.5999755859375,1835.5999755859375,1838.0,2331.0,yahoo
OBEROIRLTY,5m,2026-09-22T14:45:00+05:30,1837.0999755859375,1839.4000244140625,1836.5,1839.4000244140625,569.0,yahoo
OBEROIRLTY,5m,2026-09-22T14:50:00+05:30,1838.9000244140625,1839.800048828125,1838.300048828125,1838.9000244140625,1403.0,yahoo
OBEROIRLTY,5m,2026-09-22T14:55:00+05:30,1838.300048828125,1838.9000244140625,1836.800048828125,1837.699951171875,2230.0,yahoo
OBEROIRLTY,5m,2026-09-22T15:00:00+05:30,1837.5,1841.0,1837.5,1840.300048828125,8124.0,yahoo
OBEROIRLTY,5m,2026-09-22T15:05:00+05:30,1840.300048828125,1840.5999755859375,1835.199951171875,1835.5,6074.0,yahoo
OBEROIRLTY,5m,2026-09-22T15:10:00+05:30,1837.300048828125,1842.699951171875,1832.0,1832.0,15693.0,yahoo
OBEROIRLTY,5m,2026-09-22T15:15:00+05:30,1844.0,1845.5999755859375,1844.0,1845.5999755859375,16196.0,yahoo
ONGC,5m,2026-09-22T09:15:00+05:30,235.41000366210938,236.16000366210938,234.75,234.80999755859375,0.0,yahoo
ONGC,5m,2026-09-22T09:20:00+05:30,234.5800018310547,235.07000732421875,234.3000030517578,235.07000732421875,195045.0,yahoo
ONGC,5m,2026-09-22T09:25:00+05:30,235.0,235.52000427246094,234.94000244140625,235.0800018310547,115514.0,yahoo
ONGC,5m,2026-09-22T09:30:00+05:30,235.17999267578125,235.17999267578125,234.1300048828125,234.25999450683594,172603.0,yahoo
ONGC,5m,2026-09-22T09:35:00+05:30,234.35000610351562,234.44000244140625,234.1999969482422,234.25,72168.0,yahoo
ONGC,5m,2026-09-22T09:40:00+05:30,234.27000427246094,234.3300018310547,234.0500030517578,234.10000610351562,111737.0,yahoo
ONGC,5m,2026-09-22T09:45:00+05:30,234.14999389648438,234.22999572753906,234.08999633789062,234.11000061035156,55051.0,yahoo
ONGC,5m,2026-09-22T09:50:00+05:30,234.0500030517578,234.22000122070312,233.8800048828125,234.2100067138672,126380.0,yahoo
ONGC,5m,2026-09-22T09:55:00+05:30,234.1999969482422,234.32000732421875,234.10000610351562,234.1999969482422,69115.0,yahoo
ONGC,5m,2026-09-22T10:00:00+05:30,234.2100067138672,234.25999450683594,233.8300018310547,233.88999938964844,82164.0,yahoo
ONGC,5m,2026-09-22T10:05:00+05:30,233.9199981689453,234.1300048828125,233.80999755859375,233.8699951171875,50310.0,yahoo
ONGC,5m,2026-09-22T10:10:00+05:30,233.8699951171875,233.94000244140625,233.75999450683594,233.8699951171875,64998.0,yahoo
ONGC,5m,2026-09-22T10:15:00+05:30,233.86000061035156,233.9499969482422,233.8000030517578,233.8800048828125,42617.0,yahoo
ONGC,5m,2026-09-22T10:20:00+05:30,233.83999633789062,234.0,233.83999633789062,233.97999572753906,72588.0,yahoo
ONGC,5m,2026-09-22T10:25:00+05:30,234.0,234.10000610351562,233.91000366210938,234.10000610351562,42346.0,yahoo
ONGC,5m,2026-09-22T10:30:00+05:30,234.10000610351562,234.1199951171875,233.9199981689453,233.9499969482422,41178.0,yahoo
ONGC,5m,2026-09-22T10:35:00+05:30,233.9199981689453,234.02999877929688,233.89999389648438,233.97000122070312,34935.0,yahoo
ONGC,5m,2026-09-22T10:40:00+05:30,233.97000122070312,234.1300048828125,233.77999877929688,234.0800018310547,88059.0,yahoo
ONGC,5m,2026-09-22T10:45:00+05:30,234.0800018310547,234.1300048828125,233.97000122070312,234.0500030517578,39842.0,yahoo
ONGC,5m,2026-09-22T10:50:00+05:30,234.05999755859375,234.1300048828125,233.88999938964844,234.00999450683594,44339.0,yahoo
ONGC,5m,2026-09-22T10:55:00+05:30,234.00999450683594,234.25999450683594,234.0,234.0,69712.0,yahoo
ONGC,5m,2026-09-22T11:00:00+05:30,234.02999877929688,234.17999267578125,233.9499969482422,234.00999450683594,50284.0,yahoo
ONGC,5m,2026-09-22T11:05:00+05:30,234.0,234.3300018310547,233.99000549316406,234.2899932861328,60535.0,yahoo
ONGC,5m,2026-09-22T11:10:00+05:30,234.27999877929688,234.5,234.17999267578125,234.3000030517578,81423.0,yahoo
ONGC,5m,2026-09-22T11:15:00+05:30,234.33999633789062,234.6300048828125,234.2899932861328,234.57000732421875,122929.0,yahoo
ONGC,5m,2026-09-22T11:20:00+05:30,234.55999755859375,234.64999389648438,234.4499969482422,234.47999572753906,58258.0,yahoo
ONGC,5m,2026-09-22T11:25:00+05:30,234.49000549316406,234.8000030517578,234.41000366210938,234.69000244140625,204598.0,yahoo
ONGC,5m,2026-09-22T11:30:00+05:30,234.69000244140625,235.14999389648438,234.6199951171875,234.82000732421875,160905.0,yahoo
ONGC,5m,2026-09-22T11:35:00+05:30,234.82000732421875,235.07000732421875,234.6999969482422,234.99000549316406,76818.0,yahoo
ONGC,5m,2026-09-22T11:40:00+05:30,235.08999633789062,235.08999633789062,234.5399932861328,234.66000366210938,53695.0,yahoo
ONGC,5m,2026-09-22T11:45:00+05:30,234.5399932861328,234.75,234.33999633789062,234.5,64163.0,yahoo
ONGC,5m,2026-09-22T11:50:00+05:30,234.50999450683594,234.6699981689453,234.4499969482422,234.5,39189.0,yahoo
ONGC,5m,2026-09-22T11:55:00+05:30,234.49000549316406,234.52000427246094,234.32000732421875,234.4600067138672,51925.0,yahoo
ONGC,5m,2026-09-22T12:00:00+05:30,234.44000244140625,234.4600067138672,234.35000610351562,234.41000366210938,48889.0,yahoo
ONGC,5m,2026-09-22T12:05:00+05:30,234.41000366210938,234.4499969482422,234.3000030517578,234.39999389648438,43879.0,yahoo
ONGC,5m,2026-09-22T12:10:00+05:30,234.41000366210938,235.5800018310547,234.22999572753906,235.5800018310547,231156.0,yahoo
ONGC,5m,2026-09-22T12:15:00+05:30,235.47999572753906,235.7899932861328,235.3800048828125,235.77999877929688,164096.0,yahoo
ONGC,5m,2026-09-22T12:20:00+05:30,235.77999877929688,235.8699951171875,235.4499969482422,235.72000122070312,97355.0,yahoo
ONGC,5m,2026-09-22T12:25:00+05:30,235.66000366210938,236.25,235.52999877929688,236.1199951171875,313791.0,yahoo
ONGC,5m,2026-09-22T12:30:00+05:30,236.0800018310547,236.25,236.0,236.19000244140625,105613.0,yahoo
ONGC,5m,2026-09-22T12:35:00+05:30,236.1999969482422,236.24000549316406,236.05999755859375,236.1199951171875,65779.0,yahoo
ONGC,5m,2026-09-22T12:40:00+05:30,236.1199951171875,236.1999969482422,236.05999755859375,236.17999267578125,70674.0,yahoo
ONGC,5m,2026-09-22T12:45:00+05:30,236.1699981689453,236.3000030517578,236.13999938964844,236.19000244140625,128609.0,yahoo
ONGC,5m,2026-09-22T12:50:00+05:30,236.16000366210938,236.16000366210938,236.0,236.0,75722.0,yahoo
ONGC,5m,2026-09-22T12:55:00+05:30,236.0,236.02000427246094,235.80999755859375,235.80999755859375,287829.0,yahoo
ONGC,5m,2026-09-22T13:00:00+05:30,235.8000030517578,236.0399932861328,235.47000122070312,236.0,191200.0,yahoo
ONGC,5m,2026-09-22T13:05:00+05:30,236.0,236.0399932861328,235.6699981689453,235.67999267578125,67917.0,yahoo
ONGC,5m,2026-09-22T13:10:00+05:30,235.67999267578125,235.83999633789062,235.63999938964844,235.74000549316406,56317.0,yahoo
ONGC,5m,2026-09-22T13:15:00+05:30,235.74000549316406,235.8300018310547,235.6300048828125,235.6999969482422,56914.0,yahoo
ONGC,5m,2026-09-22T13:20:00+05:30,235.77999877929688,236.22000122070312,235.74000549316406,236.05999755859375,107564.0,yahoo
ONGC,5m,2026-09-22T13:25:00+05:30,236.05999755859375,236.05999755859375,235.58999633789062,235.64999389648438,72464.0,yahoo
ONGC,5m,2026-09-22T13:30:00+05:30,235.66000366210938,235.88999938964844,235.66000366210938,235.7899932861328,48748.0,yahoo
ONGC,5m,2026-09-22T13:35:00+05:30,235.80999755859375,236.0399932861328,235.7899932861328,235.92999267578125,65352.0,yahoo
ONGC,5m,2026-09-22T13:40:00+05:30,235.91000366210938,236.0,235.86000061035156,235.9600067138672,43475.0,yahoo
ONGC,5m,2026-09-22T13:45:00+05:30,235.9199981689453,235.94000244140625,235.72000122070312,235.72999572753906,58129.0,yahoo
ONGC,5m,2026-09-22T13:50:00+05:30,235.7100067138672,235.72000122070312,235.50999450683594,235.5800018310547,62415.0,yahoo
ONGC,5m,2026-09-22T13:55:00+05:30,235.61000061035156,235.66000366210938,235.35000610351562,235.39999389648438,104363.0,yahoo
ONGC,5m,2026-09-22T14:00:00+05:30,235.41000366210938,235.52000427246094,235.25999450683594,235.4499969482422,90541.0,yahoo
ONGC,5m,2026-09-22T14:05:00+05:30,235.47000122070312,235.5800018310547,235.1699981689453,235.38999938964844,78639.0,yahoo
ONGC,5m,2026-09-22T14:10:00+05:30,235.38999938964844,235.88999938964844,235.30999755859375,235.88999938964844,89655.0,yahoo
ONGC,5m,2026-09-22T14:15:00+05:30,235.92999267578125,236.19000244140625,235.6699981689453,236.00999450683594,180062.0,yahoo
ONGC,5m,2026-09-22T14:20:00+05:30,236.00999450683594,236.0800018310547,235.88999938964844,235.88999938964844,50864.0,yahoo
ONGC,5m,2026-09-22T14:25:00+05:30,235.75,235.83999633789062,235.6199951171875,235.63999938964844,65183.0,yahoo
ONGC,5m,2026-09-22T14:30:00+05:30,235.64999389648438,235.72000122070312,235.47000122070312,235.5800018310547,72536.0,yahoo
ONGC,5m,2026-09-22T14:35:00+05:30,235.57000732421875,235.77000427246094,235.50999450683594,235.63999938964844,64315.0,yahoo
ONGC,5m,2026-09-22T14:40:00+05:30,235.55999755859375,235.61000061035156,235.4499969482422,235.49000549316406,62947.0,yahoo
ONGC,5m,2026-09-22T14:45:00+05:30,235.47000122070312,235.60000610351562,235.4600067138672,235.5,59460.0,yahoo
ONGC,5m,2026-09-22T14:50:00+05:30,235.49000549316406,235.66000366210938,235.47000122070312,235.55999755859375,105472.0,yahoo
ONGC,5m,2026-09-22T14:55:00+05:30,235.5800018310547,235.6199951171875,235.3000030517578,235.3000030517578,119585.0,yahoo
ONGC,5m,2026-09-22T15:00:00+05:30,235.35000610351562,235.5399932861328,235.14999389648438,235.22000122070312,217394.0,yahoo
ONGC,5m,2026-09-22T15:05:00+05:30,235.22999572753906,235.3300018310547,235.0500030517578,235.11000061035156,198754.0,yahoo
ONGC,5m,2026-09-22T15:10:00+05:30,235.11000061035156,235.11000061035156,234.80999755859375,234.97999572753906,301794.0,yahoo
ONGC,5m,2026-09-22T15:15:00+05:30,234.6999969482422,236.1300048828125,234.6999969482422,236.1300048828125,700801.0,yahoo
PERSISTENT,5m,2026-09-22T09:15:00+05:30,5449.0,5449.0,5377.0,5388.0,0.0,yahoo
PERSISTENT,5m,2026-09-22T09:20:00+05:30,5389.5,5398.0,5383.5,5396.0,6812.0,yahoo
PERSISTENT,5m,2026-09-22T09:25:00+05:30,5400.0,5403.0,5386.0,5390.5,7062.0,yahoo
PERSISTENT,5m,2026-09-22T09:30:00+05:30,5390.0,5396.0,5381.5,5392.5,6483.0,yahoo
PERSISTENT,5m,2026-09-22T09:35:00+05:30,5392.5,5392.5,5383.5,5388.5,3689.0,yahoo
PERSISTENT,5m,2026-09-22T09:40:00+05:30,5388.5,5396.5,5388.5,5394.0,3049.0,yahoo
PERSISTENT,5m,2026-09-22T09:45:00+05:30,5399.0,5403.0,5393.0,5394.5,4240.0,yahoo
PERSISTENT,5m,2026-09-22T09:50:00+05:30,5394.5,5407.0,5393.0,5403.0,1796.0,yahoo
PERSISTENT,5m,2026-09-22T09:55:00+05:30,5403.5,5405.5,5397.5,5398.5,1752.0,yahoo
PERSISTENT,5m,2026-09-22T10:00:00+05:30,5398.5,5400.0,5394.5,5396.5,2042.0,yahoo
PERSISTENT,5m,2026-09-22T10:05:00+05:30,5396.5,5400.0,5392.0,5396.0,1694.0,yahoo
PERSISTENT,5m,2026-09-22T10:10:00+05:30,5396.0,5399.0,5393.0,5395.5,1212.0,yahoo
PERSISTENT,5m,2026-09-22T10:15:00+05:30,5397.0,5401.0,5394.0,5398.5,1748.0,yahoo
PERSISTENT,5m,2026-09-22T10:20:00+05:30,5397.0,5400.5,5393.0,5396.0,2489.0,yahoo
PERSISTENT,5m,2026-09-22T10:25:00+05:30,5396.0,5399.5,5394.0,5395.0,1386.0,yahoo
PERSISTENT,5m,2026-09-22T10:30:00+05:30,5396.0,5401.0,5395.0,5395.0,1575.0,yahoo
PERSISTENT,5m,2026-09-22T10:35:00+05:30,5392.0,5395.0,5388.0,5388.0,2718.0,yahoo
PERSISTENT,5m,2026-09-22T10:40:00+05:30,5388.5,5390.0,5372.0,5383.5,7694.0,yahoo
PERSISTENT,5m,2026-09-22T10:45:00+05:30,5383.5,5396.5,5380.5,5392.5,4377.0,yahoo
PERSISTENT,5m,2026-09-22T10:50:00+05:30,5392.0,5405.5,5391.0,5405.5,4802.0,yahoo
PERSISTENT,5m,2026-09-22T10:55:00+05:30,5402.0,5407.5,5400.0,5405.5,6936.0,yahoo
PERSISTENT,5m,2026-09-22T11:00:00+05:30,5405.5,5406.0,5395.5,5395.5,5147.0,yahoo
PERSISTENT,5m,2026-09-22T11:05:00+05:30,5395.5,5398.0,5390.0,5392.0,2723.0,yahoo
PERSISTENT,5m,2026-09-22T11:10:00+05:30,5390.0,5391.0,5376.5,5383.0,6428.0,yahoo
PERSISTENT,5m,2026-09-22T11:15:00+05:30,5383.5,5392.5,5380.0,5390.0,9753.0,yahoo
PERSISTENT,5m,2026-09-22T11:20:00+05:30,5387.0,5402.0,5381.5,5381.5,9892.0,yahoo
PERSISTENT,5m,2026-09-22T11:25:00+05:30,5381.0,5391.0,5377.0,5382.0,3491.0,yahoo
PERSISTENT,5m,2026-09-22T11:30:00+05:30,5383.0,5384.5,5381.0,5382.5,2553.0,yahoo
PERSISTENT,5m,2026-09-22T11:35:00+05:30,5380.0,5384.5,5360.0,5361.0,8076.0,yahoo
PERSISTENT,5m,2026-09-22T11:40:00+05:30,5361.5,5377.0,5361.5,5372.0,10636.0,yahoo
PERSISTENT,5m,2026-09-22T11:45:00+05:30,5372.0,5379.0,5371.0,5378.5,2744.0,yahoo
PERSISTENT,5m,2026-09-22T11:50:00+05:30,5376.5,5378.0,5373.5,5373.5,2461.0,yahoo
PERSISTENT,5m,2026-09-22T11:55:00+05:30,5373.0,5374.0,5370.0,5372.0,2911.0,yahoo
PERSISTENT,5m,2026-09-22T12:00:00+05:30,5372.5,5375.0,5371.0,5374.0,1574.0,yahoo
PERSISTENT,5m,2026-09-22T12:05:00+05:30,5375.0,5380.0,5370.0,5371.0,16553.0,yahoo
PERSISTENT,5m,2026-09-22T12:10:00+05:30,5371.0,5375.5,5370.0,5370.5,1754.0,yahoo
PERSISTENT,5m,2026-09-22T12:15:00+05:30,5370.5,5373.5,5368.0,5370.0,2766.0,yahoo
PERSISTENT,5m,2026-09-22T12:20:00+05:30,5371.5,5377.5,5371.5,5375.0,5921.0,yahoo
PERSISTENT,5m,2026-09-22T12:25:00+05:30,5375.0,5376.5,5375.0,5375.0,1089.0,yahoo
PERSISTENT,5m,2026-09-22T12:30:00+05:30,5372.5,5372.5,5367.5,5368.0,2183.0,yahoo
PERSISTENT,5m,2026-09-22T12:35:00+05:30,5368.5,5376.5,5363.5,5375.5,10419.0,yahoo
PERSISTENT,5m,2026-09-22T12:40:00+05:30,5371.0,5376.5,5364.0,5366.5,3724.0,yahoo
PERSISTENT,5m,2026-09-22T12:45:00+05:30,5367.0,5376.0,5366.5,5368.0,10538.0,yahoo
PERSISTENT,5m,2026-09-22T12:50:00+05:30,5369.0,5369.0,5364.5,5365.0,1533.0,yahoo
PERSISTENT,5m,2026-09-22T12:55:00+05:30,5364.5,5370.0,5364.5,5368.5,8763.0,yahoo
PERSISTENT,5m,2026-09-22T13:00:00+05:30,5366.0,5368.5,5362.5,5363.5,1571.0,yahoo
PERSISTENT,5m,2026-09-22T13:05:00+05:30,5364.0,5373.0,5363.0,5373.0,7576.0,yahoo
PERSISTENT,5m,2026-09-22T13:10:00+05:30,5375.0,5375.0,5370.5,5374.0,1536.0,yahoo
PERSISTENT,5m,2026-09-22T13:15:00+05:30,5372.5,5375.0,5371.0,5375.0,1305.0,yahoo
PERSISTENT,5m,2026-09-22T13:20:00+05:30,5374.0,5382.0,5373.0,5381.5,4008.0,yahoo
PERSISTENT,5m,2026-09-22T13:25:00+05:30,5381.5,5393.5,5381.5,5391.5,4601.0,yahoo
PERSISTENT,5m,2026-09-22T13:30:00+05:30,5390.0,5390.0,5386.0,5386.0,2137.0,yahoo
PERSISTENT,5m,2026-09-22T13:35:00+05:30,5387.5,5393.0,5385.0,5392.5,2860.0,yahoo
PERSISTENT,5m,2026-09-22T13:40:00+05:30,5392.0,5399.0,5391.5,5395.0,2987.0,yahoo
PERSISTENT,5m,2026-09-22T13:45:00+05:30,5395.5,5395.5,5394.0,5395.0,7117.0,yahoo
PERSISTENT,5m,2026-09-22T13:50:00+05:30,5395.0,5395.5,5386.5,5389.0,3885.0,yahoo
PERSISTENT,5m,2026-09-22T13:55:00+05:30,5387.0,5388.5,5383.0,5384.0,1973.0,yahoo
PERSISTENT,5m,2026-09-22T14:00:00+05:30,5386.0,5386.0,5381.0,5385.0,3189.0,yahoo
PERSISTENT,5m,2026-09-22T14:05:00+05:30,5384.5,5386.0,5381.0,5385.0,1741.0,yahoo
PERSISTENT,5m,2026-09-22T14:10:00+05:30,5385.0,5394.0,5384.0,5394.0,2720.0,yahoo
PERSISTENT,5m,2026-09-22T14:15:00+05:30,5396.5,5399.5,5388.0,5392.5,5154.0,yahoo
PERSISTENT,5m,2026-09-22T14:20:00+05:30,5392.5,5397.5,5391.0,5391.0,2856.0,yahoo
PERSISTENT,5m,2026-09-22T14:25:00+05:30,5390.0,5393.0,5388.0,5391.0,4182.0,yahoo
PERSISTENT,5m,2026-09-22T14:30:00+05:30,5391.5,5394.0,5385.0,5385.0,3715.0,yahoo
PERSISTENT,5m,2026-09-22T14:35:00+05:30,5383.0,5388.0,5383.0,5384.0,5108.0,yahoo
PERSISTENT,5m,2026-09-22T14:40:00+05:30,5388.0,5388.0,5380.5,5383.0,2755.0,yahoo
PERSISTENT,5m,2026-09-22T14:45:00+05:30,5383.0,5383.0,5375.0,5379.0,2843.0,yahoo
PERSISTENT,5m,2026-09-22T14:50:00+05:30,5376.0,5382.0,5374.5,5378.5,7705.0,yahoo
PERSISTENT,5m,2026-09-22T14:55:00+05:30,5379.5,5379.5,5374.5,5375.0,2870.0,yahoo
PERSISTENT,5m,2026-09-22T15:00:00+05:30,5374.5,5375.5,5365.5,5367.5,7741.0,yahoo
PERSISTENT,5m,2026-09-22T15:05:00+05:30,5367.5,5371.5,5363.0,5363.0,10503.0,yahoo
PERSISTENT,5m,2026-09-22T15:10:00+05:30,5363.5,5372.0,5360.5,5372.0,11437.0,yahoo
PERSISTENT,5m,2026-09-22T15:15:00+05:30,5365.5,5366.0,5365.5,5366.0,2696.0,yahoo
PNB,5m,2026-09-22T09:15:00+05:30,118.27999877929688,118.4800033569336,118.20999908447266,118.26000213623047,0.0,yahoo
PNB,5m,2026-09-22T09:20:00+05:30,118.26000213623047,118.36000061035156,118.19999694824219,118.33999633789062,97434.0,yahoo
PNB,5m,2026-09-22T09:25:00+05:30,118.30999755859375,118.30999755859375,118.02999877929688,118.08999633789062,134475.0,yahoo
PNB,5m,2026-09-22T09:30:00+05:30,118.08999633789062,118.12999725341797,117.80999755859375,117.9800033569336,238000.0,yahoo
PNB,5m,2026-09-22T09:35:00+05:30,117.95999908447266,118.05000305175781,117.9000015258789,117.95999908447266,59408.0,yahoo
PNB,5m,2026-09-22T09:40:00+05:30,118.0,118.02999877929688,117.8499984741211,117.8499984741211,51584.0,yahoo
PNB,5m,2026-09-22T09:45:00+05:30,117.8499984741211,117.94000244140625,117.76000213623047,117.8499984741211,94604.0,yahoo
PNB,5m,2026-09-22T09:50:00+05:30,117.88999938964844,118.11000061035156,117.83999633789062,117.9800033569336,81687.0,yahoo
PNB,5m,2026-09-22T09:55:00+05:30,117.94999694824219,118.01000213623047,117.83999633789062,117.8499984741211,54477.0,yahoo
PNB,5m,2026-09-22T10:00:00+05:30,117.9000015258789,117.9000015258789,117.76000213623047,117.83999633789062,115042.0,yahoo
PNB,5m,2026-09-22T10:05:00+05:30,117.83999633789062,117.83999633789062,117.70999908447266,117.76000213623047,76027.0,yahoo
PNB,5m,2026-09-22T10:10:00+05:30,117.7699966430664,117.83999633789062,117.72000122070312,117.77999877929688,67824.0,yahoo
PNB,5m,2026-09-22T10:15:00+05:30,117.76000213623047,117.80999755859375,117.7300033569336,117.79000091552734,32939.0,yahoo
PNB,5m,2026-09-22T10:20:00+05:30,117.75,117.80000305175781,117.69999694824219,117.7699966430664,50218.0,yahoo
PNB,5m,2026-09-22T10:25:00+05:30,117.79000091552734,117.86000061035156,117.76000213623047,117.80000305175781,33045.0,yahoo
PNB,5m,2026-09-22T10:30:00+05:30,117.80000305175781,117.80999755859375,117.4800033569336,117.55000305175781,113176.0,yahoo
PNB,5m,2026-09-22T10:35:00+05:30,117.55000305175781,117.58000183105469,117.44999694824219,117.5199966430664,58282.0,yahoo
PNB,5m,2026-09-22T10:40:00+05:30,117.5999984741211,117.5999984741211,117.4000015258789,117.5,131451.0,yahoo
PNB,5m,2026-09-22T10:45:00+05:30,117.44999694824219,117.5199966430664,117.44999694824219,117.47000122070312,57617.0,yahoo
PNB,5m,2026-09-22T10:50:00+05:30,117.43000030517578,117.5,117.36000061035156,117.5,84903.0,yahoo
PNB,5m,2026-09-22T10:55:00+05:30,117.44999694824219,117.56999969482422,117.41000366210938,117.55999755859375,39236.0,yahoo
PNB,5m,2026-09-22T11:00:00+05:30,117.55999755859375,117.55999755859375,117.41000366210938,117.45999908447266,29547.0,yahoo
PNB,5m,2026-09-22T11:05:00+05:30,117.43000030517578,117.47000122070312,117.33000183105469,117.36000061035156,64920.0,yahoo
PNB,5m,2026-09-22T11:10:00+05:30,117.36000061035156,117.51000213623047,117.30000305175781,117.51000213623047,78516.0,yahoo
PNB,5m,2026-09-22T11:15:00+05:30,117.51000213623047,117.54000091552734,117.47000122070312,117.5,73363.0,yahoo
PNB,5m,2026-09-22T11:20:00+05:30,117.54000091552734,117.56999969482422,117.5,117.5,33873.0,yahoo
PNB,5m,2026-09-22T11:25:00+05:30,117.5,117.52999877929688,117.44999694824219,117.45999908447266,426860.0,yahoo
PNB,5m,2026-09-22T11:30:00+05:30,117.47000122070312,117.6500015258789,117.30999755859375,117.5,650250.0,yahoo
PNB,5m,2026-09-22T11:35:00+05:30,117.5,117.58999633789062,117.5,117.5,153418.0,yahoo
PNB,5m,2026-09-22T11:40:00+05:30,117.5199966430664,117.52999877929688,117.33999633789062,117.3499984741211,361402.0,yahoo
PNB,5m,2026-09-22T11:45:00+05:30,117.33000183105469,117.54000091552734,117.30999755859375,117.52999877929688,107105.0,yahoo
PNB,5m,2026-09-22T11:50:00+05:30,117.5,117.52999877929688,117.48999786376953,117.5,76200.0,yahoo
PNB,5m,2026-09-22T11:55:00+05:30,117.5,117.51000213623047,117.5,117.5,25513.0,yahoo
PNB,5m,2026-09-22T12:00:00+05:30,117.5,117.58999633789062,117.45999908447266,117.5199966430664,109813.0,yahoo
PNB,5m,2026-09-22T12:05:00+05:30,117.51000213623047,117.63999938964844,117.51000213623047,117.61000061035156,34446.0,yahoo
PNB,5m,2026-09-22T12:10:00+05:30,117.61000061035156,117.61000061035156,117.5199966430664,117.55000305175781,13184.0,yahoo
PNB,5m,2026-09-22T12:15:00+05:30,117.55000305175781,117.58000183105469,117.5,117.58000183105469,30526.0,yahoo
PNB,5m,2026-09-22T12:20:00+05:30,117.58999633789062,117.5999984741211,117.5199966430664,117.55999755859375,21705.0,yahoo
PNB,5m,2026-09-22T12:25:00+05:30,117.55999755859375,117.55999755859375,117.5,117.55000305175781,11447.0,yahoo
PNB,5m,2026-09-22T12:30:00+05:30,117.55000305175781,117.55000305175781,117.48999786376953,117.5,30597.0,yahoo
PNB,5m,2026-09-22T12:35:00+05:30,117.5,117.52999877929688,117.41999816894531,117.51000213623047,299035.0,yahoo
PNB,5m,2026-09-22T12:40:00+05:30,117.5,117.51000213623047,117.08000183105469,117.08000183105469,354818.0,yahoo
PNB,5m,2026-09-22T12:45:00+05:30,117.12000274658203,117.18000030517578,117.04000091552734,117.08999633789062,121846.0,yahoo
PNB,5m,2026-09-22T12:50:00+05:30,117.05000305175781,117.08999633789062,117.01000213623047,117.08999633789062,66792.0,yahoo
PNB,5m,2026-09-22T12:55:00+05:30,117.08000183105469,117.26000213623047,117.0199966430664,117.16999816894531,304833.0,yahoo
PNB,5m,2026-09-22T13:00:00+05:30,117.20999908447266,117.30999755859375,117.13999938964844,117.19999694824219,120797.0,yahoo
PNB,5m,2026-09-22T13:05:00+05:30,117.12999725341797,117.16999816894531,117.05000305175781,117.08000183105469,97901.0,yahoo
PNB,5m,2026-09-22T13:10:00+05:30,117.08000183105469,117.11000061035156,117.0,117.0,168282.0,yahoo
PNB,5m,2026-09-22T13:15:00+05:30,117.01000213623047,117.05000305175781,116.9000015258789,116.95999908447266,145802.0,yahoo
PNB,5m,2026-09-22T13:20:00+05:30,117.01000213623047,117.01000213623047,116.87000274658203,116.94999694824219,61380.0,yahoo
PNB,5m,2026-09-22T13:25:00+05:30,116.94999694824219,116.94999694824219,116.80999755859375,116.83000183105469,38005.0,yahoo
PNB,5m,2026-09-22T13:30:00+05:30,116.80000305175781,116.97000122070312,116.80000305175781,116.95999908447266,56307.0,yahoo
PNB,5m,2026-09-22T13:35:00+05:30,116.97000122070312,116.97000122070312,116.87999725341797,116.91999816894531,39225.0,yahoo
PNB,5m,2026-09-22T13:40:00+05:30,116.9000015258789,116.95999908447266,116.86000061035156,116.9000015258789,28413.0,yahoo
PNB,5m,2026-09-22T13:45:00+05:30,116.9000015258789,116.91999816894531,116.83999633789062,116.87999725341797,23958.0,yahoo
PNB,5m,2026-09-22T13:50:00+05:30,116.87999725341797,116.87999725341797,116.7699966430664,116.83000183105469,59995.0,yahoo
PNB,5m,2026-09-22T13:55:00+05:30,116.77999877929688,116.87999725341797,116.75,116.83999633789062,31914.0,yahoo
PNB,5m,2026-09-22T14:00:00+05:30,116.80999755859375,116.81999969482422,116.69999694824219,116.80999755859375,71196.0,yahoo
PNB,5m,2026-09-22T14:05:00+05:30,116.80999755859375,116.8499984741211,116.7300033569336,116.8499984741211,58450.0,yahoo
PNB,5m,2026-09-22T14:10:00+05:30,116.8499984741211,117.2300033569336,116.83000183105469,117.2300033569336,104174.0,yahoo
PNB,5m,2026-09-22T14:15:00+05:30,117.19000244140625,117.30000305175781,117.06999969482422,117.18000030517578,72472.0,yahoo
PNB,5m,2026-09-22T14:20:00+05:30,117.1500015258789,117.36000061035156,117.1500015258789,117.25,95550.0,yahoo
PNB,5m,2026-09-22T14:25:00+05:30,117.20999908447266,117.41999816894531,117.20999908447266,117.38999938964844,59877.0,yahoo
PNB,5m,2026-09-22T14:30:00+05:30,117.38999938964844,117.43000030517578,117.25,117.31999969482422,132976.0,yahoo
PNB,5m,2026-09-22T14:35:00+05:30,117.31999969482422,117.43000030517578,117.31999969482422,117.31999969482422,64875.0,yahoo
PNB,5m,2026-09-22T14:40:00+05:30,117.36000061035156,117.36000061035156,117.19000244140625,117.25,90602.0,yahoo
PNB,5m,2026-09-22T14:45:00+05:30,117.30000305175781,117.37999725341797,117.2300033569336,117.27999877929688,64406.0,yahoo
PNB,5m,2026-09-22T14:50:00+05:30,117.29000091552734,117.37999725341797,117.18000030517578,117.29000091552734,751243.0,yahoo
PNB,5m,2026-09-22T14:55:00+05:30,117.30000305175781,117.33000183105469,117.18000030517578,117.18000030517578,198524.0,yahoo
PNB,5m,2026-09-22T15:00:00+05:30,117.19000244140625,117.25,117.12000274658203,117.12999725341797,173929.0,yahoo
PNB,5m,2026-09-22T15:05:00+05:30,117.12999725341797,117.2300033569336,117.12999725341797,117.19000244140625,259613.0,yahoo
PNB,5m,2026-09-22T15:10:00+05:30,117.2300033569336,117.29000091552734,117.19000244140625,117.19000244140625,331697.0,yahoo
PNB,5m,2026-09-22T15:15:00+05:30,117.27999877929688,117.27999877929688,117.0,117.0,139583.0,yahoo
POWERGRID,5m,2026-09-22T09:15:00+05:30,267.45001220703125,268.25,267.20001220703125,267.5,0.0,yahoo
POWERGRID,5m,2026-09-22T09:20:00+05:30,267.6499938964844,267.70001220703125,267.25,267.3500061035156,56782.0,yahoo
POWERGRID,5m,2026-09-22T09:25:00+05:30,267.3999938964844,267.6499938964844,267.3500061035156,267.6499938964844,21148.0,yahoo
POWERGRID,5m,2026-09-22T09:30:00+05:30,267.75,268.04998779296875,267.45001220703125,267.5,47523.0,yahoo
POWERGRID,5m,2026-09-22T09:35:00+05:30,267.5,267.5,267.20001220703125,267.20001220703125,27518.0,yahoo
POWERGRID,5m,2026-09-22T09:40:00+05:30,267.20001220703125,267.3500061035156,266.5,266.6000061035156,76518.0,yahoo
POWERGRID,5m,2026-09-22T09:45:00+05:30,266.6499938964844,266.75,266.6000061035156,266.6499938964844,25890.0,yahoo
POWERGRID,5m,2026-09-22T09:50:00+05:30,266.6499938964844,266.75,266.29998779296875,266.29998779296875,49927.0,yahoo
POWERGRID,5m,2026-09-22T09:55:00+05:30,266.29998779296875,266.3500061035156,266.1000061035156,266.25,54608.0,yahoo
POWERGRID,5m,2026-09-22T10:00:00+05:30,266.29998779296875,266.5,266.25,266.5,23892.0,yahoo
POWERGRID,5m,2026-09-22T10:05:00+05:30,266.5,266.5,266.29998779296875,266.3999938964844,25704.0,yahoo
POWERGRID,5m,2026-09-22T10:10:00+05:30,266.29998779296875,266.3500061035156,266.20001220703125,266.25,38954.0,yahoo
POWERGRID,5m,2026-09-22T10:15:00+05:30,266.25,266.25,266.1000061035156,266.1000061035156,23552.0,yahoo
POWERGRID,5m,2026-09-22T10:20:00+05:30,266.1000061035156,266.25,266.04998779296875,266.25,73478.0,yahoo
POWERGRID,5m,2026-09-22T10:25:00+05:30,266.25,266.29998779296875,266.1000061035156,266.20001220703125,18450.0,yahoo
POWERGRID,5m,2026-09-22T10:30:00+05:30,266.20001220703125,266.25,266.0,266.1499938964844,66632.0,yahoo
POWERGRID,5m,2026-09-22T10:35:00+05:30,266.1499938964844,266.6499938964844,266.1000061035156,266.45001220703125,192224.0,yahoo
POWERGRID,5m,2026-09-22T10:40:00+05:30,266.3999938964844,267.0,266.3500061035156,266.6499938964844,161993.0,yahoo
POWERGRID,5m,2026-09-22T10:45:00+05:30,266.6499938964844,266.70001220703125,266.3999938964844,266.5,44083.0,yahoo
POWERGRID,5m,2026-09-22T10:50:00+05:30,266.5,266.54998779296875,266.3500061035156,266.54998779296875,27327.0,yahoo
POWERGRID,5m,2026-09-22T10:55:00+05:30,266.54998779296875,266.6499938964844,266.45001220703125,266.45001220703125,21212.0,yahoo
POWERGRID,5m,2026-09-22T11:00:00+05:30,266.45001220703125,266.5,266.1000061035156,266.29998779296875,37068.0,yahoo
POWERGRID,5m,2026-09-22T11:05:00+05:30,266.1499938964844,266.29998779296875,266.1000061035156,266.1000061035156,32476.0,yahoo
POWERGRID,5m,2026-09-22T11:10:00+05:30,266.1000061035156,266.45001220703125,266.1000061035156,266.3999938964844,41637.0,yahoo
POWERGRID,5m,2026-09-22T11:15:00+05:30,266.3999938964844,266.8500061035156,266.3999938964844,266.6499938964844,254588.0,yahoo
POWERGRID,5m,2026-09-22T11:20:00+05:30,266.8999938964844,267.1000061035156,266.75,267.0,72348.0,yahoo
POWERGRID,5m,2026-09-22T11:25:00+05:30,267.0,267.1000061035156,266.75,267.1000061035156,57530.0,yahoo
POWERGRID,5m,2026-09-22T11:30:00+05:30,267.04998779296875,267.04998779296875,266.79998779296875,266.95001220703125,34351.0,yahoo
POWERGRID,5m,2026-09-22T11:35:00+05:30,266.79998779296875,267.1000061035156,266.75,266.95001220703125,109861.0,yahoo
POWERGRID,5m,2026-09-22T11:40:00+05:30,267.0,267.04998779296875,266.8500061035156,266.95001220703125,53731.0,yahoo
POWERGRID,5m,2026-09-22T11:45:00+05:30,266.8999938964844,267.25,266.8999938964844,267.25,48794.0,yahoo
POWERGRID,5m,2026-09-22T11:50:00+05:30,267.25,267.25,267.0,267.0,20773.0,yahoo
POWERGRID,5m,2026-09-22T11:55:00+05:30,267.1000061035156,267.1499938964844,266.8500061035156,267.1499938964844,130687.0,yahoo
POWERGRID,5m,2026-09-22T12:00:00+05:30,267.1000061035156,267.1499938964844,267.04998779296875,267.1499938964844,18349.0,yahoo
POWERGRID,5m,2026-09-22T12:05:00+05:30,267.1000061035156,267.3999938964844,267.0,267.3999938964844,58571.0,yahoo
POWERGRID,5m,2026-09-22T12:10:00+05:30,267.3999938964844,267.5,267.29998779296875,267.3999938964844,24725.0,yahoo
POWERGRID,5m,2026-09-22T12:15:00+05:30,267.3999938964844,267.45001220703125,267.1499938964844,267.25,147792.0,yahoo
POWERGRID,5m,2026-09-22T12:20:00+05:30,267.25,267.6000061035156,267.20001220703125,267.3500061035156,156789.0,yahoo
POWERGRID,5m,2026-09-22T12:25:00+05:30,267.5,267.8500061035156,267.5,267.75,490024.0,yahoo
POWERGRID,5m,2026-09-22T12:30:00+05:30,267.75,268.1000061035156,267.54998779296875,268.1000061035156,180370.0,yahoo
POWERGRID,5m,2026-09-22T12:35:00+05:30,268.1000061035156,268.1000061035156,267.79998779296875,267.95001220703125,407578.0,yahoo
POWERGRID,5m,2026-09-22T12:40:00+05:30,267.95001220703125,268.04998779296875,267.95001220703125,268.0,78643.0,yahoo
POWERGRID,5m,2026-09-22T12:45:00+05:30,268.04998779296875,268.04998779296875,267.8500061035156,268.0,185580.0,yahoo
POWERGRID,5m,2026-09-22T12:50:00+05:30,268.0,268.04998779296875,267.75,267.75,167928.0,yahoo
POWERGRID,5m,2026-09-22T12:55:00+05:30,267.75,267.75,267.5,267.6499938964844,27371.0,yahoo
POWERGRID,5m,2026-09-22T13:00:00+05:30,267.6000061035156,267.6499938964844,267.3999938964844,267.5,42888.0,yahoo
POWERGRID,5m,2026-09-22T13:05:00+05:30,267.6000061035156,267.6499938964844,267.54998779296875,267.6000061035156,12402.0,yahoo
POWERGRID,5m,2026-09-22T13:10:00+05:30,267.6499938964844,267.6499938964844,267.04998779296875,267.25,43289.0,yahoo
POWERGRID,5m,2026-09-22T13:15:00+05:30,267.1499938964844,267.25,266.8999938964844,266.8999938964844,63040.0,yahoo
POWERGRID,5m,2026-09-22T13:20:00+05:30,266.8999938964844,267.0,266.75,266.8999938964844,71004.0,yahoo
POWERGRID,5m,2026-09-22T13:25:00+05:30,266.8999938964844,266.8999938964844,266.6499938964844,266.79998779296875,54704.0,yahoo
POWERGRID,5m,2026-09-22T13:30:00+05:30,266.75,266.79998779296875,266.54998779296875,266.75,46398.0,yahoo
POWERGRID,5m,2026-09-22T13:35:00+05:30,266.75,267.29998779296875,266.6000061035156,267.1000061035156,82278.0,yahoo
POWERGRID,5m,2026-09-22T13:40:00+05:30,267.1000061035156,267.29998779296875,266.95001220703125,267.29998779296875,43232.0,yahoo
POWERGRID,5m,2026-09-22T13:45:00+05:30,267.29998779296875,267.29998779296875,267.0,267.04998779296875,32091.0,yahoo
POWERGRID,5m,2026-09-22T13:50:00+05:30,266.95001220703125,267.04998779296875,266.79998779296875,267.0,40290.0,yahoo
POWERGRID,5m,2026-09-22T13:55:00+05:30,266.95001220703125,267.20001220703125,266.95001220703125,267.1499938964844,30926.0,yahoo
POWERGRID,5m,2026-09-22T14:00:00+05:30,267.1499938964844,267.1499938964844,266.75,266.95001220703125,70974.0,yahoo
POWERGRID,5m,2026-09-22T14:05:00+05:30,266.95001220703125,267.0,266.6499938964844,266.8500061035156,42238.0,yahoo
POWERGRID,5m,2026-09-22T14:10:00+05:30,266.79998779296875,267.20001220703125,266.6000061035156,267.20001220703125,54532.0,yahoo
POWERGRID,5m,2026-09-22T14:15:00+05:30,267.25,267.45001220703125,266.95001220703125,267.20001220703125,34280.0,yahoo
POWERGRID,5m,2026-09-22T14:20:00+05:30,267.20001220703125,267.3500061035156,267.0,267.04998779296875,28589.0,yahoo
POWERGRID,5m,2026-09-22T14:25:00+05:30,267.04998779296875,267.1499938964844,266.8500061035156,266.95001220703125,39066.0,yahoo
POWERGRID,5m,2026-09-22T14:30:00+05:30,266.95001220703125,267.1499938964844,266.8500061035156,267.1499938964844,117207.0,yahoo
POWERGRID,5m,2026-09-22T14:35:00+05:30,267.1499938964844,267.20001220703125,266.8999938964844,266.95001220703125,74399.0,yahoo
POWERGRID,5m,2026-09-22T14:40:00+05:30,266.8500061035156,267.1000061035156,266.6499938964844,266.6499938964844,75166.0,yahoo
POWERGRID,5m,2026-09-22T14:45:00+05:30,266.6499938964844,266.8500061035156,266.6499938964844,266.79998779296875,57180.0,yahoo
POWERGRID,5m,2026-09-22T14:50:00+05:30,266.75,267.75,266.70001220703125,267.6000061035156,579355.0,yahoo
POWERGRID,5m,2026-09-22T14:55:00+05:30,267.5,267.54998779296875,267.04998779296875,267.1499938964844,156831.0,yahoo
POWERGRID,5m,2026-09-22T15:00:00+05:30,267.04998779296875,267.04998779296875,266.70001220703125,266.8500061035156,173305.0,yahoo
POWERGRID,5m,2026-09-22T15:05:00+05:30,266.79998779296875,266.8999938964844,266.5,266.79998779296875,229231.0,yahoo
POWERGRID,5m,2026-09-22T15:10:00+05:30,266.75,266.79998779296875,266.3999938964844,266.3999938964844,263198.0,yahoo
POWERGRID,5m,2026-09-22T15:15:00+05:30,266.3999938964844,266.3999938964844,265.95001220703125,265.95001220703125,657911.0,yahoo
RELIANCE,5m,2026-09-22T09:15:00+05:30,1249.300048828125,1251.9000244140625,1246.699951171875,1247.0,0.0,yahoo
RELIANCE,5m,2026-09-22T09:20:00+05:30,1247.0999755859375,1247.9000244140625,1246.199951171875,1246.300048828125,149678.0,yahoo
RELIANCE,5m,2026-09-22T09:25:00+05:30,1246.300048828125,1246.4000244140625,1245.0,1245.5,169499.0,yahoo
RELIANCE,5m,2026-09-22T09:30:00+05:30,1245.5,1248.199951171875,1245.5,1247.5,175942.0,yahoo
RELIANCE,5m,2026-09-22T09:35:00+05:30,1247.5,1249.699951171875,1247.5,1248.9000244140625,132463.0,yahoo
RELIANCE,5m,2026-09-22T09:40:00+05:30,1249.0,1250.199951171875,1247.5999755859375,1248.5999755859375,86791.0,yahoo
RELIANCE,5m,2026-09-22T09:45:00+05:30,1248.5999755859375,1248.699951171875,1247.699951171875,1247.699951171875,63223.0,yahoo
RELIANCE,5m,2026-09-22T09:50:00+05:30,1247.800048828125,1247.800048828125,1247.199951171875,1247.5,111180.0,yahoo
RELIANCE,5m,2026-09-22T09:55:00+05:30,1247.4000244140625,1248.300048828125,1247.0,1247.0999755859375,66570.0,yahoo
RELIANCE,5m,2026-09-22T10:00:00+05:30,1247.0999755859375,1247.199951171875,1246.4000244140625,1246.800048828125,57915.0,yahoo
RELIANCE,5m,2026-09-22T10:05:00+05:30,1246.699951171875,1247.0999755859375,1246.699951171875,1246.699951171875,44434.0,yahoo
RELIANCE,5m,2026-09-22T10:10:00+05:30,1246.800048828125,1247.5999755859375,1246.5,1247.4000244140625,41613.0,yahoo
RELIANCE,5m,2026-09-22T10:15:00+05:30,1247.4000244140625,1250.5,1246.5999755859375,1249.699951171875,135558.0,yahoo
RELIANCE,5m,2026-09-22T10:20:00+05:30,1249.699951171875,1251.0,1247.9000244140625,1250.9000244140625,152561.0,yahoo
RELIANCE,5m,2026-09-22T10:25:00+05:30,1250.9000244140625,1250.9000244140625,1249.0999755859375,1249.9000244140625,356389.0,yahoo
RELIANCE,5m,2026-09-22T10:30:00+05:30,1250.0,1250.199951171875,1248.0999755859375,1249.0999755859375,208653.0,yahoo
RELIANCE,5m,2026-09-22T10:35:00+05:30,1249.0999755859375,1249.0999755859375,1247.800048828125,1247.9000244140625,79657.0,yahoo
RELIANCE,5m,2026-09-22T10:40:00+05:30,1247.9000244140625,1249.5,1247.0,1248.4000244140625,184187.0,yahoo
RELIANCE,5m,2026-09-22T10:45:00+05:30,1248.4000244140625,1248.800048828125,1248.0,1248.4000244140625,46261.0,yahoo
RELIANCE,5m,2026-09-22T10:50:00+05:30,1248.4000244140625,1248.4000244140625,1246.0,1246.800048828125,113105.0,yahoo
RELIANCE,5m,2026-09-22T10:55:00+05:30,1246.800048828125,1247.300048828125,1246.5,1247.199951171875,52054.0,yahoo
RELIANCE,5m,2026-09-22T11:00:00+05:30,1247.4000244140625,1247.4000244140625,1247.0,1247.300048828125,37692.0,yahoo
RELIANCE,5m,2026-09-22T11:05:00+05:30,1247.0999755859375,1247.199951171875,1246.199951171875,1246.9000244140625,86023.0,yahoo
RELIANCE,5m,2026-09-22T11:10:00+05:30,1246.9000244140625,1248.9000244140625,1246.4000244140625,1248.199951171875,97365.0,yahoo
RELIANCE,5m,2026-09-22T11:15:00+05:30,1248.5999755859375,1248.5999755859375,1247.300048828125,1247.5,60545.0,yahoo
RELIANCE,5m,2026-09-22T11:20:00+05:30,1247.4000244140625,1248.0,1247.199951171875,1247.5999755859375,54257.0,yahoo
RELIANCE,5m,2026-09-22T11:25:00+05:30,1247.5,1248.5999755859375,1247.300048828125,1248.5999755859375,109458.0,yahoo
RELIANCE,5m,2026-09-22T11:30:00+05:30,1248.5999755859375,1248.5999755859375,1248.0999755859375,1248.0999755859375,141105.0,yahoo
RELIANCE,5m,2026-09-22T11:35:00+05:30,1248.199951171875,1248.199951171875,1245.5,1246.0,194413.0,yahoo
RELIANCE,5m,2026-09-22T11:40:00+05:30,1245.800048828125,1246.800048828125,1244.5999755859375,1245.0999755859375,128958.0,yahoo
RELIANCE,5m,2026-09-22T11:45:00+05:30,1245.199951171875,1245.199951171875,1242.5999755859375,1243.300048828125,139084.0,yahoo
RELIANCE,5m,2026-09-22T11:50:00+05:30,1243.5,1243.699951171875,1243.0,1243.5,38114.0,yahoo
RELIANCE,5m,2026-09-22T11:55:00+05:30,1243.5,1244.300048828125,1242.800048828125,1244.300048828125,113147.0,yahoo
RELIANCE,5m,2026-09-22T12:00:00+05:30,1244.300048828125,1244.300048828125,1242.9000244140625,1243.4000244140625,159527.0,yahoo
RELIANCE,5m,2026-09-22T12:05:00+05:30,1243.5999755859375,1244.4000244140625,1243.4000244140625,1244.0,65814.0,yahoo
RELIANCE,5m,2026-09-22T12:10:00+05:30,1244.0,1244.199951171875,1243.5,1243.5,38749.0,yahoo
RELIANCE,5m,2026-09-22T12:15:00+05:30,1243.699951171875,1244.9000244140625,1243.5,1244.5,51217.0,yahoo
RELIANCE,5m,2026-09-22T12:20:00+05:30,1244.800048828125,1245.0,1244.0999755859375,1244.4000244140625,83142.0,yahoo
RELIANCE,5m,2026-09-22T12:25:00+05:30,1244.199951171875,1245.199951171875,1244.0999755859375,1244.199951171875,204399.0,yahoo
RELIANCE,5m,2026-09-22T12:30:00+05:30,1244.5,1244.800048828125,1244.0999755859375,1244.5999755859375,63568.0,yahoo
RELIANCE,5m,2026-09-22T12:35:00+05:30,1244.5999755859375,1245.0999755859375,1244.199951171875,1244.199951171875,100479.0,yahoo
RELIANCE,5m,2026-09-22T12:40:00+05:30,1244.300048828125,1244.800048828125,1243.699951171875,1244.0,55879.0,yahoo
RELIANCE,5m,2026-09-22T12:45:00+05:30,1244.0,1244.0999755859375,1242.300048828125,1242.800048828125,95616.0,yahoo
RELIANCE,5m,2026-09-22T12:50:00+05:30,1242.800048828125,1243.199951171875,1241.300048828125,1242.199951171875,135480.0,yahoo
RELIANCE,5m,2026-09-22T12:55:00+05:30,1242.0,1242.5999755859375,1241.300048828125,1242.0,114372.0,yahoo
RELIANCE,5m,2026-09-22T13:00:00+05:30,1242.0,1242.5,1240.800048828125,1241.800048828125,217259.0,yahoo
RELIANCE,5m,2026-09-22T13:05:00+05:30,1241.800048828125,1242.9000244140625,1241.699951171875,1242.800048828125,45169.0,yahoo
RELIANCE,5m,2026-09-22T13:10:00+05:30,1242.5999755859375,1242.5999755859375,1242.0,1242.300048828125,67979.0,yahoo
RELIANCE,5m,2026-09-22T13:15:00+05:30,1242.300048828125,1242.4000244140625,1241.5999755859375,1241.9000244140625,43992.0,yahoo
RELIANCE,5m,2026-09-22T13:20:00+05:30,1242.0,1242.0,1241.0999755859375,1241.800048828125,64488.0,yahoo
RELIANCE,5m,2026-09-22T13:25:00+05:30,1242.0,1242.5,1241.5999755859375,1242.300048828125,79804.0,yahoo
RELIANCE,5m,2026-09-22T13:30:00+05:30,1242.300048828125,1242.5,1241.5999755859375,1242.300048828125,77497.0,yahoo
RELIANCE,5m,2026-09-22T13:35:00+05:30,1242.199951171875,1242.5,1242.0,1242.0999755859375,58517.0,yahoo
RELIANCE,5m,2026-09-22T13:40:00+05:30,1242.0999755859375,1242.4000244140625,1241.5999755859375,1241.5999755859375,39243.0,yahoo
RELIANCE,5m,2026-09-22T13:45:00+05:30,1241.800048828125,1241.800048828125,1239.300048828125,1240.0,118798.0,yahoo
RELIANCE,5m,2026-09-22T13:50:00+05:30,1240.0,1240.4000244140625,1238.4000244140625,1238.9000244140625,120943.0,yahoo
RELIANCE,5m,2026-09-22T13:55:00+05:30,1238.9000244140625,1239.9000244140625,1238.0999755859375,1238.5999755859375,138478.0,yahoo
RELIANCE,5m,2026-09-22T14:00:00+05:30,1238.5999755859375,1239.0999755859375,1237.699951171875,1239.0999755859375,154723.0,yahoo
RELIANCE,5m,2026-09-22T14:05:00+05:30,1239.0999755859375,1239.199951171875,1238.0999755859375,1239.199951171875,117509.0,yahoo
RELIANCE,5m,2026-09-22T14:10:00+05:30,1239.5,1243.300048828125,1239.300048828125,1243.300048828125,211532.0,yahoo
RELIANCE,5m,2026-09-22T14:15:00+05:30,1243.300048828125,1244.4000244140625,1242.0,1243.9000244140625,137404.0,yahoo
RELIANCE,5m,2026-09-22T14:20:00+05:30,1243.800048828125,1244.699951171875,1243.800048828125,1244.0,144795.0,yahoo
RELIANCE,5m,2026-09-22T14:25:00+05:30,1244.699951171875,1245.0,1244.0999755859375,1244.5,155511.0,yahoo
RELIANCE,5m,2026-09-22T14:30:00+05:30,1244.5,1246.699951171875,1243.9000244140625,1246.0999755859375,755703.0,yahoo
RELIANCE,5m,2026-09-22T14:35:00+05:30,1246.0999755859375,1248.199951171875,1246.0,1248.0,212286.0,yahoo
RELIANCE,5m,2026-09-22T14:40:00+05:30,1248.0999755859375,1248.0999755859375,1246.0999755859375,1247.5,206362.0,yahoo
RELIANCE,5m,2026-09-22T14:45:00+05:30,1247.5,1247.9000244140625,1246.699951171875,1246.699951171875,113039.0,yahoo
RELIANCE,5m,2026-09-22T14:50:00+05:30,1246.800048828125,1247.9000244140625,1246.800048828125,1247.300048828125,275616.0,yahoo
RELIANCE,5m,2026-09-22T14:55:00+05:30,1247.5,1247.5,1244.5999755859375,1245.5,416512.0,yahoo
RELIANCE,5m,2026-09-22T15:00:00+05:30,1245.4000244140625,1245.5,1244.5,1244.9000244140625,293511.0,yahoo
RELIANCE,5m,2026-09-22T15:05:00+05:30,1245.0,1245.4000244140625,1244.699951171875,1244.9000244140625,279657.0,yahoo
RELIANCE,5m,2026-09-22T15:10:00+05:30,1245.0,1245.4000244140625,1244.199951171875,1244.5,222916.0,yahoo
RELIANCE,5m,2026-09-22T15:15:00+05:30,1244.5,1244.5,1240.4000244140625,1240.4000244140625,790719.0,yahoo
SAIL,5m,2026-09-22T09:15:00+05:30,176.86000061035156,177.80999755859375,176.86000061035156,177.08999633789062,0.0,yahoo
SAIL,5m,2026-09-22T09:20:00+05:30,176.89999389648438,177.0,176.7100067138672,176.9600067138672,126562.0,yahoo
SAIL,5m,2026-09-22T09:25:00+05:30,176.8300018310547,176.91000366210938,176.3000030517578,176.3000030517578,148256.0,yahoo
SAIL,5m,2026-09-22T09:30:00+05:30,176.3000030517578,176.35000610351562,175.6999969482422,175.86000061035156,159773.0,yahoo
SAIL,5m,2026-09-22T09:35:00+05:30,175.83999633789062,176.24000549316406,175.6699981689453,176.24000549316406,457596.0,yahoo
SAIL,5m,2026-09-22T09:40:00+05:30,176.27999877929688,176.2899932861328,175.9600067138672,176.00999450683594,125514.0,yahoo
SAIL,5m,2026-09-22T09:45:00+05:30,176.1999969482422,176.30999755859375,176.0,176.25999450683594,103724.0,yahoo
SAIL,5m,2026-09-22T09:50:00+05:30,176.25999450683594,176.3699951171875,176.1999969482422,176.25999450683594,67945.0,yahoo
SAIL,5m,2026-09-22T09:55:00+05:30,176.17999267578125,176.22999572753906,176.02000427246094,176.1199951171875,85626.0,yahoo
SAIL,5m,2026-09-22T10:00:00+05:30,176.07000732421875,176.2899932861328,175.89999389648438,176.13999938964844,64047.0,yahoo
SAIL,5m,2026-09-22T10:05:00+05:30,176.1999969482422,176.1999969482422,175.75,175.75,69914.0,yahoo
SAIL,5m,2026-09-22T10:10:00+05:30,175.75999450683594,175.92999267578125,175.75999450683594,175.89999389648438,46616.0,yahoo
SAIL,5m,2026-09-22T10:15:00+05:30,175.85000610351562,175.89999389648438,175.6699981689453,175.85000610351562,63859.0,yahoo
SAIL,5m,2026-09-22T10:20:00+05:30,175.8000030517578,175.85000610351562,175.72999572753906,175.77999877929688,18137.0,yahoo
SAIL,5m,2026-09-22T10:25:00+05:30,175.75,175.7899932861328,175.64999389648438,175.77000427246094,59705.0,yahoo
SAIL,5m,2026-09-22T10:30:00+05:30,175.6999969482422,175.8699951171875,175.5800018310547,175.85000610351562,67103.0,yahoo
SAIL,5m,2026-09-22T10:35:00+05:30,175.85000610351562,175.85000610351562,175.66000366210938,175.6999969482422,99727.0,yahoo
SAIL,5m,2026-09-22T10:40:00+05:30,175.6999969482422,175.9499969482422,175.60000610351562,175.67999267578125,109333.0,yahoo
SAIL,5m,2026-09-22T10:45:00+05:30,175.75999450683594,175.8699951171875,175.5,175.6199951171875,113504.0,yahoo
SAIL,5m,2026-09-22T10:50:00+05:30,175.6300048828125,175.72000122070312,175.4199981689453,175.5,77657.0,yahoo
SAIL,5m,2026-09-22T10:55:00+05:30,175.5500030517578,175.5500030517578,175.3800048828125,175.44000244140625,59068.0,yahoo
SAIL,5m,2026-09-22T11:00:00+05:30,175.44000244140625,175.44000244140625,175.11000061035156,175.19000244140625,164037.0,yahoo
SAIL,5m,2026-09-22T11:05:00+05:30,175.25999450683594,175.5,175.00999450683594,175.32000732421875,345035.0,yahoo
SAIL,5m,2026-09-22T11:10:00+05:30,175.42999267578125,175.6300048828125,175.22000122070312,175.4499969482422,130038.0,yahoo
SAIL,5m,2026-09-22T11:15:00+05:30,175.47000122070312,175.6699981689453,175.36000061035156,175.42999267578125,100915.0,yahoo
SAIL,5m,2026-09-22T11:20:00+05:30,175.3800048828125,175.6999969482422,175.3800048828125,175.58999633789062,40592.0,yahoo
SAIL,5m,2026-09-22T11:25:00+05:30,175.52999877929688,175.60000610351562,175.36000061035156,175.4499969482422,12235.0,yahoo
SAIL,5m,2026-09-22T11:30:00+05:30,175.41000366210938,175.5,175.24000549316406,175.4499969482422,48920.0,yahoo
SAIL,5m,2026-09-22T11:35:00+05:30,175.42999267578125,176.14999389648438,175.32000732421875,176.05999755859375,82558.0,yahoo
SAIL,5m,2026-09-22T11:40:00+05:30,176.05999755859375,176.08999633789062,175.92999267578125,176.0800018310547,35507.0,yahoo
SAIL,5m,2026-09-22T11:45:00+05:30,176.0800018310547,176.1300048828125,175.7100067138672,175.8300018310547,48864.0,yahoo
SAIL,5m,2026-09-22T11:50:00+05:30,175.82000732421875,175.8300018310547,175.5399932861328,175.69000244140625,24335.0,yahoo
SAIL,5m,2026-09-22T11:55:00+05:30,175.69000244140625,175.69000244140625,175.5399932861328,175.58999633789062,18069.0,yahoo
SAIL,5m,2026-09-22T12:00:00+05:30,175.58999633789062,175.7100067138672,175.52999877929688,175.7100067138672,58263.0,yahoo
SAIL,5m,2026-09-22T12:05:00+05:30,175.6999969482422,175.6999969482422,175.44000244140625,175.5500030517578,42801.0,yahoo
SAIL,5m,2026-09-22T12:10:00+05:30,175.5500030517578,175.5500030517578,175.39999389648438,175.5,21526.0,yahoo
SAIL,5m,2026-09-22T12:15:00+05:30,175.5,175.74000549316406,175.4499969482422,175.72999572753906,20522.0,yahoo
SAIL,5m,2026-09-22T12:20:00+05:30,175.67999267578125,175.77999877929688,175.61000061035156,175.61000061035156,12634.0,yahoo
SAIL,5m,2026-09-22T12:25:00+05:30,175.6699981689453,175.67999267578125,175.0500030517578,175.08999633789062,212328.0,yahoo
SAIL,5m,2026-09-22T12:30:00+05:30,175.10000610351562,175.27000427246094,175.00999450683594,175.2100067138672,84776.0,yahoo
SAIL,5m,2026-09-22T12:35:00+05:30,175.1999969482422,175.2899932861328,175.1999969482422,175.25999450683594,21336.0,yahoo
SAIL,5m,2026-09-22T12:40:00+05:30,175.25999450683594,175.33999633789062,175.1999969482422,175.24000549316406,20570.0,yahoo
SAIL,5m,2026-09-22T12:45:00+05:30,175.24000549316406,175.24000549316406,175.1199951171875,175.1999969482422,21379.0,yahoo
SAIL,5m,2026-09-22T12:50:00+05:30,175.25,175.33999633789062,175.2100067138672,175.3000030517578,28732.0,yahoo
SAIL,5m,2026-09-22T12:55:00+05:30,175.27000427246094,175.32000732421875,175.1999969482422,175.30999755859375,15873.0,yahoo
SAIL,5m,2026-09-22T13:00:00+05:30,175.22999572753906,175.32000732421875,175.14999389648438,175.1999969482422,40272.0,yahoo
SAIL,5m,2026-09-22T13:05:00+05:30,175.19000244140625,175.22000122070312,174.74000549316406,174.88999938964844,262392.0,yahoo
SAIL,5m,2026-09-22T13:10:00+05:30,174.88999938964844,174.91000366210938,174.75,174.8699951171875,25874.0,yahoo
SAIL,5m,2026-09-22T13:15:00+05:30,174.82000732421875,174.8800048828125,174.75999450683594,174.85000610351562,30183.0,yahoo
SAIL,5m,2026-09-22T13:20:00+05:30,174.85000610351562,174.85000610351562,174.6199951171875,174.8000030517578,36233.0,yahoo
SAIL,5m,2026-09-22T13:25:00+05:30,174.8000030517578,174.8000030517578,174.75,174.77000427246094,20985.0,yahoo
SAIL,5m,2026-09-22T13:30:00+05:30,174.75,174.77000427246094,174.6999969482422,174.75,10679.0,yahoo
SAIL,5m,2026-09-22T13:35:00+05:30,174.74000549316406,174.92999267578125,174.74000549316406,174.92999267578125,33968.0,yahoo
SAIL,5m,2026-09-22T13:40:00+05:30,174.8000030517578,174.82000732421875,174.77999877929688,174.77999877929688,26782.0,yahoo
SAIL,5m,2026-09-22T13:45:00+05:30,174.77999877929688,174.7899932861328,174.61000061035156,174.75,40122.0,yahoo
SAIL,5m,2026-09-22T13:50:00+05:30,174.75,174.92999267578125,174.55999755859375,174.7899932861328,42297.0,yahoo
SAIL,5m,2026-09-22T13:55:00+05:30,174.77999877929688,174.8800048828125,174.6699981689453,174.74000549316406,25157.0,yahoo
SAIL,5m,2026-09-22T14:00:00+05:30,174.67999267578125,174.7100067138672,174.52999877929688,174.66000366210938,53196.0,yahoo
SAIL,5m,2026-09-22T14:05:00+05:30,174.60000610351562,174.74000549316406,174.60000610351562,174.74000549316406,21507.0,yahoo
SAIL,5m,2026-09-22T14:10:00+05:30,174.6699981689453,175.00999450683594,174.60000610351562,175.00999450683594,70888.0,yahoo
SAIL,5m,2026-09-22T14:15:00+05:30,175.05999755859375,175.27000427246094,175.02000427246094,175.27000427246094,89527.0,yahoo
SAIL,5m,2026-09-22T14:20:00+05:30,175.1999969482422,175.3800048828125,174.91000366210938,174.97999572753906,284808.0,yahoo
SAIL,5m,2026-09-22T14:25:00+05:30,174.9199981689453,175.35000610351562,174.91000366210938,175.08999633789062,40494.0,yahoo
SAIL,5m,2026-09-22T14:30:00+05:30,175.10000610351562,175.13999938964844,174.8699951171875,174.94000244140625,54595.0,yahoo
SAIL,5m,2026-09-22T14:35:00+05:30,174.97999572753906,175.10000610351562,174.92999267578125,174.92999267578125,30905.0,yahoo
SAIL,5m,2026-09-22T14:40:00+05:30,174.9199981689453,174.97999572753906,174.6199951171875,174.75,106724.0,yahoo
SAIL,5m,2026-09-22T14:45:00+05:30,174.7100067138672,174.88999938964844,174.64999389648438,174.88999938964844,71121.0,yahoo
SAIL,5m,2026-09-22T14:50:00+05:30,174.88999938964844,174.97000122070312,174.82000732421875,174.97000122070312,74227.0,yahoo
SAIL,5m,2026-09-22T14:55:00+05:30,174.97000122070312,175.0,174.77000427246094,174.85000610351562,90847.0,yahoo
SAIL,5m,2026-09-22T15:00:00+05:30,174.77000427246094,174.8000030517578,174.4199981689453,174.5,357349.0,yahoo
SAIL,5m,2026-09-22T15:05:00+05:30,174.49000549316406,174.49000549316406,174.1699981689453,174.1699981689453,190469.0,yahoo
SAIL,5m,2026-09-22T15:10:00+05:30,174.0500030517578,175.16000366210938,174.0,174.39999389648438,811417.0,yahoo
SAIL,5m,2026-09-22T15:15:00+05:30,174.47999572753906,174.47999572753906,174.00999450683594,174.00999450683594,110635.0,yahoo
SBILIFE,5m,2026-09-22T09:15:00+05:30,1761.199951171875,1765.9000244140625,1760.5,1764.5999755859375,0.0,yahoo
SBILIFE,5m,2026-09-22T09:20:00+05:30,1763.300048828125,1769.0,1760.699951171875,1768.0,5194.0,yahoo
SBILIFE,5m,2026-09-22T09:25:00+05:30,1768.0,1769.0,1766.199951171875,1768.800048828125,2739.0,yahoo
SBILIFE,5m,2026-09-22T09:30:00+05:30,1769.0,1772.699951171875,1769.0,1771.0999755859375,8239.0,yahoo
SBILIFE,5m,2026-09-22T09:35:00+05:30,1770.5999755859375,1771.699951171875,1768.699951171875,1769.5,4847.0,yahoo
SBILIFE,5m,2026-09-22T09:40:00+05:30,1769.4000244140625,1770.9000244140625,1767.5999755859375,1767.5999755859375,5951.0,yahoo
SBILIFE,5m,2026-09-22T09:45:00+05:30,1768.199951171875,1769.0,1767.199951171875,1768.0,3281.0,yahoo
SBILIFE,5m,2026-09-22T09:50:00+05:30,1768.300048828125,1768.300048828125,1766.0999755859375,1766.9000244140625,1553.0,yahoo
SBILIFE,5m,2026-09-22T09:55:00+05:30,1765.800048828125,1767.0,1763.4000244140625,1765.800048828125,5091.0,yahoo
SBILIFE,5m,2026-09-22T10:00:00+05:30,1765.800048828125,1766.800048828125,1765.5999755859375,1765.9000244140625,1266.0,yahoo
SBILIFE,5m,2026-09-22T10:05:00+05:30,1765.800048828125,1766.699951171875,1764.0,1766.0,2615.0,yahoo
SBILIFE,5m,2026-09-22T10:10:00+05:30,1766.199951171875,1768.0,1765.9000244140625,1767.300048828125,2306.0,yahoo
SBILIFE,5m,2026-09-22T10:15:00+05:30,1767.9000244140625,1767.9000244140625,1763.5999755859375,1763.800048828125,1389.0,yahoo
SBILIFE,5m,2026-09-22T10:20:00+05:30,1764.0,1764.800048828125,1761.800048828125,1762.199951171875,2565.0,yahoo
SBILIFE,5m,2026-09-22T10:25:00+05:30,1761.699951171875,1762.699951171875,1760.800048828125,1761.199951171875,2437.0,yahoo
SBILIFE,5m,2026-09-22T10:30:00+05:30,1761.4000244140625,1762.4000244140625,1760.0,1760.699951171875,2405.0,yahoo
SBILIFE,5m,2026-09-22T10:35:00+05:30,1760.699951171875,1761.300048828125,1759.300048828125,1759.300048828125,2446.0,yahoo
SBILIFE,5m,2026-09-22T10:40:00+05:30,1759.300048828125,1759.9000244140625,1756.199951171875,1756.5999755859375,5671.0,yahoo
SBILIFE,5m,2026-09-22T10:45:00+05:30,1756.5,1758.199951171875,1755.5999755859375,1757.0,3756.0,yahoo
SBILIFE,5m,2026-09-22T10:50:00+05:30,1757.199951171875,1759.0999755859375,1756.5999755859375,1759.0,2157.0,yahoo
SBILIFE,5m,2026-09-22T10:55:00+05:30,1758.4000244140625,1759.800048828125,1756.699951171875,1757.4000244140625,2782.0,yahoo
SBILIFE,5m,2026-09-22T11:00:00+05:30,1757.199951171875,1758.9000244140625,1756.0,1758.5999755859375,2136.0,yahoo
SBILIFE,5m,2026-09-22T11:05:00+05:30,1758.800048828125,1763.0,1758.5999755859375,1762.300048828125,2744.0,yahoo
SBILIFE,5m,2026-09-22T11:10:00+05:30,1762.300048828125,1765.4000244140625,1761.800048828125,1762.300048828125,4020.0,yahoo
SBILIFE,5m,2026-09-22T11:15:00+05:30,1762.300048828125,1763.0,1761.0,1761.0,1551.0,yahoo
SBILIFE,5m,2026-09-22T11:20:00+05:30,1761.199951171875,1762.4000244140625,1759.9000244140625,1761.199951171875,3018.0,yahoo
SBILIFE,5m,2026-09-22T11:25:00+05:30,1761.199951171875,1761.5999755859375,1759.4000244140625,1759.4000244140625,2719.0,yahoo
SBILIFE,5m,2026-09-22T11:30:00+05:30,1759.199951171875,1761.699951171875,1759.199951171875,1760.4000244140625,2065.0,yahoo
SBILIFE,5m,2026-09-22T11:35:00+05:30,1760.4000244140625,1761.4000244140625,1759.199951171875,1759.4000244140625,2864.0,yahoo
SBILIFE,5m,2026-09-22T11:40:00+05:30,1759.5,1759.800048828125,1757.5999755859375,1758.9000244140625,1875.0,yahoo
SBILIFE,5m,2026-09-22T11:45:00+05:30,1759.4000244140625,1760.199951171875,1758.199951171875,1759.199951171875,2489.0,yahoo
SBILIFE,5m,2026-09-22T11:50:00+05:30,1759.199951171875,1760.5,1758.5999755859375,1759.300048828125,2023.0,yahoo
SBILIFE,5m,2026-09-22T11:55:00+05:30,1759.5,1759.9000244140625,1758.0,1758.4000244140625,2192.0,yahoo
SBILIFE,5m,2026-09-22T12:00:00+05:30,1758.0,1759.199951171875,1756.4000244140625,1758.800048828125,4832.0,yahoo
SBILIFE,5m,2026-09-22T12:05:00+05:30,1758.699951171875,1760.9000244140625,1758.300048828125,1760.0999755859375,4368.0,yahoo
SBILIFE,5m,2026-09-22T12:10:00+05:30,1760.0999755859375,1761.0,1759.199951171875,1760.0999755859375,2628.0,yahoo
SBILIFE,5m,2026-09-22T12:15:00+05:30,1759.5999755859375,1761.0,1759.199951171875,1759.199951171875,4230.0,yahoo
SBILIFE,5m,2026-09-22T12:20:00+05:30,1759.199951171875,1760.4000244140625,1757.699951171875,1758.199951171875,4554.0,yahoo
SBILIFE,5m,2026-09-22T12:25:00+05:30,1757.699951171875,1758.800048828125,1757.0999755859375,1758.699951171875,3094.0,yahoo
SBILIFE,5m,2026-09-22T12:30:00+05:30,1758.199951171875,1758.699951171875,1756.5999755859375,1758.300048828125,2746.0,yahoo
SBILIFE,5m,2026-09-22T12:35:00+05:30,1758.5999755859375,1761.300048828125,1757.699951171875,1759.5,21174.0,yahoo
SBILIFE,5m,2026-09-22T12:40:00+05:30,1760.0,1760.0999755859375,1757.4000244140625,1758.0,3258.0,yahoo
SBILIFE,5m,2026-09-22T12:45:00+05:30,1757.5999755859375,1760.0,1757.199951171875,1757.199951171875,3802.0,yahoo
SBILIFE,5m,2026-09-22T12:50:00+05:30,1757.199951171875,1758.300048828125,1756.199951171875,1758.300048828125,2990.0,yahoo
SBILIFE,5m,2026-09-22T12:55:00+05:30,1758.0,1758.0,1756.4000244140625,1756.800048828125,2540.0,yahoo
SBILIFE,5m,2026-09-22T13:00:00+05:30,1756.4000244140625,1759.5999755859375,1756.4000244140625,1758.5,3903.0,yahoo
SBILIFE,5m,2026-09-22T13:05:00+05:30,1758.5,1760.0999755859375,1758.5,1759.5,2426.0,yahoo
SBILIFE,5m,2026-09-22T13:10:00+05:30,1759.5999755859375,1760.0,1758.5999755859375,1758.5999755859375,2296.0,yahoo
SBILIFE,5m,2026-09-22T13:15:00+05:30,1758.5999755859375,1759.4000244140625,1757.199951171875,1757.800048828125,3528.0,yahoo
SBILIFE,5m,2026-09-22T13:20:00+05:30,1757.800048828125,1758.800048828125,1757.0,1758.5,4282.0,yahoo
SBILIFE,5m,2026-09-22T13:25:00+05:30,1757.5999755859375,1758.4000244140625,1757.199951171875,1758.199951171875,1401.0,yahoo
SBILIFE,5m,2026-09-22T13:30:00+05:30,1758.199951171875,1759.800048828125,1757.5,1759.300048828125,4031.0,yahoo
SBILIFE,5m,2026-09-22T13:35:00+05:30,1758.5,1759.800048828125,1758.0999755859375,1758.5999755859375,4302.0,yahoo
SBILIFE,5m,2026-09-22T13:40:00+05:30,1758.5999755859375,1758.5999755859375,1757.0999755859375,1757.699951171875,4049.0,yahoo
SBILIFE,5m,2026-09-22T13:45:00+05:30,1757.300048828125,1758.199951171875,1756.0,1756.4000244140625,4295.0,yahoo
SBILIFE,5m,2026-09-22T13:50:00+05:30,1756.0999755859375,1756.800048828125,1753.0999755859375,1753.5,9467.0,yahoo
SBILIFE,5m,2026-09-22T13:55:00+05:30,1754.0,1755.0,1752.5999755859375,1752.5999755859375,5766.0,yahoo
SBILIFE,5m,2026-09-22T14:00:00+05:30,1752.699951171875,1754.300048828125,1751.5999755859375,1753.9000244140625,4812.0,yahoo
SBILIFE,5m,2026-09-22T14:05:00+05:30,1753.9000244140625,1753.9000244140625,1751.5,1752.699951171875,3535.0,yahoo
SBILIFE,5m,2026-09-22T14:10:00+05:30,1753.199951171875,1757.800048828125,1752.5999755859375,1757.800048828125,3389.0,yahoo
SBILIFE,5m,2026-09-22T14:15:00+05:30,1758.0,1760.0,1755.5999755859375,1757.300048828125,6229.0,yahoo
SBILIFE,5m,2026-09-22T14:20:00+05:30,1757.300048828125,1759.300048828125,1757.0999755859375,1757.199951171875,1722.0,yahoo
SBILIFE,5m,2026-09-22T14:25:00+05:30,1757.5999755859375,1758.800048828125,1756.800048828125,1757.699951171875,2418.0,yahoo
SBILIFE,5m,2026-09-22T14:30:00+05:30,1757.699951171875,1758.699951171875,1755.4000244140625,1755.5999755859375,4436.0,yahoo
SBILIFE,5m,2026-09-22T14:35:00+05:30,1755.699951171875,1757.5,1754.0,1754.5,4122.0,yahoo
SBILIFE,5m,2026-09-22T14:40:00+05:30,1754.5,1755.0999755859375,1752.0,1754.199951171875,6862.0,yahoo
SBILIFE,5m,2026-09-22T14:45:00+05:30,1754.0,1754.5999755859375,1753.5,1754.199951171875,2983.0,yahoo
SBILIFE,5m,2026-09-22T14:50:00+05:30,1754.0,1755.199951171875,1752.9000244140625,1752.9000244140625,11174.0,yahoo
SBILIFE,5m,2026-09-22T14:55:00+05:30,1753.4000244140625,1753.5999755859375,1752.0,1752.0,7400.0,yahoo
SBILIFE,5m,2026-09-22T15:00:00+05:30,1752.0999755859375,1754.0,1752.0999755859375,1753.5999755859375,7810.0,yahoo
SBILIFE,5m,2026-09-22T15:05:00+05:30,1753.199951171875,1755.4000244140625,1752.0,1753.699951171875,15499.0,yahoo
SBILIFE,5m,2026-09-22T15:10:00+05:30,1753.9000244140625,1761.0,1744.4000244140625,1756.300048828125,28630.0,yahoo
SBIN,5m,2026-09-22T09:15:00+05:30,998.7000122070312,999.2000122070312,996.7000122070312,996.7000122070312,0.0,yahoo
SBIN,5m,2026-09-22T09:20:00+05:30,996.7999877929688,997.5,996.0,997.5,79389.0,yahoo
SBIN,5m,2026-09-22T09:25:00+05:30,997.0,997.5,996.5,996.9000244140625,33400.0,yahoo
SBIN,5m,2026-09-22T09:30:00+05:30,996.7999877929688,996.9000244140625,996.0,996.0999755859375,37017.0,yahoo
SBIN,5m,2026-09-22T09:35:00+05:30,996.0999755859375,997.5,996.0999755859375,996.7999877929688,33847.0,yahoo
SBIN,5m,2026-09-22T09:40:00+05:30,997.0,997.5,996.5,997.0999755859375,37706.0,yahoo
SBIN,5m,2026-09-22T09:45:00+05:30,997.0999755859375,997.7999877929688,996.7000122070312,997.4000244140625,27590.0,yahoo
SBIN,5m,2026-09-22T09:50:00+05:30,997.4000244140625,997.7000122070312,996.7999877929688,997.0,38148.0,yahoo
SBIN,5m,2026-09-22T09:55:00+05:30,997.2999877929688,997.2999877929688,996.5999755859375,996.5999755859375,23685.0,yahoo
SBIN,5m,2026-09-22T10:00:00+05:30,996.5999755859375,996.7999877929688,995.2000122070312,996.0,84287.0,yahoo
SBIN,5m,2026-09-22T10:05:00+05:30,996.0999755859375,996.2999877929688,995.0999755859375,995.4000244140625,89261.0,yahoo
SBIN,5m,2026-09-22T10:10:00+05:30,994.7000122070312,995.7000122070312,992.7999877929688,993.4000244140625,283716.0,yahoo
SBIN,5m,2026-09-22T10:15:00+05:30,993.4000244140625,993.4000244140625,990.9000244140625,990.9000244140625,137852.0,yahoo
SBIN,5m,2026-09-22T10:20:00+05:30,991.0,991.4000244140625,989.5,990.5999755859375,131151.0,yahoo
SBIN,5m,2026-09-22T10:25:00+05:30,990.7999877929688,991.2000122070312,990.5,991.0,75152.0,yahoo
SBIN,5m,2026-09-22T10:30:00+05:30,991.0,991.0,989.5999755859375,990.0,106921.0,yahoo
SBIN,5m,2026-09-22T10:35:00+05:30,990.0,990.0,988.5,988.5999755859375,84725.0,yahoo
SBIN,5m,2026-09-22T10:40:00+05:30,988.5999755859375,989.2999877929688,987.0999755859375,988.2000122070312,113486.0,yahoo
SBIN,5m,2026-09-22T10:45:00+05:30,987.9000244140625,989.2000122070312,987.9000244140625,988.5999755859375,65762.0,yahoo
SBIN,5m,2026-09-22T10:50:00+05:30,988.7999877929688,989.0,988.5,988.9000244140625,67603.0,yahoo
SBIN,5m,2026-09-22T10:55:00+05:30,988.7999877929688,989.7000122070312,988.7000122070312,989.2999877929688,41651.0,yahoo
SBIN,5m,2026-09-22T11:00:00+05:30,989.5,989.7000122070312,988.0,988.0,62208.0,yahoo
SBIN,5m,2026-09-22T11:05:00+05:30,988.0,988.0,987.2999877929688,987.9000244140625,65971.0,yahoo
SBIN,5m,2026-09-22T11:10:00+05:30,987.7000122070312,989.0,987.7000122070312,989.0,39941.0,yahoo
SBIN,5m,2026-09-22T11:15:00+05:30,989.0,989.2000122070312,988.5999755859375,989.0,46687.0,yahoo
SBIN,5m,2026-09-22T11:20:00+05:30,989.0,989.2999877929688,988.2999877929688,989.0,62077.0,yahoo
SBIN,5m,2026-09-22T11:25:00+05:30,989.0,989.2999877929688,988.0,988.0,33604.0,yahoo
SBIN,5m,2026-09-22T11:30:00+05:30,988.0999755859375,988.0999755859375,987.2999877929688,987.5,48464.0,yahoo
SBIN,5m,2026-09-22T11:35:00+05:30,987.2000122070312,987.9000244140625,986.5,986.7000122070312,74547.0,yahoo
SBIN,5m,2026-09-22T11:40:00+05:30,986.7000122070312,986.9000244140625,986.2000122070312,986.4000244140625,42066.0,yahoo
SBIN,5m,2026-09-22T11:45:00+05:30,986.2999877929688,986.7000122070312,986.0999755859375,986.5999755859375,54930.0,yahoo
SBIN,5m,2026-09-22T11:50:00+05:30,986.5,986.5999755859375,985.5999755859375,986.0,69085.0,yahoo
SBIN,5m,2026-09-22T11:55:00+05:30,986.0,986.4000244140625,986.0,986.0,43361.0,yahoo
SBIN,5m,2026-09-22T12:00:00+05:30,986.0999755859375,986.7000122070312,985.5,986.0999755859375,124680.0,yahoo
SBIN,5m,2026-09-22T12:05:00+05:30,986.0999755859375,986.7000122070312,986.0,986.5999755859375,28528.0,yahoo
SBIN,5m,2026-09-22T12:10:00+05:30,986.7000122070312,986.7000122070312,985.5999755859375,985.7000122070312,31254.0,yahoo
SBIN,5m,2026-09-22T12:15:00+05:30,985.7000122070312,987.2999877929688,985.5,987.2000122070312,43654.0,yahoo
SBIN,5m,2026-09-22T12:20:00+05:30,987.0,987.4000244140625,986.0,986.0,43618.0,yahoo
SBIN,5m,2026-09-22T12:25:00+05:30,986.2000122070312,986.7000122070312,985.5,985.7000122070312,137908.0,yahoo
SBIN,5m,2026-09-22T12:30:00+05:30,985.7000122070312,986.0,985.5,985.7000122070312,37020.0,yahoo
SBIN,5m,2026-09-22T12:35:00+05:30,985.5999755859375,986.0,985.5999755859375,985.7000122070312,22771.0,yahoo
SBIN,5m,2026-09-22T12:40:00+05:30,985.7999877929688,985.9000244140625,984.5999755859375,984.9000244140625,160358.0,yahoo
SBIN,5m,2026-09-22T12:45:00+05:30,984.7999877929688,985.5999755859375,984.4000244140625,985.0,123855.0,yahoo
SBIN,5m,2026-09-22T12:50:00+05:30,985.0,985.4000244140625,984.2999877929688,984.9000244140625,51229.0,yahoo
SBIN,5m,2026-09-22T12:55:00+05:30,984.7999877929688,985.0,984.0999755859375,984.2999877929688,48729.0,yahoo
SBIN,5m,2026-09-22T13:00:00+05:30,984.0999755859375,984.0999755859375,982.5,982.7999877929688,196833.0,yahoo
SBIN,5m,2026-09-22T13:05:00+05:30,982.7000122070312,983.9000244140625,982.5999755859375,983.0999755859375,54276.0,yahoo
SBIN,5m,2026-09-22T13:10:00+05:30,983.2999877929688,983.7999877929688,983.0,983.2999877929688,52773.0,yahoo
SBIN,5m,2026-09-22T13:15:00+05:30,983.2000122070312,983.2999877929688,982.7999877929688,983.0,31835.0,yahoo
SBIN,5m,2026-09-22T13:20:00+05:30,982.9000244140625,983.0,982.5,982.5999755859375,38641.0,yahoo
SBIN,5m,2026-09-22T13:25:00+05:30,982.5999755859375,983.0,982.5,983.0,88568.0,yahoo
SBIN,5m,2026-09-22T13:30:00+05:30,983.0,983.0,982.5999755859375,983.0,60567.0,yahoo
SBIN,5m,2026-09-22T13:35:00+05:30,982.9000244140625,983.7000122070312,982.9000244140625,983.5,46916.0,yahoo
SBIN,5m,2026-09-22T13:40:00+05:30,983.5,983.7000122070312,983.0999755859375,983.2999877929688,39915.0,yahoo
SBIN,5m,2026-09-22T13:45:00+05:30,983.2000122070312,983.4000244140625,982.9000244140625,983.4000244140625,46088.0,yahoo
SBIN,5m,2026-09-22T13:50:00+05:30,983.4000244140625,983.9000244140625,983.0,983.2000122070312,62752.0,yahoo
SBIN,5m,2026-09-22T13:55:00+05:30,983.2999877929688,983.9000244140625,982.7000122070312,983.2999877929688,54390.0,yahoo
SBIN,5m,2026-09-22T14:00:00+05:30,983.2000122070312,983.7999877929688,982.5999755859375,983.4000244140625,49765.0,yahoo
SBIN,5m,2026-09-22T14:05:00+05:30,983.4000244140625,983.7999877929688,981.2999877929688,982.2000122070312,85957.0,yahoo
SBIN,5m,2026-09-22T14:10:00+05:30,982.2999877929688,985.7000122070312,982.2999877929688,985.4000244140625,120277.0,yahoo
SBIN,5m,2026-09-22T14:15:00+05:30,985.5999755859375,986.4000244140625,984.2000122070312,985.5,111836.0,yahoo
SBIN,5m,2026-09-22T14:20:00+05:30,985.5999755859375,986.9000244140625,985.2999877929688,986.2000122070312,133139.0,yahoo
SBIN,5m,2026-09-22T14:25:00+05:30,986.4000244140625,987.0999755859375,986.0,987.0,93574.0,yahoo
SBIN,5m,2026-09-22T14:30:00+05:30,987.0,987.2000122070312,986.0,986.2000122070312,91495.0,yahoo
SBIN,5m,2026-09-22T14:35:00+05:30,986.2000122070312,987.2000122070312,985.4000244140625,985.4000244140625,72360.0,yahoo
SBIN,5m,2026-09-22T14:40:00+05:30,985.9000244140625,985.9000244140625,984.4000244140625,984.5999755859375,90067.0,yahoo
SBIN,5m,2026-09-22T14:45:00+05:30,984.7000122070312,985.0,984.0999755859375,984.0999755859375,75642.0,yahoo
SBIN,5m,2026-09-22T14:50:00+05:30,983.9000244140625,985.5999755859375,983.9000244140625,985.0999755859375,115061.0,yahoo
SBIN,5m,2026-09-22T14:55:00+05:30,985.2000122070312,985.4000244140625,983.7999877929688,983.9000244140625,126349.0,yahoo
SBIN,5m,2026-09-22T15:00:00+05:30,984.5,985.2999877929688,984.2999877929688,985.2000122070312,158129.0,yahoo
SBIN,5m,2026-09-22T15:05:00+05:30,985.2000122070312,985.2000122070312,984.7000122070312,985.2000122070312,191338.0,yahoo
SBIN,5m,2026-09-22T15:10:00+05:30,985.0,986.2999877929688,984.7000122070312,985.7000122070312,215633.0,yahoo
SBIN,5m,2026-09-22T15:15:00+05:30,985.7000122070312,987.0,985.7000122070312,987.0,276107.0,yahoo
SENSEX,5m,2026-09-22T09:15:00+05:30,74901.5,75034.15625,74893.4765625,74940.53125,0.0,yahoo
SENSEX,5m,2026-09-22T09:20:00+05:30,74936.0390625,74943.7421875,74895.953125,74931.71875,0.0,yahoo
SENSEX,5m,2026-09-22T09:25:00+05:30,74930.90625,74932.921875,74853.0390625,74930.1875,0.0,yahoo
SENSEX,5m,2026-09-22T09:30:00+05:30,74926.921875,74960.109375,74897.9609375,74901.2734375,0.0,yahoo
SENSEX,5m,2026-09-22T09:35:00+05:30,74898.703125,74969.09375,74896.2578125,74967.1484375,0.0,yahoo
SENSEX,5m,2026-09-22T09:40:00+05:30,74965.5625,74975.078125,74932.578125,74965.796875,0.0,yahoo
SENSEX,5m,2026-09-22T09:45:00+05:30,74966.0234375,74985.640625,74953.7265625,74959.4296875,0.0,yahoo
SENSEX,5m,2026-09-22T09:50:00+05:30,74956.9296875,74991.609375,74956.6328125,74978.21875,0.0,yahoo
SENSEX,5m,2026-09-22T09:55:00+05:30,74978.8203125,74988.7421875,74960.5703125,74980.046875,0.0,yahoo
SENSEX,5m,2026-09-22T10:00:00+05:30,74985.109375,75005.9296875,74967.5078125,74992.0078125,0.0,yahoo
SENSEX,5m,2026-09-22T10:05:00+05:30,74995.2421875,75023.3828125,74965.046875,75021.34375,0.0,yahoo
SENSEX,5m,2026-09-22T10:10:00+05:30,75018.546875,75032.3671875,74988.3984375,75006.296875,0.0,yahoo
SENSEX,5m,2026-09-22T10:15:00+05:30,75006.4609375,75011.1796875,74972.4921875,74987.953125,0.0,yahoo
SENSEX,5m,2026-09-22T10:20:00+05:30,74987.0625,74996.140625,74921.3203125,74938.0625,0.0,yahoo
SENSEX,5m,2026-09-22T10:25:00+05:30,74940.03125,74942.7265625,74897.3125,74923.4765625,0.0,yahoo
SENSEX,5m,2026-09-22T10:30:00+05:30,74922.640625,74933.2734375,74835.109375,74854.7109375,0.0,yahoo
SENSEX,5m,2026-09-22T10:35:00+05:30,74857.921875,74858.6171875,74781.4921875,74786.6875,0.0,yahoo
SENSEX,5m,2026-09-22T10:40:00+05:30,74786.6875,74818.8515625,74696.0,74733.546875,0.0,yahoo
SENSEX,5m,2026-09-22T10:45:00+05:30,74738.890625,74739.828125,74707.8125,74722.453125,0.0,yahoo
SENSEX,5m,2026-09-22T10:50:00+05:30,74723.3671875,74723.3671875,74672.1875,74703.90625,0.0,yahoo
SENSEX,5m,2026-09-22T10:55:00+05:30,74705.6796875,74757.71875,74700.609375,74755.5,0.0,yahoo
SENSEX,5m,2026-09-22T11:00:00+05:30,74756.1875,74763.421875,74700.140625,74706.5390625,0.0,yahoo
SENSEX,5m,2026-09-22T11:05:00+05:30,74706.0078125,74717.953125,74695.25,74702.3828125,0.0,yahoo
SENSEX,5m,2026-09-22T11:10:00+05:30,74700.703125,74760.7109375,74700.703125,74752.1171875,0.0,yahoo
SENSEX,5m,2026-09-22T11:15:00+05:30,74754.8203125,74782.65625,74735.671875,74735.890625,0.0,yahoo
SENSEX,5m,2026-09-22T11:20:00+05:30,74736.0234375,74787.09375,74731.1484375,74785.421875,0.0,yahoo
SENSEX,5m,2026-09-22T11:25:00+05:30,74787.3515625,74799.8203125,74760.5703125,74760.5703125,0.0,yahoo
SENSEX,5m,2026-09-22T11:30:00+05:30,74757.1015625,74765.6796875,74720.890625,74731.171875,0.0,yahoo
SENSEX,5m,2026-09-22T11:35:00+05:30,74733.21875,74733.3671875,74685.453125,74685.453125,0.0,yahoo
SENSEX,5m,2026-09-22T11:40:00+05:30,74684.8671875,74698.6171875,74673.828125,74692.6484375,0.0,yahoo
SENSEX,5m,2026-09-22T11:45:00+05:30,74694.34375,74696.0390625,74647.8515625,74664.0,0.0,yahoo
SENSEX,5m,2026-09-22T11:50:00+05:30,74662.59375,74672.21875,74633.859375,74633.859375,0.0,yahoo
SENSEX,5m,2026-09-22T11:55:00+05:30,74633.109375,74652.421875,74596.59375,74651.0,0.0,yahoo
SENSEX,5m,2026-09-22T12:00:00+05:30,74653.6171875,74661.7421875,74631.6171875,74654.2109375,0.0,yahoo
SENSEX,5m,2026-09-22T12:05:00+05:30,74653.6015625,74666.7109375,74634.578125,74663.171875,0.0,yahoo
SENSEX,5m,2026-09-22T12:10:00+05:30,74664.7890625,74677.296875,74634.75,74638.25,0.0,yahoo
SENSEX,5m,2026-09-22T12:15:00+05:30,74637.90625,74665.8828125,74612.890625,74661.921875,0.0,yahoo
SENSEX,5m,2026-09-22T12:20:00+05:30,74662.03125,74672.1015625,74651.1171875,74656.4765625,0.0,yahoo
SENSEX,5m,2026-09-22T12:25:00+05:30,74655.71875,74670.53125,74641.3203125,74645.6015625,0.0,yahoo
SENSEX,5m,2026-09-22T12:30:00+05:30,74644.78125,74668.15625,74622.3984375,74658.5390625,0.0,yahoo
SENSEX,5m,2026-09-22T12:35:00+05:30,74659.7578125,74667.84375,74642.578125,74653.828125,0.0,yahoo
SENSEX,5m,2026-09-22T12:40:00+05:30,74653.9765625,74662.2421875,74602.9921875,74602.9921875,0.0,yahoo
SENSEX,5m,2026-09-22T12:45:00+05:30,74605.9375,74621.90625,74584.9296875,74600.90625,0.0,yahoo
SENSEX,5m,2026-09-22T12:50:00+05:30,74598.890625,74605.3671875,74568.890625,74588.0,0.0,yahoo
SENSEX,5m,2026-09-22T12:55:00+05:30,74584.2421875,74586.7578125,74552.9296875,74568.1171875,0.0,yahoo
SENSEX,5m,2026-09-22T13:00:00+05:30,74566.8984375,74567.75,74517.703125,74535.96875,0.0,yahoo
SENSEX,5m,2026-09-22T13:05:00+05:30,74533.90625,74576.0625,74530.9765625,74575.640625,0.0,yahoo
SENSEX,5m,2026-09-22T13:10:00+05:30,74577.2578125,74587.8515625,74569.46875,74575.5625,0.0,yahoo
SENSEX,5m,2026-09-22T13:15:00+05:30,74578.3984375,74591.671875,74546.1015625,74558.1171875,0.0,yahoo
SENSEX,5m,2026-09-22T13:20:00+05:30,74557.890625,74564.578125,74535.7265625,74547.1171875,0.0,yahoo
SENSEX,5m,2026-09-22T13:25:00+05:30,74546.671875,74589.6796875,74540.09375,74588.6015625,0.0,yahoo
SENSEX,5m,2026-09-22T13:30:00+05:30,74588.25,74604.1015625,74581.9765625,74600.4296875,0.0,yahoo
SENSEX,5m,2026-09-22T13:35:00+05:30,74599.2109375,74615.1328125,74593.1328125,74614.109375,0.0,yahoo
SENSEX,5m,2026-09-22T13:40:00+05:30,74613.90625,74637.140625,74600.109375,74600.109375,0.0,yahoo
SENSEX,5m,2026-09-22T13:45:00+05:30,74592.9296875,74595.1796875,74538.609375,74553.953125,0.0,yahoo
SENSEX,5m,2026-09-22T13:50:00+05:30,74555.828125,74555.96875,74462.1015625,74473.5078125,0.0,yahoo
SENSEX,5m,2026-09-22T13:55:00+05:30,74472.1875,74506.2578125,74462.640625,74476.9921875,0.0,yahoo
SENSEX,5m,2026-09-22T14:00:00+05:30,74476.9921875,74476.9921875,74423.7109375,74470.421875,0.0,yahoo
SENSEX,5m,2026-09-22T14:05:00+05:30,74471.5078125,74486.6015625,74444.28125,74483.4375,0.0,yahoo
SENSEX,5m,2026-09-22T14:10:00+05:30,74485.421875,74713.71875,74485.421875,74713.71875,0.0,yahoo
SENSEX,5m,2026-09-22T14:15:00+05:30,74717.296875,74781.9375,74676.5078125,74737.671875,0.0,yahoo
SENSEX,5m,2026-09-22T14:20:00+05:30,74737.7890625,74782.75,74719.3984375,74720.640625,0.0,yahoo
SENSEX,5m,2026-09-22T14:25:00+05:30,74721.03125,74760.2734375,74721.03125,74749.4375,0.0,yahoo
SENSEX,5m,2026-09-22T14:30:00+05:30,74746.9296875,74770.453125,74720.921875,74721.8984375,0.0,yahoo
SENSEX,5m,2026-09-22T14:35:00+05:30,74721.71875,74765.5390625,74720.078125,74743.96875,0.0,yahoo
SENSEX,5m,2026-09-22T14:40:00+05:30,74743.1328125,74744.0078125,74672.640625,74681.46875,0.0,yahoo
SENSEX,5m,2026-09-22T14:45:00+05:30,74684.5,74720.859375,74681.4296875,74704.3125,0.0,yahoo
SENSEX,5m,2026-09-22T14:50:00+05:30,74705.0,74736.3828125,74686.84375,74715.46875,0.0,yahoo
SENSEX,5m,2026-09-22T14:55:00+05:30,74716.1328125,74734.6171875,74638.609375,74644.84375,0.0,yahoo
SENSEX,5m,2026-09-22T15:00:00+05:30,74645.65625,74672.4609375,74641.578125,74664.6328125,0.0,yahoo
SENSEX,5m,2026-09-22T15:05:00+05:30,74664.609375,74670.7890625,74624.890625,74638.59375,0.0,yahoo
SENSEX,5m,2026-09-22T15:10:00+05:30,74640.828125,74682.5234375,74631.8515625,74654.8203125,0.0,yahoo
SENSEX,5m,2026-09-22T15:15:00+05:30,74653.1484375,74653.1484375,74637.171875,74637.171875,0.0,yahoo
SENSEX,5m,2026-09-22T15:20:00+05:30,74637.171875,74678.1484375,74465.5625,74516.7890625,0.0,yahoo
SENSEX,5m,2026-09-22T15:25:00+05:30,74516.7890625,74569.8828125,74245.0703125,74529.078125,0.0,yahoo
SHRIRAMFIN,5m,2026-09-22T09:15:00+05:30,1014.0,1016.5,1012.2999877929688,1013.4000244140625,0.0,yahoo
SHRIRAMFIN,5m,2026-09-22T09:20:00+05:30,1013.4000244140625,1013.5,1011.4000244140625,1011.5999755859375,48526.0,yahoo
SHRIRAMFIN,5m,2026-09-22T09:25:00+05:30,1011.5,1012.0999755859375,1009.5,1012.0999755859375,47952.0,yahoo
SHRIRAMFIN,5m,2026-09-22T09:30:00+05:30,1012.5,1013.9000244140625,1010.5,1010.7999877929688,42077.0,yahoo
SHRIRAMFIN,5m,2026-09-22T09:35:00+05:30,1011.0999755859375,1012.7000122070312,1010.7000122070312,1011.5999755859375,25373.0,yahoo
SHRIRAMFIN,5m,2026-09-22T09:40:00+05:30,1012.0,1012.0,1010.2999877929688,1010.5999755859375,23960.0,yahoo
SHRIRAMFIN,5m,2026-09-22T09:45:00+05:30,1010.7000122070312,1012.5,1010.7000122070312,1012.2999877929688,24808.0,yahoo
SHRIRAMFIN,5m,2026-09-22T09:50:00+05:30,1012.0999755859375,1013.5999755859375,1012.0999755859375,1013.0999755859375,23293.0,yahoo
SHRIRAMFIN,5m,2026-09-22T09:55:00+05:30,1012.9000244140625,1013.7000122070312,1012.2000122070312,1013.7000122070312,29310.0,yahoo
SHRIRAMFIN,5m,2026-09-22T10:00:00+05:30,1014.7000122070312,1015.7999877929688,1014.0,1015.0,66081.0,yahoo
SHRIRAMFIN,5m,2026-09-22T10:05:00+05:30,1014.5999755859375,1015.0999755859375,1012.5,1013.0,24401.0,yahoo
SHRIRAMFIN,5m,2026-09-22T10:10:00+05:30,1013.0999755859375,1013.4000244140625,1012.5,1012.7999877929688,15194.0,yahoo
SHRIRAMFIN,5m,2026-09-22T10:15:00+05:30,1012.7999877929688,1012.7999877929688,1012.2999877929688,1012.4000244140625,12314.0,yahoo
SHRIRAMFIN,5m,2026-09-22T10:20:00+05:30,1012.4000244140625,1012.5,1011.0999755859375,1011.5,20098.0,yahoo
SHRIRAMFIN,5m,2026-09-22T10:25:00+05:30,1011.9000244140625,1012.0999755859375,1011.2000122070312,1011.5,27687.0,yahoo
SHRIRAMFIN,5m,2026-09-22T10:30:00+05:30,1011.2000122070312,1011.5,1009.5999755859375,1010.4000244140625,147035.0,yahoo
SHRIRAMFIN,5m,2026-09-22T10:35:00+05:30,1010.2000122070312,1010.2999877929688,1009.0,1009.4000244140625,93778.0,yahoo
SHRIRAMFIN,5m,2026-09-22T10:40:00+05:30,1009.0999755859375,1009.7999877929688,1006.5,1006.5,110594.0,yahoo
SHRIRAMFIN,5m,2026-09-22T10:45:00+05:30,1006.7999877929688,1007.4000244140625,1004.2000122070312,1006.2000122070312,271427.0,yahoo
SHRIRAMFIN,5m,2026-09-22T10:50:00+05:30,1006.2000122070312,1006.2999877929688,1005.0999755859375,1006.2000122070312,15254.0,yahoo
SHRIRAMFIN,5m,2026-09-22T10:55:00+05:30,1006.2000122070312,1006.2999877929688,1005.0,1005.5,14188.0,yahoo
SHRIRAMFIN,5m,2026-09-22T11:00:00+05:30,1005.5,1005.5,1004.5,1004.5999755859375,93311.0,yahoo
SHRIRAMFIN,5m,2026-09-22T11:05:00+05:30,1004.7000122070312,1005.0,1004.0,1005.0,98781.0,yahoo
SHRIRAMFIN,5m,2026-09-22T11:10:00+05:30,1005.0,1006.9000244140625,1004.2999877929688,1006.0,191361.0,yahoo
SHRIRAMFIN,5m,2026-09-22T11:15:00+05:30,1005.7999877929688,1007.9000244140625,1005.2999877929688,1007.9000244140625,41447.0,yahoo
SHRIRAMFIN,5m,2026-09-22T11:20:00+05:30,1007.7999877929688,1008.0,1006.0,1006.0999755859375,26880.0,yahoo
SHRIRAMFIN,5m,2026-09-22T11:25:00+05:30,1006.0,1006.7000122070312,1005.7000122070312,1005.7000122070312,15312.0,yahoo
SHRIRAMFIN,5m,2026-09-22T11:30:00+05:30,1006.0,1006.2000122070312,1005.0,1005.0,21297.0,yahoo
SHRIRAMFIN,5m,2026-09-22T11:35:00+05:30,1004.5,1006.2999877929688,1004.0999755859375,1005.4000244140625,41100.0,yahoo
SHRIRAMFIN,5m,2026-09-22T11:40:00+05:30,1005.5,1005.5,1003.2000122070312,1004.0,26315.0,yahoo
SHRIRAMFIN,5m,2026-09-22T11:45:00+05:30,1004.4000244140625,1004.4000244140625,1003.4000244140625,1003.4000244140625,21884.0,yahoo
SHRIRAMFIN,5m,2026-09-22T11:50:00+05:30,1003.5999755859375,1004.2999877929688,1003.0,1003.4000244140625,22942.0,yahoo
SHRIRAMFIN,5m,2026-09-22T11:55:00+05:30,1003.0,1003.2999877929688,1001.5,1002.7000122070312,81734.0,yahoo
SHRIRAMFIN,5m,2026-09-22T12:00:00+05:30,1002.4000244140625,1003.0,1001.4000244140625,1002.2999877929688,22723.0,yahoo
SHRIRAMFIN,5m,2026-09-22T12:05:00+05:30,1002.0999755859375,1003.2000122070312,1001.7999877929688,1002.9000244140625,22511.0,yahoo
SHRIRAMFIN,5m,2026-09-22T12:10:00+05:30,1002.9000244140625,1003.0,1000.5,1000.7000122070312,34312.0,yahoo
SHRIRAMFIN,5m,2026-09-22T12:15:00+05:30,1000.2000122070312,1001.9000244140625,1000.2000122070312,1001.7999877929688,17109.0,yahoo
SHRIRAMFIN,5m,2026-09-22T12:20:00+05:30,1001.7999877929688,1002.2000122070312,1001.5,1001.5999755859375,13811.0,yahoo
SHRIRAMFIN,5m,2026-09-22T12:25:00+05:30,1001.7000122070312,1002.0,1001.4000244140625,1001.5,18993.0,yahoo
SHRIRAMFIN,5m,2026-09-22T12:30:00+05:30,1001.5999755859375,1001.7000122070312,1001.0,1001.5999755859375,11262.0,yahoo
SHRIRAMFIN,5m,2026-09-22T12:35:00+05:30,1001.5,1001.7999877929688,1000.9000244140625,1001.4000244140625,17135.0,yahoo
SHRIRAMFIN,5m,2026-09-22T12:40:00+05:30,1001.2999877929688,1002.5999755859375,1001.2999877929688,1001.2999877929688,17545.0,yahoo
SHRIRAMFIN,5m,2026-09-22T12:45:00+05:30,1001.5999755859375,1001.7999877929688,1001.0,1001.2000122070312,14630.0,yahoo
SHRIRAMFIN,5m,2026-09-22T12:50:00+05:30,1001.4000244140625,1001.4000244140625,1000.7000122070312,1001.0999755859375,12145.0,yahoo
SHRIRAMFIN,5m,2026-09-22T12:55:00+05:30,1001.0,1001.4000244140625,1000.5999755859375,1001.0,21079.0,yahoo
SHRIRAMFIN,5m,2026-09-22T13:00:00+05:30,1001.0,1001.5,999.5999755859375,1000.0,36690.0,yahoo
SHRIRAMFIN,5m,2026-09-22T13:05:00+05:30,999.9000244140625,1000.2999877929688,999.5,1000.0999755859375,19500.0,yahoo
SHRIRAMFIN,5m,2026-09-22T13:10:00+05:30,1000.0,1000.4000244140625,999.2999877929688,999.7000122070312,16080.0,yahoo
SHRIRAMFIN,5m,2026-09-22T13:15:00+05:30,999.7999877929688,1000.0999755859375,999.0,999.0,15829.0,yahoo
SHRIRAMFIN,5m,2026-09-22T13:20:00+05:30,999.0,999.2999877929688,998.5,999.2999877929688,16989.0,yahoo
SHRIRAMFIN,5m,2026-09-22T13:25:00+05:30,999.2999877929688,999.7000122070312,999.0,999.5,13079.0,yahoo
SHRIRAMFIN,5m,2026-09-22T13:30:00+05:30,999.5,1000.5999755859375,999.2000122070312,1000.5999755859375,34569.0,yahoo
SHRIRAMFIN,5m,2026-09-22T13:35:00+05:30,1000.5999755859375,1000.7000122070312,999.7999877929688,999.7999877929688,12722.0,yahoo
SHRIRAMFIN,5m,2026-09-22T13:40:00+05:30,999.7999877929688,1000.9000244140625,999.7000122070312,999.7000122070312,25220.0,yahoo
SHRIRAMFIN,5m,2026-09-22T13:45:00+05:30,999.7000122070312,999.7000122070312,997.5,997.7000122070312,37307.0,yahoo
SHRIRAMFIN,5m,2026-09-22T13:50:00+05:30,998.0,998.2999877929688,997.0,997.2999877929688,29005.0,yahoo
SHRIRAMFIN,5m,2026-09-22T13:55:00+05:30,997.2999877929688,998.0999755859375,997.0,997.0,22735.0,yahoo
SHRIRAMFIN,5m,2026-09-22T14:00:00+05:30,997.0999755859375,997.0999755859375,996.0,996.9000244140625,31602.0,yahoo
SHRIRAMFIN,5m,2026-09-22T14:05:00+05:30,997.0,997.0,995.7000122070312,996.9000244140625,39025.0,yahoo
SHRIRAMFIN,5m,2026-09-22T14:10:00+05:30,995.7999877929688,1000.7000122070312,995.7000122070312,1000.7000122070312,82988.0,yahoo
SHRIRAMFIN,5m,2026-09-22T14:15:00+05:30,1000.4000244140625,1001.7000122070312,999.4000244140625,1001.4000244140625,72916.0,yahoo
SHRIRAMFIN,5m,2026-09-22T14:20:00+05:30,1001.2999877929688,1004.7000122070312,1001.2999877929688,1004.4000244140625,108516.0,yahoo
SHRIRAMFIN,5m,2026-09-22T14:25:00+05:30,1004.0,1007.0999755859375,1003.7000122070312,1006.5,73569.0,yahoo
SHRIRAMFIN,5m,2026-09-22T14:30:00+05:30,1006.7999877929688,1007.9000244140625,1006.0,1006.7999877929688,72681.0,yahoo
SHRIRAMFIN,5m,2026-09-22T14:35:00+05:30,1006.5,1007.7999877929688,1005.5999755859375,1006.5999755859375,80210.0,yahoo
SHRIRAMFIN,5m,2026-09-22T14:40:00+05:30,1006.9000244140625,1008.2999877929688,1005.9000244140625,1006.9000244140625,125245.0,yahoo
SHRIRAMFIN,5m,2026-09-22T14:45:00+05:30,1007.0,1008.0,1006.0999755859375,1006.7999877929688,133462.0,yahoo
SHRIRAMFIN,5m,2026-09-22T14:50:00+05:30,1006.5,1007.9000244140625,1006.2999877929688,1007.2000122070312,57662.0,yahoo
SHRIRAMFIN,5m,2026-09-22T14:55:00+05:30,1007.0,1007.2999877929688,1006.4000244140625,1007.0,64363.0,yahoo
SHRIRAMFIN,5m,2026-09-22T15:00:00+05:30,1006.7999877929688,1007.2999877929688,1006.5,1007.0,102929.0,yahoo
SHRIRAMFIN,5m,2026-09-22T15:05:00+05:30,1007.0,1007.2000122070312,1006.2000122070312,1006.7000122070312,96236.0,yahoo
SHRIRAMFIN,5m,2026-09-22T15:10:00+05:30,1006.7000122070312,1008.2000122070312,1006.0,1006.0,167435.0,yahoo
SHRIRAMFIN,5m,2026-09-22T15:15:00+05:30,1006.2999877929688,1006.2999877929688,1006.0,1006.0,95515.0,yahoo
SIEMENS,5m,2026-09-22T09:15:00+05:30,3890.800048828125,3945.699951171875,3890.800048828125,3929.199951171875,0.0,yahoo
SIEMENS,5m,2026-09-22T09:20:00+05:30,3929.39990234375,3948.0,3928.60009765625,3947.39990234375,10537.0,yahoo
SIEMENS,5m,2026-09-22T09:25:00+05:30,3951.0,3953.10009765625,3926.800048828125,3929.0,9183.0,yahoo
SIEMENS,5m,2026-09-22T09:30:00+05:30,3927.800048828125,3936.699951171875,3917.300048828125,3921.699951171875,5601.0,yahoo
SIEMENS,5m,2026-09-22T09:35:00+05:30,3921.800048828125,3937.89990234375,3921.800048828125,3928.5,2812.0,yahoo
SIEMENS,5m,2026-09-22T09:40:00+05:30,3928.60009765625,3932.699951171875,3923.0,3923.0,1150.0,yahoo
SIEMENS,5m,2026-09-22T09:45:00+05:30,3927.0,3928.10009765625,3911.60009765625,3927.60009765625,3592.0,yahoo
SIEMENS,5m,2026-09-22T09:50:00+05:30,3928.699951171875,3931.5,3926.199951171875,3927.60009765625,1215.0,yahoo
SIEMENS,5m,2026-09-22T09:55:00+05:30,3927.300048828125,3927.699951171875,3917.199951171875,3918.199951171875,2161.0,yahoo
SIEMENS,5m,2026-09-22T10:00:00+05:30,3918.300048828125,3930.0,3914.0,3926.699951171875,1994.0,yahoo
SIEMENS,5m,2026-09-22T10:05:00+05:30,3926.699951171875,3928.800048828125,3921.699951171875,3922.699951171875,3387.0,yahoo
SIEMENS,5m,2026-09-22T10:10:00+05:30,3922.699951171875,3925.800048828125,3918.5,3922.60009765625,628.0,yahoo
SIEMENS,5m,2026-09-22T10:15:00+05:30,3922.800048828125,3922.800048828125,3916.5,3916.89990234375,652.0,yahoo
SIEMENS,5m,2026-09-22T10:20:00+05:30,3916.800048828125,3922.300048828125,3901.300048828125,3901.300048828125,4469.0,yahoo
SIEMENS,5m,2026-09-22T10:25:00+05:30,3901.5,3916.699951171875,3901.10009765625,3908.39990234375,6293.0,yahoo
SIEMENS,5m,2026-09-22T10:30:00+05:30,3908.5,3912.10009765625,3903.10009765625,3904.800048828125,4686.0,yahoo
SIEMENS,5m,2026-09-22T10:35:00+05:30,3904.800048828125,3905.199951171875,3900.300048828125,3901.10009765625,5352.0,yahoo
SIEMENS,5m,2026-09-22T10:40:00+05:30,3901.10009765625,3902.699951171875,3889.0,3889.10009765625,6534.0,yahoo
SIEMENS,5m,2026-09-22T10:45:00+05:30,3889.10009765625,3892.300048828125,3882.0,3882.0,4599.0,yahoo
SIEMENS,5m,2026-09-22T10:50:00+05:30,3882.0,3882.0,3875.0,3878.5,2450.0,yahoo
SIEMENS,5m,2026-09-22T10:55:00+05:30,3878.5,3883.0,3876.5,3883.0,2427.0,yahoo
SIEMENS,5m,2026-09-22T11:00:00+05:30,3880.0,3880.10009765625,3874.10009765625,3880.10009765625,2498.0,yahoo
SIEMENS,5m,2026-09-22T11:05:00+05:30,3880.0,3882.0,3876.0,3878.10009765625,2351.0,yahoo
SIEMENS,5m,2026-09-22T11:10:00+05:30,3878.10009765625,3880.199951171875,3877.5,3880.199951171875,1598.0,yahoo
SIEMENS,5m,2026-09-22T11:15:00+05:30,3880.199951171875,3893.89990234375,3879.199951171875,3887.10009765625,5686.0,yahoo
SIEMENS,5m,2026-09-22T11:20:00+05:30,3887.10009765625,3887.10009765625,3880.10009765625,3881.10009765625,2366.0,yahoo
SIEMENS,5m,2026-09-22T11:25:00+05:30,3881.0,3881.199951171875,3880.0,3880.10009765625,3270.0,yahoo
SIEMENS,5m,2026-09-22T11:30:00+05:30,3880.10009765625,3888.89990234375,3880.10009765625,3885.60009765625,6471.0,yahoo
SIEMENS,5m,2026-09-22T11:35:00+05:30,3885.60009765625,3887.0,3880.10009765625,3883.0,3637.0,yahoo
SIEMENS,5m,2026-09-22T11:40:00+05:30,3883.10009765625,3883.199951171875,3875.199951171875,3875.89990234375,1941.0,yahoo
SIEMENS,5m,2026-09-22T11:45:00+05:30,3875.89990234375,3884.0,3875.10009765625,3880.10009765625,3168.0,yahoo
SIEMENS,5m,2026-09-22T11:50:00+05:30,3880.0,3881.0,3880.0,3880.0,1496.0,yahoo
SIEMENS,5m,2026-09-22T11:55:00+05:30,3880.0,3887.10009765625,3878.0,3886.699951171875,3444.0,yahoo
SIEMENS,5m,2026-09-22T12:00:00+05:30,3886.699951171875,3890.0,3885.0,3886.199951171875,2322.0,yahoo
SIEMENS,5m,2026-09-22T12:05:00+05:30,3886.199951171875,3893.10009765625,3885.0,3890.39990234375,3657.0,yahoo
SIEMENS,5m,2026-09-22T12:10:00+05:30,3890.0,3892.300048828125,3889.5,3890.0,2880.0,yahoo
SIEMENS,5m,2026-09-22T12:15:00+05:30,3890.0,3890.0,3885.300048828125,3887.39990234375,1555.0,yahoo
SIEMENS,5m,2026-09-22T12:20:00+05:30,3887.39990234375,3887.89990234375,3878.699951171875,3885.5,3958.0,yahoo
SIEMENS,5m,2026-09-22T12:25:00+05:30,3885.5,3886.0,3885.0,3885.0,3380.0,yahoo
SIEMENS,5m,2026-09-22T12:30:00+05:30,3885.0,3885.800048828125,3885.0,3885.0,1799.0,yahoo
SIEMENS,5m,2026-09-22T12:35:00+05:30,3885.0,3885.0,3880.0,3882.39990234375,3385.0,yahoo
SIEMENS,5m,2026-09-22T12:40:00+05:30,3882.10009765625,3886.39990234375,3881.10009765625,3885.0,1843.0,yahoo
SIEMENS,5m,2026-09-22T12:45:00+05:30,3885.0,3888.300048828125,3885.0,3885.0,3871.0,yahoo
SIEMENS,5m,2026-09-22T12:50:00+05:30,3885.10009765625,3887.0,3885.0,3885.0,1594.0,yahoo
SIEMENS,5m,2026-09-22T12:55:00+05:30,3885.0,3885.0,3885.0,3885.0,7043.0,yahoo
SIEMENS,5m,2026-09-22T13:00:00+05:30,3885.0,3885.0,3868.5,3868.5,6311.0,yahoo
SIEMENS,5m,2026-09-22T13:05:00+05:30,3868.5,3886.0,3868.5,3879.60009765625,5835.0,yahoo
SIEMENS,5m,2026-09-22T13:10:00+05:30,3879.5,3884.199951171875,3878.5,3879.89990234375,2562.0,yahoo
SIEMENS,5m,2026-09-22T13:15:00+05:30,3879.800048828125,3882.60009765625,3877.300048828125,3880.0,1564.0,yahoo
SIEMENS,5m,2026-09-22T13:20:00+05:30,3880.0,3880.89990234375,3880.0,3880.89990234375,3900.0,yahoo
SIEMENS,5m,2026-09-22T13:25:00+05:30,3881.10009765625,3881.10009765625,3880.0,3880.0,1682.0,yahoo
SIEMENS,5m,2026-09-22T13:30:00+05:30,3881.10009765625,3881.800048828125,3880.0,3880.199951171875,2103.0,yahoo
SIEMENS,5m,2026-09-22T13:35:00+05:30,3880.199951171875,3882.0,3880.0,3880.0,1454.0,yahoo
SIEMENS,5m,2026-09-22T13:40:00+05:30,3880.0,3883.89990234375,3880.0,3880.0,1679.0,yahoo
SIEMENS,5m,2026-09-22T13:45:00+05:30,3880.0,3880.0,3869.39990234375,3869.39990234375,9574.0,yahoo
SIEMENS,5m,2026-09-22T13:50:00+05:30,3869.800048828125,3871.699951171875,3865.0,3866.10009765625,2095.0,yahoo
SIEMENS,5m,2026-09-22T13:55:00+05:30,3866.199951171875,3868.89990234375,3863.300048828125,3863.300048828125,1932.0,yahoo
SIEMENS,5m,2026-09-22T14:00:00+05:30,3862.60009765625,3862.60009765625,3855.0,3859.199951171875,2764.0,yahoo
SIEMENS,5m,2026-09-22T14:05:00+05:30,3859.199951171875,3863.5,3857.300048828125,3860.89990234375,1624.0,yahoo
SIEMENS,5m,2026-09-22T14:10:00+05:30,3860.699951171875,3872.800048828125,3858.300048828125,3869.699951171875,2114.0,yahoo
SIEMENS,5m,2026-09-22T14:15:00+05:30,3869.699951171875,3874.300048828125,3860.60009765625,3862.199951171875,2118.0,yahoo
SIEMENS,5m,2026-09-22T14:20:00+05:30,3862.199951171875,3867.5,3862.199951171875,3866.0,1614.0,yahoo
SIEMENS,5m,2026-09-22T14:25:00+05:30,3864.10009765625,3870.39990234375,3864.10009765625,3865.199951171875,1866.0,yahoo
SIEMENS,5m,2026-09-22T14:30:00+05:30,3865.199951171875,3869.60009765625,3864.199951171875,3866.699951171875,1869.0,yahoo
SIEMENS,5m,2026-09-22T14:35:00+05:30,3865.699951171875,3870.5,3865.699951171875,3869.199951171875,1720.0,yahoo
SIEMENS,5m,2026-09-22T14:40:00+05:30,3867.300048828125,3870.699951171875,3865.89990234375,3867.800048828125,2453.0,yahoo
SIEMENS,5m,2026-09-22T14:45:00+05:30,3866.10009765625,3869.699951171875,3860.300048828125,3862.60009765625,2171.0,yahoo
SIEMENS,5m,2026-09-22T14:50:00+05:30,3861.89990234375,3869.5,3858.5,3860.0,9046.0,yahoo
SIEMENS,5m,2026-09-22T14:55:00+05:30,3860.0,3860.0,3850.10009765625,3854.60009765625,5431.0,yahoo
SIEMENS,5m,2026-09-22T15:00:00+05:30,3854.0,3863.89990234375,3854.0,3856.199951171875,5585.0,yahoo
SIEMENS,5m,2026-09-22T15:05:00+05:30,3856.5,3857.0,3851.5,3856.5,5749.0,yahoo
SIEMENS,5m,2026-09-22T15:10:00+05:30,3856.5,3863.89990234375,3852.199951171875,3860.5,6102.0,yahoo
SIEMENS,5m,2026-09-22T15:15:00+05:30,3855.10009765625,3858.0,3855.10009765625,3858.0,2169.0,yahoo
SUNPHARMA,5m,2026-09-22T09:15:00+05:30,1868.0,1876.0999755859375,1863.0,1865.0999755859375,0.0,yahoo
SUNPHARMA,5m,2026-09-22T09:20:00+05:30,1864.699951171875,1864.800048828125,1861.5,1861.5,18015.0,yahoo
SUNPHARMA,5m,2026-09-22T09:25:00+05:30,1861.5999755859375,1864.0,1861.5999755859375,1864.0,6007.0,yahoo
SUNPHARMA,5m,2026-09-22T09:30:00+05:30,1863.199951171875,1863.199951171875,1858.300048828125,1861.5999755859375,19567.0,yahoo
SUNPHARMA,5m,2026-09-22T09:35:00+05:30,1861.800048828125,1861.800048828125,1858.5,1858.5,11475.0,yahoo
SUNPHARMA,5m,2026-09-22T09:40:00+05:30,1858.5,1861.5,1858.5,1860.699951171875,13242.0,yahoo
SUNPHARMA,5m,2026-09-22T09:45:00+05:30,1860.699951171875,1862.0999755859375,1858.4000244140625,1859.4000244140625,9776.0,yahoo
SUNPHARMA,5m,2026-09-22T09:50:00+05:30,1859.300048828125,1864.699951171875,1858.4000244140625,1862.0,18471.0,yahoo
SUNPHARMA,5m,2026-09-22T09:55:00+05:30,1862.0,1863.0,1861.300048828125,1862.5999755859375,3544.0,yahoo
SUNPHARMA,5m,2026-09-22T10:00:00+05:30,1862.699951171875,1866.0999755859375,1862.699951171875,1863.9000244140625,9383.0,yahoo
SUNPHARMA,5m,2026-09-22T10:05:00+05:30,1863.4000244140625,1863.9000244140625,1861.699951171875,1863.199951171875,13114.0,yahoo
SUNPHARMA,5m,2026-09-22T10:10:00+05:30,1862.9000244140625,1866.0,1862.9000244140625,1864.699951171875,11838.0,yahoo
SUNPHARMA,5m,2026-09-22T10:15:00+05:30,1864.0999755859375,1864.5999755859375,1862.9000244140625,1863.0,5911.0,yahoo
SUNPHARMA,5m,2026-09-22T10:20:00+05:30,1862.9000244140625,1863.199951171875,1860.699951171875,1861.9000244140625,6672.0,yahoo
SUNPHARMA,5m,2026-09-22T10:25:00+05:30,1861.5,1863.0999755859375,1861.199951171875,1861.5,6888.0,yahoo
SUNPHARMA,5m,2026-09-22T10:30:00+05:30,1861.5,1862.300048828125,1860.0,1860.5,4240.0,yahoo
SUNPHARMA,5m,2026-09-22T10:35:00+05:30,1860.5,1862.199951171875,1858.699951171875,1859.199951171875,9941.0,yahoo
SUNPHARMA,5m,2026-09-22T10:40:00+05:30,1858.800048828125,1860.5999755859375,1856.800048828125,1857.5,7535.0,yahoo
SUNPHARMA,5m,2026-09-22T10:45:00+05:30,1857.5,1859.5,1857.0999755859375,1858.9000244140625,7590.0,yahoo
SUNPHARMA,5m,2026-09-22T10:50:00+05:30,1858.5999755859375,1859.0,1857.0999755859375,1858.5999755859375,4273.0,yahoo
SUNPHARMA,5m,2026-09-22T10:55:00+05:30,1858.699951171875,1860.199951171875,1857.9000244140625,1859.9000244140625,4576.0,yahoo
SUNPHARMA,5m,2026-09-22T11:00:00+05:30,1860.0,1860.5,1857.800048828125,1858.800048828125,7763.0,yahoo
SUNPHARMA,5m,2026-09-22T11:05:00+05:30,1858.5,1858.5,1856.199951171875,1856.800048828125,6918.0,yahoo
SUNPHARMA,5m,2026-09-22T11:10:00+05:30,1857.5999755859375,1857.800048828125,1853.5999755859375,1854.300048828125,5805.0,yahoo
SUNPHARMA,5m,2026-09-22T11:15:00+05:30,1854.300048828125,1854.9000244140625,1851.4000244140625,1851.5,53037.0,yahoo
SUNPHARMA,5m,2026-09-22T11:20:00+05:30,1851.5999755859375,1852.5,1850.800048828125,1851.5,8232.0,yahoo
SUNPHARMA,5m,2026-09-22T11:25:00+05:30,1851.4000244140625,1852.0,1850.4000244140625,1850.5,9129.0,yahoo
SUNPHARMA,5m,2026-09-22T11:30:00+05:30,1850.5,1852.0999755859375,1850.0999755859375,1851.300048828125,25792.0,yahoo
SUNPHARMA,5m,2026-09-22T11:35:00+05:30,1851.4000244140625,1852.9000244140625,1850.9000244140625,1851.9000244140625,16336.0,yahoo
SUNPHARMA,5m,2026-09-22T11:40:00+05:30,1851.9000244140625,1853.199951171875,1851.5999755859375,1852.9000244140625,13249.0,yahoo
SUNPHARMA,5m,2026-09-22T11:45:00+05:30,1852.9000244140625,1853.300048828125,1847.0,1848.0,24226.0,yahoo
SUNPHARMA,5m,2026-09-22T11:50:00+05:30,1848.199951171875,1848.5999755859375,1846.0,1847.300048828125,10401.0,yahoo
SUNPHARMA,5m,2026-09-22T11:55:00+05:30,1847.4000244140625,1850.0,1845.800048828125,1848.5999755859375,32808.0,yahoo
SUNPHARMA,5m,2026-09-22T12:00:00+05:30,1848.5999755859375,1848.9000244140625,1846.9000244140625,1847.300048828125,3716.0,yahoo
SUNPHARMA,5m,2026-09-22T12:05:00+05:30,1847.699951171875,1847.699951171875,1846.300048828125,1847.4000244140625,4622.0,yahoo
SUNPHARMA,5m,2026-09-22T12:10:00+05:30,1847.0,1847.5,1846.5,1847.5,2516.0,yahoo
SUNPHARMA,5m,2026-09-22T12:15:00+05:30,1847.199951171875,1847.9000244140625,1846.5999755859375,1847.699951171875,3887.0,yahoo
SUNPHARMA,5m,2026-09-22T12:20:00+05:30,1847.9000244140625,1848.0,1847.199951171875,1847.4000244140625,3189.0,yahoo
SUNPHARMA,5m,2026-09-22T12:25:00+05:30,1847.4000244140625,1847.5999755859375,1846.800048828125,1846.9000244140625,6524.0,yahoo
SUNPHARMA,5m,2026-09-22T12:30:00+05:30,1847.199951171875,1848.0999755859375,1846.0999755859375,1847.0,7615.0,yahoo
SUNPHARMA,5m,2026-09-22T12:35:00+05:30,1847.0,1847.5,1846.4000244140625,1847.0,2242.0,yahoo
SUNPHARMA,5m,2026-09-22T12:40:00+05:30,1847.199951171875,1848.5,1846.800048828125,1848.0,5821.0,yahoo
SUNPHARMA,5m,2026-09-22T12:45:00+05:30,1848.0,1850.0,1847.5999755859375,1848.699951171875,8656.0,yahoo
SUNPHARMA,5m,2026-09-22T12:50:00+05:30,1848.699951171875,1849.199951171875,1847.0,1848.800048828125,5592.0,yahoo
SUNPHARMA,5m,2026-09-22T12:55:00+05:30,1848.699951171875,1848.800048828125,1847.699951171875,1848.5999755859375,4697.0,yahoo
SUNPHARMA,5m,2026-09-22T13:00:00+05:30,1848.5,1849.300048828125,1847.5,1848.5999755859375,4044.0,yahoo
SUNPHARMA,5m,2026-09-22T13:05:00+05:30,1848.5999755859375,1849.9000244140625,1848.0999755859375,1849.5999755859375,3922.0,yahoo
SUNPHARMA,5m,2026-09-22T13:10:00+05:30,1849.5999755859375,1849.9000244140625,1848.5999755859375,1848.800048828125,3591.0,yahoo
SUNPHARMA,5m,2026-09-22T13:15:00+05:30,1849.199951171875,1849.199951171875,1847.4000244140625,1847.9000244140625,3433.0,yahoo
SUNPHARMA,5m,2026-09-22T13:20:00+05:30,1848.199951171875,1848.199951171875,1847.199951171875,1847.199951171875,3758.0,yahoo
SUNPHARMA,5m,2026-09-22T13:25:00+05:30,1847.5,1848.5,1846.800048828125,1848.5,5419.0,yahoo
SUNPHARMA,5m,2026-09-22T13:30:00+05:30,1848.5,1849.199951171875,1847.4000244140625,1847.800048828125,5963.0,yahoo
SUNPHARMA,5m,2026-09-22T13:35:00+05:30,1848.0999755859375,1848.300048828125,1846.4000244140625,1847.5,5872.0,yahoo
SUNPHARMA,5m,2026-09-22T13:40:00+05:30,1847.5,1848.0999755859375,1846.199951171875,1846.800048828125,5143.0,yahoo
SUNPHARMA,5m,2026-09-22T13:45:00+05:30,1846.300048828125,1847.699951171875,1846.0999755859375,1846.9000244140625,8144.0,yahoo
SUNPHARMA,5m,2026-09-22T13:50:00+05:30,1846.9000244140625,1847.5999755859375,1844.800048828125,1846.199951171875,12777.0,yahoo
SUNPHARMA,5m,2026-09-22T13:55:00+05:30,1846.300048828125,1846.800048828125,1845.199951171875,1845.5,9147.0,yahoo
SUNPHARMA,5m,2026-09-22T14:00:00+05:30,1845.300048828125,1848.800048828125,1844.800048828125,1848.800048828125,17237.0,yahoo
SUNPHARMA,5m,2026-09-22T14:05:00+05:30,1848.5999755859375,1848.699951171875,1847.0999755859375,1848.5,6189.0,yahoo
SUNPHARMA,5m,2026-09-22T14:10:00+05:30,1848.4000244140625,1852.5999755859375,1847.5999755859375,1852.5999755859375,47158.0,yahoo
SUNPHARMA,5m,2026-09-22T14:15:00+05:30,1854.0,1855.0,1849.5,1849.5,39003.0,yahoo
SUNPHARMA,5m,2026-09-22T14:20:00+05:30,1849.699951171875,1851.800048828125,1849.699951171875,1850.5,26734.0,yahoo
SUNPHARMA,5m,2026-09-22T14:25:00+05:30,1850.300048828125,1851.300048828125,1848.199951171875,1849.300048828125,28336.0,yahoo
SUNPHARMA,5m,2026-09-22T14:30:00+05:30,1849.300048828125,1849.9000244140625,1848.5999755859375,1848.5999755859375,7771.0,yahoo
SUNPHARMA,5m,2026-09-22T14:35:00+05:30,1848.800048828125,1850.699951171875,1848.5999755859375,1850.0,10164.0,yahoo
SUNPHARMA,5m,2026-09-22T14:40:00+05:30,1849.800048828125,1850.699951171875,1848.5999755859375,1850.699951171875,16269.0,yahoo
SUNPHARMA,5m,2026-09-22T14:45:00+05:30,1850.699951171875,1852.0,1849.199951171875,1849.800048828125,24160.0,yahoo
SUNPHARMA,5m,2026-09-22T14:50:00+05:30,1849.9000244140625,1850.0,1848.5,1849.0,37002.0,yahoo
SUNPHARMA,5m,2026-09-22T14:55:00+05:30,1848.699951171875,1849.5999755859375,1845.4000244140625,1846.199951171875,45746.0,yahoo
SUNPHARMA,5m,2026-09-22T15:00:00+05:30,1846.0,1847.5,1846.0,1846.300048828125,34639.0,yahoo
SUNPHARMA,5m,2026-09-22T15:05:00+05:30,1846.5999755859375,1846.5999755859375,1845.300048828125,1845.5999755859375,30952.0,yahoo
SUNPHARMA,5m,2026-09-22T15:10:00+05:30,1844.800048828125,1848.0,1842.5,1844.199951171875,93695.0,yahoo
SUNPHARMA,5m,2026-09-22T15:15:00+05:30,1850.0,1850.0,1846.4000244140625,1846.4000244140625,34721.0,yahoo
SUZLON,5m,2026-09-22T09:15:00+05:30,43.54999923706055,44.099998474121094,43.54999923706055,43.93000030517578,0.0,yahoo
SUZLON,5m,2026-09-22T09:20:00+05:30,43.93000030517578,44.13999938964844,43.90999984741211,44.11000061035156,1536620.0,yahoo
SUZLON,5m,2026-09-22T09:25:00+05:30,44.08000183105469,44.11000061035156,43.95000076293945,44.099998474121094,1095047.0,yahoo
SUZLON,5m,2026-09-22T09:30:00+05:30,44.189998626708984,44.189998626708984,44.09000015258789,44.18000030517578,1382243.0,yahoo
SUZLON,5m,2026-09-22T09:35:00+05:30,44.18000030517578,44.209999084472656,43.97999954223633,44.040000915527344,1676753.0,yahoo
SUZLON,5m,2026-09-22T09:40:00+05:30,44.060001373291016,44.09000015258789,44.02000045776367,44.040000915527344,666375.0,yahoo
SUZLON,5m,2026-09-22T09:45:00+05:30,44.04999923706055,44.08000183105469,43.97999954223633,44.0,858555.0,yahoo
SUZLON,5m,2026-09-22T09:50:00+05:30,44.0,44.040000915527344,43.9900016784668,44.040000915527344,471665.0,yahoo
SUZLON,5m,2026-09-22T09:55:00+05:30,44.029998779296875,44.029998779296875,43.86000061035156,43.88999938964844,1211295.0,yahoo
SUZLON,5m,2026-09-22T10:00:00+05:30,43.869998931884766,43.880001068115234,43.790000915527344,43.86000061035156,604501.0,yahoo
SUZLON,5m,2026-09-22T10:05:00+05:30,43.849998474121094,43.880001068115234,43.83000183105469,43.849998474121094,442730.0,yahoo
SUZLON,5m,2026-09-22T10:10:00+05:30,43.849998474121094,43.91999816894531,43.81999969482422,43.91999816894531,414781.0,yahoo
SUZLON,5m,2026-09-22T10:15:00+05:30,43.91999816894531,43.95000076293945,43.880001068115234,43.91999816894531,523269.0,yahoo
SUZLON,5m,2026-09-22T10:20:00+05:30,43.91999816894531,43.93000030517578,43.880001068115234,43.88999938964844,236369.0,yahoo
SUZLON,5m,2026-09-22T10:25:00+05:30,43.88999938964844,43.88999938964844,43.86000061035156,43.880001068115234,542538.0,yahoo
SUZLON,5m,2026-09-22T10:30:00+05:30,43.880001068115234,43.880001068115234,43.72999954223633,43.77000045776367,2223584.0,yahoo
SUZLON,5m,2026-09-22T10:35:00+05:30,43.77000045776367,43.83000183105469,43.66999816894531,43.689998626708984,704940.0,yahoo
SUZLON,5m,2026-09-22T10:40:00+05:30,43.689998626708984,43.70000076293945,43.61000061035156,43.630001068115234,576590.0,yahoo
SUZLON,5m,2026-09-22T10:45:00+05:30,43.599998474121094,43.68000030517578,43.599998474121094,43.650001525878906,259464.0,yahoo
SUZLON,5m,2026-09-22T10:50:00+05:30,43.650001525878906,43.650001525878906,43.599998474121094,43.650001525878906,321256.0,yahoo
SUZLON,5m,2026-09-22T10:55:00+05:30,43.66999816894531,43.689998626708984,43.630001068115234,43.68000030517578,260452.0,yahoo
SUZLON,5m,2026-09-22T11:00:00+05:30,43.70000076293945,43.70000076293945,43.619998931884766,43.63999938964844,304826.0,yahoo
SUZLON,5m,2026-09-22T11:05:00+05:30,43.650001525878906,43.650001525878906,43.58000183105469,43.599998474121094,348756.0,yahoo
SUZLON,5m,2026-09-22T11:10:00+05:30,43.58000183105469,43.59000015258789,43.47999954223633,43.5,675914.0,yahoo
SUZLON,5m,2026-09-22T11:15:00+05:30,43.5,43.52000045776367,43.47999954223633,43.5,291807.0,yahoo
SUZLON,5m,2026-09-22T11:20:00+05:30,43.5,43.5099983215332,43.47999954223633,43.5,197860.0,yahoo
SUZLON,5m,2026-09-22T11:25:00+05:30,43.5,43.5099983215332,43.47999954223633,43.5,236294.0,yahoo
SUZLON,5m,2026-09-22T11:30:00+05:30,43.5,43.5,43.40999984741211,43.45000076293945,538346.0,yahoo
SUZLON,5m,2026-09-22T11:35:00+05:30,43.45000076293945,43.45000076293945,43.380001068115234,43.400001525878906,325412.0,yahoo
SUZLON,5m,2026-09-22T11:40:00+05:30,43.380001068115234,43.43000030517578,43.380001068115234,43.400001525878906,246233.0,yahoo
SUZLON,5m,2026-09-22T11:45:00+05:30,43.36000061035156,43.36000061035156,43.29999923706055,43.29999923706055,377985.0,yahoo
SUZLON,5m,2026-09-22T11:50:00+05:30,43.29999923706055,43.310001373291016,43.25,43.279998779296875,368236.0,yahoo
SUZLON,5m,2026-09-22T11:55:00+05:30,43.290000915527344,43.29999923706055,43.22999954223633,43.290000915527344,252100.0,yahoo
SUZLON,5m,2026-09-22T12:00:00+05:30,43.29999923706055,43.310001373291016,43.2599983215332,43.279998779296875,203997.0,yahoo
SUZLON,5m,2026-09-22T12:05:00+05:30,43.279998779296875,43.279998779296875,43.22999954223633,43.2400016784668,189714.0,yahoo
SUZLON,5m,2026-09-22T12:10:00+05:30,43.2400016784668,43.27000045776367,43.2400016784668,43.2599983215332,169184.0,yahoo
SUZLON,5m,2026-09-22T12:15:00+05:30,43.25,43.2599983215332,43.20000076293945,43.25,333267.0,yahoo
SUZLON,5m,2026-09-22T12:20:00+05:30,43.25,43.290000915527344,43.18000030517578,43.20000076293945,498955.0,yahoo
SUZLON,5m,2026-09-22T12:25:00+05:30,43.20000076293945,43.220001220703125,43.18000030517578,43.20000076293945,95449.0,yahoo
SUZLON,5m,2026-09-22T12:30:00+05:30,43.20000076293945,43.22999954223633,43.18000030517578,43.20000076293945,302823.0,yahoo
SUZLON,5m,2026-09-22T12:35:00+05:30,43.20000076293945,43.220001220703125,43.16999816894531,43.20000076293945,167437.0,yahoo
SUZLON,5m,2026-09-22T12:40:00+05:30,43.18000030517578,43.20000076293945,43.130001068115234,43.13999938964844,453675.0,yahoo
SUZLON,5m,2026-09-22T12:45:00+05:30,43.13999938964844,43.13999938964844,43.11000061035156,43.11000061035156,274145.0,yahoo
SUZLON,5m,2026-09-22T12:50:00+05:30,43.119998931884766,43.130001068115234,43.06999969482422,43.08000183105469,368013.0,yahoo
SUZLON,5m,2026-09-22T12:55:00+05:30,43.09000015258789,43.099998474121094,42.970001220703125,42.97999954223633,1290650.0,yahoo
SUZLON,5m,2026-09-22T13:00:00+05:30,42.9900016784668,43.02000045776367,42.970001220703125,43.0,234027.0,yahoo
SUZLON,5m,2026-09-22T13:05:00+05:30,43.0,43.0,42.97999954223633,43.0,128689.0,yahoo
SUZLON,5m,2026-09-22T13:10:00+05:30,43.0,43.0,42.9900016784668,43.0,351278.0,yahoo
SUZLON,5m,2026-09-22T13:15:00+05:30,43.0,43.0099983215332,42.93000030517578,42.959999084472656,571491.0,yahoo
SUZLON,5m,2026-09-22T13:20:00+05:30,42.959999084472656,43.0,42.91999816894531,43.0,258865.0,yahoo
SUZLON,5m,2026-09-22T13:25:00+05:30,43.0,43.0099983215332,42.959999084472656,42.9900016784668,155494.0,yahoo
SUZLON,5m,2026-09-22T13:30:00+05:30,43.0,43.0099983215332,42.9900016784668,43.0,276283.0,yahoo
SUZLON,5m,2026-09-22T13:35:00+05:30,43.0,43.0099983215332,42.9900016784668,42.9900016784668,122707.0,yahoo
SUZLON,5m,2026-09-22T13:40:00+05:30,42.97999954223633,43.189998626708984,42.97999954223633,43.13999938964844,372715.0,yahoo
SUZLON,5m,2026-09-22T13:45:00+05:30,43.150001525878906,43.150001525878906,43.060001373291016,43.060001373291016,372961.0,yahoo
SUZLON,5m,2026-09-22T13:50:00+05:30,43.060001373291016,43.060001373291016,43.0,43.0099983215332,263505.0,yahoo
SUZLON,5m,2026-09-22T13:55:00+05:30,43.0,43.040000915527344,43.0,43.0,289025.0,yahoo
SUZLON,5m,2026-09-22T14:00:00+05:30,43.0,43.0,42.939998626708984,43.0,436004.0,yahoo
SUZLON,5m,2026-09-22T14:05:00+05:30,42.9900016784668,43.029998779296875,42.9900016784668,43.029998779296875,198453.0,yahoo
SUZLON,5m,2026-09-22T14:10:00+05:30,43.02000045776367,43.150001525878906,43.0099983215332,43.150001525878906,328169.0,yahoo
SUZLON,5m,2026-09-22T14:15:00+05:30,43.13999938964844,43.150001525878906,43.06999969482422,43.119998931884766,638931.0,yahoo
SUZLON,5m,2026-09-22T14:20:00+05:30,43.119998931884766,43.119998931884766,43.08000183105469,43.099998474121094,1408637.0,yahoo
SUZLON,5m,2026-09-22T14:25:00+05:30,43.11000061035156,43.119998931884766,43.09000015258789,43.099998474121094,324409.0,yahoo
SUZLON,5m,2026-09-22T14:30:00+05:30,43.09000015258789,43.11000061035156,43.04999923706055,43.060001373291016,287318.0,yahoo
SUZLON,5m,2026-09-22T14:35:00+05:30,43.04999923706055,43.09000015258789,43.040000915527344,43.040000915527344,355200.0,yahoo
SUZLON,5m,2026-09-22T14:40:00+05:30,43.040000915527344,43.04999923706055,43.0099983215332,43.040000915527344,174072.0,yahoo
SUZLON,5m,2026-09-22T14:45:00+05:30,43.029998779296875,43.040000915527344,42.9900016784668,43.0,367323.0,yahoo
SUZLON,5m,2026-09-22T14:50:00+05:30,43.0,43.02000045776367,42.9900016784668,43.0099983215332,167349.0,yahoo
SUZLON,5m,2026-09-22T14:55:00+05:30,43.0,43.029998779296875,42.970001220703125,42.9900016784668,309699.0,yahoo
SUZLON,5m,2026-09-22T15:00:00+05:30,42.9900016784668,43.0,42.959999084472656,43.0,782857.0,yahoo
SUZLON,5m,2026-09-22T15:05:00+05:30,42.9900016784668,43.0099983215332,42.970001220703125,42.9900016784668,849232.0,yahoo
SUZLON,5m,2026-09-22T15:10:00+05:30,42.97999954223633,43.04999923706055,42.970001220703125,43.02000045776367,2015331.0,yahoo
SUZLON,5m,2026-09-22T15:15:00+05:30,43.02000045776367,43.02000045776367,43.0,43.0,1993689.0,yahoo
TATACONSUM,5m,2026-09-22T09:15:00+05:30,1003.0,1004.5,1001.7000122070312,1001.7000122070312,0.0,yahoo
TATACONSUM,5m,2026-09-22T09:20:00+05:30,1001.4000244140625,1001.7000122070312,999.9000244140625,1001.0,8431.0,yahoo
TATACONSUM,5m,2026-09-22T09:25:00+05:30,1000.5999755859375,1001.0999755859375,999.2999877929688,1000.7999877929688,5919.0,yahoo
TATACONSUM,5m,2026-09-22T09:30:00+05:30,1000.7999877929688,1001.2000122070312,999.5,1000.0,3693.0,yahoo
TATACONSUM,5m,2026-09-22T09:35:00+05:30,999.9000244140625,999.9000244140625,997.0,997.2999877929688,8373.0,yahoo
TATACONSUM,5m,2026-09-22T09:40:00+05:30,997.7000122070312,998.0,996.5,997.2999877929688,7630.0,yahoo
TATACONSUM,5m,2026-09-22T09:45:00+05:30,997.7000122070312,997.7999877929688,996.2000122070312,996.2000122070312,8130.0,yahoo
TATACONSUM,5m,2026-09-22T09:50:00+05:30,996.2000122070312,998.4000244140625,996.0999755859375,997.9000244140625,5589.0,yahoo
TATACONSUM,5m,2026-09-22T09:55:00+05:30,998.0,998.7000122070312,997.5,998.5999755859375,6729.0,yahoo
TATACONSUM,5m,2026-09-22T10:00:00+05:30,998.7000122070312,1001.5,998.5999755859375,1000.0999755859375,13697.0,yahoo
TATACONSUM,5m,2026-09-22T10:05:00+05:30,1000.7000122070312,1001.9000244140625,1000.2999877929688,1001.2999877929688,5968.0,yahoo
TATACONSUM,5m,2026-09-22T10:10:00+05:30,1001.0,1001.0,1000.0,1000.0,2763.0,yahoo
TATACONSUM,5m,2026-09-22T10:15:00+05:30,1000.2999877929688,1001.4000244140625,998.2000122070312,1000.9000244140625,28849.0,yahoo
TATACONSUM,5m,2026-09-22T10:20:00+05:30,1001.0,1001.2999877929688,1000.0,1001.0,8111.0,yahoo
TATACONSUM,5m,2026-09-22T10:25:00+05:30,1000.9000244140625,1000.9000244140625,996.5,996.9000244140625,68054.0,yahoo
TATACONSUM,5m,2026-09-22T10:30:00+05:30,996.7999877929688,996.7999877929688,995.0,995.9000244140625,20275.0,yahoo
TATACONSUM,5m,2026-09-22T10:35:00+05:30,996.0999755859375,996.0999755859375,994.5,995.0999755859375,7319.0,yahoo
TATACONSUM,5m,2026-09-22T10:40:00+05:30,995.0999755859375,995.2999877929688,993.0,993.0,14227.0,yahoo
TATACONSUM,5m,2026-09-22T10:45:00+05:30,992.9000244140625,994.0999755859375,992.7999877929688,993.7000122070312,5666.0,yahoo
TATACONSUM,5m,2026-09-22T10:50:00+05:30,993.7000122070312,994.4000244140625,992.5999755859375,994.4000244140625,6104.0,yahoo
TATACONSUM,5m,2026-09-22T10:55:00+05:30,994.2999877929688,994.2999877929688,993.0,993.0,5547.0,yahoo
TATACONSUM,5m,2026-09-22T11:00:00+05:30,993.0999755859375,993.2999877929688,992.0999755859375,993.0999755859375,5685.0,yahoo
TATACONSUM,5m,2026-09-22T11:05:00+05:30,993.0,993.5,992.7999877929688,993.4000244140625,6665.0,yahoo
TATACONSUM,5m,2026-09-22T11:10:00+05:30,993.2999877929688,993.5,992.7000122070312,993.2000122070312,6702.0,yahoo
TATACONSUM,5m,2026-09-22T11:15:00+05:30,993.2000122070312,993.7999877929688,993.0999755859375,993.2999877929688,4393.0,yahoo
TATACONSUM,5m,2026-09-22T11:20:00+05:30,993.2999877929688,993.5,992.5999755859375,992.7999877929688,6457.0,yahoo
TATACONSUM,5m,2026-09-22T11:25:00+05:30,992.7999877929688,993.0999755859375,992.5,992.7999877929688,4714.0,yahoo
TATACONSUM,5m,2026-09-22T11:30:00+05:30,992.9000244140625,992.9000244140625,991.4000244140625,992.7999877929688,9073.0,yahoo
TATACONSUM,5m,2026-09-22T11:35:00+05:30,992.7000122070312,993.7000122070312,992.4000244140625,993.0,6933.0,yahoo
TATACONSUM,5m,2026-09-22T11:40:00+05:30,993.2000122070312,993.2000122070312,992.4000244140625,993.2000122070312,4337.0,yahoo
TATACONSUM,5m,2026-09-22T11:45:00+05:30,993.4000244140625,994.2999877929688,993.4000244140625,993.5999755859375,6279.0,yahoo
TATACONSUM,5m,2026-09-22T11:50:00+05:30,993.5999755859375,993.5999755859375,992.7999877929688,993.4000244140625,2707.0,yahoo
TATACONSUM,5m,2026-09-22T11:55:00+05:30,993.0999755859375,993.2999877929688,992.9000244140625,993.2000122070312,3438.0,yahoo
TATACONSUM,5m,2026-09-22T12:00:00+05:30,993.2000122070312,993.5999755859375,992.9000244140625,993.2999877929688,2785.0,yahoo
TATACONSUM,5m,2026-09-22T12:05:00+05:30,993.2999877929688,993.4000244140625,992.7000122070312,993.0,4212.0,yahoo
TATACONSUM,5m,2026-09-22T12:10:00+05:30,993.0,993.2999877929688,992.0999755859375,992.4000244140625,6616.0,yahoo
TATACONSUM,5m,2026-09-22T12:15:00+05:30,992.4000244140625,992.5999755859375,991.9000244140625,992.2999877929688,3626.0,yahoo
TATACONSUM,5m,2026-09-22T12:20:00+05:30,992.2999877929688,992.5,992.0,992.2999877929688,2424.0,yahoo
TATACONSUM,5m,2026-09-22T12:25:00+05:30,992.2999877929688,992.5,991.5,991.9000244140625,4957.0,yahoo
TATACONSUM,5m,2026-09-22T12:30:00+05:30,991.9000244140625,992.2000122070312,991.0999755859375,991.5999755859375,5813.0,yahoo
TATACONSUM,5m,2026-09-22T12:35:00+05:30,991.7000122070312,991.9000244140625,990.7999877929688,991.4000244140625,4086.0,yahoo
TATACONSUM,5m,2026-09-22T12:40:00+05:30,991.4000244140625,992.0,991.4000244140625,992.0,4935.0,yahoo
TATACONSUM,5m,2026-09-22T12:45:00+05:30,992.0,992.0,991.2000122070312,991.5,3463.0,yahoo
TATACONSUM,5m,2026-09-22T12:50:00+05:30,991.5999755859375,991.7000122070312,990.4000244140625,990.9000244140625,9624.0,yahoo
TATACONSUM,5m,2026-09-22T12:55:00+05:30,990.9000244140625,991.0,990.5,990.7999877929688,3444.0,yahoo
TATACONSUM,5m,2026-09-22T13:00:00+05:30,990.7999877929688,991.4000244140625,989.7999877929688,991.2000122070312,14878.0,yahoo
TATACONSUM,5m,2026-09-22T13:05:00+05:30,991.2000122070312,991.5,990.9000244140625,991.2999877929688,3044.0,yahoo
TATACONSUM,5m,2026-09-22T13:10:00+05:30,991.2999877929688,991.4000244140625,990.5999755859375,990.9000244140625,2721.0,yahoo
TATACONSUM,5m,2026-09-22T13:15:00+05:30,990.0999755859375,990.7000122070312,990.0999755859375,990.5,4562.0,yahoo
TATACONSUM,5m,2026-09-22T13:20:00+05:30,990.5999755859375,990.9000244140625,990.0,990.5,3541.0,yahoo
TATACONSUM,5m,2026-09-22T13:25:00+05:30,990.5999755859375,990.9000244140625,990.2000122070312,990.9000244140625,3511.0,yahoo
TATACONSUM,5m,2026-09-22T13:30:00+05:30,990.9000244140625,991.5999755859375,990.5,991.5,8126.0,yahoo
TATACONSUM,5m,2026-09-22T13:35:00+05:30,991.4000244140625,991.5,990.5,990.7999877929688,10523.0,yahoo
TATACONSUM,5m,2026-09-22T13:40:00+05:30,990.9000244140625,990.9000244140625,990.0,990.0999755859375,4901.0,yahoo
TATACONSUM,5m,2026-09-22T13:45:00+05:30,990.2999877929688,990.7000122070312,990.0,990.5,7874.0,yahoo
TATACONSUM,5m,2026-09-22T13:50:00+05:30,990.4000244140625,990.5999755859375,989.0,989.7000122070312,7609.0,yahoo
TATACONSUM,5m,2026-09-22T13:55:00+05:30,989.7999877929688,990.2999877929688,988.7000122070312,988.7000122070312,15558.0,yahoo
TATACONSUM,5m,2026-09-22T14:00:00+05:30,988.5,988.5999755859375,987.0,987.5,17761.0,yahoo
TATACONSUM,5m,2026-09-22T14:05:00+05:30,987.7000122070312,988.0999755859375,986.9000244140625,987.7000122070312,8006.0,yahoo
TATACONSUM,5m,2026-09-22T14:10:00+05:30,987.5999755859375,990.0999755859375,987.0999755859375,990.0999755859375,8217.0,yahoo
TATACONSUM,5m,2026-09-22T14:15:00+05:30,990.2999877929688,991.0,989.0,989.9000244140625,9813.0,yahoo
TATACONSUM,5m,2026-09-22T14:20:00+05:30,989.9000244140625,990.7000122070312,989.7000122070312,989.9000244140625,5206.0,yahoo
TATACONSUM,5m,2026-09-22T14:25:00+05:30,989.9000244140625,990.5999755859375,989.7000122070312,990.0999755859375,5405.0,yahoo
TATACONSUM,5m,2026-09-22T14:30:00+05:30,990.0999755859375,990.5,988.5999755859375,988.9000244140625,7422.0,yahoo
TATACONSUM,5m,2026-09-22T14:35:00+05:30,989.2999877929688,989.9000244140625,989.0,989.0,6105.0,yahoo
TATACONSUM,5m,2026-09-22T14:40:00+05:30,989.0,989.0999755859375,988.2000122070312,988.5999755859375,9451.0,yahoo
TATACONSUM,5m,2026-09-22T14:45:00+05:30,988.2000122070312,988.9000244140625,988.0999755859375,988.5,8106.0,yahoo
TATACONSUM,5m,2026-09-22T14:50:00+05:30,988.0999755859375,988.5999755859375,987.5999755859375,987.9000244140625,13977.0,yahoo
TATACONSUM,5m,2026-09-22T14:55:00+05:30,988.0999755859375,988.2000122070312,987.4000244140625,987.7000122070312,6399.0,yahoo
TATACONSUM,5m,2026-09-22T15:00:00+05:30,987.7000122070312,987.9000244140625,986.9000244140625,987.0,18345.0,yahoo
TATACONSUM,5m,2026-09-22T15:05:00+05:30,986.7000122070312,987.5999755859375,986.0999755859375,986.2000122070312,35079.0,yahoo
TATACONSUM,5m,2026-09-22T15:10:00+05:30,986.4000244140625,988.0999755859375,986.0999755859375,986.0999755859375,36360.0,yahoo
TATACONSUM,5m,2026-09-22T15:15:00+05:30,988.2000122070312,988.2000122070312,984.0999755859375,984.0999755859375,19853.0,yahoo
TATAMOTORS,5m,2026-09-22T09:15:00+05:30,444.79998779296875,450.8999938964844,444.79998779296875,449.6499938964844,0.0,yahoo
TATAMOTORS,5m,2026-09-22T09:20:00+05:30,449.6499938964844,451.5,449.6499938964844,451.25,106411.0,yahoo
TATAMOTORS,5m,2026-09-22T09:25:00+05:30,450.3999938964844,450.3999938964844,449.5,449.6000061035156,51301.0,yahoo
TATAMOTORS,5m,2026-09-22T09:30:00+05:30,449.8999938964844,452.0,449.8999938964844,451.0,76878.0,yahoo
TATAMOTORS,5m,2026-09-22T09:35:00+05:30,450.75,450.75,449.1499938964844,449.70001220703125,38825.0,yahoo
TATAMOTORS,5m,2026-09-22T09:40:00+05:30,449.70001220703125,449.8500061035156,448.70001220703125,449.0,266395.0,yahoo
TATAMOTORS,5m,2026-09-22T09:45:00+05:30,449.0,449.5,448.29998779296875,448.8500061035156,85264.0,yahoo
TATAMOTORS,5m,2026-09-22T09:50:00+05:30,449.04998779296875,449.3500061035156,448.5,448.8500061035156,35860.0,yahoo
TATAMOTORS,5m,2026-09-22T09:55:00+05:30,449.0,449.0,448.3999938964844,448.70001220703125,36877.0,yahoo
TATAMOTORS,5m,2026-09-22T10:00:00+05:30,448.8500061035156,449.0,448.54998779296875,448.54998779296875,21915.0,yahoo
TATAMOTORS,5m,2026-09-22T10:05:00+05:30,448.54998779296875,449.0,447.0,447.1000061035156,164843.0,yahoo
TATAMOTORS,5m,2026-09-22T10:10:00+05:30,447.29998779296875,447.29998779296875,445.8999938964844,446.5,158642.0,yahoo
TATAMOTORS,5m,2026-09-22T10:15:00+05:30,446.54998779296875,447.70001220703125,446.5,447.3999938964844,96118.0,yahoo
TATAMOTORS,5m,2026-09-22T10:20:00+05:30,447.25,447.95001220703125,447.0,447.54998779296875,47395.0,yahoo
TATAMOTORS,5m,2026-09-22T10:25:00+05:30,447.54998779296875,447.95001220703125,447.25,447.3999938964844,48675.0,yahoo
TATAMOTORS,5m,2026-09-22T10:30:00+05:30,447.3500061035156,447.5,444.1499938964844,445.29998779296875,312277.0,yahoo
TATAMOTORS,5m,2026-09-22T10:35:00+05:30,445.29998779296875,445.54998779296875,444.54998779296875,445.0,79630.0,yahoo
TATAMOTORS,5m,2026-09-22T10:40:00+05:30,445.25,445.25,444.45001220703125,444.95001220703125,56712.0,yahoo
TATAMOTORS,5m,2026-09-22T10:45:00+05:30,444.75,445.25,444.3999938964844,445.0,44622.0,yahoo
TATAMOTORS,5m,2026-09-22T10:50:00+05:30,445.0,445.29998779296875,444.70001220703125,445.04998779296875,32344.0,yahoo
TATAMOTORS,5m,2026-09-22T10:55:00+05:30,445.04998779296875,445.1499938964844,444.54998779296875,445.1499938964844,40457.0,yahoo
TATAMOTORS,5m,2026-09-22T11:00:00+05:30,444.95001220703125,445.1499938964844,444.54998779296875,444.54998779296875,33949.0,yahoo
TATAMOTORS,5m,2026-09-22T11:05:00+05:30,444.54998779296875,445.20001220703125,444.45001220703125,444.95001220703125,78606.0,yahoo
TATAMOTORS,5m,2026-09-22T11:10:00+05:30,444.8999938964844,445.0,444.6499938964844,445.0,26571.0,yahoo
TATAMOTORS,5m,2026-09-22T11:15:00+05:30,445.0,445.04998779296875,444.6499938964844,444.75,15780.0,yahoo
TATAMOTORS,5m,2026-09-22T11:20:00+05:30,444.75,445.1000061035156,444.1499938964844,445.0,27616.0,yahoo
TATAMOTORS,5m,2026-09-22T11:25:00+05:30,444.8999938964844,445.1000061035156,444.8999938964844,444.8999938964844,19405.0,yahoo
TATAMOTORS,5m,2026-09-22T11:30:00+05:30,445.0,445.20001220703125,444.45001220703125,444.45001220703125,16159.0,yahoo
TATAMOTORS,5m,2026-09-22T11:35:00+05:30,444.54998779296875,444.75,443.1499938964844,443.20001220703125,247605.0,yahoo
TATAMOTORS,5m,2026-09-22T11:40:00+05:30,443.20001220703125,443.6000061035156,443.1000061035156,443.1499938964844,49690.0,yahoo
TATAMOTORS,5m,2026-09-22T11:45:00+05:30,443.1499938964844,443.20001220703125,442.5,443.1000061035156,133704.0,yahoo
TATAMOTORS,5m,2026-09-22T11:50:00+05:30,443.1000061035156,443.1499938964844,442.70001220703125,442.8999938964844,22914.0,yahoo
TATAMOTORS,5m,2026-09-22T11:55:00+05:30,442.8999938964844,443.1000061035156,442.54998779296875,442.8999938964844,23362.0,yahoo
TATAMOTORS,5m,2026-09-22T12:00:00+05:30,443.1499938964844,443.5,443.1499938964844,443.20001220703125,19629.0,yahoo
TATAMOTORS,5m,2026-09-22T12:05:00+05:30,443.20001220703125,443.45001220703125,443.20001220703125,443.45001220703125,15242.0,yahoo
TATAMOTORS,5m,2026-09-22T12:10:00+05:30,443.3999938964844,443.6000061035156,443.0,443.20001220703125,35359.0,yahoo
TATAMOTORS,5m,2026-09-22T12:15:00+05:30,443.20001220703125,445.25,443.20001220703125,443.5,173726.0,yahoo
TATAMOTORS,5m,2026-09-22T12:20:00+05:30,443.1499938964844,443.25,441.8999938964844,442.04998779296875,45269.0,yahoo
TATAMOTORS,5m,2026-09-22T12:25:00+05:30,442.1000061035156,442.25,441.8999938964844,441.8999938964844,13756.0,yahoo
TATAMOTORS,5m,2026-09-22T12:30:00+05:30,441.75,441.79998779296875,441.45001220703125,441.5,19979.0,yahoo
TATAMOTORS,5m,2026-09-22T12:35:00+05:30,441.5,442.29998779296875,441.5,442.0,16242.0,yahoo
TATAMOTORS,5m,2026-09-22T12:40:00+05:30,442.0,442.1499938964844,441.79998779296875,441.79998779296875,14231.0,yahoo
TATAMOTORS,5m,2026-09-22T12:45:00+05:30,441.79998779296875,441.95001220703125,441.5,441.5,13576.0,yahoo
TATAMOTORS,5m,2026-09-22T12:50:00+05:30,441.5,441.5,441.20001220703125,441.45001220703125,13219.0,yahoo
TATAMOTORS,5m,2026-09-22T12:55:00+05:30,441.29998779296875,441.45001220703125,441.1000061035156,441.3999938964844,18344.0,yahoo
TATAMOTORS,5m,2026-09-22T13:00:00+05:30,441.3999938964844,441.3999938964844,441.0,441.0,56844.0,yahoo
TATAMOTORS,5m,2026-09-22T13:05:00+05:30,441.0,442.6499938964844,440.79998779296875,442.5,63619.0,yahoo
TATAMOTORS,5m,2026-09-22T13:10:00+05:30,442.25,442.79998779296875,441.79998779296875,441.8500061035156,21058.0,yahoo
TATAMOTORS,5m,2026-09-22T13:15:00+05:30,442.0,442.1499938964844,441.70001220703125,441.95001220703125,19843.0,yahoo
TATAMOTORS,5m,2026-09-22T13:20:00+05:30,441.95001220703125,442.20001220703125,441.1499938964844,441.1499938964844,15293.0,yahoo
TATAMOTORS,5m,2026-09-22T13:25:00+05:30,441.1499938964844,441.8500061035156,441.1499938964844,441.6000061035156,13826.0,yahoo
TATAMOTORS,5m,2026-09-22T13:30:00+05:30,441.6000061035156,442.0,441.54998779296875,441.70001220703125,11508.0,yahoo
TATAMOTORS,5m,2026-09-22T13:35:00+05:30,441.70001220703125,441.95001220703125,441.70001220703125,441.75,5117.0,yahoo
TATAMOTORS,5m,2026-09-22T13:40:00+05:30,441.79998779296875,442.29998779296875,441.75,442.1499938964844,7271.0,yahoo
TATAMOTORS,5m,2026-09-22T13:45:00+05:30,442.3500061035156,442.3500061035156,441.20001220703125,441.29998779296875,15205.0,yahoo
TATAMOTORS,5m,2026-09-22T13:50:00+05:30,441.25,441.3999938964844,440.5,440.8500061035156,26375.0,yahoo
TATAMOTORS,5m,2026-09-22T13:55:00+05:30,440.8500061035156,441.45001220703125,440.8500061035156,441.20001220703125,17922.0,yahoo
TATAMOTORS,5m,2026-09-22T14:00:00+05:30,441.3500061035156,441.3500061035156,440.6000061035156,440.70001220703125,26876.0,yahoo
TATAMOTORS,5m,2026-09-22T14:05:00+05:30,440.70001220703125,441.0,440.45001220703125,440.6000061035156,14840.0,yahoo
TATAMOTORS,5m,2026-09-22T14:10:00+05:30,440.6000061035156,441.25,440.5,441.0,33461.0,yahoo
TATAMOTORS,5m,2026-09-22T14:15:00+05:30,441.25,441.6499938964844,440.25,440.45001220703125,25341.0,yahoo
TATAMOTORS,5m,2026-09-22T14:20:00+05:30,440.3999938964844,443.45001220703125,440.3500061035156,443.45001220703125,130315.0,yahoo
TATAMOTORS,5m,2026-09-22T14:25:00+05:30,443.29998779296875,444.45001220703125,442.6000061035156,442.6499938964844,174983.0,yahoo
TATAMOTORS,5m,2026-09-22T14:30:00+05:30,442.6000061035156,442.79998779296875,442.1499938964844,442.3999938964844,18546.0,yahoo
TATAMOTORS,5m,2026-09-22T14:35:00+05:30,442.3999938964844,442.75,442.04998779296875,442.1499938964844,74812.0,yahoo
TATAMOTORS,5m,2026-09-22T14:40:00+05:30,442.6499938964844,442.6499938964844,441.3999938964844,441.5,33627.0,yahoo
TATAMOTORS,5m,2026-09-22T14:45:00+05:30,441.45001220703125,442.8999938964844,441.45001220703125,442.75,21999.0,yahoo
TATAMOTORS,5m,2026-09-22T14:50:00+05:30,442.75,443.25,442.29998779296875,442.45001220703125,31315.0,yahoo
TATAMOTORS,5m,2026-09-22T14:55:00+05:30,442.54998779296875,442.70001220703125,440.8999938964844,441.1499938964844,95865.0,yahoo
TATAMOTORS,5m,2026-09-22T15:00:00+05:30,441.1499938964844,441.5,440.8999938964844,441.3999938964844,63714.0,yahoo
TATAMOTORS,5m,2026-09-22T15:05:00+05:30,441.3999938964844,441.95001220703125,441.25,441.3999938964844,68160.0,yahoo
TATAMOTORS,5m,2026-09-22T15:10:00+05:30,441.25,441.70001220703125,440.25,440.79998779296875,76623.0,yahoo
TATAMOTORS,5m,2026-09-22T15:15:00+05:30,440.79998779296875,440.95001220703125,440.3500061035156,440.6000061035156,71103.0,yahoo
TATAMOTORS,5m,2026-09-22T15:20:00+05:30,440.6499938964844,441.29998779296875,440.45001220703125,440.5,58404.0,yahoo
TATAMOTORS,5m,2026-09-22T15:25:00+05:30,440.45001220703125,440.45001220703125,438.1000061035156,439.3999938964844,271201.0,yahoo
TATASTEEL,5m,2026-09-22T09:15:00+05:30,183.5,184.22000122070312,183.5,184.0,0.0,yahoo
TATASTEEL,5m,2026-09-22T09:20:00+05:30,184.0500030517578,184.1999969482422,183.74000549316406,184.1199951171875,198733.0,yahoo
TATASTEEL,5m,2026-09-22T09:25:00+05:30,184.10000610351562,184.10000610351562,183.75,183.75,135790.0,yahoo
TATASTEEL,5m,2026-09-22T09:30:00+05:30,183.75,183.75,183.27999877929688,183.4199981689453,483279.0,yahoo
TATASTEEL,5m,2026-09-22T09:35:00+05:30,183.4499969482422,183.82000732421875,183.36000061035156,183.82000732421875,276379.0,yahoo
TATASTEEL,5m,2026-09-22T09:40:00+05:30,183.85000610351562,183.9499969482422,183.8000030517578,183.8800048828125,209077.0,yahoo
TATASTEEL,5m,2026-09-22T09:45:00+05:30,183.88999938964844,183.9499969482422,183.8000030517578,183.9499969482422,208345.0,yahoo
TATASTEEL,5m,2026-09-22T09:50:00+05:30,183.89999389648438,183.89999389648438,183.6699981689453,183.67999267578125,167960.0,yahoo
TATASTEEL,5m,2026-09-22T09:55:00+05:30,183.6699981689453,183.6999969482422,183.30999755859375,183.32000732421875,215220.0,yahoo
TATASTEEL,5m,2026-09-22T10:00:00+05:30,183.32000732421875,183.75,183.30999755859375,183.72000122070312,160679.0,yahoo
TATASTEEL,5m,2026-09-22T10:05:00+05:30,183.66000366210938,183.66000366210938,183.33999633789062,183.39999389648438,160516.0,yahoo
TATASTEEL,5m,2026-09-22T10:10:00+05:30,183.39999389648438,183.9199981689453,183.39999389648438,183.75,268163.0,yahoo
TATASTEEL,5m,2026-09-22T10:15:00+05:30,183.75,183.94000244140625,183.5399932861328,183.94000244140625,199555.0,yahoo
TATASTEEL,5m,2026-09-22T10:20:00+05:30,183.94000244140625,184.19000244140625,183.8300018310547,184.07000732421875,196954.0,yahoo
TATASTEEL,5m,2026-09-22T10:25:00+05:30,184.00999450683594,184.08999633789062,183.7899932861328,183.7899932861328,182566.0,yahoo
TATASTEEL,5m,2026-09-22T10:30:00+05:30,183.82000732421875,183.92999267578125,183.69000244140625,183.77999877929688,162495.0,yahoo
TATASTEEL,5m,2026-09-22T10:35:00+05:30,183.8300018310547,184.0,183.6999969482422,183.8699951171875,130550.0,yahoo
TATASTEEL,5m,2026-09-22T10:40:00+05:30,183.88999938964844,184.02000427246094,183.69000244140625,183.94000244140625,163452.0,yahoo
TATASTEEL,5m,2026-09-22T10:45:00+05:30,183.94000244140625,183.9499969482422,183.72000122070312,183.72000122070312,151355.0,yahoo
TATASTEEL,5m,2026-09-22T10:50:00+05:30,183.72000122070312,183.77000427246094,183.60000610351562,183.69000244140625,86235.0,yahoo
TATASTEEL,5m,2026-09-22T10:55:00+05:30,183.7100067138672,183.72000122070312,183.5,183.60000610351562,86752.0,yahoo
TATASTEEL,5m,2026-09-22T11:00:00+05:30,183.60000610351562,183.6199951171875,183.25999450683594,183.3000030517578,219670.0,yahoo
TATASTEEL,5m,2026-09-22T11:05:00+05:30,183.2899932861328,183.2899932861328,183.10000610351562,183.2100067138672,212563.0,yahoo
TATASTEEL,5m,2026-09-22T11:10:00+05:30,183.19000244140625,183.36000061035156,183.19000244140625,183.36000061035156,95615.0,yahoo
TATASTEEL,5m,2026-09-22T11:15:00+05:30,183.35000610351562,183.60000610351562,183.30999755859375,183.41000366210938,226637.0,yahoo
TATASTEEL,5m,2026-09-22T11:20:00+05:30,183.4199981689453,183.8000030517578,183.4199981689453,183.6999969482422,166302.0,yahoo
TATASTEEL,5m,2026-09-22T11:25:00+05:30,183.6999969482422,183.77000427246094,183.52000427246094,183.5399932861328,48583.0,yahoo
TATASTEEL,5m,2026-09-22T11:30:00+05:30,183.52999877929688,183.6199951171875,183.47000122070312,183.47000122070312,116622.0,yahoo
TATASTEEL,5m,2026-09-22T11:35:00+05:30,183.44000244140625,184.6999969482422,183.44000244140625,184.2899932861328,605909.0,yahoo
TATASTEEL,5m,2026-09-22T11:40:00+05:30,184.27000427246094,184.3000030517578,183.86000061035156,184.11000061035156,249639.0,yahoo
TATASTEEL,5m,2026-09-22T11:45:00+05:30,184.05999755859375,184.10000610351562,183.8000030517578,183.9199981689453,99061.0,yahoo
TATASTEEL,5m,2026-09-22T11:50:00+05:30,183.8699951171875,183.88999938964844,183.6699981689453,183.72000122070312,84288.0,yahoo
TATASTEEL,5m,2026-09-22T11:55:00+05:30,183.7100067138672,183.7100067138672,183.39999389648438,183.63999938964844,399338.0,yahoo
TATASTEEL,5m,2026-09-22T12:00:00+05:30,183.6300048828125,183.72999572753906,183.5500030517578,183.69000244140625,92196.0,yahoo
TATASTEEL,5m,2026-09-22T12:05:00+05:30,183.69000244140625,183.69000244140625,183.5500030517578,183.61000061035156,44976.0,yahoo
TATASTEEL,5m,2026-09-22T12:10:00+05:30,183.61000061035156,183.6199951171875,183.50999450683594,183.57000732421875,67033.0,yahoo
TATASTEEL,5m,2026-09-22T12:15:00+05:30,183.57000732421875,184.14999389648438,183.52999877929688,184.0800018310547,651392.0,yahoo
TATASTEEL,5m,2026-09-22T12:20:00+05:30,184.10000610351562,184.74000549316406,184.08999633789062,184.41000366210938,346281.0,yahoo
TATASTEEL,5m,2026-09-22T12:25:00+05:30,184.39999389648438,184.89999389648438,184.3800048828125,184.67999267578125,330899.0,yahoo
TATASTEEL,5m,2026-09-22T12:30:00+05:30,184.67999267578125,184.67999267578125,184.47999572753906,184.57000732421875,135888.0,yahoo
TATASTEEL,5m,2026-09-22T12:35:00+05:30,184.57000732421875,184.6699981689453,184.4600067138672,184.5500030517578,153139.0,yahoo
TATASTEEL,5m,2026-09-22T12:40:00+05:30,184.5500030517578,184.60000610351562,184.4499969482422,184.5399932861328,95329.0,yahoo
TATASTEEL,5m,2026-09-22T12:45:00+05:30,184.5,184.57000732421875,184.14999389648438,184.57000732421875,626028.0,yahoo
TATASTEEL,5m,2026-09-22T12:50:00+05:30,184.5,184.6999969482422,184.41000366210938,184.47000122070312,194049.0,yahoo
TATASTEEL,5m,2026-09-22T12:55:00+05:30,184.5,184.75,184.2899932861328,184.58999633789062,256270.0,yahoo
TATASTEEL,5m,2026-09-22T13:00:00+05:30,184.58999633789062,184.58999633789062,184.1999969482422,184.25,98400.0,yahoo
TATASTEEL,5m,2026-09-22T13:05:00+05:30,184.25999450683594,184.3300018310547,184.11000061035156,184.16000366210938,254668.0,yahoo
TATASTEEL,5m,2026-09-22T13:10:00+05:30,184.11000061035156,184.11000061035156,184.0,184.00999450683594,110713.0,yahoo
TATASTEEL,5m,2026-09-22T13:15:00+05:30,184.00999450683594,184.16000366210938,183.85000610351562,183.8699951171875,107584.0,yahoo
TATASTEEL,5m,2026-09-22T13:20:00+05:30,183.86000061035156,183.8800048828125,183.66000366210938,183.75,151619.0,yahoo
TATASTEEL,5m,2026-09-22T13:25:00+05:30,183.7899932861328,184.27999877929688,183.6999969482422,183.88999938964844,200890.0,yahoo
TATASTEEL,5m,2026-09-22T13:30:00+05:30,183.88999938964844,183.9499969482422,183.80999755859375,183.86000061035156,91931.0,yahoo
TATASTEEL,5m,2026-09-22T13:35:00+05:30,183.86000061035156,183.86000061035156,183.75999450683594,183.80999755859375,47879.0,yahoo
TATASTEEL,5m,2026-09-22T13:40:00+05:30,183.80999755859375,183.80999755859375,183.72000122070312,183.72000122070312,88156.0,yahoo
TATASTEEL,5m,2026-09-22T13:45:00+05:30,183.7100067138672,183.75999450683594,183.60000610351562,183.64999389648438,146848.0,yahoo
TATASTEEL,5m,2026-09-22T13:50:00+05:30,183.64999389648438,183.67999267578125,183.50999450683594,183.63999938964844,548185.0,yahoo
TATASTEEL,5m,2026-09-22T13:55:00+05:30,183.63999938964844,183.6999969482422,183.58999633789062,183.58999633789062,72269.0,yahoo
TATASTEEL,5m,2026-09-22T14:00:00+05:30,183.5500030517578,183.72999572753906,183.41000366210938,183.6999969482422,228522.0,yahoo
TATASTEEL,5m,2026-09-22T14:05:00+05:30,183.6999969482422,183.80999755859375,183.60000610351562,183.8000030517578,81312.0,yahoo
TATASTEEL,5m,2026-09-22T14:10:00+05:30,183.8000030517578,184.1999969482422,183.6999969482422,184.1999969482422,443078.0,yahoo
TATASTEEL,5m,2026-09-22T14:15:00+05:30,184.25,184.74000549316406,184.14999389648438,184.67999267578125,477255.0,yahoo
TATASTEEL,5m,2026-09-22T14:20:00+05:30,184.72000122070312,185.35000610351562,184.67999267578125,184.8000030517578,659660.0,yahoo
TATASTEEL,5m,2026-09-22T14:25:00+05:30,184.7100067138672,184.85000610351562,184.66000366210938,184.8300018310547,172671.0,yahoo
TATASTEEL,5m,2026-09-22T14:30:00+05:30,184.80999755859375,184.88999938964844,184.57000732421875,184.61000061035156,232139.0,yahoo
TATASTEEL,5m,2026-09-22T14:35:00+05:30,184.64999389648438,185.10000610351562,184.64999389648438,184.83999633789062,273214.0,yahoo
TATASTEEL,5m,2026-09-22T14:40:00+05:30,184.82000732421875,184.83999633789062,184.5800018310547,184.64999389648438,251855.0,yahoo
TATASTEEL,5m,2026-09-22T14:45:00+05:30,184.63999938964844,184.99000549316406,184.63999938964844,184.77999877929688,223255.0,yahoo
TATASTEEL,5m,2026-09-22T14:50:00+05:30,184.7899932861328,185.13999938964844,184.7100067138672,184.75,301825.0,yahoo
TATASTEEL,5m,2026-09-22T14:55:00+05:30,184.74000549316406,184.8300018310547,184.67999267578125,184.6999969482422,238193.0,yahoo
TATASTEEL,5m,2026-09-22T15:00:00+05:30,184.6999969482422,184.86000061035156,184.6999969482422,184.72999572753906,296348.0,yahoo
TATASTEEL,5m,2026-09-22T15:05:00+05:30,184.77000427246094,185.0399932861328,184.75999450683594,184.99000549316406,431828.0,yahoo
TATASTEEL,5m,2026-09-22T15:10:00+05:30,184.99000549316406,185.47000122070312,184.9499969482422,185.00999450683594,697011.0,yahoo
TATASTEEL,5m,2026-09-22T15:15:00+05:30,184.83999633789062,184.97000122070312,184.83999633789062,184.97000122070312,527217.0,yahoo
TCS,5m,2026-09-22T09:15:00+05:30,2131.300048828125,2131.300048828125,2115.0,2116.89990234375,0.0,yahoo
TCS,5m,2026-09-22T09:20:00+05:30,2116.5,2118.800048828125,2113.199951171875,2117.89990234375,57592.0,yahoo
TCS,5m,2026-09-22T09:25:00+05:30,2118.0,2119.89990234375,2112.60009765625,2113.89990234375,60617.0,yahoo
TCS,5m,2026-09-22T09:30:00+05:30,2113.89990234375,2118.5,2111.0,2115.10009765625,50811.0,yahoo
TCS,5m,2026-09-22T09:35:00+05:30,2115.60009765625,2116.89990234375,2108.10009765625,2115.0,68370.0,yahoo
TCS,5m,2026-09-22T09:40:00+05:30,2115.0,2121.89990234375,2115.0,2121.5,38028.0,yahoo
TCS,5m,2026-09-22T09:45:00+05:30,2121.5,2124.699951171875,2121.199951171875,2121.699951171875,36380.0,yahoo
TCS,5m,2026-09-22T09:50:00+05:30,2121.89990234375,2126.0,2121.0,2125.39990234375,25894.0,yahoo
TCS,5m,2026-09-22T09:55:00+05:30,2125.800048828125,2129.199951171875,2121.800048828125,2122.10009765625,46555.0,yahoo
TCS,5m,2026-09-22T10:00:00+05:30,2122.0,2124.300048828125,2121.5,2122.5,11128.0,yahoo
TCS,5m,2026-09-22T10:05:00+05:30,2122.199951171875,2123.0,2120.39990234375,2122.39990234375,12257.0,yahoo
TCS,5m,2026-09-22T10:10:00+05:30,2122.0,2125.0,2121.300048828125,2122.699951171875,16015.0,yahoo
TCS,5m,2026-09-22T10:15:00+05:30,2122.199951171875,2122.89990234375,2119.39990234375,2119.39990234375,32769.0,yahoo
TCS,5m,2026-09-22T10:20:00+05:30,2119.89990234375,2120.0,2113.300048828125,2116.5,28156.0,yahoo
TCS,5m,2026-09-22T10:25:00+05:30,2116.5,2116.800048828125,2114.699951171875,2116.0,23160.0,yahoo
TCS,5m,2026-09-22T10:30:00+05:30,2116.0,2116.199951171875,2112.5,2112.5,74500.0,yahoo
TCS,5m,2026-09-22T10:35:00+05:30,2112.60009765625,2114.39990234375,2110.5,2111.699951171875,33851.0,yahoo
TCS,5m,2026-09-22T10:40:00+05:30,2111.699951171875,2112.5,2100.0,2106.300048828125,78645.0,yahoo
TCS,5m,2026-09-22T10:45:00+05:30,2106.300048828125,2106.60009765625,2102.800048828125,2104.89990234375,42595.0,yahoo
TCS,5m,2026-09-22T10:50:00+05:30,2105.10009765625,2108.10009765625,2103.800048828125,2108.10009765625,21699.0,yahoo
TCS,5m,2026-09-22T10:55:00+05:30,2107.800048828125,2109.10009765625,2107.10009765625,2108.10009765625,16423.0,yahoo
TCS,5m,2026-09-22T11:00:00+05:30,2108.10009765625,2109.5,2106.0,2106.0,15647.0,yahoo
TCS,5m,2026-09-22T11:05:00+05:30,2106.0,2106.800048828125,2101.5,2101.5,37063.0,yahoo
TCS,5m,2026-09-22T11:10:00+05:30,2101.5,2102.699951171875,2101.10009765625,2102.699951171875,33250.0,yahoo
TCS,5m,2026-09-22T11:15:00+05:30,2102.300048828125,2107.5,2101.39990234375,2105.699951171875,43336.0,yahoo
TCS,5m,2026-09-22T11:20:00+05:30,2106.300048828125,2111.0,2106.10009765625,2110.300048828125,74124.0,yahoo
TCS,5m,2026-09-22T11:25:00+05:30,2110.39990234375,2110.39990234375,2107.5,2108.39990234375,46900.0,yahoo
TCS,5m,2026-09-22T11:30:00+05:30,2107.800048828125,2108.5,2104.89990234375,2104.89990234375,54640.0,yahoo
TCS,5m,2026-09-22T11:35:00+05:30,2104.199951171875,2105.0,2102.39990234375,2102.39990234375,22157.0,yahoo
TCS,5m,2026-09-22T11:40:00+05:30,2102.89990234375,2108.0,2102.89990234375,2105.699951171875,17746.0,yahoo
TCS,5m,2026-09-22T11:45:00+05:30,2105.699951171875,2106.800048828125,2104.0,2105.39990234375,21059.0,yahoo
TCS,5m,2026-09-22T11:50:00+05:30,2105.5,2106.800048828125,2105.10009765625,2105.199951171875,9124.0,yahoo
TCS,5m,2026-09-22T11:55:00+05:30,2105.10009765625,2105.800048828125,2104.10009765625,2104.5,14892.0,yahoo
TCS,5m,2026-09-22T12:00:00+05:30,2104.60009765625,2105.0,2103.10009765625,2103.199951171875,11111.0,yahoo
TCS,5m,2026-09-22T12:05:00+05:30,2103.89990234375,2104.199951171875,2102.0,2103.0,65787.0,yahoo
TCS,5m,2026-09-22T12:10:00+05:30,2102.699951171875,2104.199951171875,2101.800048828125,2103.89990234375,24532.0,yahoo
TCS,5m,2026-09-22T12:15:00+05:30,2103.60009765625,2107.800048828125,2103.60009765625,2107.300048828125,37351.0,yahoo
TCS,5m,2026-09-22T12:20:00+05:30,2107.699951171875,2109.800048828125,2107.60009765625,2108.699951171875,21685.0,yahoo
TCS,5m,2026-09-22T12:25:00+05:30,2108.39990234375,2109.800048828125,2107.0,2108.5,28319.0,yahoo
TCS,5m,2026-09-22T12:30:00+05:30,2108.5,2109.5,2107.199951171875,2108.60009765625,11284.0,yahoo
TCS,5m,2026-09-22T12:35:00+05:30,2108.800048828125,2110.199951171875,2107.0,2109.199951171875,47084.0,yahoo
TCS,5m,2026-09-22T12:40:00+05:30,2109.0,2110.5,2108.60009765625,2109.39990234375,14356.0,yahoo
TCS,5m,2026-09-22T12:45:00+05:30,2109.89990234375,2113.39990234375,2109.199951171875,2111.300048828125,27246.0,yahoo
TCS,5m,2026-09-22T12:50:00+05:30,2111.300048828125,2112.39990234375,2110.39990234375,2111.800048828125,40287.0,yahoo
TCS,5m,2026-09-22T12:55:00+05:30,2111.699951171875,2114.39990234375,2111.699951171875,2112.39990234375,31572.0,yahoo
TCS,5m,2026-09-22T13:00:00+05:30,2112.39990234375,2112.39990234375,2107.0,2110.0,39854.0,yahoo
TCS,5m,2026-09-22T13:05:00+05:30,2110.199951171875,2111.800048828125,2109.5,2110.89990234375,14256.0,yahoo
TCS,5m,2026-09-22T13:10:00+05:30,2110.89990234375,2110.89990234375,2109.39990234375,2110.5,11059.0,yahoo
TCS,5m,2026-09-22T13:15:00+05:30,2110.5,2110.800048828125,2109.5,2110.699951171875,11505.0,yahoo
TCS,5m,2026-09-22T13:20:00+05:30,2110.699951171875,2110.89990234375,2108.89990234375,2109.699951171875,18935.0,yahoo
TCS,5m,2026-09-22T13:25:00+05:30,2109.0,2111.800048828125,2109.0,2111.39990234375,12997.0,yahoo
TCS,5m,2026-09-22T13:30:00+05:30,2111.39990234375,2111.60009765625,2110.0,2110.5,8183.0,yahoo
TCS,5m,2026-09-22T13:35:00+05:30,2110.5,2115.800048828125,2110.5,2115.39990234375,23909.0,yahoo
TCS,5m,2026-09-22T13:40:00+05:30,2114.89990234375,2118.699951171875,2114.60009765625,2115.60009765625,59843.0,yahoo
TCS,5m,2026-09-22T13:45:00+05:30,2115.60009765625,2115.800048828125,2113.199951171875,2113.800048828125,13880.0,yahoo
TCS,5m,2026-09-22T13:50:00+05:30,2113.300048828125,2113.300048828125,2104.0,2105.0,88631.0,yahoo
TCS,5m,2026-09-22T13:55:00+05:30,2105.0,2107.0,2104.199951171875,2106.0,25240.0,yahoo
TCS,5m,2026-09-22T14:00:00+05:30,2105.800048828125,2106.0,2103.199951171875,2104.300048828125,28214.0,yahoo
TCS,5m,2026-09-22T14:05:00+05:30,2104.300048828125,2105.0,2103.199951171875,2104.5,13248.0,yahoo
TCS,5m,2026-09-22T14:10:00+05:30,2104.5,2114.800048828125,2104.300048828125,2113.89990234375,29901.0,yahoo
TCS,5m,2026-09-22T14:15:00+05:30,2115.0,2119.800048828125,2110.10009765625,2112.0,51853.0,yahoo
TCS,5m,2026-09-22T14:20:00+05:30,2111.89990234375,2113.699951171875,2109.60009765625,2110.39990234375,127286.0,yahoo
TCS,5m,2026-09-22T14:25:00+05:30,2110.199951171875,2112.89990234375,2109.699951171875,2111.699951171875,115812.0,yahoo
TCS,5m,2026-09-22T14:30:00+05:30,2111.800048828125,2113.89990234375,2108.60009765625,2109.89990234375,107376.0,yahoo
TCS,5m,2026-09-22T14:35:00+05:30,2109.89990234375,2110.800048828125,2107.699951171875,2108.89990234375,42572.0,yahoo
TCS,5m,2026-09-22T14:40:00+05:30,2108.89990234375,2109.89990234375,2106.0,2106.0,22991.0,yahoo
TCS,5m,2026-09-22T14:45:00+05:30,2106.5,2108.89990234375,2106.10009765625,2108.89990234375,25310.0,yahoo
TCS,5m,2026-09-22T14:50:00+05:30,2107.39990234375,2108.89990234375,2107.0,2108.89990234375,32739.0,yahoo
TCS,5m,2026-09-22T14:55:00+05:30,2109.0,2109.0,2106.60009765625,2107.699951171875,32389.0,yahoo
TCS,5m,2026-09-22T15:00:00+05:30,2107.0,2107.39990234375,2105.10009765625,2106.800048828125,47009.0,yahoo
TCS,5m,2026-09-22T15:05:00+05:30,2106.699951171875,2107.39990234375,2101.199951171875,2102.0,177363.0,yahoo
TCS,5m,2026-09-22T15:10:00+05:30,2102.10009765625,2105.0,2098.89990234375,2104.0,784174.0,yahoo
TCS,5m,2026-09-22T15:15:00+05:30,2105.0,2105.0,2105.0,2105.0,34378.0,yahoo
TECHM,5m,2026-09-22T09:15:00+05:30,1553.699951171875,1553.699951171875,1535.300048828125,1537.4000244140625,0.0,yahoo
TECHM,5m,2026-09-22T09:20:00+05:30,1536.9000244140625,1540.199951171875,1535.0,1540.0,30433.0,yahoo
TECHM,5m,2026-09-22T09:25:00+05:30,1540.0,1542.800048828125,1539.0,1539.800048828125,35231.0,yahoo
TECHM,5m,2026-09-22T09:30:00+05:30,1540.5999755859375,1546.0,1538.0999755859375,1544.5,21692.0,yahoo
TECHM,5m,2026-09-22T09:35:00+05:30,1545.0,1545.0,1540.5999755859375,1543.0999755859375,20634.0,yahoo
TECHM,5m,2026-09-22T09:40:00+05:30,1543.0999755859375,1544.4000244140625,1542.9000244140625,1544.199951171875,9339.0,yahoo
TECHM,5m,2026-09-22T09:45:00+05:30,1545.0,1547.699951171875,1545.0,1546.4000244140625,19720.0,yahoo
TECHM,5m,2026-09-22T09:50:00+05:30,1546.4000244140625,1549.699951171875,1546.0,1549.300048828125,8655.0,yahoo
TECHM,5m,2026-09-22T09:55:00+05:30,1549.5999755859375,1549.5999755859375,1546.199951171875,1547.699951171875,6759.0,yahoo
TECHM,5m,2026-09-22T10:00:00+05:30,1547.300048828125,1547.5,1546.0,1546.0,6170.0,yahoo
TECHM,5m,2026-09-22T10:05:00+05:30,1545.699951171875,1546.0,1544.199951171875,1544.5,6080.0,yahoo
TECHM,5m,2026-09-22T10:10:00+05:30,1544.5,1545.4000244140625,1539.0,1541.4000244140625,65180.0,yahoo
TECHM,5m,2026-09-22T10:15:00+05:30,1541.4000244140625,1542.5999755859375,1539.5,1540.0,5215.0,yahoo
TECHM,5m,2026-09-22T10:20:00+05:30,1539.5,1540.0999755859375,1537.4000244140625,1538.5,9851.0,yahoo
TECHM,5m,2026-09-22T10:25:00+05:30,1538.699951171875,1540.300048828125,1538.699951171875,1539.199951171875,4188.0,yahoo
TECHM,5m,2026-09-22T10:30:00+05:30,1539.199951171875,1540.4000244140625,1538.5999755859375,1539.9000244140625,5757.0,yahoo
TECHM,5m,2026-09-22T10:35:00+05:30,1540.300048828125,1540.300048828125,1538.0999755859375,1539.0,8026.0,yahoo
TECHM,5m,2026-09-22T10:40:00+05:30,1539.0,1539.0,1533.300048828125,1534.300048828125,26307.0,yahoo
TECHM,5m,2026-09-22T10:45:00+05:30,1534.0,1534.0999755859375,1530.9000244140625,1532.199951171875,9431.0,yahoo
TECHM,5m,2026-09-22T10:50:00+05:30,1532.0,1535.0999755859375,1532.0,1535.0999755859375,5505.0,yahoo
TECHM,5m,2026-09-22T10:55:00+05:30,1535.5,1535.800048828125,1534.5,1534.699951171875,10046.0,yahoo
TECHM,5m,2026-09-22T11:00:00+05:30,1534.699951171875,1535.0999755859375,1534.0,1535.0999755859375,7500.0,yahoo
TECHM,5m,2026-09-22T11:05:00+05:30,1535.0,1535.699951171875,1534.0999755859375,1534.699951171875,8080.0,yahoo
TECHM,5m,2026-09-22T11:10:00+05:30,1534.4000244140625,1536.5999755859375,1534.4000244140625,1536.5999755859375,6169.0,yahoo
TECHM,5m,2026-09-22T11:15:00+05:30,1536.0,1537.5,1534.5999755859375,1534.699951171875,9619.0,yahoo
TECHM,5m,2026-09-22T11:20:00+05:30,1534.4000244140625,1539.699951171875,1534.4000244140625,1536.9000244140625,12821.0,yahoo
TECHM,5m,2026-09-22T11:25:00+05:30,1536.9000244140625,1537.300048828125,1535.4000244140625,1535.9000244140625,9691.0,yahoo
TECHM,5m,2026-09-22T11:30:00+05:30,1535.5999755859375,1535.9000244140625,1534.5999755859375,1535.5,7019.0,yahoo
TECHM,5m,2026-09-22T11:35:00+05:30,1535.199951171875,1536.0,1534.300048828125,1534.5999755859375,10960.0,yahoo
TECHM,5m,2026-09-22T11:40:00+05:30,1534.300048828125,1536.5,1534.300048828125,1536.0,8734.0,yahoo
TECHM,5m,2026-09-22T11:45:00+05:30,1536.0,1537.5,1535.800048828125,1537.0999755859375,7197.0,yahoo
TECHM,5m,2026-09-22T11:50:00+05:30,1537.4000244140625,1537.4000244140625,1536.0999755859375,1536.199951171875,9777.0,yahoo
TECHM,5m,2026-09-22T11:55:00+05:30,1535.5999755859375,1536.4000244140625,1535.300048828125,1536.199951171875,7459.0,yahoo
TECHM,5m,2026-09-22T12:00:00+05:30,1536.199951171875,1538.0,1535.0999755859375,1536.199951171875,18529.0,yahoo
TECHM,5m,2026-09-22T12:05:00+05:30,1536.199951171875,1537.5,1536.0,1537.5,7643.0,yahoo
TECHM,5m,2026-09-22T12:10:00+05:30,1537.300048828125,1538.5,1536.699951171875,1537.0999755859375,7645.0,yahoo
TECHM,5m,2026-09-22T12:15:00+05:30,1536.800048828125,1539.0999755859375,1536.699951171875,1538.9000244140625,9206.0,yahoo
TECHM,5m,2026-09-22T12:20:00+05:30,1538.699951171875,1540.0,1538.0999755859375,1539.300048828125,6496.0,yahoo
TECHM,5m,2026-09-22T12:25:00+05:30,1539.199951171875,1540.4000244140625,1537.9000244140625,1539.4000244140625,10101.0,yahoo
TECHM,5m,2026-09-22T12:30:00+05:30,1540.0,1540.300048828125,1539.4000244140625,1540.199951171875,6485.0,yahoo
TECHM,5m,2026-09-22T12:35:00+05:30,1540.5,1540.699951171875,1538.0,1539.0,9030.0,yahoo
TECHM,5m,2026-09-22T12:40:00+05:30,1539.300048828125,1540.0,1538.9000244140625,1539.300048828125,4343.0,yahoo
TECHM,5m,2026-09-22T12:45:00+05:30,1539.0999755859375,1540.5999755859375,1538.800048828125,1540.199951171875,10113.0,yahoo
TECHM,5m,2026-09-22T12:50:00+05:30,1540.300048828125,1540.4000244140625,1538.9000244140625,1538.9000244140625,5024.0,yahoo
TECHM,5m,2026-09-22T12:55:00+05:30,1539.0,1540.0,1538.4000244140625,1539.699951171875,7248.0,yahoo
TECHM,5m,2026-09-22T13:00:00+05:30,1539.9000244140625,1541.9000244140625,1538.9000244140625,1541.9000244140625,8118.0,yahoo
TECHM,5m,2026-09-22T13:05:00+05:30,1542.5,1543.0999755859375,1541.5,1542.300048828125,9459.0,yahoo
TECHM,5m,2026-09-22T13:10:00+05:30,1542.300048828125,1542.300048828125,1541.199951171875,1541.5,5273.0,yahoo
TECHM,5m,2026-09-22T13:15:00+05:30,1541.5,1542.4000244140625,1541.0999755859375,1542.0,9247.0,yahoo
TECHM,5m,2026-09-22T13:20:00+05:30,1542.0,1543.0,1541.699951171875,1541.9000244140625,7776.0,yahoo
TECHM,5m,2026-09-22T13:25:00+05:30,1541.9000244140625,1544.699951171875,1541.800048828125,1544.300048828125,10556.0,yahoo
TECHM,5m,2026-09-22T13:30:00+05:30,1544.5,1544.699951171875,1542.5,1542.699951171875,10543.0,yahoo
TECHM,5m,2026-09-22T13:35:00+05:30,1542.699951171875,1544.199951171875,1542.199951171875,1544.199951171875,5700.0,yahoo
TECHM,5m,2026-09-22T13:40:00+05:30,1544.199951171875,1545.0,1543.5,1543.800048828125,10913.0,yahoo
TECHM,5m,2026-09-22T13:45:00+05:30,1543.699951171875,1545.0,1542.0999755859375,1544.0999755859375,18353.0,yahoo
TECHM,5m,2026-09-22T13:50:00+05:30,1544.300048828125,1545.0,1542.699951171875,1543.0,14427.0,yahoo
TECHM,5m,2026-09-22T13:55:00+05:30,1542.5999755859375,1543.699951171875,1542.199951171875,1542.9000244140625,10307.0,yahoo
TECHM,5m,2026-09-22T14:00:00+05:30,1542.9000244140625,1543.300048828125,1541.9000244140625,1543.300048828125,10266.0,yahoo
TECHM,5m,2026-09-22T14:05:00+05:30,1543.300048828125,1544.699951171875,1543.0,1544.300048828125,10764.0,yahoo
TECHM,5m,2026-09-22T14:10:00+05:30,1544.699951171875,1549.4000244140625,1544.4000244140625,1549.4000244140625,16112.0,yahoo
TECHM,5m,2026-09-22T14:15:00+05:30,1550.300048828125,1558.5999755859375,1550.300048828125,1558.199951171875,39653.0,yahoo
TECHM,5m,2026-09-22T14:20:00+05:30,1558.0999755859375,1558.0999755859375,1553.5999755859375,1553.699951171875,17355.0,yahoo
TECHM,5m,2026-09-22T14:25:00+05:30,1553.699951171875,1555.4000244140625,1553.5,1554.9000244140625,13886.0,yahoo
TECHM,5m,2026-09-22T14:30:00+05:30,1555.0,1555.699951171875,1553.699951171875,1553.800048828125,13164.0,yahoo
TECHM,5m,2026-09-22T14:35:00+05:30,1554.199951171875,1554.699951171875,1551.800048828125,1552.199951171875,8078.0,yahoo
TECHM,5m,2026-09-22T14:40:00+05:30,1552.199951171875,1552.5,1550.4000244140625,1550.5999755859375,9366.0,yahoo
TECHM,5m,2026-09-22T14:45:00+05:30,1550.5,1552.300048828125,1550.5,1551.4000244140625,9927.0,yahoo
TECHM,5m,2026-09-22T14:50:00+05:30,1551.199951171875,1552.0999755859375,1550.699951171875,1551.0,13183.0,yahoo
TECHM,5m,2026-09-22T14:55:00+05:30,1551.0999755859375,1551.199951171875,1550.0999755859375,1550.199951171875,18026.0,yahoo
TECHM,5m,2026-09-22T15:00:00+05:30,1550.5,1551.0999755859375,1549.4000244140625,1551.0,21519.0,yahoo
TECHM,5m,2026-09-22T15:05:00+05:30,1550.800048828125,1552.4000244140625,1550.5,1552.199951171875,29752.0,yahoo
TECHM,5m,2026-09-22T15:10:00+05:30,1552.0999755859375,1553.0999755859375,1551.300048828125,1551.800048828125,41938.0,yahoo
TECHM,5m,2026-09-22T15:15:00+05:30,1550.0999755859375,1551.5999755859375,1550.0999755859375,1551.5999755859375,36980.0,yahoo
TITAN,5m,2026-09-22T09:15:00+05:30,4882.5,4903.5,4882.5,4894.5,0.0,yahoo
TITAN,5m,2026-09-22T09:20:00+05:30,4887.0,4892.5,4869.5,4869.5,10115.0,yahoo
TITAN,5m,2026-09-22T09:25:00+05:30,4871.0,4871.5,4863.0,4867.0,7725.0,yahoo
TITAN,5m,2026-09-22T09:30:00+05:30,4870.0,4886.5,4869.5,4873.0,17888.0,yahoo
TITAN,5m,2026-09-22T09:35:00+05:30,4875.0,4896.0,4874.5,4894.5,13709.0,yahoo
TITAN,5m,2026-09-22T09:40:00+05:30,4896.0,4905.5,4896.0,4905.5,10332.0,yahoo
TITAN,5m,2026-09-22T09:45:00+05:30,4909.5,4910.5,4904.0,4910.0,10062.0,yahoo
TITAN,5m,2026-09-22T09:50:00+05:30,4910.0,4913.5,4906.0,4913.5,9674.0,yahoo
TITAN,5m,2026-09-22T09:55:00+05:30,4911.0,4925.0,4910.0,4924.0,11449.0,yahoo
TITAN,5m,2026-09-22T10:00:00+05:30,4924.0,4949.5,4924.0,4947.0,33504.0,yahoo
TITAN,5m,2026-09-22T10:05:00+05:30,4950.5,4974.0,4949.0,4972.0,38059.0,yahoo
TITAN,5m,2026-09-22T10:10:00+05:30,4970.0,4981.0,4963.0,4963.5,15259.0,yahoo
TITAN,5m,2026-09-22T10:15:00+05:30,4965.5,4968.0,4945.0,4959.0,18790.0,yahoo
TITAN,5m,2026-09-22T10:20:00+05:30,4959.5,4960.0,4940.0,4947.0,18770.0,yahoo
TITAN,5m,2026-09-22T10:25:00+05:30,4947.0,4949.0,4943.5,4945.0,10840.0,yahoo
TITAN,5m,2026-09-22T10:30:00+05:30,4945.0,4948.0,4942.0,4945.0,4382.0,yahoo
TITAN,5m,2026-09-22T10:35:00+05:30,4945.0,4949.5,4941.0,4945.5,7074.0,yahoo
TITAN,5m,2026-09-22T10:40:00+05:30,4945.5,4946.0,4932.0,4939.0,22286.0,yahoo
TITAN,5m,2026-09-22T10:45:00+05:30,4939.0,4948.0,4938.5,4945.0,25394.0,yahoo
TITAN,5m,2026-09-22T10:50:00+05:30,4945.0,4948.5,4941.0,4944.5,44277.0,yahoo
TITAN,5m,2026-09-22T10:55:00+05:30,4944.5,4950.5,4941.0,4943.0,65942.0,yahoo
TITAN,5m,2026-09-22T11:00:00+05:30,4941.0,4941.0,4932.0,4936.5,21812.0,yahoo
TITAN,5m,2026-09-22T11:05:00+05:30,4936.0,4938.0,4934.5,4936.0,2704.0,yahoo
TITAN,5m,2026-09-22T11:10:00+05:30,4936.5,4951.0,4936.0,4950.5,11388.0,yahoo
TITAN,5m,2026-09-22T11:15:00+05:30,4950.5,4950.5,4946.0,4947.0,2821.0,yahoo
TITAN,5m,2026-09-22T11:20:00+05:30,4946.0,4952.0,4945.0,4950.5,7256.0,yahoo
TITAN,5m,2026-09-22T11:25:00+05:30,4949.0,4954.0,4947.5,4948.5,23452.0,yahoo
TITAN,5m,2026-09-22T11:30:00+05:30,4949.5,4951.5,4936.5,4940.5,32357.0,yahoo
TITAN,5m,2026-09-22T11:35:00+05:30,4940.5,4950.0,4940.5,4943.5,26991.0,yahoo
TITAN,5m,2026-09-22T11:40:00+05:30,4944.5,4946.0,4941.5,4945.0,5196.0,yahoo
TITAN,5m,2026-09-22T11:45:00+05:30,4943.5,4948.0,4937.5,4946.0,16151.0,yahoo
TITAN,5m,2026-09-22T11:50:00+05:30,4946.0,4948.5,4937.0,4937.0,15446.0,yahoo
TITAN,5m,2026-09-22T11:55:00+05:30,4937.5,4942.0,4930.0,4938.0,31181.0,yahoo
TITAN,5m,2026-09-22T12:00:00+05:30,4938.0,4945.0,4938.0,4943.0,22441.0,yahoo
TITAN,5m,2026-09-22T12:05:00+05:30,4941.5,4946.0,4941.5,4943.0,10015.0,yahoo
TITAN,5m,2026-09-22T12:10:00+05:30,4942.5,4947.5,4942.5,4944.0,20897.0,yahoo
TITAN,5m,2026-09-22T12:15:00+05:30,4944.0,4944.5,4940.5,4942.0,3611.0,yahoo
TITAN,5m,2026-09-22T12:20:00+05:30,4942.5,4942.5,4931.0,4939.0,12851.0,yahoo
TITAN,5m,2026-09-22T12:25:00+05:30,4939.0,4939.5,4923.0,4923.5,14870.0,yahoo
TITAN,5m,2026-09-22T12:30:00+05:30,4925.0,4928.0,4920.0,4923.5,6224.0,yahoo
TITAN,5m,2026-09-22T12:35:00+05:30,4922.0,4936.5,4921.0,4934.0,112272.0,yahoo
TITAN,5m,2026-09-22T12:40:00+05:30,4934.5,4935.0,4930.0,4931.0,5315.0,yahoo
TITAN,5m,2026-09-22T12:45:00+05:30,4931.0,4931.0,4925.5,4926.5,14824.0,yahoo
TITAN,5m,2026-09-22T12:50:00+05:30,4926.5,4928.5,4923.5,4926.0,3541.0,yahoo
TITAN,5m,2026-09-22T12:55:00+05:30,4925.5,4926.0,4920.0,4923.0,6285.0,yahoo
TITAN,5m,2026-09-22T13:00:00+05:30,4922.5,4923.0,4921.0,4922.5,11025.0,yahoo
TITAN,5m,2026-09-22T13:05:00+05:30,4923.0,4925.0,4920.0,4924.5,23489.0,yahoo
TITAN,5m,2026-09-22T13:10:00+05:30,4925.0,4926.5,4923.0,4925.0,3808.0,yahoo
TITAN,5m,2026-09-22T13:15:00+05:30,4924.5,4925.0,4920.0,4921.0,15312.0,yahoo
TITAN,5m,2026-09-22T13:20:00+05:30,4921.0,4923.5,4920.0,4922.0,6703.0,yahoo
TITAN,5m,2026-09-22T13:25:00+05:30,4921.0,4931.5,4921.0,4931.0,5865.0,yahoo
TITAN,5m,2026-09-22T13:30:00+05:30,4931.0,4936.0,4929.5,4935.0,2799.0,yahoo
TITAN,5m,2026-09-22T13:35:00+05:30,4936.0,4939.0,4930.5,4931.0,6598.0,yahoo
TITAN,5m,2026-09-22T13:40:00+05:30,4932.0,4932.0,4928.5,4930.5,2295.0,yahoo
TITAN,5m,2026-09-22T13:45:00+05:30,4930.5,4930.5,4924.0,4928.5,3740.0,yahoo
TITAN,5m,2026-09-22T13:50:00+05:30,4928.5,4928.5,4920.0,4923.0,15727.0,yahoo
TITAN,5m,2026-09-22T13:55:00+05:30,4923.0,4924.0,4920.0,4920.5,7385.0,yahoo
TITAN,5m,2026-09-22T14:00:00+05:30,4920.0,4924.5,4920.0,4923.5,11882.0,yahoo
TITAN,5m,2026-09-22T14:05:00+05:30,4922.5,4926.0,4921.0,4926.0,4958.0,yahoo
TITAN,5m,2026-09-22T14:10:00+05:30,4924.0,4945.0,4924.0,4945.0,22602.0,yahoo
TITAN,5m,2026-09-22T14:15:00+05:30,4944.5,4956.5,4936.5,4952.0,20338.0,yahoo
TITAN,5m,2026-09-22T14:20:00+05:30,4950.0,4961.0,4948.5,4956.0,17533.0,yahoo
TITAN,5m,2026-09-22T14:25:00+05:30,4956.0,4965.0,4954.0,4958.0,8615.0,yahoo
TITAN,5m,2026-09-22T14:30:00+05:30,4958.5,4964.0,4953.0,4953.5,16248.0,yahoo
TITAN,5m,2026-09-22T14:35:00+05:30,4955.0,4956.0,4948.5,4951.5,5955.0,yahoo
TITAN,5m,2026-09-22T14:40:00+05:30,4951.5,4953.0,4946.0,4951.0,5841.0,yahoo
TITAN,5m,2026-09-22T14:45:00+05:30,4950.5,4954.5,4950.5,4953.0,6750.0,yahoo
TITAN,5m,2026-09-22T14:50:00+05:30,4952.0,4953.5,4946.0,4951.0,15837.0,yahoo
TITAN,5m,2026-09-22T14:55:00+05:30,4951.0,4954.5,4947.0,4948.5,20116.0,yahoo
TITAN,5m,2026-09-22T15:00:00+05:30,4948.0,4955.0,4947.0,4950.5,28716.0,yahoo
TITAN,5m,2026-09-22T15:05:00+05:30,4950.5,4953.0,4948.0,4948.0,34731.0,yahoo
TITAN,5m,2026-09-22T15:10:00+05:30,4948.0,4955.0,4945.5,4946.0,34371.0,yahoo
TITAN,5m,2026-09-22T15:15:00+05:30,4949.0,4949.0,4928.5,4928.5,26550.0,yahoo
TRENT,5m,2026-09-22T09:15:00+05:30,2827.300048828125,2846.39990234375,2827.300048828125,2839.0,0.0,yahoo
TRENT,5m,2026-09-22T09:20:00+05:30,2840.0,2840.0,2819.699951171875,2820.89990234375,38170.0,yahoo
TRENT,5m,2026-09-22T09:25:00+05:30,2820.89990234375,2824.10009765625,2815.199951171875,2823.0,7802.0,yahoo
TRENT,5m,2026-09-22T09:30:00+05:30,2823.0,2825.0,2821.10009765625,2824.60009765625,7533.0,yahoo
TRENT,5m,2026-09-22T09:35:00+05:30,2824.10009765625,2824.300048828125,2817.5,2819.10009765625,4325.0,yahoo
TRENT,5m,2026-09-22T09:40:00+05:30,2820.300048828125,2820.300048828125,2812.0,2812.10009765625,10680.0,yahoo
TRENT,5m,2026-09-22T09:45:00+05:30,2814.300048828125,2814.300048828125,2812.10009765625,2812.39990234375,3103.0,yahoo
TRENT,5m,2026-09-22T09:50:00+05:30,2813.199951171875,2813.199951171875,2805.699951171875,2811.199951171875,29184.0,yahoo
TRENT,5m,2026-09-22T09:55:00+05:30,2812.0,2812.0,2809.89990234375,2810.5,3150.0,yahoo
TRENT,5m,2026-09-22T10:00:00+05:30,2810.699951171875,2811.5,2807.10009765625,2807.10009765625,4093.0,yahoo
TRENT,5m,2026-09-22T10:05:00+05:30,2807.10009765625,2809.5,2806.199951171875,2807.0,2329.0,yahoo
TRENT,5m,2026-09-22T10:10:00+05:30,2807.0,2809.0,2805.5,2806.699951171875,3160.0,yahoo
TRENT,5m,2026-09-22T10:15:00+05:30,2807.699951171875,2808.39990234375,2804.300048828125,2807.0,2064.0,yahoo
TRENT,5m,2026-09-22T10:20:00+05:30,2806.10009765625,2808.300048828125,2804.5,2805.300048828125,2294.0,yahoo
TRENT,5m,2026-09-22T10:25:00+05:30,2805.39990234375,2805.5,2801.0,2801.39990234375,3680.0,yahoo
TRENT,5m,2026-09-22T10:30:00+05:30,2801.89990234375,2803.300048828125,2800.199951171875,2801.60009765625,3792.0,yahoo
TRENT,5m,2026-09-22T10:35:00+05:30,2800.5,2801.800048828125,2799.0,2801.0,5098.0,yahoo
TRENT,5m,2026-09-22T10:40:00+05:30,2801.10009765625,2801.10009765625,2792.5,2794.800048828125,7240.0,yahoo
TRENT,5m,2026-09-22T10:45:00+05:30,2794.10009765625,2797.10009765625,2793.300048828125,2795.10009765625,1855.0,yahoo
TRENT,5m,2026-09-22T10:50:00+05:30,2795.0,2795.0,2792.199951171875,2794.300048828125,2220.0,yahoo
TRENT,5m,2026-09-22T10:55:00+05:30,2794.300048828125,2797.0,2792.0,2793.89990234375,13416.0,yahoo
TRENT,5m,2026-09-22T11:00:00+05:30,2792.800048828125,2792.89990234375,2787.5,2789.60009765625,10568.0,yahoo
TRENT,5m,2026-09-22T11:05:00+05:30,2789.800048828125,2790.89990234375,2789.10009765625,2790.199951171875,2015.0,yahoo
TRENT,5m,2026-09-22T11:10:00+05:30,2790.199951171875,2792.0,2789.0,2790.5,3033.0,yahoo
TRENT,5m,2026-09-22T11:15:00+05:30,2790.300048828125,2792.10009765625,2790.0,2790.89990234375,1677.0,yahoo
TRENT,5m,2026-09-22T11:20:00+05:30,2790.89990234375,2791.60009765625,2790.0,2790.699951171875,2886.0,yahoo
TRENT,5m,2026-09-22T11:25:00+05:30,2790.699951171875,2792.199951171875,2789.0,2789.0,2734.0,yahoo
TRENT,5m,2026-09-22T11:30:00+05:30,2789.0,2799.89990234375,2788.0,2795.699951171875,7881.0,yahoo
TRENT,5m,2026-09-22T11:35:00+05:30,2795.199951171875,2796.199951171875,2792.0,2792.39990234375,2107.0,yahoo
TRENT,5m,2026-09-22T11:40:00+05:30,2793.39990234375,2793.89990234375,2791.0,2792.5,4980.0,yahoo
TRENT,5m,2026-09-22T11:45:00+05:30,2792.5,2795.60009765625,2791.60009765625,2792.10009765625,32734.0,yahoo
TRENT,5m,2026-09-22T11:50:00+05:30,2792.10009765625,2799.699951171875,2791.800048828125,2795.89990234375,6658.0,yahoo
TRENT,5m,2026-09-22T11:55:00+05:30,2795.5,2799.800048828125,2794.0,2799.800048828125,8539.0,yahoo
TRENT,5m,2026-09-22T12:00:00+05:30,2798.699951171875,2803.800048828125,2795.0,2799.39990234375,17584.0,yahoo
TRENT,5m,2026-09-22T12:05:00+05:30,2798.699951171875,2798.89990234375,2796.39990234375,2797.60009765625,1902.0,yahoo
TRENT,5m,2026-09-22T12:10:00+05:30,2796.800048828125,2800.699951171875,2795.300048828125,2795.800048828125,22376.0,yahoo
TRENT,5m,2026-09-22T12:15:00+05:30,2795.300048828125,2799.5,2791.800048828125,2798.89990234375,3822.0,yahoo
TRENT,5m,2026-09-22T12:20:00+05:30,2798.89990234375,2798.89990234375,2796.0,2797.0,6766.0,yahoo
TRENT,5m,2026-09-22T12:25:00+05:30,2798.10009765625,2798.5,2795.699951171875,2797.0,17447.0,yahoo
TRENT,5m,2026-09-22T12:30:00+05:30,2797.60009765625,2797.800048828125,2795.5,2796.300048828125,5495.0,yahoo
TRENT,5m,2026-09-22T12:35:00+05:30,2797.0,2798.0,2792.199951171875,2795.0,21756.0,yahoo
TRENT,5m,2026-09-22T12:40:00+05:30,2797.800048828125,2798.39990234375,2776.60009765625,2778.800048828125,19186.0,yahoo
TRENT,5m,2026-09-22T12:45:00+05:30,2777.10009765625,2778.199951171875,2770.0,2770.5,9588.0,yahoo
TRENT,5m,2026-09-22T12:50:00+05:30,2770.39990234375,2770.39990234375,2766.10009765625,2768.0,6368.0,yahoo
TRENT,5m,2026-09-22T12:55:00+05:30,2768.0,2769.199951171875,2766.0,2766.0,5501.0,yahoo
TRENT,5m,2026-09-22T13:00:00+05:30,2766.0,2770.5,2765.39990234375,2767.5,4606.0,yahoo
TRENT,5m,2026-09-22T13:05:00+05:30,2768.0,2768.10009765625,2761.300048828125,2766.5,38353.0,yahoo
TRENT,5m,2026-09-22T13:10:00+05:30,2766.89990234375,2769.0,2765.699951171875,2767.10009765625,2967.0,yahoo
TRENT,5m,2026-09-22T13:15:00+05:30,2766.0,2770.800048828125,2764.199951171875,2767.300048828125,4371.0,yahoo
TRENT,5m,2026-09-22T13:20:00+05:30,2767.300048828125,2767.60009765625,2761.60009765625,2762.699951171875,5962.0,yahoo
TRENT,5m,2026-09-22T13:25:00+05:30,2762.60009765625,2767.300048828125,2762.60009765625,2766.10009765625,5320.0,yahoo
TRENT,5m,2026-09-22T13:30:00+05:30,2766.10009765625,2769.5,2765.199951171875,2769.0,2353.0,yahoo
TRENT,5m,2026-09-22T13:35:00+05:30,2768.300048828125,2771.89990234375,2767.60009765625,2767.800048828125,8538.0,yahoo
TRENT,5m,2026-09-22T13:40:00+05:30,2767.800048828125,2770.60009765625,2767.0,2767.800048828125,2398.0,yahoo
TRENT,5m,2026-09-22T13:45:00+05:30,2767.5,2767.5,2765.10009765625,2766.39990234375,2254.0,yahoo
TRENT,5m,2026-09-22T13:50:00+05:30,2765.5,2766.39990234375,2761.699951171875,2761.89990234375,3569.0,yahoo
TRENT,5m,2026-09-22T13:55:00+05:30,2762.0,2764.10009765625,2761.699951171875,2762.300048828125,1822.0,yahoo
TRENT,5m,2026-09-22T14:00:00+05:30,2761.699951171875,2761.89990234375,2754.800048828125,2760.800048828125,6984.0,yahoo
TRENT,5m,2026-09-22T14:05:00+05:30,2760.800048828125,2762.800048828125,2757.89990234375,2761.300048828125,3711.0,yahoo
TRENT,5m,2026-09-22T14:10:00+05:30,2760.39990234375,2773.89990234375,2760.0,2773.89990234375,6870.0,yahoo
TRENT,5m,2026-09-22T14:15:00+05:30,2773.60009765625,2781.0,2771.89990234375,2781.0,35864.0,yahoo
TRENT,5m,2026-09-22T14:20:00+05:30,2780.0,2786.0,2779.699951171875,2781.800048828125,10077.0,yahoo
TRENT,5m,2026-09-22T14:25:00+05:30,2781.5,2791.5,2781.5,2785.0,43947.0,yahoo
TRENT,5m,2026-09-22T14:30:00+05:30,2784.5,2790.699951171875,2784.5,2789.5,9363.0,yahoo
TRENT,5m,2026-09-22T14:35:00+05:30,2789.5,2792.800048828125,2788.699951171875,2790.0,8981.0,yahoo
TRENT,5m,2026-09-22T14:40:00+05:30,2791.60009765625,2791.60009765625,2785.10009765625,2785.10009765625,8363.0,yahoo
TRENT,5m,2026-09-22T14:45:00+05:30,2786.10009765625,2789.10009765625,2784.10009765625,2785.60009765625,9098.0,yahoo
TRENT,5m,2026-09-22T14:50:00+05:30,2785.39990234375,2790.10009765625,2783.199951171875,2783.39990234375,17547.0,yahoo
TRENT,5m,2026-09-22T14:55:00+05:30,2783.5,2786.89990234375,2781.60009765625,2783.0,22364.0,yahoo
TRENT,5m,2026-09-22T15:00:00+05:30,2781.800048828125,2782.0,2776.10009765625,2778.89990234375,17209.0,yahoo
TRENT,5m,2026-09-22T15:05:00+05:30,2779.199951171875,2781.10009765625,2775.60009765625,2776.300048828125,21276.0,yahoo
TRENT,5m,2026-09-22T15:10:00+05:30,2775.800048828125,2777.39990234375,2765.0,2767.0,45642.0,yahoo
TRENT,5m,2026-09-22T15:15:00+05:30,2767.0,2782.89990234375,2767.0,2782.89990234375,4681.0,yahoo
ULTRACEMCO,5m,2026-09-22T09:15:00+05:30,11115.0,11115.0,11062.0,11083.0,0.0,yahoo
ULTRACEMCO,5m,2026-09-22T09:20:00+05:30,11081.0,11081.0,11068.0,11072.0,591.0,yahoo
ULTRACEMCO,5m,2026-09-22T09:25:00+05:30,11070.0,11074.0,11060.0,11067.0,683.0,yahoo
ULTRACEMCO,5m,2026-09-22T09:30:00+05:30,11063.0,11067.0,11050.0,11050.0,338.0,yahoo
ULTRACEMCO,5m,2026-09-22T09:35:00+05:30,11053.0,11067.0,11050.0,11067.0,646.0,yahoo
ULTRACEMCO,5m,2026-09-22T09:40:00+05:30,11067.0,11072.0,11060.0,11063.0,397.0,yahoo
ULTRACEMCO,5m,2026-09-22T09:45:00+05:30,11065.0,11073.0,11061.0,11073.0,1613.0,yahoo
ULTRACEMCO,5m,2026-09-22T09:50:00+05:30,11068.0,11076.0,11052.0,11052.0,1145.0,yahoo
ULTRACEMCO,5m,2026-09-22T09:55:00+05:30,11055.0,11067.0,11055.0,11063.0,819.0,yahoo
ULTRACEMCO,5m,2026-09-22T10:00:00+05:30,11060.0,11062.0,11055.0,11060.0,263.0,yahoo
ULTRACEMCO,5m,2026-09-22T10:05:00+05:30,11060.0,11068.0,11044.0,11066.0,1680.0,yahoo
ULTRACEMCO,5m,2026-09-22T10:10:00+05:30,11065.0,11065.0,11048.0,11060.0,614.0,yahoo
ULTRACEMCO,5m,2026-09-22T10:15:00+05:30,11059.0,11063.0,11053.0,11056.0,407.0,yahoo
ULTRACEMCO,5m,2026-09-22T10:20:00+05:30,11059.0,11110.0,11054.0,11107.0,10797.0,yahoo
ULTRACEMCO,5m,2026-09-22T10:25:00+05:30,11106.0,11106.0,11070.0,11090.0,6165.0,yahoo
ULTRACEMCO,5m,2026-09-22T10:30:00+05:30,11091.0,11091.0,11062.0,11076.0,14677.0,yahoo
ULTRACEMCO,5m,2026-09-22T10:35:00+05:30,11076.0,11091.0,11074.0,11090.0,6451.0,yahoo
ULTRACEMCO,5m,2026-09-22T10:40:00+05:30,11090.0,11100.0,11055.0,11075.0,6241.0,yahoo
ULTRACEMCO,5m,2026-09-22T10:45:00+05:30,11075.0,11076.0,11071.0,11074.0,1042.0,yahoo
ULTRACEMCO,5m,2026-09-22T10:50:00+05:30,11071.0,11082.0,11071.0,11077.0,2765.0,yahoo
ULTRACEMCO,5m,2026-09-22T10:55:00+05:30,11076.0,11092.0,11075.0,11092.0,3457.0,yahoo
ULTRACEMCO,5m,2026-09-22T11:00:00+05:30,11089.0,11092.0,11068.0,11071.0,8426.0,yahoo
ULTRACEMCO,5m,2026-09-22T11:05:00+05:30,11071.0,11077.0,11067.0,11071.0,6153.0,yahoo
ULTRACEMCO,5m,2026-09-22T11:10:00+05:30,11071.0,11077.0,11070.0,11073.0,674.0,yahoo
ULTRACEMCO,5m,2026-09-22T11:15:00+05:30,11073.0,11077.0,11062.0,11063.0,5682.0,yahoo
ULTRACEMCO,5m,2026-09-22T11:20:00+05:30,11063.0,11085.0,11062.0,11082.0,1881.0,yahoo
ULTRACEMCO,5m,2026-09-22T11:25:00+05:30,11085.0,11093.0,11081.0,11092.0,2049.0,yahoo
ULTRACEMCO,5m,2026-09-22T11:30:00+05:30,11091.0,11097.0,11085.0,11091.0,10711.0,yahoo
ULTRACEMCO,5m,2026-09-22T11:35:00+05:30,11090.0,11103.0,11080.0,11080.0,9253.0,yahoo
ULTRACEMCO,5m,2026-09-22T11:40:00+05:30,11080.0,11087.0,11072.0,11082.0,2807.0,yahoo
ULTRACEMCO,5m,2026-09-22T11:45:00+05:30,11082.0,11082.0,11050.0,11050.0,17052.0,yahoo
ULTRACEMCO,5m,2026-09-22T11:50:00+05:30,11052.0,11056.0,11041.0,11056.0,11091.0,yahoo
ULTRACEMCO,5m,2026-09-22T11:55:00+05:30,11055.0,11090.0,11053.0,11087.0,4240.0,yahoo
ULTRACEMCO,5m,2026-09-22T12:00:00+05:30,11087.0,11095.0,11085.0,11092.0,772.0,yahoo
ULTRACEMCO,5m,2026-09-22T12:05:00+05:30,11095.0,11097.0,11090.0,11094.0,735.0,yahoo
ULTRACEMCO,5m,2026-09-22T12:10:00+05:30,11094.0,11097.0,11090.0,11091.0,511.0,yahoo
ULTRACEMCO,5m,2026-09-22T12:15:00+05:30,11091.0,11100.0,11090.0,11100.0,933.0,yahoo
ULTRACEMCO,5m,2026-09-22T12:20:00+05:30,11100.0,11100.0,11090.0,11090.0,499.0,yahoo
ULTRACEMCO,5m,2026-09-22T12:25:00+05:30,11090.0,11093.0,11090.0,11090.0,1007.0,yahoo
ULTRACEMCO,5m,2026-09-22T12:30:00+05:30,11093.0,11094.0,11080.0,11086.0,4806.0,yahoo
ULTRACEMCO,5m,2026-09-22T12:35:00+05:30,11080.0,11100.0,11080.0,11097.0,2213.0,yahoo
ULTRACEMCO,5m,2026-09-22T12:40:00+05:30,11101.0,11101.0,11095.0,11101.0,1078.0,yahoo
ULTRACEMCO,5m,2026-09-22T12:45:00+05:30,11101.0,11102.0,11095.0,11098.0,11707.0,yahoo
ULTRACEMCO,5m,2026-09-22T12:50:00+05:30,11100.0,11100.0,11075.0,11079.0,12116.0,yahoo
ULTRACEMCO,5m,2026-09-22T12:55:00+05:30,11077.0,11089.0,11075.0,11080.0,1647.0,yahoo
ULTRACEMCO,5m,2026-09-22T13:00:00+05:30,11080.0,11097.0,11080.0,11093.0,1984.0,yahoo
ULTRACEMCO,5m,2026-09-22T13:05:00+05:30,11093.0,11097.0,11092.0,11095.0,1582.0,yahoo
ULTRACEMCO,5m,2026-09-22T13:10:00+05:30,11095.0,11112.0,11095.0,11112.0,795.0,yahoo
ULTRACEMCO,5m,2026-09-22T13:15:00+05:30,11105.0,11110.0,11100.0,11100.0,1044.0,yahoo
ULTRACEMCO,5m,2026-09-22T13:20:00+05:30,11100.0,11103.0,11100.0,11100.0,1924.0,yahoo
ULTRACEMCO,5m,2026-09-22T13:25:00+05:30,11103.0,11111.0,11090.0,11109.0,18209.0,yahoo
ULTRACEMCO,5m,2026-09-22T13:30:00+05:30,11109.0,11115.0,11108.0,11110.0,2411.0,yahoo
ULTRACEMCO,5m,2026-09-22T13:35:00+05:30,11110.0,11119.0,11103.0,11113.0,2997.0,yahoo
ULTRACEMCO,5m,2026-09-22T13:40:00+05:30,11113.0,11141.0,11113.0,11129.0,7350.0,yahoo
ULTRACEMCO,5m,2026-09-22T13:45:00+05:30,11129.0,11130.0,11120.0,11123.0,655.0,yahoo
ULTRACEMCO,5m,2026-09-22T13:50:00+05:30,11120.0,11123.0,11100.0,11100.0,9225.0,yahoo
ULTRACEMCO,5m,2026-09-22T13:55:00+05:30,11104.0,11107.0,11084.0,11088.0,5820.0,yahoo
ULTRACEMCO,5m,2026-09-22T14:00:00+05:30,11085.0,11097.0,11065.0,11090.0,5913.0,yahoo
ULTRACEMCO,5m,2026-09-22T14:05:00+05:30,11090.0,11092.0,11077.0,11092.0,1124.0,yahoo
ULTRACEMCO,5m,2026-09-22T14:10:00+05:30,11097.0,11120.0,11085.0,11120.0,1764.0,yahoo
ULTRACEMCO,5m,2026-09-22T14:15:00+05:30,11122.0,11133.0,11111.0,11123.0,1773.0,yahoo
ULTRACEMCO,5m,2026-09-22T14:20:00+05:30,11120.0,11135.0,11115.0,11115.0,2762.0,yahoo
ULTRACEMCO,5m,2026-09-22T14:25:00+05:30,11120.0,11128.0,11110.0,11116.0,2044.0,yahoo
ULTRACEMCO,5m,2026-09-22T14:30:00+05:30,11115.0,11119.0,11100.0,11102.0,3997.0,yahoo
ULTRACEMCO,5m,2026-09-22T14:35:00+05:30,11112.0,11114.0,11101.0,11103.0,1998.0,yahoo
ULTRACEMCO,5m,2026-09-22T14:40:00+05:30,11107.0,11110.0,11094.0,11100.0,2054.0,yahoo
ULTRACEMCO,5m,2026-09-22T14:45:00+05:30,11100.0,11110.0,11097.0,11105.0,2219.0,yahoo
ULTRACEMCO,5m,2026-09-22T14:50:00+05:30,11104.0,11117.0,11098.0,11112.0,16805.0,yahoo
ULTRACEMCO,5m,2026-09-22T14:55:00+05:30,11112.0,11116.0,11101.0,11101.0,7311.0,yahoo
ULTRACEMCO,5m,2026-09-22T15:00:00+05:30,11107.0,11107.0,11082.0,11082.0,7130.0,yahoo
ULTRACEMCO,5m,2026-09-22T15:05:00+05:30,11085.0,11085.0,11060.0,11071.0,8176.0,yahoo
ULTRACEMCO,5m,2026-09-22T15:10:00+05:30,11071.0,11071.0,11001.0,11001.0,9382.0,yahoo
ULTRACEMCO,5m,2026-09-22T15:15:00+05:30,11022.0,11022.0,11000.0,11000.0,9942.0,yahoo
UNITDSPR,5m,2026-09-22T09:15:00+05:30,1402.9000244140625,1403.0999755859375,1399.0,1402.0,0.0,yahoo
UNITDSPR,5m,2026-09-22T09:20:00+05:30,1401.300048828125,1404.0999755859375,1399.9000244140625,1404.0999755859375,4217.0,yahoo
UNITDSPR,5m,2026-09-22T09:25:00+05:30,1402.4000244140625,1405.300048828125,1401.9000244140625,1404.0,2625.0,yahoo
UNITDSPR,5m,2026-09-22T09:30:00+05:30,1404.0,1404.0,1398.0,1399.199951171875,15247.0,yahoo
UNITDSPR,5m,2026-09-22T09:35:00+05:30,1399.199951171875,1399.4000244140625,1398.0,1398.5,344.0,yahoo
UNITDSPR,5m,2026-09-22T09:40:00+05:30,1398.5,1400.699951171875,1397.199951171875,1399.199951171875,2996.0,yahoo
UNITDSPR,5m,2026-09-22T09:45:00+05:30,1400.0,1402.199951171875,1397.0999755859375,1398.9000244140625,8473.0,yahoo
UNITDSPR,5m,2026-09-22T09:50:00+05:30,1400.5999755859375,1402.5,1398.199951171875,1398.699951171875,2640.0,yahoo
UNITDSPR,5m,2026-09-22T09:55:00+05:30,1398.699951171875,1401.0,1398.5,1399.0999755859375,3853.0,yahoo
UNITDSPR,5m,2026-09-22T10:00:00+05:30,1399.199951171875,1400.9000244140625,1399.199951171875,1400.0999755859375,1472.0,yahoo
UNITDSPR,5m,2026-09-22T10:05:00+05:30,1400.0,1401.0999755859375,1400.0,1400.300048828125,2074.0,yahoo
UNITDSPR,5m,2026-09-22T10:10:00+05:30,1400.0999755859375,1400.0999755859375,1398.4000244140625,1398.5999755859375,1960.0,yahoo
UNITDSPR,5m,2026-09-22T10:15:00+05:30,1398.4000244140625,1400.4000244140625,1398.0999755859375,1398.4000244140625,5251.0,yahoo
UNITDSPR,5m,2026-09-22T10:20:00+05:30,1398.9000244140625,1402.300048828125,1398.4000244140625,1401.0,9342.0,yahoo
UNITDSPR,5m,2026-09-22T10:25:00+05:30,1401.0,1402.9000244140625,1401.0,1401.300048828125,3003.0,yahoo
UNITDSPR,5m,2026-09-22T10:30:00+05:30,1401.300048828125,1402.5,1400.5,1401.800048828125,12241.0,yahoo
UNITDSPR,5m,2026-09-22T10:35:00+05:30,1401.800048828125,1404.300048828125,1401.300048828125,1402.699951171875,13727.0,yahoo
UNITDSPR,5m,2026-09-22T10:40:00+05:30,1402.5999755859375,1403.199951171875,1400.9000244140625,1403.0,5236.0,yahoo
UNITDSPR,5m,2026-09-22T10:45:00+05:30,1402.199951171875,1405.0999755859375,1402.0,1404.9000244140625,17617.0,yahoo
UNITDSPR,5m,2026-09-22T10:50:00+05:30,1404.5,1405.0,1403.0999755859375,1404.199951171875,9227.0,yahoo
UNITDSPR,5m,2026-09-22T10:55:00+05:30,1403.9000244140625,1404.800048828125,1402.5999755859375,1402.9000244140625,2271.0,yahoo
UNITDSPR,5m,2026-09-22T11:00:00+05:30,1402.9000244140625,1403.199951171875,1400.0999755859375,1400.0999755859375,2463.0,yahoo
UNITDSPR,5m,2026-09-22T11:05:00+05:30,1400.4000244140625,1401.199951171875,1400.199951171875,1400.5,22797.0,yahoo
UNITDSPR,5m,2026-09-22T11:10:00+05:30,1400.4000244140625,1401.300048828125,1400.199951171875,1400.300048828125,1718.0,yahoo
UNITDSPR,5m,2026-09-22T11:15:00+05:30,1400.5999755859375,1403.9000244140625,1400.0999755859375,1400.9000244140625,4898.0,yahoo
UNITDSPR,5m,2026-09-22T11:20:00+05:30,1400.9000244140625,1401.0999755859375,1400.0,1400.0,751.0,yahoo
UNITDSPR,5m,2026-09-22T11:25:00+05:30,1400.0,1400.0999755859375,1399.300048828125,1399.699951171875,3895.0,yahoo
UNITDSPR,5m,2026-09-22T11:30:00+05:30,1399.699951171875,1400.0999755859375,1399.5999755859375,1400.0999755859375,1216.0,yahoo
UNITDSPR,5m,2026-09-22T11:35:00+05:30,1400.0,1400.300048828125,1398.4000244140625,1398.4000244140625,2139.0,yahoo
UNITDSPR,5m,2026-09-22T11:40:00+05:30,1398.4000244140625,1399.4000244140625,1396.0,1399.0,16872.0,yahoo
UNITDSPR,5m,2026-09-22T11:45:00+05:30,1398.699951171875,1399.9000244140625,1398.5999755859375,1399.5,5091.0,yahoo
UNITDSPR,5m,2026-09-22T11:50:00+05:30,1399.5,1399.5999755859375,1392.9000244140625,1392.9000244140625,18753.0,yahoo
UNITDSPR,5m,2026-09-22T11:55:00+05:30,1393.199951171875,1395.0,1393.199951171875,1394.5999755859375,2870.0,yahoo
UNITDSPR,5m,2026-09-22T12:00:00+05:30,1395.0,1396.300048828125,1394.5999755859375,1395.300048828125,3925.0,yahoo
UNITDSPR,5m,2026-09-22T12:05:00+05:30,1395.199951171875,1396.5999755859375,1394.699951171875,1396.0999755859375,1902.0,yahoo
UNITDSPR,5m,2026-09-22T12:10:00+05:30,1395.800048828125,1397.699951171875,1395.5,1396.0,2685.0,yahoo
UNITDSPR,5m,2026-09-22T12:15:00+05:30,1395.699951171875,1396.9000244140625,1395.199951171875,1396.0,1854.0,yahoo
UNITDSPR,5m,2026-09-22T12:20:00+05:30,1395.800048828125,1396.5,1395.0,1396.0999755859375,2324.0,yahoo
UNITDSPR,5m,2026-09-22T12:25:00+05:30,1395.9000244140625,1396.199951171875,1395.4000244140625,1395.5999755859375,1665.0,yahoo
UNITDSPR,5m,2026-09-22T12:30:00+05:30,1395.5,1395.5999755859375,1394.699951171875,1394.800048828125,1643.0,yahoo
UNITDSPR,5m,2026-09-22T12:35:00+05:30,1394.699951171875,1395.4000244140625,1394.199951171875,1394.800048828125,1996.0,yahoo
UNITDSPR,5m,2026-09-22T12:40:00+05:30,1394.800048828125,1395.0,1394.0999755859375,1394.300048828125,1497.0,yahoo
UNITDSPR,5m,2026-09-22T12:45:00+05:30,1394.0999755859375,1394.4000244140625,1393.4000244140625,1393.4000244140625,2407.0,yahoo
UNITDSPR,5m,2026-09-22T12:50:00+05:30,1393.4000244140625,1396.300048828125,1393.300048828125,1395.699951171875,8310.0,yahoo
UNITDSPR,5m,2026-09-22T12:55:00+05:30,1395.199951171875,1397.5999755859375,1394.9000244140625,1396.699951171875,2317.0,yahoo
UNITDSPR,5m,2026-09-22T13:00:00+05:30,1396.5,1396.800048828125,1395.199951171875,1395.199951171875,785.0,yahoo
UNITDSPR,5m,2026-09-22T13:05:00+05:30,1395.300048828125,1397.0,1395.199951171875,1395.9000244140625,9657.0,yahoo
UNITDSPR,5m,2026-09-22T13:10:00+05:30,1395.5999755859375,1395.699951171875,1394.699951171875,1394.699951171875,1306.0,yahoo
UNITDSPR,5m,2026-09-22T13:15:00+05:30,1394.800048828125,1395.300048828125,1392.9000244140625,1393.699951171875,1387.0,yahoo
UNITDSPR,5m,2026-09-22T13:20:00+05:30,1393.699951171875,1393.9000244140625,1392.300048828125,1392.699951171875,1669.0,yahoo
UNITDSPR,5m,2026-09-22T13:25:00+05:30,1393.199951171875,1393.5,1392.0,1393.0,1850.0,yahoo
UNITDSPR,5m,2026-09-22T13:30:00+05:30,1393.0,1393.5999755859375,1392.4000244140625,1393.300048828125,2264.0,yahoo
UNITDSPR,5m,2026-09-22T13:35:00+05:30,1393.199951171875,1393.800048828125,1392.300048828125,1392.300048828125,1138.0,yahoo
UNITDSPR,5m,2026-09-22T13:40:00+05:30,1392.199951171875,1393.4000244140625,1392.199951171875,1392.699951171875,1766.0,yahoo
UNITDSPR,5m,2026-09-22T13:45:00+05:30,1392.9000244140625,1393.199951171875,1391.5999755859375,1391.699951171875,1972.0,yahoo
UNITDSPR,5m,2026-09-22T13:50:00+05:30,1391.5999755859375,1392.5999755859375,1391.5999755859375,1392.199951171875,1732.0,yahoo
UNITDSPR,5m,2026-09-22T13:55:00+05:30,1392.0,1394.0999755859375,1392.0,1393.9000244140625,6176.0,yahoo
UNITDSPR,5m,2026-09-22T14:00:00+05:30,1393.9000244140625,1393.9000244140625,1391.5,1391.9000244140625,7264.0,yahoo
UNITDSPR,5m,2026-09-22T14:05:00+05:30,1391.9000244140625,1392.0999755859375,1390.5,1391.0,3355.0,yahoo
UNITDSPR,5m,2026-09-22T14:10:00+05:30,1391.0,1393.300048828125,1390.199951171875,1393.300048828125,9875.0,yahoo
UNITDSPR,5m,2026-09-22T14:15:00+05:30,1395.0,1395.0,1393.4000244140625,1394.800048828125,5332.0,yahoo
UNITDSPR,5m,2026-09-22T14:20:00+05:30,1394.699951171875,1395.699951171875,1394.0999755859375,1395.0,8098.0,yahoo
UNITDSPR,5m,2026-09-22T14:25:00+05:30,1395.0,1395.5,1395.0,1395.0,2329.0,yahoo
UNITDSPR,5m,2026-09-22T14:30:00+05:30,1395.0,1395.0999755859375,1394.199951171875,1394.5,4880.0,yahoo
UNITDSPR,5m,2026-09-22T14:35:00+05:30,1394.4000244140625,1394.800048828125,1392.800048828125,1393.5999755859375,7670.0,yahoo
UNITDSPR,5m,2026-09-22T14:40:00+05:30,1393.5999755859375,1394.800048828125,1392.5999755859375,1394.0,5759.0,yahoo
UNITDSPR,5m,2026-09-22T14:45:00+05:30,1394.5,1395.0,1393.800048828125,1394.9000244140625,5729.0,yahoo
UNITDSPR,5m,2026-09-22T14:50:00+05:30,1395.0,1398.0,1394.4000244140625,1397.4000244140625,9612.0,yahoo
UNITDSPR,5m,2026-09-22T14:55:00+05:30,1397.5,1398.699951171875,1396.800048828125,1398.0999755859375,8555.0,yahoo
UNITDSPR,5m,2026-09-22T15:00:00+05:30,1398.0,1398.0,1395.4000244140625,1395.800048828125,4868.0,yahoo
UNITDSPR,5m,2026-09-22T15:05:00+05:30,1395.800048828125,1396.5999755859375,1393.5999755859375,1394.4000244140625,7266.0,yahoo
UNITDSPR,5m,2026-09-22T15:10:00+05:30,1394.5,1397.4000244140625,1393.800048828125,1394.300048828125,12969.0,yahoo
UNITDSPR,5m,2026-09-22T15:15:00+05:30,1397.0,1398.0,1397.0,1398.0,6054.0,yahoo
VEDL,5m,2026-09-22T09:15:00+05:30,261.0,262.0,260.45001220703125,261.8999938964844,0.0,yahoo
VEDL,5m,2026-09-22T09:20:00+05:30,261.8999938964844,262.3999938964844,261.8999938964844,262.29998779296875,148218.0,yahoo
VEDL,5m,2026-09-22T09:25:00+05:30,262.25,262.25,261.54998779296875,261.54998779296875,107212.0,yahoo
VEDL,5m,2026-09-22T09:30:00+05:30,261.54998779296875,261.6499938964844,261.1499938964844,261.3500061035156,88623.0,yahoo
VEDL,5m,2026-09-22T09:35:00+05:30,261.3500061035156,261.8999938964844,261.29998779296875,261.8999938964844,57802.0,yahoo
VEDL,5m,2026-09-22T09:40:00+05:30,261.79998779296875,262.1000061035156,261.79998779296875,261.95001220703125,56061.0,yahoo
VEDL,5m,2026-09-22T09:45:00+05:30,261.95001220703125,262.1000061035156,261.79998779296875,261.79998779296875,47852.0,yahoo
VEDL,5m,2026-09-22T09:50:00+05:30,261.8500061035156,261.8999938964844,261.70001220703125,261.70001220703125,24261.0,yahoo
VEDL,5m,2026-09-22T09:55:00+05:30,261.70001220703125,261.95001220703125,261.3999938964844,261.8999938964844,71030.0,yahoo
VEDL,5m,2026-09-22T10:00:00+05:30,261.8999938964844,262.1499938964844,261.6000061035156,262.0,75471.0,yahoo
VEDL,5m,2026-09-22T10:05:00+05:30,262.1000061035156,262.20001220703125,261.6499938964844,261.6499938964844,53140.0,yahoo
VEDL,5m,2026-09-22T10:10:00+05:30,262.04998779296875,262.6000061035156,262.04998779296875,262.45001220703125,137180.0,yahoo
VEDL,5m,2026-09-22T10:15:00+05:30,262.3999938964844,262.45001220703125,262.1499938964844,262.3500061035156,40988.0,yahoo
VEDL,5m,2026-09-22T10:20:00+05:30,262.3999938964844,262.3999938964844,262.25,262.3500061035156,29018.0,yahoo
VEDL,5m,2026-09-22T10:25:00+05:30,262.29998779296875,262.95001220703125,262.25,262.8999938964844,85066.0,yahoo
VEDL,5m,2026-09-22T10:30:00+05:30,262.8500061035156,263.3500061035156,262.79998779296875,263.29998779296875,203628.0,yahoo
VEDL,5m,2026-09-22T10:35:00+05:30,263.3500061035156,263.45001220703125,263.04998779296875,263.1000061035156,81288.0,yahoo
VEDL,5m,2026-09-22T10:40:00+05:30,263.04998779296875,263.6000061035156,263.0,263.45001220703125,138415.0,yahoo
VEDL,5m,2026-09-22T10:45:00+05:30,263.45001220703125,263.8500061035156,263.29998779296875,263.54998779296875,103790.0,yahoo
VEDL,5m,2026-09-22T10:50:00+05:30,263.5,263.5,263.1499938964844,263.5,80128.0,yahoo
VEDL,5m,2026-09-22T10:55:00+05:30,263.5,263.5,262.6000061035156,262.6499938964844,158737.0,yahoo
VEDL,5m,2026-09-22T11:00:00+05:30,262.70001220703125,262.70001220703125,261.8999938964844,261.8999938964844,103929.0,yahoo
VEDL,5m,2026-09-22T11:05:00+05:30,261.8999938964844,262.1000061035156,261.6000061035156,261.95001220703125,74851.0,yahoo
VEDL,5m,2026-09-22T11:10:00+05:30,261.8999938964844,262.3500061035156,261.8999938964844,262.1499938964844,46372.0,yahoo
VEDL,5m,2026-09-22T11:15:00+05:30,262.20001220703125,262.45001220703125,261.8500061035156,262.25,68126.0,yahoo
VEDL,5m,2026-09-22T11:20:00+05:30,262.25,262.75,262.25,262.3500061035156,110211.0,yahoo
VEDL,5m,2026-09-22T11:25:00+05:30,262.25,262.79998779296875,262.1000061035156,262.54998779296875,63747.0,yahoo
VEDL,5m,2026-09-22T11:30:00+05:30,262.6000061035156,262.79998779296875,262.3999938964844,262.6000061035156,36347.0,yahoo
VEDL,5m,2026-09-22T11:35:00+05:30,262.54998779296875,263.20001220703125,262.5,263.1000061035156,62648.0,yahoo
VEDL,5m,2026-09-22T11:40:00+05:30,263.1000061035156,263.1000061035156,262.6000061035156,262.6000061035156,23317.0,yahoo
VEDL,5m,2026-09-22T11:45:00+05:30,262.6499938964844,262.70001220703125,262.1499938964844,262.25,24984.0,yahoo
VEDL,5m,2026-09-22T11:50:00+05:30,262.1499938964844,262.29998779296875,261.8500061035156,261.8500061035156,40657.0,yahoo
VEDL,5m,2026-09-22T11:55:00+05:30,261.8500061035156,262.1000061035156,261.79998779296875,262.1000061035156,21839.0,yahoo
VEDL,5m,2026-09-22T12:00:00+05:30,262.04998779296875,262.3999938964844,262.04998779296875,262.3500061035156,20320.0,yahoo
VEDL,5m,2026-09-22T12:05:00+05:30,262.25,262.3500061035156,261.75,262.1499938964844,48232.0,yahoo
VEDL,5m,2026-09-22T12:10:00+05:30,262.1000061035156,262.20001220703125,261.8500061035156,261.95001220703125,26242.0,yahoo
VEDL,5m,2026-09-22T12:15:00+05:30,261.95001220703125,262.3999938964844,261.8999938964844,262.3500061035156,20041.0,yahoo
VEDL,5m,2026-09-22T12:20:00+05:30,262.3500061035156,262.5,262.25,262.29998779296875,29474.0,yahoo
VEDL,5m,2026-09-22T12:25:00+05:30,262.29998779296875,262.29998779296875,262.1000061035156,262.29998779296875,16758.0,yahoo
VEDL,5m,2026-09-22T12:30:00+05:30,262.25,262.25,262.0,262.1499938964844,21967.0,yahoo
VEDL,5m,2026-09-22T12:35:00+05:30,262.1499938964844,262.1499938964844,262.04998779296875,262.04998779296875,12546.0,yahoo
VEDL,5m,2026-09-22T12:40:00+05:30,262.04998779296875,262.1000061035156,261.95001220703125,262.0,40893.0,yahoo
VEDL,5m,2026-09-22T12:45:00+05:30,262.0,262.25,261.8999938964844,262.20001220703125,29538.0,yahoo
VEDL,5m,2026-09-22T12:50:00+05:30,262.1000061035156,262.20001220703125,261.95001220703125,262.0,24301.0,yahoo
VEDL,5m,2026-09-22T12:55:00+05:30,261.95001220703125,262.29998779296875,261.95001220703125,262.20001220703125,35456.0,yahoo
VEDL,5m,2026-09-22T13:00:00+05:30,262.20001220703125,262.5,262.04998779296875,262.20001220703125,27992.0,yahoo
VEDL,5m,2026-09-22T13:05:00+05:30,262.20001220703125,262.29998779296875,262.1000061035156,262.25,25753.0,yahoo
VEDL,5m,2026-09-22T13:10:00+05:30,262.29998779296875,262.45001220703125,262.20001220703125,262.25,21816.0,yahoo
VEDL,5m,2026-09-22T13:15:00+05:30,262.20001220703125,262.6499938964844,262.1000061035156,262.3500061035156,51082.0,yahoo
VEDL,5m,2026-09-22T13:20:00+05:30,262.29998779296875,262.3500061035156,262.04998779296875,262.1499938964844,14236.0,yahoo
VEDL,5m,2026-09-22T13:25:00+05:30,262.1000061035156,262.1499938964844,262.0,262.04998779296875,23074.0,yahoo
VEDL,5m,2026-09-22T13:30:00+05:30,262.04998779296875,262.20001220703125,262.04998779296875,262.1499938964844,11740.0,yahoo
VEDL,5m,2026-09-22T13:35:00+05:30,262.1499938964844,262.20001220703125,262.1000061035156,262.1499938964844,19232.0,yahoo
VEDL,5m,2026-09-22T13:40:00+05:30,262.1499938964844,262.3500061035156,262.1000061035156,262.29998779296875,20264.0,yahoo
VEDL,5m,2026-09-22T13:45:00+05:30,262.25,262.25,261.8999938964844,261.8999938964844,41072.0,yahoo
VEDL,5m,2026-09-22T13:50:00+05:30,261.8999938964844,261.8999938964844,261.45001220703125,261.5,70253.0,yahoo
VEDL,5m,2026-09-22T13:55:00+05:30,261.45001220703125,261.70001220703125,261.45001220703125,261.6499938964844,25921.0,yahoo
VEDL,5m,2026-09-22T14:00:00+05:30,261.6000061035156,261.6000061035156,261.29998779296875,261.45001220703125,56531.0,yahoo
VEDL,5m,2026-09-22T14:05:00+05:30,261.3999938964844,261.6000061035156,261.3500061035156,261.6000061035156,54544.0,yahoo
VEDL,5m,2026-09-22T14:10:00+05:30,261.6000061035156,262.3999938964844,261.54998779296875,262.3999938964844,65434.0,yahoo
VEDL,5m,2026-09-22T14:15:00+05:30,262.6499938964844,262.75,262.04998779296875,262.29998779296875,62903.0,yahoo
VEDL,5m,2026-09-22T14:20:00+05:30,262.20001220703125,262.54998779296875,262.20001220703125,262.29998779296875,121743.0,yahoo
VEDL,5m,2026-09-22T14:25:00+05:30,262.29998779296875,262.3500061035156,261.95001220703125,261.95001220703125,146669.0,yahoo
VEDL,5m,2026-09-22T14:30:00+05:30,262.0,262.04998779296875,261.6499938964844,261.6499938964844,174909.0,yahoo
VEDL,5m,2026-09-22T14:35:00+05:30,261.6000061035156,261.79998779296875,261.54998779296875,261.6000061035156,42184.0,yahoo
VEDL,5m,2026-09-22T14:40:00+05:30,261.6499938964844,261.6499938964844,261.29998779296875,261.3500061035156,55895.0,yahoo
VEDL,5m,2026-09-22T14:45:00+05:30,261.3500061035156,261.5,261.3500061035156,261.45001220703125,23302.0,yahoo
VEDL,5m,2026-09-22T14:50:00+05:30,261.45001220703125,261.70001220703125,261.3999938964844,261.6000061035156,44489.0,yahoo
VEDL,5m,2026-09-22T14:55:00+05:30,261.54998779296875,261.6499938964844,261.25,261.29998779296875,56110.0,yahoo
VEDL,5m,2026-09-22T15:00:00+05:30,261.29998779296875,261.8999938964844,261.25,261.8999938964844,228055.0,yahoo
VEDL,5m,2026-09-22T15:05:00+05:30,261.8999938964844,262.0,261.79998779296875,261.95001220703125,197507.0,yahoo
VEDL,5m,2026-09-22T15:10:00+05:30,262.0,262.20001220703125,261.6000061035156,262.0,317724.0,yahoo
VEDL,5m,2026-09-22T15:15:00+05:30,261.75,263.0,261.75,263.0,294455.0,yahoo
