symbol,interval,timestamp,open,high,low,close,volume,source
360ONE,5m,2026-09-15T09:15:00+05:30,1091.300048828125,1091.300048828125,1077.0999755859375,1079.5,0.0,yahoo
360ONE,5m,2026-09-15T09:20:00+05:30,1078.699951171875,1078.699951171875,1075.0,1075.699951171875,8029.0,yahoo
360ONE,5m,2026-09-15T09:25:00+05:30,1076.0,1076.0,1073.5999755859375,1074.9000244140625,13859.0,yahoo
360ONE,5m,2026-09-15T09:30:00+05:30,1074.699951171875,1075.300048828125,1073.5999755859375,1074.199951171875,3898.0,yahoo
360ONE,5m,2026-09-15T09:35:00+05:30,1073.699951171875,1076.699951171875,1072.0999755859375,1076.0,51986.0,yahoo
360ONE,5m,2026-09-15T09:40:00+05:30,1076.5,1077.5,1075.0999755859375,1075.0999755859375,4949.0,yahoo
360ONE,5m,2026-09-15T09:45:00+05:30,1075.0999755859375,1077.0999755859375,1075.0,1075.0,2173.0,yahoo
360ONE,5m,2026-09-15T09:50:00+05:30,1075.5999755859375,1076.5,1073.699951171875,1074.0,3103.0,yahoo
360ONE,5m,2026-09-15T09:55:00+05:30,1073.0999755859375,1073.0999755859375,1071.0,1071.5999755859375,3497.0,yahoo
360ONE,5m,2026-09-15T10:00:00+05:30,1071.5999755859375,1072.300048828125,1070.0,1070.4000244140625,10520.0,yahoo
360ONE,5m,2026-09-15T10:05:00+05:30,1070.0,1071.0,1069.199951171875,1069.5,4552.0,yahoo
360ONE,5m,2026-09-15T10:10:00+05:30,1069.5,1072.0,1069.300048828125,1071.0,3600.0,yahoo
360ONE,5m,2026-09-15T10:15:00+05:30,1070.9000244140625,1071.800048828125,1067.4000244140625,1068.5999755859375,8864.0,yahoo
360ONE,5m,2026-09-15T10:20:00+05:30,1068.5,1070.4000244140625,1068.300048828125,1069.0,11232.0,yahoo
360ONE,5m,2026-09-15T10:25:00+05:30,1069.0,1069.4000244140625,1067.4000244140625,1068.199951171875,6385.0,yahoo
360ONE,5m,2026-09-15T10:30:00+05:30,1068.0,1069.300048828125,1066.199951171875,1067.199951171875,7217.0,yahoo
360ONE,5m,2026-09-15T10:35:00+05:30,1067.199951171875,1067.5999755859375,1066.300048828125,1066.300048828125,4372.0,yahoo
360ONE,5m,2026-09-15T10:40:00+05:30,1066.199951171875,1066.4000244140625,1061.199951171875,1061.199951171875,12028.0,yahoo
360ONE,5m,2026-09-15T10:45:00+05:30,1061.300048828125,1063.800048828125,1061.199951171875,1061.199951171875,13111.0,yahoo
360ONE,5m,2026-09-15T10:50:00+05:30,1061.199951171875,1062.5999755859375,1061.199951171875,1061.800048828125,5340.0,yahoo
360ONE,5m,2026-09-15T10:55:00+05:30,1061.800048828125,1062.300048828125,1060.0999755859375,1062.199951171875,12205.0,yahoo
360ONE,5m,2026-09-15T11:00:00+05:30,1061.800048828125,1063.199951171875,1059.699951171875,1061.199951171875,8842.0,yahoo
360ONE,5m,2026-09-15T11:05:00+05:30,1061.0,1063.300048828125,1059.9000244140625,1060.300048828125,20398.0,yahoo
360ONE,5m,2026-09-15T11:10:00+05:30,1060.300048828125,1060.9000244140625,1059.0,1059.300048828125,8483.0,yahoo
360ONE,5m,2026-09-15T11:15:00+05:30,1059.199951171875,1060.300048828125,1057.199951171875,1058.0,5328.0,yahoo
360ONE,5m,2026-09-15T11:20:00+05:30,1058.300048828125,1060.800048828125,1056.699951171875,1059.0999755859375,9454.0,yahoo
360ONE,5m,2026-09-15T11:25:00+05:30,1059.0,1061.4000244140625,1059.0,1059.800048828125,8535.0,yahoo
360ONE,5m,2026-09-15T11:30:00+05:30,1060.9000244140625,1065.5,1060.9000244140625,1065.300048828125,7177.0,yahoo
360ONE,5m,2026-09-15T11:35:00+05:30,1065.300048828125,1066.199951171875,1065.0,1065.4000244140625,7704.0,yahoo
360ONE,5m,2026-09-15T11:40:00+05:30,1065.4000244140625,1065.4000244140625,1062.0,1062.5999755859375,4837.0,yahoo
360ONE,5m,2026-09-15T11:45:00+05:30,1062.5999755859375,1062.800048828125,1060.800048828125,1061.0999755859375,4412.0,yahoo
360ONE,5m,2026-09-15T11:50:00+05:30,1061.199951171875,1062.0999755859375,1060.0999755859375,1060.4000244140625,5591.0,yahoo
360ONE,5m,2026-09-15T11:55:00+05:30,1060.699951171875,1063.5,1060.0,1063.5,6784.0,yahoo
360ONE,5m,2026-09-15T12:00:00+05:30,1063.199951171875,1065.5,1062.9000244140625,1065.0,4298.0,yahoo
360ONE,5m,2026-09-15T12:05:00+05:30,1065.0,1066.0,1065.0,1065.0,3719.0,yahoo
360ONE,5m,2026-09-15T12:10:00+05:30,1065.0,1065.800048828125,1064.0999755859375,1065.0,9873.0,yahoo
360ONE,5m,2026-09-15T12:15:00+05:30,1065.0,1065.199951171875,1063.800048828125,1063.800048828125,4495.0,yahoo
360ONE,5m,2026-09-15T12:20:00+05:30,1063.300048828125,1064.0999755859375,1062.300048828125,1062.5999755859375,4676.0,yahoo
360ONE,5m,2026-09-15T12:25:00+05:30,1062.4000244140625,1063.300048828125,1061.4000244140625,1061.4000244140625,6246.0,yahoo
360ONE,5m,2026-09-15T12:30:00+05:30,1061.800048828125,1062.0,1061.0,1061.199951171875,4004.0,yahoo
360ONE,5m,2026-09-15T12:35:00+05:30,1061.300048828125,1062.9000244140625,1061.199951171875,1062.300048828125,11437.0,yahoo
360ONE,5m,2026-09-15T12:40:00+05:30,1062.0,1065.300048828125,1062.0,1065.0999755859375,39330.0,yahoo
360ONE,5m,2026-09-15T12:45:00+05:30,1065.0,1065.300048828125,1064.4000244140625,1065.0,6212.0,yahoo
360ONE,5m,2026-09-15T12:50:00+05:30,1065.0,1065.199951171875,1063.0,1063.0999755859375,7443.0,yahoo
360ONE,5m,2026-09-15T12:55:00+05:30,1063.0,1063.4000244140625,1060.0,1060.4000244140625,23017.0,yahoo
360ONE,5m,2026-09-15T13:00:00+05:30,1060.699951171875,1062.5999755859375,1060.0999755859375,1062.5999755859375,5436.0,yahoo
360ONE,5m,2026-09-15T13:05:00+05:30,1062.4000244140625,1062.800048828125,1061.4000244140625,1061.699951171875,4051.0,yahoo
360ONE,5m,2026-09-15T13:10:00+05:30,1061.699951171875,1063.0999755859375,1061.0,1062.5,20789.0,yahoo
360ONE,5m,2026-09-15T13:15:00+05:30,1062.5,1063.199951171875,1062.0,1062.5999755859375,5512.0,yahoo
360ONE,5m,2026-09-15T13:20:00+05:30,1062.699951171875,1063.0999755859375,1061.5999755859375,1062.0,4199.0,yahoo
360ONE,5m,2026-09-15T13:25:00+05:30,1062.0999755859375,1063.4000244140625,1061.0,1061.0,7757.0,yahoo
360ONE,5m,2026-09-15T13:30:00+05:30,1061.199951171875,1062.0,1060.800048828125,1061.0999755859375,6035.0,yahoo
360ONE,5m,2026-09-15T13:35:00+05:30,1061.300048828125,1061.9000244140625,1060.800048828125,1061.4000244140625,10078.0,yahoo
360ONE,5m,2026-09-15T13:40:00+05:30,1061.0999755859375,1062.0999755859375,1059.699951171875,1062.0999755859375,25151.0,yahoo
360ONE,5m,2026-09-15T13:45:00+05:30,1061.5,1064.0,1061.199951171875,1063.5,6235.0,yahoo
360ONE,5m,2026-09-15T13:50:00+05:30,1063.5,1065.0,1063.5,1064.4000244140625,4964.0,yahoo
360ONE,5m,2026-09-15T13:55:00+05:30,1063.800048828125,1064.9000244140625,1062.300048828125,1063.5,12423.0,yahoo
360ONE,5m,2026-09-15T14:00:00+05:30,1063.5,1063.9000244140625,1062.0999755859375,1062.199951171875,5080.0,yahoo
360ONE,5m,2026-09-15T14:05:00+05:30,1062.199951171875,1063.0999755859375,1061.0,1062.0999755859375,6985.0,yahoo
360ONE,5m,2026-09-15T14:10:00+05:30,1061.699951171875,1062.4000244140625,1061.0,1061.4000244140625,8996.0,yahoo
360ONE,5m,2026-09-15T14:15:00+05:30,1061.5,1061.9000244140625,1060.5999755859375,1061.4000244140625,9753.0,yahoo
360ONE,5m,2026-09-15T14:20:00+05:30,1061.4000244140625,1062.0999755859375,1061.0,1061.199951171875,11103.0,yahoo
360ONE,5m,2026-09-15T14:25:00+05:30,1061.0,1061.5,1057.5999755859375,1060.0,55417.0,yahoo
360ONE,5m,2026-09-15T14:30:00+05:30,1060.0999755859375,1062.300048828125,1057.9000244140625,1061.699951171875,22146.0,yahoo
360ONE,5m,2026-09-15T14:35:00+05:30,1061.800048828125,1062.9000244140625,1061.0,1062.300048828125,10201.0,yahoo
360ONE,5m,2026-09-15T14:40:00+05:30,1061.9000244140625,1062.800048828125,1061.5,1062.5,4173.0,yahoo
360ONE,5m,2026-09-15T14:45:00+05:30,1062.5,1062.5999755859375,1059.9000244140625,1060.5999755859375,20063.0,yahoo
360ONE,5m,2026-09-15T14:50:00+05:30,1060.4000244140625,1062.0,1060.199951171875,1060.5999755859375,9916.0,yahoo
360ONE,5m,2026-09-15T14:55:00+05:30,1061.0,1061.699951171875,1058.5999755859375,1058.800048828125,67590.0,yahoo
360ONE,5m,2026-09-15T15:00:00+05:30,1058.300048828125,1058.5999755859375,1055.9000244140625,1057.699951171875,29588.0,yahoo
360ONE,5m,2026-09-15T15:05:00+05:30,1058.199951171875,1058.199951171875,1055.800048828125,1058.0999755859375,35602.0,yahoo
360ONE,5m,2026-09-15T15:10:00+05:30,1057.800048828125,1060.0,1054.4000244140625,1060.0,37011.0,yahoo
360ONE,5m,2026-09-15T15:15:00+05:30,1058.9000244140625,1058.9000244140625,1052.0999755859375,1052.0999755859375,6155.0,yahoo
ABB,5m,2026-09-15T09:15:00+05:30,7267.0,7267.0,7170.5,7190.0,0.0,yahoo
ABB,5m,2026-09-15T09:20:00+05:30,7190.0,7199.0,7182.0,7182.0,2600.0,yahoo
ABB,5m,2026-09-15T09:25:00+05:30,7182.0,7188.5,7132.5,7140.0,7878.0,yahoo
ABB,5m,2026-09-15T09:30:00+05:30,7138.5,7139.5,7096.5,7119.5,9708.0,yahoo
ABB,5m,2026-09-15T09:35:00+05:30,7117.5,7159.0,7116.0,7145.5,4869.0,yahoo
ABB,5m,2026-09-15T09:40:00+05:30,7141.0,7161.0,7134.5,7151.5,3122.0,yahoo
ABB,5m,2026-09-15T09:45:00+05:30,7146.5,7163.0,7135.0,7160.0,3641.0,yahoo
ABB,5m,2026-09-15T09:50:00+05:30,7161.0,7162.0,7143.5,7146.5,2184.0,yahoo
ABB,5m,2026-09-15T09:55:00+05:30,7146.5,7146.5,7120.5,7120.5,8039.0,yahoo
ABB,5m,2026-09-15T10:00:00+05:30,7120.0,7123.5,7110.5,7120.5,3749.0,yahoo
ABB,5m,2026-09-15T10:05:00+05:30,7122.0,7125.0,7113.0,7116.0,1335.0,yahoo
ABB,5m,2026-09-15T10:10:00+05:30,7115.5,7133.0,7112.0,7121.0,3056.0,yahoo
ABB,5m,2026-09-15T10:15:00+05:30,7121.5,7122.5,7114.0,7117.0,1419.0,yahoo
ABB,5m,2026-09-15T10:20:00+05:30,7118.0,7122.0,7109.5,7110.5,3284.0,yahoo
ABB,5m,2026-09-15T10:25:00+05:30,7113.5,7117.0,7100.5,7103.0,2383.0,yahoo
ABB,5m,2026-09-15T10:30:00+05:30,7103.0,7109.5,7094.0,7109.5,4234.0,yahoo
ABB,5m,2026-09-15T10:35:00+05:30,7109.0,7120.0,7108.5,7112.0,1358.0,yahoo
ABB,5m,2026-09-15T10:40:00+05:30,7114.5,7114.5,7093.5,7093.5,3109.0,yahoo
ABB,5m,2026-09-15T10:45:00+05:30,7096.5,7103.5,7087.5,7093.5,6687.0,yahoo
ABB,5m,2026-09-15T10:50:00+05:30,7094.0,7094.5,7081.0,7092.5,4351.0,yahoo
ABB,5m,2026-09-15T10:55:00+05:30,7092.5,7095.0,7086.5,7094.5,1809.0,yahoo
ABB,5m,2026-09-15T11:00:00+05:30,7094.5,7105.0,7092.0,7105.0,1716.0,yahoo
ABB,5m,2026-09-15T11:05:00+05:30,7105.0,7105.0,7086.0,7086.0,947.0,yahoo
ABB,5m,2026-09-15T11:10:00+05:30,7087.5,7087.5,7075.0,7082.5,2398.0,yahoo
ABB,5m,2026-09-15T11:15:00+05:30,7080.0,7086.0,7075.5,7075.5,1130.0,yahoo
ABB,5m,2026-09-15T11:20:00+05:30,7077.0,7087.5,7076.0,7082.5,1006.0,yahoo
ABB,5m,2026-09-15T11:25:00+05:30,7082.5,7084.0,7077.0,7078.0,621.0,yahoo
ABB,5m,2026-09-15T11:30:00+05:30,7078.0,7080.0,7070.5,7077.5,3226.0,yahoo
ABB,5m,2026-09-15T11:35:00+05:30,7074.0,7074.5,7039.0,7047.0,13342.0,yahoo
ABB,5m,2026-09-15T11:40:00+05:30,7045.0,7055.5,7041.5,7055.5,3550.0,yahoo
ABB,5m,2026-09-15T11:45:00+05:30,7055.5,7055.5,7046.5,7049.0,906.0,yahoo
ABB,5m,2026-09-15T11:50:00+05:30,7048.5,7070.0,7046.0,7064.0,1085.0,yahoo
ABB,5m,2026-09-15T11:55:00+05:30,7070.0,7085.0,7065.0,7078.5,3350.0,yahoo
ABB,5m,2026-09-15T12:00:00+05:30,7080.5,7103.5,7080.0,7098.0,3267.0,yahoo
ABB,5m,2026-09-15T12:05:00+05:30,7098.5,7105.5,7086.5,7088.5,982.0,yahoo
ABB,5m,2026-09-15T12:10:00+05:30,7088.0,7094.0,7085.0,7092.0,415.0,yahoo
ABB,5m,2026-09-15T12:15:00+05:30,7092.0,7098.5,7087.0,7093.5,775.0,yahoo
ABB,5m,2026-09-15T12:20:00+05:30,7093.5,7099.5,7091.0,7099.0,1008.0,yahoo
ABB,5m,2026-09-15T12:25:00+05:30,7097.5,7099.0,7093.0,7099.0,1749.0,yahoo
ABB,5m,2026-09-15T12:30:00+05:30,7099.0,7112.0,7096.0,7109.0,972.0,yahoo
ABB,5m,2026-09-15T12:35:00+05:30,7107.0,7114.0,7105.0,7107.5,1139.0,yahoo
ABB,5m,2026-09-15T12:40:00+05:30,7108.0,7112.0,7105.5,7108.5,706.0,yahoo
ABB,5m,2026-09-15T12:45:00+05:30,7109.0,7115.0,7106.0,7115.0,687.0,yahoo
ABB,5m,2026-09-15T12:50:00+05:30,7115.0,7126.5,7115.0,7122.0,1274.0,yahoo
ABB,5m,2026-09-15T12:55:00+05:30,7122.0,7124.0,7113.0,7118.5,1293.0,yahoo
ABB,5m,2026-09-15T13:00:00+05:30,7118.5,7121.0,7113.0,7116.5,492.0,yahoo
ABB,5m,2026-09-15T13:05:00+05:30,7116.5,7119.0,7110.5,7113.0,563.0,yahoo
ABB,5m,2026-09-15T13:10:00+05:30,7110.5,7113.0,7104.0,7106.0,959.0,yahoo
ABB,5m,2026-09-15T13:15:00+05:30,7106.0,7119.5,7104.5,7119.5,1038.0,yahoo
ABB,5m,2026-09-15T13:20:00+05:30,7119.5,7119.5,7110.0,7110.0,415.0,yahoo
ABB,5m,2026-09-15T13:25:00+05:30,7110.0,7113.5,7109.0,7112.5,253.0,yahoo
ABB,5m,2026-09-15T13:30:00+05:30,7112.5,7112.5,7101.0,7110.5,1317.0,yahoo
ABB,5m,2026-09-15T13:35:00+05:30,7111.5,7113.0,7105.5,7106.5,723.0,yahoo
ABB,5m,2026-09-15T13:40:00+05:30,7106.0,7106.0,7097.0,7104.0,1395.0,yahoo
ABB,5m,2026-09-15T13:45:00+05:30,7103.0,7113.0,7103.0,7111.0,554.0,yahoo
ABB,5m,2026-09-15T13:50:00+05:30,7113.0,7113.0,7105.0,7109.5,429.0,yahoo
ABB,5m,2026-09-15T13:55:00+05:30,7108.5,7108.5,7102.5,7107.0,596.0,yahoo
ABB,5m,2026-09-15T14:00:00+05:30,7107.0,7109.5,7105.0,7109.0,574.0,yahoo
ABB,5m,2026-09-15T14:05:00+05:30,7109.5,7111.0,7101.0,7103.5,799.0,yahoo
ABB,5m,2026-09-15T14:10:00+05:30,7103.5,7103.5,7086.5,7089.0,1842.0,yahoo
ABB,5m,2026-09-15T14:15:00+05:30,7088.5,7088.5,7069.5,7069.5,2074.0,yahoo
ABB,5m,2026-09-15T14:20:00+05:30,7069.0,7076.5,7064.5,7067.0,4810.0,yahoo
ABB,5m,2026-09-15T14:25:00+05:30,7067.0,7076.0,7066.0,7075.5,1198.0,yahoo
ABB,5m,2026-09-15T14:30:00+05:30,7075.5,7081.0,7069.5,7075.0,1502.0,yahoo
ABB,5m,2026-09-15T14:35:00+05:30,7075.0,7075.0,7068.0,7068.0,1055.0,yahoo
ABB,5m,2026-09-15T14:40:00+05:30,7067.0,7069.0,7056.5,7060.0,2112.0,yahoo
ABB,5m,2026-09-15T14:45:00+05:30,7060.0,7060.0,7038.0,7040.5,3637.0,yahoo
ABB,5m,2026-09-15T14:50:00+05:30,7040.5,7052.5,7038.0,7040.0,4201.0,yahoo
ABB,5m,2026-09-15T14:55:00+05:30,7043.5,7046.5,7033.0,7038.5,3094.0,yahoo
ABB,5m,2026-09-15T15:00:00+05:30,7035.5,7035.5,7017.5,7024.5,4820.0,yahoo
ABB,5m,2026-09-15T15:05:00+05:30,7024.5,7026.0,7016.0,7016.0,5951.0,yahoo
ABB,5m,2026-09-15T15:10:00+05:30,7017.0,7031.5,7005.0,7005.0,11994.0,yahoo
ABCAPITAL,5m,2026-09-15T09:15:00+05:30,395.45001220703125,395.54998779296875,390.79998779296875,392.1000061035156,0.0,yahoo
ABCAPITAL,5m,2026-09-15T09:20:00+05:30,391.70001220703125,392.0,391.0,391.1000061035156,141894.0,yahoo
ABCAPITAL,5m,2026-09-15T09:25:00+05:30,391.0,391.75,390.6499938964844,391.04998779296875,183101.0,yahoo
ABCAPITAL,5m,2026-09-15T09:30:00+05:30,391.20001220703125,392.1499938964844,391.1000061035156,391.45001220703125,78759.0,yahoo
ABCAPITAL,5m,2026-09-15T09:35:00+05:30,391.45001220703125,391.45001220703125,389.5,390.6499938964844,54764.0,yahoo
ABCAPITAL,5m,2026-09-15T09:40:00+05:30,390.6499938964844,391.04998779296875,390.3999938964844,390.3999938964844,9171.0,yahoo
ABCAPITAL,5m,2026-09-15T09:45:00+05:30,390.45001220703125,390.45001220703125,389.6499938964844,389.6499938964844,58337.0,yahoo
ABCAPITAL,5m,2026-09-15T09:50:00+05:30,389.70001220703125,389.8500061035156,388.95001220703125,389.0,34270.0,yahoo
ABCAPITAL,5m,2026-09-15T09:55:00+05:30,389.0,389.0,388.25,388.8500061035156,34197.0,yahoo
ABCAPITAL,5m,2026-09-15T10:00:00+05:30,388.8500061035156,388.95001220703125,388.20001220703125,388.45001220703125,15656.0,yahoo
ABCAPITAL,5m,2026-09-15T10:05:00+05:30,388.29998779296875,388.5,387.6000061035156,387.70001220703125,25747.0,yahoo
ABCAPITAL,5m,2026-09-15T10:10:00+05:30,387.70001220703125,388.0,387.3999938964844,387.6499938964844,16406.0,yahoo
ABCAPITAL,5m,2026-09-15T10:15:00+05:30,387.6000061035156,387.6000061035156,386.3999938964844,386.6499938964844,61551.0,yahoo
ABCAPITAL,5m,2026-09-15T10:20:00+05:30,386.6499938964844,387.04998779296875,386.1000061035156,386.54998779296875,28879.0,yahoo
ABCAPITAL,5m,2026-09-15T10:25:00+05:30,386.5,386.54998779296875,385.5,385.5,21755.0,yahoo
ABCAPITAL,5m,2026-09-15T10:30:00+05:30,385.54998779296875,385.8999938964844,385.3999938964844,385.6499938964844,17117.0,yahoo
ABCAPITAL,5m,2026-09-15T10:35:00+05:30,385.70001220703125,386.20001220703125,385.54998779296875,386.20001220703125,18143.0,yahoo
ABCAPITAL,5m,2026-09-15T10:40:00+05:30,386.20001220703125,386.25,385.6000061035156,385.75,16360.0,yahoo
ABCAPITAL,5m,2026-09-15T10:45:00+05:30,385.6000061035156,385.70001220703125,385.29998779296875,385.5,27046.0,yahoo
ABCAPITAL,5m,2026-09-15T10:50:00+05:30,385.45001220703125,386.25,385.04998779296875,386.20001220703125,27263.0,yahoo
ABCAPITAL,5m,2026-09-15T10:55:00+05:30,386.0,386.25,385.8999938964844,386.25,21545.0,yahoo
ABCAPITAL,5m,2026-09-15T11:00:00+05:30,386.25,386.8500061035156,385.79998779296875,386.04998779296875,30581.0,yahoo
ABCAPITAL,5m,2026-09-15T11:05:00+05:30,385.8500061035156,386.0,385.20001220703125,385.25,17176.0,yahoo
ABCAPITAL,5m,2026-09-15T11:10:00+05:30,385.45001220703125,385.75,385.1000061035156,385.45001220703125,15738.0,yahoo
ABCAPITAL,5m,2026-09-15T11:15:00+05:30,385.45001220703125,385.6000061035156,384.6499938964844,384.75,26978.0,yahoo
ABCAPITAL,5m,2026-09-15T11:20:00+05:30,384.70001220703125,384.95001220703125,384.45001220703125,384.54998779296875,19029.0,yahoo
ABCAPITAL,5m,2026-09-15T11:25:00+05:30,384.6499938964844,384.79998779296875,384.45001220703125,384.70001220703125,43142.0,yahoo
ABCAPITAL,5m,2026-09-15T11:30:00+05:30,384.70001220703125,385.1499938964844,384.54998779296875,385.1499938964844,14330.0,yahoo
ABCAPITAL,5m,2026-09-15T11:35:00+05:30,384.95001220703125,386.04998779296875,384.8999938964844,385.75,16714.0,yahoo
ABCAPITAL,5m,2026-09-15T11:40:00+05:30,385.6499938964844,385.8999938964844,385.20001220703125,385.45001220703125,14275.0,yahoo
ABCAPITAL,5m,2026-09-15T11:45:00+05:30,385.45001220703125,385.45001220703125,384.6000061035156,384.70001220703125,14465.0,yahoo
ABCAPITAL,5m,2026-09-15T11:50:00+05:30,384.6499938964844,385.1499938964844,384.6000061035156,384.70001220703125,19059.0,yahoo
ABCAPITAL,5m,2026-09-15T11:55:00+05:30,384.6499938964844,385.6499938964844,384.6000061035156,385.6499938964844,24743.0,yahoo
ABCAPITAL,5m,2026-09-15T12:00:00+05:30,385.70001220703125,386.25,385.6000061035156,385.70001220703125,20861.0,yahoo
ABCAPITAL,5m,2026-09-15T12:05:00+05:30,385.70001220703125,386.5,385.3500061035156,385.3500061035156,32090.0,yahoo
ABCAPITAL,5m,2026-09-15T12:10:00+05:30,385.3500061035156,385.8999938964844,385.29998779296875,385.5,15691.0,yahoo
ABCAPITAL,5m,2026-09-15T12:15:00+05:30,385.29998779296875,385.79998779296875,385.1000061035156,385.1000061035156,12537.0,yahoo
ABCAPITAL,5m,2026-09-15T12:20:00+05:30,385.25,385.5,385.0,385.3999938964844,14941.0,yahoo
ABCAPITAL,5m,2026-09-15T12:25:00+05:30,385.3500061035156,385.45001220703125,385.1499938964844,385.3999938964844,14265.0,yahoo
ABCAPITAL,5m,2026-09-15T12:30:00+05:30,385.20001220703125,385.5,385.04998779296875,385.3999938964844,25034.0,yahoo
ABCAPITAL,5m,2026-09-15T12:35:00+05:30,385.20001220703125,385.6000061035156,384.8999938964844,385.04998779296875,22465.0,yahoo
ABCAPITAL,5m,2026-09-15T12:40:00+05:30,385.0,385.25,384.6000061035156,384.79998779296875,11390.0,yahoo
ABCAPITAL,5m,2026-09-15T12:45:00+05:30,384.70001220703125,385.1499938964844,384.54998779296875,384.8999938964844,17034.0,yahoo
ABCAPITAL,5m,2026-09-15T12:50:00+05:30,385.1499938964844,385.3500061035156,385.04998779296875,385.20001220703125,13812.0,yahoo
ABCAPITAL,5m,2026-09-15T12:55:00+05:30,385.25,385.25,384.5,384.6000061035156,12949.0,yahoo
ABCAPITAL,5m,2026-09-15T13:00:00+05:30,384.6000061035156,384.79998779296875,384.3999938964844,384.6499938964844,13805.0,yahoo
ABCAPITAL,5m,2026-09-15T13:05:00+05:30,384.79998779296875,385.1499938964844,384.6499938964844,385.0,15438.0,yahoo
ABCAPITAL,5m,2026-09-15T13:10:00+05:30,384.95001220703125,385.04998779296875,384.3999938964844,384.6000061035156,13939.0,yahoo
ABCAPITAL,5m,2026-09-15T13:15:00+05:30,384.54998779296875,385.1499938964844,384.3500061035156,384.70001220703125,13587.0,yahoo
ABCAPITAL,5m,2026-09-15T13:20:00+05:30,384.6499938964844,384.8999938964844,384.29998779296875,384.5,14345.0,yahoo
ABCAPITAL,5m,2026-09-15T13:25:00+05:30,384.75,384.75,383.45001220703125,383.95001220703125,42878.0,yahoo
ABCAPITAL,5m,2026-09-15T13:30:00+05:30,383.95001220703125,384.3999938964844,383.70001220703125,384.20001220703125,13201.0,yahoo
ABCAPITAL,5m,2026-09-15T13:35:00+05:30,384.20001220703125,384.45001220703125,384.0,384.29998779296875,10944.0,yahoo
ABCAPITAL,5m,2026-09-15T13:40:00+05:30,384.29998779296875,384.29998779296875,383.45001220703125,383.54998779296875,16682.0,yahoo
ABCAPITAL,5m,2026-09-15T13:45:00+05:30,383.54998779296875,384.0,383.54998779296875,384.0,23946.0,yahoo
ABCAPITAL,5m,2026-09-15T13:50:00+05:30,384.0,384.0,383.29998779296875,383.3999938964844,29944.0,yahoo
ABCAPITAL,5m,2026-09-15T13:55:00+05:30,383.29998779296875,383.45001220703125,382.79998779296875,383.20001220703125,25867.0,yahoo
ABCAPITAL,5m,2026-09-15T14:00:00+05:30,382.8500061035156,382.95001220703125,381.54998779296875,381.79998779296875,68527.0,yahoo
ABCAPITAL,5m,2026-09-15T14:05:00+05:30,381.5,382.0,381.25,381.45001220703125,53253.0,yahoo
ABCAPITAL,5m,2026-09-15T14:10:00+05:30,381.45001220703125,381.6000061035156,380.6000061035156,380.95001220703125,33561.0,yahoo
ABCAPITAL,5m,2026-09-15T14:15:00+05:30,380.8500061035156,381.1000061035156,380.79998779296875,380.8500061035156,13798.0,yahoo
ABCAPITAL,5m,2026-09-15T14:20:00+05:30,380.70001220703125,381.04998779296875,380.70001220703125,380.8500061035156,11638.0,yahoo
ABCAPITAL,5m,2026-09-15T14:25:00+05:30,380.79998779296875,381.0,380.6000061035156,380.6000061035156,9694.0,yahoo
ABCAPITAL,5m,2026-09-15T14:30:00+05:30,380.6499938964844,381.45001220703125,380.6499938964844,381.3999938964844,11542.0,yahoo
ABCAPITAL,5m,2026-09-15T14:35:00+05:30,381.3999938964844,381.6499938964844,381.1000061035156,381.5,15438.0,yahoo
ABCAPITAL,5m,2026-09-15T14:40:00+05:30,381.3999938964844,381.75,381.3500061035156,381.6000061035156,10236.0,yahoo
ABCAPITAL,5m,2026-09-15T14:45:00+05:30,381.6000061035156,381.6000061035156,380.3500061035156,380.6000061035156,36991.0,yahoo
ABCAPITAL,5m,2026-09-15T14:50:00+05:30,380.5,381.20001220703125,380.3500061035156,380.45001220703125,48634.0,yahoo
ABCAPITAL,5m,2026-09-15T14:55:00+05:30,380.5,380.75,380.1499938964844,380.25,44291.0,yahoo
ABCAPITAL,5m,2026-09-15T15:00:00+05:30,380.29998779296875,380.3999938964844,380.0,380.04998779296875,57175.0,yahoo
ABCAPITAL,5m,2026-09-15T15:05:00+05:30,380.1000061035156,380.1499938964844,379.29998779296875,379.70001220703125,99417.0,yahoo
ABCAPITAL,5m,2026-09-15T15:10:00+05:30,379.6499938964844,380.6000061035156,379.6499938964844,380.1000061035156,108761.0,yahoo
ABCAPITAL,5m,2026-09-15T15:15:00+05:30,379.45001220703125,379.45001220703125,378.79998779296875,378.79998779296875,55978.0,yahoo
ADANIENT,5m,2026-09-15T09:15:00+05:30,3062.199951171875,3064.60009765625,3038.89990234375,3045.199951171875,0.0,yahoo
ADANIENT,5m,2026-09-15T09:20:00+05:30,3044.89990234375,3046.699951171875,3029.300048828125,3031.0,38472.0,yahoo
ADANIENT,5m,2026-09-15T09:25:00+05:30,3031.0,3033.39990234375,3021.699951171875,3026.5,31911.0,yahoo
ADANIENT,5m,2026-09-15T09:30:00+05:30,3028.300048828125,3028.300048828125,3013.5,3018.0,29134.0,yahoo
ADANIENT,5m,2026-09-15T09:35:00+05:30,3018.0,3026.0,3017.39990234375,3025.0,20777.0,yahoo
ADANIENT,5m,2026-09-15T09:40:00+05:30,3025.199951171875,3026.0,3019.5,3019.699951171875,18049.0,yahoo
ADANIENT,5m,2026-09-15T09:45:00+05:30,3015.89990234375,3017.10009765625,3010.10009765625,3010.300048828125,24301.0,yahoo
ADANIENT,5m,2026-09-15T09:50:00+05:30,3010.0,3013.39990234375,3008.0,3011.699951171875,16458.0,yahoo
ADANIENT,5m,2026-09-15T09:55:00+05:30,3012.699951171875,3018.0,3009.60009765625,3015.10009765625,19858.0,yahoo
ADANIENT,5m,2026-09-15T10:00:00+05:30,3014.10009765625,3014.10009765625,3004.0,3010.10009765625,23093.0,yahoo
ADANIENT,5m,2026-09-15T10:05:00+05:30,3009.199951171875,3011.10009765625,3002.199951171875,3006.60009765625,11704.0,yahoo
ADANIENT,5m,2026-09-15T10:10:00+05:30,3006.89990234375,3014.0,3005.699951171875,3010.800048828125,14559.0,yahoo
ADANIENT,5m,2026-09-15T10:15:00+05:30,3010.0,3013.199951171875,3008.800048828125,3013.10009765625,9430.0,yahoo
ADANIENT,5m,2026-09-15T10:20:00+05:30,3013.10009765625,3017.199951171875,3011.60009765625,3017.0,17266.0,yahoo
ADANIENT,5m,2026-09-15T10:25:00+05:30,3016.199951171875,3017.0,3012.0,3012.699951171875,8289.0,yahoo
ADANIENT,5m,2026-09-15T10:30:00+05:30,3013.10009765625,3018.0,3011.199951171875,3017.699951171875,12917.0,yahoo
ADANIENT,5m,2026-09-15T10:35:00+05:30,3017.699951171875,3023.699951171875,3016.800048828125,3023.0,16110.0,yahoo
ADANIENT,5m,2026-09-15T10:40:00+05:30,3022.60009765625,3023.300048828125,3014.5,3015.10009765625,11623.0,yahoo
ADANIENT,5m,2026-09-15T10:45:00+05:30,3014.89990234375,3017.699951171875,3013.800048828125,3016.199951171875,7332.0,yahoo
ADANIENT,5m,2026-09-15T10:50:00+05:30,3016.89990234375,3017.800048828125,3015.199951171875,3017.5,5938.0,yahoo
ADANIENT,5m,2026-09-15T10:55:00+05:30,3017.60009765625,3017.60009765625,3012.60009765625,3015.0,9879.0,yahoo
ADANIENT,5m,2026-09-15T11:00:00+05:30,3015.5,3016.39990234375,3013.5,3015.800048828125,7109.0,yahoo
ADANIENT,5m,2026-09-15T11:05:00+05:30,3015.0,3015.0,3006.5,3007.0,14347.0,yahoo
ADANIENT,5m,2026-09-15T11:10:00+05:30,3007.0,3011.0,2998.5,3009.60009765625,27406.0,yahoo
ADANIENT,5m,2026-09-15T11:15:00+05:30,3009.10009765625,3010.0,2999.800048828125,3001.199951171875,13436.0,yahoo
ADANIENT,5m,2026-09-15T11:20:00+05:30,3001.199951171875,3001.199951171875,2994.39990234375,2999.199951171875,38810.0,yahoo
ADANIENT,5m,2026-09-15T11:25:00+05:30,2998.60009765625,3000.60009765625,2991.89990234375,2993.39990234375,18603.0,yahoo
ADANIENT,5m,2026-09-15T11:30:00+05:30,2993.199951171875,2997.300048828125,2990.5,2996.10009765625,9646.0,yahoo
ADANIENT,5m,2026-09-15T11:35:00+05:30,2996.0,3003.0,2994.10009765625,3000.199951171875,15252.0,yahoo
ADANIENT,5m,2026-09-15T11:40:00+05:30,3000.300048828125,3000.300048828125,2994.10009765625,2996.60009765625,18451.0,yahoo
ADANIENT,5m,2026-09-15T11:45:00+05:30,2996.199951171875,2999.199951171875,2992.800048828125,2992.800048828125,15294.0,yahoo
ADANIENT,5m,2026-09-15T11:50:00+05:30,2992.60009765625,2995.0,2992.10009765625,2992.699951171875,8204.0,yahoo
ADANIENT,5m,2026-09-15T11:55:00+05:30,2993.699951171875,2993.699951171875,2990.89990234375,2991.699951171875,7036.0,yahoo
ADANIENT,5m,2026-09-15T12:00:00+05:30,2992.60009765625,2994.5,2990.0,2990.0,10143.0,yahoo
ADANIENT,5m,2026-09-15T12:05:00+05:30,2990.800048828125,2992.0,2988.89990234375,2989.5,11740.0,yahoo
ADANIENT,5m,2026-09-15T12:10:00+05:30,2989.10009765625,2992.199951171875,2986.300048828125,2990.199951171875,27126.0,yahoo
ADANIENT,5m,2026-09-15T12:15:00+05:30,2990.199951171875,2996.0,2990.10009765625,2993.5,6662.0,yahoo
ADANIENT,5m,2026-09-15T12:20:00+05:30,2993.199951171875,2995.89990234375,2991.0,2994.0,13417.0,yahoo
ADANIENT,5m,2026-09-15T12:25:00+05:30,2993.39990234375,2994.89990234375,2992.60009765625,2994.300048828125,2164.0,yahoo
ADANIENT,5m,2026-09-15T12:30:00+05:30,2993.60009765625,2993.699951171875,2987.0,2987.89990234375,19963.0,yahoo
ADANIENT,5m,2026-09-15T12:35:00+05:30,2987.89990234375,2990.39990234375,2985.10009765625,2988.0,10223.0,yahoo
ADANIENT,5m,2026-09-15T12:40:00+05:30,2987.89990234375,2988.10009765625,2985.300048828125,2985.800048828125,4277.0,yahoo
ADANIENT,5m,2026-09-15T12:45:00+05:30,2985.300048828125,2989.0,2982.0,2988.300048828125,17979.0,yahoo
ADANIENT,5m,2026-09-15T12:50:00+05:30,2988.89990234375,2992.89990234375,2986.5,2991.0,6263.0,yahoo
ADANIENT,5m,2026-09-15T12:55:00+05:30,2991.0,2992.0,2985.0,2987.60009765625,5905.0,yahoo
ADANIENT,5m,2026-09-15T13:00:00+05:30,2987.60009765625,2989.0,2985.0,2987.60009765625,5296.0,yahoo
ADANIENT,5m,2026-09-15T13:05:00+05:30,2987.60009765625,2988.0,2985.10009765625,2986.699951171875,4378.0,yahoo
ADANIENT,5m,2026-09-15T13:10:00+05:30,2986.5,2987.10009765625,2976.699951171875,2980.5,24385.0,yahoo
ADANIENT,5m,2026-09-15T13:15:00+05:30,2981.699951171875,2983.800048828125,2978.60009765625,2979.60009765625,12739.0,yahoo
ADANIENT,5m,2026-09-15T13:20:00+05:30,2979.39990234375,2980.89990234375,2976.60009765625,2978.0,21339.0,yahoo
ADANIENT,5m,2026-09-15T13:25:00+05:30,2977.699951171875,2980.0,2976.0,2978.199951171875,11927.0,yahoo
ADANIENT,5m,2026-09-15T13:30:00+05:30,2978.10009765625,2978.5,2971.89990234375,2973.300048828125,18713.0,yahoo
ADANIENT,5m,2026-09-15T13:35:00+05:30,2973.0,2975.699951171875,2972.5,2972.60009765625,11241.0,yahoo
ADANIENT,5m,2026-09-15T13:40:00+05:30,2972.5,2973.89990234375,2969.60009765625,2972.699951171875,9765.0,yahoo
ADANIENT,5m,2026-09-15T13:45:00+05:30,2972.300048828125,2973.199951171875,2969.0,2970.699951171875,11940.0,yahoo
ADANIENT,5m,2026-09-15T13:50:00+05:30,2970.39990234375,2977.89990234375,2970.10009765625,2975.300048828125,30710.0,yahoo
ADANIENT,5m,2026-09-15T13:55:00+05:30,2975.89990234375,2981.10009765625,2974.199951171875,2980.199951171875,22867.0,yahoo
ADANIENT,5m,2026-09-15T14:00:00+05:30,2980.39990234375,2981.0,2975.800048828125,2976.89990234375,14532.0,yahoo
ADANIENT,5m,2026-09-15T14:05:00+05:30,2976.89990234375,2978.0,2968.0,2969.0,39533.0,yahoo
ADANIENT,5m,2026-09-15T14:10:00+05:30,2969.800048828125,2970.699951171875,2950.0,2950.0,66279.0,yahoo
ADANIENT,5m,2026-09-15T14:15:00+05:30,2950.199951171875,2950.199951171875,2931.199951171875,2934.300048828125,103696.0,yahoo
ADANIENT,5m,2026-09-15T14:20:00+05:30,2935.800048828125,2939.300048828125,2932.300048828125,2934.199951171875,65933.0,yahoo
ADANIENT,5m,2026-09-15T14:25:00+05:30,2935.10009765625,2941.199951171875,2925.0,2939.89990234375,59060.0,yahoo
ADANIENT,5m,2026-09-15T14:30:00+05:30,2939.10009765625,2945.300048828125,2938.10009765625,2942.5,51180.0,yahoo
ADANIENT,5m,2026-09-15T14:35:00+05:30,2941.800048828125,2947.39990234375,2940.10009765625,2943.0,40244.0,yahoo
ADANIENT,5m,2026-09-15T14:40:00+05:30,2943.0,2950.60009765625,2941.300048828125,2948.89990234375,39714.0,yahoo
ADANIENT,5m,2026-09-15T14:45:00+05:30,2948.800048828125,2949.10009765625,2933.10009765625,2935.0,54843.0,yahoo
ADANIENT,5m,2026-09-15T14:50:00+05:30,2936.199951171875,2944.0,2935.300048828125,2939.89990234375,43510.0,yahoo
ADANIENT,5m,2026-09-15T14:55:00+05:30,2939.89990234375,2942.800048828125,2939.0,2939.60009765625,57230.0,yahoo
ADANIENT,5m,2026-09-15T15:00:00+05:30,2938.800048828125,2939.0,2935.0,2938.0,52318.0,yahoo
ADANIENT,5m,2026-09-15T15:05:00+05:30,2938.10009765625,2938.10009765625,2929.0,2933.5,70294.0,yahoo
ADANIENT,5m,2026-09-15T15:10:00+05:30,2934.199951171875,2934.199951171875,2927.199951171875,2928.60009765625,99715.0,yahoo
ADANIPORTS,5m,2026-09-15T09:15:00+05:30,1779.0999755859375,1779.5,1758.5999755859375,1759.0999755859375,0.0,yahoo
ADANIPORTS,5m,2026-09-15T09:20:00+05:30,1759.0,1760.199951171875,1753.5999755859375,1755.9000244140625,53865.0,yahoo
ADANIPORTS,5m,2026-09-15T09:25:00+05:30,1755.199951171875,1755.199951171875,1747.199951171875,1747.699951171875,36481.0,yahoo
ADANIPORTS,5m,2026-09-15T09:30:00+05:30,1748.0999755859375,1749.199951171875,1745.0999755859375,1745.5999755859375,23232.0,yahoo
ADANIPORTS,5m,2026-09-15T09:35:00+05:30,1745.5999755859375,1746.800048828125,1744.5999755859375,1746.800048828125,11160.0,yahoo
ADANIPORTS,5m,2026-09-15T09:40:00+05:30,1746.5,1748.800048828125,1746.0,1746.4000244140625,10872.0,yahoo
ADANIPORTS,5m,2026-09-15T09:45:00+05:30,1745.0,1745.0,1740.300048828125,1740.300048828125,17487.0,yahoo
ADANIPORTS,5m,2026-09-15T09:50:00+05:30,1740.0999755859375,1742.800048828125,1739.5,1740.4000244140625,17668.0,yahoo
ADANIPORTS,5m,2026-09-15T09:55:00+05:30,1740.5999755859375,1740.9000244140625,1738.199951171875,1740.0,16642.0,yahoo
ADANIPORTS,5m,2026-09-15T10:00:00+05:30,1740.0,1740.5999755859375,1738.4000244140625,1739.800048828125,10445.0,yahoo
ADANIPORTS,5m,2026-09-15T10:05:00+05:30,1739.699951171875,1741.800048828125,1739.5,1741.0999755859375,12911.0,yahoo
ADANIPORTS,5m,2026-09-15T10:10:00+05:30,1740.9000244140625,1746.199951171875,1740.5,1743.5,10583.0,yahoo
ADANIPORTS,5m,2026-09-15T10:15:00+05:30,1743.300048828125,1743.800048828125,1742.0999755859375,1742.699951171875,4725.0,yahoo
ADANIPORTS,5m,2026-09-15T10:20:00+05:30,1742.800048828125,1745.0999755859375,1741.4000244140625,1744.5,3944.0,yahoo
ADANIPORTS,5m,2026-09-15T10:25:00+05:30,1744.5,1744.5,1741.199951171875,1742.0,5833.0,yahoo
ADANIPORTS,5m,2026-09-15T10:30:00+05:30,1742.199951171875,1744.300048828125,1741.5,1744.300048828125,13719.0,yahoo
ADANIPORTS,5m,2026-09-15T10:35:00+05:30,1744.5999755859375,1745.800048828125,1744.199951171875,1745.4000244140625,4515.0,yahoo
ADANIPORTS,5m,2026-09-15T10:40:00+05:30,1745.4000244140625,1745.4000244140625,1740.699951171875,1740.699951171875,15174.0,yahoo
ADANIPORTS,5m,2026-09-15T10:45:00+05:30,1740.5999755859375,1742.800048828125,1740.0,1741.699951171875,14026.0,yahoo
ADANIPORTS,5m,2026-09-15T10:50:00+05:30,1741.5999755859375,1742.800048828125,1741.199951171875,1742.800048828125,8226.0,yahoo
ADANIPORTS,5m,2026-09-15T10:55:00+05:30,1742.699951171875,1743.0999755859375,1742.0,1742.5,3669.0,yahoo
ADANIPORTS,5m,2026-09-15T11:00:00+05:30,1742.5,1742.5999755859375,1739.300048828125,1742.5999755859375,20193.0,yahoo
ADANIPORTS,5m,2026-09-15T11:05:00+05:30,1741.9000244140625,1741.9000244140625,1739.300048828125,1739.5999755859375,5676.0,yahoo
ADANIPORTS,5m,2026-09-15T11:10:00+05:30,1739.5,1742.5,1738.800048828125,1742.199951171875,9273.0,yahoo
ADANIPORTS,5m,2026-09-15T11:15:00+05:30,1742.199951171875,1742.9000244140625,1739.5999755859375,1740.0,5486.0,yahoo
ADANIPORTS,5m,2026-09-15T11:20:00+05:30,1739.699951171875,1741.300048828125,1738.5999755859375,1741.199951171875,12046.0,yahoo
ADANIPORTS,5m,2026-09-15T11:25:00+05:30,1741.4000244140625,1742.0999755859375,1739.5,1740.199951171875,12615.0,yahoo
ADANIPORTS,5m,2026-09-15T11:30:00+05:30,1740.0,1748.300048828125,1739.0,1748.0,46883.0,yahoo
ADANIPORTS,5m,2026-09-15T11:35:00+05:30,1747.5,1751.300048828125,1747.5,1750.4000244140625,64362.0,yahoo
ADANIPORTS,5m,2026-09-15T11:40:00+05:30,1750.300048828125,1751.0,1748.199951171875,1750.5999755859375,12935.0,yahoo
ADANIPORTS,5m,2026-09-15T11:45:00+05:30,1750.9000244140625,1751.5,1749.199951171875,1749.199951171875,29720.0,yahoo
ADANIPORTS,5m,2026-09-15T11:50:00+05:30,1749.699951171875,1750.0,1748.0,1748.5999755859375,6351.0,yahoo
ADANIPORTS,5m,2026-09-15T11:55:00+05:30,1748.5,1748.5,1747.0999755859375,1747.5,3782.0,yahoo
ADANIPORTS,5m,2026-09-15T12:00:00+05:30,1747.4000244140625,1748.5,1746.5,1747.800048828125,8925.0,yahoo
ADANIPORTS,5m,2026-09-15T12:05:00+05:30,1747.5999755859375,1748.300048828125,1745.800048828125,1745.800048828125,13535.0,yahoo
ADANIPORTS,5m,2026-09-15T12:10:00+05:30,1745.800048828125,1746.800048828125,1745.300048828125,1746.800048828125,10629.0,yahoo
ADANIPORTS,5m,2026-09-15T12:15:00+05:30,1746.800048828125,1748.0999755859375,1746.199951171875,1747.300048828125,4175.0,yahoo
ADANIPORTS,5m,2026-09-15T12:20:00+05:30,1747.300048828125,1748.0999755859375,1745.800048828125,1748.0,7939.0,yahoo
ADANIPORTS,5m,2026-09-15T12:25:00+05:30,1748.0999755859375,1749.199951171875,1747.5,1747.5,3991.0,yahoo
ADANIPORTS,5m,2026-09-15T12:30:00+05:30,1747.9000244140625,1748.0,1745.5,1746.199951171875,8133.0,yahoo
ADANIPORTS,5m,2026-09-15T12:35:00+05:30,1746.0999755859375,1747.0,1744.0,1745.0,10494.0,yahoo
ADANIPORTS,5m,2026-09-15T12:40:00+05:30,1745.0,1745.800048828125,1744.300048828125,1744.5,7235.0,yahoo
ADANIPORTS,5m,2026-09-15T12:45:00+05:30,1744.5,1745.4000244140625,1743.5999755859375,1744.199951171875,5409.0,yahoo
ADANIPORTS,5m,2026-09-15T12:50:00+05:30,1744.199951171875,1746.5,1743.699951171875,1744.5999755859375,4145.0,yahoo
ADANIPORTS,5m,2026-09-15T12:55:00+05:30,1745.300048828125,1745.5999755859375,1743.699951171875,1744.0,8634.0,yahoo
ADANIPORTS,5m,2026-09-15T13:00:00+05:30,1744.0,1745.0,1743.5,1744.800048828125,7631.0,yahoo
ADANIPORTS,5m,2026-09-15T13:05:00+05:30,1744.0999755859375,1745.300048828125,1743.5999755859375,1744.0999755859375,5489.0,yahoo
ADANIPORTS,5m,2026-09-15T13:10:00+05:30,1744.5999755859375,1745.0,1741.0,1741.800048828125,11420.0,yahoo
ADANIPORTS,5m,2026-09-15T13:15:00+05:30,1741.5999755859375,1742.9000244140625,1740.699951171875,1741.699951171875,10183.0,yahoo
ADANIPORTS,5m,2026-09-15T13:20:00+05:30,1741.5999755859375,1742.4000244140625,1738.699951171875,1740.300048828125,13143.0,yahoo
ADANIPORTS,5m,2026-09-15T13:25:00+05:30,1740.0,1741.199951171875,1738.199951171875,1740.4000244140625,25296.0,yahoo
ADANIPORTS,5m,2026-09-15T13:30:00+05:30,1740.199951171875,1740.699951171875,1738.199951171875,1739.5999755859375,16048.0,yahoo
ADANIPORTS,5m,2026-09-15T13:35:00+05:30,1739.5999755859375,1741.0,1737.5,1737.9000244140625,18566.0,yahoo
ADANIPORTS,5m,2026-09-15T13:40:00+05:30,1737.5999755859375,1738.5999755859375,1736.9000244140625,1737.800048828125,16577.0,yahoo
ADANIPORTS,5m,2026-09-15T13:45:00+05:30,1737.800048828125,1738.699951171875,1737.300048828125,1738.699951171875,9865.0,yahoo
ADANIPORTS,5m,2026-09-15T13:50:00+05:30,1737.9000244140625,1740.0,1737.9000244140625,1739.0999755859375,8713.0,yahoo
ADANIPORTS,5m,2026-09-15T13:55:00+05:30,1739.0999755859375,1740.5,1738.800048828125,1739.800048828125,9164.0,yahoo
ADANIPORTS,5m,2026-09-15T14:00:00+05:30,1738.800048828125,1740.0,1738.5,1739.4000244140625,15147.0,yahoo
ADANIPORTS,5m,2026-09-15T14:05:00+05:30,1738.5,1739.0,1736.800048828125,1738.0999755859375,18118.0,yahoo
ADANIPORTS,5m,2026-09-15T14:10:00+05:30,1737.5,1738.0,1732.800048828125,1732.800048828125,50318.0,yahoo
ADANIPORTS,5m,2026-09-15T14:15:00+05:30,1732.800048828125,1733.0999755859375,1728.199951171875,1728.5999755859375,53696.0,yahoo
ADANIPORTS,5m,2026-09-15T14:20:00+05:30,1729.300048828125,1731.699951171875,1728.5999755859375,1730.699951171875,20186.0,yahoo
ADANIPORTS,5m,2026-09-15T14:25:00+05:30,1729.9000244140625,1731.0,1727.699951171875,1729.800048828125,33938.0,yahoo
ADANIPORTS,5m,2026-09-15T14:30:00+05:30,1730.800048828125,1730.800048828125,1729.300048828125,1729.5,17630.0,yahoo
ADANIPORTS,5m,2026-09-15T14:35:00+05:30,1728.9000244140625,1731.0,1728.0,1730.0999755859375,23200.0,yahoo
ADANIPORTS,5m,2026-09-15T14:40:00+05:30,1729.9000244140625,1733.5,1729.5,1732.699951171875,17100.0,yahoo
ADANIPORTS,5m,2026-09-15T14:45:00+05:30,1732.699951171875,1732.699951171875,1726.699951171875,1727.800048828125,27539.0,yahoo
ADANIPORTS,5m,2026-09-15T14:50:00+05:30,1728.300048828125,1730.9000244140625,1727.199951171875,1728.4000244140625,55062.0,yahoo
ADANIPORTS,5m,2026-09-15T14:55:00+05:30,1728.4000244140625,1729.300048828125,1727.0999755859375,1728.300048828125,30622.0,yahoo
ADANIPORTS,5m,2026-09-15T15:00:00+05:30,1728.199951171875,1728.699951171875,1726.4000244140625,1728.199951171875,54360.0,yahoo
ADANIPORTS,5m,2026-09-15T15:05:00+05:30,1728.300048828125,1728.300048828125,1725.4000244140625,1727.300048828125,37944.0,yahoo
ADANIPORTS,5m,2026-09-15T15:10:00+05:30,1727.5,1727.800048828125,1721.4000244140625,1721.4000244140625,68454.0,yahoo
ADANIPORTS,5m,2026-09-15T15:15:00+05:30,1721.0,1721.0,1713.800048828125,1713.800048828125,68855.0,yahoo
APOLLOHOSP,5m,2026-09-15T09:15:00+05:30,8910.0,8927.0,8886.0,8889.5,0.0,yahoo
APOLLOHOSP,5m,2026-09-15T09:20:00+05:30,8889.5,8892.0,8870.5,8876.0,8050.0,yahoo
APOLLOHOSP,5m,2026-09-15T09:25:00+05:30,8874.5,8881.5,8855.5,8861.5,4982.0,yahoo
APOLLOHOSP,5m,2026-09-15T09:30:00+05:30,8867.0,8886.5,8860.0,8885.0,12253.0,yahoo
APOLLOHOSP,5m,2026-09-15T09:35:00+05:30,8886.5,8891.0,8865.5,8866.5,7076.0,yahoo
APOLLOHOSP,5m,2026-09-15T09:40:00+05:30,8866.5,8866.5,8853.0,8863.0,4281.0,yahoo
APOLLOHOSP,5m,2026-09-15T09:45:00+05:30,8864.0,8864.5,8848.0,8850.0,2292.0,yahoo
APOLLOHOSP,5m,2026-09-15T09:50:00+05:30,8850.5,8851.5,8847.0,8847.0,2287.0,yahoo
APOLLOHOSP,5m,2026-09-15T09:55:00+05:30,8845.0,8845.0,8834.0,8834.0,3631.0,yahoo
APOLLOHOSP,5m,2026-09-15T10:00:00+05:30,8834.5,8834.5,8821.0,8829.0,1554.0,yahoo
APOLLOHOSP,5m,2026-09-15T10:05:00+05:30,8829.0,8848.5,8820.0,8843.5,8261.0,yahoo
APOLLOHOSP,5m,2026-09-15T10:10:00+05:30,8845.0,8848.0,8832.0,8838.5,2707.0,yahoo
APOLLOHOSP,5m,2026-09-15T10:15:00+05:30,8836.0,8839.5,8820.5,8821.0,1691.0,yahoo
APOLLOHOSP,5m,2026-09-15T10:20:00+05:30,8821.5,8827.5,8820.0,8827.0,1282.0,yahoo
APOLLOHOSP,5m,2026-09-15T10:25:00+05:30,8826.5,8830.5,8822.0,8829.5,1064.0,yahoo
APOLLOHOSP,5m,2026-09-15T10:30:00+05:30,8829.0,8834.0,8828.0,8833.0,1163.0,yahoo
APOLLOHOSP,5m,2026-09-15T10:35:00+05:30,8833.5,8833.5,8826.5,8830.5,909.0,yahoo
APOLLOHOSP,5m,2026-09-15T10:40:00+05:30,8830.5,8830.5,8818.0,8818.0,1797.0,yahoo
APOLLOHOSP,5m,2026-09-15T10:45:00+05:30,8819.0,8819.0,8812.5,8817.5,1230.0,yahoo
APOLLOHOSP,5m,2026-09-15T10:50:00+05:30,8817.5,8822.0,8812.5,8813.5,849.0,yahoo
APOLLOHOSP,5m,2026-09-15T10:55:00+05:30,8813.5,8815.0,8810.0,8814.5,888.0,yahoo
APOLLOHOSP,5m,2026-09-15T11:00:00+05:30,8814.5,8826.0,8814.0,8826.0,939.0,yahoo
APOLLOHOSP,5m,2026-09-15T11:05:00+05:30,8826.0,8835.5,8825.5,8829.0,1175.0,yahoo
APOLLOHOSP,5m,2026-09-15T11:10:00+05:30,8829.0,8831.0,8827.5,8829.5,859.0,yahoo
APOLLOHOSP,5m,2026-09-15T11:15:00+05:30,8829.5,8838.0,8821.0,8823.5,1562.0,yahoo
APOLLOHOSP,5m,2026-09-15T11:20:00+05:30,8823.5,8832.5,8823.5,8832.0,698.0,yahoo
APOLLOHOSP,5m,2026-09-15T11:25:00+05:30,8832.0,8836.0,8812.0,8820.0,3086.0,yahoo
APOLLOHOSP,5m,2026-09-15T11:30:00+05:30,8819.0,8820.0,8811.0,8819.5,1022.0,yahoo
APOLLOHOSP,5m,2026-09-15T11:35:00+05:30,8819.5,8819.5,8814.0,8816.5,1513.0,yahoo
APOLLOHOSP,5m,2026-09-15T11:40:00+05:30,8816.5,8816.5,8813.0,8814.5,1045.0,yahoo
APOLLOHOSP,5m,2026-09-15T11:45:00+05:30,8814.5,8814.5,8814.0,8814.5,400.0,yahoo
APOLLOHOSP,5m,2026-09-15T11:50:00+05:30,8810.0,8814.0,8808.5,8810.5,1861.0,yahoo
APOLLOHOSP,5m,2026-09-15T11:55:00+05:30,8808.5,8814.0,8808.5,8811.0,868.0,yahoo
APOLLOHOSP,5m,2026-09-15T12:00:00+05:30,8811.0,8825.0,8809.5,8821.0,7436.0,yahoo
APOLLOHOSP,5m,2026-09-15T12:05:00+05:30,8821.0,8821.0,8809.0,8811.0,1184.0,yahoo
APOLLOHOSP,5m,2026-09-15T12:10:00+05:30,8811.0,8816.5,8807.5,8815.5,1183.0,yahoo
APOLLOHOSP,5m,2026-09-15T12:15:00+05:30,8816.0,8818.5,8812.5,8814.0,874.0,yahoo
APOLLOHOSP,5m,2026-09-15T12:20:00+05:30,8814.0,8817.0,8813.5,8816.5,1313.0,yahoo
APOLLOHOSP,5m,2026-09-15T12:25:00+05:30,8812.0,8819.5,8810.5,8818.5,890.0,yahoo
APOLLOHOSP,5m,2026-09-15T12:30:00+05:30,8819.0,8819.0,8805.0,8805.0,1360.0,yahoo
APOLLOHOSP,5m,2026-09-15T12:35:00+05:30,8805.0,8810.0,8801.5,8803.5,1093.0,yahoo
APOLLOHOSP,5m,2026-09-15T12:40:00+05:30,8803.5,8804.5,8800.5,8801.5,1121.0,yahoo
APOLLOHOSP,5m,2026-09-15T12:45:00+05:30,8801.5,8808.0,8801.5,8806.0,904.0,yahoo
APOLLOHOSP,5m,2026-09-15T12:50:00+05:30,8806.0,8809.0,8800.0,8804.0,1253.0,yahoo
APOLLOHOSP,5m,2026-09-15T12:55:00+05:30,8803.0,8804.0,8792.5,8797.0,1152.0,yahoo
APOLLOHOSP,5m,2026-09-15T13:00:00+05:30,8800.5,8800.5,8790.0,8795.0,983.0,yahoo
APOLLOHOSP,5m,2026-09-15T13:05:00+05:30,8795.0,8799.0,8792.0,8792.0,719.0,yahoo
APOLLOHOSP,5m,2026-09-15T13:10:00+05:30,8792.0,8797.5,8792.0,8797.0,902.0,yahoo
APOLLOHOSP,5m,2026-09-15T13:15:00+05:30,8797.0,8797.0,8782.0,8784.0,1390.0,yahoo
APOLLOHOSP,5m,2026-09-15T13:20:00+05:30,8784.0,8786.0,8775.5,8786.0,2173.0,yahoo
APOLLOHOSP,5m,2026-09-15T13:25:00+05:30,8784.0,8792.0,8780.5,8787.5,1306.0,yahoo
APOLLOHOSP,5m,2026-09-15T13:30:00+05:30,8785.0,8786.5,8780.0,8781.0,1276.0,yahoo
APOLLOHOSP,5m,2026-09-15T13:35:00+05:30,8780.5,8787.0,8771.5,8784.0,6762.0,yahoo
APOLLOHOSP,5m,2026-09-15T13:40:00+05:30,8784.0,8792.0,8780.0,8792.0,1511.0,yahoo
APOLLOHOSP,5m,2026-09-15T13:45:00+05:30,8790.5,8795.0,8788.0,8790.0,838.0,yahoo
APOLLOHOSP,5m,2026-09-15T13:50:00+05:30,8790.0,8790.5,8785.5,8786.5,575.0,yahoo
APOLLOHOSP,5m,2026-09-15T13:55:00+05:30,8785.5,8790.5,8785.0,8787.0,953.0,yahoo
APOLLOHOSP,5m,2026-09-15T14:00:00+05:30,8787.0,8792.0,8784.0,8789.0,832.0,yahoo
APOLLOHOSP,5m,2026-09-15T14:05:00+05:30,8789.0,8789.0,8780.5,8783.5,788.0,yahoo
APOLLOHOSP,5m,2026-09-15T14:10:00+05:30,8783.5,8784.5,8774.0,8778.5,5037.0,yahoo
APOLLOHOSP,5m,2026-09-15T14:15:00+05:30,8778.5,8784.0,8773.5,8778.0,1333.0,yahoo
APOLLOHOSP,5m,2026-09-15T14:20:00+05:30,8778.0,8782.0,8772.0,8777.5,1036.0,yahoo
APOLLOHOSP,5m,2026-09-15T14:25:00+05:30,8777.5,8779.0,8772.0,8773.5,1632.0,yahoo
APOLLOHOSP,5m,2026-09-15T14:30:00+05:30,8773.0,8777.0,8772.0,8773.0,1495.0,yahoo
APOLLOHOSP,5m,2026-09-15T14:35:00+05:30,8773.0,8819.0,8772.5,8812.0,15070.0,yahoo
APOLLOHOSP,5m,2026-09-15T14:40:00+05:30,8808.5,8812.5,8795.5,8798.5,3110.0,yahoo
APOLLOHOSP,5m,2026-09-15T14:45:00+05:30,8798.5,8798.5,8780.0,8788.5,2576.0,yahoo
APOLLOHOSP,5m,2026-09-15T14:50:00+05:30,8784.5,8794.5,8784.5,8785.0,3867.0,yahoo
APOLLOHOSP,5m,2026-09-15T14:55:00+05:30,8788.5,8793.5,8781.0,8785.0,5430.0,yahoo
APOLLOHOSP,5m,2026-09-15T15:00:00+05:30,8782.5,8784.5,8772.0,8780.0,12883.0,yahoo
APOLLOHOSP,5m,2026-09-15T15:05:00+05:30,8781.0,8781.0,8766.0,8766.5,6803.0,yahoo
APOLLOHOSP,5m,2026-09-15T15:10:00+05:30,8773.5,8787.5,8760.0,8770.0,9617.0,yahoo
APOLLOHOSP,5m,2026-09-15T15:15:00+05:30,8770.0,8770.0,8714.0,8714.0,10692.0,yahoo
ASIANPAINT,5m,2026-09-15T09:15:00+05:30,2456.39990234375,2458.0,2448.199951171875,2456.300048828125,0.0,yahoo
ASIANPAINT,5m,2026-09-15T09:20:00+05:30,2460.800048828125,2462.60009765625,2454.699951171875,2458.10009765625,10360.0,yahoo
ASIANPAINT,5m,2026-09-15T09:25:00+05:30,2459.199951171875,2459.199951171875,2454.10009765625,2456.60009765625,7652.0,yahoo
ASIANPAINT,5m,2026-09-15T09:30:00+05:30,2455.199951171875,2456.89990234375,2453.300048828125,2456.10009765625,8879.0,yahoo
ASIANPAINT,5m,2026-09-15T09:35:00+05:30,2456.800048828125,2458.5,2455.699951171875,2458.10009765625,7078.0,yahoo
ASIANPAINT,5m,2026-09-15T09:40:00+05:30,2458.10009765625,2462.39990234375,2456.39990234375,2461.0,6987.0,yahoo
ASIANPAINT,5m,2026-09-15T09:45:00+05:30,2461.0,2461.0,2455.0,2455.0,3540.0,yahoo
ASIANPAINT,5m,2026-09-15T09:50:00+05:30,2454.800048828125,2455.5,2453.800048828125,2454.0,3983.0,yahoo
ASIANPAINT,5m,2026-09-15T09:55:00+05:30,2454.5,2454.5,2443.199951171875,2447.60009765625,27883.0,yahoo
ASIANPAINT,5m,2026-09-15T10:00:00+05:30,2447.699951171875,2447.699951171875,2440.0,2442.39990234375,10355.0,yahoo
ASIANPAINT,5m,2026-09-15T10:05:00+05:30,2442.39990234375,2442.39990234375,2440.199951171875,2441.89990234375,3399.0,yahoo
ASIANPAINT,5m,2026-09-15T10:10:00+05:30,2442.10009765625,2446.60009765625,2440.0,2445.60009765625,4798.0,yahoo
ASIANPAINT,5m,2026-09-15T10:15:00+05:30,2445.60009765625,2446.300048828125,2443.199951171875,2445.199951171875,4552.0,yahoo
ASIANPAINT,5m,2026-09-15T10:20:00+05:30,2445.60009765625,2445.800048828125,2443.89990234375,2445.800048828125,2036.0,yahoo
ASIANPAINT,5m,2026-09-15T10:25:00+05:30,2445.39990234375,2445.5,2442.5,2442.5,2884.0,yahoo
ASIANPAINT,5m,2026-09-15T10:30:00+05:30,2442.0,2442.699951171875,2439.10009765625,2440.800048828125,5426.0,yahoo
ASIANPAINT,5m,2026-09-15T10:35:00+05:30,2440.800048828125,2443.10009765625,2440.10009765625,2442.800048828125,2096.0,yahoo
ASIANPAINT,5m,2026-09-15T10:40:00+05:30,2442.5,2443.10009765625,2438.60009765625,2439.300048828125,6018.0,yahoo
ASIANPAINT,5m,2026-09-15T10:45:00+05:30,2439.300048828125,2439.39990234375,2438.10009765625,2438.10009765625,2590.0,yahoo
ASIANPAINT,5m,2026-09-15T10:50:00+05:30,2438.0,2440.60009765625,2436.0,2440.300048828125,12548.0,yahoo
ASIANPAINT,5m,2026-09-15T10:55:00+05:30,2440.300048828125,2440.300048828125,2436.5,2437.199951171875,6265.0,yahoo
ASIANPAINT,5m,2026-09-15T11:00:00+05:30,2437.199951171875,2438.800048828125,2436.199951171875,2438.800048828125,3482.0,yahoo
ASIANPAINT,5m,2026-09-15T11:05:00+05:30,2438.699951171875,2438.699951171875,2436.800048828125,2437.199951171875,1218.0,yahoo
ASIANPAINT,5m,2026-09-15T11:10:00+05:30,2437.300048828125,2438.199951171875,2436.0,2437.300048828125,2997.0,yahoo
ASIANPAINT,5m,2026-09-15T11:15:00+05:30,2436.89990234375,2439.39990234375,2435.10009765625,2436.0,3125.0,yahoo
ASIANPAINT,5m,2026-09-15T11:20:00+05:30,2435.5,2436.10009765625,2435.10009765625,2436.10009765625,1146.0,yahoo
ASIANPAINT,5m,2026-09-15T11:25:00+05:30,2436.10009765625,2436.10009765625,2434.60009765625,2435.60009765625,4369.0,yahoo
ASIANPAINT,5m,2026-09-15T11:30:00+05:30,2435.60009765625,2435.60009765625,2434.10009765625,2434.300048828125,2111.0,yahoo
ASIANPAINT,5m,2026-09-15T11:35:00+05:30,2435.0,2436.10009765625,2434.300048828125,2435.60009765625,2665.0,yahoo
ASIANPAINT,5m,2026-09-15T11:40:00+05:30,2435.60009765625,2435.60009765625,2433.10009765625,2433.5,2186.0,yahoo
ASIANPAINT,5m,2026-09-15T11:45:00+05:30,2433.800048828125,2434.199951171875,2432.10009765625,2432.699951171875,3427.0,yahoo
ASIANPAINT,5m,2026-09-15T11:50:00+05:30,2431.300048828125,2431.60009765625,2429.10009765625,2429.699951171875,6133.0,yahoo
ASIANPAINT,5m,2026-09-15T11:55:00+05:30,2429.699951171875,2431.89990234375,2428.699951171875,2431.89990234375,3854.0,yahoo
ASIANPAINT,5m,2026-09-15T12:00:00+05:30,2431.5,2433.699951171875,2431.39990234375,2432.699951171875,2570.0,yahoo
ASIANPAINT,5m,2026-09-15T12:05:00+05:30,2434.39990234375,2434.5,2431.0,2431.0,5733.0,yahoo
ASIANPAINT,5m,2026-09-15T12:10:00+05:30,2430.800048828125,2432.89990234375,2430.800048828125,2432.300048828125,6463.0,yahoo
ASIANPAINT,5m,2026-09-15T12:15:00+05:30,2432.39990234375,2432.89990234375,2430.10009765625,2430.800048828125,1279.0,yahoo
ASIANPAINT,5m,2026-09-15T12:20:00+05:30,2430.800048828125,2433.10009765625,2430.699951171875,2432.60009765625,1924.0,yahoo
ASIANPAINT,5m,2026-09-15T12:25:00+05:30,2432.60009765625,2433.39990234375,2431.199951171875,2432.800048828125,2696.0,yahoo
ASIANPAINT,5m,2026-09-15T12:30:00+05:30,2433.300048828125,2433.300048828125,2427.60009765625,2428.199951171875,4067.0,yahoo
ASIANPAINT,5m,2026-09-15T12:35:00+05:30,2428.300048828125,2430.300048828125,2426.800048828125,2427.60009765625,2673.0,yahoo
ASIANPAINT,5m,2026-09-15T12:40:00+05:30,2427.0,2427.60009765625,2426.300048828125,2426.300048828125,2224.0,yahoo
ASIANPAINT,5m,2026-09-15T12:45:00+05:30,2426.0,2428.89990234375,2425.699951171875,2428.39990234375,2638.0,yahoo
ASIANPAINT,5m,2026-09-15T12:50:00+05:30,2427.699951171875,2430.60009765625,2427.0,2427.5,2419.0,yahoo
ASIANPAINT,5m,2026-09-15T12:55:00+05:30,2427.39990234375,2428.89990234375,2425.800048828125,2426.699951171875,1996.0,yahoo
ASIANPAINT,5m,2026-09-15T13:00:00+05:30,2426.60009765625,2427.5,2425.199951171875,2425.89990234375,3347.0,yahoo
ASIANPAINT,5m,2026-09-15T13:05:00+05:30,2426.89990234375,2427.5,2425.300048828125,2425.300048828125,2237.0,yahoo
ASIANPAINT,5m,2026-09-15T13:10:00+05:30,2425.199951171875,2426.60009765625,2423.199951171875,2425.5,9789.0,yahoo
ASIANPAINT,5m,2026-09-15T13:15:00+05:30,2426.0,2426.10009765625,2423.199951171875,2425.10009765625,2227.0,yahoo
ASIANPAINT,5m,2026-09-15T13:20:00+05:30,2425.0,2426.699951171875,2422.800048828125,2424.60009765625,10068.0,yahoo
ASIANPAINT,5m,2026-09-15T13:25:00+05:30,2424.699951171875,2426.60009765625,2424.60009765625,2424.89990234375,2774.0,yahoo
ASIANPAINT,5m,2026-09-15T13:30:00+05:30,2425.0,2425.89990234375,2422.800048828125,2424.300048828125,3781.0,yahoo
ASIANPAINT,5m,2026-09-15T13:35:00+05:30,2424.0,2425.5,2423.60009765625,2423.60009765625,2264.0,yahoo
ASIANPAINT,5m,2026-09-15T13:40:00+05:30,2423.60009765625,2424.5,2421.5,2421.699951171875,2409.0,yahoo
ASIANPAINT,5m,2026-09-15T13:45:00+05:30,2421.699951171875,2426.199951171875,2421.699951171875,2426.199951171875,6106.0,yahoo
ASIANPAINT,5m,2026-09-15T13:50:00+05:30,2426.5,2426.89990234375,2423.89990234375,2425.800048828125,3021.0,yahoo
ASIANPAINT,5m,2026-09-15T13:55:00+05:30,2425.800048828125,2427.60009765625,2425.0,2426.5,3799.0,yahoo
ASIANPAINT,5m,2026-09-15T14:00:00+05:30,2426.39990234375,2429.0,2425.699951171875,2427.5,3686.0,yahoo
ASIANPAINT,5m,2026-09-15T14:05:00+05:30,2428.39990234375,2428.60009765625,2425.0,2426.199951171875,4031.0,yahoo
ASIANPAINT,5m,2026-09-15T14:10:00+05:30,2425.300048828125,2426.39990234375,2423.0,2423.300048828125,4630.0,yahoo
ASIANPAINT,5m,2026-09-15T14:15:00+05:30,2422.60009765625,2422.800048828125,2416.300048828125,2416.300048828125,11437.0,yahoo
ASIANPAINT,5m,2026-09-15T14:20:00+05:30,2416.300048828125,2417.699951171875,2415.699951171875,2416.699951171875,8167.0,yahoo
ASIANPAINT,5m,2026-09-15T14:25:00+05:30,2415.800048828125,2416.89990234375,2415.10009765625,2415.10009765625,5545.0,yahoo
ASIANPAINT,5m,2026-09-15T14:30:00+05:30,2415.60009765625,2416.89990234375,2415.0,2416.0,5812.0,yahoo
ASIANPAINT,5m,2026-09-15T14:35:00+05:30,2416.10009765625,2416.89990234375,2415.199951171875,2416.89990234375,3642.0,yahoo
ASIANPAINT,5m,2026-09-15T14:40:00+05:30,2416.39990234375,2416.699951171875,2415.39990234375,2416.0,3187.0,yahoo
ASIANPAINT,5m,2026-09-15T14:45:00+05:30,2416.10009765625,2416.199951171875,2407.0,2408.199951171875,12170.0,yahoo
ASIANPAINT,5m,2026-09-15T14:50:00+05:30,2407.699951171875,2415.89990234375,2407.39990234375,2415.10009765625,19130.0,yahoo
ASIANPAINT,5m,2026-09-15T14:55:00+05:30,2415.0,2416.89990234375,2414.300048828125,2415.89990234375,24638.0,yahoo
ASIANPAINT,5m,2026-09-15T15:00:00+05:30,2416.199951171875,2418.0,2415.0,2417.89990234375,15996.0,yahoo
ASIANPAINT,5m,2026-09-15T15:05:00+05:30,2417.300048828125,2418.0,2415.0,2416.10009765625,15400.0,yahoo
ASIANPAINT,5m,2026-09-15T15:10:00+05:30,2415.199951171875,2420.10009765625,2411.0,2411.800048828125,39916.0,yahoo
ASIANPAINT,5m,2026-09-15T15:15:00+05:30,2410.0,2410.0,2402.800048828125,2402.800048828125,58519.0,yahoo
ATHERENERG,5m,2026-09-15T09:15:00+05:30,1660.0,1660.0,1628.0999755859375,1632.9000244140625,0.0,yahoo
ATHERENERG,5m,2026-09-15T09:20:00+05:30,1632.0,1644.800048828125,1631.300048828125,1641.0,98911.0,yahoo
ATHERENERG,5m,2026-09-15T09:25:00+05:30,1640.800048828125,1641.300048828125,1623.5,1624.0999755859375,140648.0,yahoo
ATHERENERG,5m,2026-09-15T09:30:00+05:30,1624.0999755859375,1625.0,1616.699951171875,1622.0999755859375,131017.0,yahoo
ATHERENERG,5m,2026-09-15T09:35:00+05:30,1622.0,1626.0,1621.5999755859375,1624.199951171875,40096.0,yahoo
ATHERENERG,5m,2026-09-15T09:40:00+05:30,1624.4000244140625,1630.0999755859375,1622.199951171875,1623.300048828125,55604.0,yahoo
ATHERENERG,5m,2026-09-15T09:45:00+05:30,1622.699951171875,1623.5999755859375,1615.5999755859375,1615.699951171875,57105.0,yahoo
ATHERENERG,5m,2026-09-15T09:50:00+05:30,1614.4000244140625,1617.5999755859375,1601.199951171875,1603.0,171197.0,yahoo
ATHERENERG,5m,2026-09-15T09:55:00+05:30,1603.0,1607.0,1601.0,1601.800048828125,79328.0,yahoo
ATHERENERG,5m,2026-09-15T10:00:00+05:30,1600.800048828125,1601.800048828125,1596.0,1601.0999755859375,102434.0,yahoo
ATHERENERG,5m,2026-09-15T10:05:00+05:30,1601.199951171875,1603.699951171875,1597.0,1602.800048828125,41525.0,yahoo
ATHERENERG,5m,2026-09-15T10:10:00+05:30,1603.0999755859375,1607.0,1600.699951171875,1600.699951171875,60170.0,yahoo
ATHERENERG,5m,2026-09-15T10:15:00+05:30,1600.800048828125,1604.300048828125,1599.0,1602.5999755859375,39375.0,yahoo
ATHERENERG,5m,2026-09-15T10:20:00+05:30,1602.5999755859375,1606.0999755859375,1600.5999755859375,1606.0999755859375,22395.0,yahoo
ATHERENERG,5m,2026-09-15T10:25:00+05:30,1605.5,1606.300048828125,1604.0999755859375,1604.800048828125,21422.0,yahoo
ATHERENERG,5m,2026-09-15T10:30:00+05:30,1604.800048828125,1608.0999755859375,1603.9000244140625,1607.0,25627.0,yahoo
ATHERENERG,5m,2026-09-15T10:35:00+05:30,1607.0,1607.800048828125,1606.0,1607.699951171875,31329.0,yahoo
ATHERENERG,5m,2026-09-15T10:40:00+05:30,1608.4000244140625,1608.5,1600.0999755859375,1600.4000244140625,32337.0,yahoo
ATHERENERG,5m,2026-09-15T10:45:00+05:30,1601.300048828125,1603.5,1598.0,1603.0,46150.0,yahoo
ATHERENERG,5m,2026-09-15T10:50:00+05:30,1603.0999755859375,1605.699951171875,1603.0,1603.5,14757.0,yahoo
ATHERENERG,5m,2026-09-15T10:55:00+05:30,1603.5,1603.9000244140625,1602.300048828125,1603.0,10483.0,yahoo
ATHERENERG,5m,2026-09-15T11:00:00+05:30,1602.800048828125,1603.300048828125,1599.4000244140625,1600.5999755859375,24995.0,yahoo
ATHERENERG,5m,2026-09-15T11:05:00+05:30,1601.9000244140625,1603.0999755859375,1598.4000244140625,1600.300048828125,18228.0,yahoo
ATHERENERG,5m,2026-09-15T11:10:00+05:30,1600.0,1600.0,1590.0999755859375,1590.9000244140625,71892.0,yahoo
ATHERENERG,5m,2026-09-15T11:15:00+05:30,1590.699951171875,1591.0999755859375,1585.0,1586.199951171875,77366.0,yahoo
ATHERENERG,5m,2026-09-15T11:20:00+05:30,1586.199951171875,1593.5,1584.4000244140625,1593.300048828125,40542.0,yahoo
ATHERENERG,5m,2026-09-15T11:25:00+05:30,1593.0,1593.0,1589.0,1590.9000244140625,25810.0,yahoo
ATHERENERG,5m,2026-09-15T11:30:00+05:30,1590.9000244140625,1592.0,1588.800048828125,1590.199951171875,19091.0,yahoo
ATHERENERG,5m,2026-09-15T11:35:00+05:30,1590.4000244140625,1591.0,1586.4000244140625,1588.0,31289.0,yahoo
ATHERENERG,5m,2026-09-15T11:40:00+05:30,1588.0,1588.5999755859375,1580.199951171875,1582.199951171875,78749.0,yahoo
ATHERENERG,5m,2026-09-15T11:45:00+05:30,1581.0,1585.0,1577.4000244140625,1577.9000244140625,59426.0,yahoo
ATHERENERG,5m,2026-09-15T11:50:00+05:30,1577.800048828125,1585.0,1577.0,1579.300048828125,47539.0,yahoo
ATHERENERG,5m,2026-09-15T11:55:00+05:30,1579.300048828125,1579.9000244140625,1578.0,1578.4000244140625,26484.0,yahoo
ATHERENERG,5m,2026-09-15T12:00:00+05:30,1578.5999755859375,1581.5999755859375,1578.199951171875,1581.0,18715.0,yahoo
ATHERENERG,5m,2026-09-15T12:05:00+05:30,1581.300048828125,1589.0999755859375,1581.0,1583.4000244140625,57480.0,yahoo
ATHERENERG,5m,2026-09-15T12:10:00+05:30,1583.300048828125,1583.800048828125,1574.199951171875,1576.300048828125,75763.0,yahoo
ATHERENERG,5m,2026-09-15T12:15:00+05:30,1577.0999755859375,1579.199951171875,1575.800048828125,1578.0,19961.0,yahoo
ATHERENERG,5m,2026-09-15T12:20:00+05:30,1577.9000244140625,1579.199951171875,1577.0999755859375,1577.699951171875,18254.0,yahoo
ATHERENERG,5m,2026-09-15T12:25:00+05:30,1577.199951171875,1578.699951171875,1576.0,1578.5,17130.0,yahoo
ATHERENERG,5m,2026-09-15T12:30:00+05:30,1580.0,1581.5,1578.5999755859375,1580.0,28680.0,yahoo
ATHERENERG,5m,2026-09-15T12:35:00+05:30,1580.5999755859375,1584.0,1580.0,1582.0,27785.0,yahoo
ATHERENERG,5m,2026-09-15T12:40:00+05:30,1582.699951171875,1583.0,1581.5,1581.699951171875,10770.0,yahoo
ATHERENERG,5m,2026-09-15T12:45:00+05:30,1581.5999755859375,1582.300048828125,1581.0999755859375,1582.0,10785.0,yahoo
ATHERENERG,5m,2026-09-15T12:50:00+05:30,1581.5,1583.0,1581.4000244140625,1583.0,11289.0,yahoo
ATHERENERG,5m,2026-09-15T12:55:00+05:30,1582.300048828125,1583.699951171875,1581.5,1582.0,15880.0,yahoo
ATHERENERG,5m,2026-09-15T13:00:00+05:30,1582.699951171875,1583.199951171875,1579.0,1579.0,18550.0,yahoo
ATHERENERG,5m,2026-09-15T13:05:00+05:30,1578.9000244140625,1580.199951171875,1571.0,1571.5,76463.0,yahoo
ATHERENERG,5m,2026-09-15T13:10:00+05:30,1571.699951171875,1573.0,1569.0,1570.5999755859375,71609.0,yahoo
ATHERENERG,5m,2026-09-15T13:15:00+05:30,1570.5999755859375,1571.199951171875,1567.699951171875,1570.199951171875,43032.0,yahoo
ATHERENERG,5m,2026-09-15T13:20:00+05:30,1570.5,1575.699951171875,1570.0,1575.0,38673.0,yahoo
ATHERENERG,5m,2026-09-15T13:25:00+05:30,1574.4000244140625,1577.199951171875,1572.5999755859375,1574.800048828125,24856.0,yahoo
ATHERENERG,5m,2026-09-15T13:30:00+05:30,1574.300048828125,1578.300048828125,1574.300048828125,1577.699951171875,29849.0,yahoo
ATHERENERG,5m,2026-09-15T13:35:00+05:30,1577.699951171875,1578.0,1574.5999755859375,1576.0,9913.0,yahoo
ATHERENERG,5m,2026-09-15T13:40:00+05:30,1576.0,1576.0,1572.4000244140625,1574.4000244140625,23394.0,yahoo
ATHERENERG,5m,2026-09-15T13:45:00+05:30,1574.4000244140625,1577.4000244140625,1573.199951171875,1577.0,22198.0,yahoo
ATHERENERG,5m,2026-09-15T13:50:00+05:30,1577.9000244140625,1580.0,1576.0,1579.4000244140625,20010.0,yahoo
ATHERENERG,5m,2026-09-15T13:55:00+05:30,1579.0,1580.0,1577.4000244140625,1579.699951171875,15824.0,yahoo
ATHERENERG,5m,2026-09-15T14:00:00+05:30,1579.5999755859375,1581.4000244140625,1578.5,1578.699951171875,16830.0,yahoo
ATHERENERG,5m,2026-09-15T14:05:00+05:30,1578.699951171875,1580.0,1577.5999755859375,1578.4000244140625,14006.0,yahoo
ATHERENERG,5m,2026-09-15T14:10:00+05:30,1577.9000244140625,1578.9000244140625,1576.5,1577.0,20860.0,yahoo
ATHERENERG,5m,2026-09-15T14:15:00+05:30,1576.9000244140625,1576.9000244140625,1572.5999755859375,1573.300048828125,31487.0,yahoo
ATHERENERG,5m,2026-09-15T14:20:00+05:30,1573.0999755859375,1576.5999755859375,1573.0999755859375,1574.699951171875,11767.0,yahoo
ATHERENERG,5m,2026-09-15T14:25:00+05:30,1574.699951171875,1575.0,1572.300048828125,1574.9000244140625,19092.0,yahoo
ATHERENERG,5m,2026-09-15T14:30:00+05:30,1574.800048828125,1576.5,1573.9000244140625,1576.5,13965.0,yahoo
ATHERENERG,5m,2026-09-15T14:35:00+05:30,1576.4000244140625,1576.5,1570.5999755859375,1572.9000244140625,47706.0,yahoo
ATHERENERG,5m,2026-09-15T14:40:00+05:30,1573.5999755859375,1575.699951171875,1571.9000244140625,1573.800048828125,22488.0,yahoo
ATHERENERG,5m,2026-09-15T14:45:00+05:30,1573.5,1574.0,1566.800048828125,1571.5999755859375,60823.0,yahoo
ATHERENERG,5m,2026-09-15T14:50:00+05:30,1571.300048828125,1573.199951171875,1569.0999755859375,1570.5999755859375,48015.0,yahoo
ATHERENERG,5m,2026-09-15T14:55:00+05:30,1570.5999755859375,1573.800048828125,1568.699951171875,1570.5,59438.0,yahoo
ATHERENERG,5m,2026-09-15T15:00:00+05:30,1570.0999755859375,1570.800048828125,1551.0,1558.5999755859375,169352.0,yahoo
ATHERENERG,5m,2026-09-15T15:05:00+05:30,1557.699951171875,1560.0999755859375,1551.0,1558.9000244140625,181144.0,yahoo
ATHERENERG,5m,2026-09-15T15:10:00+05:30,1558.699951171875,1569.4000244140625,1545.5999755859375,1569.4000244140625,257096.0,yahoo
ATHERENERG,5m,2026-09-15T15:15:00+05:30,1568.4000244140625,1568.5,1568.4000244140625,1568.5,24138.0,yahoo
AXISBANK,5m,2026-09-15T09:15:00+05:30,1253.199951171875,1253.199951171875,1238.0,1239.5999755859375,0.0,yahoo
AXISBANK,5m,2026-09-15T09:20:00+05:30,1239.4000244140625,1242.300048828125,1239.0,1240.5,147470.0,yahoo
AXISBANK,5m,2026-09-15T09:25:00+05:30,1240.5,1241.0,1239.9000244140625,1240.5999755859375,198282.0,yahoo
AXISBANK,5m,2026-09-15T09:30:00+05:30,1241.199951171875,1243.199951171875,1240.699951171875,1241.300048828125,54524.0,yahoo
AXISBANK,5m,2026-09-15T09:35:00+05:30,1241.300048828125,1241.4000244140625,1238.699951171875,1240.800048828125,57239.0,yahoo
AXISBANK,5m,2026-09-15T09:40:00+05:30,1240.5999755859375,1243.0,1240.199951171875,1241.5999755859375,36484.0,yahoo
AXISBANK,5m,2026-09-15T09:45:00+05:30,1241.699951171875,1241.699951171875,1240.0,1240.0999755859375,29218.0,yahoo
AXISBANK,5m,2026-09-15T09:50:00+05:30,1240.0999755859375,1240.699951171875,1239.4000244140625,1239.699951171875,200657.0,yahoo
AXISBANK,5m,2026-09-15T09:55:00+05:30,1240.0999755859375,1243.0999755859375,1238.5999755859375,1240.0,234575.0,yahoo
AXISBANK,5m,2026-09-15T10:00:00+05:30,1239.800048828125,1240.800048828125,1239.0,1239.0999755859375,68164.0,yahoo
AXISBANK,5m,2026-09-15T10:05:00+05:30,1239.0999755859375,1239.0999755859375,1235.5,1235.800048828125,86555.0,yahoo
AXISBANK,5m,2026-09-15T10:10:00+05:30,1235.5999755859375,1239.699951171875,1235.5999755859375,1239.699951171875,72925.0,yahoo
AXISBANK,5m,2026-09-15T10:15:00+05:30,1239.300048828125,1241.0,1238.9000244140625,1240.4000244140625,58550.0,yahoo
AXISBANK,5m,2026-09-15T10:20:00+05:30,1240.199951171875,1240.5999755859375,1238.800048828125,1239.699951171875,66680.0,yahoo
AXISBANK,5m,2026-09-15T10:25:00+05:30,1239.9000244140625,1241.0,1238.5999755859375,1240.0,72855.0,yahoo
AXISBANK,5m,2026-09-15T10:30:00+05:30,1239.699951171875,1241.0,1239.4000244140625,1240.199951171875,69564.0,yahoo
AXISBANK,5m,2026-09-15T10:35:00+05:30,1240.4000244140625,1241.0,1239.5999755859375,1240.9000244140625,59484.0,yahoo
AXISBANK,5m,2026-09-15T10:40:00+05:30,1240.9000244140625,1241.0,1238.4000244140625,1238.5999755859375,79288.0,yahoo
AXISBANK,5m,2026-09-15T10:45:00+05:30,1238.5999755859375,1240.0,1238.4000244140625,1239.0999755859375,70573.0,yahoo
AXISBANK,5m,2026-09-15T10:50:00+05:30,1238.9000244140625,1239.0,1236.199951171875,1236.699951171875,67263.0,yahoo
AXISBANK,5m,2026-09-15T10:55:00+05:30,1236.699951171875,1237.0999755859375,1235.199951171875,1236.0999755859375,67278.0,yahoo
AXISBANK,5m,2026-09-15T11:00:00+05:30,1236.0999755859375,1238.0,1235.0,1237.5,49932.0,yahoo
AXISBANK,5m,2026-09-15T11:05:00+05:30,1237.9000244140625,1237.9000244140625,1235.9000244140625,1236.5,35660.0,yahoo
AXISBANK,5m,2026-09-15T11:10:00+05:30,1236.5,1237.5,1235.5999755859375,1236.9000244140625,61676.0,yahoo
AXISBANK,5m,2026-09-15T11:15:00+05:30,1236.300048828125,1237.0999755859375,1234.5,1235.4000244140625,60151.0,yahoo
AXISBANK,5m,2026-09-15T11:20:00+05:30,1235.4000244140625,1235.800048828125,1233.199951171875,1234.9000244140625,51425.0,yahoo
AXISBANK,5m,2026-09-15T11:25:00+05:30,1234.5,1235.300048828125,1232.5999755859375,1233.199951171875,97176.0,yahoo
AXISBANK,5m,2026-09-15T11:30:00+05:30,1233.199951171875,1234.5999755859375,1232.4000244140625,1232.800048828125,68219.0,yahoo
AXISBANK,5m,2026-09-15T11:35:00+05:30,1232.699951171875,1235.199951171875,1232.199951171875,1235.0,42263.0,yahoo
AXISBANK,5m,2026-09-15T11:40:00+05:30,1235.0,1235.0999755859375,1232.9000244140625,1233.4000244140625,45740.0,yahoo
AXISBANK,5m,2026-09-15T11:45:00+05:30,1233.4000244140625,1233.5,1232.5,1232.800048828125,49152.0,yahoo
AXISBANK,5m,2026-09-15T11:50:00+05:30,1232.800048828125,1233.5,1231.699951171875,1233.199951171875,63515.0,yahoo
AXISBANK,5m,2026-09-15T11:55:00+05:30,1233.199951171875,1236.300048828125,1232.5,1236.0999755859375,47021.0,yahoo
AXISBANK,5m,2026-09-15T12:00:00+05:30,1236.0,1236.5,1233.800048828125,1235.800048828125,55463.0,yahoo
AXISBANK,5m,2026-09-15T12:05:00+05:30,1235.699951171875,1236.4000244140625,1234.699951171875,1235.0,49658.0,yahoo
AXISBANK,5m,2026-09-15T12:10:00+05:30,1235.0,1236.0,1234.0999755859375,1235.199951171875,118340.0,yahoo
AXISBANK,5m,2026-09-15T12:15:00+05:30,1235.5999755859375,1235.5999755859375,1232.0,1232.0999755859375,69414.0,yahoo
AXISBANK,5m,2026-09-15T12:20:00+05:30,1232.5,1233.5,1231.800048828125,1232.9000244140625,52373.0,yahoo
AXISBANK,5m,2026-09-15T12:25:00+05:30,1232.5999755859375,1233.300048828125,1231.9000244140625,1232.5999755859375,33111.0,yahoo
AXISBANK,5m,2026-09-15T12:30:00+05:30,1232.5999755859375,1233.699951171875,1232.0999755859375,1233.4000244140625,39399.0,yahoo
AXISBANK,5m,2026-09-15T12:35:00+05:30,1233.4000244140625,1235.9000244140625,1232.5999755859375,1234.5999755859375,43655.0,yahoo
AXISBANK,5m,2026-09-15T12:40:00+05:30,1234.5999755859375,1235.5,1233.9000244140625,1234.0999755859375,33414.0,yahoo
AXISBANK,5m,2026-09-15T12:45:00+05:30,1233.5999755859375,1236.199951171875,1233.5,1235.199951171875,55712.0,yahoo
AXISBANK,5m,2026-09-15T12:50:00+05:30,1234.800048828125,1236.0,1234.199951171875,1234.5999755859375,41821.0,yahoo
AXISBANK,5m,2026-09-15T12:55:00+05:30,1234.800048828125,1235.300048828125,1232.199951171875,1233.300048828125,41258.0,yahoo
AXISBANK,5m,2026-09-15T13:00:00+05:30,1232.699951171875,1233.800048828125,1231.9000244140625,1232.699951171875,43679.0,yahoo
AXISBANK,5m,2026-09-15T13:05:00+05:30,1232.5,1233.699951171875,1232.300048828125,1232.800048828125,52291.0,yahoo
AXISBANK,5m,2026-09-15T13:10:00+05:30,1232.4000244140625,1233.5,1231.800048828125,1233.0,39661.0,yahoo
AXISBANK,5m,2026-09-15T13:15:00+05:30,1233.0,1233.5,1231.699951171875,1233.0999755859375,52957.0,yahoo
AXISBANK,5m,2026-09-15T13:20:00+05:30,1233.0999755859375,1233.5,1230.0,1230.4000244140625,64659.0,yahoo
AXISBANK,5m,2026-09-15T13:25:00+05:30,1230.4000244140625,1232.199951171875,1230.0,1230.800048828125,40556.0,yahoo
AXISBANK,5m,2026-09-15T13:30:00+05:30,1230.800048828125,1231.0999755859375,1228.800048828125,1230.300048828125,38593.0,yahoo
AXISBANK,5m,2026-09-15T13:35:00+05:30,1230.199951171875,1232.199951171875,1230.199951171875,1231.5,32255.0,yahoo
AXISBANK,5m,2026-09-15T13:40:00+05:30,1231.199951171875,1231.5,1229.5999755859375,1231.0,53746.0,yahoo
AXISBANK,5m,2026-09-15T13:45:00+05:30,1230.0,1231.5,1230.0,1231.199951171875,48464.0,yahoo
AXISBANK,5m,2026-09-15T13:50:00+05:30,1231.300048828125,1232.199951171875,1231.0,1231.5999755859375,53240.0,yahoo
AXISBANK,5m,2026-09-15T13:55:00+05:30,1231.5999755859375,1233.0,1230.800048828125,1231.699951171875,39118.0,yahoo
AXISBANK,5m,2026-09-15T14:00:00+05:30,1231.199951171875,1231.9000244140625,1230.5,1230.699951171875,26713.0,yahoo
AXISBANK,5m,2026-09-15T14:05:00+05:30,1231.199951171875,1231.9000244140625,1230.0999755859375,1230.699951171875,36718.0,yahoo
AXISBANK,5m,2026-09-15T14:10:00+05:30,1230.0,1230.699951171875,1226.5999755859375,1227.9000244140625,59413.0,yahoo
AXISBANK,5m,2026-09-15T14:15:00+05:30,1228.0,1228.300048828125,1226.699951171875,1227.0,61681.0,yahoo
AXISBANK,5m,2026-09-15T14:20:00+05:30,1227.300048828125,1228.0999755859375,1226.0,1227.300048828125,62191.0,yahoo
AXISBANK,5m,2026-09-15T14:25:00+05:30,1227.5,1228.0999755859375,1226.699951171875,1227.5,48729.0,yahoo
AXISBANK,5m,2026-09-15T14:30:00+05:30,1227.0999755859375,1228.0,1226.699951171875,1227.5,33671.0,yahoo
AXISBANK,5m,2026-09-15T14:35:00+05:30,1227.199951171875,1228.5999755859375,1224.300048828125,1225.5999755859375,250850.0,yahoo
AXISBANK,5m,2026-09-15T14:40:00+05:30,1225.800048828125,1228.300048828125,1225.199951171875,1225.5999755859375,128939.0,yahoo
AXISBANK,5m,2026-09-15T14:45:00+05:30,1225.5,1226.199951171875,1220.0,1221.0999755859375,170484.0,yahoo
AXISBANK,5m,2026-09-15T14:50:00+05:30,1221.0999755859375,1225.4000244140625,1221.0,1223.300048828125,128082.0,yahoo
AXISBANK,5m,2026-09-15T14:55:00+05:30,1223.0999755859375,1223.800048828125,1222.5,1222.9000244140625,65695.0,yahoo
AXISBANK,5m,2026-09-15T15:00:00+05:30,1222.800048828125,1224.9000244140625,1222.300048828125,1224.9000244140625,105778.0,yahoo
AXISBANK,5m,2026-09-15T15:05:00+05:30,1224.9000244140625,1225.5,1224.0999755859375,1224.9000244140625,117577.0,yahoo
AXISBANK,5m,2026-09-15T15:10:00+05:30,1224.699951171875,1226.5,1223.9000244140625,1224.5,149489.0,yahoo
AXISBANK,5m,2026-09-15T15:15:00+05:30,1224.5,1224.5,1222.9000244140625,1222.9000244140625,318820.0,yahoo
BAJAJ-AUTO,5m,2026-09-15T09:15:00+05:30,11692.0,11700.0,11631.0,11642.0,0.0,yahoo
BAJAJ-AUTO,5m,2026-09-15T09:20:00+05:30,11644.0,11655.0,11635.0,11654.0,2085.0,yahoo
BAJAJ-AUTO,5m,2026-09-15T09:25:00+05:30,11655.0,11666.0,11617.0,11621.0,3038.0,yahoo
BAJAJ-AUTO,5m,2026-09-15T09:30:00+05:30,11621.0,11647.0,11618.0,11647.0,1494.0,yahoo
BAJAJ-AUTO,5m,2026-09-15T09:35:00+05:30,11645.0,11646.0,11618.0,11619.0,3084.0,yahoo
BAJAJ-AUTO,5m,2026-09-15T09:40:00+05:30,11621.0,11639.0,11618.0,11621.0,928.0,yahoo
BAJAJ-AUTO,5m,2026-09-15T09:45:00+05:30,11621.0,11621.0,11588.0,11591.0,1399.0,yahoo
BAJAJ-AUTO,5m,2026-09-15T09:50:00+05:30,11587.0,11610.0,11586.0,11597.0,8635.0,yahoo
BAJAJ-AUTO,5m,2026-09-15T09:55:00+05:30,11608.0,11608.0,11584.0,11596.0,2476.0,yahoo
BAJAJ-AUTO,5m,2026-09-15T10:00:00+05:30,11594.0,11595.0,11585.0,11593.0,1375.0,yahoo
BAJAJ-AUTO,5m,2026-09-15T10:05:00+05:30,11597.0,11610.0,11572.0,11580.0,7363.0,yahoo
BAJAJ-AUTO,5m,2026-09-15T10:10:00+05:30,11583.0,11588.0,11566.0,11577.0,3635.0,yahoo
BAJAJ-AUTO,5m,2026-09-15T10:15:00+05:30,11577.0,11581.0,11565.0,11577.0,2845.0,yahoo
BAJAJ-AUTO,5m,2026-09-15T10:20:00+05:30,11578.0,11596.0,11574.0,11592.0,1199.0,yahoo
BAJAJ-AUTO,5m,2026-09-15T10:25:00+05:30,11591.0,11602.0,11585.0,11589.0,1234.0,yahoo
BAJAJ-AUTO,5m,2026-09-15T10:30:00+05:30,11588.0,11588.0,11572.0,11580.0,1569.0,yahoo
BAJAJ-AUTO,5m,2026-09-15T10:35:00+05:30,11581.0,11581.0,11525.0,11529.0,10364.0,yahoo
BAJAJ-AUTO,5m,2026-09-15T10:40:00+05:30,11534.0,11542.0,11525.0,11533.0,4523.0,yahoo
BAJAJ-AUTO,5m,2026-09-15T10:45:00+05:30,11533.0,11554.0,11525.0,11549.0,2190.0,yahoo
BAJAJ-AUTO,5m,2026-09-15T10:50:00+05:30,11552.0,11559.0,11539.0,11547.0,1216.0,yahoo
BAJAJ-AUTO,5m,2026-09-15T10:55:00+05:30,11545.0,11547.0,11532.0,11535.0,3871.0,yahoo
BAJAJ-AUTO,5m,2026-09-15T11:00:00+05:30,11535.0,11539.0,11532.0,11535.0,1005.0,yahoo
BAJAJ-AUTO,5m,2026-09-15T11:05:00+05:30,11535.0,11539.0,11532.0,11533.0,1020.0,yahoo
BAJAJ-AUTO,5m,2026-09-15T11:10:00+05:30,11533.0,11539.0,11527.0,11533.0,1159.0,yahoo
BAJAJ-AUTO,5m,2026-09-15T11:15:00+05:30,11535.0,11536.0,11519.0,11522.0,2189.0,yahoo
BAJAJ-AUTO,5m,2026-09-15T11:20:00+05:30,11522.0,11528.0,11510.0,11523.0,4603.0,yahoo
BAJAJ-AUTO,5m,2026-09-15T11:25:00+05:30,11528.0,11529.0,11512.0,11522.0,3387.0,yahoo
BAJAJ-AUTO,5m,2026-09-15T11:30:00+05:30,11525.0,11536.0,11517.0,11521.0,2663.0,yahoo
BAJAJ-AUTO,5m,2026-09-15T11:35:00+05:30,11519.0,11536.0,11510.0,11526.0,8796.0,yahoo
BAJAJ-AUTO,5m,2026-09-15T11:40:00+05:30,11528.0,11548.0,11525.0,11540.0,13923.0,yahoo
BAJAJ-AUTO,5m,2026-09-15T11:45:00+05:30,11534.0,11542.0,11516.0,11519.0,8495.0,yahoo
BAJAJ-AUTO,5m,2026-09-15T11:50:00+05:30,11519.0,11519.0,11488.0,11489.0,3579.0,yahoo
BAJAJ-AUTO,5m,2026-09-15T11:55:00+05:30,11490.0,11499.0,11485.0,11493.0,1210.0,yahoo
BAJAJ-AUTO,5m,2026-09-15T12:00:00+05:30,11493.0,11499.0,11490.0,11496.0,734.0,yahoo
BAJAJ-AUTO,5m,2026-09-15T12:05:00+05:30,11494.0,11495.0,11485.0,11489.0,942.0,yahoo
BAJAJ-AUTO,5m,2026-09-15T12:10:00+05:30,11487.0,11491.0,11477.0,11487.0,6588.0,yahoo
BAJAJ-AUTO,5m,2026-09-15T12:15:00+05:30,11487.0,11488.0,11479.0,11484.0,2933.0,yahoo
BAJAJ-AUTO,5m,2026-09-15T12:20:00+05:30,11482.0,11488.0,11480.0,11485.0,957.0,yahoo
BAJAJ-AUTO,5m,2026-09-15T12:25:00+05:30,11488.0,11493.0,11484.0,11489.0,1470.0,yahoo
BAJAJ-AUTO,5m,2026-09-15T12:30:00+05:30,11487.0,11488.0,11477.0,11484.0,1147.0,yahoo
BAJAJ-AUTO,5m,2026-09-15T12:35:00+05:30,11484.0,11495.0,11481.0,11481.0,967.0,yahoo
BAJAJ-AUTO,5m,2026-09-15T12:40:00+05:30,11482.0,11491.0,11479.0,11479.0,817.0,yahoo
BAJAJ-AUTO,5m,2026-09-15T12:45:00+05:30,11478.0,11487.0,11477.0,11482.0,623.0,yahoo
BAJAJ-AUTO,5m,2026-09-15T12:50:00+05:30,11482.0,11487.0,11476.0,11482.0,696.0,yahoo
BAJAJ-AUTO,5m,2026-09-15T12:55:00+05:30,11486.0,11487.0,11472.0,11478.0,810.0,yahoo
BAJAJ-AUTO,5m,2026-09-15T13:00:00+05:30,11479.0,11483.0,11475.0,11478.0,572.0,yahoo
BAJAJ-AUTO,5m,2026-09-15T13:05:00+05:30,11481.0,11489.0,11476.0,11478.0,1038.0,yahoo
BAJAJ-AUTO,5m,2026-09-15T13:10:00+05:30,11478.0,11485.0,11470.0,11471.0,1237.0,yahoo
BAJAJ-AUTO,5m,2026-09-15T13:15:00+05:30,11468.0,11475.0,11467.0,11473.0,1401.0,yahoo
BAJAJ-AUTO,5m,2026-09-15T13:20:00+05:30,11473.0,11479.0,11468.0,11468.0,788.0,yahoo
BAJAJ-AUTO,5m,2026-09-15T13:25:00+05:30,11466.0,11469.0,11461.0,11462.0,826.0,yahoo
BAJAJ-AUTO,5m,2026-09-15T13:30:00+05:30,11462.0,11467.0,11452.0,11464.0,977.0,yahoo
BAJAJ-AUTO,5m,2026-09-15T13:35:00+05:30,11463.0,11496.0,11463.0,11485.0,1816.0,yahoo
BAJAJ-AUTO,5m,2026-09-15T13:40:00+05:30,11485.0,11496.0,11485.0,11495.0,3112.0,yahoo
BAJAJ-AUTO,5m,2026-09-15T13:45:00+05:30,11492.0,11498.0,11476.0,11488.0,9000.0,yahoo
BAJAJ-AUTO,5m,2026-09-15T13:50:00+05:30,11488.0,11493.0,11483.0,11491.0,701.0,yahoo
BAJAJ-AUTO,5m,2026-09-15T13:55:00+05:30,11486.0,11490.0,11481.0,11490.0,1182.0,yahoo
BAJAJ-AUTO,5m,2026-09-15T14:00:00+05:30,11487.0,11489.0,11471.0,11472.0,6804.0,yahoo
BAJAJ-AUTO,5m,2026-09-15T14:05:00+05:30,11473.0,11478.0,11470.0,11475.0,642.0,yahoo
BAJAJ-AUTO,5m,2026-09-15T14:10:00+05:30,11470.0,11476.0,11456.0,11457.0,1329.0,yahoo
BAJAJ-AUTO,5m,2026-09-15T14:15:00+05:30,11457.0,11457.0,11436.0,11444.0,2159.0,yahoo
BAJAJ-AUTO,5m,2026-09-15T14:20:00+05:30,11441.0,11447.0,11435.0,11435.0,1133.0,yahoo
BAJAJ-AUTO,5m,2026-09-15T14:25:00+05:30,11435.0,11436.0,11419.0,11420.0,1501.0,yahoo
BAJAJ-AUTO,5m,2026-09-15T14:30:00+05:30,11423.0,11445.0,11423.0,11443.0,1405.0,yahoo
BAJAJ-AUTO,5m,2026-09-15T14:35:00+05:30,11443.0,11454.0,11440.0,11448.0,7585.0,yahoo
BAJAJ-AUTO,5m,2026-09-15T14:40:00+05:30,11448.0,11449.0,11435.0,11448.0,7044.0,yahoo
BAJAJ-AUTO,5m,2026-09-15T14:45:00+05:30,11446.0,11448.0,11416.0,11430.0,3516.0,yahoo
BAJAJ-AUTO,5m,2026-09-15T14:50:00+05:30,11427.0,11439.0,11423.0,11430.0,3575.0,yahoo
BAJAJ-AUTO,5m,2026-09-15T14:55:00+05:30,11431.0,11433.0,11422.0,11425.0,1928.0,yahoo
BAJAJ-AUTO,5m,2026-09-15T15:00:00+05:30,11435.0,11439.0,11422.0,11428.0,5305.0,yahoo
BAJAJ-AUTO,5m,2026-09-15T15:05:00+05:30,11428.0,11440.0,11423.0,11440.0,4570.0,yahoo
BAJAJ-AUTO,5m,2026-09-15T15:10:00+05:30,11441.0,11470.0,11440.0,11469.0,12667.0,yahoo
BAJAJ-AUTO,5m,2026-09-15T15:15:00+05:30,11462.0,11462.0,11424.0,11424.0,8118.0,yahoo
BAJAJFINSV,5m,2026-09-15T09:15:00+05:30,1927.300048828125,1927.300048828125,1892.5,1893.800048828125,0.0,yahoo
BAJAJFINSV,5m,2026-09-15T09:20:00+05:30,1894.199951171875,1897.4000244140625,1891.0,1892.4000244140625,12639.0,yahoo
BAJAJFINSV,5m,2026-09-15T09:25:00+05:30,1892.4000244140625,1894.4000244140625,1890.5,1894.4000244140625,5997.0,yahoo
BAJAJFINSV,5m,2026-09-15T09:30:00+05:30,1895.199951171875,1895.199951171875,1892.5999755859375,1893.0,8129.0,yahoo
BAJAJFINSV,5m,2026-09-15T09:35:00+05:30,1893.0,1894.0,1886.699951171875,1888.9000244140625,20016.0,yahoo
BAJAJFINSV,5m,2026-09-15T09:40:00+05:30,1889.199951171875,1892.9000244140625,1888.9000244140625,1891.199951171875,3321.0,yahoo
BAJAJFINSV,5m,2026-09-15T09:45:00+05:30,1891.199951171875,1891.199951171875,1887.5999755859375,1888.0,5185.0,yahoo
BAJAJFINSV,5m,2026-09-15T09:50:00+05:30,1888.5999755859375,1888.5999755859375,1885.800048828125,1886.4000244140625,4190.0,yahoo
BAJAJFINSV,5m,2026-09-15T09:55:00+05:30,1886.0,1886.0,1882.0999755859375,1885.5999755859375,6149.0,yahoo
BAJAJFINSV,5m,2026-09-15T10:00:00+05:30,1885.800048828125,1885.9000244140625,1884.0,1885.699951171875,2389.0,yahoo
BAJAJFINSV,5m,2026-09-15T10:05:00+05:30,1885.199951171875,1885.9000244140625,1882.0999755859375,1882.0999755859375,3704.0,yahoo
BAJAJFINSV,5m,2026-09-15T10:10:00+05:30,1881.5,1885.0,1881.5,1884.699951171875,3225.0,yahoo
BAJAJFINSV,5m,2026-09-15T10:15:00+05:30,1884.699951171875,1885.4000244140625,1882.699951171875,1884.699951171875,6150.0,yahoo
BAJAJFINSV,5m,2026-09-15T10:20:00+05:30,1884.800048828125,1886.0999755859375,1883.800048828125,1885.9000244140625,2222.0,yahoo
BAJAJFINSV,5m,2026-09-15T10:25:00+05:30,1885.9000244140625,1885.9000244140625,1882.199951171875,1882.199951171875,1921.0,yahoo
BAJAJFINSV,5m,2026-09-15T10:30:00+05:30,1882.199951171875,1882.199951171875,1878.0,1880.0999755859375,14874.0,yahoo
BAJAJFINSV,5m,2026-09-15T10:35:00+05:30,1879.9000244140625,1881.0,1879.9000244140625,1881.0,3082.0,yahoo
BAJAJFINSV,5m,2026-09-15T10:40:00+05:30,1881.0,1881.800048828125,1878.699951171875,1878.699951171875,3274.0,yahoo
BAJAJFINSV,5m,2026-09-15T10:45:00+05:30,1878.300048828125,1879.5999755859375,1875.5,1878.800048828125,8641.0,yahoo
BAJAJFINSV,5m,2026-09-15T10:50:00+05:30,1878.800048828125,1882.699951171875,1878.300048828125,1882.0,2726.0,yahoo
BAJAJFINSV,5m,2026-09-15T10:55:00+05:30,1882.0,1882.5999755859375,1881.4000244140625,1882.0,1342.0,yahoo
BAJAJFINSV,5m,2026-09-15T11:00:00+05:30,1882.0,1882.9000244140625,1878.0,1880.800048828125,4639.0,yahoo
BAJAJFINSV,5m,2026-09-15T11:05:00+05:30,1879.9000244140625,1881.0,1878.9000244140625,1880.0,2213.0,yahoo
BAJAJFINSV,5m,2026-09-15T11:10:00+05:30,1879.9000244140625,1879.9000244140625,1877.699951171875,1878.9000244140625,3826.0,yahoo
BAJAJFINSV,5m,2026-09-15T11:15:00+05:30,1879.9000244140625,1880.199951171875,1872.0,1874.300048828125,6859.0,yahoo
BAJAJFINSV,5m,2026-09-15T11:20:00+05:30,1874.800048828125,1877.699951171875,1871.5,1877.5,5916.0,yahoo
BAJAJFINSV,5m,2026-09-15T11:25:00+05:30,1877.5,1877.5999755859375,1875.5,1876.5999755859375,2365.0,yahoo
BAJAJFINSV,5m,2026-09-15T11:30:00+05:30,1876.5999755859375,1878.800048828125,1875.800048828125,1878.5999755859375,4002.0,yahoo
BAJAJFINSV,5m,2026-09-15T11:35:00+05:30,1877.9000244140625,1880.4000244140625,1877.9000244140625,1880.4000244140625,5125.0,yahoo
BAJAJFINSV,5m,2026-09-15T11:40:00+05:30,1879.800048828125,1880.800048828125,1879.0,1880.4000244140625,2628.0,yahoo
BAJAJFINSV,5m,2026-09-15T11:45:00+05:30,1880.5,1880.800048828125,1876.5999755859375,1877.0,2636.0,yahoo
BAJAJFINSV,5m,2026-09-15T11:50:00+05:30,1876.5999755859375,1879.4000244140625,1876.4000244140625,1877.0999755859375,2377.0,yahoo
BAJAJFINSV,5m,2026-09-15T11:55:00+05:30,1877.4000244140625,1879.9000244140625,1877.0999755859375,1879.300048828125,2274.0,yahoo
BAJAJFINSV,5m,2026-09-15T12:00:00+05:30,1879.699951171875,1882.5,1879.5999755859375,1881.699951171875,3090.0,yahoo
BAJAJFINSV,5m,2026-09-15T12:05:00+05:30,1882.0,1883.300048828125,1879.199951171875,1879.9000244140625,3669.0,yahoo
BAJAJFINSV,5m,2026-09-15T12:10:00+05:30,1879.5999755859375,1882.800048828125,1878.5,1880.9000244140625,3437.0,yahoo
BAJAJFINSV,5m,2026-09-15T12:15:00+05:30,1880.5,1881.800048828125,1880.0999755859375,1881.0999755859375,2414.0,yahoo
BAJAJFINSV,5m,2026-09-15T12:20:00+05:30,1881.0999755859375,1881.800048828125,1880.5999755859375,1881.5,1781.0,yahoo
BAJAJFINSV,5m,2026-09-15T12:25:00+05:30,1881.800048828125,1881.800048828125,1879.5999755859375,1881.0,8138.0,yahoo
BAJAJFINSV,5m,2026-09-15T12:30:00+05:30,1881.0,1881.0,1878.800048828125,1879.300048828125,1982.0,yahoo
BAJAJFINSV,5m,2026-09-15T12:35:00+05:30,1878.800048828125,1879.5999755859375,1877.5,1877.800048828125,2332.0,yahoo
BAJAJFINSV,5m,2026-09-15T12:40:00+05:30,1878.0,1879.699951171875,1877.0999755859375,1877.5999755859375,12746.0,yahoo
BAJAJFINSV,5m,2026-09-15T12:45:00+05:30,1877.0,1879.699951171875,1876.5,1877.5,5892.0,yahoo
BAJAJFINSV,5m,2026-09-15T12:50:00+05:30,1877.4000244140625,1879.5,1877.0999755859375,1878.5,4048.0,yahoo
BAJAJFINSV,5m,2026-09-15T12:55:00+05:30,1878.199951171875,1879.4000244140625,1874.0999755859375,1874.5,3432.0,yahoo
BAJAJFINSV,5m,2026-09-15T13:00:00+05:30,1874.0999755859375,1876.5,1874.0,1875.5999755859375,2485.0,yahoo
BAJAJFINSV,5m,2026-09-15T13:05:00+05:30,1875.5,1876.5999755859375,1875.0,1876.0,1728.0,yahoo
BAJAJFINSV,5m,2026-09-15T13:10:00+05:30,1875.800048828125,1876.4000244140625,1873.0,1874.199951171875,4618.0,yahoo
BAJAJFINSV,5m,2026-09-15T13:15:00+05:30,1874.0,1875.300048828125,1873.0,1874.300048828125,2077.0,yahoo
BAJAJFINSV,5m,2026-09-15T13:20:00+05:30,1874.5,1875.0,1873.300048828125,1874.300048828125,1587.0,yahoo
BAJAJFINSV,5m,2026-09-15T13:25:00+05:30,1874.300048828125,1874.699951171875,1872.4000244140625,1872.699951171875,1841.0,yahoo
BAJAJFINSV,5m,2026-09-15T13:30:00+05:30,1872.199951171875,1872.699951171875,1866.9000244140625,1868.300048828125,7588.0,yahoo
BAJAJFINSV,5m,2026-09-15T13:35:00+05:30,1867.699951171875,1872.5,1866.9000244140625,1871.300048828125,5472.0,yahoo
BAJAJFINSV,5m,2026-09-15T13:40:00+05:30,1871.300048828125,1871.9000244140625,1868.0999755859375,1869.699951171875,37196.0,yahoo
BAJAJFINSV,5m,2026-09-15T13:45:00+05:30,1869.5999755859375,1872.4000244140625,1869.4000244140625,1871.5999755859375,8846.0,yahoo
BAJAJFINSV,5m,2026-09-15T13:50:00+05:30,1871.199951171875,1872.5,1870.0,1870.5,2361.0,yahoo
BAJAJFINSV,5m,2026-09-15T13:55:00+05:30,1870.5,1871.300048828125,1869.699951171875,1871.0999755859375,6399.0,yahoo
BAJAJFINSV,5m,2026-09-15T14:00:00+05:30,1870.5999755859375,1871.199951171875,1869.9000244140625,1870.699951171875,2438.0,yahoo
BAJAJFINSV,5m,2026-09-15T14:05:00+05:30,1870.300048828125,1870.699951171875,1868.199951171875,1868.5,4469.0,yahoo
BAJAJFINSV,5m,2026-09-15T14:10:00+05:30,1868.5,1868.5999755859375,1866.0,1866.699951171875,4826.0,yahoo
BAJAJFINSV,5m,2026-09-15T14:15:00+05:30,1866.199951171875,1866.300048828125,1863.9000244140625,1864.4000244140625,6981.0,yahoo
BAJAJFINSV,5m,2026-09-15T14:20:00+05:30,1864.4000244140625,1865.699951171875,1864.4000244140625,1865.0,2749.0,yahoo
BAJAJFINSV,5m,2026-09-15T14:25:00+05:30,1865.0,1865.199951171875,1861.300048828125,1862.0,5912.0,yahoo
BAJAJFINSV,5m,2026-09-15T14:30:00+05:30,1861.5999755859375,1864.4000244140625,1861.199951171875,1863.699951171875,5651.0,yahoo
BAJAJFINSV,5m,2026-09-15T14:35:00+05:30,1863.699951171875,1863.800048828125,1862.4000244140625,1862.800048828125,2195.0,yahoo
BAJAJFINSV,5m,2026-09-15T14:40:00+05:30,1863.0999755859375,1864.4000244140625,1862.9000244140625,1864.199951171875,7076.0,yahoo
BAJAJFINSV,5m,2026-09-15T14:45:00+05:30,1864.199951171875,1864.4000244140625,1858.699951171875,1860.4000244140625,4141.0,yahoo
BAJAJFINSV,5m,2026-09-15T14:50:00+05:30,1860.4000244140625,1861.699951171875,1858.800048828125,1859.300048828125,6347.0,yahoo
BAJAJFINSV,5m,2026-09-15T14:55:00+05:30,1859.4000244140625,1860.199951171875,1859.0,1859.0999755859375,6714.0,yahoo
BAJAJFINSV,5m,2026-09-15T15:00:00+05:30,1859.0,1860.199951171875,1858.5999755859375,1860.0,9802.0,yahoo
BAJAJFINSV,5m,2026-09-15T15:05:00+05:30,1860.199951171875,1860.5999755859375,1859.5,1859.5,11852.0,yahoo
BAJAJFINSV,5m,2026-09-15T15:10:00+05:30,1859.5,1862.199951171875,1859.199951171875,1860.0,28100.0,yahoo
BAJAJFINSV,5m,2026-09-15T15:15:00+05:30,1860.0,1860.0,1855.5,1855.5,44281.0,yahoo
BAJFINANCE,5m,2026-09-15T09:15:00+05:30,1036.0999755859375,1037.699951171875,1026.5999755859375,1027.0999755859375,0.0,yahoo
BAJFINANCE,5m,2026-09-15T09:20:00+05:30,1027.0999755859375,1030.0999755859375,1026.300048828125,1027.4000244140625,335578.0,yahoo
BAJFINANCE,5m,2026-09-15T09:25:00+05:30,1027.4000244140625,1030.199951171875,1026.5999755859375,1028.4000244140625,166791.0,yahoo
BAJFINANCE,5m,2026-09-15T09:30:00+05:30,1027.5,1028.0,1025.199951171875,1025.5,48986.0,yahoo
BAJFINANCE,5m,2026-09-15T09:35:00+05:30,1025.4000244140625,1026.300048828125,1021.5999755859375,1023.7000122070312,110130.0,yahoo
BAJFINANCE,5m,2026-09-15T09:40:00+05:30,1023.4000244140625,1023.4000244140625,1022.2000122070312,1022.2999877929688,43738.0,yahoo
BAJFINANCE,5m,2026-09-15T09:45:00+05:30,1022.2000122070312,1022.2000122070312,1020.5,1021.0,54424.0,yahoo
BAJFINANCE,5m,2026-09-15T09:50:00+05:30,1021.0,1021.5,1020.0999755859375,1020.0999755859375,46867.0,yahoo
BAJFINANCE,5m,2026-09-15T09:55:00+05:30,1020.0999755859375,1020.2000122070312,1018.2999877929688,1020.2000122070312,71927.0,yahoo
BAJFINANCE,5m,2026-09-15T10:00:00+05:30,1020.0,1020.0999755859375,1018.4000244140625,1018.4000244140625,47409.0,yahoo
BAJFINANCE,5m,2026-09-15T10:05:00+05:30,1018.5,1019.2999877929688,1017.7999877929688,1018.0,57511.0,yahoo
BAJFINANCE,5m,2026-09-15T10:10:00+05:30,1018.0,1019.9000244140625,1017.7000122070312,1019.5,39725.0,yahoo
BAJFINANCE,5m,2026-09-15T10:15:00+05:30,1019.5,1019.5,1018.2999877929688,1018.5999755859375,25858.0,yahoo
BAJFINANCE,5m,2026-09-15T10:20:00+05:30,1018.5999755859375,1018.7000122070312,1017.9000244140625,1018.2999877929688,28735.0,yahoo
BAJFINANCE,5m,2026-09-15T10:25:00+05:30,1018.2999877929688,1018.2999877929688,1016.5,1016.5999755859375,40039.0,yahoo
BAJFINANCE,5m,2026-09-15T10:30:00+05:30,1016.5,1016.5999755859375,1015.2000122070312,1016.2999877929688,39297.0,yahoo
BAJFINANCE,5m,2026-09-15T10:35:00+05:30,1016.7999877929688,1016.7999877929688,1016.0999755859375,1016.2000122070312,27508.0,yahoo
BAJFINANCE,5m,2026-09-15T10:40:00+05:30,1016.2000122070312,1017.2999877929688,1015.7000122070312,1015.7000122070312,40645.0,yahoo
BAJFINANCE,5m,2026-09-15T10:45:00+05:30,1015.5999755859375,1015.7999877929688,1014.7999877929688,1015.5999755859375,63561.0,yahoo
BAJFINANCE,5m,2026-09-15T10:50:00+05:30,1015.5999755859375,1017.4000244140625,1015.0,1016.9000244140625,54922.0,yahoo
BAJFINANCE,5m,2026-09-15T10:55:00+05:30,1016.9000244140625,1017.2000122070312,1016.0,1016.5,103556.0,yahoo
BAJFINANCE,5m,2026-09-15T11:00:00+05:30,1016.5,1017.2999877929688,1013.0,1013.5,53794.0,yahoo
BAJFINANCE,5m,2026-09-15T11:05:00+05:30,1013.4000244140625,1013.5,1011.7000122070312,1012.4000244140625,59768.0,yahoo
BAJFINANCE,5m,2026-09-15T11:10:00+05:30,1012.2000122070312,1013.5999755859375,1011.5999755859375,1013.0,51203.0,yahoo
BAJFINANCE,5m,2026-09-15T11:15:00+05:30,1013.0,1013.0999755859375,1010.7000122070312,1011.0,44734.0,yahoo
BAJFINANCE,5m,2026-09-15T11:20:00+05:30,1011.0999755859375,1015.4000244140625,1010.7000122070312,1014.0999755859375,55464.0,yahoo
BAJFINANCE,5m,2026-09-15T11:25:00+05:30,1014.0999755859375,1014.2999877929688,1011.5,1013.7999877929688,34274.0,yahoo
BAJFINANCE,5m,2026-09-15T11:30:00+05:30,1013.7999877929688,1015.0999755859375,1013.0999755859375,1015.0999755859375,25983.0,yahoo
BAJFINANCE,5m,2026-09-15T11:35:00+05:30,1015.0999755859375,1016.9000244140625,1015.0999755859375,1016.7999877929688,38916.0,yahoo
BAJFINANCE,5m,2026-09-15T11:40:00+05:30,1016.7999877929688,1016.7999877929688,1016.0999755859375,1016.7000122070312,72209.0,yahoo
BAJFINANCE,5m,2026-09-15T11:45:00+05:30,1016.5999755859375,1016.5999755859375,1014.4000244140625,1015.0,57299.0,yahoo
BAJFINANCE,5m,2026-09-15T11:50:00+05:30,1014.5999755859375,1015.5999755859375,1014.2999877929688,1014.7999877929688,26591.0,yahoo
BAJFINANCE,5m,2026-09-15T11:55:00+05:30,1014.7000122070312,1015.4000244140625,1014.0999755859375,1015.2999877929688,34004.0,yahoo
BAJFINANCE,5m,2026-09-15T12:00:00+05:30,1015.2999877929688,1016.9000244140625,1015.2000122070312,1016.4000244140625,32544.0,yahoo
BAJFINANCE,5m,2026-09-15T12:05:00+05:30,1016.5,1017.0,1015.4000244140625,1016.0999755859375,48422.0,yahoo
BAJFINANCE,5m,2026-09-15T12:10:00+05:30,1016.0999755859375,1016.7999877929688,1015.7000122070312,1016.0999755859375,21174.0,yahoo
BAJFINANCE,5m,2026-09-15T12:15:00+05:30,1016.2000122070312,1016.9000244140625,1016.0,1016.2000122070312,21555.0,yahoo
BAJFINANCE,5m,2026-09-15T12:20:00+05:30,1016.0999755859375,1017.0,1015.5999755859375,1016.7000122070312,28065.0,yahoo
BAJFINANCE,5m,2026-09-15T12:25:00+05:30,1016.7000122070312,1016.7000122070312,1015.7999877929688,1016.5,21079.0,yahoo
BAJFINANCE,5m,2026-09-15T12:30:00+05:30,1016.5,1016.5,1015.2999877929688,1015.7000122070312,27965.0,yahoo
BAJFINANCE,5m,2026-09-15T12:35:00+05:30,1016.0999755859375,1017.0,1015.7000122070312,1015.9000244140625,24759.0,yahoo
BAJFINANCE,5m,2026-09-15T12:40:00+05:30,1015.7999877929688,1016.2999877929688,1015.0,1015.0999755859375,23196.0,yahoo
BAJFINANCE,5m,2026-09-15T12:45:00+05:30,1014.9000244140625,1015.0999755859375,1014.4000244140625,1015.0999755859375,24445.0,yahoo
BAJFINANCE,5m,2026-09-15T12:50:00+05:30,1015.0999755859375,1015.7999877929688,1014.5999755859375,1014.7000122070312,26522.0,yahoo
BAJFINANCE,5m,2026-09-15T12:55:00+05:30,1014.7999877929688,1015.2000122070312,1013.0999755859375,1014.0999755859375,50341.0,yahoo
BAJFINANCE,5m,2026-09-15T13:00:00+05:30,1014.0999755859375,1014.0999755859375,1012.9000244140625,1013.7999877929688,23646.0,yahoo
BAJFINANCE,5m,2026-09-15T13:05:00+05:30,1013.7999877929688,1014.2000122070312,1013.0,1013.2000122070312,27490.0,yahoo
BAJFINANCE,5m,2026-09-15T13:10:00+05:30,1013.2000122070312,1014.2999877929688,1011.5999755859375,1013.0,198145.0,yahoo
BAJFINANCE,5m,2026-09-15T13:15:00+05:30,1013.0,1013.7999877929688,1012.0999755859375,1012.7999877929688,45336.0,yahoo
BAJFINANCE,5m,2026-09-15T13:20:00+05:30,1012.5,1012.7999877929688,1011.5999755859375,1012.5,41370.0,yahoo
BAJFINANCE,5m,2026-09-15T13:25:00+05:30,1012.4000244140625,1013.2999877929688,1012.0999755859375,1012.2999877929688,28194.0,yahoo
BAJFINANCE,5m,2026-09-15T13:30:00+05:30,1012.2999877929688,1012.4000244140625,1010.4000244140625,1010.9000244140625,32350.0,yahoo
BAJFINANCE,5m,2026-09-15T13:35:00+05:30,1010.7999877929688,1012.0,1008.5,1011.4000244140625,97766.0,yahoo
BAJFINANCE,5m,2026-09-15T13:40:00+05:30,1011.4000244140625,1011.7999877929688,1010.2999877929688,1011.5999755859375,41319.0,yahoo
BAJFINANCE,5m,2026-09-15T13:45:00+05:30,1011.5,1012.7000122070312,1011.4000244140625,1012.5,25957.0,yahoo
BAJFINANCE,5m,2026-09-15T13:50:00+05:30,1012.5,1013.2000122070312,1012.2000122070312,1012.2999877929688,77850.0,yahoo
BAJFINANCE,5m,2026-09-15T13:55:00+05:30,1012.2999877929688,1013.0,1011.7999877929688,1012.4000244140625,31741.0,yahoo
BAJFINANCE,5m,2026-09-15T14:00:00+05:30,1012.4000244140625,1014.0,1012.4000244140625,1013.4000244140625,26805.0,yahoo
BAJFINANCE,5m,2026-09-15T14:05:00+05:30,1013.4000244140625,1014.9000244140625,1012.7000122070312,1013.0999755859375,37379.0,yahoo
BAJFINANCE,5m,2026-09-15T14:10:00+05:30,1013.0999755859375,1013.2000122070312,1010.0,1010.2999877929688,54003.0,yahoo
BAJFINANCE,5m,2026-09-15T14:15:00+05:30,1010.0,1010.5,1008.7000122070312,1008.7999877929688,281266.0,yahoo
BAJFINANCE,5m,2026-09-15T14:20:00+05:30,1008.7999877929688,1010.5,1008.7999877929688,1009.2999877929688,102987.0,yahoo
BAJFINANCE,5m,2026-09-15T14:25:00+05:30,1009.2999877929688,1011.0,1009.0,1010.7000122070312,227429.0,yahoo
BAJFINANCE,5m,2026-09-15T14:30:00+05:30,1010.5,1011.0,1008.5,1008.7999877929688,164323.0,yahoo
BAJFINANCE,5m,2026-09-15T14:35:00+05:30,1008.7999877929688,1009.5,1007.5999755859375,1008.7999877929688,88992.0,yahoo
BAJFINANCE,5m,2026-09-15T14:40:00+05:30,1008.7999877929688,1009.5999755859375,1008.2000122070312,1009.0,64429.0,yahoo
BAJFINANCE,5m,2026-09-15T14:45:00+05:30,1009.2000122070312,1009.2000122070312,1005.5,1007.0,103323.0,yahoo
BAJFINANCE,5m,2026-09-15T14:50:00+05:30,1007.0,1008.5999755859375,1007.0,1007.5999755859375,172341.0,yahoo
BAJFINANCE,5m,2026-09-15T14:55:00+05:30,1007.9000244140625,1009.0999755859375,1007.7000122070312,1008.2999877929688,107073.0,yahoo
BAJFINANCE,5m,2026-09-15T15:00:00+05:30,1008.4000244140625,1009.5,1008.0,1009.5,103139.0,yahoo
BAJFINANCE,5m,2026-09-15T15:05:00+05:30,1009.5999755859375,1009.9000244140625,1008.5,1009.5999755859375,180161.0,yahoo
BAJFINANCE,5m,2026-09-15T15:10:00+05:30,1009.0,1010.2000122070312,1007.0,1009.9000244140625,269179.0,yahoo
BAJFINANCE,5m,2026-09-15T15:15:00+05:30,1010.0,1010.0,1009.2000122070312,1009.2000122070312,360168.0,yahoo
BANDHANBNK,5m,2026-09-15T09:15:00+05:30,177.77000427246094,179.0,176.89999389648438,176.89999389648438,0.0,yahoo
BANDHANBNK,5m,2026-09-15T09:20:00+05:30,177.1999969482422,177.5,176.85000610351562,176.91000366210938,343517.0,yahoo
BANDHANBNK,5m,2026-09-15T09:25:00+05:30,176.91000366210938,177.0500030517578,175.75,175.82000732421875,164939.0,yahoo
BANDHANBNK,5m,2026-09-15T09:30:00+05:30,175.88999938964844,175.88999938964844,174.6999969482422,174.72000122070312,202771.0,yahoo
BANDHANBNK,5m,2026-09-15T09:35:00+05:30,174.72000122070312,175.08999633789062,174.5500030517578,174.75,84555.0,yahoo
BANDHANBNK,5m,2026-09-15T09:40:00+05:30,174.6999969482422,175.0399932861328,174.5800018310547,174.72999572753906,88424.0,yahoo
BANDHANBNK,5m,2026-09-15T09:45:00+05:30,174.67999267578125,175.64999389648438,174.47999572753906,175.63999938964844,274628.0,yahoo
BANDHANBNK,5m,2026-09-15T09:50:00+05:30,175.64999389648438,175.9199981689453,175.3800048828125,175.47000122070312,135260.0,yahoo
BANDHANBNK,5m,2026-09-15T09:55:00+05:30,175.4600067138672,175.85000610351562,175.14999389648438,175.85000610351562,43863.0,yahoo
BANDHANBNK,5m,2026-09-15T10:00:00+05:30,175.8000030517578,176.39999389648438,175.58999633789062,176.0,95890.0,yahoo
BANDHANBNK,5m,2026-09-15T10:05:00+05:30,176.0,176.5500030517578,176.0,176.14999389648438,109202.0,yahoo
BANDHANBNK,5m,2026-09-15T10:10:00+05:30,176.14999389648438,177.91000366210938,176.1300048828125,177.5800018310547,389311.0,yahoo
BANDHANBNK,5m,2026-09-15T10:15:00+05:30,177.63999938964844,178.00999450683594,177.55999755859375,177.97999572753906,287964.0,yahoo
BANDHANBNK,5m,2026-09-15T10:20:00+05:30,177.97999572753906,178.3699951171875,177.60000610351562,178.35000610351562,345080.0,yahoo
BANDHANBNK,5m,2026-09-15T10:25:00+05:30,178.35000610351562,178.35000610351562,177.52000427246094,177.52000427246094,152038.0,yahoo
BANDHANBNK,5m,2026-09-15T10:30:00+05:30,177.5,177.92999267578125,177.4199981689453,177.7100067138672,94256.0,yahoo
BANDHANBNK,5m,2026-09-15T10:35:00+05:30,177.74000549316406,178.3000030517578,177.74000549316406,178.19000244140625,174132.0,yahoo
BANDHANBNK,5m,2026-09-15T10:40:00+05:30,178.14999389648438,178.36000061035156,178.0,178.0800018310547,148890.0,yahoo
BANDHANBNK,5m,2026-09-15T10:45:00+05:30,177.9499969482422,178.0500030517578,177.6300048828125,178.0,89592.0,yahoo
BANDHANBNK,5m,2026-09-15T10:50:00+05:30,178.0,178.35000610351562,178.0,178.1300048828125,141806.0,yahoo
BANDHANBNK,5m,2026-09-15T10:55:00+05:30,178.22999572753906,178.22999572753906,177.82000732421875,178.05999755859375,167747.0,yahoo
BANDHANBNK,5m,2026-09-15T11:00:00+05:30,178.02000427246094,178.02000427246094,177.32000732421875,177.42999267578125,111579.0,yahoo
BANDHANBNK,5m,2026-09-15T11:05:00+05:30,177.42999267578125,177.44000244140625,177.02000427246094,177.24000549316406,48189.0,yahoo
BANDHANBNK,5m,2026-09-15T11:10:00+05:30,177.22000122070312,177.52000427246094,177.17999267578125,177.32000732421875,79535.0,yahoo
BANDHANBNK,5m,2026-09-15T11:15:00+05:30,177.3800048828125,177.55999755859375,177.0500030517578,177.0500030517578,59899.0,yahoo
BANDHANBNK,5m,2026-09-15T11:20:00+05:30,177.0500030517578,177.42999267578125,177.0500030517578,177.39999389648438,50337.0,yahoo
BANDHANBNK,5m,2026-09-15T11:25:00+05:30,177.3699951171875,177.55999755859375,177.11000061035156,177.11000061035156,48101.0,yahoo
BANDHANBNK,5m,2026-09-15T11:30:00+05:30,177.1199951171875,177.38999938964844,177.10000610351562,177.2100067138672,21633.0,yahoo
BANDHANBNK,5m,2026-09-15T11:35:00+05:30,177.2100067138672,177.5,177.2100067138672,177.41000366210938,42261.0,yahoo
BANDHANBNK,5m,2026-09-15T11:40:00+05:30,177.39999389648438,177.4600067138672,176.58999633789062,176.63999938964844,186781.0,yahoo
BANDHANBNK,5m,2026-09-15T11:45:00+05:30,176.63999938964844,176.66000366210938,176.41000366210938,176.41000366210938,53056.0,yahoo
BANDHANBNK,5m,2026-09-15T11:50:00+05:30,176.39999389648438,176.5,176.3000030517578,176.5,40751.0,yahoo
BANDHANBNK,5m,2026-09-15T11:55:00+05:30,176.4499969482422,176.47999572753906,176.33999633789062,176.47999572753906,30918.0,yahoo
BANDHANBNK,5m,2026-09-15T12:00:00+05:30,176.47000122070312,176.60000610351562,176.39999389648438,176.50999450683594,42993.0,yahoo
BANDHANBNK,5m,2026-09-15T12:05:00+05:30,176.4600067138672,176.6300048828125,176.3800048828125,176.47999572753906,124252.0,yahoo
BANDHANBNK,5m,2026-09-15T12:10:00+05:30,176.42999267578125,176.5,176.1999969482422,176.33999633789062,90884.0,yahoo
BANDHANBNK,5m,2026-09-15T12:15:00+05:30,176.3300018310547,176.5,176.11000061035156,176.3800048828125,59012.0,yahoo
BANDHANBNK,5m,2026-09-15T12:20:00+05:30,176.3800048828125,176.39999389648438,176.1300048828125,176.1300048828125,28192.0,yahoo
BANDHANBNK,5m,2026-09-15T12:25:00+05:30,176.1300048828125,176.3800048828125,176.11000061035156,176.30999755859375,28715.0,yahoo
BANDHANBNK,5m,2026-09-15T12:30:00+05:30,176.30999755859375,176.30999755859375,176.2100067138672,176.2899932861328,18207.0,yahoo
BANDHANBNK,5m,2026-09-15T12:35:00+05:30,176.27999877929688,176.83999633789062,176.14999389648438,176.14999389648438,245488.0,yahoo
BANDHANBNK,5m,2026-09-15T12:40:00+05:30,176.13999938964844,176.27000427246094,176.0,176.24000549316406,63556.0,yahoo
BANDHANBNK,5m,2026-09-15T12:45:00+05:30,176.16000366210938,176.3300018310547,176.0,176.10000610351562,75960.0,yahoo
BANDHANBNK,5m,2026-09-15T12:50:00+05:30,176.10000610351562,176.6999969482422,176.10000610351562,176.39999389648438,197376.0,yahoo
BANDHANBNK,5m,2026-09-15T12:55:00+05:30,176.3800048828125,176.3800048828125,176.0,176.0500030517578,39245.0,yahoo
BANDHANBNK,5m,2026-09-15T13:00:00+05:30,176.0500030517578,176.1300048828125,175.55999755859375,175.60000610351562,48439.0,yahoo
BANDHANBNK,5m,2026-09-15T13:05:00+05:30,175.64999389648438,175.6999969482422,175.33999633789062,175.33999633789062,200915.0,yahoo
BANDHANBNK,5m,2026-09-15T13:10:00+05:30,175.41000366210938,175.41000366210938,174.83999633789062,174.9499969482422,194022.0,yahoo
BANDHANBNK,5m,2026-09-15T13:15:00+05:30,174.91000366210938,175.0,174.75999450683594,174.8300018310547,70823.0,yahoo
BANDHANBNK,5m,2026-09-15T13:20:00+05:30,174.88999938964844,175.1199951171875,174.8300018310547,174.91000366210938,135325.0,yahoo
BANDHANBNK,5m,2026-09-15T13:25:00+05:30,174.91000366210938,175.17999267578125,174.89999389648438,175.0,80526.0,yahoo
BANDHANBNK,5m,2026-09-15T13:30:00+05:30,175.0399932861328,175.0800018310547,174.75,175.0,72380.0,yahoo
BANDHANBNK,5m,2026-09-15T13:35:00+05:30,174.9600067138672,175.0,174.8000030517578,174.97000122070312,60270.0,yahoo
BANDHANBNK,5m,2026-09-15T13:40:00+05:30,174.82000732421875,174.9600067138672,174.38999938964844,174.38999938964844,167726.0,yahoo
BANDHANBNK,5m,2026-09-15T13:45:00+05:30,174.3699951171875,174.77000427246094,174.3699951171875,174.5500030517578,107804.0,yahoo
BANDHANBNK,5m,2026-09-15T13:50:00+05:30,174.5500030517578,174.7899932861328,174.50999450683594,174.61000061035156,84514.0,yahoo
BANDHANBNK,5m,2026-09-15T13:55:00+05:30,174.52999877929688,174.66000366210938,174.41000366210938,174.5,107378.0,yahoo
BANDHANBNK,5m,2026-09-15T14:00:00+05:30,174.5,174.86000061035156,174.39999389648438,174.74000549316406,44877.0,yahoo
BANDHANBNK,5m,2026-09-15T14:05:00+05:30,174.6999969482422,174.74000549316406,174.2100067138672,174.24000549316406,46046.0,yahoo
BANDHANBNK,5m,2026-09-15T14:10:00+05:30,174.2100067138672,174.2100067138672,172.8300018310547,172.9199981689453,577634.0,yahoo
BANDHANBNK,5m,2026-09-15T14:15:00+05:30,172.91000366210938,172.94000244140625,172.52000427246094,172.6199951171875,149201.0,yahoo
BANDHANBNK,5m,2026-09-15T14:20:00+05:30,172.74000549316406,173.6999969482422,172.6999969482422,173.6999969482422,382266.0,yahoo
BANDHANBNK,5m,2026-09-15T14:25:00+05:30,173.64999389648438,174.47000122070312,173.64999389648438,174.00999450683594,326429.0,yahoo
BANDHANBNK,5m,2026-09-15T14:30:00+05:30,174.07000732421875,174.07000732421875,173.52999877929688,173.66000366210938,93928.0,yahoo
BANDHANBNK,5m,2026-09-15T14:35:00+05:30,173.58999633789062,173.9199981689453,173.52000427246094,173.8699951171875,129401.0,yahoo
BANDHANBNK,5m,2026-09-15T14:40:00+05:30,173.8000030517578,173.89999389648438,173.60000610351562,173.83999633789062,35272.0,yahoo
BANDHANBNK,5m,2026-09-15T14:45:00+05:30,173.8000030517578,173.8000030517578,173.1199951171875,173.1300048828125,101024.0,yahoo
BANDHANBNK,5m,2026-09-15T14:50:00+05:30,173.1300048828125,173.5399932861328,172.89999389648438,172.89999389648438,112719.0,yahoo
BANDHANBNK,5m,2026-09-15T14:55:00+05:30,172.9199981689453,173.3000030517578,172.9199981689453,173.1999969482422,91711.0,yahoo
BANDHANBNK,5m,2026-09-15T15:00:00+05:30,173.17999267578125,173.4499969482422,173.1300048828125,173.25,146606.0,yahoo
BANDHANBNK,5m,2026-09-15T15:05:00+05:30,173.2100067138672,173.22999572753906,172.86000061035156,172.86000061035156,224411.0,yahoo
BANDHANBNK,5m,2026-09-15T15:10:00+05:30,172.8699951171875,173.0500030517578,172.42999267578125,172.8000030517578,246689.0,yahoo
BANDHANBNK,5m,2026-09-15T15:15:00+05:30,172.80999755859375,172.80999755859375,172.4499969482422,172.4499969482422,22123.0,yahoo
BANKBARODA,5m,2026-09-15T09:15:00+05:30,238.39999389648438,238.42999267578125,236.17999267578125,237.17999267578125,0.0,yahoo
BANKBARODA,5m,2026-09-15T09:20:00+05:30,237.1199951171875,237.47000122070312,236.8000030517578,236.8000030517578,121722.0,yahoo
BANKBARODA,5m,2026-09-15T09:25:00+05:30,236.8000030517578,236.94000244140625,236.36000061035156,236.36000061035156,100521.0,yahoo
BANKBARODA,5m,2026-09-15T09:30:00+05:30,236.3800048828125,236.3800048828125,236.14999389648438,236.27000427246094,79473.0,yahoo
BANKBARODA,5m,2026-09-15T09:35:00+05:30,236.25999450683594,236.30999755859375,235.75999450683594,236.1699981689453,118206.0,yahoo
BANKBARODA,5m,2026-09-15T09:40:00+05:30,236.1699981689453,236.30999755859375,236.08999633789062,236.08999633789062,50221.0,yahoo
BANKBARODA,5m,2026-09-15T09:45:00+05:30,236.08999633789062,236.11000061035156,235.5399932861328,235.5399932861328,92953.0,yahoo
BANKBARODA,5m,2026-09-15T09:50:00+05:30,235.55999755859375,236.0,235.0,235.1699981689453,552732.0,yahoo
BANKBARODA,5m,2026-09-15T09:55:00+05:30,235.24000549316406,235.25,234.86000061035156,235.02999877929688,131304.0,yahoo
BANKBARODA,5m,2026-09-15T10:00:00+05:30,235.0500030517578,235.24000549316406,235.0,235.13999938964844,66119.0,yahoo
BANKBARODA,5m,2026-09-15T10:05:00+05:30,235.11000061035156,235.27000427246094,235.0500030517578,235.11000061035156,38799.0,yahoo
BANKBARODA,5m,2026-09-15T10:10:00+05:30,235.14999389648438,235.72000122070312,235.13999938964844,235.66000366210938,79352.0,yahoo
BANKBARODA,5m,2026-09-15T10:15:00+05:30,235.64999389648438,235.7100067138672,235.4499969482422,235.6699981689453,30837.0,yahoo
BANKBARODA,5m,2026-09-15T10:20:00+05:30,235.60000610351562,235.80999755859375,235.49000549316406,235.8000030517578,46813.0,yahoo
BANKBARODA,5m,2026-09-15T10:25:00+05:30,235.77000427246094,235.80999755859375,235.42999267578125,235.42999267578125,38820.0,yahoo
BANKBARODA,5m,2026-09-15T10:30:00+05:30,235.47000122070312,235.74000549316406,235.4600067138672,235.6199951171875,37556.0,yahoo
BANKBARODA,5m,2026-09-15T10:35:00+05:30,235.5500030517578,235.9499969482422,235.5500030517578,235.9499969482422,39436.0,yahoo
BANKBARODA,5m,2026-09-15T10:40:00+05:30,235.99000549316406,236.1699981689453,235.6199951171875,235.66000366210938,85569.0,yahoo
BANKBARODA,5m,2026-09-15T10:45:00+05:30,235.61000061035156,235.63999938964844,235.14999389648438,235.3800048828125,71354.0,yahoo
BANKBARODA,5m,2026-09-15T10:50:00+05:30,235.36000061035156,235.44000244140625,235.05999755859375,235.1999969482422,74175.0,yahoo
BANKBARODA,5m,2026-09-15T10:55:00+05:30,235.14999389648438,235.25,235.05999755859375,235.1300048828125,62447.0,yahoo
BANKBARODA,5m,2026-09-15T11:00:00+05:30,235.22000122070312,235.24000549316406,235.02000427246094,235.24000549316406,61050.0,yahoo
BANKBARODA,5m,2026-09-15T11:05:00+05:30,235.24000549316406,235.24000549316406,234.8000030517578,235.0,132545.0,yahoo
BANKBARODA,5m,2026-09-15T11:10:00+05:30,235.00999450683594,235.08999633789062,234.77999877929688,234.80999755859375,48768.0,yahoo
BANKBARODA,5m,2026-09-15T11:15:00+05:30,234.88999938964844,235.02000427246094,234.77000427246094,234.89999389648438,38037.0,yahoo
BANKBARODA,5m,2026-09-15T11:20:00+05:30,234.85000610351562,235.1300048828125,234.72000122070312,235.1300048828125,45314.0,yahoo
BANKBARODA,5m,2026-09-15T11:25:00+05:30,235.0399932861328,235.19000244140625,234.8000030517578,234.88999938964844,67281.0,yahoo
BANKBARODA,5m,2026-09-15T11:30:00+05:30,234.88999938964844,235.1699981689453,234.77000427246094,235.0,40377.0,yahoo
BANKBARODA,5m,2026-09-15T11:35:00+05:30,234.9600067138672,235.19000244140625,234.7100067138672,234.77999877929688,62334.0,yahoo
BANKBARODA,5m,2026-09-15T11:40:00+05:30,234.8699951171875,234.88999938964844,234.39999389648438,234.4499969482422,89631.0,yahoo
BANKBARODA,5m,2026-09-15T11:45:00+05:30,234.44000244140625,234.5,234.25,234.36000061035156,41064.0,yahoo
BANKBARODA,5m,2026-09-15T11:50:00+05:30,234.2899932861328,234.50999450683594,234.22000122070312,234.3300018310547,73689.0,yahoo
BANKBARODA,5m,2026-09-15T11:55:00+05:30,234.25999450683594,234.44000244140625,234.14999389648438,234.30999755859375,58936.0,yahoo
BANKBARODA,5m,2026-09-15T12:00:00+05:30,234.30999755859375,234.36000061035156,234.10000610351562,234.17999267578125,105673.0,yahoo
BANKBARODA,5m,2026-09-15T12:05:00+05:30,234.1999969482422,234.39999389648438,234.1999969482422,234.35000610351562,94599.0,yahoo
BANKBARODA,5m,2026-09-15T12:10:00+05:30,234.36000061035156,234.3800048828125,234.1300048828125,234.19000244140625,38110.0,yahoo
BANKBARODA,5m,2026-09-15T12:15:00+05:30,234.19000244140625,234.25,234.0500030517578,234.1999969482422,45707.0,yahoo
BANKBARODA,5m,2026-09-15T12:20:00+05:30,234.1999969482422,234.39999389648438,234.1999969482422,234.3000030517578,31846.0,yahoo
BANKBARODA,5m,2026-09-15T12:25:00+05:30,234.27999877929688,234.3000030517578,234.13999938964844,234.2100067138672,43081.0,yahoo
BANKBARODA,5m,2026-09-15T12:30:00+05:30,234.22999572753906,234.5399932861328,234.1699981689453,234.5,69688.0,yahoo
BANKBARODA,5m,2026-09-15T12:35:00+05:30,234.4600067138672,234.7100067138672,234.4600067138672,234.47999572753906,31191.0,yahoo
BANKBARODA,5m,2026-09-15T12:40:00+05:30,234.5,234.63999938964844,234.47999572753906,234.5,25233.0,yahoo
BANKBARODA,5m,2026-09-15T12:45:00+05:30,234.4499969482422,234.64999389648438,234.39999389648438,234.64999389648438,39122.0,yahoo
BANKBARODA,5m,2026-09-15T12:50:00+05:30,234.64999389648438,234.88999938964844,234.64999389648438,234.77000427246094,29118.0,yahoo
BANKBARODA,5m,2026-09-15T12:55:00+05:30,234.72000122070312,234.82000732421875,234.27999877929688,234.39999389648438,40575.0,yahoo
BANKBARODA,5m,2026-09-15T13:00:00+05:30,234.39999389648438,234.4600067138672,234.1300048828125,234.33999633789062,58365.0,yahoo
BANKBARODA,5m,2026-09-15T13:05:00+05:30,234.32000732421875,234.47999572753906,234.10000610351562,234.32000732421875,80167.0,yahoo
BANKBARODA,5m,2026-09-15T13:10:00+05:30,234.32000732421875,234.32000732421875,234.11000061035156,234.27000427246094,58541.0,yahoo
BANKBARODA,5m,2026-09-15T13:15:00+05:30,234.27000427246094,234.55999755859375,234.10000610351562,234.41000366210938,51425.0,yahoo
BANKBARODA,5m,2026-09-15T13:20:00+05:30,234.36000061035156,234.5,234.2899932861328,234.3000030517578,37804.0,yahoo
BANKBARODA,5m,2026-09-15T13:25:00+05:30,234.3000030517578,234.4199981689453,234.22999572753906,234.32000732421875,46552.0,yahoo
BANKBARODA,5m,2026-09-15T13:30:00+05:30,234.3000030517578,234.3000030517578,234.11000061035156,234.25,42135.0,yahoo
BANKBARODA,5m,2026-09-15T13:35:00+05:30,234.25,234.41000366210938,234.22000122070312,234.3300018310547,25167.0,yahoo
BANKBARODA,5m,2026-09-15T13:40:00+05:30,234.3000030517578,234.3000030517578,233.9499969482422,234.02999877929688,130948.0,yahoo
BANKBARODA,5m,2026-09-15T13:45:00+05:30,234.00999450683594,234.3000030517578,234.00999450683594,234.3000030517578,46251.0,yahoo
BANKBARODA,5m,2026-09-15T13:50:00+05:30,234.3000030517578,234.4199981689453,234.1999969482422,234.32000732421875,27514.0,yahoo
BANKBARODA,5m,2026-09-15T13:55:00+05:30,234.3699951171875,234.44000244140625,234.2899932861328,234.41000366210938,39111.0,yahoo
BANKBARODA,5m,2026-09-15T14:00:00+05:30,234.35000610351562,234.42999267578125,234.22000122070312,234.22999572753906,23307.0,yahoo
BANKBARODA,5m,2026-09-15T14:05:00+05:30,234.22999572753906,234.24000549316406,233.9199981689453,234.0,40559.0,yahoo
BANKBARODA,5m,2026-09-15T14:10:00+05:30,233.9499969482422,234.0,233.3699951171875,233.50999450683594,139704.0,yahoo
BANKBARODA,5m,2026-09-15T14:15:00+05:30,233.41000366210938,233.5500030517578,233.27999877929688,233.32000732421875,88483.0,yahoo
BANKBARODA,5m,2026-09-15T14:20:00+05:30,233.38999938964844,233.5399932861328,233.3300018310547,233.42999267578125,58193.0,yahoo
BANKBARODA,5m,2026-09-15T14:25:00+05:30,233.42999267578125,233.4499969482422,233.25,233.38999938964844,41852.0,yahoo
BANKBARODA,5m,2026-09-15T14:30:00+05:30,233.33999633789062,233.52999877929688,233.25,233.3800048828125,35266.0,yahoo
BANKBARODA,5m,2026-09-15T14:35:00+05:30,233.4199981689453,233.52999877929688,233.36000061035156,233.39999389648438,51019.0,yahoo
BANKBARODA,5m,2026-09-15T14:40:00+05:30,233.41000366210938,233.5399932861328,233.41000366210938,233.47999572753906,43856.0,yahoo
BANKBARODA,5m,2026-09-15T14:45:00+05:30,233.47999572753906,233.52000427246094,232.6699981689453,232.75,201362.0,yahoo
BANKBARODA,5m,2026-09-15T14:50:00+05:30,232.75,233.08999633789062,232.61000061035156,232.8699951171875,157869.0,yahoo
BANKBARODA,5m,2026-09-15T14:55:00+05:30,232.8699951171875,233.05999755859375,232.7100067138672,232.72999572753906,162641.0,yahoo
BANKBARODA,5m,2026-09-15T15:00:00+05:30,232.86000061035156,233.00999450683594,232.57000732421875,232.89999389648438,281486.0,yahoo
BANKBARODA,5m,2026-09-15T15:05:00+05:30,232.89999389648438,232.89999389648438,232.5,232.77999877929688,313462.0,yahoo
BANKBARODA,5m,2026-09-15T15:10:00+05:30,232.75999450683594,233.00999450683594,232.66000366210938,232.6999969482422,289839.0,yahoo
BANKINDIA,5m,2026-09-15T09:15:00+05:30,139.60000610351562,140.24000549316406,139.39999389648438,139.55999755859375,0.0,yahoo
BANKINDIA,5m,2026-09-15T09:20:00+05:30,139.52000427246094,139.86000061035156,139.41000366210938,139.44000244140625,152415.0,yahoo
BANKINDIA,5m,2026-09-15T09:25:00+05:30,139.42999267578125,139.60000610351562,138.8699951171875,139.07000732421875,204136.0,yahoo
BANKINDIA,5m,2026-09-15T09:30:00+05:30,139.08999633789062,139.1999969482422,139.02000427246094,139.0800018310547,45857.0,yahoo
BANKINDIA,5m,2026-09-15T09:35:00+05:30,139.0800018310547,139.08999633789062,138.75999450683594,138.9199981689453,307019.0,yahoo
BANKINDIA,5m,2026-09-15T09:40:00+05:30,138.8800048828125,139.16000366210938,138.8800048828125,139.0399932861328,199446.0,yahoo
BANKINDIA,5m,2026-09-15T09:45:00+05:30,139.07000732421875,139.13999938964844,138.88999938964844,138.88999938964844,40577.0,yahoo
BANKINDIA,5m,2026-09-15T09:50:00+05:30,138.8800048828125,139.05999755859375,138.7899932861328,138.94000244140625,93230.0,yahoo
BANKINDIA,5m,2026-09-15T09:55:00+05:30,138.94000244140625,138.97000122070312,138.74000549316406,138.83999633789062,48805.0,yahoo
BANKINDIA,5m,2026-09-15T10:00:00+05:30,138.88999938964844,139.02000427246094,138.86000061035156,138.92999267578125,31703.0,yahoo
BANKINDIA,5m,2026-09-15T10:05:00+05:30,138.92999267578125,139.0,138.8000030517578,138.8800048828125,60574.0,yahoo
BANKINDIA,5m,2026-09-15T10:10:00+05:30,138.9199981689453,139.22000122070312,138.89999389648438,139.22000122070312,129201.0,yahoo
BANKINDIA,5m,2026-09-15T10:15:00+05:30,139.22000122070312,139.35000610351562,139.11000061035156,139.25,25288.0,yahoo
BANKINDIA,5m,2026-09-15T10:20:00+05:30,139.25,139.3800048828125,139.22999572753906,139.27000427246094,27555.0,yahoo
BANKINDIA,5m,2026-09-15T10:25:00+05:30,139.27000427246094,139.35000610351562,139.22999572753906,139.3000030517578,35214.0,yahoo
BANKINDIA,5m,2026-09-15T10:30:00+05:30,139.25999450683594,139.38999938964844,139.25,139.32000732421875,54138.0,yahoo
BANKINDIA,5m,2026-09-15T10:35:00+05:30,139.32000732421875,139.42999267578125,139.2899932861328,139.3699951171875,36415.0,yahoo
BANKINDIA,5m,2026-09-15T10:40:00+05:30,139.36000061035156,139.36000061035156,139.1300048828125,139.19000244140625,20713.0,yahoo
BANKINDIA,5m,2026-09-15T10:45:00+05:30,139.19000244140625,139.19000244140625,139.0500030517578,139.13999938964844,28250.0,yahoo
BANKINDIA,5m,2026-09-15T10:50:00+05:30,139.16000366210938,139.16000366210938,138.97999572753906,139.13999938964844,22607.0,yahoo
BANKINDIA,5m,2026-09-15T10:55:00+05:30,139.08999633789062,139.14999389648438,139.0,139.07000732421875,20828.0,yahoo
BANKINDIA,5m,2026-09-15T11:00:00+05:30,139.14999389648438,139.22000122070312,139.07000732421875,139.16000366210938,13723.0,yahoo
BANKINDIA,5m,2026-09-15T11:05:00+05:30,139.0800018310547,139.17999267578125,138.99000549316406,139.0,35943.0,yahoo
BANKINDIA,5m,2026-09-15T11:10:00+05:30,139.0,139.13999938964844,138.97000122070312,139.0399932861328,15701.0,yahoo
BANKINDIA,5m,2026-09-15T11:15:00+05:30,139.0399932861328,139.19000244140625,138.86000061035156,138.86000061035156,73220.0,yahoo
BANKINDIA,5m,2026-09-15T11:20:00+05:30,138.86000061035156,139.0399932861328,138.77000427246094,139.0,35154.0,yahoo
BANKINDIA,5m,2026-09-15T11:25:00+05:30,139.02000427246094,139.08999633789062,138.74000549316406,138.86000061035156,54343.0,yahoo
BANKINDIA,5m,2026-09-15T11:30:00+05:30,138.86000061035156,139.05999755859375,138.8000030517578,138.88999938964844,118759.0,yahoo
BANKINDIA,5m,2026-09-15T11:35:00+05:30,138.8800048828125,139.00999450683594,138.75,138.8000030517578,59577.0,yahoo
BANKINDIA,5m,2026-09-15T11:40:00+05:30,138.89999389648438,138.89999389648438,138.60000610351562,138.72999572753906,17384.0,yahoo
BANKINDIA,5m,2026-09-15T11:45:00+05:30,138.72999572753906,138.72999572753906,138.44000244140625,138.44000244140625,61462.0,yahoo
BANKINDIA,5m,2026-09-15T11:50:00+05:30,138.44000244140625,138.57000732421875,138.36000061035156,138.36000061035156,29725.0,yahoo
BANKINDIA,5m,2026-09-15T11:55:00+05:30,138.41000366210938,138.41000366210938,138.1999969482422,138.38999938964844,76066.0,yahoo
BANKINDIA,5m,2026-09-15T12:00:00+05:30,138.4199981689453,138.5399932861328,138.25,138.47000122070312,30468.0,yahoo
BANKINDIA,5m,2026-09-15T12:05:00+05:30,138.4499969482422,138.47999572753906,138.32000732421875,138.3300018310547,26102.0,yahoo
BANKINDIA,5m,2026-09-15T12:10:00+05:30,138.32000732421875,138.33999633789062,138.22999572753906,138.27999877929688,11553.0,yahoo
BANKINDIA,5m,2026-09-15T12:15:00+05:30,138.25,138.25,138.1300048828125,138.22999572753906,37458.0,yahoo
BANKINDIA,5m,2026-09-15T12:20:00+05:30,138.22999572753906,138.3300018310547,138.1199951171875,138.27999877929688,51098.0,yahoo
BANKINDIA,5m,2026-09-15T12:25:00+05:30,138.27999877929688,138.3000030517578,138.14999389648438,138.27000427246094,24558.0,yahoo
BANKINDIA,5m,2026-09-15T12:30:00+05:30,138.30999755859375,138.30999755859375,138.1999969482422,138.2899932861328,21973.0,yahoo
BANKINDIA,5m,2026-09-15T12:35:00+05:30,138.22000122070312,138.39999389648438,138.2100067138672,138.27999877929688,18227.0,yahoo
BANKINDIA,5m,2026-09-15T12:40:00+05:30,138.27999877929688,138.27999877929688,138.14999389648438,138.22999572753906,54257.0,yahoo
BANKINDIA,5m,2026-09-15T12:45:00+05:30,138.17999267578125,138.27000427246094,138.05999755859375,138.25999450683594,59670.0,yahoo
BANKINDIA,5m,2026-09-15T12:50:00+05:30,138.25999450683594,138.39999389648438,138.14999389648438,138.25,34882.0,yahoo
BANKINDIA,5m,2026-09-15T12:55:00+05:30,138.25,138.3000030517578,138.0399932861328,138.13999938964844,23258.0,yahoo
BANKINDIA,5m,2026-09-15T13:00:00+05:30,138.13999938964844,138.14999389648438,138.0399932861328,138.08999633789062,35982.0,yahoo
BANKINDIA,5m,2026-09-15T13:05:00+05:30,138.08999633789062,138.10000610351562,138.00999450683594,138.0800018310547,38214.0,yahoo
BANKINDIA,5m,2026-09-15T13:10:00+05:30,137.9199981689453,138.08999633789062,137.80999755859375,138.08999633789062,268902.0,yahoo
BANKINDIA,5m,2026-09-15T13:15:00+05:30,138.08999633789062,138.2100067138672,138.02000427246094,138.1699981689453,36622.0,yahoo
BANKINDIA,5m,2026-09-15T13:20:00+05:30,138.11000061035156,138.1699981689453,138.02999877929688,138.02999877929688,15226.0,yahoo
BANKINDIA,5m,2026-09-15T13:25:00+05:30,138.02999877929688,138.13999938964844,138.02999877929688,138.08999633789062,15747.0,yahoo
BANKINDIA,5m,2026-09-15T13:30:00+05:30,138.0800018310547,138.0800018310547,137.8800048828125,137.97000122070312,30834.0,yahoo
BANKINDIA,5m,2026-09-15T13:35:00+05:30,137.97000122070312,138.02999877929688,137.8699951171875,137.9499969482422,16368.0,yahoo
BANKINDIA,5m,2026-09-15T13:40:00+05:30,137.9499969482422,138.0,137.7899932861328,138.0,49582.0,yahoo
BANKINDIA,5m,2026-09-15T13:45:00+05:30,137.99000549316406,138.0800018310547,137.9499969482422,138.07000732421875,11854.0,yahoo
BANKINDIA,5m,2026-09-15T13:50:00+05:30,138.08999633789062,138.13999938964844,138.0500030517578,138.07000732421875,7282.0,yahoo
BANKINDIA,5m,2026-09-15T13:55:00+05:30,138.07000732421875,138.10000610351562,138.0,138.00999450683594,13728.0,yahoo
BANKINDIA,5m,2026-09-15T14:00:00+05:30,138.00999450683594,138.0800018310547,137.9199981689453,137.97000122070312,25146.0,yahoo
BANKINDIA,5m,2026-09-15T14:05:00+05:30,137.92999267578125,137.9499969482422,137.77000427246094,137.8000030517578,28677.0,yahoo
BANKINDIA,5m,2026-09-15T14:10:00+05:30,137.77000427246094,137.77999877929688,137.52000427246094,137.6300048828125,24898.0,yahoo
BANKINDIA,5m,2026-09-15T14:15:00+05:30,137.60000610351562,137.63999938964844,137.4499969482422,137.4600067138672,93907.0,yahoo
BANKINDIA,5m,2026-09-15T14:20:00+05:30,137.4499969482422,137.7899932861328,137.4499969482422,137.66000366210938,68473.0,yahoo
BANKINDIA,5m,2026-09-15T14:25:00+05:30,137.69000244140625,137.7100067138672,137.50999450683594,137.55999755859375,12705.0,yahoo
BANKINDIA,5m,2026-09-15T14:30:00+05:30,137.52000427246094,137.58999633789062,137.5,137.52999877929688,20818.0,yahoo
BANKINDIA,5m,2026-09-15T14:35:00+05:30,137.55999755859375,137.64999389648438,137.5,137.58999633789062,12404.0,yahoo
BANKINDIA,5m,2026-09-15T14:40:00+05:30,137.38999938964844,137.5800018310547,137.38999938964844,137.4600067138672,36832.0,yahoo
BANKINDIA,5m,2026-09-15T14:45:00+05:30,137.5,137.52999877929688,137.11000061035156,137.1699981689453,105950.0,yahoo
BANKINDIA,5m,2026-09-15T14:50:00+05:30,137.1699981689453,137.3800048828125,137.08999633789062,137.1300048828125,124211.0,yahoo
BANKINDIA,5m,2026-09-15T14:55:00+05:30,137.1300048828125,137.30999755859375,137.11000061035156,137.14999389648438,68457.0,yahoo
BANKINDIA,5m,2026-09-15T15:00:00+05:30,137.14999389648438,137.24000549316406,137.08999633789062,137.2100067138672,89171.0,yahoo
BANKINDIA,5m,2026-09-15T15:05:00+05:30,137.1999969482422,137.25999450683594,137.10000610351562,137.10000610351562,165903.0,yahoo
BANKINDIA,5m,2026-09-15T15:10:00+05:30,137.14999389648438,137.41000366210938,137.08999633789062,137.41000366210938,160453.0,yahoo
BANKINDIA,5m,2026-09-15T15:15:00+05:30,137.3000030517578,137.61000061035156,137.3000030517578,137.61000061035156,123611.0,yahoo
BANKNIFTY,5m,2026-09-15T09:15:00+05:30,56928.55078125,56995.69921875,56632.6484375,56660.1015625,0.0,yahoo
BANKNIFTY,5m,2026-09-15T09:20:00+05:30,56660.0,56694.5,56563.80078125,56563.80078125,0.0,yahoo
BANKNIFTY,5m,2026-09-15T09:25:00+05:30,56564.6484375,56582.5,56508.69921875,56533.0,0.0,yahoo
BANKNIFTY,5m,2026-09-15T09:30:00+05:30,56528.5,56544.8984375,56460.30078125,56475.1015625,0.0,yahoo
BANKNIFTY,5m,2026-09-15T09:35:00+05:30,56476.19921875,56487.94921875,56404.6015625,56478.80078125,0.0,yahoo
BANKNIFTY,5m,2026-09-15T09:40:00+05:30,56474.8515625,56515.6015625,56461.1015625,56469.1015625,0.0,yahoo
BANKNIFTY,5m,2026-09-15T09:45:00+05:30,56467.55078125,56468.05078125,56395.6484375,56402.25,0.0,yahoo
BANKNIFTY,5m,2026-09-15T09:50:00+05:30,56400.6484375,56431.94921875,56346.05078125,56353.30078125,0.0,yahoo
BANKNIFTY,5m,2026-09-15T09:55:00+05:30,56353.30078125,56369.8984375,56323.44921875,56356.6015625,0.0,yahoo
BANKNIFTY,5m,2026-09-15T10:00:00+05:30,56358.0,56375.94921875,56326.6015625,56342.80078125,0.0,yahoo
BANKNIFTY,5m,2026-09-15T10:05:00+05:30,56348.44921875,56355.8984375,56283.25,56284.8515625,0.0,yahoo
BANKNIFTY,5m,2026-09-15T10:10:00+05:30,56284.8515625,56369.8515625,56279.5,56344.30078125,0.0,yahoo
BANKNIFTY,5m,2026-09-15T10:15:00+05:30,56343.6484375,56343.80078125,56294.69921875,56308.55078125,0.0,yahoo
BANKNIFTY,5m,2026-09-15T10:20:00+05:30,56307.1484375,56309.25,56266.6015625,56283.3515625,0.0,yahoo
BANKNIFTY,5m,2026-09-15T10:25:00+05:30,56286.6015625,56307.94921875,56243.0,56249.5,0.0,yahoo
BANKNIFTY,5m,2026-09-15T10:30:00+05:30,56249.3984375,56280.94921875,56224.8515625,56260.44921875,0.0,yahoo
BANKNIFTY,5m,2026-09-15T10:35:00+05:30,56258.3515625,56305.1015625,56256.44921875,56302.80078125,0.0,yahoo
BANKNIFTY,5m,2026-09-15T10:40:00+05:30,56302.55078125,56308.19921875,56214.75,56217.0,0.0,yahoo
BANKNIFTY,5m,2026-09-15T10:45:00+05:30,56218.1484375,56224.6484375,56169.05078125,56177.69921875,0.0,yahoo
BANKNIFTY,5m,2026-09-15T10:50:00+05:30,56176.8515625,56199.0,56149.94921875,56192.0,0.0,yahoo
BANKNIFTY,5m,2026-09-15T10:55:00+05:30,56192.30078125,56197.8515625,56148.05078125,56169.25,0.0,yahoo
BANKNIFTY,5m,2026-09-15T11:00:00+05:30,56166.05078125,56244.1484375,56153.6484375,56226.1484375,0.0,yahoo
BANKNIFTY,5m,2026-09-15T11:05:00+05:30,56222.05078125,56224.5,56135.0,56142.0,0.0,yahoo
BANKNIFTY,5m,2026-09-15T11:10:00+05:30,56143.1484375,56200.69921875,56111.75,56182.8984375,0.0,yahoo
BANKNIFTY,5m,2026-09-15T11:15:00+05:30,56182.8984375,56222.3984375,56162.55078125,56166.3984375,0.0,yahoo
BANKNIFTY,5m,2026-09-15T11:20:00+05:30,56164.3515625,56183.30078125,56142.05078125,56171.25,0.0,yahoo
BANKNIFTY,5m,2026-09-15T11:25:00+05:30,56167.3515625,56178.05078125,56117.80078125,56124.1015625,0.0,yahoo
BANKNIFTY,5m,2026-09-15T11:30:00+05:30,56123.69921875,56178.25,56110.80078125,56160.0,0.0,yahoo
BANKNIFTY,5m,2026-09-15T11:35:00+05:30,56160.0,56207.6015625,56152.6484375,56200.55078125,0.0,yahoo
BANKNIFTY,5m,2026-09-15T11:40:00+05:30,56201.8515625,56205.1484375,56134.6484375,56158.1015625,0.0,yahoo
BANKNIFTY,5m,2026-09-15T11:45:00+05:30,56156.69921875,56161.1484375,56133.5,56139.75,0.0,yahoo
BANKNIFTY,5m,2026-09-15T11:50:00+05:30,56139.94921875,56154.75,56112.6015625,56124.3515625,0.0,yahoo
BANKNIFTY,5m,2026-09-15T11:55:00+05:30,56124.25,56173.05078125,56120.19921875,56157.30078125,0.0,yahoo
BANKNIFTY,5m,2026-09-15T12:00:00+05:30,56156.6015625,56178.69921875,56136.1015625,56154.1484375,0.0,yahoo
BANKNIFTY,5m,2026-09-15T12:05:00+05:30,56156.1484375,56181.69921875,56152.1484375,56167.44921875,0.0,yahoo
BANKNIFTY,5m,2026-09-15T12:10:00+05:30,56166.80078125,56180.80078125,56134.5,56153.05078125,0.0,yahoo
BANKNIFTY,5m,2026-09-15T12:15:00+05:30,56152.1484375,56154.6484375,56115.3984375,56121.6484375,0.0,yahoo
BANKNIFTY,5m,2026-09-15T12:20:00+05:30,56121.8515625,56147.8515625,56117.3515625,56136.75,0.0,yahoo
BANKNIFTY,5m,2026-09-15T12:25:00+05:30,56137.94921875,56152.25,56124.69921875,56146.1015625,0.0,yahoo
BANKNIFTY,5m,2026-09-15T12:30:00+05:30,56146.8515625,56179.8515625,56131.6484375,56176.25,0.0,yahoo
BANKNIFTY,5m,2026-09-15T12:35:00+05:30,56175.6015625,56217.80078125,56165.25,56184.6484375,0.0,yahoo
BANKNIFTY,5m,2026-09-15T12:40:00+05:30,56183.3515625,56221.55078125,56178.55078125,56207.1015625,0.0,yahoo
BANKNIFTY,5m,2026-09-15T12:45:00+05:30,56197.6015625,56220.30078125,56182.8515625,56219.1015625,0.0,yahoo
BANKNIFTY,5m,2026-09-15T12:50:00+05:30,56219.1015625,56248.05078125,56198.3984375,56227.69921875,0.0,yahoo
BANKNIFTY,5m,2026-09-15T12:55:00+05:30,56226.3515625,56228.94921875,56148.6015625,56167.1484375,0.0,yahoo
BANKNIFTY,5m,2026-09-15T13:00:00+05:30,56170.19921875,56184.5,56156.75,56179.44921875,0.0,yahoo
BANKNIFTY,5m,2026-09-15T13:05:00+05:30,56180.75,56206.3515625,56178.1015625,56195.69921875,0.0,yahoo
BANKNIFTY,5m,2026-09-15T13:10:00+05:30,56195.25,56202.30078125,56144.94921875,56186.19921875,0.0,yahoo
BANKNIFTY,5m,2026-09-15T13:15:00+05:30,56184.5,56216.1484375,56162.44921875,56200.69921875,0.0,yahoo
BANKNIFTY,5m,2026-09-15T13:20:00+05:30,56198.6015625,56206.30078125,56153.80078125,56160.3984375,0.0,yahoo
BANKNIFTY,5m,2026-09-15T13:25:00+05:30,56155.8984375,56199.55078125,56150.0,56162.19921875,0.0,yahoo
BANKNIFTY,5m,2026-09-15T13:30:00+05:30,56164.3984375,56170.80078125,56109.75,56131.30078125,0.0,yahoo
BANKNIFTY,5m,2026-09-15T13:35:00+05:30,56131.55078125,56166.75,56118.1015625,56127.44921875,0.0,yahoo
BANKNIFTY,5m,2026-09-15T13:40:00+05:30,56127.44921875,56127.44921875,56065.3515625,56118.80078125,0.0,yahoo
BANKNIFTY,5m,2026-09-15T13:45:00+05:30,56119.80078125,56143.25,56116.44921875,56141.19921875,0.0,yahoo
BANKNIFTY,5m,2026-09-15T13:50:00+05:30,56139.1484375,56149.19921875,56128.0,56136.1015625,0.0,yahoo
BANKNIFTY,5m,2026-09-15T13:55:00+05:30,56135.80078125,56148.5,56111.94921875,56132.05078125,0.0,yahoo
BANKNIFTY,5m,2026-09-15T14:00:00+05:30,56131.6484375,56140.94921875,56093.3515625,56103.75,0.0,yahoo
BANKNIFTY,5m,2026-09-15T14:05:00+05:30,56103.05078125,56105.55078125,56050.94921875,56057.05078125,0.0,yahoo
BANKNIFTY,5m,2026-09-15T14:10:00+05:30,56057.1484375,56057.6015625,55959.8515625,56000.30078125,0.0,yahoo
BANKNIFTY,5m,2026-09-15T14:15:00+05:30,55995.3515625,55999.05078125,55943.25,55949.1484375,0.0,yahoo
BANKNIFTY,5m,2026-09-15T14:20:00+05:30,55949.80078125,56024.0,55948.94921875,55985.6484375,0.0,yahoo
BANKNIFTY,5m,2026-09-15T14:25:00+05:30,55988.6484375,56005.8984375,55968.5,55982.19921875,0.0,yahoo
BANKNIFTY,5m,2026-09-15T14:30:00+05:30,55981.6015625,56015.19921875,55974.19921875,56008.94921875,0.0,yahoo
BANKNIFTY,5m,2026-09-15T14:35:00+05:30,56010.44921875,56029.8984375,55999.1015625,56013.3984375,0.0,yahoo
BANKNIFTY,5m,2026-09-15T14:40:00+05:30,56008.05078125,56036.05078125,56002.44921875,56019.30078125,0.0,yahoo
BANKNIFTY,5m,2026-09-15T14:45:00+05:30,56018.25,56027.8984375,55870.1015625,55880.30078125,0.0,yahoo
BANKNIFTY,5m,2026-09-15T14:50:00+05:30,55881.55078125,55955.05078125,55878.6484375,55896.3515625,0.0,yahoo
BANKNIFTY,5m,2026-09-15T14:55:00+05:30,55897.1484375,55916.55078125,55872.05078125,55876.8984375,0.0,yahoo
BANKNIFTY,5m,2026-09-15T15:00:00+05:30,55877.3515625,55964.1015625,55876.6015625,55955.3515625,0.0,yahoo
BANKNIFTY,5m,2026-09-15T15:05:00+05:30,55960.6015625,55960.6015625,55872.05078125,55897.5,0.0,yahoo
BANKNIFTY,5m,2026-09-15T15:10:00+05:30,55899.44921875,55947.6484375,55888.8984375,55908.94921875,0.0,yahoo
BANKNIFTY,5m,2026-09-15T15:15:00+05:30,55908.94921875,55908.94921875,55908.94921875,55908.94921875,0.0,yahoo
BANKNIFTY,5m,2026-09-15T15:20:00+05:30,55908.94921875,55908.94921875,55908.94921875,55908.94921875,0.0,yahoo
BANKNIFTY,5m,2026-09-15T15:25:00+05:30,55908.94921875,55908.94921875,55794.75,55794.75,0.0,yahoo
BEL,5m,2026-09-15T09:15:00+05:30,403.25,403.25,398.20001220703125,398.79998779296875,0.0,yahoo
BEL,5m,2026-09-15T09:20:00+05:30,398.79998779296875,398.79998779296875,396.79998779296875,397.0,582236.0,yahoo
BEL,5m,2026-09-15T09:25:00+05:30,397.1499938964844,397.29998779296875,395.70001220703125,396.0,369663.0,yahoo
BEL,5m,2026-09-15T09:30:00+05:30,396.0,396.0,394.5,394.5,495857.0,yahoo
BEL,5m,2026-09-15T09:35:00+05:30,394.04998779296875,395.3500061035156,393.75,395.3500061035156,346648.0,yahoo
BEL,5m,2026-09-15T09:40:00+05:30,395.29998779296875,395.54998779296875,394.6499938964844,394.75,232586.0,yahoo
BEL,5m,2026-09-15T09:45:00+05:30,394.70001220703125,394.95001220703125,394.1499938964844,394.29998779296875,176539.0,yahoo
BEL,5m,2026-09-15T09:50:00+05:30,394.25,394.5,394.1000061035156,394.25,156663.0,yahoo
BEL,5m,2026-09-15T09:55:00+05:30,394.3500061035156,394.3500061035156,393.54998779296875,393.8500061035156,247078.0,yahoo
BEL,5m,2026-09-15T10:00:00+05:30,393.75,393.79998779296875,392.5,392.79998779296875,336606.0,yahoo
BEL,5m,2026-09-15T10:05:00+05:30,392.8500061035156,393.29998779296875,392.29998779296875,392.29998779296875,238986.0,yahoo
BEL,5m,2026-09-15T10:10:00+05:30,392.25,393.0,392.20001220703125,392.6000061035156,155280.0,yahoo
BEL,5m,2026-09-15T10:15:00+05:30,392.6000061035156,393.25,392.54998779296875,392.95001220703125,129152.0,yahoo
BEL,5m,2026-09-15T10:20:00+05:30,392.95001220703125,393.29998779296875,392.6499938964844,392.95001220703125,106529.0,yahoo
BEL,5m,2026-09-15T10:25:00+05:30,392.95001220703125,392.95001220703125,392.5,392.70001220703125,115671.0,yahoo
BEL,5m,2026-09-15T10:30:00+05:30,392.45001220703125,393.1000061035156,392.3500061035156,393.1000061035156,111114.0,yahoo
BEL,5m,2026-09-15T10:35:00+05:30,393.0,393.3999938964844,392.54998779296875,392.70001220703125,108227.0,yahoo
BEL,5m,2026-09-15T10:40:00+05:30,392.75,392.75,392.04998779296875,392.25,135895.0,yahoo
BEL,5m,2026-09-15T10:45:00+05:30,392.25,392.25,389.79998779296875,389.8500061035156,723784.0,yahoo
BEL,5m,2026-09-15T10:50:00+05:30,389.79998779296875,389.79998779296875,388.70001220703125,388.95001220703125,333407.0,yahoo
BEL,5m,2026-09-15T10:55:00+05:30,388.95001220703125,389.5,388.8999938964844,389.20001220703125,223099.0,yahoo
BEL,5m,2026-09-15T11:00:00+05:30,389.1000061035156,390.0,388.6000061035156,390.0,249507.0,yahoo
BEL,5m,2026-09-15T11:05:00+05:30,390.0,390.20001220703125,388.20001220703125,388.54998779296875,502007.0,yahoo
BEL,5m,2026-09-15T11:10:00+05:30,388.6000061035156,388.8500061035156,388.29998779296875,388.3500061035156,160963.0,yahoo
BEL,5m,2026-09-15T11:15:00+05:30,388.3500061035156,388.45001220703125,387.79998779296875,387.8500061035156,283188.0,yahoo
BEL,5m,2026-09-15T11:20:00+05:30,387.75,388.6499938964844,387.6000061035156,388.6499938964844,112573.0,yahoo
BEL,5m,2026-09-15T11:25:00+05:30,388.6499938964844,389.5,388.5,389.20001220703125,407141.0,yahoo
BEL,5m,2026-09-15T11:30:00+05:30,389.1000061035156,389.70001220703125,388.3999938964844,389.70001220703125,194637.0,yahoo
BEL,5m,2026-09-15T11:35:00+05:30,389.79998779296875,391.04998779296875,389.6499938964844,390.8500061035156,342071.0,yahoo
BEL,5m,2026-09-15T11:40:00+05:30,390.8500061035156,391.1000061035156,390.29998779296875,390.8500061035156,333991.0,yahoo
BEL,5m,2026-09-15T11:45:00+05:30,390.8500061035156,391.04998779296875,390.5,390.54998779296875,70850.0,yahoo
BEL,5m,2026-09-15T11:50:00+05:30,390.6000061035156,391.29998779296875,390.5,391.1499938964844,231681.0,yahoo
BEL,5m,2026-09-15T11:55:00+05:30,391.20001220703125,391.20001220703125,390.8500061035156,391.1499938964844,165556.0,yahoo
BEL,5m,2026-09-15T12:00:00+05:30,391.20001220703125,391.45001220703125,390.8500061035156,391.29998779296875,90469.0,yahoo
BEL,5m,2026-09-15T12:05:00+05:30,391.29998779296875,391.3500061035156,390.25,390.3999938964844,108034.0,yahoo
BEL,5m,2026-09-15T12:10:00+05:30,390.3999938964844,390.54998779296875,389.8999938964844,390.54998779296875,108924.0,yahoo
BEL,5m,2026-09-15T12:15:00+05:30,390.5,390.79998779296875,389.79998779296875,390.0,114323.0,yahoo
BEL,5m,2026-09-15T12:20:00+05:30,390.04998779296875,390.20001220703125,388.75,389.95001220703125,219881.0,yahoo
BEL,5m,2026-09-15T12:25:00+05:30,389.8999938964844,390.29998779296875,389.79998779296875,390.25,225252.0,yahoo
BEL,5m,2026-09-15T12:30:00+05:30,390.25,390.25,389.6499938964844,389.79998779296875,180708.0,yahoo
BEL,5m,2026-09-15T12:35:00+05:30,389.8500061035156,390.20001220703125,389.6000061035156,389.95001220703125,67598.0,yahoo
BEL,5m,2026-09-15T12:40:00+05:30,389.79998779296875,390.1499938964844,389.6499938964844,389.6499938964844,62768.0,yahoo
BEL,5m,2026-09-15T12:45:00+05:30,389.6499938964844,390.6499938964844,389.6000061035156,390.29998779296875,72044.0,yahoo
BEL,5m,2026-09-15T12:50:00+05:30,390.45001220703125,390.54998779296875,390.1499938964844,390.54998779296875,89427.0,yahoo
BEL,5m,2026-09-15T12:55:00+05:30,390.54998779296875,390.54998779296875,390.1000061035156,390.1499938964844,123965.0,yahoo
BEL,5m,2026-09-15T13:00:00+05:30,390.25,390.5,390.04998779296875,390.3999938964844,62681.0,yahoo
BEL,5m,2026-09-15T13:05:00+05:30,390.5,390.8999938964844,390.3999938964844,390.8500061035156,161544.0,yahoo
BEL,5m,2026-09-15T13:10:00+05:30,390.75,390.95001220703125,390.5,390.79998779296875,47974.0,yahoo
BEL,5m,2026-09-15T13:15:00+05:30,390.79998779296875,390.79998779296875,390.54998779296875,390.70001220703125,47966.0,yahoo
BEL,5m,2026-09-15T13:20:00+05:30,390.70001220703125,390.70001220703125,390.29998779296875,390.3999938964844,47206.0,yahoo
BEL,5m,2026-09-15T13:25:00+05:30,390.3500061035156,390.3999938964844,390.0,390.0,63435.0,yahoo
BEL,5m,2026-09-15T13:30:00+05:30,390.20001220703125,390.29998779296875,389.45001220703125,389.45001220703125,90612.0,yahoo
BEL,5m,2026-09-15T13:35:00+05:30,389.45001220703125,389.79998779296875,389.45001220703125,389.54998779296875,78839.0,yahoo
BEL,5m,2026-09-15T13:40:00+05:30,389.5,389.54998779296875,389.1000061035156,389.3500061035156,87173.0,yahoo
BEL,5m,2026-09-15T13:45:00+05:30,389.3999938964844,390.0,389.25,390.0,63892.0,yahoo
BEL,5m,2026-09-15T13:50:00+05:30,389.79998779296875,390.1000061035156,389.54998779296875,389.75,72568.0,yahoo
BEL,5m,2026-09-15T13:55:00+05:30,389.75,389.75,388.70001220703125,389.3500061035156,165579.0,yahoo
BEL,5m,2026-09-15T14:00:00+05:30,389.45001220703125,389.54998779296875,389.29998779296875,389.45001220703125,55590.0,yahoo
BEL,5m,2026-09-15T14:05:00+05:30,389.3999938964844,389.5,389.04998779296875,389.1499938964844,77718.0,yahoo
BEL,5m,2026-09-15T14:10:00+05:30,389.1000061035156,389.1499938964844,388.54998779296875,388.54998779296875,125590.0,yahoo
BEL,5m,2026-09-15T14:15:00+05:30,388.54998779296875,388.54998779296875,387.5,387.5,327065.0,yahoo
BEL,5m,2026-09-15T14:20:00+05:30,387.54998779296875,388.1000061035156,387.04998779296875,387.25,212137.0,yahoo
BEL,5m,2026-09-15T14:25:00+05:30,387.20001220703125,387.54998779296875,386.79998779296875,386.95001220703125,350667.0,yahoo
BEL,5m,2026-09-15T14:30:00+05:30,386.8999938964844,387.1499938964844,386.8999938964844,387.1499938964844,131425.0,yahoo
BEL,5m,2026-09-15T14:35:00+05:30,386.8999938964844,387.20001220703125,386.8500061035156,387.1000061035156,154036.0,yahoo
BEL,5m,2026-09-15T14:40:00+05:30,387.1000061035156,387.54998779296875,387.1000061035156,387.45001220703125,128746.0,yahoo
BEL,5m,2026-09-15T14:45:00+05:30,387.3999938964844,387.3999938964844,386.0,386.25,326481.0,yahoo
BEL,5m,2026-09-15T14:50:00+05:30,386.3999938964844,387.25,386.3999938964844,386.75,592998.0,yahoo
BEL,5m,2026-09-15T14:55:00+05:30,386.75,387.0,386.5,386.6000061035156,271002.0,yahoo
BEL,5m,2026-09-15T15:00:00+05:30,386.5,386.54998779296875,386.0,386.0,532221.0,yahoo
BEL,5m,2026-09-15T15:05:00+05:30,386.0,386.1000061035156,385.04998779296875,385.5,676215.0,yahoo
BEL,5m,2026-09-15T15:10:00+05:30,385.5,385.6499938964844,384.8500061035156,384.95001220703125,674032.0,yahoo
BEL,5m,2026-09-15T15:15:00+05:30,385.0,385.0,382.8999938964844,382.8999938964844,590845.0,yahoo
BHARTIARTL,5m,2026-09-15T09:15:00+05:30,1842.0999755859375,1842.0999755859375,1827.699951171875,1831.699951171875,0.0,yahoo
BHARTIARTL,5m,2026-09-15T09:20:00+05:30,1831.0999755859375,1831.5,1829.0,1829.9000244140625,69471.0,yahoo
BHARTIARTL,5m,2026-09-15T09:25:00+05:30,1829.5999755859375,1831.4000244140625,1827.0999755859375,1828.0999755859375,70573.0,yahoo
BHARTIARTL,5m,2026-09-15T09:30:00+05:30,1828.5,1832.9000244140625,1828.5,1832.199951171875,35716.0,yahoo
BHARTIARTL,5m,2026-09-15T09:35:00+05:30,1831.9000244140625,1834.199951171875,1831.9000244140625,1834.0,48674.0,yahoo
BHARTIARTL,5m,2026-09-15T09:40:00+05:30,1834.0999755859375,1836.4000244140625,1832.0,1833.0,98907.0,yahoo
BHARTIARTL,5m,2026-09-15T09:45:00+05:30,1832.699951171875,1834.0,1832.5,1832.5999755859375,64897.0,yahoo
BHARTIARTL,5m,2026-09-15T09:50:00+05:30,1832.5,1832.9000244140625,1830.300048828125,1830.699951171875,44299.0,yahoo
BHARTIARTL,5m,2026-09-15T09:55:00+05:30,1830.5999755859375,1830.5999755859375,1828.0,1829.300048828125,54995.0,yahoo
BHARTIARTL,5m,2026-09-15T10:00:00+05:30,1829.300048828125,1829.800048828125,1826.199951171875,1827.0,42549.0,yahoo
BHARTIARTL,5m,2026-09-15T10:05:00+05:30,1827.0,1829.5999755859375,1826.9000244140625,1828.9000244140625,58396.0,yahoo
BHARTIARTL,5m,2026-09-15T10:10:00+05:30,1828.300048828125,1829.699951171875,1826.4000244140625,1826.4000244140625,124890.0,yahoo
BHARTIARTL,5m,2026-09-15T10:15:00+05:30,1826.300048828125,1828.5,1826.0,1827.800048828125,56579.0,yahoo
BHARTIARTL,5m,2026-09-15T10:20:00+05:30,1827.800048828125,1829.800048828125,1827.0,1827.5999755859375,73433.0,yahoo
BHARTIARTL,5m,2026-09-15T10:25:00+05:30,1827.199951171875,1827.300048828125,1825.9000244140625,1826.5999755859375,18438.0,yahoo
BHARTIARTL,5m,2026-09-15T10:30:00+05:30,1825.9000244140625,1826.800048828125,1825.699951171875,1826.5,29835.0,yahoo
BHARTIARTL,5m,2026-09-15T10:35:00+05:30,1826.4000244140625,1827.800048828125,1825.5999755859375,1826.0999755859375,22274.0,yahoo
BHARTIARTL,5m,2026-09-15T10:40:00+05:30,1826.0999755859375,1831.9000244140625,1825.9000244140625,1831.300048828125,80575.0,yahoo
BHARTIARTL,5m,2026-09-15T10:45:00+05:30,1831.699951171875,1835.0,1830.5999755859375,1831.300048828125,126489.0,yahoo
BHARTIARTL,5m,2026-09-15T10:50:00+05:30,1831.300048828125,1831.5999755859375,1828.5,1830.800048828125,48531.0,yahoo
BHARTIARTL,5m,2026-09-15T10:55:00+05:30,1830.699951171875,1831.5,1829.4000244140625,1831.300048828125,38113.0,yahoo
BHARTIARTL,5m,2026-09-15T11:00:00+05:30,1831.300048828125,1833.0999755859375,1831.199951171875,1832.300048828125,21573.0,yahoo
BHARTIARTL,5m,2026-09-15T11:05:00+05:30,1831.800048828125,1834.0999755859375,1831.0999755859375,1834.0999755859375,29124.0,yahoo
BHARTIARTL,5m,2026-09-15T11:10:00+05:30,1834.300048828125,1834.699951171875,1832.5,1833.0,46117.0,yahoo
BHARTIARTL,5m,2026-09-15T11:15:00+05:30,1833.4000244140625,1833.5999755859375,1831.800048828125,1832.5,33624.0,yahoo
BHARTIARTL,5m,2026-09-15T11:20:00+05:30,1832.4000244140625,1833.699951171875,1832.0999755859375,1832.5,19113.0,yahoo
BHARTIARTL,5m,2026-09-15T11:25:00+05:30,1833.0999755859375,1836.199951171875,1832.300048828125,1835.199951171875,55600.0,yahoo
BHARTIARTL,5m,2026-09-15T11:30:00+05:30,1835.199951171875,1836.199951171875,1833.9000244140625,1835.300048828125,54997.0,yahoo
BHARTIARTL,5m,2026-09-15T11:35:00+05:30,1835.4000244140625,1836.300048828125,1831.5999755859375,1831.5999755859375,56962.0,yahoo
BHARTIARTL,5m,2026-09-15T11:40:00+05:30,1832.300048828125,1837.5999755859375,1832.0,1837.300048828125,86443.0,yahoo
BHARTIARTL,5m,2026-09-15T11:45:00+05:30,1837.5,1837.5,1835.0999755859375,1835.0999755859375,22998.0,yahoo
BHARTIARTL,5m,2026-09-15T11:50:00+05:30,1835.199951171875,1836.5,1833.800048828125,1836.5,130968.0,yahoo
BHARTIARTL,5m,2026-09-15T11:55:00+05:30,1836.5,1836.699951171875,1835.5999755859375,1835.9000244140625,26687.0,yahoo
BHARTIARTL,5m,2026-09-15T12:00:00+05:30,1836.0,1838.0999755859375,1835.5,1837.9000244140625,30345.0,yahoo
BHARTIARTL,5m,2026-09-15T12:05:00+05:30,1837.9000244140625,1838.800048828125,1836.800048828125,1837.4000244140625,73504.0,yahoo
BHARTIARTL,5m,2026-09-15T12:10:00+05:30,1837.4000244140625,1837.5,1835.800048828125,1836.9000244140625,25607.0,yahoo
BHARTIARTL,5m,2026-09-15T12:15:00+05:30,1836.699951171875,1837.0,1835.9000244140625,1836.4000244140625,17749.0,yahoo
BHARTIARTL,5m,2026-09-15T12:20:00+05:30,1836.300048828125,1836.5,1835.199951171875,1836.300048828125,23434.0,yahoo
BHARTIARTL,5m,2026-09-15T12:25:00+05:30,1836.300048828125,1836.4000244140625,1835.4000244140625,1836.300048828125,16429.0,yahoo
BHARTIARTL,5m,2026-09-15T12:30:00+05:30,1836.0999755859375,1836.0999755859375,1833.800048828125,1834.4000244140625,28494.0,yahoo
BHARTIARTL,5m,2026-09-15T12:35:00+05:30,1834.4000244140625,1834.5999755859375,1833.9000244140625,1834.5,15871.0,yahoo
BHARTIARTL,5m,2026-09-15T12:40:00+05:30,1834.4000244140625,1834.800048828125,1834.0999755859375,1834.300048828125,50652.0,yahoo
BHARTIARTL,5m,2026-09-15T12:45:00+05:30,1834.300048828125,1835.0999755859375,1834.0,1834.4000244140625,20929.0,yahoo
BHARTIARTL,5m,2026-09-15T12:50:00+05:30,1834.5999755859375,1835.199951171875,1834.300048828125,1834.4000244140625,18312.0,yahoo
BHARTIARTL,5m,2026-09-15T12:55:00+05:30,1834.4000244140625,1834.5999755859375,1832.4000244140625,1833.4000244140625,54969.0,yahoo
BHARTIARTL,5m,2026-09-15T13:00:00+05:30,1833.199951171875,1833.800048828125,1831.699951171875,1832.300048828125,25172.0,yahoo
BHARTIARTL,5m,2026-09-15T13:05:00+05:30,1832.300048828125,1832.9000244140625,1831.4000244140625,1832.0,17682.0,yahoo
BHARTIARTL,5m,2026-09-15T13:10:00+05:30,1832.0,1832.5,1830.9000244140625,1830.9000244140625,36840.0,yahoo
BHARTIARTL,5m,2026-09-15T13:15:00+05:30,1831.0999755859375,1834.0,1829.300048828125,1833.699951171875,72850.0,yahoo
BHARTIARTL,5m,2026-09-15T13:20:00+05:30,1833.699951171875,1834.300048828125,1831.9000244140625,1833.699951171875,27908.0,yahoo
BHARTIARTL,5m,2026-09-15T13:25:00+05:30,1833.699951171875,1833.699951171875,1829.5999755859375,1829.5999755859375,27603.0,yahoo
BHARTIARTL,5m,2026-09-15T13:30:00+05:30,1829.5,1829.800048828125,1827.199951171875,1827.699951171875,25704.0,yahoo
BHARTIARTL,5m,2026-09-15T13:35:00+05:30,1827.9000244140625,1830.4000244140625,1827.800048828125,1829.5999755859375,19179.0,yahoo
BHARTIARTL,5m,2026-09-15T13:40:00+05:30,1829.699951171875,1830.4000244140625,1828.800048828125,1829.0,16880.0,yahoo
BHARTIARTL,5m,2026-09-15T13:45:00+05:30,1829.199951171875,1829.199951171875,1827.699951171875,1827.9000244140625,20732.0,yahoo
BHARTIARTL,5m,2026-09-15T13:50:00+05:30,1828.5999755859375,1829.5,1827.9000244140625,1829.199951171875,20607.0,yahoo
BHARTIARTL,5m,2026-09-15T13:55:00+05:30,1829.199951171875,1831.4000244140625,1828.9000244140625,1830.800048828125,42679.0,yahoo
BHARTIARTL,5m,2026-09-15T14:00:00+05:30,1830.5999755859375,1830.800048828125,1829.0,1829.800048828125,23570.0,yahoo
BHARTIARTL,5m,2026-09-15T14:05:00+05:30,1829.4000244140625,1829.9000244140625,1827.800048828125,1828.0,23018.0,yahoo
BHARTIARTL,5m,2026-09-15T14:10:00+05:30,1827.699951171875,1827.800048828125,1826.0999755859375,1826.199951171875,23905.0,yahoo
BHARTIARTL,5m,2026-09-15T14:15:00+05:30,1825.300048828125,1825.300048828125,1823.300048828125,1823.300048828125,35290.0,yahoo
BHARTIARTL,5m,2026-09-15T14:20:00+05:30,1823.5,1824.9000244140625,1823.4000244140625,1824.5999755859375,34524.0,yahoo
BHARTIARTL,5m,2026-09-15T14:25:00+05:30,1824.800048828125,1825.5999755859375,1824.0,1824.0999755859375,37552.0,yahoo
BHARTIARTL,5m,2026-09-15T14:30:00+05:30,1824.5,1824.9000244140625,1822.0,1822.199951171875,49322.0,yahoo
BHARTIARTL,5m,2026-09-15T14:35:00+05:30,1822.5999755859375,1825.0999755859375,1821.5,1824.300048828125,41027.0,yahoo
BHARTIARTL,5m,2026-09-15T14:40:00+05:30,1824.300048828125,1825.5,1824.0,1824.5999755859375,32202.0,yahoo
BHARTIARTL,5m,2026-09-15T14:45:00+05:30,1824.9000244140625,1824.9000244140625,1819.699951171875,1820.4000244140625,103531.0,yahoo
BHARTIARTL,5m,2026-09-15T14:50:00+05:30,1821.199951171875,1826.300048828125,1821.199951171875,1824.800048828125,113167.0,yahoo
BHARTIARTL,5m,2026-09-15T14:55:00+05:30,1824.5999755859375,1825.4000244140625,1824.0,1824.699951171875,53162.0,yahoo
BHARTIARTL,5m,2026-09-15T15:00:00+05:30,1824.699951171875,1825.0,1823.800048828125,1824.9000244140625,55882.0,yahoo
BHARTIARTL,5m,2026-09-15T15:05:00+05:30,1824.5,1824.9000244140625,1823.300048828125,1824.0,73808.0,yahoo
BHARTIARTL,5m,2026-09-15T15:10:00+05:30,1824.199951171875,1830.4000244140625,1823.0,1830.4000244140625,507440.0,yahoo
BIOCON,5m,2026-09-15T09:15:00+05:30,391.25,391.25,388.0,388.0,0.0,yahoo
BIOCON,5m,2026-09-15T09:20:00+05:30,388.04998779296875,388.6000061035156,387.70001220703125,388.6000061035156,25591.0,yahoo
BIOCON,5m,2026-09-15T09:25:00+05:30,388.95001220703125,389.3500061035156,388.20001220703125,388.79998779296875,55787.0,yahoo
BIOCON,5m,2026-09-15T09:30:00+05:30,388.8500061035156,389.54998779296875,388.6000061035156,388.6000061035156,19964.0,yahoo
BIOCON,5m,2026-09-15T09:35:00+05:30,388.8500061035156,389.04998779296875,388.54998779296875,388.6499938964844,13066.0,yahoo
BIOCON,5m,2026-09-15T09:40:00+05:30,388.79998779296875,389.1000061035156,388.5,388.70001220703125,15528.0,yahoo
BIOCON,5m,2026-09-15T09:45:00+05:30,388.79998779296875,388.79998779296875,388.04998779296875,388.20001220703125,14935.0,yahoo
BIOCON,5m,2026-09-15T09:50:00+05:30,388.29998779296875,388.3500061035156,387.79998779296875,387.95001220703125,29441.0,yahoo
BIOCON,5m,2026-09-15T09:55:00+05:30,387.79998779296875,387.79998779296875,387.3999938964844,387.5,16686.0,yahoo
BIOCON,5m,2026-09-15T10:00:00+05:30,387.5,388.25,387.5,388.04998779296875,16998.0,yahoo
BIOCON,5m,2026-09-15T10:05:00+05:30,388.04998779296875,388.29998779296875,387.20001220703125,387.5,36652.0,yahoo
BIOCON,5m,2026-09-15T10:10:00+05:30,387.3999938964844,388.45001220703125,387.3999938964844,388.0,16150.0,yahoo
BIOCON,5m,2026-09-15T10:15:00+05:30,387.8999938964844,388.29998779296875,387.79998779296875,388.04998779296875,8505.0,yahoo
BIOCON,5m,2026-09-15T10:20:00+05:30,388.04998779296875,388.8999938964844,388.04998779296875,388.25,22012.0,yahoo
BIOCON,5m,2026-09-15T10:25:00+05:30,388.45001220703125,388.45001220703125,388.1000061035156,388.1000061035156,18124.0,yahoo
BIOCON,5m,2026-09-15T10:30:00+05:30,388.1000061035156,388.5,388.0,388.1499938964844,25473.0,yahoo
BIOCON,5m,2026-09-15T10:35:00+05:30,388.1499938964844,388.45001220703125,387.54998779296875,387.8999938964844,17469.0,yahoo
BIOCON,5m,2026-09-15T10:40:00+05:30,387.8500061035156,387.8500061035156,387.29998779296875,387.3500061035156,34735.0,yahoo
BIOCON,5m,2026-09-15T10:45:00+05:30,387.3500061035156,387.3999938964844,386.8500061035156,387.25,20638.0,yahoo
BIOCON,5m,2026-09-15T10:50:00+05:30,387.20001220703125,387.25,386.5,386.5,26837.0,yahoo
BIOCON,5m,2026-09-15T10:55:00+05:30,386.54998779296875,386.54998779296875,386.29998779296875,386.5,16331.0,yahoo
BIOCON,5m,2026-09-15T11:00:00+05:30,386.3999938964844,386.8999938964844,386.29998779296875,386.70001220703125,10442.0,yahoo
BIOCON,5m,2026-09-15T11:05:00+05:30,386.70001220703125,387.1499938964844,386.6499938964844,387.1499938964844,20120.0,yahoo
BIOCON,5m,2026-09-15T11:10:00+05:30,387.1499938964844,387.3500061035156,387.0,387.25,13397.0,yahoo
BIOCON,5m,2026-09-15T11:15:00+05:30,387.25,388.29998779296875,387.04998779296875,388.25,66627.0,yahoo
BIOCON,5m,2026-09-15T11:20:00+05:30,388.29998779296875,389.6499938964844,388.1499938964844,389.04998779296875,83908.0,yahoo
BIOCON,5m,2026-09-15T11:25:00+05:30,389.1499938964844,389.1499938964844,388.8500061035156,388.8500061035156,16399.0,yahoo
BIOCON,5m,2026-09-15T11:30:00+05:30,388.8500061035156,389.0,386.79998779296875,386.8999938964844,67616.0,yahoo
BIOCON,5m,2026-09-15T11:35:00+05:30,386.45001220703125,387.6000061035156,386.45001220703125,387.3500061035156,18176.0,yahoo
BIOCON,5m,2026-09-15T11:40:00+05:30,387.45001220703125,387.54998779296875,387.3500061035156,387.45001220703125,7105.0,yahoo
BIOCON,5m,2026-09-15T11:45:00+05:30,387.3999938964844,387.70001220703125,387.3500061035156,387.3999938964844,12991.0,yahoo
BIOCON,5m,2026-09-15T11:50:00+05:30,387.3999938964844,387.5,387.1499938964844,387.20001220703125,14585.0,yahoo
BIOCON,5m,2026-09-15T11:55:00+05:30,387.1499938964844,387.20001220703125,387.0,387.0,6903.0,yahoo
BIOCON,5m,2026-09-15T12:00:00+05:30,387.04998779296875,387.5,387.0,387.3500061035156,10813.0,yahoo
BIOCON,5m,2026-09-15T12:05:00+05:30,387.3500061035156,387.95001220703125,387.3500061035156,387.6000061035156,8653.0,yahoo
BIOCON,5m,2026-09-15T12:10:00+05:30,387.54998779296875,387.54998779296875,387.1000061035156,387.1000061035156,8861.0,yahoo
BIOCON,5m,2026-09-15T12:15:00+05:30,387.1499938964844,387.29998779296875,387.1000061035156,387.1499938964844,7374.0,yahoo
BIOCON,5m,2026-09-15T12:20:00+05:30,387.1499938964844,387.3500061035156,387.1000061035156,387.29998779296875,6505.0,yahoo
BIOCON,5m,2026-09-15T12:25:00+05:30,387.3500061035156,387.8500061035156,387.0,387.70001220703125,19428.0,yahoo
BIOCON,5m,2026-09-15T12:30:00+05:30,387.70001220703125,387.70001220703125,387.3500061035156,387.3500061035156,13784.0,yahoo
BIOCON,5m,2026-09-15T12:35:00+05:30,387.3999938964844,387.8500061035156,387.3999938964844,387.6000061035156,11623.0,yahoo
BIOCON,5m,2026-09-15T12:40:00+05:30,387.6000061035156,387.6499938964844,387.5,387.5,9986.0,yahoo
BIOCON,5m,2026-09-15T12:45:00+05:30,387.54998779296875,387.70001220703125,387.3500061035156,387.6000061035156,6326.0,yahoo
BIOCON,5m,2026-09-15T12:50:00+05:30,387.6000061035156,388.1000061035156,387.6000061035156,387.8500061035156,9976.0,yahoo
BIOCON,5m,2026-09-15T12:55:00+05:30,387.79998779296875,387.8500061035156,387.5,387.6000061035156,10731.0,yahoo
BIOCON,5m,2026-09-15T13:00:00+05:30,387.6000061035156,387.6000061035156,386.75,386.8500061035156,30313.0,yahoo
BIOCON,5m,2026-09-15T13:05:00+05:30,386.8500061035156,388.1000061035156,386.75,386.8999938964844,123777.0,yahoo
BIOCON,5m,2026-09-15T13:10:00+05:30,387.04998779296875,387.04998779296875,386.3500061035156,386.6000061035156,28065.0,yahoo
BIOCON,5m,2026-09-15T13:15:00+05:30,386.6000061035156,386.6499938964844,386.04998779296875,386.5,74170.0,yahoo
BIOCON,5m,2026-09-15T13:20:00+05:30,386.5,386.6000061035156,386.29998779296875,386.29998779296875,46775.0,yahoo
BIOCON,5m,2026-09-15T13:25:00+05:30,386.29998779296875,386.3500061035156,386.1499938964844,386.3500061035156,9054.0,yahoo
BIOCON,5m,2026-09-15T13:30:00+05:30,386.29998779296875,386.3500061035156,385.3999938964844,386.1000061035156,26882.0,yahoo
BIOCON,5m,2026-09-15T13:35:00+05:30,386.20001220703125,386.29998779296875,385.95001220703125,386.1499938964844,21802.0,yahoo
BIOCON,5m,2026-09-15T13:40:00+05:30,386.1000061035156,386.3500061035156,385.79998779296875,386.3500061035156,11518.0,yahoo
BIOCON,5m,2026-09-15T13:45:00+05:30,386.25,386.25,386.1499938964844,386.20001220703125,15303.0,yahoo
BIOCON,5m,2026-09-15T13:50:00+05:30,386.25,386.25,385.1499938964844,385.29998779296875,115338.0,yahoo
BIOCON,5m,2026-09-15T13:55:00+05:30,385.29998779296875,385.6499938964844,384.79998779296875,385.54998779296875,83477.0,yahoo
BIOCON,5m,2026-09-15T14:00:00+05:30,385.6499938964844,385.6499938964844,385.3500061035156,385.5,12250.0,yahoo
BIOCON,5m,2026-09-15T14:05:00+05:30,385.5,385.8500061035156,384.29998779296875,384.5,140477.0,yahoo
BIOCON,5m,2026-09-15T14:10:00+05:30,384.45001220703125,384.45001220703125,383.8500061035156,384.04998779296875,58783.0,yahoo
BIOCON,5m,2026-09-15T14:15:00+05:30,383.95001220703125,383.95001220703125,383.1499938964844,383.25,68755.0,yahoo
BIOCON,5m,2026-09-15T14:20:00+05:30,383.20001220703125,383.6499938964844,383.04998779296875,383.29998779296875,27182.0,yahoo
BIOCON,5m,2026-09-15T14:25:00+05:30,383.20001220703125,383.45001220703125,383.1499938964844,383.3999938964844,64055.0,yahoo
BIOCON,5m,2026-09-15T14:30:00+05:30,383.3999938964844,383.5,383.25,383.3999938964844,30676.0,yahoo
BIOCON,5m,2026-09-15T14:35:00+05:30,383.3999938964844,383.79998779296875,383.25,383.70001220703125,52232.0,yahoo
BIOCON,5m,2026-09-15T14:40:00+05:30,383.70001220703125,384.20001220703125,383.3999938964844,384.1000061035156,21294.0,yahoo
BIOCON,5m,2026-09-15T14:45:00+05:30,384.1000061035156,384.1000061035156,382.75,382.8999938964844,54810.0,yahoo
BIOCON,5m,2026-09-15T14:50:00+05:30,382.8999938964844,383.3500061035156,382.8500061035156,383.0,49574.0,yahoo
BIOCON,5m,2026-09-15T14:55:00+05:30,383.04998779296875,383.1499938964844,382.8999938964844,383.0,39436.0,yahoo
BIOCON,5m,2026-09-15T15:00:00+05:30,383.0,383.0,382.6000061035156,382.70001220703125,81086.0,yahoo
BIOCON,5m,2026-09-15T15:05:00+05:30,382.75,382.8500061035156,381.8999938964844,382.20001220703125,110381.0,yahoo
BIOCON,5m,2026-09-15T15:10:00+05:30,382.20001220703125,382.54998779296875,381.0,381.0,134703.0,yahoo
BIOCON,5m,2026-09-15T15:15:00+05:30,381.29998779296875,382.0,381.29998779296875,382.0,22976.0,yahoo
BSE,5m,2026-09-15T09:15:00+05:30,3424.89990234375,3452.300048828125,3368.800048828125,3376.0,0.0,yahoo
BSE,5m,2026-09-15T09:20:00+05:30,3377.0,3388.0,3362.300048828125,3382.300048828125,184235.0,yahoo
BSE,5m,2026-09-15T09:25:00+05:30,3378.800048828125,3382.800048828125,3364.0,3380.0,123331.0,yahoo
BSE,5m,2026-09-15T09:30:00+05:30,3379.60009765625,3383.0,3356.699951171875,3367.5,115386.0,yahoo
BSE,5m,2026-09-15T09:35:00+05:30,3367.5,3381.0,3366.5,3369.89990234375,76963.0,yahoo
BSE,5m,2026-09-15T09:40:00+05:30,3369.89990234375,3380.0,3368.199951171875,3375.5,46574.0,yahoo
BSE,5m,2026-09-15T09:45:00+05:30,3376.199951171875,3383.0,3371.0,3372.5,49227.0,yahoo
BSE,5m,2026-09-15T09:50:00+05:30,3372.60009765625,3374.0,3368.0,3369.300048828125,36242.0,yahoo
BSE,5m,2026-09-15T09:55:00+05:30,3370.0,3377.0,3367.39990234375,3375.0,41065.0,yahoo
BSE,5m,2026-09-15T10:00:00+05:30,3375.10009765625,3397.0,3371.60009765625,3394.89990234375,86321.0,yahoo
BSE,5m,2026-09-15T10:05:00+05:30,3395.199951171875,3399.39990234375,3382.0,3391.699951171875,70733.0,yahoo
BSE,5m,2026-09-15T10:10:00+05:30,3391.699951171875,3393.5,3381.39990234375,3384.5,41772.0,yahoo
BSE,5m,2026-09-15T10:15:00+05:30,3384.5,3390.0,3375.800048828125,3389.89990234375,50047.0,yahoo
BSE,5m,2026-09-15T10:20:00+05:30,3390.0,3390.0,3380.0,3380.0,20420.0,yahoo
BSE,5m,2026-09-15T10:25:00+05:30,3380.300048828125,3387.5,3380.300048828125,3382.39990234375,23633.0,yahoo
BSE,5m,2026-09-15T10:30:00+05:30,3381.60009765625,3400.699951171875,3380.60009765625,3392.0,90446.0,yahoo
BSE,5m,2026-09-15T10:35:00+05:30,3392.199951171875,3393.0,3377.0,3380.10009765625,43808.0,yahoo
BSE,5m,2026-09-15T10:40:00+05:30,3380.0,3381.300048828125,3370.0,3372.39990234375,70536.0,yahoo
BSE,5m,2026-09-15T10:45:00+05:30,3373.0,3373.0,3363.300048828125,3366.39990234375,48250.0,yahoo
BSE,5m,2026-09-15T10:50:00+05:30,3367.39990234375,3368.89990234375,3360.199951171875,3365.39990234375,32352.0,yahoo
BSE,5m,2026-09-15T10:55:00+05:30,3365.39990234375,3365.39990234375,3360.10009765625,3364.5,21714.0,yahoo
BSE,5m,2026-09-15T11:00:00+05:30,3363.5,3373.0,3363.5,3373.0,23400.0,yahoo
BSE,5m,2026-09-15T11:05:00+05:30,3372.39990234375,3384.5,3368.0,3383.0,30913.0,yahoo
BSE,5m,2026-09-15T11:10:00+05:30,3383.39990234375,3388.0,3376.10009765625,3385.199951171875,97762.0,yahoo
BSE,5m,2026-09-15T11:15:00+05:30,3385.0,3387.5,3382.199951171875,3382.89990234375,37568.0,yahoo
BSE,5m,2026-09-15T11:20:00+05:30,3382.39990234375,3388.0,3379.199951171875,3386.699951171875,27275.0,yahoo
BSE,5m,2026-09-15T11:25:00+05:30,3386.0,3388.0,3382.39990234375,3385.800048828125,31124.0,yahoo
BSE,5m,2026-09-15T11:30:00+05:30,3387.0,3404.300048828125,3385.800048828125,3395.199951171875,85681.0,yahoo
BSE,5m,2026-09-15T11:35:00+05:30,3395.199951171875,3396.5,3385.39990234375,3393.300048828125,37217.0,yahoo
BSE,5m,2026-09-15T11:40:00+05:30,3393.300048828125,3394.0,3384.5,3384.5,42553.0,yahoo
BSE,5m,2026-09-15T11:45:00+05:30,3383.89990234375,3386.5,3382.300048828125,3384.39990234375,21105.0,yahoo
BSE,5m,2026-09-15T11:50:00+05:30,3384.39990234375,3386.39990234375,3378.10009765625,3379.89990234375,46603.0,yahoo
BSE,5m,2026-09-15T11:55:00+05:30,3379.199951171875,3379.300048828125,3373.300048828125,3374.89990234375,30354.0,yahoo
BSE,5m,2026-09-15T12:00:00+05:30,3374.0,3374.89990234375,3370.0,3371.699951171875,53152.0,yahoo
BSE,5m,2026-09-15T12:05:00+05:30,3371.60009765625,3373.199951171875,3370.0,3370.300048828125,24106.0,yahoo
BSE,5m,2026-09-15T12:10:00+05:30,3370.0,3374.699951171875,3364.60009765625,3365.5,32944.0,yahoo
BSE,5m,2026-09-15T12:15:00+05:30,3365.5,3369.800048828125,3363.5,3366.10009765625,55007.0,yahoo
BSE,5m,2026-09-15T12:20:00+05:30,3365.89990234375,3366.0,3363.10009765625,3364.0,21899.0,yahoo
BSE,5m,2026-09-15T12:25:00+05:30,3366.39990234375,3373.0,3364.0,3373.0,54996.0,yahoo
BSE,5m,2026-09-15T12:30:00+05:30,3371.699951171875,3376.5,3370.60009765625,3372.89990234375,19311.0,yahoo
BSE,5m,2026-09-15T12:35:00+05:30,3373.199951171875,3375.5,3370.10009765625,3371.39990234375,26412.0,yahoo
BSE,5m,2026-09-15T12:40:00+05:30,3371.300048828125,3371.300048828125,3364.0,3364.89990234375,22974.0,yahoo
BSE,5m,2026-09-15T12:45:00+05:30,3364.39990234375,3368.300048828125,3363.60009765625,3365.0,23667.0,yahoo
BSE,5m,2026-09-15T12:50:00+05:30,3364.0,3366.199951171875,3363.0,3363.199951171875,16383.0,yahoo
BSE,5m,2026-09-15T12:55:00+05:30,3363.199951171875,3370.0,3361.0,3370.0,38542.0,yahoo
BSE,5m,2026-09-15T13:00:00+05:30,3371.199951171875,3374.0,3368.0,3369.199951171875,20650.0,yahoo
BSE,5m,2026-09-15T13:05:00+05:30,3369.199951171875,3373.5,3368.60009765625,3372.60009765625,15581.0,yahoo
BSE,5m,2026-09-15T13:10:00+05:30,3371.5,3371.89990234375,3361.300048828125,3363.800048828125,38929.0,yahoo
BSE,5m,2026-09-15T13:15:00+05:30,3363.89990234375,3366.39990234375,3356.800048828125,3356.800048828125,41816.0,yahoo
BSE,5m,2026-09-15T13:20:00+05:30,3355.39990234375,3356.5,3346.800048828125,3352.89990234375,87618.0,yahoo
BSE,5m,2026-09-15T13:25:00+05:30,3352.89990234375,3353.89990234375,3348.300048828125,3350.39990234375,34494.0,yahoo
BSE,5m,2026-09-15T13:30:00+05:30,3350.300048828125,3350.5,3347.0,3348.5,37901.0,yahoo
BSE,5m,2026-09-15T13:35:00+05:30,3348.699951171875,3352.5,3346.5,3346.5,23171.0,yahoo
BSE,5m,2026-09-15T13:40:00+05:30,3346.60009765625,3349.10009765625,3343.89990234375,3345.89990234375,27854.0,yahoo
BSE,5m,2026-09-15T13:45:00+05:30,3347.0,3352.5,3342.5,3344.39990234375,21010.0,yahoo
BSE,5m,2026-09-15T13:50:00+05:30,3344.0,3345.0,3339.0,3340.800048828125,31054.0,yahoo
BSE,5m,2026-09-15T13:55:00+05:30,3340.0,3353.199951171875,3337.10009765625,3353.199951171875,46020.0,yahoo
BSE,5m,2026-09-15T14:00:00+05:30,3353.10009765625,3353.39990234375,3345.699951171875,3345.699951171875,33259.0,yahoo
BSE,5m,2026-09-15T14:05:00+05:30,3345.60009765625,3348.0,3335.10009765625,3336.0,62698.0,yahoo
BSE,5m,2026-09-15T14:10:00+05:30,3335.60009765625,3339.89990234375,3331.5,3333.300048828125,41273.0,yahoo
BSE,5m,2026-09-15T14:15:00+05:30,3333.89990234375,3336.0,3330.699951171875,3335.5,36502.0,yahoo
BSE,5m,2026-09-15T14:20:00+05:30,3335.5,3336.800048828125,3333.5,3333.5,26170.0,yahoo
BSE,5m,2026-09-15T14:25:00+05:30,3333.800048828125,3335.300048828125,3328.60009765625,3330.10009765625,42713.0,yahoo
BSE,5m,2026-09-15T14:30:00+05:30,3329.699951171875,3330.0,3323.300048828125,3324.800048828125,39758.0,yahoo
BSE,5m,2026-09-15T14:35:00+05:30,3325.0,3327.0,3321.60009765625,3324.800048828125,27158.0,yahoo
BSE,5m,2026-09-15T14:40:00+05:30,3324.39990234375,3327.5,3322.5,3323.39990234375,26691.0,yahoo
BSE,5m,2026-09-15T14:45:00+05:30,3322.60009765625,3323.39990234375,3306.39990234375,3310.0,59369.0,yahoo
BSE,5m,2026-09-15T14:50:00+05:30,3310.0,3315.0,3308.0,3313.199951171875,61672.0,yahoo
BSE,5m,2026-09-15T14:55:00+05:30,3313.10009765625,3316.5,3309.89990234375,3310.10009765625,48577.0,yahoo
BSE,5m,2026-09-15T15:00:00+05:30,3310.10009765625,3311.800048828125,3302.60009765625,3303.5,58047.0,yahoo
BSE,5m,2026-09-15T15:05:00+05:30,3304.0,3306.699951171875,3300.0,3302.10009765625,88870.0,yahoo
BSE,5m,2026-09-15T15:10:00+05:30,3302.199951171875,3315.0,3297.699951171875,3314.300048828125,128329.0,yahoo
BSE,5m,2026-09-15T15:15:00+05:30,3312.0,3312.0,3310.0,3310.0,21741.0,yahoo
CANBK,5m,2026-09-15T09:15:00+05:30,123.70999908447266,123.95999908447266,122.94999694824219,123.83999633789062,0.0,yahoo
CANBK,5m,2026-09-15T09:20:00+05:30,123.80999755859375,124.47000122070312,123.73999786376953,124.25,680537.0,yahoo
CANBK,5m,2026-09-15T09:25:00+05:30,124.2300033569336,124.44999694824219,123.94000244140625,124.06999969482422,308436.0,yahoo
CANBK,5m,2026-09-15T09:30:00+05:30,124.12999725341797,124.13999938964844,123.87999725341797,123.88999938964844,188792.0,yahoo
CANBK,5m,2026-09-15T09:35:00+05:30,123.87999725341797,123.97000122070312,123.63999938964844,123.97000122070312,448614.0,yahoo
CANBK,5m,2026-09-15T09:40:00+05:30,123.93000030517578,124.0999984741211,123.91999816894531,123.98999786376953,133171.0,yahoo
CANBK,5m,2026-09-15T09:45:00+05:30,123.9800033569336,123.9800033569336,123.66999816894531,123.66999816894531,141499.0,yahoo
CANBK,5m,2026-09-15T09:50:00+05:30,123.63999938964844,123.72000122070312,123.23999786376953,123.26000213623047,740551.0,yahoo
CANBK,5m,2026-09-15T09:55:00+05:30,123.2300033569336,123.2300033569336,122.87000274658203,122.9800033569336,468518.0,yahoo
CANBK,5m,2026-09-15T10:00:00+05:30,122.98999786376953,123.19999694824219,122.94999694824219,123.08999633789062,174177.0,yahoo
CANBK,5m,2026-09-15T10:05:00+05:30,123.08999633789062,123.23999786376953,123.08999633789062,123.13999938964844,97899.0,yahoo
CANBK,5m,2026-09-15T10:10:00+05:30,123.13999938964844,123.37999725341797,123.12000274658203,123.30999755859375,109683.0,yahoo
CANBK,5m,2026-09-15T10:15:00+05:30,123.33999633789062,123.33999633789062,123.1500015258789,123.20999908447266,118531.0,yahoo
CANBK,5m,2026-09-15T10:20:00+05:30,123.19999694824219,123.3499984741211,123.19999694824219,123.33999633789062,70917.0,yahoo
CANBK,5m,2026-09-15T10:25:00+05:30,123.33000183105469,123.33000183105469,123.08000183105469,123.08000183105469,97614.0,yahoo
CANBK,5m,2026-09-15T10:30:00+05:30,123.08000183105469,123.22000122070312,123.04000091552734,123.08000183105469,66596.0,yahoo
CANBK,5m,2026-09-15T10:35:00+05:30,123.11000061035156,123.19000244140625,123.08000183105469,123.18000030517578,57894.0,yahoo
CANBK,5m,2026-09-15T10:40:00+05:30,123.19999694824219,123.23999786376953,123.02999877929688,123.12000274658203,91250.0,yahoo
CANBK,5m,2026-09-15T10:45:00+05:30,123.12000274658203,123.19999694824219,122.98999786376953,123.0999984741211,196151.0,yahoo
CANBK,5m,2026-09-15T10:50:00+05:30,123.0999984741211,123.1500015258789,123.05000305175781,123.11000061035156,52608.0,yahoo
CANBK,5m,2026-09-15T10:55:00+05:30,123.0999984741211,123.1500015258789,123.01000213623047,123.13999938964844,86884.0,yahoo
CANBK,5m,2026-09-15T11:00:00+05:30,123.13999938964844,123.25,123.12000274658203,123.18000030517578,65578.0,yahoo
CANBK,5m,2026-09-15T11:05:00+05:30,123.18000030517578,123.18000030517578,122.94999694824219,123.01000213623047,97859.0,yahoo
CANBK,5m,2026-09-15T11:10:00+05:30,123.0,123.19000244140625,122.97000122070312,123.0199966430664,154089.0,yahoo
CANBK,5m,2026-09-15T11:15:00+05:30,123.08000183105469,123.0999984741211,123.01000213623047,123.04000091552734,27413.0,yahoo
CANBK,5m,2026-09-15T11:20:00+05:30,123.04000091552734,123.19999694824219,123.01000213623047,123.19999694824219,47235.0,yahoo
CANBK,5m,2026-09-15T11:25:00+05:30,123.19999694824219,123.19999694824219,123.05000305175781,123.06999969482422,40594.0,yahoo
CANBK,5m,2026-09-15T11:30:00+05:30,123.06999969482422,123.19999694824219,123.05999755859375,123.16999816894531,39384.0,yahoo
CANBK,5m,2026-09-15T11:35:00+05:30,123.16999816894531,123.29000091552734,123.1500015258789,123.2300033569336,35242.0,yahoo
CANBK,5m,2026-09-15T11:40:00+05:30,123.23999786376953,123.23999786376953,123.06999969482422,123.16000366210938,67242.0,yahoo
CANBK,5m,2026-09-15T11:45:00+05:30,123.19000244140625,123.19000244140625,122.97000122070312,122.97000122070312,116196.0,yahoo
CANBK,5m,2026-09-15T11:50:00+05:30,122.98999786376953,123.02999877929688,122.91000366210938,122.94999694824219,54294.0,yahoo
CANBK,5m,2026-09-15T11:55:00+05:30,122.94999694824219,122.9800033569336,122.94000244140625,122.97000122070312,31155.0,yahoo
CANBK,5m,2026-09-15T12:00:00+05:30,122.9800033569336,123.12999725341797,122.91000366210938,123.12000274658203,97183.0,yahoo
CANBK,5m,2026-09-15T12:05:00+05:30,123.12000274658203,123.1500015258789,123.01000213623047,123.04000091552734,120552.0,yahoo
CANBK,5m,2026-09-15T12:10:00+05:30,123.02999877929688,123.04000091552734,122.94999694824219,122.9800033569336,82124.0,yahoo
CANBK,5m,2026-09-15T12:15:00+05:30,123.0,123.02999877929688,122.94999694824219,122.9800033569336,37275.0,yahoo
CANBK,5m,2026-09-15T12:20:00+05:30,122.9800033569336,123.05000305175781,122.95999908447266,123.04000091552734,38050.0,yahoo
CANBK,5m,2026-09-15T12:25:00+05:30,123.04000091552734,123.04000091552734,122.91000366210938,123.02999877929688,53836.0,yahoo
CANBK,5m,2026-09-15T12:30:00+05:30,123.02999877929688,123.08000183105469,122.91999816894531,123.08000183105469,52831.0,yahoo
CANBK,5m,2026-09-15T12:35:00+05:30,123.04000091552734,123.16999816894531,123.01000213623047,123.05000305175781,48757.0,yahoo
CANBK,5m,2026-09-15T12:40:00+05:30,123.05999755859375,123.08000183105469,123.05000305175781,123.06999969482422,11952.0,yahoo
CANBK,5m,2026-09-15T12:45:00+05:30,123.05000305175781,123.12000274658203,123.0,123.0999984741211,48007.0,yahoo
CANBK,5m,2026-09-15T12:50:00+05:30,123.0999984741211,123.19999694824219,123.05999755859375,123.0999984741211,67270.0,yahoo
CANBK,5m,2026-09-15T12:55:00+05:30,123.12000274658203,123.16999816894531,122.95999908447266,123.0,85018.0,yahoo
CANBK,5m,2026-09-15T13:00:00+05:30,123.0199966430664,123.05999755859375,123.0,123.05999755859375,34366.0,yahoo
CANBK,5m,2026-09-15T13:05:00+05:30,123.05000305175781,123.08000183105469,122.98999786376953,123.0,56690.0,yahoo
CANBK,5m,2026-09-15T13:10:00+05:30,123.0199966430664,123.08000183105469,122.91000366210938,123.05000305175781,85541.0,yahoo
CANBK,5m,2026-09-15T13:15:00+05:30,123.05000305175781,123.08999633789062,122.95999908447266,123.08000183105469,47740.0,yahoo
CANBK,5m,2026-09-15T13:20:00+05:30,123.08000183105469,123.08000183105469,122.95999908447266,122.95999908447266,46492.0,yahoo
CANBK,5m,2026-09-15T13:25:00+05:30,122.95999908447266,123.02999877929688,122.91999816894531,123.0,36955.0,yahoo
CANBK,5m,2026-09-15T13:30:00+05:30,123.0,123.0,122.86000061035156,122.94000244140625,150694.0,yahoo
CANBK,5m,2026-09-15T13:35:00+05:30,122.94000244140625,123.04000091552734,122.91000366210938,122.97000122070312,64356.0,yahoo
CANBK,5m,2026-09-15T13:40:00+05:30,122.9800033569336,122.9800033569336,122.8499984741211,122.94999694824219,144956.0,yahoo
CANBK,5m,2026-09-15T13:45:00+05:30,122.9800033569336,122.9800033569336,122.81999969482422,122.91000366210938,109843.0,yahoo
CANBK,5m,2026-09-15T13:50:00+05:30,122.9000015258789,122.95999908447266,122.8499984741211,122.8499984741211,47799.0,yahoo
CANBK,5m,2026-09-15T13:55:00+05:30,122.87999725341797,122.88999938964844,122.80999755859375,122.83000183105469,92281.0,yahoo
CANBK,5m,2026-09-15T14:00:00+05:30,122.83000183105469,122.83000183105469,122.69999694824219,122.75,163925.0,yahoo
CANBK,5m,2026-09-15T14:05:00+05:30,122.75,122.75,122.61000061035156,122.6500015258789,112956.0,yahoo
CANBK,5m,2026-09-15T14:10:00+05:30,122.63999938964844,122.6500015258789,122.45999908447266,122.4800033569336,234254.0,yahoo
CANBK,5m,2026-09-15T14:15:00+05:30,122.45999908447266,122.45999908447266,122.33999633789062,122.37999725341797,169327.0,yahoo
CANBK,5m,2026-09-15T14:20:00+05:30,122.4000015258789,122.44999694824219,122.4000015258789,122.44999694824219,60417.0,yahoo
CANBK,5m,2026-09-15T14:25:00+05:30,122.41999816894531,122.44999694824219,122.3499984741211,122.38999938964844,69359.0,yahoo
CANBK,5m,2026-09-15T14:30:00+05:30,122.4000015258789,122.41999816894531,122.33999633789062,122.4000015258789,93038.0,yahoo
CANBK,5m,2026-09-15T14:35:00+05:30,122.4000015258789,122.54000091552734,122.4000015258789,122.54000091552734,147117.0,yahoo
CANBK,5m,2026-09-15T14:40:00+05:30,122.51000213623047,122.5999984741211,122.44999694824219,122.51000213623047,133897.0,yahoo
CANBK,5m,2026-09-15T14:45:00+05:30,122.51000213623047,122.51000213623047,122.1500015258789,122.19000244140625,390839.0,yahoo
CANBK,5m,2026-09-15T14:50:00+05:30,122.19000244140625,122.33000183105469,122.19000244140625,122.20999908447266,129969.0,yahoo
CANBK,5m,2026-09-15T14:55:00+05:30,122.19999694824219,122.30000305175781,122.19999694824219,122.27999877929688,155450.0,yahoo
CANBK,5m,2026-09-15T15:00:00+05:30,122.27999877929688,122.38999938964844,122.19999694824219,122.37000274658203,373080.0,yahoo
CANBK,5m,2026-09-15T15:05:00+05:30,122.37000274658203,122.4000015258789,122.05000305175781,122.4000015258789,564149.0,yahoo
CANBK,5m,2026-09-15T15:10:00+05:30,122.26000213623047,122.41000366210938,122.19999694824219,122.30000305175781,907435.0,yahoo
CANBK,5m,2026-09-15T15:15:00+05:30,122.37000274658203,122.37000274658203,122.37000274658203,122.37000274658203,489726.0,yahoo
CDSL,5m,2026-09-15T09:15:00+05:30,1361.0,1361.300048828125,1346.5,1348.800048828125,0.0,yahoo
CDSL,5m,2026-09-15T09:20:00+05:30,1348.300048828125,1350.4000244140625,1340.800048828125,1340.800048828125,38785.0,yahoo
CDSL,5m,2026-09-15T09:25:00+05:30,1340.0999755859375,1341.800048828125,1336.9000244140625,1338.9000244140625,52220.0,yahoo
CDSL,5m,2026-09-15T09:30:00+05:30,1338.9000244140625,1340.5999755859375,1337.199951171875,1339.0999755859375,30528.0,yahoo
CDSL,5m,2026-09-15T09:35:00+05:30,1339.5,1341.800048828125,1339.199951171875,1341.800048828125,15212.0,yahoo
CDSL,5m,2026-09-15T09:40:00+05:30,1341.699951171875,1342.699951171875,1340.5,1341.4000244140625,10541.0,yahoo
CDSL,5m,2026-09-15T09:45:00+05:30,1340.800048828125,1340.9000244140625,1337.5,1337.699951171875,22498.0,yahoo
CDSL,5m,2026-09-15T09:50:00+05:30,1337.5,1338.5999755859375,1335.5,1335.5,30789.0,yahoo
CDSL,5m,2026-09-15T09:55:00+05:30,1335.9000244140625,1335.9000244140625,1332.4000244140625,1334.300048828125,27877.0,yahoo
CDSL,5m,2026-09-15T10:00:00+05:30,1334.300048828125,1336.300048828125,1333.199951171875,1334.800048828125,15671.0,yahoo
CDSL,5m,2026-09-15T10:05:00+05:30,1334.800048828125,1335.800048828125,1333.300048828125,1334.300048828125,19529.0,yahoo
CDSL,5m,2026-09-15T10:10:00+05:30,1334.300048828125,1338.0,1333.199951171875,1337.300048828125,17433.0,yahoo
CDSL,5m,2026-09-15T10:15:00+05:30,1337.0999755859375,1337.199951171875,1335.0,1337.0,10976.0,yahoo
CDSL,5m,2026-09-15T10:20:00+05:30,1336.699951171875,1337.300048828125,1332.4000244140625,1333.5,20977.0,yahoo
CDSL,5m,2026-09-15T10:25:00+05:30,1333.5,1333.800048828125,1331.0,1331.300048828125,18395.0,yahoo
CDSL,5m,2026-09-15T10:30:00+05:30,1331.4000244140625,1332.0999755859375,1328.9000244140625,1331.0,45768.0,yahoo
CDSL,5m,2026-09-15T10:35:00+05:30,1331.5999755859375,1332.800048828125,1330.5,1331.4000244140625,9611.0,yahoo
CDSL,5m,2026-09-15T10:40:00+05:30,1331.0,1331.0,1328.0999755859375,1328.199951171875,17233.0,yahoo
CDSL,5m,2026-09-15T10:45:00+05:30,1328.0999755859375,1328.199951171875,1326.5,1327.199951171875,14131.0,yahoo
CDSL,5m,2026-09-15T10:50:00+05:30,1327.300048828125,1328.0,1326.5,1327.0999755859375,7849.0,yahoo
CDSL,5m,2026-09-15T10:55:00+05:30,1327.199951171875,1327.199951171875,1326.0,1327.199951171875,8733.0,yahoo
CDSL,5m,2026-09-15T11:00:00+05:30,1327.0,1328.9000244140625,1326.699951171875,1327.9000244140625,11708.0,yahoo
CDSL,5m,2026-09-15T11:05:00+05:30,1327.9000244140625,1327.9000244140625,1323.5999755859375,1325.199951171875,26382.0,yahoo
CDSL,5m,2026-09-15T11:10:00+05:30,1325.5,1327.0,1323.9000244140625,1326.4000244140625,10525.0,yahoo
CDSL,5m,2026-09-15T11:15:00+05:30,1326.699951171875,1327.5,1325.0,1325.199951171875,7710.0,yahoo
CDSL,5m,2026-09-15T11:20:00+05:30,1325.0999755859375,1326.0,1323.800048828125,1326.0,10130.0,yahoo
CDSL,5m,2026-09-15T11:25:00+05:30,1326.0,1326.0,1324.0,1324.0,9445.0,yahoo
CDSL,5m,2026-09-15T11:30:00+05:30,1324.0999755859375,1327.4000244140625,1324.0999755859375,1326.5,11598.0,yahoo
CDSL,5m,2026-09-15T11:35:00+05:30,1326.300048828125,1327.699951171875,1326.300048828125,1327.199951171875,10557.0,yahoo
CDSL,5m,2026-09-15T11:40:00+05:30,1327.4000244140625,1327.4000244140625,1325.5,1326.300048828125,5552.0,yahoo
CDSL,5m,2026-09-15T11:45:00+05:30,1326.0999755859375,1326.5999755859375,1325.5,1326.4000244140625,10596.0,yahoo
CDSL,5m,2026-09-15T11:50:00+05:30,1326.5,1329.800048828125,1326.5,1328.9000244140625,11683.0,yahoo
CDSL,5m,2026-09-15T11:55:00+05:30,1328.9000244140625,1329.0999755859375,1328.0999755859375,1328.800048828125,3404.0,yahoo
CDSL,5m,2026-09-15T12:00:00+05:30,1328.699951171875,1329.0,1327.699951171875,1328.300048828125,6790.0,yahoo
CDSL,5m,2026-09-15T12:05:00+05:30,1328.300048828125,1329.300048828125,1327.0999755859375,1327.0999755859375,5932.0,yahoo
CDSL,5m,2026-09-15T12:10:00+05:30,1327.5,1328.9000244140625,1326.300048828125,1328.4000244140625,16387.0,yahoo
CDSL,5m,2026-09-15T12:15:00+05:30,1328.5,1329.800048828125,1327.5,1328.199951171875,7610.0,yahoo
CDSL,5m,2026-09-15T12:20:00+05:30,1328.199951171875,1328.800048828125,1327.0999755859375,1328.0999755859375,8007.0,yahoo
CDSL,5m,2026-09-15T12:25:00+05:30,1328.0999755859375,1328.199951171875,1327.0,1327.4000244140625,4597.0,yahoo
CDSL,5m,2026-09-15T12:30:00+05:30,1327.4000244140625,1327.4000244140625,1326.0,1326.199951171875,6196.0,yahoo
CDSL,5m,2026-09-15T12:35:00+05:30,1326.0999755859375,1327.5999755859375,1326.0,1326.5,4423.0,yahoo
CDSL,5m,2026-09-15T12:40:00+05:30,1326.5,1326.699951171875,1326.0,1326.699951171875,7182.0,yahoo
CDSL,5m,2026-09-15T12:45:00+05:30,1326.0999755859375,1327.0,1326.0,1326.9000244140625,5225.0,yahoo
CDSL,5m,2026-09-15T12:50:00+05:30,1327.0,1327.5,1326.300048828125,1326.300048828125,2487.0,yahoo
CDSL,5m,2026-09-15T12:55:00+05:30,1327.0999755859375,1327.0999755859375,1324.0999755859375,1324.5,37987.0,yahoo
CDSL,5m,2026-09-15T13:00:00+05:30,1325.0,1326.0,1324.300048828125,1326.0,4581.0,yahoo
CDSL,5m,2026-09-15T13:05:00+05:30,1325.800048828125,1326.5,1325.4000244140625,1326.0999755859375,2783.0,yahoo
CDSL,5m,2026-09-15T13:10:00+05:30,1326.199951171875,1326.199951171875,1323.800048828125,1324.5999755859375,5605.0,yahoo
CDSL,5m,2026-09-15T13:15:00+05:30,1324.5,1325.5,1323.5999755859375,1324.800048828125,5237.0,yahoo
CDSL,5m,2026-09-15T13:20:00+05:30,1324.800048828125,1324.800048828125,1322.5,1323.0,15218.0,yahoo
CDSL,5m,2026-09-15T13:25:00+05:30,1323.0,1323.9000244140625,1321.5999755859375,1322.5,7101.0,yahoo
CDSL,5m,2026-09-15T13:30:00+05:30,1322.5,1322.5999755859375,1321.0,1322.0,8062.0,yahoo
CDSL,5m,2026-09-15T13:35:00+05:30,1322.0,1323.0,1320.5999755859375,1321.199951171875,9265.0,yahoo
CDSL,5m,2026-09-15T13:40:00+05:30,1321.0,1321.0999755859375,1317.5999755859375,1318.5,33545.0,yahoo
CDSL,5m,2026-09-15T13:45:00+05:30,1318.5,1319.5,1318.300048828125,1319.0999755859375,10292.0,yahoo
CDSL,5m,2026-09-15T13:50:00+05:30,1319.300048828125,1321.0999755859375,1319.199951171875,1319.800048828125,10134.0,yahoo
CDSL,5m,2026-09-15T13:55:00+05:30,1319.4000244140625,1321.0,1318.5,1321.0,8275.0,yahoo
CDSL,5m,2026-09-15T14:00:00+05:30,1320.699951171875,1320.800048828125,1319.5999755859375,1319.5999755859375,9264.0,yahoo
CDSL,5m,2026-09-15T14:05:00+05:30,1319.5,1320.800048828125,1319.300048828125,1320.0,5203.0,yahoo
CDSL,5m,2026-09-15T14:10:00+05:30,1319.5,1320.0,1318.0999755859375,1318.4000244140625,7629.0,yahoo
CDSL,5m,2026-09-15T14:15:00+05:30,1318.199951171875,1318.5,1316.0,1316.4000244140625,19486.0,yahoo
CDSL,5m,2026-09-15T14:20:00+05:30,1316.199951171875,1318.0,1314.0999755859375,1314.0999755859375,37793.0,yahoo
CDSL,5m,2026-09-15T14:25:00+05:30,1315.199951171875,1315.199951171875,1314.0999755859375,1314.800048828125,16542.0,yahoo
CDSL,5m,2026-09-15T14:30:00+05:30,1314.800048828125,1316.300048828125,1314.0,1316.0,8217.0,yahoo
CDSL,5m,2026-09-15T14:35:00+05:30,1315.800048828125,1316.699951171875,1315.0999755859375,1315.9000244140625,12721.0,yahoo
CDSL,5m,2026-09-15T14:40:00+05:30,1315.5,1316.300048828125,1315.0,1315.9000244140625,8363.0,yahoo
CDSL,5m,2026-09-15T14:45:00+05:30,1315.800048828125,1315.800048828125,1308.199951171875,1308.800048828125,55688.0,yahoo
CDSL,5m,2026-09-15T14:50:00+05:30,1308.800048828125,1311.5999755859375,1308.5999755859375,1310.5999755859375,37663.0,yahoo
CDSL,5m,2026-09-15T14:55:00+05:30,1310.4000244140625,1312.9000244140625,1310.4000244140625,1312.0,30611.0,yahoo
CDSL,5m,2026-09-15T15:00:00+05:30,1311.800048828125,1312.0,1309.4000244140625,1310.4000244140625,39022.0,yahoo
CDSL,5m,2026-09-15T15:05:00+05:30,1309.9000244140625,1309.9000244140625,1307.4000244140625,1308.5,39464.0,yahoo
CDSL,5m,2026-09-15T15:10:00+05:30,1308.5,1309.9000244140625,1306.0999755859375,1308.0,59235.0,yahoo
CDSL,5m,2026-09-15T15:15:00+05:30,1307.300048828125,1311.0,1307.300048828125,1311.0,13354.0,yahoo
CGPOWER,5m,2026-09-15T09:15:00+05:30,903.9500122070312,905.4000244140625,899.1500244140625,899.5999755859375,0.0,yahoo
CGPOWER,5m,2026-09-15T09:20:00+05:30,900.2999877929688,901.25,898.5,898.5,31816.0,yahoo
CGPOWER,5m,2026-09-15T09:25:00+05:30,898.6500244140625,899.0999755859375,891.2000122070312,891.4500122070312,62068.0,yahoo
CGPOWER,5m,2026-09-15T09:30:00+05:30,891.5999755859375,893.7000122070312,891.0499877929688,892.9500122070312,76767.0,yahoo
CGPOWER,5m,2026-09-15T09:35:00+05:30,892.9500122070312,894.75,892.4000244140625,893.25,24898.0,yahoo
CGPOWER,5m,2026-09-15T09:40:00+05:30,893.3499755859375,893.6500244140625,890.1500244140625,890.4500122070312,47554.0,yahoo
CGPOWER,5m,2026-09-15T09:45:00+05:30,889.9500122070312,889.9500122070312,886.4500122070312,886.4500122070312,59300.0,yahoo
CGPOWER,5m,2026-09-15T09:50:00+05:30,886.4500122070312,886.8499755859375,883.2999877929688,883.2999877929688,65637.0,yahoo
CGPOWER,5m,2026-09-15T09:55:00+05:30,883.25,883.25,879.0,879.9000244140625,74842.0,yahoo
CGPOWER,5m,2026-09-15T10:00:00+05:30,879.9000244140625,880.3499755859375,877.0499877929688,880.0,61846.0,yahoo
CGPOWER,5m,2026-09-15T10:05:00+05:30,880.0,880.9000244140625,879.0499877929688,880.6500244140625,30606.0,yahoo
CGPOWER,5m,2026-09-15T10:10:00+05:30,880.5499877929688,883.1500244140625,880.5499877929688,881.4000244140625,73220.0,yahoo
CGPOWER,5m,2026-09-15T10:15:00+05:30,880.9000244140625,881.9000244140625,878.9000244140625,879.7999877929688,49736.0,yahoo
CGPOWER,5m,2026-09-15T10:20:00+05:30,879.7999877929688,880.0499877929688,878.2999877929688,879.3499755859375,18237.0,yahoo
CGPOWER,5m,2026-09-15T10:25:00+05:30,879.2999877929688,879.4000244140625,876.5999755859375,876.5999755859375,42759.0,yahoo
CGPOWER,5m,2026-09-15T10:30:00+05:30,876.7000122070312,878.1500244140625,874.5499877929688,877.3499755859375,57200.0,yahoo
CGPOWER,5m,2026-09-15T10:35:00+05:30,877.0499877929688,877.9000244140625,876.0999755859375,877.2999877929688,24053.0,yahoo
CGPOWER,5m,2026-09-15T10:40:00+05:30,877.5999755859375,877.5999755859375,874.3499755859375,874.3499755859375,35542.0,yahoo
CGPOWER,5m,2026-09-15T10:45:00+05:30,874.3499755859375,875.3499755859375,873.3499755859375,873.8499755859375,45972.0,yahoo
CGPOWER,5m,2026-09-15T10:50:00+05:30,874.0999755859375,874.7999877929688,873.7000122070312,874.3499755859375,33139.0,yahoo
CGPOWER,5m,2026-09-15T10:55:00+05:30,874.3499755859375,874.3499755859375,873.0,873.2999877929688,50135.0,yahoo
CGPOWER,5m,2026-09-15T11:00:00+05:30,873.2999877929688,875.3499755859375,873.0,875.3499755859375,29852.0,yahoo
CGPOWER,5m,2026-09-15T11:05:00+05:30,874.7000122070312,874.7000122070312,872.8499755859375,873.0999755859375,23656.0,yahoo
CGPOWER,5m,2026-09-15T11:10:00+05:30,872.9500122070312,873.5,872.0999755859375,872.7999877929688,21762.0,yahoo
CGPOWER,5m,2026-09-15T11:15:00+05:30,873.25,873.25,871.0999755859375,871.5,16943.0,yahoo
CGPOWER,5m,2026-09-15T11:20:00+05:30,871.5,872.4000244140625,871.0999755859375,872.2999877929688,18802.0,yahoo
CGPOWER,5m,2026-09-15T11:25:00+05:30,872.3499755859375,873.4500122070312,871.0,871.0,25438.0,yahoo
CGPOWER,5m,2026-09-15T11:30:00+05:30,871.0999755859375,871.5499877929688,868.7999877929688,868.8499755859375,73351.0,yahoo
CGPOWER,5m,2026-09-15T11:35:00+05:30,868.7000122070312,870.75,868.5499877929688,870.25,136111.0,yahoo
CGPOWER,5m,2026-09-15T11:40:00+05:30,870.25,871.25,868.5499877929688,871.1500244140625,42412.0,yahoo
CGPOWER,5m,2026-09-15T11:45:00+05:30,871.0999755859375,871.0999755859375,870.0,870.2000122070312,17315.0,yahoo
CGPOWER,5m,2026-09-15T11:50:00+05:30,870.2000122070312,872.9000244140625,870.0,872.75,25325.0,yahoo
CGPOWER,5m,2026-09-15T11:55:00+05:30,872.75,873.9500122070312,872.0999755859375,873.5999755859375,25214.0,yahoo
CGPOWER,5m,2026-09-15T12:00:00+05:30,873.9500122070312,875.6500244140625,873.1500244140625,875.3499755859375,59527.0,yahoo
CGPOWER,5m,2026-09-15T12:05:00+05:30,875.3499755859375,875.4000244140625,872.0,872.4000244140625,97686.0,yahoo
CGPOWER,5m,2026-09-15T12:10:00+05:30,872.1500244140625,872.1500244140625,870.1500244140625,870.7999877929688,28230.0,yahoo
CGPOWER,5m,2026-09-15T12:15:00+05:30,871.0999755859375,871.2000122070312,870.0,870.0,24942.0,yahoo
CGPOWER,5m,2026-09-15T12:20:00+05:30,870.25,870.7000122070312,870.0,870.6500244140625,12804.0,yahoo
CGPOWER,5m,2026-09-15T12:25:00+05:30,870.5,872.1500244140625,869.8499755859375,869.8499755859375,59945.0,yahoo
CGPOWER,5m,2026-09-15T12:30:00+05:30,870.2000122070312,870.2000122070312,869.0999755859375,870.2000122070312,18691.0,yahoo
CGPOWER,5m,2026-09-15T12:35:00+05:30,869.9500122070312,871.0999755859375,869.8499755859375,870.75,35394.0,yahoo
CGPOWER,5m,2026-09-15T12:40:00+05:30,870.75,873.5,870.75,873.25,32140.0,yahoo
CGPOWER,5m,2026-09-15T12:45:00+05:30,873.0499877929688,873.9000244140625,872.7999877929688,873.8499755859375,21926.0,yahoo
CGPOWER,5m,2026-09-15T12:50:00+05:30,873.8499755859375,875.2000122070312,873.8499755859375,875.0999755859375,24019.0,yahoo
CGPOWER,5m,2026-09-15T12:55:00+05:30,875.0999755859375,875.4000244140625,873.6500244140625,873.9000244140625,15279.0,yahoo
CGPOWER,5m,2026-09-15T13:00:00+05:30,874.0,876.0,874.0,875.9000244140625,31189.0,yahoo
CGPOWER,5m,2026-09-15T13:05:00+05:30,875.4000244140625,876.0,874.5,875.1500244140625,87973.0,yahoo
CGPOWER,5m,2026-09-15T13:10:00+05:30,875.1500244140625,875.3499755859375,874.2000122070312,874.7000122070312,33721.0,yahoo
CGPOWER,5m,2026-09-15T13:15:00+05:30,874.9500122070312,875.9500122070312,874.4500122070312,875.75,20166.0,yahoo
CGPOWER,5m,2026-09-15T13:20:00+05:30,875.7000122070312,875.7000122070312,874.4500122070312,875.2999877929688,12246.0,yahoo
CGPOWER,5m,2026-09-15T13:25:00+05:30,875.25,875.4500122070312,874.5499877929688,874.5499877929688,5453.0,yahoo
CGPOWER,5m,2026-09-15T13:30:00+05:30,874.5499877929688,874.6500244140625,873.4500122070312,874.1500244140625,7826.0,yahoo
CGPOWER,5m,2026-09-15T13:35:00+05:30,874.1500244140625,874.8499755859375,874.0,874.1500244140625,18494.0,yahoo
CGPOWER,5m,2026-09-15T13:40:00+05:30,873.7000122070312,874.0999755859375,873.2999877929688,873.4500122070312,7881.0,yahoo
CGPOWER,5m,2026-09-15T13:45:00+05:30,873.4500122070312,874.4000244140625,873.4500122070312,874.4000244140625,11252.0,yahoo
CGPOWER,5m,2026-09-15T13:50:00+05:30,874.4000244140625,875.2000122070312,874.0999755859375,874.2999877929688,6109.0,yahoo
CGPOWER,5m,2026-09-15T13:55:00+05:30,874.25,875.5,873.4000244140625,875.0,18471.0,yahoo
CGPOWER,5m,2026-09-15T14:00:00+05:30,875.0,875.4000244140625,874.4000244140625,875.0,8919.0,yahoo
CGPOWER,5m,2026-09-15T14:05:00+05:30,875.0,875.2999877929688,872.25,872.75,25274.0,yahoo
CGPOWER,5m,2026-09-15T14:10:00+05:30,872.7999877929688,873.0,872.0,872.2999877929688,13186.0,yahoo
CGPOWER,5m,2026-09-15T14:15:00+05:30,872.2999877929688,872.2999877929688,866.2000122070312,866.75,150382.0,yahoo
CGPOWER,5m,2026-09-15T14:20:00+05:30,866.75,867.75,865.3499755859375,865.3499755859375,101363.0,yahoo
CGPOWER,5m,2026-09-15T14:25:00+05:30,865.7999877929688,866.0,863.7999877929688,865.5999755859375,78827.0,yahoo
CGPOWER,5m,2026-09-15T14:30:00+05:30,865.5999755859375,866.9000244140625,865.1500244140625,866.2999877929688,26856.0,yahoo
CGPOWER,5m,2026-09-15T14:35:00+05:30,866.3499755859375,866.9500122070312,865.5999755859375,866.0,25584.0,yahoo
CGPOWER,5m,2026-09-15T14:40:00+05:30,866.1500244140625,867.0,866.1500244140625,866.5499877929688,22917.0,yahoo
CGPOWER,5m,2026-09-15T14:45:00+05:30,866.5499877929688,866.5499877929688,863.0999755859375,863.2999877929688,62125.0,yahoo
CGPOWER,5m,2026-09-15T14:50:00+05:30,863.4500122070312,867.0,863.4500122070312,865.4500122070312,130350.0,yahoo
CGPOWER,5m,2026-09-15T14:55:00+05:30,865.4500122070312,866.4000244140625,864.5999755859375,864.75,74554.0,yahoo
CGPOWER,5m,2026-09-15T15:00:00+05:30,864.4500122070312,865.7000122070312,864.3499755859375,865.0499877929688,175186.0,yahoo
CGPOWER,5m,2026-09-15T15:05:00+05:30,865.1500244140625,865.3499755859375,860.8499755859375,862.0999755859375,181252.0,yahoo
CGPOWER,5m,2026-09-15T15:10:00+05:30,862.25,862.5,858.75,859.0,137749.0,yahoo
CGPOWER,5m,2026-09-15T15:15:00+05:30,859.9500122070312,859.9500122070312,858.0,858.0,44183.0,yahoo
CIPLA,5m,2026-09-15T09:15:00+05:30,1357.699951171875,1361.0,1352.800048828125,1353.0999755859375,0.0,yahoo
CIPLA,5m,2026-09-15T09:20:00+05:30,1352.5,1356.0999755859375,1352.5,1355.0999755859375,36986.0,yahoo
CIPLA,5m,2026-09-15T09:25:00+05:30,1354.699951171875,1354.699951171875,1351.300048828125,1353.9000244140625,15824.0,yahoo
CIPLA,5m,2026-09-15T09:30:00+05:30,1352.9000244140625,1354.0,1352.0999755859375,1352.5999755859375,11056.0,yahoo
CIPLA,5m,2026-09-15T09:35:00+05:30,1352.9000244140625,1353.0,1351.800048828125,1351.800048828125,7302.0,yahoo
CIPLA,5m,2026-09-15T09:40:00+05:30,1351.5999755859375,1352.9000244140625,1351.0999755859375,1352.4000244140625,8655.0,yahoo
CIPLA,5m,2026-09-15T09:45:00+05:30,1352.800048828125,1352.800048828125,1348.0999755859375,1350.9000244140625,11619.0,yahoo
CIPLA,5m,2026-09-15T09:50:00+05:30,1350.9000244140625,1358.199951171875,1350.800048828125,1358.199951171875,17270.0,yahoo
CIPLA,5m,2026-09-15T09:55:00+05:30,1357.9000244140625,1358.199951171875,1354.699951171875,1355.199951171875,79008.0,yahoo
CIPLA,5m,2026-09-15T10:00:00+05:30,1354.9000244140625,1355.800048828125,1354.0999755859375,1354.300048828125,24253.0,yahoo
CIPLA,5m,2026-09-15T10:05:00+05:30,1355.0,1355.0999755859375,1354.300048828125,1355.0999755859375,23930.0,yahoo
CIPLA,5m,2026-09-15T10:10:00+05:30,1355.0,1355.9000244140625,1354.4000244140625,1355.0,6332.0,yahoo
CIPLA,5m,2026-09-15T10:15:00+05:30,1355.0,1355.5999755859375,1353.9000244140625,1355.4000244140625,7599.0,yahoo
CIPLA,5m,2026-09-15T10:20:00+05:30,1355.4000244140625,1355.699951171875,1354.699951171875,1354.699951171875,4103.0,yahoo
CIPLA,5m,2026-09-15T10:25:00+05:30,1354.9000244140625,1355.0,1353.699951171875,1354.9000244140625,4709.0,yahoo
CIPLA,5m,2026-09-15T10:30:00+05:30,1354.9000244140625,1355.0999755859375,1354.4000244140625,1354.800048828125,3293.0,yahoo
CIPLA,5m,2026-09-15T10:35:00+05:30,1355.0999755859375,1356.4000244140625,1355.0,1356.199951171875,7942.0,yahoo
CIPLA,5m,2026-09-15T10:40:00+05:30,1356.300048828125,1356.9000244140625,1354.9000244140625,1355.0999755859375,7564.0,yahoo
CIPLA,5m,2026-09-15T10:45:00+05:30,1355.0,1356.0,1354.9000244140625,1355.5999755859375,4102.0,yahoo
CIPLA,5m,2026-09-15T10:50:00+05:30,1355.5999755859375,1355.699951171875,1355.0,1355.0999755859375,5153.0,yahoo
CIPLA,5m,2026-09-15T10:55:00+05:30,1355.0999755859375,1355.0999755859375,1354.800048828125,1355.0,7458.0,yahoo
CIPLA,5m,2026-09-15T11:00:00+05:30,1355.0,1355.5,1354.800048828125,1355.5,3985.0,yahoo
CIPLA,5m,2026-09-15T11:05:00+05:30,1355.5,1355.5,1354.5,1355.0,6126.0,yahoo
CIPLA,5m,2026-09-15T11:10:00+05:30,1355.0,1355.0999755859375,1354.5999755859375,1355.0999755859375,25162.0,yahoo
CIPLA,5m,2026-09-15T11:15:00+05:30,1354.5,1355.300048828125,1352.300048828125,1353.199951171875,41035.0,yahoo
CIPLA,5m,2026-09-15T11:20:00+05:30,1353.199951171875,1354.300048828125,1352.800048828125,1354.0999755859375,5050.0,yahoo
CIPLA,5m,2026-09-15T11:25:00+05:30,1354.0999755859375,1354.300048828125,1353.5,1354.0999755859375,4973.0,yahoo
CIPLA,5m,2026-09-15T11:30:00+05:30,1353.5,1354.5999755859375,1353.0999755859375,1354.0,7836.0,yahoo
CIPLA,5m,2026-09-15T11:35:00+05:30,1354.4000244140625,1355.9000244140625,1353.5999755859375,1354.9000244140625,7280.0,yahoo
CIPLA,5m,2026-09-15T11:40:00+05:30,1355.0,1355.5,1354.0999755859375,1355.5,3618.0,yahoo
CIPLA,5m,2026-09-15T11:45:00+05:30,1355.0999755859375,1357.0,1355.0,1355.9000244140625,5788.0,yahoo
CIPLA,5m,2026-09-15T11:50:00+05:30,1355.5,1356.4000244140625,1355.5,1355.699951171875,6995.0,yahoo
CIPLA,5m,2026-09-15T11:55:00+05:30,1356.300048828125,1356.5999755859375,1355.699951171875,1355.800048828125,3479.0,yahoo
CIPLA,5m,2026-09-15T12:00:00+05:30,1356.300048828125,1358.5,1356.0999755859375,1357.699951171875,8650.0,yahoo
CIPLA,5m,2026-09-15T12:05:00+05:30,1358.300048828125,1358.300048828125,1357.4000244140625,1357.5,8661.0,yahoo
CIPLA,5m,2026-09-15T12:10:00+05:30,1358.0,1358.5,1357.300048828125,1358.0999755859375,8255.0,yahoo
CIPLA,5m,2026-09-15T12:15:00+05:30,1357.9000244140625,1358.199951171875,1357.4000244140625,1358.0,13468.0,yahoo
CIPLA,5m,2026-09-15T12:20:00+05:30,1358.0,1358.199951171875,1357.5,1357.800048828125,8252.0,yahoo
CIPLA,5m,2026-09-15T12:25:00+05:30,1357.800048828125,1358.199951171875,1357.4000244140625,1357.9000244140625,3746.0,yahoo
CIPLA,5m,2026-09-15T12:30:00+05:30,1358.199951171875,1358.300048828125,1357.5,1358.199951171875,12187.0,yahoo
CIPLA,5m,2026-09-15T12:35:00+05:30,1357.800048828125,1358.0999755859375,1354.4000244140625,1355.0,11982.0,yahoo
CIPLA,5m,2026-09-15T12:40:00+05:30,1355.0,1355.0999755859375,1354.4000244140625,1354.4000244140625,3992.0,yahoo
CIPLA,5m,2026-09-15T12:45:00+05:30,1354.800048828125,1355.199951171875,1354.300048828125,1354.4000244140625,4179.0,yahoo
CIPLA,5m,2026-09-15T12:50:00+05:30,1354.5999755859375,1354.9000244140625,1354.0999755859375,1354.5999755859375,3365.0,yahoo
CIPLA,5m,2026-09-15T12:55:00+05:30,1354.199951171875,1355.0999755859375,1352.800048828125,1355.0999755859375,5519.0,yahoo
CIPLA,5m,2026-09-15T13:00:00+05:30,1354.9000244140625,1355.0999755859375,1351.5,1352.9000244140625,24625.0,yahoo
CIPLA,5m,2026-09-15T13:05:00+05:30,1352.9000244140625,1353.5,1351.800048828125,1353.199951171875,8142.0,yahoo
CIPLA,5m,2026-09-15T13:10:00+05:30,1352.300048828125,1353.800048828125,1352.300048828125,1353.5999755859375,9135.0,yahoo
CIPLA,5m,2026-09-15T13:15:00+05:30,1353.300048828125,1354.300048828125,1351.800048828125,1352.5999755859375,11036.0,yahoo
CIPLA,5m,2026-09-15T13:20:00+05:30,1352.199951171875,1353.5999755859375,1351.5,1353.4000244140625,12342.0,yahoo
CIPLA,5m,2026-09-15T13:25:00+05:30,1352.5999755859375,1353.4000244140625,1351.9000244140625,1352.5,3979.0,yahoo
CIPLA,5m,2026-09-15T13:30:00+05:30,1352.5999755859375,1352.800048828125,1350.800048828125,1351.800048828125,9752.0,yahoo
CIPLA,5m,2026-09-15T13:35:00+05:30,1352.300048828125,1352.5999755859375,1351.800048828125,1352.4000244140625,4113.0,yahoo
CIPLA,5m,2026-09-15T13:40:00+05:30,1352.4000244140625,1352.5999755859375,1351.699951171875,1352.5999755859375,3765.0,yahoo
CIPLA,5m,2026-09-15T13:45:00+05:30,1352.699951171875,1353.199951171875,1352.300048828125,1352.5999755859375,5432.0,yahoo
CIPLA,5m,2026-09-15T13:50:00+05:30,1353.4000244140625,1354.0,1352.699951171875,1353.0999755859375,28008.0,yahoo
CIPLA,5m,2026-09-15T13:55:00+05:30,1353.5999755859375,1354.0999755859375,1352.5,1354.0999755859375,6420.0,yahoo
CIPLA,5m,2026-09-15T14:00:00+05:30,1353.800048828125,1354.4000244140625,1353.0,1354.300048828125,5141.0,yahoo
CIPLA,5m,2026-09-15T14:05:00+05:30,1354.300048828125,1355.0,1353.800048828125,1354.0,4987.0,yahoo
CIPLA,5m,2026-09-15T14:10:00+05:30,1354.5999755859375,1354.5999755859375,1353.0999755859375,1353.5999755859375,4285.0,yahoo
CIPLA,5m,2026-09-15T14:15:00+05:30,1353.5999755859375,1353.5999755859375,1352.699951171875,1353.0999755859375,7822.0,yahoo
CIPLA,5m,2026-09-15T14:20:00+05:30,1353.199951171875,1353.300048828125,1352.4000244140625,1353.0999755859375,6864.0,yahoo
CIPLA,5m,2026-09-15T14:25:00+05:30,1353.0999755859375,1353.199951171875,1352.199951171875,1353.199951171875,7656.0,yahoo
CIPLA,5m,2026-09-15T14:30:00+05:30,1353.199951171875,1355.4000244140625,1353.199951171875,1355.0999755859375,39289.0,yahoo
CIPLA,5m,2026-09-15T14:35:00+05:30,1354.5999755859375,1356.0999755859375,1353.5,1353.5,34015.0,yahoo
CIPLA,5m,2026-09-15T14:40:00+05:30,1354.199951171875,1355.300048828125,1354.0,1355.0,72230.0,yahoo
CIPLA,5m,2026-09-15T14:45:00+05:30,1355.0,1356.5,1355.0,1356.4000244140625,104897.0,yahoo
CIPLA,5m,2026-09-15T14:50:00+05:30,1356.4000244140625,1360.699951171875,1355.0999755859375,1355.0999755859375,85720.0,yahoo
CIPLA,5m,2026-09-15T14:55:00+05:30,1355.0,1356.9000244140625,1354.9000244140625,1355.300048828125,13127.0,yahoo
CIPLA,5m,2026-09-15T15:00:00+05:30,1355.300048828125,1355.300048828125,1353.4000244140625,1355.0999755859375,33132.0,yahoo
CIPLA,5m,2026-09-15T15:05:00+05:30,1355.0999755859375,1355.0999755859375,1349.5,1350.800048828125,43791.0,yahoo
CIPLA,5m,2026-09-15T15:10:00+05:30,1351.300048828125,1351.300048828125,1349.5,1351.0,93355.0,yahoo
COALINDIA,5m,2026-09-15T09:15:00+05:30,425.8500061035156,426.70001220703125,423.8999938964844,425.0,0.0,yahoo
COALINDIA,5m,2026-09-15T09:20:00+05:30,425.04998779296875,425.20001220703125,424.20001220703125,424.20001220703125,68246.0,yahoo
COALINDIA,5m,2026-09-15T09:25:00+05:30,424.45001220703125,424.45001220703125,423.25,423.29998779296875,71071.0,yahoo
COALINDIA,5m,2026-09-15T09:30:00+05:30,423.5,424.6499938964844,423.3999938964844,424.6499938964844,60893.0,yahoo
COALINDIA,5m,2026-09-15T09:35:00+05:30,424.3500061035156,425.29998779296875,423.45001220703125,424.3500061035156,321896.0,yahoo
COALINDIA,5m,2026-09-15T09:40:00+05:30,424.5,424.70001220703125,424.25,424.25,36317.0,yahoo
COALINDIA,5m,2026-09-15T09:45:00+05:30,424.25,424.29998779296875,423.8500061035156,423.8500061035156,37450.0,yahoo
COALINDIA,5m,2026-09-15T09:50:00+05:30,423.8999938964844,424.25,423.6000061035156,423.6499938964844,25429.0,yahoo
COALINDIA,5m,2026-09-15T09:55:00+05:30,423.75,424.45001220703125,423.54998779296875,424.29998779296875,40461.0,yahoo
COALINDIA,5m,2026-09-15T10:00:00+05:30,424.1499938964844,424.3500061035156,423.8500061035156,424.0,27368.0,yahoo
COALINDIA,5m,2026-09-15T10:05:00+05:30,424.0,424.25,423.79998779296875,423.79998779296875,32595.0,yahoo
COALINDIA,5m,2026-09-15T10:10:00+05:30,423.95001220703125,424.8999938964844,423.79998779296875,424.8999938964844,42147.0,yahoo
COALINDIA,5m,2026-09-15T10:15:00+05:30,424.8999938964844,425.1499938964844,424.5,424.5,38180.0,yahoo
COALINDIA,5m,2026-09-15T10:20:00+05:30,424.5,424.70001220703125,424.5,424.6499938964844,17598.0,yahoo
COALINDIA,5m,2026-09-15T10:25:00+05:30,424.6499938964844,424.6499938964844,423.70001220703125,423.79998779296875,29034.0,yahoo
COALINDIA,5m,2026-09-15T10:30:00+05:30,423.75,424.0,423.54998779296875,424.0,21634.0,yahoo
COALINDIA,5m,2026-09-15T10:35:00+05:30,424.0,424.0,423.79998779296875,423.79998779296875,12620.0,yahoo
COALINDIA,5m,2026-09-15T10:40:00+05:30,423.8500061035156,423.8500061035156,423.6000061035156,423.6000061035156,18487.0,yahoo
COALINDIA,5m,2026-09-15T10:45:00+05:30,423.70001220703125,424.29998779296875,423.6000061035156,424.1000061035156,62881.0,yahoo
COALINDIA,5m,2026-09-15T10:50:00+05:30,424.20001220703125,424.29998779296875,424.0,424.0,35553.0,yahoo
COALINDIA,5m,2026-09-15T10:55:00+05:30,424.0,424.25,424.0,424.20001220703125,16198.0,yahoo
COALINDIA,5m,2026-09-15T11:00:00+05:30,424.20001220703125,424.5,424.1000061035156,424.45001220703125,29836.0,yahoo
COALINDIA,5m,2026-09-15T11:05:00+05:30,424.5,424.5,424.0,424.0,8580.0,yahoo
COALINDIA,5m,2026-09-15T11:10:00+05:30,424.04998779296875,424.54998779296875,423.95001220703125,424.45001220703125,43822.0,yahoo
COALINDIA,5m,2026-09-15T11:15:00+05:30,424.5,424.5,423.8999938964844,423.8999938964844,12570.0,yahoo
COALINDIA,5m,2026-09-15T11:20:00+05:30,424.1000061035156,424.20001220703125,423.95001220703125,424.04998779296875,15079.0,yahoo
COALINDIA,5m,2026-09-15T11:25:00+05:30,424.04998779296875,424.1000061035156,423.79998779296875,424.0,25632.0,yahoo
COALINDIA,5m,2026-09-15T11:30:00+05:30,424.1499938964844,424.25,423.5,424.0,26641.0,yahoo
COALINDIA,5m,2026-09-15T11:35:00+05:30,424.0,424.79998779296875,424.0,424.70001220703125,21911.0,yahoo
COALINDIA,5m,2026-09-15T11:40:00+05:30,424.70001220703125,424.95001220703125,424.29998779296875,424.29998779296875,27667.0,yahoo
COALINDIA,5m,2026-09-15T11:45:00+05:30,424.29998779296875,424.6000061035156,424.04998779296875,424.29998779296875,28804.0,yahoo
COALINDIA,5m,2026-09-15T11:50:00+05:30,424.3500061035156,424.70001220703125,424.20001220703125,424.3500061035156,31570.0,yahoo
COALINDIA,5m,2026-09-15T11:55:00+05:30,424.3500061035156,424.5,423.6000061035156,423.79998779296875,55119.0,yahoo
COALINDIA,5m,2026-09-15T12:00:00+05:30,423.8500061035156,423.8999938964844,423.6000061035156,423.8999938964844,16849.0,yahoo
COALINDIA,5m,2026-09-15T12:05:00+05:30,423.79998779296875,423.8999938964844,423.70001220703125,423.70001220703125,47384.0,yahoo
COALINDIA,5m,2026-09-15T12:10:00+05:30,423.29998779296875,425.1000061035156,423.1499938964844,424.45001220703125,604822.0,yahoo
COALINDIA,5m,2026-09-15T12:15:00+05:30,424.6000061035156,424.8500061035156,422.95001220703125,423.5,471234.0,yahoo
COALINDIA,5m,2026-09-15T12:20:00+05:30,423.5,423.8500061035156,423.20001220703125,423.70001220703125,75248.0,yahoo
COALINDIA,5m,2026-09-15T12:25:00+05:30,423.75,423.8500061035156,423.5,423.75,78732.0,yahoo
COALINDIA,5m,2026-09-15T12:30:00+05:30,423.75,423.75,423.3999938964844,423.5,52873.0,yahoo
COALINDIA,5m,2026-09-15T12:35:00+05:30,423.5,423.6499938964844,423.3500061035156,423.54998779296875,62846.0,yahoo
COALINDIA,5m,2026-09-15T12:40:00+05:30,423.5,423.54998779296875,422.3999938964844,422.6000061035156,357252.0,yahoo
COALINDIA,5m,2026-09-15T12:45:00+05:30,422.3999938964844,422.79998779296875,421.79998779296875,422.70001220703125,292600.0,yahoo
COALINDIA,5m,2026-09-15T12:50:00+05:30,422.70001220703125,423.0,421.8999938964844,422.0,84167.0,yahoo
COALINDIA,5m,2026-09-15T12:55:00+05:30,421.95001220703125,422.1000061035156,421.45001220703125,421.75,40527.0,yahoo
COALINDIA,5m,2026-09-15T13:00:00+05:30,421.75,422.75,421.6000061035156,422.75,31260.0,yahoo
COALINDIA,5m,2026-09-15T13:05:00+05:30,422.75,423.20001220703125,422.6499938964844,423.0,87406.0,yahoo
COALINDIA,5m,2026-09-15T13:10:00+05:30,423.0,423.04998779296875,422.6000061035156,422.8500061035156,27942.0,yahoo
COALINDIA,5m,2026-09-15T13:15:00+05:30,422.8500061035156,422.8999938964844,422.3500061035156,422.6499938964844,32519.0,yahoo
COALINDIA,5m,2026-09-15T13:20:00+05:30,422.8500061035156,422.8999938964844,422.6499938964844,422.6499938964844,13562.0,yahoo
COALINDIA,5m,2026-09-15T13:25:00+05:30,422.6000061035156,422.79998779296875,422.6000061035156,422.6499938964844,27834.0,yahoo
COALINDIA,5m,2026-09-15T13:30:00+05:30,422.6499938964844,422.79998779296875,422.5,422.70001220703125,15790.0,yahoo
COALINDIA,5m,2026-09-15T13:35:00+05:30,422.70001220703125,422.79998779296875,422.5,422.5,8991.0,yahoo
COALINDIA,5m,2026-09-15T13:40:00+05:30,422.5,422.5,421.95001220703125,422.04998779296875,28962.0,yahoo
COALINDIA,5m,2026-09-15T13:45:00+05:30,422.1000061035156,422.3500061035156,421.75,421.79998779296875,20082.0,yahoo
COALINDIA,5m,2026-09-15T13:50:00+05:30,421.75,421.79998779296875,421.5,421.5,24060.0,yahoo
COALINDIA,5m,2026-09-15T13:55:00+05:30,421.5,421.6000061035156,421.25,421.25,20384.0,yahoo
COALINDIA,5m,2026-09-15T14:00:00+05:30,421.25,421.8500061035156,421.25,421.8500061035156,67155.0,yahoo
COALINDIA,5m,2026-09-15T14:05:00+05:30,421.8500061035156,422.0,421.54998779296875,421.70001220703125,17498.0,yahoo
COALINDIA,5m,2026-09-15T14:10:00+05:30,421.6499938964844,421.79998779296875,419.8500061035156,419.95001220703125,111607.0,yahoo
COALINDIA,5m,2026-09-15T14:15:00+05:30,419.70001220703125,420.04998779296875,418.75,419.29998779296875,135501.0,yahoo
COALINDIA,5m,2026-09-15T14:20:00+05:30,419.20001220703125,420.1499938964844,419.20001220703125,420.0,39875.0,yahoo
COALINDIA,5m,2026-09-15T14:25:00+05:30,420.1499938964844,420.45001220703125,420.0,420.3999938964844,31439.0,yahoo
COALINDIA,5m,2026-09-15T14:30:00+05:30,420.3999938964844,420.54998779296875,420.3999938964844,420.5,17956.0,yahoo
COALINDIA,5m,2026-09-15T14:35:00+05:30,420.45001220703125,420.6499938964844,420.3500061035156,420.3500061035156,21221.0,yahoo
COALINDIA,5m,2026-09-15T14:40:00+05:30,420.45001220703125,420.6000061035156,419.6000061035156,419.70001220703125,116459.0,yahoo
COALINDIA,5m,2026-09-15T14:45:00+05:30,419.70001220703125,419.8999938964844,419.29998779296875,419.3999938964844,59770.0,yahoo
COALINDIA,5m,2026-09-15T14:50:00+05:30,419.45001220703125,420.25,419.45001220703125,419.5,326224.0,yahoo
COALINDIA,5m,2026-09-15T14:55:00+05:30,419.3999938964844,419.79998779296875,419.3999938964844,419.70001220703125,108672.0,yahoo
COALINDIA,5m,2026-09-15T15:00:00+05:30,419.6000061035156,419.6000061035156,419.45001220703125,419.6000061035156,70452.0,yahoo
COALINDIA,5m,2026-09-15T15:05:00+05:30,419.6000061035156,419.6000061035156,418.95001220703125,419.1000061035156,226471.0,yahoo
COALINDIA,5m,2026-09-15T15:10:00+05:30,419.20001220703125,419.3999938964844,418.04998779296875,419.3500061035156,378353.0,yahoo
COALINDIA,5m,2026-09-15T15:15:00+05:30,418.5,419.25,418.5,419.25,247466.0,yahoo
DELHIVERY,5m,2026-09-15T09:15:00+05:30,439.0,439.0,433.1499938964844,433.6499938964844,0.0,yahoo
DELHIVERY,5m,2026-09-15T09:20:00+05:30,433.79998779296875,434.6000061035156,432.79998779296875,432.8999938964844,48341.0,yahoo
DELHIVERY,5m,2026-09-15T09:25:00+05:30,432.6000061035156,432.6499938964844,429.3999938964844,429.75,78310.0,yahoo
DELHIVERY,5m,2026-09-15T09:30:00+05:30,429.75,429.8500061035156,427.0,427.0,67488.0,yahoo
DELHIVERY,5m,2026-09-15T09:35:00+05:30,427.0,428.29998779296875,426.95001220703125,427.70001220703125,103240.0,yahoo
DELHIVERY,5m,2026-09-15T09:40:00+05:30,427.6000061035156,429.79998779296875,427.1000061035156,429.04998779296875,75652.0,yahoo
DELHIVERY,5m,2026-09-15T09:45:00+05:30,429.0,429.3999938964844,427.6000061035156,428.29998779296875,25281.0,yahoo
DELHIVERY,5m,2026-09-15T09:50:00+05:30,428.45001220703125,428.95001220703125,427.6499938964844,427.79998779296875,16055.0,yahoo
DELHIVERY,5m,2026-09-15T09:55:00+05:30,427.6499938964844,427.70001220703125,427.0,427.70001220703125,30748.0,yahoo
DELHIVERY,5m,2026-09-15T10:00:00+05:30,427.70001220703125,428.8500061035156,427.5,428.0,55613.0,yahoo
DELHIVERY,5m,2026-09-15T10:05:00+05:30,427.95001220703125,427.95001220703125,427.20001220703125,427.5,18713.0,yahoo
DELHIVERY,5m,2026-09-15T10:10:00+05:30,427.54998779296875,428.0,427.3500061035156,427.54998779296875,13056.0,yahoo
DELHIVERY,5m,2026-09-15T10:15:00+05:30,427.25,427.70001220703125,427.25,427.5,11764.0,yahoo
DELHIVERY,5m,2026-09-15T10:20:00+05:30,427.5,428.54998779296875,427.5,428.04998779296875,40147.0,yahoo
DELHIVERY,5m,2026-09-15T10:25:00+05:30,428.25,428.25,426.0,426.0,49056.0,yahoo
DELHIVERY,5m,2026-09-15T10:30:00+05:30,426.20001220703125,427.3500061035156,425.79998779296875,426.5,22750.0,yahoo
DELHIVERY,5m,2026-09-15T10:35:00+05:30,426.5,427.45001220703125,426.3500061035156,427.1499938964844,22141.0,yahoo
DELHIVERY,5m,2026-09-15T10:40:00+05:30,427.1000061035156,427.1000061035156,424.3999938964844,424.79998779296875,44869.0,yahoo
DELHIVERY,5m,2026-09-15T10:45:00+05:30,425.0,425.0,424.20001220703125,424.25,16392.0,yahoo
DELHIVERY,5m,2026-09-15T10:50:00+05:30,424.3999938964844,425.29998779296875,424.25,424.70001220703125,36936.0,yahoo
DELHIVERY,5m,2026-09-15T10:55:00+05:30,424.45001220703125,424.6000061035156,423.75,424.0,61496.0,yahoo
DELHIVERY,5m,2026-09-15T11:00:00+05:30,424.0,425.45001220703125,424.0,425.0,79325.0,yahoo
DELHIVERY,5m,2026-09-15T11:05:00+05:30,424.70001220703125,424.8500061035156,424.29998779296875,424.54998779296875,7953.0,yahoo
DELHIVERY,5m,2026-09-15T11:10:00+05:30,424.54998779296875,425.25,424.25,425.25,9157.0,yahoo
DELHIVERY,5m,2026-09-15T11:15:00+05:30,425.25,425.25,424.1000061035156,424.20001220703125,12566.0,yahoo
DELHIVERY,5m,2026-09-15T11:20:00+05:30,424.0,424.3500061035156,424.0,424.1000061035156,7141.0,yahoo
DELHIVERY,5m,2026-09-15T11:25:00+05:30,424.1000061035156,424.20001220703125,422.54998779296875,422.75,22395.0,yahoo
DELHIVERY,5m,2026-09-15T11:30:00+05:30,422.54998779296875,423.29998779296875,422.54998779296875,423.04998779296875,11746.0,yahoo
DELHIVERY,5m,2026-09-15T11:35:00+05:30,422.8500061035156,423.3500061035156,422.6499938964844,422.8999938964844,7306.0,yahoo
DELHIVERY,5m,2026-09-15T11:40:00+05:30,423.04998779296875,423.3999938964844,422.70001220703125,422.75,5237.0,yahoo
DELHIVERY,5m,2026-09-15T11:45:00+05:30,422.6499938964844,423.3500061035156,422.6499938964844,423.0,8151.0,yahoo
DELHIVERY,5m,2026-09-15T11:50:00+05:30,423.0,423.3500061035156,422.8999938964844,423.25,13923.0,yahoo
DELHIVERY,5m,2026-09-15T11:55:00+05:30,423.20001220703125,423.25,422.6499938964844,422.8500061035156,8930.0,yahoo
DELHIVERY,5m,2026-09-15T12:00:00+05:30,422.8999938964844,423.5,422.3999938964844,422.5,70763.0,yahoo
DELHIVERY,5m,2026-09-15T12:05:00+05:30,422.5,422.75,421.95001220703125,422.1499938964844,23548.0,yahoo
DELHIVERY,5m,2026-09-15T12:10:00+05:30,422.1000061035156,423.04998779296875,421.8500061035156,422.5,55879.0,yahoo
DELHIVERY,5m,2026-09-15T12:15:00+05:30,422.5,422.6499938964844,422.20001220703125,422.20001220703125,6837.0,yahoo
DELHIVERY,5m,2026-09-15T12:20:00+05:30,422.1499938964844,422.25,421.79998779296875,422.0,12731.0,yahoo
DELHIVERY,5m,2026-09-15T12:25:00+05:30,421.95001220703125,422.29998779296875,421.5,421.54998779296875,12108.0,yahoo
DELHIVERY,5m,2026-09-15T12:30:00+05:30,421.54998779296875,421.75,420.75,421.04998779296875,17481.0,yahoo
DELHIVERY,5m,2026-09-15T12:35:00+05:30,421.1000061035156,421.6499938964844,420.79998779296875,421.1000061035156,16145.0,yahoo
DELHIVERY,5m,2026-09-15T12:40:00+05:30,421.25,421.8500061035156,420.8500061035156,421.0,10630.0,yahoo
DELHIVERY,5m,2026-09-15T12:45:00+05:30,421.0,421.29998779296875,421.0,421.1000061035156,5193.0,yahoo
DELHIVERY,5m,2026-09-15T12:50:00+05:30,421.3999938964844,421.5,420.8500061035156,421.04998779296875,23065.0,yahoo
DELHIVERY,5m,2026-09-15T12:55:00+05:30,421.04998779296875,421.5,421.0,421.0,18766.0,yahoo
DELHIVERY,5m,2026-09-15T13:00:00+05:30,421.0,421.6499938964844,420.75,420.79998779296875,16578.0,yahoo
DELHIVERY,5m,2026-09-15T13:05:00+05:30,420.79998779296875,421.45001220703125,420.75,421.1000061035156,14904.0,yahoo
DELHIVERY,5m,2026-09-15T13:10:00+05:30,420.95001220703125,421.1000061035156,420.6000061035156,420.8500061035156,8757.0,yahoo
DELHIVERY,5m,2026-09-15T13:15:00+05:30,420.6499938964844,421.0,420.45001220703125,420.70001220703125,9088.0,yahoo
DELHIVERY,5m,2026-09-15T13:20:00+05:30,420.45001220703125,420.6000061035156,420.1000061035156,420.3999938964844,8034.0,yahoo
DELHIVERY,5m,2026-09-15T13:25:00+05:30,420.20001220703125,420.8999938964844,420.04998779296875,420.20001220703125,19251.0,yahoo
DELHIVERY,5m,2026-09-15T13:30:00+05:30,420.54998779296875,421.45001220703125,420.04998779296875,421.25,54804.0,yahoo
DELHIVERY,5m,2026-09-15T13:35:00+05:30,421.0,421.6499938964844,420.70001220703125,421.54998779296875,64283.0,yahoo
DELHIVERY,5m,2026-09-15T13:40:00+05:30,421.3999938964844,421.54998779296875,420.8999938964844,421.29998779296875,120406.0,yahoo
DELHIVERY,5m,2026-09-15T13:45:00+05:30,421.29998779296875,423.25,421.0,422.8999938964844,45234.0,yahoo
DELHIVERY,5m,2026-09-15T13:50:00+05:30,422.70001220703125,424.29998779296875,422.3999938964844,423.45001220703125,28062.0,yahoo
DELHIVERY,5m,2026-09-15T13:55:00+05:30,423.25,423.45001220703125,420.1499938964844,422.1499938964844,321638.0,yahoo
DELHIVERY,5m,2026-09-15T14:00:00+05:30,421.8999938964844,422.25,420.8999938964844,420.95001220703125,36385.0,yahoo
DELHIVERY,5m,2026-09-15T14:05:00+05:30,421.0,422.6000061035156,421.0,422.04998779296875,283185.0,yahoo
DELHIVERY,5m,2026-09-15T14:10:00+05:30,422.29998779296875,424.3999938964844,421.8999938964844,422.75,459331.0,yahoo
DELHIVERY,5m,2026-09-15T14:15:00+05:30,422.75,424.0,422.25,422.25,544185.0,yahoo
DELHIVERY,5m,2026-09-15T14:20:00+05:30,422.3500061035156,422.5,421.8500061035156,422.45001220703125,77734.0,yahoo
DELHIVERY,5m,2026-09-15T14:25:00+05:30,422.8500061035156,423.25,421.20001220703125,421.54998779296875,81318.0,yahoo
DELHIVERY,5m,2026-09-15T14:30:00+05:30,421.45001220703125,421.8500061035156,421.0,421.3999938964844,86523.0,yahoo
DELHIVERY,5m,2026-09-15T14:35:00+05:30,421.3999938964844,421.79998779296875,421.0,421.6499938964844,61023.0,yahoo
DELHIVERY,5m,2026-09-15T14:40:00+05:30,421.6499938964844,421.70001220703125,421.1499938964844,421.25,79685.0,yahoo
DELHIVERY,5m,2026-09-15T14:45:00+05:30,421.25,421.45001220703125,418.8999938964844,419.54998779296875,142357.0,yahoo
DELHIVERY,5m,2026-09-15T14:50:00+05:30,419.54998779296875,420.45001220703125,419.5,419.8500061035156,100766.0,yahoo
DELHIVERY,5m,2026-09-15T14:55:00+05:30,419.8500061035156,420.3999938964844,419.6499938964844,419.6499938964844,104336.0,yahoo
DELHIVERY,5m,2026-09-15T15:00:00+05:30,419.45001220703125,421.25,419.45001220703125,419.70001220703125,165021.0,yahoo
DELHIVERY,5m,2026-09-15T15:05:00+05:30,419.70001220703125,420.0,419.1499938964844,419.54998779296875,103248.0,yahoo
DELHIVERY,5m,2026-09-15T15:10:00+05:30,419.20001220703125,419.29998779296875,417.29998779296875,419.04998779296875,182641.0,yahoo
DELHIVERY,5m,2026-09-15T15:15:00+05:30,418.0,420.5,418.0,420.5,16271.0,yahoo
DLF,5m,2026-09-15T09:15:00+05:30,647.1500244140625,647.1500244140625,641.5499877929688,641.7999877929688,0.0,yahoo
DLF,5m,2026-09-15T09:20:00+05:30,641.9000244140625,642.5,638.6500244140625,638.75,64272.0,yahoo
DLF,5m,2026-09-15T09:25:00+05:30,638.4500122070312,639.4000244140625,637.7000122070312,638.7999877929688,58147.0,yahoo
DLF,5m,2026-09-15T09:30:00+05:30,638.7999877929688,639.0499877929688,637.5999755859375,638.0,23505.0,yahoo
DLF,5m,2026-09-15T09:35:00+05:30,638.0,638.7999877929688,637.2999877929688,638.0,40754.0,yahoo
DLF,5m,2026-09-15T09:40:00+05:30,638.0,639.0999755859375,637.5999755859375,638.6500244140625,23874.0,yahoo
DLF,5m,2026-09-15T09:45:00+05:30,638.0499877929688,638.7000122070312,637.1500244140625,637.3499755859375,17307.0,yahoo
DLF,5m,2026-09-15T09:50:00+05:30,637.25,637.25,636.0,636.25,51127.0,yahoo
DLF,5m,2026-09-15T09:55:00+05:30,636.5999755859375,636.8499755859375,635.2000122070312,635.75,54824.0,yahoo
DLF,5m,2026-09-15T10:00:00+05:30,635.4500122070312,635.7999877929688,634.0999755859375,634.0999755859375,44387.0,yahoo
DLF,5m,2026-09-15T10:05:00+05:30,634.2000122070312,635.0999755859375,634.0499877929688,634.2999877929688,20813.0,yahoo
DLF,5m,2026-09-15T10:10:00+05:30,634.1500244140625,635.5999755859375,633.9000244140625,634.5,24317.0,yahoo
DLF,5m,2026-09-15T10:15:00+05:30,634.5499877929688,634.9500122070312,633.9000244140625,634.9500122070312,14510.0,yahoo
DLF,5m,2026-09-15T10:20:00+05:30,634.7000122070312,635.0499877929688,634.2999877929688,634.6500244140625,13592.0,yahoo
DLF,5m,2026-09-15T10:25:00+05:30,634.6500244140625,634.6500244140625,633.25,633.4000244140625,27212.0,yahoo
DLF,5m,2026-09-15T10:30:00+05:30,633.4000244140625,634.1500244140625,633.0,633.5999755859375,32098.0,yahoo
DLF,5m,2026-09-15T10:35:00+05:30,633.4000244140625,634.0,633.25,633.3499755859375,9332.0,yahoo
DLF,5m,2026-09-15T10:40:00+05:30,633.25,633.2999877929688,632.0,632.2000122070312,18811.0,yahoo
DLF,5m,2026-09-15T10:45:00+05:30,632.2000122070312,632.3499755859375,631.0999755859375,631.5499877929688,38240.0,yahoo
DLF,5m,2026-09-15T10:50:00+05:30,631.9500122070312,632.2999877929688,631.0999755859375,631.25,12971.0,yahoo
DLF,5m,2026-09-15T10:55:00+05:30,631.25,631.4500122070312,628.7000122070312,629.4500122070312,120637.0,yahoo
DLF,5m,2026-09-15T11:00:00+05:30,628.7999877929688,631.0,628.7999877929688,631.0,74030.0,yahoo
DLF,5m,2026-09-15T11:05:00+05:30,630.5999755859375,630.5999755859375,629.5999755859375,630.4500122070312,26180.0,yahoo
DLF,5m,2026-09-15T11:10:00+05:30,630.1500244140625,631.5499877929688,630.0,631.3499755859375,14848.0,yahoo
DLF,5m,2026-09-15T11:15:00+05:30,631.2000122070312,631.4500122070312,629.7999877929688,630.0,16250.0,yahoo
DLF,5m,2026-09-15T11:20:00+05:30,629.9500122070312,630.75,629.3499755859375,630.6500244140625,24121.0,yahoo
DLF,5m,2026-09-15T11:25:00+05:30,630.5,630.7999877929688,630.0,630.2999877929688,14765.0,yahoo
DLF,5m,2026-09-15T11:30:00+05:30,630.0499877929688,631.4500122070312,630.0499877929688,631.25,10932.0,yahoo
DLF,5m,2026-09-15T11:35:00+05:30,631.0999755859375,631.5,630.7000122070312,631.3499755859375,11962.0,yahoo
DLF,5m,2026-09-15T11:40:00+05:30,631.5499877929688,631.5499877929688,630.3499755859375,630.7000122070312,12681.0,yahoo
DLF,5m,2026-09-15T11:45:00+05:30,630.7000122070312,630.7000122070312,630.0,630.0,10500.0,yahoo
DLF,5m,2026-09-15T11:50:00+05:30,630.25,630.4500122070312,630.0,630.0999755859375,37979.0,yahoo
DLF,5m,2026-09-15T11:55:00+05:30,630.0499877929688,630.2000122070312,629.75,630.0,14698.0,yahoo
DLF,5m,2026-09-15T12:00:00+05:30,630.0499877929688,630.75,630.0,630.2999877929688,14292.0,yahoo
DLF,5m,2026-09-15T12:05:00+05:30,630.3499755859375,630.7000122070312,629.75,630.0499877929688,287333.0,yahoo
DLF,5m,2026-09-15T12:10:00+05:30,630.0,630.0999755859375,628.0999755859375,628.3499755859375,125350.0,yahoo
DLF,5m,2026-09-15T12:15:00+05:30,628.2000122070312,628.2000122070312,626.9500122070312,627.0,27013.0,yahoo
DLF,5m,2026-09-15T12:20:00+05:30,626.8499755859375,630.7999877929688,626.8499755859375,630.25,95664.0,yahoo
DLF,5m,2026-09-15T12:25:00+05:30,630.2000122070312,630.5499877929688,629.9500122070312,630.4500122070312,13792.0,yahoo
DLF,5m,2026-09-15T12:30:00+05:30,630.5,630.5,629.75,630.2000122070312,17148.0,yahoo
DLF,5m,2026-09-15T12:35:00+05:30,630.2000122070312,630.4000244140625,629.5,630.2999877929688,44908.0,yahoo
DLF,5m,2026-09-15T12:40:00+05:30,630.2999877929688,630.2999877929688,629.75,630.1500244140625,30133.0,yahoo
DLF,5m,2026-09-15T12:45:00+05:30,630.0,630.4500122070312,629.6500244140625,630.3499755859375,25542.0,yahoo
DLF,5m,2026-09-15T12:50:00+05:30,630.3499755859375,631.1500244140625,630.3499755859375,630.9000244140625,9850.0,yahoo
DLF,5m,2026-09-15T12:55:00+05:30,630.7999877929688,630.7999877929688,629.7999877929688,630.0,28925.0,yahoo
DLF,5m,2026-09-15T13:00:00+05:30,630.25,630.6500244140625,629.8499755859375,630.0999755859375,25496.0,yahoo
DLF,5m,2026-09-15T13:05:00+05:30,630.0999755859375,630.25,629.7999877929688,630.0499877929688,16277.0,yahoo
DLF,5m,2026-09-15T13:10:00+05:30,629.7999877929688,630.2999877929688,629.5,630.0999755859375,100547.0,yahoo
DLF,5m,2026-09-15T13:15:00+05:30,630.0,630.5,629.75,630.1500244140625,92781.0,yahoo
DLF,5m,2026-09-15T13:20:00+05:30,630.1500244140625,630.2999877929688,629.75,630.0499877929688,56722.0,yahoo
DLF,5m,2026-09-15T13:25:00+05:30,630.1500244140625,630.2999877929688,629.9500122070312,630.0,41771.0,yahoo
DLF,5m,2026-09-15T13:30:00+05:30,630.0999755859375,632.4000244140625,628.0499877929688,632.0,452065.0,yahoo
DLF,5m,2026-09-15T13:35:00+05:30,632.0499877929688,633.0,632.0,632.0,75743.0,yahoo
DLF,5m,2026-09-15T13:40:00+05:30,632.0499877929688,632.2000122070312,629.2999877929688,629.2999877929688,88740.0,yahoo
DLF,5m,2026-09-15T13:45:00+05:30,629.5499877929688,630.0,628.4500122070312,628.8499755859375,26006.0,yahoo
DLF,5m,2026-09-15T13:50:00+05:30,629.0499877929688,629.4500122070312,628.5,628.5,9492.0,yahoo
DLF,5m,2026-09-15T13:55:00+05:30,628.5,628.5,627.8499755859375,628.2999877929688,9092.0,yahoo
DLF,5m,2026-09-15T14:00:00+05:30,628.2999877929688,628.2999877929688,627.5499877929688,627.7000122070312,12754.0,yahoo
DLF,5m,2026-09-15T14:05:00+05:30,627.5,628.0,627.4000244140625,627.75,6844.0,yahoo
DLF,5m,2026-09-15T14:10:00+05:30,627.0999755859375,627.5999755859375,626.3499755859375,626.3499755859375,53253.0,yahoo
DLF,5m,2026-09-15T14:15:00+05:30,626.3499755859375,627.2999877929688,625.0,625.4500122070312,58071.0,yahoo
DLF,5m,2026-09-15T14:20:00+05:30,625.4500122070312,627.2000122070312,625.4000244140625,626.3499755859375,79507.0,yahoo
DLF,5m,2026-09-15T14:25:00+05:30,626.2000122070312,627.1500244140625,625.9000244140625,626.2000122070312,35029.0,yahoo
DLF,5m,2026-09-15T14:30:00+05:30,626.4500122070312,627.5,626.0499877929688,627.0999755859375,10831.0,yahoo
DLF,5m,2026-09-15T14:35:00+05:30,627.0999755859375,627.0999755859375,626.25,626.4500122070312,13244.0,yahoo
DLF,5m,2026-09-15T14:40:00+05:30,626.4000244140625,626.9000244140625,626.0999755859375,626.5999755859375,11365.0,yahoo
DLF,5m,2026-09-15T14:45:00+05:30,626.75,626.75,624.5499877929688,624.5499877929688,36859.0,yahoo
DLF,5m,2026-09-15T14:50:00+05:30,624.75,626.0999755859375,624.5999755859375,624.5999755859375,151810.0,yahoo
DLF,5m,2026-09-15T14:55:00+05:30,624.75,625.5999755859375,624.7000122070312,624.8499755859375,47752.0,yahoo
DLF,5m,2026-09-15T15:00:00+05:30,625.0499877929688,625.0999755859375,624.2000122070312,624.25,69896.0,yahoo
DLF,5m,2026-09-15T15:05:00+05:30,624.5999755859375,624.5999755859375,623.2999877929688,623.5,66419.0,yahoo
DLF,5m,2026-09-15T15:10:00+05:30,623.5,624.75,623.0,624.75,101618.0,yahoo
DLF,5m,2026-09-15T15:15:00+05:30,624.75,624.75,620.8499755859375,620.8499755859375,104066.0,yahoo
DRREDDY,5m,2026-09-15T09:15:00+05:30,1163.699951171875,1166.0,1158.300048828125,1160.0999755859375,0.0,yahoo
DRREDDY,5m,2026-09-15T09:20:00+05:30,1159.699951171875,1162.5999755859375,1159.699951171875,1161.9000244140625,32033.0,yahoo
DRREDDY,5m,2026-09-15T09:25:00+05:30,1161.5,1163.300048828125,1158.5,1163.300048828125,16259.0,yahoo
DRREDDY,5m,2026-09-15T09:30:00+05:30,1162.9000244140625,1163.300048828125,1157.199951171875,1157.300048828125,26982.0,yahoo
DRREDDY,5m,2026-09-15T09:35:00+05:30,1157.300048828125,1160.9000244140625,1157.0,1157.199951171875,91957.0,yahoo
DRREDDY,5m,2026-09-15T09:40:00+05:30,1157.199951171875,1161.300048828125,1157.199951171875,1160.9000244140625,50293.0,yahoo
DRREDDY,5m,2026-09-15T09:45:00+05:30,1160.0999755859375,1161.5,1158.0999755859375,1158.0999755859375,36430.0,yahoo
DRREDDY,5m,2026-09-15T09:50:00+05:30,1158.0999755859375,1159.800048828125,1157.5999755859375,1158.0999755859375,25239.0,yahoo
DRREDDY,5m,2026-09-15T09:55:00+05:30,1158.0999755859375,1158.0999755859375,1156.5,1156.800048828125,81427.0,yahoo
DRREDDY,5m,2026-09-15T10:00:00+05:30,1157.0999755859375,1159.9000244140625,1156.199951171875,1159.5,30862.0,yahoo
DRREDDY,5m,2026-09-15T10:05:00+05:30,1160.5,1160.5,1159.9000244140625,1160.0999755859375,17912.0,yahoo
DRREDDY,5m,2026-09-15T10:10:00+05:30,1160.0999755859375,1160.5999755859375,1158.0,1159.0999755859375,29978.0,yahoo
DRREDDY,5m,2026-09-15T10:15:00+05:30,1158.5,1160.4000244140625,1158.0,1160.4000244140625,14961.0,yahoo
DRREDDY,5m,2026-09-15T10:20:00+05:30,1160.0,1160.300048828125,1159.4000244140625,1160.199951171875,14821.0,yahoo
DRREDDY,5m,2026-09-15T10:25:00+05:30,1160.199951171875,1160.5,1159.5,1160.199951171875,23998.0,yahoo
DRREDDY,5m,2026-09-15T10:30:00+05:30,1160.199951171875,1165.800048828125,1159.9000244140625,1165.5,105064.0,yahoo
DRREDDY,5m,2026-09-15T10:35:00+05:30,1165.0,1167.0,1163.199951171875,1166.5999755859375,66771.0,yahoo
DRREDDY,5m,2026-09-15T10:40:00+05:30,1166.5999755859375,1168.0999755859375,1164.800048828125,1166.5999755859375,64755.0,yahoo
DRREDDY,5m,2026-09-15T10:45:00+05:30,1166.5,1166.5,1162.4000244140625,1162.9000244140625,25309.0,yahoo
DRREDDY,5m,2026-09-15T10:50:00+05:30,1162.4000244140625,1162.800048828125,1160.5999755859375,1161.199951171875,18186.0,yahoo
DRREDDY,5m,2026-09-15T10:55:00+05:30,1161.199951171875,1161.5,1160.0,1160.300048828125,14287.0,yahoo
DRREDDY,5m,2026-09-15T11:00:00+05:30,1160.0,1160.300048828125,1158.0,1158.300048828125,7274.0,yahoo
DRREDDY,5m,2026-09-15T11:05:00+05:30,1158.4000244140625,1160.5999755859375,1157.0999755859375,1160.0,23524.0,yahoo
DRREDDY,5m,2026-09-15T11:10:00+05:30,1160.0,1160.199951171875,1156.300048828125,1156.5,25479.0,yahoo
DRREDDY,5m,2026-09-15T11:15:00+05:30,1156.9000244140625,1159.0,1156.5,1157.0999755859375,27015.0,yahoo
DRREDDY,5m,2026-09-15T11:20:00+05:30,1157.5,1157.5,1155.699951171875,1155.9000244140625,11141.0,yahoo
DRREDDY,5m,2026-09-15T11:25:00+05:30,1156.0,1156.0,1155.0999755859375,1155.0999755859375,13012.0,yahoo
DRREDDY,5m,2026-09-15T11:30:00+05:30,1155.0999755859375,1155.9000244140625,1154.699951171875,1155.699951171875,8872.0,yahoo
DRREDDY,5m,2026-09-15T11:35:00+05:30,1155.5,1155.5,1153.9000244140625,1153.9000244140625,10165.0,yahoo
DRREDDY,5m,2026-09-15T11:40:00+05:30,1154.0,1154.4000244140625,1152.9000244140625,1153.800048828125,22320.0,yahoo
DRREDDY,5m,2026-09-15T11:45:00+05:30,1153.699951171875,1153.800048828125,1152.699951171875,1152.699951171875,5667.0,yahoo
DRREDDY,5m,2026-09-15T11:50:00+05:30,1153.0,1153.4000244140625,1151.699951171875,1153.300048828125,20275.0,yahoo
DRREDDY,5m,2026-09-15T11:55:00+05:30,1153.199951171875,1153.199951171875,1151.0999755859375,1151.300048828125,10271.0,yahoo
DRREDDY,5m,2026-09-15T12:00:00+05:30,1151.300048828125,1153.699951171875,1151.0,1153.199951171875,10884.0,yahoo
DRREDDY,5m,2026-09-15T12:05:00+05:30,1153.699951171875,1154.4000244140625,1152.800048828125,1154.0,30620.0,yahoo
DRREDDY,5m,2026-09-15T12:10:00+05:30,1154.0999755859375,1154.199951171875,1152.300048828125,1152.5,9303.0,yahoo
DRREDDY,5m,2026-09-15T12:15:00+05:30,1152.699951171875,1154.5999755859375,1152.199951171875,1154.199951171875,14053.0,yahoo
DRREDDY,5m,2026-09-15T12:20:00+05:30,1154.199951171875,1155.0999755859375,1153.300048828125,1154.5,12049.0,yahoo
DRREDDY,5m,2026-09-15T12:25:00+05:30,1154.5,1156.5999755859375,1153.800048828125,1155.800048828125,24875.0,yahoo
DRREDDY,5m,2026-09-15T12:30:00+05:30,1155.300048828125,1155.300048828125,1153.5,1154.0,19682.0,yahoo
DRREDDY,5m,2026-09-15T12:35:00+05:30,1154.5,1154.5,1152.0,1152.300048828125,8189.0,yahoo
DRREDDY,5m,2026-09-15T12:40:00+05:30,1152.300048828125,1152.300048828125,1151.199951171875,1151.199951171875,5016.0,yahoo
DRREDDY,5m,2026-09-15T12:45:00+05:30,1151.199951171875,1151.800048828125,1151.199951171875,1151.5999755859375,5664.0,yahoo
DRREDDY,5m,2026-09-15T12:50:00+05:30,1151.5999755859375,1152.699951171875,1151.5999755859375,1151.800048828125,4916.0,yahoo
DRREDDY,5m,2026-09-15T12:55:00+05:30,1151.800048828125,1153.0,1151.800048828125,1151.9000244140625,7960.0,yahoo
DRREDDY,5m,2026-09-15T13:00:00+05:30,1152.300048828125,1152.9000244140625,1151.5,1152.5,7586.0,yahoo
DRREDDY,5m,2026-09-15T13:05:00+05:30,1152.9000244140625,1153.800048828125,1151.800048828125,1153.199951171875,21583.0,yahoo
DRREDDY,5m,2026-09-15T13:10:00+05:30,1153.5999755859375,1153.9000244140625,1152.0999755859375,1153.0,5525.0,yahoo
DRREDDY,5m,2026-09-15T13:15:00+05:30,1153.0,1153.0,1151.0999755859375,1151.699951171875,9154.0,yahoo
DRREDDY,5m,2026-09-15T13:20:00+05:30,1151.800048828125,1152.4000244140625,1151.300048828125,1152.0999755859375,3937.0,yahoo
DRREDDY,5m,2026-09-15T13:25:00+05:30,1152.0,1152.9000244140625,1151.4000244140625,1151.4000244140625,6462.0,yahoo
DRREDDY,5m,2026-09-15T13:30:00+05:30,1151.5999755859375,1151.9000244140625,1148.4000244140625,1148.4000244140625,12815.0,yahoo
DRREDDY,5m,2026-09-15T13:35:00+05:30,1148.300048828125,1149.4000244140625,1148.300048828125,1148.9000244140625,3908.0,yahoo
DRREDDY,5m,2026-09-15T13:40:00+05:30,1148.4000244140625,1151.0,1148.300048828125,1151.0,9773.0,yahoo
DRREDDY,5m,2026-09-15T13:45:00+05:30,1150.800048828125,1151.300048828125,1150.300048828125,1151.0,2555.0,yahoo
DRREDDY,5m,2026-09-15T13:50:00+05:30,1151.0,1151.4000244140625,1150.5,1150.9000244140625,3722.0,yahoo
DRREDDY,5m,2026-09-15T13:55:00+05:30,1150.9000244140625,1151.0,1150.199951171875,1150.5999755859375,7036.0,yahoo
DRREDDY,5m,2026-09-15T14:00:00+05:30,1151.0,1151.0999755859375,1150.0,1150.0,6752.0,yahoo
DRREDDY,5m,2026-09-15T14:05:00+05:30,1150.199951171875,1151.300048828125,1150.0,1150.0999755859375,8329.0,yahoo
DRREDDY,5m,2026-09-15T14:10:00+05:30,1150.5999755859375,1151.0999755859375,1150.0,1150.0,4856.0,yahoo
DRREDDY,5m,2026-09-15T14:15:00+05:30,1150.0999755859375,1150.199951171875,1148.9000244140625,1149.5999755859375,13183.0,yahoo
DRREDDY,5m,2026-09-15T14:20:00+05:30,1149.5999755859375,1150.699951171875,1149.199951171875,1150.0999755859375,12872.0,yahoo
DRREDDY,5m,2026-09-15T14:25:00+05:30,1149.5999755859375,1150.4000244140625,1149.0999755859375,1149.5999755859375,23186.0,yahoo
DRREDDY,5m,2026-09-15T14:30:00+05:30,1149.9000244140625,1150.199951171875,1148.0,1148.5,17211.0,yahoo
DRREDDY,5m,2026-09-15T14:35:00+05:30,1148.300048828125,1149.0,1147.9000244140625,1148.5,39749.0,yahoo
DRREDDY,5m,2026-09-15T14:40:00+05:30,1148.699951171875,1149.4000244140625,1147.9000244140625,1148.699951171875,24533.0,yahoo
DRREDDY,5m,2026-09-15T14:45:00+05:30,1148.5,1148.5,1145.0,1145.800048828125,26846.0,yahoo
DRREDDY,5m,2026-09-15T14:50:00+05:30,1145.800048828125,1146.9000244140625,1145.4000244140625,1145.4000244140625,21272.0,yahoo
DRREDDY,5m,2026-09-15T14:55:00+05:30,1145.5,1146.4000244140625,1145.199951171875,1145.9000244140625,14588.0,yahoo
DRREDDY,5m,2026-09-15T15:00:00+05:30,1145.699951171875,1145.9000244140625,1144.5,1145.5999755859375,20922.0,yahoo
DRREDDY,5m,2026-09-15T15:05:00+05:30,1145.699951171875,1145.699951171875,1143.5,1144.199951171875,26971.0,yahoo
DRREDDY,5m,2026-09-15T15:10:00+05:30,1144.199951171875,1153.300048828125,1142.199951171875,1145.0,269618.0,yahoo
EICHERMOT,5m,2026-09-15T09:15:00+05:30,7551.0,7552.5,7522.5,7542.0,0.0,yahoo
EICHERMOT,5m,2026-09-15T09:20:00+05:30,7536.5,7556.0,7536.5,7548.5,3243.0,yahoo
EICHERMOT,5m,2026-09-15T09:25:00+05:30,7549.0,7560.0,7542.0,7551.5,3555.0,yahoo
EICHERMOT,5m,2026-09-15T09:30:00+05:30,7554.5,7560.0,7544.0,7551.0,1789.0,yahoo
EICHERMOT,5m,2026-09-15T09:35:00+05:30,7551.0,7561.0,7533.0,7538.0,3636.0,yahoo
EICHERMOT,5m,2026-09-15T09:40:00+05:30,7538.0,7543.5,7533.5,7533.5,1955.0,yahoo
EICHERMOT,5m,2026-09-15T09:45:00+05:30,7533.5,7535.0,7522.0,7522.0,3195.0,yahoo
EICHERMOT,5m,2026-09-15T09:50:00+05:30,7513.5,7518.0,7506.5,7506.5,3082.0,yahoo
EICHERMOT,5m,2026-09-15T09:55:00+05:30,7509.0,7509.0,7475.0,7481.0,6683.0,yahoo
EICHERMOT,5m,2026-09-15T10:00:00+05:30,7481.5,7489.5,7478.0,7489.5,3046.0,yahoo
EICHERMOT,5m,2026-09-15T10:05:00+05:30,7485.0,7493.0,7481.0,7484.5,2030.0,yahoo
EICHERMOT,5m,2026-09-15T10:10:00+05:30,7485.0,7489.5,7482.5,7482.5,2718.0,yahoo
EICHERMOT,5m,2026-09-15T10:15:00+05:30,7481.5,7487.5,7480.5,7484.0,1879.0,yahoo
EICHERMOT,5m,2026-09-15T10:20:00+05:30,7484.0,7487.0,7476.0,7485.0,1739.0,yahoo
EICHERMOT,5m,2026-09-15T10:25:00+05:30,7484.0,7488.0,7478.0,7478.5,1144.0,yahoo
EICHERMOT,5m,2026-09-15T10:30:00+05:30,7478.0,7481.5,7472.5,7472.5,1939.0,yahoo
EICHERMOT,5m,2026-09-15T10:35:00+05:30,7474.0,7478.0,7472.5,7474.0,933.0,yahoo
EICHERMOT,5m,2026-09-15T10:40:00+05:30,7477.0,7480.0,7456.5,7460.0,3224.0,yahoo
EICHERMOT,5m,2026-09-15T10:45:00+05:30,7457.0,7467.0,7456.5,7466.0,1411.0,yahoo
EICHERMOT,5m,2026-09-15T10:50:00+05:30,7467.5,7477.5,7455.0,7455.0,3934.0,yahoo
EICHERMOT,5m,2026-09-15T10:55:00+05:30,7457.0,7460.0,7450.5,7451.0,1509.0,yahoo
EICHERMOT,5m,2026-09-15T11:00:00+05:30,7451.0,7455.0,7446.0,7449.0,2067.0,yahoo
EICHERMOT,5m,2026-09-15T11:05:00+05:30,7448.5,7449.0,7441.5,7444.0,3913.0,yahoo
EICHERMOT,5m,2026-09-15T11:10:00+05:30,7445.0,7458.5,7443.5,7455.0,3226.0,yahoo
EICHERMOT,5m,2026-09-15T11:15:00+05:30,7457.0,7457.0,7441.5,7443.0,2126.0,yahoo
EICHERMOT,5m,2026-09-15T11:20:00+05:30,7445.5,7455.0,7440.0,7453.5,1040.0,yahoo
EICHERMOT,5m,2026-09-15T11:25:00+05:30,7453.5,7464.5,7450.0,7458.5,17568.0,yahoo
EICHERMOT,5m,2026-09-15T11:30:00+05:30,7459.0,7468.0,7456.5,7461.0,1909.0,yahoo
EICHERMOT,5m,2026-09-15T11:35:00+05:30,7462.0,7474.5,7459.0,7473.0,3982.0,yahoo
EICHERMOT,5m,2026-09-15T11:40:00+05:30,7473.0,7489.0,7473.0,7483.5,6312.0,yahoo
EICHERMOT,5m,2026-09-15T11:45:00+05:30,7485.0,7485.0,7460.5,7461.0,12073.0,yahoo
EICHERMOT,5m,2026-09-15T11:50:00+05:30,7462.0,7470.0,7461.0,7465.5,5393.0,yahoo
EICHERMOT,5m,2026-09-15T11:55:00+05:30,7465.0,7471.0,7465.0,7467.0,1388.0,yahoo
EICHERMOT,5m,2026-09-15T12:00:00+05:30,7472.5,7485.0,7472.5,7478.5,7242.0,yahoo
EICHERMOT,5m,2026-09-15T12:05:00+05:30,7478.5,7486.5,7471.0,7485.0,15428.0,yahoo
EICHERMOT,5m,2026-09-15T12:10:00+05:30,7485.0,7485.0,7468.0,7477.5,3759.0,yahoo
EICHERMOT,5m,2026-09-15T12:15:00+05:30,7477.0,7480.0,7472.5,7476.0,1847.0,yahoo
EICHERMOT,5m,2026-09-15T12:20:00+05:30,7475.5,7476.5,7475.0,7475.5,1718.0,yahoo
EICHERMOT,5m,2026-09-15T12:25:00+05:30,7476.0,7500.0,7475.5,7494.5,13738.0,yahoo
EICHERMOT,5m,2026-09-15T12:30:00+05:30,7494.5,7500.0,7483.0,7500.0,8469.0,yahoo
EICHERMOT,5m,2026-09-15T12:35:00+05:30,7498.5,7514.0,7493.5,7494.0,8923.0,yahoo
EICHERMOT,5m,2026-09-15T12:40:00+05:30,7494.0,7500.0,7492.0,7496.5,19684.0,yahoo
EICHERMOT,5m,2026-09-15T12:45:00+05:30,7495.0,7499.0,7491.5,7499.0,1492.0,yahoo
EICHERMOT,5m,2026-09-15T12:50:00+05:30,7499.5,7506.0,7491.5,7495.5,2960.0,yahoo
EICHERMOT,5m,2026-09-15T12:55:00+05:30,7498.0,7511.5,7493.5,7510.0,3161.0,yahoo
EICHERMOT,5m,2026-09-15T13:00:00+05:30,7510.0,7512.0,7501.0,7510.0,5489.0,yahoo
EICHERMOT,5m,2026-09-15T13:05:00+05:30,7510.5,7513.0,7510.0,7510.0,1818.0,yahoo
EICHERMOT,5m,2026-09-15T13:10:00+05:30,7510.5,7512.0,7494.5,7494.5,2099.0,yahoo
EICHERMOT,5m,2026-09-15T13:15:00+05:30,7493.0,7495.0,7485.5,7492.0,1690.0,yahoo
EICHERMOT,5m,2026-09-15T13:20:00+05:30,7492.0,7498.5,7491.0,7491.0,1581.0,yahoo
EICHERMOT,5m,2026-09-15T13:25:00+05:30,7493.5,7496.5,7490.0,7495.5,1366.0,yahoo
EICHERMOT,5m,2026-09-15T13:30:00+05:30,7500.0,7500.5,7492.0,7493.0,6433.0,yahoo
EICHERMOT,5m,2026-09-15T13:35:00+05:30,7493.5,7496.5,7491.5,7491.5,1048.0,yahoo
EICHERMOT,5m,2026-09-15T13:40:00+05:30,7493.5,7493.5,7486.0,7490.5,1004.0,yahoo
EICHERMOT,5m,2026-09-15T13:45:00+05:30,7490.0,7500.0,7490.0,7499.0,1077.0,yahoo
EICHERMOT,5m,2026-09-15T13:50:00+05:30,7496.0,7498.0,7488.0,7488.0,715.0,yahoo
EICHERMOT,5m,2026-09-15T13:55:00+05:30,7487.0,7500.0,7483.0,7499.0,10105.0,yahoo
EICHERMOT,5m,2026-09-15T14:00:00+05:30,7494.5,7500.0,7492.0,7495.0,1135.0,yahoo
EICHERMOT,5m,2026-09-15T14:05:00+05:30,7492.0,7495.0,7486.0,7488.5,2882.0,yahoo
EICHERMOT,5m,2026-09-15T14:10:00+05:30,7487.0,7490.5,7486.5,7487.0,3669.0,yahoo
EICHERMOT,5m,2026-09-15T14:15:00+05:30,7487.0,7487.0,7474.5,7476.0,1948.0,yahoo
EICHERMOT,5m,2026-09-15T14:20:00+05:30,7474.5,7482.0,7472.0,7473.0,955.0,yahoo
EICHERMOT,5m,2026-09-15T14:25:00+05:30,7471.5,7472.0,7460.5,7460.5,2559.0,yahoo
EICHERMOT,5m,2026-09-15T14:30:00+05:30,7460.5,7470.5,7460.0,7464.5,4323.0,yahoo
EICHERMOT,5m,2026-09-15T14:35:00+05:30,7465.0,7481.5,7462.5,7475.5,4264.0,yahoo
EICHERMOT,5m,2026-09-15T14:40:00+05:30,7475.5,7478.0,7466.0,7468.5,4352.0,yahoo
EICHERMOT,5m,2026-09-15T14:45:00+05:30,7468.5,7471.0,7450.5,7453.5,5295.0,yahoo
EICHERMOT,5m,2026-09-15T14:50:00+05:30,7450.0,7469.0,7450.0,7454.5,13762.0,yahoo
EICHERMOT,5m,2026-09-15T14:55:00+05:30,7454.5,7457.5,7449.0,7449.0,9549.0,yahoo
EICHERMOT,5m,2026-09-15T15:00:00+05:30,7451.5,7462.0,7449.5,7458.0,11801.0,yahoo
EICHERMOT,5m,2026-09-15T15:05:00+05:30,7458.0,7463.5,7452.0,7463.5,8890.0,yahoo
EICHERMOT,5m,2026-09-15T15:10:00+05:30,7462.0,7489.5,7452.5,7452.5,23884.0,yahoo
ETERNAL,5m,2026-09-15T09:15:00+05:30,327.5,327.5,323.3500061035156,323.6000061035156,0.0,yahoo
ETERNAL,5m,2026-09-15T09:20:00+05:30,323.5,323.75,322.6499938964844,322.79998779296875,313286.0,yahoo
ETERNAL,5m,2026-09-15T09:25:00+05:30,322.75,322.95001220703125,321.79998779296875,322.29998779296875,302355.0,yahoo
ETERNAL,5m,2026-09-15T09:30:00+05:30,322.5,323.0,321.95001220703125,323.0,137270.0,yahoo
ETERNAL,5m,2026-09-15T09:35:00+05:30,322.95001220703125,323.8999938964844,322.95001220703125,323.29998779296875,179530.0,yahoo
ETERNAL,5m,2026-09-15T09:40:00+05:30,323.1499938964844,324.75,323.1499938964844,324.3999938964844,474481.0,yahoo
ETERNAL,5m,2026-09-15T09:45:00+05:30,324.45001220703125,324.45001220703125,323.1000061035156,323.20001220703125,165713.0,yahoo
ETERNAL,5m,2026-09-15T09:50:00+05:30,323.20001220703125,324.0,323.04998779296875,323.29998779296875,149848.0,yahoo
ETERNAL,5m,2026-09-15T09:55:00+05:30,323.25,323.3500061035156,322.6000061035156,323.20001220703125,205548.0,yahoo
ETERNAL,5m,2026-09-15T10:00:00+05:30,323.20001220703125,323.29998779296875,322.75,323.1499938964844,107816.0,yahoo
ETERNAL,5m,2026-09-15T10:05:00+05:30,323.0,323.1000061035156,322.04998779296875,322.04998779296875,187772.0,yahoo
ETERNAL,5m,2026-09-15T10:10:00+05:30,321.8500061035156,322.20001220703125,321.45001220703125,321.8500061035156,144670.0,yahoo
ETERNAL,5m,2026-09-15T10:15:00+05:30,321.8500061035156,322.0,321.6000061035156,321.75,76267.0,yahoo
ETERNAL,5m,2026-09-15T10:20:00+05:30,322.1000061035156,322.75,321.8500061035156,322.5,128058.0,yahoo
ETERNAL,5m,2026-09-15T10:25:00+05:30,322.54998779296875,322.6000061035156,321.8999938964844,321.8999938964844,66158.0,yahoo
ETERNAL,5m,2026-09-15T10:30:00+05:30,321.8999938964844,322.1499938964844,321.70001220703125,321.79998779296875,59228.0,yahoo
ETERNAL,5m,2026-09-15T10:35:00+05:30,321.75,322.1000061035156,321.75,321.75,73814.0,yahoo
ETERNAL,5m,2026-09-15T10:40:00+05:30,321.75,321.79998779296875,320.5,320.5,311996.0,yahoo
ETERNAL,5m,2026-09-15T10:45:00+05:30,320.45001220703125,320.70001220703125,320.20001220703125,320.6000061035156,92118.0,yahoo
ETERNAL,5m,2026-09-15T10:50:00+05:30,320.54998779296875,320.6499938964844,319.3999938964844,319.5,309806.0,yahoo
ETERNAL,5m,2026-09-15T10:55:00+05:30,319.5,319.75,319.20001220703125,319.6000061035156,170805.0,yahoo
ETERNAL,5m,2026-09-15T11:00:00+05:30,319.6000061035156,320.1000061035156,319.54998779296875,320.04998779296875,96929.0,yahoo
ETERNAL,5m,2026-09-15T11:05:00+05:30,320.0,320.0,319.3999938964844,319.3999938964844,80347.0,yahoo
ETERNAL,5m,2026-09-15T11:10:00+05:30,319.3999938964844,319.6000061035156,319.25,319.3500061035156,94779.0,yahoo
ETERNAL,5m,2026-09-15T11:15:00+05:30,319.3500061035156,319.6000061035156,318.95001220703125,319.1000061035156,117771.0,yahoo
ETERNAL,5m,2026-09-15T11:20:00+05:30,319.0,319.25,318.79998779296875,319.1499938964844,68601.0,yahoo
ETERNAL,5m,2026-09-15T11:25:00+05:30,319.1499938964844,319.25,319.0,319.04998779296875,45355.0,yahoo
ETERNAL,5m,2026-09-15T11:30:00+05:30,319.04998779296875,319.20001220703125,318.79998779296875,319.1000061035156,49890.0,yahoo
ETERNAL,5m,2026-09-15T11:35:00+05:30,319.1000061035156,319.45001220703125,319.0,319.20001220703125,71329.0,yahoo
ETERNAL,5m,2026-09-15T11:40:00+05:30,319.29998779296875,319.29998779296875,318.79998779296875,319.1499938964844,81592.0,yahoo
ETERNAL,5m,2026-09-15T11:45:00+05:30,319.20001220703125,319.29998779296875,318.8999938964844,319.04998779296875,63816.0,yahoo
ETERNAL,5m,2026-09-15T11:50:00+05:30,319.0,319.29998779296875,318.8999938964844,318.8999938964844,95772.0,yahoo
ETERNAL,5m,2026-09-15T11:55:00+05:30,318.95001220703125,319.04998779296875,318.79998779296875,318.8999938964844,58992.0,yahoo
ETERNAL,5m,2026-09-15T12:00:00+05:30,319.0,319.1000061035156,318.8500061035156,318.95001220703125,53839.0,yahoo
ETERNAL,5m,2026-09-15T12:05:00+05:30,318.95001220703125,319.0,318.3999938964844,318.3999938964844,149136.0,yahoo
ETERNAL,5m,2026-09-15T12:10:00+05:30,318.3999938964844,318.75,318.3500061035156,318.3999938964844,62176.0,yahoo
ETERNAL,5m,2026-09-15T12:15:00+05:30,318.3999938964844,318.75,318.3999938964844,318.45001220703125,52838.0,yahoo
ETERNAL,5m,2026-09-15T12:20:00+05:30,318.45001220703125,318.70001220703125,318.45001220703125,318.6000061035156,56080.0,yahoo
ETERNAL,5m,2026-09-15T12:25:00+05:30,318.6000061035156,318.70001220703125,318.5,318.6000061035156,60504.0,yahoo
ETERNAL,5m,2026-09-15T12:30:00+05:30,318.54998779296875,318.6499938964844,318.29998779296875,318.3500061035156,63427.0,yahoo
ETERNAL,5m,2026-09-15T12:35:00+05:30,318.29998779296875,318.70001220703125,318.20001220703125,318.25,80738.0,yahoo
ETERNAL,5m,2026-09-15T12:40:00+05:30,318.25,318.3999938964844,318.20001220703125,318.20001220703125,46347.0,yahoo
ETERNAL,5m,2026-09-15T12:45:00+05:30,318.25,318.3500061035156,318.04998779296875,318.29998779296875,89515.0,yahoo
ETERNAL,5m,2026-09-15T12:50:00+05:30,318.29998779296875,318.8500061035156,318.29998779296875,318.3999938964844,92986.0,yahoo
ETERNAL,5m,2026-09-15T12:55:00+05:30,318.3500061035156,318.6499938964844,318.0,318.29998779296875,81787.0,yahoo
ETERNAL,5m,2026-09-15T13:00:00+05:30,318.29998779296875,318.45001220703125,318.04998779296875,318.3500061035156,74257.0,yahoo
ETERNAL,5m,2026-09-15T13:05:00+05:30,318.3500061035156,318.5,318.1000061035156,318.1000061035156,57878.0,yahoo
ETERNAL,5m,2026-09-15T13:10:00+05:30,318.1000061035156,318.25,318.0,318.0,66141.0,yahoo
ETERNAL,5m,2026-09-15T13:15:00+05:30,318.0,318.29998779296875,317.8500061035156,318.04998779296875,89813.0,yahoo
ETERNAL,5m,2026-09-15T13:20:00+05:30,318.0,318.29998779296875,317.8999938964844,317.95001220703125,57258.0,yahoo
ETERNAL,5m,2026-09-15T13:25:00+05:30,317.95001220703125,318.04998779296875,317.8500061035156,317.95001220703125,68228.0,yahoo
ETERNAL,5m,2026-09-15T13:30:00+05:30,317.79998779296875,318.0,317.54998779296875,317.79998779296875,129794.0,yahoo
ETERNAL,5m,2026-09-15T13:35:00+05:30,317.8500061035156,317.95001220703125,317.6499938964844,317.75,73752.0,yahoo
ETERNAL,5m,2026-09-15T13:40:00+05:30,317.75,317.95001220703125,317.54998779296875,317.8500061035156,86827.0,yahoo
ETERNAL,5m,2026-09-15T13:45:00+05:30,317.8500061035156,318.0,317.75,317.75,69431.0,yahoo
ETERNAL,5m,2026-09-15T13:50:00+05:30,317.8500061035156,318.0,317.6000061035156,317.6000061035156,75607.0,yahoo
ETERNAL,5m,2026-09-15T13:55:00+05:30,317.6499938964844,317.8500061035156,317.20001220703125,317.45001220703125,167142.0,yahoo
ETERNAL,5m,2026-09-15T14:00:00+05:30,317.54998779296875,317.8999938964844,317.5,317.6000061035156,67527.0,yahoo
ETERNAL,5m,2026-09-15T14:05:00+05:30,317.6000061035156,317.75,317.3999938964844,317.45001220703125,90563.0,yahoo
ETERNAL,5m,2026-09-15T14:10:00+05:30,317.3999938964844,317.54998779296875,317.1499938964844,317.25,70550.0,yahoo
ETERNAL,5m,2026-09-15T14:15:00+05:30,317.1499938964844,317.20001220703125,316.70001220703125,316.75,182105.0,yahoo
ETERNAL,5m,2026-09-15T14:20:00+05:30,316.75,317.0,316.70001220703125,316.75,118649.0,yahoo
ETERNAL,5m,2026-09-15T14:25:00+05:30,316.70001220703125,316.95001220703125,316.3500061035156,316.45001220703125,113993.0,yahoo
ETERNAL,5m,2026-09-15T14:30:00+05:30,316.3999938964844,316.5,316.20001220703125,316.29998779296875,166906.0,yahoo
ETERNAL,5m,2026-09-15T14:35:00+05:30,316.29998779296875,317.29998779296875,316.1000061035156,317.1000061035156,200289.0,yahoo
ETERNAL,5m,2026-09-15T14:40:00+05:30,317.1000061035156,317.1499938964844,316.45001220703125,316.6000061035156,173719.0,yahoo
ETERNAL,5m,2026-09-15T14:45:00+05:30,316.6499938964844,316.70001220703125,315.75,315.79998779296875,182987.0,yahoo
ETERNAL,5m,2026-09-15T14:50:00+05:30,315.79998779296875,316.1499938964844,315.6499938964844,315.6499938964844,237545.0,yahoo
ETERNAL,5m,2026-09-15T14:55:00+05:30,315.6000061035156,315.8500061035156,315.1499938964844,315.20001220703125,182050.0,yahoo
ETERNAL,5m,2026-09-15T15:00:00+05:30,315.3500061035156,316.1000061035156,315.04998779296875,315.45001220703125,704998.0,yahoo
ETERNAL,5m,2026-09-15T15:05:00+05:30,315.45001220703125,315.5,315.0,315.29998779296875,384784.0,yahoo
ETERNAL,5m,2026-09-15T15:10:00+05:30,315.29998779296875,316.75,314.8999938964844,316.6000061035156,998201.0,yahoo
ETERNAL,5m,2026-09-15T15:15:00+05:30,316.79998779296875,316.79998779296875,315.25,315.25,684696.0,yahoo
GODFRYPHLP,5m,2026-09-15T09:15:00+05:30,1937.0,1953.199951171875,1931.0,1948.0999755859375,0.0,yahoo
GODFRYPHLP,5m,2026-09-15T09:20:00+05:30,1949.0999755859375,1950.800048828125,1942.0,1945.699951171875,5142.0,yahoo
GODFRYPHLP,5m,2026-09-15T09:25:00+05:30,1947.300048828125,1952.0,1943.4000244140625,1947.0999755859375,5647.0,yahoo
GODFRYPHLP,5m,2026-09-15T09:30:00+05:30,1947.0,1950.300048828125,1942.699951171875,1946.699951171875,3174.0,yahoo
GODFRYPHLP,5m,2026-09-15T09:35:00+05:30,1947.199951171875,1947.4000244140625,1942.0,1944.0,5611.0,yahoo
GODFRYPHLP,5m,2026-09-15T09:40:00+05:30,1944.9000244140625,1947.0,1944.0999755859375,1944.300048828125,1957.0,yahoo
GODFRYPHLP,5m,2026-09-15T09:45:00+05:30,1945.9000244140625,1947.0,1937.800048828125,1939.5999755859375,2901.0,yahoo
GODFRYPHLP,5m,2026-09-15T09:50:00+05:30,1938.0,1939.5,1935.4000244140625,1935.800048828125,1818.0,yahoo
GODFRYPHLP,5m,2026-09-15T09:55:00+05:30,1935.800048828125,1936.199951171875,1931.5999755859375,1934.199951171875,2432.0,yahoo
GODFRYPHLP,5m,2026-09-15T10:00:00+05:30,1934.0,1934.0999755859375,1930.199951171875,1930.199951171875,1696.0,yahoo
GODFRYPHLP,5m,2026-09-15T10:05:00+05:30,1931.0,1931.199951171875,1925.9000244140625,1929.0999755859375,6207.0,yahoo
GODFRYPHLP,5m,2026-09-15T10:10:00+05:30,1929.5,1934.300048828125,1928.300048828125,1930.5999755859375,5369.0,yahoo
GODFRYPHLP,5m,2026-09-15T10:15:00+05:30,1930.5999755859375,1932.5999755859375,1928.9000244140625,1932.5999755859375,495.0,yahoo
GODFRYPHLP,5m,2026-09-15T10:20:00+05:30,1932.699951171875,1936.0,1932.699951171875,1932.800048828125,1027.0,yahoo
GODFRYPHLP,5m,2026-09-15T10:25:00+05:30,1933.0,1933.800048828125,1929.0,1929.0,726.0,yahoo
GODFRYPHLP,5m,2026-09-15T10:30:00+05:30,1929.5999755859375,1930.9000244140625,1927.5999755859375,1929.699951171875,1169.0,yahoo
GODFRYPHLP,5m,2026-09-15T10:35:00+05:30,1930.0,1931.5999755859375,1929.0,1931.5999755859375,1034.0,yahoo
GODFRYPHLP,5m,2026-09-15T10:40:00+05:30,1928.9000244140625,1928.9000244140625,1927.0999755859375,1927.4000244140625,1339.0,yahoo
GODFRYPHLP,5m,2026-09-15T10:45:00+05:30,1927.5,1928.800048828125,1925.5999755859375,1927.0,2492.0,yahoo
GODFRYPHLP,5m,2026-09-15T10:50:00+05:30,1927.199951171875,1927.800048828125,1926.0,1927.0,702.0,yahoo
GODFRYPHLP,5m,2026-09-15T10:55:00+05:30,1927.0999755859375,1928.5,1926.0999755859375,1926.699951171875,1152.0,yahoo
GODFRYPHLP,5m,2026-09-15T11:00:00+05:30,1925.5,1927.5999755859375,1925.199951171875,1927.5999755859375,839.0,yahoo
GODFRYPHLP,5m,2026-09-15T11:05:00+05:30,1926.0,1927.800048828125,1926.0,1927.199951171875,394.0,yahoo
GODFRYPHLP,5m,2026-09-15T11:10:00+05:30,1926.199951171875,1927.5,1925.0,1925.300048828125,614.0,yahoo
GODFRYPHLP,5m,2026-09-15T11:15:00+05:30,1926.800048828125,1928.699951171875,1926.5,1926.5,1495.0,yahoo
GODFRYPHLP,5m,2026-09-15T11:20:00+05:30,1927.0,1928.0,1926.5,1927.0,517.0,yahoo
GODFRYPHLP,5m,2026-09-15T11:25:00+05:30,1928.300048828125,1929.9000244140625,1927.0,1927.300048828125,522.0,yahoo
GODFRYPHLP,5m,2026-09-15T11:30:00+05:30,1928.699951171875,1933.0,1927.0,1933.0,722.0,yahoo
GODFRYPHLP,5m,2026-09-15T11:35:00+05:30,1933.0,1935.9000244140625,1932.9000244140625,1935.0,785.0,yahoo
GODFRYPHLP,5m,2026-09-15T11:40:00+05:30,1935.0,1935.0,1931.0999755859375,1931.0999755859375,581.0,yahoo
GODFRYPHLP,5m,2026-09-15T11:45:00+05:30,1926.0999755859375,1927.0999755859375,1925.9000244140625,1926.0,3378.0,yahoo
GODFRYPHLP,5m,2026-09-15T11:50:00+05:30,1925.5,1927.0,1922.800048828125,1926.0,3066.0,yahoo
GODFRYPHLP,5m,2026-09-15T11:55:00+05:30,1926.0,1926.9000244140625,1923.4000244140625,1925.5,909.0,yahoo
GODFRYPHLP,5m,2026-09-15T12:00:00+05:30,1927.300048828125,1928.699951171875,1926.199951171875,1928.199951171875,381.0,yahoo
GODFRYPHLP,5m,2026-09-15T12:05:00+05:30,1927.5999755859375,1929.9000244140625,1927.300048828125,1929.0,903.0,yahoo
GODFRYPHLP,5m,2026-09-15T12:10:00+05:30,1929.0,1929.0,1926.800048828125,1927.0,253.0,yahoo
GODFRYPHLP,5m,2026-09-15T12:15:00+05:30,1928.0,1930.699951171875,1927.0,1927.300048828125,521.0,yahoo
GODFRYPHLP,5m,2026-09-15T12:20:00+05:30,1928.5999755859375,1929.300048828125,1926.9000244140625,1929.300048828125,1194.0,yahoo
GODFRYPHLP,5m,2026-09-15T12:25:00+05:30,1929.300048828125,1930.9000244140625,1928.199951171875,1930.4000244140625,588.0,yahoo
GODFRYPHLP,5m,2026-09-15T12:30:00+05:30,1929.5999755859375,1930.5,1925.800048828125,1926.9000244140625,370.0,yahoo
GODFRYPHLP,5m,2026-09-15T12:35:00+05:30,1926.9000244140625,1930.4000244140625,1925.5999755859375,1927.5999755859375,478.0,yahoo
GODFRYPHLP,5m,2026-09-15T12:40:00+05:30,1928.5999755859375,1929.0,1927.300048828125,1928.699951171875,197.0,yahoo
GODFRYPHLP,5m,2026-09-15T12:45:00+05:30,1927.0,1928.9000244140625,1925.0,1928.0,596.0,yahoo
GODFRYPHLP,5m,2026-09-15T12:50:00+05:30,1928.9000244140625,1928.9000244140625,1926.4000244140625,1927.300048828125,526.0,yahoo
GODFRYPHLP,5m,2026-09-15T12:55:00+05:30,1927.800048828125,1927.800048828125,1923.0,1923.199951171875,1414.0,yahoo
GODFRYPHLP,5m,2026-09-15T13:00:00+05:30,1924.300048828125,1925.5,1922.4000244140625,1922.9000244140625,509.0,yahoo
GODFRYPHLP,5m,2026-09-15T13:05:00+05:30,1923.0,1927.0,1922.9000244140625,1927.0,759.0,yahoo
GODFRYPHLP,5m,2026-09-15T13:10:00+05:30,1926.0,1926.0,1923.0,1924.5,885.0,yahoo
GODFRYPHLP,5m,2026-09-15T13:15:00+05:30,1924.4000244140625,1924.4000244140625,1920.699951171875,1922.300048828125,1450.0,yahoo
GODFRYPHLP,5m,2026-09-15T13:20:00+05:30,1922.300048828125,1923.199951171875,1921.0999755859375,1922.4000244140625,280.0,yahoo
GODFRYPHLP,5m,2026-09-15T13:25:00+05:30,1922.4000244140625,1922.9000244140625,1921.300048828125,1922.0,790.0,yahoo
GODFRYPHLP,5m,2026-09-15T13:30:00+05:30,1921.5999755859375,1924.0999755859375,1921.5999755859375,1923.0,1027.0,yahoo
GODFRYPHLP,5m,2026-09-15T13:35:00+05:30,1921.699951171875,1924.5999755859375,1921.199951171875,1922.300048828125,1830.0,yahoo
GODFRYPHLP,5m,2026-09-15T13:40:00+05:30,1922.800048828125,1922.800048828125,1919.5999755859375,1920.9000244140625,1641.0,yahoo
GODFRYPHLP,5m,2026-09-15T13:45:00+05:30,1920.9000244140625,1921.0,1919.699951171875,1919.699951171875,373.0,yahoo
GODFRYPHLP,5m,2026-09-15T13:50:00+05:30,1922.800048828125,1924.0,1921.199951171875,1922.0,1060.0,yahoo
GODFRYPHLP,5m,2026-09-15T13:55:00+05:30,1920.0999755859375,1923.0,1920.0999755859375,1922.0999755859375,1517.0,yahoo
GODFRYPHLP,5m,2026-09-15T14:00:00+05:30,1922.5,1922.9000244140625,1921.0999755859375,1921.0999755859375,190.0,yahoo
GODFRYPHLP,5m,2026-09-15T14:05:00+05:30,1920.699951171875,1921.5,1920.5999755859375,1920.5999755859375,154.0,yahoo
GODFRYPHLP,5m,2026-09-15T14:10:00+05:30,1921.0,1921.0,1915.0999755859375,1915.199951171875,5043.0,yahoo
GODFRYPHLP,5m,2026-09-15T14:15:00+05:30,1916.0,1916.0,1913.0,1913.9000244140625,2879.0,yahoo
GODFRYPHLP,5m,2026-09-15T14:20:00+05:30,1912.0,1913.800048828125,1911.199951171875,1912.5,1694.0,yahoo
GODFRYPHLP,5m,2026-09-15T14:25:00+05:30,1912.5,1913.699951171875,1912.0,1913.0999755859375,517.0,yahoo
GODFRYPHLP,5m,2026-09-15T14:30:00+05:30,1913.699951171875,1917.0,1912.5,1917.0,1814.0,yahoo
GODFRYPHLP,5m,2026-09-15T14:35:00+05:30,1917.0,1917.0,1914.0,1916.300048828125,1551.0,yahoo
GODFRYPHLP,5m,2026-09-15T14:40:00+05:30,1916.0,1916.9000244140625,1913.0,1913.0,1290.0,yahoo
GODFRYPHLP,5m,2026-09-15T14:45:00+05:30,1915.0,1915.0,1905.300048828125,1912.0999755859375,7294.0,yahoo
GODFRYPHLP,5m,2026-09-15T14:50:00+05:30,1912.0999755859375,1915.0,1908.9000244140625,1912.0,3495.0,yahoo
GODFRYPHLP,5m,2026-09-15T14:55:00+05:30,1912.0,1913.0,1909.0999755859375,1909.0999755859375,2372.0,yahoo
GODFRYPHLP,5m,2026-09-15T15:00:00+05:30,1909.0,1909.0999755859375,1907.0,1907.0999755859375,5300.0,yahoo
GODFRYPHLP,5m,2026-09-15T15:05:00+05:30,1907.800048828125,1907.800048828125,1901.0,1901.699951171875,8572.0,yahoo
GODFRYPHLP,5m,2026-09-15T15:10:00+05:30,1901.699951171875,1915.0,1900.5999755859375,1915.0,6246.0,yahoo
GRASIM,5m,2026-09-15T09:15:00+05:30,3272.0,3272.0,3235.199951171875,3236.300048828125,0.0,yahoo
GRASIM,5m,2026-09-15T09:20:00+05:30,3235.0,3238.199951171875,3230.300048828125,3235.5,8792.0,yahoo
GRASIM,5m,2026-09-15T09:25:00+05:30,3234.0,3235.199951171875,3226.39990234375,3228.699951171875,9129.0,yahoo
GRASIM,5m,2026-09-15T09:30:00+05:30,3227.60009765625,3235.89990234375,3225.0,3235.60009765625,13757.0,yahoo
GRASIM,5m,2026-09-15T09:35:00+05:30,3236.699951171875,3237.699951171875,3230.300048828125,3233.800048828125,15078.0,yahoo
GRASIM,5m,2026-09-15T09:40:00+05:30,3233.300048828125,3233.89990234375,3226.300048828125,3226.300048828125,12272.0,yahoo
GRASIM,5m,2026-09-15T09:45:00+05:30,3226.5,3228.199951171875,3216.39990234375,3217.199951171875,57900.0,yahoo
GRASIM,5m,2026-09-15T09:50:00+05:30,3217.199951171875,3223.199951171875,3214.39990234375,3220.0,14111.0,yahoo
GRASIM,5m,2026-09-15T09:55:00+05:30,3220.0,3224.0,3218.5,3221.39990234375,22917.0,yahoo
GRASIM,5m,2026-09-15T10:00:00+05:30,3221.60009765625,3223.199951171875,3218.0,3219.0,11631.0,yahoo
GRASIM,5m,2026-09-15T10:05:00+05:30,3219.10009765625,3221.800048828125,3218.199951171875,3218.199951171875,7206.0,yahoo
GRASIM,5m,2026-09-15T10:10:00+05:30,3218.0,3222.699951171875,3216.5,3221.800048828125,16647.0,yahoo
GRASIM,5m,2026-09-15T10:15:00+05:30,3221.800048828125,3225.0,3220.10009765625,3220.699951171875,10838.0,yahoo
GRASIM,5m,2026-09-15T10:20:00+05:30,3221.5,3222.5,3217.199951171875,3221.10009765625,5093.0,yahoo
GRASIM,5m,2026-09-15T10:25:00+05:30,3221.10009765625,3221.10009765625,3217.0,3217.0,6260.0,yahoo
GRASIM,5m,2026-09-15T10:30:00+05:30,3217.0,3218.800048828125,3216.60009765625,3217.699951171875,6286.0,yahoo
GRASIM,5m,2026-09-15T10:35:00+05:30,3219.5,3219.800048828125,3216.39990234375,3217.199951171875,6287.0,yahoo
GRASIM,5m,2026-09-15T10:40:00+05:30,3216.699951171875,3218.10009765625,3210.0,3210.39990234375,93349.0,yahoo
GRASIM,5m,2026-09-15T10:45:00+05:30,3210.39990234375,3215.0,3210.10009765625,3213.89990234375,22954.0,yahoo
GRASIM,5m,2026-09-15T10:50:00+05:30,3212.89990234375,3214.89990234375,3212.0,3212.89990234375,6294.0,yahoo
GRASIM,5m,2026-09-15T10:55:00+05:30,3212.89990234375,3214.0,3211.199951171875,3213.39990234375,9572.0,yahoo
GRASIM,5m,2026-09-15T11:00:00+05:30,3212.10009765625,3217.0,3211.5,3213.10009765625,7324.0,yahoo
GRASIM,5m,2026-09-15T11:05:00+05:30,3214.10009765625,3214.39990234375,3211.10009765625,3211.10009765625,7694.0,yahoo
GRASIM,5m,2026-09-15T11:10:00+05:30,3211.10009765625,3212.800048828125,3210.0,3210.0,31787.0,yahoo
GRASIM,5m,2026-09-15T11:15:00+05:30,3210.0,3213.199951171875,3205.10009765625,3205.60009765625,31401.0,yahoo
GRASIM,5m,2026-09-15T11:20:00+05:30,3205.10009765625,3205.39990234375,3201.10009765625,3202.300048828125,9760.0,yahoo
GRASIM,5m,2026-09-15T11:25:00+05:30,3202.300048828125,3203.199951171875,3197.300048828125,3197.699951171875,7759.0,yahoo
GRASIM,5m,2026-09-15T11:30:00+05:30,3199.0,3199.0,3194.10009765625,3197.199951171875,7392.0,yahoo
GRASIM,5m,2026-09-15T11:35:00+05:30,3197.800048828125,3199.300048828125,3196.0,3196.199951171875,6693.0,yahoo
GRASIM,5m,2026-09-15T11:40:00+05:30,3196.300048828125,3200.5,3195.0,3200.5,9088.0,yahoo
GRASIM,5m,2026-09-15T11:45:00+05:30,3198.5,3200.300048828125,3194.5,3194.5,15534.0,yahoo
GRASIM,5m,2026-09-15T11:50:00+05:30,3194.5,3196.10009765625,3192.5,3194.199951171875,17935.0,yahoo
GRASIM,5m,2026-09-15T11:55:00+05:30,3192.60009765625,3198.0,3192.10009765625,3195.10009765625,9461.0,yahoo
GRASIM,5m,2026-09-15T12:00:00+05:30,3195.89990234375,3199.800048828125,3194.10009765625,3198.10009765625,5405.0,yahoo
GRASIM,5m,2026-09-15T12:05:00+05:30,3198.10009765625,3199.0,3192.300048828125,3192.60009765625,7801.0,yahoo
GRASIM,5m,2026-09-15T12:10:00+05:30,3192.60009765625,3193.0,3190.5,3190.5,13747.0,yahoo
GRASIM,5m,2026-09-15T12:15:00+05:30,3190.5,3194.60009765625,3190.5,3192.89990234375,7039.0,yahoo
GRASIM,5m,2026-09-15T12:20:00+05:30,3192.699951171875,3196.39990234375,3192.39990234375,3194.199951171875,5276.0,yahoo
GRASIM,5m,2026-09-15T12:25:00+05:30,3194.39990234375,3196.5,3193.5,3194.199951171875,5820.0,yahoo
GRASIM,5m,2026-09-15T12:30:00+05:30,3195.699951171875,3195.699951171875,3188.300048828125,3188.300048828125,14277.0,yahoo
GRASIM,5m,2026-09-15T12:35:00+05:30,3188.0,3189.89990234375,3188.0,3188.60009765625,5134.0,yahoo
GRASIM,5m,2026-09-15T12:40:00+05:30,3188.60009765625,3190.0,3188.300048828125,3188.39990234375,3515.0,yahoo
GRASIM,5m,2026-09-15T12:45:00+05:30,3188.300048828125,3194.5,3188.0,3192.5,9841.0,yahoo
GRASIM,5m,2026-09-15T12:50:00+05:30,3193.5,3196.699951171875,3192.5,3193.800048828125,6251.0,yahoo
GRASIM,5m,2026-09-15T12:55:00+05:30,3193.39990234375,3196.5,3192.10009765625,3192.5,11338.0,yahoo
GRASIM,5m,2026-09-15T13:00:00+05:30,3193.300048828125,3195.60009765625,3191.699951171875,3193.89990234375,7125.0,yahoo
GRASIM,5m,2026-09-15T13:05:00+05:30,3193.89990234375,3200.60009765625,3192.60009765625,3196.89990234375,17709.0,yahoo
GRASIM,5m,2026-09-15T13:10:00+05:30,3196.89990234375,3197.60009765625,3194.39990234375,3195.199951171875,9022.0,yahoo
GRASIM,5m,2026-09-15T13:15:00+05:30,3195.199951171875,3196.0,3192.39990234375,3194.0,8567.0,yahoo
GRASIM,5m,2026-09-15T13:20:00+05:30,3194.0,3195.199951171875,3192.0,3192.10009765625,8314.0,yahoo
GRASIM,5m,2026-09-15T13:25:00+05:30,3192.300048828125,3195.39990234375,3192.0,3192.39990234375,7838.0,yahoo
GRASIM,5m,2026-09-15T13:30:00+05:30,3192.39990234375,3195.800048828125,3192.199951171875,3193.39990234375,7873.0,yahoo
GRASIM,5m,2026-09-15T13:35:00+05:30,3193.39990234375,3196.39990234375,3192.10009765625,3192.800048828125,7892.0,yahoo
GRASIM,5m,2026-09-15T13:40:00+05:30,3192.800048828125,3194.300048828125,3192.0,3192.699951171875,6308.0,yahoo
GRASIM,5m,2026-09-15T13:45:00+05:30,3193.39990234375,3195.10009765625,3192.0,3193.800048828125,6880.0,yahoo
GRASIM,5m,2026-09-15T13:50:00+05:30,3193.89990234375,3196.10009765625,3192.39990234375,3192.60009765625,7292.0,yahoo
GRASIM,5m,2026-09-15T13:55:00+05:30,3192.60009765625,3195.60009765625,3192.60009765625,3193.10009765625,6699.0,yahoo
GRASIM,5m,2026-09-15T14:00:00+05:30,3193.800048828125,3194.0,3192.0,3192.699951171875,6659.0,yahoo
GRASIM,5m,2026-09-15T14:05:00+05:30,3192.699951171875,3194.5,3190.0,3194.0,36709.0,yahoo
GRASIM,5m,2026-09-15T14:10:00+05:30,3193.39990234375,3195.199951171875,3191.5,3193.60009765625,6218.0,yahoo
GRASIM,5m,2026-09-15T14:15:00+05:30,3192.0,3194.199951171875,3189.0,3190.199951171875,25338.0,yahoo
GRASIM,5m,2026-09-15T14:20:00+05:30,3190.39990234375,3193.800048828125,3190.0,3190.89990234375,8887.0,yahoo
GRASIM,5m,2026-09-15T14:25:00+05:30,3190.60009765625,3192.39990234375,3189.800048828125,3190.300048828125,10114.0,yahoo
GRASIM,5m,2026-09-15T14:30:00+05:30,3190.300048828125,3192.199951171875,3189.10009765625,3190.10009765625,12613.0,yahoo
GRASIM,5m,2026-09-15T14:35:00+05:30,3190.0,3191.5,3185.0,3185.0,85341.0,yahoo
GRASIM,5m,2026-09-15T14:40:00+05:30,3185.0,3189.60009765625,3185.0,3187.0,21685.0,yahoo
GRASIM,5m,2026-09-15T14:45:00+05:30,3188.0,3188.0,3179.300048828125,3180.0,36902.0,yahoo
GRASIM,5m,2026-09-15T14:50:00+05:30,3179.5,3185.5,3179.10009765625,3181.60009765625,57470.0,yahoo
GRASIM,5m,2026-09-15T14:55:00+05:30,3182.39990234375,3185.800048828125,3181.199951171875,3185.800048828125,31500.0,yahoo
GRASIM,5m,2026-09-15T15:00:00+05:30,3184.39990234375,3186.199951171875,3179.39990234375,3180.89990234375,25736.0,yahoo
GRASIM,5m,2026-09-15T15:05:00+05:30,3180.89990234375,3183.60009765625,3178.0,3181.39990234375,45665.0,yahoo
GRASIM,5m,2026-09-15T15:10:00+05:30,3181.199951171875,3184.10009765625,3175.800048828125,3175.800048828125,71863.0,yahoo
GRASIM,5m,2026-09-15T15:15:00+05:30,3175.800048828125,3175.800048828125,3171.0,3171.0,57468.0,yahoo
HCLTECH,5m,2026-09-15T09:15:00+05:30,1252.0,1278.800048828125,1250.5,1275.0,0.0,yahoo
HCLTECH,5m,2026-09-15T09:20:00+05:30,1274.4000244140625,1283.0,1274.4000244140625,1280.800048828125,325395.0,yahoo
HCLTECH,5m,2026-09-15T09:25:00+05:30,1281.0999755859375,1288.5999755859375,1280.0,1287.5,304037.0,yahoo
HCLTECH,5m,2026-09-15T09:30:00+05:30,1287.0999755859375,1290.0,1283.300048828125,1286.9000244140625,204582.0,yahoo
HCLTECH,5m,2026-09-15T09:35:00+05:30,1287.0,1288.5,1284.300048828125,1285.5,125503.0,yahoo
HCLTECH,5m,2026-09-15T09:40:00+05:30,1285.9000244140625,1288.0,1283.4000244140625,1286.0999755859375,122004.0,yahoo
HCLTECH,5m,2026-09-15T09:45:00+05:30,1286.4000244140625,1286.4000244140625,1282.300048828125,1282.9000244140625,82680.0,yahoo
HCLTECH,5m,2026-09-15T09:50:00+05:30,1282.4000244140625,1283.0,1276.699951171875,1277.199951171875,162964.0,yahoo
HCLTECH,5m,2026-09-15T09:55:00+05:30,1277.5999755859375,1277.5999755859375,1271.199951171875,1275.800048828125,197613.0,yahoo
HCLTECH,5m,2026-09-15T10:00:00+05:30,1275.5999755859375,1276.0,1272.4000244140625,1275.0,64144.0,yahoo
HCLTECH,5m,2026-09-15T10:05:00+05:30,1274.5999755859375,1276.300048828125,1273.5999755859375,1274.4000244140625,35100.0,yahoo
HCLTECH,5m,2026-09-15T10:10:00+05:30,1274.0,1278.5,1274.0,1278.5,37791.0,yahoo
HCLTECH,5m,2026-09-15T10:15:00+05:30,1278.300048828125,1282.699951171875,1277.0,1282.699951171875,75109.0,yahoo
HCLTECH,5m,2026-09-15T10:20:00+05:30,1282.5,1284.9000244140625,1278.300048828125,1280.699951171875,59175.0,yahoo
HCLTECH,5m,2026-09-15T10:25:00+05:30,1280.9000244140625,1282.300048828125,1278.0,1278.0,28860.0,yahoo
HCLTECH,5m,2026-09-15T10:30:00+05:30,1278.5,1281.5,1277.0,1281.5,35186.0,yahoo
HCLTECH,5m,2026-09-15T10:35:00+05:30,1281.0999755859375,1282.5,1279.0,1279.0,45577.0,yahoo
HCLTECH,5m,2026-09-15T10:40:00+05:30,1279.0,1279.699951171875,1277.5,1279.0999755859375,28480.0,yahoo
HCLTECH,5m,2026-09-15T10:45:00+05:30,1279.0999755859375,1279.5,1277.5,1278.0,24861.0,yahoo
HCLTECH,5m,2026-09-15T10:50:00+05:30,1278.300048828125,1282.4000244140625,1278.199951171875,1278.800048828125,59711.0,yahoo
HCLTECH,5m,2026-09-15T10:55:00+05:30,1278.300048828125,1280.5999755859375,1277.9000244140625,1279.9000244140625,38931.0,yahoo
HCLTECH,5m,2026-09-15T11:00:00+05:30,1279.9000244140625,1280.800048828125,1278.0,1279.800048828125,26135.0,yahoo
HCLTECH,5m,2026-09-15T11:05:00+05:30,1282.699951171875,1282.800048828125,1278.800048828125,1281.199951171875,72621.0,yahoo
HCLTECH,5m,2026-09-15T11:10:00+05:30,1281.0,1284.5,1280.0,1283.0,97634.0,yahoo
HCLTECH,5m,2026-09-15T11:15:00+05:30,1283.0,1283.199951171875,1281.0,1282.199951171875,43162.0,yahoo
HCLTECH,5m,2026-09-15T11:20:00+05:30,1281.9000244140625,1283.9000244140625,1281.9000244140625,1282.800048828125,31380.0,yahoo
HCLTECH,5m,2026-09-15T11:25:00+05:30,1282.800048828125,1283.300048828125,1281.199951171875,1281.5,16431.0,yahoo
HCLTECH,5m,2026-09-15T11:30:00+05:30,1281.199951171875,1283.0999755859375,1281.199951171875,1282.0999755859375,32288.0,yahoo
HCLTECH,5m,2026-09-15T11:35:00+05:30,1282.0,1283.300048828125,1281.300048828125,1283.0,30379.0,yahoo
HCLTECH,5m,2026-09-15T11:40:00+05:30,1282.5,1283.0,1280.5999755859375,1281.0,26955.0,yahoo
HCLTECH,5m,2026-09-15T11:45:00+05:30,1281.0,1281.800048828125,1280.199951171875,1280.800048828125,24124.0,yahoo
HCLTECH,5m,2026-09-15T11:50:00+05:30,1280.699951171875,1281.0,1278.0,1278.0,52097.0,yahoo
HCLTECH,5m,2026-09-15T11:55:00+05:30,1278.0,1279.5999755859375,1276.199951171875,1279.300048828125,43329.0,yahoo
HCLTECH,5m,2026-09-15T12:00:00+05:30,1279.300048828125,1280.0,1278.699951171875,1279.300048828125,17552.0,yahoo
HCLTECH,5m,2026-09-15T12:05:00+05:30,1280.0,1280.199951171875,1275.4000244140625,1276.4000244140625,61488.0,yahoo
HCLTECH,5m,2026-09-15T12:10:00+05:30,1275.9000244140625,1276.9000244140625,1275.300048828125,1276.300048828125,24992.0,yahoo
HCLTECH,5m,2026-09-15T12:15:00+05:30,1276.0,1277.9000244140625,1275.9000244140625,1277.0,30819.0,yahoo
HCLTECH,5m,2026-09-15T12:20:00+05:30,1277.0,1277.800048828125,1276.5999755859375,1277.5999755859375,20169.0,yahoo
HCLTECH,5m,2026-09-15T12:25:00+05:30,1277.300048828125,1277.300048828125,1275.800048828125,1275.9000244140625,14514.0,yahoo
HCLTECH,5m,2026-09-15T12:30:00+05:30,1275.9000244140625,1276.0,1273.800048828125,1273.9000244140625,35941.0,yahoo
HCLTECH,5m,2026-09-15T12:35:00+05:30,1273.9000244140625,1274.4000244140625,1272.800048828125,1273.0,25126.0,yahoo
HCLTECH,5m,2026-09-15T12:40:00+05:30,1273.0,1273.699951171875,1270.699951171875,1271.199951171875,61410.0,yahoo
HCLTECH,5m,2026-09-15T12:45:00+05:30,1271.199951171875,1272.0,1271.0999755859375,1271.0999755859375,16884.0,yahoo
HCLTECH,5m,2026-09-15T12:50:00+05:30,1271.199951171875,1271.9000244140625,1270.5,1270.5,19724.0,yahoo
HCLTECH,5m,2026-09-15T12:55:00+05:30,1270.5,1270.9000244140625,1268.699951171875,1268.800048828125,40718.0,yahoo
HCLTECH,5m,2026-09-15T13:00:00+05:30,1268.800048828125,1269.300048828125,1267.800048828125,1268.9000244140625,46017.0,yahoo
HCLTECH,5m,2026-09-15T13:05:00+05:30,1268.9000244140625,1269.0999755859375,1267.699951171875,1267.699951171875,18157.0,yahoo
HCLTECH,5m,2026-09-15T13:10:00+05:30,1268.0999755859375,1269.0,1267.300048828125,1269.0,31992.0,yahoo
HCLTECH,5m,2026-09-15T13:15:00+05:30,1268.5,1268.5,1267.0,1267.9000244140625,23279.0,yahoo
HCLTECH,5m,2026-09-15T13:20:00+05:30,1267.9000244140625,1268.5,1265.300048828125,1266.0999755859375,28773.0,yahoo
HCLTECH,5m,2026-09-15T13:25:00+05:30,1266.0999755859375,1267.0,1265.5999755859375,1265.5999755859375,29087.0,yahoo
HCLTECH,5m,2026-09-15T13:30:00+05:30,1265.9000244140625,1266.699951171875,1265.300048828125,1266.699951171875,20685.0,yahoo
HCLTECH,5m,2026-09-15T13:35:00+05:30,1266.4000244140625,1266.4000244140625,1264.4000244140625,1264.5999755859375,30198.0,yahoo
HCLTECH,5m,2026-09-15T13:40:00+05:30,1264.5999755859375,1265.199951171875,1263.800048828125,1264.0999755859375,20679.0,yahoo
HCLTECH,5m,2026-09-15T13:45:00+05:30,1264.300048828125,1264.699951171875,1263.699951171875,1264.699951171875,15831.0,yahoo
HCLTECH,5m,2026-09-15T13:50:00+05:30,1264.4000244140625,1264.5,1262.5,1263.0999755859375,39307.0,yahoo
HCLTECH,5m,2026-09-15T13:55:00+05:30,1263.0999755859375,1264.0,1263.0,1263.300048828125,18589.0,yahoo
HCLTECH,5m,2026-09-15T14:00:00+05:30,1263.4000244140625,1263.5999755859375,1261.699951171875,1261.699951171875,26039.0,yahoo
HCLTECH,5m,2026-09-15T14:05:00+05:30,1262.0,1263.699951171875,1261.699951171875,1263.0999755859375,19154.0,yahoo
HCLTECH,5m,2026-09-15T14:10:00+05:30,1262.4000244140625,1263.0999755859375,1261.300048828125,1261.4000244140625,15811.0,yahoo
HCLTECH,5m,2026-09-15T14:15:00+05:30,1261.0,1261.800048828125,1260.0999755859375,1261.5,36063.0,yahoo
HCLTECH,5m,2026-09-15T14:20:00+05:30,1261.699951171875,1263.699951171875,1261.5,1262.0,35172.0,yahoo
HCLTECH,5m,2026-09-15T14:25:00+05:30,1262.0,1262.0,1260.5,1260.5999755859375,22520.0,yahoo
HCLTECH,5m,2026-09-15T14:30:00+05:30,1261.0,1261.9000244140625,1260.800048828125,1261.5999755859375,20838.0,yahoo
HCLTECH,5m,2026-09-15T14:35:00+05:30,1261.300048828125,1262.0,1260.5,1261.199951171875,26172.0,yahoo
HCLTECH,5m,2026-09-15T14:40:00+05:30,1261.4000244140625,1261.800048828125,1260.5999755859375,1261.800048828125,12960.0,yahoo
HCLTECH,5m,2026-09-15T14:45:00+05:30,1261.300048828125,1261.800048828125,1259.0,1260.4000244140625,39441.0,yahoo
HCLTECH,5m,2026-09-15T14:50:00+05:30,1260.0999755859375,1261.699951171875,1259.199951171875,1259.300048828125,31961.0,yahoo
HCLTECH,5m,2026-09-15T14:55:00+05:30,1259.4000244140625,1260.0,1259.4000244140625,1259.5,16864.0,yahoo
HCLTECH,5m,2026-09-15T15:00:00+05:30,1259.300048828125,1259.300048828125,1257.0999755859375,1258.4000244140625,48583.0,yahoo
HCLTECH,5m,2026-09-15T15:05:00+05:30,1258.0,1259.300048828125,1257.5,1258.0999755859375,63498.0,yahoo
HCLTECH,5m,2026-09-15T15:10:00+05:30,1258.0999755859375,1260.0,1257.0,1260.0,122428.0,yahoo
HCLTECH,5m,2026-09-15T15:15:00+05:30,1260.0,1260.0,1253.699951171875,1253.699951171875,117581.0,yahoo
HDFCBANK,5m,2026-09-15T09:15:00+05:30,722.5,730.4000244140625,722.5,728.9000244140625,0.0,yahoo
HDFCBANK,5m,2026-09-15T09:20:00+05:30,728.9000244140625,728.9000244140625,724.0,724.0,3123593.0,yahoo
HDFCBANK,5m,2026-09-15T09:25:00+05:30,724.0,724.8499755859375,723.0,723.4000244140625,1192009.0,yahoo
HDFCBANK,5m,2026-09-15T09:30:00+05:30,723.4000244140625,723.7999877929688,720.8499755859375,721.5999755859375,1008536.0,yahoo
HDFCBANK,5m,2026-09-15T09:35:00+05:30,721.4500122070312,722.9000244140625,720.2999877929688,722.9000244140625,708452.0,yahoo
HDFCBANK,5m,2026-09-15T09:40:00+05:30,722.9000244140625,723.6500244140625,722.1500244140625,722.3499755859375,732651.0,yahoo
HDFCBANK,5m,2026-09-15T09:45:00+05:30,722.4000244140625,723.8499755859375,721.75,723.4000244140625,787267.0,yahoo
HDFCBANK,5m,2026-09-15T09:50:00+05:30,723.4000244140625,726.8499755859375,722.7999877929688,725.5499877929688,1952807.0,yahoo
HDFCBANK,5m,2026-09-15T09:55:00+05:30,725.25,727.4000244140625,725.0,727.2000122070312,1279045.0,yahoo
HDFCBANK,5m,2026-09-15T10:00:00+05:30,727.2999877929688,727.5,726.0499877929688,726.9500122070312,1001782.0,yahoo
HDFCBANK,5m,2026-09-15T10:05:00+05:30,727.4500122070312,728.3499755859375,726.0,726.0499877929688,769633.0,yahoo
HDFCBANK,5m,2026-09-15T10:10:00+05:30,726.2999877929688,727.0499877929688,726.0499877929688,726.0499877929688,925529.0,yahoo
HDFCBANK,5m,2026-09-15T10:15:00+05:30,726.0499877929688,726.2000122070312,723.5499877929688,723.7999877929688,616651.0,yahoo
HDFCBANK,5m,2026-09-15T10:20:00+05:30,723.9000244140625,723.9000244140625,721.1500244140625,721.5499877929688,486360.0,yahoo
HDFCBANK,5m,2026-09-15T10:25:00+05:30,721.5499877929688,723.0,720.6500244140625,721.8499755859375,607512.0,yahoo
HDFCBANK,5m,2026-09-15T10:30:00+05:30,721.75,722.5499877929688,721.2999877929688,721.5999755859375,450050.0,yahoo
HDFCBANK,5m,2026-09-15T10:35:00+05:30,721.5999755859375,723.0999755859375,721.4500122070312,722.9000244140625,823245.0,yahoo
HDFCBANK,5m,2026-09-15T10:40:00+05:30,722.9000244140625,723.5499877929688,721.5,721.6500244140625,387863.0,yahoo
HDFCBANK,5m,2026-09-15T10:45:00+05:30,721.6500244140625,721.7000122070312,719.8499755859375,719.8499755859375,532276.0,yahoo
HDFCBANK,5m,2026-09-15T10:50:00+05:30,719.5999755859375,720.3499755859375,719.3499755859375,720.0,291112.0,yahoo
HDFCBANK,5m,2026-09-15T10:55:00+05:30,719.9500122070312,720.0,718.6500244140625,719.75,342316.0,yahoo
HDFCBANK,5m,2026-09-15T11:00:00+05:30,719.7999877929688,723.5499877929688,719.7999877929688,722.5,1184137.0,yahoo
HDFCBANK,5m,2026-09-15T11:05:00+05:30,722.25,722.4500122070312,719.4000244140625,719.5,315253.0,yahoo
HDFCBANK,5m,2026-09-15T11:10:00+05:30,719.6500244140625,720.9000244140625,719.2000122070312,720.8499755859375,248415.0,yahoo
HDFCBANK,5m,2026-09-15T11:15:00+05:30,720.8499755859375,722.3499755859375,720.8499755859375,720.9000244140625,1020642.0,yahoo
HDFCBANK,5m,2026-09-15T11:20:00+05:30,720.7999877929688,721.6500244140625,720.5999755859375,721.6500244140625,197633.0,yahoo
HDFCBANK,5m,2026-09-15T11:25:00+05:30,721.5,721.5,721.0,721.0499877929688,150824.0,yahoo
HDFCBANK,5m,2026-09-15T11:30:00+05:30,721.0,721.2999877929688,720.5999755859375,720.7000122070312,142651.0,yahoo
HDFCBANK,5m,2026-09-15T11:35:00+05:30,720.6500244140625,721.8499755859375,720.6500244140625,721.5,223983.0,yahoo
HDFCBANK,5m,2026-09-15T11:40:00+05:30,721.5499877929688,721.7000122070312,720.5999755859375,721.25,283326.0,yahoo
HDFCBANK,5m,2026-09-15T11:45:00+05:30,721.25,721.4000244140625,720.8499755859375,720.8499755859375,138919.0,yahoo
HDFCBANK,5m,2026-09-15T11:50:00+05:30,720.8499755859375,721.0,719.9000244140625,720.1500244140625,276629.0,yahoo
HDFCBANK,5m,2026-09-15T11:55:00+05:30,720.0,721.2999877929688,719.5499877929688,721.25,385507.0,yahoo
HDFCBANK,5m,2026-09-15T12:00:00+05:30,721.0,721.2000122070312,719.5999755859375,719.5999755859375,259509.0,yahoo
HDFCBANK,5m,2026-09-15T12:05:00+05:30,719.6500244140625,721.1500244140625,719.6500244140625,721.1500244140625,446401.0,yahoo
HDFCBANK,5m,2026-09-15T12:10:00+05:30,721.1500244140625,721.6500244140625,720.5,720.9000244140625,520882.0,yahoo
HDFCBANK,5m,2026-09-15T12:15:00+05:30,720.75,720.9000244140625,718.7999877929688,719.0,408030.0,yahoo
HDFCBANK,5m,2026-09-15T12:20:00+05:30,719.0,720.25,718.8499755859375,719.9500122070312,286010.0,yahoo
HDFCBANK,5m,2026-09-15T12:25:00+05:30,720.0,720.0,719.75,719.9500122070312,221486.0,yahoo
HDFCBANK,5m,2026-09-15T12:30:00+05:30,720.0,720.0,719.0,719.6500244140625,244931.0,yahoo
HDFCBANK,5m,2026-09-15T12:35:00+05:30,719.75,719.7999877929688,719.0999755859375,719.5499877929688,241899.0,yahoo
HDFCBANK,5m,2026-09-15T12:40:00+05:30,719.5,719.7999877929688,718.9500122070312,719.7000122070312,361471.0,yahoo
HDFCBANK,5m,2026-09-15T12:45:00+05:30,719.5999755859375,719.5999755859375,718.5999755859375,718.9500122070312,285118.0,yahoo
HDFCBANK,5m,2026-09-15T12:50:00+05:30,718.8499755859375,719.4000244140625,718.3499755859375,718.8499755859375,303155.0,yahoo
HDFCBANK,5m,2026-09-15T12:55:00+05:30,718.8499755859375,719.0999755859375,718.0999755859375,718.25,317130.0,yahoo
HDFCBANK,5m,2026-09-15T13:00:00+05:30,718.6500244140625,719.1500244140625,718.2000122070312,719.0,271769.0,yahoo
HDFCBANK,5m,2026-09-15T13:05:00+05:30,719.1500244140625,720.0499877929688,719.0,720.0,304828.0,yahoo
HDFCBANK,5m,2026-09-15T13:10:00+05:30,719.7999877929688,720.0999755859375,718.9000244140625,719.0999755859375,247567.0,yahoo
HDFCBANK,5m,2026-09-15T13:15:00+05:30,719.5999755859375,719.9000244140625,718.7000122070312,719.0999755859375,459495.0,yahoo
HDFCBANK,5m,2026-09-15T13:20:00+05:30,718.9500122070312,719.2000122070312,718.25,718.4000244140625,299652.0,yahoo
HDFCBANK,5m,2026-09-15T13:25:00+05:30,718.4500122070312,719.0,718.1500244140625,718.4000244140625,188824.0,yahoo
HDFCBANK,5m,2026-09-15T13:30:00+05:30,718.4000244140625,718.5999755859375,717.9000244140625,718.0499877929688,149395.0,yahoo
HDFCBANK,5m,2026-09-15T13:35:00+05:30,718.0999755859375,718.4000244140625,717.4500122070312,717.7999877929688,224051.0,yahoo
HDFCBANK,5m,2026-09-15T13:40:00+05:30,717.7000122070312,717.9000244140625,716.75,717.9000244140625,257956.0,yahoo
HDFCBANK,5m,2026-09-15T13:45:00+05:30,717.9000244140625,718.0999755859375,717.5499877929688,717.9000244140625,155543.0,yahoo
HDFCBANK,5m,2026-09-15T13:50:00+05:30,717.9000244140625,718.25,717.5,717.7999877929688,343086.0,yahoo
HDFCBANK,5m,2026-09-15T13:55:00+05:30,717.7999877929688,718.0,717.2999877929688,717.8499755859375,174595.0,yahoo
HDFCBANK,5m,2026-09-15T14:00:00+05:30,717.8499755859375,717.9000244140625,717.0,717.2999877929688,305640.0,yahoo
HDFCBANK,5m,2026-09-15T14:05:00+05:30,717.25,717.3499755859375,716.8499755859375,717.0,134571.0,yahoo
HDFCBANK,5m,2026-09-15T14:10:00+05:30,717.0499877929688,717.2000122070312,716.25,716.2999877929688,319227.0,yahoo
HDFCBANK,5m,2026-09-15T14:15:00+05:30,716.4000244140625,716.4000244140625,715.0999755859375,715.2999877929688,349287.0,yahoo
HDFCBANK,5m,2026-09-15T14:20:00+05:30,715.4000244140625,717.4000244140625,715.2999877929688,717.0499877929688,465476.0,yahoo
HDFCBANK,5m,2026-09-15T14:25:00+05:30,717.25,717.7999877929688,716.8499755859375,717.5,314654.0,yahoo
HDFCBANK,5m,2026-09-15T14:30:00+05:30,717.2999877929688,719.1500244140625,717.2999877929688,719.0,806211.0,yahoo
HDFCBANK,5m,2026-09-15T14:35:00+05:30,719.25,719.4500122070312,718.1500244140625,718.75,234671.0,yahoo
HDFCBANK,5m,2026-09-15T14:40:00+05:30,718.5499877929688,719.0499877929688,718.1500244140625,718.7999877929688,235771.0,yahoo
HDFCBANK,5m,2026-09-15T14:45:00+05:30,718.7999877929688,718.7999877929688,716.9000244140625,716.9000244140625,506738.0,yahoo
HDFCBANK,5m,2026-09-15T14:50:00+05:30,716.9000244140625,717.6500244140625,715.6500244140625,715.9500122070312,725234.0,yahoo
HDFCBANK,5m,2026-09-15T14:55:00+05:30,715.9000244140625,716.2999877929688,715.3499755859375,715.5,445966.0,yahoo
HDFCBANK,5m,2026-09-15T15:00:00+05:30,715.5,717.9500122070312,715.5,717.6500244140625,666758.0,yahoo
HDFCBANK,5m,2026-09-15T15:05:00+05:30,717.9000244140625,717.9000244140625,716.3499755859375,716.9500122070312,760066.0,yahoo
HDFCBANK,5m,2026-09-15T15:10:00+05:30,716.9500122070312,718.0499877929688,716.5499877929688,716.5999755859375,975763.0,yahoo
HDFCBANK,5m,2026-09-15T15:15:00+05:30,716.5999755859375,716.5999755859375,716.5499877929688,716.5499877929688,1510220.0,yahoo
HDFCLIFE,5m,2026-09-15T09:15:00+05:30,528.0,530.3499755859375,527.5999755859375,528.25,0.0,yahoo
HDFCLIFE,5m,2026-09-15T09:20:00+05:30,528.0,529.5999755859375,528.0,528.0999755859375,80871.0,yahoo
HDFCLIFE,5m,2026-09-15T09:25:00+05:30,528.0,528.5999755859375,527.5999755859375,528.2000122070312,51992.0,yahoo
HDFCLIFE,5m,2026-09-15T09:30:00+05:30,528.25,529.75,528.0,529.5999755859375,62009.0,yahoo
HDFCLIFE,5m,2026-09-15T09:35:00+05:30,529.4500122070312,529.7000122070312,527.25,528.0499877929688,81917.0,yahoo
HDFCLIFE,5m,2026-09-15T09:40:00+05:30,528.2000122070312,528.2000122070312,527.3499755859375,527.5,18555.0,yahoo
HDFCLIFE,5m,2026-09-15T09:45:00+05:30,527.5,527.75,526.7000122070312,526.9000244140625,21318.0,yahoo
HDFCLIFE,5m,2026-09-15T09:50:00+05:30,526.75,527.2000122070312,526.2000122070312,526.2000122070312,17299.0,yahoo
HDFCLIFE,5m,2026-09-15T09:55:00+05:30,526.1500244140625,526.4000244140625,525.0,526.4000244140625,38325.0,yahoo
HDFCLIFE,5m,2026-09-15T10:00:00+05:30,526.0,526.75,525.6500244140625,526.2999877929688,16266.0,yahoo
HDFCLIFE,5m,2026-09-15T10:05:00+05:30,526.5999755859375,527.25,526.0,526.4000244140625,12552.0,yahoo
HDFCLIFE,5m,2026-09-15T10:10:00+05:30,526.4000244140625,527.2000122070312,526.25,526.5,23081.0,yahoo
HDFCLIFE,5m,2026-09-15T10:15:00+05:30,526.75,527.0999755859375,526.2000122070312,527.0999755859375,7763.0,yahoo
HDFCLIFE,5m,2026-09-15T10:20:00+05:30,526.9500122070312,527.4500122070312,526.6500244140625,527.25,15608.0,yahoo
HDFCLIFE,5m,2026-09-15T10:25:00+05:30,527.0999755859375,527.1500244140625,526.1500244140625,526.5,11130.0,yahoo
HDFCLIFE,5m,2026-09-15T10:30:00+05:30,526.2999877929688,526.5999755859375,525.8499755859375,525.8499755859375,6506.0,yahoo
HDFCLIFE,5m,2026-09-15T10:35:00+05:30,525.9000244140625,526.0,524.7000122070312,524.9000244140625,11933.0,yahoo
HDFCLIFE,5m,2026-09-15T10:40:00+05:30,524.9500122070312,525.2999877929688,523.5499877929688,523.9500122070312,40470.0,yahoo
HDFCLIFE,5m,2026-09-15T10:45:00+05:30,523.7999877929688,523.9500122070312,522.5,522.6500244140625,18981.0,yahoo
HDFCLIFE,5m,2026-09-15T10:50:00+05:30,522.6500244140625,523.5499877929688,522.5,523.5,9646.0,yahoo
HDFCLIFE,5m,2026-09-15T10:55:00+05:30,523.7000122070312,524.9000244140625,523.7000122070312,524.9000244140625,13574.0,yahoo
HDFCLIFE,5m,2026-09-15T11:00:00+05:30,524.9000244140625,525.2999877929688,524.2999877929688,525.25,12258.0,yahoo
HDFCLIFE,5m,2026-09-15T11:05:00+05:30,525.2999877929688,525.2999877929688,524.3499755859375,524.7999877929688,11376.0,yahoo
HDFCLIFE,5m,2026-09-15T11:10:00+05:30,524.9000244140625,525.2999877929688,524.5499877929688,524.7999877929688,15620.0,yahoo
HDFCLIFE,5m,2026-09-15T11:15:00+05:30,524.8499755859375,525.0,523.2999877929688,523.3499755859375,13098.0,yahoo
HDFCLIFE,5m,2026-09-15T11:20:00+05:30,523.3499755859375,523.7999877929688,523.0999755859375,523.4000244140625,17254.0,yahoo
HDFCLIFE,5m,2026-09-15T11:25:00+05:30,523.4000244140625,523.5,521.5,521.7000122070312,35621.0,yahoo
HDFCLIFE,5m,2026-09-15T11:30:00+05:30,521.4000244140625,522.0,521.4000244140625,521.5,69947.0,yahoo
HDFCLIFE,5m,2026-09-15T11:35:00+05:30,521.5,521.9000244140625,521.3499755859375,521.9000244140625,31839.0,yahoo
HDFCLIFE,5m,2026-09-15T11:40:00+05:30,521.8499755859375,521.8499755859375,521.0999755859375,521.4000244140625,11370.0,yahoo
HDFCLIFE,5m,2026-09-15T11:45:00+05:30,521.3499755859375,521.4500122070312,520.75,520.75,14461.0,yahoo
HDFCLIFE,5m,2026-09-15T11:50:00+05:30,520.6500244140625,524.0,520.6500244140625,523.75,267302.0,yahoo
HDFCLIFE,5m,2026-09-15T11:55:00+05:30,523.75,525.2000122070312,523.5999755859375,523.9500122070312,312251.0,yahoo
HDFCLIFE,5m,2026-09-15T12:00:00+05:30,523.8499755859375,524.9000244140625,523.6500244140625,524.1500244140625,33108.0,yahoo
HDFCLIFE,5m,2026-09-15T12:05:00+05:30,524.2999877929688,525.25,524.0999755859375,525.0,55196.0,yahoo
HDFCLIFE,5m,2026-09-15T12:10:00+05:30,525.0,525.2999877929688,524.4000244140625,524.4500122070312,504049.0,yahoo
HDFCLIFE,5m,2026-09-15T12:15:00+05:30,524.2999877929688,525.3499755859375,524.0499877929688,524.75,159836.0,yahoo
HDFCLIFE,5m,2026-09-15T12:20:00+05:30,524.4500122070312,524.75,523.9000244140625,524.1500244140625,34599.0,yahoo
HDFCLIFE,5m,2026-09-15T12:25:00+05:30,524.1500244140625,524.6500244140625,524.0,524.2000122070312,17993.0,yahoo
HDFCLIFE,5m,2026-09-15T12:30:00+05:30,524.3499755859375,524.3499755859375,523.0,523.0,26933.0,yahoo
HDFCLIFE,5m,2026-09-15T12:35:00+05:30,523.0999755859375,523.7000122070312,522.6500244140625,522.8499755859375,21794.0,yahoo
HDFCLIFE,5m,2026-09-15T12:40:00+05:30,522.7999877929688,523.0,522.7000122070312,522.75,12565.0,yahoo
HDFCLIFE,5m,2026-09-15T12:45:00+05:30,522.6500244140625,523.5,522.4500122070312,523.4500122070312,16890.0,yahoo
HDFCLIFE,5m,2026-09-15T12:50:00+05:30,523.4500122070312,523.9500122070312,523.25,523.3499755859375,17663.0,yahoo
HDFCLIFE,5m,2026-09-15T12:55:00+05:30,523.4500122070312,523.7000122070312,522.9500122070312,523.1500244140625,10679.0,yahoo
HDFCLIFE,5m,2026-09-15T13:00:00+05:30,523.0499877929688,523.7000122070312,522.6500244140625,523.1500244140625,18805.0,yahoo
HDFCLIFE,5m,2026-09-15T13:05:00+05:30,523.2000122070312,523.4000244140625,522.4500122070312,522.4500122070312,23179.0,yahoo
HDFCLIFE,5m,2026-09-15T13:10:00+05:30,522.25,522.5,521.75,522.3499755859375,49958.0,yahoo
HDFCLIFE,5m,2026-09-15T13:15:00+05:30,522.3499755859375,522.3499755859375,521.5999755859375,522.0999755859375,23480.0,yahoo
HDFCLIFE,5m,2026-09-15T13:20:00+05:30,522.1500244140625,522.3499755859375,522.0499877929688,522.1500244140625,21262.0,yahoo
HDFCLIFE,5m,2026-09-15T13:25:00+05:30,522.2000122070312,522.5,521.9000244140625,522.1500244140625,14939.0,yahoo
HDFCLIFE,5m,2026-09-15T13:30:00+05:30,522.2999877929688,522.3499755859375,521.6500244140625,521.75,12362.0,yahoo
HDFCLIFE,5m,2026-09-15T13:35:00+05:30,521.75,522.0499877929688,521.6500244140625,521.8499755859375,11599.0,yahoo
HDFCLIFE,5m,2026-09-15T13:40:00+05:30,521.7999877929688,522.0,520.7000122070312,520.9000244140625,23533.0,yahoo
HDFCLIFE,5m,2026-09-15T13:45:00+05:30,520.9500122070312,521.4000244140625,520.9000244140625,521.0,14780.0,yahoo
HDFCLIFE,5m,2026-09-15T13:50:00+05:30,521.0,521.4500122070312,520.9500122070312,520.9500122070312,10681.0,yahoo
HDFCLIFE,5m,2026-09-15T13:55:00+05:30,521.0499877929688,524.0999755859375,520.7000122070312,524.0999755859375,91449.0,yahoo
HDFCLIFE,5m,2026-09-15T14:00:00+05:30,524.0499877929688,524.9500122070312,524.0499877929688,524.5499877929688,75109.0,yahoo
HDFCLIFE,5m,2026-09-15T14:05:00+05:30,524.75,524.7999877929688,524.0,524.0,108168.0,yahoo
HDFCLIFE,5m,2026-09-15T14:10:00+05:30,523.9000244140625,524.3499755859375,522.2000122070312,522.4000244140625,101267.0,yahoo
HDFCLIFE,5m,2026-09-15T14:15:00+05:30,522.2999877929688,522.4000244140625,520.9000244140625,521.0,103272.0,yahoo
HDFCLIFE,5m,2026-09-15T14:20:00+05:30,521.0,522.7000122070312,520.9500122070312,522.2000122070312,83015.0,yahoo
HDFCLIFE,5m,2026-09-15T14:25:00+05:30,522.4500122070312,522.7000122070312,520.9500122070312,521.7999877929688,92188.0,yahoo
HDFCLIFE,5m,2026-09-15T14:30:00+05:30,521.9000244140625,522.2999877929688,521.2000122070312,521.2000122070312,68510.0,yahoo
HDFCLIFE,5m,2026-09-15T14:35:00+05:30,521.2999877929688,522.3499755859375,521.2999877929688,522.2000122070312,80550.0,yahoo
HDFCLIFE,5m,2026-09-15T14:40:00+05:30,522.25,522.2999877929688,521.75,521.8499755859375,67323.0,yahoo
HDFCLIFE,5m,2026-09-15T14:45:00+05:30,521.9000244140625,521.9000244140625,519.8499755859375,520.25,96444.0,yahoo
HDFCLIFE,5m,2026-09-15T14:50:00+05:30,520.3499755859375,521.1500244140625,520.25,520.25,73862.0,yahoo
HDFCLIFE,5m,2026-09-15T14:55:00+05:30,520.25,520.7000122070312,520.25,520.4000244140625,83839.0,yahoo
HDFCLIFE,5m,2026-09-15T15:00:00+05:30,520.5,521.4500122070312,519.6500244140625,521.4500122070312,156668.0,yahoo
HDFCLIFE,5m,2026-09-15T15:05:00+05:30,521.0,521.7999877929688,520.75,520.8499755859375,375723.0,yahoo
HDFCLIFE,5m,2026-09-15T15:10:00+05:30,520.9500122070312,521.9500122070312,516.0999755859375,516.0999755859375,526828.0,yahoo
HEROMOTOCO,5m,2026-09-15T09:15:00+05:30,5272.5,5318.0,5259.0,5302.5,0.0,yahoo
HEROMOTOCO,5m,2026-09-15T09:20:00+05:30,5302.5,5315.0,5298.5,5303.5,19227.0,yahoo
HEROMOTOCO,5m,2026-09-15T09:25:00+05:30,5301.0,5322.5,5300.0,5310.0,15019.0,yahoo
HEROMOTOCO,5m,2026-09-15T09:30:00+05:30,5310.0,5326.5,5310.0,5316.5,10053.0,yahoo
HEROMOTOCO,5m,2026-09-15T09:35:00+05:30,5315.0,5326.0,5301.5,5305.0,10313.0,yahoo
HEROMOTOCO,5m,2026-09-15T09:40:00+05:30,5305.0,5312.0,5303.5,5303.5,2606.0,yahoo
HEROMOTOCO,5m,2026-09-15T09:45:00+05:30,5302.5,5307.0,5290.0,5293.5,6244.0,yahoo
HEROMOTOCO,5m,2026-09-15T09:50:00+05:30,5290.0,5303.0,5280.0,5288.5,11521.0,yahoo
HEROMOTOCO,5m,2026-09-15T09:55:00+05:30,5288.5,5294.0,5284.0,5292.0,11822.0,yahoo
HEROMOTOCO,5m,2026-09-15T10:00:00+05:30,5288.0,5293.5,5285.0,5293.5,3844.0,yahoo
HEROMOTOCO,5m,2026-09-15T10:05:00+05:30,5295.0,5296.5,5264.0,5267.0,14659.0,yahoo
HEROMOTOCO,5m,2026-09-15T10:10:00+05:30,5266.0,5271.5,5256.5,5264.5,16925.0,yahoo
HEROMOTOCO,5m,2026-09-15T10:15:00+05:30,5266.0,5266.0,5256.0,5259.5,9301.0,yahoo
HEROMOTOCO,5m,2026-09-15T10:20:00+05:30,5259.0,5264.0,5257.0,5257.5,6946.0,yahoo
HEROMOTOCO,5m,2026-09-15T10:25:00+05:30,5257.5,5258.0,5249.5,5253.5,6375.0,yahoo
HEROMOTOCO,5m,2026-09-15T10:30:00+05:30,5253.5,5254.5,5243.5,5245.0,2855.0,yahoo
HEROMOTOCO,5m,2026-09-15T10:35:00+05:30,5248.0,5279.5,5245.0,5279.5,14227.0,yahoo
HEROMOTOCO,5m,2026-09-15T10:40:00+05:30,5281.5,5285.0,5271.0,5272.0,3984.0,yahoo
HEROMOTOCO,5m,2026-09-15T10:45:00+05:30,5271.0,5277.0,5270.0,5275.0,3070.0,yahoo
HEROMOTOCO,5m,2026-09-15T10:50:00+05:30,5278.0,5283.0,5272.5,5274.5,2694.0,yahoo
HEROMOTOCO,5m,2026-09-15T10:55:00+05:30,5274.5,5275.0,5260.0,5260.0,7394.0,yahoo
HEROMOTOCO,5m,2026-09-15T11:00:00+05:30,5260.0,5266.0,5257.5,5264.0,6709.0,yahoo
HEROMOTOCO,5m,2026-09-15T11:05:00+05:30,5265.5,5267.5,5257.0,5262.0,3158.0,yahoo
HEROMOTOCO,5m,2026-09-15T11:10:00+05:30,5261.5,5279.5,5260.5,5276.5,11096.0,yahoo
HEROMOTOCO,5m,2026-09-15T11:15:00+05:30,5276.5,5279.5,5264.0,5265.0,2883.0,yahoo
HEROMOTOCO,5m,2026-09-15T11:20:00+05:30,5263.0,5272.0,5258.5,5271.5,2673.0,yahoo
HEROMOTOCO,5m,2026-09-15T11:25:00+05:30,5271.5,5284.5,5270.5,5280.5,15210.0,yahoo
HEROMOTOCO,5m,2026-09-15T11:30:00+05:30,5281.0,5291.5,5280.5,5290.0,4867.0,yahoo
HEROMOTOCO,5m,2026-09-15T11:35:00+05:30,5287.0,5295.5,5287.0,5295.0,6187.0,yahoo
HEROMOTOCO,5m,2026-09-15T11:40:00+05:30,5295.5,5295.5,5292.5,5295.0,2836.0,yahoo
HEROMOTOCO,5m,2026-09-15T11:45:00+05:30,5294.0,5298.0,5290.5,5292.5,4454.0,yahoo
HEROMOTOCO,5m,2026-09-15T11:50:00+05:30,5292.0,5295.0,5290.5,5292.5,2329.0,yahoo
HEROMOTOCO,5m,2026-09-15T11:55:00+05:30,5291.5,5293.0,5289.5,5291.5,1984.0,yahoo
HEROMOTOCO,5m,2026-09-15T12:00:00+05:30,5294.0,5296.5,5291.5,5293.5,2837.0,yahoo
HEROMOTOCO,5m,2026-09-15T12:05:00+05:30,5293.5,5296.5,5291.5,5295.0,2883.0,yahoo
HEROMOTOCO,5m,2026-09-15T12:10:00+05:30,5295.0,5295.0,5287.5,5290.5,4015.0,yahoo
HEROMOTOCO,5m,2026-09-15T12:15:00+05:30,5290.0,5293.0,5275.0,5281.5,10712.0,yahoo
HEROMOTOCO,5m,2026-09-15T12:20:00+05:30,5280.5,5284.0,5276.0,5280.0,4571.0,yahoo
HEROMOTOCO,5m,2026-09-15T12:25:00+05:30,5280.0,5281.0,5276.0,5279.0,5132.0,yahoo
HEROMOTOCO,5m,2026-09-15T12:30:00+05:30,5277.5,5287.0,5275.0,5287.0,5303.0,yahoo
HEROMOTOCO,5m,2026-09-15T12:35:00+05:30,5285.5,5294.5,5285.0,5285.5,3000.0,yahoo
HEROMOTOCO,5m,2026-09-15T12:40:00+05:30,5287.0,5289.0,5281.5,5281.5,1921.0,yahoo
HEROMOTOCO,5m,2026-09-15T12:45:00+05:30,5280.0,5284.0,5280.0,5282.0,3032.0,yahoo
HEROMOTOCO,5m,2026-09-15T12:50:00+05:30,5282.0,5283.5,5280.0,5280.0,3082.0,yahoo
HEROMOTOCO,5m,2026-09-15T12:55:00+05:30,5280.0,5284.5,5280.0,5283.5,9520.0,yahoo
HEROMOTOCO,5m,2026-09-15T13:00:00+05:30,5283.0,5284.5,5281.5,5281.5,1697.0,yahoo
HEROMOTOCO,5m,2026-09-15T13:05:00+05:30,5282.0,5284.0,5280.0,5280.5,1979.0,yahoo
HEROMOTOCO,5m,2026-09-15T13:10:00+05:30,5280.5,5284.0,5270.0,5272.0,37642.0,yahoo
HEROMOTOCO,5m,2026-09-15T13:15:00+05:30,5270.5,5273.0,5261.0,5270.0,13507.0,yahoo
HEROMOTOCO,5m,2026-09-15T13:20:00+05:30,5269.5,5270.0,5265.0,5265.0,4968.0,yahoo
HEROMOTOCO,5m,2026-09-15T13:25:00+05:30,5265.5,5270.0,5259.0,5259.0,6349.0,yahoo
HEROMOTOCO,5m,2026-09-15T13:30:00+05:30,5258.0,5261.0,5252.5,5260.0,2915.0,yahoo
HEROMOTOCO,5m,2026-09-15T13:35:00+05:30,5260.5,5263.5,5258.0,5258.5,2177.0,yahoo
HEROMOTOCO,5m,2026-09-15T13:40:00+05:30,5258.0,5262.5,5255.0,5260.0,6697.0,yahoo
HEROMOTOCO,5m,2026-09-15T13:45:00+05:30,5259.5,5263.0,5258.5,5262.0,1402.0,yahoo
HEROMOTOCO,5m,2026-09-15T13:50:00+05:30,5260.5,5265.0,5260.0,5262.5,2677.0,yahoo
HEROMOTOCO,5m,2026-09-15T13:55:00+05:30,5262.5,5268.0,5262.5,5267.5,1972.0,yahoo
HEROMOTOCO,5m,2026-09-15T14:00:00+05:30,5267.5,5271.5,5265.0,5265.0,1778.0,yahoo
HEROMOTOCO,5m,2026-09-15T14:05:00+05:30,5265.0,5265.5,5265.0,5265.0,2367.0,yahoo
HEROMOTOCO,5m,2026-09-15T14:10:00+05:30,5265.0,5265.5,5251.0,5251.0,10251.0,yahoo
HEROMOTOCO,5m,2026-09-15T14:15:00+05:30,5253.0,5253.0,5234.5,5236.5,7374.0,yahoo
HEROMOTOCO,5m,2026-09-15T14:20:00+05:30,5236.0,5245.0,5234.5,5235.5,11205.0,yahoo
HEROMOTOCO,5m,2026-09-15T14:25:00+05:30,5234.0,5237.5,5228.0,5235.0,16355.0,yahoo
HEROMOTOCO,5m,2026-09-15T14:30:00+05:30,5235.0,5237.0,5230.0,5235.5,7083.0,yahoo
HEROMOTOCO,5m,2026-09-15T14:35:00+05:30,5235.0,5238.0,5235.0,5235.0,5800.0,yahoo
HEROMOTOCO,5m,2026-09-15T14:40:00+05:30,5235.0,5236.5,5223.5,5230.0,13665.0,yahoo
HEROMOTOCO,5m,2026-09-15T14:45:00+05:30,5231.0,5233.0,5215.5,5215.5,10993.0,yahoo
HEROMOTOCO,5m,2026-09-15T14:50:00+05:30,5215.0,5222.0,5213.0,5221.0,54246.0,yahoo
HEROMOTOCO,5m,2026-09-15T14:55:00+05:30,5219.5,5228.0,5219.0,5221.0,18496.0,yahoo
HEROMOTOCO,5m,2026-09-15T15:00:00+05:30,5220.5,5226.5,5217.0,5224.5,18366.0,yahoo
HEROMOTOCO,5m,2026-09-15T15:05:00+05:30,5224.0,5224.5,5210.5,5216.0,20858.0,yahoo
HEROMOTOCO,5m,2026-09-15T15:10:00+05:30,5216.0,5222.0,5198.5,5222.0,18528.0,yahoo
HEROMOTOCO,5m,2026-09-15T15:15:00+05:30,5222.0,5222.0,5166.0,5166.0,14560.0,yahoo
HINDALCO,5m,2026-09-15T09:15:00+05:30,980.0999755859375,980.0999755859375,966.7999877929688,973.2999877929688,0.0,yahoo
HINDALCO,5m,2026-09-15T09:20:00+05:30,973.7000122070312,975.5,972.7000122070312,974.5,63203.0,yahoo
HINDALCO,5m,2026-09-15T09:25:00+05:30,975.0,975.4000244140625,972.2000122070312,973.7999877929688,76704.0,yahoo
HINDALCO,5m,2026-09-15T09:30:00+05:30,973.5999755859375,974.7999877929688,972.5999755859375,974.7999877929688,32271.0,yahoo
HINDALCO,5m,2026-09-15T09:35:00+05:30,974.7000122070312,974.9000244140625,973.0,974.2999877929688,36123.0,yahoo
HINDALCO,5m,2026-09-15T09:40:00+05:30,974.2999877929688,974.2999877929688,973.2000122070312,973.2000122070312,20188.0,yahoo
HINDALCO,5m,2026-09-15T09:45:00+05:30,972.5999755859375,973.4000244140625,972.4000244140625,972.7000122070312,33793.0,yahoo
HINDALCO,5m,2026-09-15T09:50:00+05:30,972.7000122070312,973.5999755859375,972.4000244140625,973.0,17848.0,yahoo
HINDALCO,5m,2026-09-15T09:55:00+05:30,972.9000244140625,974.5999755859375,972.4000244140625,974.2000122070312,18579.0,yahoo
HINDALCO,5m,2026-09-15T10:00:00+05:30,973.5999755859375,973.7999877929688,973.0,973.5999755859375,28377.0,yahoo
HINDALCO,5m,2026-09-15T10:05:00+05:30,973.9000244140625,973.9000244140625,972.4000244140625,972.5,17389.0,yahoo
HINDALCO,5m,2026-09-15T10:10:00+05:30,972.7999877929688,975.7000122070312,972.7999877929688,975.0,22267.0,yahoo
HINDALCO,5m,2026-09-15T10:15:00+05:30,974.4000244140625,975.0,974.0,974.7000122070312,21710.0,yahoo
HINDALCO,5m,2026-09-15T10:20:00+05:30,974.7000122070312,975.5,974.0,974.4000244140625,11438.0,yahoo
HINDALCO,5m,2026-09-15T10:25:00+05:30,974.7000122070312,974.7000122070312,972.7999877929688,972.7999877929688,19074.0,yahoo
HINDALCO,5m,2026-09-15T10:30:00+05:30,973.2999877929688,973.2999877929688,971.4000244140625,972.0,25774.0,yahoo
HINDALCO,5m,2026-09-15T10:35:00+05:30,972.0,973.0999755859375,972.0,972.7999877929688,40092.0,yahoo
HINDALCO,5m,2026-09-15T10:40:00+05:30,972.5,972.7999877929688,971.5,971.5999755859375,17585.0,yahoo
HINDALCO,5m,2026-09-15T10:45:00+05:30,971.7999877929688,972.0999755859375,971.4000244140625,971.9000244140625,19799.0,yahoo
HINDALCO,5m,2026-09-15T10:50:00+05:30,971.7000122070312,973.0,971.7000122070312,972.5999755859375,13222.0,yahoo
HINDALCO,5m,2026-09-15T10:55:00+05:30,972.5999755859375,972.7999877929688,972.0,972.7999877929688,6935.0,yahoo
HINDALCO,5m,2026-09-15T11:00:00+05:30,972.9000244140625,973.0,972.4000244140625,972.5999755859375,9024.0,yahoo
HINDALCO,5m,2026-09-15T11:05:00+05:30,972.9000244140625,972.9000244140625,971.5,971.5,12556.0,yahoo
HINDALCO,5m,2026-09-15T11:10:00+05:30,971.7000122070312,972.4000244140625,971.5,972.2999877929688,9850.0,yahoo
HINDALCO,5m,2026-09-15T11:15:00+05:30,972.4000244140625,973.0,967.5,967.9000244140625,57956.0,yahoo
HINDALCO,5m,2026-09-15T11:20:00+05:30,968.0,969.7000122070312,967.5999755859375,969.2999877929688,18843.0,yahoo
HINDALCO,5m,2026-09-15T11:25:00+05:30,969.7000122070312,969.7000122070312,968.5999755859375,968.5999755859375,16673.0,yahoo
HINDALCO,5m,2026-09-15T11:30:00+05:30,969.0,969.2000122070312,968.2999877929688,969.2000122070312,22404.0,yahoo
HINDALCO,5m,2026-09-15T11:35:00+05:30,969.2000122070312,969.2000122070312,968.0999755859375,968.7000122070312,14609.0,yahoo
HINDALCO,5m,2026-09-15T11:40:00+05:30,968.5999755859375,968.7999877929688,968.2999877929688,968.5999755859375,11751.0,yahoo
HINDALCO,5m,2026-09-15T11:45:00+05:30,969.0,969.0,967.7999877929688,967.7999877929688,11664.0,yahoo
HINDALCO,5m,2026-09-15T11:50:00+05:30,967.7999877929688,968.9000244140625,967.4000244140625,968.5,18754.0,yahoo
HINDALCO,5m,2026-09-15T11:55:00+05:30,968.0,968.7000122070312,968.0,968.2999877929688,12575.0,yahoo
HINDALCO,5m,2026-09-15T12:00:00+05:30,968.4000244140625,968.7000122070312,967.2999877929688,967.4000244140625,14308.0,yahoo
HINDALCO,5m,2026-09-15T12:05:00+05:30,967.5,968.0,967.0999755859375,967.0999755859375,17638.0,yahoo
HINDALCO,5m,2026-09-15T12:10:00+05:30,967.0999755859375,968.0,967.0,967.4000244140625,11615.0,yahoo
HINDALCO,5m,2026-09-15T12:15:00+05:30,967.2999877929688,968.7999877929688,967.2000122070312,968.7000122070312,13994.0,yahoo
HINDALCO,5m,2026-09-15T12:20:00+05:30,968.5999755859375,969.0,968.2999877929688,968.5,10387.0,yahoo
HINDALCO,5m,2026-09-15T12:25:00+05:30,968.5999755859375,969.2999877929688,967.9000244140625,969.0,16105.0,yahoo
HINDALCO,5m,2026-09-15T12:30:00+05:30,969.2000122070312,969.9000244140625,967.5,968.4000244140625,25983.0,yahoo
HINDALCO,5m,2026-09-15T12:35:00+05:30,968.7000122070312,969.2999877929688,968.4000244140625,968.9000244140625,7451.0,yahoo
HINDALCO,5m,2026-09-15T12:40:00+05:30,969.0,969.5999755859375,968.2000122070312,968.2999877929688,12713.0,yahoo
HINDALCO,5m,2026-09-15T12:45:00+05:30,968.0,970.7999877929688,968.0,970.4000244140625,18600.0,yahoo
HINDALCO,5m,2026-09-15T12:50:00+05:30,970.4000244140625,972.4000244140625,970.4000244140625,971.7999877929688,15883.0,yahoo
HINDALCO,5m,2026-09-15T12:55:00+05:30,972.0,972.2999877929688,971.2000122070312,971.5999755859375,9783.0,yahoo
HINDALCO,5m,2026-09-15T13:00:00+05:30,972.0,972.2000122070312,970.7000122070312,971.5,9637.0,yahoo
HINDALCO,5m,2026-09-15T13:05:00+05:30,971.2000122070312,971.7000122070312,970.7000122070312,971.0999755859375,11068.0,yahoo
HINDALCO,5m,2026-09-15T13:10:00+05:30,971.0999755859375,971.0999755859375,969.2999877929688,970.5999755859375,18055.0,yahoo
HINDALCO,5m,2026-09-15T13:15:00+05:30,970.5,970.7000122070312,970.0,970.2999877929688,28982.0,yahoo
HINDALCO,5m,2026-09-15T13:20:00+05:30,970.2000122070312,970.2999877929688,969.5,969.5999755859375,8264.0,yahoo
HINDALCO,5m,2026-09-15T13:25:00+05:30,969.5999755859375,970.0,968.5,968.7999877929688,23548.0,yahoo
HINDALCO,5m,2026-09-15T13:30:00+05:30,968.7000122070312,969.0,967.5,967.7000122070312,19419.0,yahoo
HINDALCO,5m,2026-09-15T13:35:00+05:30,968.0,968.0999755859375,966.0999755859375,966.2999877929688,24718.0,yahoo
HINDALCO,5m,2026-09-15T13:40:00+05:30,966.4000244140625,966.9000244140625,965.5,966.5999755859375,28507.0,yahoo
HINDALCO,5m,2026-09-15T13:45:00+05:30,966.2000122070312,967.2999877929688,966.0,967.2000122070312,12807.0,yahoo
HINDALCO,5m,2026-09-15T13:50:00+05:30,967.2999877929688,968.4000244140625,967.2999877929688,967.5,17581.0,yahoo
HINDALCO,5m,2026-09-15T13:55:00+05:30,967.5,967.5,966.7000122070312,967.2999877929688,13573.0,yahoo
HINDALCO,5m,2026-09-15T14:00:00+05:30,967.0,967.5,966.5,966.7000122070312,19955.0,yahoo
HINDALCO,5m,2026-09-15T14:05:00+05:30,966.7000122070312,967.2999877929688,966.0999755859375,966.5999755859375,28004.0,yahoo
HINDALCO,5m,2026-09-15T14:10:00+05:30,966.9000244140625,967.0999755859375,965.7999877929688,966.2999877929688,23954.0,yahoo
HINDALCO,5m,2026-09-15T14:15:00+05:30,966.5,966.5,964.4000244140625,964.7000122070312,53908.0,yahoo
HINDALCO,5m,2026-09-15T14:20:00+05:30,965.0,966.0999755859375,964.2000122070312,964.5999755859375,26684.0,yahoo
HINDALCO,5m,2026-09-15T14:25:00+05:30,964.5999755859375,965.2000122070312,961.9000244140625,962.2000122070312,37310.0,yahoo
HINDALCO,5m,2026-09-15T14:30:00+05:30,962.5,963.0999755859375,961.5999755859375,962.5999755859375,20270.0,yahoo
HINDALCO,5m,2026-09-15T14:35:00+05:30,962.5,964.5999755859375,962.2999877929688,963.7999877929688,17002.0,yahoo
HINDALCO,5m,2026-09-15T14:40:00+05:30,964.0999755859375,964.7999877929688,963.5,963.7000122070312,14687.0,yahoo
HINDALCO,5m,2026-09-15T14:45:00+05:30,963.9000244140625,963.9000244140625,961.5,961.9000244140625,35989.0,yahoo
HINDALCO,5m,2026-09-15T14:50:00+05:30,962.0,963.9000244140625,961.7999877929688,961.9000244140625,42066.0,yahoo
HINDALCO,5m,2026-09-15T14:55:00+05:30,962.2000122070312,963.0,961.9000244140625,962.5,23530.0,yahoo
HINDALCO,5m,2026-09-15T15:00:00+05:30,962.4000244140625,962.5999755859375,960.5,961.0,25904.0,yahoo
HINDALCO,5m,2026-09-15T15:05:00+05:30,961.0999755859375,962.7000122070312,960.7000122070312,962.4000244140625,57367.0,yahoo
HINDALCO,5m,2026-09-15T15:10:00+05:30,963.2999877929688,964.7999877929688,961.7999877929688,961.7999877929688,105664.0,yahoo
HINDALCO,5m,2026-09-15T15:15:00+05:30,963.5,963.5,958.7000122070312,958.7000122070312,206200.0,yahoo
HINDPETRO,5m,2026-09-15T09:15:00+05:30,352.0,352.04998779296875,349.3500061035156,352.04998779296875,0.0,yahoo
HINDPETRO,5m,2026-09-15T09:20:00+05:30,352.20001220703125,353.70001220703125,352.04998779296875,352.25,56961.0,yahoo
HINDPETRO,5m,2026-09-15T09:25:00+05:30,352.1499938964844,352.6000061035156,351.6499938964844,352.54998779296875,30790.0,yahoo
HINDPETRO,5m,2026-09-15T09:30:00+05:30,352.5,353.6499938964844,352.5,353.54998779296875,72720.0,yahoo
HINDPETRO,5m,2026-09-15T09:35:00+05:30,353.45001220703125,353.6000061035156,352.70001220703125,352.8999938964844,24952.0,yahoo
HINDPETRO,5m,2026-09-15T09:40:00+05:30,352.8999938964844,353.1000061035156,352.75,353.04998779296875,16190.0,yahoo
HINDPETRO,5m,2026-09-15T09:45:00+05:30,352.8999938964844,353.20001220703125,352.79998779296875,352.8999938964844,14709.0,yahoo
HINDPETRO,5m,2026-09-15T09:50:00+05:30,352.79998779296875,353.0,352.6000061035156,352.6000061035156,24726.0,yahoo
HINDPETRO,5m,2026-09-15T09:55:00+05:30,352.5,354.20001220703125,351.75,353.95001220703125,164618.0,yahoo
HINDPETRO,5m,2026-09-15T10:00:00+05:30,353.8999938964844,353.95001220703125,353.04998779296875,353.3999938964844,25700.0,yahoo
HINDPETRO,5m,2026-09-15T10:05:00+05:30,353.3999938964844,354.3999938964844,353.25,354.20001220703125,46874.0,yahoo
HINDPETRO,5m,2026-09-15T10:10:00+05:30,354.20001220703125,355.20001220703125,354.20001220703125,354.79998779296875,52323.0,yahoo
HINDPETRO,5m,2026-09-15T10:15:00+05:30,354.79998779296875,355.0,354.0,354.0,30068.0,yahoo
HINDPETRO,5m,2026-09-15T10:20:00+05:30,354.29998779296875,354.29998779296875,353.5,353.5,38430.0,yahoo
HINDPETRO,5m,2026-09-15T10:25:00+05:30,353.45001220703125,353.54998779296875,352.25,352.25,37322.0,yahoo
HINDPETRO,5m,2026-09-15T10:30:00+05:30,352.20001220703125,352.25,351.79998779296875,351.8999938964844,47156.0,yahoo
HINDPETRO,5m,2026-09-15T10:35:00+05:30,352.04998779296875,352.45001220703125,351.79998779296875,352.1499938964844,21195.0,yahoo
HINDPETRO,5m,2026-09-15T10:40:00+05:30,352.04998779296875,352.29998779296875,351.70001220703125,352.0,18352.0,yahoo
HINDPETRO,5m,2026-09-15T10:45:00+05:30,351.70001220703125,351.70001220703125,351.29998779296875,351.6000061035156,25150.0,yahoo
HINDPETRO,5m,2026-09-15T10:50:00+05:30,351.6000061035156,351.70001220703125,351.04998779296875,351.54998779296875,21486.0,yahoo
HINDPETRO,5m,2026-09-15T10:55:00+05:30,351.3999938964844,351.70001220703125,351.1000061035156,351.3999938964844,15034.0,yahoo
HINDPETRO,5m,2026-09-15T11:00:00+05:30,351.6000061035156,351.79998779296875,351.5,351.5,12759.0,yahoo
HINDPETRO,5m,2026-09-15T11:05:00+05:30,351.5,351.70001220703125,350.95001220703125,351.25,20982.0,yahoo
HINDPETRO,5m,2026-09-15T11:10:00+05:30,351.04998779296875,351.45001220703125,351.0,351.45001220703125,10820.0,yahoo
HINDPETRO,5m,2026-09-15T11:15:00+05:30,351.45001220703125,351.45001220703125,350.5,350.5,20951.0,yahoo
HINDPETRO,5m,2026-09-15T11:20:00+05:30,350.5,350.8999938964844,350.20001220703125,350.8999938964844,12351.0,yahoo
HINDPETRO,5m,2026-09-15T11:25:00+05:30,350.75,350.95001220703125,350.20001220703125,350.3999938964844,16649.0,yahoo
HINDPETRO,5m,2026-09-15T11:30:00+05:30,350.3999938964844,350.8500061035156,350.25,350.6000061035156,20920.0,yahoo
HINDPETRO,5m,2026-09-15T11:35:00+05:30,350.6000061035156,351.1000061035156,350.54998779296875,350.8999938964844,21766.0,yahoo
HINDPETRO,5m,2026-09-15T11:40:00+05:30,351.0,351.0,350.04998779296875,350.25,19188.0,yahoo
HINDPETRO,5m,2026-09-15T11:45:00+05:30,350.25,350.25,349.6499938964844,349.6499938964844,49044.0,yahoo
HINDPETRO,5m,2026-09-15T11:50:00+05:30,349.6499938964844,349.75,349.5,349.5,18685.0,yahoo
HINDPETRO,5m,2026-09-15T11:55:00+05:30,349.6000061035156,349.6499938964844,349.3500061035156,349.6000061035156,16923.0,yahoo
HINDPETRO,5m,2026-09-15T12:00:00+05:30,349.75,349.8500061035156,349.54998779296875,349.75,14812.0,yahoo
HINDPETRO,5m,2026-09-15T12:05:00+05:30,349.75,350.45001220703125,349.5,349.5,68504.0,yahoo
HINDPETRO,5m,2026-09-15T12:10:00+05:30,349.45001220703125,349.5,349.1000061035156,349.25,94373.0,yahoo
HINDPETRO,5m,2026-09-15T12:15:00+05:30,349.25,349.3999938964844,348.95001220703125,349.04998779296875,43781.0,yahoo
HINDPETRO,5m,2026-09-15T12:20:00+05:30,349.0,349.29998779296875,348.8500061035156,349.29998779296875,15952.0,yahoo
HINDPETRO,5m,2026-09-15T12:25:00+05:30,349.25,349.29998779296875,348.8500061035156,349.0,11388.0,yahoo
HINDPETRO,5m,2026-09-15T12:30:00+05:30,349.0,349.20001220703125,348.79998779296875,349.20001220703125,16778.0,yahoo
HINDPETRO,5m,2026-09-15T12:35:00+05:30,349.20001220703125,349.29998779296875,349.1000061035156,349.25,11244.0,yahoo
HINDPETRO,5m,2026-09-15T12:40:00+05:30,349.1000061035156,349.25,348.8500061035156,348.95001220703125,8500.0,yahoo
HINDPETRO,5m,2026-09-15T12:45:00+05:30,348.8999938964844,349.1000061035156,348.5,348.8999938964844,21612.0,yahoo
HINDPETRO,5m,2026-09-15T12:50:00+05:30,348.8999938964844,348.95001220703125,348.8500061035156,348.8500061035156,24160.0,yahoo
HINDPETRO,5m,2026-09-15T12:55:00+05:30,348.8999938964844,348.8999938964844,348.3999938964844,348.3999938964844,8517.0,yahoo
HINDPETRO,5m,2026-09-15T13:00:00+05:30,348.45001220703125,348.95001220703125,348.3999938964844,348.75,81387.0,yahoo
HINDPETRO,5m,2026-09-15T13:05:00+05:30,348.75,349.45001220703125,348.75,349.3999938964844,33310.0,yahoo
HINDPETRO,5m,2026-09-15T13:10:00+05:30,349.45001220703125,349.5,348.95001220703125,349.1000061035156,9931.0,yahoo
HINDPETRO,5m,2026-09-15T13:15:00+05:30,349.1000061035156,349.45001220703125,349.0,349.45001220703125,11468.0,yahoo
HINDPETRO,5m,2026-09-15T13:20:00+05:30,349.25,349.3999938964844,348.8999938964844,349.1000061035156,13415.0,yahoo
HINDPETRO,5m,2026-09-15T13:25:00+05:30,349.04998779296875,349.1000061035156,348.6000061035156,348.70001220703125,11458.0,yahoo
HINDPETRO,5m,2026-09-15T13:30:00+05:30,348.70001220703125,348.95001220703125,348.3999938964844,348.95001220703125,14528.0,yahoo
HINDPETRO,5m,2026-09-15T13:35:00+05:30,349.04998779296875,349.25,349.0,349.20001220703125,9450.0,yahoo
HINDPETRO,5m,2026-09-15T13:40:00+05:30,349.20001220703125,349.20001220703125,348.1000061035156,348.1000061035156,25147.0,yahoo
HINDPETRO,5m,2026-09-15T13:45:00+05:30,348.20001220703125,348.79998779296875,348.20001220703125,348.70001220703125,7400.0,yahoo
HINDPETRO,5m,2026-09-15T13:50:00+05:30,348.75,348.79998779296875,348.3999938964844,348.3999938964844,7904.0,yahoo
HINDPETRO,5m,2026-09-15T13:55:00+05:30,348.3999938964844,348.45001220703125,348.1499938964844,348.20001220703125,7256.0,yahoo
HINDPETRO,5m,2026-09-15T14:00:00+05:30,348.20001220703125,348.20001220703125,347.6499938964844,347.75,23873.0,yahoo
HINDPETRO,5m,2026-09-15T14:05:00+05:30,347.75,347.8500061035156,347.3999938964844,347.54998779296875,30277.0,yahoo
HINDPETRO,5m,2026-09-15T14:10:00+05:30,347.3999938964844,347.54998779296875,347.25,347.3999938964844,15381.0,yahoo
HINDPETRO,5m,2026-09-15T14:15:00+05:30,347.25,347.3999938964844,346.5,346.75,37522.0,yahoo
HINDPETRO,5m,2026-09-15T14:20:00+05:30,346.6000061035156,347.25,346.04998779296875,346.25,55036.0,yahoo
HINDPETRO,5m,2026-09-15T14:25:00+05:30,346.25,346.3500061035156,345.70001220703125,346.0,65121.0,yahoo
HINDPETRO,5m,2026-09-15T14:30:00+05:30,345.8999938964844,346.6000061035156,345.75,346.25,30801.0,yahoo
HINDPETRO,5m,2026-09-15T14:35:00+05:30,346.25,346.45001220703125,346.0,346.25,47313.0,yahoo
HINDPETRO,5m,2026-09-15T14:40:00+05:30,346.1499938964844,346.25,345.8500061035156,345.95001220703125,20785.0,yahoo
HINDPETRO,5m,2026-09-15T14:45:00+05:30,345.8999938964844,345.95001220703125,344.8999938964844,345.25,62824.0,yahoo
HINDPETRO,5m,2026-09-15T14:50:00+05:30,345.3500061035156,345.8999938964844,345.20001220703125,345.75,21771.0,yahoo
HINDPETRO,5m,2026-09-15T14:55:00+05:30,345.8500061035156,346.0,345.5,345.5,26744.0,yahoo
HINDPETRO,5m,2026-09-15T15:00:00+05:30,345.3999938964844,345.54998779296875,345.1000061035156,345.45001220703125,60340.0,yahoo
HINDPETRO,5m,2026-09-15T15:05:00+05:30,345.0,345.3500061035156,344.79998779296875,344.79998779296875,56904.0,yahoo
HINDPETRO,5m,2026-09-15T15:10:00+05:30,344.79998779296875,345.45001220703125,344.5,345.0,130626.0,yahoo
HINDPETRO,5m,2026-09-15T15:15:00+05:30,345.29998779296875,345.29998779296875,345.29998779296875,345.29998779296875,30065.0,yahoo
HINDUNILVR,5m,2026-09-15T09:15:00+05:30,1943.0,1956.199951171875,1936.5999755859375,1953.300048828125,0.0,yahoo
HINDUNILVR,5m,2026-09-15T09:20:00+05:30,1951.9000244140625,1959.0,1950.199951171875,1958.9000244140625,57151.0,yahoo
HINDUNILVR,5m,2026-09-15T09:25:00+05:30,1958.699951171875,1961.699951171875,1957.4000244140625,1959.5,27371.0,yahoo
HINDUNILVR,5m,2026-09-15T09:30:00+05:30,1960.800048828125,1965.9000244140625,1956.0,1956.0,30204.0,yahoo
HINDUNILVR,5m,2026-09-15T09:35:00+05:30,1956.5,1957.0999755859375,1951.800048828125,1952.199951171875,12274.0,yahoo
HINDUNILVR,5m,2026-09-15T09:40:00+05:30,1951.800048828125,1956.5,1951.800048828125,1955.5999755859375,13603.0,yahoo
HINDUNILVR,5m,2026-09-15T09:45:00+05:30,1955.5999755859375,1963.0,1954.5999755859375,1958.0999755859375,15175.0,yahoo
HINDUNILVR,5m,2026-09-15T09:50:00+05:30,1958.0,1959.800048828125,1952.9000244140625,1953.800048828125,12700.0,yahoo
HINDUNILVR,5m,2026-09-15T09:55:00+05:30,1953.0999755859375,1953.199951171875,1949.699951171875,1952.4000244140625,29670.0,yahoo
HINDUNILVR,5m,2026-09-15T10:00:00+05:30,1952.199951171875,1952.199951171875,1946.199951171875,1947.5,14497.0,yahoo
HINDUNILVR,5m,2026-09-15T10:05:00+05:30,1947.4000244140625,1948.0,1946.300048828125,1947.699951171875,6727.0,yahoo
HINDUNILVR,5m,2026-09-15T10:10:00+05:30,1947.699951171875,1950.199951171875,1947.0,1949.4000244140625,5088.0,yahoo
HINDUNILVR,5m,2026-09-15T10:15:00+05:30,1948.9000244140625,1951.0,1947.199951171875,1949.699951171875,5400.0,yahoo
HINDUNILVR,5m,2026-09-15T10:20:00+05:30,1950.300048828125,1952.5,1949.4000244140625,1951.9000244140625,11184.0,yahoo
HINDUNILVR,5m,2026-09-15T10:25:00+05:30,1952.0999755859375,1952.0999755859375,1950.0,1950.300048828125,7536.0,yahoo
HINDUNILVR,5m,2026-09-15T10:30:00+05:30,1949.699951171875,1949.699951171875,1947.5999755859375,1948.0,3369.0,yahoo
HINDUNILVR,5m,2026-09-15T10:35:00+05:30,1948.4000244140625,1948.9000244140625,1947.0999755859375,1948.800048828125,4154.0,yahoo
HINDUNILVR,5m,2026-09-15T10:40:00+05:30,1948.800048828125,1948.800048828125,1946.199951171875,1946.800048828125,6802.0,yahoo
HINDUNILVR,5m,2026-09-15T10:45:00+05:30,1946.199951171875,1946.699951171875,1944.5,1945.0,5534.0,yahoo
HINDUNILVR,5m,2026-09-15T10:50:00+05:30,1945.0,1946.5,1944.4000244140625,1944.699951171875,6261.0,yahoo
HINDUNILVR,5m,2026-09-15T10:55:00+05:30,1944.699951171875,1945.0,1944.0,1944.0,5384.0,yahoo
HINDUNILVR,5m,2026-09-15T11:00:00+05:30,1944.199951171875,1947.9000244140625,1944.199951171875,1947.0999755859375,8893.0,yahoo
HINDUNILVR,5m,2026-09-15T11:05:00+05:30,1947.0999755859375,1949.5,1946.5999755859375,1947.800048828125,10383.0,yahoo
HINDUNILVR,5m,2026-09-15T11:10:00+05:30,1948.4000244140625,1962.699951171875,1945.9000244140625,1962.199951171875,175975.0,yahoo
HINDUNILVR,5m,2026-09-15T11:15:00+05:30,1962.199951171875,1966.5,1960.9000244140625,1961.5,65103.0,yahoo
HINDUNILVR,5m,2026-09-15T11:20:00+05:30,1961.5999755859375,1962.4000244140625,1960.0,1960.0,11397.0,yahoo
HINDUNILVR,5m,2026-09-15T11:25:00+05:30,1960.0,1960.5999755859375,1955.4000244140625,1958.300048828125,83699.0,yahoo
HINDUNILVR,5m,2026-09-15T11:30:00+05:30,1959.0,1959.0,1956.9000244140625,1957.0999755859375,11336.0,yahoo
HINDUNILVR,5m,2026-09-15T11:35:00+05:30,1957.0999755859375,1959.300048828125,1956.300048828125,1957.0999755859375,12608.0,yahoo
HINDUNILVR,5m,2026-09-15T11:40:00+05:30,1957.800048828125,1957.800048828125,1954.4000244140625,1956.0,12763.0,yahoo
HINDUNILVR,5m,2026-09-15T11:45:00+05:30,1956.5999755859375,1956.5999755859375,1955.0999755859375,1955.0999755859375,5836.0,yahoo
HINDUNILVR,5m,2026-09-15T11:50:00+05:30,1955.4000244140625,1957.199951171875,1952.800048828125,1953.5,17010.0,yahoo
HINDUNILVR,5m,2026-09-15T11:55:00+05:30,1953.5,1965.800048828125,1951.5,1965.0999755859375,79633.0,yahoo
HINDUNILVR,5m,2026-09-15T12:00:00+05:30,1965.5999755859375,1967.199951171875,1964.800048828125,1967.199951171875,21987.0,yahoo
HINDUNILVR,5m,2026-09-15T12:05:00+05:30,1968.199951171875,1969.0,1963.5999755859375,1964.4000244140625,18910.0,yahoo
HINDUNILVR,5m,2026-09-15T12:10:00+05:30,1964.0999755859375,1964.699951171875,1962.800048828125,1964.0,12478.0,yahoo
HINDUNILVR,5m,2026-09-15T12:15:00+05:30,1964.0,1964.199951171875,1962.9000244140625,1963.5,3972.0,yahoo
HINDUNILVR,5m,2026-09-15T12:20:00+05:30,1963.0999755859375,1964.4000244140625,1962.300048828125,1964.0,5436.0,yahoo
HINDUNILVR,5m,2026-09-15T12:25:00+05:30,1964.0,1964.199951171875,1962.800048828125,1963.4000244140625,3333.0,yahoo
HINDUNILVR,5m,2026-09-15T12:30:00+05:30,1963.4000244140625,1963.5999755859375,1961.9000244140625,1962.199951171875,5843.0,yahoo
HINDUNILVR,5m,2026-09-15T12:35:00+05:30,1961.800048828125,1963.199951171875,1961.199951171875,1962.5999755859375,7247.0,yahoo
HINDUNILVR,5m,2026-09-15T12:40:00+05:30,1962.5999755859375,1962.5999755859375,1960.0,1960.0999755859375,4752.0,yahoo
HINDUNILVR,5m,2026-09-15T12:45:00+05:30,1960.0,1961.0,1960.0,1960.4000244140625,5920.0,yahoo
HINDUNILVR,5m,2026-09-15T12:50:00+05:30,1960.5,1961.5999755859375,1960.199951171875,1960.5999755859375,5483.0,yahoo
HINDUNILVR,5m,2026-09-15T12:55:00+05:30,1960.5999755859375,1964.800048828125,1960.4000244140625,1960.5999755859375,14743.0,yahoo
HINDUNILVR,5m,2026-09-15T13:00:00+05:30,1960.5999755859375,1960.9000244140625,1960.0,1960.0,7619.0,yahoo
HINDUNILVR,5m,2026-09-15T13:05:00+05:30,1960.0,1960.699951171875,1960.0,1960.0,6881.0,yahoo
HINDUNILVR,5m,2026-09-15T13:10:00+05:30,1960.0,1960.199951171875,1960.0,1960.0,33553.0,yahoo
HINDUNILVR,5m,2026-09-15T13:15:00+05:30,1960.0999755859375,1961.800048828125,1960.0,1960.800048828125,109284.0,yahoo
HINDUNILVR,5m,2026-09-15T13:20:00+05:30,1960.800048828125,1961.300048828125,1960.0,1960.0,4933.0,yahoo
HINDUNILVR,5m,2026-09-15T13:25:00+05:30,1960.0,1960.0999755859375,1960.0,1960.0,5432.0,yahoo
HINDUNILVR,5m,2026-09-15T13:30:00+05:30,1960.0,1961.5999755859375,1960.0,1961.5999755859375,10682.0,yahoo
HINDUNILVR,5m,2026-09-15T13:35:00+05:30,1961.0,1961.5999755859375,1960.0,1960.4000244140625,10044.0,yahoo
HINDUNILVR,5m,2026-09-15T13:40:00+05:30,1960.4000244140625,1960.5999755859375,1956.199951171875,1958.0999755859375,116184.0,yahoo
HINDUNILVR,5m,2026-09-15T13:45:00+05:30,1958.0999755859375,1959.4000244140625,1957.0,1958.800048828125,6781.0,yahoo
HINDUNILVR,5m,2026-09-15T13:50:00+05:30,1959.300048828125,1959.300048828125,1958.300048828125,1958.800048828125,4912.0,yahoo
HINDUNILVR,5m,2026-09-15T13:55:00+05:30,1958.800048828125,1961.0,1958.300048828125,1960.9000244140625,7818.0,yahoo
HINDUNILVR,5m,2026-09-15T14:00:00+05:30,1960.5,1962.199951171875,1959.699951171875,1962.199951171875,5992.0,yahoo
HINDUNILVR,5m,2026-09-15T14:05:00+05:30,1962.0999755859375,1964.0,1958.5999755859375,1959.4000244140625,15878.0,yahoo
HINDUNILVR,5m,2026-09-15T14:10:00+05:30,1958.699951171875,1959.5999755859375,1957.9000244140625,1959.300048828125,6724.0,yahoo
HINDUNILVR,5m,2026-09-15T14:15:00+05:30,1958.5999755859375,1958.800048828125,1956.0999755859375,1956.0999755859375,17210.0,yahoo
HINDUNILVR,5m,2026-09-15T14:20:00+05:30,1956.199951171875,1962.4000244140625,1956.199951171875,1960.4000244140625,17970.0,yahoo
HINDUNILVR,5m,2026-09-15T14:25:00+05:30,1961.5,1962.5999755859375,1959.300048828125,1959.300048828125,20860.0,yahoo
HINDUNILVR,5m,2026-09-15T14:30:00+05:30,1959.5,1960.0,1958.0,1958.300048828125,6969.0,yahoo
HINDUNILVR,5m,2026-09-15T14:35:00+05:30,1958.5,1960.0,1956.5999755859375,1959.0999755859375,14373.0,yahoo
HINDUNILVR,5m,2026-09-15T14:40:00+05:30,1959.0,1959.0,1957.199951171875,1958.300048828125,8146.0,yahoo
HINDUNILVR,5m,2026-09-15T14:45:00+05:30,1958.0,1958.0,1951.800048828125,1953.199951171875,23365.0,yahoo
HINDUNILVR,5m,2026-09-15T14:50:00+05:30,1953.0999755859375,1955.5999755859375,1953.0,1953.0999755859375,31734.0,yahoo
HINDUNILVR,5m,2026-09-15T14:55:00+05:30,1953.0999755859375,1954.0,1952.5999755859375,1953.5,14547.0,yahoo
HINDUNILVR,5m,2026-09-15T15:00:00+05:30,1952.699951171875,1954.699951171875,1952.0999755859375,1954.0999755859375,17134.0,yahoo
HINDUNILVR,5m,2026-09-15T15:05:00+05:30,1954.5999755859375,1955.300048828125,1953.300048828125,1953.800048828125,36073.0,yahoo
HINDUNILVR,5m,2026-09-15T15:10:00+05:30,1953.800048828125,1954.5,1945.4000244140625,1947.5,76363.0,yahoo
HINDUNILVR,5m,2026-09-15T15:15:00+05:30,1947.800048828125,1947.800048828125,1938.0999755859375,1938.0999755859375,92985.0,yahoo
HINDZINC,5m,2026-09-15T09:15:00+05:30,574.75,574.7999877929688,569.0999755859375,571.2000122070312,0.0,yahoo
HINDZINC,5m,2026-09-15T09:20:00+05:30,571.4500122070312,572.9500122070312,571.0499877929688,572.3499755859375,73888.0,yahoo
HINDZINC,5m,2026-09-15T09:25:00+05:30,572.25,572.25,570.25,570.9500122070312,88801.0,yahoo
HINDZINC,5m,2026-09-15T09:30:00+05:30,570.9500122070312,571.0,569.0,569.7000122070312,115451.0,yahoo
HINDZINC,5m,2026-09-15T09:35:00+05:30,569.9500122070312,570.9500122070312,569.7999877929688,570.9000244140625,27863.0,yahoo
HINDZINC,5m,2026-09-15T09:40:00+05:30,570.7999877929688,571.6500244140625,570.6500244140625,571.1500244140625,25288.0,yahoo
HINDZINC,5m,2026-09-15T09:45:00+05:30,571.0499877929688,571.0499877929688,570.0999755859375,570.4000244140625,34315.0,yahoo
HINDZINC,5m,2026-09-15T09:50:00+05:30,570.4000244140625,570.5,569.4000244140625,569.9000244140625,41775.0,yahoo
HINDZINC,5m,2026-09-15T09:55:00+05:30,569.8499755859375,570.0,569.3499755859375,569.6500244140625,25243.0,yahoo
HINDZINC,5m,2026-09-15T10:00:00+05:30,569.5999755859375,569.7999877929688,568.9000244140625,569.6500244140625,27995.0,yahoo
HINDZINC,5m,2026-09-15T10:05:00+05:30,569.5999755859375,570.3499755859375,569.5,569.5,49749.0,yahoo
HINDZINC,5m,2026-09-15T10:10:00+05:30,569.5999755859375,570.4500122070312,569.2000122070312,569.9500122070312,38488.0,yahoo
HINDZINC,5m,2026-09-15T10:15:00+05:30,569.75,570.4000244140625,569.2999877929688,570.0999755859375,35423.0,yahoo
HINDZINC,5m,2026-09-15T10:20:00+05:30,570.0,570.4000244140625,569.8499755859375,570.0999755859375,16405.0,yahoo
HINDZINC,5m,2026-09-15T10:25:00+05:30,570.0999755859375,570.0999755859375,569.2000122070312,569.25,16521.0,yahoo
HINDZINC,5m,2026-09-15T10:30:00+05:30,569.2000122070312,569.2000122070312,568.0499877929688,568.6500244140625,43262.0,yahoo
HINDZINC,5m,2026-09-15T10:35:00+05:30,568.8499755859375,568.8499755859375,568.4000244140625,568.4500122070312,16565.0,yahoo
HINDZINC,5m,2026-09-15T10:40:00+05:30,568.5,568.5999755859375,568.0499877929688,568.4000244140625,22429.0,yahoo
HINDZINC,5m,2026-09-15T10:45:00+05:30,568.5,568.9500122070312,568.25,568.5,16244.0,yahoo
HINDZINC,5m,2026-09-15T10:50:00+05:30,568.5,568.6500244140625,568.2000122070312,568.5,9481.0,yahoo
HINDZINC,5m,2026-09-15T10:55:00+05:30,568.4500122070312,568.9000244140625,568.25,568.9000244140625,12058.0,yahoo
HINDZINC,5m,2026-09-15T11:00:00+05:30,568.9000244140625,568.9000244140625,568.5,568.5,19488.0,yahoo
HINDZINC,5m,2026-09-15T11:05:00+05:30,568.7999877929688,568.8499755859375,567.9000244140625,567.9000244140625,26584.0,yahoo
HINDZINC,5m,2026-09-15T11:10:00+05:30,567.9500122070312,568.1500244140625,567.5,567.9500122070312,20417.0,yahoo
HINDZINC,5m,2026-09-15T11:15:00+05:30,568.0,568.0999755859375,566.7000122070312,567.25,32875.0,yahoo
HINDZINC,5m,2026-09-15T11:20:00+05:30,567.0499877929688,567.4000244140625,566.4500122070312,567.3499755859375,22705.0,yahoo
HINDZINC,5m,2026-09-15T11:25:00+05:30,567.3499755859375,567.3499755859375,566.5499877929688,566.5999755859375,13647.0,yahoo
HINDZINC,5m,2026-09-15T11:30:00+05:30,566.75,567.0,566.5,566.9500122070312,12420.0,yahoo
HINDZINC,5m,2026-09-15T11:35:00+05:30,567.0,567.0499877929688,566.75,566.9000244140625,12182.0,yahoo
HINDZINC,5m,2026-09-15T11:40:00+05:30,566.7000122070312,566.9000244140625,566.5,566.5999755859375,10440.0,yahoo
HINDZINC,5m,2026-09-15T11:45:00+05:30,566.5999755859375,567.0,565.7999877929688,565.7999877929688,21530.0,yahoo
HINDZINC,5m,2026-09-15T11:50:00+05:30,565.7999877929688,566.3499755859375,565.4000244140625,565.4500122070312,13911.0,yahoo
HINDZINC,5m,2026-09-15T11:55:00+05:30,565.4500122070312,566.9000244140625,564.0,566.8499755859375,70956.0,yahoo
HINDZINC,5m,2026-09-15T12:00:00+05:30,566.7000122070312,567.3499755859375,566.7000122070312,566.9500122070312,19769.0,yahoo
HINDZINC,5m,2026-09-15T12:05:00+05:30,566.9500122070312,566.9500122070312,566.2000122070312,566.5999755859375,14035.0,yahoo
HINDZINC,5m,2026-09-15T12:10:00+05:30,566.3499755859375,566.5999755859375,566.0999755859375,566.5999755859375,11001.0,yahoo
HINDZINC,5m,2026-09-15T12:15:00+05:30,566.2999877929688,566.7000122070312,565.9000244140625,566.5999755859375,32385.0,yahoo
HINDZINC,5m,2026-09-15T12:20:00+05:30,566.5499877929688,566.8499755859375,566.25,566.4000244140625,8201.0,yahoo
HINDZINC,5m,2026-09-15T12:25:00+05:30,566.25,566.6500244140625,566.25,566.4000244140625,5328.0,yahoo
HINDZINC,5m,2026-09-15T12:30:00+05:30,566.4500122070312,566.6500244140625,565.8499755859375,566.5499877929688,16964.0,yahoo
HINDZINC,5m,2026-09-15T12:35:00+05:30,566.5499877929688,567.3499755859375,566.5499877929688,566.75,16486.0,yahoo
HINDZINC,5m,2026-09-15T12:40:00+05:30,566.75,567.1500244140625,566.6500244140625,566.9500122070312,5411.0,yahoo
HINDZINC,5m,2026-09-15T12:45:00+05:30,566.7999877929688,567.9500122070312,566.6500244140625,567.7999877929688,20172.0,yahoo
HINDZINC,5m,2026-09-15T12:50:00+05:30,567.9500122070312,569.1500244140625,567.9500122070312,568.5,36529.0,yahoo
HINDZINC,5m,2026-09-15T12:55:00+05:30,568.25,568.5,567.8499755859375,567.8499755859375,6584.0,yahoo
HINDZINC,5m,2026-09-15T13:00:00+05:30,567.8499755859375,568.4500122070312,567.8499755859375,568.2999877929688,7832.0,yahoo
HINDZINC,5m,2026-09-15T13:05:00+05:30,568.25,568.5999755859375,568.25,568.5,17013.0,yahoo
HINDZINC,5m,2026-09-15T13:10:00+05:30,568.2999877929688,568.2999877929688,567.4000244140625,567.7999877929688,16225.0,yahoo
HINDZINC,5m,2026-09-15T13:15:00+05:30,567.7999877929688,568.25,567.4000244140625,568.0,15526.0,yahoo
HINDZINC,5m,2026-09-15T13:20:00+05:30,568.0,568.0,567.2999877929688,567.3499755859375,9207.0,yahoo
HINDZINC,5m,2026-09-15T13:25:00+05:30,567.3499755859375,567.5999755859375,567.0,567.0499877929688,23335.0,yahoo
HINDZINC,5m,2026-09-15T13:30:00+05:30,567.2000122070312,567.2000122070312,566.25,566.4500122070312,19809.0,yahoo
HINDZINC,5m,2026-09-15T13:35:00+05:30,566.4000244140625,566.7999877929688,566.1500244140625,566.3499755859375,23518.0,yahoo
HINDZINC,5m,2026-09-15T13:40:00+05:30,566.2000122070312,566.2000122070312,565.3499755859375,565.7000122070312,33204.0,yahoo
HINDZINC,5m,2026-09-15T13:45:00+05:30,565.7000122070312,566.4000244140625,565.5,566.3499755859375,19154.0,yahoo
HINDZINC,5m,2026-09-15T13:50:00+05:30,566.3499755859375,566.8499755859375,566.0,566.0499877929688,15318.0,yahoo
HINDZINC,5m,2026-09-15T13:55:00+05:30,566.0499877929688,566.0499877929688,565.5,565.9000244140625,12792.0,yahoo
HINDZINC,5m,2026-09-15T14:00:00+05:30,565.7000122070312,565.9000244140625,565.2999877929688,565.3499755859375,13059.0,yahoo
HINDZINC,5m,2026-09-15T14:05:00+05:30,565.2999877929688,565.5499877929688,565.0,565.2000122070312,33788.0,yahoo
HINDZINC,5m,2026-09-15T14:10:00+05:30,564.9500122070312,565.1500244140625,564.5999755859375,564.5999755859375,25097.0,yahoo
HINDZINC,5m,2026-09-15T14:15:00+05:30,564.7000122070312,564.7000122070312,563.1500244140625,563.2000122070312,68670.0,yahoo
HINDZINC,5m,2026-09-15T14:20:00+05:30,563.25,563.5,563.0999755859375,563.25,35696.0,yahoo
HINDZINC,5m,2026-09-15T14:25:00+05:30,563.25,563.6500244140625,563.0,563.5499877929688,27532.0,yahoo
HINDZINC,5m,2026-09-15T14:30:00+05:30,563.5,564.25,563.2000122070312,564.2000122070312,23144.0,yahoo
HINDZINC,5m,2026-09-15T14:35:00+05:30,564.25,564.5499877929688,564.1500244140625,564.4500122070312,29154.0,yahoo
HINDZINC,5m,2026-09-15T14:40:00+05:30,564.4500122070312,564.7999877929688,564.0999755859375,564.6500244140625,30475.0,yahoo
HINDZINC,5m,2026-09-15T14:45:00+05:30,564.6500244140625,564.6500244140625,563.2000122070312,563.2000122070312,34221.0,yahoo
HINDZINC,5m,2026-09-15T14:50:00+05:30,563.25,564.2999877929688,563.25,563.5999755859375,45477.0,yahoo
HINDZINC,5m,2026-09-15T14:55:00+05:30,563.25,563.9500122070312,563.25,563.7000122070312,60450.0,yahoo
HINDZINC,5m,2026-09-15T15:00:00+05:30,563.7000122070312,563.7000122070312,562.5,562.7999877929688,97043.0,yahoo
HINDZINC,5m,2026-09-15T15:05:00+05:30,562.8499755859375,563.4500122070312,562.5,563.2000122070312,57456.0,yahoo
HINDZINC,5m,2026-09-15T15:10:00+05:30,563.3499755859375,563.4500122070312,562.0,563.4500122070312,109153.0,yahoo
HINDZINC,5m,2026-09-15T15:15:00+05:30,563.4500122070312,563.4500122070312,560.9000244140625,560.9000244140625,42774.0,yahoo
ICICIBANK,5m,2026-09-15T09:15:00+05:30,1380.800048828125,1384.0999755859375,1370.5999755859375,1370.5999755859375,0.0,yahoo
ICICIBANK,5m,2026-09-15T09:20:00+05:30,1370.5,1374.5,1369.0,1369.4000244140625,454129.0,yahoo
ICICIBANK,5m,2026-09-15T09:25:00+05:30,1369.5,1370.0999755859375,1367.9000244140625,1368.4000244140625,66813.0,yahoo
ICICIBANK,5m,2026-09-15T09:30:00+05:30,1368.4000244140625,1368.4000244140625,1366.0999755859375,1366.5,100086.0,yahoo
ICICIBANK,5m,2026-09-15T09:35:00+05:30,1366.800048828125,1366.9000244140625,1362.300048828125,1363.5999755859375,174801.0,yahoo
ICICIBANK,5m,2026-09-15T09:40:00+05:30,1363.5999755859375,1366.0999755859375,1363.5999755859375,1364.800048828125,46549.0,yahoo
ICICIBANK,5m,2026-09-15T09:45:00+05:30,1364.699951171875,1365.4000244140625,1362.699951171875,1363.300048828125,72336.0,yahoo
ICICIBANK,5m,2026-09-15T09:50:00+05:30,1363.199951171875,1363.5,1361.0999755859375,1361.199951171875,93486.0,yahoo
ICICIBANK,5m,2026-09-15T09:55:00+05:30,1361.0999755859375,1361.199951171875,1359.699951171875,1359.9000244140625,124788.0,yahoo
ICICIBANK,5m,2026-09-15T10:00:00+05:30,1360.0,1360.0,1357.9000244140625,1357.9000244140625,88960.0,yahoo
ICICIBANK,5m,2026-09-15T10:05:00+05:30,1357.0,1357.300048828125,1355.9000244140625,1356.5,158975.0,yahoo
ICICIBANK,5m,2026-09-15T10:10:00+05:30,1356.5,1357.300048828125,1356.0,1356.0999755859375,134029.0,yahoo
ICICIBANK,5m,2026-09-15T10:15:00+05:30,1356.0,1357.699951171875,1355.0,1356.9000244140625,113578.0,yahoo
ICICIBANK,5m,2026-09-15T10:20:00+05:30,1356.800048828125,1356.9000244140625,1356.0,1356.5,35819.0,yahoo
ICICIBANK,5m,2026-09-15T10:25:00+05:30,1356.5999755859375,1357.800048828125,1356.5,1357.0999755859375,80501.0,yahoo
ICICIBANK,5m,2026-09-15T10:30:00+05:30,1357.199951171875,1357.9000244140625,1356.800048828125,1357.5,61684.0,yahoo
ICICIBANK,5m,2026-09-15T10:35:00+05:30,1357.5999755859375,1358.5,1357.5,1358.300048828125,55566.0,yahoo
ICICIBANK,5m,2026-09-15T10:40:00+05:30,1358.199951171875,1358.5,1357.5,1357.5,48548.0,yahoo
ICICIBANK,5m,2026-09-15T10:45:00+05:30,1357.5,1357.5999755859375,1356.5999755859375,1357.0999755859375,46491.0,yahoo
ICICIBANK,5m,2026-09-15T10:50:00+05:30,1357.0999755859375,1357.300048828125,1355.5999755859375,1356.5,61289.0,yahoo
ICICIBANK,5m,2026-09-15T10:55:00+05:30,1356.4000244140625,1356.5999755859375,1354.199951171875,1355.0999755859375,67198.0,yahoo
ICICIBANK,5m,2026-09-15T11:00:00+05:30,1355.0,1356.0999755859375,1354.300048828125,1354.9000244140625,84800.0,yahoo
ICICIBANK,5m,2026-09-15T11:05:00+05:30,1354.9000244140625,1355.0,1352.5,1352.5999755859375,134690.0,yahoo
ICICIBANK,5m,2026-09-15T11:10:00+05:30,1353.0,1355.5,1352.199951171875,1354.0999755859375,268475.0,yahoo
ICICIBANK,5m,2026-09-15T11:15:00+05:30,1354.300048828125,1356.199951171875,1354.0,1356.0,52552.0,yahoo
ICICIBANK,5m,2026-09-15T11:20:00+05:30,1355.5999755859375,1356.0999755859375,1354.0999755859375,1354.5999755859375,294307.0,yahoo
ICICIBANK,5m,2026-09-15T11:25:00+05:30,1354.5,1354.5999755859375,1351.300048828125,1352.199951171875,222370.0,yahoo
ICICIBANK,5m,2026-09-15T11:30:00+05:30,1351.5999755859375,1353.0999755859375,1351.5999755859375,1352.199951171875,72359.0,yahoo
ICICIBANK,5m,2026-09-15T11:35:00+05:30,1352.0999755859375,1354.199951171875,1352.0999755859375,1354.0999755859375,62662.0,yahoo
ICICIBANK,5m,2026-09-15T11:40:00+05:30,1354.0999755859375,1354.4000244140625,1352.800048828125,1353.0999755859375,55357.0,yahoo
ICICIBANK,5m,2026-09-15T11:45:00+05:30,1353.300048828125,1353.699951171875,1352.4000244140625,1353.199951171875,49697.0,yahoo
ICICIBANK,5m,2026-09-15T11:50:00+05:30,1353.5999755859375,1353.5999755859375,1352.5999755859375,1353.0999755859375,71779.0,yahoo
ICICIBANK,5m,2026-09-15T11:55:00+05:30,1353.199951171875,1355.0,1352.4000244140625,1352.4000244140625,147774.0,yahoo
ICICIBANK,5m,2026-09-15T12:00:00+05:30,1352.4000244140625,1354.4000244140625,1352.4000244140625,1354.0,80531.0,yahoo
ICICIBANK,5m,2026-09-15T12:05:00+05:30,1354.0,1354.9000244140625,1353.5999755859375,1354.300048828125,115240.0,yahoo
ICICIBANK,5m,2026-09-15T12:10:00+05:30,1354.800048828125,1354.800048828125,1352.800048828125,1353.300048828125,134160.0,yahoo
ICICIBANK,5m,2026-09-15T12:15:00+05:30,1353.300048828125,1354.300048828125,1351.9000244140625,1351.9000244140625,91399.0,yahoo
ICICIBANK,5m,2026-09-15T12:20:00+05:30,1351.9000244140625,1352.5999755859375,1351.5,1351.5,47760.0,yahoo
ICICIBANK,5m,2026-09-15T12:25:00+05:30,1351.699951171875,1354.199951171875,1351.5999755859375,1353.699951171875,53009.0,yahoo
ICICIBANK,5m,2026-09-15T12:30:00+05:30,1353.800048828125,1354.699951171875,1353.5999755859375,1354.300048828125,54370.0,yahoo
ICICIBANK,5m,2026-09-15T12:35:00+05:30,1354.4000244140625,1356.9000244140625,1354.0,1356.5999755859375,124833.0,yahoo
ICICIBANK,5m,2026-09-15T12:40:00+05:30,1356.699951171875,1358.0999755859375,1356.5999755859375,1357.4000244140625,101753.0,yahoo
ICICIBANK,5m,2026-09-15T12:45:00+05:30,1357.199951171875,1358.0999755859375,1356.699951171875,1357.5999755859375,58905.0,yahoo
ICICIBANK,5m,2026-09-15T12:50:00+05:30,1357.9000244140625,1358.199951171875,1356.699951171875,1357.199951171875,51829.0,yahoo
ICICIBANK,5m,2026-09-15T12:55:00+05:30,1357.300048828125,1357.699951171875,1355.5999755859375,1356.0,106695.0,yahoo
ICICIBANK,5m,2026-09-15T13:00:00+05:30,1356.0,1356.0,1354.4000244140625,1355.300048828125,75991.0,yahoo
ICICIBANK,5m,2026-09-15T13:05:00+05:30,1355.300048828125,1355.699951171875,1354.800048828125,1355.0,36733.0,yahoo
ICICIBANK,5m,2026-09-15T13:10:00+05:30,1355.0,1355.5999755859375,1353.4000244140625,1354.300048828125,68236.0,yahoo
ICICIBANK,5m,2026-09-15T13:15:00+05:30,1354.800048828125,1356.0,1353.699951171875,1355.300048828125,81863.0,yahoo
ICICIBANK,5m,2026-09-15T13:20:00+05:30,1355.300048828125,1355.9000244140625,1354.5,1355.5,63279.0,yahoo
ICICIBANK,5m,2026-09-15T13:25:00+05:30,1355.5,1358.5,1355.4000244140625,1356.0,157323.0,yahoo
ICICIBANK,5m,2026-09-15T13:30:00+05:30,1356.4000244140625,1356.5,1354.0,1355.4000244140625,69986.0,yahoo
ICICIBANK,5m,2026-09-15T13:35:00+05:30,1355.5,1356.4000244140625,1354.5,1355.0,60550.0,yahoo
ICICIBANK,5m,2026-09-15T13:40:00+05:30,1355.0,1355.0999755859375,1353.0999755859375,1354.9000244140625,76269.0,yahoo
ICICIBANK,5m,2026-09-15T13:45:00+05:30,1354.9000244140625,1355.4000244140625,1354.5,1355.0,63330.0,yahoo
ICICIBANK,5m,2026-09-15T13:50:00+05:30,1355.0,1355.4000244140625,1354.5999755859375,1354.800048828125,62568.0,yahoo
ICICIBANK,5m,2026-09-15T13:55:00+05:30,1355.0999755859375,1355.699951171875,1354.0,1355.4000244140625,206283.0,yahoo
ICICIBANK,5m,2026-09-15T14:00:00+05:30,1355.699951171875,1356.199951171875,1355.300048828125,1355.800048828125,59516.0,yahoo
ICICIBANK,5m,2026-09-15T14:05:00+05:30,1356.0,1356.0,1354.0,1354.199951171875,91298.0,yahoo
ICICIBANK,5m,2026-09-15T14:10:00+05:30,1354.0999755859375,1355.5,1352.699951171875,1355.0,109438.0,yahoo
ICICIBANK,5m,2026-09-15T14:15:00+05:30,1355.0,1355.300048828125,1353.5,1354.699951171875,119332.0,yahoo
ICICIBANK,5m,2026-09-15T14:20:00+05:30,1354.800048828125,1354.9000244140625,1353.0,1353.300048828125,201908.0,yahoo
ICICIBANK,5m,2026-09-15T14:25:00+05:30,1353.0999755859375,1354.0999755859375,1352.9000244140625,1353.300048828125,111544.0,yahoo
ICICIBANK,5m,2026-09-15T14:30:00+05:30,1353.300048828125,1354.699951171875,1353.199951171875,1353.699951171875,65700.0,yahoo
ICICIBANK,5m,2026-09-15T14:35:00+05:30,1354.0,1354.800048828125,1353.5999755859375,1354.5,88277.0,yahoo
ICICIBANK,5m,2026-09-15T14:40:00+05:30,1354.300048828125,1356.699951171875,1354.199951171875,1355.0,168651.0,yahoo
ICICIBANK,5m,2026-09-15T14:45:00+05:30,1355.0,1355.199951171875,1351.699951171875,1351.9000244140625,234979.0,yahoo
ICICIBANK,5m,2026-09-15T14:50:00+05:30,1352.0,1355.0,1352.0,1353.699951171875,218686.0,yahoo
ICICIBANK,5m,2026-09-15T14:55:00+05:30,1353.4000244140625,1354.0,1352.800048828125,1353.0,134950.0,yahoo
ICICIBANK,5m,2026-09-15T15:00:00+05:30,1353.0,1354.0,1352.699951171875,1353.800048828125,345955.0,yahoo
ICICIBANK,5m,2026-09-15T15:05:00+05:30,1354.0,1354.5,1353.4000244140625,1353.9000244140625,384130.0,yahoo
ICICIBANK,5m,2026-09-15T15:10:00+05:30,1353.9000244140625,1356.4000244140625,1352.9000244140625,1355.5,566392.0,yahoo
ICICIBANK,5m,2026-09-15T15:15:00+05:30,1355.5,1355.5,1350.4000244140625,1350.4000244140625,606074.0,yahoo
INDUSINDBK,5m,2026-09-15T09:15:00+05:30,981.5,981.7999877929688,968.5,968.5,0.0,yahoo
INDUSINDBK,5m,2026-09-15T09:20:00+05:30,969.0,971.0,967.7000122070312,969.5,45017.0,yahoo
INDUSINDBK,5m,2026-09-15T09:25:00+05:30,969.5999755859375,970.5,967.0,967.0,29758.0,yahoo
INDUSINDBK,5m,2026-09-15T09:30:00+05:30,967.0,968.5,966.7999877929688,967.0,18151.0,yahoo
INDUSINDBK,5m,2026-09-15T09:35:00+05:30,966.7000122070312,967.2999877929688,965.0999755859375,966.5,39419.0,yahoo
INDUSINDBK,5m,2026-09-15T09:40:00+05:30,966.0,967.7999877929688,966.0,967.4000244140625,8491.0,yahoo
INDUSINDBK,5m,2026-09-15T09:45:00+05:30,967.2999877929688,967.9000244140625,967.0999755859375,967.5,15035.0,yahoo
INDUSINDBK,5m,2026-09-15T09:50:00+05:30,967.0999755859375,967.5,965.2999877929688,966.7000122070312,16006.0,yahoo
INDUSINDBK,5m,2026-09-15T09:55:00+05:30,966.0999755859375,966.2999877929688,965.2999877929688,966.0999755859375,9699.0,yahoo
INDUSINDBK,5m,2026-09-15T10:00:00+05:30,966.0999755859375,966.2999877929688,965.2000122070312,966.0,7957.0,yahoo
INDUSINDBK,5m,2026-09-15T10:05:00+05:30,965.7999877929688,966.0,965.2000122070312,965.5999755859375,7483.0,yahoo
INDUSINDBK,5m,2026-09-15T10:10:00+05:30,965.5999755859375,967.9000244140625,965.5,967.9000244140625,7704.0,yahoo
INDUSINDBK,5m,2026-09-15T10:15:00+05:30,967.7000122070312,967.7000122070312,966.7000122070312,967.5999755859375,7273.0,yahoo
INDUSINDBK,5m,2026-09-15T10:20:00+05:30,967.4000244140625,967.9000244140625,967.2000122070312,967.9000244140625,4341.0,yahoo
INDUSINDBK,5m,2026-09-15T10:25:00+05:30,967.7999877929688,968.7999877929688,963.0999755859375,963.7999877929688,50934.0,yahoo
INDUSINDBK,5m,2026-09-15T10:30:00+05:30,963.2999877929688,965.2999877929688,963.2999877929688,964.5,101452.0,yahoo
INDUSINDBK,5m,2026-09-15T10:35:00+05:30,964.5,966.5,964.5,966.2000122070312,13312.0,yahoo
INDUSINDBK,5m,2026-09-15T10:40:00+05:30,966.7000122070312,966.7000122070312,964.4000244140625,964.4000244140625,15899.0,yahoo
INDUSINDBK,5m,2026-09-15T10:45:00+05:30,964.2000122070312,964.4000244140625,962.2000122070312,962.2999877929688,43516.0,yahoo
INDUSINDBK,5m,2026-09-15T10:50:00+05:30,962.0,963.5999755859375,962.0,963.4000244140625,9115.0,yahoo
INDUSINDBK,5m,2026-09-15T10:55:00+05:30,963.4000244140625,964.0,963.4000244140625,964.0,2709.0,yahoo
INDUSINDBK,5m,2026-09-15T11:00:00+05:30,963.7000122070312,963.7000122070312,962.7000122070312,962.9000244140625,9579.0,yahoo
INDUSINDBK,5m,2026-09-15T11:05:00+05:30,962.9000244140625,963.2999877929688,960.5999755859375,960.5999755859375,18558.0,yahoo
INDUSINDBK,5m,2026-09-15T11:10:00+05:30,961.2000122070312,962.0,960.7999877929688,961.7999877929688,2961.0,yahoo
INDUSINDBK,5m,2026-09-15T11:15:00+05:30,961.7999877929688,962.5999755859375,961.7999877929688,961.7999877929688,9256.0,yahoo
INDUSINDBK,5m,2026-09-15T11:20:00+05:30,961.7999877929688,962.7999877929688,961.7999877929688,962.7999877929688,1529.0,yahoo
INDUSINDBK,5m,2026-09-15T11:25:00+05:30,962.7999877929688,963.2999877929688,961.0,961.5,9778.0,yahoo
INDUSINDBK,5m,2026-09-15T11:30:00+05:30,961.0999755859375,963.0999755859375,961.0999755859375,963.0999755859375,3680.0,yahoo
INDUSINDBK,5m,2026-09-15T11:35:00+05:30,962.7000122070312,963.5999755859375,962.7000122070312,963.5999755859375,3668.0,yahoo
INDUSINDBK,5m,2026-09-15T11:40:00+05:30,963.9000244140625,963.9000244140625,962.2000122070312,962.5999755859375,11885.0,yahoo
INDUSINDBK,5m,2026-09-15T11:45:00+05:30,962.5999755859375,964.0999755859375,962.5999755859375,963.2000122070312,10693.0,yahoo
INDUSINDBK,5m,2026-09-15T11:50:00+05:30,963.2000122070312,964.0999755859375,963.0999755859375,963.2000122070312,7223.0,yahoo
INDUSINDBK,5m,2026-09-15T11:55:00+05:30,963.2000122070312,964.4000244140625,963.2000122070312,964.0,10842.0,yahoo
INDUSINDBK,5m,2026-09-15T12:00:00+05:30,964.0,964.7999877929688,963.7000122070312,964.5,16753.0,yahoo
INDUSINDBK,5m,2026-09-15T12:05:00+05:30,964.2000122070312,965.0999755859375,964.0,964.7000122070312,22904.0,yahoo
INDUSINDBK,5m,2026-09-15T12:10:00+05:30,964.2999877929688,964.7000122070312,964.0999755859375,964.0999755859375,7170.0,yahoo
INDUSINDBK,5m,2026-09-15T12:15:00+05:30,964.0999755859375,965.7000122070312,964.0999755859375,965.0,12286.0,yahoo
INDUSINDBK,5m,2026-09-15T12:20:00+05:30,964.7999877929688,965.7000122070312,964.7999877929688,965.2999877929688,9829.0,yahoo
INDUSINDBK,5m,2026-09-15T12:25:00+05:30,965.2999877929688,965.7999877929688,964.7000122070312,964.7000122070312,33748.0,yahoo
INDUSINDBK,5m,2026-09-15T12:30:00+05:30,964.7000122070312,966.5,964.5,966.0,23100.0,yahoo
INDUSINDBK,5m,2026-09-15T12:35:00+05:30,966.0,967.0,964.5999755859375,964.9000244140625,17941.0,yahoo
INDUSINDBK,5m,2026-09-15T12:40:00+05:30,964.9000244140625,966.5,964.7999877929688,966.0,92714.0,yahoo
INDUSINDBK,5m,2026-09-15T12:45:00+05:30,966.2000122070312,966.7000122070312,965.2999877929688,966.4000244140625,17952.0,yahoo
INDUSINDBK,5m,2026-09-15T12:50:00+05:30,966.4000244140625,966.9000244140625,965.7999877929688,966.2000122070312,17433.0,yahoo
INDUSINDBK,5m,2026-09-15T12:55:00+05:30,966.2000122070312,966.2000122070312,964.5,964.7000122070312,7484.0,yahoo
INDUSINDBK,5m,2026-09-15T13:00:00+05:30,964.9000244140625,965.2000122070312,964.4000244140625,965.0,6547.0,yahoo
INDUSINDBK,5m,2026-09-15T13:05:00+05:30,965.0,965.7999877929688,965.0,965.7999877929688,6639.0,yahoo
INDUSINDBK,5m,2026-09-15T13:10:00+05:30,965.2999877929688,965.7000122070312,964.0999755859375,965.0,12046.0,yahoo
INDUSINDBK,5m,2026-09-15T13:15:00+05:30,964.5999755859375,965.4000244140625,964.5999755859375,965.2000122070312,7635.0,yahoo
INDUSINDBK,5m,2026-09-15T13:20:00+05:30,965.7000122070312,965.7000122070312,964.7999877929688,964.9000244140625,9062.0,yahoo
INDUSINDBK,5m,2026-09-15T13:25:00+05:30,965.4000244140625,965.9000244140625,964.7000122070312,964.9000244140625,9571.0,yahoo
INDUSINDBK,5m,2026-09-15T13:30:00+05:30,965.0,965.0,964.0999755859375,964.2000122070312,4343.0,yahoo
INDUSINDBK,5m,2026-09-15T13:35:00+05:30,964.2000122070312,964.5,963.5,963.5,7000.0,yahoo
INDUSINDBK,5m,2026-09-15T13:40:00+05:30,963.5,963.7000122070312,961.5,962.0,8385.0,yahoo
INDUSINDBK,5m,2026-09-15T13:45:00+05:30,962.0,963.0,962.0,962.4000244140625,8038.0,yahoo
INDUSINDBK,5m,2026-09-15T13:50:00+05:30,962.4000244140625,962.7000122070312,961.7000122070312,962.0,11824.0,yahoo
INDUSINDBK,5m,2026-09-15T13:55:00+05:30,961.7000122070312,962.7999877929688,961.7000122070312,962.5999755859375,15519.0,yahoo
INDUSINDBK,5m,2026-09-15T14:00:00+05:30,962.7999877929688,962.7999877929688,961.5999755859375,962.0999755859375,23889.0,yahoo
INDUSINDBK,5m,2026-09-15T14:05:00+05:30,962.0999755859375,962.4000244140625,961.5,961.7999877929688,8412.0,yahoo
INDUSINDBK,5m,2026-09-15T14:10:00+05:30,961.7000122070312,961.7000122070312,960.4000244140625,960.7999877929688,11087.0,yahoo
INDUSINDBK,5m,2026-09-15T14:15:00+05:30,960.7000122070312,961.4000244140625,959.7999877929688,960.5999755859375,27219.0,yahoo
INDUSINDBK,5m,2026-09-15T14:20:00+05:30,960.5999755859375,962.5,960.2000122070312,960.9000244140625,37999.0,yahoo
INDUSINDBK,5m,2026-09-15T14:25:00+05:30,960.9000244140625,961.0,959.2999877929688,960.2999877929688,11372.0,yahoo
INDUSINDBK,5m,2026-09-15T14:30:00+05:30,960.7000122070312,961.5999755859375,960.4000244140625,961.0999755859375,15703.0,yahoo
INDUSINDBK,5m,2026-09-15T14:35:00+05:30,961.2000122070312,961.7000122070312,961.0,961.5999755859375,7993.0,yahoo
INDUSINDBK,5m,2026-09-15T14:40:00+05:30,961.7000122070312,961.7999877929688,961.0999755859375,961.2999877929688,11983.0,yahoo
INDUSINDBK,5m,2026-09-15T14:45:00+05:30,961.2000122070312,961.2999877929688,957.9000244140625,958.4000244140625,30407.0,yahoo
INDUSINDBK,5m,2026-09-15T14:50:00+05:30,957.9000244140625,960.2000122070312,957.9000244140625,958.2999877929688,38505.0,yahoo
INDUSINDBK,5m,2026-09-15T14:55:00+05:30,958.2999877929688,959.0999755859375,957.2000122070312,957.5999755859375,20982.0,yahoo
INDUSINDBK,5m,2026-09-15T15:00:00+05:30,957.5999755859375,958.7000122070312,957.5999755859375,958.7000122070312,47953.0,yahoo
INDUSINDBK,5m,2026-09-15T15:05:00+05:30,958.7000122070312,958.7000122070312,956.0999755859375,956.7999877929688,41087.0,yahoo
INDUSINDBK,5m,2026-09-15T15:10:00+05:30,957.0999755859375,957.0999755859375,955.2999877929688,956.2999877929688,53398.0,yahoo
INDUSINDBK,5m,2026-09-15T15:15:00+05:30,956.9000244140625,956.9000244140625,956.5,956.5,33840.0,yahoo
INFY,5m,2026-09-15T09:15:00+05:30,1085.0,1094.4000244140625,1077.199951171875,1092.5999755859375,0.0,yahoo
INFY,5m,2026-09-15T09:20:00+05:30,1092.800048828125,1097.199951171875,1092.0999755859375,1095.0999755859375,823621.0,yahoo
INFY,5m,2026-09-15T09:25:00+05:30,1095.199951171875,1097.5999755859375,1092.4000244140625,1095.0,655932.0,yahoo
INFY,5m,2026-09-15T09:30:00+05:30,1095.300048828125,1096.5999755859375,1089.199951171875,1089.699951171875,598478.0,yahoo
INFY,5m,2026-09-15T09:35:00+05:30,1089.699951171875,1091.0,1087.199951171875,1088.0,376230.0,yahoo
INFY,5m,2026-09-15T09:40:00+05:30,1087.9000244140625,1088.9000244140625,1085.300048828125,1087.5,444513.0,yahoo
INFY,5m,2026-09-15T09:45:00+05:30,1087.300048828125,1087.300048828125,1083.300048828125,1084.4000244140625,315037.0,yahoo
INFY,5m,2026-09-15T09:50:00+05:30,1084.4000244140625,1084.800048828125,1079.199951171875,1079.300048828125,467880.0,yahoo
INFY,5m,2026-09-15T09:55:00+05:30,1079.0,1079.300048828125,1073.5999755859375,1077.199951171875,271403.0,yahoo
INFY,5m,2026-09-15T10:00:00+05:30,1077.300048828125,1081.300048828125,1077.0999755859375,1081.0,242344.0,yahoo
INFY,5m,2026-09-15T10:05:00+05:30,1081.300048828125,1083.5999755859375,1080.5,1082.699951171875,170378.0,yahoo
INFY,5m,2026-09-15T10:10:00+05:30,1083.199951171875,1083.9000244140625,1081.0999755859375,1083.4000244140625,94491.0,yahoo
INFY,5m,2026-09-15T10:15:00+05:30,1083.5,1088.9000244140625,1083.0999755859375,1088.199951171875,164293.0,yahoo
INFY,5m,2026-09-15T10:20:00+05:30,1088.5999755859375,1089.5999755859375,1085.9000244140625,1086.5999755859375,102720.0,yahoo
INFY,5m,2026-09-15T10:25:00+05:30,1086.9000244140625,1088.699951171875,1084.0,1084.5,114951.0,yahoo
INFY,5m,2026-09-15T10:30:00+05:30,1084.5,1086.4000244140625,1084.0999755859375,1085.800048828125,89050.0,yahoo
INFY,5m,2026-09-15T10:35:00+05:30,1085.300048828125,1086.5999755859375,1084.699951171875,1085.0999755859375,58238.0,yahoo
INFY,5m,2026-09-15T10:40:00+05:30,1085.0,1086.0999755859375,1084.199951171875,1085.199951171875,57205.0,yahoo
INFY,5m,2026-09-15T10:45:00+05:30,1085.0999755859375,1086.9000244140625,1084.0,1086.5999755859375,126442.0,yahoo
INFY,5m,2026-09-15T10:50:00+05:30,1086.5999755859375,1089.0999755859375,1085.5999755859375,1085.9000244140625,91896.0,yahoo
INFY,5m,2026-09-15T10:55:00+05:30,1086.0,1089.5,1085.5,1089.4000244140625,107270.0,yahoo
INFY,5m,2026-09-15T11:00:00+05:30,1089.4000244140625,1091.0999755859375,1088.800048828125,1090.5999755859375,215460.0,yahoo
INFY,5m,2026-09-15T11:05:00+05:30,1091.4000244140625,1092.699951171875,1088.0999755859375,1089.0999755859375,122509.0,yahoo
INFY,5m,2026-09-15T11:10:00+05:30,1089.5,1089.5,1087.199951171875,1087.800048828125,63835.0,yahoo
INFY,5m,2026-09-15T11:15:00+05:30,1087.800048828125,1088.199951171875,1084.199951171875,1086.0999755859375,188975.0,yahoo
INFY,5m,2026-09-15T11:20:00+05:30,1086.0,1086.199951171875,1084.5,1085.5,85560.0,yahoo
INFY,5m,2026-09-15T11:25:00+05:30,1085.0999755859375,1086.0,1084.699951171875,1084.699951171875,68359.0,yahoo
INFY,5m,2026-09-15T11:30:00+05:30,1084.699951171875,1086.800048828125,1084.0999755859375,1084.0999755859375,125115.0,yahoo
INFY,5m,2026-09-15T11:35:00+05:30,1084.0999755859375,1086.5999755859375,1084.0,1085.699951171875,93814.0,yahoo
INFY,5m,2026-09-15T11:40:00+05:30,1085.800048828125,1086.4000244140625,1084.0999755859375,1084.199951171875,58128.0,yahoo
INFY,5m,2026-09-15T11:45:00+05:30,1084.199951171875,1085.0,1083.300048828125,1084.0,66787.0,yahoo
INFY,5m,2026-09-15T11:50:00+05:30,1084.0,1084.199951171875,1080.199951171875,1081.5,197505.0,yahoo
INFY,5m,2026-09-15T11:55:00+05:30,1080.800048828125,1082.0,1079.4000244140625,1081.5999755859375,363664.0,yahoo
INFY,5m,2026-09-15T12:00:00+05:30,1081.5999755859375,1082.5999755859375,1080.0999755859375,1081.5999755859375,78192.0,yahoo
INFY,5m,2026-09-15T12:05:00+05:30,1082.0,1082.5999755859375,1081.0,1081.0999755859375,65458.0,yahoo
INFY,5m,2026-09-15T12:10:00+05:30,1081.199951171875,1082.0999755859375,1080.9000244140625,1081.5,49452.0,yahoo
INFY,5m,2026-09-15T12:15:00+05:30,1081.5,1085.4000244140625,1081.5,1084.5,136115.0,yahoo
INFY,5m,2026-09-15T12:20:00+05:30,1084.5,1084.800048828125,1081.5999755859375,1081.5999755859375,146471.0,yahoo
INFY,5m,2026-09-15T12:25:00+05:30,1081.699951171875,1081.699951171875,1080.5999755859375,1080.5999755859375,97920.0,yahoo
INFY,5m,2026-09-15T12:30:00+05:30,1080.5999755859375,1080.5999755859375,1078.4000244140625,1078.5,80072.0,yahoo
INFY,5m,2026-09-15T12:35:00+05:30,1078.699951171875,1079.800048828125,1077.9000244140625,1079.300048828125,173244.0,yahoo
INFY,5m,2026-09-15T12:40:00+05:30,1079.0999755859375,1080.0,1078.300048828125,1079.0999755859375,66298.0,yahoo
INFY,5m,2026-09-15T12:45:00+05:30,1079.0999755859375,1079.9000244140625,1078.300048828125,1079.300048828125,37801.0,yahoo
INFY,5m,2026-09-15T12:50:00+05:30,1078.9000244140625,1079.4000244140625,1077.9000244140625,1078.0999755859375,51597.0,yahoo
INFY,5m,2026-09-15T12:55:00+05:30,1078.4000244140625,1078.9000244140625,1075.9000244140625,1076.0999755859375,96778.0,yahoo
INFY,5m,2026-09-15T13:00:00+05:30,1076.0,1076.699951171875,1076.0,1076.5,42648.0,yahoo
INFY,5m,2026-09-15T13:05:00+05:30,1076.199951171875,1076.800048828125,1075.5,1076.0999755859375,55308.0,yahoo
INFY,5m,2026-09-15T13:10:00+05:30,1076.199951171875,1077.5,1075.0,1075.199951171875,98521.0,yahoo
INFY,5m,2026-09-15T13:15:00+05:30,1075.0999755859375,1075.300048828125,1073.699951171875,1073.9000244140625,154528.0,yahoo
INFY,5m,2026-09-15T13:20:00+05:30,1074.0,1074.0,1071.9000244140625,1074.0,167747.0,yahoo
INFY,5m,2026-09-15T13:25:00+05:30,1073.800048828125,1074.9000244140625,1073.800048828125,1074.300048828125,62702.0,yahoo
INFY,5m,2026-09-15T13:30:00+05:30,1074.4000244140625,1074.5999755859375,1073.199951171875,1073.699951171875,90554.0,yahoo
INFY,5m,2026-09-15T13:35:00+05:30,1073.699951171875,1074.199951171875,1073.4000244140625,1073.699951171875,65138.0,yahoo
INFY,5m,2026-09-15T13:40:00+05:30,1073.9000244140625,1074.199951171875,1072.5999755859375,1072.5999755859375,66619.0,yahoo
INFY,5m,2026-09-15T13:45:00+05:30,1073.0,1073.9000244140625,1072.5999755859375,1073.9000244140625,34881.0,yahoo
INFY,5m,2026-09-15T13:50:00+05:30,1073.699951171875,1076.0,1073.0,1073.5,236321.0,yahoo
INFY,5m,2026-09-15T13:55:00+05:30,1073.5,1075.5,1073.5,1075.0,89139.0,yahoo
INFY,5m,2026-09-15T14:00:00+05:30,1074.800048828125,1075.800048828125,1074.0999755859375,1074.5,75973.0,yahoo
INFY,5m,2026-09-15T14:05:00+05:30,1074.5999755859375,1076.300048828125,1074.4000244140625,1076.0999755859375,67922.0,yahoo
INFY,5m,2026-09-15T14:10:00+05:30,1076.0,1076.9000244140625,1074.9000244140625,1074.9000244140625,103039.0,yahoo
INFY,5m,2026-09-15T14:15:00+05:30,1074.9000244140625,1075.5,1074.4000244140625,1074.5999755859375,117573.0,yahoo
INFY,5m,2026-09-15T14:20:00+05:30,1074.5999755859375,1077.300048828125,1074.5999755859375,1075.199951171875,200349.0,yahoo
INFY,5m,2026-09-15T14:25:00+05:30,1075.4000244140625,1076.699951171875,1075.199951171875,1075.800048828125,113304.0,yahoo
INFY,5m,2026-09-15T14:30:00+05:30,1075.699951171875,1076.699951171875,1075.5,1076.4000244140625,93929.0,yahoo
INFY,5m,2026-09-15T14:35:00+05:30,1076.4000244140625,1077.0,1075.300048828125,1076.199951171875,81434.0,yahoo
INFY,5m,2026-09-15T14:40:00+05:30,1076.199951171875,1076.800048828125,1075.4000244140625,1075.699951171875,89567.0,yahoo
INFY,5m,2026-09-15T14:45:00+05:30,1075.699951171875,1078.0999755859375,1075.5,1077.800048828125,160929.0,yahoo
INFY,5m,2026-09-15T14:50:00+05:30,1078.0,1080.0,1078.0,1078.9000244140625,144724.0,yahoo
INFY,5m,2026-09-15T14:55:00+05:30,1079.0,1079.5,1078.0,1078.0999755859375,126487.0,yahoo
INFY,5m,2026-09-15T15:00:00+05:30,1078.0999755859375,1078.199951171875,1075.0,1075.5,183669.0,yahoo
INFY,5m,2026-09-15T15:05:00+05:30,1075.5,1077.199951171875,1074.5,1076.4000244140625,271644.0,yahoo
INFY,5m,2026-09-15T15:10:00+05:30,1076.0,1078.0999755859375,1075.0999755859375,1076.199951171875,420280.0,yahoo
INFY,5m,2026-09-15T15:15:00+05:30,1076.0999755859375,1077.0,1076.0999755859375,1077.0,532826.0,yahoo
ITC,5m,2026-09-15T09:15:00+05:30,261.25,263.25,260.8500061035156,263.25,0.0,yahoo
ITC,5m,2026-09-15T09:20:00+05:30,263.45001220703125,263.70001220703125,262.75,263.5,481961.0,yahoo
ITC,5m,2026-09-15T09:25:00+05:30,263.3999938964844,263.3999938964844,262.79998779296875,263.1499938964844,244198.0,yahoo
ITC,5m,2026-09-15T09:30:00+05:30,263.29998779296875,263.8500061035156,263.0,263.25,245383.0,yahoo
ITC,5m,2026-09-15T09:35:00+05:30,263.20001220703125,263.70001220703125,263.1000061035156,263.45001220703125,248153.0,yahoo
ITC,5m,2026-09-15T09:40:00+05:30,263.45001220703125,263.70001220703125,263.3500061035156,263.45001220703125,146904.0,yahoo
ITC,5m,2026-09-15T09:45:00+05:30,263.5,264.1499938964844,263.29998779296875,263.3999938964844,304238.0,yahoo
ITC,5m,2026-09-15T09:50:00+05:30,263.45001220703125,263.45001220703125,262.6000061035156,262.6000061035156,218759.0,yahoo
ITC,5m,2026-09-15T09:55:00+05:30,262.6000061035156,262.6000061035156,261.8500061035156,262.6000061035156,267373.0,yahoo
ITC,5m,2026-09-15T10:00:00+05:30,262.5,262.5,262.1000061035156,262.25,128732.0,yahoo
ITC,5m,2026-09-15T10:05:00+05:30,262.25,262.6499938964844,262.25,262.3500061035156,142727.0,yahoo
ITC,5m,2026-09-15T10:10:00+05:30,262.29998779296875,262.75,262.25,262.54998779296875,84917.0,yahoo
ITC,5m,2026-09-15T10:15:00+05:30,262.5,262.8999938964844,262.45001220703125,262.8500061035156,77309.0,yahoo
ITC,5m,2026-09-15T10:20:00+05:30,262.8999938964844,262.95001220703125,262.70001220703125,262.95001220703125,72700.0,yahoo
ITC,5m,2026-09-15T10:25:00+05:30,263.0,263.0,262.6000061035156,262.6499938964844,84345.0,yahoo
ITC,5m,2026-09-15T10:30:00+05:30,262.6499938964844,262.6499938964844,262.1499938964844,262.1499938964844,146900.0,yahoo
ITC,5m,2026-09-15T10:35:00+05:30,262.1000061035156,262.6499938964844,261.95001220703125,262.6000061035156,333851.0,yahoo
ITC,5m,2026-09-15T10:40:00+05:30,262.5,262.5,261.6000061035156,261.70001220703125,494470.0,yahoo
ITC,5m,2026-09-15T10:45:00+05:30,261.70001220703125,261.75,261.1499938964844,261.25,158220.0,yahoo
ITC,5m,2026-09-15T10:50:00+05:30,261.25,261.29998779296875,260.8500061035156,260.8500061035156,439606.0,yahoo
ITC,5m,2026-09-15T10:55:00+05:30,260.95001220703125,261.0,260.79998779296875,261.0,93685.0,yahoo
ITC,5m,2026-09-15T11:00:00+05:30,260.95001220703125,261.20001220703125,260.95001220703125,261.20001220703125,348366.0,yahoo
ITC,5m,2026-09-15T11:05:00+05:30,261.20001220703125,261.25,260.95001220703125,261.1000061035156,99250.0,yahoo
ITC,5m,2026-09-15T11:10:00+05:30,261.1499938964844,261.5,261.04998779296875,261.29998779296875,122589.0,yahoo
ITC,5m,2026-09-15T11:15:00+05:30,261.25,261.3999938964844,261.1499938964844,261.25,82783.0,yahoo
ITC,5m,2026-09-15T11:20:00+05:30,261.25,261.3500061035156,261.1499938964844,261.20001220703125,73589.0,yahoo
ITC,5m,2026-09-15T11:25:00+05:30,261.25,261.3500061035156,261.1499938964844,261.29998779296875,66372.0,yahoo
ITC,5m,2026-09-15T11:30:00+05:30,261.29998779296875,261.3500061035156,261.20001220703125,261.25,64021.0,yahoo
ITC,5m,2026-09-15T11:35:00+05:30,261.3500061035156,261.70001220703125,261.25,261.45001220703125,88626.0,yahoo
ITC,5m,2026-09-15T11:40:00+05:30,261.54998779296875,261.54998779296875,261.25,261.3999938964844,80877.0,yahoo
ITC,5m,2026-09-15T11:45:00+05:30,261.3500061035156,261.6000061035156,261.29998779296875,261.3500061035156,75326.0,yahoo
ITC,5m,2026-09-15T11:50:00+05:30,261.29998779296875,261.5,261.04998779296875,261.1000061035156,152671.0,yahoo
ITC,5m,2026-09-15T11:55:00+05:30,261.20001220703125,261.3999938964844,261.04998779296875,261.3999938964844,91256.0,yahoo
ITC,5m,2026-09-15T12:00:00+05:30,261.3999938964844,261.70001220703125,261.3500061035156,261.54998779296875,69743.0,yahoo
ITC,5m,2026-09-15T12:05:00+05:30,261.6499938964844,261.79998779296875,261.3500061035156,261.3999938964844,135533.0,yahoo
ITC,5m,2026-09-15T12:10:00+05:30,261.5,261.6000061035156,261.25,261.45001220703125,62874.0,yahoo
ITC,5m,2026-09-15T12:15:00+05:30,261.54998779296875,261.54998779296875,261.1000061035156,261.20001220703125,96373.0,yahoo
ITC,5m,2026-09-15T12:20:00+05:30,261.1000061035156,261.3500061035156,261.1000061035156,261.29998779296875,48984.0,yahoo
ITC,5m,2026-09-15T12:25:00+05:30,261.29998779296875,261.3500061035156,261.1499938964844,261.29998779296875,62318.0,yahoo
ITC,5m,2026-09-15T12:30:00+05:30,261.3500061035156,261.3500061035156,260.79998779296875,261.0,119994.0,yahoo
ITC,5m,2026-09-15T12:35:00+05:30,261.0,261.1499938964844,260.8999938964844,261.0,74086.0,yahoo
ITC,5m,2026-09-15T12:40:00+05:30,261.04998779296875,261.1499938964844,260.8500061035156,260.8500061035156,114113.0,yahoo
ITC,5m,2026-09-15T12:45:00+05:30,260.8500061035156,261.0,260.8500061035156,260.95001220703125,67064.0,yahoo
ITC,5m,2026-09-15T12:50:00+05:30,260.95001220703125,261.0,260.8500061035156,260.8999938964844,67497.0,yahoo
ITC,5m,2026-09-15T12:55:00+05:30,260.8500061035156,260.8999938964844,260.5,260.6000061035156,130207.0,yahoo
ITC,5m,2026-09-15T13:00:00+05:30,260.6499938964844,260.75,260.3500061035156,260.54998779296875,255451.0,yahoo
ITC,5m,2026-09-15T13:05:00+05:30,260.6000061035156,260.79998779296875,260.5,260.70001220703125,60198.0,yahoo
ITC,5m,2026-09-15T13:10:00+05:30,260.75,260.79998779296875,260.45001220703125,260.6000061035156,87079.0,yahoo
ITC,5m,2026-09-15T13:15:00+05:30,260.6499938964844,260.70001220703125,260.45001220703125,260.6000061035156,87565.0,yahoo
ITC,5m,2026-09-15T13:20:00+05:30,260.6499938964844,260.6499938964844,260.5,260.54998779296875,62826.0,yahoo
ITC,5m,2026-09-15T13:25:00+05:30,260.6000061035156,260.75,260.54998779296875,260.6000061035156,64158.0,yahoo
ITC,5m,2026-09-15T13:30:00+05:30,260.6499938964844,260.6499938964844,260.3999938964844,260.6000061035156,77848.0,yahoo
ITC,5m,2026-09-15T13:35:00+05:30,260.6000061035156,260.70001220703125,260.3999938964844,260.5,87660.0,yahoo
ITC,5m,2026-09-15T13:40:00+05:30,260.45001220703125,260.54998779296875,260.25,260.29998779296875,82097.0,yahoo
ITC,5m,2026-09-15T13:45:00+05:30,260.29998779296875,260.5,260.29998779296875,260.5,61652.0,yahoo
ITC,5m,2026-09-15T13:50:00+05:30,260.6000061035156,260.75,260.3999938964844,260.3999938964844,83422.0,yahoo
ITC,5m,2026-09-15T13:55:00+05:30,260.5,260.6499938964844,260.3500061035156,260.6499938964844,58135.0,yahoo
ITC,5m,2026-09-15T14:00:00+05:30,260.45001220703125,260.79998779296875,260.25,260.6000061035156,162604.0,yahoo
ITC,5m,2026-09-15T14:05:00+05:30,260.6000061035156,260.70001220703125,260.3500061035156,260.3999938964844,120012.0,yahoo
ITC,5m,2026-09-15T14:10:00+05:30,260.3999938964844,260.54998779296875,260.20001220703125,260.20001220703125,86168.0,yahoo
ITC,5m,2026-09-15T14:15:00+05:30,260.20001220703125,260.25,259.6000061035156,259.79998779296875,220278.0,yahoo
ITC,5m,2026-09-15T14:20:00+05:30,259.79998779296875,260.1000061035156,259.70001220703125,259.8999938964844,245690.0,yahoo
ITC,5m,2026-09-15T14:25:00+05:30,259.8500061035156,260.0,259.6000061035156,259.75,153660.0,yahoo
ITC,5m,2026-09-15T14:30:00+05:30,259.79998779296875,260.0,259.70001220703125,259.75,116772.0,yahoo
ITC,5m,2026-09-15T14:35:00+05:30,259.70001220703125,259.8500061035156,259.70001220703125,259.75,99001.0,yahoo
ITC,5m,2026-09-15T14:40:00+05:30,259.70001220703125,259.8500061035156,259.6499938964844,259.79998779296875,107415.0,yahoo
ITC,5m,2026-09-15T14:45:00+05:30,259.75,259.75,258.8999938964844,259.25,273273.0,yahoo
ITC,5m,2026-09-15T14:50:00+05:30,259.20001220703125,259.54998779296875,259.20001220703125,259.29998779296875,165547.0,yahoo
ITC,5m,2026-09-15T14:55:00+05:30,259.29998779296875,259.5,259.25,259.29998779296875,185378.0,yahoo
ITC,5m,2026-09-15T15:00:00+05:30,259.29998779296875,259.29998779296875,259.1000061035156,259.1499938964844,216011.0,yahoo
ITC,5m,2026-09-15T15:05:00+05:30,259.20001220703125,259.3500061035156,259.04998779296875,259.25,331952.0,yahoo
ITC,5m,2026-09-15T15:10:00+05:30,259.25,259.6499938964844,259.25,259.45001220703125,360580.0,yahoo
ITC,5m,2026-09-15T15:15:00+05:30,259.54998779296875,259.54998779296875,258.0,258.0,495249.0,yahoo
JIOFIN,5m,2026-09-15T09:15:00+05:30,230.5,231.8000030517578,230.5,230.97999572753906,0.0,yahoo
JIOFIN,5m,2026-09-15T09:20:00+05:30,230.89999389648438,231.0,230.35000610351562,230.38999938964844,493270.0,yahoo
JIOFIN,5m,2026-09-15T09:25:00+05:30,230.35000610351562,230.35000610351562,229.7899932861328,230.22000122070312,464803.0,yahoo
JIOFIN,5m,2026-09-15T09:30:00+05:30,230.27000427246094,230.5,230.1999969482422,230.39999389648438,196613.0,yahoo
JIOFIN,5m,2026-09-15T09:35:00+05:30,230.4499969482422,231.49000549316406,230.44000244140625,231.44000244140625,675731.0,yahoo
JIOFIN,5m,2026-09-15T09:40:00+05:30,231.4499969482422,231.60000610351562,231.3000030517578,231.44000244140625,214692.0,yahoo
JIOFIN,5m,2026-09-15T09:45:00+05:30,231.3300018310547,231.44000244140625,231.0,231.1999969482422,198964.0,yahoo
JIOFIN,5m,2026-09-15T09:50:00+05:30,231.25999450683594,231.25999450683594,230.97000122070312,230.97000122070312,410963.0,yahoo
JIOFIN,5m,2026-09-15T09:55:00+05:30,230.8800048828125,230.89999389648438,230.14999389648438,230.5399932861328,365802.0,yahoo
JIOFIN,5m,2026-09-15T10:00:00+05:30,230.72999572753906,230.85000610351562,230.27000427246094,230.3800048828125,208881.0,yahoo
JIOFIN,5m,2026-09-15T10:05:00+05:30,230.5,230.60000610351562,230.3000030517578,230.3000030517578,69156.0,yahoo
JIOFIN,5m,2026-09-15T10:10:00+05:30,230.24000549316406,230.74000549316406,230.24000549316406,230.7100067138672,79075.0,yahoo
JIOFIN,5m,2026-09-15T10:15:00+05:30,230.67999267578125,230.74000549316406,230.3800048828125,230.67999267578125,171230.0,yahoo
JIOFIN,5m,2026-09-15T10:20:00+05:30,230.67999267578125,230.8000030517578,230.5,230.77999877929688,49008.0,yahoo
JIOFIN,5m,2026-09-15T10:25:00+05:30,230.77999877929688,230.89999389648438,230.5500030517578,230.5500030517578,82509.0,yahoo
JIOFIN,5m,2026-09-15T10:30:00+05:30,230.5399932861328,230.7100067138672,230.3000030517578,230.5500030517578,75432.0,yahoo
JIOFIN,5m,2026-09-15T10:35:00+05:30,230.60000610351562,230.6999969482422,230.50999450683594,230.6199951171875,59954.0,yahoo
JIOFIN,5m,2026-09-15T10:40:00+05:30,230.63999938964844,230.63999938964844,230.1999969482422,230.1999969482422,80148.0,yahoo
JIOFIN,5m,2026-09-15T10:45:00+05:30,230.1699981689453,230.2899932861328,230.07000732421875,230.08999633789062,108884.0,yahoo
JIOFIN,5m,2026-09-15T10:50:00+05:30,230.16000366210938,230.33999633789062,230.0800018310547,230.13999938964844,115145.0,yahoo
JIOFIN,5m,2026-09-15T10:55:00+05:30,230.1999969482422,230.39999389648438,230.02999877929688,230.39999389648438,82178.0,yahoo
JIOFIN,5m,2026-09-15T11:00:00+05:30,230.39999389648438,230.8699951171875,230.38999938964844,230.8000030517578,106766.0,yahoo
JIOFIN,5m,2026-09-15T11:05:00+05:30,230.7899932861328,230.83999633789062,230.47999572753906,230.5,45675.0,yahoo
JIOFIN,5m,2026-09-15T11:10:00+05:30,230.2899932861328,230.8000030517578,230.2899932861328,230.72999572753906,134925.0,yahoo
JIOFIN,5m,2026-09-15T11:15:00+05:30,230.66000366210938,230.77999877929688,230.02999877929688,230.05999755859375,47254.0,yahoo
JIOFIN,5m,2026-09-15T11:20:00+05:30,230.02000427246094,230.36000061035156,229.86000061035156,230.25,171829.0,yahoo
JIOFIN,5m,2026-09-15T11:25:00+05:30,230.33999633789062,230.3800048828125,230.11000061035156,230.22000122070312,105680.0,yahoo
JIOFIN,5m,2026-09-15T11:30:00+05:30,230.30999755859375,230.61000061035156,230.17999267578125,230.4499969482422,83474.0,yahoo
JIOFIN,5m,2026-09-15T11:35:00+05:30,230.49000549316406,230.5800018310547,230.30999755859375,230.52000427246094,46422.0,yahoo
JIOFIN,5m,2026-09-15T11:40:00+05:30,230.5399932861328,230.5399932861328,230.27999877929688,230.39999389648438,60327.0,yahoo
JIOFIN,5m,2026-09-15T11:45:00+05:30,230.4199981689453,230.6300048828125,230.36000061035156,230.42999267578125,50365.0,yahoo
JIOFIN,5m,2026-09-15T11:50:00+05:30,230.42999267578125,230.63999938964844,230.35000610351562,230.36000061035156,66373.0,yahoo
JIOFIN,5m,2026-09-15T11:55:00+05:30,230.39999389648438,230.47000122070312,230.33999633789062,230.4199981689453,80868.0,yahoo
JIOFIN,5m,2026-09-15T12:00:00+05:30,230.38999938964844,230.5,230.27000427246094,230.42999267578125,95175.0,yahoo
JIOFIN,5m,2026-09-15T12:05:00+05:30,230.42999267578125,230.47999572753906,229.89999389648438,229.97000122070312,107126.0,yahoo
JIOFIN,5m,2026-09-15T12:10:00+05:30,229.97000122070312,230.0399932861328,229.80999755859375,229.97999572753906,71763.0,yahoo
JIOFIN,5m,2026-09-15T12:15:00+05:30,229.89999389648438,230.0,229.5800018310547,229.6999969482422,130128.0,yahoo
JIOFIN,5m,2026-09-15T12:20:00+05:30,229.75999450683594,229.8699951171875,229.6999969482422,229.85000610351562,38617.0,yahoo
JIOFIN,5m,2026-09-15T12:25:00+05:30,229.8300018310547,229.85000610351562,229.6300048828125,229.75,120499.0,yahoo
JIOFIN,5m,2026-09-15T12:30:00+05:30,229.75,229.75999450683594,229.3000030517578,229.32000732421875,108904.0,yahoo
JIOFIN,5m,2026-09-15T12:35:00+05:30,229.3000030517578,229.72000122070312,229.25,229.38999938964844,62284.0,yahoo
JIOFIN,5m,2026-09-15T12:40:00+05:30,229.44000244140625,229.8800048828125,229.32000732421875,229.72999572753906,51763.0,yahoo
JIOFIN,5m,2026-09-15T12:45:00+05:30,229.72999572753906,229.75,229.14999389648438,229.32000732421875,487271.0,yahoo
JIOFIN,5m,2026-09-15T12:50:00+05:30,229.36000061035156,229.57000732421875,229.27000427246094,229.38999938964844,57463.0,yahoo
JIOFIN,5m,2026-09-15T12:55:00+05:30,229.38999938964844,229.47999572753906,229.0,229.11000061035156,103274.0,yahoo
JIOFIN,5m,2026-09-15T13:00:00+05:30,229.08999633789062,229.25999450683594,229.0,229.11000061035156,80186.0,yahoo
JIOFIN,5m,2026-09-15T13:05:00+05:30,229.11000061035156,229.1999969482422,228.88999938964844,228.88999938964844,73595.0,yahoo
JIOFIN,5m,2026-09-15T13:10:00+05:30,228.89999389648438,228.97999572753906,228.75999450683594,228.83999633789062,60755.0,yahoo
JIOFIN,5m,2026-09-15T13:15:00+05:30,228.80999755859375,229.22999572753906,228.77999877929688,229.0800018310547,272743.0,yahoo
JIOFIN,5m,2026-09-15T13:20:00+05:30,229.0800018310547,229.14999389648438,228.8000030517578,228.82000732421875,91745.0,yahoo
JIOFIN,5m,2026-09-15T13:25:00+05:30,228.82000732421875,228.9499969482422,228.8000030517578,228.82000732421875,52808.0,yahoo
JIOFIN,5m,2026-09-15T13:30:00+05:30,228.80999755859375,228.94000244140625,228.3800048828125,228.52999877929688,261575.0,yahoo
JIOFIN,5m,2026-09-15T13:35:00+05:30,228.52999877929688,228.83999633789062,228.5,228.5,68512.0,yahoo
JIOFIN,5m,2026-09-15T13:40:00+05:30,228.4499969482422,228.4600067138672,228.13999938964844,228.2100067138672,99244.0,yahoo
JIOFIN,5m,2026-09-15T13:45:00+05:30,228.2100067138672,228.38999938964844,228.2100067138672,228.3800048828125,58494.0,yahoo
JIOFIN,5m,2026-09-15T13:50:00+05:30,228.3800048828125,228.4600067138672,228.27000427246094,228.38999938964844,40728.0,yahoo
JIOFIN,5m,2026-09-15T13:55:00+05:30,228.39999389648438,228.39999389648438,228.25,228.3000030517578,37042.0,yahoo
JIOFIN,5m,2026-09-15T14:00:00+05:30,228.3000030517578,228.32000732421875,228.1999969482422,228.1999969482422,84932.0,yahoo
JIOFIN,5m,2026-09-15T14:05:00+05:30,228.22999572753906,228.32000732421875,228.0500030517578,228.0500030517578,62641.0,yahoo
JIOFIN,5m,2026-09-15T14:10:00+05:30,228.0500030517578,228.10000610351562,227.67999267578125,227.67999267578125,617433.0,yahoo
JIOFIN,5m,2026-09-15T14:15:00+05:30,227.6699981689453,227.67999267578125,227.27000427246094,227.42999267578125,227892.0,yahoo
JIOFIN,5m,2026-09-15T14:20:00+05:30,227.4199981689453,227.5800018310547,227.14999389648438,227.19000244140625,108976.0,yahoo
JIOFIN,5m,2026-09-15T14:25:00+05:30,227.14999389648438,227.16000366210938,226.9499969482422,227.0399932861328,225286.0,yahoo
JIOFIN,5m,2026-09-15T14:30:00+05:30,227.0,227.14999389648438,226.85000610351562,227.08999633789062,121563.0,yahoo
JIOFIN,5m,2026-09-15T14:35:00+05:30,227.0500030517578,227.25999450683594,227.00999450683594,227.1999969482422,90507.0,yahoo
JIOFIN,5m,2026-09-15T14:40:00+05:30,227.1699981689453,227.4600067138672,227.14999389648438,227.4499969482422,96098.0,yahoo
JIOFIN,5m,2026-09-15T14:45:00+05:30,227.41000366210938,227.41000366210938,226.5,226.72999572753906,335707.0,yahoo
JIOFIN,5m,2026-09-15T14:50:00+05:30,226.77000427246094,227.11000061035156,226.74000549316406,226.8000030517578,649798.0,yahoo
JIOFIN,5m,2026-09-15T14:55:00+05:30,226.8000030517578,227.02999877929688,226.75999450683594,226.85000610351562,143954.0,yahoo
JIOFIN,5m,2026-09-15T15:00:00+05:30,226.85000610351562,227.0800018310547,226.6300048828125,226.75,343285.0,yahoo
JIOFIN,5m,2026-09-15T15:05:00+05:30,226.75,226.75,226.5399932861328,226.55999755859375,437472.0,yahoo
JIOFIN,5m,2026-09-15T15:10:00+05:30,226.50999450683594,226.6999969482422,226.39999389648438,226.6999969482422,377838.0,yahoo
JIOFIN,5m,2026-09-15T15:15:00+05:30,226.5500030517578,226.6999969482422,225.60000610351562,225.60000610351562,348996.0,yahoo
JSWENERGY,5m,2026-09-15T09:15:00+05:30,526.25,526.25,518.8499755859375,522.0999755859375,0.0,yahoo
JSWENERGY,5m,2026-09-15T09:20:00+05:30,522.0499877929688,522.2000122070312,521.0,521.7999877929688,17736.0,yahoo
JSWENERGY,5m,2026-09-15T09:25:00+05:30,521.5499877929688,521.75,519.8499755859375,520.5,18740.0,yahoo
JSWENERGY,5m,2026-09-15T09:30:00+05:30,520.4500122070312,520.7999877929688,520.0,520.25,21029.0,yahoo
JSWENERGY,5m,2026-09-15T09:35:00+05:30,520.25,520.75,519.7000122070312,520.25,16333.0,yahoo
JSWENERGY,5m,2026-09-15T09:40:00+05:30,520.25,521.0499877929688,519.75,519.75,13365.0,yahoo
JSWENERGY,5m,2026-09-15T09:45:00+05:30,519.7999877929688,520.0499877929688,518.5499877929688,518.7000122070312,16540.0,yahoo
JSWENERGY,5m,2026-09-15T09:50:00+05:30,518.6500244140625,518.6500244140625,518.0999755859375,518.4000244140625,15917.0,yahoo
JSWENERGY,5m,2026-09-15T09:55:00+05:30,518.4000244140625,518.5,517.6500244140625,518.2999877929688,15614.0,yahoo
JSWENERGY,5m,2026-09-15T10:00:00+05:30,518.2999877929688,518.6500244140625,517.9500122070312,518.2000122070312,13518.0,yahoo
JSWENERGY,5m,2026-09-15T10:05:00+05:30,518.2000122070312,519.0,518.2000122070312,518.4000244140625,4320.0,yahoo
JSWENERGY,5m,2026-09-15T10:10:00+05:30,518.4000244140625,519.2999877929688,518.4000244140625,518.75,6296.0,yahoo
JSWENERGY,5m,2026-09-15T10:15:00+05:30,518.75,518.9500122070312,518.3499755859375,518.9500122070312,4468.0,yahoo
JSWENERGY,5m,2026-09-15T10:20:00+05:30,518.7000122070312,519.1500244140625,518.5,518.9000244140625,8481.0,yahoo
JSWENERGY,5m,2026-09-15T10:25:00+05:30,518.9000244140625,519.0999755859375,518.5,518.5,4744.0,yahoo
JSWENERGY,5m,2026-09-15T10:30:00+05:30,518.5,518.9500122070312,518.2999877929688,518.4500122070312,3196.0,yahoo
JSWENERGY,5m,2026-09-15T10:35:00+05:30,518.5499877929688,519.3499755859375,518.5499877929688,519.1500244140625,3467.0,yahoo
JSWENERGY,5m,2026-09-15T10:40:00+05:30,519.1500244140625,519.3499755859375,518.1500244140625,518.25,4727.0,yahoo
JSWENERGY,5m,2026-09-15T10:45:00+05:30,518.25,518.25,517.0999755859375,517.2000122070312,16280.0,yahoo
JSWENERGY,5m,2026-09-15T10:50:00+05:30,517.2000122070312,517.4000244140625,516.5999755859375,516.7000122070312,8194.0,yahoo
JSWENERGY,5m,2026-09-15T10:55:00+05:30,516.7000122070312,516.9000244140625,516.5999755859375,516.75,10053.0,yahoo
JSWENERGY,5m,2026-09-15T11:00:00+05:30,516.7999877929688,517.5,516.7000122070312,517.5,6824.0,yahoo
JSWENERGY,5m,2026-09-15T11:05:00+05:30,517.3499755859375,517.3499755859375,516.25,516.5,8936.0,yahoo
JSWENERGY,5m,2026-09-15T11:10:00+05:30,516.5,516.6500244140625,516.0,516.2999877929688,8520.0,yahoo
JSWENERGY,5m,2026-09-15T11:15:00+05:30,516.2999877929688,516.4000244140625,515.75,515.75,7955.0,yahoo
JSWENERGY,5m,2026-09-15T11:20:00+05:30,515.5999755859375,516.2000122070312,515.2000122070312,515.9000244140625,10670.0,yahoo
JSWENERGY,5m,2026-09-15T11:25:00+05:30,515.9000244140625,516.0,515.2999877929688,515.3499755859375,7523.0,yahoo
JSWENERGY,5m,2026-09-15T11:30:00+05:30,515.3499755859375,516.4500122070312,515.3499755859375,516.4500122070312,3708.0,yahoo
JSWENERGY,5m,2026-09-15T11:35:00+05:30,516.4500122070312,516.4500122070312,515.5999755859375,515.6500244140625,24818.0,yahoo
JSWENERGY,5m,2026-09-15T11:40:00+05:30,515.75,515.75,514.7000122070312,514.9000244140625,15094.0,yahoo
JSWENERGY,5m,2026-09-15T11:45:00+05:30,514.8499755859375,515.2000122070312,514.5499877929688,514.5499877929688,5011.0,yahoo
JSWENERGY,5m,2026-09-15T11:50:00+05:30,514.5499877929688,515.4500122070312,514.3499755859375,514.7999877929688,17385.0,yahoo
JSWENERGY,5m,2026-09-15T11:55:00+05:30,514.7999877929688,515.0,514.4500122070312,514.5499877929688,6816.0,yahoo
JSWENERGY,5m,2026-09-15T12:00:00+05:30,514.7999877929688,515.0499877929688,514.7000122070312,515.0499877929688,16741.0,yahoo
JSWENERGY,5m,2026-09-15T12:05:00+05:30,515.0499877929688,515.4500122070312,515.0499877929688,515.2000122070312,4586.0,yahoo
JSWENERGY,5m,2026-09-15T12:10:00+05:30,515.25,515.4000244140625,515.0,515.0499877929688,4776.0,yahoo
JSWENERGY,5m,2026-09-15T12:15:00+05:30,515.0999755859375,515.2999877929688,514.5,514.5499877929688,3436.0,yahoo
JSWENERGY,5m,2026-09-15T12:20:00+05:30,514.5499877929688,515.0999755859375,514.5499877929688,514.9500122070312,6845.0,yahoo
JSWENERGY,5m,2026-09-15T12:25:00+05:30,514.9500122070312,515.0,514.5,514.5,5818.0,yahoo
JSWENERGY,5m,2026-09-15T12:30:00+05:30,514.5,514.7000122070312,514.0999755859375,514.2000122070312,7704.0,yahoo
JSWENERGY,5m,2026-09-15T12:35:00+05:30,514.2000122070312,514.5,514.2000122070312,514.2000122070312,4017.0,yahoo
JSWENERGY,5m,2026-09-15T12:40:00+05:30,514.2000122070312,514.4500122070312,514.2000122070312,514.2000122070312,4358.0,yahoo
JSWENERGY,5m,2026-09-15T12:45:00+05:30,514.2000122070312,514.75,514.0499877929688,514.5,3339.0,yahoo
JSWENERGY,5m,2026-09-15T12:50:00+05:30,514.3499755859375,515.0999755859375,514.3499755859375,514.5999755859375,6789.0,yahoo
JSWENERGY,5m,2026-09-15T12:55:00+05:30,514.5999755859375,514.7999877929688,513.4500122070312,513.4500122070312,8042.0,yahoo
JSWENERGY,5m,2026-09-15T13:00:00+05:30,513.7000122070312,513.7000122070312,513.2999877929688,513.7000122070312,6486.0,yahoo
JSWENERGY,5m,2026-09-15T13:05:00+05:30,513.7000122070312,514.3499755859375,513.4500122070312,514.0,5912.0,yahoo
JSWENERGY,5m,2026-09-15T13:10:00+05:30,514.25,514.4000244140625,513.6500244140625,514.0999755859375,5879.0,yahoo
JSWENERGY,5m,2026-09-15T13:15:00+05:30,514.0999755859375,514.2999877929688,513.6500244140625,513.9500122070312,12370.0,yahoo
JSWENERGY,5m,2026-09-15T13:20:00+05:30,513.9500122070312,513.9500122070312,513.5999755859375,513.5999755859375,9255.0,yahoo
JSWENERGY,5m,2026-09-15T13:25:00+05:30,513.5999755859375,513.8499755859375,512.5499877929688,512.8499755859375,17321.0,yahoo
JSWENERGY,5m,2026-09-15T13:30:00+05:30,512.5499877929688,512.8499755859375,512.0999755859375,512.2999877929688,18520.0,yahoo
JSWENERGY,5m,2026-09-15T13:35:00+05:30,512.25,512.75,512.0999755859375,512.0999755859375,5163.0,yahoo
JSWENERGY,5m,2026-09-15T13:40:00+05:30,512.0499877929688,512.0499877929688,511.6000061035156,511.95001220703125,8960.0,yahoo
JSWENERGY,5m,2026-09-15T13:45:00+05:30,511.6499938964844,512.25,511.6000061035156,512.0999755859375,4604.0,yahoo
JSWENERGY,5m,2026-09-15T13:50:00+05:30,512.1500244140625,512.5499877929688,511.95001220703125,512.0,4979.0,yahoo
JSWENERGY,5m,2026-09-15T13:55:00+05:30,512.0,512.1500244140625,511.70001220703125,511.8999938964844,2507.0,yahoo
JSWENERGY,5m,2026-09-15T14:00:00+05:30,511.79998779296875,511.79998779296875,511.20001220703125,511.29998779296875,4454.0,yahoo
JSWENERGY,5m,2026-09-15T14:05:00+05:30,511.29998779296875,511.54998779296875,510.04998779296875,510.45001220703125,22044.0,yahoo
JSWENERGY,5m,2026-09-15T14:10:00+05:30,510.29998779296875,510.5,508.6000061035156,509.25,21277.0,yahoo
JSWENERGY,5m,2026-09-15T14:15:00+05:30,509.25,509.45001220703125,508.1499938964844,508.54998779296875,5249.0,yahoo
JSWENERGY,5m,2026-09-15T14:20:00+05:30,508.20001220703125,509.20001220703125,508.20001220703125,508.79998779296875,22317.0,yahoo
JSWENERGY,5m,2026-09-15T14:25:00+05:30,508.95001220703125,509.1000061035156,508.20001220703125,508.20001220703125,21759.0,yahoo
JSWENERGY,5m,2026-09-15T14:30:00+05:30,508.3999938964844,508.8500061035156,508.1499938964844,508.6000061035156,16128.0,yahoo
JSWENERGY,5m,2026-09-15T14:35:00+05:30,508.8500061035156,509.45001220703125,508.5,509.3999938964844,8057.0,yahoo
JSWENERGY,5m,2026-09-15T14:40:00+05:30,509.3500061035156,509.5,508.8500061035156,509.1000061035156,9808.0,yahoo
JSWENERGY,5m,2026-09-15T14:45:00+05:30,509.1499938964844,509.1499938964844,506.8999938964844,507.45001220703125,14403.0,yahoo
JSWENERGY,5m,2026-09-15T14:50:00+05:30,507.45001220703125,508.3500061035156,507.0,507.45001220703125,15668.0,yahoo
JSWENERGY,5m,2026-09-15T14:55:00+05:30,507.8999938964844,508.25,507.29998779296875,507.54998779296875,12330.0,yahoo
JSWENERGY,5m,2026-09-15T15:00:00+05:30,507.29998779296875,507.5,506.25,506.45001220703125,40567.0,yahoo
JSWENERGY,5m,2026-09-15T15:05:00+05:30,506.45001220703125,506.8500061035156,506.0,506.6499938964844,18507.0,yahoo
JSWENERGY,5m,2026-09-15T15:10:00+05:30,506.6499938964844,507.04998779296875,505.1499938964844,505.1499938964844,72673.0,yahoo
JSWENERGY,5m,2026-09-15T15:15:00+05:30,505.1000061035156,505.1000061035156,505.0,505.0,17573.0,yahoo
JSWSTEEL,5m,2026-09-15T09:15:00+05:30,1265.699951171875,1265.699951171875,1252.199951171875,1257.5999755859375,0.0,yahoo
JSWSTEEL,5m,2026-09-15T09:20:00+05:30,1257.9000244140625,1264.4000244140625,1256.300048828125,1263.0,51498.0,yahoo
JSWSTEEL,5m,2026-09-15T09:25:00+05:30,1262.5999755859375,1262.800048828125,1259.5,1260.5999755859375,26543.0,yahoo
JSWSTEEL,5m,2026-09-15T09:30:00+05:30,1260.5999755859375,1260.5999755859375,1257.0999755859375,1257.5999755859375,27051.0,yahoo
JSWSTEEL,5m,2026-09-15T09:35:00+05:30,1258.300048828125,1258.5999755859375,1255.800048828125,1257.4000244140625,20688.0,yahoo
JSWSTEEL,5m,2026-09-15T09:40:00+05:30,1257.4000244140625,1257.5999755859375,1255.5,1255.5,12728.0,yahoo
JSWSTEEL,5m,2026-09-15T09:45:00+05:30,1255.199951171875,1255.199951171875,1253.4000244140625,1254.0999755859375,13990.0,yahoo
JSWSTEEL,5m,2026-09-15T09:50:00+05:30,1253.800048828125,1254.199951171875,1252.5999755859375,1252.9000244140625,22028.0,yahoo
JSWSTEEL,5m,2026-09-15T09:55:00+05:30,1252.5999755859375,1252.800048828125,1250.9000244140625,1252.5,16137.0,yahoo
JSWSTEEL,5m,2026-09-15T10:00:00+05:30,1251.699951171875,1252.800048828125,1250.5999755859375,1252.800048828125,21338.0,yahoo
JSWSTEEL,5m,2026-09-15T10:05:00+05:30,1252.800048828125,1253.0999755859375,1251.5999755859375,1252.0,7700.0,yahoo
JSWSTEEL,5m,2026-09-15T10:10:00+05:30,1252.0,1254.5,1251.5999755859375,1254.0,5532.0,yahoo
JSWSTEEL,5m,2026-09-15T10:15:00+05:30,1253.199951171875,1254.4000244140625,1252.800048828125,1254.0,4866.0,yahoo
JSWSTEEL,5m,2026-09-15T10:20:00+05:30,1253.9000244140625,1254.4000244140625,1253.199951171875,1253.5999755859375,5985.0,yahoo
JSWSTEEL,5m,2026-09-15T10:25:00+05:30,1253.300048828125,1253.699951171875,1251.5999755859375,1251.5999755859375,17957.0,yahoo
JSWSTEEL,5m,2026-09-15T10:30:00+05:30,1251.699951171875,1252.4000244140625,1251.0999755859375,1252.4000244140625,6398.0,yahoo
JSWSTEEL,5m,2026-09-15T10:35:00+05:30,1252.4000244140625,1253.0999755859375,1251.800048828125,1252.4000244140625,7646.0,yahoo
JSWSTEEL,5m,2026-09-15T10:40:00+05:30,1252.4000244140625,1252.9000244140625,1250.0,1250.4000244140625,20364.0,yahoo
JSWSTEEL,5m,2026-09-15T10:45:00+05:30,1250.4000244140625,1251.0,1249.5,1249.800048828125,16484.0,yahoo
JSWSTEEL,5m,2026-09-15T10:50:00+05:30,1250.300048828125,1250.699951171875,1249.300048828125,1249.5999755859375,13244.0,yahoo
JSWSTEEL,5m,2026-09-15T10:55:00+05:30,1249.9000244140625,1250.199951171875,1249.199951171875,1249.699951171875,11186.0,yahoo
JSWSTEEL,5m,2026-09-15T11:00:00+05:30,1250.0999755859375,1251.5,1249.5,1251.5,7324.0,yahoo
JSWSTEEL,5m,2026-09-15T11:05:00+05:30,1251.0999755859375,1252.0999755859375,1250.0999755859375,1250.199951171875,10819.0,yahoo
JSWSTEEL,5m,2026-09-15T11:10:00+05:30,1250.4000244140625,1251.800048828125,1250.0,1250.800048828125,16265.0,yahoo
JSWSTEEL,5m,2026-09-15T11:15:00+05:30,1250.699951171875,1250.9000244140625,1247.800048828125,1248.5,11487.0,yahoo
JSWSTEEL,5m,2026-09-15T11:20:00+05:30,1248.199951171875,1249.5999755859375,1248.0,1248.800048828125,4546.0,yahoo
JSWSTEEL,5m,2026-09-15T11:25:00+05:30,1248.800048828125,1249.4000244140625,1248.0,1248.5999755859375,8757.0,yahoo
JSWSTEEL,5m,2026-09-15T11:30:00+05:30,1248.5999755859375,1248.5999755859375,1244.5,1244.5999755859375,13403.0,yahoo
JSWSTEEL,5m,2026-09-15T11:35:00+05:30,1244.5999755859375,1244.9000244140625,1243.300048828125,1243.300048828125,6468.0,yahoo
JSWSTEEL,5m,2026-09-15T11:40:00+05:30,1243.4000244140625,1243.5999755859375,1242.699951171875,1243.0,4524.0,yahoo
JSWSTEEL,5m,2026-09-15T11:45:00+05:30,1242.9000244140625,1243.199951171875,1241.300048828125,1241.300048828125,4738.0,yahoo
JSWSTEEL,5m,2026-09-15T11:50:00+05:30,1241.300048828125,1243.0,1241.0999755859375,1242.0999755859375,11582.0,yahoo
JSWSTEEL,5m,2026-09-15T11:55:00+05:30,1242.0,1243.9000244140625,1241.5,1241.5,6323.0,yahoo
JSWSTEEL,5m,2026-09-15T12:00:00+05:30,1241.699951171875,1242.4000244140625,1241.199951171875,1242.0,4441.0,yahoo
JSWSTEEL,5m,2026-09-15T12:05:00+05:30,1242.0,1242.4000244140625,1240.300048828125,1240.300048828125,5718.0,yahoo
JSWSTEEL,5m,2026-09-15T12:10:00+05:30,1240.300048828125,1241.0,1240.0999755859375,1240.5,5261.0,yahoo
JSWSTEEL,5m,2026-09-15T12:15:00+05:30,1240.5,1240.5,1238.4000244140625,1238.5999755859375,11985.0,yahoo
JSWSTEEL,5m,2026-09-15T12:20:00+05:30,1239.0,1239.699951171875,1238.699951171875,1239.699951171875,5348.0,yahoo
JSWSTEEL,5m,2026-09-15T12:25:00+05:30,1239.5,1239.699951171875,1237.9000244140625,1238.5999755859375,7891.0,yahoo
JSWSTEEL,5m,2026-09-15T12:30:00+05:30,1238.5999755859375,1241.699951171875,1237.0,1241.5999755859375,13534.0,yahoo
JSWSTEEL,5m,2026-09-15T12:35:00+05:30,1241.699951171875,1242.9000244140625,1239.9000244140625,1240.300048828125,5157.0,yahoo
JSWSTEEL,5m,2026-09-15T12:40:00+05:30,1240.300048828125,1240.699951171875,1239.0999755859375,1239.4000244140625,4213.0,yahoo
JSWSTEEL,5m,2026-09-15T12:45:00+05:30,1239.0999755859375,1242.300048828125,1239.0999755859375,1241.9000244140625,3935.0,yahoo
JSWSTEEL,5m,2026-09-15T12:50:00+05:30,1241.9000244140625,1244.9000244140625,1241.9000244140625,1242.699951171875,6835.0,yahoo
JSWSTEEL,5m,2026-09-15T12:55:00+05:30,1243.0,1243.699951171875,1241.199951171875,1241.4000244140625,5806.0,yahoo
JSWSTEEL,5m,2026-09-15T13:00:00+05:30,1241.5999755859375,1246.800048828125,1241.300048828125,1246.0,27807.0,yahoo
JSWSTEEL,5m,2026-09-15T13:05:00+05:30,1246.0,1246.5999755859375,1245.300048828125,1245.9000244140625,4443.0,yahoo
JSWSTEEL,5m,2026-09-15T13:10:00+05:30,1245.9000244140625,1246.0,1244.5,1245.4000244140625,12308.0,yahoo
JSWSTEEL,5m,2026-09-15T13:15:00+05:30,1245.199951171875,1246.0,1244.699951171875,1245.0,8793.0,yahoo
JSWSTEEL,5m,2026-09-15T13:20:00+05:30,1245.0,1245.9000244140625,1245.0,1245.0,3963.0,yahoo
JSWSTEEL,5m,2026-09-15T13:25:00+05:30,1245.0,1245.800048828125,1244.9000244140625,1245.0,7036.0,yahoo
JSWSTEEL,5m,2026-09-15T13:30:00+05:30,1245.0,1245.199951171875,1243.0999755859375,1243.5,42908.0,yahoo
JSWSTEEL,5m,2026-09-15T13:35:00+05:30,1243.4000244140625,1243.699951171875,1242.300048828125,1242.300048828125,5942.0,yahoo
JSWSTEEL,5m,2026-09-15T13:40:00+05:30,1242.300048828125,1242.800048828125,1241.699951171875,1241.9000244140625,5863.0,yahoo
JSWSTEEL,5m,2026-09-15T13:45:00+05:30,1242.0,1243.300048828125,1242.0,1242.9000244140625,4027.0,yahoo
JSWSTEEL,5m,2026-09-15T13:50:00+05:30,1242.9000244140625,1244.5999755859375,1242.9000244140625,1243.300048828125,4573.0,yahoo
JSWSTEEL,5m,2026-09-15T13:55:00+05:30,1244.0999755859375,1244.0999755859375,1243.300048828125,1243.4000244140625,9125.0,yahoo
JSWSTEEL,5m,2026-09-15T14:00:00+05:30,1243.4000244140625,1243.9000244140625,1243.300048828125,1243.4000244140625,1704.0,yahoo
JSWSTEEL,5m,2026-09-15T14:05:00+05:30,1243.4000244140625,1243.5,1242.699951171875,1242.699951171875,4056.0,yahoo
JSWSTEEL,5m,2026-09-15T14:10:00+05:30,1242.800048828125,1243.0,1242.199951171875,1242.699951171875,4763.0,yahoo
JSWSTEEL,5m,2026-09-15T14:15:00+05:30,1242.300048828125,1242.5999755859375,1240.0999755859375,1240.300048828125,9148.0,yahoo
JSWSTEEL,5m,2026-09-15T14:20:00+05:30,1241.0999755859375,1243.199951171875,1241.0999755859375,1242.0999755859375,8172.0,yahoo
JSWSTEEL,5m,2026-09-15T14:25:00+05:30,1242.0,1242.300048828125,1239.4000244140625,1239.4000244140625,14289.0,yahoo
JSWSTEEL,5m,2026-09-15T14:30:00+05:30,1239.9000244140625,1240.300048828125,1239.0,1240.199951171875,7463.0,yahoo
JSWSTEEL,5m,2026-09-15T14:35:00+05:30,1240.199951171875,1240.300048828125,1239.0999755859375,1240.0999755859375,10520.0,yahoo
JSWSTEEL,5m,2026-09-15T14:40:00+05:30,1240.0999755859375,1240.199951171875,1238.699951171875,1238.9000244140625,8416.0,yahoo
JSWSTEEL,5m,2026-09-15T14:45:00+05:30,1238.800048828125,1239.0,1235.4000244140625,1235.9000244140625,21807.0,yahoo
JSWSTEEL,5m,2026-09-15T14:50:00+05:30,1235.9000244140625,1238.199951171875,1235.5999755859375,1236.699951171875,11909.0,yahoo
JSWSTEEL,5m,2026-09-15T14:55:00+05:30,1237.300048828125,1238.4000244140625,1237.300048828125,1238.300048828125,7109.0,yahoo
JSWSTEEL,5m,2026-09-15T15:00:00+05:30,1238.9000244140625,1238.9000244140625,1236.300048828125,1237.5,24421.0,yahoo
JSWSTEEL,5m,2026-09-15T15:05:00+05:30,1237.9000244140625,1239.300048828125,1236.0,1237.800048828125,20641.0,yahoo
JSWSTEEL,5m,2026-09-15T15:10:00+05:30,1237.800048828125,1238.4000244140625,1234.0,1234.0,43995.0,yahoo
JSWSTEEL,5m,2026-09-15T15:15:00+05:30,1235.800048828125,1235.800048828125,1229.199951171875,1229.199951171875,86969.0,yahoo
KOTAKBANK,5m,2026-09-15T09:15:00+05:30,419.3999938964844,419.3999938964844,412.8500061035156,412.8500061035156,0.0,yahoo
KOTAKBANK,5m,2026-09-15T09:20:00+05:30,412.79998779296875,413.8500061035156,411.75,413.04998779296875,429592.0,yahoo
KOTAKBANK,5m,2026-09-15T09:25:00+05:30,412.79998779296875,413.75,412.45001220703125,413.70001220703125,187498.0,yahoo
KOTAKBANK,5m,2026-09-15T09:30:00+05:30,414.0,414.8999938964844,413.70001220703125,414.8999938964844,112894.0,yahoo
KOTAKBANK,5m,2026-09-15T09:35:00+05:30,414.8999938964844,415.04998779296875,414.3500061035156,414.8999938964844,188050.0,yahoo
KOTAKBANK,5m,2026-09-15T09:40:00+05:30,415.04998779296875,415.1000061035156,414.54998779296875,414.8999938964844,126245.0,yahoo
KOTAKBANK,5m,2026-09-15T09:45:00+05:30,414.8500061035156,414.8500061035156,413.95001220703125,413.95001220703125,157599.0,yahoo
KOTAKBANK,5m,2026-09-15T09:50:00+05:30,414.20001220703125,414.5,413.45001220703125,413.45001220703125,139943.0,yahoo
KOTAKBANK,5m,2026-09-15T09:55:00+05:30,413.45001220703125,413.75,413.0,413.29998779296875,136889.0,yahoo
KOTAKBANK,5m,2026-09-15T10:00:00+05:30,413.29998779296875,413.6000061035156,413.1499938964844,413.3999938964844,71889.0,yahoo
KOTAKBANK,5m,2026-09-15T10:05:00+05:30,413.5,413.5,412.75,412.8999938964844,61000.0,yahoo
KOTAKBANK,5m,2026-09-15T10:10:00+05:30,412.8999938964844,413.45001220703125,412.6499938964844,412.6499938964844,42252.0,yahoo
KOTAKBANK,5m,2026-09-15T10:15:00+05:30,412.3999938964844,412.70001220703125,412.3500061035156,412.5,35851.0,yahoo
KOTAKBANK,5m,2026-09-15T10:20:00+05:30,412.5,413.8500061035156,412.3999938964844,413.54998779296875,70273.0,yahoo
KOTAKBANK,5m,2026-09-15T10:25:00+05:30,413.45001220703125,413.70001220703125,413.1499938964844,413.1499938964844,74383.0,yahoo
KOTAKBANK,5m,2026-09-15T10:30:00+05:30,413.04998779296875,413.04998779296875,412.6499938964844,413.04998779296875,357165.0,yahoo
KOTAKBANK,5m,2026-09-15T10:35:00+05:30,413.0,413.6499938964844,412.70001220703125,413.29998779296875,863379.0,yahoo
KOTAKBANK,5m,2026-09-15T10:40:00+05:30,413.29998779296875,413.29998779296875,411.20001220703125,411.6499938964844,163299.0,yahoo
KOTAKBANK,5m,2026-09-15T10:45:00+05:30,411.95001220703125,412.3999938964844,411.5,412.20001220703125,111749.0,yahoo
KOTAKBANK,5m,2026-09-15T10:50:00+05:30,412.04998779296875,413.6000061035156,412.04998779296875,413.6000061035156,56105.0,yahoo
KOTAKBANK,5m,2026-09-15T10:55:00+05:30,413.54998779296875,413.54998779296875,412.95001220703125,413.20001220703125,153047.0,yahoo
KOTAKBANK,5m,2026-09-15T11:00:00+05:30,413.20001220703125,413.8500061035156,413.0,413.79998779296875,114118.0,yahoo
KOTAKBANK,5m,2026-09-15T11:05:00+05:30,413.75,413.8500061035156,413.3500061035156,413.6499938964844,112117.0,yahoo
KOTAKBANK,5m,2026-09-15T11:10:00+05:30,413.6499938964844,414.29998779296875,413.1000061035156,414.25,245870.0,yahoo
KOTAKBANK,5m,2026-09-15T11:15:00+05:30,414.25,414.29998779296875,412.75,413.0,123170.0,yahoo
KOTAKBANK,5m,2026-09-15T11:20:00+05:30,413.0,413.0,412.20001220703125,412.25,73838.0,yahoo
KOTAKBANK,5m,2026-09-15T11:25:00+05:30,412.29998779296875,412.54998779296875,411.95001220703125,412.20001220703125,56085.0,yahoo
KOTAKBANK,5m,2026-09-15T11:30:00+05:30,412.29998779296875,413.1499938964844,412.1499938964844,413.04998779296875,57973.0,yahoo
KOTAKBANK,5m,2026-09-15T11:35:00+05:30,413.1000061035156,413.3500061035156,413.0,413.1499938964844,30513.0,yahoo
KOTAKBANK,5m,2026-09-15T11:40:00+05:30,413.1000061035156,413.20001220703125,412.45001220703125,412.75,39183.0,yahoo
KOTAKBANK,5m,2026-09-15T11:45:00+05:30,412.75,412.8500061035156,412.5,412.5,33855.0,yahoo
KOTAKBANK,5m,2026-09-15T11:50:00+05:30,412.54998779296875,412.75,411.8500061035156,412.5,138014.0,yahoo
KOTAKBANK,5m,2026-09-15T11:55:00+05:30,412.6000061035156,413.20001220703125,412.6000061035156,412.8500061035156,283489.0,yahoo
KOTAKBANK,5m,2026-09-15T12:00:00+05:30,412.79998779296875,413.1499938964844,412.75,412.75,68665.0,yahoo
KOTAKBANK,5m,2026-09-15T12:05:00+05:30,412.75,413.29998779296875,412.70001220703125,412.8999938964844,53742.0,yahoo
KOTAKBANK,5m,2026-09-15T12:10:00+05:30,412.8999938964844,413.29998779296875,412.8999938964844,413.25,75437.0,yahoo
KOTAKBANK,5m,2026-09-15T12:15:00+05:30,413.25,413.70001220703125,413.1499938964844,413.6499938964844,53327.0,yahoo
KOTAKBANK,5m,2026-09-15T12:20:00+05:30,413.6000061035156,413.79998779296875,413.54998779296875,413.70001220703125,39669.0,yahoo
KOTAKBANK,5m,2026-09-15T12:25:00+05:30,413.75,413.8500061035156,413.54998779296875,413.70001220703125,41223.0,yahoo
KOTAKBANK,5m,2026-09-15T12:30:00+05:30,413.79998779296875,414.1000061035156,413.3500061035156,414.1000061035156,157613.0,yahoo
KOTAKBANK,5m,2026-09-15T12:35:00+05:30,414.04998779296875,414.1000061035156,413.8500061035156,413.95001220703125,68885.0,yahoo
KOTAKBANK,5m,2026-09-15T12:40:00+05:30,413.95001220703125,414.1499938964844,413.8500061035156,413.8500061035156,63229.0,yahoo
KOTAKBANK,5m,2026-09-15T12:45:00+05:30,413.95001220703125,414.1000061035156,413.6000061035156,414.1000061035156,52464.0,yahoo
KOTAKBANK,5m,2026-09-15T12:50:00+05:30,414.1000061035156,414.45001220703125,414.0,414.3500061035156,44865.0,yahoo
KOTAKBANK,5m,2026-09-15T12:55:00+05:30,414.29998779296875,414.29998779296875,413.70001220703125,413.79998779296875,53994.0,yahoo
KOTAKBANK,5m,2026-09-15T13:00:00+05:30,413.95001220703125,414.04998779296875,413.54998779296875,413.70001220703125,61934.0,yahoo
KOTAKBANK,5m,2026-09-15T13:05:00+05:30,413.70001220703125,413.95001220703125,413.54998779296875,413.79998779296875,43264.0,yahoo
KOTAKBANK,5m,2026-09-15T13:10:00+05:30,413.8999938964844,414.0,413.5,413.8999938964844,53582.0,yahoo
KOTAKBANK,5m,2026-09-15T13:15:00+05:30,413.8999938964844,414.1000061035156,413.5,414.04998779296875,66212.0,yahoo
KOTAKBANK,5m,2026-09-15T13:20:00+05:30,413.8999938964844,414.25,413.70001220703125,413.95001220703125,480669.0,yahoo
KOTAKBANK,5m,2026-09-15T13:25:00+05:30,413.75,414.54998779296875,413.75,414.04998779296875,254337.0,yahoo
KOTAKBANK,5m,2026-09-15T13:30:00+05:30,414.1000061035156,414.1000061035156,413.54998779296875,413.8500061035156,54784.0,yahoo
KOTAKBANK,5m,2026-09-15T13:35:00+05:30,413.8500061035156,414.29998779296875,413.70001220703125,414.0,145788.0,yahoo
KOTAKBANK,5m,2026-09-15T13:40:00+05:30,414.0,414.20001220703125,413.3999938964844,414.1499938964844,112930.0,yahoo
KOTAKBANK,5m,2026-09-15T13:45:00+05:30,414.1499938964844,414.29998779296875,414.04998779296875,414.20001220703125,40986.0,yahoo
KOTAKBANK,5m,2026-09-15T13:50:00+05:30,414.25,414.29998779296875,414.0,414.0,68182.0,yahoo
KOTAKBANK,5m,2026-09-15T13:55:00+05:30,414.1000061035156,414.3500061035156,414.0,414.0,68216.0,yahoo
KOTAKBANK,5m,2026-09-15T14:00:00+05:30,414.0,414.20001220703125,414.0,414.1000061035156,44515.0,yahoo
KOTAKBANK,5m,2026-09-15T14:05:00+05:30,414.1000061035156,414.29998779296875,414.0,414.04998779296875,57366.0,yahoo
KOTAKBANK,5m,2026-09-15T14:10:00+05:30,414.0,414.20001220703125,413.3500061035156,413.70001220703125,456941.0,yahoo
KOTAKBANK,5m,2026-09-15T14:15:00+05:30,413.6499938964844,413.79998779296875,412.8500061035156,412.8500061035156,593388.0,yahoo
KOTAKBANK,5m,2026-09-15T14:20:00+05:30,412.8500061035156,413.29998779296875,412.8500061035156,413.1000061035156,288551.0,yahoo
KOTAKBANK,5m,2026-09-15T14:25:00+05:30,413.1000061035156,413.6000061035156,413.1000061035156,413.5,108249.0,yahoo
KOTAKBANK,5m,2026-09-15T14:30:00+05:30,413.5,413.8500061035156,412.6499938964844,413.04998779296875,348495.0,yahoo
KOTAKBANK,5m,2026-09-15T14:35:00+05:30,413.0,413.95001220703125,413.0,413.6499938964844,685812.0,yahoo
KOTAKBANK,5m,2026-09-15T14:40:00+05:30,413.54998779296875,414.25,413.45001220703125,414.0,91025.0,yahoo
KOTAKBANK,5m,2026-09-15T14:45:00+05:30,414.04998779296875,414.1000061035156,413.45001220703125,413.79998779296875,737282.0,yahoo
KOTAKBANK,5m,2026-09-15T14:50:00+05:30,414.0,414.20001220703125,413.70001220703125,413.8999938964844,372452.0,yahoo
KOTAKBANK,5m,2026-09-15T14:55:00+05:30,414.0,414.20001220703125,413.6000061035156,413.6499938964844,460946.0,yahoo
KOTAKBANK,5m,2026-09-15T15:00:00+05:30,413.75,414.3500061035156,413.54998779296875,414.3500061035156,481908.0,yahoo
KOTAKBANK,5m,2026-09-15T15:05:00+05:30,414.29998779296875,414.29998779296875,412.6499938964844,412.6499938964844,612056.0,yahoo
KOTAKBANK,5m,2026-09-15T15:10:00+05:30,413.0,413.25,411.1000061035156,411.79998779296875,589213.0,yahoo
KOTAKBANK,5m,2026-09-15T15:15:00+05:30,411.8500061035156,411.8500061035156,409.79998779296875,409.79998779296875,799600.0,yahoo
LT,5m,2026-09-15T09:15:00+05:30,3959.0,3959.0,3895.199951171875,3897.699951171875,0.0,yahoo
LT,5m,2026-09-15T09:20:00+05:30,3897.0,3902.0,3875.0,3877.89990234375,51357.0,yahoo
LT,5m,2026-09-15T09:25:00+05:30,3877.89990234375,3882.0,3872.10009765625,3877.0,38119.0,yahoo
LT,5m,2026-09-15T09:30:00+05:30,3877.300048828125,3882.89990234375,3873.0,3878.300048828125,18830.0,yahoo
LT,5m,2026-09-15T09:35:00+05:30,3877.89990234375,3880.89990234375,3873.39990234375,3876.699951171875,33540.0,yahoo
LT,5m,2026-09-15T09:40:00+05:30,3877.5,3878.0,3870.0,3870.199951171875,26265.0,yahoo
LT,5m,2026-09-15T09:45:00+05:30,3870.699951171875,3870.89990234375,3856.5,3858.60009765625,44277.0,yahoo
LT,5m,2026-09-15T09:50:00+05:30,3859.0,3863.300048828125,3856.39990234375,3858.300048828125,42764.0,yahoo
LT,5m,2026-09-15T09:55:00+05:30,3858.0,3858.0,3849.300048828125,3855.60009765625,66438.0,yahoo
LT,5m,2026-09-15T10:00:00+05:30,3855.60009765625,3856.89990234375,3852.699951171875,3856.5,15947.0,yahoo
LT,5m,2026-09-15T10:05:00+05:30,3856.89990234375,3859.10009765625,3853.10009765625,3854.199951171875,19874.0,yahoo
LT,5m,2026-09-15T10:10:00+05:30,3854.199951171875,3864.60009765625,3854.0,3860.0,14683.0,yahoo
LT,5m,2026-09-15T10:15:00+05:30,3859.89990234375,3863.60009765625,3858.89990234375,3860.699951171875,9062.0,yahoo
LT,5m,2026-09-15T10:20:00+05:30,3860.699951171875,3861.89990234375,3853.5,3859.0,13667.0,yahoo
LT,5m,2026-09-15T10:25:00+05:30,3859.0,3860.0,3849.0,3849.699951171875,29497.0,yahoo
LT,5m,2026-09-15T10:30:00+05:30,3849.0,3853.10009765625,3847.0,3852.0,9377.0,yahoo
LT,5m,2026-09-15T10:35:00+05:30,3852.5,3857.5,3852.5,3856.199951171875,6561.0,yahoo
LT,5m,2026-09-15T10:40:00+05:30,3856.199951171875,3856.699951171875,3852.800048828125,3853.89990234375,10221.0,yahoo
LT,5m,2026-09-15T10:45:00+05:30,3853.89990234375,3856.699951171875,3852.60009765625,3855.0,10412.0,yahoo
LT,5m,2026-09-15T10:50:00+05:30,3855.800048828125,3856.199951171875,3851.300048828125,3851.5,9392.0,yahoo
LT,5m,2026-09-15T10:55:00+05:30,3851.60009765625,3854.60009765625,3851.199951171875,3854.60009765625,9952.0,yahoo
LT,5m,2026-09-15T11:00:00+05:30,3853.199951171875,3854.60009765625,3852.0,3854.60009765625,7433.0,yahoo
LT,5m,2026-09-15T11:05:00+05:30,3854.800048828125,3854.800048828125,3847.0,3848.0,12495.0,yahoo
LT,5m,2026-09-15T11:10:00+05:30,3848.0,3850.60009765625,3845.89990234375,3848.0,13230.0,yahoo
LT,5m,2026-09-15T11:15:00+05:30,3847.89990234375,3847.89990234375,3835.89990234375,3837.10009765625,25658.0,yahoo
LT,5m,2026-09-15T11:20:00+05:30,3838.0,3842.699951171875,3836.0,3840.39990234375,8222.0,yahoo
LT,5m,2026-09-15T11:25:00+05:30,3840.300048828125,3840.89990234375,3838.0,3839.800048828125,8268.0,yahoo
LT,5m,2026-09-15T11:30:00+05:30,3839.89990234375,3848.199951171875,3837.5,3848.10009765625,24725.0,yahoo
LT,5m,2026-09-15T11:35:00+05:30,3848.10009765625,3856.60009765625,3846.5,3855.699951171875,21124.0,yahoo
LT,5m,2026-09-15T11:40:00+05:30,3855.39990234375,3858.60009765625,3852.800048828125,3857.0,23410.0,yahoo
LT,5m,2026-09-15T11:45:00+05:30,3857.300048828125,3859.5,3856.300048828125,3856.300048828125,16398.0,yahoo
LT,5m,2026-09-15T11:50:00+05:30,3857.300048828125,3861.5,3856.300048828125,3860.39990234375,36212.0,yahoo
LT,5m,2026-09-15T11:55:00+05:30,3860.39990234375,3863.89990234375,3858.0,3862.0,30200.0,yahoo
LT,5m,2026-09-15T12:00:00+05:30,3862.89990234375,3865.39990234375,3860.5,3865.10009765625,11105.0,yahoo
LT,5m,2026-09-15T12:05:00+05:30,3865.300048828125,3865.5,3861.39990234375,3865.199951171875,44922.0,yahoo
LT,5m,2026-09-15T12:10:00+05:30,3865.199951171875,3869.800048828125,3865.199951171875,3869.39990234375,53662.0,yahoo
LT,5m,2026-09-15T12:15:00+05:30,3870.699951171875,3872.0,3870.0,3870.699951171875,23131.0,yahoo
LT,5m,2026-09-15T12:20:00+05:30,3870.39990234375,3872.800048828125,3870.0,3872.0,8836.0,yahoo
LT,5m,2026-09-15T12:25:00+05:30,3872.699951171875,3874.800048828125,3872.0,3873.800048828125,31001.0,yahoo
LT,5m,2026-09-15T12:30:00+05:30,3874.5,3874.60009765625,3867.0,3868.0,16320.0,yahoo
LT,5m,2026-09-15T12:35:00+05:30,3867.10009765625,3871.199951171875,3866.5,3867.699951171875,13231.0,yahoo
LT,5m,2026-09-15T12:40:00+05:30,3866.5,3870.89990234375,3866.5,3868.10009765625,14769.0,yahoo
LT,5m,2026-09-15T12:45:00+05:30,3868.10009765625,3872.39990234375,3867.800048828125,3872.199951171875,10743.0,yahoo
LT,5m,2026-09-15T12:50:00+05:30,3872.300048828125,3874.0,3869.0,3870.89990234375,15570.0,yahoo
LT,5m,2026-09-15T12:55:00+05:30,3870.89990234375,3874.0,3868.800048828125,3870.0,24209.0,yahoo
LT,5m,2026-09-15T13:00:00+05:30,3870.60009765625,3871.39990234375,3866.89990234375,3869.60009765625,10248.0,yahoo
LT,5m,2026-09-15T13:05:00+05:30,3870.0,3874.89990234375,3866.60009765625,3866.89990234375,14377.0,yahoo
LT,5m,2026-09-15T13:10:00+05:30,3867.10009765625,3871.0,3866.0,3867.300048828125,11709.0,yahoo
LT,5m,2026-09-15T13:15:00+05:30,3868.10009765625,3875.0,3866.800048828125,3871.60009765625,26672.0,yahoo
LT,5m,2026-09-15T13:20:00+05:30,3871.5,3871.5,3865.5,3868.800048828125,17101.0,yahoo
LT,5m,2026-09-15T13:25:00+05:30,3868.199951171875,3871.89990234375,3867.0,3867.0,12383.0,yahoo
LT,5m,2026-09-15T13:30:00+05:30,3867.0,3870.0,3865.89990234375,3868.60009765625,16897.0,yahoo
LT,5m,2026-09-15T13:35:00+05:30,3869.199951171875,3871.699951171875,3867.0,3868.89990234375,7398.0,yahoo
LT,5m,2026-09-15T13:40:00+05:30,3867.800048828125,3868.5,3865.0,3866.5,12766.0,yahoo
LT,5m,2026-09-15T13:45:00+05:30,3865.699951171875,3868.39990234375,3865.0,3867.89990234375,9580.0,yahoo
LT,5m,2026-09-15T13:50:00+05:30,3867.800048828125,3869.699951171875,3865.0,3867.300048828125,17410.0,yahoo
LT,5m,2026-09-15T13:55:00+05:30,3867.39990234375,3869.0,3865.0,3866.89990234375,9479.0,yahoo
LT,5m,2026-09-15T14:00:00+05:30,3866.89990234375,3871.199951171875,3865.10009765625,3870.5,9884.0,yahoo
LT,5m,2026-09-15T14:05:00+05:30,3871.0,3874.699951171875,3867.199951171875,3868.60009765625,23572.0,yahoo
LT,5m,2026-09-15T14:10:00+05:30,3868.300048828125,3868.39990234375,3860.300048828125,3862.300048828125,44089.0,yahoo
LT,5m,2026-09-15T14:15:00+05:30,3861.89990234375,3861.89990234375,3848.89990234375,3851.199951171875,29954.0,yahoo
LT,5m,2026-09-15T14:20:00+05:30,3849.60009765625,3854.699951171875,3848.199951171875,3852.89990234375,34757.0,yahoo
LT,5m,2026-09-15T14:25:00+05:30,3852.89990234375,3857.39990234375,3852.10009765625,3855.300048828125,23692.0,yahoo
LT,5m,2026-09-15T14:30:00+05:30,3855.39990234375,3857.0,3852.0,3854.199951171875,19603.0,yahoo
LT,5m,2026-09-15T14:35:00+05:30,3854.199951171875,3858.199951171875,3850.300048828125,3855.800048828125,19191.0,yahoo
LT,5m,2026-09-15T14:40:00+05:30,3855.699951171875,3856.300048828125,3851.10009765625,3853.199951171875,21655.0,yahoo
LT,5m,2026-09-15T14:45:00+05:30,3853.199951171875,3854.0,3835.699951171875,3838.60009765625,77060.0,yahoo
LT,5m,2026-09-15T14:50:00+05:30,3838.89990234375,3846.300048828125,3837.199951171875,3841.199951171875,27221.0,yahoo
LT,5m,2026-09-15T14:55:00+05:30,3841.199951171875,3844.89990234375,3840.0,3840.300048828125,17901.0,yahoo
LT,5m,2026-09-15T15:00:00+05:30,3840.300048828125,3843.60009765625,3839.699951171875,3843.5,25131.0,yahoo
LT,5m,2026-09-15T15:05:00+05:30,3843.699951171875,3845.10009765625,3840.699951171875,3844.199951171875,38838.0,yahoo
LT,5m,2026-09-15T15:10:00+05:30,3844.199951171875,3846.800048828125,3840.0,3843.0,65412.0,yahoo
LT,5m,2026-09-15T15:15:00+05:30,3841.800048828125,3850.699951171875,3841.800048828125,3850.699951171875,96350.0,yahoo
LTF,5m,2026-09-15T09:15:00+05:30,309.70001220703125,309.70001220703125,306.6000061035156,306.6000061035156,0.0,yahoo
LTF,5m,2026-09-15T09:20:00+05:30,306.6000061035156,307.20001220703125,306.6000061035156,307.04998779296875,55223.0,yahoo
LTF,5m,2026-09-15T09:25:00+05:30,306.95001220703125,307.1499938964844,306.5,306.79998779296875,49799.0,yahoo
LTF,5m,2026-09-15T09:30:00+05:30,306.95001220703125,307.20001220703125,306.5,306.5,31026.0,yahoo
LTF,5m,2026-09-15T09:35:00+05:30,306.54998779296875,306.8999938964844,305.79998779296875,306.70001220703125,38180.0,yahoo
LTF,5m,2026-09-15T09:40:00+05:30,306.70001220703125,306.8999938964844,306.1000061035156,306.1499938964844,22124.0,yahoo
LTF,5m,2026-09-15T09:45:00+05:30,306.1499938964844,306.20001220703125,305.54998779296875,305.54998779296875,34672.0,yahoo
LTF,5m,2026-09-15T09:50:00+05:30,305.54998779296875,305.54998779296875,304.20001220703125,304.54998779296875,60660.0,yahoo
LTF,5m,2026-09-15T09:55:00+05:30,304.54998779296875,304.54998779296875,303.8999938964844,304.54998779296875,48362.0,yahoo
LTF,5m,2026-09-15T10:00:00+05:30,304.5,304.79998779296875,303.8999938964844,303.95001220703125,39054.0,yahoo
LTF,5m,2026-09-15T10:05:00+05:30,303.95001220703125,304.45001220703125,303.54998779296875,303.79998779296875,23503.0,yahoo
LTF,5m,2026-09-15T10:10:00+05:30,303.8999938964844,305.0,303.75,304.3500061035156,40595.0,yahoo
LTF,5m,2026-09-15T10:15:00+05:30,304.20001220703125,304.45001220703125,304.0,304.04998779296875,19730.0,yahoo
LTF,5m,2026-09-15T10:20:00+05:30,304.04998779296875,304.3500061035156,304.0,304.1000061035156,17887.0,yahoo
LTF,5m,2026-09-15T10:25:00+05:30,304.1000061035156,304.1499938964844,303.3999938964844,303.3999938964844,69055.0,yahoo
LTF,5m,2026-09-15T10:30:00+05:30,303.3999938964844,303.54998779296875,303.0,303.0,99851.0,yahoo
LTF,5m,2026-09-15T10:35:00+05:30,303.29998779296875,303.45001220703125,302.5,302.5,77073.0,yahoo
LTF,5m,2026-09-15T10:40:00+05:30,302.6000061035156,302.75,302.1000061035156,302.1000061035156,42412.0,yahoo
LTF,5m,2026-09-15T10:45:00+05:30,302.20001220703125,302.20001220703125,301.75,301.95001220703125,75922.0,yahoo
LTF,5m,2026-09-15T10:50:00+05:30,301.8999938964844,302.1000061035156,301.70001220703125,301.8500061035156,39285.0,yahoo
LTF,5m,2026-09-15T10:55:00+05:30,301.8500061035156,302.04998779296875,301.54998779296875,302.04998779296875,30990.0,yahoo
LTF,5m,2026-09-15T11:00:00+05:30,302.04998779296875,302.3500061035156,301.6000061035156,301.75,31885.0,yahoo
LTF,5m,2026-09-15T11:05:00+05:30,301.70001220703125,301.79998779296875,301.1499938964844,301.3500061035156,31352.0,yahoo
LTF,5m,2026-09-15T11:10:00+05:30,301.20001220703125,301.5,300.75,301.1000061035156,40830.0,yahoo
LTF,5m,2026-09-15T11:15:00+05:30,301.25,301.29998779296875,300.29998779296875,300.29998779296875,34036.0,yahoo
LTF,5m,2026-09-15T11:20:00+05:30,300.25,300.8999938964844,300.20001220703125,300.70001220703125,31504.0,yahoo
LTF,5m,2026-09-15T11:25:00+05:30,300.70001220703125,300.75,300.25,300.45001220703125,31313.0,yahoo
LTF,5m,2026-09-15T11:30:00+05:30,300.45001220703125,300.70001220703125,300.3500061035156,300.45001220703125,13180.0,yahoo
LTF,5m,2026-09-15T11:35:00+05:30,300.45001220703125,300.8999938964844,300.3500061035156,300.79998779296875,15672.0,yahoo
LTF,5m,2026-09-15T11:40:00+05:30,300.79998779296875,300.8999938964844,300.3999938964844,300.3999938964844,17177.0,yahoo
LTF,5m,2026-09-15T11:45:00+05:30,300.45001220703125,300.70001220703125,300.3500061035156,300.3500061035156,20009.0,yahoo
LTF,5m,2026-09-15T11:50:00+05:30,300.3500061035156,300.6499938964844,300.20001220703125,300.3999938964844,12985.0,yahoo
LTF,5m,2026-09-15T11:55:00+05:30,300.5,300.75,300.25,300.5,13499.0,yahoo
LTF,5m,2026-09-15T12:00:00+05:30,300.5,300.75,300.45001220703125,300.45001220703125,15133.0,yahoo
LTF,5m,2026-09-15T12:05:00+05:30,300.5,300.75,300.45001220703125,300.45001220703125,13166.0,yahoo
LTF,5m,2026-09-15T12:10:00+05:30,300.45001220703125,300.6499938964844,300.20001220703125,300.20001220703125,12820.0,yahoo
LTF,5m,2026-09-15T12:15:00+05:30,300.3500061035156,300.5,300.04998779296875,300.04998779296875,25745.0,yahoo
LTF,5m,2026-09-15T12:20:00+05:30,300.04998779296875,300.29998779296875,300.04998779296875,300.1000061035156,14934.0,yahoo
LTF,5m,2026-09-15T12:25:00+05:30,300.1000061035156,300.29998779296875,300.04998779296875,300.1000061035156,11232.0,yahoo
LTF,5m,2026-09-15T12:30:00+05:30,300.29998779296875,300.29998779296875,299.75,300.0,49625.0,yahoo
LTF,5m,2026-09-15T12:35:00+05:30,300.0,300.3500061035156,300.0,300.0,16106.0,yahoo
LTF,5m,2026-09-15T12:40:00+05:30,300.20001220703125,300.20001220703125,299.54998779296875,299.54998779296875,24029.0,yahoo
LTF,5m,2026-09-15T12:45:00+05:30,299.54998779296875,299.75,299.25,299.54998779296875,30752.0,yahoo
LTF,5m,2026-09-15T12:50:00+05:30,299.70001220703125,299.95001220703125,299.3999938964844,299.45001220703125,12967.0,yahoo
LTF,5m,2026-09-15T12:55:00+05:30,299.45001220703125,299.5,298.75,298.95001220703125,34602.0,yahoo
LTF,5m,2026-09-15T13:00:00+05:30,298.8999938964844,299.25,298.79998779296875,299.1000061035156,18863.0,yahoo
LTF,5m,2026-09-15T13:05:00+05:30,299.1000061035156,299.20001220703125,298.8500061035156,298.8999938964844,13480.0,yahoo
LTF,5m,2026-09-15T13:10:00+05:30,298.8999938964844,299.1499938964844,298.70001220703125,298.8999938964844,20158.0,yahoo
LTF,5m,2026-09-15T13:15:00+05:30,298.8999938964844,299.1499938964844,298.79998779296875,298.8500061035156,27425.0,yahoo
LTF,5m,2026-09-15T13:20:00+05:30,299.04998779296875,299.04998779296875,298.54998779296875,298.54998779296875,11659.0,yahoo
LTF,5m,2026-09-15T13:25:00+05:30,298.79998779296875,298.79998779296875,298.3999938964844,298.54998779296875,50094.0,yahoo
LTF,5m,2026-09-15T13:30:00+05:30,298.70001220703125,298.70001220703125,298.1000061035156,298.29998779296875,13692.0,yahoo
LTF,5m,2026-09-15T13:35:00+05:30,298.25,298.6499938964844,298.1000061035156,298.5,11869.0,yahoo
LTF,5m,2026-09-15T13:40:00+05:30,298.6499938964844,298.6499938964844,298.1499938964844,298.25,7872.0,yahoo
LTF,5m,2026-09-15T13:45:00+05:30,298.29998779296875,298.75,298.25,298.70001220703125,9650.0,yahoo
LTF,5m,2026-09-15T13:50:00+05:30,298.75,298.95001220703125,298.5,298.6000061035156,16129.0,yahoo
LTF,5m,2026-09-15T13:55:00+05:30,298.6000061035156,298.70001220703125,298.29998779296875,298.3500061035156,9431.0,yahoo
LTF,5m,2026-09-15T14:00:00+05:30,298.3500061035156,298.6000061035156,298.25,298.25,26746.0,yahoo
LTF,5m,2026-09-15T14:05:00+05:30,298.29998779296875,298.6000061035156,298.1000061035156,298.3500061035156,18415.0,yahoo
LTF,5m,2026-09-15T14:10:00+05:30,298.3500061035156,299.20001220703125,297.70001220703125,298.8500061035156,191354.0,yahoo
LTF,5m,2026-09-15T14:15:00+05:30,298.79998779296875,300.0,298.5,299.1000061035156,169031.0,yahoo
LTF,5m,2026-09-15T14:20:00+05:30,299.1499938964844,299.3999938964844,298.70001220703125,298.70001220703125,43349.0,yahoo
LTF,5m,2026-09-15T14:25:00+05:30,298.70001220703125,298.8500061035156,298.20001220703125,298.45001220703125,29210.0,yahoo
LTF,5m,2026-09-15T14:30:00+05:30,298.3999938964844,298.75,298.29998779296875,298.70001220703125,24771.0,yahoo
LTF,5m,2026-09-15T14:35:00+05:30,298.6499938964844,298.75,298.0,298.45001220703125,33377.0,yahoo
LTF,5m,2026-09-15T14:40:00+05:30,298.25,298.5,297.95001220703125,298.3500061035156,33502.0,yahoo
LTF,5m,2026-09-15T14:45:00+05:30,298.5,298.6000061035156,297.25,297.75,167916.0,yahoo
LTF,5m,2026-09-15T14:50:00+05:30,297.8500061035156,298.20001220703125,297.6499938964844,297.6499938964844,172760.0,yahoo
LTF,5m,2026-09-15T14:55:00+05:30,297.6499938964844,298.45001220703125,297.6000061035156,298.25,203397.0,yahoo
LTF,5m,2026-09-15T15:00:00+05:30,298.1499938964844,298.25,297.6000061035156,297.8500061035156,239277.0,yahoo
LTF,5m,2026-09-15T15:05:00+05:30,297.8999938964844,297.8999938964844,297.29998779296875,297.75,273338.0,yahoo
LTF,5m,2026-09-15T15:10:00+05:30,297.75,298.0,296.6000061035156,297.3999938964844,350876.0,yahoo
LTF,5m,2026-09-15T15:15:00+05:30,297.3999938964844,297.3999938964844,296.79998779296875,296.79998779296875,31716.0,yahoo
LUPIN,5m,2026-09-15T09:15:00+05:30,2095.10009765625,2095.10009765625,2078.10009765625,2078.60009765625,0.0,yahoo
LUPIN,5m,2026-09-15T09:20:00+05:30,2078.199951171875,2087.300048828125,2078.199951171875,2085.5,15168.0,yahoo
LUPIN,5m,2026-09-15T09:25:00+05:30,2085.39990234375,2088.39990234375,2083.199951171875,2085.5,10315.0,yahoo
LUPIN,5m,2026-09-15T09:30:00+05:30,2084.60009765625,2090.10009765625,2078.0,2080.300048828125,20513.0,yahoo
LUPIN,5m,2026-09-15T09:35:00+05:30,2081.10009765625,2081.800048828125,2079.699951171875,2079.699951171875,9660.0,yahoo
LUPIN,5m,2026-09-15T09:40:00+05:30,2080.0,2085.199951171875,2079.10009765625,2082.89990234375,12368.0,yahoo
LUPIN,5m,2026-09-15T09:45:00+05:30,2082.89990234375,2083.10009765625,2079.0,2079.5,8586.0,yahoo
LUPIN,5m,2026-09-15T09:50:00+05:30,2079.10009765625,2080.5,2078.10009765625,2078.10009765625,5139.0,yahoo
LUPIN,5m,2026-09-15T09:55:00+05:30,2078.10009765625,2079.199951171875,2075.800048828125,2078.800048828125,7951.0,yahoo
LUPIN,5m,2026-09-15T10:00:00+05:30,2078.800048828125,2078.800048828125,2075.89990234375,2076.5,5697.0,yahoo
LUPIN,5m,2026-09-15T10:05:00+05:30,2076.5,2076.60009765625,2074.199951171875,2074.300048828125,5819.0,yahoo
LUPIN,5m,2026-09-15T10:10:00+05:30,2074.5,2077.800048828125,2074.0,2076.0,7961.0,yahoo
LUPIN,5m,2026-09-15T10:15:00+05:30,2075.89990234375,2076.60009765625,2073.800048828125,2075.0,6299.0,yahoo
LUPIN,5m,2026-09-15T10:20:00+05:30,2075.0,2076.5,2074.300048828125,2074.60009765625,4310.0,yahoo
LUPIN,5m,2026-09-15T10:25:00+05:30,2074.60009765625,2074.800048828125,2072.5,2073.0,5483.0,yahoo
LUPIN,5m,2026-09-15T10:30:00+05:30,2073.0,2081.39990234375,2072.199951171875,2080.300048828125,14438.0,yahoo
LUPIN,5m,2026-09-15T10:35:00+05:30,2080.300048828125,2081.39990234375,2079.10009765625,2081.39990234375,4076.0,yahoo
LUPIN,5m,2026-09-15T10:40:00+05:30,2081.39990234375,2083.0,2080.0,2083.0,18042.0,yahoo
LUPIN,5m,2026-09-15T10:45:00+05:30,2083.0,2085.699951171875,2083.0,2084.0,18196.0,yahoo
LUPIN,5m,2026-09-15T10:50:00+05:30,2084.0,2084.60009765625,2079.10009765625,2079.800048828125,17115.0,yahoo
LUPIN,5m,2026-09-15T10:55:00+05:30,2079.39990234375,2080.0,2077.0,2077.0,12722.0,yahoo
LUPIN,5m,2026-09-15T11:00:00+05:30,2077.0,2077.199951171875,2075.199951171875,2076.5,7335.0,yahoo
LUPIN,5m,2026-09-15T11:05:00+05:30,2077.10009765625,2077.800048828125,2075.5,2075.89990234375,9483.0,yahoo
LUPIN,5m,2026-09-15T11:10:00+05:30,2075.60009765625,2076.10009765625,2072.199951171875,2072.199951171875,5485.0,yahoo
LUPIN,5m,2026-09-15T11:15:00+05:30,2071.60009765625,2073.60009765625,2070.60009765625,2072.300048828125,8439.0,yahoo
LUPIN,5m,2026-09-15T11:20:00+05:30,2072.300048828125,2073.89990234375,2072.0,2073.300048828125,3707.0,yahoo
LUPIN,5m,2026-09-15T11:25:00+05:30,2072.60009765625,2073.300048828125,2072.0,2073.10009765625,8457.0,yahoo
LUPIN,5m,2026-09-15T11:30:00+05:30,2073.39990234375,2074.0,2072.0,2074.0,4528.0,yahoo
LUPIN,5m,2026-09-15T11:35:00+05:30,2073.699951171875,2074.300048828125,2072.199951171875,2073.5,3115.0,yahoo
LUPIN,5m,2026-09-15T11:40:00+05:30,2073.60009765625,2073.60009765625,2072.199951171875,2072.89990234375,2686.0,yahoo
LUPIN,5m,2026-09-15T11:45:00+05:30,2072.5,2074.199951171875,2072.39990234375,2074.199951171875,5771.0,yahoo
LUPIN,5m,2026-09-15T11:50:00+05:30,2073.699951171875,2074.300048828125,2073.199951171875,2073.699951171875,2597.0,yahoo
LUPIN,5m,2026-09-15T11:55:00+05:30,2074.199951171875,2074.199951171875,2072.60009765625,2073.0,2116.0,yahoo
LUPIN,5m,2026-09-15T12:00:00+05:30,2072.89990234375,2075.60009765625,2072.199951171875,2075.199951171875,3592.0,yahoo
LUPIN,5m,2026-09-15T12:05:00+05:30,2074.5,2075.10009765625,2074.10009765625,2074.300048828125,2570.0,yahoo
LUPIN,5m,2026-09-15T12:10:00+05:30,2074.300048828125,2074.60009765625,2072.0,2072.699951171875,4657.0,yahoo
LUPIN,5m,2026-09-15T12:15:00+05:30,2072.699951171875,2072.800048828125,2072.0,2072.0,1738.0,yahoo
LUPIN,5m,2026-09-15T12:20:00+05:30,2072.0,2073.89990234375,2072.0,2073.300048828125,2116.0,yahoo
LUPIN,5m,2026-09-15T12:25:00+05:30,2073.89990234375,2076.10009765625,2073.0,2075.10009765625,2379.0,yahoo
LUPIN,5m,2026-09-15T12:30:00+05:30,2075.10009765625,2075.300048828125,2073.199951171875,2073.199951171875,1929.0,yahoo
LUPIN,5m,2026-09-15T12:35:00+05:30,2073.39990234375,2074.0,2072.300048828125,2072.300048828125,2500.0,yahoo
LUPIN,5m,2026-09-15T12:40:00+05:30,2072.800048828125,2072.800048828125,2072.0,2072.0,3151.0,yahoo
LUPIN,5m,2026-09-15T12:45:00+05:30,2072.0,2074.199951171875,2072.0,2074.199951171875,2397.0,yahoo
LUPIN,5m,2026-09-15T12:50:00+05:30,2074.0,2074.89990234375,2073.60009765625,2074.800048828125,1899.0,yahoo
LUPIN,5m,2026-09-15T12:55:00+05:30,2074.89990234375,2075.60009765625,2073.0,2073.10009765625,3149.0,yahoo
LUPIN,5m,2026-09-15T13:00:00+05:30,2073.60009765625,2074.800048828125,2073.0,2074.199951171875,2194.0,yahoo
LUPIN,5m,2026-09-15T13:05:00+05:30,2074.199951171875,2074.60009765625,2072.89990234375,2074.199951171875,2014.0,yahoo
LUPIN,5m,2026-09-15T13:10:00+05:30,2074.0,2074.300048828125,2070.39990234375,2070.800048828125,16843.0,yahoo
LUPIN,5m,2026-09-15T13:15:00+05:30,2068.0,2068.89990234375,2066.800048828125,2068.199951171875,15181.0,yahoo
LUPIN,5m,2026-09-15T13:20:00+05:30,2068.89990234375,2069.699951171875,2068.0,2068.800048828125,2289.0,yahoo
LUPIN,5m,2026-09-15T13:25:00+05:30,2069.199951171875,2070.0,2068.0,2068.39990234375,2744.0,yahoo
LUPIN,5m,2026-09-15T13:30:00+05:30,2068.5,2068.5,2066.10009765625,2067.0,6083.0,yahoo
LUPIN,5m,2026-09-15T13:35:00+05:30,2067.10009765625,2067.89990234375,2067.10009765625,2067.60009765625,2361.0,yahoo
LUPIN,5m,2026-09-15T13:40:00+05:30,2067.60009765625,2067.699951171875,2066.199951171875,2067.60009765625,7889.0,yahoo
LUPIN,5m,2026-09-15T13:45:00+05:30,2067.60009765625,2069.10009765625,2066.39990234375,2067.300048828125,2541.0,yahoo
LUPIN,5m,2026-09-15T13:50:00+05:30,2067.300048828125,2068.199951171875,2066.10009765625,2066.300048828125,4554.0,yahoo
LUPIN,5m,2026-09-15T13:55:00+05:30,2066.300048828125,2068.60009765625,2065.0,2067.60009765625,16089.0,yahoo
LUPIN,5m,2026-09-15T14:00:00+05:30,2067.699951171875,2068.5,2067.5,2068.199951171875,1632.0,yahoo
LUPIN,5m,2026-09-15T14:05:00+05:30,2068.199951171875,2068.39990234375,2065.60009765625,2066.0,3508.0,yahoo
LUPIN,5m,2026-09-15T14:10:00+05:30,2065.39990234375,2066.60009765625,2064.39990234375,2064.39990234375,3792.0,yahoo
LUPIN,5m,2026-09-15T14:15:00+05:30,2064.300048828125,2064.699951171875,2061.699951171875,2061.800048828125,13189.0,yahoo
LUPIN,5m,2026-09-15T14:20:00+05:30,2061.800048828125,2062.89990234375,2061.800048828125,2062.10009765625,2068.0,yahoo
LUPIN,5m,2026-09-15T14:25:00+05:30,2062.0,2062.199951171875,2058.60009765625,2059.10009765625,6528.0,yahoo
LUPIN,5m,2026-09-15T14:30:00+05:30,2059.5,2060.89990234375,2058.89990234375,2060.199951171875,2140.0,yahoo
LUPIN,5m,2026-09-15T14:35:00+05:30,2060.39990234375,2061.89990234375,2060.0,2061.39990234375,3196.0,yahoo
LUPIN,5m,2026-09-15T14:40:00+05:30,2061.5,2061.60009765625,2059.699951171875,2060.60009765625,3565.0,yahoo
LUPIN,5m,2026-09-15T14:45:00+05:30,2060.5,2060.5,2055.89990234375,2057.10009765625,6689.0,yahoo
LUPIN,5m,2026-09-15T14:50:00+05:30,2057.199951171875,2057.199951171875,2053.300048828125,2053.300048828125,6791.0,yahoo
LUPIN,5m,2026-09-15T14:55:00+05:30,2053.699951171875,2055.89990234375,2053.199951171875,2053.800048828125,7808.0,yahoo
LUPIN,5m,2026-09-15T15:00:00+05:30,2053.300048828125,2053.699951171875,2051.0,2052.39990234375,23214.0,yahoo
LUPIN,5m,2026-09-15T15:05:00+05:30,2052.699951171875,2058.300048828125,2052.39990234375,2055.699951171875,32561.0,yahoo
LUPIN,5m,2026-09-15T15:10:00+05:30,2055.60009765625,2063.199951171875,2052.0,2063.199951171875,44662.0,yahoo
M&M,5m,2026-09-15T09:15:00+05:30,3115.10009765625,3118.0,3089.0,3095.0,0.0,yahoo
M&M,5m,2026-09-15T09:20:00+05:30,3095.0,3098.699951171875,3090.0,3094.699951171875,23525.0,yahoo
M&M,5m,2026-09-15T09:25:00+05:30,3094.699951171875,3100.699951171875,3091.60009765625,3097.5,25792.0,yahoo
M&M,5m,2026-09-15T09:30:00+05:30,3096.800048828125,3104.60009765625,3095.800048828125,3104.39990234375,21546.0,yahoo
M&M,5m,2026-09-15T09:35:00+05:30,3104.300048828125,3110.699951171875,3103.5,3109.300048828125,67942.0,yahoo
M&M,5m,2026-09-15T09:40:00+05:30,3109.89990234375,3111.60009765625,3107.0,3107.0,14016.0,yahoo
M&M,5m,2026-09-15T09:45:00+05:30,3106.300048828125,3108.60009765625,3102.10009765625,3105.0,90321.0,yahoo
M&M,5m,2026-09-15T09:50:00+05:30,3105.0,3110.0,3103.800048828125,3107.10009765625,28674.0,yahoo
M&M,5m,2026-09-15T09:55:00+05:30,3108.0,3108.0,3092.60009765625,3096.0,35770.0,yahoo
M&M,5m,2026-09-15T10:00:00+05:30,3095.199951171875,3097.60009765625,3093.0,3096.0,14356.0,yahoo
M&M,5m,2026-09-15T10:05:00+05:30,3096.10009765625,3096.5,3092.0,3092.0,10366.0,yahoo
M&M,5m,2026-09-15T10:10:00+05:30,3091.5,3095.60009765625,3091.5,3095.60009765625,10360.0,yahoo
M&M,5m,2026-09-15T10:15:00+05:30,3095.60009765625,3095.60009765625,3092.39990234375,3093.5,6285.0,yahoo
M&M,5m,2026-09-15T10:20:00+05:30,3093.39990234375,3095.60009765625,3091.39990234375,3094.300048828125,16342.0,yahoo
M&M,5m,2026-09-15T10:25:00+05:30,3094.10009765625,3094.60009765625,3091.0,3091.10009765625,13637.0,yahoo
M&M,5m,2026-09-15T10:30:00+05:30,3090.800048828125,3092.0,3090.0,3091.199951171875,9568.0,yahoo
M&M,5m,2026-09-15T10:35:00+05:30,3091.0,3091.10009765625,3084.10009765625,3087.300048828125,37817.0,yahoo
M&M,5m,2026-09-15T10:40:00+05:30,3087.300048828125,3091.800048828125,3087.0,3089.5,17551.0,yahoo
M&M,5m,2026-09-15T10:45:00+05:30,3089.5,3089.5,3085.199951171875,3085.199951171875,10556.0,yahoo
M&M,5m,2026-09-15T10:50:00+05:30,3086.0,3086.60009765625,3083.0,3084.60009765625,14686.0,yahoo
M&M,5m,2026-09-15T10:55:00+05:30,3084.199951171875,3084.60009765625,3082.10009765625,3083.10009765625,8493.0,yahoo
M&M,5m,2026-09-15T11:00:00+05:30,3083.10009765625,3085.699951171875,3082.89990234375,3085.199951171875,9629.0,yahoo
M&M,5m,2026-09-15T11:05:00+05:30,3085.0,3092.10009765625,3084.60009765625,3088.0,26716.0,yahoo
M&M,5m,2026-09-15T11:10:00+05:30,3088.0,3089.699951171875,3084.199951171875,3087.0,20437.0,yahoo
M&M,5m,2026-09-15T11:15:00+05:30,3087.0,3087.5,3079.0,3079.0,18011.0,yahoo
M&M,5m,2026-09-15T11:20:00+05:30,3079.0,3085.60009765625,3076.699951171875,3079.60009765625,34452.0,yahoo
M&M,5m,2026-09-15T11:25:00+05:30,3079.89990234375,3079.89990234375,3075.199951171875,3077.699951171875,9426.0,yahoo
M&M,5m,2026-09-15T11:30:00+05:30,3077.699951171875,3080.5,3075.5,3080.0,45945.0,yahoo
M&M,5m,2026-09-15T11:35:00+05:30,3079.89990234375,3087.60009765625,3079.5,3087.60009765625,10069.0,yahoo
M&M,5m,2026-09-15T11:40:00+05:30,3087.699951171875,3092.199951171875,3086.10009765625,3090.199951171875,52177.0,yahoo
M&M,5m,2026-09-15T11:45:00+05:30,3089.89990234375,3092.89990234375,3086.0,3087.0,49776.0,yahoo
M&M,5m,2026-09-15T11:50:00+05:30,3086.800048828125,3088.60009765625,3084.0,3086.300048828125,47536.0,yahoo
M&M,5m,2026-09-15T11:55:00+05:30,3085.199951171875,3093.89990234375,3083.60009765625,3093.0,30659.0,yahoo
M&M,5m,2026-09-15T12:00:00+05:30,3093.39990234375,3097.699951171875,3092.60009765625,3093.89990234375,36545.0,yahoo
M&M,5m,2026-09-15T12:05:00+05:30,3093.89990234375,3094.39990234375,3090.699951171875,3094.10009765625,17204.0,yahoo
M&M,5m,2026-09-15T12:10:00+05:30,3094.0,3095.300048828125,3091.10009765625,3091.5,18168.0,yahoo
M&M,5m,2026-09-15T12:15:00+05:30,3091.5,3092.199951171875,3090.0,3090.199951171875,6895.0,yahoo
M&M,5m,2026-09-15T12:20:00+05:30,3090.199951171875,3091.199951171875,3089.800048828125,3090.60009765625,5194.0,yahoo
M&M,5m,2026-09-15T12:25:00+05:30,3091.0,3095.0,3090.10009765625,3095.0,6181.0,yahoo
M&M,5m,2026-09-15T12:30:00+05:30,3095.0,3095.0,3087.699951171875,3090.10009765625,24340.0,yahoo
M&M,5m,2026-09-15T12:35:00+05:30,3090.0,3095.39990234375,3087.699951171875,3092.89990234375,33665.0,yahoo
M&M,5m,2026-09-15T12:40:00+05:30,3092.300048828125,3094.0,3090.800048828125,3091.10009765625,3890.0,yahoo
M&M,5m,2026-09-15T12:45:00+05:30,3091.10009765625,3095.5,3090.10009765625,3093.5,13640.0,yahoo
M&M,5m,2026-09-15T12:50:00+05:30,3094.10009765625,3096.10009765625,3092.0,3093.0,6840.0,yahoo
M&M,5m,2026-09-15T12:55:00+05:30,3092.199951171875,3093.0,3087.89990234375,3092.800048828125,51554.0,yahoo
M&M,5m,2026-09-15T13:00:00+05:30,3092.0,3092.800048828125,3088.60009765625,3090.5,20970.0,yahoo
M&M,5m,2026-09-15T13:05:00+05:30,3090.0,3092.300048828125,3087.60009765625,3087.699951171875,70727.0,yahoo
M&M,5m,2026-09-15T13:10:00+05:30,3088.60009765625,3091.800048828125,3084.199951171875,3085.89990234375,81294.0,yahoo
M&M,5m,2026-09-15T13:15:00+05:30,3085.5,3090.39990234375,3082.10009765625,3087.10009765625,35315.0,yahoo
M&M,5m,2026-09-15T13:20:00+05:30,3087.199951171875,3088.39990234375,3083.10009765625,3086.10009765625,35561.0,yahoo
M&M,5m,2026-09-15T13:25:00+05:30,3085.10009765625,3087.89990234375,3080.0,3080.0,15659.0,yahoo
M&M,5m,2026-09-15T13:30:00+05:30,3078.89990234375,3078.89990234375,3075.0,3076.699951171875,8425.0,yahoo
M&M,5m,2026-09-15T13:35:00+05:30,3077.300048828125,3079.60009765625,3073.300048828125,3075.0,14657.0,yahoo
M&M,5m,2026-09-15T13:40:00+05:30,3075.0,3079.199951171875,3072.300048828125,3079.199951171875,28595.0,yahoo
M&M,5m,2026-09-15T13:45:00+05:30,3079.0,3081.300048828125,3077.0,3081.300048828125,16199.0,yahoo
M&M,5m,2026-09-15T13:50:00+05:30,3081.60009765625,3082.39990234375,3078.10009765625,3080.10009765625,13612.0,yahoo
M&M,5m,2026-09-15T13:55:00+05:30,3080.0,3081.10009765625,3076.89990234375,3078.10009765625,20330.0,yahoo
M&M,5m,2026-09-15T14:00:00+05:30,3078.199951171875,3078.800048828125,3075.5,3076.0,6383.0,yahoo
M&M,5m,2026-09-15T14:05:00+05:30,3075.39990234375,3079.199951171875,3072.60009765625,3072.60009765625,8318.0,yahoo
M&M,5m,2026-09-15T14:10:00+05:30,3072.10009765625,3074.199951171875,3070.0,3070.39990234375,10998.0,yahoo
M&M,5m,2026-09-15T14:15:00+05:30,3070.60009765625,3070.60009765625,3060.0,3060.699951171875,30164.0,yahoo
M&M,5m,2026-09-15T14:20:00+05:30,3060.699951171875,3062.300048828125,3058.10009765625,3060.0,32288.0,yahoo
M&M,5m,2026-09-15T14:25:00+05:30,3060.0,3061.800048828125,3058.800048828125,3060.699951171875,14378.0,yahoo
M&M,5m,2026-09-15T14:30:00+05:30,3060.699951171875,3062.60009765625,3059.0,3061.699951171875,11191.0,yahoo
M&M,5m,2026-09-15T14:35:00+05:30,3061.5,3061.5,3055.5,3057.0,19658.0,yahoo
M&M,5m,2026-09-15T14:40:00+05:30,3057.0,3059.5,3055.0,3058.10009765625,32306.0,yahoo
M&M,5m,2026-09-15T14:45:00+05:30,3057.89990234375,3059.39990234375,3050.10009765625,3052.0,35546.0,yahoo
M&M,5m,2026-09-15T14:50:00+05:30,3052.0,3056.39990234375,3051.199951171875,3051.300048828125,85466.0,yahoo
M&M,5m,2026-09-15T14:55:00+05:30,3051.199951171875,3056.0,3051.199951171875,3054.60009765625,34558.0,yahoo
M&M,5m,2026-09-15T15:00:00+05:30,3054.60009765625,3055.60009765625,3051.5,3051.5,42948.0,yahoo
M&M,5m,2026-09-15T15:05:00+05:30,3051.39990234375,3054.800048828125,3051.10009765625,3054.800048828125,47709.0,yahoo
M&M,5m,2026-09-15T15:10:00+05:30,3054.89990234375,3058.199951171875,3029.5,3029.5,228619.0,yahoo
MARUTI,5m,2026-09-15T09:15:00+05:30,12462.0,12462.0,12385.0,12402.0,0.0,yahoo
MARUTI,5m,2026-09-15T09:20:00+05:30,12402.0,12420.0,12397.0,12402.0,3197.0,yahoo
MARUTI,5m,2026-09-15T09:25:00+05:30,12402.0,12415.0,12386.0,12394.0,5140.0,yahoo
MARUTI,5m,2026-09-15T09:30:00+05:30,12395.0,12431.0,12392.0,12420.0,3516.0,yahoo
MARUTI,5m,2026-09-15T09:35:00+05:30,12420.0,12434.0,12410.0,12415.0,4520.0,yahoo
MARUTI,5m,2026-09-15T09:40:00+05:30,12413.0,12428.0,12411.0,12412.0,10236.0,yahoo
MARUTI,5m,2026-09-15T09:45:00+05:30,12410.0,12428.0,12401.0,12404.0,9917.0,yahoo
MARUTI,5m,2026-09-15T09:50:00+05:30,12406.0,12408.0,12391.0,12395.0,2289.0,yahoo
MARUTI,5m,2026-09-15T09:55:00+05:30,12398.0,12411.0,12387.0,12401.0,1893.0,yahoo
MARUTI,5m,2026-09-15T10:00:00+05:30,12401.0,12403.0,12390.0,12399.0,1901.0,yahoo
MARUTI,5m,2026-09-15T10:05:00+05:30,12401.0,12401.0,12380.0,12380.0,1866.0,yahoo
MARUTI,5m,2026-09-15T10:10:00+05:30,12380.0,12389.0,12371.0,12379.0,2227.0,yahoo
MARUTI,5m,2026-09-15T10:15:00+05:30,12378.0,12379.0,12373.0,12376.0,1580.0,yahoo
MARUTI,5m,2026-09-15T10:20:00+05:30,12375.0,12381.0,12373.0,12376.0,982.0,yahoo
MARUTI,5m,2026-09-15T10:25:00+05:30,12376.0,12377.0,12363.0,12363.0,1786.0,yahoo
MARUTI,5m,2026-09-15T10:30:00+05:30,12363.0,12368.0,12361.0,12362.0,1736.0,yahoo
MARUTI,5m,2026-09-15T10:35:00+05:30,12362.0,12363.0,12347.0,12349.0,2460.0,yahoo
MARUTI,5m,2026-09-15T10:40:00+05:30,12352.0,12352.0,12330.0,12330.0,1637.0,yahoo
MARUTI,5m,2026-09-15T10:45:00+05:30,12330.0,12341.0,12322.0,12326.0,1988.0,yahoo
MARUTI,5m,2026-09-15T10:50:00+05:30,12328.0,12334.0,12325.0,12328.0,1638.0,yahoo
MARUTI,5m,2026-09-15T10:55:00+05:30,12329.0,12329.0,12309.0,12315.0,2066.0,yahoo
MARUTI,5m,2026-09-15T11:00:00+05:30,12313.0,12323.0,12308.0,12318.0,1478.0,yahoo
MARUTI,5m,2026-09-15T11:05:00+05:30,12318.0,12324.0,12315.0,12320.0,1304.0,yahoo
MARUTI,5m,2026-09-15T11:10:00+05:30,12318.0,12325.0,12310.0,12323.0,1871.0,yahoo
MARUTI,5m,2026-09-15T11:15:00+05:30,12327.0,12330.0,12301.0,12302.0,1542.0,yahoo
MARUTI,5m,2026-09-15T11:20:00+05:30,12301.0,12316.0,12297.0,12309.0,5436.0,yahoo
MARUTI,5m,2026-09-15T11:25:00+05:30,12314.0,12320.0,12305.0,12319.0,1083.0,yahoo
MARUTI,5m,2026-09-15T11:30:00+05:30,12320.0,12320.0,12310.0,12317.0,1117.0,yahoo
MARUTI,5m,2026-09-15T11:35:00+05:30,12318.0,12357.0,12318.0,12344.0,13174.0,yahoo
MARUTI,5m,2026-09-15T11:40:00+05:30,12347.0,12356.0,12341.0,12349.0,2107.0,yahoo
MARUTI,5m,2026-09-15T11:45:00+05:30,12346.0,12348.0,12345.0,12345.0,928.0,yahoo
MARUTI,5m,2026-09-15T11:50:00+05:30,12344.0,12357.0,12340.0,12356.0,4577.0,yahoo
MARUTI,5m,2026-09-15T11:55:00+05:30,12355.0,12389.0,12351.0,12387.0,6217.0,yahoo
MARUTI,5m,2026-09-15T12:00:00+05:30,12385.0,12417.0,12380.0,12405.0,14993.0,yahoo
MARUTI,5m,2026-09-15T12:05:00+05:30,12408.0,12415.0,12389.0,12390.0,9452.0,yahoo
MARUTI,5m,2026-09-15T12:10:00+05:30,12387.0,12394.0,12380.0,12388.0,8665.0,yahoo
MARUTI,5m,2026-09-15T12:15:00+05:30,12389.0,12390.0,12366.0,12371.0,876.0,yahoo
MARUTI,5m,2026-09-15T12:20:00+05:30,12374.0,12379.0,12366.0,12370.0,1058.0,yahoo
MARUTI,5m,2026-09-15T12:25:00+05:30,12368.0,12370.0,12360.0,12368.0,1170.0,yahoo
MARUTI,5m,2026-09-15T12:30:00+05:30,12366.0,12366.0,12345.0,12346.0,2221.0,yahoo
MARUTI,5m,2026-09-15T12:35:00+05:30,12347.0,12365.0,12345.0,12349.0,1651.0,yahoo
MARUTI,5m,2026-09-15T12:40:00+05:30,12350.0,12352.0,12340.0,12341.0,1893.0,yahoo
MARUTI,5m,2026-09-15T12:45:00+05:30,12341.0,12370.0,12341.0,12359.0,4746.0,yahoo
MARUTI,5m,2026-09-15T12:50:00+05:30,12359.0,12369.0,12354.0,12361.0,1706.0,yahoo
MARUTI,5m,2026-09-15T12:55:00+05:30,12361.0,12365.0,12337.0,12341.0,3097.0,yahoo
MARUTI,5m,2026-09-15T13:00:00+05:30,12344.0,12355.0,12337.0,12348.0,1160.0,yahoo
MARUTI,5m,2026-09-15T13:05:00+05:30,12348.0,12354.0,12342.0,12344.0,5435.0,yahoo
MARUTI,5m,2026-09-15T13:10:00+05:30,12343.0,12349.0,12336.0,12336.0,4839.0,yahoo
MARUTI,5m,2026-09-15T13:15:00+05:30,12336.0,12340.0,12334.0,12336.0,1115.0,yahoo
MARUTI,5m,2026-09-15T13:20:00+05:30,12336.0,12347.0,12335.0,12345.0,1337.0,yahoo
MARUTI,5m,2026-09-15T13:25:00+05:30,12344.0,12356.0,12339.0,12352.0,6003.0,yahoo
MARUTI,5m,2026-09-15T13:30:00+05:30,12355.0,12356.0,12340.0,12352.0,1575.0,yahoo
MARUTI,5m,2026-09-15T13:35:00+05:30,12353.0,12355.0,12337.0,12341.0,2540.0,yahoo
MARUTI,5m,2026-09-15T13:40:00+05:30,12337.0,12349.0,12333.0,12349.0,2060.0,yahoo
MARUTI,5m,2026-09-15T13:45:00+05:30,12347.0,12354.0,12338.0,12354.0,2099.0,yahoo
MARUTI,5m,2026-09-15T13:50:00+05:30,12354.0,12355.0,12346.0,12352.0,1644.0,yahoo
MARUTI,5m,2026-09-15T13:55:00+05:30,12351.0,12352.0,12338.0,12350.0,1987.0,yahoo
MARUTI,5m,2026-09-15T14:00:00+05:30,12349.0,12352.0,12343.0,12348.0,1357.0,yahoo
MARUTI,5m,2026-09-15T14:05:00+05:30,12348.0,12352.0,12326.0,12332.0,3044.0,yahoo
MARUTI,5m,2026-09-15T14:10:00+05:30,12332.0,12335.0,12315.0,12318.0,5878.0,yahoo
MARUTI,5m,2026-09-15T14:15:00+05:30,12318.0,12319.0,12294.0,12297.0,6256.0,yahoo
MARUTI,5m,2026-09-15T14:20:00+05:30,12297.0,12310.0,12292.0,12292.0,3369.0,yahoo
MARUTI,5m,2026-09-15T14:25:00+05:30,12292.0,12300.0,12284.0,12288.0,5422.0,yahoo
MARUTI,5m,2026-09-15T14:30:00+05:30,12291.0,12302.0,12286.0,12300.0,2440.0,yahoo
MARUTI,5m,2026-09-15T14:35:00+05:30,12297.0,12301.0,12280.0,12295.0,6718.0,yahoo
MARUTI,5m,2026-09-15T14:40:00+05:30,12294.0,12302.0,12286.0,12293.0,3948.0,yahoo
MARUTI,5m,2026-09-15T14:45:00+05:30,12297.0,12299.0,12264.0,12281.0,5764.0,yahoo
MARUTI,5m,2026-09-15T14:50:00+05:30,12287.0,12293.0,12271.0,12280.0,7813.0,yahoo
MARUTI,5m,2026-09-15T14:55:00+05:30,12280.0,12296.0,12276.0,12281.0,3972.0,yahoo
MARUTI,5m,2026-09-15T15:00:00+05:30,12284.0,12285.0,12274.0,12278.0,4563.0,yahoo
MARUTI,5m,2026-09-15T15:05:00+05:30,12275.0,12281.0,12268.0,12280.0,7702.0,yahoo
MARUTI,5m,2026-09-15T15:10:00+05:30,12281.0,12284.0,12271.0,12271.0,7723.0,yahoo
MARUTI,5m,2026-09-15T15:15:00+05:30,12271.0,12271.0,12231.0,12231.0,10250.0,yahoo
MAXHEALTH,5m,2026-09-15T09:15:00+05:30,1043.199951171875,1043.199951171875,1032.0999755859375,1033.9000244140625,0.0,yahoo
MAXHEALTH,5m,2026-09-15T09:20:00+05:30,1033.0,1035.199951171875,1032.800048828125,1033.699951171875,24405.0,yahoo
MAXHEALTH,5m,2026-09-15T09:25:00+05:30,1033.699951171875,1037.300048828125,1033.300048828125,1037.0,19386.0,yahoo
MAXHEALTH,5m,2026-09-15T09:30:00+05:30,1036.699951171875,1038.5,1036.0,1038.0,40680.0,yahoo
MAXHEALTH,5m,2026-09-15T09:35:00+05:30,1038.0999755859375,1039.4000244140625,1036.5,1036.5,56773.0,yahoo
MAXHEALTH,5m,2026-09-15T09:40:00+05:30,1036.5,1037.699951171875,1035.9000244140625,1036.9000244140625,30988.0,yahoo
MAXHEALTH,5m,2026-09-15T09:45:00+05:30,1036.9000244140625,1038.0,1035.5,1036.199951171875,32339.0,yahoo
MAXHEALTH,5m,2026-09-15T09:50:00+05:30,1036.0999755859375,1036.9000244140625,1033.0999755859375,1034.0999755859375,173183.0,yahoo
MAXHEALTH,5m,2026-09-15T09:55:00+05:30,1034.0999755859375,1035.199951171875,1032.199951171875,1033.0,80218.0,yahoo
MAXHEALTH,5m,2026-09-15T10:00:00+05:30,1033.4000244140625,1033.5,1031.800048828125,1032.0,59532.0,yahoo
MAXHEALTH,5m,2026-09-15T10:05:00+05:30,1032.199951171875,1033.800048828125,1031.9000244140625,1033.0,39486.0,yahoo
MAXHEALTH,5m,2026-09-15T10:10:00+05:30,1033.0999755859375,1034.5,1033.0,1033.0999755859375,10735.0,yahoo
MAXHEALTH,5m,2026-09-15T10:15:00+05:30,1033.199951171875,1033.5999755859375,1033.0,1033.0999755859375,11224.0,yahoo
MAXHEALTH,5m,2026-09-15T10:20:00+05:30,1033.0,1033.9000244140625,1032.0,1033.5999755859375,18153.0,yahoo
MAXHEALTH,5m,2026-09-15T10:25:00+05:30,1033.5,1034.0,1032.9000244140625,1032.9000244140625,7956.0,yahoo
MAXHEALTH,5m,2026-09-15T10:30:00+05:30,1033.0,1033.800048828125,1033.0,1033.800048828125,10523.0,yahoo
MAXHEALTH,5m,2026-09-15T10:35:00+05:30,1033.800048828125,1033.800048828125,1033.0,1033.0999755859375,4351.0,yahoo
MAXHEALTH,5m,2026-09-15T10:40:00+05:30,1033.0,1033.5,1032.199951171875,1033.0,46195.0,yahoo
MAXHEALTH,5m,2026-09-15T10:45:00+05:30,1033.0,1033.5,1033.0,1033.0,59458.0,yahoo
MAXHEALTH,5m,2026-09-15T10:50:00+05:30,1033.0,1034.0,1031.9000244140625,1033.5,98864.0,yahoo
MAXHEALTH,5m,2026-09-15T10:55:00+05:30,1034.199951171875,1034.199951171875,1032.5999755859375,1033.5,18141.0,yahoo
MAXHEALTH,5m,2026-09-15T11:00:00+05:30,1033.4000244140625,1034.0,1033.199951171875,1033.5999755859375,10706.0,yahoo
MAXHEALTH,5m,2026-09-15T11:05:00+05:30,1033.9000244140625,1034.5,1033.699951171875,1033.800048828125,3277.0,yahoo
MAXHEALTH,5m,2026-09-15T11:10:00+05:30,1033.800048828125,1034.0999755859375,1033.0,1033.4000244140625,10280.0,yahoo
MAXHEALTH,5m,2026-09-15T11:15:00+05:30,1033.4000244140625,1034.699951171875,1032.800048828125,1033.0999755859375,11179.0,yahoo
MAXHEALTH,5m,2026-09-15T11:20:00+05:30,1033.0,1034.300048828125,1033.0,1034.199951171875,2894.0,yahoo
MAXHEALTH,5m,2026-09-15T11:25:00+05:30,1034.199951171875,1034.300048828125,1033.0,1033.0999755859375,26050.0,yahoo
MAXHEALTH,5m,2026-09-15T11:30:00+05:30,1033.0999755859375,1033.5,1033.0,1033.5,4378.0,yahoo
MAXHEALTH,5m,2026-09-15T11:35:00+05:30,1033.5,1035.0,1033.5,1034.0999755859375,10403.0,yahoo
MAXHEALTH,5m,2026-09-15T11:40:00+05:30,1034.0999755859375,1034.699951171875,1033.0,1033.5999755859375,10759.0,yahoo
MAXHEALTH,5m,2026-09-15T11:45:00+05:30,1034.0,1034.199951171875,1033.199951171875,1033.300048828125,2508.0,yahoo
MAXHEALTH,5m,2026-09-15T11:50:00+05:30,1033.0,1033.800048828125,1033.0,1033.199951171875,11835.0,yahoo
MAXHEALTH,5m,2026-09-15T11:55:00+05:30,1033.199951171875,1035.0,1033.0999755859375,1035.0,14667.0,yahoo
MAXHEALTH,5m,2026-09-15T12:00:00+05:30,1035.0,1035.9000244140625,1035.0,1035.699951171875,3060.0,yahoo
MAXHEALTH,5m,2026-09-15T12:05:00+05:30,1035.699951171875,1036.199951171875,1034.5,1034.5999755859375,15107.0,yahoo
MAXHEALTH,5m,2026-09-15T12:10:00+05:30,1034.5999755859375,1034.800048828125,1033.800048828125,1034.300048828125,6885.0,yahoo
MAXHEALTH,5m,2026-09-15T12:15:00+05:30,1034.300048828125,1034.800048828125,1034.0,1034.0,7220.0,yahoo
MAXHEALTH,5m,2026-09-15T12:20:00+05:30,1034.0,1035.199951171875,1033.800048828125,1034.699951171875,15527.0,yahoo
MAXHEALTH,5m,2026-09-15T12:25:00+05:30,1034.699951171875,1036.4000244140625,1034.5,1036.4000244140625,3849.0,yahoo
MAXHEALTH,5m,2026-09-15T12:30:00+05:30,1035.5999755859375,1035.5999755859375,1033.0,1033.0999755859375,13156.0,yahoo
MAXHEALTH,5m,2026-09-15T12:35:00+05:30,1033.0999755859375,1033.9000244140625,1032.0,1033.0,83669.0,yahoo
MAXHEALTH,5m,2026-09-15T12:40:00+05:30,1033.0,1033.5,1033.0,1033.0,78348.0,yahoo
MAXHEALTH,5m,2026-09-15T12:45:00+05:30,1033.0,1034.199951171875,1033.0,1033.699951171875,8334.0,yahoo
MAXHEALTH,5m,2026-09-15T12:50:00+05:30,1033.699951171875,1034.5999755859375,1033.5,1034.0,7391.0,yahoo
MAXHEALTH,5m,2026-09-15T12:55:00+05:30,1034.300048828125,1034.300048828125,1033.0,1033.0,9950.0,yahoo
MAXHEALTH,5m,2026-09-15T13:00:00+05:30,1033.0,1035.0,1033.0,1034.5,86990.0,yahoo
MAXHEALTH,5m,2026-09-15T13:05:00+05:30,1034.5,1035.0,1033.5,1033.699951171875,7910.0,yahoo
MAXHEALTH,5m,2026-09-15T13:10:00+05:30,1033.4000244140625,1033.800048828125,1033.0,1033.300048828125,10414.0,yahoo
MAXHEALTH,5m,2026-09-15T13:15:00+05:30,1033.4000244140625,1033.699951171875,1032.199951171875,1033.0999755859375,97435.0,yahoo
MAXHEALTH,5m,2026-09-15T13:20:00+05:30,1033.0999755859375,1033.5999755859375,1033.0,1033.0999755859375,18305.0,yahoo
MAXHEALTH,5m,2026-09-15T13:25:00+05:30,1033.0999755859375,1034.0,1033.0,1033.0,17703.0,yahoo
MAXHEALTH,5m,2026-09-15T13:30:00+05:30,1033.0,1033.4000244140625,1030.5,1031.4000244140625,21441.0,yahoo
MAXHEALTH,5m,2026-09-15T13:35:00+05:30,1031.0,1032.9000244140625,1030.199951171875,1032.800048828125,14398.0,yahoo
MAXHEALTH,5m,2026-09-15T13:40:00+05:30,1033.0999755859375,1033.0999755859375,1031.0,1031.4000244140625,52271.0,yahoo
MAXHEALTH,5m,2026-09-15T13:45:00+05:30,1031.4000244140625,1033.5,1031.4000244140625,1033.0999755859375,34048.0,yahoo
MAXHEALTH,5m,2026-09-15T13:50:00+05:30,1033.0999755859375,1033.5999755859375,1032.4000244140625,1033.4000244140625,12674.0,yahoo
MAXHEALTH,5m,2026-09-15T13:55:00+05:30,1033.0,1033.5999755859375,1032.9000244140625,1033.5999755859375,11161.0,yahoo
MAXHEALTH,5m,2026-09-15T14:00:00+05:30,1033.4000244140625,1035.4000244140625,1033.4000244140625,1035.4000244140625,12532.0,yahoo
MAXHEALTH,5m,2026-09-15T14:05:00+05:30,1035.199951171875,1038.699951171875,1035.199951171875,1038.199951171875,85497.0,yahoo
MAXHEALTH,5m,2026-09-15T14:10:00+05:30,1039.0,1039.0,1037.5999755859375,1038.5,27202.0,yahoo
MAXHEALTH,5m,2026-09-15T14:15:00+05:30,1038.300048828125,1038.9000244140625,1037.800048828125,1038.199951171875,13290.0,yahoo
MAXHEALTH,5m,2026-09-15T14:20:00+05:30,1037.9000244140625,1041.699951171875,1037.9000244140625,1041.300048828125,64447.0,yahoo
MAXHEALTH,5m,2026-09-15T14:25:00+05:30,1041.300048828125,1042.199951171875,1040.5999755859375,1042.0,18095.0,yahoo
MAXHEALTH,5m,2026-09-15T14:30:00+05:30,1042.5,1042.5,1040.0,1040.5999755859375,80043.0,yahoo
MAXHEALTH,5m,2026-09-15T14:35:00+05:30,1040.300048828125,1043.0,1040.300048828125,1041.5,18160.0,yahoo
MAXHEALTH,5m,2026-09-15T14:40:00+05:30,1041.4000244140625,1042.5999755859375,1040.9000244140625,1041.9000244140625,33133.0,yahoo
MAXHEALTH,5m,2026-09-15T14:45:00+05:30,1041.5,1042.0999755859375,1038.0999755859375,1038.699951171875,49979.0,yahoo
MAXHEALTH,5m,2026-09-15T14:50:00+05:30,1038.0999755859375,1040.800048828125,1036.5999755859375,1038.5999755859375,216581.0,yahoo
MAXHEALTH,5m,2026-09-15T14:55:00+05:30,1038.4000244140625,1038.5,1036.300048828125,1037.5999755859375,55045.0,yahoo
MAXHEALTH,5m,2026-09-15T15:00:00+05:30,1037.699951171875,1038.4000244140625,1035.5,1036.9000244140625,111762.0,yahoo
MAXHEALTH,5m,2026-09-15T15:05:00+05:30,1036.9000244140625,1037.0,1034.300048828125,1035.0999755859375,153529.0,yahoo
MAXHEALTH,5m,2026-09-15T15:10:00+05:30,1035.0999755859375,1045.0,1033.699951171875,1045.0,154950.0,yahoo
MAXHEALTH,5m,2026-09-15T15:15:00+05:30,1045.0,1045.0,1030.0,1030.0,40462.0,yahoo
MCX,5m,2026-09-15T09:15:00+05:30,3264.0,3265.0,3165.0,3184.60009765625,0.0,yahoo
MCX,5m,2026-09-15T09:20:00+05:30,3184.300048828125,3189.199951171875,3170.0,3181.699951171875,68371.0,yahoo
MCX,5m,2026-09-15T09:25:00+05:30,3182.0,3188.60009765625,3165.0,3175.10009765625,71895.0,yahoo
MCX,5m,2026-09-15T09:30:00+05:30,3174.800048828125,3180.0,3158.10009765625,3171.800048828125,63878.0,yahoo
MCX,5m,2026-09-15T09:35:00+05:30,3171.800048828125,3184.199951171875,3168.800048828125,3183.5,27260.0,yahoo
MCX,5m,2026-09-15T09:40:00+05:30,3182.5,3204.5,3180.0,3193.0,112508.0,yahoo
MCX,5m,2026-09-15T09:45:00+05:30,3193.10009765625,3198.5,3190.0,3191.699951171875,33324.0,yahoo
MCX,5m,2026-09-15T09:50:00+05:30,3194.89990234375,3203.800048828125,3193.199951171875,3197.199951171875,27375.0,yahoo
MCX,5m,2026-09-15T09:55:00+05:30,3197.199951171875,3198.89990234375,3192.60009765625,3192.60009765625,14406.0,yahoo
MCX,5m,2026-09-15T10:00:00+05:30,3192.5,3204.300048828125,3192.5,3202.0,55478.0,yahoo
MCX,5m,2026-09-15T10:05:00+05:30,3202.699951171875,3207.0,3199.300048828125,3205.39990234375,20210.0,yahoo
MCX,5m,2026-09-15T10:10:00+05:30,3206.10009765625,3214.39990234375,3201.0,3206.0,29876.0,yahoo
MCX,5m,2026-09-15T10:15:00+05:30,3207.0,3209.300048828125,3207.0,3207.0,31832.0,yahoo
MCX,5m,2026-09-15T10:20:00+05:30,3207.0,3211.89990234375,3206.0,3207.0,13634.0,yahoo
MCX,5m,2026-09-15T10:25:00+05:30,3205.39990234375,3212.5,3205.39990234375,3207.5,25216.0,yahoo
MCX,5m,2026-09-15T10:30:00+05:30,3207.5,3211.0,3197.10009765625,3202.300048828125,60416.0,yahoo
MCX,5m,2026-09-15T10:35:00+05:30,3202.39990234375,3204.0,3195.0,3199.0,68279.0,yahoo
MCX,5m,2026-09-15T10:40:00+05:30,3200.0,3200.300048828125,3192.0,3195.199951171875,31882.0,yahoo
MCX,5m,2026-09-15T10:45:00+05:30,3195.10009765625,3195.5,3181.199951171875,3191.0,99134.0,yahoo
MCX,5m,2026-09-15T10:50:00+05:30,3196.300048828125,3196.300048828125,3185.0,3192.89990234375,21005.0,yahoo
MCX,5m,2026-09-15T10:55:00+05:30,3192.89990234375,3194.89990234375,3191.199951171875,3191.199951171875,8432.0,yahoo
MCX,5m,2026-09-15T11:00:00+05:30,3191.199951171875,3196.60009765625,3191.199951171875,3194.699951171875,5948.0,yahoo
MCX,5m,2026-09-15T11:05:00+05:30,3194.39990234375,3198.0,3193.699951171875,3198.0,6609.0,yahoo
MCX,5m,2026-09-15T11:10:00+05:30,3198.0,3198.699951171875,3195.5,3198.0,4323.0,yahoo
MCX,5m,2026-09-15T11:15:00+05:30,3198.0,3198.5,3192.199951171875,3193.0,4807.0,yahoo
MCX,5m,2026-09-15T11:20:00+05:30,3193.0,3193.89990234375,3190.199951171875,3193.199951171875,6081.0,yahoo
MCX,5m,2026-09-15T11:25:00+05:30,3193.10009765625,3194.60009765625,3191.0,3191.300048828125,4114.0,yahoo
MCX,5m,2026-09-15T11:30:00+05:30,3191.39990234375,3205.0,3191.0,3201.0,17293.0,yahoo
MCX,5m,2026-09-15T11:35:00+05:30,3201.699951171875,3202.0,3191.0,3194.300048828125,13139.0,yahoo
MCX,5m,2026-09-15T11:40:00+05:30,3195.5,3196.699951171875,3190.800048828125,3193.60009765625,4661.0,yahoo
MCX,5m,2026-09-15T11:45:00+05:30,3192.10009765625,3196.800048828125,3192.0,3195.10009765625,4846.0,yahoo
MCX,5m,2026-09-15T11:50:00+05:30,3195.0,3197.0,3193.5,3196.60009765625,6783.0,yahoo
MCX,5m,2026-09-15T11:55:00+05:30,3195.0,3196.300048828125,3193.89990234375,3195.5,3773.0,yahoo
MCX,5m,2026-09-15T12:00:00+05:30,3195.39990234375,3196.800048828125,3192.0,3192.0,5016.0,yahoo
MCX,5m,2026-09-15T12:05:00+05:30,3192.800048828125,3196.300048828125,3192.10009765625,3194.39990234375,4187.0,yahoo
MCX,5m,2026-09-15T12:10:00+05:30,3195.199951171875,3199.39990234375,3194.300048828125,3197.0,8923.0,yahoo
MCX,5m,2026-09-15T12:15:00+05:30,3197.60009765625,3201.699951171875,3195.699951171875,3200.60009765625,7568.0,yahoo
MCX,5m,2026-09-15T12:20:00+05:30,3200.60009765625,3201.699951171875,3198.10009765625,3199.10009765625,3561.0,yahoo
MCX,5m,2026-09-15T12:25:00+05:30,3200.0,3203.60009765625,3199.0,3203.60009765625,8496.0,yahoo
MCX,5m,2026-09-15T12:30:00+05:30,3203.199951171875,3210.0,3202.0,3205.10009765625,20774.0,yahoo
MCX,5m,2026-09-15T12:35:00+05:30,3206.0,3207.699951171875,3203.800048828125,3205.0,6311.0,yahoo
MCX,5m,2026-09-15T12:40:00+05:30,3205.199951171875,3207.60009765625,3203.800048828125,3205.5,5848.0,yahoo
MCX,5m,2026-09-15T12:45:00+05:30,3205.10009765625,3208.10009765625,3204.0,3205.39990234375,4215.0,yahoo
MCX,5m,2026-09-15T12:50:00+05:30,3205.39990234375,3207.300048828125,3203.0,3203.5,5971.0,yahoo
MCX,5m,2026-09-15T12:55:00+05:30,3203.5,3203.60009765625,3195.699951171875,3200.0,26264.0,yahoo
MCX,5m,2026-09-15T13:00:00+05:30,3199.300048828125,3202.39990234375,3198.0,3199.199951171875,12968.0,yahoo
MCX,5m,2026-09-15T13:05:00+05:30,3200.10009765625,3204.300048828125,3198.0,3203.60009765625,5186.0,yahoo
MCX,5m,2026-09-15T13:10:00+05:30,3203.300048828125,3203.39990234375,3198.5,3198.89990234375,3834.0,yahoo
MCX,5m,2026-09-15T13:15:00+05:30,3198.89990234375,3199.89990234375,3198.0,3198.60009765625,2442.0,yahoo
MCX,5m,2026-09-15T13:20:00+05:30,3198.0,3198.5,3195.39990234375,3196.39990234375,8567.0,yahoo
MCX,5m,2026-09-15T13:25:00+05:30,3196.5,3199.800048828125,3195.5,3197.39990234375,7714.0,yahoo
MCX,5m,2026-09-15T13:30:00+05:30,3196.60009765625,3197.800048828125,3194.10009765625,3195.699951171875,4819.0,yahoo
MCX,5m,2026-09-15T13:35:00+05:30,3196.10009765625,3200.39990234375,3196.10009765625,3196.89990234375,4172.0,yahoo
MCX,5m,2026-09-15T13:40:00+05:30,3195.699951171875,3197.39990234375,3195.10009765625,3196.300048828125,4232.0,yahoo
MCX,5m,2026-09-15T13:45:00+05:30,3195.800048828125,3198.800048828125,3194.5,3197.300048828125,5071.0,yahoo
MCX,5m,2026-09-15T13:50:00+05:30,3197.5,3199.60009765625,3195.699951171875,3197.300048828125,8644.0,yahoo
MCX,5m,2026-09-15T13:55:00+05:30,3197.0,3199.300048828125,3195.39990234375,3198.60009765625,5990.0,yahoo
MCX,5m,2026-09-15T14:00:00+05:30,3198.800048828125,3200.0,3195.0,3195.5,9506.0,yahoo
MCX,5m,2026-09-15T14:05:00+05:30,3194.5,3199.5,3193.5,3194.60009765625,11962.0,yahoo
MCX,5m,2026-09-15T14:10:00+05:30,3193.699951171875,3195.800048828125,3193.0,3194.5,8254.0,yahoo
MCX,5m,2026-09-15T14:15:00+05:30,3194.0,3196.60009765625,3190.5,3192.0,12661.0,yahoo
MCX,5m,2026-09-15T14:20:00+05:30,3191.5,3198.60009765625,3191.5,3197.800048828125,17091.0,yahoo
MCX,5m,2026-09-15T14:25:00+05:30,3197.800048828125,3202.89990234375,3197.10009765625,3197.300048828125,37949.0,yahoo
MCX,5m,2026-09-15T14:30:00+05:30,3199.0,3199.0,3194.60009765625,3196.10009765625,9964.0,yahoo
MCX,5m,2026-09-15T14:35:00+05:30,3195.0,3198.0,3195.0,3197.800048828125,9177.0,yahoo
MCX,5m,2026-09-15T14:40:00+05:30,3197.0,3199.0,3197.0,3197.5,18147.0,yahoo
MCX,5m,2026-09-15T14:45:00+05:30,3198.0,3198.0,3178.699951171875,3187.0,46614.0,yahoo
MCX,5m,2026-09-15T14:50:00+05:30,3187.199951171875,3191.0,3181.0,3181.0,35577.0,yahoo
MCX,5m,2026-09-15T14:55:00+05:30,3181.89990234375,3187.300048828125,3181.89990234375,3183.0,16274.0,yahoo
MCX,5m,2026-09-15T15:00:00+05:30,3183.5,3184.300048828125,3178.699951171875,3178.699951171875,17214.0,yahoo
MCX,5m,2026-09-15T15:05:00+05:30,3180.0,3180.0,3170.800048828125,3173.5,33229.0,yahoo
MCX,5m,2026-09-15T15:10:00+05:30,3174.39990234375,3179.89990234375,3167.199951171875,3173.5,78096.0,yahoo
MOTILALOFS,5m,2026-09-15T09:15:00+05:30,1025.5999755859375,1025.5999755859375,1017.0,1017.0,0.0,yahoo
MOTILALOFS,5m,2026-09-15T09:20:00+05:30,1017.5999755859375,1019.2999877929688,1014.2999877929688,1015.0,6826.0,yahoo
MOTILALOFS,5m,2026-09-15T09:25:00+05:30,1015.0,1015.0,1011.0,1013.4000244140625,4825.0,yahoo
MOTILALOFS,5m,2026-09-15T09:30:00+05:30,1012.0999755859375,1013.4000244140625,1011.2000122070312,1012.0,4926.0,yahoo
MOTILALOFS,5m,2026-09-15T09:35:00+05:30,1011.2999877929688,1012.5,1010.5,1012.0,3062.0,yahoo
MOTILALOFS,5m,2026-09-15T09:40:00+05:30,1011.9000244140625,1012.2000122070312,1010.0,1011.2000122070312,4768.0,yahoo
MOTILALOFS,5m,2026-09-15T09:45:00+05:30,1010.0,1010.9000244140625,1008.0999755859375,1008.2000122070312,3257.0,yahoo
MOTILALOFS,5m,2026-09-15T09:50:00+05:30,1008.0999755859375,1008.7999877929688,1004.5999755859375,1005.0,11614.0,yahoo
MOTILALOFS,5m,2026-09-15T09:55:00+05:30,1004.5999755859375,1004.5999755859375,1002.7000122070312,1003.5999755859375,5611.0,yahoo
MOTILALOFS,5m,2026-09-15T10:00:00+05:30,1004.2000122070312,1005.9000244140625,1003.5999755859375,1004.0999755859375,2745.0,yahoo
MOTILALOFS,5m,2026-09-15T10:05:00+05:30,1004.7000122070312,1005.0,1002.7000122070312,1003.4000244140625,5370.0,yahoo
MOTILALOFS,5m,2026-09-15T10:10:00+05:30,1003.2000122070312,1005.9000244140625,1001.5,1004.2999877929688,3070.0,yahoo
MOTILALOFS,5m,2026-09-15T10:15:00+05:30,1004.0,1004.0,999.5999755859375,1000.0,16215.0,yahoo
MOTILALOFS,5m,2026-09-15T10:20:00+05:30,1001.0,1001.2999877929688,999.0999755859375,1000.0,7055.0,yahoo
MOTILALOFS,5m,2026-09-15T10:25:00+05:30,1000.0,1000.4000244140625,997.7999877929688,998.9000244140625,8361.0,yahoo
MOTILALOFS,5m,2026-09-15T10:30:00+05:30,998.7999877929688,999.7999877929688,998.2999877929688,998.7000122070312,3595.0,yahoo
MOTILALOFS,5m,2026-09-15T10:35:00+05:30,999.4000244140625,1000.5,998.7000122070312,998.7999877929688,2598.0,yahoo
MOTILALOFS,5m,2026-09-15T10:40:00+05:30,998.9000244140625,999.2999877929688,997.0,997.5,10144.0,yahoo
MOTILALOFS,5m,2026-09-15T10:45:00+05:30,996.5,997.2000122070312,994.5,994.5999755859375,13046.0,yahoo
MOTILALOFS,5m,2026-09-15T10:50:00+05:30,994.7999877929688,995.4000244140625,992.7999877929688,993.5999755859375,8771.0,yahoo
MOTILALOFS,5m,2026-09-15T10:55:00+05:30,993.5999755859375,994.0,992.0999755859375,993.2000122070312,2643.0,yahoo
MOTILALOFS,5m,2026-09-15T11:00:00+05:30,993.2000122070312,993.5,992.0,993.4000244140625,5531.0,yahoo
MOTILALOFS,5m,2026-09-15T11:05:00+05:30,993.4000244140625,993.4000244140625,991.2999877929688,992.2000122070312,21192.0,yahoo
MOTILALOFS,5m,2026-09-15T11:10:00+05:30,992.2000122070312,993.4000244140625,991.0999755859375,993.0999755859375,1911.0,yahoo
MOTILALOFS,5m,2026-09-15T11:15:00+05:30,993.0999755859375,993.7999877929688,992.2999877929688,992.2999877929688,1425.0,yahoo
MOTILALOFS,5m,2026-09-15T11:20:00+05:30,992.2999877929688,997.5,991.7000122070312,997.0,7596.0,yahoo
MOTILALOFS,5m,2026-09-15T11:25:00+05:30,997.0,998.0,994.9000244140625,995.4000244140625,4137.0,yahoo
MOTILALOFS,5m,2026-09-15T11:30:00+05:30,995.4000244140625,997.5999755859375,995.0999755859375,997.2000122070312,2323.0,yahoo
MOTILALOFS,5m,2026-09-15T11:35:00+05:30,997.2999877929688,997.2999877929688,994.2999877929688,996.2999877929688,2213.0,yahoo
MOTILALOFS,5m,2026-09-15T11:40:00+05:30,996.2999877929688,996.4000244140625,994.2000122070312,994.5999755859375,980.0,yahoo
MOTILALOFS,5m,2026-09-15T11:45:00+05:30,994.5999755859375,994.7999877929688,993.7000122070312,994.0,1605.0,yahoo
MOTILALOFS,5m,2026-09-15T11:50:00+05:30,994.0999755859375,994.9000244140625,993.4000244140625,994.7000122070312,829.0,yahoo
MOTILALOFS,5m,2026-09-15T11:55:00+05:30,994.5,994.7999877929688,993.0,994.7999877929688,6545.0,yahoo
MOTILALOFS,5m,2026-09-15T12:00:00+05:30,994.2999877929688,995.2000122070312,993.9000244140625,995.0999755859375,5057.0,yahoo
MOTILALOFS,5m,2026-09-15T12:05:00+05:30,995.0999755859375,995.2999877929688,993.0999755859375,994.4000244140625,3961.0,yahoo
MOTILALOFS,5m,2026-09-15T12:10:00+05:30,993.7999877929688,994.5999755859375,993.0,994.4000244140625,4694.0,yahoo
MOTILALOFS,5m,2026-09-15T12:15:00+05:30,994.4000244140625,995.7999877929688,993.9000244140625,994.7999877929688,2251.0,yahoo
MOTILALOFS,5m,2026-09-15T12:20:00+05:30,994.7999877929688,994.7999877929688,993.0,993.7000122070312,4508.0,yahoo
MOTILALOFS,5m,2026-09-15T12:25:00+05:30,993.7000122070312,994.0999755859375,993.0999755859375,993.7999877929688,1015.0,yahoo
MOTILALOFS,5m,2026-09-15T12:30:00+05:30,993.7999877929688,993.9000244140625,993.0,993.5,1288.0,yahoo
MOTILALOFS,5m,2026-09-15T12:35:00+05:30,993.4000244140625,994.2000122070312,993.0,993.4000244140625,935.0,yahoo
MOTILALOFS,5m,2026-09-15T12:40:00+05:30,993.4000244140625,998.2000122070312,993.0,997.9000244140625,25035.0,yahoo
MOTILALOFS,5m,2026-09-15T12:45:00+05:30,997.7000122070312,999.2999877929688,996.4000244140625,999.0,2005.0,yahoo
MOTILALOFS,5m,2026-09-15T12:50:00+05:30,999.0,1000.5,998.7999877929688,998.7999877929688,2539.0,yahoo
MOTILALOFS,5m,2026-09-15T12:55:00+05:30,998.7999877929688,999.0,996.2999877929688,997.7999877929688,2540.0,yahoo
MOTILALOFS,5m,2026-09-15T13:00:00+05:30,997.7000122070312,997.7000122070312,995.0999755859375,996.5,2306.0,yahoo
MOTILALOFS,5m,2026-09-15T13:05:00+05:30,996.0,996.5,995.2000122070312,995.4000244140625,1274.0,yahoo
MOTILALOFS,5m,2026-09-15T13:10:00+05:30,995.0999755859375,996.7000122070312,994.5,995.0,3049.0,yahoo
MOTILALOFS,5m,2026-09-15T13:15:00+05:30,995.0,998.5,994.0,998.0,34207.0,yahoo
MOTILALOFS,5m,2026-09-15T13:20:00+05:30,997.7999877929688,997.9000244140625,996.0,996.4000244140625,2371.0,yahoo
MOTILALOFS,5m,2026-09-15T13:25:00+05:30,996.4000244140625,997.0999755859375,996.0,996.2000122070312,2951.0,yahoo
MOTILALOFS,5m,2026-09-15T13:30:00+05:30,996.0999755859375,997.0,995.2999877929688,996.7999877929688,3437.0,yahoo
MOTILALOFS,5m,2026-09-15T13:35:00+05:30,996.9000244140625,997.0,995.0999755859375,996.4000244140625,7286.0,yahoo
MOTILALOFS,5m,2026-09-15T13:40:00+05:30,996.0999755859375,996.0999755859375,993.0999755859375,993.4000244140625,7581.0,yahoo
MOTILALOFS,5m,2026-09-15T13:45:00+05:30,993.4000244140625,995.4000244140625,993.4000244140625,994.4000244140625,2382.0,yahoo
MOTILALOFS,5m,2026-09-15T13:50:00+05:30,994.5,995.7000122070312,993.0999755859375,994.5,5484.0,yahoo
MOTILALOFS,5m,2026-09-15T13:55:00+05:30,994.2999877929688,995.0,993.5,995.0,4961.0,yahoo
MOTILALOFS,5m,2026-09-15T14:00:00+05:30,994.7000122070312,996.0,994.0999755859375,995.0,3826.0,yahoo
MOTILALOFS,5m,2026-09-15T14:05:00+05:30,994.9000244140625,995.2999877929688,994.0,994.0999755859375,2031.0,yahoo
MOTILALOFS,5m,2026-09-15T14:10:00+05:30,994.0999755859375,994.4000244140625,993.0999755859375,994.0,5442.0,yahoo
MOTILALOFS,5m,2026-09-15T14:15:00+05:30,993.2000122070312,993.7999877929688,992.7000122070312,993.0,44158.0,yahoo
MOTILALOFS,5m,2026-09-15T14:20:00+05:30,993.4000244140625,994.0,993.0999755859375,994.0,7828.0,yahoo
MOTILALOFS,5m,2026-09-15T14:25:00+05:30,993.9000244140625,995.2000122070312,993.2000122070312,993.2000122070312,11407.0,yahoo
MOTILALOFS,5m,2026-09-15T14:30:00+05:30,993.2000122070312,995.2999877929688,992.9000244140625,995.2000122070312,30458.0,yahoo
MOTILALOFS,5m,2026-09-15T14:35:00+05:30,995.4000244140625,997.2999877929688,995.4000244140625,997.2999877929688,4491.0,yahoo
MOTILALOFS,5m,2026-09-15T14:40:00+05:30,996.5999755859375,998.2999877929688,996.0,997.5999755859375,7614.0,yahoo
MOTILALOFS,5m,2026-09-15T14:45:00+05:30,997.7999877929688,997.7999877929688,993.0,994.0999755859375,10552.0,yahoo
MOTILALOFS,5m,2026-09-15T14:50:00+05:30,994.0,996.0999755859375,994.0,994.2000122070312,7080.0,yahoo
MOTILALOFS,5m,2026-09-15T14:55:00+05:30,993.5,994.2999877929688,993.0,993.4000244140625,23705.0,yahoo
MOTILALOFS,5m,2026-09-15T15:00:00+05:30,993.4000244140625,993.4000244140625,989.5999755859375,990.2999877929688,37256.0,yahoo
MOTILALOFS,5m,2026-09-15T15:05:00+05:30,990.2000122070312,990.9000244140625,987.7000122070312,988.0,14101.0,yahoo
MOTILALOFS,5m,2026-09-15T15:10:00+05:30,987.9000244140625,990.7999877929688,986.0,990.7999877929688,25190.0,yahoo
NESTLEIND,5m,2026-09-15T09:15:00+05:30,1389.9000244140625,1392.5,1383.9000244140625,1392.5,0.0,yahoo
NESTLEIND,5m,2026-09-15T09:20:00+05:30,1391.0,1394.4000244140625,1387.0999755859375,1392.800048828125,118643.0,yahoo
NESTLEIND,5m,2026-09-15T09:25:00+05:30,1392.699951171875,1392.699951171875,1387.4000244140625,1389.5,54796.0,yahoo
NESTLEIND,5m,2026-09-15T09:30:00+05:30,1390.0999755859375,1390.4000244140625,1388.0999755859375,1389.0,41899.0,yahoo
NESTLEIND,5m,2026-09-15T09:35:00+05:30,1388.5,1389.0999755859375,1383.5999755859375,1384.0999755859375,19645.0,yahoo
NESTLEIND,5m,2026-09-15T09:40:00+05:30,1384.199951171875,1384.800048828125,1383.5,1383.5,14953.0,yahoo
NESTLEIND,5m,2026-09-15T09:45:00+05:30,1383.5,1386.5999755859375,1382.0999755859375,1382.199951171875,15098.0,yahoo
NESTLEIND,5m,2026-09-15T09:50:00+05:30,1382.0999755859375,1383.4000244140625,1382.0999755859375,1382.199951171875,7667.0,yahoo
NESTLEIND,5m,2026-09-15T09:55:00+05:30,1382.300048828125,1382.300048828125,1380.300048828125,1381.5999755859375,13485.0,yahoo
NESTLEIND,5m,2026-09-15T10:00:00+05:30,1381.9000244140625,1381.9000244140625,1380.0,1380.9000244140625,12188.0,yahoo
NESTLEIND,5m,2026-09-15T10:05:00+05:30,1380.5,1380.9000244140625,1379.5,1379.699951171875,22843.0,yahoo
NESTLEIND,5m,2026-09-15T10:10:00+05:30,1379.699951171875,1381.9000244140625,1379.5,1381.5999755859375,13418.0,yahoo
NESTLEIND,5m,2026-09-15T10:15:00+05:30,1381.199951171875,1381.9000244140625,1380.5,1380.699951171875,23919.0,yahoo
NESTLEIND,5m,2026-09-15T10:20:00+05:30,1380.699951171875,1381.5999755859375,1378.800048828125,1379.0,8826.0,yahoo
NESTLEIND,5m,2026-09-15T10:25:00+05:30,1379.300048828125,1379.300048828125,1374.5999755859375,1375.800048828125,13850.0,yahoo
NESTLEIND,5m,2026-09-15T10:30:00+05:30,1375.5,1375.9000244140625,1372.0999755859375,1372.699951171875,32023.0,yahoo
NESTLEIND,5m,2026-09-15T10:35:00+05:30,1372.199951171875,1372.5999755859375,1370.699951171875,1371.199951171875,12037.0,yahoo
NESTLEIND,5m,2026-09-15T10:40:00+05:30,1371.199951171875,1371.199951171875,1368.300048828125,1368.300048828125,16765.0,yahoo
NESTLEIND,5m,2026-09-15T10:45:00+05:30,1368.4000244140625,1369.5,1368.0999755859375,1368.4000244140625,9734.0,yahoo
NESTLEIND,5m,2026-09-15T10:50:00+05:30,1368.699951171875,1369.0,1368.0,1368.800048828125,8572.0,yahoo
NESTLEIND,5m,2026-09-15T10:55:00+05:30,1368.800048828125,1369.199951171875,1367.199951171875,1368.300048828125,18712.0,yahoo
NESTLEIND,5m,2026-09-15T11:00:00+05:30,1368.300048828125,1369.4000244140625,1368.300048828125,1369.4000244140625,7851.0,yahoo
NESTLEIND,5m,2026-09-15T11:05:00+05:30,1369.800048828125,1369.800048828125,1368.199951171875,1368.800048828125,10432.0,yahoo
NESTLEIND,5m,2026-09-15T11:10:00+05:30,1368.9000244140625,1370.0999755859375,1368.4000244140625,1369.5,12386.0,yahoo
NESTLEIND,5m,2026-09-15T11:15:00+05:30,1369.800048828125,1371.5999755859375,1367.5999755859375,1367.5999755859375,16659.0,yahoo
NESTLEIND,5m,2026-09-15T11:20:00+05:30,1367.5999755859375,1369.699951171875,1367.5,1369.5999755859375,11610.0,yahoo
NESTLEIND,5m,2026-09-15T11:25:00+05:30,1369.5999755859375,1369.800048828125,1368.300048828125,1368.699951171875,12623.0,yahoo
NESTLEIND,5m,2026-09-15T11:30:00+05:30,1369.0,1369.0,1368.199951171875,1368.5,9734.0,yahoo
NESTLEIND,5m,2026-09-15T11:35:00+05:30,1368.5999755859375,1369.9000244140625,1367.9000244140625,1368.199951171875,10624.0,yahoo
NESTLEIND,5m,2026-09-15T11:40:00+05:30,1368.5999755859375,1369.0,1367.5999755859375,1368.0,19605.0,yahoo
NESTLEIND,5m,2026-09-15T11:45:00+05:30,1368.300048828125,1369.0999755859375,1368.0,1368.9000244140625,5841.0,yahoo
NESTLEIND,5m,2026-09-15T11:50:00+05:30,1369.0,1369.0,1365.5999755859375,1365.5999755859375,18240.0,yahoo
NESTLEIND,5m,2026-09-15T11:55:00+05:30,1365.800048828125,1369.5,1365.800048828125,1368.800048828125,24228.0,yahoo
NESTLEIND,5m,2026-09-15T12:00:00+05:30,1369.0,1371.0999755859375,1368.800048828125,1371.0999755859375,36787.0,yahoo
NESTLEIND,5m,2026-09-15T12:05:00+05:30,1371.0,1372.300048828125,1370.300048828125,1371.300048828125,11049.0,yahoo
NESTLEIND,5m,2026-09-15T12:10:00+05:30,1371.699951171875,1372.0,1370.4000244140625,1371.5,9733.0,yahoo
NESTLEIND,5m,2026-09-15T12:15:00+05:30,1371.699951171875,1373.199951171875,1370.800048828125,1371.5,17916.0,yahoo
NESTLEIND,5m,2026-09-15T12:20:00+05:30,1371.9000244140625,1371.9000244140625,1370.9000244140625,1371.5999755859375,7175.0,yahoo
NESTLEIND,5m,2026-09-15T12:25:00+05:30,1371.5999755859375,1373.4000244140625,1371.5999755859375,1373.4000244140625,12573.0,yahoo
NESTLEIND,5m,2026-09-15T12:30:00+05:30,1373.4000244140625,1375.199951171875,1372.5,1375.0,38449.0,yahoo
NESTLEIND,5m,2026-09-15T12:35:00+05:30,1375.0,1376.4000244140625,1375.0,1375.5,14750.0,yahoo
NESTLEIND,5m,2026-09-15T12:40:00+05:30,1376.0,1376.0999755859375,1371.0,1371.699951171875,22654.0,yahoo
NESTLEIND,5m,2026-09-15T12:45:00+05:30,1371.699951171875,1374.5999755859375,1371.699951171875,1373.699951171875,10523.0,yahoo
NESTLEIND,5m,2026-09-15T12:50:00+05:30,1373.5,1376.199951171875,1373.5,1376.199951171875,17777.0,yahoo
NESTLEIND,5m,2026-09-15T12:55:00+05:30,1375.5999755859375,1376.300048828125,1375.5999755859375,1376.0999755859375,13355.0,yahoo
NESTLEIND,5m,2026-09-15T13:00:00+05:30,1375.5999755859375,1376.199951171875,1375.4000244140625,1375.800048828125,14224.0,yahoo
NESTLEIND,5m,2026-09-15T13:05:00+05:30,1376.199951171875,1376.199951171875,1375.5,1375.5999755859375,12932.0,yahoo
NESTLEIND,5m,2026-09-15T13:10:00+05:30,1375.699951171875,1376.199951171875,1374.5,1375.699951171875,32739.0,yahoo
NESTLEIND,5m,2026-09-15T13:15:00+05:30,1375.699951171875,1375.699951171875,1367.800048828125,1369.199951171875,37273.0,yahoo
NESTLEIND,5m,2026-09-15T13:20:00+05:30,1369.199951171875,1370.300048828125,1368.5,1370.0999755859375,10471.0,yahoo
NESTLEIND,5m,2026-09-15T13:25:00+05:30,1370.0,1370.699951171875,1369.800048828125,1370.4000244140625,6755.0,yahoo
NESTLEIND,5m,2026-09-15T13:30:00+05:30,1370.0,1370.199951171875,1369.9000244140625,1370.0,5750.0,yahoo
NESTLEIND,5m,2026-09-15T13:35:00+05:30,1370.0,1370.4000244140625,1369.800048828125,1370.0,6304.0,yahoo
NESTLEIND,5m,2026-09-15T13:40:00+05:30,1370.0,1370.4000244140625,1370.0,1370.0999755859375,10021.0,yahoo
NESTLEIND,5m,2026-09-15T13:45:00+05:30,1370.0,1370.4000244140625,1370.0,1370.300048828125,5621.0,yahoo
NESTLEIND,5m,2026-09-15T13:50:00+05:30,1370.4000244140625,1370.800048828125,1370.0999755859375,1370.0999755859375,6894.0,yahoo
NESTLEIND,5m,2026-09-15T13:55:00+05:30,1370.0999755859375,1370.4000244140625,1370.0,1370.0999755859375,30734.0,yahoo
NESTLEIND,5m,2026-09-15T14:00:00+05:30,1370.0999755859375,1370.699951171875,1369.4000244140625,1370.5999755859375,16391.0,yahoo
NESTLEIND,5m,2026-09-15T14:05:00+05:30,1370.5999755859375,1370.699951171875,1370.0,1370.199951171875,5925.0,yahoo
NESTLEIND,5m,2026-09-15T14:10:00+05:30,1370.199951171875,1370.4000244140625,1370.0,1370.0,8057.0,yahoo
NESTLEIND,5m,2026-09-15T14:15:00+05:30,1370.0,1370.4000244140625,1369.5999755859375,1370.300048828125,18190.0,yahoo
NESTLEIND,5m,2026-09-15T14:20:00+05:30,1370.199951171875,1370.800048828125,1370.0,1370.199951171875,8256.0,yahoo
NESTLEIND,5m,2026-09-15T14:25:00+05:30,1370.0999755859375,1371.5,1370.0,1371.300048828125,66887.0,yahoo
NESTLEIND,5m,2026-09-15T14:30:00+05:30,1371.300048828125,1373.9000244140625,1371.0999755859375,1373.5999755859375,73258.0,yahoo
NESTLEIND,5m,2026-09-15T14:35:00+05:30,1373.5999755859375,1374.5999755859375,1373.0,1374.4000244140625,10306.0,yahoo
NESTLEIND,5m,2026-09-15T14:40:00+05:30,1374.199951171875,1374.199951171875,1373.0,1373.300048828125,12313.0,yahoo
NESTLEIND,5m,2026-09-15T14:45:00+05:30,1373.4000244140625,1373.4000244140625,1369.699951171875,1370.5,42054.0,yahoo
NESTLEIND,5m,2026-09-15T14:50:00+05:30,1370.5999755859375,1371.5,1368.699951171875,1368.699951171875,17964.0,yahoo
NESTLEIND,5m,2026-09-15T14:55:00+05:30,1369.199951171875,1369.5999755859375,1367.800048828125,1368.0,19052.0,yahoo
NESTLEIND,5m,2026-09-15T15:00:00+05:30,1367.9000244140625,1367.9000244140625,1365.199951171875,1367.0999755859375,27301.0,yahoo
NESTLEIND,5m,2026-09-15T15:05:00+05:30,1367.300048828125,1367.300048828125,1365.0999755859375,1365.199951171875,21419.0,yahoo
NESTLEIND,5m,2026-09-15T15:10:00+05:30,1365.4000244140625,1369.199951171875,1362.0,1362.0,136795.0,yahoo
NIFTY50,5m,2026-09-15T09:15:00+05:30,23576.150390625,23588.30078125,23487.44921875,23501.05078125,0.0,yahoo
NIFTY50,5m,2026-09-15T09:20:00+05:30,23501.25,23504.05078125,23473.349609375,23474.19921875,0.0,yahoo
NIFTY50,5m,2026-09-15T09:25:00+05:30,23473.80078125,23474.05078125,23452.099609375,23463.900390625,0.0,yahoo
NIFTY50,5m,2026-09-15T09:30:00+05:30,23464.19921875,23465.69921875,23446.599609375,23455.55078125,0.0,yahoo
NIFTY50,5m,2026-09-15T09:35:00+05:30,23455.55078125,23465.0,23439.349609375,23456.75,0.0,yahoo
NIFTY50,5m,2026-09-15T09:40:00+05:30,23456.849609375,23466.44921875,23446.25,23448.099609375,0.0,yahoo
NIFTY50,5m,2026-09-15T09:45:00+05:30,23447.849609375,23448.05078125,23415.55078125,23417.19921875,0.0,yahoo
NIFTY50,5m,2026-09-15T09:50:00+05:30,23417.599609375,23426.599609375,23402.900390625,23403.5,0.0,yahoo
NIFTY50,5m,2026-09-15T09:55:00+05:30,23403.849609375,23404.349609375,23372.94921875,23394.599609375,0.0,yahoo
NIFTY50,5m,2026-09-15T10:00:00+05:30,23394.69921875,23395.69921875,23374.849609375,23385.19921875,0.0,yahoo
NIFTY50,5m,2026-09-15T10:05:00+05:30,23386.5,23393.349609375,23372.55078125,23374.349609375,0.0,yahoo
NIFTY50,5m,2026-09-15T10:10:00+05:30,23375.05078125,23399.30078125,23369.80078125,23386.75,0.0,yahoo
NIFTY50,5m,2026-09-15T10:15:00+05:30,23386.80078125,23396.19921875,23375.25,23389.55078125,0.0,yahoo
NIFTY50,5m,2026-09-15T10:20:00+05:30,23389.5,23391.69921875,23370.5,23383.44921875,0.0,yahoo
NIFTY50,5m,2026-09-15T10:25:00+05:30,23384.25,23384.69921875,23361.25,23362.650390625,0.0,yahoo
NIFTY50,5m,2026-09-15T10:30:00+05:30,23362.75,23370.650390625,23351.5,23365.599609375,0.0,yahoo
NIFTY50,5m,2026-09-15T10:35:00+05:30,23365.099609375,23375.650390625,23364.25,23371.400390625,0.0,yahoo
NIFTY50,5m,2026-09-15T10:40:00+05:30,23371.25,23372.150390625,23348.5,23351.19921875,0.0,yahoo
NIFTY50,5m,2026-09-15T10:45:00+05:30,23351.19921875,23353.150390625,23338.400390625,23339.19921875,0.0,yahoo
NIFTY50,5m,2026-09-15T10:50:00+05:30,23339.69921875,23349.349609375,23330.75,23336.0,0.0,yahoo
NIFTY50,5m,2026-09-15T10:55:00+05:30,23336.0,23338.80078125,23327.44921875,23338.349609375,0.0,yahoo
NIFTY50,5m,2026-09-15T11:00:00+05:30,23337.75,23360.44921875,23336.80078125,23360.44921875,0.0,yahoo
NIFTY50,5m,2026-09-15T11:05:00+05:30,23359.94921875,23360.19921875,23332.849609375,23333.900390625,0.0,yahoo
NIFTY50,5m,2026-09-15T11:10:00+05:30,23334.349609375,23351.5,23323.80078125,23345.400390625,0.0,yahoo
NIFTY50,5m,2026-09-15T11:15:00+05:30,23345.44921875,23355.900390625,23317.75,23322.099609375,0.0,yahoo
NIFTY50,5m,2026-09-15T11:20:00+05:30,23322.0,23336.19921875,23316.55078125,23331.349609375,0.0,yahoo
NIFTY50,5m,2026-09-15T11:25:00+05:30,23330.55078125,23333.5,23313.19921875,23317.650390625,0.0,yahoo
NIFTY50,5m,2026-09-15T11:30:00+05:30,23317.349609375,23328.55078125,23311.80078125,23323.900390625,0.0,yahoo
NIFTY50,5m,2026-09-15T11:35:00+05:30,23324.25,23347.099609375,23323.650390625,23345.75,0.0,yahoo
NIFTY50,5m,2026-09-15T11:40:00+05:30,23345.150390625,23348.5,23331.349609375,23342.05078125,0.0,yahoo
NIFTY50,5m,2026-09-15T11:45:00+05:30,23342.099609375,23343.25,23329.150390625,23329.849609375,0.0,yahoo
NIFTY50,5m,2026-09-15T11:50:00+05:30,23329.69921875,23336.150390625,23319.55078125,23322.94921875,0.0,yahoo
NIFTY50,5m,2026-09-15T11:55:00+05:30,23322.44921875,23338.44921875,23319.849609375,23336.400390625,0.0,yahoo
NIFTY50,5m,2026-09-15T12:00:00+05:30,23335.55078125,23351.650390625,23334.30078125,23345.30078125,0.0,yahoo
NIFTY50,5m,2026-09-15T12:05:00+05:30,23345.44921875,23353.900390625,23336.150390625,23338.400390625,0.0,yahoo
NIFTY50,5m,2026-09-15T12:10:00+05:30,23339.0,23344.80078125,23330.19921875,23335.849609375,0.0,yahoo
NIFTY50,5m,2026-09-15T12:15:00+05:30,23335.900390625,23339.19921875,23324.349609375,23326.69921875,0.0,yahoo
NIFTY50,5m,2026-09-15T12:20:00+05:30,23326.099609375,23335.349609375,23324.94921875,23332.400390625,0.0,yahoo
NIFTY50,5m,2026-09-15T12:25:00+05:30,23332.150390625,23340.0,23327.5,23337.400390625,0.0,yahoo
NIFTY50,5m,2026-09-15T12:30:00+05:30,23338.099609375,23338.099609375,23313.80078125,23320.55078125,0.0,yahoo
NIFTY50,5m,2026-09-15T12:35:00+05:30,23320.30078125,23332.099609375,23316.0,23322.55078125,0.0,yahoo
NIFTY50,5m,2026-09-15T12:40:00+05:30,23322.349609375,23327.80078125,23315.05078125,23315.05078125,0.0,yahoo
NIFTY50,5m,2026-09-15T12:45:00+05:30,23315.05078125,23328.400390625,23312.69921875,23327.150390625,0.0,yahoo
NIFTY50,5m,2026-09-15T12:50:00+05:30,23326.900390625,23337.25,23323.349609375,23328.900390625,0.0,yahoo
NIFTY50,5m,2026-09-15T12:55:00+05:30,23328.69921875,23331.349609375,23301.69921875,23308.599609375,0.0,yahoo
NIFTY50,5m,2026-09-15T13:00:00+05:30,23308.94921875,23313.25,23297.5,23308.599609375,0.0,yahoo
NIFTY50,5m,2026-09-15T13:05:00+05:30,23308.900390625,23315.75,23303.44921875,23305.900390625,0.0,yahoo
NIFTY50,5m,2026-09-15T13:10:00+05:30,23304.900390625,23310.849609375,23288.80078125,23294.94921875,0.0,yahoo
NIFTY50,5m,2026-09-15T13:15:00+05:30,23295.099609375,23300.5,23281.150390625,23294.150390625,0.0,yahoo
NIFTY50,5m,2026-09-15T13:20:00+05:30,23293.5,23296.55078125,23279.900390625,23285.400390625,0.0,yahoo
NIFTY50,5m,2026-09-15T13:25:00+05:30,23285.099609375,23296.55078125,23279.94921875,23281.05078125,0.0,yahoo
NIFTY50,5m,2026-09-15T13:30:00+05:30,23281.44921875,23285.05078125,23263.0,23272.05078125,0.0,yahoo
NIFTY50,5m,2026-09-15T13:35:00+05:30,23271.55078125,23282.19921875,23267.099609375,23269.30078125,0.0,yahoo
NIFTY50,5m,2026-09-15T13:40:00+05:30,23269.099609375,23269.25,23251.849609375,23263.25,0.0,yahoo
NIFTY50,5m,2026-09-15T13:45:00+05:30,23263.349609375,23272.849609375,23262.0,23271.349609375,0.0,yahoo
NIFTY50,5m,2026-09-15T13:50:00+05:30,23271.0,23276.05078125,23268.25,23269.099609375,0.0,yahoo
NIFTY50,5m,2026-09-15T13:55:00+05:30,23269.5,23274.900390625,23262.30078125,23272.349609375,0.0,yahoo
NIFTY50,5m,2026-09-15T14:00:00+05:30,23272.80078125,23277.44921875,23268.69921875,23271.44921875,0.0,yahoo
NIFTY50,5m,2026-09-15T14:05:00+05:30,23271.44921875,23276.55078125,23258.69921875,23260.099609375,0.0,yahoo
NIFTY50,5m,2026-09-15T14:10:00+05:30,23260.05078125,23260.94921875,23229.400390625,23230.19921875,0.0,yahoo
NIFTY50,5m,2026-09-15T14:15:00+05:30,23228.0,23229.30078125,23195.349609375,23197.80078125,0.0,yahoo
NIFTY50,5m,2026-09-15T14:20:00+05:30,23197.900390625,23220.349609375,23197.150390625,23206.25,0.0,yahoo
NIFTY50,5m,2026-09-15T14:25:00+05:30,23206.349609375,23213.30078125,23197.599609375,23202.80078125,0.0,yahoo
NIFTY50,5m,2026-09-15T14:30:00+05:30,23202.55078125,23213.94921875,23199.94921875,23210.19921875,0.0,yahoo
NIFTY50,5m,2026-09-15T14:35:00+05:30,23210.400390625,23224.5,23206.44921875,23215.849609375,0.0,yahoo
NIFTY50,5m,2026-09-15T14:40:00+05:30,23216.05078125,23225.19921875,23212.44921875,23215.75,0.0,yahoo
NIFTY50,5m,2026-09-15T14:45:00+05:30,23216.05078125,23217.55078125,23152.5,23164.0,0.0,yahoo
NIFTY50,5m,2026-09-15T14:50:00+05:30,23165.0,23195.55078125,23163.94921875,23177.75,0.0,yahoo
NIFTY50,5m,2026-09-15T14:55:00+05:30,23178.44921875,23187.599609375,23173.599609375,23174.900390625,0.0,yahoo
NIFTY50,5m,2026-09-15T15:00:00+05:30,23174.69921875,23185.150390625,23169.30078125,23182.75,0.0,yahoo
NIFTY50,5m,2026-09-15T15:05:00+05:30,23184.349609375,23185.0,23165.69921875,23172.94921875,0.0,yahoo
NIFTY50,5m,2026-09-15T15:10:00+05:30,23173.25,23192.349609375,23166.19921875,23172.25,0.0,yahoo
NIFTY50,5m,2026-09-15T15:15:00+05:30,23172.349609375,23172.349609375,23172.349609375,23172.349609375,0.0,yahoo
NIFTY50,5m,2026-09-15T15:20:00+05:30,23172.349609375,23172.349609375,23172.349609375,23172.349609375,0.0,yahoo
NIFTY50,5m,2026-09-15T15:25:00+05:30,23172.349609375,23172.349609375,23118.599609375,23118.599609375,0.0,yahoo
NMDC,5m,2026-09-15T09:15:00+05:30,82.80000305175781,82.88999938964844,82.19999694824219,82.4800033569336,0.0,yahoo
NMDC,5m,2026-09-15T09:20:00+05:30,82.51000213623047,82.75,82.44999694824219,82.55999755859375,462660.0,yahoo
NMDC,5m,2026-09-15T09:25:00+05:30,82.55000305175781,82.55000305175781,82.08000183105469,82.0999984741211,410071.0,yahoo
NMDC,5m,2026-09-15T09:30:00+05:30,82.1500015258789,82.1500015258789,81.94000244140625,82.0199966430664,243476.0,yahoo
NMDC,5m,2026-09-15T09:35:00+05:30,82.05999755859375,82.05999755859375,81.94999694824219,82.02999877929688,208156.0,yahoo
NMDC,5m,2026-09-15T09:40:00+05:30,82.0,82.06999969482422,81.97000122070312,82.0,143148.0,yahoo
NMDC,5m,2026-09-15T09:45:00+05:30,82.0,82.0199966430664,81.87000274658203,81.87000274658203,206310.0,yahoo
NMDC,5m,2026-09-15T09:50:00+05:30,81.93000030517578,81.94999694824219,81.8499984741211,81.9000015258789,108429.0,yahoo
NMDC,5m,2026-09-15T09:55:00+05:30,81.87000274658203,81.87000274658203,81.7699966430664,81.80999755859375,131494.0,yahoo
NMDC,5m,2026-09-15T10:00:00+05:30,81.80999755859375,81.86000061035156,81.75,81.81999969482422,103655.0,yahoo
NMDC,5m,2026-09-15T10:05:00+05:30,81.8499984741211,81.8499984741211,81.76000213623047,81.80000305175781,96727.0,yahoo
NMDC,5m,2026-09-15T10:10:00+05:30,81.80000305175781,81.9000015258789,81.76000213623047,81.80999755859375,210080.0,yahoo
NMDC,5m,2026-09-15T10:15:00+05:30,81.80999755859375,81.87999725341797,81.7699966430664,81.8499984741211,66375.0,yahoo
NMDC,5m,2026-09-15T10:20:00+05:30,81.8499984741211,81.88999938964844,81.7699966430664,81.81999969482422,37670.0,yahoo
NMDC,5m,2026-09-15T10:25:00+05:30,81.83000183105469,81.83000183105469,81.70999908447266,81.70999908447266,83543.0,yahoo
NMDC,5m,2026-09-15T10:30:00+05:30,81.73999786376953,81.83999633789062,81.69000244140625,81.76000213623047,133946.0,yahoo
NMDC,5m,2026-09-15T10:35:00+05:30,81.80000305175781,81.9000015258789,81.80000305175781,81.86000061035156,28645.0,yahoo
NMDC,5m,2026-09-15T10:40:00+05:30,81.88999938964844,81.9000015258789,81.75,81.75,83772.0,yahoo
NMDC,5m,2026-09-15T10:45:00+05:30,81.7300033569336,81.77999877929688,81.68000030517578,81.73999786376953,101183.0,yahoo
NMDC,5m,2026-09-15T10:50:00+05:30,81.69999694824219,81.73999786376953,81.69000244140625,81.73999786376953,31709.0,yahoo
NMDC,5m,2026-09-15T10:55:00+05:30,81.73999786376953,81.73999786376953,81.5199966430664,81.66999816894531,357537.0,yahoo
NMDC,5m,2026-09-15T11:00:00+05:30,81.66999816894531,81.69999694824219,81.56999969482422,81.69000244140625,76825.0,yahoo
NMDC,5m,2026-09-15T11:05:00+05:30,81.66000366210938,81.69000244140625,81.56999969482422,81.61000061035156,152625.0,yahoo
NMDC,5m,2026-09-15T11:10:00+05:30,81.61000061035156,81.66999816894531,81.58000183105469,81.6500015258789,76854.0,yahoo
NMDC,5m,2026-09-15T11:15:00+05:30,81.6500015258789,81.69000244140625,81.55999755859375,81.58999633789062,63328.0,yahoo
NMDC,5m,2026-09-15T11:20:00+05:30,81.58999633789062,81.5999984741211,81.55000305175781,81.55000305175781,29402.0,yahoo
NMDC,5m,2026-09-15T11:25:00+05:30,81.55999755859375,81.61000061035156,81.55000305175781,81.55000305175781,35786.0,yahoo
NMDC,5m,2026-09-15T11:30:00+05:30,81.58000183105469,81.5999984741211,81.44999694824219,81.58000183105469,251770.0,yahoo
NMDC,5m,2026-09-15T11:35:00+05:30,81.54000091552734,81.58000183105469,81.44000244140625,81.5199966430664,117337.0,yahoo
NMDC,5m,2026-09-15T11:40:00+05:30,81.54000091552734,81.54000091552734,81.44999694824219,81.45999908447266,28649.0,yahoo
NMDC,5m,2026-09-15T11:45:00+05:30,81.45999908447266,81.45999908447266,81.30999755859375,81.33999633789062,161086.0,yahoo
NMDC,5m,2026-09-15T11:50:00+05:30,81.36000061035156,81.36000061035156,81.2699966430664,81.31999969482422,78147.0,yahoo
NMDC,5m,2026-09-15T11:55:00+05:30,81.31999969482422,81.33000183105469,81.25,81.33000183105469,54324.0,yahoo
NMDC,5m,2026-09-15T12:00:00+05:30,81.33000183105469,81.38999938964844,81.25,81.37999725341797,74480.0,yahoo
NMDC,5m,2026-09-15T12:05:00+05:30,81.37999725341797,81.37999725341797,81.30000305175781,81.33999633789062,45951.0,yahoo
NMDC,5m,2026-09-15T12:10:00+05:30,81.3499984741211,81.43000030517578,81.33000183105469,81.4000015258789,140804.0,yahoo
NMDC,5m,2026-09-15T12:15:00+05:30,81.44000244140625,81.45999908447266,81.38999938964844,81.4000015258789,54075.0,yahoo
NMDC,5m,2026-09-15T12:20:00+05:30,81.44000244140625,81.44000244140625,81.30000305175781,81.3499984741211,300294.0,yahoo
NMDC,5m,2026-09-15T12:25:00+05:30,81.3499984741211,81.45999908447266,81.33999633789062,81.43000030517578,135901.0,yahoo
NMDC,5m,2026-09-15T12:30:00+05:30,81.45999908447266,81.48999786376953,81.33000183105469,81.43000030517578,312312.0,yahoo
NMDC,5m,2026-09-15T12:35:00+05:30,81.47000122070312,81.61000061035156,81.41999816894531,81.45999908447266,132918.0,yahoo
NMDC,5m,2026-09-15T12:40:00+05:30,81.45999908447266,81.51000213623047,81.36000061035156,81.4000015258789,358117.0,yahoo
NMDC,5m,2026-09-15T12:45:00+05:30,81.4000015258789,81.52999877929688,81.3499984741211,81.48999786376953,72310.0,yahoo
NMDC,5m,2026-09-15T12:50:00+05:30,81.5199966430664,81.68000030517578,81.4800033569336,81.6500015258789,104124.0,yahoo
NMDC,5m,2026-09-15T12:55:00+05:30,81.62000274658203,81.6500015258789,81.43000030517578,81.48999786376953,153752.0,yahoo
NMDC,5m,2026-09-15T13:00:00+05:30,81.5,81.56999969482422,81.4800033569336,81.56999969482422,38503.0,yahoo
NMDC,5m,2026-09-15T13:05:00+05:30,81.54000091552734,81.58000183105469,81.41999816894531,81.43000030517578,35798.0,yahoo
NMDC,5m,2026-09-15T13:10:00+05:30,81.41000366210938,81.44999694824219,81.31999969482422,81.41000366210938,89349.0,yahoo
NMDC,5m,2026-09-15T13:15:00+05:30,81.41999816894531,81.44000244140625,81.37999725341797,81.38999938964844,69025.0,yahoo
NMDC,5m,2026-09-15T13:20:00+05:30,81.41999816894531,81.41999816894531,81.3499984741211,81.38999938964844,38011.0,yahoo
NMDC,5m,2026-09-15T13:25:00+05:30,81.41000366210938,81.41999816894531,81.33000183105469,81.37999725341797,66856.0,yahoo
NMDC,5m,2026-09-15T13:30:00+05:30,81.38999938964844,81.38999938964844,81.27999877929688,81.37000274658203,113308.0,yahoo
NMDC,5m,2026-09-15T13:35:00+05:30,81.37000274658203,81.37000274658203,81.26000213623047,81.33000183105469,67267.0,yahoo
NMDC,5m,2026-09-15T13:40:00+05:30,81.30999755859375,81.33000183105469,81.2300033569336,81.25,71887.0,yahoo
NMDC,5m,2026-09-15T13:45:00+05:30,81.20999908447266,81.2699966430664,81.19999694824219,81.22000122070312,53880.0,yahoo
NMDC,5m,2026-09-15T13:50:00+05:30,81.25,81.30999755859375,81.20999908447266,81.25,45028.0,yahoo
NMDC,5m,2026-09-15T13:55:00+05:30,81.25,81.25,81.20999908447266,81.25,24906.0,yahoo
NMDC,5m,2026-09-15T14:00:00+05:30,81.25,81.25,81.2300033569336,81.25,29084.0,yahoo
NMDC,5m,2026-09-15T14:05:00+05:30,81.25,81.25,81.11000061035156,81.16999816894531,90056.0,yahoo
NMDC,5m,2026-09-15T14:10:00+05:30,81.1500015258789,81.18000030517578,81.0999984741211,81.11000061035156,98304.0,yahoo
NMDC,5m,2026-09-15T14:15:00+05:30,81.13999938964844,81.13999938964844,81.01000213623047,81.01000213623047,149537.0,yahoo
NMDC,5m,2026-09-15T14:20:00+05:30,81.0199966430664,81.0999984741211,81.0,81.0,108918.0,yahoo
NMDC,5m,2026-09-15T14:25:00+05:30,81.04000091552734,81.05999755859375,81.0,81.02999877929688,87595.0,yahoo
NMDC,5m,2026-09-15T14:30:00+05:30,80.94999694824219,80.98999786376953,80.87999725341797,80.97000122070312,141414.0,yahoo
NMDC,5m,2026-09-15T14:35:00+05:30,80.9800033569336,81.0199966430664,80.95999908447266,81.0,34614.0,yahoo
NMDC,5m,2026-09-15T14:40:00+05:30,81.0,81.08000183105469,80.95999908447266,80.95999908447266,111981.0,yahoo
NMDC,5m,2026-09-15T14:45:00+05:30,80.95999908447266,80.95999908447266,80.69000244140625,80.77999877929688,182034.0,yahoo
NMDC,5m,2026-09-15T14:50:00+05:30,80.79000091552734,80.87000274658203,80.75,80.77999877929688,86479.0,yahoo
NMDC,5m,2026-09-15T14:55:00+05:30,80.75,80.87000274658203,80.75,80.80000305175781,145152.0,yahoo
NMDC,5m,2026-09-15T15:00:00+05:30,80.75,80.83999633789062,80.70999908447266,80.76000213623047,323215.0,yahoo
NMDC,5m,2026-09-15T15:05:00+05:30,80.75,80.83000183105469,80.68000030517578,80.83000183105469,347408.0,yahoo
NMDC,5m,2026-09-15T15:10:00+05:30,80.80000305175781,80.87999725341797,80.75,80.7699966430664,508026.0,yahoo
NMDC,5m,2026-09-15T15:15:00+05:30,80.7699966430664,80.7699966430664,80.5,80.5,240107.0,yahoo
NTPC,5m,2026-09-15T09:15:00+05:30,333.29998779296875,333.29998779296875,329.6000061035156,330.20001220703125,0.0,yahoo
NTPC,5m,2026-09-15T09:20:00+05:30,330.3500061035156,331.29998779296875,329.20001220703125,329.6000061035156,180793.0,yahoo
NTPC,5m,2026-09-15T09:25:00+05:30,329.79998779296875,329.79998779296875,328.95001220703125,329.0,106555.0,yahoo
NTPC,5m,2026-09-15T09:30:00+05:30,329.1499938964844,329.20001220703125,328.5,328.75,103072.0,yahoo
NTPC,5m,2026-09-15T09:35:00+05:30,328.8500061035156,328.95001220703125,328.25,328.75,61838.0,yahoo
NTPC,5m,2026-09-15T09:40:00+05:30,328.6499938964844,328.79998779296875,328.0,328.0,75212.0,yahoo
NTPC,5m,2026-09-15T09:45:00+05:30,328.04998779296875,328.20001220703125,327.75,327.75,71446.0,yahoo
NTPC,5m,2026-09-15T09:50:00+05:30,327.70001220703125,328.1499938964844,327.70001220703125,327.8999938964844,74291.0,yahoo
NTPC,5m,2026-09-15T09:55:00+05:30,327.79998779296875,327.8500061035156,327.29998779296875,327.8500061035156,46931.0,yahoo
NTPC,5m,2026-09-15T10:00:00+05:30,328.0,328.0,327.45001220703125,327.95001220703125,53399.0,yahoo
NTPC,5m,2026-09-15T10:05:00+05:30,327.79998779296875,328.1499938964844,327.5,327.54998779296875,59064.0,yahoo
NTPC,5m,2026-09-15T10:10:00+05:30,327.45001220703125,328.0,327.45001220703125,327.75,20294.0,yahoo
NTPC,5m,2026-09-15T10:15:00+05:30,327.75,327.95001220703125,327.54998779296875,327.95001220703125,23211.0,yahoo
NTPC,5m,2026-09-15T10:20:00+05:30,327.8500061035156,328.75,327.79998779296875,328.54998779296875,62013.0,yahoo
NTPC,5m,2026-09-15T10:25:00+05:30,328.54998779296875,328.54998779296875,327.79998779296875,327.79998779296875,48358.0,yahoo
NTPC,5m,2026-09-15T10:30:00+05:30,327.79998779296875,327.8500061035156,327.5,327.70001220703125,41209.0,yahoo
NTPC,5m,2026-09-15T10:35:00+05:30,327.79998779296875,327.95001220703125,327.75,327.95001220703125,27584.0,yahoo
NTPC,5m,2026-09-15T10:40:00+05:30,327.95001220703125,328.6000061035156,327.6000061035156,328.3500061035156,238831.0,yahoo
NTPC,5m,2026-09-15T10:45:00+05:30,328.5,328.70001220703125,327.79998779296875,327.8500061035156,102225.0,yahoo
NTPC,5m,2026-09-15T10:50:00+05:30,327.79998779296875,328.0,327.6000061035156,327.6499938964844,19292.0,yahoo
NTPC,5m,2026-09-15T10:55:00+05:30,327.54998779296875,327.6499938964844,327.1499938964844,327.25,32620.0,yahoo
NTPC,5m,2026-09-15T11:00:00+05:30,327.25,328.1499938964844,327.25,327.79998779296875,123518.0,yahoo
NTPC,5m,2026-09-15T11:05:00+05:30,327.8500061035156,327.8500061035156,327.54998779296875,327.79998779296875,20830.0,yahoo
NTPC,5m,2026-09-15T11:10:00+05:30,327.70001220703125,327.79998779296875,327.5,327.6499938964844,12671.0,yahoo
NTPC,5m,2026-09-15T11:15:00+05:30,327.75,327.75,327.20001220703125,327.25,35508.0,yahoo
NTPC,5m,2026-09-15T11:20:00+05:30,327.20001220703125,328.1499938964844,327.20001220703125,328.0,118862.0,yahoo
NTPC,5m,2026-09-15T11:25:00+05:30,328.1000061035156,328.25,327.54998779296875,328.04998779296875,47276.0,yahoo
NTPC,5m,2026-09-15T11:30:00+05:30,328.04998779296875,328.3999938964844,327.5,327.6499938964844,46466.0,yahoo
NTPC,5m,2026-09-15T11:35:00+05:30,327.70001220703125,328.6499938964844,327.70001220703125,328.54998779296875,487311.0,yahoo
NTPC,5m,2026-09-15T11:40:00+05:30,328.5,328.70001220703125,328.29998779296875,328.54998779296875,185293.0,yahoo
NTPC,5m,2026-09-15T11:45:00+05:30,328.6000061035156,329.0,328.54998779296875,328.6000061035156,178486.0,yahoo
NTPC,5m,2026-09-15T11:50:00+05:30,328.5,328.79998779296875,328.1499938964844,328.20001220703125,69407.0,yahoo
NTPC,5m,2026-09-15T11:55:00+05:30,328.3999938964844,328.45001220703125,328.1499938964844,328.45001220703125,246396.0,yahoo
NTPC,5m,2026-09-15T12:00:00+05:30,328.45001220703125,328.8999938964844,328.45001220703125,328.6499938964844,33695.0,yahoo
NTPC,5m,2026-09-15T12:05:00+05:30,328.70001220703125,328.8500061035156,328.1000061035156,328.1000061035156,41566.0,yahoo
NTPC,5m,2026-09-15T12:10:00+05:30,328.1000061035156,328.3999938964844,328.04998779296875,328.25,33536.0,yahoo
NTPC,5m,2026-09-15T12:15:00+05:30,328.25,328.75,328.0,328.54998779296875,121692.0,yahoo
NTPC,5m,2026-09-15T12:20:00+05:30,328.54998779296875,329.45001220703125,328.54998779296875,329.25,59007.0,yahoo
NTPC,5m,2026-09-15T12:25:00+05:30,329.3999938964844,329.3999938964844,329.0,329.3999938964844,55868.0,yahoo
NTPC,5m,2026-09-15T12:30:00+05:30,329.3999938964844,329.3999938964844,328.5,328.6499938964844,30110.0,yahoo
NTPC,5m,2026-09-15T12:35:00+05:30,328.6499938964844,328.8500061035156,328.54998779296875,328.70001220703125,25903.0,yahoo
NTPC,5m,2026-09-15T12:40:00+05:30,328.8500061035156,328.95001220703125,328.6499938964844,328.8500061035156,22600.0,yahoo
NTPC,5m,2026-09-15T12:45:00+05:30,328.70001220703125,328.8999938964844,328.6499938964844,328.75,26870.0,yahoo
NTPC,5m,2026-09-15T12:50:00+05:30,328.8999938964844,329.1000061035156,328.70001220703125,328.79998779296875,30295.0,yahoo
NTPC,5m,2026-09-15T12:55:00+05:30,328.8500061035156,328.8500061035156,328.20001220703125,328.45001220703125,57346.0,yahoo
NTPC,5m,2026-09-15T13:00:00+05:30,328.45001220703125,328.45001220703125,327.75,327.8999938964844,47270.0,yahoo
NTPC,5m,2026-09-15T13:05:00+05:30,327.8999938964844,328.20001220703125,327.5,328.1499938964844,234938.0,yahoo
NTPC,5m,2026-09-15T13:10:00+05:30,328.1499938964844,329.0,328.0,329.0,154396.0,yahoo
NTPC,5m,2026-09-15T13:15:00+05:30,328.75,328.75,328.25,328.3500061035156,67758.0,yahoo
NTPC,5m,2026-09-15T13:20:00+05:30,328.45001220703125,328.6499938964844,328.3500061035156,328.6000061035156,23032.0,yahoo
NTPC,5m,2026-09-15T13:25:00+05:30,328.6000061035156,328.75,328.45001220703125,328.6000061035156,29967.0,yahoo
NTPC,5m,2026-09-15T13:30:00+05:30,328.70001220703125,328.75,328.29998779296875,328.3999938964844,79439.0,yahoo
NTPC,5m,2026-09-15T13:35:00+05:30,328.45001220703125,328.5,328.0,328.04998779296875,62488.0,yahoo
NTPC,5m,2026-09-15T13:40:00+05:30,328.0,328.1499938964844,327.75,327.75,50332.0,yahoo
NTPC,5m,2026-09-15T13:45:00+05:30,327.79998779296875,328.04998779296875,327.6000061035156,327.8500061035156,45210.0,yahoo
NTPC,5m,2026-09-15T13:50:00+05:30,327.8500061035156,328.1499938964844,327.79998779296875,328.0,27480.0,yahoo
NTPC,5m,2026-09-15T13:55:00+05:30,328.0,328.20001220703125,327.70001220703125,327.8999938964844,35334.0,yahoo
NTPC,5m,2026-09-15T14:00:00+05:30,327.8999938964844,328.45001220703125,327.8500061035156,328.3500061035156,23537.0,yahoo
NTPC,5m,2026-09-15T14:05:00+05:30,328.45001220703125,328.5,328.04998779296875,328.1000061035156,27268.0,yahoo
NTPC,5m,2026-09-15T14:10:00+05:30,328.1499938964844,328.20001220703125,327.20001220703125,327.29998779296875,88919.0,yahoo
NTPC,5m,2026-09-15T14:15:00+05:30,327.25,327.25,326.79998779296875,326.95001220703125,123640.0,yahoo
NTPC,5m,2026-09-15T14:20:00+05:30,327.1000061035156,327.25,326.8500061035156,326.95001220703125,40560.0,yahoo
NTPC,5m,2026-09-15T14:25:00+05:30,327.04998779296875,327.20001220703125,327.0,327.04998779296875,51596.0,yahoo
NTPC,5m,2026-09-15T14:30:00+05:30,327.1000061035156,327.25,327.04998779296875,327.04998779296875,34591.0,yahoo
NTPC,5m,2026-09-15T14:35:00+05:30,327.1000061035156,327.54998779296875,327.1000061035156,327.1499938964844,71236.0,yahoo
NTPC,5m,2026-09-15T14:40:00+05:30,327.29998779296875,327.3999938964844,327.04998779296875,327.1499938964844,40990.0,yahoo
NTPC,5m,2026-09-15T14:45:00+05:30,327.20001220703125,327.29998779296875,326.5,326.95001220703125,135132.0,yahoo
NTPC,5m,2026-09-15T14:50:00+05:30,326.95001220703125,327.3500061035156,326.8500061035156,327.20001220703125,242463.0,yahoo
NTPC,5m,2026-09-15T14:55:00+05:30,327.3999938964844,327.70001220703125,327.3999938964844,327.6000061035156,201328.0,yahoo
NTPC,5m,2026-09-15T15:00:00+05:30,327.54998779296875,327.75,327.45001220703125,327.6000061035156,488407.0,yahoo
NTPC,5m,2026-09-15T15:05:00+05:30,327.54998779296875,327.79998779296875,327.3500061035156,327.70001220703125,433354.0,yahoo
NTPC,5m,2026-09-15T15:10:00+05:30,327.79998779296875,328.25,327.1000061035156,327.1000061035156,825186.0,yahoo
NTPC,5m,2026-09-15T15:15:00+05:30,328.0,329.5,328.0,329.5,869795.0,yahoo
OBEROIRLTY,5m,2026-09-15T09:15:00+05:30,1745.5,1745.5,1729.300048828125,1729.300048828125,0.0,yahoo
OBEROIRLTY,5m,2026-09-15T09:20:00+05:30,1730.199951171875,1733.5,1726.5,1726.5,5567.0,yahoo
OBEROIRLTY,5m,2026-09-15T09:25:00+05:30,1726.0999755859375,1734.0999755859375,1725.0999755859375,1734.0999755859375,5386.0,yahoo
OBEROIRLTY,5m,2026-09-15T09:30:00+05:30,1733.9000244140625,1735.699951171875,1728.199951171875,1732.800048828125,13366.0,yahoo
OBEROIRLTY,5m,2026-09-15T09:35:00+05:30,1732.300048828125,1735.9000244140625,1732.300048828125,1733.9000244140625,2858.0,yahoo
OBEROIRLTY,5m,2026-09-15T09:40:00+05:30,1733.0,1735.300048828125,1732.0999755859375,1732.5,3673.0,yahoo
OBEROIRLTY,5m,2026-09-15T09:45:00+05:30,1732.0,1732.800048828125,1725.800048828125,1726.5999755859375,6516.0,yahoo
OBEROIRLTY,5m,2026-09-15T09:50:00+05:30,1726.0999755859375,1728.800048828125,1725.199951171875,1725.199951171875,5142.0,yahoo
OBEROIRLTY,5m,2026-09-15T09:55:00+05:30,1725.9000244140625,1725.9000244140625,1719.4000244140625,1721.5,4497.0,yahoo
OBEROIRLTY,5m,2026-09-15T10:00:00+05:30,1721.0,1723.5,1718.199951171875,1719.800048828125,5032.0,yahoo
OBEROIRLTY,5m,2026-09-15T10:05:00+05:30,1719.800048828125,1720.5,1716.800048828125,1717.199951171875,4452.0,yahoo
OBEROIRLTY,5m,2026-09-15T10:10:00+05:30,1717.0,1718.4000244140625,1715.300048828125,1715.699951171875,4160.0,yahoo
OBEROIRLTY,5m,2026-09-15T10:15:00+05:30,1715.0,1716.0,1713.0,1715.5999755859375,3932.0,yahoo
OBEROIRLTY,5m,2026-09-15T10:20:00+05:30,1715.0999755859375,1716.800048828125,1712.4000244140625,1713.5999755859375,4181.0,yahoo
OBEROIRLTY,5m,2026-09-15T10:25:00+05:30,1713.199951171875,1715.0,1705.5,1705.699951171875,6516.0,yahoo
OBEROIRLTY,5m,2026-09-15T10:30:00+05:30,1705.199951171875,1706.5,1701.9000244140625,1701.9000244140625,5075.0,yahoo
OBEROIRLTY,5m,2026-09-15T10:35:00+05:30,1701.699951171875,1705.800048828125,1701.699951171875,1705.800048828125,4993.0,yahoo
OBEROIRLTY,5m,2026-09-15T10:40:00+05:30,1705.300048828125,1707.199951171875,1703.5999755859375,1704.5999755859375,3702.0,yahoo
OBEROIRLTY,5m,2026-09-15T10:45:00+05:30,1704.699951171875,1707.199951171875,1702.699951171875,1704.5,4049.0,yahoo
OBEROIRLTY,5m,2026-09-15T10:50:00+05:30,1704.5999755859375,1705.4000244140625,1701.0,1702.0,7167.0,yahoo
OBEROIRLTY,5m,2026-09-15T10:55:00+05:30,1702.199951171875,1704.0999755859375,1700.0999755859375,1702.5999755859375,3131.0,yahoo
OBEROIRLTY,5m,2026-09-15T11:00:00+05:30,1704.0,1707.699951171875,1702.4000244140625,1707.699951171875,2153.0,yahoo
OBEROIRLTY,5m,2026-09-15T11:05:00+05:30,1707.4000244140625,1707.4000244140625,1701.0,1702.199951171875,3899.0,yahoo
OBEROIRLTY,5m,2026-09-15T11:10:00+05:30,1702.199951171875,1704.4000244140625,1700.800048828125,1703.4000244140625,1564.0,yahoo
OBEROIRLTY,5m,2026-09-15T11:15:00+05:30,1703.5999755859375,1704.5,1698.0999755859375,1698.5,3353.0,yahoo
OBEROIRLTY,5m,2026-09-15T11:20:00+05:30,1699.199951171875,1701.699951171875,1698.300048828125,1700.699951171875,3049.0,yahoo
OBEROIRLTY,5m,2026-09-15T11:25:00+05:30,1700.199951171875,1701.300048828125,1699.800048828125,1700.800048828125,1827.0,yahoo
OBEROIRLTY,5m,2026-09-15T11:30:00+05:30,1700.9000244140625,1703.0,1699.4000244140625,1702.0999755859375,2031.0,yahoo
OBEROIRLTY,5m,2026-09-15T11:35:00+05:30,1702.5999755859375,1702.5999755859375,1699.800048828125,1701.0,1804.0,yahoo
OBEROIRLTY,5m,2026-09-15T11:40:00+05:30,1702.5,1702.5,1698.5,1698.800048828125,1242.0,yahoo
OBEROIRLTY,5m,2026-09-15T11:45:00+05:30,1698.800048828125,1699.300048828125,1695.699951171875,1695.699951171875,3631.0,yahoo
OBEROIRLTY,5m,2026-09-15T11:50:00+05:30,1695.699951171875,1698.0999755859375,1695.199951171875,1697.300048828125,2906.0,yahoo
OBEROIRLTY,5m,2026-09-15T11:55:00+05:30,1697.4000244140625,1697.699951171875,1695.199951171875,1696.699951171875,2269.0,yahoo
OBEROIRLTY,5m,2026-09-15T12:00:00+05:30,1696.0999755859375,1698.4000244140625,1695.800048828125,1697.4000244140625,2974.0,yahoo
OBEROIRLTY,5m,2026-09-15T12:05:00+05:30,1697.5999755859375,1698.199951171875,1696.199951171875,1696.699951171875,2248.0,yahoo
OBEROIRLTY,5m,2026-09-15T12:10:00+05:30,1696.5999755859375,1697.800048828125,1694.0,1695.699951171875,4430.0,yahoo
OBEROIRLTY,5m,2026-09-15T12:15:00+05:30,1695.800048828125,1696.5999755859375,1694.0999755859375,1694.5,4106.0,yahoo
OBEROIRLTY,5m,2026-09-15T12:20:00+05:30,1694.5999755859375,1700.300048828125,1694.5999755859375,1697.0,3919.0,yahoo
OBEROIRLTY,5m,2026-09-15T12:25:00+05:30,1697.199951171875,1698.0999755859375,1695.5999755859375,1696.5,2239.0,yahoo
OBEROIRLTY,5m,2026-09-15T12:30:00+05:30,1696.699951171875,1696.699951171875,1692.699951171875,1693.199951171875,3919.0,yahoo
OBEROIRLTY,5m,2026-09-15T12:35:00+05:30,1693.300048828125,1694.800048828125,1691.9000244140625,1692.4000244140625,5528.0,yahoo
OBEROIRLTY,5m,2026-09-15T12:40:00+05:30,1692.5999755859375,1694.199951171875,1691.4000244140625,1692.5,2253.0,yahoo
OBEROIRLTY,5m,2026-09-15T12:45:00+05:30,1692.199951171875,1697.0999755859375,1692.0999755859375,1696.5,3593.0,yahoo
OBEROIRLTY,5m,2026-09-15T12:50:00+05:30,1696.300048828125,1697.5999755859375,1694.4000244140625,1695.5,2977.0,yahoo
OBEROIRLTY,5m,2026-09-15T12:55:00+05:30,1694.9000244140625,1695.0999755859375,1691.199951171875,1692.0,2753.0,yahoo
OBEROIRLTY,5m,2026-09-15T13:00:00+05:30,1692.0,1693.0999755859375,1691.5999755859375,1691.800048828125,2669.0,yahoo
OBEROIRLTY,5m,2026-09-15T13:05:00+05:30,1691.9000244140625,1693.0999755859375,1691.4000244140625,1691.4000244140625,2068.0,yahoo
OBEROIRLTY,5m,2026-09-15T13:10:00+05:30,1691.4000244140625,1692.0,1689.9000244140625,1690.300048828125,7960.0,yahoo
OBEROIRLTY,5m,2026-09-15T13:15:00+05:30,1690.199951171875,1693.0999755859375,1688.800048828125,1691.699951171875,2236.0,yahoo
OBEROIRLTY,5m,2026-09-15T13:20:00+05:30,1691.199951171875,1693.800048828125,1690.5,1690.9000244140625,3092.0,yahoo
OBEROIRLTY,5m,2026-09-15T13:25:00+05:30,1690.9000244140625,1692.0,1689.5,1689.5,2134.0,yahoo
OBEROIRLTY,5m,2026-09-15T13:30:00+05:30,1689.0,1689.699951171875,1688.0,1688.199951171875,3137.0,yahoo
OBEROIRLTY,5m,2026-09-15T13:35:00+05:30,1688.5,1690.4000244140625,1688.0,1688.300048828125,3365.0,yahoo
OBEROIRLTY,5m,2026-09-15T13:40:00+05:30,1688.300048828125,1688.300048828125,1686.199951171875,1687.300048828125,4417.0,yahoo
OBEROIRLTY,5m,2026-09-15T13:45:00+05:30,1687.5,1688.0,1685.300048828125,1686.4000244140625,2738.0,yahoo
OBEROIRLTY,5m,2026-09-15T13:50:00+05:30,1686.5,1687.9000244140625,1685.5999755859375,1686.4000244140625,5432.0,yahoo
OBEROIRLTY,5m,2026-09-15T13:55:00+05:30,1686.4000244140625,1688.300048828125,1685.699951171875,1685.800048828125,3259.0,yahoo
OBEROIRLTY,5m,2026-09-15T14:00:00+05:30,1686.800048828125,1688.4000244140625,1685.0,1685.0999755859375,4905.0,yahoo
OBEROIRLTY,5m,2026-09-15T14:05:00+05:30,1685.0999755859375,1686.0999755859375,1679.199951171875,1679.199951171875,4520.0,yahoo
OBEROIRLTY,5m,2026-09-15T14:10:00+05:30,1679.0,1680.5999755859375,1676.300048828125,1676.699951171875,3489.0,yahoo
OBEROIRLTY,5m,2026-09-15T14:15:00+05:30,1677.9000244140625,1677.9000244140625,1673.300048828125,1673.4000244140625,6788.0,yahoo
OBEROIRLTY,5m,2026-09-15T14:20:00+05:30,1673.4000244140625,1676.0,1672.699951171875,1673.800048828125,3973.0,yahoo
OBEROIRLTY,5m,2026-09-15T14:25:00+05:30,1674.5999755859375,1678.300048828125,1673.800048828125,1676.9000244140625,4774.0,yahoo
OBEROIRLTY,5m,2026-09-15T14:30:00+05:30,1676.800048828125,1679.199951171875,1675.800048828125,1675.9000244140625,4339.0,yahoo
OBEROIRLTY,5m,2026-09-15T14:35:00+05:30,1675.9000244140625,1678.4000244140625,1674.4000244140625,1677.0,4511.0,yahoo
OBEROIRLTY,5m,2026-09-15T14:40:00+05:30,1677.0,1680.699951171875,1674.0,1679.699951171875,8299.0,yahoo
OBEROIRLTY,5m,2026-09-15T14:45:00+05:30,1679.0999755859375,1679.5999755859375,1673.0999755859375,1674.4000244140625,6564.0,yahoo
OBEROIRLTY,5m,2026-09-15T14:50:00+05:30,1674.0999755859375,1677.0999755859375,1672.300048828125,1672.800048828125,5867.0,yahoo
OBEROIRLTY,5m,2026-09-15T14:55:00+05:30,1672.9000244140625,1675.5,1671.0999755859375,1673.5,7766.0,yahoo
OBEROIRLTY,5m,2026-09-15T15:00:00+05:30,1673.800048828125,1676.0,1671.4000244140625,1676.0,18469.0,yahoo
OBEROIRLTY,5m,2026-09-15T15:05:00+05:30,1676.0,1676.0999755859375,1672.300048828125,1675.4000244140625,14015.0,yahoo
OBEROIRLTY,5m,2026-09-15T15:10:00+05:30,1675.9000244140625,1677.699951171875,1672.199951171875,1673.199951171875,14806.0,yahoo
OBEROIRLTY,5m,2026-09-15T15:15:00+05:30,1674.0,1674.0,1668.5,1668.5,17335.0,yahoo
ONGC,5m,2026-09-15T09:15:00+05:30,234.82000732421875,234.82000732421875,233.39999389648438,234.1699981689453,0.0,yahoo
ONGC,5m,2026-09-15T09:20:00+05:30,234.25,234.3300018310547,233.75,234.3000030517578,224834.0,yahoo
ONGC,5m,2026-09-15T09:25:00+05:30,234.3300018310547,234.33999633789062,233.9600067138672,233.97000122070312,311449.0,yahoo
ONGC,5m,2026-09-15T09:30:00+05:30,233.99000549316406,234.30999755859375,233.88999938964844,234.10000610351562,232095.0,yahoo
ONGC,5m,2026-09-15T09:35:00+05:30,234.08999633789062,234.49000549316406,234.02000427246094,234.44000244140625,150186.0,yahoo
ONGC,5m,2026-09-15T09:40:00+05:30,234.4199981689453,234.5500030517578,234.38999938964844,234.5500030517578,181010.0,yahoo
ONGC,5m,2026-09-15T09:45:00+05:30,234.5399932861328,234.5399932861328,234.27999877929688,234.3000030517578,113459.0,yahoo
ONGC,5m,2026-09-15T09:50:00+05:30,234.3300018310547,234.75999450683594,234.3300018310547,234.60000610351562,169737.0,yahoo
ONGC,5m,2026-09-15T09:55:00+05:30,234.75,235.16000366210938,234.36000061035156,235.00999450683594,164867.0,yahoo
ONGC,5m,2026-09-15T10:00:00+05:30,235.05999755859375,235.05999755859375,234.8000030517578,235.0,168997.0,yahoo
ONGC,5m,2026-09-15T10:05:00+05:30,235.0800018310547,236.02999877929688,235.0800018310547,235.47999572753906,317051.0,yahoo
ONGC,5m,2026-09-15T10:10:00+05:30,235.61000061035156,236.19000244140625,235.55999755859375,236.19000244140625,183130.0,yahoo
ONGC,5m,2026-09-15T10:15:00+05:30,236.11000061035156,236.1699981689453,236.0,236.05999755859375,184224.0,yahoo
ONGC,5m,2026-09-15T10:20:00+05:30,236.05999755859375,236.08999633789062,235.6999969482422,235.82000732421875,121650.0,yahoo
ONGC,5m,2026-09-15T10:25:00+05:30,235.83999633789062,235.94000244140625,235.72000122070312,235.94000244140625,97267.0,yahoo
ONGC,5m,2026-09-15T10:30:00+05:30,235.94000244140625,236.0,235.66000366210938,235.66000366210938,135734.0,yahoo
ONGC,5m,2026-09-15T10:35:00+05:30,235.6999969482422,235.97000122070312,235.66000366210938,235.74000549316406,125022.0,yahoo
ONGC,5m,2026-09-15T10:40:00+05:30,235.74000549316406,235.82000732421875,235.6999969482422,235.7899932861328,72896.0,yahoo
ONGC,5m,2026-09-15T10:45:00+05:30,235.7899932861328,235.88999938964844,235.64999389648438,235.86000061035156,69353.0,yahoo
ONGC,5m,2026-09-15T10:50:00+05:30,235.86000061035156,235.8699951171875,235.7899932861328,235.8000030517578,90591.0,yahoo
ONGC,5m,2026-09-15T10:55:00+05:30,235.7899932861328,235.97999572753906,235.77000427246094,235.9600067138672,112223.0,yahoo
ONGC,5m,2026-09-15T11:00:00+05:30,235.97999572753906,235.97999572753906,235.74000549316406,235.74000549316406,117829.0,yahoo
ONGC,5m,2026-09-15T11:05:00+05:30,235.77000427246094,235.80999755859375,235.72999572753906,235.75999450683594,79199.0,yahoo
ONGC,5m,2026-09-15T11:10:00+05:30,235.75999450683594,235.8699951171875,235.63999938964844,235.69000244140625,172835.0,yahoo
ONGC,5m,2026-09-15T11:15:00+05:30,235.6300048828125,235.64999389648438,235.35000610351562,235.35000610351562,186563.0,yahoo
ONGC,5m,2026-09-15T11:20:00+05:30,235.27000427246094,235.27999877929688,235.0399932861328,235.27000427246094,143539.0,yahoo
ONGC,5m,2026-09-15T11:25:00+05:30,235.27000427246094,235.39999389648438,235.11000061035156,235.11000061035156,162919.0,yahoo
ONGC,5m,2026-09-15T11:30:00+05:30,235.14999389648438,235.64999389648438,235.10000610351562,235.64999389648438,115193.0,yahoo
ONGC,5m,2026-09-15T11:35:00+05:30,235.6199951171875,235.77999877929688,235.6199951171875,235.74000549316406,175761.0,yahoo
ONGC,5m,2026-09-15T11:40:00+05:30,235.75999450683594,235.85000610351562,235.7100067138672,235.8300018310547,101974.0,yahoo
ONGC,5m,2026-09-15T11:45:00+05:30,235.72999572753906,235.8699951171875,235.72999572753906,235.80999755859375,73385.0,yahoo
ONGC,5m,2026-09-15T11:50:00+05:30,235.8300018310547,235.89999389648438,235.6999969482422,235.8000030517578,164699.0,yahoo
ONGC,5m,2026-09-15T11:55:00+05:30,235.8000030517578,235.86000061035156,235.4600067138672,235.5,146721.0,yahoo
ONGC,5m,2026-09-15T12:00:00+05:30,235.47999572753906,235.64999389648438,235.38999938964844,235.61000061035156,104816.0,yahoo
ONGC,5m,2026-09-15T12:05:00+05:30,235.6199951171875,235.69000244140625,235.61000061035156,235.66000366210938,111367.0,yahoo
ONGC,5m,2026-09-15T12:10:00+05:30,235.67999267578125,235.69000244140625,234.89999389648438,234.97999572753906,366911.0,yahoo
ONGC,5m,2026-09-15T12:15:00+05:30,234.97999572753906,235.00999450683594,234.9199981689453,234.97000122070312,474897.0,yahoo
ONGC,5m,2026-09-15T12:20:00+05:30,234.9600067138672,235.0,234.77000427246094,234.99000549316406,169778.0,yahoo
ONGC,5m,2026-09-15T12:25:00+05:30,234.99000549316406,235.0,234.89999389648438,235.0,620722.0,yahoo
ONGC,5m,2026-09-15T12:30:00+05:30,235.0,235.32000732421875,234.99000549316406,235.1300048828125,226073.0,yahoo
ONGC,5m,2026-09-15T12:35:00+05:30,235.07000732421875,235.19000244140625,234.72000122070312,234.88999938964844,107492.0,yahoo
ONGC,5m,2026-09-15T12:40:00+05:30,234.91000366210938,234.94000244140625,234.72999572753906,234.77000427246094,90461.0,yahoo
ONGC,5m,2026-09-15T12:45:00+05:30,234.75,234.85000610351562,234.6999969482422,234.8000030517578,62393.0,yahoo
ONGC,5m,2026-09-15T12:50:00+05:30,234.8000030517578,234.92999267578125,234.8000030517578,234.89999389648438,96880.0,yahoo
ONGC,5m,2026-09-15T12:55:00+05:30,234.89999389648438,234.99000549316406,234.8699951171875,234.99000549316406,77867.0,yahoo
ONGC,5m,2026-09-15T13:00:00+05:30,234.99000549316406,235.0,234.89999389648438,234.99000549316406,181973.0,yahoo
ONGC,5m,2026-09-15T13:05:00+05:30,234.9600067138672,235.0,234.9499969482422,234.9600067138672,110285.0,yahoo
ONGC,5m,2026-09-15T13:10:00+05:30,234.9499969482422,234.9600067138672,234.69000244140625,234.91000366210938,106671.0,yahoo
ONGC,5m,2026-09-15T13:15:00+05:30,234.91000366210938,234.9199981689453,234.86000061035156,234.91000366210938,80220.0,yahoo
ONGC,5m,2026-09-15T13:20:00+05:30,234.91000366210938,234.92999267578125,234.85000610351562,234.8800048828125,95983.0,yahoo
ONGC,5m,2026-09-15T13:25:00+05:30,234.8800048828125,234.91000366210938,234.66000366210938,234.74000549316406,121601.0,yahoo
ONGC,5m,2026-09-15T13:30:00+05:30,234.75,234.89999389648438,234.69000244140625,234.86000061035156,46826.0,yahoo
ONGC,5m,2026-09-15T13:35:00+05:30,234.86000061035156,234.88999938964844,234.74000549316406,234.8000030517578,139107.0,yahoo
ONGC,5m,2026-09-15T13:40:00+05:30,234.82000732421875,234.8300018310547,234.77000427246094,234.8300018310547,71626.0,yahoo
ONGC,5m,2026-09-15T13:45:00+05:30,234.80999755859375,234.86000061035156,234.6999969482422,234.77000427246094,136447.0,yahoo
ONGC,5m,2026-09-15T13:50:00+05:30,234.75999450683594,234.77999877929688,234.58999633789062,234.63999938964844,81404.0,yahoo
ONGC,5m,2026-09-15T13:55:00+05:30,234.6300048828125,234.74000549316406,234.58999633789062,234.7100067138672,78588.0,yahoo
ONGC,5m,2026-09-15T14:00:00+05:30,234.69000244140625,234.75999450683594,234.69000244140625,234.75999450683594,67419.0,yahoo
ONGC,5m,2026-09-15T14:05:00+05:30,234.75999450683594,234.82000732421875,234.74000549316406,234.80999755859375,92619.0,yahoo
ONGC,5m,2026-09-15T14:10:00+05:30,234.8000030517578,234.89999389648438,233.89999389648438,233.97000122070312,1054718.0,yahoo
ONGC,5m,2026-09-15T14:15:00+05:30,233.97000122070312,233.99000549316406,233.85000610351562,233.85000610351562,102325.0,yahoo
ONGC,5m,2026-09-15T14:20:00+05:30,233.83999633789062,234.07000732421875,233.83999633789062,233.97000122070312,121307.0,yahoo
ONGC,5m,2026-09-15T14:25:00+05:30,233.97000122070312,234.0,233.75999450683594,233.86000061035156,116105.0,yahoo
ONGC,5m,2026-09-15T14:30:00+05:30,233.86000061035156,234.0,233.86000061035156,233.91000366210938,145134.0,yahoo
ONGC,5m,2026-09-15T14:35:00+05:30,233.91000366210938,233.9600067138672,233.83999633789062,233.89999389648438,78816.0,yahoo
ONGC,5m,2026-09-15T14:40:00+05:30,233.89999389648438,233.97000122070312,233.74000549316406,233.82000732421875,209198.0,yahoo
ONGC,5m,2026-09-15T14:45:00+05:30,233.8000030517578,233.86000061035156,233.67999267578125,233.77999877929688,111445.0,yahoo
ONGC,5m,2026-09-15T14:50:00+05:30,233.7899932861328,233.83999633789062,233.55999755859375,233.55999755859375,202084.0,yahoo
ONGC,5m,2026-09-15T14:55:00+05:30,233.5500030517578,233.77000427246094,233.5399932861328,233.5500030517578,287451.0,yahoo
ONGC,5m,2026-09-15T15:00:00+05:30,233.52999877929688,233.86000061035156,233.39999389648438,233.72000122070312,534214.0,yahoo
ONGC,5m,2026-09-15T15:05:00+05:30,233.7100067138672,233.8699951171875,233.63999938964844,233.75,406338.0,yahoo
ONGC,5m,2026-09-15T15:10:00+05:30,233.77000427246094,234.0,233.5,233.99000549316406,596037.0,yahoo
ONGC,5m,2026-09-15T15:15:00+05:30,234.0,235.9499969482422,234.0,235.9499969482422,799253.0,yahoo
PERSISTENT,5m,2026-09-15T09:15:00+05:30,5654.0,5736.0,5654.0,5736.0,0.0,yahoo
PERSISTENT,5m,2026-09-15T09:20:00+05:30,5734.5,5757.5,5730.0,5736.0,44827.0,yahoo
PERSISTENT,5m,2026-09-15T09:25:00+05:30,5736.0,5755.0,5730.0,5749.5,42582.0,yahoo
PERSISTENT,5m,2026-09-15T09:30:00+05:30,5749.5,5757.0,5711.0,5747.0,35715.0,yahoo
PERSISTENT,5m,2026-09-15T09:35:00+05:30,5745.0,5757.0,5733.0,5747.5,19544.0,yahoo
PERSISTENT,5m,2026-09-15T09:40:00+05:30,5748.0,5752.5,5715.0,5716.0,17410.0,yahoo
PERSISTENT,5m,2026-09-15T09:45:00+05:30,5715.0,5715.0,5675.0,5676.5,21916.0,yahoo
PERSISTENT,5m,2026-09-15T09:50:00+05:30,5673.5,5684.0,5668.0,5670.5,11201.0,yahoo
PERSISTENT,5m,2026-09-15T09:55:00+05:30,5668.5,5669.0,5648.0,5653.0,10802.0,yahoo
PERSISTENT,5m,2026-09-15T10:00:00+05:30,5650.5,5654.0,5640.0,5645.0,12384.0,yahoo
PERSISTENT,5m,2026-09-15T10:05:00+05:30,5643.0,5652.0,5639.5,5642.0,11740.0,yahoo
PERSISTENT,5m,2026-09-15T10:10:00+05:30,5641.0,5641.0,5618.0,5621.5,21089.0,yahoo
PERSISTENT,5m,2026-09-15T10:15:00+05:30,5621.0,5643.5,5617.0,5642.5,11028.0,yahoo
PERSISTENT,5m,2026-09-15T10:20:00+05:30,5644.0,5647.5,5628.0,5632.0,8006.0,yahoo
PERSISTENT,5m,2026-09-15T10:25:00+05:30,5634.5,5652.5,5633.5,5639.5,9881.0,yahoo
PERSISTENT,5m,2026-09-15T10:30:00+05:30,5640.0,5668.5,5639.5,5664.0,9813.0,yahoo
PERSISTENT,5m,2026-09-15T10:35:00+05:30,5663.5,5688.0,5660.5,5672.0,12440.0,yahoo
PERSISTENT,5m,2026-09-15T10:40:00+05:30,5672.5,5673.0,5656.5,5660.0,6714.0,yahoo
PERSISTENT,5m,2026-09-15T10:45:00+05:30,5661.0,5667.0,5647.0,5652.0,6597.0,yahoo
PERSISTENT,5m,2026-09-15T10:50:00+05:30,5651.5,5668.5,5647.0,5649.5,6494.0,yahoo
PERSISTENT,5m,2026-09-15T10:55:00+05:30,5649.0,5659.0,5641.0,5655.0,9380.0,yahoo
PERSISTENT,5m,2026-09-15T11:00:00+05:30,5654.0,5658.0,5634.0,5651.5,8174.0,yahoo
PERSISTENT,5m,2026-09-15T11:05:00+05:30,5651.5,5656.0,5627.5,5637.5,9739.0,yahoo
PERSISTENT,5m,2026-09-15T11:10:00+05:30,5635.5,5639.0,5627.5,5638.0,7219.0,yahoo
PERSISTENT,5m,2026-09-15T11:15:00+05:30,5637.0,5637.5,5622.0,5635.0,7361.0,yahoo
PERSISTENT,5m,2026-09-15T11:20:00+05:30,5630.5,5638.0,5627.0,5631.0,6676.0,yahoo
PERSISTENT,5m,2026-09-15T11:25:00+05:30,5635.0,5636.5,5620.0,5621.5,6832.0,yahoo
PERSISTENT,5m,2026-09-15T11:30:00+05:30,5620.0,5639.0,5620.0,5632.0,6822.0,yahoo
PERSISTENT,5m,2026-09-15T11:35:00+05:30,5630.5,5646.0,5627.5,5641.5,8452.0,yahoo
PERSISTENT,5m,2026-09-15T11:40:00+05:30,5639.5,5640.5,5612.0,5616.0,8024.0,yahoo
PERSISTENT,5m,2026-09-15T11:45:00+05:30,5615.0,5619.0,5600.5,5608.0,14067.0,yahoo
PERSISTENT,5m,2026-09-15T11:50:00+05:30,5608.5,5608.5,5597.0,5599.0,8162.0,yahoo
PERSISTENT,5m,2026-09-15T11:55:00+05:30,5597.5,5601.0,5590.5,5600.0,7647.0,yahoo
PERSISTENT,5m,2026-09-15T12:00:00+05:30,5601.0,5603.0,5590.0,5592.0,7091.0,yahoo
PERSISTENT,5m,2026-09-15T12:05:00+05:30,5592.0,5594.5,5585.5,5585.5,5560.0,yahoo
PERSISTENT,5m,2026-09-15T12:10:00+05:30,5585.5,5599.0,5583.0,5595.5,5444.0,yahoo
PERSISTENT,5m,2026-09-15T12:15:00+05:30,5598.5,5605.0,5593.0,5595.0,6527.0,yahoo
PERSISTENT,5m,2026-09-15T12:20:00+05:30,5595.0,5599.5,5592.5,5595.0,5358.0,yahoo
PERSISTENT,5m,2026-09-15T12:25:00+05:30,5593.0,5598.0,5589.0,5589.0,5027.0,yahoo
PERSISTENT,5m,2026-09-15T12:30:00+05:30,5589.0,5590.5,5568.0,5568.0,4981.0,yahoo
PERSISTENT,5m,2026-09-15T12:35:00+05:30,5568.0,5572.0,5552.0,5553.5,19695.0,yahoo
PERSISTENT,5m,2026-09-15T12:40:00+05:30,5553.5,5566.0,5553.0,5558.0,7102.0,yahoo
PERSISTENT,5m,2026-09-15T12:45:00+05:30,5558.0,5560.5,5552.0,5556.5,6046.0,yahoo
PERSISTENT,5m,2026-09-15T12:50:00+05:30,5556.0,5562.5,5545.0,5547.0,7111.0,yahoo
PERSISTENT,5m,2026-09-15T12:55:00+05:30,5549.5,5555.0,5545.0,5545.0,5169.0,yahoo
PERSISTENT,5m,2026-09-15T13:00:00+05:30,5545.5,5558.5,5545.0,5550.5,5105.0,yahoo
PERSISTENT,5m,2026-09-15T13:05:00+05:30,5551.0,5558.0,5525.0,5526.0,12995.0,yahoo
PERSISTENT,5m,2026-09-15T13:10:00+05:30,5526.0,5532.0,5510.0,5528.0,13694.0,yahoo
PERSISTENT,5m,2026-09-15T13:15:00+05:30,5529.5,5533.5,5524.0,5531.5,2631.0,yahoo
PERSISTENT,5m,2026-09-15T13:20:00+05:30,5531.0,5531.0,5517.0,5521.5,3860.0,yahoo
PERSISTENT,5m,2026-09-15T13:25:00+05:30,5521.5,5528.5,5518.5,5523.0,3333.0,yahoo
PERSISTENT,5m,2026-09-15T13:30:00+05:30,5521.5,5522.0,5512.0,5514.0,9610.0,yahoo
PERSISTENT,5m,2026-09-15T13:35:00+05:30,5513.5,5517.0,5500.0,5507.0,16388.0,yahoo
PERSISTENT,5m,2026-09-15T13:40:00+05:30,5506.0,5513.5,5505.0,5507.0,6059.0,yahoo
PERSISTENT,5m,2026-09-15T13:45:00+05:30,5508.5,5515.0,5506.5,5514.0,3687.0,yahoo
PERSISTENT,5m,2026-09-15T13:50:00+05:30,5512.5,5516.0,5510.0,5510.0,3578.0,yahoo
PERSISTENT,5m,2026-09-15T13:55:00+05:30,5510.5,5511.5,5503.0,5507.0,3780.0,yahoo
PERSISTENT,5m,2026-09-15T14:00:00+05:30,5507.0,5516.5,5502.5,5510.5,6274.0,yahoo
PERSISTENT,5m,2026-09-15T14:05:00+05:30,5511.5,5523.0,5510.5,5516.5,3819.0,yahoo
PERSISTENT,5m,2026-09-15T14:10:00+05:30,5516.5,5520.0,5511.5,5512.0,2136.0,yahoo
PERSISTENT,5m,2026-09-15T14:15:00+05:30,5511.5,5515.0,5510.5,5510.5,4715.0,yahoo
PERSISTENT,5m,2026-09-15T14:20:00+05:30,5511.0,5517.5,5500.0,5501.5,10267.0,yahoo
PERSISTENT,5m,2026-09-15T14:25:00+05:30,5500.0,5504.0,5496.5,5501.5,7226.0,yahoo
PERSISTENT,5m,2026-09-15T14:30:00+05:30,5500.0,5503.0,5497.5,5498.5,4487.0,yahoo
PERSISTENT,5m,2026-09-15T14:35:00+05:30,5500.0,5507.0,5494.0,5502.5,6571.0,yahoo
PERSISTENT,5m,2026-09-15T14:40:00+05:30,5505.0,5508.5,5497.5,5503.5,4093.0,yahoo
PERSISTENT,5m,2026-09-15T14:45:00+05:30,5501.0,5503.0,5485.0,5487.5,6175.0,yahoo
PERSISTENT,5m,2026-09-15T14:50:00+05:30,5488.0,5490.0,5476.5,5476.5,6217.0,yahoo
PERSISTENT,5m,2026-09-15T14:55:00+05:30,5475.0,5483.0,5475.0,5481.0,7320.0,yahoo
PERSISTENT,5m,2026-09-15T15:00:00+05:30,5475.5,5478.5,5461.0,5468.0,15105.0,yahoo
PERSISTENT,5m,2026-09-15T15:05:00+05:30,5468.0,5475.0,5459.5,5470.0,23722.0,yahoo
PERSISTENT,5m,2026-09-15T15:10:00+05:30,5469.5,5490.5,5460.0,5477.5,34780.0,yahoo
PNB,5m,2026-09-15T09:15:00+05:30,116.87999725341797,117.19000244140625,116.25,116.79000091552734,0.0,yahoo
PNB,5m,2026-09-15T09:20:00+05:30,116.80999755859375,117.19999694824219,116.80999755859375,116.8499984741211,165985.0,yahoo
PNB,5m,2026-09-15T09:25:00+05:30,116.8499984741211,116.97000122070312,116.62000274658203,116.6500015258789,213939.0,yahoo
PNB,5m,2026-09-15T09:30:00+05:30,116.69000244140625,116.69000244140625,116.44999694824219,116.48999786376953,119835.0,yahoo
PNB,5m,2026-09-15T09:35:00+05:30,116.45999908447266,116.48999786376953,116.06999969482422,116.31999969482422,208628.0,yahoo
PNB,5m,2026-09-15T09:40:00+05:30,116.31999969482422,116.5,116.30999755859375,116.3499984741211,76705.0,yahoo
PNB,5m,2026-09-15T09:45:00+05:30,116.30000305175781,116.31999969482422,116.05999755859375,116.05999755859375,82712.0,yahoo
PNB,5m,2026-09-15T09:50:00+05:30,116.02999877929688,116.06999969482422,115.55000305175781,115.55999755859375,261194.0,yahoo
PNB,5m,2026-09-15T09:55:00+05:30,115.5,115.5999984741211,115.44999694824219,115.44999694824219,328687.0,yahoo
PNB,5m,2026-09-15T10:00:00+05:30,115.48999786376953,115.80000305175781,115.44999694824219,115.70999908447266,135718.0,yahoo
PNB,5m,2026-09-15T10:05:00+05:30,115.69999694824219,115.79000091552734,115.69999694824219,115.72000122070312,61762.0,yahoo
PNB,5m,2026-09-15T10:10:00+05:30,115.72000122070312,115.98999786376953,115.69999694824219,115.94000244140625,82184.0,yahoo
PNB,5m,2026-09-15T10:15:00+05:30,115.91999816894531,115.91999816894531,115.77999877929688,115.80000305175781,48903.0,yahoo
PNB,5m,2026-09-15T10:20:00+05:30,115.83999633789062,115.93000030517578,115.79000091552734,115.87000274658203,55151.0,yahoo
PNB,5m,2026-09-15T10:25:00+05:30,115.86000061035156,115.88999938964844,115.7300033569336,115.75,100990.0,yahoo
PNB,5m,2026-09-15T10:30:00+05:30,115.79000091552734,115.9000015258789,115.69999694824219,115.77999877929688,33907.0,yahoo
PNB,5m,2026-09-15T10:35:00+05:30,115.75,115.83000183105469,115.75,115.83000183105469,15076.0,yahoo
PNB,5m,2026-09-15T10:40:00+05:30,115.8499984741211,115.87999725341797,115.72000122070312,115.72000122070312,101688.0,yahoo
PNB,5m,2026-09-15T10:45:00+05:30,115.72000122070312,115.73999786376953,115.58999633789062,115.63999938964844,71699.0,yahoo
PNB,5m,2026-09-15T10:50:00+05:30,115.63999938964844,115.6500015258789,115.55999755859375,115.5999984741211,58086.0,yahoo
PNB,5m,2026-09-15T10:55:00+05:30,115.58999633789062,115.5999984741211,115.55000305175781,115.55000305175781,43172.0,yahoo
PNB,5m,2026-09-15T11:00:00+05:30,115.58999633789062,115.6500015258789,115.52999877929688,115.62000274658203,34860.0,yahoo
PNB,5m,2026-09-15T11:05:00+05:30,115.62999725341797,115.62999725341797,115.51000213623047,115.58000183105469,68495.0,yahoo
PNB,5m,2026-09-15T11:10:00+05:30,115.62999725341797,115.83999633789062,115.58999633789062,115.63999938964844,164319.0,yahoo
PNB,5m,2026-09-15T11:15:00+05:30,115.69999694824219,115.75,115.61000061035156,115.63999938964844,37925.0,yahoo
PNB,5m,2026-09-15T11:20:00+05:30,115.68000030517578,115.80000305175781,115.5999984741211,115.7699966430664,89954.0,yahoo
PNB,5m,2026-09-15T11:25:00+05:30,115.7699966430664,115.7699966430664,115.62000274658203,115.63999938964844,20873.0,yahoo
PNB,5m,2026-09-15T11:30:00+05:30,115.68000030517578,116.26000213623047,115.62999725341797,116.08999633789062,475552.0,yahoo
PNB,5m,2026-09-15T11:35:00+05:30,116.12999725341797,116.23999786376953,116.08999633789062,116.1500015258789,74434.0,yahoo
PNB,5m,2026-09-15T11:40:00+05:30,116.12999725341797,116.1500015258789,116.01000213623047,116.08999633789062,36833.0,yahoo
PNB,5m,2026-09-15T11:45:00+05:30,116.05999755859375,116.08999633789062,115.80000305175781,115.80000305175781,594083.0,yahoo
PNB,5m,2026-09-15T11:50:00+05:30,115.79000091552734,116.05000305175781,115.7699966430664,116.0,334991.0,yahoo
PNB,5m,2026-09-15T11:55:00+05:30,116.0,116.01000213623047,116.0,116.0,54680.0,yahoo
PNB,5m,2026-09-15T12:00:00+05:30,116.0,116.06999969482422,116.0,116.05000305175781,35890.0,yahoo
PNB,5m,2026-09-15T12:05:00+05:30,116.04000091552734,116.06999969482422,116.0,116.01000213623047,29184.0,yahoo
PNB,5m,2026-09-15T12:10:00+05:30,116.01000213623047,116.01000213623047,116.0,116.0,301285.0,yahoo
PNB,5m,2026-09-15T12:15:00+05:30,116.0,116.02999877929688,115.79000091552734,115.80999755859375,300141.0,yahoo
PNB,5m,2026-09-15T12:20:00+05:30,115.83999633789062,115.87999725341797,115.79000091552734,115.80000305175781,57234.0,yahoo
PNB,5m,2026-09-15T12:25:00+05:30,115.80000305175781,115.87000274658203,115.80000305175781,115.80999755859375,30196.0,yahoo
PNB,5m,2026-09-15T12:30:00+05:30,115.80999755859375,115.83999633789062,115.80000305175781,115.80000305175781,46183.0,yahoo
PNB,5m,2026-09-15T12:35:00+05:30,115.80999755859375,115.93000030517578,115.79000091552734,115.83999633789062,48611.0,yahoo
PNB,5m,2026-09-15T12:40:00+05:30,115.79000091552734,115.95999908447266,115.79000091552734,115.83000183105469,99432.0,yahoo
PNB,5m,2026-09-15T12:45:00+05:30,115.87000274658203,116.04000091552734,115.80000305175781,116.01000213623047,341091.0,yahoo
PNB,5m,2026-09-15T12:50:00+05:30,116.06999969482422,116.0999984741211,116.05000305175781,116.05000305175781,20954.0,yahoo
PNB,5m,2026-09-15T12:55:00+05:30,116.05000305175781,116.12999725341797,116.0,116.01000213623047,68815.0,yahoo
PNB,5m,2026-09-15T13:00:00+05:30,116.01000213623047,116.04000091552734,116.0,116.0,28984.0,yahoo
PNB,5m,2026-09-15T13:05:00+05:30,116.0,116.02999877929688,116.0,116.0,33805.0,yahoo
PNB,5m,2026-09-15T13:10:00+05:30,116.0,116.02999877929688,115.80999755859375,116.02999877929688,168179.0,yahoo
PNB,5m,2026-09-15T13:15:00+05:30,116.0,116.08999633789062,116.0,116.05000305175781,42138.0,yahoo
PNB,5m,2026-09-15T13:20:00+05:30,116.05000305175781,116.08999633789062,116.01000213623047,116.01000213623047,27500.0,yahoo
PNB,5m,2026-09-15T13:25:00+05:30,116.01000213623047,116.0199966430664,116.0,116.0,32758.0,yahoo
PNB,5m,2026-09-15T13:30:00+05:30,116.01000213623047,116.0199966430664,115.94000244140625,116.0,110425.0,yahoo
PNB,5m,2026-09-15T13:35:00+05:30,116.0,116.0199966430664,115.95999908447266,116.0,69774.0,yahoo
PNB,5m,2026-09-15T13:40:00+05:30,116.01000213623047,116.01000213623047,115.80999755859375,115.81999969482422,264750.0,yahoo
PNB,5m,2026-09-15T13:45:00+05:30,115.81999969482422,115.88999938964844,115.76000213623047,115.83000183105469,41973.0,yahoo
PNB,5m,2026-09-15T13:50:00+05:30,115.8499984741211,115.88999938964844,115.80000305175781,115.81999969482422,21510.0,yahoo
PNB,5m,2026-09-15T13:55:00+05:30,115.81999969482422,115.93000030517578,115.75,115.87000274658203,120162.0,yahoo
PNB,5m,2026-09-15T14:00:00+05:30,115.87000274658203,115.87000274658203,115.69999694824219,115.70999908447266,32902.0,yahoo
PNB,5m,2026-09-15T14:05:00+05:30,115.70999908447266,115.72000122070312,115.26000213623047,115.5,241552.0,yahoo
PNB,5m,2026-09-15T14:10:00+05:30,115.47000122070312,115.51000213623047,115.33000183105469,115.4000015258789,189710.0,yahoo
PNB,5m,2026-09-15T14:15:00+05:30,115.37999725341797,115.41999816894531,115.19000244140625,115.22000122070312,104248.0,yahoo
PNB,5m,2026-09-15T14:20:00+05:30,115.19999694824219,115.41999816894531,115.19999694824219,115.33000183105469,106713.0,yahoo
PNB,5m,2026-09-15T14:25:00+05:30,115.36000061035156,115.37000274658203,115.23999786376953,115.27999877929688,134541.0,yahoo
PNB,5m,2026-09-15T14:30:00+05:30,115.30000305175781,115.33999633789062,115.25,115.33999633789062,41884.0,yahoo
PNB,5m,2026-09-15T14:35:00+05:30,115.33999633789062,115.3499984741211,115.16999816894531,115.16999816894531,361699.0,yahoo
PNB,5m,2026-09-15T14:40:00+05:30,115.22000122070312,115.23999786376953,115.05999755859375,115.19000244140625,216354.0,yahoo
PNB,5m,2026-09-15T14:45:00+05:30,115.20999908447266,115.20999908447266,114.8499984741211,114.8499984741211,291109.0,yahoo
PNB,5m,2026-09-15T14:50:00+05:30,114.87999725341797,115.12999725341797,114.87999725341797,115.01000213623047,1244102.0,yahoo
PNB,5m,2026-09-15T14:55:00+05:30,115.0199966430664,115.05000305175781,114.95999908447266,115.01000213623047,395544.0,yahoo
PNB,5m,2026-09-15T15:00:00+05:30,115.01000213623047,115.16000366210938,114.9800033569336,115.12999725341797,311852.0,yahoo
PNB,5m,2026-09-15T15:05:00+05:30,115.16000366210938,115.19000244140625,115.0,115.08000183105469,553059.0,yahoo
PNB,5m,2026-09-15T15:10:00+05:30,115.13999938964844,115.13999938964844,114.93000030517578,115.04000091552734,518605.0,yahoo
PNB,5m,2026-09-15T15:15:00+05:30,115.06999969482422,115.06999969482422,114.69999694824219,114.69999694824219,177853.0,yahoo
POWERGRID,5m,2026-09-15T09:15:00+05:30,267.1499938964844,268.45001220703125,265.8500061035156,266.54998779296875,0.0,yahoo
POWERGRID,5m,2026-09-15T09:20:00+05:30,266.70001220703125,266.75,266.20001220703125,266.20001220703125,134110.0,yahoo
POWERGRID,5m,2026-09-15T09:25:00+05:30,266.04998779296875,266.25,265.79998779296875,265.8500061035156,135376.0,yahoo
POWERGRID,5m,2026-09-15T09:30:00+05:30,265.8999938964844,265.95001220703125,265.54998779296875,265.79998779296875,145196.0,yahoo
POWERGRID,5m,2026-09-15T09:35:00+05:30,265.75,266.8999938964844,265.6499938964844,266.79998779296875,245211.0,yahoo
POWERGRID,5m,2026-09-15T09:40:00+05:30,266.79998779296875,266.79998779296875,266.1000061035156,266.1000061035156,118044.0,yahoo
POWERGRID,5m,2026-09-15T09:45:00+05:30,266.20001220703125,266.20001220703125,265.54998779296875,265.6000061035156,160355.0,yahoo
POWERGRID,5m,2026-09-15T09:50:00+05:30,265.6000061035156,265.8500061035156,265.3999938964844,265.3999938964844,207291.0,yahoo
POWERGRID,5m,2026-09-15T09:55:00+05:30,265.3500061035156,265.3500061035156,264.75,265.1000061035156,94914.0,yahoo
POWERGRID,5m,2026-09-15T10:00:00+05:30,265.04998779296875,265.04998779296875,264.79998779296875,264.95001220703125,97857.0,yahoo
POWERGRID,5m,2026-09-15T10:05:00+05:30,264.95001220703125,265.1499938964844,264.79998779296875,264.8500061035156,71821.0,yahoo
POWERGRID,5m,2026-09-15T10:10:00+05:30,264.79998779296875,265.3500061035156,264.75,265.25,65418.0,yahoo
POWERGRID,5m,2026-09-15T10:15:00+05:30,265.29998779296875,265.29998779296875,265.1499938964844,265.20001220703125,26817.0,yahoo
POWERGRID,5m,2026-09-15T10:20:00+05:30,265.29998779296875,265.6499938964844,265.1000061035156,265.3500061035156,68684.0,yahoo
POWERGRID,5m,2026-09-15T10:25:00+05:30,265.3500061035156,265.45001220703125,265.04998779296875,265.29998779296875,82576.0,yahoo
POWERGRID,5m,2026-09-15T10:30:00+05:30,265.1000061035156,265.20001220703125,265.04998779296875,265.1000061035156,23140.0,yahoo
POWERGRID,5m,2026-09-15T10:35:00+05:30,265.20001220703125,265.20001220703125,265.1000061035156,265.1000061035156,19138.0,yahoo
POWERGRID,5m,2026-09-15T10:40:00+05:30,265.1499938964844,265.1499938964844,264.75,264.79998779296875,99324.0,yahoo
POWERGRID,5m,2026-09-15T10:45:00+05:30,264.79998779296875,264.8999938964844,264.75,264.75,20334.0,yahoo
POWERGRID,5m,2026-09-15T10:50:00+05:30,264.75,264.75,264.5,264.5,51076.0,yahoo
POWERGRID,5m,2026-09-15T10:55:00+05:30,264.54998779296875,264.6000061035156,264.3500061035156,264.3999938964844,74329.0,yahoo
POWERGRID,5m,2026-09-15T11:00:00+05:30,264.5,265.0,264.45001220703125,265.0,124169.0,yahoo
POWERGRID,5m,2026-09-15T11:05:00+05:30,265.0,265.25,264.6000061035156,265.1499938964844,359800.0,yahoo
POWERGRID,5m,2026-09-15T11:10:00+05:30,265.1499938964844,265.3999938964844,264.8500061035156,265.1000061035156,78071.0,yahoo
POWERGRID,5m,2026-09-15T11:15:00+05:30,265.04998779296875,265.1000061035156,264.6499938964844,264.70001220703125,60104.0,yahoo
POWERGRID,5m,2026-09-15T11:20:00+05:30,264.6499938964844,264.75,264.6499938964844,264.75,40136.0,yahoo
POWERGRID,5m,2026-09-15T11:25:00+05:30,264.75,265.1000061035156,264.45001220703125,265.1000061035156,557290.0,yahoo
POWERGRID,5m,2026-09-15T11:30:00+05:30,265.0,265.5,264.70001220703125,265.5,646298.0,yahoo
POWERGRID,5m,2026-09-15T11:35:00+05:30,265.3999938964844,265.8500061035156,265.3999938964844,265.8500061035156,43238.0,yahoo
POWERGRID,5m,2026-09-15T11:40:00+05:30,265.75,265.8500061035156,265.5,265.8500061035156,154510.0,yahoo
POWERGRID,5m,2026-09-15T11:45:00+05:30,265.79998779296875,266.1000061035156,265.75,265.8500061035156,74245.0,yahoo
POWERGRID,5m,2026-09-15T11:50:00+05:30,265.8500061035156,265.95001220703125,265.6000061035156,265.6499938964844,95087.0,yahoo
POWERGRID,5m,2026-09-15T11:55:00+05:30,265.6499938964844,266.04998779296875,265.6000061035156,266.04998779296875,33510.0,yahoo
POWERGRID,5m,2026-09-15T12:00:00+05:30,266.04998779296875,266.20001220703125,265.8999938964844,266.0,144353.0,yahoo
POWERGRID,5m,2026-09-15T12:05:00+05:30,266.04998779296875,266.1499938964844,265.5,265.5,110759.0,yahoo
POWERGRID,5m,2026-09-15T12:10:00+05:30,265.54998779296875,265.79998779296875,265.5,265.54998779296875,133740.0,yahoo
POWERGRID,5m,2026-09-15T12:15:00+05:30,265.5,265.6499938964844,265.1000061035156,265.20001220703125,86116.0,yahoo
POWERGRID,5m,2026-09-15T12:20:00+05:30,265.1499938964844,265.8999938964844,265.1499938964844,265.8999938964844,68029.0,yahoo
POWERGRID,5m,2026-09-15T12:25:00+05:30,265.75,266.0,265.70001220703125,266.0,58358.0,yahoo
POWERGRID,5m,2026-09-15T12:30:00+05:30,266.0,266.04998779296875,265.45001220703125,265.45001220703125,382571.0,yahoo
POWERGRID,5m,2026-09-15T12:35:00+05:30,265.5,265.6499938964844,265.45001220703125,265.45001220703125,42818.0,yahoo
POWERGRID,5m,2026-09-15T12:40:00+05:30,265.45001220703125,265.79998779296875,265.45001220703125,265.6499938964844,76879.0,yahoo
POWERGRID,5m,2026-09-15T12:45:00+05:30,265.6499938964844,265.79998779296875,265.6000061035156,265.6499938964844,38843.0,yahoo
POWERGRID,5m,2026-09-15T12:50:00+05:30,265.6499938964844,266.1499938964844,265.6000061035156,266.0,151949.0,yahoo
POWERGRID,5m,2026-09-15T12:55:00+05:30,266.0,266.04998779296875,265.54998779296875,265.70001220703125,246587.0,yahoo
POWERGRID,5m,2026-09-15T13:00:00+05:30,265.75,265.8500061035156,265.3999938964844,265.6000061035156,210775.0,yahoo
POWERGRID,5m,2026-09-15T13:05:00+05:30,265.5,265.95001220703125,265.5,265.8999938964844,106558.0,yahoo
POWERGRID,5m,2026-09-15T13:10:00+05:30,265.8999938964844,265.8999938964844,265.25,265.3500061035156,96260.0,yahoo
POWERGRID,5m,2026-09-15T13:15:00+05:30,265.29998779296875,265.3999938964844,265.1000061035156,265.20001220703125,52868.0,yahoo
POWERGRID,5m,2026-09-15T13:20:00+05:30,265.20001220703125,265.54998779296875,265.1000061035156,265.20001220703125,243580.0,yahoo
POWERGRID,5m,2026-09-15T13:25:00+05:30,265.1499938964844,265.54998779296875,265.1000061035156,265.5,57240.0,yahoo
POWERGRID,5m,2026-09-15T13:30:00+05:30,265.45001220703125,265.45001220703125,265.20001220703125,265.3500061035156,43595.0,yahoo
POWERGRID,5m,2026-09-15T13:35:00+05:30,265.3999938964844,265.45001220703125,265.04998779296875,265.04998779296875,48616.0,yahoo
POWERGRID,5m,2026-09-15T13:40:00+05:30,265.04998779296875,265.20001220703125,264.75,264.8500061035156,80806.0,yahoo
POWERGRID,5m,2026-09-15T13:45:00+05:30,264.8999938964844,264.8999938964844,264.5,264.6000061035156,64085.0,yahoo
POWERGRID,5m,2026-09-15T13:50:00+05:30,264.6000061035156,264.70001220703125,264.5,264.6000061035156,52816.0,yahoo
POWERGRID,5m,2026-09-15T13:55:00+05:30,264.6499938964844,264.79998779296875,264.54998779296875,264.79998779296875,46345.0,yahoo
POWERGRID,5m,2026-09-15T14:00:00+05:30,264.75,265.20001220703125,264.6000061035156,265.04998779296875,115137.0,yahoo
POWERGRID,5m,2026-09-15T14:05:00+05:30,265.1000061035156,265.29998779296875,264.75,264.79998779296875,49961.0,yahoo
POWERGRID,5m,2026-09-15T14:10:00+05:30,264.79998779296875,264.8999938964844,264.3500061035156,264.3500061035156,64452.0,yahoo
POWERGRID,5m,2026-09-15T14:15:00+05:30,264.3999938964844,264.3999938964844,263.79998779296875,263.8999938964844,106711.0,yahoo
POWERGRID,5m,2026-09-15T14:20:00+05:30,263.8500061035156,264.1000061035156,263.79998779296875,264.0,82026.0,yahoo
POWERGRID,5m,2026-09-15T14:25:00+05:30,264.0,264.20001220703125,263.79998779296875,264.0,98531.0,yahoo
POWERGRID,5m,2026-09-15T14:30:00+05:30,263.8999938964844,264.0,263.79998779296875,263.8999938964844,79060.0,yahoo
POWERGRID,5m,2026-09-15T14:35:00+05:30,263.79998779296875,264.6499938964844,263.79998779296875,264.45001220703125,341386.0,yahoo
POWERGRID,5m,2026-09-15T14:40:00+05:30,264.45001220703125,264.6499938964844,264.29998779296875,264.54998779296875,198498.0,yahoo
POWERGRID,5m,2026-09-15T14:45:00+05:30,264.45001220703125,264.54998779296875,264.0,264.1499938964844,193233.0,yahoo
POWERGRID,5m,2026-09-15T14:50:00+05:30,264.1499938964844,264.3500061035156,264.0,264.04998779296875,428921.0,yahoo
POWERGRID,5m,2026-09-15T14:55:00+05:30,264.0,264.45001220703125,264.0,264.3500061035156,155471.0,yahoo
POWERGRID,5m,2026-09-15T15:00:00+05:30,264.25,264.29998779296875,263.8999938964844,264.29998779296875,191242.0,yahoo
POWERGRID,5m,2026-09-15T15:05:00+05:30,264.3500061035156,264.3999938964844,264.1499938964844,264.3999938964844,277060.0,yahoo
POWERGRID,5m,2026-09-15T15:10:00+05:30,264.3999938964844,264.45001220703125,264.1000061035156,264.1000061035156,447424.0,yahoo
POWERGRID,5m,2026-09-15T15:15:00+05:30,264.6000061035156,264.6000061035156,262.79998779296875,262.79998779296875,504125.0,yahoo
RELIANCE,5m,2026-09-15T09:15:00+05:30,1254.699951171875,1256.9000244140625,1249.5999755859375,1253.800048828125,0.0,yahoo
RELIANCE,5m,2026-09-15T09:20:00+05:30,1253.0999755859375,1254.0,1252.199951171875,1252.5999755859375,310610.0,yahoo
RELIANCE,5m,2026-09-15T09:25:00+05:30,1252.5999755859375,1252.5999755859375,1249.699951171875,1252.5,333164.0,yahoo
RELIANCE,5m,2026-09-15T09:30:00+05:30,1252.5999755859375,1255.4000244140625,1252.5999755859375,1255.300048828125,207405.0,yahoo
RELIANCE,5m,2026-09-15T09:35:00+05:30,1255.199951171875,1258.699951171875,1255.199951171875,1258.5999755859375,249715.0,yahoo
RELIANCE,5m,2026-09-15T09:40:00+05:30,1258.800048828125,1259.0999755859375,1256.0999755859375,1256.5,203333.0,yahoo
RELIANCE,5m,2026-09-15T09:45:00+05:30,1256.5,1257.0,1254.0999755859375,1254.199951171875,146053.0,yahoo
RELIANCE,5m,2026-09-15T09:50:00+05:30,1254.0999755859375,1255.0999755859375,1253.5999755859375,1254.9000244140625,162829.0,yahoo
RELIANCE,5m,2026-09-15T09:55:00+05:30,1255.0,1255.0,1253.199951171875,1254.4000244140625,130443.0,yahoo
RELIANCE,5m,2026-09-15T10:00:00+05:30,1254.4000244140625,1254.800048828125,1253.800048828125,1254.4000244140625,88358.0,yahoo
RELIANCE,5m,2026-09-15T10:05:00+05:30,1254.4000244140625,1256.300048828125,1254.4000244140625,1255.699951171875,142085.0,yahoo
RELIANCE,5m,2026-09-15T10:10:00+05:30,1255.699951171875,1256.5,1255.0,1256.0,94248.0,yahoo
RELIANCE,5m,2026-09-15T10:15:00+05:30,1256.0,1256.9000244140625,1255.5,1256.199951171875,67392.0,yahoo
RELIANCE,5m,2026-09-15T10:20:00+05:30,1256.199951171875,1256.699951171875,1255.800048828125,1256.699951171875,80755.0,yahoo
RELIANCE,5m,2026-09-15T10:25:00+05:30,1256.5999755859375,1256.5999755859375,1255.300048828125,1255.4000244140625,67720.0,yahoo
RELIANCE,5m,2026-09-15T10:30:00+05:30,1255.300048828125,1255.5999755859375,1254.699951171875,1255.5999755859375,85041.0,yahoo
RELIANCE,5m,2026-09-15T10:35:00+05:30,1255.300048828125,1256.0,1255.300048828125,1255.4000244140625,123371.0,yahoo
RELIANCE,5m,2026-09-15T10:40:00+05:30,1255.5,1255.5999755859375,1254.699951171875,1255.0999755859375,109695.0,yahoo
RELIANCE,5m,2026-09-15T10:45:00+05:30,1255.0999755859375,1255.0999755859375,1254.0999755859375,1254.199951171875,125579.0,yahoo
RELIANCE,5m,2026-09-15T10:50:00+05:30,1254.0999755859375,1254.5,1253.0,1254.0,248820.0,yahoo
RELIANCE,5m,2026-09-15T10:55:00+05:30,1254.0,1255.5999755859375,1253.699951171875,1255.4000244140625,95838.0,yahoo
RELIANCE,5m,2026-09-15T11:00:00+05:30,1255.4000244140625,1256.800048828125,1255.300048828125,1256.5999755859375,68266.0,yahoo
RELIANCE,5m,2026-09-15T11:05:00+05:30,1256.5999755859375,1256.5999755859375,1256.0999755859375,1256.199951171875,53619.0,yahoo
RELIANCE,5m,2026-09-15T11:10:00+05:30,1256.199951171875,1258.0,1255.5999755859375,1257.4000244140625,151679.0,yahoo
RELIANCE,5m,2026-09-15T11:15:00+05:30,1257.4000244140625,1257.5,1256.199951171875,1256.300048828125,111336.0,yahoo
RELIANCE,5m,2026-09-15T11:20:00+05:30,1256.300048828125,1256.300048828125,1255.5,1256.199951171875,96716.0,yahoo
RELIANCE,5m,2026-09-15T11:25:00+05:30,1256.199951171875,1256.300048828125,1255.199951171875,1255.4000244140625,78689.0,yahoo
RELIANCE,5m,2026-09-15T11:30:00+05:30,1255.4000244140625,1255.5,1254.5,1255.300048828125,130374.0,yahoo
RELIANCE,5m,2026-09-15T11:35:00+05:30,1255.300048828125,1256.4000244140625,1254.9000244140625,1256.300048828125,88437.0,yahoo
RELIANCE,5m,2026-09-15T11:40:00+05:30,1256.5,1256.5,1255.5999755859375,1255.9000244140625,66293.0,yahoo
RELIANCE,5m,2026-09-15T11:45:00+05:30,1255.9000244140625,1257.0999755859375,1255.5,1255.5,151365.0,yahoo
RELIANCE,5m,2026-09-15T11:50:00+05:30,1255.800048828125,1256.0,1255.0,1255.199951171875,102859.0,yahoo
RELIANCE,5m,2026-09-15T11:55:00+05:30,1255.199951171875,1255.300048828125,1255.0,1255.300048828125,55527.0,yahoo
RELIANCE,5m,2026-09-15T12:00:00+05:30,1255.300048828125,1256.800048828125,1255.199951171875,1256.5,49769.0,yahoo
RELIANCE,5m,2026-09-15T12:05:00+05:30,1256.4000244140625,1256.9000244140625,1255.9000244140625,1256.199951171875,76689.0,yahoo
RELIANCE,5m,2026-09-15T12:10:00+05:30,1256.199951171875,1256.199951171875,1255.0999755859375,1255.9000244140625,149987.0,yahoo
RELIANCE,5m,2026-09-15T12:15:00+05:30,1255.9000244140625,1256.0,1255.199951171875,1255.4000244140625,43556.0,yahoo
RELIANCE,5m,2026-09-15T12:20:00+05:30,1255.4000244140625,1255.699951171875,1255.0,1255.5999755859375,69784.0,yahoo
RELIANCE,5m,2026-09-15T12:25:00+05:30,1255.5999755859375,1255.5999755859375,1255.4000244140625,1255.5,57786.0,yahoo
RELIANCE,5m,2026-09-15T12:30:00+05:30,1255.5,1255.5,1254.0,1254.0999755859375,199910.0,yahoo
RELIANCE,5m,2026-09-15T12:35:00+05:30,1254.0,1254.800048828125,1254.0,1254.300048828125,74559.0,yahoo
RELIANCE,5m,2026-09-15T12:40:00+05:30,1254.300048828125,1254.4000244140625,1254.300048828125,1254.300048828125,43408.0,yahoo
RELIANCE,5m,2026-09-15T12:45:00+05:30,1254.199951171875,1255.0,1254.199951171875,1254.699951171875,95973.0,yahoo
RELIANCE,5m,2026-09-15T12:50:00+05:30,1255.0,1257.199951171875,1255.0,1257.0,118944.0,yahoo
RELIANCE,5m,2026-09-15T12:55:00+05:30,1257.0999755859375,1257.199951171875,1255.0,1255.0999755859375,241523.0,yahoo
RELIANCE,5m,2026-09-15T13:00:00+05:30,1255.0999755859375,1255.300048828125,1253.5,1254.0,189630.0,yahoo
RELIANCE,5m,2026-09-15T13:05:00+05:30,1254.0999755859375,1254.300048828125,1252.5999755859375,1252.5999755859375,106767.0,yahoo
RELIANCE,5m,2026-09-15T13:10:00+05:30,1252.699951171875,1252.699951171875,1252.0,1252.199951171875,99417.0,yahoo
RELIANCE,5m,2026-09-15T13:15:00+05:30,1252.0999755859375,1252.199951171875,1251.199951171875,1251.699951171875,124298.0,yahoo
RELIANCE,5m,2026-09-15T13:20:00+05:30,1251.5999755859375,1251.699951171875,1251.0,1251.199951171875,86513.0,yahoo
RELIANCE,5m,2026-09-15T13:25:00+05:30,1251.199951171875,1251.5999755859375,1250.800048828125,1250.9000244140625,86054.0,yahoo
RELIANCE,5m,2026-09-15T13:30:00+05:30,1250.9000244140625,1250.9000244140625,1250.300048828125,1250.5999755859375,124594.0,yahoo
RELIANCE,5m,2026-09-15T13:35:00+05:30,1250.5,1251.199951171875,1250.4000244140625,1250.5,87922.0,yahoo
RELIANCE,5m,2026-09-15T13:40:00+05:30,1250.5999755859375,1250.5999755859375,1250.0,1250.0,125511.0,yahoo
RELIANCE,5m,2026-09-15T13:45:00+05:30,1250.0999755859375,1250.300048828125,1250.0,1250.0999755859375,100674.0,yahoo
RELIANCE,5m,2026-09-15T13:50:00+05:30,1250.199951171875,1250.5999755859375,1250.0,1250.199951171875,107010.0,yahoo
RELIANCE,5m,2026-09-15T13:55:00+05:30,1250.199951171875,1250.199951171875,1248.199951171875,1249.4000244140625,280215.0,yahoo
RELIANCE,5m,2026-09-15T14:00:00+05:30,1249.300048828125,1249.9000244140625,1249.0999755859375,1249.5,58246.0,yahoo
RELIANCE,5m,2026-09-15T14:05:00+05:30,1249.5,1249.5999755859375,1249.0999755859375,1249.0999755859375,93031.0,yahoo
RELIANCE,5m,2026-09-15T14:10:00+05:30,1248.5999755859375,1248.699951171875,1245.0,1245.199951171875,288862.0,yahoo
RELIANCE,5m,2026-09-15T14:15:00+05:30,1245.300048828125,1245.300048828125,1243.0,1243.199951171875,236714.0,yahoo
RELIANCE,5m,2026-09-15T14:20:00+05:30,1243.199951171875,1244.5,1242.0,1242.5,225788.0,yahoo
RELIANCE,5m,2026-09-15T14:25:00+05:30,1242.5,1242.5,1241.0999755859375,1241.199951171875,206100.0,yahoo
RELIANCE,5m,2026-09-15T14:30:00+05:30,1241.300048828125,1242.5999755859375,1241.0999755859375,1242.300048828125,113661.0,yahoo
RELIANCE,5m,2026-09-15T14:35:00+05:30,1242.300048828125,1242.5,1242.199951171875,1242.199951171875,110134.0,yahoo
RELIANCE,5m,2026-09-15T14:40:00+05:30,1242.199951171875,1242.4000244140625,1242.0,1242.199951171875,119846.0,yahoo
RELIANCE,5m,2026-09-15T14:45:00+05:30,1241.9000244140625,1241.9000244140625,1237.4000244140625,1238.699951171875,473410.0,yahoo
RELIANCE,5m,2026-09-15T14:50:00+05:30,1238.699951171875,1243.5,1238.300048828125,1243.0,863853.0,yahoo
RELIANCE,5m,2026-09-15T14:55:00+05:30,1243.0999755859375,1243.5999755859375,1242.0,1242.0,231586.0,yahoo
RELIANCE,5m,2026-09-15T15:00:00+05:30,1242.0999755859375,1242.0999755859375,1241.5,1241.699951171875,177756.0,yahoo
RELIANCE,5m,2026-09-15T15:05:00+05:30,1241.699951171875,1241.699951171875,1239.5,1239.5,261738.0,yahoo
RELIANCE,5m,2026-09-15T15:10:00+05:30,1239.699951171875,1240.800048828125,1238.5,1239.0,384614.0,yahoo
RELIANCE,5m,2026-09-15T15:15:00+05:30,1239.0,1239.0,1235.300048828125,1235.300048828125,958956.0,yahoo
SAIL,5m,2026-09-15T09:15:00+05:30,179.5500030517578,179.8000030517578,177.44000244140625,177.75999450683594,0.0,yahoo
SAIL,5m,2026-09-15T09:20:00+05:30,177.8800048828125,178.30999755859375,177.8300018310547,178.02000427246094,186063.0,yahoo
SAIL,5m,2026-09-15T09:25:00+05:30,177.89999389648438,178.00999450683594,177.60000610351562,177.6699981689453,121612.0,yahoo
SAIL,5m,2026-09-15T09:30:00+05:30,177.8000030517578,177.8000030517578,177.2100067138672,177.42999267578125,129189.0,yahoo
SAIL,5m,2026-09-15T09:35:00+05:30,177.47000122070312,177.52000427246094,177.2100067138672,177.44000244140625,63113.0,yahoo
SAIL,5m,2026-09-15T09:40:00+05:30,177.4199981689453,177.6300048828125,177.39999389648438,177.58999633789062,107269.0,yahoo
SAIL,5m,2026-09-15T09:45:00+05:30,177.52999877929688,177.74000549316406,177.1999969482422,177.25,115630.0,yahoo
SAIL,5m,2026-09-15T09:50:00+05:30,177.25999450683594,177.49000549316406,177.19000244140625,177.2899932861328,63825.0,yahoo
SAIL,5m,2026-09-15T09:55:00+05:30,177.30999755859375,177.44000244140625,177.10000610351562,177.3000030517578,90345.0,yahoo
SAIL,5m,2026-09-15T10:00:00+05:30,177.3000030517578,177.41000366210938,177.08999633789062,177.17999267578125,63382.0,yahoo
SAIL,5m,2026-09-15T10:05:00+05:30,177.17999267578125,177.25,177.05999755859375,177.05999755859375,54688.0,yahoo
SAIL,5m,2026-09-15T10:10:00+05:30,177.0500030517578,177.39999389648438,177.0500030517578,177.32000732421875,76611.0,yahoo
SAIL,5m,2026-09-15T10:15:00+05:30,177.3000030517578,177.38999938964844,177.05999755859375,177.38999938964844,72985.0,yahoo
SAIL,5m,2026-09-15T10:20:00+05:30,177.38999938964844,177.49000549316406,177.13999938964844,177.42999267578125,84000.0,yahoo
SAIL,5m,2026-09-15T10:25:00+05:30,177.42999267578125,177.42999267578125,176.8000030517578,176.97999572753906,181272.0,yahoo
SAIL,5m,2026-09-15T10:30:00+05:30,176.7899932861328,176.82000732421875,176.3300018310547,176.55999755859375,195336.0,yahoo
SAIL,5m,2026-09-15T10:35:00+05:30,176.55999755859375,176.75,176.4499969482422,176.67999267578125,78510.0,yahoo
SAIL,5m,2026-09-15T10:40:00+05:30,176.67999267578125,176.82000732421875,176.5500030517578,176.5800018310547,107415.0,yahoo
SAIL,5m,2026-09-15T10:45:00+05:30,176.6199951171875,176.6300048828125,176.4499969482422,176.5,66743.0,yahoo
SAIL,5m,2026-09-15T10:50:00+05:30,176.49000549316406,176.64999389648438,176.42999267578125,176.49000549316406,43684.0,yahoo
SAIL,5m,2026-09-15T10:55:00+05:30,176.5,176.52000427246094,176.13999938964844,176.25,98236.0,yahoo
SAIL,5m,2026-09-15T11:00:00+05:30,176.25,176.38999938964844,176.1999969482422,176.35000610351562,47446.0,yahoo
SAIL,5m,2026-09-15T11:05:00+05:30,176.38999938964844,176.4199981689453,176.14999389648438,176.25,45715.0,yahoo
SAIL,5m,2026-09-15T11:10:00+05:30,176.3000030517578,176.42999267578125,176.14999389648438,176.42999267578125,151263.0,yahoo
SAIL,5m,2026-09-15T11:15:00+05:30,176.47000122070312,176.57000732421875,176.08999633789062,176.1199951171875,34255.0,yahoo
SAIL,5m,2026-09-15T11:20:00+05:30,176.16000366210938,176.3300018310547,176.08999633789062,176.13999938964844,48584.0,yahoo
SAIL,5m,2026-09-15T11:25:00+05:30,176.11000061035156,176.19000244140625,176.10000610351562,176.17999267578125,30450.0,yahoo
SAIL,5m,2026-09-15T11:30:00+05:30,176.11000061035156,176.17999267578125,175.89999389648438,176.0,98294.0,yahoo
SAIL,5m,2026-09-15T11:35:00+05:30,176.0399932861328,176.0399932861328,175.1699981689453,175.4499969482422,983609.0,yahoo
SAIL,5m,2026-09-15T11:40:00+05:30,175.42999267578125,175.6199951171875,175.36000061035156,175.5399932861328,66733.0,yahoo
SAIL,5m,2026-09-15T11:45:00+05:30,175.5399932861328,175.60000610351562,175.36000061035156,175.47000122070312,64316.0,yahoo
SAIL,5m,2026-09-15T11:50:00+05:30,175.4600067138672,175.52999877929688,175.1300048828125,175.3000030517578,317767.0,yahoo
SAIL,5m,2026-09-15T11:55:00+05:30,175.25,175.3000030517578,174.9600067138672,175.13999938964844,215751.0,yahoo
SAIL,5m,2026-09-15T12:00:00+05:30,175.11000061035156,175.4499969482422,175.0,175.4499969482422,49690.0,yahoo
SAIL,5m,2026-09-15T12:05:00+05:30,175.4499969482422,175.49000549316406,175.1699981689453,175.17999267578125,85139.0,yahoo
SAIL,5m,2026-09-15T12:10:00+05:30,175.1300048828125,175.27000427246094,175.02999877929688,175.1999969482422,58739.0,yahoo
SAIL,5m,2026-09-15T12:15:00+05:30,175.1999969482422,175.2899932861328,174.99000549316406,175.11000061035156,126645.0,yahoo
SAIL,5m,2026-09-15T12:20:00+05:30,175.1300048828125,175.33999633789062,175.11000061035156,175.11000061035156,53347.0,yahoo
SAIL,5m,2026-09-15T12:25:00+05:30,175.11000061035156,175.24000549316406,175.0500030517578,175.17999267578125,27598.0,yahoo
SAIL,5m,2026-09-15T12:30:00+05:30,175.17999267578125,175.17999267578125,174.89999389648438,175.1300048828125,70513.0,yahoo
SAIL,5m,2026-09-15T12:35:00+05:30,175.1300048828125,175.2899932861328,175.07000732421875,175.16000366210938,41528.0,yahoo
SAIL,5m,2026-09-15T12:40:00+05:30,175.10000610351562,175.32000732421875,175.10000610351562,175.32000732421875,82780.0,yahoo
SAIL,5m,2026-09-15T12:45:00+05:30,175.2899932861328,175.75,175.25,175.75,174535.0,yahoo
SAIL,5m,2026-09-15T12:50:00+05:30,175.77000427246094,176.33999633789062,175.6999969482422,175.8000030517578,122297.0,yahoo
SAIL,5m,2026-09-15T12:55:00+05:30,175.83999633789062,175.9199981689453,175.52999877929688,175.55999755859375,77346.0,yahoo
SAIL,5m,2026-09-15T13:00:00+05:30,175.60000610351562,175.7100067138672,175.36000061035156,175.57000732421875,111837.0,yahoo
SAIL,5m,2026-09-15T13:05:00+05:30,175.61000061035156,175.6699981689453,175.10000610351562,175.16000366210938,152504.0,yahoo
SAIL,5m,2026-09-15T13:10:00+05:30,175.16000366210938,175.24000549316406,175.02999877929688,175.13999938964844,36405.0,yahoo
SAIL,5m,2026-09-15T13:15:00+05:30,175.13999938964844,175.25999450683594,175.05999755859375,175.1199951171875,52873.0,yahoo
SAIL,5m,2026-09-15T13:20:00+05:30,175.10000610351562,175.2100067138672,175.0500030517578,175.2100067138672,25834.0,yahoo
SAIL,5m,2026-09-15T13:25:00+05:30,175.2100067138672,175.47999572753906,175.0,175.32000732421875,129126.0,yahoo
SAIL,5m,2026-09-15T13:30:00+05:30,175.32000732421875,175.36000061035156,174.8699951171875,174.94000244140625,190371.0,yahoo
SAIL,5m,2026-09-15T13:35:00+05:30,174.99000549316406,175.0,174.8000030517578,174.8000030517578,49837.0,yahoo
SAIL,5m,2026-09-15T13:40:00+05:30,174.8000030517578,174.85000610351562,174.63999938964844,174.77999877929688,92463.0,yahoo
SAIL,5m,2026-09-15T13:45:00+05:30,174.7899932861328,174.88999938964844,174.72999572753906,174.77999877929688,24686.0,yahoo
SAIL,5m,2026-09-15T13:50:00+05:30,174.8000030517578,175.0500030517578,174.75999450683594,174.86000061035156,70303.0,yahoo
SAIL,5m,2026-09-15T13:55:00+05:30,174.8699951171875,174.91000366210938,174.61000061035156,174.69000244140625,63999.0,yahoo
SAIL,5m,2026-09-15T14:00:00+05:30,174.7100067138672,174.8000030517578,174.61000061035156,174.64999389648438,67464.0,yahoo
SAIL,5m,2026-09-15T14:05:00+05:30,174.67999267578125,174.74000549316406,174.5500030517578,174.63999938964844,55745.0,yahoo
SAIL,5m,2026-09-15T14:10:00+05:30,174.60000610351562,174.6300048828125,174.4199981689453,174.47999572753906,93957.0,yahoo
SAIL,5m,2026-09-15T14:15:00+05:30,174.47999572753906,174.47999572753906,174.00999450683594,174.02000427246094,99001.0,yahoo
SAIL,5m,2026-09-15T14:20:00+05:30,174.0,174.22999572753906,173.94000244140625,173.97999572753906,173168.0,yahoo
SAIL,5m,2026-09-15T14:25:00+05:30,173.9499969482422,174.16000366210938,173.89999389648438,173.9499969482422,49617.0,yahoo
SAIL,5m,2026-09-15T14:30:00+05:30,173.97000122070312,174.14999389648438,173.89999389648438,174.0500030517578,72287.0,yahoo
SAIL,5m,2026-09-15T14:35:00+05:30,174.02999877929688,174.07000732421875,173.89999389648438,174.0,43643.0,yahoo
SAIL,5m,2026-09-15T14:40:00+05:30,174.00999450683594,174.1300048828125,173.75999450683594,174.0399932861328,221169.0,yahoo
SAIL,5m,2026-09-15T14:45:00+05:30,174.0399932861328,174.0800018310547,173.42999267578125,173.49000549316406,163420.0,yahoo
SAIL,5m,2026-09-15T14:50:00+05:30,173.49000549316406,173.97000122070312,173.2899932861328,173.2899932861328,252911.0,yahoo
SAIL,5m,2026-09-15T14:55:00+05:30,173.32000732421875,173.5,173.25999450683594,173.5,277404.0,yahoo
SAIL,5m,2026-09-15T15:00:00+05:30,173.47000122070312,173.52000427246094,173.10000610351562,173.25999450683594,258113.0,yahoo
SAIL,5m,2026-09-15T15:05:00+05:30,173.24000549316406,174.49000549316406,173.02000427246094,173.91000366210938,871349.0,yahoo
SAIL,5m,2026-09-15T15:10:00+05:30,173.86000061035156,174.64999389648438,173.0,173.14999389648438,664829.0,yahoo
SAIL,5m,2026-09-15T15:15:00+05:30,173.5,173.5,173.0,173.0,154651.0,yahoo
SBILIFE,5m,2026-09-15T09:15:00+05:30,1681.0,1681.4000244140625,1675.0,1676.9000244140625,0.0,yahoo
SBILIFE,5m,2026-09-15T09:20:00+05:30,1676.800048828125,1677.800048828125,1674.199951171875,1675.0999755859375,12283.0,yahoo
SBILIFE,5m,2026-09-15T09:25:00+05:30,1675.4000244140625,1677.4000244140625,1674.4000244140625,1675.0,15664.0,yahoo
SBILIFE,5m,2026-09-15T09:30:00+05:30,1675.9000244140625,1682.5999755859375,1675.9000244140625,1681.4000244140625,8327.0,yahoo
SBILIFE,5m,2026-09-15T09:35:00+05:30,1681.800048828125,1682.5,1676.9000244140625,1678.699951171875,4391.0,yahoo
SBILIFE,5m,2026-09-15T09:40:00+05:30,1679.5,1680.0,1677.0999755859375,1678.300048828125,3551.0,yahoo
SBILIFE,5m,2026-09-15T09:45:00+05:30,1678.199951171875,1678.5,1675.5,1676.699951171875,5175.0,yahoo
SBILIFE,5m,2026-09-15T09:50:00+05:30,1676.300048828125,1676.9000244140625,1672.0,1672.0,2549.0,yahoo
SBILIFE,5m,2026-09-15T09:55:00+05:30,1672.0999755859375,1672.0999755859375,1667.5,1672.0999755859375,13685.0,yahoo
SBILIFE,5m,2026-09-15T10:00:00+05:30,1671.0999755859375,1671.0999755859375,1668.0999755859375,1669.300048828125,2312.0,yahoo
SBILIFE,5m,2026-09-15T10:05:00+05:30,1668.5999755859375,1671.199951171875,1667.5,1668.5,2886.0,yahoo
SBILIFE,5m,2026-09-15T10:10:00+05:30,1668.5,1672.199951171875,1668.4000244140625,1670.9000244140625,2561.0,yahoo
SBILIFE,5m,2026-09-15T10:15:00+05:30,1670.0,1672.4000244140625,1669.4000244140625,1672.0,3025.0,yahoo
SBILIFE,5m,2026-09-15T10:20:00+05:30,1671.699951171875,1675.0,1670.699951171875,1675.0,3986.0,yahoo
SBILIFE,5m,2026-09-15T10:25:00+05:30,1675.300048828125,1676.0,1674.5,1674.5999755859375,2688.0,yahoo
SBILIFE,5m,2026-09-15T10:30:00+05:30,1674.0999755859375,1676.0999755859375,1673.699951171875,1674.800048828125,3556.0,yahoo
SBILIFE,5m,2026-09-15T10:35:00+05:30,1674.800048828125,1676.800048828125,1674.4000244140625,1675.4000244140625,3423.0,yahoo
SBILIFE,5m,2026-09-15T10:40:00+05:30,1675.300048828125,1675.800048828125,1673.0,1673.5999755859375,4590.0,yahoo
SBILIFE,5m,2026-09-15T10:45:00+05:30,1673.0,1673.4000244140625,1670.699951171875,1672.300048828125,3992.0,yahoo
SBILIFE,5m,2026-09-15T10:50:00+05:30,1672.0999755859375,1673.699951171875,1671.0999755859375,1673.4000244140625,5181.0,yahoo
SBILIFE,5m,2026-09-15T10:55:00+05:30,1673.699951171875,1675.699951171875,1671.9000244140625,1675.699951171875,7482.0,yahoo
SBILIFE,5m,2026-09-15T11:00:00+05:30,1675.699951171875,1677.0,1675.4000244140625,1676.699951171875,5358.0,yahoo
SBILIFE,5m,2026-09-15T11:05:00+05:30,1676.5999755859375,1676.699951171875,1674.5,1674.699951171875,2377.0,yahoo
SBILIFE,5m,2026-09-15T11:10:00+05:30,1674.699951171875,1676.699951171875,1674.0999755859375,1675.0,5539.0,yahoo
SBILIFE,5m,2026-09-15T11:15:00+05:30,1674.9000244140625,1675.199951171875,1671.199951171875,1671.300048828125,7667.0,yahoo
SBILIFE,5m,2026-09-15T11:20:00+05:30,1671.0999755859375,1673.699951171875,1670.5,1672.9000244140625,3793.0,yahoo
SBILIFE,5m,2026-09-15T11:25:00+05:30,1673.4000244140625,1673.5999755859375,1671.4000244140625,1671.4000244140625,3623.0,yahoo
SBILIFE,5m,2026-09-15T11:30:00+05:30,1671.199951171875,1674.300048828125,1670.5999755859375,1674.0999755859375,3288.0,yahoo
SBILIFE,5m,2026-09-15T11:35:00+05:30,1674.300048828125,1675.4000244140625,1672.800048828125,1673.4000244140625,4803.0,yahoo
SBILIFE,5m,2026-09-15T11:40:00+05:30,1674.5,1674.5999755859375,1671.5999755859375,1674.4000244140625,5312.0,yahoo
SBILIFE,5m,2026-09-15T11:45:00+05:30,1674.4000244140625,1674.5999755859375,1671.300048828125,1671.300048828125,4168.0,yahoo
SBILIFE,5m,2026-09-15T11:50:00+05:30,1671.0,1672.5,1670.0,1672.300048828125,6941.0,yahoo
SBILIFE,5m,2026-09-15T11:55:00+05:30,1672.4000244140625,1673.4000244140625,1670.5,1671.5,3640.0,yahoo
SBILIFE,5m,2026-09-15T12:00:00+05:30,1671.5,1672.4000244140625,1671.0999755859375,1672.0999755859375,4806.0,yahoo
SBILIFE,5m,2026-09-15T12:05:00+05:30,1672.199951171875,1673.5,1668.699951171875,1668.699951171875,23359.0,yahoo
SBILIFE,5m,2026-09-15T12:10:00+05:30,1668.0999755859375,1670.0,1668.0,1668.699951171875,10019.0,yahoo
SBILIFE,5m,2026-09-15T12:15:00+05:30,1669.0,1670.0,1665.5999755859375,1666.0,9882.0,yahoo
SBILIFE,5m,2026-09-15T12:20:00+05:30,1666.0,1666.0,1663.199951171875,1663.199951171875,19901.0,yahoo
SBILIFE,5m,2026-09-15T12:25:00+05:30,1663.0999755859375,1668.5999755859375,1663.0999755859375,1668.5999755859375,28954.0,yahoo
SBILIFE,5m,2026-09-15T12:30:00+05:30,1668.0999755859375,1668.0999755859375,1664.0,1665.5,30038.0,yahoo
SBILIFE,5m,2026-09-15T12:35:00+05:30,1665.5,1667.300048828125,1663.199951171875,1664.0,7670.0,yahoo
SBILIFE,5m,2026-09-15T12:40:00+05:30,1663.5,1664.5,1662.5,1663.0,8136.0,yahoo
SBILIFE,5m,2026-09-15T12:45:00+05:30,1662.199951171875,1667.5,1661.699951171875,1667.0999755859375,21143.0,yahoo
SBILIFE,5m,2026-09-15T12:50:00+05:30,1667.699951171875,1669.5,1666.0,1667.0,6900.0,yahoo
SBILIFE,5m,2026-09-15T12:55:00+05:30,1667.0,1667.0,1665.0,1665.800048828125,4982.0,yahoo
SBILIFE,5m,2026-09-15T13:00:00+05:30,1665.199951171875,1666.5999755859375,1663.800048828125,1666.0,21987.0,yahoo
SBILIFE,5m,2026-09-15T13:05:00+05:30,1666.0,1667.5999755859375,1664.699951171875,1665.5,8338.0,yahoo
SBILIFE,5m,2026-09-15T13:10:00+05:30,1665.199951171875,1665.199951171875,1662.0,1665.0,8008.0,yahoo
SBILIFE,5m,2026-09-15T13:15:00+05:30,1664.300048828125,1664.300048828125,1661.300048828125,1663.0,8085.0,yahoo
SBILIFE,5m,2026-09-15T13:20:00+05:30,1662.5999755859375,1663.0,1661.4000244140625,1662.0,9294.0,yahoo
SBILIFE,5m,2026-09-15T13:25:00+05:30,1661.800048828125,1663.5,1661.300048828125,1661.300048828125,8029.0,yahoo
SBILIFE,5m,2026-09-15T13:30:00+05:30,1661.300048828125,1662.0,1660.4000244140625,1660.9000244140625,14469.0,yahoo
SBILIFE,5m,2026-09-15T13:35:00+05:30,1660.9000244140625,1662.5999755859375,1660.9000244140625,1661.5,9036.0,yahoo
SBILIFE,5m,2026-09-15T13:40:00+05:30,1662.199951171875,1662.199951171875,1659.699951171875,1661.199951171875,23202.0,yahoo
SBILIFE,5m,2026-09-15T13:45:00+05:30,1661.0,1663.0,1661.0,1661.0,15549.0,yahoo
SBILIFE,5m,2026-09-15T13:50:00+05:30,1662.0,1663.5,1660.5999755859375,1661.800048828125,13177.0,yahoo
SBILIFE,5m,2026-09-15T13:55:00+05:30,1661.800048828125,1663.9000244140625,1661.5,1662.800048828125,5938.0,yahoo
SBILIFE,5m,2026-09-15T14:00:00+05:30,1663.4000244140625,1664.800048828125,1662.5999755859375,1663.9000244140625,20795.0,yahoo
SBILIFE,5m,2026-09-15T14:05:00+05:30,1663.699951171875,1665.0,1662.5,1663.0,13766.0,yahoo
SBILIFE,5m,2026-09-15T14:10:00+05:30,1663.0,1663.0,1659.9000244140625,1660.0,71322.0,yahoo
SBILIFE,5m,2026-09-15T14:15:00+05:30,1660.0,1660.199951171875,1657.0,1657.0,45615.0,yahoo
SBILIFE,5m,2026-09-15T14:20:00+05:30,1657.0,1662.199951171875,1657.0,1662.199951171875,37852.0,yahoo
SBILIFE,5m,2026-09-15T14:25:00+05:30,1662.300048828125,1662.699951171875,1654.800048828125,1656.800048828125,50115.0,yahoo
SBILIFE,5m,2026-09-15T14:30:00+05:30,1657.0,1660.9000244140625,1656.9000244140625,1660.199951171875,37381.0,yahoo
SBILIFE,5m,2026-09-15T14:35:00+05:30,1660.199951171875,1660.199951171875,1657.0,1659.0,50624.0,yahoo
SBILIFE,5m,2026-09-15T14:40:00+05:30,1658.5,1660.0,1657.300048828125,1658.300048828125,27035.0,yahoo
SBILIFE,5m,2026-09-15T14:45:00+05:30,1658.800048828125,1658.800048828125,1653.5,1655.5,49102.0,yahoo
SBILIFE,5m,2026-09-15T14:50:00+05:30,1655.300048828125,1656.4000244140625,1653.199951171875,1653.800048828125,37270.0,yahoo
SBILIFE,5m,2026-09-15T14:55:00+05:30,1654.5999755859375,1655.5,1653.0,1654.4000244140625,33783.0,yahoo
SBILIFE,5m,2026-09-15T15:00:00+05:30,1654.800048828125,1659.699951171875,1654.0,1659.699951171875,26639.0,yahoo
SBILIFE,5m,2026-09-15T15:05:00+05:30,1659.800048828125,1660.5,1657.5999755859375,1657.800048828125,37097.0,yahoo
SBILIFE,5m,2026-09-15T15:10:00+05:30,1656.800048828125,1664.699951171875,1656.4000244140625,1664.4000244140625,45665.0,yahoo
SBILIFE,5m,2026-09-15T15:15:00+05:30,1664.4000244140625,1664.4000244140625,1654.0999755859375,1654.0999755859375,35062.0,yahoo
SBIN,5m,2026-09-15T09:15:00+05:30,996.4000244140625,998.7999877929688,992.2999877929688,993.7999877929688,0.0,yahoo
SBIN,5m,2026-09-15T09:20:00+05:30,993.7000122070312,994.2000122070312,991.5,991.5,292131.0,yahoo
SBIN,5m,2026-09-15T09:25:00+05:30,991.0,992.2000122070312,989.2999877929688,989.4000244140625,221694.0,yahoo
SBIN,5m,2026-09-15T09:30:00+05:30,989.2000122070312,989.4000244140625,987.5999755859375,988.2000122070312,136172.0,yahoo
SBIN,5m,2026-09-15T09:35:00+05:30,988.4000244140625,988.9000244140625,986.4000244140625,988.4000244140625,166093.0,yahoo
SBIN,5m,2026-09-15T09:40:00+05:30,988.0999755859375,988.5999755859375,987.4000244140625,987.4000244140625,91862.0,yahoo
SBIN,5m,2026-09-15T09:45:00+05:30,987.2999877929688,987.2999877929688,985.4000244140625,985.5,184376.0,yahoo
SBIN,5m,2026-09-15T09:50:00+05:30,985.5,986.0,982.5999755859375,982.7000122070312,307784.0,yahoo
SBIN,5m,2026-09-15T09:55:00+05:30,982.7000122070312,983.2999877929688,981.4000244140625,982.0,258492.0,yahoo
SBIN,5m,2026-09-15T10:00:00+05:30,981.7999877929688,983.0,981.4000244140625,982.0,128166.0,yahoo
SBIN,5m,2026-09-15T10:05:00+05:30,982.0,982.5999755859375,981.5,981.5,141631.0,yahoo
SBIN,5m,2026-09-15T10:10:00+05:30,981.5,983.2999877929688,981.2999877929688,982.5999755859375,107111.0,yahoo
SBIN,5m,2026-09-15T10:15:00+05:30,983.0,983.0,981.0999755859375,981.2999877929688,118107.0,yahoo
SBIN,5m,2026-09-15T10:20:00+05:30,981.2999877929688,981.5999755859375,980.0,981.0999755859375,177537.0,yahoo
SBIN,5m,2026-09-15T10:25:00+05:30,981.0,981.2999877929688,980.0,980.0,178776.0,yahoo
SBIN,5m,2026-09-15T10:30:00+05:30,980.7999877929688,981.7000122070312,980.2999877929688,980.5999755859375,115452.0,yahoo
SBIN,5m,2026-09-15T10:35:00+05:30,980.7999877929688,981.2999877929688,980.5999755859375,981.2000122070312,55009.0,yahoo
SBIN,5m,2026-09-15T10:40:00+05:30,981.2999877929688,981.7000122070312,980.5999755859375,980.5999755859375,88057.0,yahoo
SBIN,5m,2026-09-15T10:45:00+05:30,980.7000122070312,981.4000244140625,980.0999755859375,981.0,76297.0,yahoo
SBIN,5m,2026-09-15T10:50:00+05:30,980.9000244140625,981.5,980.5,981.2999877929688,49193.0,yahoo
SBIN,5m,2026-09-15T10:55:00+05:30,981.2000122070312,981.2000122070312,980.2999877929688,981.0,51748.0,yahoo
SBIN,5m,2026-09-15T11:00:00+05:30,981.0,981.2000122070312,980.2999877929688,981.2000122070312,84223.0,yahoo
SBIN,5m,2026-09-15T11:05:00+05:30,981.2000122070312,981.2000122070312,980.5,980.9000244140625,38591.0,yahoo
SBIN,5m,2026-09-15T11:10:00+05:30,981.0,981.4000244140625,980.2000122070312,980.9000244140625,66379.0,yahoo
SBIN,5m,2026-09-15T11:15:00+05:30,980.9000244140625,981.2000122070312,980.5,980.5,52556.0,yahoo
SBIN,5m,2026-09-15T11:20:00+05:30,980.5999755859375,981.4000244140625,980.4000244140625,980.9000244140625,55396.0,yahoo
SBIN,5m,2026-09-15T11:25:00+05:30,980.7999877929688,981.0,980.0,980.2000122070312,100898.0,yahoo
SBIN,5m,2026-09-15T11:30:00+05:30,980.2000122070312,981.0,980.0,980.9000244140625,65377.0,yahoo
SBIN,5m,2026-09-15T11:35:00+05:30,980.7999877929688,981.2000122070312,980.5,980.5999755859375,50620.0,yahoo
SBIN,5m,2026-09-15T11:40:00+05:30,980.7000122070312,981.0999755859375,980.2999877929688,981.0999755859375,56270.0,yahoo
SBIN,5m,2026-09-15T11:45:00+05:30,980.9000244140625,981.2999877929688,980.9000244140625,980.9000244140625,51068.0,yahoo
SBIN,5m,2026-09-15T11:50:00+05:30,980.9000244140625,980.9000244140625,979.5999755859375,980.0,100173.0,yahoo
SBIN,5m,2026-09-15T11:55:00+05:30,980.0,980.9000244140625,979.9000244140625,980.7999877929688,71088.0,yahoo
SBIN,5m,2026-09-15T12:00:00+05:30,980.9000244140625,982.2000122070312,980.7999877929688,981.7000122070312,88994.0,yahoo
SBIN,5m,2026-09-15T12:05:00+05:30,981.7000122070312,982.0999755859375,981.0,982.0,242495.0,yahoo
SBIN,5m,2026-09-15T12:10:00+05:30,982.0999755859375,982.2000122070312,980.0,980.2000122070312,130421.0,yahoo
SBIN,5m,2026-09-15T12:15:00+05:30,980.2000122070312,980.5999755859375,979.7999877929688,980.0,50084.0,yahoo
SBIN,5m,2026-09-15T12:20:00+05:30,980.0,980.5999755859375,979.9000244140625,980.2000122070312,42768.0,yahoo
SBIN,5m,2026-09-15T12:25:00+05:30,980.2000122070312,980.2999877929688,979.5,980.0999755859375,55142.0,yahoo
SBIN,5m,2026-09-15T12:30:00+05:30,980.0999755859375,980.2999877929688,979.0,980.0999755859375,63792.0,yahoo
SBIN,5m,2026-09-15T12:35:00+05:30,980.0,980.2999877929688,979.2999877929688,979.4000244140625,56498.0,yahoo
SBIN,5m,2026-09-15T12:40:00+05:30,979.4000244140625,979.9000244140625,979.2999877929688,979.5,65111.0,yahoo
SBIN,5m,2026-09-15T12:45:00+05:30,979.5,980.2000122070312,979.2000122070312,980.0999755859375,78188.0,yahoo
SBIN,5m,2026-09-15T12:50:00+05:30,980.0999755859375,981.0,979.7999877929688,980.2000122070312,74969.0,yahoo
SBIN,5m,2026-09-15T12:55:00+05:30,980.2000122070312,980.5999755859375,979.4000244140625,979.7000122070312,130162.0,yahoo
SBIN,5m,2026-09-15T13:00:00+05:30,979.7999877929688,980.2000122070312,979.5,980.0999755859375,41635.0,yahoo
SBIN,5m,2026-09-15T13:05:00+05:30,980.2000122070312,980.7000122070312,979.2000122070312,979.9000244140625,76012.0,yahoo
SBIN,5m,2026-09-15T13:10:00+05:30,979.7000122070312,980.0,979.2000122070312,979.5999755859375,50188.0,yahoo
SBIN,5m,2026-09-15T13:15:00+05:30,979.5999755859375,980.7999877929688,979.5,980.2999877929688,191977.0,yahoo
SBIN,5m,2026-09-15T13:20:00+05:30,980.2999877929688,980.5,979.5,979.7999877929688,86549.0,yahoo
SBIN,5m,2026-09-15T13:25:00+05:30,979.7999877929688,980.0999755859375,979.5,980.0,56126.0,yahoo
SBIN,5m,2026-09-15T13:30:00+05:30,979.7999877929688,979.7999877929688,978.7999877929688,979.4000244140625,86998.0,yahoo
SBIN,5m,2026-09-15T13:35:00+05:30,979.5,979.9000244140625,979.0999755859375,979.5,161025.0,yahoo
SBIN,5m,2026-09-15T13:40:00+05:30,979.5,979.5,978.2999877929688,979.4000244140625,61231.0,yahoo
SBIN,5m,2026-09-15T13:45:00+05:30,979.5,979.7999877929688,979.0,979.5,70514.0,yahoo
SBIN,5m,2026-09-15T13:50:00+05:30,979.4000244140625,979.9000244140625,979.2999877929688,979.5,39007.0,yahoo
SBIN,5m,2026-09-15T13:55:00+05:30,979.7000122070312,979.7999877929688,979.0,979.5,51848.0,yahoo
SBIN,5m,2026-09-15T14:00:00+05:30,979.5,979.5,978.9000244140625,979.0999755859375,40591.0,yahoo
SBIN,5m,2026-09-15T14:05:00+05:30,979.0999755859375,979.0999755859375,976.7999877929688,977.2000122070312,155271.0,yahoo
SBIN,5m,2026-09-15T14:10:00+05:30,977.0999755859375,977.2000122070312,973.7000122070312,975.5,256959.0,yahoo
SBIN,5m,2026-09-15T14:15:00+05:30,975.2999877929688,975.7999877929688,974.5999755859375,975.2999877929688,96837.0,yahoo
SBIN,5m,2026-09-15T14:20:00+05:30,975.2000122070312,976.7999877929688,974.7999877929688,975.5999755859375,180985.0,yahoo
SBIN,5m,2026-09-15T14:25:00+05:30,975.5,975.9000244140625,973.7000122070312,974.2999877929688,180963.0,yahoo
SBIN,5m,2026-09-15T14:30:00+05:30,974.7000122070312,975.0,973.9000244140625,974.2999877929688,89086.0,yahoo
SBIN,5m,2026-09-15T14:35:00+05:30,974.2000122070312,975.0999755859375,973.7999877929688,974.5999755859375,100344.0,yahoo
SBIN,5m,2026-09-15T14:40:00+05:30,974.5,974.9000244140625,974.2000122070312,974.5999755859375,106780.0,yahoo
SBIN,5m,2026-09-15T14:45:00+05:30,974.2999877929688,974.2999877929688,970.0999755859375,970.9000244140625,279045.0,yahoo
SBIN,5m,2026-09-15T14:50:00+05:30,970.5999755859375,972.0,970.5,971.5,283946.0,yahoo
SBIN,5m,2026-09-15T14:55:00+05:30,971.9000244140625,972.2999877929688,971.0,971.4000244140625,210723.0,yahoo
SBIN,5m,2026-09-15T15:00:00+05:30,971.2999877929688,972.5999755859375,971.0999755859375,971.7000122070312,332194.0,yahoo
SBIN,5m,2026-09-15T15:05:00+05:30,971.7000122070312,971.9000244140625,969.5999755859375,970.9000244140625,659830.0,yahoo
SBIN,5m,2026-09-15T15:10:00+05:30,971.2000122070312,973.2000122070312,971.0999755859375,972.5999755859375,285555.0,yahoo
SBIN,5m,2026-09-15T15:15:00+05:30,972.5,972.5,968.0,968.0,424342.0,yahoo
SENSEX,5m,2026-09-15T09:15:00+05:30,75376.2265625,75404.5625,75124.390625,75176.7109375,0.0,yahoo
SENSEX,5m,2026-09-15T09:20:00+05:30,75155.96875,75184.75,75073.6015625,75075.2109375,0.0,yahoo
SENSEX,5m,2026-09-15T09:25:00+05:30,75060.7265625,75060.8828125,75003.859375,75021.6328125,0.0,yahoo
SENSEX,5m,2026-09-15T09:30:00+05:30,75027.703125,75035.140625,74972.5,75011.796875,0.0,yahoo
SENSEX,5m,2026-09-15T09:35:00+05:30,75011.2421875,75038.0234375,74965.1796875,75016.53125,0.0,yahoo
SENSEX,5m,2026-09-15T09:40:00+05:30,75017.953125,75052.40625,74998.2265625,75004.3203125,0.0,yahoo
SENSEX,5m,2026-09-15T09:45:00+05:30,75001.78125,75001.78125,74892.140625,74895.21875,0.0,yahoo
SENSEX,5m,2026-09-15T09:50:00+05:30,74897.78125,74921.609375,74851.859375,74851.859375,0.0,yahoo
SENSEX,5m,2026-09-15T09:55:00+05:30,74851.59375,74851.59375,74754.53125,74818.8203125,0.0,yahoo
SENSEX,5m,2026-09-15T10:00:00+05:30,74823.140625,74823.140625,74765.5078125,74785.1484375,0.0,yahoo
SENSEX,5m,2026-09-15T10:05:00+05:30,74789.5078125,74809.4296875,74756.96875,74758.8828125,0.0,yahoo
SENSEX,5m,2026-09-15T10:10:00+05:30,74759.453125,74822.7890625,74738.15625,74793.6328125,0.0,yahoo
SENSEX,5m,2026-09-15T10:15:00+05:30,74790.6328125,74813.5390625,74752.140625,74808.5,0.0,yahoo
SENSEX,5m,2026-09-15T10:20:00+05:30,74809.0390625,74809.0390625,74735.15625,74771.8203125,0.0,yahoo
SENSEX,5m,2026-09-15T10:25:00+05:30,74770.7734375,74782.96875,74714.53125,74717.5078125,0.0,yahoo
SENSEX,5m,2026-09-15T10:30:00+05:30,74715.9765625,74742.6015625,74690.1796875,74718.046875,0.0,yahoo
SENSEX,5m,2026-09-15T10:35:00+05:30,74720.8125,74760.0703125,74718.203125,74746.8203125,0.0,yahoo
SENSEX,5m,2026-09-15T10:40:00+05:30,74747.9609375,74749.8203125,74681.90625,74692.3671875,0.0,yahoo
SENSEX,5m,2026-09-15T10:45:00+05:30,74693.0703125,74698.7265625,74644.2734375,74644.2734375,0.0,yahoo
SENSEX,5m,2026-09-15T10:50:00+05:30,74644.671875,74677.1171875,74618.90625,74629.796875,0.0,yahoo
SENSEX,5m,2026-09-15T10:55:00+05:30,74633.328125,74648.3828125,74605.390625,74647.6875,0.0,yahoo
SENSEX,5m,2026-09-15T11:00:00+05:30,74649.2421875,74728.4765625,74634.15625,74705.9296875,0.0,yahoo
SENSEX,5m,2026-09-15T11:05:00+05:30,74709.7109375,74717.0703125,74632.171875,74637.921875,0.0,yahoo
SENSEX,5m,2026-09-15T11:10:00+05:30,74637.921875,74693.1328125,74608.9765625,74667.65625,0.0,yahoo
SENSEX,5m,2026-09-15T11:15:00+05:30,74667.7578125,74709.171875,74609.3984375,74621.4921875,0.0,yahoo
SENSEX,5m,2026-09-15T11:20:00+05:30,74621.7109375,74648.71875,74594.5390625,74634.2421875,0.0,yahoo
SENSEX,5m,2026-09-15T11:25:00+05:30,74634.2265625,74641.7265625,74585.296875,74600.2890625,0.0,yahoo
SENSEX,5m,2026-09-15T11:30:00+05:30,74598.578125,74632.4765625,74586.4921875,74625.859375,0.0,yahoo
SENSEX,5m,2026-09-15T11:35:00+05:30,74624.953125,74696.296875,74622.59375,74695.7578125,0.0,yahoo
SENSEX,5m,2026-09-15T11:40:00+05:30,74695.3203125,74700.203125,74650.546875,74679.59375,0.0,yahoo
SENSEX,5m,2026-09-15T11:45:00+05:30,74679.0234375,74689.1171875,74653.8515625,74657.8984375,0.0,yahoo
SENSEX,5m,2026-09-15T11:50:00+05:30,74657.40625,74658.9609375,74608.9375,74611.46875,0.0,yahoo
SENSEX,5m,2026-09-15T11:55:00+05:30,74612.0390625,74672.390625,74611.65625,74667.296875,0.0,yahoo
SENSEX,5m,2026-09-15T12:00:00+05:30,74668.3984375,74714.3828125,74660.7265625,74705.609375,0.0,yahoo
SENSEX,5m,2026-09-15T12:05:00+05:30,74706.9609375,74724.90625,74682.40625,74690.75,0.0,yahoo
SENSEX,5m,2026-09-15T12:10:00+05:30,74692.9921875,74699.25,74660.8828125,74674.140625,0.0,yahoo
SENSEX,5m,2026-09-15T12:15:00+05:30,74673.7265625,74678.453125,74643.9609375,74647.8984375,0.0,yahoo
SENSEX,5m,2026-09-15T12:20:00+05:30,74645.328125,74664.46875,74638.1171875,74657.9375,0.0,yahoo
SENSEX,5m,2026-09-15T12:25:00+05:30,74657.6875,74677.09375,74646.671875,74674.3828125,0.0,yahoo
SENSEX,5m,2026-09-15T12:30:00+05:30,74674.3828125,74675.9375,74603.1171875,74625.5703125,0.0,yahoo
SENSEX,5m,2026-09-15T12:35:00+05:30,74624.4375,74653.3984375,74615.40625,74630.890625,0.0,yahoo
SENSEX,5m,2026-09-15T12:40:00+05:30,74630.4921875,74645.96875,74626.890625,74632.4609375,0.0,yahoo
SENSEX,5m,2026-09-15T12:45:00+05:30,74631.953125,74652.9765625,74610.59375,74652.9765625,0.0,yahoo
SENSEX,5m,2026-09-15T12:50:00+05:30,74645.8125,74675.5,74641.3984375,74654.9921875,0.0,yahoo
SENSEX,5m,2026-09-15T12:55:00+05:30,74654.9921875,74658.9296875,74577.3671875,74581.3125,0.0,yahoo
SENSEX,5m,2026-09-15T13:00:00+05:30,74581.7265625,74610.453125,74548.8671875,74573.890625,0.0,yahoo
SENSEX,5m,2026-09-15T13:05:00+05:30,74573.1484375,74599.8984375,74560.3828125,74569.7421875,0.0,yahoo
SENSEX,5m,2026-09-15T13:10:00+05:30,74571.03125,74582.9375,74522.6015625,74545.2578125,0.0,yahoo
SENSEX,5m,2026-09-15T13:15:00+05:30,74544.859375,74556.078125,74499.1875,74544.359375,0.0,yahoo
SENSEX,5m,2026-09-15T13:20:00+05:30,74544.359375,74551.6328125,74491.3828125,74501.3515625,0.0,yahoo
SENSEX,5m,2026-09-15T13:25:00+05:30,74502.5625,74541.7265625,74502.2421875,74503.9609375,0.0,yahoo
SENSEX,5m,2026-09-15T13:30:00+05:30,74503.078125,74504.34375,74438.21875,74457.2109375,0.0,yahoo
SENSEX,5m,2026-09-15T13:35:00+05:30,74457.7890625,74491.2421875,74450.1484375,74457.7734375,0.0,yahoo
SENSEX,5m,2026-09-15T13:40:00+05:30,74457.7734375,74460.78125,74402.8515625,74433.921875,0.0,yahoo
SENSEX,5m,2026-09-15T13:45:00+05:30,74432.3828125,74455.2578125,74428.90625,74454.28125,0.0,yahoo
SENSEX,5m,2026-09-15T13:50:00+05:30,74456.2109375,74469.6328125,74448.453125,74455.2734375,0.0,yahoo
SENSEX,5m,2026-09-15T13:55:00+05:30,74454.1015625,74463.6484375,74429.8125,74461.1875,0.0,yahoo
SENSEX,5m,2026-09-15T14:00:00+05:30,74460.6796875,74470.1328125,74449.8671875,74454.46875,0.0,yahoo
SENSEX,5m,2026-09-15T14:05:00+05:30,74455.171875,74465.6171875,74421.96875,74422.921875,0.0,yahoo
SENSEX,5m,2026-09-15T14:10:00+05:30,74418.8125,74422.671875,74322.90625,74329.2265625,0.0,yahoo
SENSEX,5m,2026-09-15T14:15:00+05:30,74325.9375,74325.9375,74215.3515625,74215.75,0.0,yahoo
SENSEX,5m,2026-09-15T14:20:00+05:30,74215.578125,74286.6328125,74211.7890625,74252.4609375,0.0,yahoo
SENSEX,5m,2026-09-15T14:25:00+05:30,74249.578125,74267.0390625,74217.8515625,74247.078125,0.0,yahoo
SENSEX,5m,2026-09-15T14:30:00+05:30,74246.8515625,74272.703125,74237.3828125,74260.1484375,0.0,yahoo
SENSEX,5m,2026-09-15T14:35:00+05:30,74259.171875,74297.0703125,74249.078125,74284.4765625,0.0,yahoo
SENSEX,5m,2026-09-15T14:40:00+05:30,74281.796875,74306.078125,74268.7578125,74284.15625,0.0,yahoo
SENSEX,5m,2026-09-15T14:45:00+05:30,74283.8984375,74284.1015625,74081.9375,74123.0234375,0.0,yahoo
SENSEX,5m,2026-09-15T14:50:00+05:30,74122.640625,74216.09375,74122.640625,74169.3828125,0.0,yahoo
SENSEX,5m,2026-09-15T14:55:00+05:30,74169.3203125,74194.953125,74156.671875,74159.78125,0.0,yahoo
SENSEX,5m,2026-09-15T15:00:00+05:30,74156.4921875,74194.0625,74148.0703125,74181.7578125,0.0,yahoo
SENSEX,5m,2026-09-15T15:05:00+05:30,74182.1484375,74185.9296875,74141.2734375,74154.90625,0.0,yahoo
SENSEX,5m,2026-09-15T15:10:00+05:30,74153.6796875,74214.0390625,74144.359375,74174.9609375,0.0,yahoo
SENSEX,5m,2026-09-15T15:15:00+05:30,74171.8203125,74171.8203125,74159.8203125,74159.8203125,0.0,yahoo
SENSEX,5m,2026-09-15T15:20:00+05:30,74180.828125,74339.7421875,74091.140625,74095.8828125,0.0,yahoo
SENSEX,5m,2026-09-15T15:25:00+05:30,74092.3671875,74127.5078125,74003.8203125,74003.8203125,0.0,yahoo
SHRIRAMFIN,5m,2026-09-15T09:15:00+05:30,1038.4000244140625,1038.4000244140625,1016.5,1016.9000244140625,0.0,yahoo
SHRIRAMFIN,5m,2026-09-15T09:20:00+05:30,1017.7000122070312,1019.7999877929688,1016.0,1016.5,143752.0,yahoo
SHRIRAMFIN,5m,2026-09-15T09:25:00+05:30,1015.7999877929688,1017.5,1015.0999755859375,1016.5999755859375,99037.0,yahoo
SHRIRAMFIN,5m,2026-09-15T09:30:00+05:30,1017.0,1018.5,1016.5,1016.5,93349.0,yahoo
SHRIRAMFIN,5m,2026-09-15T09:35:00+05:30,1015.9000244140625,1016.0,1008.2999877929688,1012.4000244140625,339682.0,yahoo
SHRIRAMFIN,5m,2026-09-15T09:40:00+05:30,1012.0,1013.0999755859375,1010.4000244140625,1010.4000244140625,44264.0,yahoo
SHRIRAMFIN,5m,2026-09-15T09:45:00+05:30,1010.2000122070312,1010.2000122070312,1008.0999755859375,1008.5999755859375,55592.0,yahoo
SHRIRAMFIN,5m,2026-09-15T09:50:00+05:30,1009.0999755859375,1009.2999877929688,1006.4000244140625,1007.0999755859375,44012.0,yahoo
SHRIRAMFIN,5m,2026-09-15T09:55:00+05:30,1007.0,1007.4000244140625,1005.5,1007.4000244140625,44564.0,yahoo
SHRIRAMFIN,5m,2026-09-15T10:00:00+05:30,1007.2000122070312,1007.5,1004.0,1004.0,77457.0,yahoo
SHRIRAMFIN,5m,2026-09-15T10:05:00+05:30,1004.0,1005.7000122070312,1002.2999877929688,1002.4000244140625,109264.0,yahoo
SHRIRAMFIN,5m,2026-09-15T10:10:00+05:30,1002.4000244140625,1004.5999755859375,1001.4000244140625,1001.9000244140625,228761.0,yahoo
SHRIRAMFIN,5m,2026-09-15T10:15:00+05:30,1001.7000122070312,1002.5999755859375,1000.7000122070312,1001.5,73392.0,yahoo
SHRIRAMFIN,5m,2026-09-15T10:20:00+05:30,1001.5,1001.5999755859375,999.2000122070312,999.5999755859375,89725.0,yahoo
SHRIRAMFIN,5m,2026-09-15T10:25:00+05:30,999.4000244140625,999.4000244140625,996.2999877929688,997.2999877929688,161587.0,yahoo
SHRIRAMFIN,5m,2026-09-15T10:30:00+05:30,997.0,998.5,996.7000122070312,997.7999877929688,50500.0,yahoo
SHRIRAMFIN,5m,2026-09-15T10:35:00+05:30,997.7999877929688,999.0999755859375,997.5,998.0,26047.0,yahoo
SHRIRAMFIN,5m,2026-09-15T10:40:00+05:30,998.0999755859375,998.7000122070312,997.0999755859375,997.5999755859375,29079.0,yahoo
SHRIRAMFIN,5m,2026-09-15T10:45:00+05:30,997.4000244140625,997.9000244140625,997.0,997.5999755859375,26083.0,yahoo
SHRIRAMFIN,5m,2026-09-15T10:50:00+05:30,997.7999877929688,998.0999755859375,997.2000122070312,997.2000122070312,26412.0,yahoo
SHRIRAMFIN,5m,2026-09-15T10:55:00+05:30,996.7999877929688,996.7999877929688,994.0999755859375,995.0,49599.0,yahoo
SHRIRAMFIN,5m,2026-09-15T11:00:00+05:30,994.7000122070312,997.0999755859375,994.0999755859375,994.7000122070312,37261.0,yahoo
SHRIRAMFIN,5m,2026-09-15T11:05:00+05:30,994.5,994.5999755859375,993.5,993.9000244140625,30475.0,yahoo
SHRIRAMFIN,5m,2026-09-15T11:10:00+05:30,993.9000244140625,994.7000122070312,993.0,993.2000122070312,49485.0,yahoo
SHRIRAMFIN,5m,2026-09-15T11:15:00+05:30,993.0999755859375,993.0999755859375,988.7000122070312,988.7000122070312,75542.0,yahoo
SHRIRAMFIN,5m,2026-09-15T11:20:00+05:30,988.7000122070312,993.2999877929688,988.0,992.5,119753.0,yahoo
SHRIRAMFIN,5m,2026-09-15T11:25:00+05:30,992.5,992.5,989.0999755859375,989.0999755859375,49406.0,yahoo
SHRIRAMFIN,5m,2026-09-15T11:30:00+05:30,989.2000122070312,990.0,988.5999755859375,989.7999877929688,26587.0,yahoo
SHRIRAMFIN,5m,2026-09-15T11:35:00+05:30,989.7999877929688,991.5999755859375,989.7000122070312,991.4000244140625,30514.0,yahoo
SHRIRAMFIN,5m,2026-09-15T11:40:00+05:30,991.5,991.5,990.5,991.0999755859375,19281.0,yahoo
SHRIRAMFIN,5m,2026-09-15T11:45:00+05:30,991.5,991.9000244140625,990.7000122070312,990.9000244140625,26947.0,yahoo
SHRIRAMFIN,5m,2026-09-15T11:50:00+05:30,990.7000122070312,994.5,990.2999877929688,993.5,209145.0,yahoo
SHRIRAMFIN,5m,2026-09-15T11:55:00+05:30,993.5,993.5999755859375,992.5,993.0999755859375,28692.0,yahoo
SHRIRAMFIN,5m,2026-09-15T12:00:00+05:30,993.2999877929688,995.0,993.2999877929688,994.4000244140625,134505.0,yahoo
SHRIRAMFIN,5m,2026-09-15T12:05:00+05:30,994.4000244140625,994.7999877929688,992.0,993.2000122070312,37410.0,yahoo
SHRIRAMFIN,5m,2026-09-15T12:10:00+05:30,993.2000122070312,993.7000122070312,992.7999877929688,993.2999877929688,27648.0,yahoo
SHRIRAMFIN,5m,2026-09-15T12:15:00+05:30,993.2999877929688,993.7999877929688,992.4000244140625,992.7999877929688,25630.0,yahoo
SHRIRAMFIN,5m,2026-09-15T12:20:00+05:30,992.7999877929688,994.2000122070312,992.2000122070312,994.0999755859375,25043.0,yahoo
SHRIRAMFIN,5m,2026-09-15T12:25:00+05:30,994.0999755859375,994.0999755859375,992.0,992.9000244140625,38988.0,yahoo
SHRIRAMFIN,5m,2026-09-15T12:30:00+05:30,992.9000244140625,992.9000244140625,991.7999877929688,992.5999755859375,41131.0,yahoo
SHRIRAMFIN,5m,2026-09-15T12:35:00+05:30,992.5999755859375,995.2999877929688,992.5999755859375,994.5999755859375,51707.0,yahoo
SHRIRAMFIN,5m,2026-09-15T12:40:00+05:30,994.7999877929688,995.0999755859375,991.2999877929688,991.7000122070312,49143.0,yahoo
SHRIRAMFIN,5m,2026-09-15T12:45:00+05:30,991.7999877929688,993.0,991.5999755859375,992.4000244140625,21069.0,yahoo
SHRIRAMFIN,5m,2026-09-15T12:50:00+05:30,992.4000244140625,993.5,992.2000122070312,992.5999755859375,33914.0,yahoo
SHRIRAMFIN,5m,2026-09-15T12:55:00+05:30,992.5999755859375,994.0,991.5,991.5,36258.0,yahoo
SHRIRAMFIN,5m,2026-09-15T13:00:00+05:30,991.7999877929688,992.4000244140625,991.0,991.5,28728.0,yahoo
SHRIRAMFIN,5m,2026-09-15T13:05:00+05:30,991.5,992.0,990.2999877929688,990.4000244140625,20892.0,yahoo
SHRIRAMFIN,5m,2026-09-15T13:10:00+05:30,989.9000244140625,990.7000122070312,989.7999877929688,990.2999877929688,35283.0,yahoo
SHRIRAMFIN,5m,2026-09-15T13:15:00+05:30,990.2999877929688,991.4000244140625,990.0,991.0,25041.0,yahoo
SHRIRAMFIN,5m,2026-09-15T13:20:00+05:30,991.0,991.5999755859375,990.0999755859375,990.7000122070312,30292.0,yahoo
SHRIRAMFIN,5m,2026-09-15T13:25:00+05:30,990.9000244140625,992.0,990.4000244140625,991.5,24130.0,yahoo
SHRIRAMFIN,5m,2026-09-15T13:30:00+05:30,991.5,992.4000244140625,989.5,992.0,175754.0,yahoo
SHRIRAMFIN,5m,2026-09-15T13:35:00+05:30,992.0,993.7000122070312,991.9000244140625,992.4000244140625,66061.0,yahoo
SHRIRAMFIN,5m,2026-09-15T13:40:00+05:30,992.4000244140625,992.5,990.9000244140625,991.2000122070312,25774.0,yahoo
SHRIRAMFIN,5m,2026-09-15T13:45:00+05:30,991.0999755859375,992.7000122070312,991.0999755859375,992.2000122070312,20319.0,yahoo
SHRIRAMFIN,5m,2026-09-15T13:50:00+05:30,992.5,993.4000244140625,992.2000122070312,993.0,57501.0,yahoo
SHRIRAMFIN,5m,2026-09-15T13:55:00+05:30,993.2000122070312,993.7000122070312,992.9000244140625,993.2000122070312,28405.0,yahoo
SHRIRAMFIN,5m,2026-09-15T14:00:00+05:30,993.2999877929688,993.5,992.9000244140625,993.0,26462.0,yahoo
SHRIRAMFIN,5m,2026-09-15T14:05:00+05:30,992.9000244140625,993.2000122070312,992.2000122070312,992.4000244140625,27635.0,yahoo
SHRIRAMFIN,5m,2026-09-15T14:10:00+05:30,992.4000244140625,992.4000244140625,990.7000122070312,990.7000122070312,24769.0,yahoo
SHRIRAMFIN,5m,2026-09-15T14:15:00+05:30,990.7000122070312,990.7999877929688,989.2000122070312,989.5,38544.0,yahoo
SHRIRAMFIN,5m,2026-09-15T14:20:00+05:30,989.5,990.4000244140625,988.5999755859375,988.5999755859375,37100.0,yahoo
SHRIRAMFIN,5m,2026-09-15T14:25:00+05:30,988.4000244140625,989.2999877929688,988.0,988.0,75642.0,yahoo
SHRIRAMFIN,5m,2026-09-15T14:30:00+05:30,988.0,988.5,987.2999877929688,987.2999877929688,82918.0,yahoo
SHRIRAMFIN,5m,2026-09-15T14:35:00+05:30,987.4000244140625,990.5999755859375,987.4000244140625,989.2000122070312,119210.0,yahoo
SHRIRAMFIN,5m,2026-09-15T14:40:00+05:30,989.0,989.7000122070312,987.0999755859375,987.2000122070312,187991.0,yahoo
SHRIRAMFIN,5m,2026-09-15T14:45:00+05:30,987.2999877929688,987.9000244140625,981.2999877929688,981.2999877929688,199971.0,yahoo
SHRIRAMFIN,5m,2026-09-15T14:50:00+05:30,981.5,983.4000244140625,981.5,982.5,123426.0,yahoo
SHRIRAMFIN,5m,2026-09-15T14:55:00+05:30,982.9000244140625,983.5,982.2999877929688,982.5999755859375,152503.0,yahoo
SHRIRAMFIN,5m,2026-09-15T15:00:00+05:30,982.2999877929688,982.9000244140625,981.4000244140625,982.9000244140625,137131.0,yahoo
SHRIRAMFIN,5m,2026-09-15T15:05:00+05:30,982.5,982.5999755859375,980.7999877929688,981.9000244140625,232507.0,yahoo
SHRIRAMFIN,5m,2026-09-15T15:10:00+05:30,982.0,983.9000244140625,981.2000122070312,982.0,185942.0,yahoo
SHRIRAMFIN,5m,2026-09-15T15:15:00+05:30,983.0,983.0,979.7999877929688,979.7999877929688,268467.0,yahoo
SIEMENS,5m,2026-09-15T09:15:00+05:30,3954.0,3954.0,3899.0,3902.39990234375,0.0,yahoo
SIEMENS,5m,2026-09-15T09:20:00+05:30,3904.800048828125,3916.699951171875,3904.0,3910.5,6692.0,yahoo
SIEMENS,5m,2026-09-15T09:25:00+05:30,3908.10009765625,3910.39990234375,3895.0,3896.60009765625,4012.0,yahoo
SIEMENS,5m,2026-09-15T09:30:00+05:30,3897.300048828125,3905.199951171875,3891.199951171875,3898.5,5978.0,yahoo
SIEMENS,5m,2026-09-15T09:35:00+05:30,3900.89990234375,3911.0,3898.699951171875,3902.5,3641.0,yahoo
SIEMENS,5m,2026-09-15T09:40:00+05:30,3905.300048828125,3912.0,3900.60009765625,3900.60009765625,3318.0,yahoo
SIEMENS,5m,2026-09-15T09:45:00+05:30,3898.300048828125,3900.800048828125,3892.699951171875,3896.5,3588.0,yahoo
SIEMENS,5m,2026-09-15T09:50:00+05:30,3898.39990234375,3899.800048828125,3891.300048828125,3894.0,1793.0,yahoo
SIEMENS,5m,2026-09-15T09:55:00+05:30,3894.0,3900.39990234375,3883.10009765625,3883.10009765625,4014.0,yahoo
SIEMENS,5m,2026-09-15T10:00:00+05:30,3882.39990234375,3883.10009765625,3873.5,3878.5,4347.0,yahoo
SIEMENS,5m,2026-09-15T10:05:00+05:30,3879.10009765625,3881.0,3871.0,3871.10009765625,3051.0,yahoo
SIEMENS,5m,2026-09-15T10:10:00+05:30,3872.0,3881.89990234375,3872.0,3875.0,1514.0,yahoo
SIEMENS,5m,2026-09-15T10:15:00+05:30,3873.5,3879.39990234375,3870.5,3873.60009765625,3307.0,yahoo
SIEMENS,5m,2026-09-15T10:20:00+05:30,3874.300048828125,3878.60009765625,3871.60009765625,3877.0,2170.0,yahoo
SIEMENS,5m,2026-09-15T10:25:00+05:30,3878.800048828125,3878.800048828125,3856.89990234375,3856.89990234375,6963.0,yahoo
SIEMENS,5m,2026-09-15T10:30:00+05:30,3857.0,3863.39990234375,3851.10009765625,3855.0,5464.0,yahoo
SIEMENS,5m,2026-09-15T10:35:00+05:30,3856.39990234375,3860.0,3851.5,3855.10009765625,1990.0,yahoo
SIEMENS,5m,2026-09-15T10:40:00+05:30,3856.5,3857.300048828125,3848.0,3848.0,4091.0,yahoo
SIEMENS,5m,2026-09-15T10:45:00+05:30,3849.199951171875,3849.300048828125,3841.0,3841.0,3694.0,yahoo
SIEMENS,5m,2026-09-15T10:50:00+05:30,3843.89990234375,3851.199951171875,3841.10009765625,3849.699951171875,2702.0,yahoo
SIEMENS,5m,2026-09-15T10:55:00+05:30,3849.699951171875,3849.699951171875,3836.800048828125,3842.0,3636.0,yahoo
SIEMENS,5m,2026-09-15T11:00:00+05:30,3842.0,3847.5,3836.800048828125,3847.5,1719.0,yahoo
SIEMENS,5m,2026-09-15T11:05:00+05:30,3847.300048828125,3847.300048828125,3838.0,3841.0,1755.0,yahoo
SIEMENS,5m,2026-09-15T11:10:00+05:30,3841.0,3841.5,3836.39990234375,3841.0,2019.0,yahoo
SIEMENS,5m,2026-09-15T11:15:00+05:30,3840.0,3841.199951171875,3826.0,3826.0,4120.0,yahoo
SIEMENS,5m,2026-09-15T11:20:00+05:30,3826.300048828125,3836.0,3825.10009765625,3834.5,4510.0,yahoo
SIEMENS,5m,2026-09-15T11:25:00+05:30,3836.0,3837.199951171875,3832.10009765625,3833.199951171875,1876.0,yahoo
SIEMENS,5m,2026-09-15T11:30:00+05:30,3833.0,3838.0,3832.5,3835.10009765625,1310.0,yahoo
SIEMENS,5m,2026-09-15T11:35:00+05:30,3836.0,3844.39990234375,3826.5,3840.0,4086.0,yahoo
SIEMENS,5m,2026-09-15T11:40:00+05:30,3840.0,3848.800048828125,3832.699951171875,3844.699951171875,6256.0,yahoo
SIEMENS,5m,2026-09-15T11:45:00+05:30,3845.199951171875,3848.800048828125,3844.0,3844.199951171875,1665.0,yahoo
SIEMENS,5m,2026-09-15T11:50:00+05:30,3845.10009765625,3857.300048828125,3844.199951171875,3853.300048828125,4028.0,yahoo
SIEMENS,5m,2026-09-15T11:55:00+05:30,3853.0,3856.699951171875,3850.0,3853.199951171875,2369.0,yahoo
SIEMENS,5m,2026-09-15T12:00:00+05:30,3854.39990234375,3855.60009765625,3850.0,3851.0,1927.0,yahoo
SIEMENS,5m,2026-09-15T12:05:00+05:30,3852.300048828125,3853.0,3833.5,3840.699951171875,11253.0,yahoo
SIEMENS,5m,2026-09-15T12:10:00+05:30,3844.699951171875,3846.699951171875,3839.0,3842.0,14145.0,yahoo
SIEMENS,5m,2026-09-15T12:15:00+05:30,3842.0,3845.39990234375,3830.699951171875,3831.199951171875,3008.0,yahoo
SIEMENS,5m,2026-09-15T12:20:00+05:30,3832.199951171875,3834.5,3825.10009765625,3827.60009765625,2735.0,yahoo
SIEMENS,5m,2026-09-15T12:25:00+05:30,3829.0,3830.39990234375,3822.199951171875,3823.10009765625,3006.0,yahoo
SIEMENS,5m,2026-09-15T12:30:00+05:30,3823.0,3825.39990234375,3818.89990234375,3822.0,2756.0,yahoo
SIEMENS,5m,2026-09-15T12:35:00+05:30,3822.199951171875,3830.0,3818.10009765625,3820.300048828125,2774.0,yahoo
SIEMENS,5m,2026-09-15T12:40:00+05:30,3821.800048828125,3831.5,3819.39990234375,3830.0,6341.0,yahoo
SIEMENS,5m,2026-09-15T12:45:00+05:30,3830.0,3836.0,3828.39990234375,3832.39990234375,4341.0,yahoo
SIEMENS,5m,2026-09-15T12:50:00+05:30,3835.10009765625,3838.0,3830.39990234375,3834.199951171875,2241.0,yahoo
SIEMENS,5m,2026-09-15T12:55:00+05:30,3834.60009765625,3842.0,3832.89990234375,3840.0,2984.0,yahoo
SIEMENS,5m,2026-09-15T13:00:00+05:30,3842.0,3846.89990234375,3838.0,3842.699951171875,2382.0,yahoo
SIEMENS,5m,2026-09-15T13:05:00+05:30,3844.39990234375,3852.0,3842.699951171875,3849.199951171875,8614.0,yahoo
SIEMENS,5m,2026-09-15T13:10:00+05:30,3850.5,3851.0,3826.39990234375,3831.300048828125,6078.0,yahoo
SIEMENS,5m,2026-09-15T13:15:00+05:30,3833.0,3847.5,3830.39990234375,3844.800048828125,3072.0,yahoo
SIEMENS,5m,2026-09-15T13:20:00+05:30,3846.5,3851.0,3841.300048828125,3850.0,3581.0,yahoo
SIEMENS,5m,2026-09-15T13:25:00+05:30,3850.60009765625,3852.60009765625,3840.5,3843.699951171875,13231.0,yahoo
SIEMENS,5m,2026-09-15T13:30:00+05:30,3842.300048828125,3851.89990234375,3839.10009765625,3842.39990234375,17523.0,yahoo
SIEMENS,5m,2026-09-15T13:35:00+05:30,3843.0,3849.5,3841.89990234375,3844.39990234375,5695.0,yahoo
SIEMENS,5m,2026-09-15T13:40:00+05:30,3844.39990234375,3846.39990234375,3844.300048828125,3844.800048828125,5739.0,yahoo
SIEMENS,5m,2026-09-15T13:45:00+05:30,3844.89990234375,3848.39990234375,3844.89990234375,3847.0,3156.0,yahoo
SIEMENS,5m,2026-09-15T13:50:00+05:30,3848.5,3850.0,3844.39990234375,3845.0,4432.0,yahoo
SIEMENS,5m,2026-09-15T13:55:00+05:30,3844.800048828125,3845.60009765625,3836.5,3839.39990234375,3932.0,yahoo
SIEMENS,5m,2026-09-15T14:00:00+05:30,3838.800048828125,3845.0,3836.0,3838.800048828125,1900.0,yahoo
SIEMENS,5m,2026-09-15T14:05:00+05:30,3838.89990234375,3842.39990234375,3826.10009765625,3830.39990234375,2664.0,yahoo
SIEMENS,5m,2026-09-15T14:10:00+05:30,3830.199951171875,3831.5,3828.10009765625,3828.800048828125,1648.0,yahoo
SIEMENS,5m,2026-09-15T14:15:00+05:30,3828.60009765625,3828.60009765625,3813.39990234375,3818.0,4695.0,yahoo
SIEMENS,5m,2026-09-15T14:20:00+05:30,3817.5,3824.800048828125,3817.0,3817.0,3399.0,yahoo
SIEMENS,5m,2026-09-15T14:25:00+05:30,3817.0,3822.60009765625,3811.300048828125,3815.0,4950.0,yahoo
SIEMENS,5m,2026-09-15T14:30:00+05:30,3815.5,3824.0,3815.5,3820.89990234375,1904.0,yahoo
SIEMENS,5m,2026-09-15T14:35:00+05:30,3815.199951171875,3825.60009765625,3815.199951171875,3822.0,2004.0,yahoo
SIEMENS,5m,2026-09-15T14:40:00+05:30,3822.89990234375,3824.89990234375,3819.10009765625,3823.300048828125,2012.0,yahoo
SIEMENS,5m,2026-09-15T14:45:00+05:30,3820.10009765625,3822.199951171875,3807.5,3809.699951171875,8070.0,yahoo
SIEMENS,5m,2026-09-15T14:50:00+05:30,3809.699951171875,3816.199951171875,3806.800048828125,3809.10009765625,15516.0,yahoo
SIEMENS,5m,2026-09-15T14:55:00+05:30,3809.10009765625,3811.800048828125,3802.60009765625,3804.300048828125,7651.0,yahoo
SIEMENS,5m,2026-09-15T15:00:00+05:30,3801.89990234375,3811.89990234375,3792.60009765625,3794.60009765625,12322.0,yahoo
SIEMENS,5m,2026-09-15T15:05:00+05:30,3792.89990234375,3796.89990234375,3785.300048828125,3788.10009765625,8373.0,yahoo
SIEMENS,5m,2026-09-15T15:10:00+05:30,3791.699951171875,3797.10009765625,3773.0,3773.0,9814.0,yahoo
SIEMENS,5m,2026-09-15T15:15:00+05:30,3771.0,3771.0,3770.0,3770.0,4001.0,yahoo
SUNPHARMA,5m,2026-09-15T09:15:00+05:30,1854.0999755859375,1854.0999755859375,1834.5999755859375,1837.300048828125,0.0,yahoo
SUNPHARMA,5m,2026-09-15T09:20:00+05:30,1837.5999755859375,1844.4000244140625,1836.9000244140625,1843.4000244140625,22405.0,yahoo
SUNPHARMA,5m,2026-09-15T09:25:00+05:30,1843.4000244140625,1844.300048828125,1839.300048828125,1843.0,15822.0,yahoo
SUNPHARMA,5m,2026-09-15T09:30:00+05:30,1843.0,1844.0,1839.4000244140625,1839.4000244140625,14038.0,yahoo
SUNPHARMA,5m,2026-09-15T09:35:00+05:30,1840.0,1840.0,1836.0,1836.0,10735.0,yahoo
SUNPHARMA,5m,2026-09-15T09:40:00+05:30,1836.199951171875,1838.4000244140625,1835.5999755859375,1836.300048828125,6990.0,yahoo
SUNPHARMA,5m,2026-09-15T09:45:00+05:30,1836.5999755859375,1836.699951171875,1834.0,1834.4000244140625,6986.0,yahoo
SUNPHARMA,5m,2026-09-15T09:50:00+05:30,1834.4000244140625,1835.5999755859375,1832.5,1832.699951171875,7564.0,yahoo
SUNPHARMA,5m,2026-09-15T09:55:00+05:30,1832.800048828125,1833.199951171875,1829.9000244140625,1830.5,11293.0,yahoo
SUNPHARMA,5m,2026-09-15T10:00:00+05:30,1829.9000244140625,1833.0999755859375,1828.0,1831.0,7013.0,yahoo
SUNPHARMA,5m,2026-09-15T10:05:00+05:30,1831.0,1831.800048828125,1829.0,1830.0999755859375,4056.0,yahoo
SUNPHARMA,5m,2026-09-15T10:10:00+05:30,1829.9000244140625,1833.4000244140625,1829.9000244140625,1832.0,3906.0,yahoo
SUNPHARMA,5m,2026-09-15T10:15:00+05:30,1832.0,1833.5,1831.699951171875,1833.5,4853.0,yahoo
SUNPHARMA,5m,2026-09-15T10:20:00+05:30,1834.5999755859375,1836.0,1834.0,1835.5,7211.0,yahoo
SUNPHARMA,5m,2026-09-15T10:25:00+05:30,1834.800048828125,1835.5999755859375,1833.800048828125,1834.0,6166.0,yahoo
SUNPHARMA,5m,2026-09-15T10:30:00+05:30,1834.699951171875,1835.9000244140625,1833.0999755859375,1834.5999755859375,5815.0,yahoo
SUNPHARMA,5m,2026-09-15T10:35:00+05:30,1834.5999755859375,1835.4000244140625,1833.5,1834.0999755859375,3703.0,yahoo
SUNPHARMA,5m,2026-09-15T10:40:00+05:30,1834.0,1834.4000244140625,1832.4000244140625,1832.5,4231.0,yahoo
SUNPHARMA,5m,2026-09-15T10:45:00+05:30,1831.699951171875,1832.699951171875,1830.5999755859375,1831.699951171875,3086.0,yahoo
SUNPHARMA,5m,2026-09-15T10:50:00+05:30,1831.800048828125,1831.800048828125,1829.300048828125,1829.5,3376.0,yahoo
SUNPHARMA,5m,2026-09-15T10:55:00+05:30,1829.300048828125,1830.699951171875,1829.0,1829.0999755859375,3623.0,yahoo
SUNPHARMA,5m,2026-09-15T11:00:00+05:30,1829.300048828125,1833.699951171875,1828.300048828125,1833.699951171875,10926.0,yahoo
SUNPHARMA,5m,2026-09-15T11:05:00+05:30,1833.699951171875,1833.699951171875,1830.9000244140625,1831.699951171875,7411.0,yahoo
SUNPHARMA,5m,2026-09-15T11:10:00+05:30,1831.699951171875,1833.5999755859375,1830.9000244140625,1831.699951171875,4513.0,yahoo
SUNPHARMA,5m,2026-09-15T11:15:00+05:30,1831.5,1832.5,1830.0999755859375,1831.0999755859375,6416.0,yahoo
SUNPHARMA,5m,2026-09-15T11:20:00+05:30,1831.699951171875,1833.0,1831.0999755859375,1832.5999755859375,5075.0,yahoo
SUNPHARMA,5m,2026-09-15T11:25:00+05:30,1832.5999755859375,1834.300048828125,1831.699951171875,1833.9000244140625,4816.0,yahoo
SUNPHARMA,5m,2026-09-15T11:30:00+05:30,1833.9000244140625,1834.0999755859375,1833.0,1833.9000244140625,4283.0,yahoo
SUNPHARMA,5m,2026-09-15T11:35:00+05:30,1834.199951171875,1834.5,1832.5999755859375,1833.0999755859375,4879.0,yahoo
SUNPHARMA,5m,2026-09-15T11:40:00+05:30,1833.5999755859375,1834.9000244140625,1833.0999755859375,1833.699951171875,5053.0,yahoo
SUNPHARMA,5m,2026-09-15T11:45:00+05:30,1834.300048828125,1834.4000244140625,1833.0,1833.0999755859375,3008.0,yahoo
SUNPHARMA,5m,2026-09-15T11:50:00+05:30,1833.0999755859375,1834.199951171875,1832.699951171875,1833.5,3856.0,yahoo
SUNPHARMA,5m,2026-09-15T11:55:00+05:30,1833.4000244140625,1834.5,1832.800048828125,1833.800048828125,7733.0,yahoo
SUNPHARMA,5m,2026-09-15T12:00:00+05:30,1834.300048828125,1843.9000244140625,1833.5999755859375,1842.9000244140625,20945.0,yahoo
SUNPHARMA,5m,2026-09-15T12:05:00+05:30,1842.9000244140625,1843.199951171875,1840.699951171875,1841.0,19878.0,yahoo
SUNPHARMA,5m,2026-09-15T12:10:00+05:30,1840.699951171875,1842.800048828125,1838.5999755859375,1839.800048828125,15840.0,yahoo
SUNPHARMA,5m,2026-09-15T12:15:00+05:30,1839.9000244140625,1841.9000244140625,1839.199951171875,1841.300048828125,10352.0,yahoo
SUNPHARMA,5m,2026-09-15T12:20:00+05:30,1840.5,1843.5,1840.0999755859375,1843.199951171875,9823.0,yahoo
SUNPHARMA,5m,2026-09-15T12:25:00+05:30,1842.699951171875,1846.5,1842.0999755859375,1846.5,8412.0,yahoo
SUNPHARMA,5m,2026-09-15T12:30:00+05:30,1845.800048828125,1847.0,1845.0,1847.0,53790.0,yahoo
SUNPHARMA,5m,2026-09-15T12:35:00+05:30,1847.0,1847.4000244140625,1845.0,1845.199951171875,13594.0,yahoo
SUNPHARMA,5m,2026-09-15T12:40:00+05:30,1845.0999755859375,1845.0999755859375,1842.4000244140625,1843.199951171875,7614.0,yahoo
SUNPHARMA,5m,2026-09-15T12:45:00+05:30,1843.0999755859375,1844.699951171875,1842.699951171875,1844.699951171875,7913.0,yahoo
SUNPHARMA,5m,2026-09-15T12:50:00+05:30,1845.0,1845.5999755859375,1843.0,1843.699951171875,4566.0,yahoo
SUNPHARMA,5m,2026-09-15T12:55:00+05:30,1843.699951171875,1843.699951171875,1842.199951171875,1842.800048828125,6198.0,yahoo
SUNPHARMA,5m,2026-09-15T13:00:00+05:30,1842.800048828125,1843.199951171875,1842.0,1842.5999755859375,13338.0,yahoo
SUNPHARMA,5m,2026-09-15T13:05:00+05:30,1842.800048828125,1843.800048828125,1842.0,1842.4000244140625,7569.0,yahoo
SUNPHARMA,5m,2026-09-15T13:10:00+05:30,1842.5,1843.800048828125,1842.0,1842.300048828125,8477.0,yahoo
SUNPHARMA,5m,2026-09-15T13:15:00+05:30,1842.0,1842.800048828125,1842.0,1842.5999755859375,62105.0,yahoo
SUNPHARMA,5m,2026-09-15T13:20:00+05:30,1842.0,1842.9000244140625,1842.0,1842.300048828125,11093.0,yahoo
SUNPHARMA,5m,2026-09-15T13:25:00+05:30,1842.9000244140625,1844.0,1842.300048828125,1843.199951171875,5271.0,yahoo
SUNPHARMA,5m,2026-09-15T13:30:00+05:30,1843.699951171875,1845.5,1842.0,1845.0,16519.0,yahoo
SUNPHARMA,5m,2026-09-15T13:35:00+05:30,1845.0,1845.4000244140625,1843.0,1843.0,10399.0,yahoo
SUNPHARMA,5m,2026-09-15T13:40:00+05:30,1843.0999755859375,1843.800048828125,1842.699951171875,1843.199951171875,8557.0,yahoo
SUNPHARMA,5m,2026-09-15T13:45:00+05:30,1843.5999755859375,1844.199951171875,1842.9000244140625,1843.5999755859375,8218.0,yahoo
SUNPHARMA,5m,2026-09-15T13:50:00+05:30,1843.5999755859375,1845.800048828125,1843.4000244140625,1844.4000244140625,16394.0,yahoo
SUNPHARMA,5m,2026-09-15T13:55:00+05:30,1844.4000244140625,1845.4000244140625,1844.0,1844.4000244140625,9563.0,yahoo
SUNPHARMA,5m,2026-09-15T14:00:00+05:30,1844.699951171875,1846.5,1844.0999755859375,1844.800048828125,10531.0,yahoo
SUNPHARMA,5m,2026-09-15T14:05:00+05:30,1844.9000244140625,1846.0999755859375,1842.0,1842.9000244140625,14100.0,yahoo
SUNPHARMA,5m,2026-09-15T14:10:00+05:30,1843.0,1843.199951171875,1839.800048828125,1840.199951171875,16664.0,yahoo
SUNPHARMA,5m,2026-09-15T14:15:00+05:30,1838.5999755859375,1841.5999755859375,1838.0,1841.0,31852.0,yahoo
SUNPHARMA,5m,2026-09-15T14:20:00+05:30,1841.0,1842.0,1840.4000244140625,1841.4000244140625,8595.0,yahoo
SUNPHARMA,5m,2026-09-15T14:25:00+05:30,1841.4000244140625,1842.699951171875,1840.5,1840.699951171875,17029.0,yahoo
SUNPHARMA,5m,2026-09-15T14:30:00+05:30,1841.0999755859375,1841.300048828125,1840.0,1840.300048828125,16018.0,yahoo
SUNPHARMA,5m,2026-09-15T14:35:00+05:30,1840.0999755859375,1842.300048828125,1840.0,1842.300048828125,94921.0,yahoo
SUNPHARMA,5m,2026-09-15T14:40:00+05:30,1842.4000244140625,1846.0,1841.0999755859375,1845.0,48180.0,yahoo
SUNPHARMA,5m,2026-09-15T14:45:00+05:30,1845.4000244140625,1846.4000244140625,1840.300048828125,1841.0,133038.0,yahoo
SUNPHARMA,5m,2026-09-15T14:50:00+05:30,1840.800048828125,1843.800048828125,1840.800048828125,1842.199951171875,24047.0,yahoo
SUNPHARMA,5m,2026-09-15T14:55:00+05:30,1842.699951171875,1843.9000244140625,1842.0999755859375,1843.5999755859375,25371.0,yahoo
SUNPHARMA,5m,2026-09-15T15:00:00+05:30,1843.0999755859375,1843.0999755859375,1840.5,1842.4000244140625,29011.0,yahoo
SUNPHARMA,5m,2026-09-15T15:05:00+05:30,1842.300048828125,1842.300048828125,1840.0,1841.300048828125,68030.0,yahoo
SUNPHARMA,5m,2026-09-15T15:10:00+05:30,1841.699951171875,1842.199951171875,1838.0,1839.699951171875,110547.0,yahoo
SUNPHARMA,5m,2026-09-15T15:15:00+05:30,1838.0,1838.0,1835.0,1835.0,124046.0,yahoo
SUZLON,5m,2026-09-15T09:15:00+05:30,44.4900016784668,44.880001068115234,44.43000030517578,44.5099983215332,0.0,yahoo
SUZLON,5m,2026-09-15T09:20:00+05:30,44.4900016784668,44.4900016784668,44.310001373291016,44.33000183105469,1157341.0,yahoo
SUZLON,5m,2026-09-15T09:25:00+05:30,44.310001373291016,44.33000183105469,44.13999938964844,44.20000076293945,849267.0,yahoo
SUZLON,5m,2026-09-15T09:30:00+05:30,44.20000076293945,44.20000076293945,44.06999969482422,44.189998626708984,898696.0,yahoo
SUZLON,5m,2026-09-15T09:35:00+05:30,44.15999984741211,44.349998474121094,44.15999984741211,44.349998474121094,846122.0,yahoo
SUZLON,5m,2026-09-15T09:40:00+05:30,44.34000015258789,44.369998931884766,44.279998779296875,44.279998779296875,314630.0,yahoo
SUZLON,5m,2026-09-15T09:45:00+05:30,44.2599983215332,44.31999969482422,44.189998626708984,44.189998626708984,652508.0,yahoo
SUZLON,5m,2026-09-15T09:50:00+05:30,44.220001220703125,44.25,44.15999984741211,44.18000030517578,318634.0,yahoo
SUZLON,5m,2026-09-15T09:55:00+05:30,44.15999984741211,44.15999984741211,44.060001373291016,44.130001068115234,567362.0,yahoo
SUZLON,5m,2026-09-15T10:00:00+05:30,44.119998931884766,44.119998931884766,43.970001220703125,44.0,636328.0,yahoo
SUZLON,5m,2026-09-15T10:05:00+05:30,44.02000045776367,44.06999969482422,44.0,44.02000045776367,467933.0,yahoo
SUZLON,5m,2026-09-15T10:10:00+05:30,44.029998779296875,44.099998474121094,44.0,44.029998779296875,378182.0,yahoo
SUZLON,5m,2026-09-15T10:15:00+05:30,44.02000045776367,44.04999923706055,43.959999084472656,44.02000045776367,409589.0,yahoo
SUZLON,5m,2026-09-15T10:20:00+05:30,44.029998779296875,44.040000915527344,44.0,44.0099983215332,217775.0,yahoo
SUZLON,5m,2026-09-15T10:25:00+05:30,44.0099983215332,44.0099983215332,43.93000030517578,43.93000030517578,349456.0,yahoo
SUZLON,5m,2026-09-15T10:30:00+05:30,43.90999984741211,44.0,43.869998931884766,43.97999954223633,589584.0,yahoo
SUZLON,5m,2026-09-15T10:35:00+05:30,43.97999954223633,44.0099983215332,43.93000030517578,43.9900016784668,1428928.0,yahoo
SUZLON,5m,2026-09-15T10:40:00+05:30,43.970001220703125,43.9900016784668,43.900001525878906,43.900001525878906,215806.0,yahoo
SUZLON,5m,2026-09-15T10:45:00+05:30,43.90999984741211,43.90999984741211,43.83000183105469,43.849998474121094,347607.0,yahoo
SUZLON,5m,2026-09-15T10:50:00+05:30,43.849998474121094,43.849998474121094,43.810001373291016,43.84000015258789,212858.0,yahoo
SUZLON,5m,2026-09-15T10:55:00+05:30,43.84000015258789,43.84000015258789,43.7599983215332,43.79999923706055,451475.0,yahoo
SUZLON,5m,2026-09-15T11:00:00+05:30,43.79999923706055,43.84000015258789,43.779998779296875,43.84000015258789,301054.0,yahoo
SUZLON,5m,2026-09-15T11:05:00+05:30,43.84000015258789,43.84000015258789,43.72999954223633,43.75,378337.0,yahoo
SUZLON,5m,2026-09-15T11:10:00+05:30,43.77000045776367,43.79999923706055,43.72999954223633,43.75,343865.0,yahoo
SUZLON,5m,2026-09-15T11:15:00+05:30,43.7599983215332,43.79999923706055,43.70000076293945,43.720001220703125,342025.0,yahoo
SUZLON,5m,2026-09-15T11:20:00+05:30,43.709999084472656,43.720001220703125,43.68000030517578,43.709999084472656,433052.0,yahoo
SUZLON,5m,2026-09-15T11:25:00+05:30,43.70000076293945,43.720001220703125,43.68000030517578,43.70000076293945,243498.0,yahoo
SUZLON,5m,2026-09-15T11:30:00+05:30,43.709999084472656,43.779998779296875,43.70000076293945,43.7599983215332,243509.0,yahoo
SUZLON,5m,2026-09-15T11:35:00+05:30,43.77000045776367,43.77000045776367,43.72999954223633,43.75,200790.0,yahoo
SUZLON,5m,2026-09-15T11:40:00+05:30,43.779998779296875,43.779998779296875,43.70000076293945,43.720001220703125,289655.0,yahoo
SUZLON,5m,2026-09-15T11:45:00+05:30,43.7400016784668,43.7599983215332,43.70000076293945,43.72999954223633,169389.0,yahoo
SUZLON,5m,2026-09-15T11:50:00+05:30,43.720001220703125,43.75,43.70000076293945,43.709999084472656,208244.0,yahoo
SUZLON,5m,2026-09-15T11:55:00+05:30,43.709999084472656,43.75,43.70000076293945,43.7400016784668,158152.0,yahoo
SUZLON,5m,2026-09-15T12:00:00+05:30,43.7400016784668,43.7400016784668,43.65999984741211,43.70000076293945,212788.0,yahoo
SUZLON,5m,2026-09-15T12:05:00+05:30,43.68000030517578,43.72999954223633,43.65999984741211,43.66999816894531,267951.0,yahoo
SUZLON,5m,2026-09-15T12:10:00+05:30,43.66999816894531,43.66999816894531,43.599998474121094,43.650001525878906,313670.0,yahoo
SUZLON,5m,2026-09-15T12:15:00+05:30,43.650001525878906,43.689998626708984,43.630001068115234,43.650001525878906,276919.0,yahoo
SUZLON,5m,2026-09-15T12:20:00+05:30,43.65999984741211,43.709999084472656,43.650001525878906,43.709999084472656,165660.0,yahoo
SUZLON,5m,2026-09-15T12:25:00+05:30,43.68000030517578,43.689998626708984,43.650001525878906,43.66999816894531,162415.0,yahoo
SUZLON,5m,2026-09-15T12:30:00+05:30,43.65999984741211,43.65999984741211,43.599998474121094,43.63999938964844,205957.0,yahoo
SUZLON,5m,2026-09-15T12:35:00+05:30,43.630001068115234,43.709999084472656,43.630001068115234,43.650001525878906,235868.0,yahoo
SUZLON,5m,2026-09-15T12:40:00+05:30,43.650001525878906,43.65999984741211,43.630001068115234,43.650001525878906,89068.0,yahoo
SUZLON,5m,2026-09-15T12:45:00+05:30,43.650001525878906,43.70000076293945,43.630001068115234,43.66999816894531,147369.0,yahoo
SUZLON,5m,2026-09-15T12:50:00+05:30,43.689998626708984,43.70000076293945,43.650001525878906,43.66999816894531,88820.0,yahoo
SUZLON,5m,2026-09-15T12:55:00+05:30,43.66999816894531,43.66999816894531,43.560001373291016,43.56999969482422,394347.0,yahoo
SUZLON,5m,2026-09-15T13:00:00+05:30,43.59000015258789,43.650001525878906,43.59000015258789,43.630001068115234,121124.0,yahoo
SUZLON,5m,2026-09-15T13:05:00+05:30,43.630001068115234,43.66999816894531,43.61000061035156,43.650001525878906,142942.0,yahoo
SUZLON,5m,2026-09-15T13:10:00+05:30,43.650001525878906,43.650001525878906,43.54999923706055,43.54999923706055,258782.0,yahoo
SUZLON,5m,2026-09-15T13:15:00+05:30,43.560001373291016,43.599998474121094,43.560001373291016,43.59000015258789,247802.0,yahoo
SUZLON,5m,2026-09-15T13:20:00+05:30,43.59000015258789,43.599998474121094,43.529998779296875,43.54999923706055,161075.0,yahoo
SUZLON,5m,2026-09-15T13:25:00+05:30,43.540000915527344,43.58000183105469,43.529998779296875,43.540000915527344,296146.0,yahoo
SUZLON,5m,2026-09-15T13:30:00+05:30,43.54999923706055,43.54999923706055,43.5,43.5,360084.0,yahoo
SUZLON,5m,2026-09-15T13:35:00+05:30,43.5099983215332,43.5099983215332,43.459999084472656,43.459999084472656,617270.0,yahoo
SUZLON,5m,2026-09-15T13:40:00+05:30,43.459999084472656,43.47999954223633,43.40999984741211,43.41999816894531,303314.0,yahoo
SUZLON,5m,2026-09-15T13:45:00+05:30,43.41999816894531,43.45000076293945,43.40999984741211,43.43000030517578,330795.0,yahoo
SUZLON,5m,2026-09-15T13:50:00+05:30,43.45000076293945,43.47999954223633,43.40999984741211,43.40999984741211,398120.0,yahoo
SUZLON,5m,2026-09-15T13:55:00+05:30,43.400001525878906,43.400001525878906,43.33000183105469,43.349998474121094,497136.0,yahoo
SUZLON,5m,2026-09-15T14:00:00+05:30,43.369998931884766,43.369998931884766,43.31999969482422,43.34000015258789,241729.0,yahoo
SUZLON,5m,2026-09-15T14:05:00+05:30,43.34000015258789,43.380001068115234,43.31999969482422,43.31999969482422,319407.0,yahoo
SUZLON,5m,2026-09-15T14:10:00+05:30,43.33000183105469,43.33000183105469,43.25,43.27000045776367,606465.0,yahoo
SUZLON,5m,2026-09-15T14:15:00+05:30,43.2599983215332,43.2599983215332,43.130001068115234,43.16999816894531,858909.0,yahoo
SUZLON,5m,2026-09-15T14:20:00+05:30,43.16999816894531,43.22999954223633,43.099998474121094,43.119998931884766,614017.0,yahoo
SUZLON,5m,2026-09-15T14:25:00+05:30,43.11000061035156,43.119998931884766,43.02000045776367,43.029998779296875,1175311.0,yahoo
SUZLON,5m,2026-09-15T14:30:00+05:30,43.04999923706055,43.08000183105469,43.04999923706055,43.04999923706055,537450.0,yahoo
SUZLON,5m,2026-09-15T14:35:00+05:30,43.029998779296875,43.08000183105469,43.02000045776367,43.060001373291016,466518.0,yahoo
SUZLON,5m,2026-09-15T14:40:00+05:30,43.04999923706055,43.11000061035156,43.04999923706055,43.08000183105469,538411.0,yahoo
SUZLON,5m,2026-09-15T14:45:00+05:30,43.06999969482422,43.06999969482422,42.810001373291016,42.880001068115234,1797225.0,yahoo
SUZLON,5m,2026-09-15T14:50:00+05:30,42.849998474121094,42.900001525878906,42.68000030517578,42.720001220703125,1719066.0,yahoo
SUZLON,5m,2026-09-15T14:55:00+05:30,42.75,42.86000061035156,42.75,42.79999923706055,1054601.0,yahoo
SUZLON,5m,2026-09-15T15:00:00+05:30,42.81999969482422,42.81999969482422,42.66999816894531,42.720001220703125,1209977.0,yahoo
SUZLON,5m,2026-09-15T15:05:00+05:30,42.65999984741211,42.75,42.59000015258789,42.70000076293945,2128235.0,yahoo
SUZLON,5m,2026-09-15T15:10:00+05:30,42.70000076293945,42.7599983215332,42.630001068115234,42.7599983215332,2232626.0,yahoo
SUZLON,5m,2026-09-15T15:15:00+05:30,42.75,42.900001525878906,42.75,42.900001525878906,884059.0,yahoo
TATACONSUM,5m,2026-09-15T09:15:00+05:30,988.4000244140625,1004.7000122070312,988.0999755859375,1004.0999755859375,0.0,yahoo
TATACONSUM,5m,2026-09-15T09:20:00+05:30,1003.2000122070312,1008.4000244140625,997.2999877929688,1005.2999877929688,360005.0,yahoo
TATACONSUM,5m,2026-09-15T09:25:00+05:30,1005.0999755859375,1005.0999755859375,999.7999877929688,1001.4000244140625,50911.0,yahoo
TATACONSUM,5m,2026-09-15T09:30:00+05:30,1001.2000122070312,1002.5,1000.0,1000.7000122070312,39802.0,yahoo
TATACONSUM,5m,2026-09-15T09:35:00+05:30,1001.0,1001.0999755859375,996.9000244140625,998.4000244140625,23730.0,yahoo
TATACONSUM,5m,2026-09-15T09:40:00+05:30,998.0,999.4000244140625,997.5,998.4000244140625,49531.0,yahoo
TATACONSUM,5m,2026-09-15T09:45:00+05:30,998.9000244140625,1001.9000244140625,998.0,999.2000122070312,21422.0,yahoo
TATACONSUM,5m,2026-09-15T09:50:00+05:30,999.5,1004.0999755859375,998.9000244140625,998.9000244140625,30763.0,yahoo
TATACONSUM,5m,2026-09-15T09:55:00+05:30,998.9000244140625,998.9000244140625,995.5,996.9000244140625,16829.0,yahoo
TATACONSUM,5m,2026-09-15T10:00:00+05:30,997.5,997.5,996.2000122070312,997.4000244140625,10077.0,yahoo
TATACONSUM,5m,2026-09-15T10:05:00+05:30,997.2000122070312,998.7000122070312,995.9000244140625,997.9000244140625,11080.0,yahoo
TATACONSUM,5m,2026-09-15T10:10:00+05:30,997.7999877929688,999.9000244140625,997.0,998.9000244140625,13915.0,yahoo
TATACONSUM,5m,2026-09-15T10:15:00+05:30,998.5,1000.0,998.0,999.4000244140625,9157.0,yahoo
TATACONSUM,5m,2026-09-15T10:20:00+05:30,999.0,999.9000244140625,998.9000244140625,999.9000244140625,11444.0,yahoo
TATACONSUM,5m,2026-09-15T10:25:00+05:30,999.9000244140625,999.9000244140625,997.7999877929688,997.9000244140625,6192.0,yahoo
TATACONSUM,5m,2026-09-15T10:30:00+05:30,998.0999755859375,998.5999755859375,997.4000244140625,998.5,11096.0,yahoo
TATACONSUM,5m,2026-09-15T10:35:00+05:30,998.5,998.5,996.2999877929688,997.7999877929688,9951.0,yahoo
TATACONSUM,5m,2026-09-15T10:40:00+05:30,996.7000122070312,997.0,995.0,995.2000122070312,17798.0,yahoo
TATACONSUM,5m,2026-09-15T10:45:00+05:30,995.2000122070312,996.0,993.7999877929688,994.7000122070312,12158.0,yahoo
TATACONSUM,5m,2026-09-15T10:50:00+05:30,995.0999755859375,995.0999755859375,993.4000244140625,993.4000244140625,16371.0,yahoo
TATACONSUM,5m,2026-09-15T10:55:00+05:30,993.9000244140625,994.7999877929688,993.2000122070312,994.5,7585.0,yahoo
TATACONSUM,5m,2026-09-15T11:00:00+05:30,994.0,995.7000122070312,993.7999877929688,995.7000122070312,7733.0,yahoo
TATACONSUM,5m,2026-09-15T11:05:00+05:30,995.7999877929688,996.0999755859375,994.4000244140625,994.9000244140625,8372.0,yahoo
TATACONSUM,5m,2026-09-15T11:10:00+05:30,994.5999755859375,996.0,994.0,995.2999877929688,9023.0,yahoo
TATACONSUM,5m,2026-09-15T11:15:00+05:30,995.7000122070312,997.0,995.0,995.2000122070312,9943.0,yahoo
TATACONSUM,5m,2026-09-15T11:20:00+05:30,995.2000122070312,996.5,994.4000244140625,996.5,10558.0,yahoo
TATACONSUM,5m,2026-09-15T11:25:00+05:30,996.5,996.5,995.0999755859375,995.7000122070312,4811.0,yahoo
TATACONSUM,5m,2026-09-15T11:30:00+05:30,995.5999755859375,995.7999877929688,993.5,994.4000244140625,15581.0,yahoo
TATACONSUM,5m,2026-09-15T11:35:00+05:30,994.7000122070312,997.4000244140625,994.2000122070312,996.0,16210.0,yahoo
TATACONSUM,5m,2026-09-15T11:40:00+05:30,996.2999877929688,997.4000244140625,995.5999755859375,997.0,7065.0,yahoo
TATACONSUM,5m,2026-09-15T11:45:00+05:30,997.0,999.0999755859375,997.0,998.7999877929688,15115.0,yahoo
TATACONSUM,5m,2026-09-15T11:50:00+05:30,998.7000122070312,999.0,997.7000122070312,997.7999877929688,14686.0,yahoo
TATACONSUM,5m,2026-09-15T11:55:00+05:30,997.7999877929688,998.5,996.7999877929688,998.2999877929688,7982.0,yahoo
TATACONSUM,5m,2026-09-15T12:00:00+05:30,998.2999877929688,1001.0,997.7000122070312,1000.5999755859375,13515.0,yahoo
TATACONSUM,5m,2026-09-15T12:05:00+05:30,1001.0,1001.5,1000.5,1000.5999755859375,13609.0,yahoo
TATACONSUM,5m,2026-09-15T12:10:00+05:30,1000.5,1000.5999755859375,1000.0,1000.0,6472.0,yahoo
TATACONSUM,5m,2026-09-15T12:15:00+05:30,999.9000244140625,1001.0,999.0,999.0,8965.0,yahoo
TATACONSUM,5m,2026-09-15T12:20:00+05:30,999.0,999.7999877929688,999.0,999.7000122070312,9966.0,yahoo
TATACONSUM,5m,2026-09-15T12:25:00+05:30,999.2999877929688,999.7000122070312,997.9000244140625,999.2000122070312,11272.0,yahoo
TATACONSUM,5m,2026-09-15T12:30:00+05:30,999.2000122070312,999.5,998.0999755859375,998.2999877929688,6371.0,yahoo
TATACONSUM,5m,2026-09-15T12:35:00+05:30,998.4000244140625,998.9000244140625,997.4000244140625,997.7999877929688,5980.0,yahoo
TATACONSUM,5m,2026-09-15T12:40:00+05:30,997.4000244140625,997.9000244140625,996.9000244140625,997.0,7442.0,yahoo
TATACONSUM,5m,2026-09-15T12:45:00+05:30,996.9000244140625,998.4000244140625,996.5,997.5999755859375,11965.0,yahoo
TATACONSUM,5m,2026-09-15T12:50:00+05:30,998.7999877929688,998.7999877929688,997.7000122070312,998.2000122070312,8367.0,yahoo
TATACONSUM,5m,2026-09-15T12:55:00+05:30,998.2000122070312,998.4000244140625,996.9000244140625,997.0999755859375,7424.0,yahoo
TATACONSUM,5m,2026-09-15T13:00:00+05:30,997.0999755859375,997.5,995.7000122070312,996.4000244140625,9856.0,yahoo
TATACONSUM,5m,2026-09-15T13:05:00+05:30,996.4000244140625,996.4000244140625,995.2999877929688,995.2999877929688,4798.0,yahoo
TATACONSUM,5m,2026-09-15T13:10:00+05:30,995.2999877929688,995.7000122070312,994.5999755859375,995.4000244140625,9735.0,yahoo
TATACONSUM,5m,2026-09-15T13:15:00+05:30,994.9000244140625,994.9000244140625,993.7999877929688,993.9000244140625,6629.0,yahoo
TATACONSUM,5m,2026-09-15T13:20:00+05:30,994.2999877929688,995.0,994.0999755859375,994.5,6677.0,yahoo
TATACONSUM,5m,2026-09-15T13:25:00+05:30,994.5,995.2000122070312,993.5999755859375,994.2000122070312,8530.0,yahoo
TATACONSUM,5m,2026-09-15T13:30:00+05:30,994.2000122070312,994.7000122070312,994.0,994.2999877929688,8373.0,yahoo
TATACONSUM,5m,2026-09-15T13:35:00+05:30,994.0999755859375,994.7999877929688,993.5999755859375,993.5999755859375,8201.0,yahoo
TATACONSUM,5m,2026-09-15T13:40:00+05:30,993.5999755859375,994.0,992.5999755859375,992.7000122070312,6175.0,yahoo
TATACONSUM,5m,2026-09-15T13:45:00+05:30,992.7000122070312,994.2000122070312,992.5999755859375,993.9000244140625,11978.0,yahoo
TATACONSUM,5m,2026-09-15T13:50:00+05:30,993.9000244140625,995.2999877929688,993.9000244140625,994.5999755859375,6800.0,yahoo
TATACONSUM,5m,2026-09-15T13:55:00+05:30,994.5,994.9000244140625,994.0,994.7000122070312,9405.0,yahoo
TATACONSUM,5m,2026-09-15T14:00:00+05:30,994.7000122070312,994.7999877929688,994.0,994.7999877929688,7890.0,yahoo
TATACONSUM,5m,2026-09-15T14:05:00+05:30,994.5,995.4000244140625,993.9000244140625,993.9000244140625,7827.0,yahoo
TATACONSUM,5m,2026-09-15T14:10:00+05:30,993.7000122070312,994.2000122070312,993.2000122070312,993.2999877929688,8465.0,yahoo
TATACONSUM,5m,2026-09-15T14:15:00+05:30,993.4000244140625,993.5999755859375,992.0,992.0,5955.0,yahoo
TATACONSUM,5m,2026-09-15T14:20:00+05:30,992.0,992.5,991.0999755859375,991.9000244140625,10380.0,yahoo
TATACONSUM,5m,2026-09-15T14:25:00+05:30,991.5999755859375,991.7999877929688,989.0,989.0,13051.0,yahoo
TATACONSUM,5m,2026-09-15T14:30:00+05:30,989.5999755859375,991.2999877929688,989.2000122070312,990.4000244140625,12667.0,yahoo
TATACONSUM,5m,2026-09-15T14:35:00+05:30,990.4000244140625,991.9000244140625,990.2000122070312,991.4000244140625,9510.0,yahoo
TATACONSUM,5m,2026-09-15T14:40:00+05:30,990.7999877929688,991.7000122070312,990.4000244140625,990.9000244140625,12789.0,yahoo
TATACONSUM,5m,2026-09-15T14:45:00+05:30,990.5999755859375,990.5999755859375,988.0999755859375,988.7000122070312,15035.0,yahoo
TATACONSUM,5m,2026-09-15T14:50:00+05:30,988.7000122070312,989.7000122070312,988.2999877929688,988.7999877929688,16036.0,yahoo
TATACONSUM,5m,2026-09-15T14:55:00+05:30,988.5,989.2999877929688,988.5,989.0999755859375,23475.0,yahoo
TATACONSUM,5m,2026-09-15T15:00:00+05:30,989.0,990.5999755859375,988.2999877929688,990.4000244140625,33507.0,yahoo
TATACONSUM,5m,2026-09-15T15:05:00+05:30,990.2999877929688,991.5,990.0,990.9000244140625,51463.0,yahoo
TATACONSUM,5m,2026-09-15T15:10:00+05:30,990.9000244140625,993.0999755859375,986.0999755859375,986.0999755859375,128675.0,yahoo
TATAMOTORS,5m,2026-09-15T09:15:00+05:30,442.3500061035156,446.25,438.04998779296875,440.04998779296875,0.0,yahoo
TATAMOTORS,5m,2026-09-15T09:20:00+05:30,440.0,440.79998779296875,436.79998779296875,437.25,126962.0,yahoo
TATAMOTORS,5m,2026-09-15T09:25:00+05:30,436.8500061035156,437.0,434.95001220703125,435.5,204805.0,yahoo
TATAMOTORS,5m,2026-09-15T09:30:00+05:30,435.29998779296875,436.45001220703125,434.79998779296875,436.0,65539.0,yahoo
TATAMOTORS,5m,2026-09-15T09:35:00+05:30,436.0,436.25,435.3999938964844,435.75,91471.0,yahoo
TATAMOTORS,5m,2026-09-15T09:40:00+05:30,435.1000061035156,436.70001220703125,434.8999938964844,435.5,83111.0,yahoo
TATAMOTORS,5m,2026-09-15T09:45:00+05:30,435.3500061035156,436.0,434.20001220703125,434.25,65547.0,yahoo
TATAMOTORS,5m,2026-09-15T09:50:00+05:30,434.25,434.54998779296875,433.6000061035156,433.6000061035156,42728.0,yahoo
TATAMOTORS,5m,2026-09-15T09:55:00+05:30,433.6499938964844,433.6499938964844,432.45001220703125,432.79998779296875,50409.0,yahoo
TATAMOTORS,5m,2026-09-15T10:00:00+05:30,432.79998779296875,432.79998779296875,431.1000061035156,431.25,100067.0,yahoo
TATAMOTORS,5m,2026-09-15T10:05:00+05:30,431.20001220703125,432.0,430.29998779296875,430.29998779296875,58328.0,yahoo
TATAMOTORS,5m,2026-09-15T10:10:00+05:30,430.29998779296875,432.5,430.29998779296875,431.6000061035156,60587.0,yahoo
TATAMOTORS,5m,2026-09-15T10:15:00+05:30,431.5,432.1499938964844,431.3500061035156,431.8500061035156,32492.0,yahoo
TATAMOTORS,5m,2026-09-15T10:20:00+05:30,432.0,432.1499938964844,431.6000061035156,432.0,25571.0,yahoo
TATAMOTORS,5m,2026-09-15T10:25:00+05:30,431.8999938964844,432.0,431.1000061035156,431.20001220703125,23393.0,yahoo
TATAMOTORS,5m,2026-09-15T10:30:00+05:30,431.3500061035156,432.20001220703125,430.54998779296875,431.8500061035156,36114.0,yahoo
TATAMOTORS,5m,2026-09-15T10:35:00+05:30,432.0,432.20001220703125,431.29998779296875,431.45001220703125,18291.0,yahoo
TATAMOTORS,5m,2026-09-15T10:40:00+05:30,431.3500061035156,431.79998779296875,431.29998779296875,431.29998779296875,12016.0,yahoo
TATAMOTORS,5m,2026-09-15T10:45:00+05:30,431.1499938964844,431.3999938964844,430.8999938964844,431.04998779296875,22641.0,yahoo
TATAMOTORS,5m,2026-09-15T10:50:00+05:30,431.04998779296875,431.20001220703125,430.6000061035156,430.6000061035156,26679.0,yahoo
TATAMOTORS,5m,2026-09-15T10:55:00+05:30,430.6000061035156,430.8500061035156,430.3999938964844,430.79998779296875,36224.0,yahoo
TATAMOTORS,5m,2026-09-15T11:00:00+05:30,430.8500061035156,431.79998779296875,430.79998779296875,431.79998779296875,24193.0,yahoo
TATAMOTORS,5m,2026-09-15T11:05:00+05:30,431.79998779296875,431.8500061035156,431.29998779296875,431.3500061035156,18531.0,yahoo
TATAMOTORS,5m,2026-09-15T11:10:00+05:30,431.3500061035156,431.3999938964844,431.0,431.0,18279.0,yahoo
TATAMOTORS,5m,2026-09-15T11:15:00+05:30,431.1000061035156,431.20001220703125,430.20001220703125,430.45001220703125,77446.0,yahoo
TATAMOTORS,5m,2026-09-15T11:20:00+05:30,430.3500061035156,430.8999938964844,430.0,430.79998779296875,32271.0,yahoo
TATAMOTORS,5m,2026-09-15T11:25:00+05:30,430.8500061035156,430.8999938964844,430.5,430.5,23764.0,yahoo
TATAMOTORS,5m,2026-09-15T11:30:00+05:30,430.45001220703125,430.5,430.1499938964844,430.3999938964844,22384.0,yahoo
TATAMOTORS,5m,2026-09-15T11:35:00+05:30,430.45001220703125,430.8999938964844,430.3999938964844,430.6000061035156,23060.0,yahoo
TATAMOTORS,5m,2026-09-15T11:40:00+05:30,430.54998779296875,430.70001220703125,430.29998779296875,430.6499938964844,25667.0,yahoo
TATAMOTORS,5m,2026-09-15T11:45:00+05:30,430.6499938964844,430.8500061035156,430.54998779296875,430.54998779296875,19231.0,yahoo
TATAMOTORS,5m,2026-09-15T11:50:00+05:30,430.54998779296875,430.79998779296875,430.45001220703125,430.5,18593.0,yahoo
TATAMOTORS,5m,2026-09-15T11:55:00+05:30,430.5,430.6499938964844,430.45001220703125,430.6000061035156,19487.0,yahoo
TATAMOTORS,5m,2026-09-15T12:00:00+05:30,430.75,431.20001220703125,430.6499938964844,431.1499938964844,29082.0,yahoo
TATAMOTORS,5m,2026-09-15T12:05:00+05:30,431.1499938964844,431.8999938964844,431.1499938964844,431.6000061035156,33011.0,yahoo
TATAMOTORS,5m,2026-09-15T12:10:00+05:30,431.79998779296875,431.79998779296875,430.8999938964844,430.8999938964844,13049.0,yahoo
TATAMOTORS,5m,2026-09-15T12:15:00+05:30,430.95001220703125,431.29998779296875,430.8500061035156,431.0,17707.0,yahoo
TATAMOTORS,5m,2026-09-15T12:20:00+05:30,431.0,431.1000061035156,430.3999938964844,431.0,22098.0,yahoo
TATAMOTORS,5m,2026-09-15T12:25:00+05:30,431.0,431.3999938964844,431.0,431.25,13362.0,yahoo
TATAMOTORS,5m,2026-09-15T12:30:00+05:30,431.25,431.3500061035156,430.5,430.6000061035156,13926.0,yahoo
TATAMOTORS,5m,2026-09-15T12:35:00+05:30,430.5,430.8500061035156,430.5,430.6499938964844,17597.0,yahoo
TATAMOTORS,5m,2026-09-15T12:40:00+05:30,430.54998779296875,430.70001220703125,430.5,430.54998779296875,17244.0,yahoo
TATAMOTORS,5m,2026-09-15T12:45:00+05:30,430.54998779296875,430.70001220703125,430.5,430.6499938964844,14534.0,yahoo
TATAMOTORS,5m,2026-09-15T12:50:00+05:30,430.6499938964844,431.70001220703125,430.6499938964844,431.25,20765.0,yahoo
TATAMOTORS,5m,2026-09-15T12:55:00+05:30,431.3500061035156,431.3500061035156,430.5,430.6000061035156,14631.0,yahoo
TATAMOTORS,5m,2026-09-15T13:00:00+05:30,430.54998779296875,431.04998779296875,430.3999938964844,431.04998779296875,29918.0,yahoo
TATAMOTORS,5m,2026-09-15T13:05:00+05:30,431.1000061035156,431.6499938964844,431.04998779296875,431.54998779296875,15440.0,yahoo
TATAMOTORS,5m,2026-09-15T13:10:00+05:30,431.6000061035156,432.1000061035156,430.54998779296875,432.1000061035156,36546.0,yahoo
TATAMOTORS,5m,2026-09-15T13:15:00+05:30,432.1499938964844,432.8999938964844,432.1499938964844,432.8500061035156,53598.0,yahoo
TATAMOTORS,5m,2026-09-15T13:20:00+05:30,432.75,432.95001220703125,432.3500061035156,432.3999938964844,67901.0,yahoo
TATAMOTORS,5m,2026-09-15T13:25:00+05:30,432.45001220703125,433.3999938964844,432.3999938964844,432.6000061035156,51565.0,yahoo
TATAMOTORS,5m,2026-09-15T13:30:00+05:30,432.6000061035156,433.0,432.6000061035156,432.70001220703125,29180.0,yahoo
TATAMOTORS,5m,2026-09-15T13:35:00+05:30,432.70001220703125,433.1000061035156,432.5,432.54998779296875,30492.0,yahoo
TATAMOTORS,5m,2026-09-15T13:40:00+05:30,432.6000061035156,432.6000061035156,431.5,431.5,34127.0,yahoo
TATAMOTORS,5m,2026-09-15T13:45:00+05:30,431.5,432.3999938964844,431.1000061035156,432.20001220703125,35310.0,yahoo
TATAMOTORS,5m,2026-09-15T13:50:00+05:30,432.3500061035156,432.3500061035156,431.70001220703125,431.70001220703125,26677.0,yahoo
TATAMOTORS,5m,2026-09-15T13:55:00+05:30,431.70001220703125,431.8500061035156,431.5,431.70001220703125,20045.0,yahoo
TATAMOTORS,5m,2026-09-15T14:00:00+05:30,431.75,432.0,431.3500061035156,431.5,28383.0,yahoo
TATAMOTORS,5m,2026-09-15T14:05:00+05:30,431.54998779296875,432.29998779296875,431.3999938964844,431.79998779296875,30970.0,yahoo
TATAMOTORS,5m,2026-09-15T14:10:00+05:30,431.75,431.8500061035156,430.0,430.1499938964844,69227.0,yahoo
TATAMOTORS,5m,2026-09-15T14:15:00+05:30,430.04998779296875,430.04998779296875,429.04998779296875,429.04998779296875,47386.0,yahoo
TATAMOTORS,5m,2026-09-15T14:20:00+05:30,429.04998779296875,430.54998779296875,429.04998779296875,429.6499938964844,39114.0,yahoo
TATAMOTORS,5m,2026-09-15T14:25:00+05:30,429.6499938964844,429.8500061035156,429.04998779296875,429.6499938964844,54113.0,yahoo
TATAMOTORS,5m,2026-09-15T14:30:00+05:30,429.75,430.6000061035156,429.75,430.6000061035156,37484.0,yahoo
TATAMOTORS,5m,2026-09-15T14:35:00+05:30,430.29998779296875,430.3999938964844,429.54998779296875,429.70001220703125,39377.0,yahoo
TATAMOTORS,5m,2026-09-15T14:40:00+05:30,429.8500061035156,429.95001220703125,429.70001220703125,429.8500061035156,26954.0,yahoo
TATAMOTORS,5m,2026-09-15T14:45:00+05:30,429.8500061035156,429.8500061035156,428.0,428.1499938964844,86159.0,yahoo
TATAMOTORS,5m,2026-09-15T14:50:00+05:30,428.1000061035156,429.3500061035156,427.8999938964844,428.8999938964844,82391.0,yahoo
TATAMOTORS,5m,2026-09-15T14:55:00+05:30,429.04998779296875,429.1000061035156,427.75,428.1000061035156,79324.0,yahoo
TATAMOTORS,5m,2026-09-15T15:00:00+05:30,428.1000061035156,429.20001220703125,428.1000061035156,428.70001220703125,90533.0,yahoo
TATAMOTORS,5m,2026-09-15T15:05:00+05:30,428.75,428.75,426.5,427.8500061035156,234485.0,yahoo
TATAMOTORS,5m,2026-09-15T15:10:00+05:30,427.8500061035156,429.04998779296875,427.79998779296875,428.04998779296875,115325.0,yahoo
TATAMOTORS,5m,2026-09-15T15:15:00+05:30,428.1000061035156,428.1000061035156,427.6000061035156,427.6000061035156,69034.0,yahoo
TATAMOTORS,5m,2026-09-15T15:20:00+05:30,427.54998779296875,428.29998779296875,426.75,427.1000061035156,103148.0,yahoo
TATAMOTORS,5m,2026-09-15T15:25:00+05:30,427.0,427.0,425.0,426.3999938964844,364318.0,yahoo
TATASTEEL,5m,2026-09-15T09:15:00+05:30,186.1300048828125,186.1300048828125,182.39999389648438,183.89999389648438,0.0,yahoo
TATASTEEL,5m,2026-09-15T09:20:00+05:30,183.99000549316406,184.92999267578125,183.5,184.66000366210938,1173115.0,yahoo
TATASTEEL,5m,2026-09-15T09:25:00+05:30,184.58999633789062,184.58999633789062,183.6300048828125,183.8000030517578,663016.0,yahoo
TATASTEEL,5m,2026-09-15T09:30:00+05:30,183.74000549316406,183.77999877929688,183.39999389648438,183.60000610351562,241713.0,yahoo
TATASTEEL,5m,2026-09-15T09:35:00+05:30,183.64999389648438,183.7100067138672,183.27999877929688,183.49000549316406,286562.0,yahoo
TATASTEEL,5m,2026-09-15T09:40:00+05:30,183.24000549316406,183.47999572753906,183.13999938964844,183.3300018310547,284570.0,yahoo
TATASTEEL,5m,2026-09-15T09:45:00+05:30,183.3300018310547,183.4499969482422,183.1300048828125,183.41000366210938,329688.0,yahoo
TATASTEEL,5m,2026-09-15T09:50:00+05:30,183.41000366210938,183.41000366210938,183.14999389648438,183.17999267578125,180919.0,yahoo
TATASTEEL,5m,2026-09-15T09:55:00+05:30,183.14999389648438,183.1999969482422,182.69000244140625,182.9600067138672,601733.0,yahoo
TATASTEEL,5m,2026-09-15T10:00:00+05:30,182.9600067138672,183.0,182.60000610351562,182.9600067138672,399721.0,yahoo
TATASTEEL,5m,2026-09-15T10:05:00+05:30,182.89999389648438,183.02000427246094,182.77999877929688,182.97999572753906,195047.0,yahoo
TATASTEEL,5m,2026-09-15T10:10:00+05:30,182.9499969482422,183.27000427246094,182.80999755859375,183.10000610351562,217764.0,yahoo
TATASTEEL,5m,2026-09-15T10:15:00+05:30,183.08999633789062,183.5,182.8800048828125,183.47999572753906,568771.0,yahoo
TATASTEEL,5m,2026-09-15T10:20:00+05:30,183.47999572753906,184.02000427246094,183.14999389648438,183.94000244140625,568860.0,yahoo
TATASTEEL,5m,2026-09-15T10:25:00+05:30,183.97999572753906,184.08999633789062,183.4199981689453,183.5500030517578,473308.0,yahoo
TATASTEEL,5m,2026-09-15T10:30:00+05:30,183.5500030517578,184.07000732421875,183.4199981689453,184.00999450683594,458222.0,yahoo
TATASTEEL,5m,2026-09-15T10:35:00+05:30,184.00999450683594,184.6999969482422,183.8000030517578,184.2899932861328,1083969.0,yahoo
TATASTEEL,5m,2026-09-15T10:40:00+05:30,184.3000030517578,184.5800018310547,184.10000610351562,184.10000610351562,836500.0,yahoo
TATASTEEL,5m,2026-09-15T10:45:00+05:30,184.05999755859375,184.10000610351562,183.9199981689453,183.9499969482422,510943.0,yahoo
TATASTEEL,5m,2026-09-15T10:50:00+05:30,183.9600067138672,184.25,183.9199981689453,184.14999389648438,432886.0,yahoo
TATASTEEL,5m,2026-09-15T10:55:00+05:30,184.14999389648438,184.1699981689453,184.0399932861328,184.13999938964844,232707.0,yahoo
TATASTEEL,5m,2026-09-15T11:00:00+05:30,184.13999938964844,184.36000061035156,184.08999633789062,184.3300018310547,140273.0,yahoo
TATASTEEL,5m,2026-09-15T11:05:00+05:30,184.33999633789062,184.33999633789062,184.16000366210938,184.25999450683594,125219.0,yahoo
TATASTEEL,5m,2026-09-15T11:10:00+05:30,184.25999450683594,184.35000610351562,184.11000061035156,184.27000427246094,166817.0,yahoo
TATASTEEL,5m,2026-09-15T11:15:00+05:30,184.27999877929688,184.32000732421875,183.80999755859375,183.9199981689453,261740.0,yahoo
TATASTEEL,5m,2026-09-15T11:20:00+05:30,183.9199981689453,184.02999877929688,183.74000549316406,183.9199981689453,202598.0,yahoo
TATASTEEL,5m,2026-09-15T11:25:00+05:30,183.9499969482422,184.08999633789062,183.8800048828125,184.05999755859375,152490.0,yahoo
TATASTEEL,5m,2026-09-15T11:30:00+05:30,184.0399932861328,184.0500030517578,183.7899932861328,183.9600067138672,766624.0,yahoo
TATASTEEL,5m,2026-09-15T11:35:00+05:30,183.9600067138672,183.9600067138672,183.75,183.80999755859375,138164.0,yahoo
TATASTEEL,5m,2026-09-15T11:40:00+05:30,183.80999755859375,183.80999755859375,183.61000061035156,183.77000427246094,436157.0,yahoo
TATASTEEL,5m,2026-09-15T11:45:00+05:30,183.77000427246094,183.77000427246094,183.58999633789062,183.63999938964844,364665.0,yahoo
TATASTEEL,5m,2026-09-15T11:50:00+05:30,183.6300048828125,183.8699951171875,183.60000610351562,183.77000427246094,747986.0,yahoo
TATASTEEL,5m,2026-09-15T11:55:00+05:30,183.77000427246094,183.77000427246094,183.3699951171875,183.41000366210938,181178.0,yahoo
TATASTEEL,5m,2026-09-15T12:00:00+05:30,183.4600067138672,183.5,183.19000244140625,183.44000244140625,938750.0,yahoo
TATASTEEL,5m,2026-09-15T12:05:00+05:30,183.44000244140625,183.4499969482422,183.0800018310547,183.2100067138672,429491.0,yahoo
TATASTEEL,5m,2026-09-15T12:10:00+05:30,183.17999267578125,183.39999389648438,183.17999267578125,183.1999969482422,549803.0,yahoo
TATASTEEL,5m,2026-09-15T12:15:00+05:30,183.1999969482422,183.36000061035156,183.0,183.08999633789062,195131.0,yahoo
TATASTEEL,5m,2026-09-15T12:20:00+05:30,183.08999633789062,183.16000366210938,182.6199951171875,182.6999969482422,625239.0,yahoo
TATASTEEL,5m,2026-09-15T12:25:00+05:30,182.6999969482422,182.6999969482422,182.5500030517578,182.64999389648438,121601.0,yahoo
TATASTEEL,5m,2026-09-15T12:30:00+05:30,182.66000366210938,182.75,182.5,182.75,429139.0,yahoo
TATASTEEL,5m,2026-09-15T12:35:00+05:30,182.72999572753906,183.1699981689453,182.72999572753906,183.00999450683594,270764.0,yahoo
TATASTEEL,5m,2026-09-15T12:40:00+05:30,183.00999450683594,183.0500030517578,182.8000030517578,182.80999755859375,112194.0,yahoo
TATASTEEL,5m,2026-09-15T12:45:00+05:30,182.77999877929688,183.5800018310547,182.74000549316406,183.47000122070312,528506.0,yahoo
TATASTEEL,5m,2026-09-15T12:50:00+05:30,183.42999267578125,184.1699981689453,183.39999389648438,183.4600067138672,1182702.0,yahoo
TATASTEEL,5m,2026-09-15T12:55:00+05:30,183.39999389648438,183.49000549316406,183.1999969482422,183.36000061035156,224940.0,yahoo
TATASTEEL,5m,2026-09-15T13:00:00+05:30,183.42999267578125,183.69000244140625,183.3800048828125,183.69000244140625,161953.0,yahoo
TATASTEEL,5m,2026-09-15T13:05:00+05:30,183.6199951171875,183.6699981689453,183.42999267578125,183.50999450683594,103468.0,yahoo
TATASTEEL,5m,2026-09-15T13:10:00+05:30,183.50999450683594,183.52000427246094,183.32000732421875,183.47000122070312,163257.0,yahoo
TATASTEEL,5m,2026-09-15T13:15:00+05:30,183.47000122070312,183.60000610351562,183.39999389648438,183.5800018310547,727623.0,yahoo
TATASTEEL,5m,2026-09-15T13:20:00+05:30,183.57000732421875,183.82000732421875,183.52000427246094,183.6699981689453,116673.0,yahoo
TATASTEEL,5m,2026-09-15T13:25:00+05:30,183.61000061035156,183.67999267578125,183.57000732421875,183.64999389648438,160731.0,yahoo
TATASTEEL,5m,2026-09-15T13:30:00+05:30,183.63999938964844,183.67999267578125,183.47000122070312,183.5800018310547,124165.0,yahoo
TATASTEEL,5m,2026-09-15T13:35:00+05:30,183.52999877929688,183.60000610351562,183.35000610351562,183.35000610351562,141392.0,yahoo
TATASTEEL,5m,2026-09-15T13:40:00+05:30,183.33999633789062,183.33999633789062,183.0800018310547,183.1999969482422,871292.0,yahoo
TATASTEEL,5m,2026-09-15T13:45:00+05:30,183.1999969482422,183.3300018310547,183.19000244140625,183.30999755859375,86772.0,yahoo
TATASTEEL,5m,2026-09-15T13:50:00+05:30,183.3300018310547,183.47000122070312,183.25999450683594,183.3000030517578,99891.0,yahoo
TATASTEEL,5m,2026-09-15T13:55:00+05:30,183.27000427246094,183.38999938964844,183.25999450683594,183.38999938964844,87263.0,yahoo
TATASTEEL,5m,2026-09-15T14:00:00+05:30,183.38999938964844,183.38999938964844,183.0,183.0,316304.0,yahoo
TATASTEEL,5m,2026-09-15T14:05:00+05:30,183.0,183.0,182.8800048828125,182.88999938964844,149581.0,yahoo
TATASTEEL,5m,2026-09-15T14:10:00+05:30,182.88999938964844,182.97999572753906,182.8300018310547,182.8800048828125,173342.0,yahoo
TATASTEEL,5m,2026-09-15T14:15:00+05:30,182.86000061035156,182.8699951171875,182.63999938964844,182.67999267578125,388243.0,yahoo
TATASTEEL,5m,2026-09-15T14:20:00+05:30,182.72999572753906,183.10000610351562,182.72999572753906,182.94000244140625,240883.0,yahoo
TATASTEEL,5m,2026-09-15T14:25:00+05:30,182.88999938964844,183.08999633789062,182.88999938964844,183.0500030517578,276672.0,yahoo
TATASTEEL,5m,2026-09-15T14:30:00+05:30,183.07000732421875,183.19000244140625,183.0,183.0,251235.0,yahoo
TATASTEEL,5m,2026-09-15T14:35:00+05:30,183.0399932861328,183.22999572753906,182.9499969482422,183.1999969482422,262776.0,yahoo
TATASTEEL,5m,2026-09-15T14:40:00+05:30,183.25,183.25,183.07000732421875,183.0800018310547,176505.0,yahoo
TATASTEEL,5m,2026-09-15T14:45:00+05:30,183.11000061035156,183.1199951171875,182.4199981689453,182.5,360772.0,yahoo
TATASTEEL,5m,2026-09-15T14:50:00+05:30,182.47999572753906,183.3800048828125,182.4499969482422,183.22999572753906,839565.0,yahoo
TATASTEEL,5m,2026-09-15T14:55:00+05:30,183.22999572753906,183.32000732421875,183.1999969482422,183.3000030517578,278275.0,yahoo
TATASTEEL,5m,2026-09-15T15:00:00+05:30,183.24000549316406,183.24000549316406,183.0399932861328,183.1199951171875,501893.0,yahoo
TATASTEEL,5m,2026-09-15T15:05:00+05:30,183.1199951171875,183.4499969482422,183.0500030517578,183.42999267578125,800707.0,yahoo
TATASTEEL,5m,2026-09-15T15:10:00+05:30,183.42999267578125,183.6199951171875,183.27000427246094,183.2899932861328,983980.0,yahoo
TATASTEEL,5m,2026-09-15T15:15:00+05:30,183.2899932861328,183.64999389648438,183.2899932861328,183.64999389648438,1218901.0,yahoo
TCS,5m,2026-09-15T09:15:00+05:30,2279.10009765625,2317.0,2272.800048828125,2317.0,0.0,yahoo
TCS,5m,2026-09-15T09:20:00+05:30,2316.89990234375,2319.300048828125,2308.10009765625,2311.199951171875,165343.0,yahoo
TCS,5m,2026-09-15T09:25:00+05:30,2311.60009765625,2321.39990234375,2310.199951171875,2314.699951171875,191797.0,yahoo
TCS,5m,2026-09-15T09:30:00+05:30,2316.10009765625,2321.199951171875,2311.0,2316.5,125024.0,yahoo
TCS,5m,2026-09-15T09:35:00+05:30,2317.0,2320.0,2311.0,2313.800048828125,98666.0,yahoo
TCS,5m,2026-09-15T09:40:00+05:30,2314.300048828125,2318.699951171875,2311.699951171875,2315.800048828125,68583.0,yahoo
TCS,5m,2026-09-15T09:45:00+05:30,2316.0,2316.699951171875,2304.39990234375,2304.39990234375,82313.0,yahoo
TCS,5m,2026-09-15T09:50:00+05:30,2305.5,2305.5,2292.0,2292.89990234375,104331.0,yahoo
TCS,5m,2026-09-15T09:55:00+05:30,2292.89990234375,2292.89990234375,2280.0,2286.0,131460.0,yahoo
TCS,5m,2026-09-15T10:00:00+05:30,2286.39990234375,2291.199951171875,2283.10009765625,2288.199951171875,175771.0,yahoo
TCS,5m,2026-09-15T10:05:00+05:30,2288.199951171875,2295.89990234375,2287.39990234375,2294.89990234375,179042.0,yahoo
TCS,5m,2026-09-15T10:10:00+05:30,2295.0,2297.89990234375,2293.0,2296.699951171875,180316.0,yahoo
TCS,5m,2026-09-15T10:15:00+05:30,2296.800048828125,2309.0,2296.800048828125,2308.800048828125,180452.0,yahoo
TCS,5m,2026-09-15T10:20:00+05:30,2309.199951171875,2311.0,2299.0,2300.800048828125,68196.0,yahoo
TCS,5m,2026-09-15T10:25:00+05:30,2300.800048828125,2304.800048828125,2296.800048828125,2298.300048828125,44337.0,yahoo
TCS,5m,2026-09-15T10:30:00+05:30,2298.199951171875,2302.89990234375,2297.0,2300.699951171875,37668.0,yahoo
TCS,5m,2026-09-15T10:35:00+05:30,2300.199951171875,2303.0,2298.39990234375,2299.39990234375,38439.0,yahoo
TCS,5m,2026-09-15T10:40:00+05:30,2299.5,2301.800048828125,2298.0,2301.199951171875,34706.0,yahoo
TCS,5m,2026-09-15T10:45:00+05:30,2301.199951171875,2302.699951171875,2300.0,2301.800048828125,26114.0,yahoo
TCS,5m,2026-09-15T10:50:00+05:30,2301.699951171875,2309.5,2301.699951171875,2305.60009765625,54769.0,yahoo
TCS,5m,2026-09-15T10:55:00+05:30,2305.60009765625,2318.0,2305.60009765625,2316.0,131756.0,yahoo
TCS,5m,2026-09-15T11:00:00+05:30,2316.0,2320.89990234375,2316.0,2320.89990234375,116618.0,yahoo
TCS,5m,2026-09-15T11:05:00+05:30,2322.39990234375,2322.800048828125,2312.0,2316.699951171875,102541.0,yahoo
TCS,5m,2026-09-15T11:10:00+05:30,2316.39990234375,2318.800048828125,2312.60009765625,2315.0,44014.0,yahoo
TCS,5m,2026-09-15T11:15:00+05:30,2315.0,2315.699951171875,2310.699951171875,2312.89990234375,39989.0,yahoo
TCS,5m,2026-09-15T11:20:00+05:30,2312.800048828125,2318.39990234375,2311.60009765625,2315.5,59099.0,yahoo
TCS,5m,2026-09-15T11:25:00+05:30,2315.5,2316.89990234375,2313.0,2313.800048828125,25888.0,yahoo
TCS,5m,2026-09-15T11:30:00+05:30,2314.0,2318.699951171875,2314.0,2315.39990234375,86366.0,yahoo
TCS,5m,2026-09-15T11:35:00+05:30,2315.39990234375,2320.800048828125,2314.199951171875,2319.60009765625,73199.0,yahoo
TCS,5m,2026-09-15T11:40:00+05:30,2319.60009765625,2320.199951171875,2314.0,2318.60009765625,97463.0,yahoo
TCS,5m,2026-09-15T11:45:00+05:30,2318.800048828125,2319.0,2314.10009765625,2315.800048828125,46323.0,yahoo
TCS,5m,2026-09-15T11:50:00+05:30,2315.5,2316.39990234375,2312.0,2312.199951171875,43680.0,yahoo
TCS,5m,2026-09-15T11:55:00+05:30,2312.89990234375,2312.89990234375,2310.0,2311.5,37202.0,yahoo
TCS,5m,2026-09-15T12:00:00+05:30,2311.89990234375,2312.699951171875,2307.5,2310.5,48621.0,yahoo
TCS,5m,2026-09-15T12:05:00+05:30,2311.199951171875,2312.300048828125,2306.300048828125,2306.300048828125,42751.0,yahoo
TCS,5m,2026-09-15T12:10:00+05:30,2306.800048828125,2310.39990234375,2306.0,2309.300048828125,37693.0,yahoo
TCS,5m,2026-09-15T12:15:00+05:30,2309.60009765625,2312.10009765625,2309.0,2309.89990234375,30871.0,yahoo
TCS,5m,2026-09-15T12:20:00+05:30,2310.0,2311.0,2309.0,2310.0,24827.0,yahoo
TCS,5m,2026-09-15T12:25:00+05:30,2309.699951171875,2310.0,2308.0,2308.60009765625,28530.0,yahoo
TCS,5m,2026-09-15T12:30:00+05:30,2308.60009765625,2308.699951171875,2305.0,2305.10009765625,37978.0,yahoo
TCS,5m,2026-09-15T12:35:00+05:30,2305.60009765625,2305.60009765625,2302.39990234375,2303.0,42891.0,yahoo
TCS,5m,2026-09-15T12:40:00+05:30,2303.10009765625,2304.89990234375,2302.5,2304.10009765625,55464.0,yahoo
TCS,5m,2026-09-15T12:45:00+05:30,2303.89990234375,2304.39990234375,2302.5,2303.89990234375,47114.0,yahoo
TCS,5m,2026-09-15T12:50:00+05:30,2303.60009765625,2304.39990234375,2300.0,2300.0,32422.0,yahoo
TCS,5m,2026-09-15T12:55:00+05:30,2300.5,2301.10009765625,2296.0,2296.10009765625,41004.0,yahoo
TCS,5m,2026-09-15T13:00:00+05:30,2296.39990234375,2297.699951171875,2294.800048828125,2297.39990234375,42046.0,yahoo
TCS,5m,2026-09-15T13:05:00+05:30,2296.89990234375,2297.699951171875,2294.199951171875,2295.60009765625,33639.0,yahoo
TCS,5m,2026-09-15T13:10:00+05:30,2295.300048828125,2296.10009765625,2288.0,2289.89990234375,63673.0,yahoo
TCS,5m,2026-09-15T13:15:00+05:30,2289.60009765625,2290.39990234375,2281.800048828125,2286.699951171875,74783.0,yahoo
TCS,5m,2026-09-15T13:20:00+05:30,2286.300048828125,2286.699951171875,2270.10009765625,2281.800048828125,146970.0,yahoo
TCS,5m,2026-09-15T13:25:00+05:30,2281.699951171875,2283.0,2277.39990234375,2280.39990234375,40785.0,yahoo
TCS,5m,2026-09-15T13:30:00+05:30,2280.0,2280.0,2277.0,2278.699951171875,33681.0,yahoo
TCS,5m,2026-09-15T13:35:00+05:30,2278.699951171875,2281.0,2278.10009765625,2279.10009765625,38418.0,yahoo
TCS,5m,2026-09-15T13:40:00+05:30,2278.5,2280.699951171875,2273.699951171875,2273.800048828125,47631.0,yahoo
TCS,5m,2026-09-15T13:45:00+05:30,2273.699951171875,2275.89990234375,2273.5,2275.300048828125,31451.0,yahoo
TCS,5m,2026-09-15T13:50:00+05:30,2274.800048828125,2277.0,2273.5,2274.39990234375,30416.0,yahoo
TCS,5m,2026-09-15T13:55:00+05:30,2274.39990234375,2276.5,2273.699951171875,2274.699951171875,20134.0,yahoo
TCS,5m,2026-09-15T14:00:00+05:30,2274.60009765625,2275.0,2271.199951171875,2272.60009765625,23640.0,yahoo
TCS,5m,2026-09-15T14:05:00+05:30,2272.89990234375,2279.5,2272.199951171875,2275.5,42700.0,yahoo
TCS,5m,2026-09-15T14:10:00+05:30,2275.60009765625,2276.39990234375,2271.60009765625,2271.699951171875,28643.0,yahoo
TCS,5m,2026-09-15T14:15:00+05:30,2271.699951171875,2272.0,2267.60009765625,2269.5,43034.0,yahoo
TCS,5m,2026-09-15T14:20:00+05:30,2269.89990234375,2274.39990234375,2268.0,2268.300048828125,35865.0,yahoo
TCS,5m,2026-09-15T14:25:00+05:30,2268.300048828125,2272.800048828125,2267.199951171875,2269.300048828125,68656.0,yahoo
TCS,5m,2026-09-15T14:30:00+05:30,2269.5,2271.39990234375,2268.0,2270.699951171875,28002.0,yahoo
TCS,5m,2026-09-15T14:35:00+05:30,2270.39990234375,2273.199951171875,2269.199951171875,2272.0,26536.0,yahoo
TCS,5m,2026-09-15T14:40:00+05:30,2272.10009765625,2272.89990234375,2270.0,2271.199951171875,23971.0,yahoo
TCS,5m,2026-09-15T14:45:00+05:30,2271.199951171875,2271.60009765625,2265.10009765625,2267.60009765625,40163.0,yahoo
TCS,5m,2026-09-15T14:50:00+05:30,2267.89990234375,2272.0,2267.199951171875,2267.89990234375,35475.0,yahoo
TCS,5m,2026-09-15T14:55:00+05:30,2269.0,2270.199951171875,2266.0,2266.60009765625,32351.0,yahoo
TCS,5m,2026-09-15T15:00:00+05:30,2266.5,2267.699951171875,2264.300048828125,2265.699951171875,39839.0,yahoo
TCS,5m,2026-09-15T15:05:00+05:30,2265.89990234375,2266.800048828125,2262.89990234375,2264.39990234375,61785.0,yahoo
TCS,5m,2026-09-15T15:10:00+05:30,2264.39990234375,2267.800048828125,2260.5,2263.800048828125,127266.0,yahoo
TCS,5m,2026-09-15T15:15:00+05:30,2262.199951171875,2262.199951171875,2251.0,2251.0,200809.0,yahoo
TECHM,5m,2026-09-15T09:15:00+05:30,1595.699951171875,1630.800048828125,1595.699951171875,1629.199951171875,0.0,yahoo
TECHM,5m,2026-09-15T09:20:00+05:30,1629.4000244140625,1632.5,1620.0999755859375,1621.300048828125,162130.0,yahoo
TECHM,5m,2026-09-15T09:25:00+05:30,1621.800048828125,1627.699951171875,1618.0999755859375,1622.199951171875,100648.0,yahoo
TECHM,5m,2026-09-15T09:30:00+05:30,1622.199951171875,1624.9000244140625,1618.800048828125,1621.0999755859375,46074.0,yahoo
TECHM,5m,2026-09-15T09:35:00+05:30,1620.0999755859375,1628.9000244140625,1618.5999755859375,1627.0,103632.0,yahoo
TECHM,5m,2026-09-15T09:40:00+05:30,1627.199951171875,1628.0,1621.0,1621.5,43777.0,yahoo
TECHM,5m,2026-09-15T09:45:00+05:30,1621.0,1621.9000244140625,1613.5,1614.199951171875,60306.0,yahoo
TECHM,5m,2026-09-15T09:50:00+05:30,1614.5999755859375,1614.5999755859375,1608.800048828125,1610.0,38392.0,yahoo
TECHM,5m,2026-09-15T09:55:00+05:30,1610.0,1610.5999755859375,1603.300048828125,1606.5,37738.0,yahoo
TECHM,5m,2026-09-15T10:00:00+05:30,1606.0999755859375,1611.0,1603.300048828125,1608.300048828125,31750.0,yahoo
TECHM,5m,2026-09-15T10:05:00+05:30,1609.0999755859375,1614.5,1608.4000244140625,1612.5999755859375,34465.0,yahoo
TECHM,5m,2026-09-15T10:10:00+05:30,1613.5,1616.9000244140625,1612.0999755859375,1616.199951171875,27417.0,yahoo
TECHM,5m,2026-09-15T10:15:00+05:30,1616.9000244140625,1620.0,1615.9000244140625,1618.0999755859375,25655.0,yahoo
TECHM,5m,2026-09-15T10:20:00+05:30,1618.5,1621.0999755859375,1614.5999755859375,1616.0,31109.0,yahoo
TECHM,5m,2026-09-15T10:25:00+05:30,1616.0999755859375,1618.5,1615.0999755859375,1616.199951171875,13848.0,yahoo
TECHM,5m,2026-09-15T10:30:00+05:30,1616.4000244140625,1619.199951171875,1615.699951171875,1617.9000244140625,17004.0,yahoo
TECHM,5m,2026-09-15T10:35:00+05:30,1618.0,1619.0,1616.0999755859375,1616.4000244140625,18160.0,yahoo
TECHM,5m,2026-09-15T10:40:00+05:30,1616.9000244140625,1618.0,1615.300048828125,1616.0,15061.0,yahoo
TECHM,5m,2026-09-15T10:45:00+05:30,1615.9000244140625,1616.9000244140625,1614.699951171875,1616.0999755859375,16254.0,yahoo
TECHM,5m,2026-09-15T10:50:00+05:30,1616.199951171875,1621.0999755859375,1613.699951171875,1613.800048828125,33138.0,yahoo
TECHM,5m,2026-09-15T10:55:00+05:30,1613.9000244140625,1617.800048828125,1613.800048828125,1617.699951171875,15040.0,yahoo
TECHM,5m,2026-09-15T11:00:00+05:30,1617.800048828125,1617.9000244140625,1615.199951171875,1617.5,12042.0,yahoo
TECHM,5m,2026-09-15T11:05:00+05:30,1618.5999755859375,1621.4000244140625,1616.0,1617.4000244140625,23182.0,yahoo
TECHM,5m,2026-09-15T11:10:00+05:30,1617.0,1618.0999755859375,1615.0,1616.0999755859375,17338.0,yahoo
TECHM,5m,2026-09-15T11:15:00+05:30,1616.0999755859375,1616.300048828125,1613.199951171875,1613.5,21573.0,yahoo
TECHM,5m,2026-09-15T11:20:00+05:30,1614.0,1615.4000244140625,1613.5,1613.5,13701.0,yahoo
TECHM,5m,2026-09-15T11:25:00+05:30,1613.4000244140625,1614.5999755859375,1612.300048828125,1612.300048828125,17988.0,yahoo
TECHM,5m,2026-09-15T11:30:00+05:30,1612.199951171875,1614.4000244140625,1611.4000244140625,1611.699951171875,17124.0,yahoo
TECHM,5m,2026-09-15T11:35:00+05:30,1611.699951171875,1615.0,1610.9000244140625,1613.0999755859375,15389.0,yahoo
TECHM,5m,2026-09-15T11:40:00+05:30,1613.5999755859375,1613.5999755859375,1606.0,1606.4000244140625,53675.0,yahoo
TECHM,5m,2026-09-15T11:45:00+05:30,1606.9000244140625,1608.0,1605.800048828125,1605.800048828125,51846.0,yahoo
TECHM,5m,2026-09-15T11:50:00+05:30,1606.300048828125,1607.300048828125,1603.4000244140625,1604.199951171875,22800.0,yahoo
TECHM,5m,2026-09-15T11:55:00+05:30,1604.199951171875,1604.199951171875,1602.199951171875,1603.199951171875,51467.0,yahoo
TECHM,5m,2026-09-15T12:00:00+05:30,1603.0,1603.300048828125,1600.5,1601.4000244140625,25149.0,yahoo
TECHM,5m,2026-09-15T12:05:00+05:30,1601.699951171875,1603.5999755859375,1600.0999755859375,1600.699951171875,25432.0,yahoo
TECHM,5m,2026-09-15T12:10:00+05:30,1600.699951171875,1601.5,1600.0,1600.300048828125,11580.0,yahoo
TECHM,5m,2026-09-15T12:15:00+05:30,1600.300048828125,1604.4000244140625,1600.300048828125,1601.0,27086.0,yahoo
TECHM,5m,2026-09-15T12:20:00+05:30,1602.0999755859375,1602.0999755859375,1599.4000244140625,1600.699951171875,38612.0,yahoo
TECHM,5m,2026-09-15T12:25:00+05:30,1600.699951171875,1601.0999755859375,1599.5,1599.5,9361.0,yahoo
TECHM,5m,2026-09-15T12:30:00+05:30,1599.5,1599.5,1594.9000244140625,1594.9000244140625,24400.0,yahoo
TECHM,5m,2026-09-15T12:35:00+05:30,1595.0,1595.0,1592.9000244140625,1593.0999755859375,12990.0,yahoo
TECHM,5m,2026-09-15T12:40:00+05:30,1593.5999755859375,1598.699951171875,1592.0999755859375,1598.4000244140625,78121.0,yahoo
TECHM,5m,2026-09-15T12:45:00+05:30,1598.0,1598.5,1595.4000244140625,1595.4000244140625,23083.0,yahoo
TECHM,5m,2026-09-15T12:50:00+05:30,1595.199951171875,1596.4000244140625,1593.5999755859375,1594.0,10662.0,yahoo
TECHM,5m,2026-09-15T12:55:00+05:30,1593.699951171875,1595.0,1592.9000244140625,1593.199951171875,15401.0,yahoo
TECHM,5m,2026-09-15T13:00:00+05:30,1593.0,1593.9000244140625,1589.9000244140625,1590.800048828125,58580.0,yahoo
TECHM,5m,2026-09-15T13:05:00+05:30,1590.800048828125,1591.300048828125,1588.0,1588.0999755859375,19792.0,yahoo
TECHM,5m,2026-09-15T13:10:00+05:30,1588.4000244140625,1588.5,1585.800048828125,1587.300048828125,16782.0,yahoo
TECHM,5m,2026-09-15T13:15:00+05:30,1587.0,1588.0,1585.5999755859375,1587.800048828125,13144.0,yahoo
TECHM,5m,2026-09-15T13:20:00+05:30,1587.5,1588.0,1583.699951171875,1584.4000244140625,13890.0,yahoo
TECHM,5m,2026-09-15T13:25:00+05:30,1584.4000244140625,1586.0999755859375,1584.199951171875,1585.0,10406.0,yahoo
TECHM,5m,2026-09-15T13:30:00+05:30,1585.0,1585.0,1583.199951171875,1584.0999755859375,14356.0,yahoo
TECHM,5m,2026-09-15T13:35:00+05:30,1584.0999755859375,1584.5,1582.9000244140625,1583.5,13864.0,yahoo
TECHM,5m,2026-09-15T13:40:00+05:30,1583.0999755859375,1584.4000244140625,1582.4000244140625,1582.800048828125,14479.0,yahoo
TECHM,5m,2026-09-15T13:45:00+05:30,1582.800048828125,1583.9000244140625,1582.4000244140625,1582.9000244140625,10103.0,yahoo
TECHM,5m,2026-09-15T13:50:00+05:30,1582.9000244140625,1583.5999755859375,1581.199951171875,1581.5,10736.0,yahoo
TECHM,5m,2026-09-15T13:55:00+05:30,1581.5,1583.199951171875,1581.5,1582.800048828125,10027.0,yahoo
TECHM,5m,2026-09-15T14:00:00+05:30,1583.300048828125,1583.5,1581.5999755859375,1581.5999755859375,9813.0,yahoo
TECHM,5m,2026-09-15T14:05:00+05:30,1581.5999755859375,1584.0,1581.5999755859375,1582.800048828125,9148.0,yahoo
TECHM,5m,2026-09-15T14:10:00+05:30,1582.800048828125,1583.300048828125,1581.0,1581.5999755859375,15301.0,yahoo
TECHM,5m,2026-09-15T14:15:00+05:30,1581.5999755859375,1582.5999755859375,1580.0,1581.5,18160.0,yahoo
TECHM,5m,2026-09-15T14:20:00+05:30,1580.5,1583.0999755859375,1580.5,1581.9000244140625,12118.0,yahoo
TECHM,5m,2026-09-15T14:25:00+05:30,1581.199951171875,1582.800048828125,1579.5,1580.699951171875,30964.0,yahoo
TECHM,5m,2026-09-15T14:30:00+05:30,1581.5999755859375,1583.199951171875,1580.800048828125,1582.800048828125,10453.0,yahoo
TECHM,5m,2026-09-15T14:35:00+05:30,1582.800048828125,1584.800048828125,1581.800048828125,1583.5,12078.0,yahoo
TECHM,5m,2026-09-15T14:40:00+05:30,1583.5,1584.0,1582.5,1583.800048828125,14103.0,yahoo
TECHM,5m,2026-09-15T14:45:00+05:30,1583.800048828125,1584.0,1580.4000244140625,1581.800048828125,20245.0,yahoo
TECHM,5m,2026-09-15T14:50:00+05:30,1581.5,1583.4000244140625,1581.0,1581.0,16874.0,yahoo
TECHM,5m,2026-09-15T14:55:00+05:30,1581.699951171875,1582.9000244140625,1581.5,1581.5999755859375,21459.0,yahoo
TECHM,5m,2026-09-15T15:00:00+05:30,1581.300048828125,1582.0999755859375,1578.5,1579.699951171875,35654.0,yahoo
TECHM,5m,2026-09-15T15:05:00+05:30,1579.5999755859375,1579.5999755859375,1577.5,1579.0999755859375,38583.0,yahoo
TECHM,5m,2026-09-15T15:10:00+05:30,1578.5,1580.0,1575.9000244140625,1575.9000244140625,145818.0,yahoo
TITAN,5m,2026-09-15T09:15:00+05:30,5000.5,5000.5,4948.5,4956.0,0.0,yahoo
TITAN,5m,2026-09-15T09:20:00+05:30,4955.5,4965.0,4940.5,4944.0,19356.0,yahoo
TITAN,5m,2026-09-15T09:25:00+05:30,4944.0,4945.0,4929.5,4932.5,13252.0,yahoo
TITAN,5m,2026-09-15T09:30:00+05:30,4933.5,4945.0,4931.0,4944.5,6735.0,yahoo
TITAN,5m,2026-09-15T09:35:00+05:30,4944.5,4952.0,4942.5,4944.5,10377.0,yahoo
TITAN,5m,2026-09-15T09:40:00+05:30,4944.5,4960.0,4944.0,4952.0,14748.0,yahoo
TITAN,5m,2026-09-15T09:45:00+05:30,4952.5,4953.5,4946.5,4950.0,6274.0,yahoo
TITAN,5m,2026-09-15T09:50:00+05:30,4949.5,4952.0,4946.0,4946.5,6254.0,yahoo
TITAN,5m,2026-09-15T09:55:00+05:30,4945.5,4949.0,4941.5,4948.0,4125.0,yahoo
TITAN,5m,2026-09-15T10:00:00+05:30,4945.5,4945.5,4940.5,4942.5,5092.0,yahoo
TITAN,5m,2026-09-15T10:05:00+05:30,4942.5,4943.0,4931.0,4933.0,21538.0,yahoo
TITAN,5m,2026-09-15T10:10:00+05:30,4933.0,4933.0,4917.0,4920.0,8864.0,yahoo
TITAN,5m,2026-09-15T10:15:00+05:30,4920.0,4924.5,4916.0,4923.0,3472.0,yahoo
TITAN,5m,2026-09-15T10:20:00+05:30,4924.0,4924.5,4920.5,4924.0,4325.0,yahoo
TITAN,5m,2026-09-15T10:25:00+05:30,4924.0,4925.0,4916.5,4916.5,4496.0,yahoo
TITAN,5m,2026-09-15T10:30:00+05:30,4917.0,4920.0,4914.0,4919.0,6938.0,yahoo
TITAN,5m,2026-09-15T10:35:00+05:30,4920.5,4921.0,4918.5,4921.0,2411.0,yahoo
TITAN,5m,2026-09-15T10:40:00+05:30,4921.0,4921.5,4912.5,4916.0,3276.0,yahoo
TITAN,5m,2026-09-15T10:45:00+05:30,4916.0,4916.0,4912.0,4914.5,3755.0,yahoo
TITAN,5m,2026-09-15T10:50:00+05:30,4914.5,4916.5,4912.0,4912.5,2552.0,yahoo
TITAN,5m,2026-09-15T10:55:00+05:30,4912.0,4912.0,4908.0,4909.0,3331.0,yahoo
TITAN,5m,2026-09-15T11:00:00+05:30,4909.0,4914.0,4906.5,4908.0,5448.0,yahoo
TITAN,5m,2026-09-15T11:05:00+05:30,4908.0,4912.0,4898.5,4899.0,12629.0,yahoo
TITAN,5m,2026-09-15T11:10:00+05:30,4899.0,4900.0,4889.0,4893.0,5373.0,yahoo
TITAN,5m,2026-09-15T11:15:00+05:30,4893.0,4899.0,4892.0,4892.5,3569.0,yahoo
TITAN,5m,2026-09-15T11:20:00+05:30,4892.5,4899.0,4892.0,4898.5,2504.0,yahoo
TITAN,5m,2026-09-15T11:25:00+05:30,4899.0,4899.0,4893.0,4895.0,2898.0,yahoo
TITAN,5m,2026-09-15T11:30:00+05:30,4895.0,4900.0,4894.0,4895.5,2847.0,yahoo
TITAN,5m,2026-09-15T11:35:00+05:30,4896.0,4898.5,4892.5,4895.5,4465.0,yahoo
TITAN,5m,2026-09-15T11:40:00+05:30,4896.0,4898.0,4894.5,4896.5,2975.0,yahoo
TITAN,5m,2026-09-15T11:45:00+05:30,4896.5,4899.5,4895.0,4895.5,3404.0,yahoo
TITAN,5m,2026-09-15T11:50:00+05:30,4894.5,4897.0,4889.0,4890.0,4501.0,yahoo
TITAN,5m,2026-09-15T11:55:00+05:30,4891.5,4900.0,4890.0,4897.5,4415.0,yahoo
TITAN,5m,2026-09-15T12:00:00+05:30,4896.5,4899.5,4894.0,4895.5,4627.0,yahoo
TITAN,5m,2026-09-15T12:05:00+05:30,4895.5,4900.0,4890.0,4890.0,4771.0,yahoo
TITAN,5m,2026-09-15T12:10:00+05:30,4888.5,4890.5,4885.5,4886.0,5956.0,yahoo
TITAN,5m,2026-09-15T12:15:00+05:30,4886.0,4897.5,4886.0,4894.5,8773.0,yahoo
TITAN,5m,2026-09-15T12:20:00+05:30,4894.0,4897.5,4894.0,4896.0,2622.0,yahoo
TITAN,5m,2026-09-15T12:25:00+05:30,4896.0,4900.0,4895.5,4900.0,2713.0,yahoo
TITAN,5m,2026-09-15T12:30:00+05:30,4900.0,4900.0,4897.0,4899.0,3854.0,yahoo
TITAN,5m,2026-09-15T12:35:00+05:30,4898.0,4900.0,4896.5,4898.0,3059.0,yahoo
TITAN,5m,2026-09-15T12:40:00+05:30,4898.0,4900.0,4891.5,4891.5,3644.0,yahoo
TITAN,5m,2026-09-15T12:45:00+05:30,4891.0,4895.5,4889.0,4895.5,3179.0,yahoo
TITAN,5m,2026-09-15T12:50:00+05:30,4894.0,4897.0,4893.5,4896.5,3185.0,yahoo
TITAN,5m,2026-09-15T12:55:00+05:30,4896.5,4896.5,4891.0,4891.5,2357.0,yahoo
TITAN,5m,2026-09-15T13:00:00+05:30,4892.0,4894.5,4891.0,4893.0,2843.0,yahoo
TITAN,5m,2026-09-15T13:05:00+05:30,4893.5,4896.5,4892.5,4894.0,2662.0,yahoo
TITAN,5m,2026-09-15T13:10:00+05:30,4894.0,4896.0,4891.5,4891.5,3621.0,yahoo
TITAN,5m,2026-09-15T13:15:00+05:30,4891.0,4893.0,4888.0,4891.0,2970.0,yahoo
TITAN,5m,2026-09-15T13:20:00+05:30,4891.0,4894.0,4888.0,4893.0,5891.0,yahoo
TITAN,5m,2026-09-15T13:25:00+05:30,4893.0,4893.0,4888.0,4888.0,2425.0,yahoo
TITAN,5m,2026-09-15T13:30:00+05:30,4889.0,4891.0,4887.5,4891.0,2936.0,yahoo
TITAN,5m,2026-09-15T13:35:00+05:30,4892.5,4894.0,4888.5,4888.5,5962.0,yahoo
TITAN,5m,2026-09-15T13:40:00+05:30,4889.0,4890.0,4887.0,4887.5,4315.0,yahoo
TITAN,5m,2026-09-15T13:45:00+05:30,4889.0,4889.5,4887.5,4888.5,2236.0,yahoo
TITAN,5m,2026-09-15T13:50:00+05:30,4889.5,4892.0,4888.0,4889.0,4689.0,yahoo
TITAN,5m,2026-09-15T13:55:00+05:30,4890.5,4892.5,4888.5,4889.0,3387.0,yahoo
TITAN,5m,2026-09-15T14:00:00+05:30,4891.0,4899.5,4889.0,4899.0,4450.0,yahoo
TITAN,5m,2026-09-15T14:05:00+05:30,4899.0,4900.0,4895.0,4896.0,4446.0,yahoo
TITAN,5m,2026-09-15T14:10:00+05:30,4897.0,4897.0,4892.5,4895.5,4871.0,yahoo
TITAN,5m,2026-09-15T14:15:00+05:30,4895.0,4895.5,4890.5,4892.5,7481.0,yahoo
TITAN,5m,2026-09-15T14:20:00+05:30,4890.5,4893.5,4890.5,4891.5,5305.0,yahoo
TITAN,5m,2026-09-15T14:25:00+05:30,4891.0,4893.0,4888.5,4890.5,8129.0,yahoo
TITAN,5m,2026-09-15T14:30:00+05:30,4890.0,4895.0,4890.0,4892.5,6192.0,yahoo
TITAN,5m,2026-09-15T14:35:00+05:30,4895.0,4897.0,4892.5,4895.0,4469.0,yahoo
TITAN,5m,2026-09-15T14:40:00+05:30,4895.0,4898.5,4895.0,4898.0,4872.0,yahoo
TITAN,5m,2026-09-15T14:45:00+05:30,4896.0,4898.0,4886.5,4888.0,16648.0,yahoo
TITAN,5m,2026-09-15T14:50:00+05:30,4887.5,4893.5,4887.5,4888.5,6100.0,yahoo
TITAN,5m,2026-09-15T14:55:00+05:30,4889.0,4894.0,4884.5,4886.0,11338.0,yahoo
TITAN,5m,2026-09-15T15:00:00+05:30,4888.5,4889.5,4878.5,4878.5,16030.0,yahoo
TITAN,5m,2026-09-15T15:05:00+05:30,4880.0,4885.0,4879.0,4884.5,12059.0,yahoo
TITAN,5m,2026-09-15T15:10:00+05:30,4885.0,4887.0,4878.5,4885.0,19071.0,yahoo
TITAN,5m,2026-09-15T15:15:00+05:30,4880.0,4880.0,4856.0,4856.0,39818.0,yahoo
TRENT,5m,2026-09-15T09:15:00+05:30,2812.5,2814.10009765625,2796.5,2802.0,0.0,yahoo
TRENT,5m,2026-09-15T09:20:00+05:30,2801.60009765625,2807.60009765625,2801.60009765625,2806.800048828125,9618.0,yahoo
TRENT,5m,2026-09-15T09:25:00+05:30,2805.60009765625,2812.39990234375,2803.300048828125,2808.89990234375,9934.0,yahoo
TRENT,5m,2026-09-15T09:30:00+05:30,2807.0,2808.199951171875,2804.0,2806.300048828125,6859.0,yahoo
TRENT,5m,2026-09-15T09:35:00+05:30,2805.39990234375,2808.5,2802.0,2803.300048828125,4388.0,yahoo
TRENT,5m,2026-09-15T09:40:00+05:30,2804.39990234375,2809.89990234375,2804.39990234375,2806.60009765625,4729.0,yahoo
TRENT,5m,2026-09-15T09:45:00+05:30,2806.39990234375,2806.39990234375,2796.39990234375,2796.60009765625,5676.0,yahoo
TRENT,5m,2026-09-15T09:50:00+05:30,2796.60009765625,2798.60009765625,2793.89990234375,2794.0,4119.0,yahoo
TRENT,5m,2026-09-15T09:55:00+05:30,2794.800048828125,2797.0,2790.60009765625,2796.39990234375,5119.0,yahoo
TRENT,5m,2026-09-15T10:00:00+05:30,2796.5,2796.5,2792.699951171875,2794.39990234375,5606.0,yahoo
TRENT,5m,2026-09-15T10:05:00+05:30,2793.5,2795.89990234375,2790.10009765625,2791.0,6644.0,yahoo
TRENT,5m,2026-09-15T10:10:00+05:30,2791.0,2796.89990234375,2790.39990234375,2795.0,3956.0,yahoo
TRENT,5m,2026-09-15T10:15:00+05:30,2794.800048828125,2796.0,2791.5,2794.0,3051.0,yahoo
TRENT,5m,2026-09-15T10:20:00+05:30,2795.10009765625,2798.60009765625,2795.0,2795.800048828125,1370.0,yahoo
TRENT,5m,2026-09-15T10:25:00+05:30,2795.199951171875,2795.800048828125,2789.60009765625,2789.60009765625,10718.0,yahoo
TRENT,5m,2026-09-15T10:30:00+05:30,2789.60009765625,2792.60009765625,2786.39990234375,2787.699951171875,5572.0,yahoo
TRENT,5m,2026-09-15T10:35:00+05:30,2787.699951171875,2788.0,2785.0,2785.699951171875,3849.0,yahoo
TRENT,5m,2026-09-15T10:40:00+05:30,2785.699951171875,2785.699951171875,2780.5,2782.0,2120.0,yahoo
TRENT,5m,2026-09-15T10:45:00+05:30,2781.89990234375,2782.199951171875,2780.0,2780.0,2644.0,yahoo
TRENT,5m,2026-09-15T10:50:00+05:30,2780.0,2781.199951171875,2775.5,2775.5,2977.0,yahoo
TRENT,5m,2026-09-15T10:55:00+05:30,2776.10009765625,2776.10009765625,2771.300048828125,2773.39990234375,6869.0,yahoo
TRENT,5m,2026-09-15T11:00:00+05:30,2772.699951171875,2777.10009765625,2771.10009765625,2777.10009765625,4370.0,yahoo
TRENT,5m,2026-09-15T11:05:00+05:30,2777.0,2777.0,2771.0,2773.699951171875,2777.0,yahoo
TRENT,5m,2026-09-15T11:10:00+05:30,2774.800048828125,2780.89990234375,2773.800048828125,2779.199951171875,6685.0,yahoo
TRENT,5m,2026-09-15T11:15:00+05:30,2777.699951171875,2780.10009765625,2771.89990234375,2771.89990234375,2362.0,yahoo
TRENT,5m,2026-09-15T11:20:00+05:30,2771.89990234375,2777.0,2771.0,2775.5,1873.0,yahoo
TRENT,5m,2026-09-15T11:25:00+05:30,2775.5,2778.5,2769.300048828125,2778.5,6187.0,yahoo
TRENT,5m,2026-09-15T11:30:00+05:30,2779.10009765625,2779.39990234375,2775.5,2779.300048828125,2056.0,yahoo
TRENT,5m,2026-09-15T11:35:00+05:30,2779.0,2787.10009765625,2778.800048828125,2786.800048828125,10918.0,yahoo
TRENT,5m,2026-09-15T11:40:00+05:30,2787.800048828125,2787.800048828125,2783.0,2787.10009765625,2718.0,yahoo
TRENT,5m,2026-09-15T11:45:00+05:30,2786.89990234375,2787.5,2782.10009765625,2782.10009765625,1880.0,yahoo
TRENT,5m,2026-09-15T11:50:00+05:30,2782.10009765625,2786.39990234375,2781.0,2783.39990234375,7917.0,yahoo
TRENT,5m,2026-09-15T11:55:00+05:30,2783.60009765625,2784.699951171875,2780.5,2784.699951171875,1441.0,yahoo
TRENT,5m,2026-09-15T12:00:00+05:30,2784.89990234375,2788.0,2784.10009765625,2786.199951171875,1913.0,yahoo
TRENT,5m,2026-09-15T12:05:00+05:30,2788.10009765625,2790.300048828125,2786.300048828125,2787.5,23021.0,yahoo
TRENT,5m,2026-09-15T12:10:00+05:30,2787.5,2789.0,2784.60009765625,2786.0,9080.0,yahoo
TRENT,5m,2026-09-15T12:15:00+05:30,2785.0,2787.300048828125,2780.800048828125,2784.300048828125,2126.0,yahoo
TRENT,5m,2026-09-15T12:20:00+05:30,2785.199951171875,2788.5,2785.0,2787.5,6040.0,yahoo
TRENT,5m,2026-09-15T12:25:00+05:30,2788.39990234375,2789.5,2787.5,2789.0,10045.0,yahoo
TRENT,5m,2026-09-15T12:30:00+05:30,2788.60009765625,2789.39990234375,2784.60009765625,2784.60009765625,21093.0,yahoo
TRENT,5m,2026-09-15T12:35:00+05:30,2784.60009765625,2785.800048828125,2780.199951171875,2780.39990234375,4185.0,yahoo
TRENT,5m,2026-09-15T12:40:00+05:30,2780.199951171875,2781.0,2775.89990234375,2776.699951171875,1911.0,yahoo
TRENT,5m,2026-09-15T12:45:00+05:30,2776.699951171875,2783.89990234375,2776.10009765625,2781.89990234375,6081.0,yahoo
TRENT,5m,2026-09-15T12:50:00+05:30,2781.89990234375,2783.699951171875,2780.0,2780.39990234375,7279.0,yahoo
TRENT,5m,2026-09-15T12:55:00+05:30,2783.10009765625,2783.39990234375,2776.699951171875,2777.0,8886.0,yahoo
TRENT,5m,2026-09-15T13:00:00+05:30,2777.199951171875,2778.699951171875,2775.89990234375,2777.699951171875,3207.0,yahoo
TRENT,5m,2026-09-15T13:05:00+05:30,2777.699951171875,2779.39990234375,2776.199951171875,2778.0,2614.0,yahoo
TRENT,5m,2026-09-15T13:10:00+05:30,2776.800048828125,2779.300048828125,2774.0,2774.60009765625,2407.0,yahoo
TRENT,5m,2026-09-15T13:15:00+05:30,2774.0,2775.5,2772.10009765625,2773.800048828125,1494.0,yahoo
TRENT,5m,2026-09-15T13:20:00+05:30,2773.10009765625,2774.60009765625,2770.5,2771.39990234375,1926.0,yahoo
TRENT,5m,2026-09-15T13:25:00+05:30,2771.39990234375,2773.699951171875,2770.39990234375,2770.800048828125,2855.0,yahoo
TRENT,5m,2026-09-15T13:30:00+05:30,2770.800048828125,2771.5,2767.699951171875,2769.5,2952.0,yahoo
TRENT,5m,2026-09-15T13:35:00+05:30,2769.60009765625,2772.0,2768.699951171875,2768.699951171875,2546.0,yahoo
TRENT,5m,2026-09-15T13:40:00+05:30,2768.699951171875,2768.699951171875,2764.5,2767.300048828125,4890.0,yahoo
TRENT,5m,2026-09-15T13:45:00+05:30,2766.300048828125,2769.0,2766.199951171875,2767.199951171875,1949.0,yahoo
TRENT,5m,2026-09-15T13:50:00+05:30,2766.5,2772.0,2766.5,2769.89990234375,8324.0,yahoo
TRENT,5m,2026-09-15T13:55:00+05:30,2769.300048828125,2771.0,2767.39990234375,2771.0,2053.0,yahoo
TRENT,5m,2026-09-15T14:00:00+05:30,2769.5,2770.89990234375,2768.5,2769.800048828125,1351.0,yahoo
TRENT,5m,2026-09-15T14:05:00+05:30,2770.699951171875,2772.699951171875,2769.60009765625,2769.89990234375,1275.0,yahoo
TRENT,5m,2026-09-15T14:10:00+05:30,2770.0,2770.699951171875,2765.0,2765.39990234375,6015.0,yahoo
TRENT,5m,2026-09-15T14:15:00+05:30,2765.10009765625,2765.5,2761.39990234375,2762.300048828125,6506.0,yahoo
TRENT,5m,2026-09-15T14:20:00+05:30,2761.89990234375,2764.10009765625,2761.699951171875,2762.800048828125,5214.0,yahoo
TRENT,5m,2026-09-15T14:25:00+05:30,2761.800048828125,2763.199951171875,2756.0,2757.39990234375,9947.0,yahoo
TRENT,5m,2026-09-15T14:30:00+05:30,2757.10009765625,2759.699951171875,2755.0,2755.0,6156.0,yahoo
TRENT,5m,2026-09-15T14:35:00+05:30,2756.89990234375,2761.10009765625,2755.89990234375,2759.699951171875,3800.0,yahoo
TRENT,5m,2026-09-15T14:40:00+05:30,2758.39990234375,2760.39990234375,2756.60009765625,2758.39990234375,4818.0,yahoo
TRENT,5m,2026-09-15T14:45:00+05:30,2757.0,2758.300048828125,2746.89990234375,2749.89990234375,10563.0,yahoo
TRENT,5m,2026-09-15T14:50:00+05:30,2749.89990234375,2753.300048828125,2746.800048828125,2747.699951171875,12421.0,yahoo
TRENT,5m,2026-09-15T14:55:00+05:30,2747.699951171875,2750.300048828125,2747.199951171875,2748.5,5361.0,yahoo
TRENT,5m,2026-09-15T15:00:00+05:30,2748.0,2752.89990234375,2746.5,2752.89990234375,10354.0,yahoo
TRENT,5m,2026-09-15T15:05:00+05:30,2755.60009765625,2756.89990234375,2740.89990234375,2740.89990234375,36398.0,yahoo
TRENT,5m,2026-09-15T15:10:00+05:30,2741.60009765625,2747.0,2736.89990234375,2742.800048828125,24231.0,yahoo
TRENT,5m,2026-09-15T15:15:00+05:30,2731.5,2731.5,2730.0,2730.0,31387.0,yahoo
ULTRACEMCO,5m,2026-09-15T09:15:00+05:30,11007.0,11007.0,10896.0,10896.0,0.0,yahoo
ULTRACEMCO,5m,2026-09-15T09:20:00+05:30,10906.0,10918.0,10900.0,10910.0,3545.0,yahoo
ULTRACEMCO,5m,2026-09-15T09:25:00+05:30,10906.0,10916.0,10886.0,10893.0,2075.0,yahoo
ULTRACEMCO,5m,2026-09-15T09:30:00+05:30,10897.0,10902.0,10887.0,10902.0,1738.0,yahoo
ULTRACEMCO,5m,2026-09-15T09:35:00+05:30,10902.0,10910.0,10881.0,10888.0,1955.0,yahoo
ULTRACEMCO,5m,2026-09-15T09:40:00+05:30,10889.0,10902.0,10885.0,10886.0,1894.0,yahoo
ULTRACEMCO,5m,2026-09-15T09:45:00+05:30,10885.0,10885.0,10866.0,10876.0,2417.0,yahoo
ULTRACEMCO,5m,2026-09-15T09:50:00+05:30,10876.0,10880.0,10862.0,10862.0,2822.0,yahoo
ULTRACEMCO,5m,2026-09-15T09:55:00+05:30,10856.0,10859.0,10841.0,10859.0,2925.0,yahoo
ULTRACEMCO,5m,2026-09-15T10:00:00+05:30,10852.0,10857.0,10842.0,10848.0,2012.0,yahoo
ULTRACEMCO,5m,2026-09-15T10:05:00+05:30,10847.0,10852.0,10842.0,10843.0,2109.0,yahoo
ULTRACEMCO,5m,2026-09-15T10:10:00+05:30,10841.0,10841.0,10820.0,10820.0,2073.0,yahoo
ULTRACEMCO,5m,2026-09-15T10:15:00+05:30,10814.0,10823.0,10805.0,10805.0,3232.0,yahoo
ULTRACEMCO,5m,2026-09-15T10:20:00+05:30,10806.0,10806.0,10790.0,10795.0,3760.0,yahoo
ULTRACEMCO,5m,2026-09-15T10:25:00+05:30,10797.0,10802.0,10790.0,10792.0,1417.0,yahoo
ULTRACEMCO,5m,2026-09-15T10:30:00+05:30,10793.0,10793.0,10783.0,10783.0,1551.0,yahoo
ULTRACEMCO,5m,2026-09-15T10:35:00+05:30,10785.0,10789.0,10781.0,10783.0,1355.0,yahoo
ULTRACEMCO,5m,2026-09-15T10:40:00+05:30,10783.0,10799.0,10771.0,10785.0,5415.0,yahoo
ULTRACEMCO,5m,2026-09-15T10:45:00+05:30,10785.0,10789.0,10770.0,10781.0,5034.0,yahoo
ULTRACEMCO,5m,2026-09-15T10:50:00+05:30,10781.0,10781.0,10765.0,10766.0,2123.0,yahoo
ULTRACEMCO,5m,2026-09-15T10:55:00+05:30,10766.0,10775.0,10765.0,10767.0,3920.0,yahoo
ULTRACEMCO,5m,2026-09-15T11:00:00+05:30,10770.0,10773.0,10765.0,10771.0,1679.0,yahoo
ULTRACEMCO,5m,2026-09-15T11:05:00+05:30,10773.0,10773.0,10755.0,10755.0,1561.0,yahoo
ULTRACEMCO,5m,2026-09-15T11:10:00+05:30,10758.0,10764.0,10752.0,10760.0,2390.0,yahoo
ULTRACEMCO,5m,2026-09-15T11:15:00+05:30,10755.0,10765.0,10732.0,10733.0,2896.0,yahoo
ULTRACEMCO,5m,2026-09-15T11:20:00+05:30,10737.0,10752.0,10730.0,10749.0,2402.0,yahoo
ULTRACEMCO,5m,2026-09-15T11:25:00+05:30,10751.0,10751.0,10737.0,10737.0,1789.0,yahoo
ULTRACEMCO,5m,2026-09-15T11:30:00+05:30,10742.0,10750.0,10734.0,10741.0,2144.0,yahoo
ULTRACEMCO,5m,2026-09-15T11:35:00+05:30,10745.0,10777.0,10740.0,10762.0,11958.0,yahoo
ULTRACEMCO,5m,2026-09-15T11:40:00+05:30,10761.0,10776.0,10757.0,10770.0,1703.0,yahoo
ULTRACEMCO,5m,2026-09-15T11:45:00+05:30,10770.0,10779.0,10764.0,10769.0,2646.0,yahoo
ULTRACEMCO,5m,2026-09-15T11:50:00+05:30,10768.0,10801.0,10765.0,10801.0,5180.0,yahoo
ULTRACEMCO,5m,2026-09-15T11:55:00+05:30,10800.0,10802.0,10791.0,10796.0,3346.0,yahoo
ULTRACEMCO,5m,2026-09-15T12:00:00+05:30,10799.0,10812.0,10795.0,10811.0,1581.0,yahoo
ULTRACEMCO,5m,2026-09-15T12:05:00+05:30,10811.0,10817.0,10808.0,10810.0,3638.0,yahoo
ULTRACEMCO,5m,2026-09-15T12:10:00+05:30,10810.0,10830.0,10808.0,10821.0,3707.0,yahoo
ULTRACEMCO,5m,2026-09-15T12:15:00+05:30,10821.0,10840.0,10816.0,10837.0,10672.0,yahoo
ULTRACEMCO,5m,2026-09-15T12:20:00+05:30,10837.0,10841.0,10837.0,10838.0,5333.0,yahoo
ULTRACEMCO,5m,2026-09-15T12:25:00+05:30,10841.0,10846.0,10838.0,10839.0,2467.0,yahoo
ULTRACEMCO,5m,2026-09-15T12:30:00+05:30,10839.0,10841.0,10805.0,10805.0,9428.0,yahoo
ULTRACEMCO,5m,2026-09-15T12:35:00+05:30,10805.0,10809.0,10795.0,10801.0,1893.0,yahoo
ULTRACEMCO,5m,2026-09-15T12:40:00+05:30,10796.0,10811.0,10794.0,10801.0,6379.0,yahoo
ULTRACEMCO,5m,2026-09-15T12:45:00+05:30,10800.0,10801.0,10794.0,10797.0,1453.0,yahoo
ULTRACEMCO,5m,2026-09-15T12:50:00+05:30,10804.0,10811.0,10800.0,10805.0,1766.0,yahoo
ULTRACEMCO,5m,2026-09-15T12:55:00+05:30,10810.0,10810.0,10797.0,10797.0,1952.0,yahoo
ULTRACEMCO,5m,2026-09-15T13:00:00+05:30,10797.0,10805.0,10792.0,10800.0,3356.0,yahoo
ULTRACEMCO,5m,2026-09-15T13:05:00+05:30,10800.0,10802.0,10794.0,10798.0,1999.0,yahoo
ULTRACEMCO,5m,2026-09-15T13:10:00+05:30,10801.0,10803.0,10794.0,10800.0,4990.0,yahoo
ULTRACEMCO,5m,2026-09-15T13:15:00+05:30,10800.0,10806.0,10781.0,10790.0,3599.0,yahoo
ULTRACEMCO,5m,2026-09-15T13:20:00+05:30,10794.0,10809.0,10791.0,10800.0,2016.0,yahoo
ULTRACEMCO,5m,2026-09-15T13:25:00+05:30,10800.0,10805.0,10800.0,10800.0,1596.0,yahoo
ULTRACEMCO,5m,2026-09-15T13:30:00+05:30,10800.0,10807.0,10784.0,10789.0,2277.0,yahoo
ULTRACEMCO,5m,2026-09-15T13:35:00+05:30,10788.0,10801.0,10785.0,10800.0,3850.0,yahoo
ULTRACEMCO,5m,2026-09-15T13:40:00+05:30,10800.0,10801.0,10787.0,10794.0,9002.0,yahoo
ULTRACEMCO,5m,2026-09-15T13:45:00+05:30,10794.0,10815.0,10792.0,10815.0,4678.0,yahoo
ULTRACEMCO,5m,2026-09-15T13:50:00+05:30,10810.0,10815.0,10810.0,10813.0,2018.0,yahoo
ULTRACEMCO,5m,2026-09-15T13:55:00+05:30,10813.0,10816.0,10810.0,10814.0,2233.0,yahoo
ULTRACEMCO,5m,2026-09-15T14:00:00+05:30,10812.0,10827.0,10811.0,10818.0,2381.0,yahoo
ULTRACEMCO,5m,2026-09-15T14:05:00+05:30,10817.0,10820.0,10810.0,10820.0,2129.0,yahoo
ULTRACEMCO,5m,2026-09-15T14:10:00+05:30,10820.0,10826.0,10807.0,10807.0,3028.0,yahoo
ULTRACEMCO,5m,2026-09-15T14:15:00+05:30,10801.0,10808.0,10796.0,10801.0,4479.0,yahoo
ULTRACEMCO,5m,2026-09-15T14:20:00+05:30,10796.0,10814.0,10796.0,10804.0,2704.0,yahoo
ULTRACEMCO,5m,2026-09-15T14:25:00+05:30,10804.0,10812.0,10800.0,10806.0,2566.0,yahoo
ULTRACEMCO,5m,2026-09-15T14:30:00+05:30,10804.0,10812.0,10804.0,10809.0,2360.0,yahoo
ULTRACEMCO,5m,2026-09-15T14:35:00+05:30,10809.0,10811.0,10793.0,10800.0,10057.0,yahoo
ULTRACEMCO,5m,2026-09-15T14:40:00+05:30,10800.0,10810.0,10800.0,10802.0,2700.0,yahoo
ULTRACEMCO,5m,2026-09-15T14:45:00+05:30,10801.0,10803.0,10773.0,10781.0,9133.0,yahoo
ULTRACEMCO,5m,2026-09-15T14:50:00+05:30,10777.0,10798.0,10777.0,10789.0,28421.0,yahoo
ULTRACEMCO,5m,2026-09-15T14:55:00+05:30,10789.0,10798.0,10786.0,10793.0,10070.0,yahoo
ULTRACEMCO,5m,2026-09-15T15:00:00+05:30,10793.0,10796.0,10786.0,10796.0,9757.0,yahoo
ULTRACEMCO,5m,2026-09-15T15:05:00+05:30,10793.0,10804.0,10793.0,10801.0,11998.0,yahoo
ULTRACEMCO,5m,2026-09-15T15:10:00+05:30,10803.0,10809.0,10697.0,10697.0,35424.0,yahoo
UNITDSPR,5m,2026-09-15T09:15:00+05:30,1395.0999755859375,1402.0999755859375,1394.5999755859375,1402.0,0.0,yahoo
UNITDSPR,5m,2026-09-15T09:20:00+05:30,1401.9000244140625,1403.0999755859375,1400.0999755859375,1400.0999755859375,975.0,yahoo
UNITDSPR,5m,2026-09-15T09:25:00+05:30,1400.0,1400.0,1396.0999755859375,1396.9000244140625,4253.0,yahoo
UNITDSPR,5m,2026-09-15T09:30:00+05:30,1397.0,1398.199951171875,1395.5,1396.0,3751.0,yahoo
UNITDSPR,5m,2026-09-15T09:35:00+05:30,1395.4000244140625,1396.699951171875,1393.300048828125,1394.5,3135.0,yahoo
UNITDSPR,5m,2026-09-15T09:40:00+05:30,1394.0,1397.0,1394.0,1396.699951171875,1466.0,yahoo
UNITDSPR,5m,2026-09-15T09:45:00+05:30,1396.800048828125,1398.300048828125,1395.199951171875,1395.199951171875,1448.0,yahoo
UNITDSPR,5m,2026-09-15T09:50:00+05:30,1395.5999755859375,1398.9000244140625,1394.800048828125,1397.699951171875,5930.0,yahoo
UNITDSPR,5m,2026-09-15T09:55:00+05:30,1397.699951171875,1398.0999755859375,1396.199951171875,1397.5,1911.0,yahoo
UNITDSPR,5m,2026-09-15T10:00:00+05:30,1397.4000244140625,1398.0,1396.300048828125,1397.0999755859375,1751.0,yahoo
UNITDSPR,5m,2026-09-15T10:05:00+05:30,1397.0999755859375,1397.0999755859375,1395.5,1396.0,646.0,yahoo
UNITDSPR,5m,2026-09-15T10:10:00+05:30,1396.0,1399.4000244140625,1395.300048828125,1398.0999755859375,2591.0,yahoo
UNITDSPR,5m,2026-09-15T10:15:00+05:30,1397.5,1399.4000244140625,1397.0999755859375,1398.4000244140625,2375.0,yahoo
UNITDSPR,5m,2026-09-15T10:20:00+05:30,1398.4000244140625,1399.5999755859375,1398.4000244140625,1399.5,696.0,yahoo
UNITDSPR,5m,2026-09-15T10:25:00+05:30,1399.5,1399.5,1397.199951171875,1397.800048828125,2107.0,yahoo
UNITDSPR,5m,2026-09-15T10:30:00+05:30,1397.0999755859375,1397.699951171875,1397.0,1397.0,2649.0,yahoo
UNITDSPR,5m,2026-09-15T10:35:00+05:30,1397.0,1397.0,1393.0,1393.699951171875,21953.0,yahoo
UNITDSPR,5m,2026-09-15T10:40:00+05:30,1393.0,1393.9000244140625,1390.5,1390.5,5388.0,yahoo
UNITDSPR,5m,2026-09-15T10:45:00+05:30,1390.199951171875,1390.699951171875,1387.0999755859375,1387.0999755859375,2866.0,yahoo
UNITDSPR,5m,2026-09-15T10:50:00+05:30,1387.699951171875,1388.0999755859375,1387.0,1387.5,810.0,yahoo
UNITDSPR,5m,2026-09-15T10:55:00+05:30,1387.0,1387.300048828125,1385.0999755859375,1385.5,2966.0,yahoo
UNITDSPR,5m,2026-09-15T11:00:00+05:30,1385.0,1385.699951171875,1384.800048828125,1385.5,1130.0,yahoo
UNITDSPR,5m,2026-09-15T11:05:00+05:30,1385.0999755859375,1385.5,1384.0,1384.0,1961.0,yahoo
UNITDSPR,5m,2026-09-15T11:10:00+05:30,1383.800048828125,1385.4000244140625,1383.699951171875,1385.0,761.0,yahoo
UNITDSPR,5m,2026-09-15T11:15:00+05:30,1385.5,1387.4000244140625,1385.0,1385.4000244140625,1284.0,yahoo
UNITDSPR,5m,2026-09-15T11:20:00+05:30,1385.0,1388.800048828125,1385.0,1387.699951171875,1513.0,yahoo
UNITDSPR,5m,2026-09-15T11:25:00+05:30,1387.0,1387.699951171875,1386.4000244140625,1387.5999755859375,2466.0,yahoo
UNITDSPR,5m,2026-09-15T11:30:00+05:30,1387.5,1387.699951171875,1386.9000244140625,1387.5999755859375,313.0,yahoo
UNITDSPR,5m,2026-09-15T11:35:00+05:30,1387.0,1387.0,1384.300048828125,1384.300048828125,3584.0,yahoo
UNITDSPR,5m,2026-09-15T11:40:00+05:30,1384.699951171875,1384.800048828125,1383.0,1383.9000244140625,1067.0,yahoo
UNITDSPR,5m,2026-09-15T11:45:00+05:30,1383.0,1383.300048828125,1381.0,1381.5,1888.0,yahoo
UNITDSPR,5m,2026-09-15T11:50:00+05:30,1381.4000244140625,1381.9000244140625,1380.0,1381.199951171875,4010.0,yahoo
UNITDSPR,5m,2026-09-15T11:55:00+05:30,1380.699951171875,1380.699951171875,1379.0,1380.0,1861.0,yahoo
UNITDSPR,5m,2026-09-15T12:00:00+05:30,1380.300048828125,1381.800048828125,1379.800048828125,1381.800048828125,625.0,yahoo
UNITDSPR,5m,2026-09-15T12:05:00+05:30,1381.800048828125,1381.9000244140625,1381.0999755859375,1381.5999755859375,328.0,yahoo
UNITDSPR,5m,2026-09-15T12:10:00+05:30,1380.5999755859375,1384.0,1380.0,1384.0,1903.0,yahoo
UNITDSPR,5m,2026-09-15T12:15:00+05:30,1383.0999755859375,1389.199951171875,1381.5,1384.800048828125,8146.0,yahoo
UNITDSPR,5m,2026-09-15T12:20:00+05:30,1383.9000244140625,1388.4000244140625,1383.9000244140625,1388.0999755859375,2911.0,yahoo
UNITDSPR,5m,2026-09-15T12:25:00+05:30,1387.300048828125,1388.199951171875,1386.4000244140625,1387.0999755859375,3626.0,yahoo
UNITDSPR,5m,2026-09-15T12:30:00+05:30,1387.0999755859375,1387.0999755859375,1385.0,1385.5999755859375,2247.0,yahoo
UNITDSPR,5m,2026-09-15T12:35:00+05:30,1385.5999755859375,1387.0,1385.0,1385.4000244140625,2518.0,yahoo
UNITDSPR,5m,2026-09-15T12:40:00+05:30,1385.4000244140625,1386.0999755859375,1384.300048828125,1384.300048828125,1936.0,yahoo
UNITDSPR,5m,2026-09-15T12:45:00+05:30,1384.800048828125,1385.5999755859375,1383.9000244140625,1384.9000244140625,1695.0,yahoo
UNITDSPR,5m,2026-09-15T12:50:00+05:30,1385.5999755859375,1386.0,1384.800048828125,1384.800048828125,1316.0,yahoo
UNITDSPR,5m,2026-09-15T12:55:00+05:30,1385.5999755859375,1385.800048828125,1384.0,1385.300048828125,1863.0,yahoo
UNITDSPR,5m,2026-09-15T13:00:00+05:30,1385.300048828125,1387.699951171875,1384.199951171875,1387.699951171875,3745.0,yahoo
UNITDSPR,5m,2026-09-15T13:05:00+05:30,1387.800048828125,1388.699951171875,1387.0999755859375,1388.5,2290.0,yahoo
UNITDSPR,5m,2026-09-15T13:10:00+05:30,1388.5999755859375,1388.5999755859375,1386.800048828125,1386.800048828125,1570.0,yahoo
UNITDSPR,5m,2026-09-15T13:15:00+05:30,1386.5,1387.300048828125,1385.199951171875,1385.800048828125,1638.0,yahoo
UNITDSPR,5m,2026-09-15T13:20:00+05:30,1386.5999755859375,1386.699951171875,1385.199951171875,1385.9000244140625,1441.0,yahoo
UNITDSPR,5m,2026-09-15T13:25:00+05:30,1385.5,1386.0999755859375,1384.699951171875,1386.0999755859375,1628.0,yahoo
UNITDSPR,5m,2026-09-15T13:30:00+05:30,1386.0,1386.0999755859375,1385.0,1385.199951171875,1806.0,yahoo
UNITDSPR,5m,2026-09-15T13:35:00+05:30,1385.699951171875,1386.5999755859375,1385.300048828125,1386.4000244140625,1998.0,yahoo
UNITDSPR,5m,2026-09-15T13:40:00+05:30,1386.199951171875,1386.199951171875,1382.5999755859375,1382.800048828125,4422.0,yahoo
UNITDSPR,5m,2026-09-15T13:45:00+05:30,1382.5999755859375,1383.9000244140625,1381.9000244140625,1383.9000244140625,3734.0,yahoo
UNITDSPR,5m,2026-09-15T13:50:00+05:30,1383.9000244140625,1384.0999755859375,1382.5,1382.5999755859375,3379.0,yahoo
UNITDSPR,5m,2026-09-15T13:55:00+05:30,1383.199951171875,1383.800048828125,1382.199951171875,1383.199951171875,5799.0,yahoo
UNITDSPR,5m,2026-09-15T14:00:00+05:30,1383.699951171875,1384.300048828125,1381.800048828125,1383.0,3657.0,yahoo
UNITDSPR,5m,2026-09-15T14:05:00+05:30,1383.199951171875,1383.199951171875,1380.800048828125,1380.800048828125,4185.0,yahoo
UNITDSPR,5m,2026-09-15T14:10:00+05:30,1381.4000244140625,1381.4000244140625,1380.300048828125,1380.699951171875,3032.0,yahoo
UNITDSPR,5m,2026-09-15T14:15:00+05:30,1381.0,1385.0,1380.0,1384.0,6447.0,yahoo
UNITDSPR,5m,2026-09-15T14:20:00+05:30,1384.0,1386.300048828125,1383.5999755859375,1383.5999755859375,6372.0,yahoo
UNITDSPR,5m,2026-09-15T14:25:00+05:30,1383.699951171875,1386.0999755859375,1383.4000244140625,1385.699951171875,31276.0,yahoo
UNITDSPR,5m,2026-09-15T14:30:00+05:30,1385.5,1387.0,1384.300048828125,1384.9000244140625,45779.0,yahoo
UNITDSPR,5m,2026-09-15T14:35:00+05:30,1384.5,1384.9000244140625,1382.199951171875,1383.5999755859375,8001.0,yahoo
UNITDSPR,5m,2026-09-15T14:40:00+05:30,1382.5999755859375,1384.0,1381.699951171875,1382.5999755859375,11780.0,yahoo
UNITDSPR,5m,2026-09-15T14:45:00+05:30,1381.5,1382.300048828125,1378.4000244140625,1380.0999755859375,5901.0,yahoo
UNITDSPR,5m,2026-09-15T14:50:00+05:30,1379.5,1380.4000244140625,1378.0999755859375,1379.0999755859375,10442.0,yahoo
UNITDSPR,5m,2026-09-15T14:55:00+05:30,1379.9000244140625,1381.0,1379.0999755859375,1381.0,7980.0,yahoo
UNITDSPR,5m,2026-09-15T15:00:00+05:30,1380.0,1380.0,1379.4000244140625,1379.800048828125,6343.0,yahoo
UNITDSPR,5m,2026-09-15T15:05:00+05:30,1380.0,1380.4000244140625,1378.0999755859375,1379.0999755859375,8954.0,yahoo
UNITDSPR,5m,2026-09-15T15:10:00+05:30,1379.0999755859375,1380.0,1370.5999755859375,1370.5999755859375,20717.0,yahoo
VEDL,5m,2026-09-15T09:15:00+05:30,263.54998779296875,264.20001220703125,260.3500061035156,260.6000061035156,0.0,yahoo
VEDL,5m,2026-09-15T09:20:00+05:30,260.6000061035156,261.1000061035156,260.20001220703125,260.8999938964844,339688.0,yahoo
VEDL,5m,2026-09-15T09:25:00+05:30,260.79998779296875,260.79998779296875,259.8999938964844,260.70001220703125,306337.0,yahoo
VEDL,5m,2026-09-15T09:30:00+05:30,260.79998779296875,261.1499938964844,260.54998779296875,261.1000061035156,132726.0,yahoo
VEDL,5m,2026-09-15T09:35:00+05:30,261.1499938964844,261.20001220703125,260.8500061035156,261.1000061035156,106205.0,yahoo
VEDL,5m,2026-09-15T09:40:00+05:30,261.1000061035156,261.29998779296875,261.0,261.04998779296875,86563.0,yahoo
VEDL,5m,2026-09-15T09:45:00+05:30,260.75,260.8999938964844,260.29998779296875,260.3500061035156,121809.0,yahoo
VEDL,5m,2026-09-15T09:50:00+05:30,260.3500061035156,260.3999938964844,259.54998779296875,259.8999938964844,242426.0,yahoo
VEDL,5m,2026-09-15T09:55:00+05:30,260.0,260.04998779296875,259.75,260.04998779296875,80270.0,yahoo
VEDL,5m,2026-09-15T10:00:00+05:30,260.0,260.25,259.79998779296875,260.1499938964844,76419.0,yahoo
VEDL,5m,2026-09-15T10:05:00+05:30,260.04998779296875,260.1499938964844,259.95001220703125,260.0,47986.0,yahoo
VEDL,5m,2026-09-15T10:10:00+05:30,260.04998779296875,260.29998779296875,259.95001220703125,259.95001220703125,123867.0,yahoo
VEDL,5m,2026-09-15T10:15:00+05:30,259.8999938964844,260.25,259.54998779296875,260.1000061035156,126186.0,yahoo
VEDL,5m,2026-09-15T10:20:00+05:30,260.1499938964844,260.25,260.0,260.1499938964844,61229.0,yahoo
VEDL,5m,2026-09-15T10:25:00+05:30,260.1499938964844,260.1499938964844,259.5,259.54998779296875,250527.0,yahoo
VEDL,5m,2026-09-15T10:30:00+05:30,259.54998779296875,259.6499938964844,259.1499938964844,259.3999938964844,109679.0,yahoo
VEDL,5m,2026-09-15T10:35:00+05:30,259.3999938964844,259.6499938964844,259.29998779296875,259.29998779296875,60896.0,yahoo
VEDL,5m,2026-09-15T10:40:00+05:30,259.3999938964844,259.5,259.04998779296875,259.1499938964844,71222.0,yahoo
VEDL,5m,2026-09-15T10:45:00+05:30,258.95001220703125,259.20001220703125,258.79998779296875,259.04998779296875,149433.0,yahoo
VEDL,5m,2026-09-15T10:50:00+05:30,259.0,259.1499938964844,258.75,258.8999938964844,53413.0,yahoo
VEDL,5m,2026-09-15T10:55:00+05:30,258.8999938964844,258.8999938964844,258.6000061035156,258.8999938964844,66363.0,yahoo
VEDL,5m,2026-09-15T11:00:00+05:30,258.8999938964844,259.1499938964844,258.45001220703125,258.6000061035156,125453.0,yahoo
VEDL,5m,2026-09-15T11:05:00+05:30,258.75,258.75,258.1499938964844,258.20001220703125,165505.0,yahoo
VEDL,5m,2026-09-15T11:10:00+05:30,258.29998779296875,258.6000061035156,258.20001220703125,258.5,72343.0,yahoo
VEDL,5m,2026-09-15T11:15:00+05:30,258.5,258.5,258.1000061035156,258.1000061035156,87542.0,yahoo
VEDL,5m,2026-09-15T11:20:00+05:30,258.1000061035156,258.25,257.75,258.1000061035156,164104.0,yahoo
VEDL,5m,2026-09-15T11:25:00+05:30,258.1000061035156,258.20001220703125,257.79998779296875,257.79998779296875,51689.0,yahoo
VEDL,5m,2026-09-15T11:30:00+05:30,257.8999938964844,257.8999938964844,257.54998779296875,257.79998779296875,72892.0,yahoo
VEDL,5m,2026-09-15T11:35:00+05:30,257.75,257.8500061035156,257.54998779296875,257.79998779296875,68029.0,yahoo
VEDL,5m,2026-09-15T11:40:00+05:30,257.75,257.79998779296875,257.54998779296875,257.6000061035156,77226.0,yahoo
VEDL,5m,2026-09-15T11:45:00+05:30,257.6000061035156,257.79998779296875,257.25,257.79998779296875,94131.0,yahoo
VEDL,5m,2026-09-15T11:50:00+05:30,257.79998779296875,258.1000061035156,257.75,257.95001220703125,63380.0,yahoo
VEDL,5m,2026-09-15T11:55:00+05:30,257.95001220703125,257.95001220703125,257.29998779296875,257.6499938964844,81485.0,yahoo
VEDL,5m,2026-09-15T12:00:00+05:30,257.6499938964844,257.75,257.54998779296875,257.75,44553.0,yahoo
VEDL,5m,2026-09-15T12:05:00+05:30,257.75,257.79998779296875,257.5,257.6499938964844,48914.0,yahoo
VEDL,5m,2026-09-15T12:10:00+05:30,257.6499938964844,257.70001220703125,257.45001220703125,257.54998779296875,55066.0,yahoo
VEDL,5m,2026-09-15T12:15:00+05:30,257.54998779296875,257.6499938964844,257.3500061035156,257.3500061035156,42319.0,yahoo
VEDL,5m,2026-09-15T12:20:00+05:30,257.3999938964844,257.6499938964844,257.3500061035156,257.6000061035156,60233.0,yahoo
VEDL,5m,2026-09-15T12:25:00+05:30,257.6000061035156,257.6000061035156,257.20001220703125,257.5,77647.0,yahoo
VEDL,5m,2026-09-15T12:30:00+05:30,257.54998779296875,257.54998779296875,257.1499938964844,257.29998779296875,70426.0,yahoo
VEDL,5m,2026-09-15T12:35:00+05:30,257.3500061035156,257.6499938964844,257.20001220703125,257.5,43817.0,yahoo
VEDL,5m,2026-09-15T12:40:00+05:30,257.5,257.6499938964844,257.3500061035156,257.3500061035156,55979.0,yahoo
VEDL,5m,2026-09-15T12:45:00+05:30,257.3999938964844,257.5,257.29998779296875,257.5,54848.0,yahoo
VEDL,5m,2026-09-15T12:50:00+05:30,257.6499938964844,257.8500061035156,257.29998779296875,257.45001220703125,77156.0,yahoo
VEDL,5m,2026-09-15T12:55:00+05:30,257.5,257.5,257.1000061035156,257.1499938964844,46496.0,yahoo
VEDL,5m,2026-09-15T13:00:00+05:30,257.20001220703125,257.29998779296875,257.1000061035156,257.1000061035156,50371.0,yahoo
VEDL,5m,2026-09-15T13:05:00+05:30,257.1000061035156,257.5,257.1000061035156,257.29998779296875,38398.0,yahoo
VEDL,5m,2026-09-15T13:10:00+05:30,257.3999938964844,257.3999938964844,257.1000061035156,257.29998779296875,44254.0,yahoo
VEDL,5m,2026-09-15T13:15:00+05:30,257.25,257.5,257.1000061035156,257.1499938964844,66574.0,yahoo
VEDL,5m,2026-09-15T13:20:00+05:30,257.1499938964844,257.25,257.0,257.04998779296875,60133.0,yahoo
VEDL,5m,2026-09-15T13:25:00+05:30,257.1000061035156,257.1499938964844,256.6000061035156,256.79998779296875,193104.0,yahoo
VEDL,5m,2026-09-15T13:30:00+05:30,256.70001220703125,256.8500061035156,256.5,256.54998779296875,63599.0,yahoo
VEDL,5m,2026-09-15T13:35:00+05:30,256.6000061035156,256.70001220703125,256.3500061035156,256.45001220703125,56436.0,yahoo
VEDL,5m,2026-09-15T13:40:00+05:30,256.45001220703125,256.45001220703125,256.0,256.1499938964844,97905.0,yahoo
VEDL,5m,2026-09-15T13:45:00+05:30,256.1499938964844,256.25,256.04998779296875,256.20001220703125,63864.0,yahoo
VEDL,5m,2026-09-15T13:50:00+05:30,256.1499938964844,256.25,256.04998779296875,256.1499938964844,63418.0,yahoo
VEDL,5m,2026-09-15T13:55:00+05:30,256.1499938964844,256.20001220703125,256.1000061035156,256.1000061035156,47881.0,yahoo
VEDL,5m,2026-09-15T14:00:00+05:30,256.1000061035156,256.20001220703125,256.0,256.1499938964844,35696.0,yahoo
VEDL,5m,2026-09-15T14:05:00+05:30,256.1499938964844,256.1499938964844,255.60000610351562,255.60000610351562,109490.0,yahoo
VEDL,5m,2026-09-15T14:10:00+05:30,255.6999969482422,255.75,255.5,255.64999389648438,60662.0,yahoo
VEDL,5m,2026-09-15T14:15:00+05:30,255.64999389648438,255.64999389648438,255.3000030517578,255.39999389648438,126004.0,yahoo
VEDL,5m,2026-09-15T14:20:00+05:30,255.39999389648438,255.60000610351562,255.25,255.3000030517578,106000.0,yahoo
VEDL,5m,2026-09-15T14:25:00+05:30,255.14999389648438,255.4499969482422,255.14999389648438,255.39999389648438,52015.0,yahoo
VEDL,5m,2026-09-15T14:30:00+05:30,255.39999389648438,255.39999389648438,255.25,255.39999389648438,48655.0,yahoo
VEDL,5m,2026-09-15T14:35:00+05:30,255.39999389648438,255.39999389648438,255.1999969482422,255.3000030517578,90978.0,yahoo
VEDL,5m,2026-09-15T14:40:00+05:30,255.1999969482422,255.39999389648438,255.0500030517578,255.39999389648438,162309.0,yahoo
VEDL,5m,2026-09-15T14:45:00+05:30,255.39999389648438,255.39999389648438,254.5,254.5,308802.0,yahoo
VEDL,5m,2026-09-15T14:50:00+05:30,254.60000610351562,254.8000030517578,254.39999389648438,254.5500030517578,238185.0,yahoo
VEDL,5m,2026-09-15T14:55:00+05:30,254.5500030517578,254.89999389648438,254.5,254.8000030517578,262470.0,yahoo
VEDL,5m,2026-09-15T15:00:00+05:30,254.75,254.85000610351562,253.64999389648438,253.75,432753.0,yahoo
VEDL,5m,2026-09-15T15:05:00+05:30,253.64999389648438,254.10000610351562,253.60000610351562,253.89999389648438,252468.0,yahoo
VEDL,5m,2026-09-15T15:10:00+05:30,253.85000610351562,254.39999389648438,253.85000610351562,254.25,341468.0,yahoo
VEDL,5m,2026-09-15T15:15:00+05:30,254.4499969482422,257.0,254.4499969482422,257.0,438078.0,yahoo
