symbol,interval,timestamp,open,high,low,close,volume,source
360ONE,5m,2026-09-04T09:15:00+05:30,1149.699951171875,1155.800048828125,1149.0,1151.4000244140625,0.0,yahoo
360ONE,5m,2026-09-04T09:20:00+05:30,1152.0,1155.0,1151.300048828125,1151.800048828125,20683.0,yahoo
360ONE,5m,2026-09-04T09:25:00+05:30,1151.5,1153.4000244140625,1150.800048828125,1151.5999755859375,29034.0,yahoo
360ONE,5m,2026-09-04T09:30:00+05:30,1151.0999755859375,1151.5,1148.199951171875,1148.5,10018.0,yahoo
360ONE,5m,2026-09-04T09:35:00+05:30,1148.5999755859375,1149.0,1147.5999755859375,1147.5999755859375,2292.0,yahoo
360ONE,5m,2026-09-04T09:40:00+05:30,1147.9000244140625,1149.699951171875,1147.199951171875,1149.199951171875,5605.0,yahoo
360ONE,5m,2026-09-04T09:45:00+05:30,1149.199951171875,1150.0,1145.300048828125,1145.300048828125,10164.0,yahoo
360ONE,5m,2026-09-04T09:50:00+05:30,1145.5,1146.199951171875,1145.300048828125,1145.699951171875,5939.0,yahoo
360ONE,5m,2026-09-04T09:55:00+05:30,1145.5,1145.800048828125,1143.4000244140625,1145.0999755859375,8577.0,yahoo
360ONE,5m,2026-09-04T10:00:00+05:30,1144.9000244140625,1146.5999755859375,1144.9000244140625,1145.5999755859375,2953.0,yahoo
360ONE,5m,2026-09-04T10:05:00+05:30,1145.5999755859375,1145.9000244140625,1145.0999755859375,1145.300048828125,2123.0,yahoo
360ONE,5m,2026-09-04T10:10:00+05:30,1145.300048828125,1145.5,1143.800048828125,1145.5,5805.0,yahoo
360ONE,5m,2026-09-04T10:15:00+05:30,1145.4000244140625,1148.199951171875,1144.699951171875,1147.199951171875,18196.0,yahoo
360ONE,5m,2026-09-04T10:20:00+05:30,1147.0,1149.0,1146.199951171875,1146.300048828125,8982.0,yahoo
360ONE,5m,2026-09-04T10:25:00+05:30,1146.300048828125,1147.699951171875,1144.699951171875,1144.699951171875,7296.0,yahoo
360ONE,5m,2026-09-04T10:30:00+05:30,1146.0,1149.0,1145.300048828125,1146.5999755859375,12298.0,yahoo
360ONE,5m,2026-09-04T10:35:00+05:30,1146.5999755859375,1147.699951171875,1144.0999755859375,1144.699951171875,11734.0,yahoo
360ONE,5m,2026-09-04T10:40:00+05:30,1144.0999755859375,1145.5999755859375,1143.699951171875,1144.300048828125,26655.0,yahoo
360ONE,5m,2026-09-04T10:45:00+05:30,1144.699951171875,1145.5,1142.9000244140625,1143.300048828125,23479.0,yahoo
360ONE,5m,2026-09-04T10:50:00+05:30,1143.300048828125,1144.0,1142.5,1144.0,5499.0,yahoo
360ONE,5m,2026-09-04T10:55:00+05:30,1143.5,1144.0,1141.5999755859375,1142.0,2247.0,yahoo
360ONE,5m,2026-09-04T11:00:00+05:30,1141.800048828125,1142.5,1141.0,1141.4000244140625,6624.0,yahoo
360ONE,5m,2026-09-04T11:05:00+05:30,1141.0999755859375,1141.5999755859375,1141.0999755859375,1141.5999755859375,3291.0,yahoo
360ONE,5m,2026-09-04T11:10:00+05:30,1141.4000244140625,1142.4000244140625,1141.4000244140625,1142.199951171875,2533.0,yahoo
360ONE,5m,2026-09-04T11:15:00+05:30,1142.4000244140625,1142.4000244140625,1141.199951171875,1141.300048828125,1756.0,yahoo
360ONE,5m,2026-09-04T11:20:00+05:30,1141.0,1142.199951171875,1141.0,1141.300048828125,2800.0,yahoo
360ONE,5m,2026-09-04T11:25:00+05:30,1141.300048828125,1141.699951171875,1141.0999755859375,1141.300048828125,2068.0,yahoo
360ONE,5m,2026-09-04T11:30:00+05:30,1141.4000244140625,1142.0999755859375,1141.0,1141.4000244140625,1828.0,yahoo
360ONE,5m,2026-09-04T11:35:00+05:30,1141.4000244140625,1142.5,1141.0,1141.5999755859375,2272.0,yahoo
360ONE,5m,2026-09-04T11:40:00+05:30,1141.5999755859375,1142.800048828125,1141.300048828125,1141.9000244140625,2400.0,yahoo
360ONE,5m,2026-09-04T11:45:00+05:30,1142.300048828125,1142.300048828125,1139.0,1139.4000244140625,10250.0,yahoo
360ONE,5m,2026-09-04T11:50:00+05:30,1139.4000244140625,1139.4000244140625,1137.5,1138.300048828125,3661.0,yahoo
360ONE,5m,2026-09-04T11:55:00+05:30,1138.300048828125,1138.300048828125,1137.0,1137.800048828125,2134.0,yahoo
360ONE,5m,2026-09-04T12:00:00+05:30,1138.0,1138.5,1137.0,1137.5999755859375,4095.0,yahoo
360ONE,5m,2026-09-04T12:05:00+05:30,1137.5999755859375,1141.0,1137.4000244140625,1140.0,5578.0,yahoo
360ONE,5m,2026-09-04T12:10:00+05:30,1139.800048828125,1140.9000244140625,1138.0999755859375,1138.5,3873.0,yahoo
360ONE,5m,2026-09-04T12:15:00+05:30,1138.5,1139.300048828125,1138.0,1138.199951171875,3428.0,yahoo
360ONE,5m,2026-09-04T12:20:00+05:30,1138.5999755859375,1139.9000244140625,1138.199951171875,1139.0,2662.0,yahoo
360ONE,5m,2026-09-04T12:25:00+05:30,1138.5,1139.5,1138.5,1139.0,3699.0,yahoo
360ONE,5m,2026-09-04T12:30:00+05:30,1139.300048828125,1139.300048828125,1138.199951171875,1138.5,1771.0,yahoo
360ONE,5m,2026-09-04T12:35:00+05:30,1138.9000244140625,1138.9000244140625,1137.9000244140625,1138.300048828125,1138.0,yahoo
360ONE,5m,2026-09-04T12:40:00+05:30,1138.300048828125,1139.5,1137.699951171875,1138.5,3801.0,yahoo
360ONE,5m,2026-09-04T12:45:00+05:30,1139.0999755859375,1139.0999755859375,1137.0999755859375,1137.800048828125,2087.0,yahoo
360ONE,5m,2026-09-04T12:50:00+05:30,1137.800048828125,1138.5,1136.4000244140625,1137.5,5273.0,yahoo
360ONE,5m,2026-09-04T12:55:00+05:30,1136.800048828125,1137.300048828125,1133.9000244140625,1134.300048828125,5859.0,yahoo
360ONE,5m,2026-09-04T13:00:00+05:30,1136.5999755859375,1136.9000244140625,1134.0999755859375,1136.9000244140625,20342.0,yahoo
360ONE,5m,2026-09-04T13:05:00+05:30,1136.699951171875,1137.5,1136.4000244140625,1136.5999755859375,3613.0,yahoo
360ONE,5m,2026-09-04T13:10:00+05:30,1136.300048828125,1137.5999755859375,1133.5,1133.699951171875,5401.0,yahoo
360ONE,5m,2026-09-04T13:15:00+05:30,1134.0,1134.800048828125,1133.0,1133.5,3168.0,yahoo
360ONE,5m,2026-09-04T13:20:00+05:30,1133.5,1133.5,1132.0,1132.300048828125,2642.0,yahoo
360ONE,5m,2026-09-04T13:25:00+05:30,1132.5999755859375,1136.9000244140625,1132.199951171875,1135.0999755859375,6641.0,yahoo
360ONE,5m,2026-09-04T13:30:00+05:30,1135.0999755859375,1136.5999755859375,1134.5999755859375,1134.800048828125,2399.0,yahoo
360ONE,5m,2026-09-04T13:35:00+05:30,1134.800048828125,1135.0999755859375,1134.0999755859375,1134.5999755859375,1481.0,yahoo
360ONE,5m,2026-09-04T13:40:00+05:30,1135.0,1135.800048828125,1134.5,1135.0,2426.0,yahoo
360ONE,5m,2026-09-04T13:45:00+05:30,1134.5999755859375,1135.199951171875,1134.0999755859375,1134.199951171875,1142.0,yahoo
360ONE,5m,2026-09-04T13:50:00+05:30,1134.0,1134.5,1133.0,1133.5,4113.0,yahoo
360ONE,5m,2026-09-04T13:55:00+05:30,1133.0,1134.0,1129.0,1130.0,16789.0,yahoo
360ONE,5m,2026-09-04T14:00:00+05:30,1130.5,1132.0999755859375,1129.199951171875,1131.699951171875,35403.0,yahoo
360ONE,5m,2026-09-04T14:05:00+05:30,1131.699951171875,1132.300048828125,1129.0,1129.0,4076.0,yahoo
360ONE,5m,2026-09-04T14:10:00+05:30,1129.0999755859375,1130.0999755859375,1128.699951171875,1129.5999755859375,2435.0,yahoo
360ONE,5m,2026-09-04T14:15:00+05:30,1129.199951171875,1129.199951171875,1127.0999755859375,1127.4000244140625,3463.0,yahoo
360ONE,5m,2026-09-04T14:20:00+05:30,1127.300048828125,1129.699951171875,1127.300048828125,1129.300048828125,3902.0,yahoo
360ONE,5m,2026-09-04T14:25:00+05:30,1129.199951171875,1130.0999755859375,1128.5,1129.199951171875,3758.0,yahoo
360ONE,5m,2026-09-04T14:30:00+05:30,1129.5999755859375,1133.0,1129.0,1133.0,7733.0,yahoo
360ONE,5m,2026-09-04T14:35:00+05:30,1133.0,1133.300048828125,1132.199951171875,1132.199951171875,4790.0,yahoo
360ONE,5m,2026-09-04T14:40:00+05:30,1132.199951171875,1135.699951171875,1132.0,1135.199951171875,32962.0,yahoo
360ONE,5m,2026-09-04T14:45:00+05:30,1135.199951171875,1135.5,1134.0999755859375,1135.0,4199.0,yahoo
360ONE,5m,2026-09-04T14:50:00+05:30,1135.0999755859375,1136.300048828125,1135.0999755859375,1135.5999755859375,7793.0,yahoo
360ONE,5m,2026-09-04T14:55:00+05:30,1136.800048828125,1137.0999755859375,1135.4000244140625,1136.4000244140625,15185.0,yahoo
360ONE,5m,2026-09-04T15:00:00+05:30,1136.0,1136.0,1133.800048828125,1134.5999755859375,13177.0,yahoo
360ONE,5m,2026-09-04T15:05:00+05:30,1134.5,1138.5,1134.5,1137.9000244140625,25567.0,yahoo
360ONE,5m,2026-09-04T15:10:00+05:30,1138.4000244140625,1138.4000244140625,1135.0,1137.0,33907.0,yahoo
ABB,5m,2026-09-04T09:15:00+05:30,7462.0,7462.0,7412.5,7425.0,0.0,yahoo
ABB,5m,2026-09-04T09:20:00+05:30,7423.0,7423.0,7400.0,7418.0,3692.0,yahoo
ABB,5m,2026-09-04T09:25:00+05:30,7414.0,7419.5,7399.5,7409.5,3091.0,yahoo
ABB,5m,2026-09-04T09:30:00+05:30,7405.5,7439.5,7405.5,7439.5,2611.0,yahoo
ABB,5m,2026-09-04T09:35:00+05:30,7439.5,7446.5,7437.5,7438.5,1935.0,yahoo
ABB,5m,2026-09-04T09:40:00+05:30,7439.5,7439.5,7421.0,7421.5,2701.0,yahoo
ABB,5m,2026-09-04T09:45:00+05:30,7423.5,7437.0,7423.5,7434.5,1198.0,yahoo
ABB,5m,2026-09-04T09:50:00+05:30,7433.5,7433.5,7422.0,7427.0,1815.0,yahoo
ABB,5m,2026-09-04T09:55:00+05:30,7427.0,7427.0,7416.5,7424.0,2026.0,yahoo
ABB,5m,2026-09-04T10:00:00+05:30,7424.0,7424.0,7413.0,7415.5,1678.0,yahoo
ABB,5m,2026-09-04T10:05:00+05:30,7415.5,7415.5,7405.0,7409.5,1685.0,yahoo
ABB,5m,2026-09-04T10:10:00+05:30,7407.5,7419.0,7405.0,7412.0,2800.0,yahoo
ABB,5m,2026-09-04T10:15:00+05:30,7414.0,7432.0,7412.0,7432.0,2289.0,yahoo
ABB,5m,2026-09-04T10:20:00+05:30,7432.0,7432.0,7423.0,7431.0,1623.0,yahoo
ABB,5m,2026-09-04T10:25:00+05:30,7431.0,7431.0,7430.0,7430.5,918.0,yahoo
ABB,5m,2026-09-04T10:30:00+05:30,7430.0,7430.0,7416.5,7424.0,1932.0,yahoo
ABB,5m,2026-09-04T10:35:00+05:30,7423.5,7423.5,7420.0,7422.0,2197.0,yahoo
ABB,5m,2026-09-04T10:40:00+05:30,7422.0,7430.5,7421.5,7429.5,855.0,yahoo
ABB,5m,2026-09-04T10:45:00+05:30,7429.5,7430.0,7429.5,7429.5,745.0,yahoo
ABB,5m,2026-09-04T10:50:00+05:30,7429.5,7429.5,7420.5,7426.5,1995.0,yahoo
ABB,5m,2026-09-04T10:55:00+05:30,7429.5,7429.5,7425.0,7426.0,425.0,yahoo
ABB,5m,2026-09-04T11:00:00+05:30,7425.0,7425.0,7412.0,7416.5,1910.0,yahoo
ABB,5m,2026-09-04T11:05:00+05:30,7416.5,7416.5,7413.0,7413.0,711.0,yahoo
ABB,5m,2026-09-04T11:10:00+05:30,7413.5,7421.5,7407.0,7418.5,3407.0,yahoo
ABB,5m,2026-09-04T11:15:00+05:30,7418.5,7419.0,7411.5,7412.0,886.0,yahoo
ABB,5m,2026-09-04T11:20:00+05:30,7412.0,7417.0,7402.5,7412.0,1647.0,yahoo
ABB,5m,2026-09-04T11:25:00+05:30,7412.0,7417.0,7410.0,7415.0,721.0,yahoo
ABB,5m,2026-09-04T11:30:00+05:30,7417.0,7422.5,7410.0,7410.5,1658.0,yahoo
ABB,5m,2026-09-04T11:35:00+05:30,7410.5,7415.5,7405.5,7411.0,1419.0,yahoo
ABB,5m,2026-09-04T11:40:00+05:30,7411.0,7413.0,7404.5,7408.5,1553.0,yahoo
ABB,5m,2026-09-04T11:45:00+05:30,7408.5,7410.0,7407.0,7407.0,568.0,yahoo
ABB,5m,2026-09-04T11:50:00+05:30,7407.0,7407.0,7403.0,7403.5,761.0,yahoo
ABB,5m,2026-09-04T11:55:00+05:30,7403.5,7421.0,7403.5,7420.5,1507.0,yahoo
ABB,5m,2026-09-04T12:00:00+05:30,7420.5,7425.0,7410.0,7410.0,1612.0,yahoo
ABB,5m,2026-09-04T12:05:00+05:30,7412.0,7426.0,7412.0,7420.0,3159.0,yahoo
ABB,5m,2026-09-04T12:10:00+05:30,7419.0,7419.0,7407.0,7407.5,813.0,yahoo
ABB,5m,2026-09-04T12:15:00+05:30,7407.5,7411.0,7406.0,7406.0,1365.0,yahoo
ABB,5m,2026-09-04T12:20:00+05:30,7406.0,7409.5,7405.0,7406.5,1349.0,yahoo
ABB,5m,2026-09-04T12:25:00+05:30,7405.0,7406.0,7401.5,7406.0,2067.0,yahoo
ABB,5m,2026-09-04T12:30:00+05:30,7407.5,7419.0,7407.0,7413.5,842.0,yahoo
ABB,5m,2026-09-04T12:35:00+05:30,7411.5,7411.5,7405.0,7405.0,1273.0,yahoo
ABB,5m,2026-09-04T12:40:00+05:30,7404.0,7404.5,7403.0,7403.0,67.0,yahoo
ABB,5m,2026-09-04T12:45:00+05:30,7402.0,7408.0,7401.5,7404.5,1136.0,yahoo
ABB,5m,2026-09-04T12:50:00+05:30,7405.0,7407.5,7386.0,7386.0,2359.0,yahoo
ABB,5m,2026-09-04T12:55:00+05:30,7387.0,7391.5,7378.0,7389.0,3723.0,yahoo
ABB,5m,2026-09-04T13:00:00+05:30,7388.0,7392.0,7382.5,7392.0,1081.0,yahoo
ABB,5m,2026-09-04T13:05:00+05:30,7392.0,7395.0,7391.5,7394.0,356.0,yahoo
ABB,5m,2026-09-04T13:10:00+05:30,7395.0,7414.0,7395.0,7413.5,3847.0,yahoo
ABB,5m,2026-09-04T13:15:00+05:30,7413.0,7418.0,7413.0,7415.0,1295.0,yahoo
ABB,5m,2026-09-04T13:20:00+05:30,7414.5,7430.0,7414.5,7427.0,2394.0,yahoo
ABB,5m,2026-09-04T13:25:00+05:30,7427.0,7437.0,7424.5,7437.0,2355.0,yahoo
ABB,5m,2026-09-04T13:30:00+05:30,7436.5,7444.5,7436.0,7442.5,1237.0,yahoo
ABB,5m,2026-09-04T13:35:00+05:30,7442.5,7457.5,7440.0,7452.5,3369.0,yahoo
ABB,5m,2026-09-04T13:40:00+05:30,7455.0,7456.0,7449.0,7449.5,1313.0,yahoo
ABB,5m,2026-09-04T13:45:00+05:30,7450.5,7455.5,7450.0,7452.0,829.0,yahoo
ABB,5m,2026-09-04T13:50:00+05:30,7451.5,7454.0,7450.0,7452.0,716.0,yahoo
ABB,5m,2026-09-04T13:55:00+05:30,7451.5,7452.0,7447.5,7447.5,932.0,yahoo
ABB,5m,2026-09-04T14:00:00+05:30,7449.5,7457.5,7437.5,7441.0,2683.0,yahoo
ABB,5m,2026-09-04T14:05:00+05:30,7442.0,7442.5,7433.0,7434.0,780.0,yahoo
ABB,5m,2026-09-04T14:10:00+05:30,7434.0,7435.5,7430.0,7434.5,1742.0,yahoo
ABB,5m,2026-09-04T14:15:00+05:30,7434.0,7435.0,7431.5,7431.5,268.0,yahoo
ABB,5m,2026-09-04T14:20:00+05:30,7432.0,7436.0,7412.0,7424.5,14497.0,yahoo
ABB,5m,2026-09-04T14:25:00+05:30,7424.0,7436.0,7424.0,7433.0,985.0,yahoo
ABB,5m,2026-09-04T14:30:00+05:30,7433.0,7436.0,7431.0,7434.0,680.0,yahoo
ABB,5m,2026-09-04T14:35:00+05:30,7434.0,7434.5,7430.0,7432.0,835.0,yahoo
ABB,5m,2026-09-04T14:40:00+05:30,7430.0,7431.0,7430.0,7431.0,1076.0,yahoo
ABB,5m,2026-09-04T14:45:00+05:30,7432.0,7437.0,7430.5,7434.0,1644.0,yahoo
ABB,5m,2026-09-04T14:50:00+05:30,7432.0,7439.0,7421.0,7421.0,5595.0,yahoo
ABB,5m,2026-09-04T14:55:00+05:30,7420.5,7420.5,7407.0,7409.0,2668.0,yahoo
ABB,5m,2026-09-04T15:00:00+05:30,7407.5,7407.5,7401.5,7406.5,3228.0,yahoo
ABB,5m,2026-09-04T15:05:00+05:30,7406.0,7407.5,7397.5,7404.5,6712.0,yahoo
ABB,5m,2026-09-04T15:10:00+05:30,7403.5,7419.0,7402.5,7414.0,4197.0,yahoo
ABB,5m,2026-09-04T15:15:00+05:30,7419.0,7419.0,7410.0,7410.0,1768.0,yahoo
ABCAPITAL,5m,2026-09-04T09:15:00+05:30,400.95001220703125,402.6499938964844,400.70001220703125,402.54998779296875,0.0,yahoo
ABCAPITAL,5m,2026-09-04T09:20:00+05:30,402.3999938964844,403.45001220703125,401.8999938964844,403.20001220703125,63600.0,yahoo
ABCAPITAL,5m,2026-09-04T09:25:00+05:30,403.20001220703125,403.3999938964844,402.1499938964844,402.5,27869.0,yahoo
ABCAPITAL,5m,2026-09-04T09:30:00+05:30,402.8500061035156,403.25,402.1000061035156,402.1499938964844,27274.0,yahoo
ABCAPITAL,5m,2026-09-04T09:35:00+05:30,402.1499938964844,403.04998779296875,401.3999938964844,402.1499938964844,35182.0,yahoo
ABCAPITAL,5m,2026-09-04T09:40:00+05:30,401.6000061035156,401.8500061035156,400.8999938964844,401.0,38664.0,yahoo
ABCAPITAL,5m,2026-09-04T09:45:00+05:30,401.1000061035156,401.6499938964844,401.0,401.1000061035156,23396.0,yahoo
ABCAPITAL,5m,2026-09-04T09:50:00+05:30,400.79998779296875,401.6499938964844,400.75,401.20001220703125,36548.0,yahoo
ABCAPITAL,5m,2026-09-04T09:55:00+05:30,401.1000061035156,402.5,400.6000061035156,402.1499938964844,26979.0,yahoo
ABCAPITAL,5m,2026-09-04T10:00:00+05:30,402.29998779296875,403.54998779296875,402.04998779296875,402.75,41621.0,yahoo
ABCAPITAL,5m,2026-09-04T10:05:00+05:30,402.75,404.04998779296875,402.54998779296875,403.45001220703125,38727.0,yahoo
ABCAPITAL,5m,2026-09-04T10:10:00+05:30,403.3500061035156,404.6000061035156,403.3500061035156,404.1000061035156,44299.0,yahoo
ABCAPITAL,5m,2026-09-04T10:15:00+05:30,404.1000061035156,404.1000061035156,403.6499938964844,403.8500061035156,15181.0,yahoo
ABCAPITAL,5m,2026-09-04T10:20:00+05:30,403.6499938964844,404.1000061035156,403.45001220703125,403.75,16858.0,yahoo
ABCAPITAL,5m,2026-09-04T10:25:00+05:30,403.95001220703125,403.95001220703125,403.5,403.5,12719.0,yahoo
ABCAPITAL,5m,2026-09-04T10:30:00+05:30,403.6499938964844,405.45001220703125,403.6499938964844,405.20001220703125,76097.0,yahoo
ABCAPITAL,5m,2026-09-04T10:35:00+05:30,405.45001220703125,405.8500061035156,405.1000061035156,405.3500061035156,66207.0,yahoo
ABCAPITAL,5m,2026-09-04T10:40:00+05:30,405.3999938964844,405.5,404.5,404.8999938964844,71068.0,yahoo
ABCAPITAL,5m,2026-09-04T10:45:00+05:30,404.8500061035156,404.8999938964844,404.3999938964844,404.5,19898.0,yahoo
ABCAPITAL,5m,2026-09-04T10:50:00+05:30,404.6000061035156,404.6000061035156,404.3999938964844,404.5,58456.0,yahoo
ABCAPITAL,5m,2026-09-04T10:55:00+05:30,404.5,404.5,403.70001220703125,403.75,42724.0,yahoo
ABCAPITAL,5m,2026-09-04T11:00:00+05:30,403.8999938964844,404.1499938964844,403.3500061035156,403.6499938964844,32683.0,yahoo
ABCAPITAL,5m,2026-09-04T11:05:00+05:30,403.8500061035156,404.20001220703125,403.54998779296875,404.20001220703125,11376.0,yahoo
ABCAPITAL,5m,2026-09-04T11:10:00+05:30,404.1499938964844,404.1499938964844,403.6000061035156,403.8999938964844,9440.0,yahoo
ABCAPITAL,5m,2026-09-04T11:15:00+05:30,403.75,404.3999938964844,403.75,404.3500061035156,12853.0,yahoo
ABCAPITAL,5m,2026-09-04T11:20:00+05:30,404.3500061035156,404.3999938964844,403.8999938964844,403.95001220703125,11225.0,yahoo
ABCAPITAL,5m,2026-09-04T11:25:00+05:30,403.95001220703125,404.5,403.79998779296875,404.04998779296875,10462.0,yahoo
ABCAPITAL,5m,2026-09-04T11:30:00+05:30,404.1000061035156,404.6499938964844,404.04998779296875,404.6499938964844,17512.0,yahoo
ABCAPITAL,5m,2026-09-04T11:35:00+05:30,404.6000061035156,405.1499938964844,404.45001220703125,404.6499938964844,42240.0,yahoo
ABCAPITAL,5m,2026-09-04T11:40:00+05:30,404.79998779296875,405.0,404.5,404.75,48882.0,yahoo
ABCAPITAL,5m,2026-09-04T11:45:00+05:30,404.8999938964844,405.04998779296875,404.5,405.0,65201.0,yahoo
ABCAPITAL,5m,2026-09-04T11:50:00+05:30,405.1000061035156,406.3500061035156,404.95001220703125,406.3500061035156,60123.0,yahoo
ABCAPITAL,5m,2026-09-04T11:55:00+05:30,406.45001220703125,407.0,406.04998779296875,406.5,37426.0,yahoo
ABCAPITAL,5m,2026-09-04T12:00:00+05:30,406.3999938964844,406.3999938964844,404.8500061035156,405.04998779296875,32248.0,yahoo
ABCAPITAL,5m,2026-09-04T12:05:00+05:30,405.0,405.5,405.0,405.1499938964844,13254.0,yahoo
ABCAPITAL,5m,2026-09-04T12:10:00+05:30,405.1499938964844,405.1499938964844,404.3999938964844,404.6000061035156,61323.0,yahoo
ABCAPITAL,5m,2026-09-04T12:15:00+05:30,404.6499938964844,404.6499938964844,404.1499938964844,404.25,16544.0,yahoo
ABCAPITAL,5m,2026-09-04T12:20:00+05:30,404.20001220703125,404.45001220703125,403.8500061035156,404.1000061035156,14392.0,yahoo
ABCAPITAL,5m,2026-09-04T12:25:00+05:30,403.95001220703125,404.45001220703125,403.8999938964844,404.25,9166.0,yahoo
ABCAPITAL,5m,2026-09-04T12:30:00+05:30,404.3999938964844,404.70001220703125,404.1000061035156,404.3999938964844,14872.0,yahoo
ABCAPITAL,5m,2026-09-04T12:35:00+05:30,404.20001220703125,404.5,404.1499938964844,404.5,9764.0,yahoo
ABCAPITAL,5m,2026-09-04T12:40:00+05:30,404.5,404.6000061035156,404.29998779296875,404.3999938964844,9086.0,yahoo
ABCAPITAL,5m,2026-09-04T12:45:00+05:30,404.29998779296875,404.95001220703125,404.1000061035156,404.8999938964844,12019.0,yahoo
ABCAPITAL,5m,2026-09-04T12:50:00+05:30,404.8999938964844,404.8999938964844,404.54998779296875,404.6000061035156,8909.0,yahoo
ABCAPITAL,5m,2026-09-04T12:55:00+05:30,404.6000061035156,404.6000061035156,404.0,404.3999938964844,9485.0,yahoo
ABCAPITAL,5m,2026-09-04T13:00:00+05:30,404.3999938964844,404.6499938964844,404.25,404.45001220703125,7210.0,yahoo
ABCAPITAL,5m,2026-09-04T13:05:00+05:30,404.29998779296875,405.0,404.29998779296875,404.95001220703125,9913.0,yahoo
ABCAPITAL,5m,2026-09-04T13:10:00+05:30,405.0,405.0,404.6000061035156,404.79998779296875,9775.0,yahoo
ABCAPITAL,5m,2026-09-04T13:15:00+05:30,404.6499938964844,405.0,404.6499938964844,404.8999938964844,10076.0,yahoo
ABCAPITAL,5m,2026-09-04T13:20:00+05:30,404.8500061035156,405.04998779296875,404.25,404.3500061035156,29656.0,yahoo
ABCAPITAL,5m,2026-09-04T13:25:00+05:30,404.20001220703125,404.6000061035156,404.20001220703125,404.6000061035156,8531.0,yahoo
ABCAPITAL,5m,2026-09-04T13:30:00+05:30,404.70001220703125,404.79998779296875,404.45001220703125,404.75,9469.0,yahoo
ABCAPITAL,5m,2026-09-04T13:35:00+05:30,404.54998779296875,404.8500061035156,404.54998779296875,404.8500061035156,4381.0,yahoo
ABCAPITAL,5m,2026-09-04T13:40:00+05:30,404.70001220703125,405.95001220703125,404.54998779296875,405.1000061035156,78062.0,yahoo
ABCAPITAL,5m,2026-09-04T13:45:00+05:30,405.1000061035156,405.45001220703125,404.95001220703125,405.0,8623.0,yahoo
ABCAPITAL,5m,2026-09-04T13:50:00+05:30,405.0,405.1000061035156,404.79998779296875,405.0,9859.0,yahoo
ABCAPITAL,5m,2026-09-04T13:55:00+05:30,404.5,405.0,404.5,404.8999938964844,18901.0,yahoo
ABCAPITAL,5m,2026-09-04T14:00:00+05:30,404.6000061035156,404.79998779296875,404.3500061035156,404.45001220703125,6076.0,yahoo
ABCAPITAL,5m,2026-09-04T14:05:00+05:30,404.45001220703125,404.70001220703125,404.3999938964844,404.70001220703125,4263.0,yahoo
ABCAPITAL,5m,2026-09-04T14:10:00+05:30,404.70001220703125,405.3500061035156,404.70001220703125,405.20001220703125,33652.0,yahoo
ABCAPITAL,5m,2026-09-04T14:15:00+05:30,405.25,405.25,404.75,405.0,6960.0,yahoo
ABCAPITAL,5m,2026-09-04T14:20:00+05:30,404.95001220703125,405.3500061035156,404.8500061035156,405.20001220703125,14600.0,yahoo
ABCAPITAL,5m,2026-09-04T14:25:00+05:30,405.20001220703125,405.5,405.0,405.5,24123.0,yahoo
ABCAPITAL,5m,2026-09-04T14:30:00+05:30,405.45001220703125,406.29998779296875,405.0,406.25,58920.0,yahoo
ABCAPITAL,5m,2026-09-04T14:35:00+05:30,406.25,406.5,405.8500061035156,406.5,15043.0,yahoo
ABCAPITAL,5m,2026-09-04T14:40:00+05:30,406.45001220703125,406.79998779296875,406.1499938964844,406.45001220703125,17771.0,yahoo
ABCAPITAL,5m,2026-09-04T14:45:00+05:30,406.6000061035156,407.0,406.3500061035156,407.0,33173.0,yahoo
ABCAPITAL,5m,2026-09-04T14:50:00+05:30,407.0,407.3500061035156,406.6499938964844,406.8500061035156,70844.0,yahoo
ABCAPITAL,5m,2026-09-04T14:55:00+05:30,406.6499938964844,406.6499938964844,405.79998779296875,405.95001220703125,36959.0,yahoo
ABCAPITAL,5m,2026-09-04T15:00:00+05:30,405.95001220703125,406.1000061035156,405.3999938964844,405.54998779296875,44164.0,yahoo
ABCAPITAL,5m,2026-09-04T15:05:00+05:30,405.6499938964844,405.95001220703125,405.3999938964844,405.54998779296875,65129.0,yahoo
ABCAPITAL,5m,2026-09-04T15:10:00+05:30,405.6000061035156,406.95001220703125,405.1000061035156,406.95001220703125,90001.0,yahoo
ABCAPITAL,5m,2026-09-04T15:15:00+05:30,407.0,407.0,404.8999938964844,404.8999938964844,24810.0,yahoo
ADANIENT,5m,2026-09-04T09:15:00+05:30,2895.10009765625,2896.60009765625,2882.800048828125,2896.0,0.0,yahoo
ADANIENT,5m,2026-09-04T09:20:00+05:30,2895.699951171875,2898.0,2891.699951171875,2895.699951171875,24580.0,yahoo
ADANIENT,5m,2026-09-04T09:25:00+05:30,2895.0,2902.39990234375,2892.199951171875,2895.0,15730.0,yahoo
ADANIENT,5m,2026-09-04T09:30:00+05:30,2895.0,2899.39990234375,2895.0,2896.10009765625,13213.0,yahoo
ADANIENT,5m,2026-09-04T09:35:00+05:30,2896.800048828125,2917.89990234375,2896.199951171875,2913.0,35167.0,yahoo
ADANIENT,5m,2026-09-04T09:40:00+05:30,2913.0,2913.89990234375,2908.5,2909.0,9030.0,yahoo
ADANIENT,5m,2026-09-04T09:45:00+05:30,2909.0,2922.10009765625,2909.0,2918.5,29305.0,yahoo
ADANIENT,5m,2026-09-04T09:50:00+05:30,2918.5,2919.89990234375,2917.300048828125,2917.300048828125,12040.0,yahoo
ADANIENT,5m,2026-09-04T09:55:00+05:30,2918.0,2918.89990234375,2916.10009765625,2917.800048828125,6441.0,yahoo
ADANIENT,5m,2026-09-04T10:00:00+05:30,2917.60009765625,2924.89990234375,2917.60009765625,2924.5,14597.0,yahoo
ADANIENT,5m,2026-09-04T10:05:00+05:30,2924.5,2926.89990234375,2920.300048828125,2923.699951171875,16290.0,yahoo
ADANIENT,5m,2026-09-04T10:10:00+05:30,2923.300048828125,2934.199951171875,2923.0,2931.10009765625,41961.0,yahoo
ADANIENT,5m,2026-09-04T10:15:00+05:30,2930.800048828125,2944.0,2929.0,2940.300048828125,58534.0,yahoo
ADANIENT,5m,2026-09-04T10:20:00+05:30,2941.0,2944.800048828125,2934.39990234375,2935.5,33229.0,yahoo
ADANIENT,5m,2026-09-04T10:25:00+05:30,2934.5,2941.800048828125,2934.5,2937.10009765625,15784.0,yahoo
ADANIENT,5m,2026-09-04T10:30:00+05:30,2936.0,2937.300048828125,2930.0,2930.300048828125,13253.0,yahoo
ADANIENT,5m,2026-09-04T10:35:00+05:30,2931.0,2932.0,2928.60009765625,2931.199951171875,15450.0,yahoo
ADANIENT,5m,2026-09-04T10:40:00+05:30,2932.0,2943.199951171875,2930.0,2936.5,32794.0,yahoo
ADANIENT,5m,2026-09-04T10:45:00+05:30,2937.800048828125,2938.10009765625,2934.60009765625,2935.800048828125,7641.0,yahoo
ADANIENT,5m,2026-09-04T10:50:00+05:30,2935.800048828125,2935.89990234375,2932.699951171875,2933.89990234375,6804.0,yahoo
ADANIENT,5m,2026-09-04T10:55:00+05:30,2934.0,2935.0,2932.800048828125,2932.800048828125,2697.0,yahoo
ADANIENT,5m,2026-09-04T11:00:00+05:30,2933.60009765625,2933.89990234375,2930.10009765625,2932.699951171875,8569.0,yahoo
ADANIENT,5m,2026-09-04T11:05:00+05:30,2932.39990234375,2935.0,2930.0,2934.800048828125,4854.0,yahoo
ADANIENT,5m,2026-09-04T11:10:00+05:30,2934.10009765625,2935.89990234375,2929.0,2929.800048828125,14263.0,yahoo
ADANIENT,5m,2026-09-04T11:15:00+05:30,2929.800048828125,2935.0,2929.60009765625,2934.89990234375,5282.0,yahoo
ADANIENT,5m,2026-09-04T11:20:00+05:30,2934.800048828125,2935.89990234375,2930.699951171875,2932.0,4316.0,yahoo
ADANIENT,5m,2026-09-04T11:25:00+05:30,2931.800048828125,2937.5,2930.89990234375,2936.10009765625,7166.0,yahoo
ADANIENT,5m,2026-09-04T11:30:00+05:30,2936.800048828125,2945.199951171875,2935.800048828125,2942.5,29068.0,yahoo
ADANIENT,5m,2026-09-04T11:35:00+05:30,2942.199951171875,2942.300048828125,2937.0,2941.0,9648.0,yahoo
ADANIENT,5m,2026-09-04T11:40:00+05:30,2940.39990234375,2951.0,2940.300048828125,2949.89990234375,43519.0,yahoo
ADANIENT,5m,2026-09-04T11:45:00+05:30,2949.39990234375,2951.800048828125,2946.0,2950.0,19933.0,yahoo
ADANIENT,5m,2026-09-04T11:50:00+05:30,2950.0,2959.60009765625,2949.800048828125,2958.5,46212.0,yahoo
ADANIENT,5m,2026-09-04T11:55:00+05:30,2958.5,2965.0,2954.0,2957.300048828125,31993.0,yahoo
ADANIENT,5m,2026-09-04T12:00:00+05:30,2957.300048828125,2958.60009765625,2953.0,2953.10009765625,14647.0,yahoo
ADANIENT,5m,2026-09-04T12:05:00+05:30,2953.89990234375,2955.0,2951.5,2952.89990234375,7895.0,yahoo
ADANIENT,5m,2026-09-04T12:10:00+05:30,2951.89990234375,2952.699951171875,2943.800048828125,2945.10009765625,15846.0,yahoo
ADANIENT,5m,2026-09-04T12:15:00+05:30,2946.0,2946.0,2941.0,2943.0,13763.0,yahoo
ADANIENT,5m,2026-09-04T12:20:00+05:30,2943.39990234375,2945.0,2941.10009765625,2941.800048828125,2782.0,yahoo
ADANIENT,5m,2026-09-04T12:25:00+05:30,2941.699951171875,2941.699951171875,2937.199951171875,2940.300048828125,8529.0,yahoo
ADANIENT,5m,2026-09-04T12:30:00+05:30,2940.39990234375,2943.89990234375,2940.10009765625,2940.10009765625,8302.0,yahoo
ADANIENT,5m,2026-09-04T12:35:00+05:30,2940.5,2943.0,2939.10009765625,2940.60009765625,4214.0,yahoo
ADANIENT,5m,2026-09-04T12:40:00+05:30,2940.699951171875,2947.800048828125,2940.699951171875,2942.0,8507.0,yahoo
ADANIENT,5m,2026-09-04T12:45:00+05:30,2942.0,2943.89990234375,2941.300048828125,2942.60009765625,4770.0,yahoo
ADANIENT,5m,2026-09-04T12:50:00+05:30,2943.89990234375,2945.699951171875,2942.300048828125,2943.60009765625,3895.0,yahoo
ADANIENT,5m,2026-09-04T12:55:00+05:30,2943.699951171875,2943.699951171875,2938.0,2938.0,6912.0,yahoo
ADANIENT,5m,2026-09-04T13:00:00+05:30,2938.0,2939.39990234375,2935.89990234375,2937.39990234375,10746.0,yahoo
ADANIENT,5m,2026-09-04T13:05:00+05:30,2937.39990234375,2943.89990234375,2936.0,2943.699951171875,13944.0,yahoo
ADANIENT,5m,2026-09-04T13:10:00+05:30,2945.5,2949.800048828125,2944.10009765625,2947.0,9506.0,yahoo
ADANIENT,5m,2026-09-04T13:15:00+05:30,2946.800048828125,2949.89990234375,2943.89990234375,2944.0,17501.0,yahoo
ADANIENT,5m,2026-09-04T13:20:00+05:30,2944.60009765625,2945.60009765625,2942.10009765625,2943.0,3494.0,yahoo
ADANIENT,5m,2026-09-04T13:25:00+05:30,2943.0,2945.0,2943.0,2943.0,2399.0,yahoo
ADANIENT,5m,2026-09-04T13:30:00+05:30,2943.60009765625,2946.199951171875,2942.5,2943.5,3034.0,yahoo
ADANIENT,5m,2026-09-04T13:35:00+05:30,2943.39990234375,2943.89990234375,2941.800048828125,2942.0,3787.0,yahoo
ADANIENT,5m,2026-09-04T13:40:00+05:30,2942.5,2942.5,2939.0,2939.300048828125,2752.0,yahoo
ADANIENT,5m,2026-09-04T13:45:00+05:30,2939.800048828125,2942.60009765625,2939.0,2941.800048828125,4566.0,yahoo
ADANIENT,5m,2026-09-04T13:50:00+05:30,2941.5,2941.800048828125,2938.0,2938.10009765625,5235.0,yahoo
ADANIENT,5m,2026-09-04T13:55:00+05:30,2938.60009765625,2939.699951171875,2938.0,2938.300048828125,4534.0,yahoo
ADANIENT,5m,2026-09-04T14:00:00+05:30,2939.10009765625,2940.5,2938.300048828125,2940.0,3996.0,yahoo
ADANIENT,5m,2026-09-04T14:05:00+05:30,2939.699951171875,2940.89990234375,2938.0,2938.5,3047.0,yahoo
ADANIENT,5m,2026-09-04T14:10:00+05:30,2938.800048828125,2940.0,2938.5,2939.60009765625,3196.0,yahoo
ADANIENT,5m,2026-09-04T14:15:00+05:30,2939.10009765625,2939.89990234375,2938.5,2939.0,1798.0,yahoo
ADANIENT,5m,2026-09-04T14:20:00+05:30,2939.0,2940.10009765625,2937.800048828125,2939.699951171875,7219.0,yahoo
ADANIENT,5m,2026-09-04T14:25:00+05:30,2939.699951171875,2941.800048828125,2939.39990234375,2941.300048828125,4785.0,yahoo
ADANIENT,5m,2026-09-04T14:30:00+05:30,2941.300048828125,2945.60009765625,2941.300048828125,2944.60009765625,12811.0,yahoo
ADANIENT,5m,2026-09-04T14:35:00+05:30,2944.199951171875,2945.199951171875,2938.0,2938.60009765625,12393.0,yahoo
ADANIENT,5m,2026-09-04T14:40:00+05:30,2938.699951171875,2940.800048828125,2937.0,2938.10009765625,5115.0,yahoo
ADANIENT,5m,2026-09-04T14:45:00+05:30,2938.10009765625,2938.10009765625,2936.0,2936.5,8309.0,yahoo
ADANIENT,5m,2026-09-04T14:50:00+05:30,2936.60009765625,2943.300048828125,2936.60009765625,2940.10009765625,15986.0,yahoo
ADANIENT,5m,2026-09-04T14:55:00+05:30,2938.60009765625,2940.89990234375,2938.60009765625,2938.89990234375,8479.0,yahoo
ADANIENT,5m,2026-09-04T15:00:00+05:30,2939.699951171875,2939.699951171875,2937.0,2937.39990234375,19168.0,yahoo
ADANIENT,5m,2026-09-04T15:05:00+05:30,2937.199951171875,2940.0,2936.699951171875,2939.300048828125,41471.0,yahoo
ADANIENT,5m,2026-09-04T15:10:00+05:30,2940.0,2945.0,2936.0,2936.800048828125,48890.0,yahoo
ADANIENT,5m,2026-09-04T15:15:00+05:30,2942.60009765625,2942.60009765625,2938.0,2938.0,11510.0,yahoo
ADANIPORTS,5m,2026-09-04T09:15:00+05:30,1705.699951171875,1705.699951171875,1692.4000244140625,1698.699951171875,0.0,yahoo
ADANIPORTS,5m,2026-09-04T09:20:00+05:30,1699.0,1701.800048828125,1697.4000244140625,1701.0,21023.0,yahoo
ADANIPORTS,5m,2026-09-04T09:25:00+05:30,1701.0,1703.800048828125,1701.0,1703.5999755859375,19498.0,yahoo
ADANIPORTS,5m,2026-09-04T09:30:00+05:30,1703.699951171875,1704.5999755859375,1702.5999755859375,1702.5999755859375,12683.0,yahoo
ADANIPORTS,5m,2026-09-04T09:35:00+05:30,1702.0,1707.800048828125,1701.5999755859375,1707.5999755859375,21839.0,yahoo
ADANIPORTS,5m,2026-09-04T09:40:00+05:30,1707.0999755859375,1707.199951171875,1703.800048828125,1704.800048828125,15377.0,yahoo
ADANIPORTS,5m,2026-09-04T09:45:00+05:30,1704.0999755859375,1706.9000244140625,1703.9000244140625,1706.800048828125,10817.0,yahoo
ADANIPORTS,5m,2026-09-04T09:50:00+05:30,1706.199951171875,1706.300048828125,1704.0,1704.0999755859375,10855.0,yahoo
ADANIPORTS,5m,2026-09-04T09:55:00+05:30,1704.699951171875,1706.699951171875,1703.0,1706.5999755859375,13277.0,yahoo
ADANIPORTS,5m,2026-09-04T10:00:00+05:30,1706.4000244140625,1707.699951171875,1705.199951171875,1707.300048828125,18574.0,yahoo
ADANIPORTS,5m,2026-09-04T10:05:00+05:30,1707.4000244140625,1708.5999755859375,1706.4000244140625,1707.300048828125,13947.0,yahoo
ADANIPORTS,5m,2026-09-04T10:10:00+05:30,1707.4000244140625,1713.699951171875,1707.0,1712.300048828125,54575.0,yahoo
ADANIPORTS,5m,2026-09-04T10:15:00+05:30,1711.800048828125,1714.800048828125,1711.800048828125,1714.699951171875,36103.0,yahoo
ADANIPORTS,5m,2026-09-04T10:20:00+05:30,1714.4000244140625,1715.9000244140625,1713.199951171875,1715.0,35504.0,yahoo
ADANIPORTS,5m,2026-09-04T10:25:00+05:30,1714.300048828125,1716.5999755859375,1714.300048828125,1715.5,38534.0,yahoo
ADANIPORTS,5m,2026-09-04T10:30:00+05:30,1715.300048828125,1715.800048828125,1713.0,1713.9000244140625,23794.0,yahoo
ADANIPORTS,5m,2026-09-04T10:35:00+05:30,1714.0,1714.0,1711.199951171875,1713.0,20244.0,yahoo
ADANIPORTS,5m,2026-09-04T10:40:00+05:30,1713.0,1715.0,1712.199951171875,1714.5999755859375,14913.0,yahoo
ADANIPORTS,5m,2026-09-04T10:45:00+05:30,1714.5,1714.5999755859375,1713.199951171875,1714.4000244140625,14586.0,yahoo
ADANIPORTS,5m,2026-09-04T10:50:00+05:30,1714.4000244140625,1714.5,1712.0999755859375,1712.4000244140625,8707.0,yahoo
ADANIPORTS,5m,2026-09-04T10:55:00+05:30,1712.699951171875,1712.9000244140625,1711.5999755859375,1712.5,11876.0,yahoo
ADANIPORTS,5m,2026-09-04T11:00:00+05:30,1712.5,1712.5,1709.699951171875,1710.300048828125,24275.0,yahoo
ADANIPORTS,5m,2026-09-04T11:05:00+05:30,1711.0,1711.5,1708.5999755859375,1709.9000244140625,17148.0,yahoo
ADANIPORTS,5m,2026-09-04T11:10:00+05:30,1709.800048828125,1710.199951171875,1709.0,1709.199951171875,8229.0,yahoo
ADANIPORTS,5m,2026-09-04T11:15:00+05:30,1709.199951171875,1709.5999755859375,1707.699951171875,1708.699951171875,19464.0,yahoo
ADANIPORTS,5m,2026-09-04T11:20:00+05:30,1708.699951171875,1709.0,1707.199951171875,1707.699951171875,13526.0,yahoo
ADANIPORTS,5m,2026-09-04T11:25:00+05:30,1707.800048828125,1710.0,1707.800048828125,1709.5999755859375,12652.0,yahoo
ADANIPORTS,5m,2026-09-04T11:30:00+05:30,1709.300048828125,1711.800048828125,1709.0999755859375,1709.9000244140625,22299.0,yahoo
ADANIPORTS,5m,2026-09-04T11:35:00+05:30,1710.0,1710.800048828125,1709.800048828125,1710.699951171875,8660.0,yahoo
ADANIPORTS,5m,2026-09-04T11:40:00+05:30,1710.5,1711.300048828125,1710.4000244140625,1711.300048828125,9919.0,yahoo
ADANIPORTS,5m,2026-09-04T11:45:00+05:30,1711.300048828125,1712.0,1711.0999755859375,1712.0,10690.0,yahoo
ADANIPORTS,5m,2026-09-04T11:50:00+05:30,1712.0,1712.4000244140625,1710.0,1712.4000244140625,10141.0,yahoo
ADANIPORTS,5m,2026-09-04T11:55:00+05:30,1712.5,1713.800048828125,1710.0,1710.4000244140625,13017.0,yahoo
ADANIPORTS,5m,2026-09-04T12:00:00+05:30,1710.800048828125,1711.199951171875,1706.0999755859375,1706.0999755859375,40541.0,yahoo
ADANIPORTS,5m,2026-09-04T12:05:00+05:30,1705.4000244140625,1707.5999755859375,1705.4000244140625,1706.199951171875,28782.0,yahoo
ADANIPORTS,5m,2026-09-04T12:10:00+05:30,1706.199951171875,1706.4000244140625,1703.4000244140625,1703.9000244140625,18981.0,yahoo
ADANIPORTS,5m,2026-09-04T12:15:00+05:30,1704.199951171875,1704.5999755859375,1702.4000244140625,1704.4000244140625,21849.0,yahoo
ADANIPORTS,5m,2026-09-04T12:20:00+05:30,1704.800048828125,1704.800048828125,1703.0999755859375,1703.4000244140625,13051.0,yahoo
ADANIPORTS,5m,2026-09-04T12:25:00+05:30,1703.4000244140625,1705.0,1702.699951171875,1704.5,13028.0,yahoo
ADANIPORTS,5m,2026-09-04T12:30:00+05:30,1704.9000244140625,1705.199951171875,1704.0,1704.800048828125,9431.0,yahoo
ADANIPORTS,5m,2026-09-04T12:35:00+05:30,1705.0,1705.0,1704.0,1704.4000244140625,6592.0,yahoo
ADANIPORTS,5m,2026-09-04T12:40:00+05:30,1704.5,1706.0,1704.5,1705.5,9819.0,yahoo
ADANIPORTS,5m,2026-09-04T12:45:00+05:30,1705.5,1706.300048828125,1705.0,1705.5,10853.0,yahoo
ADANIPORTS,5m,2026-09-04T12:50:00+05:30,1705.5,1706.699951171875,1705.300048828125,1706.5999755859375,6795.0,yahoo
ADANIPORTS,5m,2026-09-04T12:55:00+05:30,1706.5999755859375,1706.5999755859375,1705.0,1705.199951171875,5978.0,yahoo
ADANIPORTS,5m,2026-09-04T13:00:00+05:30,1705.4000244140625,1705.4000244140625,1704.5999755859375,1705.0999755859375,3072.0,yahoo
ADANIPORTS,5m,2026-09-04T13:05:00+05:30,1705.0,1706.5,1704.0999755859375,1706.5,7501.0,yahoo
ADANIPORTS,5m,2026-09-04T13:10:00+05:30,1706.4000244140625,1707.5999755859375,1705.5999755859375,1706.4000244140625,8270.0,yahoo
ADANIPORTS,5m,2026-09-04T13:15:00+05:30,1706.5999755859375,1707.0999755859375,1705.0999755859375,1705.800048828125,4650.0,yahoo
ADANIPORTS,5m,2026-09-04T13:20:00+05:30,1705.800048828125,1707.5,1705.800048828125,1707.300048828125,18887.0,yahoo
ADANIPORTS,5m,2026-09-04T13:25:00+05:30,1707.5,1708.5,1706.4000244140625,1707.5999755859375,18184.0,yahoo
ADANIPORTS,5m,2026-09-04T13:30:00+05:30,1707.5999755859375,1707.699951171875,1706.0,1707.0,4831.0,yahoo
ADANIPORTS,5m,2026-09-04T13:35:00+05:30,1707.199951171875,1707.5999755859375,1706.199951171875,1707.199951171875,3829.0,yahoo
ADANIPORTS,5m,2026-09-04T13:40:00+05:30,1707.0999755859375,1707.0999755859375,1706.0,1706.9000244140625,4034.0,yahoo
ADANIPORTS,5m,2026-09-04T13:45:00+05:30,1706.9000244140625,1707.5,1706.0,1707.199951171875,7343.0,yahoo
ADANIPORTS,5m,2026-09-04T13:50:00+05:30,1707.300048828125,1707.300048828125,1706.0,1706.0,6269.0,yahoo
ADANIPORTS,5m,2026-09-04T13:55:00+05:30,1706.0999755859375,1706.5999755859375,1706.0,1706.0999755859375,6191.0,yahoo
ADANIPORTS,5m,2026-09-04T14:00:00+05:30,1706.0,1706.300048828125,1705.5,1706.199951171875,19086.0,yahoo
ADANIPORTS,5m,2026-09-04T14:05:00+05:30,1706.199951171875,1706.699951171875,1705.800048828125,1705.800048828125,19347.0,yahoo
ADANIPORTS,5m,2026-09-04T14:10:00+05:30,1705.800048828125,1707.5,1705.800048828125,1707.5,10224.0,yahoo
ADANIPORTS,5m,2026-09-04T14:15:00+05:30,1707.5,1707.5,1706.4000244140625,1707.0999755859375,5185.0,yahoo
ADANIPORTS,5m,2026-09-04T14:20:00+05:30,1707.0,1707.699951171875,1706.300048828125,1707.699951171875,6113.0,yahoo
ADANIPORTS,5m,2026-09-04T14:25:00+05:30,1707.699951171875,1708.0,1706.199951171875,1707.5999755859375,5127.0,yahoo
ADANIPORTS,5m,2026-09-04T14:30:00+05:30,1707.800048828125,1708.4000244140625,1707.0,1708.0,7848.0,yahoo
ADANIPORTS,5m,2026-09-04T14:35:00+05:30,1708.0,1708.0,1706.0,1706.0,10668.0,yahoo
ADANIPORTS,5m,2026-09-04T14:40:00+05:30,1706.0,1706.5,1705.5,1706.0,16163.0,yahoo
ADANIPORTS,5m,2026-09-04T14:45:00+05:30,1706.199951171875,1706.5999755859375,1705.5,1706.5,27320.0,yahoo
ADANIPORTS,5m,2026-09-04T14:50:00+05:30,1706.5,1707.0,1706.0999755859375,1706.699951171875,15539.0,yahoo
ADANIPORTS,5m,2026-09-04T14:55:00+05:30,1706.4000244140625,1706.5,1706.0999755859375,1706.300048828125,19283.0,yahoo
ADANIPORTS,5m,2026-09-04T15:00:00+05:30,1706.800048828125,1706.800048828125,1705.5,1706.300048828125,42848.0,yahoo
ADANIPORTS,5m,2026-09-04T15:05:00+05:30,1706.699951171875,1706.699951171875,1705.0,1705.4000244140625,35796.0,yahoo
ADANIPORTS,5m,2026-09-04T15:10:00+05:30,1705.199951171875,1707.199951171875,1705.199951171875,1706.699951171875,80903.0,yahoo
ADANIPORTS,5m,2026-09-04T15:15:00+05:30,1706.800048828125,1707.300048828125,1706.800048828125,1707.300048828125,29516.0,yahoo
APOLLOHOSP,5m,2026-09-04T09:15:00+05:30,8712.5,8727.0,8696.0,8715.0,0.0,yahoo
APOLLOHOSP,5m,2026-09-04T09:20:00+05:30,8715.5,8719.5,8712.0,8715.0,5933.0,yahoo
APOLLOHOSP,5m,2026-09-04T09:25:00+05:30,8715.5,8719.0,8709.0,8712.0,3301.0,yahoo
APOLLOHOSP,5m,2026-09-04T09:30:00+05:30,8711.0,8719.0,8709.5,8709.5,2899.0,yahoo
APOLLOHOSP,5m,2026-09-04T09:35:00+05:30,8707.0,8711.0,8703.0,8709.0,1568.0,yahoo
APOLLOHOSP,5m,2026-09-04T09:40:00+05:30,8709.5,8712.0,8705.0,8710.5,1512.0,yahoo
APOLLOHOSP,5m,2026-09-04T09:45:00+05:30,8709.5,8713.5,8703.5,8712.0,4214.0,yahoo
APOLLOHOSP,5m,2026-09-04T09:50:00+05:30,8712.0,8712.5,8705.5,8709.5,4282.0,yahoo
APOLLOHOSP,5m,2026-09-04T09:55:00+05:30,8709.0,8712.0,8709.0,8712.0,2617.0,yahoo
APOLLOHOSP,5m,2026-09-04T10:00:00+05:30,8712.0,8712.0,8709.0,8709.0,1981.0,yahoo
APOLLOHOSP,5m,2026-09-04T10:05:00+05:30,8708.5,8711.0,8702.0,8709.0,1940.0,yahoo
APOLLOHOSP,5m,2026-09-04T10:10:00+05:30,8709.0,8709.0,8703.0,8706.0,813.0,yahoo
APOLLOHOSP,5m,2026-09-04T10:15:00+05:30,8705.5,8711.5,8705.0,8711.5,1176.0,yahoo
APOLLOHOSP,5m,2026-09-04T10:20:00+05:30,8711.5,8711.5,8705.0,8707.5,972.0,yahoo
APOLLOHOSP,5m,2026-09-04T10:25:00+05:30,8707.5,8707.5,8705.0,8707.5,763.0,yahoo
APOLLOHOSP,5m,2026-09-04T10:30:00+05:30,8706.0,8707.5,8702.0,8705.0,1105.0,yahoo
APOLLOHOSP,5m,2026-09-04T10:35:00+05:30,8705.5,8707.5,8702.5,8705.5,3646.0,yahoo
APOLLOHOSP,5m,2026-09-04T10:40:00+05:30,8705.5,8706.0,8686.0,8688.0,7193.0,yahoo
APOLLOHOSP,5m,2026-09-04T10:45:00+05:30,8688.0,8688.5,8684.0,8687.0,638.0,yahoo
APOLLOHOSP,5m,2026-09-04T10:50:00+05:30,8687.0,8687.5,8687.0,8687.5,796.0,yahoo
APOLLOHOSP,5m,2026-09-04T10:55:00+05:30,8687.0,8687.5,8681.0,8681.0,1442.0,yahoo
APOLLOHOSP,5m,2026-09-04T11:00:00+05:30,8681.0,8681.5,8678.0,8679.0,2323.0,yahoo
APOLLOHOSP,5m,2026-09-04T11:05:00+05:30,8678.0,8680.0,8675.0,8676.0,2294.0,yahoo
APOLLOHOSP,5m,2026-09-04T11:10:00+05:30,8676.0,8676.0,8668.5,8668.5,3497.0,yahoo
APOLLOHOSP,5m,2026-09-04T11:15:00+05:30,8670.0,8671.0,8665.0,8671.0,1388.0,yahoo
APOLLOHOSP,5m,2026-09-04T11:20:00+05:30,8671.0,8678.0,8665.0,8670.5,2181.0,yahoo
APOLLOHOSP,5m,2026-09-04T11:25:00+05:30,8670.5,8670.5,8662.5,8670.0,1818.0,yahoo
APOLLOHOSP,5m,2026-09-04T11:30:00+05:30,8670.5,8674.5,8670.5,8672.5,1423.0,yahoo
APOLLOHOSP,5m,2026-09-04T11:35:00+05:30,8672.5,8675.5,8668.5,8674.0,1604.0,yahoo
APOLLOHOSP,5m,2026-09-04T11:40:00+05:30,8674.0,8675.0,8673.5,8675.0,833.0,yahoo
APOLLOHOSP,5m,2026-09-04T11:45:00+05:30,8675.0,8676.0,8667.0,8667.5,4016.0,yahoo
APOLLOHOSP,5m,2026-09-04T11:50:00+05:30,8670.0,8681.5,8670.0,8680.0,5171.0,yahoo
APOLLOHOSP,5m,2026-09-04T11:55:00+05:30,8680.5,8683.0,8680.0,8683.0,1825.0,yahoo
APOLLOHOSP,5m,2026-09-04T12:00:00+05:30,8683.0,8683.5,8675.0,8680.0,4078.0,yahoo
APOLLOHOSP,5m,2026-09-04T12:05:00+05:30,8680.5,8680.5,8674.0,8675.5,2729.0,yahoo
APOLLOHOSP,5m,2026-09-04T12:10:00+05:30,8675.5,8676.5,8673.0,8675.5,3983.0,yahoo
APOLLOHOSP,5m,2026-09-04T12:15:00+05:30,8673.5,8675.5,8659.5,8671.5,7328.0,yahoo
APOLLOHOSP,5m,2026-09-04T12:20:00+05:30,8672.0,8677.0,8672.0,8673.5,5019.0,yahoo
APOLLOHOSP,5m,2026-09-04T12:25:00+05:30,8673.5,8673.5,8660.0,8666.5,6428.0,yahoo
APOLLOHOSP,5m,2026-09-04T12:30:00+05:30,8667.0,8675.0,8667.0,8672.0,3941.0,yahoo
APOLLOHOSP,5m,2026-09-04T12:35:00+05:30,8672.5,8678.5,8671.0,8677.0,1804.0,yahoo
APOLLOHOSP,5m,2026-09-04T12:40:00+05:30,8676.0,8682.5,8674.0,8676.5,8450.0,yahoo
APOLLOHOSP,5m,2026-09-04T12:45:00+05:30,8677.0,8677.0,8671.0,8673.5,1071.0,yahoo
APOLLOHOSP,5m,2026-09-04T12:50:00+05:30,8671.0,8674.0,8671.0,8674.0,1251.0,yahoo
APOLLOHOSP,5m,2026-09-04T12:55:00+05:30,8676.5,8685.5,8676.5,8684.0,8564.0,yahoo
APOLLOHOSP,5m,2026-09-04T13:00:00+05:30,8685.0,8690.5,8682.0,8682.0,9698.0,yahoo
APOLLOHOSP,5m,2026-09-04T13:05:00+05:30,8682.0,8686.5,8680.0,8680.0,5662.0,yahoo
APOLLOHOSP,5m,2026-09-04T13:10:00+05:30,8680.0,8682.0,8675.0,8681.5,2834.0,yahoo
APOLLOHOSP,5m,2026-09-04T13:15:00+05:30,8681.5,8681.5,8659.0,8664.0,9315.0,yahoo
APOLLOHOSP,5m,2026-09-04T13:20:00+05:30,8665.0,8670.0,8660.0,8663.0,5036.0,yahoo
APOLLOHOSP,5m,2026-09-04T13:25:00+05:30,8663.0,8664.5,8660.0,8663.0,1480.0,yahoo
APOLLOHOSP,5m,2026-09-04T13:30:00+05:30,8662.5,8662.5,8660.0,8662.0,2143.0,yahoo
APOLLOHOSP,5m,2026-09-04T13:35:00+05:30,8662.0,8663.0,8660.0,8662.0,13759.0,yahoo
APOLLOHOSP,5m,2026-09-04T13:40:00+05:30,8662.0,8666.5,8662.0,8665.5,1577.0,yahoo
APOLLOHOSP,5m,2026-09-04T13:45:00+05:30,8665.5,8666.5,8660.5,8661.0,2580.0,yahoo
APOLLOHOSP,5m,2026-09-04T13:50:00+05:30,8661.0,8662.5,8658.0,8660.0,2223.0,yahoo
APOLLOHOSP,5m,2026-09-04T13:55:00+05:30,8660.0,8665.5,8660.0,8662.0,1892.0,yahoo
APOLLOHOSP,5m,2026-09-04T14:00:00+05:30,8662.0,8665.5,8662.0,8665.5,2042.0,yahoo
APOLLOHOSP,5m,2026-09-04T14:05:00+05:30,8665.5,8665.5,8661.5,8664.5,1255.0,yahoo
APOLLOHOSP,5m,2026-09-04T14:10:00+05:30,8664.5,8666.0,8660.0,8663.0,1870.0,yahoo
APOLLOHOSP,5m,2026-09-04T14:15:00+05:30,8663.0,8663.0,8660.0,8661.5,1279.0,yahoo
APOLLOHOSP,5m,2026-09-04T14:20:00+05:30,8661.5,8661.5,8660.0,8661.0,1286.0,yahoo
APOLLOHOSP,5m,2026-09-04T14:25:00+05:30,8661.0,8663.0,8661.0,8663.0,2001.0,yahoo
APOLLOHOSP,5m,2026-09-04T14:30:00+05:30,8663.0,8663.0,8660.0,8661.0,1790.0,yahoo
APOLLOHOSP,5m,2026-09-04T14:35:00+05:30,8660.0,8660.5,8651.0,8657.0,4543.0,yahoo
APOLLOHOSP,5m,2026-09-04T14:40:00+05:30,8656.0,8658.0,8653.5,8655.0,1795.0,yahoo
APOLLOHOSP,5m,2026-09-04T14:45:00+05:30,8655.0,8656.0,8650.0,8655.0,2448.0,yahoo
APOLLOHOSP,5m,2026-09-04T14:50:00+05:30,8655.0,8655.5,8651.5,8655.0,3322.0,yahoo
APOLLOHOSP,5m,2026-09-04T14:55:00+05:30,8653.5,8655.0,8651.0,8652.0,3948.0,yahoo
APOLLOHOSP,5m,2026-09-04T15:00:00+05:30,8651.0,8653.0,8650.5,8651.0,8539.0,yahoo
APOLLOHOSP,5m,2026-09-04T15:05:00+05:30,8651.5,8659.5,8650.0,8659.5,15034.0,yahoo
APOLLOHOSP,5m,2026-09-04T15:10:00+05:30,8659.5,8660.0,8649.0,8649.0,12696.0,yahoo
APOLLOHOSP,5m,2026-09-04T15:15:00+05:30,8650.0,8650.0,8650.0,8650.0,24655.0,yahoo
ASIANPAINT,5m,2026-09-04T09:15:00+05:30,2537.800048828125,2543.60009765625,2535.0,2542.699951171875,0.0,yahoo
ASIANPAINT,5m,2026-09-04T09:20:00+05:30,2541.699951171875,2542.199951171875,2535.5,2538.5,13994.0,yahoo
ASIANPAINT,5m,2026-09-04T09:25:00+05:30,2539.5,2543.800048828125,2538.89990234375,2543.0,6700.0,yahoo
ASIANPAINT,5m,2026-09-04T09:30:00+05:30,2542.39990234375,2542.39990234375,2538.199951171875,2538.800048828125,5753.0,yahoo
ASIANPAINT,5m,2026-09-04T09:35:00+05:30,2540.0,2542.0,2538.800048828125,2540.0,2984.0,yahoo
ASIANPAINT,5m,2026-09-04T09:40:00+05:30,2540.0,2543.39990234375,2540.0,2541.5,2758.0,yahoo
ASIANPAINT,5m,2026-09-04T09:45:00+05:30,2542.10009765625,2544.699951171875,2541.699951171875,2542.0,4106.0,yahoo
ASIANPAINT,5m,2026-09-04T09:50:00+05:30,2541.300048828125,2544.39990234375,2541.0,2544.39990234375,7361.0,yahoo
ASIANPAINT,5m,2026-09-04T09:55:00+05:30,2543.60009765625,2547.0,2542.60009765625,2545.60009765625,3592.0,yahoo
ASIANPAINT,5m,2026-09-04T10:00:00+05:30,2546.199951171875,2548.5,2545.0,2547.199951171875,3718.0,yahoo
ASIANPAINT,5m,2026-09-04T10:05:00+05:30,2548.0,2550.0,2546.0,2547.60009765625,6540.0,yahoo
ASIANPAINT,5m,2026-09-04T10:10:00+05:30,2547.800048828125,2549.199951171875,2545.5,2545.89990234375,2863.0,yahoo
ASIANPAINT,5m,2026-09-04T10:15:00+05:30,2545.89990234375,2550.0,2545.699951171875,2549.300048828125,5000.0,yahoo
ASIANPAINT,5m,2026-09-04T10:20:00+05:30,2549.5,2549.89990234375,2548.5,2549.0,1474.0,yahoo
ASIANPAINT,5m,2026-09-04T10:25:00+05:30,2549.60009765625,2549.699951171875,2547.0,2548.199951171875,3209.0,yahoo
ASIANPAINT,5m,2026-09-04T10:30:00+05:30,2548.300048828125,2550.0,2547.199951171875,2548.60009765625,1355.0,yahoo
ASIANPAINT,5m,2026-09-04T10:35:00+05:30,2549.199951171875,2549.800048828125,2547.699951171875,2549.699951171875,992.0,yahoo
ASIANPAINT,5m,2026-09-04T10:40:00+05:30,2549.0,2550.0,2548.800048828125,2549.800048828125,1686.0,yahoo
ASIANPAINT,5m,2026-09-04T10:45:00+05:30,2549.300048828125,2551.199951171875,2547.699951171875,2549.199951171875,4598.0,yahoo
ASIANPAINT,5m,2026-09-04T10:50:00+05:30,2547.60009765625,2552.300048828125,2547.60009765625,2552.0,2580.0,yahoo
ASIANPAINT,5m,2026-09-04T10:55:00+05:30,2552.0,2553.0,2551.199951171875,2552.89990234375,5308.0,yahoo
ASIANPAINT,5m,2026-09-04T11:00:00+05:30,2552.300048828125,2553.0,2550.39990234375,2552.199951171875,2317.0,yahoo
ASIANPAINT,5m,2026-09-04T11:05:00+05:30,2553.0,2553.0,2548.699951171875,2549.89990234375,2355.0,yahoo
ASIANPAINT,5m,2026-09-04T11:10:00+05:30,2549.199951171875,2551.10009765625,2549.0,2550.60009765625,3020.0,yahoo
ASIANPAINT,5m,2026-09-04T11:15:00+05:30,2551.10009765625,2551.10009765625,2548.5,2549.699951171875,1595.0,yahoo
ASIANPAINT,5m,2026-09-04T11:20:00+05:30,2549.699951171875,2551.0,2549.10009765625,2550.0,1827.0,yahoo
ASIANPAINT,5m,2026-09-04T11:25:00+05:30,2549.5,2551.0,2548.5,2550.0,2503.0,yahoo
ASIANPAINT,5m,2026-09-04T11:30:00+05:30,2549.89990234375,2550.89990234375,2548.800048828125,2549.5,1189.0,yahoo
ASIANPAINT,5m,2026-09-04T11:35:00+05:30,2550.0,2551.0,2548.0,2549.60009765625,1764.0,yahoo
ASIANPAINT,5m,2026-09-04T11:40:00+05:30,2549.300048828125,2550.10009765625,2545.39990234375,2547.10009765625,40291.0,yahoo
ASIANPAINT,5m,2026-09-04T11:45:00+05:30,2547.0,2547.5,2543.199951171875,2543.300048828125,3395.0,yahoo
ASIANPAINT,5m,2026-09-04T11:50:00+05:30,2543.300048828125,2545.39990234375,2543.199951171875,2544.10009765625,1791.0,yahoo
ASIANPAINT,5m,2026-09-04T11:55:00+05:30,2545.0,2545.199951171875,2541.0,2542.0,3949.0,yahoo
ASIANPAINT,5m,2026-09-04T12:00:00+05:30,2542.0,2542.0,2538.300048828125,2539.0,3503.0,yahoo
ASIANPAINT,5m,2026-09-04T12:05:00+05:30,2539.199951171875,2539.699951171875,2537.0,2538.60009765625,2754.0,yahoo
ASIANPAINT,5m,2026-09-04T12:10:00+05:30,2538.60009765625,2538.699951171875,2536.0,2536.800048828125,2041.0,yahoo
ASIANPAINT,5m,2026-09-04T12:15:00+05:30,2537.60009765625,2538.0,2535.5,2535.89990234375,2628.0,yahoo
ASIANPAINT,5m,2026-09-04T12:20:00+05:30,2536.0,2536.0,2532.0,2532.0,6032.0,yahoo
ASIANPAINT,5m,2026-09-04T12:25:00+05:30,2533.39990234375,2535.300048828125,2531.39990234375,2532.60009765625,3045.0,yahoo
ASIANPAINT,5m,2026-09-04T12:30:00+05:30,2532.60009765625,2534.10009765625,2531.60009765625,2532.5,2412.0,yahoo
ASIANPAINT,5m,2026-09-04T12:35:00+05:30,2532.699951171875,2532.89990234375,2530.60009765625,2531.39990234375,2747.0,yahoo
ASIANPAINT,5m,2026-09-04T12:40:00+05:30,2531.5,2535.699951171875,2530.5,2532.60009765625,5808.0,yahoo
ASIANPAINT,5m,2026-09-04T12:45:00+05:30,2532.60009765625,2534.300048828125,2532.60009765625,2534.0,1275.0,yahoo
ASIANPAINT,5m,2026-09-04T12:50:00+05:30,2534.0,2534.60009765625,2533.39990234375,2533.60009765625,1329.0,yahoo
ASIANPAINT,5m,2026-09-04T12:55:00+05:30,2533.60009765625,2534.0,2531.10009765625,2532.5,1922.0,yahoo
ASIANPAINT,5m,2026-09-04T13:00:00+05:30,2533.0,2533.699951171875,2531.699951171875,2531.699951171875,1391.0,yahoo
ASIANPAINT,5m,2026-09-04T13:05:00+05:30,2531.699951171875,2533.60009765625,2531.699951171875,2533.60009765625,1427.0,yahoo
ASIANPAINT,5m,2026-09-04T13:10:00+05:30,2533.5,2535.5,2531.199951171875,2532.199951171875,2250.0,yahoo
ASIANPAINT,5m,2026-09-04T13:15:00+05:30,2532.199951171875,2533.60009765625,2531.0,2533.0,1333.0,yahoo
ASIANPAINT,5m,2026-09-04T13:20:00+05:30,2532.699951171875,2534.0,2527.60009765625,2528.800048828125,3820.0,yahoo
ASIANPAINT,5m,2026-09-04T13:25:00+05:30,2528.800048828125,2530.39990234375,2527.0,2527.0,3634.0,yahoo
ASIANPAINT,5m,2026-09-04T13:30:00+05:30,2527.0,2528.199951171875,2524.10009765625,2524.5,3675.0,yahoo
ASIANPAINT,5m,2026-09-04T13:35:00+05:30,2525.0,2525.699951171875,2523.699951171875,2523.89990234375,3670.0,yahoo
ASIANPAINT,5m,2026-09-04T13:40:00+05:30,2524.300048828125,2525.0,2520.89990234375,2520.89990234375,6106.0,yahoo
ASIANPAINT,5m,2026-09-04T13:45:00+05:30,2521.0,2525.10009765625,2520.0,2522.300048828125,8200.0,yahoo
ASIANPAINT,5m,2026-09-04T13:50:00+05:30,2522.60009765625,2524.0,2521.300048828125,2521.89990234375,2581.0,yahoo
ASIANPAINT,5m,2026-09-04T13:55:00+05:30,2521.699951171875,2522.699951171875,2520.89990234375,2522.10009765625,4027.0,yahoo
ASIANPAINT,5m,2026-09-04T14:00:00+05:30,2522.10009765625,2523.60009765625,2521.199951171875,2522.800048828125,2609.0,yahoo
ASIANPAINT,5m,2026-09-04T14:05:00+05:30,2522.5,2524.300048828125,2521.89990234375,2522.800048828125,2786.0,yahoo
ASIANPAINT,5m,2026-09-04T14:10:00+05:30,2522.5,2528.199951171875,2522.5,2528.10009765625,6017.0,yahoo
ASIANPAINT,5m,2026-09-04T14:15:00+05:30,2528.199951171875,2528.199951171875,2525.10009765625,2526.300048828125,5951.0,yahoo
ASIANPAINT,5m,2026-09-04T14:20:00+05:30,2526.199951171875,2526.699951171875,2525.60009765625,2526.10009765625,4502.0,yahoo
ASIANPAINT,5m,2026-09-04T14:25:00+05:30,2526.10009765625,2526.699951171875,2525.800048828125,2525.89990234375,2911.0,yahoo
ASIANPAINT,5m,2026-09-04T14:30:00+05:30,2525.699951171875,2529.10009765625,2525.60009765625,2526.699951171875,7011.0,yahoo
ASIANPAINT,5m,2026-09-04T14:35:00+05:30,2526.60009765625,2527.199951171875,2523.10009765625,2523.300048828125,7016.0,yahoo
ASIANPAINT,5m,2026-09-04T14:40:00+05:30,2523.89990234375,2526.800048828125,2523.300048828125,2525.5,8636.0,yahoo
ASIANPAINT,5m,2026-09-04T14:45:00+05:30,2525.5,2526.199951171875,2524.300048828125,2526.0,3509.0,yahoo
ASIANPAINT,5m,2026-09-04T14:50:00+05:30,2526.89990234375,2526.89990234375,2524.89990234375,2525.300048828125,6498.0,yahoo
ASIANPAINT,5m,2026-09-04T14:55:00+05:30,2525.800048828125,2526.699951171875,2525.39990234375,2525.5,5113.0,yahoo
ASIANPAINT,5m,2026-09-04T15:00:00+05:30,2525.60009765625,2526.699951171875,2524.199951171875,2524.60009765625,14806.0,yahoo
ASIANPAINT,5m,2026-09-04T15:05:00+05:30,2525.10009765625,2525.5,2523.699951171875,2523.800048828125,16639.0,yahoo
ASIANPAINT,5m,2026-09-04T15:10:00+05:30,2523.800048828125,2529.0,2523.699951171875,2527.5,28925.0,yahoo
ASIANPAINT,5m,2026-09-04T15:15:00+05:30,2528.60009765625,2528.60009765625,2527.300048828125,2527.300048828125,32777.0,yahoo
ATHERENERG,5m,2026-09-04T09:15:00+05:30,1643.199951171875,1643.199951171875,1613.9000244140625,1621.0999755859375,0.0,yahoo
ATHERENERG,5m,2026-09-04T09:20:00+05:30,1621.699951171875,1622.0999755859375,1616.0,1618.9000244140625,88808.0,yahoo
ATHERENERG,5m,2026-09-04T09:25:00+05:30,1616.300048828125,1624.9000244140625,1616.199951171875,1620.800048828125,56856.0,yahoo
ATHERENERG,5m,2026-09-04T09:30:00+05:30,1620.4000244140625,1625.5,1619.800048828125,1621.9000244140625,51668.0,yahoo
ATHERENERG,5m,2026-09-04T09:35:00+05:30,1621.4000244140625,1621.5,1619.4000244140625,1619.5,28163.0,yahoo
ATHERENERG,5m,2026-09-04T09:40:00+05:30,1619.0,1630.9000244140625,1619.0,1628.9000244140625,82363.0,yahoo
ATHERENERG,5m,2026-09-04T09:45:00+05:30,1628.699951171875,1628.699951171875,1624.5,1627.5,35802.0,yahoo
ATHERENERG,5m,2026-09-04T09:50:00+05:30,1627.5,1628.699951171875,1626.300048828125,1627.0,20189.0,yahoo
ATHERENERG,5m,2026-09-04T09:55:00+05:30,1627.0,1627.0,1621.4000244140625,1622.800048828125,38332.0,yahoo
ATHERENERG,5m,2026-09-04T10:00:00+05:30,1622.800048828125,1627.800048828125,1622.5999755859375,1626.9000244140625,17467.0,yahoo
ATHERENERG,5m,2026-09-04T10:05:00+05:30,1627.5,1630.9000244140625,1627.0,1629.9000244140625,53555.0,yahoo
ATHERENERG,5m,2026-09-04T10:10:00+05:30,1630.0,1633.5,1630.0,1632.0999755859375,42840.0,yahoo
ATHERENERG,5m,2026-09-04T10:15:00+05:30,1632.0,1632.0,1616.0,1618.4000244140625,96756.0,yahoo
ATHERENERG,5m,2026-09-04T10:20:00+05:30,1617.800048828125,1617.800048828125,1608.0,1609.0,150180.0,yahoo
ATHERENERG,5m,2026-09-04T10:25:00+05:30,1609.0,1609.5999755859375,1595.5999755859375,1602.9000244140625,205425.0,yahoo
ATHERENERG,5m,2026-09-04T10:30:00+05:30,1602.5,1603.699951171875,1586.5999755859375,1589.5,243766.0,yahoo
ATHERENERG,5m,2026-09-04T10:35:00+05:30,1589.4000244140625,1605.0,1588.5,1601.5,160150.0,yahoo
ATHERENERG,5m,2026-09-04T10:40:00+05:30,1602.0,1603.9000244140625,1599.0,1601.5999755859375,80783.0,yahoo
ATHERENERG,5m,2026-09-04T10:45:00+05:30,1602.0,1604.9000244140625,1598.4000244140625,1603.800048828125,69839.0,yahoo
ATHERENERG,5m,2026-09-04T10:50:00+05:30,1603.800048828125,1605.0,1598.199951171875,1602.0,83911.0,yahoo
ATHERENERG,5m,2026-09-04T10:55:00+05:30,1602.0,1602.0,1595.0,1595.5999755859375,86549.0,yahoo
ATHERENERG,5m,2026-09-04T11:00:00+05:30,1595.0999755859375,1596.0,1592.0,1594.4000244140625,63596.0,yahoo
ATHERENERG,5m,2026-09-04T11:05:00+05:30,1594.699951171875,1598.300048828125,1589.0,1589.0999755859375,74327.0,yahoo
ATHERENERG,5m,2026-09-04T11:10:00+05:30,1588.300048828125,1591.5,1585.699951171875,1591.5,84851.0,yahoo
ATHERENERG,5m,2026-09-04T11:15:00+05:30,1591.5,1593.9000244140625,1589.0999755859375,1593.0,30778.0,yahoo
ATHERENERG,5m,2026-09-04T11:20:00+05:30,1592.5,1593.0,1590.0,1592.0,22696.0,yahoo
ATHERENERG,5m,2026-09-04T11:25:00+05:30,1592.0,1592.0,1587.0,1590.699951171875,42367.0,yahoo
ATHERENERG,5m,2026-09-04T11:30:00+05:30,1590.0999755859375,1592.0,1588.199951171875,1588.800048828125,34821.0,yahoo
ATHERENERG,5m,2026-09-04T11:35:00+05:30,1588.800048828125,1589.5999755859375,1586.0,1587.5999755859375,68823.0,yahoo
ATHERENERG,5m,2026-09-04T11:40:00+05:30,1588.300048828125,1588.300048828125,1581.0,1581.4000244140625,142890.0,yahoo
ATHERENERG,5m,2026-09-04T11:45:00+05:30,1581.5999755859375,1585.0,1580.5,1581.5,77970.0,yahoo
ATHERENERG,5m,2026-09-04T11:50:00+05:30,1581.5,1589.300048828125,1580.800048828125,1588.0999755859375,62522.0,yahoo
ATHERENERG,5m,2026-09-04T11:55:00+05:30,1588.9000244140625,1593.9000244140625,1588.199951171875,1592.0,69839.0,yahoo
ATHERENERG,5m,2026-09-04T12:00:00+05:30,1592.0,1593.5,1590.0,1591.0999755859375,32787.0,yahoo
ATHERENERG,5m,2026-09-04T12:05:00+05:30,1591.199951171875,1591.9000244140625,1588.800048828125,1588.800048828125,22610.0,yahoo
ATHERENERG,5m,2026-09-04T12:10:00+05:30,1589.5,1591.0999755859375,1588.300048828125,1589.4000244140625,29310.0,yahoo
ATHERENERG,5m,2026-09-04T12:15:00+05:30,1589.5,1589.5,1585.300048828125,1585.300048828125,36684.0,yahoo
ATHERENERG,5m,2026-09-04T12:20:00+05:30,1585.0999755859375,1586.5999755859375,1582.300048828125,1585.9000244140625,36372.0,yahoo
ATHERENERG,5m,2026-09-04T12:25:00+05:30,1585.0999755859375,1586.0,1584.0999755859375,1585.9000244140625,18157.0,yahoo
ATHERENERG,5m,2026-09-04T12:30:00+05:30,1585.9000244140625,1587.0999755859375,1580.0999755859375,1581.5999755859375,66217.0,yahoo
ATHERENERG,5m,2026-09-04T12:35:00+05:30,1581.300048828125,1582.0,1573.5,1577.5,241280.0,yahoo
ATHERENERG,5m,2026-09-04T12:40:00+05:30,1577.4000244140625,1578.4000244140625,1575.199951171875,1576.0,33681.0,yahoo
ATHERENERG,5m,2026-09-04T12:45:00+05:30,1575.5999755859375,1576.800048828125,1575.0,1576.0,21974.0,yahoo
ATHERENERG,5m,2026-09-04T12:50:00+05:30,1575.9000244140625,1577.199951171875,1575.5,1575.800048828125,25953.0,yahoo
ATHERENERG,5m,2026-09-04T12:55:00+05:30,1575.800048828125,1575.800048828125,1570.300048828125,1571.199951171875,97251.0,yahoo
ATHERENERG,5m,2026-09-04T13:00:00+05:30,1571.0,1571.4000244140625,1564.4000244140625,1567.300048828125,88583.0,yahoo
ATHERENERG,5m,2026-09-04T13:05:00+05:30,1567.300048828125,1567.699951171875,1564.0,1566.0,59785.0,yahoo
ATHERENERG,5m,2026-09-04T13:10:00+05:30,1566.0,1567.300048828125,1561.5999755859375,1564.5,62753.0,yahoo
ATHERENERG,5m,2026-09-04T13:15:00+05:30,1564.199951171875,1565.4000244140625,1563.0999755859375,1564.5,34316.0,yahoo
ATHERENERG,5m,2026-09-04T13:20:00+05:30,1564.4000244140625,1565.5,1561.5,1562.0,59714.0,yahoo
ATHERENERG,5m,2026-09-04T13:25:00+05:30,1562.4000244140625,1563.300048828125,1561.199951171875,1561.5999755859375,42655.0,yahoo
ATHERENERG,5m,2026-09-04T13:30:00+05:30,1561.5999755859375,1562.9000244140625,1560.9000244140625,1561.699951171875,40998.0,yahoo
ATHERENERG,5m,2026-09-04T13:35:00+05:30,1561.699951171875,1564.699951171875,1561.0,1562.4000244140625,34347.0,yahoo
ATHERENERG,5m,2026-09-04T13:40:00+05:30,1562.4000244140625,1562.800048828125,1561.0,1561.300048828125,29393.0,yahoo
ATHERENERG,5m,2026-09-04T13:45:00+05:30,1561.5,1568.0999755859375,1561.0,1567.5,70949.0,yahoo
ATHERENERG,5m,2026-09-04T13:50:00+05:30,1567.0,1572.9000244140625,1566.300048828125,1570.0,95670.0,yahoo
ATHERENERG,5m,2026-09-04T13:55:00+05:30,1570.5999755859375,1570.800048828125,1566.0999755859375,1570.800048828125,69303.0,yahoo
ATHERENERG,5m,2026-09-04T14:00:00+05:30,1570.699951171875,1579.0,1570.0,1575.9000244140625,106123.0,yahoo
ATHERENERG,5m,2026-09-04T14:05:00+05:30,1576.0999755859375,1578.800048828125,1576.0,1578.0999755859375,81978.0,yahoo
ATHERENERG,5m,2026-09-04T14:10:00+05:30,1578.4000244140625,1583.5,1578.0,1583.199951171875,112562.0,yahoo
ATHERENERG,5m,2026-09-04T14:15:00+05:30,1583.0,1585.5,1575.5,1577.9000244140625,150034.0,yahoo
ATHERENERG,5m,2026-09-04T14:20:00+05:30,1577.0999755859375,1578.5,1575.5,1576.4000244140625,36150.0,yahoo
ATHERENERG,5m,2026-09-04T14:25:00+05:30,1576.9000244140625,1582.699951171875,1576.199951171875,1582.699951171875,51531.0,yahoo
ATHERENERG,5m,2026-09-04T14:30:00+05:30,1582.300048828125,1583.300048828125,1580.0,1581.0,42599.0,yahoo
ATHERENERG,5m,2026-09-04T14:35:00+05:30,1580.800048828125,1582.4000244140625,1578.699951171875,1578.699951171875,44245.0,yahoo
ATHERENERG,5m,2026-09-04T14:40:00+05:30,1578.5,1580.5,1577.800048828125,1580.5,35003.0,yahoo
ATHERENERG,5m,2026-09-04T14:45:00+05:30,1579.9000244140625,1589.800048828125,1579.699951171875,1582.300048828125,134627.0,yahoo
ATHERENERG,5m,2026-09-04T14:50:00+05:30,1582.699951171875,1596.5999755859375,1581.4000244140625,1594.0,224816.0,yahoo
ATHERENERG,5m,2026-09-04T14:55:00+05:30,1594.5999755859375,1594.800048828125,1589.9000244140625,1593.9000244140625,129077.0,yahoo
ATHERENERG,5m,2026-09-04T15:00:00+05:30,1594.0,1595.0,1583.9000244140625,1584.5999755859375,107458.0,yahoo
ATHERENERG,5m,2026-09-04T15:05:00+05:30,1584.5999755859375,1588.0,1582.0,1584.0,129145.0,yahoo
ATHERENERG,5m,2026-09-04T15:10:00+05:30,1584.0,1584.9000244140625,1577.5,1584.0,143356.0,yahoo
ATHERENERG,5m,2026-09-04T15:15:00+05:30,1584.0,1584.0,1584.0,1584.0,15573.0,yahoo
AXISBANK,5m,2026-09-04T09:15:00+05:30,1269.9000244140625,1269.9000244140625,1262.9000244140625,1265.0,0.0,yahoo
AXISBANK,5m,2026-09-04T09:20:00+05:30,1265.300048828125,1266.0,1264.5,1265.800048828125,10818.0,yahoo
AXISBANK,5m,2026-09-04T09:25:00+05:30,1266.0,1266.0,1263.0999755859375,1264.4000244140625,33962.0,yahoo
AXISBANK,5m,2026-09-04T09:30:00+05:30,1264.5,1264.5999755859375,1262.300048828125,1264.300048828125,26018.0,yahoo
AXISBANK,5m,2026-09-04T09:35:00+05:30,1264.0,1265.5,1263.5,1265.300048828125,36025.0,yahoo
AXISBANK,5m,2026-09-04T09:40:00+05:30,1265.300048828125,1267.199951171875,1265.300048828125,1267.199951171875,45436.0,yahoo
AXISBANK,5m,2026-09-04T09:45:00+05:30,1267.300048828125,1269.5,1267.300048828125,1268.0,18003.0,yahoo
AXISBANK,5m,2026-09-04T09:50:00+05:30,1268.0,1269.5,1266.0999755859375,1266.800048828125,19861.0,yahoo
AXISBANK,5m,2026-09-04T09:55:00+05:30,1266.800048828125,1266.800048828125,1264.199951171875,1264.199951171875,33004.0,yahoo
AXISBANK,5m,2026-09-04T10:00:00+05:30,1264.9000244140625,1266.0,1264.4000244140625,1265.5999755859375,124235.0,yahoo
AXISBANK,5m,2026-09-04T10:05:00+05:30,1265.9000244140625,1266.0,1263.699951171875,1263.9000244140625,16360.0,yahoo
AXISBANK,5m,2026-09-04T10:10:00+05:30,1263.800048828125,1264.199951171875,1263.300048828125,1263.5999755859375,23657.0,yahoo
AXISBANK,5m,2026-09-04T10:15:00+05:30,1263.5999755859375,1263.9000244140625,1262.5999755859375,1262.9000244140625,87152.0,yahoo
AXISBANK,5m,2026-09-04T10:20:00+05:30,1263.0,1265.0999755859375,1262.800048828125,1264.5999755859375,22168.0,yahoo
AXISBANK,5m,2026-09-04T10:25:00+05:30,1264.5999755859375,1265.5,1264.300048828125,1265.300048828125,14672.0,yahoo
AXISBANK,5m,2026-09-04T10:30:00+05:30,1265.199951171875,1266.800048828125,1265.0999755859375,1266.0,15929.0,yahoo
AXISBANK,5m,2026-09-04T10:35:00+05:30,1266.0,1269.0,1266.0,1268.4000244140625,28213.0,yahoo
AXISBANK,5m,2026-09-04T10:40:00+05:30,1268.5999755859375,1269.199951171875,1267.5,1267.5999755859375,27093.0,yahoo
AXISBANK,5m,2026-09-04T10:45:00+05:30,1267.5,1268.0,1267.0,1267.5,25605.0,yahoo
AXISBANK,5m,2026-09-04T10:50:00+05:30,1267.5,1268.0999755859375,1267.5,1268.0,14026.0,yahoo
AXISBANK,5m,2026-09-04T10:55:00+05:30,1268.0,1268.0999755859375,1266.800048828125,1267.699951171875,17079.0,yahoo
AXISBANK,5m,2026-09-04T11:00:00+05:30,1267.5,1268.199951171875,1267.300048828125,1268.0,44005.0,yahoo
AXISBANK,5m,2026-09-04T11:05:00+05:30,1268.0,1268.300048828125,1267.699951171875,1267.800048828125,39719.0,yahoo
AXISBANK,5m,2026-09-04T11:10:00+05:30,1267.699951171875,1270.699951171875,1267.699951171875,1269.0,41310.0,yahoo
AXISBANK,5m,2026-09-04T11:15:00+05:30,1269.300048828125,1269.9000244140625,1268.0,1269.9000244140625,15220.0,yahoo
AXISBANK,5m,2026-09-04T11:20:00+05:30,1269.5,1270.0,1268.5999755859375,1268.5999755859375,8550.0,yahoo
AXISBANK,5m,2026-09-04T11:25:00+05:30,1268.800048828125,1269.0999755859375,1268.0,1268.0,12623.0,yahoo
AXISBANK,5m,2026-09-04T11:30:00+05:30,1268.0,1268.9000244140625,1268.0,1268.0999755859375,11254.0,yahoo
AXISBANK,5m,2026-09-04T11:35:00+05:30,1268.0999755859375,1276.800048828125,1268.0999755859375,1274.300048828125,438363.0,yahoo
AXISBANK,5m,2026-09-04T11:40:00+05:30,1273.9000244140625,1273.9000244140625,1270.0,1270.5,35378.0,yahoo
AXISBANK,5m,2026-09-04T11:45:00+05:30,1270.0999755859375,1271.5,1269.800048828125,1271.199951171875,15582.0,yahoo
AXISBANK,5m,2026-09-04T11:50:00+05:30,1271.199951171875,1274.9000244140625,1271.199951171875,1274.5,18306.0,yahoo
AXISBANK,5m,2026-09-04T11:55:00+05:30,1274.4000244140625,1274.5,1273.0999755859375,1273.5,13998.0,yahoo
AXISBANK,5m,2026-09-04T12:00:00+05:30,1273.5,1273.699951171875,1272.4000244140625,1272.5999755859375,18887.0,yahoo
AXISBANK,5m,2026-09-04T12:05:00+05:30,1272.699951171875,1273.300048828125,1272.0999755859375,1273.0999755859375,12621.0,yahoo
AXISBANK,5m,2026-09-04T12:10:00+05:30,1272.9000244140625,1273.0,1271.699951171875,1272.5999755859375,15780.0,yahoo
AXISBANK,5m,2026-09-04T12:15:00+05:30,1272.5999755859375,1274.0,1272.199951171875,1273.0,15736.0,yahoo
AXISBANK,5m,2026-09-04T12:20:00+05:30,1273.300048828125,1274.5,1273.0,1273.699951171875,12398.0,yahoo
AXISBANK,5m,2026-09-04T12:25:00+05:30,1274.0999755859375,1275.699951171875,1273.5999755859375,1275.0,17406.0,yahoo
AXISBANK,5m,2026-09-04T12:30:00+05:30,1274.800048828125,1274.800048828125,1273.5999755859375,1274.5,23962.0,yahoo
AXISBANK,5m,2026-09-04T12:35:00+05:30,1274.5,1274.5999755859375,1273.0999755859375,1273.699951171875,13131.0,yahoo
AXISBANK,5m,2026-09-04T12:40:00+05:30,1273.5,1273.9000244140625,1273.0999755859375,1273.199951171875,34148.0,yahoo
AXISBANK,5m,2026-09-04T12:45:00+05:30,1273.300048828125,1273.5999755859375,1273.0,1273.5,16506.0,yahoo
AXISBANK,5m,2026-09-04T12:50:00+05:30,1273.5,1274.199951171875,1273.0999755859375,1273.800048828125,30701.0,yahoo
AXISBANK,5m,2026-09-04T12:55:00+05:30,1273.699951171875,1274.0,1273.0,1273.9000244140625,11648.0,yahoo
AXISBANK,5m,2026-09-04T13:00:00+05:30,1274.0999755859375,1276.300048828125,1273.699951171875,1275.5,50525.0,yahoo
AXISBANK,5m,2026-09-04T13:05:00+05:30,1275.5999755859375,1275.699951171875,1274.300048828125,1275.0,30847.0,yahoo
AXISBANK,5m,2026-09-04T13:10:00+05:30,1275.199951171875,1275.5999755859375,1274.0,1274.0,34774.0,yahoo
AXISBANK,5m,2026-09-04T13:15:00+05:30,1274.0,1275.300048828125,1273.800048828125,1275.0999755859375,31209.0,yahoo
AXISBANK,5m,2026-09-04T13:20:00+05:30,1275.0999755859375,1276.0,1275.0,1275.5999755859375,49345.0,yahoo
AXISBANK,5m,2026-09-04T13:25:00+05:30,1275.5999755859375,1276.300048828125,1275.0,1275.699951171875,29271.0,yahoo
AXISBANK,5m,2026-09-04T13:30:00+05:30,1275.699951171875,1276.0,1275.0,1275.0999755859375,16944.0,yahoo
AXISBANK,5m,2026-09-04T13:35:00+05:30,1275.0999755859375,1279.4000244140625,1275.0999755859375,1278.9000244140625,215027.0,yahoo
AXISBANK,5m,2026-09-04T13:40:00+05:30,1278.9000244140625,1279.300048828125,1277.5999755859375,1278.5,90566.0,yahoo
AXISBANK,5m,2026-09-04T13:45:00+05:30,1278.699951171875,1278.800048828125,1278.0,1278.5,22783.0,yahoo
AXISBANK,5m,2026-09-04T13:50:00+05:30,1278.5,1278.9000244140625,1278.5,1278.5,12224.0,yahoo
AXISBANK,5m,2026-09-04T13:55:00+05:30,1278.5999755859375,1280.5,1278.5,1279.5,120340.0,yahoo
AXISBANK,5m,2026-09-04T14:00:00+05:30,1279.0999755859375,1279.5,1278.5999755859375,1279.300048828125,18083.0,yahoo
AXISBANK,5m,2026-09-04T14:05:00+05:30,1278.9000244140625,1279.5,1278.800048828125,1278.800048828125,14696.0,yahoo
AXISBANK,5m,2026-09-04T14:10:00+05:30,1278.800048828125,1280.5999755859375,1278.699951171875,1280.300048828125,59262.0,yahoo
AXISBANK,5m,2026-09-04T14:15:00+05:30,1280.5,1280.5,1278.800048828125,1278.800048828125,19968.0,yahoo
AXISBANK,5m,2026-09-04T14:20:00+05:30,1279.199951171875,1280.199951171875,1278.5999755859375,1279.0999755859375,20671.0,yahoo
AXISBANK,5m,2026-09-04T14:25:00+05:30,1279.199951171875,1279.800048828125,1279.0999755859375,1279.5,18039.0,yahoo
AXISBANK,5m,2026-09-04T14:30:00+05:30,1279.699951171875,1280.5,1279.300048828125,1280.0999755859375,196289.0,yahoo
AXISBANK,5m,2026-09-04T14:35:00+05:30,1280.0999755859375,1280.4000244140625,1278.5,1278.5,35966.0,yahoo
AXISBANK,5m,2026-09-04T14:40:00+05:30,1278.699951171875,1278.9000244140625,1277.5999755859375,1278.5999755859375,54708.0,yahoo
AXISBANK,5m,2026-09-04T14:45:00+05:30,1278.699951171875,1279.300048828125,1278.5,1279.300048828125,24660.0,yahoo
AXISBANK,5m,2026-09-04T14:50:00+05:30,1279.5,1279.800048828125,1278.9000244140625,1279.4000244140625,40753.0,yahoo
AXISBANK,5m,2026-09-04T14:55:00+05:30,1279.0,1279.800048828125,1278.9000244140625,1279.0999755859375,188228.0,yahoo
AXISBANK,5m,2026-09-04T15:00:00+05:30,1279.199951171875,1280.0,1277.9000244140625,1277.9000244140625,377829.0,yahoo
AXISBANK,5m,2026-09-04T15:05:00+05:30,1278.5,1279.0999755859375,1276.0,1276.0,155767.0,yahoo
AXISBANK,5m,2026-09-04T15:10:00+05:30,1276.5,1276.5,1271.0,1273.0,181715.0,yahoo
AXISBANK,5m,2026-09-04T15:15:00+05:30,1273.0,1273.0,1273.0,1273.0,82333.0,yahoo
BAJAJ-AUTO,5m,2026-09-04T09:15:00+05:30,11965.0,11996.0,11940.0,11975.0,0.0,yahoo
BAJAJ-AUTO,5m,2026-09-04T09:20:00+05:30,11975.0,11998.0,11966.0,11983.0,2938.0,yahoo
BAJAJ-AUTO,5m,2026-09-04T09:25:00+05:30,11985.0,12000.0,11978.0,11986.0,2397.0,yahoo
BAJAJ-AUTO,5m,2026-09-04T09:30:00+05:30,11986.0,11997.0,11969.0,11980.0,3471.0,yahoo
BAJAJ-AUTO,5m,2026-09-04T09:35:00+05:30,11980.0,11991.0,11973.0,11980.0,2138.0,yahoo
BAJAJ-AUTO,5m,2026-09-04T09:40:00+05:30,11976.0,11990.0,11967.0,11976.0,2257.0,yahoo
BAJAJ-AUTO,5m,2026-09-04T09:45:00+05:30,11973.0,11980.0,11970.0,11970.0,909.0,yahoo
BAJAJ-AUTO,5m,2026-09-04T09:50:00+05:30,11969.0,11990.0,11966.0,11990.0,1614.0,yahoo
BAJAJ-AUTO,5m,2026-09-04T09:55:00+05:30,11995.0,12010.0,11995.0,12009.0,2675.0,yahoo
BAJAJ-AUTO,5m,2026-09-04T10:00:00+05:30,12012.0,12022.0,12005.0,12009.0,1906.0,yahoo
BAJAJ-AUTO,5m,2026-09-04T10:05:00+05:30,12005.0,12005.0,11978.0,11980.0,1093.0,yahoo
BAJAJ-AUTO,5m,2026-09-04T10:10:00+05:30,11981.0,11981.0,11958.0,11977.0,3132.0,yahoo
BAJAJ-AUTO,5m,2026-09-04T10:15:00+05:30,11973.0,11987.0,11973.0,11984.0,461.0,yahoo
BAJAJ-AUTO,5m,2026-09-04T10:20:00+05:30,11984.0,11987.0,11980.0,11987.0,452.0,yahoo
BAJAJ-AUTO,5m,2026-09-04T10:25:00+05:30,11987.0,12007.0,11980.0,12007.0,982.0,yahoo
BAJAJ-AUTO,5m,2026-09-04T10:30:00+05:30,12010.0,12012.0,11992.0,11995.0,1312.0,yahoo
BAJAJ-AUTO,5m,2026-09-04T10:35:00+05:30,11999.0,12002.0,11996.0,12000.0,335.0,yahoo
BAJAJ-AUTO,5m,2026-09-04T10:40:00+05:30,12000.0,12000.0,11984.0,11995.0,1023.0,yahoo
BAJAJ-AUTO,5m,2026-09-04T10:45:00+05:30,11995.0,12000.0,11991.0,11999.0,577.0,yahoo
BAJAJ-AUTO,5m,2026-09-04T10:50:00+05:30,12000.0,12005.0,11996.0,12004.0,759.0,yahoo
BAJAJ-AUTO,5m,2026-09-04T10:55:00+05:30,12004.0,12005.0,11986.0,11999.0,743.0,yahoo
BAJAJ-AUTO,5m,2026-09-04T11:00:00+05:30,11999.0,11999.0,11986.0,11992.0,790.0,yahoo
BAJAJ-AUTO,5m,2026-09-04T11:05:00+05:30,11992.0,11992.0,11980.0,11982.0,861.0,yahoo
BAJAJ-AUTO,5m,2026-09-04T11:10:00+05:30,11984.0,11987.0,11980.0,11982.0,522.0,yahoo
BAJAJ-AUTO,5m,2026-09-04T11:15:00+05:30,11985.0,11993.0,11980.0,11990.0,729.0,yahoo
BAJAJ-AUTO,5m,2026-09-04T11:20:00+05:30,11984.0,11991.0,11969.0,11979.0,1178.0,yahoo
BAJAJ-AUTO,5m,2026-09-04T11:25:00+05:30,11979.0,11987.0,11970.0,11978.0,2211.0,yahoo
BAJAJ-AUTO,5m,2026-09-04T11:30:00+05:30,11978.0,11991.0,11978.0,11990.0,715.0,yahoo
BAJAJ-AUTO,5m,2026-09-04T11:35:00+05:30,11990.0,11994.0,11981.0,11987.0,755.0,yahoo
BAJAJ-AUTO,5m,2026-09-04T11:40:00+05:30,11986.0,11995.0,11971.0,11977.0,5232.0,yahoo
BAJAJ-AUTO,5m,2026-09-04T11:45:00+05:30,11978.0,11982.0,11973.0,11975.0,606.0,yahoo
BAJAJ-AUTO,5m,2026-09-04T11:50:00+05:30,11970.0,11971.0,11931.0,11946.0,5599.0,yahoo
BAJAJ-AUTO,5m,2026-09-04T11:55:00+05:30,11940.0,11956.0,11933.0,11949.0,1564.0,yahoo
BAJAJ-AUTO,5m,2026-09-04T12:00:00+05:30,11952.0,11952.0,11937.0,11945.0,650.0,yahoo
BAJAJ-AUTO,5m,2026-09-04T12:05:00+05:30,11948.0,11949.0,11946.0,11947.0,465.0,yahoo
BAJAJ-AUTO,5m,2026-09-04T12:10:00+05:30,11946.0,11946.0,11927.0,11932.0,2297.0,yahoo
BAJAJ-AUTO,5m,2026-09-04T12:15:00+05:30,11932.0,11938.0,11927.0,11936.0,1577.0,yahoo
BAJAJ-AUTO,5m,2026-09-04T12:20:00+05:30,11932.0,11936.0,11896.0,11901.0,3210.0,yahoo
BAJAJ-AUTO,5m,2026-09-04T12:25:00+05:30,11897.0,11900.0,11891.0,11898.0,1577.0,yahoo
BAJAJ-AUTO,5m,2026-09-04T12:30:00+05:30,11895.0,11911.0,11895.0,11907.0,769.0,yahoo
BAJAJ-AUTO,5m,2026-09-04T12:35:00+05:30,11907.0,11917.0,11907.0,11910.0,1786.0,yahoo
BAJAJ-AUTO,5m,2026-09-04T12:40:00+05:30,11910.0,11920.0,11910.0,11913.0,836.0,yahoo
BAJAJ-AUTO,5m,2026-09-04T12:45:00+05:30,11913.0,11924.0,11911.0,11924.0,1665.0,yahoo
BAJAJ-AUTO,5m,2026-09-04T12:50:00+05:30,11927.0,11936.0,11919.0,11929.0,1905.0,yahoo
BAJAJ-AUTO,5m,2026-09-04T12:55:00+05:30,11929.0,11933.0,11921.0,11928.0,1286.0,yahoo
BAJAJ-AUTO,5m,2026-09-04T13:00:00+05:30,11928.0,11947.0,11927.0,11927.0,3424.0,yahoo
BAJAJ-AUTO,5m,2026-09-04T13:05:00+05:30,11927.0,11930.0,11924.0,11930.0,544.0,yahoo
BAJAJ-AUTO,5m,2026-09-04T13:10:00+05:30,11929.0,11943.0,11928.0,11931.0,2291.0,yahoo
BAJAJ-AUTO,5m,2026-09-04T13:15:00+05:30,11935.0,11938.0,11925.0,11925.0,1479.0,yahoo
BAJAJ-AUTO,5m,2026-09-04T13:20:00+05:30,11930.0,11931.0,11922.0,11922.0,904.0,yahoo
BAJAJ-AUTO,5m,2026-09-04T13:25:00+05:30,11925.0,11940.0,11921.0,11940.0,3116.0,yahoo
BAJAJ-AUTO,5m,2026-09-04T13:30:00+05:30,11939.0,11943.0,11939.0,11942.0,1097.0,yahoo
BAJAJ-AUTO,5m,2026-09-04T13:35:00+05:30,11942.0,11945.0,11931.0,11935.0,1950.0,yahoo
BAJAJ-AUTO,5m,2026-09-04T13:40:00+05:30,11932.0,11935.0,11927.0,11932.0,569.0,yahoo
BAJAJ-AUTO,5m,2026-09-04T13:45:00+05:30,11928.0,11932.0,11875.0,11875.0,4243.0,yahoo
BAJAJ-AUTO,5m,2026-09-04T13:50:00+05:30,11876.0,11894.0,11876.0,11887.0,1234.0,yahoo
BAJAJ-AUTO,5m,2026-09-04T13:55:00+05:30,11888.0,11888.0,11882.0,11883.0,482.0,yahoo
BAJAJ-AUTO,5m,2026-09-04T14:00:00+05:30,11883.0,11899.0,11883.0,11895.0,354.0,yahoo
BAJAJ-AUTO,5m,2026-09-04T14:05:00+05:30,11900.0,11902.0,11893.0,11897.0,2147.0,yahoo
BAJAJ-AUTO,5m,2026-09-04T14:10:00+05:30,11893.0,11897.0,11884.0,11884.0,996.0,yahoo
BAJAJ-AUTO,5m,2026-09-04T14:15:00+05:30,11882.0,11893.0,11882.0,11890.0,632.0,yahoo
BAJAJ-AUTO,5m,2026-09-04T14:20:00+05:30,11890.0,11895.0,11890.0,11895.0,438.0,yahoo
BAJAJ-AUTO,5m,2026-09-04T14:25:00+05:30,11895.0,11909.0,11892.0,11909.0,2183.0,yahoo
BAJAJ-AUTO,5m,2026-09-04T14:30:00+05:30,11906.0,11911.0,11905.0,11906.0,1238.0,yahoo
BAJAJ-AUTO,5m,2026-09-04T14:35:00+05:30,11908.0,11909.0,11900.0,11901.0,1513.0,yahoo
BAJAJ-AUTO,5m,2026-09-04T14:40:00+05:30,11900.0,11903.0,11887.0,11890.0,2366.0,yahoo
BAJAJ-AUTO,5m,2026-09-04T14:45:00+05:30,11890.0,11910.0,11890.0,11907.0,4298.0,yahoo
BAJAJ-AUTO,5m,2026-09-04T14:50:00+05:30,11912.0,11917.0,11905.0,11906.0,6015.0,yahoo
BAJAJ-AUTO,5m,2026-09-04T14:55:00+05:30,11906.0,11914.0,11901.0,11907.0,3861.0,yahoo
BAJAJ-AUTO,5m,2026-09-04T15:00:00+05:30,11900.0,11912.0,11900.0,11900.0,5911.0,yahoo
BAJAJ-AUTO,5m,2026-09-04T15:05:00+05:30,11903.0,11914.0,11902.0,11909.0,5194.0,yahoo
BAJAJ-AUTO,5m,2026-09-04T15:10:00+05:30,11909.0,11915.0,11903.0,11911.0,12556.0,yahoo
BAJAJ-AUTO,5m,2026-09-04T15:15:00+05:30,11915.0,11919.0,11915.0,11919.0,3684.0,yahoo
BAJAJFINSV,5m,2026-09-04T09:15:00+05:30,1982.0,1994.199951171875,1982.0,1990.800048828125,0.0,yahoo
BAJAJFINSV,5m,2026-09-04T09:20:00+05:30,1990.699951171875,1993.4000244140625,1989.4000244140625,1991.699951171875,3014.0,yahoo
BAJAJFINSV,5m,2026-09-04T09:25:00+05:30,1993.800048828125,1993.800048828125,1988.5999755859375,1989.300048828125,2767.0,yahoo
BAJAJFINSV,5m,2026-09-04T09:30:00+05:30,1989.0,1991.0,1988.0,1988.0,2492.0,yahoo
BAJAJFINSV,5m,2026-09-04T09:35:00+05:30,1988.0,1992.0,1988.0,1992.0,4310.0,yahoo
BAJAJFINSV,5m,2026-09-04T09:40:00+05:30,1992.300048828125,1992.5999755859375,1989.5999755859375,1990.300048828125,1442.0,yahoo
BAJAJFINSV,5m,2026-09-04T09:45:00+05:30,1990.800048828125,1992.699951171875,1990.4000244140625,1992.4000244140625,3032.0,yahoo
BAJAJFINSV,5m,2026-09-04T09:50:00+05:30,1991.5,1992.199951171875,1989.300048828125,1989.5999755859375,1773.0,yahoo
BAJAJFINSV,5m,2026-09-04T09:55:00+05:30,1990.0999755859375,1990.5,1985.5,1988.9000244140625,5145.0,yahoo
BAJAJFINSV,5m,2026-09-04T10:00:00+05:30,1989.0,1990.5999755859375,1988.0999755859375,1989.9000244140625,2595.0,yahoo
BAJAJFINSV,5m,2026-09-04T10:05:00+05:30,1990.0999755859375,1990.199951171875,1989.0,1989.0,2274.0,yahoo
BAJAJFINSV,5m,2026-09-04T10:10:00+05:30,1989.0,1989.199951171875,1986.800048828125,1988.5999755859375,4854.0,yahoo
BAJAJFINSV,5m,2026-09-04T10:15:00+05:30,1989.0,1992.5,1988.4000244140625,1989.5999755859375,3853.0,yahoo
BAJAJFINSV,5m,2026-09-04T10:20:00+05:30,1990.5,1990.5999755859375,1988.5999755859375,1988.699951171875,2036.0,yahoo
BAJAJFINSV,5m,2026-09-04T10:25:00+05:30,1988.699951171875,1990.800048828125,1988.699951171875,1989.300048828125,1748.0,yahoo
BAJAJFINSV,5m,2026-09-04T10:30:00+05:30,1990.0,1991.800048828125,1989.300048828125,1990.0,2286.0,yahoo
BAJAJFINSV,5m,2026-09-04T10:35:00+05:30,1990.0,1991.699951171875,1989.5,1989.5,1660.0,yahoo
BAJAJFINSV,5m,2026-09-04T10:40:00+05:30,1989.9000244140625,1990.5,1988.199951171875,1989.0,1959.0,yahoo
BAJAJFINSV,5m,2026-09-04T10:45:00+05:30,1989.199951171875,1989.199951171875,1987.5,1987.5,2069.0,yahoo
BAJAJFINSV,5m,2026-09-04T10:50:00+05:30,1988.4000244140625,1989.0999755859375,1987.0,1987.0,2493.0,yahoo
BAJAJFINSV,5m,2026-09-04T10:55:00+05:30,1987.0999755859375,1988.5999755859375,1986.4000244140625,1986.9000244140625,1621.0,yahoo
BAJAJFINSV,5m,2026-09-04T11:00:00+05:30,1987.5999755859375,1987.5999755859375,1985.5,1987.0,3409.0,yahoo
BAJAJFINSV,5m,2026-09-04T11:05:00+05:30,1986.9000244140625,1987.0,1985.199951171875,1986.0999755859375,2115.0,yahoo
BAJAJFINSV,5m,2026-09-04T11:10:00+05:30,1986.9000244140625,1986.9000244140625,1982.300048828125,1986.0,6861.0,yahoo
BAJAJFINSV,5m,2026-09-04T11:15:00+05:30,1986.0,1986.5,1984.5999755859375,1986.0999755859375,2148.0,yahoo
BAJAJFINSV,5m,2026-09-04T11:20:00+05:30,1985.199951171875,1987.5999755859375,1985.0999755859375,1985.5999755859375,1784.0,yahoo
BAJAJFINSV,5m,2026-09-04T11:25:00+05:30,1986.5,1987.4000244140625,1984.4000244140625,1984.4000244140625,4026.0,yahoo
BAJAJFINSV,5m,2026-09-04T11:30:00+05:30,1984.9000244140625,1986.4000244140625,1984.0,1985.0,2015.0,yahoo
BAJAJFINSV,5m,2026-09-04T11:35:00+05:30,1985.800048828125,1988.199951171875,1985.0,1987.199951171875,1842.0,yahoo
BAJAJFINSV,5m,2026-09-04T11:40:00+05:30,1987.5999755859375,1988.199951171875,1984.5999755859375,1985.800048828125,2395.0,yahoo
BAJAJFINSV,5m,2026-09-04T11:45:00+05:30,1985.199951171875,1986.300048828125,1984.5,1985.0999755859375,1873.0,yahoo
BAJAJFINSV,5m,2026-09-04T11:50:00+05:30,1985.300048828125,1986.300048828125,1981.300048828125,1983.0,50243.0,yahoo
BAJAJFINSV,5m,2026-09-04T11:55:00+05:30,1983.4000244140625,1984.300048828125,1981.800048828125,1981.800048828125,17670.0,yahoo
BAJAJFINSV,5m,2026-09-04T12:00:00+05:30,1980.0,1980.0,1977.699951171875,1978.0999755859375,8759.0,yahoo
BAJAJFINSV,5m,2026-09-04T12:05:00+05:30,1978.0999755859375,1978.9000244140625,1978.0,1978.0,1670.0,yahoo
BAJAJFINSV,5m,2026-09-04T12:10:00+05:30,1978.4000244140625,1978.4000244140625,1975.5,1975.800048828125,7181.0,yahoo
BAJAJFINSV,5m,2026-09-04T12:15:00+05:30,1976.800048828125,1976.800048828125,1974.0999755859375,1974.800048828125,5542.0,yahoo
BAJAJFINSV,5m,2026-09-04T12:20:00+05:30,1974.800048828125,1974.9000244140625,1972.199951171875,1974.0,3973.0,yahoo
BAJAJFINSV,5m,2026-09-04T12:25:00+05:30,1974.300048828125,1975.4000244140625,1972.4000244140625,1972.699951171875,3298.0,yahoo
BAJAJFINSV,5m,2026-09-04T12:30:00+05:30,1973.300048828125,1974.199951171875,1972.199951171875,1973.0999755859375,2156.0,yahoo
BAJAJFINSV,5m,2026-09-04T12:35:00+05:30,1973.300048828125,1973.300048828125,1971.300048828125,1971.699951171875,1753.0,yahoo
BAJAJFINSV,5m,2026-09-04T12:40:00+05:30,1972.4000244140625,1973.4000244140625,1971.800048828125,1972.300048828125,1747.0,yahoo
BAJAJFINSV,5m,2026-09-04T12:45:00+05:30,1972.699951171875,1973.0,1971.9000244140625,1972.0,1757.0,yahoo
BAJAJFINSV,5m,2026-09-04T12:50:00+05:30,1972.9000244140625,1974.9000244140625,1972.0,1974.0,3313.0,yahoo
BAJAJFINSV,5m,2026-09-04T12:55:00+05:30,1974.5999755859375,1974.5999755859375,1971.0999755859375,1972.5999755859375,6940.0,yahoo
BAJAJFINSV,5m,2026-09-04T13:00:00+05:30,1973.0,1973.5,1971.800048828125,1971.9000244140625,1830.0,yahoo
BAJAJFINSV,5m,2026-09-04T13:05:00+05:30,1972.800048828125,1973.9000244140625,1971.800048828125,1973.0,2297.0,yahoo
BAJAJFINSV,5m,2026-09-04T13:10:00+05:30,1973.800048828125,1974.4000244140625,1972.5999755859375,1972.5999755859375,2155.0,yahoo
BAJAJFINSV,5m,2026-09-04T13:15:00+05:30,1973.4000244140625,1977.800048828125,1973.300048828125,1975.9000244140625,5454.0,yahoo
BAJAJFINSV,5m,2026-09-04T13:20:00+05:30,1976.800048828125,1978.5,1975.199951171875,1977.699951171875,2071.0,yahoo
BAJAJFINSV,5m,2026-09-04T13:25:00+05:30,1978.699951171875,1978.699951171875,1976.0999755859375,1977.0,1845.0,yahoo
BAJAJFINSV,5m,2026-09-04T13:30:00+05:30,1977.0999755859375,1977.5999755859375,1975.199951171875,1975.800048828125,3436.0,yahoo
BAJAJFINSV,5m,2026-09-04T13:35:00+05:30,1976.5,1977.699951171875,1975.199951171875,1975.800048828125,3947.0,yahoo
BAJAJFINSV,5m,2026-09-04T13:40:00+05:30,1975.9000244140625,1977.0999755859375,1975.0,1975.9000244140625,21371.0,yahoo
BAJAJFINSV,5m,2026-09-04T13:45:00+05:30,1975.4000244140625,1976.300048828125,1974.9000244140625,1975.199951171875,836.0,yahoo
BAJAJFINSV,5m,2026-09-04T13:50:00+05:30,1975.800048828125,1975.800048828125,1974.0,1975.0,1645.0,yahoo
BAJAJFINSV,5m,2026-09-04T13:55:00+05:30,1975.0,1975.800048828125,1974.0,1974.4000244140625,2111.0,yahoo
BAJAJFINSV,5m,2026-09-04T14:00:00+05:30,1975.0,1975.800048828125,1972.5,1974.800048828125,9566.0,yahoo
BAJAJFINSV,5m,2026-09-04T14:05:00+05:30,1975.699951171875,1977.0999755859375,1975.0,1977.0,17596.0,yahoo
BAJAJFINSV,5m,2026-09-04T14:10:00+05:30,1975.5,1977.800048828125,1975.0,1975.300048828125,24333.0,yahoo
BAJAJFINSV,5m,2026-09-04T14:15:00+05:30,1975.9000244140625,1976.5,1974.5999755859375,1976.0,3759.0,yahoo
BAJAJFINSV,5m,2026-09-04T14:20:00+05:30,1976.0,1976.4000244140625,1974.699951171875,1975.0999755859375,3230.0,yahoo
BAJAJFINSV,5m,2026-09-04T14:25:00+05:30,1975.699951171875,1976.0,1975.0,1975.800048828125,1583.0,yahoo
BAJAJFINSV,5m,2026-09-04T14:30:00+05:30,1975.800048828125,1975.800048828125,1974.699951171875,1974.699951171875,1045.0,yahoo
BAJAJFINSV,5m,2026-09-04T14:35:00+05:30,1975.0,1976.199951171875,1972.800048828125,1972.800048828125,4482.0,yahoo
BAJAJFINSV,5m,2026-09-04T14:40:00+05:30,1973.4000244140625,1975.5999755859375,1973.199951171875,1973.199951171875,23137.0,yahoo
BAJAJFINSV,5m,2026-09-04T14:45:00+05:30,1973.5999755859375,1974.5999755859375,1972.5,1974.5999755859375,4464.0,yahoo
BAJAJFINSV,5m,2026-09-04T14:50:00+05:30,1974.5,1975.0,1973.0999755859375,1975.0,4127.0,yahoo
BAJAJFINSV,5m,2026-09-04T14:55:00+05:30,1974.699951171875,1974.9000244140625,1972.5,1974.9000244140625,9111.0,yahoo
BAJAJFINSV,5m,2026-09-04T15:00:00+05:30,1974.9000244140625,1974.9000244140625,1973.199951171875,1974.5,14676.0,yahoo
BAJAJFINSV,5m,2026-09-04T15:05:00+05:30,1974.5,1976.5999755859375,1974.5,1975.5,14626.0,yahoo
BAJAJFINSV,5m,2026-09-04T15:10:00+05:30,1975.9000244140625,1976.9000244140625,1973.300048828125,1975.0,25529.0,yahoo
BAJAJFINSV,5m,2026-09-04T15:15:00+05:30,1972.0,1972.0,1970.0,1970.0,13569.0,yahoo
BAJFINANCE,5m,2026-09-04T09:15:00+05:30,1051.0999755859375,1053.800048828125,1049.800048828125,1053.0999755859375,0.0,yahoo
BAJFINANCE,5m,2026-09-04T09:20:00+05:30,1052.5,1057.199951171875,1052.0999755859375,1055.199951171875,173732.0,yahoo
BAJFINANCE,5m,2026-09-04T09:25:00+05:30,1055.300048828125,1055.800048828125,1053.4000244140625,1054.300048828125,57825.0,yahoo
BAJFINANCE,5m,2026-09-04T09:30:00+05:30,1054.0999755859375,1055.5,1053.0999755859375,1054.9000244140625,71326.0,yahoo
BAJFINANCE,5m,2026-09-04T09:35:00+05:30,1054.4000244140625,1057.0,1054.0999755859375,1054.9000244140625,81920.0,yahoo
BAJFINANCE,5m,2026-09-04T09:40:00+05:30,1054.800048828125,1055.199951171875,1053.800048828125,1054.800048828125,71585.0,yahoo
BAJFINANCE,5m,2026-09-04T09:45:00+05:30,1054.5,1056.0999755859375,1054.0999755859375,1054.0999755859375,95263.0,yahoo
BAJFINANCE,5m,2026-09-04T09:50:00+05:30,1054.199951171875,1054.699951171875,1053.5,1053.5,66359.0,yahoo
BAJFINANCE,5m,2026-09-04T09:55:00+05:30,1053.800048828125,1054.699951171875,1052.5999755859375,1054.0,67005.0,yahoo
BAJFINANCE,5m,2026-09-04T10:00:00+05:30,1053.5999755859375,1053.9000244140625,1053.199951171875,1053.800048828125,24554.0,yahoo
BAJFINANCE,5m,2026-09-04T10:05:00+05:30,1053.5999755859375,1053.699951171875,1052.5999755859375,1053.199951171875,42879.0,yahoo
BAJFINANCE,5m,2026-09-04T10:10:00+05:30,1053.300048828125,1053.5,1052.5,1053.5,14947.0,yahoo
BAJFINANCE,5m,2026-09-04T10:15:00+05:30,1053.300048828125,1054.5,1053.0,1054.4000244140625,40945.0,yahoo
BAJFINANCE,5m,2026-09-04T10:20:00+05:30,1054.300048828125,1054.5,1053.4000244140625,1053.4000244140625,20496.0,yahoo
BAJFINANCE,5m,2026-09-04T10:25:00+05:30,1053.4000244140625,1054.199951171875,1053.0,1054.0,12847.0,yahoo
BAJFINANCE,5m,2026-09-04T10:30:00+05:30,1054.199951171875,1056.4000244140625,1053.699951171875,1055.699951171875,44233.0,yahoo
BAJFINANCE,5m,2026-09-04T10:35:00+05:30,1055.5,1056.0,1055.5,1055.5,20056.0,yahoo
BAJFINANCE,5m,2026-09-04T10:40:00+05:30,1055.5999755859375,1055.5999755859375,1053.5999755859375,1053.9000244140625,84755.0,yahoo
BAJFINANCE,5m,2026-09-04T10:45:00+05:30,1054.0,1054.0999755859375,1053.300048828125,1053.300048828125,21166.0,yahoo
BAJFINANCE,5m,2026-09-04T10:50:00+05:30,1053.5,1053.800048828125,1052.199951171875,1052.4000244140625,16969.0,yahoo
BAJFINANCE,5m,2026-09-04T10:55:00+05:30,1052.199951171875,1052.800048828125,1052.199951171875,1052.800048828125,11771.0,yahoo
BAJFINANCE,5m,2026-09-04T11:00:00+05:30,1052.699951171875,1052.800048828125,1051.300048828125,1052.300048828125,31319.0,yahoo
BAJFINANCE,5m,2026-09-04T11:05:00+05:30,1052.4000244140625,1053.800048828125,1052.199951171875,1053.5,24032.0,yahoo
BAJFINANCE,5m,2026-09-04T11:10:00+05:30,1053.4000244140625,1053.699951171875,1051.800048828125,1052.300048828125,28393.0,yahoo
BAJFINANCE,5m,2026-09-04T11:15:00+05:30,1052.300048828125,1054.0,1052.0,1053.5999755859375,220883.0,yahoo
BAJFINANCE,5m,2026-09-04T11:20:00+05:30,1053.199951171875,1056.9000244140625,1052.5999755859375,1055.4000244140625,301827.0,yahoo
BAJFINANCE,5m,2026-09-04T11:25:00+05:30,1055.4000244140625,1057.9000244140625,1054.5,1056.199951171875,469285.0,yahoo
BAJFINANCE,5m,2026-09-04T11:30:00+05:30,1056.199951171875,1057.699951171875,1055.5,1057.199951171875,193838.0,yahoo
BAJFINANCE,5m,2026-09-04T11:35:00+05:30,1057.199951171875,1058.800048828125,1055.4000244140625,1058.4000244140625,150263.0,yahoo
BAJFINANCE,5m,2026-09-04T11:40:00+05:30,1058.5,1058.9000244140625,1056.5999755859375,1057.4000244140625,76993.0,yahoo
BAJFINANCE,5m,2026-09-04T11:45:00+05:30,1057.800048828125,1057.800048828125,1056.4000244140625,1056.9000244140625,52560.0,yahoo
BAJFINANCE,5m,2026-09-04T11:50:00+05:30,1056.9000244140625,1058.300048828125,1056.9000244140625,1057.5,47922.0,yahoo
BAJFINANCE,5m,2026-09-04T11:55:00+05:30,1057.5,1057.9000244140625,1057.0999755859375,1057.699951171875,44503.0,yahoo
BAJFINANCE,5m,2026-09-04T12:00:00+05:30,1057.4000244140625,1057.5999755859375,1056.0999755859375,1056.300048828125,74264.0,yahoo
BAJFINANCE,5m,2026-09-04T12:05:00+05:30,1056.300048828125,1057.0999755859375,1056.0,1056.5,46064.0,yahoo
BAJFINANCE,5m,2026-09-04T12:10:00+05:30,1056.4000244140625,1057.800048828125,1056.0,1056.699951171875,45851.0,yahoo
BAJFINANCE,5m,2026-09-04T12:15:00+05:30,1056.800048828125,1056.800048828125,1056.0999755859375,1056.0999755859375,24249.0,yahoo
BAJFINANCE,5m,2026-09-04T12:20:00+05:30,1056.0999755859375,1056.0999755859375,1055.0,1055.5,42137.0,yahoo
BAJFINANCE,5m,2026-09-04T12:25:00+05:30,1055.5999755859375,1055.9000244140625,1055.0999755859375,1055.4000244140625,12614.0,yahoo
BAJFINANCE,5m,2026-09-04T12:30:00+05:30,1054.9000244140625,1055.5,1054.9000244140625,1055.300048828125,32937.0,yahoo
BAJFINANCE,5m,2026-09-04T12:35:00+05:30,1055.199951171875,1055.4000244140625,1052.800048828125,1053.5999755859375,107667.0,yahoo
BAJFINANCE,5m,2026-09-04T12:40:00+05:30,1053.5999755859375,1054.5,1053.300048828125,1054.0,34865.0,yahoo
BAJFINANCE,5m,2026-09-04T12:45:00+05:30,1054.199951171875,1055.300048828125,1054.0999755859375,1055.0,27879.0,yahoo
BAJFINANCE,5m,2026-09-04T12:50:00+05:30,1055.0,1057.5,1054.5,1056.0999755859375,268866.0,yahoo
BAJFINANCE,5m,2026-09-04T12:55:00+05:30,1056.300048828125,1056.300048828125,1053.699951171875,1055.0999755859375,187009.0,yahoo
BAJFINANCE,5m,2026-09-04T13:00:00+05:30,1055.0999755859375,1055.4000244140625,1055.0,1055.199951171875,18463.0,yahoo
BAJFINANCE,5m,2026-09-04T13:05:00+05:30,1055.300048828125,1056.0,1055.0999755859375,1055.9000244140625,36557.0,yahoo
BAJFINANCE,5m,2026-09-04T13:10:00+05:30,1056.0,1056.4000244140625,1055.5999755859375,1056.0,38601.0,yahoo
BAJFINANCE,5m,2026-09-04T13:15:00+05:30,1056.300048828125,1058.0,1055.9000244140625,1057.5,219860.0,yahoo
BAJFINANCE,5m,2026-09-04T13:20:00+05:30,1057.5,1061.4000244140625,1057.4000244140625,1061.300048828125,82638.0,yahoo
BAJFINANCE,5m,2026-09-04T13:25:00+05:30,1061.4000244140625,1061.4000244140625,1058.699951171875,1059.0,115039.0,yahoo
BAJFINANCE,5m,2026-09-04T13:30:00+05:30,1059.0,1059.199951171875,1058.5,1058.5999755859375,39058.0,yahoo
BAJFINANCE,5m,2026-09-04T13:35:00+05:30,1058.800048828125,1059.9000244140625,1058.699951171875,1059.800048828125,29636.0,yahoo
BAJFINANCE,5m,2026-09-04T13:40:00+05:30,1059.5999755859375,1061.5999755859375,1059.5999755859375,1060.699951171875,25215.0,yahoo
BAJFINANCE,5m,2026-09-04T13:45:00+05:30,1061.0,1061.5,1060.300048828125,1060.9000244140625,41598.0,yahoo
BAJFINANCE,5m,2026-09-04T13:50:00+05:30,1060.9000244140625,1061.199951171875,1058.0,1058.5,140062.0,yahoo
BAJFINANCE,5m,2026-09-04T13:55:00+05:30,1058.4000244140625,1059.300048828125,1058.0999755859375,1058.300048828125,37572.0,yahoo
BAJFINANCE,5m,2026-09-04T14:00:00+05:30,1058.0,1058.0999755859375,1056.699951171875,1058.0,69174.0,yahoo
BAJFINANCE,5m,2026-09-04T14:05:00+05:30,1058.0,1058.0999755859375,1057.0,1057.5999755859375,35473.0,yahoo
BAJFINANCE,5m,2026-09-04T14:10:00+05:30,1057.5,1058.0,1057.199951171875,1057.800048828125,27459.0,yahoo
BAJFINANCE,5m,2026-09-04T14:15:00+05:30,1057.4000244140625,1057.5999755859375,1056.0999755859375,1056.800048828125,26259.0,yahoo
BAJFINANCE,5m,2026-09-04T14:20:00+05:30,1057.0,1057.199951171875,1055.9000244140625,1056.699951171875,19976.0,yahoo
BAJFINANCE,5m,2026-09-04T14:25:00+05:30,1056.699951171875,1057.9000244140625,1056.699951171875,1057.300048828125,24436.0,yahoo
BAJFINANCE,5m,2026-09-04T14:30:00+05:30,1057.300048828125,1057.5,1056.5,1056.800048828125,15112.0,yahoo
BAJFINANCE,5m,2026-09-04T14:35:00+05:30,1056.800048828125,1056.9000244140625,1054.0999755859375,1054.9000244140625,21021.0,yahoo
BAJFINANCE,5m,2026-09-04T14:40:00+05:30,1054.4000244140625,1058.199951171875,1054.4000244140625,1057.800048828125,373429.0,yahoo
BAJFINANCE,5m,2026-09-04T14:45:00+05:30,1057.800048828125,1059.699951171875,1057.5,1059.699951171875,22292.0,yahoo
BAJFINANCE,5m,2026-09-04T14:50:00+05:30,1059.800048828125,1060.0,1059.0,1060.0,46657.0,yahoo
BAJFINANCE,5m,2026-09-04T14:55:00+05:30,1060.0,1060.0,1059.0999755859375,1059.199951171875,34690.0,yahoo
BAJFINANCE,5m,2026-09-04T15:00:00+05:30,1059.199951171875,1059.5,1058.800048828125,1059.0,54700.0,yahoo
BAJFINANCE,5m,2026-09-04T15:05:00+05:30,1058.800048828125,1060.0999755859375,1058.5,1060.0999755859375,89583.0,yahoo
BAJFINANCE,5m,2026-09-04T15:10:00+05:30,1060.300048828125,1063.5999755859375,1060.300048828125,1063.5999755859375,168462.0,yahoo
BAJFINANCE,5m,2026-09-04T15:15:00+05:30,1063.0,1063.0,1060.5,1060.5,205370.0,yahoo
BANDHANBNK,5m,2026-09-04T09:15:00+05:30,165.35000610351562,165.69000244140625,164.97000122070312,165.3000030517578,0.0,yahoo
BANDHANBNK,5m,2026-09-04T09:20:00+05:30,165.39999389648438,166.05999755859375,165.32000732421875,165.75,100068.0,yahoo
BANDHANBNK,5m,2026-09-04T09:25:00+05:30,165.82000732421875,165.82000732421875,165.2100067138672,165.35000610351562,49429.0,yahoo
BANDHANBNK,5m,2026-09-04T09:30:00+05:30,165.35000610351562,165.88999938964844,165.24000549316406,165.74000549316406,32589.0,yahoo
BANDHANBNK,5m,2026-09-04T09:35:00+05:30,165.72000122070312,166.6699981689453,165.6199951171875,166.5500030517578,129446.0,yahoo
BANDHANBNK,5m,2026-09-04T09:40:00+05:30,166.5500030517578,166.74000549316406,166.22999572753906,166.22999572753906,86840.0,yahoo
BANDHANBNK,5m,2026-09-04T09:45:00+05:30,166.27000427246094,166.4499969482422,166.19000244140625,166.30999755859375,31134.0,yahoo
BANDHANBNK,5m,2026-09-04T09:50:00+05:30,166.25999450683594,166.39999389648438,166.10000610351562,166.3000030517578,33327.0,yahoo
BANDHANBNK,5m,2026-09-04T09:55:00+05:30,166.3699951171875,166.55999755859375,166.17999267578125,166.3300018310547,32033.0,yahoo
BANDHANBNK,5m,2026-09-04T10:00:00+05:30,166.3300018310547,166.39999389648438,166.02000427246094,166.1300048828125,34879.0,yahoo
BANDHANBNK,5m,2026-09-04T10:05:00+05:30,166.1300048828125,166.30999755859375,166.0500030517578,166.1699981689453,31866.0,yahoo
BANDHANBNK,5m,2026-09-04T10:10:00+05:30,166.2100067138672,166.2100067138672,165.57000732421875,165.7899932861328,48123.0,yahoo
BANDHANBNK,5m,2026-09-04T10:15:00+05:30,165.7899932861328,165.99000549316406,165.72000122070312,165.9499969482422,23500.0,yahoo
BANDHANBNK,5m,2026-09-04T10:20:00+05:30,165.9600067138672,165.9600067138672,165.8000030517578,165.94000244140625,19836.0,yahoo
BANDHANBNK,5m,2026-09-04T10:25:00+05:30,165.94000244140625,166.10000610351562,165.89999389648438,166.0800018310547,19939.0,yahoo
BANDHANBNK,5m,2026-09-04T10:30:00+05:30,166.0800018310547,166.17999267578125,166.0,166.0,44097.0,yahoo
BANDHANBNK,5m,2026-09-04T10:35:00+05:30,165.97000122070312,166.10000610351562,165.92999267578125,165.92999267578125,10539.0,yahoo
BANDHANBNK,5m,2026-09-04T10:40:00+05:30,166.0,166.0,165.9199981689453,165.97999572753906,18713.0,yahoo
BANDHANBNK,5m,2026-09-04T10:45:00+05:30,165.97999572753906,166.0,165.8300018310547,165.91000366210938,27260.0,yahoo
BANDHANBNK,5m,2026-09-04T10:50:00+05:30,165.94000244140625,166.0,165.8699951171875,165.8699951171875,15225.0,yahoo
BANDHANBNK,5m,2026-09-04T10:55:00+05:30,165.8300018310547,165.8800048828125,165.3300018310547,165.4600067138672,56989.0,yahoo
BANDHANBNK,5m,2026-09-04T11:00:00+05:30,165.47999572753906,166.0,165.47999572753906,165.91000366210938,49151.0,yahoo
BANDHANBNK,5m,2026-09-04T11:05:00+05:30,165.8300018310547,166.0,165.72000122070312,165.7899932861328,14357.0,yahoo
BANDHANBNK,5m,2026-09-04T11:10:00+05:30,165.7899932861328,165.89999389648438,165.72000122070312,165.89999389648438,18391.0,yahoo
BANDHANBNK,5m,2026-09-04T11:15:00+05:30,165.8300018310547,165.94000244140625,165.64999389648438,165.75,9303.0,yahoo
BANDHANBNK,5m,2026-09-04T11:20:00+05:30,165.77999877929688,166.44000244140625,165.75,166.27999877929688,110903.0,yahoo
BANDHANBNK,5m,2026-09-04T11:25:00+05:30,166.24000549316406,166.39999389648438,166.0,166.35000610351562,30730.0,yahoo
BANDHANBNK,5m,2026-09-04T11:30:00+05:30,166.2899932861328,166.35000610351562,166.10000610351562,166.22999572753906,11446.0,yahoo
BANDHANBNK,5m,2026-09-04T11:35:00+05:30,166.2100067138672,166.39999389648438,166.16000366210938,166.2899932861328,18617.0,yahoo
BANDHANBNK,5m,2026-09-04T11:40:00+05:30,166.32000732421875,166.3800048828125,166.02000427246094,166.1300048828125,14419.0,yahoo
BANDHANBNK,5m,2026-09-04T11:45:00+05:30,166.05999755859375,166.17999267578125,165.8300018310547,166.0,17220.0,yahoo
BANDHANBNK,5m,2026-09-04T11:50:00+05:30,166.0500030517578,166.10000610351562,165.94000244140625,165.9499969482422,3746.0,yahoo
BANDHANBNK,5m,2026-09-04T11:55:00+05:30,166.0,166.08999633789062,165.91000366210938,166.07000732421875,11020.0,yahoo
BANDHANBNK,5m,2026-09-04T12:00:00+05:30,166.07000732421875,166.07000732421875,165.60000610351562,165.74000549316406,7666.0,yahoo
BANDHANBNK,5m,2026-09-04T12:05:00+05:30,165.6999969482422,165.97999572753906,165.67999267578125,165.82000732421875,20632.0,yahoo
BANDHANBNK,5m,2026-09-04T12:10:00+05:30,165.89999389648438,165.89999389648438,165.6999969482422,165.80999755859375,16852.0,yahoo
BANDHANBNK,5m,2026-09-04T12:15:00+05:30,165.74000549316406,165.8800048828125,165.5800018310547,165.8800048828125,6928.0,yahoo
BANDHANBNK,5m,2026-09-04T12:20:00+05:30,165.77999877929688,165.88999938964844,165.4199981689453,165.4199981689453,54766.0,yahoo
BANDHANBNK,5m,2026-09-04T12:25:00+05:30,165.3800048828125,165.41000366210938,165.3000030517578,165.3300018310547,24988.0,yahoo
BANDHANBNK,5m,2026-09-04T12:30:00+05:30,165.3300018310547,165.4499969482422,165.30999755859375,165.32000732421875,7351.0,yahoo
BANDHANBNK,5m,2026-09-04T12:35:00+05:30,165.32000732421875,165.38999938964844,164.6999969482422,164.97999572753906,153913.0,yahoo
BANDHANBNK,5m,2026-09-04T12:40:00+05:30,164.9600067138672,165.24000549316406,164.8699951171875,164.91000366210938,36159.0,yahoo
BANDHANBNK,5m,2026-09-04T12:45:00+05:30,164.9199981689453,165.0,164.8000030517578,164.97000122070312,62170.0,yahoo
BANDHANBNK,5m,2026-09-04T12:50:00+05:30,164.9499969482422,165.0,164.85000610351562,164.86000061035156,10559.0,yahoo
BANDHANBNK,5m,2026-09-04T12:55:00+05:30,164.89999389648438,164.89999389648438,164.6699981689453,164.77000427246094,23057.0,yahoo
BANDHANBNK,5m,2026-09-04T13:00:00+05:30,164.8000030517578,164.8000030517578,164.6999969482422,164.7100067138672,13659.0,yahoo
BANDHANBNK,5m,2026-09-04T13:05:00+05:30,164.7100067138672,164.89999389648438,164.6999969482422,164.89999389648438,7218.0,yahoo
BANDHANBNK,5m,2026-09-04T13:10:00+05:30,164.89999389648438,165.1999969482422,164.8300018310547,165.1999969482422,25190.0,yahoo
BANDHANBNK,5m,2026-09-04T13:15:00+05:30,165.07000732421875,165.35000610351562,164.97999572753906,165.14999389648438,22105.0,yahoo
BANDHANBNK,5m,2026-09-04T13:20:00+05:30,165.14999389648438,165.2899932861328,165.10000610351562,165.10000610351562,14857.0,yahoo
BANDHANBNK,5m,2026-09-04T13:25:00+05:30,165.11000061035156,165.25999450683594,165.00999450683594,165.19000244140625,37146.0,yahoo
BANDHANBNK,5m,2026-09-04T13:30:00+05:30,165.14999389648438,165.24000549316406,165.0500030517578,165.0500030517578,22962.0,yahoo
BANDHANBNK,5m,2026-09-04T13:35:00+05:30,165.0500030517578,165.19000244140625,165.0399932861328,165.19000244140625,6960.0,yahoo
BANDHANBNK,5m,2026-09-04T13:40:00+05:30,165.14999389648438,165.19000244140625,165.05999755859375,165.10000610351562,6022.0,yahoo
BANDHANBNK,5m,2026-09-04T13:45:00+05:30,165.10000610351562,165.17999267578125,165.0500030517578,165.10000610351562,8622.0,yahoo
BANDHANBNK,5m,2026-09-04T13:50:00+05:30,165.05999755859375,165.27000427246094,164.97000122070312,164.99000549316406,42137.0,yahoo
BANDHANBNK,5m,2026-09-04T13:55:00+05:30,165.0399932861328,165.10000610351562,164.88999938964844,164.9499969482422,8419.0,yahoo
BANDHANBNK,5m,2026-09-04T14:00:00+05:30,164.9499969482422,165.02000427246094,164.8699951171875,164.94000244140625,5692.0,yahoo
BANDHANBNK,5m,2026-09-04T14:05:00+05:30,165.02999877929688,165.02999877929688,164.86000061035156,164.88999938964844,5328.0,yahoo
BANDHANBNK,5m,2026-09-04T14:10:00+05:30,164.89999389648438,164.9600067138672,164.88999938964844,164.9600067138672,10204.0,yahoo
BANDHANBNK,5m,2026-09-04T14:15:00+05:30,164.9600067138672,164.9600067138672,164.6300048828125,164.77000427246094,37114.0,yahoo
BANDHANBNK,5m,2026-09-04T14:20:00+05:30,164.72000122070312,164.9199981689453,164.64999389648438,164.9199981689453,34638.0,yahoo
BANDHANBNK,5m,2026-09-04T14:25:00+05:30,164.91000366210938,165.0,164.83999633789062,164.91000366210938,20368.0,yahoo
BANDHANBNK,5m,2026-09-04T14:30:00+05:30,164.9499969482422,165.08999633789062,164.89999389648438,165.02000427246094,25559.0,yahoo
BANDHANBNK,5m,2026-09-04T14:35:00+05:30,165.0399932861328,165.0399932861328,164.77000427246094,164.80999755859375,31966.0,yahoo
BANDHANBNK,5m,2026-09-04T14:40:00+05:30,164.8000030517578,164.9199981689453,164.69000244140625,164.82000732421875,29138.0,yahoo
BANDHANBNK,5m,2026-09-04T14:45:00+05:30,164.85000610351562,164.9499969482422,164.80999755859375,164.9499969482422,32351.0,yahoo
BANDHANBNK,5m,2026-09-04T14:50:00+05:30,164.94000244140625,164.99000549316406,164.89999389648438,164.9600067138672,107556.0,yahoo
BANDHANBNK,5m,2026-09-04T14:55:00+05:30,164.9600067138672,164.9600067138672,164.89999389648438,164.89999389648438,68113.0,yahoo
BANDHANBNK,5m,2026-09-04T15:00:00+05:30,164.89999389648438,164.91000366210938,164.6300048828125,164.77000427246094,236186.0,yahoo
BANDHANBNK,5m,2026-09-04T15:05:00+05:30,164.7100067138672,164.8699951171875,164.69000244140625,164.7899932861328,239081.0,yahoo
BANDHANBNK,5m,2026-09-04T15:10:00+05:30,164.8000030517578,164.97999572753906,164.67999267578125,164.7899932861328,152795.0,yahoo
BANDHANBNK,5m,2026-09-04T15:15:00+05:30,164.8300018310547,164.9499969482422,164.8300018310547,164.9499969482422,19475.0,yahoo
BANKBARODA,5m,2026-09-04T09:15:00+05:30,242.3699951171875,242.3699951171875,240.25,240.41000366210938,0.0,yahoo
BANKBARODA,5m,2026-09-04T09:20:00+05:30,240.4199981689453,240.83999633789062,240.25,240.66000366210938,129802.0,yahoo
BANKBARODA,5m,2026-09-04T09:25:00+05:30,240.6999969482422,240.7899932861328,240.4499969482422,240.4499969482422,89935.0,yahoo
BANKBARODA,5m,2026-09-04T09:30:00+05:30,240.4600067138672,240.9499969482422,240.4600067138672,240.64999389648438,85825.0,yahoo
BANKBARODA,5m,2026-09-04T09:35:00+05:30,240.63999938964844,240.6999969482422,240.39999389648438,240.6300048828125,64966.0,yahoo
BANKBARODA,5m,2026-09-04T09:40:00+05:30,240.66000366210938,240.72999572753906,240.3000030517578,240.3000030517578,49426.0,yahoo
BANKBARODA,5m,2026-09-04T09:45:00+05:30,240.3000030517578,240.47000122070312,240.17999267578125,240.17999267578125,119515.0,yahoo
BANKBARODA,5m,2026-09-04T09:50:00+05:30,240.19000244140625,240.49000549316406,240.19000244140625,240.1999969482422,61828.0,yahoo
BANKBARODA,5m,2026-09-04T09:55:00+05:30,240.25999450683594,240.47999572753906,240.1999969482422,240.39999389648438,40654.0,yahoo
BANKBARODA,5m,2026-09-04T10:00:00+05:30,240.3800048828125,240.58999633789062,240.3800048828125,240.58999633789062,27776.0,yahoo
BANKBARODA,5m,2026-09-04T10:05:00+05:30,240.58999633789062,240.67999267578125,240.5500030517578,240.6300048828125,25933.0,yahoo
BANKBARODA,5m,2026-09-04T10:10:00+05:30,240.57000732421875,240.61000061035156,240.3000030517578,240.3699951171875,23704.0,yahoo
BANKBARODA,5m,2026-09-04T10:15:00+05:30,240.36000061035156,240.3800048828125,239.89999389648438,240.35000610351562,136398.0,yahoo
BANKBARODA,5m,2026-09-04T10:20:00+05:30,240.3000030517578,240.47999572753906,240.3000030517578,240.47999572753906,30417.0,yahoo
BANKBARODA,5m,2026-09-04T10:25:00+05:30,240.49000549316406,240.49000549316406,240.3300018310547,240.3300018310547,18457.0,yahoo
BANKBARODA,5m,2026-09-04T10:30:00+05:30,240.3300018310547,240.4499969482422,240.2899932861328,240.3000030517578,39013.0,yahoo
BANKBARODA,5m,2026-09-04T10:35:00+05:30,240.3000030517578,240.5,239.72999572753906,239.8800048828125,241682.0,yahoo
BANKBARODA,5m,2026-09-04T10:40:00+05:30,239.8800048828125,239.89999389648438,239.74000549316406,239.83999633789062,55146.0,yahoo
BANKBARODA,5m,2026-09-04T10:45:00+05:30,239.80999755859375,239.88999938964844,239.8000030517578,239.88999938964844,33257.0,yahoo
BANKBARODA,5m,2026-09-04T10:50:00+05:30,239.88999938964844,239.88999938964844,239.8000030517578,239.8000030517578,16301.0,yahoo
BANKBARODA,5m,2026-09-04T10:55:00+05:30,239.8000030517578,239.8800048828125,239.7100067138672,239.72999572753906,54229.0,yahoo
BANKBARODA,5m,2026-09-04T11:00:00+05:30,239.72999572753906,239.9600067138672,239.7100067138672,239.89999389648438,70760.0,yahoo
BANKBARODA,5m,2026-09-04T11:05:00+05:30,239.89999389648438,240.25,239.88999938964844,240.05999755859375,84246.0,yahoo
BANKBARODA,5m,2026-09-04T11:10:00+05:30,240.0,240.3000030517578,240.0,240.25,53753.0,yahoo
BANKBARODA,5m,2026-09-04T11:15:00+05:30,240.24000549316406,240.5,240.24000549316406,240.3300018310547,73894.0,yahoo
BANKBARODA,5m,2026-09-04T11:20:00+05:30,240.3300018310547,241.24000549316406,240.3300018310547,240.9600067138672,179876.0,yahoo
BANKBARODA,5m,2026-09-04T11:25:00+05:30,240.99000549316406,241.25,240.6999969482422,240.74000549316406,178739.0,yahoo
BANKBARODA,5m,2026-09-04T11:30:00+05:30,240.75,241.4199981689453,240.69000244140625,241.17999267578125,118763.0,yahoo
BANKBARODA,5m,2026-09-04T11:35:00+05:30,241.0500030517578,241.27000427246094,241.0500030517578,241.1999969482422,73038.0,yahoo
BANKBARODA,5m,2026-09-04T11:40:00+05:30,241.25999450683594,241.25999450683594,240.89999389648438,240.92999267578125,40211.0,yahoo
BANKBARODA,5m,2026-09-04T11:45:00+05:30,240.86000061035156,240.99000549316406,240.8000030517578,240.89999389648438,46897.0,yahoo
BANKBARODA,5m,2026-09-04T11:50:00+05:30,240.8800048828125,240.9499969482422,240.82000732421875,240.89999389648438,73965.0,yahoo
BANKBARODA,5m,2026-09-04T11:55:00+05:30,240.82000732421875,240.94000244140625,240.82000732421875,240.8800048828125,32167.0,yahoo
BANKBARODA,5m,2026-09-04T12:00:00+05:30,240.8800048828125,240.88999938964844,240.6300048828125,240.6300048828125,59338.0,yahoo
BANKBARODA,5m,2026-09-04T12:05:00+05:30,240.6699981689453,240.8699951171875,240.6300048828125,240.8000030517578,107053.0,yahoo
BANKBARODA,5m,2026-09-04T12:10:00+05:30,240.8000030517578,240.83999633789062,240.55999755859375,240.64999389648438,62808.0,yahoo
BANKBARODA,5m,2026-09-04T12:15:00+05:30,240.60000610351562,240.75,240.41000366210938,240.7100067138672,116806.0,yahoo
BANKBARODA,5m,2026-09-04T12:20:00+05:30,240.7100067138672,240.7100067138672,240.3000030517578,240.58999633789062,78290.0,yahoo
BANKBARODA,5m,2026-09-04T12:25:00+05:30,240.58999633789062,240.64999389648438,240.36000061035156,240.5500030517578,73935.0,yahoo
BANKBARODA,5m,2026-09-04T12:30:00+05:30,240.5500030517578,240.60000610351562,240.38999938964844,240.5,75027.0,yahoo
BANKBARODA,5m,2026-09-04T12:35:00+05:30,240.5,240.55999755859375,240.4600067138672,240.5,49496.0,yahoo
BANKBARODA,5m,2026-09-04T12:40:00+05:30,240.5,240.5,240.35000610351562,240.42999267578125,31841.0,yahoo
BANKBARODA,5m,2026-09-04T12:45:00+05:30,240.42999267578125,240.5,240.1999969482422,240.3300018310547,93757.0,yahoo
BANKBARODA,5m,2026-09-04T12:50:00+05:30,240.38999938964844,240.38999938964844,240.16000366210938,240.1699981689453,33884.0,yahoo
BANKBARODA,5m,2026-09-04T12:55:00+05:30,240.16000366210938,240.24000549316406,240.0,240.22999572753906,104379.0,yahoo
BANKBARODA,5m,2026-09-04T13:00:00+05:30,240.22000122070312,240.38999938964844,239.8800048828125,239.94000244140625,392291.0,yahoo
BANKBARODA,5m,2026-09-04T13:05:00+05:30,240.0,240.4600067138672,240.0,240.3699951171875,51151.0,yahoo
BANKBARODA,5m,2026-09-04T13:10:00+05:30,240.3699951171875,240.60000610351562,240.3000030517578,240.52000427246094,61403.0,yahoo
BANKBARODA,5m,2026-09-04T13:15:00+05:30,240.50999450683594,240.64999389648438,240.50999450683594,240.64999389648438,56296.0,yahoo
BANKBARODA,5m,2026-09-04T13:20:00+05:30,240.64999389648438,240.75,240.5399932861328,240.67999267578125,88694.0,yahoo
BANKBARODA,5m,2026-09-04T13:25:00+05:30,240.67999267578125,240.75,240.47999572753906,240.57000732421875,81865.0,yahoo
BANKBARODA,5m,2026-09-04T13:30:00+05:30,240.60000610351562,240.69000244140625,240.44000244140625,240.47000122070312,51620.0,yahoo
BANKBARODA,5m,2026-09-04T13:35:00+05:30,240.47999572753906,240.77999877929688,240.47999572753906,240.67999267578125,62002.0,yahoo
BANKBARODA,5m,2026-09-04T13:40:00+05:30,240.7899932861328,240.7899932861328,240.60000610351562,240.6300048828125,43932.0,yahoo
BANKBARODA,5m,2026-09-04T13:45:00+05:30,240.6999969482422,240.7100067138672,240.6300048828125,240.67999267578125,35633.0,yahoo
BANKBARODA,5m,2026-09-04T13:50:00+05:30,240.67999267578125,240.67999267578125,240.3699951171875,240.3699951171875,67746.0,yahoo
BANKBARODA,5m,2026-09-04T13:55:00+05:30,240.4199981689453,240.4199981689453,239.9199981689453,240.2899932861328,454324.0,yahoo
BANKBARODA,5m,2026-09-04T14:00:00+05:30,240.3300018310547,240.3300018310547,240.0800018310547,240.1699981689453,66224.0,yahoo
BANKBARODA,5m,2026-09-04T14:05:00+05:30,240.08999633789062,240.35000610351562,239.8000030517578,239.9199981689453,384306.0,yahoo
BANKBARODA,5m,2026-09-04T14:10:00+05:30,239.85000610351562,239.9199981689453,239.7100067138672,239.75,123854.0,yahoo
BANKBARODA,5m,2026-09-04T14:15:00+05:30,239.75,239.75999450683594,239.27999877929688,239.47999572753906,90979.0,yahoo
BANKBARODA,5m,2026-09-04T14:20:00+05:30,239.47999572753906,239.83999633789062,239.4600067138672,239.77000427246094,91219.0,yahoo
BANKBARODA,5m,2026-09-04T14:25:00+05:30,239.80999755859375,239.9499969482422,239.80999755859375,239.88999938964844,66635.0,yahoo
BANKBARODA,5m,2026-09-04T14:30:00+05:30,239.89999389648438,239.89999389648438,239.72999572753906,239.8000030517578,101267.0,yahoo
BANKBARODA,5m,2026-09-04T14:35:00+05:30,239.77000427246094,239.86000061035156,239.67999267578125,239.77999877929688,128148.0,yahoo
BANKBARODA,5m,2026-09-04T14:40:00+05:30,239.72000122070312,239.8699951171875,239.52999877929688,239.5399932861328,105491.0,yahoo
BANKBARODA,5m,2026-09-04T14:45:00+05:30,239.52999877929688,239.64999389648438,239.49000549316406,239.5800018310547,111306.0,yahoo
BANKBARODA,5m,2026-09-04T14:50:00+05:30,239.5500030517578,239.7100067138672,239.4600067138672,239.4600067138672,147798.0,yahoo
BANKBARODA,5m,2026-09-04T14:55:00+05:30,239.44000244140625,239.44000244140625,239.3000030517578,239.3000030517578,159001.0,yahoo
BANKBARODA,5m,2026-09-04T15:00:00+05:30,239.3000030517578,239.3000030517578,239.10000610351562,239.14999389648438,335675.0,yahoo
BANKBARODA,5m,2026-09-04T15:05:00+05:30,239.16000366210938,239.3699951171875,239.1300048828125,239.27999877929688,373007.0,yahoo
BANKBARODA,5m,2026-09-04T15:10:00+05:30,239.27000427246094,239.6999969482422,239.25999450683594,239.5,428132.0,yahoo
BANKBARODA,5m,2026-09-04T15:15:00+05:30,239.47999572753906,239.47999572753906,239.0,239.0,123676.0,yahoo
BANKINDIA,5m,2026-09-04T09:15:00+05:30,145.2100067138672,145.2100067138672,144.50999450683594,144.72999572753906,0.0,yahoo
BANKINDIA,5m,2026-09-04T09:20:00+05:30,144.6699981689453,144.8300018310547,144.38999938964844,144.77000427246094,92746.0,yahoo
BANKINDIA,5m,2026-09-04T09:25:00+05:30,144.80999755859375,144.80999755859375,144.35000610351562,144.49000549316406,59015.0,yahoo
BANKINDIA,5m,2026-09-04T09:30:00+05:30,144.6699981689453,144.80999755859375,144.60000610351562,144.60000610351562,36426.0,yahoo
BANKINDIA,5m,2026-09-04T09:35:00+05:30,144.5800018310547,144.75,144.55999755859375,144.75,66504.0,yahoo
BANKINDIA,5m,2026-09-04T09:40:00+05:30,144.77000427246094,144.80999755859375,144.47999572753906,144.5399932861328,12431.0,yahoo
BANKINDIA,5m,2026-09-04T09:45:00+05:30,144.5399932861328,144.72000122070312,144.5,144.50999450683594,16982.0,yahoo
BANKINDIA,5m,2026-09-04T09:50:00+05:30,144.60000610351562,144.6300048828125,144.39999389648438,144.39999389648438,74954.0,yahoo
BANKINDIA,5m,2026-09-04T09:55:00+05:30,144.39999389648438,144.50999450683594,144.30999755859375,144.30999755859375,35668.0,yahoo
BANKINDIA,5m,2026-09-04T10:00:00+05:30,144.22999572753906,144.41000366210938,144.2100067138672,144.41000366210938,9987.0,yahoo
BANKINDIA,5m,2026-09-04T10:05:00+05:30,144.44000244140625,144.44000244140625,144.1999969482422,144.1999969482422,31348.0,yahoo
BANKINDIA,5m,2026-09-04T10:10:00+05:30,144.1999969482422,144.27000427246094,144.13999938964844,144.2100067138672,15332.0,yahoo
BANKINDIA,5m,2026-09-04T10:15:00+05:30,144.2100067138672,144.25,144.11000061035156,144.2100067138672,16262.0,yahoo
BANKINDIA,5m,2026-09-04T10:20:00+05:30,144.1999969482422,144.57000732421875,144.1699981689453,144.5500030517578,12461.0,yahoo
BANKINDIA,5m,2026-09-04T10:25:00+05:30,144.5500030517578,144.58999633789062,144.3300018310547,144.33999633789062,21540.0,yahoo
BANKINDIA,5m,2026-09-04T10:30:00+05:30,144.33999633789062,144.47999572753906,144.3000030517578,144.3800048828125,7034.0,yahoo
BANKINDIA,5m,2026-09-04T10:35:00+05:30,144.3800048828125,144.55999755859375,144.2899932861328,144.4199981689453,19983.0,yahoo
BANKINDIA,5m,2026-09-04T10:40:00+05:30,144.41000366210938,144.5,144.3000030517578,144.4199981689453,23647.0,yahoo
BANKINDIA,5m,2026-09-04T10:45:00+05:30,144.3699951171875,144.74000549316406,144.3000030517578,144.74000549316406,26514.0,yahoo
BANKINDIA,5m,2026-09-04T10:50:00+05:30,144.6999969482422,144.74000549316406,144.60000610351562,144.60000610351562,10223.0,yahoo
BANKINDIA,5m,2026-09-04T10:55:00+05:30,144.7100067138672,144.75999450683594,144.61000061035156,144.6300048828125,12820.0,yahoo
BANKINDIA,5m,2026-09-04T11:00:00+05:30,144.5500030517578,144.69000244140625,144.4600067138672,144.67999267578125,37770.0,yahoo
BANKINDIA,5m,2026-09-04T11:05:00+05:30,144.67999267578125,144.8800048828125,144.64999389648438,144.8800048828125,31264.0,yahoo
BANKINDIA,5m,2026-09-04T11:10:00+05:30,144.8000030517578,144.99000549316406,144.8000030517578,144.92999267578125,32845.0,yahoo
BANKINDIA,5m,2026-09-04T11:15:00+05:30,144.97000122070312,145.02999877929688,144.83999633789062,145.02999877929688,58911.0,yahoo
BANKINDIA,5m,2026-09-04T11:20:00+05:30,145.08999633789062,145.58999633789062,145.02000427246094,145.5500030517578,78535.0,yahoo
BANKINDIA,5m,2026-09-04T11:25:00+05:30,145.5500030517578,145.67999267578125,145.3800048828125,145.38999938964844,52936.0,yahoo
BANKINDIA,5m,2026-09-04T11:30:00+05:30,145.4499969482422,145.7899932861328,145.35000610351562,145.6999969482422,109757.0,yahoo
BANKINDIA,5m,2026-09-04T11:35:00+05:30,145.75,145.75,145.57000732421875,145.63999938964844,33609.0,yahoo
BANKINDIA,5m,2026-09-04T11:40:00+05:30,145.63999938964844,145.6999969482422,145.4499969482422,145.4499969482422,34511.0,yahoo
BANKINDIA,5m,2026-09-04T11:45:00+05:30,145.4499969482422,145.52999877929688,145.3699951171875,145.52999877929688,24048.0,yahoo
BANKINDIA,5m,2026-09-04T11:50:00+05:30,145.50999450683594,145.5500030517578,145.42999267578125,145.49000549316406,29690.0,yahoo
BANKINDIA,5m,2026-09-04T11:55:00+05:30,145.49000549316406,145.60000610351562,145.4199981689453,145.60000610351562,35834.0,yahoo
BANKINDIA,5m,2026-09-04T12:00:00+05:30,145.55999755859375,145.60000610351562,145.3300018310547,145.3300018310547,24457.0,yahoo
BANKINDIA,5m,2026-09-04T12:05:00+05:30,145.32000732421875,145.58999633789062,145.27999877929688,145.55999755859375,24104.0,yahoo
BANKINDIA,5m,2026-09-04T12:10:00+05:30,145.5500030517578,145.57000732421875,145.4199981689453,145.52000427246094,22098.0,yahoo
BANKINDIA,5m,2026-09-04T12:15:00+05:30,145.4600067138672,145.57000732421875,145.39999389648438,145.47000122070312,17846.0,yahoo
BANKINDIA,5m,2026-09-04T12:20:00+05:30,145.47000122070312,145.5,145.27999877929688,145.5,37094.0,yahoo
BANKINDIA,5m,2026-09-04T12:25:00+05:30,145.5,145.64999389648438,145.5,145.5500030517578,49338.0,yahoo
BANKINDIA,5m,2026-09-04T12:30:00+05:30,145.5800018310547,145.6999969482422,145.52000427246094,145.6999969482422,42400.0,yahoo
BANKINDIA,5m,2026-09-04T12:35:00+05:30,145.6999969482422,145.6999969482422,145.4600067138672,145.47000122070312,69706.0,yahoo
BANKINDIA,5m,2026-09-04T12:40:00+05:30,145.47000122070312,145.57000732421875,145.39999389648438,145.39999389648438,19110.0,yahoo
BANKINDIA,5m,2026-09-04T12:45:00+05:30,145.38999938964844,145.4499969482422,145.25,145.25999450683594,13694.0,yahoo
BANKINDIA,5m,2026-09-04T12:50:00+05:30,145.25999450683594,145.35000610351562,145.1999969482422,145.33999633789062,15358.0,yahoo
BANKINDIA,5m,2026-09-04T12:55:00+05:30,145.35000610351562,145.47999572753906,145.25,145.47999572753906,21892.0,yahoo
BANKINDIA,5m,2026-09-04T13:00:00+05:30,145.4499969482422,145.50999450683594,145.33999633789062,145.33999633789062,23182.0,yahoo
BANKINDIA,5m,2026-09-04T13:05:00+05:30,145.47999572753906,145.52999877929688,145.41000366210938,145.52999877929688,37012.0,yahoo
BANKINDIA,5m,2026-09-04T13:10:00+05:30,145.52000427246094,145.64999389648438,145.47999572753906,145.63999938964844,23780.0,yahoo
BANKINDIA,5m,2026-09-04T13:15:00+05:30,145.64999389648438,145.64999389648438,145.6199951171875,145.6199951171875,26088.0,yahoo
BANKINDIA,5m,2026-09-04T13:20:00+05:30,145.69000244140625,145.6999969482422,145.61000061035156,145.69000244140625,15346.0,yahoo
BANKINDIA,5m,2026-09-04T13:25:00+05:30,145.6999969482422,145.6999969482422,145.5500030517578,145.6300048828125,25889.0,yahoo
BANKINDIA,5m,2026-09-04T13:30:00+05:30,145.60000610351562,145.69000244140625,145.5800018310547,145.64999389648438,20809.0,yahoo
BANKINDIA,5m,2026-09-04T13:35:00+05:30,145.64999389648438,145.75,145.61000061035156,145.75,35455.0,yahoo
BANKINDIA,5m,2026-09-04T13:40:00+05:30,145.75,145.77999877929688,145.6699981689453,145.74000549316406,20681.0,yahoo
BANKINDIA,5m,2026-09-04T13:45:00+05:30,145.75,145.8000030517578,145.6999969482422,145.77999877929688,18007.0,yahoo
BANKINDIA,5m,2026-09-04T13:50:00+05:30,145.77999877929688,145.8000030517578,145.5,145.58999633789062,22842.0,yahoo
BANKINDIA,5m,2026-09-04T13:55:00+05:30,145.5399932861328,145.63999938964844,145.47999572753906,145.5,26403.0,yahoo
BANKINDIA,5m,2026-09-04T14:00:00+05:30,145.5,145.52999877929688,145.38999938964844,145.41000366210938,29053.0,yahoo
BANKINDIA,5m,2026-09-04T14:05:00+05:30,145.41000366210938,145.49000549316406,145.32000732421875,145.36000061035156,39165.0,yahoo
BANKINDIA,5m,2026-09-04T14:10:00+05:30,145.36000061035156,145.4499969482422,145.30999755859375,145.30999755859375,24069.0,yahoo
BANKINDIA,5m,2026-09-04T14:15:00+05:30,145.36000061035156,145.36000061035156,144.8000030517578,144.9499969482422,74268.0,yahoo
BANKINDIA,5m,2026-09-04T14:20:00+05:30,144.8000030517578,145.0,144.6699981689453,145.0,44436.0,yahoo
BANKINDIA,5m,2026-09-04T14:25:00+05:30,144.9499969482422,145.05999755859375,144.89999389648438,145.00999450683594,34527.0,yahoo
BANKINDIA,5m,2026-09-04T14:30:00+05:30,144.97999572753906,145.0500030517578,144.82000732421875,144.92999267578125,27283.0,yahoo
BANKINDIA,5m,2026-09-04T14:35:00+05:30,144.89999389648438,145.0,144.7100067138672,144.8000030517578,40291.0,yahoo
BANKINDIA,5m,2026-09-04T14:40:00+05:30,144.83999633789062,144.89999389648438,144.74000549316406,144.7899932861328,23171.0,yahoo
BANKINDIA,5m,2026-09-04T14:45:00+05:30,144.8000030517578,145.02999877929688,144.6999969482422,145.02999877929688,37198.0,yahoo
BANKINDIA,5m,2026-09-04T14:50:00+05:30,145.02999877929688,145.10000610351562,144.97000122070312,145.0500030517578,49501.0,yahoo
BANKINDIA,5m,2026-09-04T14:55:00+05:30,145.0,145.05999755859375,144.97999572753906,145.02000427246094,34794.0,yahoo
BANKINDIA,5m,2026-09-04T15:00:00+05:30,145.0,145.05999755859375,144.94000244140625,145.0,109200.0,yahoo
BANKINDIA,5m,2026-09-04T15:05:00+05:30,145.0,145.08999633789062,144.91000366210938,145.0,174431.0,yahoo
BANKINDIA,5m,2026-09-04T15:10:00+05:30,145.0,145.05999755859375,144.8800048828125,145.0399932861328,192890.0,yahoo
BANKINDIA,5m,2026-09-04T15:15:00+05:30,145.0399932861328,145.0399932861328,145.0,145.0,30170.0,yahoo
BANKNIFTY,5m,2026-09-04T09:15:00+05:30,57492.6484375,57541.6484375,57368.6484375,57427.19921875,0.0,yahoo
BANKNIFTY,5m,2026-09-04T09:20:00+05:30,57426.05078125,57431.3515625,57369.6484375,57419.8515625,0.0,yahoo
BANKNIFTY,5m,2026-09-04T09:25:00+05:30,57426.1484375,57435.19921875,57325.44921875,57350.8984375,0.0,yahoo
BANKNIFTY,5m,2026-09-04T09:30:00+05:30,57355.25,57443.19921875,57347.80078125,57392.05078125,0.0,yahoo
BANKNIFTY,5m,2026-09-04T09:35:00+05:30,57393.6484375,57399.44921875,57376.30078125,57398.1484375,0.0,yahoo
BANKNIFTY,5m,2026-09-04T09:40:00+05:30,57394.6484375,57409.1015625,57355.1015625,57374.69921875,0.0,yahoo
BANKNIFTY,5m,2026-09-04T09:45:00+05:30,57375.3984375,57418.0,57365.3984375,57374.19921875,0.0,yahoo
BANKNIFTY,5m,2026-09-04T09:50:00+05:30,57374.94921875,57406.69921875,57367.80078125,57382.44921875,0.0,yahoo
BANKNIFTY,5m,2026-09-04T09:55:00+05:30,57385.05078125,57425.25,57381.3984375,57406.8984375,0.0,yahoo
BANKNIFTY,5m,2026-09-04T10:00:00+05:30,57410.1484375,57458.94921875,57405.69921875,57438.69921875,0.0,yahoo
BANKNIFTY,5m,2026-09-04T10:05:00+05:30,57437.3984375,57446.1015625,57420.1484375,57427.3515625,0.0,yahoo
BANKNIFTY,5m,2026-09-04T10:10:00+05:30,57427.25,57434.69921875,57394.6015625,57410.5,0.0,yahoo
BANKNIFTY,5m,2026-09-04T10:15:00+05:30,57410.8515625,57421.44921875,57382.1484375,57410.1484375,0.0,yahoo
BANKNIFTY,5m,2026-09-04T10:20:00+05:30,57407.6484375,57454.8515625,57405.5,57445.8984375,0.0,yahoo
BANKNIFTY,5m,2026-09-04T10:25:00+05:30,57449.30078125,57464.75,57440.05078125,57458.3984375,0.0,yahoo
BANKNIFTY,5m,2026-09-04T10:30:00+05:30,57457.94921875,57495.80078125,57447.75,57453.80078125,0.0,yahoo
BANKNIFTY,5m,2026-09-04T10:35:00+05:30,57453.80078125,57492.69921875,57446.0,57474.69921875,0.0,yahoo
BANKNIFTY,5m,2026-09-04T10:40:00+05:30,57473.1015625,57493.3515625,57463.8984375,57467.69921875,0.0,yahoo
BANKNIFTY,5m,2026-09-04T10:45:00+05:30,57474.94921875,57489.3984375,57461.6015625,57488.0,0.0,yahoo
BANKNIFTY,5m,2026-09-04T10:50:00+05:30,57490.94921875,57495.0,57474.8984375,57482.25,0.0,yahoo
BANKNIFTY,5m,2026-09-04T10:55:00+05:30,57483.94921875,57494.3515625,57463.3515625,57476.1484375,0.0,yahoo
BANKNIFTY,5m,2026-09-04T11:00:00+05:30,57476.1484375,57497.6484375,57465.6484375,57488.1015625,0.0,yahoo
BANKNIFTY,5m,2026-09-04T11:05:00+05:30,57492.1015625,57557.19921875,57482.3515625,57542.1484375,0.0,yahoo
BANKNIFTY,5m,2026-09-04T11:10:00+05:30,57549.5,57571.5,57524.19921875,57535.80078125,0.0,yahoo
BANKNIFTY,5m,2026-09-04T11:15:00+05:30,57539.55078125,57577.1015625,57523.94921875,57577.1015625,0.0,yahoo
BANKNIFTY,5m,2026-09-04T11:20:00+05:30,57575.75,57616.8984375,57560.8984375,57596.55078125,0.0,yahoo
BANKNIFTY,5m,2026-09-04T11:25:00+05:30,57596.94921875,57629.80078125,57582.6015625,57584.1484375,0.0,yahoo
BANKNIFTY,5m,2026-09-04T11:30:00+05:30,57588.75,57611.6015625,57577.80078125,57590.5,0.0,yahoo
BANKNIFTY,5m,2026-09-04T11:35:00+05:30,57593.1484375,57675.94921875,57578.19921875,57656.3515625,0.0,yahoo
BANKNIFTY,5m,2026-09-04T11:40:00+05:30,57660.19921875,57661.94921875,57559.55078125,57561.6484375,0.0,yahoo
BANKNIFTY,5m,2026-09-04T11:45:00+05:30,57561.8984375,57593.69921875,57553.25,57581.25,0.0,yahoo
BANKNIFTY,5m,2026-09-04T11:50:00+05:30,57579.94921875,57616.8515625,57579.94921875,57602.05078125,0.0,yahoo
BANKNIFTY,5m,2026-09-04T11:55:00+05:30,57605.1015625,57615.25,57587.0,57598.05078125,0.0,yahoo
BANKNIFTY,5m,2026-09-04T12:00:00+05:30,57600.5,57603.30078125,57545.3515625,57552.5,0.0,yahoo
BANKNIFTY,5m,2026-09-04T12:05:00+05:30,57551.75,57580.80078125,57541.3515625,57574.94921875,0.0,yahoo
BANKNIFTY,5m,2026-09-04T12:10:00+05:30,57574.94921875,57581.6015625,57542.05078125,57557.6015625,0.0,yahoo
BANKNIFTY,5m,2026-09-04T12:15:00+05:30,57555.3515625,57573.3984375,57534.1484375,57559.94921875,0.0,yahoo
BANKNIFTY,5m,2026-09-04T12:20:00+05:30,57560.44921875,57567.6015625,57529.55078125,57550.8984375,0.0,yahoo
BANKNIFTY,5m,2026-09-04T12:25:00+05:30,57550.1015625,57577.0,57541.3984375,57575.19921875,0.0,yahoo
BANKNIFTY,5m,2026-09-04T12:30:00+05:30,57576.25,57582.8515625,57556.75,57565.05078125,0.0,yahoo
BANKNIFTY,5m,2026-09-04T12:35:00+05:30,57565.05078125,57574.69921875,57543.0,57547.6015625,0.0,yahoo
BANKNIFTY,5m,2026-09-04T12:40:00+05:30,57547.6015625,57557.05078125,57536.30078125,57549.8984375,0.0,yahoo
BANKNIFTY,5m,2026-09-04T12:45:00+05:30,57551.19921875,57554.1484375,57527.5,57550.05078125,0.0,yahoo
BANKNIFTY,5m,2026-09-04T12:50:00+05:30,57551.8515625,57556.30078125,57537.3515625,57553.05078125,0.0,yahoo
BANKNIFTY,5m,2026-09-04T12:55:00+05:30,57552.69921875,57554.6484375,57514.3515625,57551.0,0.0,yahoo
BANKNIFTY,5m,2026-09-04T13:00:00+05:30,57552.55078125,57578.3515625,57538.8515625,57548.19921875,0.0,yahoo
BANKNIFTY,5m,2026-09-04T13:05:00+05:30,57550.25,57582.0,57547.25,57575.8515625,0.0,yahoo
BANKNIFTY,5m,2026-09-04T13:10:00+05:30,57576.69921875,57594.44921875,57571.44921875,57580.5,0.0,yahoo
BANKNIFTY,5m,2026-09-04T13:15:00+05:30,57580.55078125,57630.0,57575.44921875,57619.55078125,0.0,yahoo
BANKNIFTY,5m,2026-09-04T13:20:00+05:30,57621.55078125,57639.75,57614.6015625,57621.69921875,0.0,yahoo
BANKNIFTY,5m,2026-09-04T13:25:00+05:30,57625.19921875,57627.94921875,57573.6484375,57586.44921875,0.0,yahoo
BANKNIFTY,5m,2026-09-04T13:30:00+05:30,57586.55078125,57599.94921875,57572.3984375,57578.30078125,0.0,yahoo
BANKNIFTY,5m,2026-09-04T13:35:00+05:30,57581.75,57610.05078125,57576.6015625,57605.3984375,0.0,yahoo
BANKNIFTY,5m,2026-09-04T13:40:00+05:30,57608.25,57609.1015625,57576.69921875,57583.25,0.0,yahoo
BANKNIFTY,5m,2026-09-04T13:45:00+05:30,57583.3515625,57586.94921875,57572.80078125,57578.8984375,0.0,yahoo
BANKNIFTY,5m,2026-09-04T13:50:00+05:30,57583.1015625,57586.8515625,57533.75,57542.1015625,0.0,yahoo
BANKNIFTY,5m,2026-09-04T13:55:00+05:30,57541.3984375,57559.75,57537.05078125,57542.6015625,0.0,yahoo
BANKNIFTY,5m,2026-09-04T14:00:00+05:30,57544.44921875,57548.30078125,57526.6484375,57530.6015625,0.0,yahoo
BANKNIFTY,5m,2026-09-04T14:05:00+05:30,57534.3984375,57556.55078125,57532.5,57534.75,0.0,yahoo
BANKNIFTY,5m,2026-09-04T14:10:00+05:30,57539.75,57556.8515625,57533.44921875,57548.75,0.0,yahoo
BANKNIFTY,5m,2026-09-04T14:15:00+05:30,57546.1015625,57549.1484375,57503.80078125,57515.1015625,0.0,yahoo
BANKNIFTY,5m,2026-09-04T14:20:00+05:30,57516.1484375,57544.1484375,57512.3984375,57531.8984375,0.0,yahoo
BANKNIFTY,5m,2026-09-04T14:25:00+05:30,57535.5,57567.8984375,57528.3515625,57559.8515625,0.0,yahoo
BANKNIFTY,5m,2026-09-04T14:30:00+05:30,57563.1484375,57581.6015625,57555.30078125,57564.8984375,0.0,yahoo
BANKNIFTY,5m,2026-09-04T14:35:00+05:30,57564.6015625,57565.6484375,57526.75,57531.8515625,0.0,yahoo
BANKNIFTY,5m,2026-09-04T14:40:00+05:30,57531.8515625,57542.5,57504.19921875,57509.1484375,0.0,yahoo
BANKNIFTY,5m,2026-09-04T14:45:00+05:30,57506.1015625,57523.55078125,57502.94921875,57514.1484375,0.0,yahoo
BANKNIFTY,5m,2026-09-04T14:50:00+05:30,57512.5,57523.6015625,57494.25,57501.05078125,0.0,yahoo
BANKNIFTY,5m,2026-09-04T14:55:00+05:30,57503.19921875,57503.19921875,57469.30078125,57469.6015625,0.0,yahoo
BANKNIFTY,5m,2026-09-04T15:00:00+05:30,57472.0,57484.19921875,57439.1484375,57444.30078125,0.0,yahoo
BANKNIFTY,5m,2026-09-04T15:05:00+05:30,57446.6015625,57472.5,57428.8984375,57456.1015625,0.0,yahoo
BANKNIFTY,5m,2026-09-04T15:10:00+05:30,57455.1484375,57475.80078125,57411.05078125,57437.3515625,0.0,yahoo
BANKNIFTY,5m,2026-09-04T15:15:00+05:30,57440.6015625,57440.6015625,57440.6015625,57440.6015625,0.0,yahoo
BANKNIFTY,5m,2026-09-04T15:20:00+05:30,57440.6015625,57440.6015625,57440.6015625,57440.6015625,0.0,yahoo
BANKNIFTY,5m,2026-09-04T15:25:00+05:30,57440.6015625,57440.6015625,57369.6484375,57369.6484375,0.0,yahoo
BEL,5m,2026-09-04T09:15:00+05:30,408.8999938964844,409.70001220703125,408.5,409.6499938964844,0.0,yahoo
BEL,5m,2026-09-04T09:20:00+05:30,409.75,410.0,409.3999938964844,409.6000061035156,93166.0,yahoo
BEL,5m,2026-09-04T09:25:00+05:30,409.6000061035156,410.70001220703125,409.6000061035156,409.75,117137.0,yahoo
BEL,5m,2026-09-04T09:30:00+05:30,410.20001220703125,411.3999938964844,409.8500061035156,411.3999938964844,174754.0,yahoo
BEL,5m,2026-09-04T09:35:00+05:30,411.25,411.6000061035156,411.0,411.1000061035156,99715.0,yahoo
BEL,5m,2026-09-04T09:40:00+05:30,411.04998779296875,411.1000061035156,410.70001220703125,410.70001220703125,80178.0,yahoo
BEL,5m,2026-09-04T09:45:00+05:30,410.79998779296875,411.79998779296875,410.79998779296875,411.6000061035156,139925.0,yahoo
BEL,5m,2026-09-04T09:50:00+05:30,411.6499938964844,412.8500061035156,411.6000061035156,412.8500061035156,235508.0,yahoo
BEL,5m,2026-09-04T09:55:00+05:30,413.0,413.0,412.20001220703125,412.6499938964844,513908.0,yahoo
BEL,5m,2026-09-04T10:00:00+05:30,412.6000061035156,412.8500061035156,411.79998779296875,411.95001220703125,114762.0,yahoo
BEL,5m,2026-09-04T10:05:00+05:30,411.95001220703125,412.0,411.0,411.3999938964844,140420.0,yahoo
BEL,5m,2026-09-04T10:10:00+05:30,411.3999938964844,412.29998779296875,411.3999938964844,411.75,405446.0,yahoo
BEL,5m,2026-09-04T10:15:00+05:30,411.79998779296875,411.95001220703125,411.54998779296875,411.75,44406.0,yahoo
BEL,5m,2026-09-04T10:20:00+05:30,411.70001220703125,411.75,411.1000061035156,411.29998779296875,78487.0,yahoo
BEL,5m,2026-09-04T10:25:00+05:30,411.29998779296875,411.45001220703125,411.1000061035156,411.3500061035156,69446.0,yahoo
BEL,5m,2026-09-04T10:30:00+05:30,411.25,411.3999938964844,411.1000061035156,411.1499938964844,53752.0,yahoo
BEL,5m,2026-09-04T10:35:00+05:30,411.29998779296875,411.5,411.04998779296875,411.1000061035156,66594.0,yahoo
BEL,5m,2026-09-04T10:40:00+05:30,411.0,411.45001220703125,410.70001220703125,411.25,97085.0,yahoo
BEL,5m,2026-09-04T10:45:00+05:30,411.29998779296875,411.45001220703125,411.0,411.0,34693.0,yahoo
BEL,5m,2026-09-04T10:50:00+05:30,411.0,411.0,410.54998779296875,410.8500061035156,47597.0,yahoo
BEL,5m,2026-09-04T10:55:00+05:30,410.79998779296875,411.0,410.5,411.0,93006.0,yahoo
BEL,5m,2026-09-04T11:00:00+05:30,411.1499938964844,411.29998779296875,410.54998779296875,410.70001220703125,57454.0,yahoo
BEL,5m,2026-09-04T11:05:00+05:30,410.70001220703125,411.3999938964844,410.54998779296875,410.8999938964844,136305.0,yahoo
BEL,5m,2026-09-04T11:10:00+05:30,410.75,410.8999938964844,410.5,410.5,37723.0,yahoo
BEL,5m,2026-09-04T11:15:00+05:30,410.5,410.75,409.6000061035156,410.0,160027.0,yahoo
BEL,5m,2026-09-04T11:20:00+05:30,409.95001220703125,410.20001220703125,409.25,409.5,91015.0,yahoo
BEL,5m,2026-09-04T11:25:00+05:30,409.5,409.79998779296875,409.29998779296875,409.3999938964844,61802.0,yahoo
BEL,5m,2026-09-04T11:30:00+05:30,409.29998779296875,409.54998779296875,409.25,409.45001220703125,38521.0,yahoo
BEL,5m,2026-09-04T11:35:00+05:30,409.45001220703125,410.1499938964844,409.45001220703125,409.79998779296875,53339.0,yahoo
BEL,5m,2026-09-04T11:40:00+05:30,409.79998779296875,410.0,409.54998779296875,409.8500061035156,36222.0,yahoo
BEL,5m,2026-09-04T11:45:00+05:30,409.8500061035156,410.5,409.6000061035156,410.29998779296875,61526.0,yahoo
BEL,5m,2026-09-04T11:50:00+05:30,410.29998779296875,411.1000061035156,409.79998779296875,410.70001220703125,312106.0,yahoo
BEL,5m,2026-09-04T11:55:00+05:30,410.8500061035156,411.1499938964844,410.70001220703125,410.70001220703125,266465.0,yahoo
BEL,5m,2026-09-04T12:00:00+05:30,410.70001220703125,410.79998779296875,410.20001220703125,410.20001220703125,38254.0,yahoo
BEL,5m,2026-09-04T12:05:00+05:30,410.20001220703125,410.3500061035156,409.70001220703125,409.70001220703125,47221.0,yahoo
BEL,5m,2026-09-04T12:10:00+05:30,409.70001220703125,409.79998779296875,409.3999938964844,409.45001220703125,44233.0,yahoo
BEL,5m,2026-09-04T12:15:00+05:30,409.45001220703125,409.6000061035156,409.0,409.29998779296875,383490.0,yahoo
BEL,5m,2026-09-04T12:20:00+05:30,409.25,409.5,407.75,408.0,178015.0,yahoo
BEL,5m,2026-09-04T12:25:00+05:30,408.04998779296875,408.20001220703125,407.75,408.1499938964844,94741.0,yahoo
BEL,5m,2026-09-04T12:30:00+05:30,408.1499938964844,408.79998779296875,408.1000061035156,408.6000061035156,145545.0,yahoo
BEL,5m,2026-09-04T12:35:00+05:30,408.5,408.70001220703125,408.5,408.54998779296875,46547.0,yahoo
BEL,5m,2026-09-04T12:40:00+05:30,408.54998779296875,408.6000061035156,407.8999938964844,407.95001220703125,79704.0,yahoo
BEL,5m,2026-09-04T12:45:00+05:30,407.95001220703125,408.1499938964844,407.75,408.1499938964844,47940.0,yahoo
BEL,5m,2026-09-04T12:50:00+05:30,408.0,408.75,408.0,408.75,112037.0,yahoo
BEL,5m,2026-09-04T12:55:00+05:30,408.8500061035156,408.8500061035156,408.20001220703125,408.5,143161.0,yahoo
BEL,5m,2026-09-04T13:00:00+05:30,408.29998779296875,408.5,407.95001220703125,408.20001220703125,60659.0,yahoo
BEL,5m,2026-09-04T13:05:00+05:30,408.20001220703125,408.5,408.0,408.3500061035156,34254.0,yahoo
BEL,5m,2026-09-04T13:10:00+05:30,408.3500061035156,408.5,408.1499938964844,408.29998779296875,36042.0,yahoo
BEL,5m,2026-09-04T13:15:00+05:30,408.3500061035156,408.5,408.1499938964844,408.3999938964844,33198.0,yahoo
BEL,5m,2026-09-04T13:20:00+05:30,408.45001220703125,408.6000061035156,408.1499938964844,408.45001220703125,61548.0,yahoo
BEL,5m,2026-09-04T13:25:00+05:30,408.3500061035156,408.6000061035156,408.0,408.04998779296875,27235.0,yahoo
BEL,5m,2026-09-04T13:30:00+05:30,408.0,408.29998779296875,407.79998779296875,408.0,62571.0,yahoo
BEL,5m,2026-09-04T13:35:00+05:30,408.0,408.5,408.0,408.5,39242.0,yahoo
BEL,5m,2026-09-04T13:40:00+05:30,408.45001220703125,408.6499938964844,408.3500061035156,408.5,61442.0,yahoo
BEL,5m,2026-09-04T13:45:00+05:30,408.5,408.6499938964844,408.45001220703125,408.5,49232.0,yahoo
BEL,5m,2026-09-04T13:50:00+05:30,408.6499938964844,408.6499938964844,408.0,408.04998779296875,52544.0,yahoo
BEL,5m,2026-09-04T13:55:00+05:30,408.0,408.20001220703125,407.8999938964844,407.95001220703125,37477.0,yahoo
BEL,5m,2026-09-04T14:00:00+05:30,408.0,408.0,407.8500061035156,407.8500061035156,23850.0,yahoo
BEL,5m,2026-09-04T14:05:00+05:30,408.0,408.5,407.8500061035156,408.1000061035156,94229.0,yahoo
BEL,5m,2026-09-04T14:10:00+05:30,408.1499938964844,408.1499938964844,408.0,408.0,16853.0,yahoo
BEL,5m,2026-09-04T14:15:00+05:30,408.0,408.04998779296875,407.79998779296875,407.79998779296875,26292.0,yahoo
BEL,5m,2026-09-04T14:20:00+05:30,407.8500061035156,408.0,407.6000061035156,407.79998779296875,59804.0,yahoo
BEL,5m,2026-09-04T14:25:00+05:30,407.79998779296875,408.0,407.6499938964844,407.79998779296875,52742.0,yahoo
BEL,5m,2026-09-04T14:30:00+05:30,407.8500061035156,408.25,407.79998779296875,408.0,77478.0,yahoo
BEL,5m,2026-09-04T14:35:00+05:30,408.0,408.20001220703125,407.8500061035156,407.8500061035156,91265.0,yahoo
BEL,5m,2026-09-04T14:40:00+05:30,407.8999938964844,408.20001220703125,407.79998779296875,407.79998779296875,54400.0,yahoo
BEL,5m,2026-09-04T14:45:00+05:30,407.79998779296875,408.0,407.6499938964844,407.95001220703125,64838.0,yahoo
BEL,5m,2026-09-04T14:50:00+05:30,407.95001220703125,408.29998779296875,407.8500061035156,408.04998779296875,209664.0,yahoo
BEL,5m,2026-09-04T14:55:00+05:30,408.04998779296875,408.20001220703125,407.8999938964844,408.0,106556.0,yahoo
BEL,5m,2026-09-04T15:00:00+05:30,408.0,408.1000061035156,407.8999938964844,407.8999938964844,222382.0,yahoo
BEL,5m,2026-09-04T15:05:00+05:30,407.95001220703125,408.5,407.79998779296875,408.0,400243.0,yahoo
BEL,5m,2026-09-04T15:10:00+05:30,408.04998779296875,408.25,406.6000061035156,407.04998779296875,454224.0,yahoo
BEL,5m,2026-09-04T15:15:00+05:30,407.6000061035156,407.6000061035156,405.3500061035156,405.3500061035156,292661.0,yahoo
BHARTIARTL,5m,2026-09-04T09:15:00+05:30,1868.199951171875,1869.9000244140625,1861.0999755859375,1862.300048828125,0.0,yahoo
BHARTIARTL,5m,2026-09-04T09:20:00+05:30,1862.699951171875,1866.0999755859375,1862.699951171875,1865.4000244140625,49205.0,yahoo
BHARTIARTL,5m,2026-09-04T09:25:00+05:30,1865.9000244140625,1866.800048828125,1864.199951171875,1864.199951171875,28629.0,yahoo
BHARTIARTL,5m,2026-09-04T09:30:00+05:30,1864.199951171875,1865.5999755859375,1863.5,1865.4000244140625,19576.0,yahoo
BHARTIARTL,5m,2026-09-04T09:35:00+05:30,1865.199951171875,1865.5999755859375,1862.699951171875,1862.800048828125,25328.0,yahoo
BHARTIARTL,5m,2026-09-04T09:40:00+05:30,1862.699951171875,1862.800048828125,1861.5999755859375,1862.300048828125,28134.0,yahoo
BHARTIARTL,5m,2026-09-04T09:45:00+05:30,1862.300048828125,1862.800048828125,1861.699951171875,1862.0,16237.0,yahoo
BHARTIARTL,5m,2026-09-04T09:50:00+05:30,1861.9000244140625,1862.0999755859375,1861.5,1862.0999755859375,13756.0,yahoo
BHARTIARTL,5m,2026-09-04T09:55:00+05:30,1862.0,1863.5999755859375,1861.9000244140625,1862.699951171875,13662.0,yahoo
BHARTIARTL,5m,2026-09-04T10:00:00+05:30,1862.800048828125,1864.5,1862.800048828125,1863.4000244140625,15781.0,yahoo
BHARTIARTL,5m,2026-09-04T10:05:00+05:30,1863.300048828125,1864.800048828125,1863.199951171875,1864.0999755859375,29000.0,yahoo
BHARTIARTL,5m,2026-09-04T10:10:00+05:30,1864.0,1864.0,1861.0999755859375,1861.300048828125,19229.0,yahoo
BHARTIARTL,5m,2026-09-04T10:15:00+05:30,1861.199951171875,1862.0,1860.5,1860.5,13249.0,yahoo
BHARTIARTL,5m,2026-09-04T10:20:00+05:30,1860.5,1861.199951171875,1859.5,1861.0,29277.0,yahoo
BHARTIARTL,5m,2026-09-04T10:25:00+05:30,1861.0,1861.0999755859375,1860.199951171875,1860.5,10095.0,yahoo
BHARTIARTL,5m,2026-09-04T10:30:00+05:30,1860.300048828125,1860.9000244140625,1859.800048828125,1860.5999755859375,16822.0,yahoo
BHARTIARTL,5m,2026-09-04T10:35:00+05:30,1860.300048828125,1860.300048828125,1859.0,1859.5999755859375,15265.0,yahoo
BHARTIARTL,5m,2026-09-04T10:40:00+05:30,1859.5999755859375,1860.4000244140625,1859.0999755859375,1859.4000244140625,17220.0,yahoo
BHARTIARTL,5m,2026-09-04T10:45:00+05:30,1859.300048828125,1859.800048828125,1859.300048828125,1859.699951171875,12653.0,yahoo
BHARTIARTL,5m,2026-09-04T10:50:00+05:30,1859.5999755859375,1863.0,1859.0,1862.300048828125,62922.0,yahoo
BHARTIARTL,5m,2026-09-04T10:55:00+05:30,1862.300048828125,1866.9000244140625,1861.0999755859375,1866.199951171875,45219.0,yahoo
BHARTIARTL,5m,2026-09-04T11:00:00+05:30,1866.699951171875,1870.0,1866.5,1867.4000244140625,81388.0,yahoo
BHARTIARTL,5m,2026-09-04T11:05:00+05:30,1867.4000244140625,1867.5999755859375,1865.0999755859375,1865.0999755859375,37959.0,yahoo
BHARTIARTL,5m,2026-09-04T11:10:00+05:30,1865.4000244140625,1867.4000244140625,1865.4000244140625,1866.4000244140625,18050.0,yahoo
BHARTIARTL,5m,2026-09-04T11:15:00+05:30,1866.4000244140625,1867.0999755859375,1864.199951171875,1866.5,74850.0,yahoo
BHARTIARTL,5m,2026-09-04T11:20:00+05:30,1866.5,1870.4000244140625,1865.800048828125,1868.0999755859375,131180.0,yahoo
BHARTIARTL,5m,2026-09-04T11:25:00+05:30,1868.300048828125,1868.5,1866.0999755859375,1867.800048828125,26556.0,yahoo
BHARTIARTL,5m,2026-09-04T11:30:00+05:30,1868.0999755859375,1868.199951171875,1866.699951171875,1868.0,44993.0,yahoo
BHARTIARTL,5m,2026-09-04T11:35:00+05:30,1867.9000244140625,1869.0,1867.0,1867.5,38954.0,yahoo
BHARTIARTL,5m,2026-09-04T11:40:00+05:30,1867.5999755859375,1867.5999755859375,1865.5,1866.0,16889.0,yahoo
BHARTIARTL,5m,2026-09-04T11:45:00+05:30,1866.0,1866.0,1864.0999755859375,1865.699951171875,23416.0,yahoo
BHARTIARTL,5m,2026-09-04T11:50:00+05:30,1865.699951171875,1866.300048828125,1865.0999755859375,1865.5,13279.0,yahoo
BHARTIARTL,5m,2026-09-04T11:55:00+05:30,1865.5,1865.5,1860.699951171875,1861.0,74568.0,yahoo
BHARTIARTL,5m,2026-09-04T12:00:00+05:30,1860.699951171875,1861.800048828125,1860.0,1860.699951171875,33016.0,yahoo
BHARTIARTL,5m,2026-09-04T12:05:00+05:30,1861.0,1861.199951171875,1859.5999755859375,1860.699951171875,87102.0,yahoo
BHARTIARTL,5m,2026-09-04T12:10:00+05:30,1860.699951171875,1860.800048828125,1857.0,1857.4000244140625,31657.0,yahoo
BHARTIARTL,5m,2026-09-04T12:15:00+05:30,1857.4000244140625,1858.9000244140625,1857.4000244140625,1858.4000244140625,15919.0,yahoo
BHARTIARTL,5m,2026-09-04T12:20:00+05:30,1858.4000244140625,1859.0999755859375,1857.4000244140625,1857.5999755859375,17151.0,yahoo
BHARTIARTL,5m,2026-09-04T12:25:00+05:30,1857.5999755859375,1859.5999755859375,1856.300048828125,1858.0,41366.0,yahoo
BHARTIARTL,5m,2026-09-04T12:30:00+05:30,1858.0999755859375,1858.5,1858.0,1858.5,24228.0,yahoo
BHARTIARTL,5m,2026-09-04T12:35:00+05:30,1858.5,1858.800048828125,1855.0,1855.699951171875,46527.0,yahoo
BHARTIARTL,5m,2026-09-04T12:40:00+05:30,1855.699951171875,1855.699951171875,1854.5,1854.5999755859375,30670.0,yahoo
BHARTIARTL,5m,2026-09-04T12:45:00+05:30,1854.5999755859375,1855.4000244140625,1853.5999755859375,1855.4000244140625,25976.0,yahoo
BHARTIARTL,5m,2026-09-04T12:50:00+05:30,1855.300048828125,1855.4000244140625,1854.0999755859375,1854.5999755859375,39581.0,yahoo
BHARTIARTL,5m,2026-09-04T12:55:00+05:30,1854.5999755859375,1855.300048828125,1853.699951171875,1855.300048828125,32207.0,yahoo
BHARTIARTL,5m,2026-09-04T13:00:00+05:30,1855.699951171875,1856.699951171875,1855.199951171875,1855.199951171875,55195.0,yahoo
BHARTIARTL,5m,2026-09-04T13:05:00+05:30,1856.0,1856.0,1853.9000244140625,1854.5999755859375,29117.0,yahoo
BHARTIARTL,5m,2026-09-04T13:10:00+05:30,1854.5999755859375,1855.4000244140625,1854.0999755859375,1854.0999755859375,22292.0,yahoo
BHARTIARTL,5m,2026-09-04T13:15:00+05:30,1854.199951171875,1855.199951171875,1854.0999755859375,1854.699951171875,22634.0,yahoo
BHARTIARTL,5m,2026-09-04T13:20:00+05:30,1854.699951171875,1855.0,1852.5999755859375,1853.9000244140625,51283.0,yahoo
BHARTIARTL,5m,2026-09-04T13:25:00+05:30,1853.9000244140625,1854.300048828125,1852.0999755859375,1852.800048828125,33437.0,yahoo
BHARTIARTL,5m,2026-09-04T13:30:00+05:30,1853.0,1853.5,1851.9000244140625,1853.0,44610.0,yahoo
BHARTIARTL,5m,2026-09-04T13:35:00+05:30,1853.0999755859375,1853.4000244140625,1852.5,1852.9000244140625,21337.0,yahoo
BHARTIARTL,5m,2026-09-04T13:40:00+05:30,1852.9000244140625,1854.5,1852.5999755859375,1853.4000244140625,77987.0,yahoo
BHARTIARTL,5m,2026-09-04T13:45:00+05:30,1853.4000244140625,1854.5,1852.0,1852.4000244140625,34796.0,yahoo
BHARTIARTL,5m,2026-09-04T13:50:00+05:30,1852.4000244140625,1852.5999755859375,1851.199951171875,1851.5,52624.0,yahoo
BHARTIARTL,5m,2026-09-04T13:55:00+05:30,1851.5999755859375,1852.5,1850.199951171875,1850.5999755859375,48209.0,yahoo
BHARTIARTL,5m,2026-09-04T14:00:00+05:30,1850.5,1851.5999755859375,1850.0999755859375,1850.5999755859375,35093.0,yahoo
BHARTIARTL,5m,2026-09-04T14:05:00+05:30,1850.699951171875,1851.800048828125,1850.5999755859375,1851.5,35183.0,yahoo
BHARTIARTL,5m,2026-09-04T14:10:00+05:30,1851.4000244140625,1852.9000244140625,1851.300048828125,1851.9000244140625,56448.0,yahoo
BHARTIARTL,5m,2026-09-04T14:15:00+05:30,1852.5,1852.5999755859375,1851.5999755859375,1851.800048828125,53102.0,yahoo
BHARTIARTL,5m,2026-09-04T14:20:00+05:30,1851.5999755859375,1852.5,1851.5,1852.4000244140625,40400.0,yahoo
BHARTIARTL,5m,2026-09-04T14:25:00+05:30,1852.300048828125,1852.4000244140625,1851.9000244140625,1852.199951171875,37003.0,yahoo
BHARTIARTL,5m,2026-09-04T14:30:00+05:30,1852.0999755859375,1852.5999755859375,1851.5999755859375,1851.5999755859375,64051.0,yahoo
BHARTIARTL,5m,2026-09-04T14:35:00+05:30,1852.199951171875,1852.199951171875,1849.9000244140625,1850.0,107611.0,yahoo
BHARTIARTL,5m,2026-09-04T14:40:00+05:30,1849.9000244140625,1850.199951171875,1848.0,1848.0,42464.0,yahoo
BHARTIARTL,5m,2026-09-04T14:45:00+05:30,1848.0999755859375,1848.9000244140625,1847.800048828125,1848.0,38160.0,yahoo
BHARTIARTL,5m,2026-09-04T14:50:00+05:30,1848.199951171875,1848.699951171875,1847.0999755859375,1847.9000244140625,71920.0,yahoo
BHARTIARTL,5m,2026-09-04T14:55:00+05:30,1847.4000244140625,1848.9000244140625,1847.4000244140625,1847.800048828125,68730.0,yahoo
BHARTIARTL,5m,2026-09-04T15:00:00+05:30,1847.800048828125,1848.4000244140625,1847.199951171875,1847.9000244140625,88817.0,yahoo
BHARTIARTL,5m,2026-09-04T15:05:00+05:30,1847.9000244140625,1847.9000244140625,1846.5,1846.5,118997.0,yahoo
BHARTIARTL,5m,2026-09-04T15:10:00+05:30,1846.699951171875,1850.4000244140625,1846.5999755859375,1849.5,160739.0,yahoo
BHARTIARTL,5m,2026-09-04T15:15:00+05:30,1849.5,1849.5,1840.0,1840.0,475658.0,yahoo
BIOCON,5m,2026-09-04T09:15:00+05:30,404.0,404.0,401.8500061035156,402.8500061035156,0.0,yahoo
BIOCON,5m,2026-09-04T09:20:00+05:30,403.29998779296875,403.3999938964844,402.0,402.54998779296875,18798.0,yahoo
BIOCON,5m,2026-09-04T09:25:00+05:30,402.54998779296875,402.8999938964844,401.3999938964844,401.45001220703125,63719.0,yahoo
BIOCON,5m,2026-09-04T09:30:00+05:30,401.25,401.6499938964844,400.70001220703125,400.70001220703125,29036.0,yahoo
BIOCON,5m,2026-09-04T09:35:00+05:30,400.8500061035156,401.70001220703125,400.75,401.6499938964844,11541.0,yahoo
BIOCON,5m,2026-09-04T09:40:00+05:30,401.5,402.0,401.5,402.0,9538.0,yahoo
BIOCON,5m,2026-09-04T09:45:00+05:30,402.0,402.0,401.45001220703125,401.6000061035156,21016.0,yahoo
BIOCON,5m,2026-09-04T09:50:00+05:30,401.54998779296875,401.6000061035156,400.79998779296875,401.1499938964844,40177.0,yahoo
BIOCON,5m,2026-09-04T09:55:00+05:30,401.45001220703125,403.6499938964844,401.45001220703125,403.45001220703125,171314.0,yahoo
BIOCON,5m,2026-09-04T10:00:00+05:30,403.45001220703125,403.8500061035156,403.3999938964844,403.5,24046.0,yahoo
BIOCON,5m,2026-09-04T10:05:00+05:30,403.6000061035156,404.1000061035156,403.1000061035156,403.1000061035156,64817.0,yahoo
BIOCON,5m,2026-09-04T10:10:00+05:30,403.5,404.04998779296875,403.04998779296875,403.79998779296875,22096.0,yahoo
BIOCON,5m,2026-09-04T10:15:00+05:30,403.75,403.95001220703125,403.25,403.70001220703125,24975.0,yahoo
BIOCON,5m,2026-09-04T10:20:00+05:30,403.54998779296875,403.75,403.1000061035156,403.29998779296875,26871.0,yahoo
BIOCON,5m,2026-09-04T10:25:00+05:30,403.29998779296875,403.8999938964844,403.29998779296875,403.75,8156.0,yahoo
BIOCON,5m,2026-09-04T10:30:00+05:30,403.70001220703125,403.75,403.1499938964844,403.54998779296875,17708.0,yahoo
BIOCON,5m,2026-09-04T10:35:00+05:30,403.45001220703125,403.70001220703125,402.79998779296875,403.0,30088.0,yahoo
BIOCON,5m,2026-09-04T10:40:00+05:30,403.0,403.0,402.29998779296875,402.8500061035156,39304.0,yahoo
BIOCON,5m,2026-09-04T10:45:00+05:30,402.8500061035156,404.79998779296875,402.5,404.54998779296875,60576.0,yahoo
BIOCON,5m,2026-09-04T10:50:00+05:30,404.5,404.5,403.3500061035156,403.70001220703125,56686.0,yahoo
BIOCON,5m,2026-09-04T10:55:00+05:30,403.6499938964844,403.8500061035156,403.3500061035156,403.6499938964844,17163.0,yahoo
BIOCON,5m,2026-09-04T11:00:00+05:30,403.8500061035156,403.8500061035156,403.20001220703125,403.6499938964844,24417.0,yahoo
BIOCON,5m,2026-09-04T11:05:00+05:30,403.54998779296875,403.75,403.1000061035156,403.3999938964844,8954.0,yahoo
BIOCON,5m,2026-09-04T11:10:00+05:30,403.3500061035156,403.3999938964844,402.79998779296875,403.0,9338.0,yahoo
BIOCON,5m,2026-09-04T11:15:00+05:30,402.8999938964844,403.25,402.3999938964844,403.20001220703125,50131.0,yahoo
BIOCON,5m,2026-09-04T11:20:00+05:30,403.04998779296875,403.25,402.54998779296875,402.75,50874.0,yahoo
BIOCON,5m,2026-09-04T11:25:00+05:30,402.75,403.1000061035156,402.3500061035156,402.3500061035156,162716.0,yahoo
BIOCON,5m,2026-09-04T11:30:00+05:30,402.3500061035156,402.8999938964844,402.25,402.70001220703125,107542.0,yahoo
BIOCON,5m,2026-09-04T11:35:00+05:30,402.70001220703125,403.0,402.45001220703125,402.95001220703125,73213.0,yahoo
BIOCON,5m,2026-09-04T11:40:00+05:30,402.95001220703125,403.20001220703125,402.8999938964844,403.04998779296875,5910.0,yahoo
BIOCON,5m,2026-09-04T11:45:00+05:30,403.04998779296875,403.25,402.8500061035156,402.8500061035156,14247.0,yahoo
BIOCON,5m,2026-09-04T11:50:00+05:30,402.95001220703125,402.95001220703125,402.20001220703125,402.8500061035156,42156.0,yahoo
BIOCON,5m,2026-09-04T11:55:00+05:30,402.75,402.79998779296875,402.5,402.6000061035156,11164.0,yahoo
BIOCON,5m,2026-09-04T12:00:00+05:30,402.45001220703125,402.70001220703125,401.70001220703125,401.75,204777.0,yahoo
BIOCON,5m,2026-09-04T12:05:00+05:30,401.75,403.3500061035156,401.6000061035156,402.70001220703125,78348.0,yahoo
BIOCON,5m,2026-09-04T12:10:00+05:30,402.6000061035156,402.75,401.8999938964844,402.1000061035156,14906.0,yahoo
BIOCON,5m,2026-09-04T12:15:00+05:30,402.0,402.1000061035156,401.79998779296875,401.79998779296875,6664.0,yahoo
BIOCON,5m,2026-09-04T12:20:00+05:30,401.75,401.8500061035156,401.3500061035156,401.3500061035156,9144.0,yahoo
BIOCON,5m,2026-09-04T12:25:00+05:30,401.3500061035156,401.8999938964844,401.20001220703125,401.6000061035156,27882.0,yahoo
BIOCON,5m,2026-09-04T12:30:00+05:30,401.70001220703125,402.0,400.70001220703125,400.8999938964844,153225.0,yahoo
BIOCON,5m,2026-09-04T12:35:00+05:30,400.8999938964844,400.95001220703125,400.75,400.79998779296875,5942.0,yahoo
BIOCON,5m,2026-09-04T12:40:00+05:30,400.75,401.0,400.0,400.8999938964844,133697.0,yahoo
BIOCON,5m,2026-09-04T12:45:00+05:30,400.8500061035156,401.0,400.29998779296875,400.8500061035156,38679.0,yahoo
BIOCON,5m,2026-09-04T12:50:00+05:30,400.8500061035156,400.8500061035156,400.70001220703125,400.70001220703125,5849.0,yahoo
BIOCON,5m,2026-09-04T12:55:00+05:30,400.70001220703125,401.0,400.5,400.75,26232.0,yahoo
BIOCON,5m,2026-09-04T13:00:00+05:30,400.75,400.79998779296875,400.45001220703125,400.79998779296875,4014.0,yahoo
BIOCON,5m,2026-09-04T13:05:00+05:30,400.79998779296875,400.79998779296875,400.6000061035156,400.70001220703125,5740.0,yahoo
BIOCON,5m,2026-09-04T13:10:00+05:30,400.54998779296875,400.70001220703125,400.1499938964844,400.3500061035156,11901.0,yahoo
BIOCON,5m,2026-09-04T13:15:00+05:30,400.1499938964844,400.3500061035156,399.75,399.8999938964844,206787.0,yahoo
BIOCON,5m,2026-09-04T13:20:00+05:30,399.8500061035156,400.45001220703125,399.75,400.45001220703125,8343.0,yahoo
BIOCON,5m,2026-09-04T13:25:00+05:30,400.3500061035156,400.45001220703125,399.1000061035156,399.5,78532.0,yahoo
BIOCON,5m,2026-09-04T13:30:00+05:30,399.5,399.6499938964844,399.3999938964844,399.6499938964844,15508.0,yahoo
BIOCON,5m,2026-09-04T13:35:00+05:30,399.6499938964844,399.6499938964844,399.0,399.54998779296875,44233.0,yahoo
BIOCON,5m,2026-09-04T13:40:00+05:30,399.54998779296875,399.6000061035156,399.04998779296875,399.1000061035156,13745.0,yahoo
BIOCON,5m,2026-09-04T13:45:00+05:30,399.1000061035156,399.5,398.95001220703125,399.5,50762.0,yahoo
BIOCON,5m,2026-09-04T13:50:00+05:30,399.5,399.5,399.20001220703125,399.25,10708.0,yahoo
BIOCON,5m,2026-09-04T13:55:00+05:30,399.1000061035156,399.3500061035156,399.1000061035156,399.25,8130.0,yahoo
BIOCON,5m,2026-09-04T14:00:00+05:30,399.25,399.29998779296875,398.8999938964844,399.0,12977.0,yahoo
BIOCON,5m,2026-09-04T14:05:00+05:30,399.04998779296875,399.20001220703125,398.75,398.75,23452.0,yahoo
BIOCON,5m,2026-09-04T14:10:00+05:30,398.8999938964844,399.04998779296875,398.70001220703125,399.04998779296875,20109.0,yahoo
BIOCON,5m,2026-09-04T14:15:00+05:30,399.0,399.20001220703125,398.8999938964844,399.0,3064.0,yahoo
BIOCON,5m,2026-09-04T14:20:00+05:30,398.8999938964844,399.25,398.8999938964844,399.20001220703125,5263.0,yahoo
BIOCON,5m,2026-09-04T14:25:00+05:30,399.1499938964844,399.5,398.95001220703125,399.20001220703125,50094.0,yahoo
BIOCON,5m,2026-09-04T14:30:00+05:30,399.1499938964844,399.3500061035156,399.04998779296875,399.1499938964844,8572.0,yahoo
BIOCON,5m,2026-09-04T14:35:00+05:30,399.1000061035156,399.1000061035156,398.25,398.3999938964844,66150.0,yahoo
BIOCON,5m,2026-09-04T14:40:00+05:30,398.3999938964844,398.75,398.3999938964844,398.6000061035156,11250.0,yahoo
BIOCON,5m,2026-09-04T14:45:00+05:30,398.54998779296875,398.6000061035156,398.20001220703125,398.25,10123.0,yahoo
BIOCON,5m,2026-09-04T14:50:00+05:30,398.25,398.3999938964844,396.6499938964844,397.1000061035156,130810.0,yahoo
BIOCON,5m,2026-09-04T14:55:00+05:30,397.20001220703125,397.6499938964844,396.8999938964844,396.8999938964844,33913.0,yahoo
BIOCON,5m,2026-09-04T15:00:00+05:30,396.95001220703125,397.25,396.8999938964844,396.8999938964844,36212.0,yahoo
BIOCON,5m,2026-09-04T15:05:00+05:30,396.79998779296875,397.0,396.45001220703125,397.0,100995.0,yahoo
BIOCON,5m,2026-09-04T15:10:00+05:30,397.0,397.75,396.95001220703125,396.95001220703125,50380.0,yahoo
BIOCON,5m,2026-09-04T15:15:00+05:30,396.5,397.3999938964844,396.5,397.3999938964844,15512.0,yahoo
BSE,5m,2026-09-04T09:15:00+05:30,3400.10009765625,3446.0,3397.10009765625,3439.60009765625,0.0,yahoo
BSE,5m,2026-09-04T09:20:00+05:30,3438.5,3460.0,3430.0,3451.300048828125,737898.0,yahoo
BSE,5m,2026-09-04T09:25:00+05:30,3450.89990234375,3469.10009765625,3450.0,3466.89990234375,493712.0,yahoo
BSE,5m,2026-09-04T09:30:00+05:30,3467.699951171875,3467.699951171875,3443.0,3453.5,402403.0,yahoo
BSE,5m,2026-09-04T09:35:00+05:30,3452.0,3473.300048828125,3447.60009765625,3460.0,520527.0,yahoo
BSE,5m,2026-09-04T09:40:00+05:30,3460.0,3464.5,3449.89990234375,3455.0,203404.0,yahoo
BSE,5m,2026-09-04T09:45:00+05:30,3455.0,3459.89990234375,3432.0,3439.39990234375,292109.0,yahoo
BSE,5m,2026-09-04T09:50:00+05:30,3438.89990234375,3446.0,3435.0,3436.699951171875,118645.0,yahoo
BSE,5m,2026-09-04T09:55:00+05:30,3436.0,3444.0,3427.199951171875,3441.699951171875,203028.0,yahoo
BSE,5m,2026-09-04T10:00:00+05:30,3441.60009765625,3442.0,3434.10009765625,3437.0,85031.0,yahoo
BSE,5m,2026-09-04T10:05:00+05:30,3437.0,3457.39990234375,3436.39990234375,3457.39990234375,213724.0,yahoo
BSE,5m,2026-09-04T10:10:00+05:30,3457.5,3458.0,3450.0,3451.60009765625,80959.0,yahoo
BSE,5m,2026-09-04T10:15:00+05:30,3452.0,3463.0,3450.0,3454.5,159442.0,yahoo
BSE,5m,2026-09-04T10:20:00+05:30,3452.10009765625,3455.800048828125,3449.10009765625,3450.800048828125,60856.0,yahoo
BSE,5m,2026-09-04T10:25:00+05:30,3450.0,3452.0,3444.800048828125,3445.800048828125,64697.0,yahoo
BSE,5m,2026-09-04T10:30:00+05:30,3445.300048828125,3451.0,3444.800048828125,3449.0,59743.0,yahoo
BSE,5m,2026-09-04T10:35:00+05:30,3449.0,3449.5,3445.5,3447.39990234375,36299.0,yahoo
BSE,5m,2026-09-04T10:40:00+05:30,3447.39990234375,3454.5,3447.199951171875,3451.199951171875,51313.0,yahoo
BSE,5m,2026-09-04T10:45:00+05:30,3451.10009765625,3451.10009765625,3447.10009765625,3449.300048828125,28878.0,yahoo
BSE,5m,2026-09-04T10:50:00+05:30,3448.699951171875,3451.800048828125,3445.5,3451.199951171875,64419.0,yahoo
BSE,5m,2026-09-04T10:55:00+05:30,3451.10009765625,3453.800048828125,3446.0,3447.0,51849.0,yahoo
BSE,5m,2026-09-04T11:00:00+05:30,3447.0,3458.0,3446.0,3453.5,73107.0,yahoo
BSE,5m,2026-09-04T11:05:00+05:30,3452.300048828125,3457.39990234375,3449.5,3454.800048828125,35124.0,yahoo
BSE,5m,2026-09-04T11:10:00+05:30,3454.699951171875,3455.0,3448.0,3449.89990234375,34867.0,yahoo
BSE,5m,2026-09-04T11:15:00+05:30,3449.0,3452.0,3448.0,3450.39990234375,28924.0,yahoo
BSE,5m,2026-09-04T11:20:00+05:30,3450.199951171875,3455.5,3449.5,3453.10009765625,45640.0,yahoo
BSE,5m,2026-09-04T11:25:00+05:30,3453.0,3453.0,3448.699951171875,3450.5,31638.0,yahoo
BSE,5m,2026-09-04T11:30:00+05:30,3450.5,3451.0,3446.39990234375,3449.300048828125,24179.0,yahoo
BSE,5m,2026-09-04T11:35:00+05:30,3449.10009765625,3449.5,3435.0,3436.0,107928.0,yahoo
BSE,5m,2026-09-04T11:40:00+05:30,3436.0,3441.10009765625,3431.0,3433.699951171875,75137.0,yahoo
BSE,5m,2026-09-04T11:45:00+05:30,3432.0,3437.0,3426.39990234375,3429.10009765625,101204.0,yahoo
BSE,5m,2026-09-04T11:50:00+05:30,3429.699951171875,3433.5,3426.0,3431.699951171875,79951.0,yahoo
BSE,5m,2026-09-04T11:55:00+05:30,3431.300048828125,3437.0,3430.0,3436.89990234375,39266.0,yahoo
BSE,5m,2026-09-04T12:00:00+05:30,3436.10009765625,3438.89990234375,3425.699951171875,3428.60009765625,72300.0,yahoo
BSE,5m,2026-09-04T12:05:00+05:30,3428.0,3432.699951171875,3424.5,3427.0,68925.0,yahoo
BSE,5m,2026-09-04T12:10:00+05:30,3426.39990234375,3428.60009765625,3421.10009765625,3422.199951171875,74149.0,yahoo
BSE,5m,2026-09-04T12:15:00+05:30,3422.199951171875,3429.89990234375,3420.10009765625,3421.39990234375,61325.0,yahoo
BSE,5m,2026-09-04T12:20:00+05:30,3420.39990234375,3425.199951171875,3420.0,3423.60009765625,94492.0,yahoo
BSE,5m,2026-09-04T12:25:00+05:30,3423.89990234375,3425.0,3420.300048828125,3421.5,33033.0,yahoo
BSE,5m,2026-09-04T12:30:00+05:30,3421.10009765625,3422.300048828125,3411.0,3415.0,97325.0,yahoo
BSE,5m,2026-09-04T12:35:00+05:30,3415.0,3417.199951171875,3409.39990234375,3410.0,47840.0,yahoo
BSE,5m,2026-09-04T12:40:00+05:30,3410.0,3414.5,3407.39990234375,3412.699951171875,37146.0,yahoo
BSE,5m,2026-09-04T12:45:00+05:30,3412.10009765625,3421.699951171875,3412.10009765625,3417.10009765625,51778.0,yahoo
BSE,5m,2026-09-04T12:50:00+05:30,3417.0,3417.89990234375,3412.60009765625,3414.0,22840.0,yahoo
BSE,5m,2026-09-04T12:55:00+05:30,3413.800048828125,3414.5,3408.199951171875,3409.0,27855.0,yahoo
BSE,5m,2026-09-04T13:00:00+05:30,3409.0,3413.699951171875,3406.0,3411.0,43699.0,yahoo
BSE,5m,2026-09-04T13:05:00+05:30,3410.300048828125,3412.0,3404.800048828125,3404.800048828125,37053.0,yahoo
BSE,5m,2026-09-04T13:10:00+05:30,3405.800048828125,3406.0,3396.300048828125,3400.0,148377.0,yahoo
BSE,5m,2026-09-04T13:15:00+05:30,3399.0,3402.60009765625,3399.0,3401.199951171875,55302.0,yahoo
BSE,5m,2026-09-04T13:20:00+05:30,3401.199951171875,3411.0,3401.199951171875,3409.699951171875,44180.0,yahoo
BSE,5m,2026-09-04T13:25:00+05:30,3409.0,3409.60009765625,3405.5,3409.0,25560.0,yahoo
BSE,5m,2026-09-04T13:30:00+05:30,3408.800048828125,3411.0,3408.39990234375,3409.5,27552.0,yahoo
BSE,5m,2026-09-04T13:35:00+05:30,3409.0,3411.0,3407.10009765625,3410.5,21533.0,yahoo
BSE,5m,2026-09-04T13:40:00+05:30,3410.39990234375,3411.5,3406.0,3406.10009765625,26345.0,yahoo
BSE,5m,2026-09-04T13:45:00+05:30,3406.39990234375,3411.60009765625,3406.300048828125,3407.60009765625,20515.0,yahoo
BSE,5m,2026-09-04T13:50:00+05:30,3407.800048828125,3408.800048828125,3402.60009765625,3405.5,28779.0,yahoo
BSE,5m,2026-09-04T13:55:00+05:30,3405.60009765625,3409.60009765625,3405.0,3406.300048828125,23697.0,yahoo
BSE,5m,2026-09-04T14:00:00+05:30,3406.0,3406.89990234375,3403.800048828125,3405.60009765625,19194.0,yahoo
BSE,5m,2026-09-04T14:05:00+05:30,3405.60009765625,3407.0,3404.0,3404.199951171875,21441.0,yahoo
BSE,5m,2026-09-04T14:10:00+05:30,3404.89990234375,3405.199951171875,3402.0,3402.39990234375,17677.0,yahoo
BSE,5m,2026-09-04T14:15:00+05:30,3402.0,3402.0,3396.10009765625,3402.0,63819.0,yahoo
BSE,5m,2026-09-04T14:20:00+05:30,3400.89990234375,3404.800048828125,3399.10009765625,3402.699951171875,31061.0,yahoo
BSE,5m,2026-09-04T14:25:00+05:30,3403.10009765625,3406.0,3402.0,3403.199951171875,24791.0,yahoo
BSE,5m,2026-09-04T14:30:00+05:30,3403.199951171875,3411.699951171875,3401.60009765625,3405.89990234375,57497.0,yahoo
BSE,5m,2026-09-04T14:35:00+05:30,3405.199951171875,3406.5,3401.60009765625,3403.0,35058.0,yahoo
BSE,5m,2026-09-04T14:40:00+05:30,3403.0,3406.0,3397.39990234375,3399.199951171875,45149.0,yahoo
BSE,5m,2026-09-04T14:45:00+05:30,3399.60009765625,3400.0,3393.0,3394.5,68631.0,yahoo
BSE,5m,2026-09-04T14:50:00+05:30,3394.800048828125,3406.5,3394.0,3405.10009765625,106469.0,yahoo
BSE,5m,2026-09-04T14:55:00+05:30,3404.10009765625,3411.699951171875,3400.39990234375,3410.300048828125,92318.0,yahoo
BSE,5m,2026-09-04T15:00:00+05:30,3411.300048828125,3412.0,3407.10009765625,3410.0,81478.0,yahoo
BSE,5m,2026-09-04T15:05:00+05:30,3410.0,3413.0,3407.39990234375,3411.0,84050.0,yahoo
BSE,5m,2026-09-04T15:10:00+05:30,3410.5,3411.5,3405.300048828125,3410.0,114086.0,yahoo
BSE,5m,2026-09-04T15:15:00+05:30,3411.0,3411.0,3409.800048828125,3409.800048828125,29543.0,yahoo
CANBK,5m,2026-09-04T09:15:00+05:30,126.19999694824219,126.7699966430664,126.16999816894531,126.37000274658203,0.0,yahoo
CANBK,5m,2026-09-04T09:20:00+05:30,126.37999725341797,126.63999938964844,126.25,126.51000213623047,234702.0,yahoo
CANBK,5m,2026-09-04T09:25:00+05:30,126.55000305175781,126.55000305175781,126.25,126.33999633789062,135413.0,yahoo
CANBK,5m,2026-09-04T09:30:00+05:30,126.33999633789062,126.5999984741211,126.30999755859375,126.31999969482422,148353.0,yahoo
CANBK,5m,2026-09-04T09:35:00+05:30,126.3499984741211,126.44999694824219,126.29000091552734,126.44999694824219,60497.0,yahoo
CANBK,5m,2026-09-04T09:40:00+05:30,126.4000015258789,126.51000213623047,126.27999877929688,126.30000305175781,68057.0,yahoo
CANBK,5m,2026-09-04T09:45:00+05:30,126.30999755859375,126.41999816894531,126.08999633789062,126.13999938964844,151399.0,yahoo
CANBK,5m,2026-09-04T09:50:00+05:30,126.13999938964844,126.26000213623047,126.0999984741211,126.11000061035156,87979.0,yahoo
CANBK,5m,2026-09-04T09:55:00+05:30,126.06999969482422,126.33000183105469,126.06999969482422,126.29000091552734,78150.0,yahoo
CANBK,5m,2026-09-04T10:00:00+05:30,126.29000091552734,126.54000091552734,126.26000213623047,126.5199966430664,94899.0,yahoo
CANBK,5m,2026-09-04T10:05:00+05:30,126.5199966430664,126.58000183105469,126.5,126.5,131771.0,yahoo
CANBK,5m,2026-09-04T10:10:00+05:30,126.5,126.52999877929688,126.2699966430664,126.33999633789062,200350.0,yahoo
CANBK,5m,2026-09-04T10:15:00+05:30,126.36000061035156,126.36000061035156,126.22000122070312,126.33000183105469,85998.0,yahoo
CANBK,5m,2026-09-04T10:20:00+05:30,126.27999877929688,126.6500015258789,126.27999877929688,126.62999725341797,174424.0,yahoo
CANBK,5m,2026-09-04T10:25:00+05:30,126.6500015258789,126.75,126.30999755859375,126.36000061035156,109836.0,yahoo
CANBK,5m,2026-09-04T10:30:00+05:30,126.37999725341797,126.4800033569336,126.30000305175781,126.31999969482422,92486.0,yahoo
CANBK,5m,2026-09-04T10:35:00+05:30,126.3499984741211,126.44999694824219,126.30000305175781,126.4000015258789,43735.0,yahoo
CANBK,5m,2026-09-04T10:40:00+05:30,126.37000274658203,126.41999816894531,126.18000030517578,126.20999908447266,96496.0,yahoo
CANBK,5m,2026-09-04T10:45:00+05:30,126.19999694824219,126.37999725341797,126.18000030517578,126.37999725341797,61884.0,yahoo
CANBK,5m,2026-09-04T10:50:00+05:30,126.33999633789062,126.37000274658203,126.19999694824219,126.26000213623047,58362.0,yahoo
CANBK,5m,2026-09-04T10:55:00+05:30,126.3499984741211,126.3499984741211,126.19000244140625,126.19000244140625,50822.0,yahoo
CANBK,5m,2026-09-04T11:00:00+05:30,126.16000366210938,126.41999816894531,126.16000366210938,126.41999816894531,110948.0,yahoo
CANBK,5m,2026-09-04T11:05:00+05:30,126.37999725341797,126.5,126.31999969482422,126.5,175988.0,yahoo
CANBK,5m,2026-09-04T11:10:00+05:30,126.43000030517578,126.6500015258789,126.38999938964844,126.51000213623047,156845.0,yahoo
CANBK,5m,2026-09-04T11:15:00+05:30,126.58000183105469,126.5999984741211,126.5,126.55000305175781,82042.0,yahoo
CANBK,5m,2026-09-04T11:20:00+05:30,126.5999984741211,126.9800033569336,126.58999633789062,126.9800033569336,284229.0,yahoo
CANBK,5m,2026-09-04T11:25:00+05:30,126.98999786376953,127.18000030517578,126.9000015258789,126.94000244140625,316338.0,yahoo
CANBK,5m,2026-09-04T11:30:00+05:30,126.94999694824219,127.2300033569336,126.91999816894531,127.16000366210938,272824.0,yahoo
CANBK,5m,2026-09-04T11:35:00+05:30,127.1500015258789,127.25,127.08000183105469,127.22000122070312,129529.0,yahoo
CANBK,5m,2026-09-04T11:40:00+05:30,127.22000122070312,127.29000091552734,127.0,127.0,110152.0,yahoo
CANBK,5m,2026-09-04T11:45:00+05:30,127.0,127.0,126.83999633789062,126.9000015258789,232610.0,yahoo
CANBK,5m,2026-09-04T11:50:00+05:30,126.9000015258789,126.94000244140625,126.83000183105469,126.9000015258789,129837.0,yahoo
CANBK,5m,2026-09-04T11:55:00+05:30,126.91000366210938,126.91999816894531,126.80999755859375,126.87000274658203,83522.0,yahoo
CANBK,5m,2026-09-04T12:00:00+05:30,126.8499984741211,126.91000366210938,126.70999908447266,126.70999908447266,149284.0,yahoo
CANBK,5m,2026-09-04T12:05:00+05:30,126.76000213623047,126.9000015258789,126.68000030517578,126.9000015258789,279868.0,yahoo
CANBK,5m,2026-09-04T12:10:00+05:30,126.87000274658203,126.98999786376953,126.87000274658203,126.94000244140625,216215.0,yahoo
CANBK,5m,2026-09-04T12:15:00+05:30,126.95999908447266,127.1500015258789,126.91000366210938,127.08999633789062,252384.0,yahoo
CANBK,5m,2026-09-04T12:20:00+05:30,127.08999633789062,127.08999633789062,126.9000015258789,127.01000213623047,162733.0,yahoo
CANBK,5m,2026-09-04T12:25:00+05:30,127.01000213623047,127.0999984741211,126.95999908447266,126.9800033569336,156223.0,yahoo
CANBK,5m,2026-09-04T12:30:00+05:30,127.0,127.1500015258789,126.97000122070312,127.05000305175781,188122.0,yahoo
CANBK,5m,2026-09-04T12:35:00+05:30,127.05000305175781,127.05999755859375,126.83000183105469,126.9000015258789,118135.0,yahoo
CANBK,5m,2026-09-04T12:40:00+05:30,126.91999816894531,126.97000122070312,126.87000274658203,126.87999725341797,71886.0,yahoo
CANBK,5m,2026-09-04T12:45:00+05:30,126.87999725341797,126.91999816894531,126.75,126.80999755859375,92004.0,yahoo
CANBK,5m,2026-09-04T12:50:00+05:30,126.75,126.77999877929688,126.5999984741211,126.66000366210938,124484.0,yahoo
CANBK,5m,2026-09-04T12:55:00+05:30,126.66000366210938,126.69000244140625,126.58000183105469,126.63999938964844,119705.0,yahoo
CANBK,5m,2026-09-04T13:00:00+05:30,126.66999816894531,126.73999786376953,126.63999938964844,126.6500015258789,84727.0,yahoo
CANBK,5m,2026-09-04T13:05:00+05:30,126.6500015258789,126.73999786376953,126.62000274658203,126.69999694824219,108485.0,yahoo
CANBK,5m,2026-09-04T13:10:00+05:30,126.69999694824219,126.97000122070312,126.69999694824219,126.94999694824219,212342.0,yahoo
CANBK,5m,2026-09-04T13:15:00+05:30,126.9000015258789,126.9800033569336,126.9000015258789,126.94000244140625,101810.0,yahoo
CANBK,5m,2026-09-04T13:20:00+05:30,126.94000244140625,127.1500015258789,126.94000244140625,127.04000091552734,319684.0,yahoo
CANBK,5m,2026-09-04T13:25:00+05:30,127.06999969482422,127.19999694824219,126.94999694824219,127.0,144541.0,yahoo
CANBK,5m,2026-09-04T13:30:00+05:30,126.98999786376953,127.05000305175781,126.91999816894531,126.93000030517578,138253.0,yahoo
CANBK,5m,2026-09-04T13:35:00+05:30,126.93000030517578,127.04000091552734,126.91999816894531,127.0,99131.0,yahoo
CANBK,5m,2026-09-04T13:40:00+05:30,126.98999786376953,127.0199966430664,126.94999694824219,126.94999694824219,85287.0,yahoo
CANBK,5m,2026-09-04T13:45:00+05:30,126.94999694824219,127.04000091552734,126.93000030517578,126.95999908447266,113418.0,yahoo
CANBK,5m,2026-09-04T13:50:00+05:30,126.9800033569336,127.0,126.77999877929688,126.77999877929688,93803.0,yahoo
CANBK,5m,2026-09-04T13:55:00+05:30,126.79000091552734,126.86000061035156,126.77999877929688,126.83999633789062,67498.0,yahoo
CANBK,5m,2026-09-04T14:00:00+05:30,126.80000305175781,126.83999633789062,126.69999694824219,126.7699966430664,85284.0,yahoo
CANBK,5m,2026-09-04T14:05:00+05:30,126.75,126.80000305175781,126.63999938964844,126.69999694824219,210219.0,yahoo
CANBK,5m,2026-09-04T14:10:00+05:30,126.66999816894531,126.7300033569336,126.55000305175781,126.58000183105469,124675.0,yahoo
CANBK,5m,2026-09-04T14:15:00+05:30,126.55999755859375,126.55999755859375,126.3499984741211,126.5,160866.0,yahoo
CANBK,5m,2026-09-04T14:20:00+05:30,126.4800033569336,126.6500015258789,126.41999816894531,126.6500015258789,149957.0,yahoo
CANBK,5m,2026-09-04T14:25:00+05:30,126.61000061035156,126.7300033569336,126.55000305175781,126.58999633789062,153563.0,yahoo
CANBK,5m,2026-09-04T14:30:00+05:30,126.62000274658203,126.69000244140625,126.5999984741211,126.63999938964844,108102.0,yahoo
CANBK,5m,2026-09-04T14:35:00+05:30,126.6500015258789,126.6500015258789,126.44999694824219,126.51000213623047,114800.0,yahoo
CANBK,5m,2026-09-04T14:40:00+05:30,126.44999694824219,126.48999786376953,126.4000015258789,126.4000015258789,86113.0,yahoo
CANBK,5m,2026-09-04T14:45:00+05:30,126.41000366210938,126.45999908447266,126.4000015258789,126.41999816894531,67902.0,yahoo
CANBK,5m,2026-09-04T14:50:00+05:30,126.44000244140625,126.48999786376953,126.36000061035156,126.36000061035156,138450.0,yahoo
CANBK,5m,2026-09-04T14:55:00+05:30,126.33000183105469,126.3499984741211,126.25,126.2699966430664,179218.0,yahoo
CANBK,5m,2026-09-04T15:00:00+05:30,126.06999969482422,126.16999816894531,126.06999969482422,126.08999633789062,349499.0,yahoo
CANBK,5m,2026-09-04T15:05:00+05:30,126.08000183105469,126.12999725341797,126.08000183105469,126.0999984741211,631855.0,yahoo
CANBK,5m,2026-09-04T15:10:00+05:30,126.0999984741211,126.2699966430664,126.0999984741211,126.12999725341797,439866.0,yahoo
CANBK,5m,2026-09-04T15:15:00+05:30,126.0999984741211,126.0999984741211,125.5,125.5,732107.0,yahoo
CDSL,5m,2026-09-04T09:15:00+05:30,1404.699951171875,1412.5,1402.699951171875,1409.9000244140625,0.0,yahoo
CDSL,5m,2026-09-04T09:20:00+05:30,1407.9000244140625,1411.0999755859375,1406.300048828125,1408.5,53821.0,yahoo
CDSL,5m,2026-09-04T09:25:00+05:30,1408.9000244140625,1411.4000244140625,1406.199951171875,1411.300048828125,32702.0,yahoo
CDSL,5m,2026-09-04T09:30:00+05:30,1412.0,1412.0,1401.0,1403.4000244140625,58894.0,yahoo
CDSL,5m,2026-09-04T09:35:00+05:30,1403.4000244140625,1407.300048828125,1403.0,1405.5,15907.0,yahoo
CDSL,5m,2026-09-04T09:40:00+05:30,1406.0999755859375,1407.0,1405.300048828125,1406.800048828125,11550.0,yahoo
CDSL,5m,2026-09-04T09:45:00+05:30,1406.800048828125,1408.0,1403.5999755859375,1403.5999755859375,12629.0,yahoo
CDSL,5m,2026-09-04T09:50:00+05:30,1403.199951171875,1404.0,1401.5,1402.0,12056.0,yahoo
CDSL,5m,2026-09-04T09:55:00+05:30,1401.9000244140625,1404.0,1401.699951171875,1403.4000244140625,9816.0,yahoo
CDSL,5m,2026-09-04T10:00:00+05:30,1403.4000244140625,1404.800048828125,1402.0,1403.0,9731.0,yahoo
CDSL,5m,2026-09-04T10:05:00+05:30,1403.5,1404.4000244140625,1402.800048828125,1403.699951171875,5167.0,yahoo
CDSL,5m,2026-09-04T10:10:00+05:30,1403.9000244140625,1407.5,1401.0999755859375,1406.800048828125,22737.0,yahoo
CDSL,5m,2026-09-04T10:15:00+05:30,1406.9000244140625,1411.5,1406.800048828125,1410.5999755859375,34912.0,yahoo
CDSL,5m,2026-09-04T10:20:00+05:30,1410.5,1411.0,1409.5999755859375,1409.9000244140625,20198.0,yahoo
CDSL,5m,2026-09-04T10:25:00+05:30,1410.0,1413.0,1409.5999755859375,1412.0,35842.0,yahoo
CDSL,5m,2026-09-04T10:30:00+05:30,1412.0,1417.699951171875,1411.199951171875,1417.0,81416.0,yahoo
CDSL,5m,2026-09-04T10:35:00+05:30,1417.4000244140625,1417.5,1411.5999755859375,1412.4000244140625,37150.0,yahoo
CDSL,5m,2026-09-04T10:40:00+05:30,1412.5,1412.699951171875,1407.199951171875,1408.0,27620.0,yahoo
CDSL,5m,2026-09-04T10:45:00+05:30,1407.300048828125,1409.800048828125,1405.5,1406.199951171875,21011.0,yahoo
CDSL,5m,2026-09-04T10:50:00+05:30,1406.5999755859375,1408.199951171875,1404.199951171875,1405.699951171875,13423.0,yahoo
CDSL,5m,2026-09-04T10:55:00+05:30,1405.699951171875,1408.5999755859375,1405.300048828125,1408.5999755859375,9672.0,yahoo
CDSL,5m,2026-09-04T11:00:00+05:30,1407.699951171875,1408.699951171875,1406.0,1406.800048828125,8732.0,yahoo
CDSL,5m,2026-09-04T11:05:00+05:30,1407.199951171875,1407.300048828125,1406.0,1406.0,6109.0,yahoo
CDSL,5m,2026-09-04T11:10:00+05:30,1406.5,1406.9000244140625,1404.0,1404.199951171875,12913.0,yahoo
CDSL,5m,2026-09-04T11:15:00+05:30,1404.199951171875,1404.199951171875,1403.0999755859375,1403.5,8012.0,yahoo
CDSL,5m,2026-09-04T11:20:00+05:30,1403.5999755859375,1404.5999755859375,1403.0999755859375,1403.300048828125,10978.0,yahoo
CDSL,5m,2026-09-04T11:25:00+05:30,1403.5,1405.699951171875,1403.4000244140625,1405.0,5696.0,yahoo
CDSL,5m,2026-09-04T11:30:00+05:30,1405.5,1405.5,1403.4000244140625,1403.5999755859375,3893.0,yahoo
CDSL,5m,2026-09-04T11:35:00+05:30,1404.0999755859375,1404.800048828125,1403.5,1404.0,6359.0,yahoo
CDSL,5m,2026-09-04T11:40:00+05:30,1404.0,1404.0,1400.0999755859375,1401.800048828125,19128.0,yahoo
CDSL,5m,2026-09-04T11:45:00+05:30,1401.5,1402.800048828125,1400.9000244140625,1401.9000244140625,17600.0,yahoo
CDSL,5m,2026-09-04T11:50:00+05:30,1401.5999755859375,1401.5999755859375,1398.4000244140625,1400.5,18990.0,yahoo
CDSL,5m,2026-09-04T11:55:00+05:30,1401.0,1402.5,1400.0,1401.0,10374.0,yahoo
CDSL,5m,2026-09-04T12:00:00+05:30,1401.0,1401.9000244140625,1399.5,1399.5,9182.0,yahoo
CDSL,5m,2026-09-04T12:05:00+05:30,1399.5999755859375,1401.0,1399.300048828125,1400.300048828125,5529.0,yahoo
CDSL,5m,2026-09-04T12:10:00+05:30,1400.0,1400.5,1399.0,1399.0,5333.0,yahoo
CDSL,5m,2026-09-04T12:15:00+05:30,1399.0,1399.800048828125,1397.5,1398.699951171875,12607.0,yahoo
CDSL,5m,2026-09-04T12:20:00+05:30,1399.0,1399.0,1396.0999755859375,1396.199951171875,7868.0,yahoo
CDSL,5m,2026-09-04T12:25:00+05:30,1396.199951171875,1397.800048828125,1395.300048828125,1397.5999755859375,12986.0,yahoo
CDSL,5m,2026-09-04T12:30:00+05:30,1397.5,1398.5,1396.699951171875,1397.5999755859375,6382.0,yahoo
CDSL,5m,2026-09-04T12:35:00+05:30,1397.9000244140625,1398.5999755859375,1397.300048828125,1397.699951171875,3411.0,yahoo
CDSL,5m,2026-09-04T12:40:00+05:30,1397.699951171875,1398.300048828125,1396.300048828125,1396.300048828125,10058.0,yahoo
CDSL,5m,2026-09-04T12:45:00+05:30,1396.5,1398.4000244140625,1396.0,1397.800048828125,10107.0,yahoo
CDSL,5m,2026-09-04T12:50:00+05:30,1397.300048828125,1397.800048828125,1396.0999755859375,1396.300048828125,3351.0,yahoo
CDSL,5m,2026-09-04T12:55:00+05:30,1396.5999755859375,1396.5999755859375,1393.199951171875,1394.199951171875,15870.0,yahoo
CDSL,5m,2026-09-04T13:00:00+05:30,1394.0999755859375,1395.0,1393.5,1394.0,4196.0,yahoo
CDSL,5m,2026-09-04T13:05:00+05:30,1394.0999755859375,1397.0999755859375,1394.0999755859375,1396.5999755859375,4299.0,yahoo
CDSL,5m,2026-09-04T13:10:00+05:30,1397.0,1397.5999755859375,1395.5999755859375,1396.300048828125,5074.0,yahoo
CDSL,5m,2026-09-04T13:15:00+05:30,1396.9000244140625,1398.199951171875,1396.300048828125,1397.300048828125,4355.0,yahoo
CDSL,5m,2026-09-04T13:20:00+05:30,1397.0,1397.9000244140625,1396.0999755859375,1396.5,2921.0,yahoo
CDSL,5m,2026-09-04T13:25:00+05:30,1396.4000244140625,1397.0,1395.199951171875,1395.300048828125,2681.0,yahoo
CDSL,5m,2026-09-04T13:30:00+05:30,1396.0,1397.300048828125,1395.5,1396.0,4083.0,yahoo
CDSL,5m,2026-09-04T13:35:00+05:30,1396.0,1396.0999755859375,1394.300048828125,1394.699951171875,5766.0,yahoo
CDSL,5m,2026-09-04T13:40:00+05:30,1395.0999755859375,1395.800048828125,1393.800048828125,1394.5999755859375,4623.0,yahoo
CDSL,5m,2026-09-04T13:45:00+05:30,1395.199951171875,1395.5,1394.699951171875,1395.5,1561.0,yahoo
CDSL,5m,2026-09-04T13:50:00+05:30,1395.0999755859375,1395.5,1393.5,1393.5999755859375,7380.0,yahoo
CDSL,5m,2026-09-04T13:55:00+05:30,1393.800048828125,1394.0,1392.0999755859375,1392.9000244140625,9209.0,yahoo
CDSL,5m,2026-09-04T14:00:00+05:30,1392.800048828125,1393.699951171875,1392.0,1392.9000244140625,5749.0,yahoo
CDSL,5m,2026-09-04T14:05:00+05:30,1393.300048828125,1394.0,1393.0,1393.0,3459.0,yahoo
CDSL,5m,2026-09-04T14:10:00+05:30,1393.5,1394.0,1392.5,1394.0,4471.0,yahoo
CDSL,5m,2026-09-04T14:15:00+05:30,1394.0,1394.0,1392.0,1392.0999755859375,5581.0,yahoo
CDSL,5m,2026-09-04T14:20:00+05:30,1392.0999755859375,1394.5,1391.5999755859375,1394.4000244140625,5667.0,yahoo
CDSL,5m,2026-09-04T14:25:00+05:30,1394.300048828125,1395.5999755859375,1394.199951171875,1394.199951171875,5787.0,yahoo
CDSL,5m,2026-09-04T14:30:00+05:30,1394.5,1395.300048828125,1394.0999755859375,1394.4000244140625,4717.0,yahoo
CDSL,5m,2026-09-04T14:35:00+05:30,1394.699951171875,1394.9000244140625,1393.5,1393.699951171875,5688.0,yahoo
CDSL,5m,2026-09-04T14:40:00+05:30,1393.5999755859375,1394.5999755859375,1392.4000244140625,1392.9000244140625,8269.0,yahoo
CDSL,5m,2026-09-04T14:45:00+05:30,1393.0,1393.800048828125,1392.199951171875,1393.0,5683.0,yahoo
CDSL,5m,2026-09-04T14:50:00+05:30,1393.800048828125,1395.800048828125,1393.199951171875,1395.800048828125,12852.0,yahoo
CDSL,5m,2026-09-04T14:55:00+05:30,1395.800048828125,1396.699951171875,1394.9000244140625,1395.199951171875,15587.0,yahoo
CDSL,5m,2026-09-04T15:00:00+05:30,1395.699951171875,1395.699951171875,1393.699951171875,1394.9000244140625,27144.0,yahoo
CDSL,5m,2026-09-04T15:05:00+05:30,1394.800048828125,1394.800048828125,1393.0999755859375,1394.0,25747.0,yahoo
CDSL,5m,2026-09-04T15:10:00+05:30,1393.800048828125,1395.199951171875,1393.0999755859375,1394.5,44863.0,yahoo
CDSL,5m,2026-09-04T15:15:00+05:30,1394.0,1394.5999755859375,1394.0,1394.5999755859375,10407.0,yahoo
CGPOWER,5m,2026-09-04T09:15:00+05:30,896.0,896.0,888.0499877929688,891.5999755859375,0.0,yahoo
CGPOWER,5m,2026-09-04T09:20:00+05:30,891.7999877929688,892.0499877929688,890.8499755859375,891.7999877929688,50808.0,yahoo
CGPOWER,5m,2026-09-04T09:25:00+05:30,891.5,892.0499877929688,890.25,891.4500122070312,58195.0,yahoo
CGPOWER,5m,2026-09-04T09:30:00+05:30,891.7000122070312,893.5,891.7000122070312,893.4500122070312,34335.0,yahoo
CGPOWER,5m,2026-09-04T09:35:00+05:30,893.4500122070312,894.7000122070312,893.2000122070312,894.0,47615.0,yahoo
CGPOWER,5m,2026-09-04T09:40:00+05:30,894.0499877929688,894.0499877929688,891.4000244140625,891.4000244140625,19351.0,yahoo
CGPOWER,5m,2026-09-04T09:45:00+05:30,891.3499755859375,893.25,891.25,891.8499755859375,25864.0,yahoo
CGPOWER,5m,2026-09-04T09:50:00+05:30,891.5499877929688,891.8499755859375,890.5,891.4500122070312,23636.0,yahoo
CGPOWER,5m,2026-09-04T09:55:00+05:30,891.7999877929688,896.0,890.5999755859375,896.0,55184.0,yahoo
CGPOWER,5m,2026-09-04T10:00:00+05:30,896.0,897.7000122070312,895.2000122070312,895.6500244140625,74770.0,yahoo
CGPOWER,5m,2026-09-04T10:05:00+05:30,895.6500244140625,895.6500244140625,894.1500244140625,894.2000122070312,21087.0,yahoo
CGPOWER,5m,2026-09-04T10:10:00+05:30,894.2000122070312,894.5999755859375,893.2999877929688,894.25,13469.0,yahoo
CGPOWER,5m,2026-09-04T10:15:00+05:30,894.25,895.1500244140625,894.0,894.9000244140625,12976.0,yahoo
CGPOWER,5m,2026-09-04T10:20:00+05:30,894.9000244140625,895.0,894.25,894.2999877929688,15013.0,yahoo
CGPOWER,5m,2026-09-04T10:25:00+05:30,894.0499877929688,894.4000244140625,893.4000244140625,894.3499755859375,16083.0,yahoo
CGPOWER,5m,2026-09-04T10:30:00+05:30,894.4000244140625,894.8499755859375,893.5,894.7000122070312,12527.0,yahoo
CGPOWER,5m,2026-09-04T10:35:00+05:30,894.6500244140625,897.0,894.5,896.7000122070312,36360.0,yahoo
CGPOWER,5m,2026-09-04T10:40:00+05:30,896.7999877929688,897.75,896.4500122070312,897.3499755859375,34412.0,yahoo
CGPOWER,5m,2026-09-04T10:45:00+05:30,897.0499877929688,897.5,896.4500122070312,897.5,15921.0,yahoo
CGPOWER,5m,2026-09-04T10:50:00+05:30,899.0999755859375,899.0999755859375,897.0,897.0999755859375,40885.0,yahoo
CGPOWER,5m,2026-09-04T10:55:00+05:30,897.2999877929688,897.6500244140625,896.1500244140625,897.0499877929688,14314.0,yahoo
CGPOWER,5m,2026-09-04T11:00:00+05:30,897.0,897.0,894.7000122070312,894.8499755859375,15509.0,yahoo
CGPOWER,5m,2026-09-04T11:05:00+05:30,894.5999755859375,895.4000244140625,894.0,894.4500122070312,16924.0,yahoo
CGPOWER,5m,2026-09-04T11:10:00+05:30,894.0,894.4500122070312,893.5,894.4500122070312,16598.0,yahoo
CGPOWER,5m,2026-09-04T11:15:00+05:30,894.0999755859375,894.2000122070312,893.25,893.25,12735.0,yahoo
CGPOWER,5m,2026-09-04T11:20:00+05:30,893.4000244140625,894.0,893.25,893.3499755859375,13396.0,yahoo
CGPOWER,5m,2026-09-04T11:25:00+05:30,893.25,894.0999755859375,893.0499877929688,893.7000122070312,12641.0,yahoo
CGPOWER,5m,2026-09-04T11:30:00+05:30,893.7000122070312,894.5499877929688,893.0999755859375,893.0999755859375,11270.0,yahoo
CGPOWER,5m,2026-09-04T11:35:00+05:30,893.0999755859375,894.2999877929688,893.0,893.5999755859375,21764.0,yahoo
CGPOWER,5m,2026-09-04T11:40:00+05:30,893.5999755859375,894.0,893.0499877929688,893.2999877929688,13903.0,yahoo
CGPOWER,5m,2026-09-04T11:45:00+05:30,893.2999877929688,894.4000244140625,892.7000122070312,893.9500122070312,11883.0,yahoo
CGPOWER,5m,2026-09-04T11:50:00+05:30,893.9500122070312,894.0,893.25,893.5,9930.0,yahoo
CGPOWER,5m,2026-09-04T11:55:00+05:30,893.7000122070312,898.75,893.7000122070312,897.25,51383.0,yahoo
CGPOWER,5m,2026-09-04T12:00:00+05:30,897.5,899.4000244140625,896.0999755859375,898.9000244140625,154132.0,yahoo
CGPOWER,5m,2026-09-04T12:05:00+05:30,898.7999877929688,899.0,897.0499877929688,897.0499877929688,21631.0,yahoo
CGPOWER,5m,2026-09-04T12:10:00+05:30,897.4500122070312,897.4500122070312,895.8499755859375,896.2999877929688,27911.0,yahoo
CGPOWER,5m,2026-09-04T12:15:00+05:30,896.2999877929688,897.5,895.5,895.5,76134.0,yahoo
CGPOWER,5m,2026-09-04T12:20:00+05:30,895.5,895.5,893.5499877929688,894.0999755859375,25408.0,yahoo
CGPOWER,5m,2026-09-04T12:25:00+05:30,894.0,894.0,893.0999755859375,893.6500244140625,15040.0,yahoo
CGPOWER,5m,2026-09-04T12:30:00+05:30,894.0,894.7000122070312,893.75,893.75,10105.0,yahoo
CGPOWER,5m,2026-09-04T12:35:00+05:30,893.9000244140625,895.1500244140625,893.2999877929688,893.5,14328.0,yahoo
CGPOWER,5m,2026-09-04T12:40:00+05:30,893.4500122070312,893.4500122070312,892.9500122070312,893.2999877929688,14780.0,yahoo
CGPOWER,5m,2026-09-04T12:45:00+05:30,893.25,897.5,893.0,897.5,124473.0,yahoo
CGPOWER,5m,2026-09-04T12:50:00+05:30,897.5,897.5,895.4000244140625,896.8499755859375,38128.0,yahoo
CGPOWER,5m,2026-09-04T12:55:00+05:30,896.5499877929688,897.2000122070312,894.4000244140625,894.9500122070312,31168.0,yahoo
CGPOWER,5m,2026-09-04T13:00:00+05:30,894.9000244140625,895.4000244140625,893.2999877929688,893.5,26575.0,yahoo
CGPOWER,5m,2026-09-04T13:05:00+05:30,893.5,894.9000244140625,893.0999755859375,894.5999755859375,11127.0,yahoo
CGPOWER,5m,2026-09-04T13:10:00+05:30,894.5999755859375,895.5,893.7999877929688,895.3499755859375,12073.0,yahoo
CGPOWER,5m,2026-09-04T13:15:00+05:30,895.2999877929688,895.5499877929688,894.5999755859375,895.1500244140625,5505.0,yahoo
CGPOWER,5m,2026-09-04T13:20:00+05:30,895.0999755859375,895.5499877929688,894.75,894.7999877929688,21746.0,yahoo
CGPOWER,5m,2026-09-04T13:25:00+05:30,894.7999877929688,895.2999877929688,894.5499877929688,894.8499755859375,21797.0,yahoo
CGPOWER,5m,2026-09-04T13:30:00+05:30,894.5499877929688,895.0,894.0999755859375,894.9000244140625,10280.0,yahoo
CGPOWER,5m,2026-09-04T13:35:00+05:30,894.5,895.5,894.2999877929688,895.4000244140625,19445.0,yahoo
CGPOWER,5m,2026-09-04T13:40:00+05:30,895.5,895.5,894.7000122070312,895.3499755859375,12568.0,yahoo
CGPOWER,5m,2026-09-04T13:45:00+05:30,895.2999877929688,895.7999877929688,894.5,894.5,7819.0,yahoo
CGPOWER,5m,2026-09-04T13:50:00+05:30,894.9000244140625,895.5,894.0,894.7000122070312,12360.0,yahoo
CGPOWER,5m,2026-09-04T13:55:00+05:30,895.3499755859375,895.5,894.2999877929688,895.0499877929688,20793.0,yahoo
CGPOWER,5m,2026-09-04T14:00:00+05:30,895.2999877929688,896.75,895.0499877929688,895.25,38892.0,yahoo
CGPOWER,5m,2026-09-04T14:05:00+05:30,895.25,895.6500244140625,895.0999755859375,895.5,15680.0,yahoo
CGPOWER,5m,2026-09-04T14:10:00+05:30,895.1500244140625,895.5,894.1500244140625,894.5,22328.0,yahoo
CGPOWER,5m,2026-09-04T14:15:00+05:30,894.4500122070312,894.6500244140625,894.0,894.5499877929688,12701.0,yahoo
CGPOWER,5m,2026-09-04T14:20:00+05:30,894.5499877929688,894.7999877929688,894.0,894.4000244140625,20279.0,yahoo
CGPOWER,5m,2026-09-04T14:25:00+05:30,894.5999755859375,895.5,894.25,894.7000122070312,19054.0,yahoo
CGPOWER,5m,2026-09-04T14:30:00+05:30,895.2000122070312,895.4000244140625,893.7000122070312,893.7000122070312,14736.0,yahoo
CGPOWER,5m,2026-09-04T14:35:00+05:30,893.3499755859375,895.0999755859375,893.2000122070312,893.5499877929688,20623.0,yahoo
CGPOWER,5m,2026-09-04T14:40:00+05:30,893.7000122070312,894.75,893.3499755859375,894.2999877929688,23170.0,yahoo
CGPOWER,5m,2026-09-04T14:45:00+05:30,894.25,894.6500244140625,893.5999755859375,894.0999755859375,17526.0,yahoo
CGPOWER,5m,2026-09-04T14:50:00+05:30,893.7999877929688,894.4000244140625,893.5999755859375,894.0999755859375,29385.0,yahoo
CGPOWER,5m,2026-09-04T14:55:00+05:30,894.0999755859375,894.0999755859375,893.0999755859375,893.0999755859375,33179.0,yahoo
CGPOWER,5m,2026-09-04T15:00:00+05:30,893.4500122070312,893.75,892.6500244140625,892.9500122070312,54187.0,yahoo
CGPOWER,5m,2026-09-04T15:05:00+05:30,892.5499877929688,893.6500244140625,892.4500122070312,893.0,50546.0,yahoo
CGPOWER,5m,2026-09-04T15:10:00+05:30,893.0999755859375,895.0,892.8499755859375,895.0,75347.0,yahoo
CGPOWER,5m,2026-09-04T15:15:00+05:30,894.25,894.25,891.0,891.0,29964.0,yahoo
CIPLA,5m,2026-09-04T09:15:00+05:30,1394.699951171875,1396.5,1391.5999755859375,1393.5,0.0,yahoo
CIPLA,5m,2026-09-04T09:20:00+05:30,1392.4000244140625,1394.0,1384.5,1386.4000244140625,42404.0,yahoo
CIPLA,5m,2026-09-04T09:25:00+05:30,1386.4000244140625,1386.800048828125,1381.0,1382.300048828125,23079.0,yahoo
CIPLA,5m,2026-09-04T09:30:00+05:30,1381.5999755859375,1381.5999755859375,1376.699951171875,1377.9000244140625,29458.0,yahoo
CIPLA,5m,2026-09-04T09:35:00+05:30,1378.4000244140625,1379.4000244140625,1377.300048828125,1378.199951171875,13557.0,yahoo
CIPLA,5m,2026-09-04T09:40:00+05:30,1378.0999755859375,1378.9000244140625,1377.5,1378.0,11246.0,yahoo
CIPLA,5m,2026-09-04T09:45:00+05:30,1378.0,1382.5,1377.199951171875,1382.4000244140625,32673.0,yahoo
CIPLA,5m,2026-09-04T09:50:00+05:30,1383.0,1384.9000244140625,1381.5,1384.699951171875,27770.0,yahoo
CIPLA,5m,2026-09-04T09:55:00+05:30,1384.699951171875,1385.5999755859375,1383.699951171875,1385.5999755859375,9846.0,yahoo
CIPLA,5m,2026-09-04T10:00:00+05:30,1385.300048828125,1386.0999755859375,1385.0999755859375,1385.9000244140625,10228.0,yahoo
CIPLA,5m,2026-09-04T10:05:00+05:30,1385.800048828125,1389.5999755859375,1384.5,1389.5999755859375,27283.0,yahoo
CIPLA,5m,2026-09-04T10:10:00+05:30,1391.0,1391.0,1388.0,1388.199951171875,18701.0,yahoo
CIPLA,5m,2026-09-04T10:15:00+05:30,1388.199951171875,1389.800048828125,1387.0,1389.0999755859375,13406.0,yahoo
CIPLA,5m,2026-09-04T10:20:00+05:30,1388.9000244140625,1388.9000244140625,1385.0999755859375,1387.199951171875,17065.0,yahoo
CIPLA,5m,2026-09-04T10:25:00+05:30,1387.199951171875,1388.4000244140625,1385.4000244140625,1388.199951171875,14061.0,yahoo
CIPLA,5m,2026-09-04T10:30:00+05:30,1387.800048828125,1387.800048828125,1385.0,1386.0,5128.0,yahoo
CIPLA,5m,2026-09-04T10:35:00+05:30,1386.0,1386.5,1385.300048828125,1385.9000244140625,3289.0,yahoo
CIPLA,5m,2026-09-04T10:40:00+05:30,1386.0,1388.0999755859375,1385.300048828125,1387.0999755859375,12979.0,yahoo
CIPLA,5m,2026-09-04T10:45:00+05:30,1387.0999755859375,1389.5999755859375,1385.5,1389.5999755859375,5617.0,yahoo
CIPLA,5m,2026-09-04T10:50:00+05:30,1389.699951171875,1393.9000244140625,1388.5,1392.0,24671.0,yahoo
CIPLA,5m,2026-09-04T10:55:00+05:30,1392.0,1392.0,1390.5999755859375,1391.4000244140625,4842.0,yahoo
CIPLA,5m,2026-09-04T11:00:00+05:30,1391.9000244140625,1391.9000244140625,1390.0,1390.0999755859375,4401.0,yahoo
CIPLA,5m,2026-09-04T11:05:00+05:30,1390.4000244140625,1390.4000244140625,1390.0,1390.0,6574.0,yahoo
CIPLA,5m,2026-09-04T11:10:00+05:30,1390.0999755859375,1390.4000244140625,1389.699951171875,1390.0999755859375,10636.0,yahoo
CIPLA,5m,2026-09-04T11:15:00+05:30,1390.199951171875,1392.699951171875,1390.0,1391.5,16691.0,yahoo
CIPLA,5m,2026-09-04T11:20:00+05:30,1391.800048828125,1393.199951171875,1390.0,1391.5,12977.0,yahoo
CIPLA,5m,2026-09-04T11:25:00+05:30,1392.0,1392.0,1390.4000244140625,1390.699951171875,2277.0,yahoo
CIPLA,5m,2026-09-04T11:30:00+05:30,1390.5999755859375,1391.9000244140625,1389.5999755859375,1391.0,6122.0,yahoo
CIPLA,5m,2026-09-04T11:35:00+05:30,1391.0,1392.300048828125,1389.800048828125,1390.0,23160.0,yahoo
CIPLA,5m,2026-09-04T11:40:00+05:30,1390.0999755859375,1390.300048828125,1385.199951171875,1387.5,111759.0,yahoo
CIPLA,5m,2026-09-04T11:45:00+05:30,1387.5,1387.5,1386.4000244140625,1387.0999755859375,7993.0,yahoo
CIPLA,5m,2026-09-04T11:50:00+05:30,1387.0999755859375,1390.0,1387.0,1387.4000244140625,10520.0,yahoo
CIPLA,5m,2026-09-04T11:55:00+05:30,1387.5,1387.800048828125,1385.9000244140625,1387.5,40361.0,yahoo
CIPLA,5m,2026-09-04T12:00:00+05:30,1387.5,1387.5,1386.5,1387.0999755859375,22461.0,yahoo
CIPLA,5m,2026-09-04T12:05:00+05:30,1387.0,1387.0,1383.199951171875,1383.199951171875,40689.0,yahoo
CIPLA,5m,2026-09-04T12:10:00+05:30,1383.800048828125,1383.800048828125,1379.300048828125,1379.300048828125,16582.0,yahoo
CIPLA,5m,2026-09-04T12:15:00+05:30,1379.199951171875,1380.699951171875,1379.199951171875,1380.0,7033.0,yahoo
CIPLA,5m,2026-09-04T12:20:00+05:30,1380.0,1380.699951171875,1378.199951171875,1380.0,11677.0,yahoo
CIPLA,5m,2026-09-04T12:25:00+05:30,1379.800048828125,1380.699951171875,1379.300048828125,1380.699951171875,4380.0,yahoo
CIPLA,5m,2026-09-04T12:30:00+05:30,1380.699951171875,1381.0,1380.0999755859375,1380.699951171875,4896.0,yahoo
CIPLA,5m,2026-09-04T12:35:00+05:30,1380.699951171875,1380.9000244140625,1380.0999755859375,1380.699951171875,2601.0,yahoo
CIPLA,5m,2026-09-04T12:40:00+05:30,1380.699951171875,1385.0,1380.199951171875,1381.300048828125,39940.0,yahoo
CIPLA,5m,2026-09-04T12:45:00+05:30,1381.0,1384.5,1380.5,1381.0,24028.0,yahoo
CIPLA,5m,2026-09-04T12:50:00+05:30,1381.5999755859375,1382.699951171875,1380.0999755859375,1380.5,8867.0,yahoo
CIPLA,5m,2026-09-04T12:55:00+05:30,1380.5,1380.800048828125,1379.5999755859375,1380.4000244140625,2466.0,yahoo
CIPLA,5m,2026-09-04T13:00:00+05:30,1380.4000244140625,1380.4000244140625,1379.0,1380.0,3573.0,yahoo
CIPLA,5m,2026-09-04T13:05:00+05:30,1380.199951171875,1381.0,1377.300048828125,1377.300048828125,42178.0,yahoo
CIPLA,5m,2026-09-04T13:10:00+05:30,1377.800048828125,1378.9000244140625,1377.300048828125,1378.4000244140625,5400.0,yahoo
CIPLA,5m,2026-09-04T13:15:00+05:30,1378.699951171875,1378.9000244140625,1378.0,1378.5999755859375,9378.0,yahoo
CIPLA,5m,2026-09-04T13:20:00+05:30,1378.699951171875,1378.699951171875,1377.4000244140625,1377.5999755859375,26906.0,yahoo
CIPLA,5m,2026-09-04T13:25:00+05:30,1377.699951171875,1381.800048828125,1377.0,1377.199951171875,40811.0,yahoo
CIPLA,5m,2026-09-04T13:30:00+05:30,1377.4000244140625,1377.4000244140625,1376.800048828125,1377.0,3610.0,yahoo
CIPLA,5m,2026-09-04T13:35:00+05:30,1377.199951171875,1378.9000244140625,1376.699951171875,1377.199951171875,18837.0,yahoo
CIPLA,5m,2026-09-04T13:40:00+05:30,1377.5,1377.5,1377.0,1377.5,1575.0,yahoo
CIPLA,5m,2026-09-04T13:45:00+05:30,1377.5,1380.699951171875,1377.5,1379.300048828125,23162.0,yahoo
CIPLA,5m,2026-09-04T13:50:00+05:30,1379.300048828125,1379.300048828125,1378.300048828125,1378.800048828125,3874.0,yahoo
CIPLA,5m,2026-09-04T13:55:00+05:30,1378.800048828125,1379.0999755859375,1377.5999755859375,1377.5999755859375,2714.0,yahoo
CIPLA,5m,2026-09-04T14:00:00+05:30,1378.0,1378.0,1377.0999755859375,1377.0999755859375,2676.0,yahoo
CIPLA,5m,2026-09-04T14:05:00+05:30,1377.800048828125,1380.4000244140625,1377.199951171875,1380.4000244140625,5762.0,yahoo
CIPLA,5m,2026-09-04T14:10:00+05:30,1381.5999755859375,1381.5999755859375,1379.5,1380.199951171875,10453.0,yahoo
CIPLA,5m,2026-09-04T14:15:00+05:30,1380.300048828125,1380.300048828125,1380.0,1380.0,4630.0,yahoo
CIPLA,5m,2026-09-04T14:20:00+05:30,1380.0999755859375,1381.4000244140625,1380.0,1380.300048828125,4764.0,yahoo
CIPLA,5m,2026-09-04T14:25:00+05:30,1380.699951171875,1384.0999755859375,1380.199951171875,1382.300048828125,14025.0,yahoo
CIPLA,5m,2026-09-04T14:30:00+05:30,1382.5999755859375,1382.5999755859375,1380.0,1380.199951171875,11278.0,yahoo
CIPLA,5m,2026-09-04T14:35:00+05:30,1380.5,1381.5,1379.0,1381.300048828125,28689.0,yahoo
CIPLA,5m,2026-09-04T14:40:00+05:30,1380.5999755859375,1381.300048828125,1379.5,1380.800048828125,16286.0,yahoo
CIPLA,5m,2026-09-04T14:45:00+05:30,1380.5999755859375,1381.5999755859375,1380.0,1380.4000244140625,9495.0,yahoo
CIPLA,5m,2026-09-04T14:50:00+05:30,1380.4000244140625,1380.9000244140625,1379.699951171875,1380.4000244140625,15950.0,yahoo
CIPLA,5m,2026-09-04T14:55:00+05:30,1380.4000244140625,1380.4000244140625,1378.5,1378.5,11872.0,yahoo
CIPLA,5m,2026-09-04T15:00:00+05:30,1378.5,1378.5999755859375,1376.699951171875,1377.199951171875,33090.0,yahoo
CIPLA,5m,2026-09-04T15:05:00+05:30,1376.699951171875,1380.0,1375.699951171875,1376.800048828125,32671.0,yahoo
CIPLA,5m,2026-09-04T15:10:00+05:30,1377.5999755859375,1385.0,1375.9000244140625,1384.0,48397.0,yahoo
CIPLA,5m,2026-09-04T15:15:00+05:30,1384.0,1385.0,1384.0,1385.0,31103.0,yahoo
COALINDIA,5m,2026-09-04T09:15:00+05:30,415.29998779296875,415.3999938964844,413.5,413.95001220703125,0.0,yahoo
COALINDIA,5m,2026-09-04T09:20:00+05:30,414.25,415.20001220703125,414.04998779296875,414.8500061035156,131213.0,yahoo
COALINDIA,5m,2026-09-04T09:25:00+05:30,414.8500061035156,414.95001220703125,413.29998779296875,413.3500061035156,156230.0,yahoo
COALINDIA,5m,2026-09-04T09:30:00+05:30,413.6499938964844,413.8999938964844,412.54998779296875,413.5,209942.0,yahoo
COALINDIA,5m,2026-09-04T09:35:00+05:30,413.5,413.75,412.75,413.20001220703125,84348.0,yahoo
COALINDIA,5m,2026-09-04T09:40:00+05:30,413.25,414.04998779296875,413.1000061035156,413.75,97423.0,yahoo
COALINDIA,5m,2026-09-04T09:45:00+05:30,413.70001220703125,413.95001220703125,413.20001220703125,413.20001220703125,75658.0,yahoo
COALINDIA,5m,2026-09-04T09:50:00+05:30,413.3999938964844,414.20001220703125,413.3999938964844,414.20001220703125,92934.0,yahoo
COALINDIA,5m,2026-09-04T09:55:00+05:30,414.3500061035156,414.75,414.0,414.6000061035156,57594.0,yahoo
COALINDIA,5m,2026-09-04T10:00:00+05:30,414.6499938964844,414.8500061035156,414.6000061035156,414.79998779296875,62750.0,yahoo
COALINDIA,5m,2026-09-04T10:05:00+05:30,414.8500061035156,415.1000061035156,414.79998779296875,415.0,55928.0,yahoo
COALINDIA,5m,2026-09-04T10:10:00+05:30,415.1000061035156,415.6000061035156,414.75,414.75,95920.0,yahoo
COALINDIA,5m,2026-09-04T10:15:00+05:30,414.70001220703125,414.8999938964844,414.5,414.6499938964844,37844.0,yahoo
COALINDIA,5m,2026-09-04T10:20:00+05:30,414.45001220703125,414.6499938964844,414.1499938964844,414.5,43039.0,yahoo
COALINDIA,5m,2026-09-04T10:25:00+05:30,414.6499938964844,414.79998779296875,414.25,414.5,51289.0,yahoo
COALINDIA,5m,2026-09-04T10:30:00+05:30,414.5,414.5,414.29998779296875,414.3999938964844,23071.0,yahoo
COALINDIA,5m,2026-09-04T10:35:00+05:30,414.3999938964844,414.45001220703125,414.20001220703125,414.3999938964844,44638.0,yahoo
COALINDIA,5m,2026-09-04T10:40:00+05:30,414.5,414.8500061035156,414.3999938964844,414.5,32070.0,yahoo
COALINDIA,5m,2026-09-04T10:45:00+05:30,414.45001220703125,414.5,414.04998779296875,414.29998779296875,34092.0,yahoo
COALINDIA,5m,2026-09-04T10:50:00+05:30,414.45001220703125,414.79998779296875,414.3999938964844,414.79998779296875,20934.0,yahoo
COALINDIA,5m,2026-09-04T10:55:00+05:30,414.79998779296875,414.79998779296875,413.8999938964844,414.3999938964844,47047.0,yahoo
COALINDIA,5m,2026-09-04T11:00:00+05:30,414.20001220703125,414.45001220703125,414.1000061035156,414.3999938964844,32627.0,yahoo
COALINDIA,5m,2026-09-04T11:05:00+05:30,414.29998779296875,414.3999938964844,414.1000061035156,414.20001220703125,21787.0,yahoo
COALINDIA,5m,2026-09-04T11:10:00+05:30,414.20001220703125,414.3999938964844,414.0,414.3999938964844,34319.0,yahoo
COALINDIA,5m,2026-09-04T11:15:00+05:30,414.3999938964844,414.3999938964844,413.8999938964844,414.1499938964844,32984.0,yahoo
COALINDIA,5m,2026-09-04T11:20:00+05:30,414.1499938964844,414.54998779296875,414.04998779296875,414.54998779296875,16190.0,yahoo
COALINDIA,5m,2026-09-04T11:25:00+05:30,414.6000061035156,414.6499938964844,414.29998779296875,414.6000061035156,24765.0,yahoo
COALINDIA,5m,2026-09-04T11:30:00+05:30,414.6000061035156,414.75,414.5,414.6499938964844,14594.0,yahoo
COALINDIA,5m,2026-09-04T11:35:00+05:30,414.6499938964844,414.79998779296875,414.54998779296875,414.79998779296875,24389.0,yahoo
COALINDIA,5m,2026-09-04T11:40:00+05:30,414.79998779296875,414.8999938964844,414.79998779296875,414.79998779296875,19255.0,yahoo
COALINDIA,5m,2026-09-04T11:45:00+05:30,414.8500061035156,416.0,414.70001220703125,415.95001220703125,83175.0,yahoo
COALINDIA,5m,2026-09-04T11:50:00+05:30,415.95001220703125,415.95001220703125,415.5,415.6000061035156,26263.0,yahoo
COALINDIA,5m,2026-09-04T11:55:00+05:30,415.54998779296875,415.6000061035156,415.5,415.5,19892.0,yahoo
COALINDIA,5m,2026-09-04T12:00:00+05:30,415.5,415.79998779296875,415.45001220703125,415.6000061035156,212923.0,yahoo
COALINDIA,5m,2026-09-04T12:05:00+05:30,415.6000061035156,415.79998779296875,415.5,415.6499938964844,25207.0,yahoo
COALINDIA,5m,2026-09-04T12:10:00+05:30,415.54998779296875,415.6499938964844,414.3999938964844,415.6000061035156,174491.0,yahoo
COALINDIA,5m,2026-09-04T12:15:00+05:30,415.6000061035156,416.1000061035156,415.3999938964844,415.8500061035156,218978.0,yahoo
COALINDIA,5m,2026-09-04T12:20:00+05:30,415.8500061035156,415.8500061035156,415.04998779296875,415.20001220703125,25469.0,yahoo
COALINDIA,5m,2026-09-04T12:25:00+05:30,415.25,415.3999938964844,415.20001220703125,415.3999938964844,19406.0,yahoo
COALINDIA,5m,2026-09-04T12:30:00+05:30,415.3999938964844,415.54998779296875,415.1000061035156,415.1000061035156,23077.0,yahoo
COALINDIA,5m,2026-09-04T12:35:00+05:30,415.0,415.0,414.6499938964844,414.79998779296875,20431.0,yahoo
COALINDIA,5m,2026-09-04T12:40:00+05:30,414.79998779296875,414.79998779296875,414.3500061035156,414.5,24408.0,yahoo
COALINDIA,5m,2026-09-04T12:45:00+05:30,414.3500061035156,414.5,414.3500061035156,414.45001220703125,8008.0,yahoo
COALINDIA,5m,2026-09-04T12:50:00+05:30,414.3999938964844,414.5,413.6499938964844,414.1499938964844,45724.0,yahoo
COALINDIA,5m,2026-09-04T12:55:00+05:30,414.1000061035156,415.0,413.8999938964844,414.3500061035156,236552.0,yahoo
COALINDIA,5m,2026-09-04T13:00:00+05:30,414.3999938964844,414.45001220703125,414.3500061035156,414.45001220703125,11255.0,yahoo
COALINDIA,5m,2026-09-04T13:05:00+05:30,414.45001220703125,414.45001220703125,414.04998779296875,414.1499938964844,22401.0,yahoo
COALINDIA,5m,2026-09-04T13:10:00+05:30,414.1499938964844,414.20001220703125,414.1000061035156,414.20001220703125,13892.0,yahoo
COALINDIA,5m,2026-09-04T13:15:00+05:30,414.1499938964844,414.20001220703125,413.70001220703125,413.8999938964844,56355.0,yahoo
COALINDIA,5m,2026-09-04T13:20:00+05:30,414.0,414.0,413.6499938964844,414.0,15997.0,yahoo
COALINDIA,5m,2026-09-04T13:25:00+05:30,414.0,414.0,413.70001220703125,414.0,25132.0,yahoo
COALINDIA,5m,2026-09-04T13:30:00+05:30,414.0,414.04998779296875,413.79998779296875,414.04998779296875,24955.0,yahoo
COALINDIA,5m,2026-09-04T13:35:00+05:30,413.8999938964844,414.04998779296875,413.3999938964844,413.5,51098.0,yahoo
COALINDIA,5m,2026-09-04T13:40:00+05:30,413.5,413.5,413.1499938964844,413.29998779296875,54647.0,yahoo
COALINDIA,5m,2026-09-04T13:45:00+05:30,413.29998779296875,413.3999938964844,413.25,413.3999938964844,17004.0,yahoo
COALINDIA,5m,2026-09-04T13:50:00+05:30,413.3999938964844,413.79998779296875,413.3500061035156,413.6499938964844,26706.0,yahoo
COALINDIA,5m,2026-09-04T13:55:00+05:30,413.6499938964844,414.0,413.6499938964844,413.95001220703125,31705.0,yahoo
COALINDIA,5m,2026-09-04T14:00:00+05:30,413.8999938964844,414.1000061035156,413.8999938964844,414.1000061035156,31756.0,yahoo
COALINDIA,5m,2026-09-04T14:05:00+05:30,414.04998779296875,414.1499938964844,413.75,413.95001220703125,31766.0,yahoo
COALINDIA,5m,2026-09-04T14:10:00+05:30,414.0,414.1000061035156,414.0,414.0,17598.0,yahoo
COALINDIA,5m,2026-09-04T14:15:00+05:30,414.0,414.0,413.79998779296875,413.95001220703125,19294.0,yahoo
COALINDIA,5m,2026-09-04T14:20:00+05:30,413.95001220703125,414.0,413.6499938964844,414.0,39552.0,yahoo
COALINDIA,5m,2026-09-04T14:25:00+05:30,414.0,414.0,413.8999938964844,413.8999938964844,19704.0,yahoo
COALINDIA,5m,2026-09-04T14:30:00+05:30,414.0,414.0,413.75,413.95001220703125,35233.0,yahoo
COALINDIA,5m,2026-09-04T14:35:00+05:30,413.8999938964844,414.0,413.79998779296875,413.8999938964844,202864.0,yahoo
COALINDIA,5m,2026-09-04T14:40:00+05:30,413.8500061035156,413.8999938964844,413.75,413.8500061035156,26233.0,yahoo
COALINDIA,5m,2026-09-04T14:45:00+05:30,413.8999938964844,414.1000061035156,413.70001220703125,414.0,32781.0,yahoo
COALINDIA,5m,2026-09-04T14:50:00+05:30,414.0,414.04998779296875,413.8500061035156,414.0,1153002.0,yahoo
COALINDIA,5m,2026-09-04T14:55:00+05:30,414.0,414.0,413.8999938964844,414.0,84412.0,yahoo
COALINDIA,5m,2026-09-04T15:00:00+05:30,413.95001220703125,414.0,413.79998779296875,413.79998779296875,116495.0,yahoo
COALINDIA,5m,2026-09-04T15:05:00+05:30,413.79998779296875,414.1000061035156,413.79998779296875,413.8999938964844,177037.0,yahoo
COALINDIA,5m,2026-09-04T15:10:00+05:30,413.8999938964844,414.1499938964844,413.8500061035156,413.8999938964844,275024.0,yahoo
COALINDIA,5m,2026-09-04T15:15:00+05:30,414.0,415.3500061035156,414.0,415.3500061035156,153676.0,yahoo
DELHIVERY,5m,2026-09-04T09:15:00+05:30,463.1499938964844,463.1499938964844,460.54998779296875,462.5,0.0,yahoo
DELHIVERY,5m,2026-09-04T09:20:00+05:30,462.75,463.20001220703125,461.54998779296875,462.6000061035156,68835.0,yahoo
DELHIVERY,5m,2026-09-04T09:25:00+05:30,462.45001220703125,463.29998779296875,461.8500061035156,461.8500061035156,33156.0,yahoo
DELHIVERY,5m,2026-09-04T09:30:00+05:30,461.79998779296875,462.3500061035156,461.04998779296875,461.8500061035156,31034.0,yahoo
DELHIVERY,5m,2026-09-04T09:35:00+05:30,461.75,465.3999938964844,461.25,465.3999938964844,56908.0,yahoo
DELHIVERY,5m,2026-09-04T09:40:00+05:30,464.95001220703125,465.1000061035156,464.20001220703125,464.20001220703125,26431.0,yahoo
DELHIVERY,5m,2026-09-04T09:45:00+05:30,464.1000061035156,465.75,464.1000061035156,465.1499938964844,42817.0,yahoo
DELHIVERY,5m,2026-09-04T09:50:00+05:30,465.1499938964844,465.8999938964844,462.25,462.25,40324.0,yahoo
DELHIVERY,5m,2026-09-04T09:55:00+05:30,462.25,463.29998779296875,462.25,462.75,27598.0,yahoo
DELHIVERY,5m,2026-09-04T10:00:00+05:30,462.75,462.8999938964844,462.5,462.8999938964844,18943.0,yahoo
DELHIVERY,5m,2026-09-04T10:05:00+05:30,462.8999938964844,462.95001220703125,462.25,462.45001220703125,16025.0,yahoo
DELHIVERY,5m,2026-09-04T10:10:00+05:30,462.6000061035156,463.04998779296875,462.0,462.0,23611.0,yahoo
DELHIVERY,5m,2026-09-04T10:15:00+05:30,462.0,462.8999938964844,461.8500061035156,462.3999938964844,30630.0,yahoo
DELHIVERY,5m,2026-09-04T10:20:00+05:30,462.3500061035156,463.3999938964844,462.3500061035156,463.1000061035156,28680.0,yahoo
DELHIVERY,5m,2026-09-04T10:25:00+05:30,463.1000061035156,463.8999938964844,462.6000061035156,462.8500061035156,33703.0,yahoo
DELHIVERY,5m,2026-09-04T10:30:00+05:30,462.6499938964844,463.25,462.04998779296875,463.20001220703125,21316.0,yahoo
DELHIVERY,5m,2026-09-04T10:35:00+05:30,463.20001220703125,463.20001220703125,462.45001220703125,462.54998779296875,10628.0,yahoo
DELHIVERY,5m,2026-09-04T10:40:00+05:30,462.75,463.29998779296875,462.54998779296875,462.8999938964844,26924.0,yahoo
DELHIVERY,5m,2026-09-04T10:45:00+05:30,462.79998779296875,463.1000061035156,462.3500061035156,463.1000061035156,23373.0,yahoo
DELHIVERY,5m,2026-09-04T10:50:00+05:30,463.1000061035156,463.1499938964844,462.04998779296875,462.5,22403.0,yahoo
DELHIVERY,5m,2026-09-04T10:55:00+05:30,462.1000061035156,462.3500061035156,461.6000061035156,461.8999938964844,29611.0,yahoo
DELHIVERY,5m,2026-09-04T11:00:00+05:30,461.8999938964844,462.04998779296875,461.5,461.5,11097.0,yahoo
DELHIVERY,5m,2026-09-04T11:05:00+05:30,461.5,462.20001220703125,461.29998779296875,462.0,28142.0,yahoo
DELHIVERY,5m,2026-09-04T11:10:00+05:30,462.0,462.5,461.8999938964844,462.0,25331.0,yahoo
DELHIVERY,5m,2026-09-04T11:15:00+05:30,462.0,462.75,461.45001220703125,462.45001220703125,26173.0,yahoo
DELHIVERY,5m,2026-09-04T11:20:00+05:30,462.70001220703125,462.70001220703125,461.6000061035156,462.3999938964844,16829.0,yahoo
DELHIVERY,5m,2026-09-04T11:25:00+05:30,462.3999938964844,462.3999938964844,461.45001220703125,461.5,21378.0,yahoo
DELHIVERY,5m,2026-09-04T11:30:00+05:30,461.5,461.75,461.1000061035156,461.1499938964844,10522.0,yahoo
DELHIVERY,5m,2026-09-04T11:35:00+05:30,461.1499938964844,461.6499938964844,460.8999938964844,461.54998779296875,15240.0,yahoo
DELHIVERY,5m,2026-09-04T11:40:00+05:30,461.75,461.75,461.0,461.1499938964844,17013.0,yahoo
DELHIVERY,5m,2026-09-04T11:45:00+05:30,461.1499938964844,461.45001220703125,461.0,461.1499938964844,9998.0,yahoo
DELHIVERY,5m,2026-09-04T11:50:00+05:30,461.20001220703125,461.25,460.8999938964844,460.95001220703125,9194.0,yahoo
DELHIVERY,5m,2026-09-04T11:55:00+05:30,461.0,461.04998779296875,460.54998779296875,460.6000061035156,19771.0,yahoo
DELHIVERY,5m,2026-09-04T12:00:00+05:30,460.6000061035156,461.25,459.25,459.54998779296875,41973.0,yahoo
DELHIVERY,5m,2026-09-04T12:05:00+05:30,459.70001220703125,460.1499938964844,459.70001220703125,460.1000061035156,8655.0,yahoo
DELHIVERY,5m,2026-09-04T12:10:00+05:30,460.1000061035156,461.04998779296875,459.8500061035156,460.6499938964844,16060.0,yahoo
DELHIVERY,5m,2026-09-04T12:15:00+05:30,460.54998779296875,460.6000061035156,459.6499938964844,459.70001220703125,16869.0,yahoo
DELHIVERY,5m,2026-09-04T12:20:00+05:30,459.8999938964844,459.95001220703125,459.6000061035156,459.6000061035156,14715.0,yahoo
DELHIVERY,5m,2026-09-04T12:25:00+05:30,459.54998779296875,459.75,459.1000061035156,459.45001220703125,20092.0,yahoo
DELHIVERY,5m,2026-09-04T12:30:00+05:30,459.5,459.54998779296875,459.20001220703125,459.29998779296875,8545.0,yahoo
DELHIVERY,5m,2026-09-04T12:35:00+05:30,459.25,460.45001220703125,459.1499938964844,460.0,19268.0,yahoo
DELHIVERY,5m,2026-09-04T12:40:00+05:30,460.0,460.1499938964844,459.04998779296875,459.45001220703125,33937.0,yahoo
DELHIVERY,5m,2026-09-04T12:45:00+05:30,459.54998779296875,459.6499938964844,459.1000061035156,459.54998779296875,12562.0,yahoo
DELHIVERY,5m,2026-09-04T12:50:00+05:30,459.6499938964844,459.6499938964844,459.04998779296875,459.1499938964844,10913.0,yahoo
DELHIVERY,5m,2026-09-04T12:55:00+05:30,458.8999938964844,459.0,458.45001220703125,458.75,31322.0,yahoo
DELHIVERY,5m,2026-09-04T13:00:00+05:30,458.6499938964844,459.6000061035156,458.6499938964844,459.29998779296875,38645.0,yahoo
DELHIVERY,5m,2026-09-04T13:05:00+05:30,459.04998779296875,459.6499938964844,459.04998779296875,459.5,9471.0,yahoo
DELHIVERY,5m,2026-09-04T13:10:00+05:30,459.54998779296875,459.54998779296875,459.20001220703125,459.45001220703125,11386.0,yahoo
DELHIVERY,5m,2026-09-04T13:15:00+05:30,459.25,460.1499938964844,459.25,460.0,33554.0,yahoo
DELHIVERY,5m,2026-09-04T13:20:00+05:30,460.04998779296875,460.20001220703125,459.8999938964844,459.8999938964844,8725.0,yahoo
DELHIVERY,5m,2026-09-04T13:25:00+05:30,459.8999938964844,460.1499938964844,459.3999938964844,459.54998779296875,27773.0,yahoo
DELHIVERY,5m,2026-09-04T13:30:00+05:30,459.54998779296875,461.04998779296875,459.54998779296875,460.20001220703125,35175.0,yahoo
DELHIVERY,5m,2026-09-04T13:35:00+05:30,460.20001220703125,460.95001220703125,460.1499938964844,460.3999938964844,16316.0,yahoo
DELHIVERY,5m,2026-09-04T13:40:00+05:30,460.3999938964844,460.45001220703125,460.1000061035156,460.3500061035156,9105.0,yahoo
DELHIVERY,5m,2026-09-04T13:45:00+05:30,460.1499938964844,460.54998779296875,460.0,460.54998779296875,11548.0,yahoo
DELHIVERY,5m,2026-09-04T13:50:00+05:30,460.54998779296875,460.75,459.79998779296875,459.8500061035156,19084.0,yahoo
DELHIVERY,5m,2026-09-04T13:55:00+05:30,460.0,460.45001220703125,459.70001220703125,459.8500061035156,22499.0,yahoo
DELHIVERY,5m,2026-09-04T14:00:00+05:30,459.79998779296875,460.20001220703125,459.3999938964844,459.3999938964844,23911.0,yahoo
DELHIVERY,5m,2026-09-04T14:05:00+05:30,459.6000061035156,459.6000061035156,459.20001220703125,459.20001220703125,9293.0,yahoo
DELHIVERY,5m,2026-09-04T14:10:00+05:30,459.20001220703125,459.3500061035156,459.0,459.0,13948.0,yahoo
DELHIVERY,5m,2026-09-04T14:15:00+05:30,459.25,459.25,458.79998779296875,459.0,9408.0,yahoo
DELHIVERY,5m,2026-09-04T14:20:00+05:30,459.1499938964844,459.8999938964844,459.1499938964844,459.25,32367.0,yahoo
DELHIVERY,5m,2026-09-04T14:25:00+05:30,459.3999938964844,459.6000061035156,459.20001220703125,459.6000061035156,12165.0,yahoo
DELHIVERY,5m,2026-09-04T14:30:00+05:30,459.6000061035156,459.6499938964844,459.20001220703125,459.20001220703125,16090.0,yahoo
DELHIVERY,5m,2026-09-04T14:35:00+05:30,459.20001220703125,459.5,459.1000061035156,459.1499938964844,14107.0,yahoo
DELHIVERY,5m,2026-09-04T14:40:00+05:30,459.1000061035156,459.45001220703125,458.5,459.0,47071.0,yahoo
DELHIVERY,5m,2026-09-04T14:45:00+05:30,459.0,459.04998779296875,458.29998779296875,458.3999938964844,22925.0,yahoo
DELHIVERY,5m,2026-09-04T14:50:00+05:30,458.3999938964844,459.70001220703125,458.3999938964844,459.04998779296875,72129.0,yahoo
DELHIVERY,5m,2026-09-04T14:55:00+05:30,459.3500061035156,459.3999938964844,458.95001220703125,459.25,35049.0,yahoo
DELHIVERY,5m,2026-09-04T15:00:00+05:30,459.3999938964844,459.6499938964844,458.75,458.75,57658.0,yahoo
DELHIVERY,5m,2026-09-04T15:05:00+05:30,459.20001220703125,459.54998779296875,458.75,459.0,77566.0,yahoo
DELHIVERY,5m,2026-09-04T15:10:00+05:30,459.04998779296875,460.0,458.29998779296875,460.0,97593.0,yahoo
DELHIVERY,5m,2026-09-04T15:15:00+05:30,460.0,460.0,457.8999938964844,457.8999938964844,13918.0,yahoo
DLF,5m,2026-09-04T09:15:00+05:30,682.5499877929688,684.8499755859375,680.7999877929688,683.5999755859375,0.0,yahoo
DLF,5m,2026-09-04T09:20:00+05:30,684.7000122070312,685.75,684.2000122070312,685.2999877929688,46935.0,yahoo
DLF,5m,2026-09-04T09:25:00+05:30,685.0499877929688,685.9500122070312,683.8499755859375,683.8499755859375,45123.0,yahoo
DLF,5m,2026-09-04T09:30:00+05:30,683.9000244140625,684.5,683.4000244140625,684.0,24470.0,yahoo
DLF,5m,2026-09-04T09:35:00+05:30,684.0,684.0,682.5,682.5,17930.0,yahoo
DLF,5m,2026-09-04T09:40:00+05:30,682.7999877929688,683.0999755859375,681.9000244140625,682.1500244140625,13783.0,yahoo
DLF,5m,2026-09-04T09:45:00+05:30,682.4000244140625,684.4500122070312,682.25,683.0,23960.0,yahoo
DLF,5m,2026-09-04T09:50:00+05:30,683.0,683.1500244140625,682.25,682.75,24220.0,yahoo
DLF,5m,2026-09-04T09:55:00+05:30,682.9000244140625,686.9500122070312,682.5499877929688,686.9500122070312,45634.0,yahoo
DLF,5m,2026-09-04T10:00:00+05:30,687.0999755859375,688.5,686.8499755859375,688.0499877929688,51777.0,yahoo
DLF,5m,2026-09-04T10:05:00+05:30,688.0499877929688,688.0999755859375,687.1500244140625,688.0,33372.0,yahoo
DLF,5m,2026-09-04T10:10:00+05:30,688.0,688.2999877929688,686.4000244140625,687.2000122070312,24152.0,yahoo
DLF,5m,2026-09-04T10:15:00+05:30,687.4500122070312,687.7999877929688,686.5,686.5,9867.0,yahoo
DLF,5m,2026-09-04T10:20:00+05:30,686.6500244140625,687.0,686.4000244140625,686.4000244140625,10369.0,yahoo
DLF,5m,2026-09-04T10:25:00+05:30,686.7000122070312,686.75,686.25,686.6500244140625,9415.0,yahoo
DLF,5m,2026-09-04T10:30:00+05:30,686.4500122070312,687.1500244140625,685.7999877929688,687.1500244140625,20709.0,yahoo
DLF,5m,2026-09-04T10:35:00+05:30,686.9500122070312,687.25,686.2000122070312,686.9500122070312,22413.0,yahoo
DLF,5m,2026-09-04T10:40:00+05:30,686.7000122070312,687.5499877929688,686.0999755859375,686.0999755859375,14844.0,yahoo
DLF,5m,2026-09-04T10:45:00+05:30,686.2000122070312,686.25,685.5,685.5,8794.0,yahoo
DLF,5m,2026-09-04T10:50:00+05:30,685.5,686.8499755859375,685.5,686.0,12559.0,yahoo
DLF,5m,2026-09-04T10:55:00+05:30,686.0,686.3499755859375,685.4500122070312,685.7000122070312,9561.0,yahoo
DLF,5m,2026-09-04T11:00:00+05:30,685.75,686.2000122070312,685.5,685.8499755859375,5493.0,yahoo
DLF,5m,2026-09-04T11:05:00+05:30,685.7999877929688,686.5,685.5499877929688,686.5,6783.0,yahoo
DLF,5m,2026-09-04T11:10:00+05:30,686.2000122070312,686.7000122070312,685.7999877929688,686.1500244140625,10333.0,yahoo
DLF,5m,2026-09-04T11:15:00+05:30,686.1500244140625,687.0,686.0,687.0,13253.0,yahoo
DLF,5m,2026-09-04T11:20:00+05:30,687.0,687.5,687.0,687.5,12854.0,yahoo
DLF,5m,2026-09-04T11:25:00+05:30,687.5,688.4000244140625,687.4500122070312,688.1500244140625,27936.0,yahoo
DLF,5m,2026-09-04T11:30:00+05:30,688.1500244140625,688.4000244140625,687.5,687.5,8645.0,yahoo
DLF,5m,2026-09-04T11:35:00+05:30,687.7000122070312,688.0999755859375,687.2999877929688,687.7000122070312,13585.0,yahoo
DLF,5m,2026-09-04T11:40:00+05:30,687.5499877929688,687.7000122070312,687.2000122070312,687.25,9086.0,yahoo
DLF,5m,2026-09-04T11:45:00+05:30,687.25,687.25,686.5999755859375,687.1500244140625,11631.0,yahoo
DLF,5m,2026-09-04T11:50:00+05:30,687.2000122070312,688.0,687.2000122070312,687.5999755859375,14115.0,yahoo
DLF,5m,2026-09-04T11:55:00+05:30,687.4000244140625,687.9000244140625,687.1500244140625,687.5999755859375,6324.0,yahoo
DLF,5m,2026-09-04T12:00:00+05:30,687.5999755859375,687.8499755859375,686.9500122070312,687.2999877929688,14942.0,yahoo
DLF,5m,2026-09-04T12:05:00+05:30,687.0,689.75,687.0,689.4000244140625,47831.0,yahoo
DLF,5m,2026-09-04T12:10:00+05:30,689.2999877929688,689.2999877929688,687.1500244140625,687.5499877929688,11031.0,yahoo
DLF,5m,2026-09-04T12:15:00+05:30,687.5,687.5499877929688,687.0,687.5,7755.0,yahoo
DLF,5m,2026-09-04T12:20:00+05:30,687.25,687.5,686.3499755859375,686.4500122070312,10459.0,yahoo
DLF,5m,2026-09-04T12:25:00+05:30,685.8499755859375,686.4000244140625,684.3499755859375,685.0,42843.0,yahoo
DLF,5m,2026-09-04T12:30:00+05:30,685.0,685.5,684.9000244140625,685.4500122070312,10520.0,yahoo
DLF,5m,2026-09-04T12:35:00+05:30,685.2000122070312,685.5,684.75,685.1500244140625,10265.0,yahoo
DLF,5m,2026-09-04T12:40:00+05:30,685.1500244140625,685.2000122070312,684.4500122070312,684.5499877929688,13684.0,yahoo
DLF,5m,2026-09-04T12:45:00+05:30,684.5499877929688,684.5499877929688,684.2000122070312,684.5,6803.0,yahoo
DLF,5m,2026-09-04T12:50:00+05:30,684.5,684.5,683.7999877929688,683.7999877929688,6168.0,yahoo
DLF,5m,2026-09-04T12:55:00+05:30,683.7999877929688,684.0,683.0,683.5499877929688,24390.0,yahoo
DLF,5m,2026-09-04T13:00:00+05:30,683.2999877929688,683.5499877929688,682.0999755859375,682.8499755859375,48727.0,yahoo
DLF,5m,2026-09-04T13:05:00+05:30,682.8499755859375,683.75,682.7999877929688,683.7000122070312,8714.0,yahoo
DLF,5m,2026-09-04T13:10:00+05:30,683.7000122070312,684.0499877929688,683.2000122070312,683.5999755859375,18244.0,yahoo
DLF,5m,2026-09-04T13:15:00+05:30,683.25,684.4500122070312,683.25,684.1500244140625,6204.0,yahoo
DLF,5m,2026-09-04T13:20:00+05:30,684.2999877929688,684.4000244140625,683.9000244140625,684.0999755859375,8307.0,yahoo
DLF,5m,2026-09-04T13:25:00+05:30,684.1500244140625,684.75,683.2999877929688,684.4500122070312,42656.0,yahoo
DLF,5m,2026-09-04T13:30:00+05:30,684.4500122070312,684.7000122070312,683.9000244140625,684.4000244140625,18309.0,yahoo
DLF,5m,2026-09-04T13:35:00+05:30,684.5499877929688,684.7000122070312,684.0499877929688,684.4500122070312,10503.0,yahoo
DLF,5m,2026-09-04T13:40:00+05:30,684.4500122070312,684.75,684.4500122070312,684.75,4941.0,yahoo
DLF,5m,2026-09-04T13:45:00+05:30,684.75,686.1500244140625,684.5499877929688,686.0499877929688,11706.0,yahoo
DLF,5m,2026-09-04T13:50:00+05:30,686.0499877929688,686.0999755859375,685.0,685.2000122070312,11859.0,yahoo
DLF,5m,2026-09-04T13:55:00+05:30,685.0999755859375,685.5999755859375,685.0999755859375,685.4000244140625,6241.0,yahoo
DLF,5m,2026-09-04T14:00:00+05:30,685.4000244140625,685.5999755859375,683.75,684.1500244140625,13373.0,yahoo
DLF,5m,2026-09-04T14:05:00+05:30,685.0,686.0,684.5999755859375,685.7999877929688,321302.0,yahoo
DLF,5m,2026-09-04T14:10:00+05:30,686.0,686.2999877929688,685.3499755859375,686.1500244140625,22594.0,yahoo
DLF,5m,2026-09-04T14:15:00+05:30,686.0,686.0499877929688,685.5499877929688,686.0,20709.0,yahoo
DLF,5m,2026-09-04T14:20:00+05:30,686.0,687.3499755859375,685.9500122070312,686.9500122070312,34646.0,yahoo
DLF,5m,2026-09-04T14:25:00+05:30,686.7000122070312,687.0,686.5499877929688,686.7000122070312,6187.0,yahoo
DLF,5m,2026-09-04T14:30:00+05:30,686.5999755859375,687.0,686.5499877929688,686.7999877929688,9737.0,yahoo
DLF,5m,2026-09-04T14:35:00+05:30,686.7000122070312,686.7999877929688,686.25,686.25,16514.0,yahoo
DLF,5m,2026-09-04T14:40:00+05:30,686.25,687.3499755859375,686.2000122070312,686.6500244140625,36541.0,yahoo
DLF,5m,2026-09-04T14:45:00+05:30,686.5499877929688,686.6500244140625,686.25,686.25,17285.0,yahoo
DLF,5m,2026-09-04T14:50:00+05:30,686.25,687.1500244140625,686.2000122070312,686.7999877929688,65657.0,yahoo
DLF,5m,2026-09-04T14:55:00+05:30,687.0,687.0,686.0,686.7000122070312,53036.0,yahoo
DLF,5m,2026-09-04T15:00:00+05:30,686.9500122070312,687.0,685.4000244140625,686.0499877929688,52077.0,yahoo
DLF,5m,2026-09-04T15:05:00+05:30,686.0499877929688,686.3499755859375,681.9000244140625,682.0,74641.0,yahoo
DLF,5m,2026-09-04T15:10:00+05:30,682.5499877929688,683.2999877929688,681.1500244140625,681.1500244140625,52074.0,yahoo
DLF,5m,2026-09-04T15:15:00+05:30,681.0999755859375,681.9000244140625,681.0999755859375,681.9000244140625,39648.0,yahoo
DRREDDY,5m,2026-09-04T09:15:00+05:30,1166.0,1166.0,1157.199951171875,1162.800048828125,0.0,yahoo
DRREDDY,5m,2026-09-04T09:20:00+05:30,1163.0,1163.0,1160.800048828125,1161.5999755859375,6995.0,yahoo
DRREDDY,5m,2026-09-04T09:25:00+05:30,1161.5999755859375,1162.4000244140625,1158.4000244140625,1158.4000244140625,5147.0,yahoo
DRREDDY,5m,2026-09-04T09:30:00+05:30,1157.199951171875,1159.4000244140625,1157.0,1157.5999755859375,6041.0,yahoo
DRREDDY,5m,2026-09-04T09:35:00+05:30,1157.5,1158.9000244140625,1157.5,1158.199951171875,6507.0,yahoo
DRREDDY,5m,2026-09-04T09:40:00+05:30,1158.5999755859375,1159.300048828125,1158.0,1158.5,3639.0,yahoo
DRREDDY,5m,2026-09-04T09:45:00+05:30,1158.0999755859375,1159.5,1158.0,1159.5,5358.0,yahoo
DRREDDY,5m,2026-09-04T09:50:00+05:30,1159.9000244140625,1160.0,1158.300048828125,1159.0999755859375,5737.0,yahoo
DRREDDY,5m,2026-09-04T09:55:00+05:30,1159.699951171875,1159.800048828125,1159.0,1159.4000244140625,3003.0,yahoo
DRREDDY,5m,2026-09-04T10:00:00+05:30,1159.699951171875,1161.300048828125,1159.699951171875,1161.0999755859375,4721.0,yahoo
DRREDDY,5m,2026-09-04T10:05:00+05:30,1160.800048828125,1162.699951171875,1159.800048828125,1162.5,7018.0,yahoo
DRREDDY,5m,2026-09-04T10:10:00+05:30,1162.4000244140625,1163.699951171875,1161.5999755859375,1162.5,18074.0,yahoo
DRREDDY,5m,2026-09-04T10:15:00+05:30,1162.0,1163.4000244140625,1161.300048828125,1162.5999755859375,6850.0,yahoo
DRREDDY,5m,2026-09-04T10:20:00+05:30,1162.9000244140625,1163.699951171875,1162.4000244140625,1163.0,8795.0,yahoo
DRREDDY,5m,2026-09-04T10:25:00+05:30,1162.800048828125,1164.9000244140625,1162.5,1164.800048828125,10337.0,yahoo
DRREDDY,5m,2026-09-04T10:30:00+05:30,1165.0,1165.0,1162.800048828125,1164.4000244140625,6606.0,yahoo
DRREDDY,5m,2026-09-04T10:35:00+05:30,1164.199951171875,1164.699951171875,1162.699951171875,1164.5,7591.0,yahoo
DRREDDY,5m,2026-09-04T10:40:00+05:30,1164.4000244140625,1164.699951171875,1164.0999755859375,1164.699951171875,4335.0,yahoo
DRREDDY,5m,2026-09-04T10:45:00+05:30,1165.0,1165.0,1164.300048828125,1164.699951171875,7665.0,yahoo
DRREDDY,5m,2026-09-04T10:50:00+05:30,1164.5999755859375,1165.5,1163.9000244140625,1164.0999755859375,9857.0,yahoo
DRREDDY,5m,2026-09-04T10:55:00+05:30,1164.0999755859375,1164.199951171875,1163.800048828125,1164.199951171875,4054.0,yahoo
DRREDDY,5m,2026-09-04T11:00:00+05:30,1164.0999755859375,1164.4000244140625,1162.5999755859375,1163.5,8618.0,yahoo
DRREDDY,5m,2026-09-04T11:05:00+05:30,1163.800048828125,1165.0,1162.699951171875,1165.0,8385.0,yahoo
DRREDDY,5m,2026-09-04T11:10:00+05:30,1165.0,1165.0,1164.0,1164.300048828125,3611.0,yahoo
DRREDDY,5m,2026-09-04T11:15:00+05:30,1164.0,1164.800048828125,1163.0999755859375,1164.699951171875,10926.0,yahoo
DRREDDY,5m,2026-09-04T11:20:00+05:30,1164.199951171875,1164.800048828125,1163.699951171875,1164.0999755859375,6439.0,yahoo
DRREDDY,5m,2026-09-04T11:25:00+05:30,1164.5999755859375,1164.800048828125,1163.4000244140625,1163.4000244140625,5221.0,yahoo
DRREDDY,5m,2026-09-04T11:30:00+05:30,1163.4000244140625,1164.5,1162.800048828125,1163.300048828125,5357.0,yahoo
DRREDDY,5m,2026-09-04T11:35:00+05:30,1163.5,1164.800048828125,1163.4000244140625,1163.800048828125,6043.0,yahoo
DRREDDY,5m,2026-09-04T11:40:00+05:30,1163.5999755859375,1164.5,1163.300048828125,1164.4000244140625,7390.0,yahoo
DRREDDY,5m,2026-09-04T11:45:00+05:30,1164.300048828125,1164.9000244140625,1162.5,1162.5,8067.0,yahoo
DRREDDY,5m,2026-09-04T11:50:00+05:30,1162.800048828125,1163.300048828125,1162.0,1162.5999755859375,9726.0,yahoo
DRREDDY,5m,2026-09-04T11:55:00+05:30,1162.5,1163.0,1161.5999755859375,1162.699951171875,6792.0,yahoo
DRREDDY,5m,2026-09-04T12:00:00+05:30,1162.699951171875,1162.699951171875,1161.0,1161.0,4039.0,yahoo
DRREDDY,5m,2026-09-04T12:05:00+05:30,1161.0,1161.800048828125,1160.699951171875,1161.699951171875,4712.0,yahoo
DRREDDY,5m,2026-09-04T12:10:00+05:30,1161.0999755859375,1161.699951171875,1160.5,1160.9000244140625,5900.0,yahoo
DRREDDY,5m,2026-09-04T12:15:00+05:30,1161.0999755859375,1164.4000244140625,1161.0999755859375,1162.5,29733.0,yahoo
DRREDDY,5m,2026-09-04T12:20:00+05:30,1162.5,1162.5,1161.4000244140625,1161.5,4334.0,yahoo
DRREDDY,5m,2026-09-04T12:25:00+05:30,1161.5,1162.4000244140625,1161.0,1162.4000244140625,2246.0,yahoo
DRREDDY,5m,2026-09-04T12:30:00+05:30,1162.199951171875,1162.5,1161.699951171875,1162.0999755859375,3864.0,yahoo
DRREDDY,5m,2026-09-04T12:35:00+05:30,1162.199951171875,1162.5999755859375,1161.699951171875,1162.0,3483.0,yahoo
DRREDDY,5m,2026-09-04T12:40:00+05:30,1162.0999755859375,1163.4000244140625,1161.5,1162.9000244140625,6510.0,yahoo
DRREDDY,5m,2026-09-04T12:45:00+05:30,1163.0,1163.5,1161.0,1161.0,3528.0,yahoo
DRREDDY,5m,2026-09-04T12:50:00+05:30,1161.0,1161.0999755859375,1159.0999755859375,1159.5999755859375,6503.0,yahoo
DRREDDY,5m,2026-09-04T12:55:00+05:30,1159.9000244140625,1162.300048828125,1159.5,1160.800048828125,12438.0,yahoo
DRREDDY,5m,2026-09-04T13:00:00+05:30,1161.0,1161.9000244140625,1160.800048828125,1161.0999755859375,9538.0,yahoo
DRREDDY,5m,2026-09-04T13:05:00+05:30,1161.5,1161.9000244140625,1160.9000244140625,1161.5,2771.0,yahoo
DRREDDY,5m,2026-09-04T13:10:00+05:30,1161.300048828125,1162.0,1160.699951171875,1161.699951171875,6755.0,yahoo
DRREDDY,5m,2026-09-04T13:15:00+05:30,1161.5999755859375,1161.699951171875,1159.0999755859375,1159.699951171875,5547.0,yahoo
DRREDDY,5m,2026-09-04T13:20:00+05:30,1159.5999755859375,1159.9000244140625,1159.4000244140625,1159.800048828125,1884.0,yahoo
DRREDDY,5m,2026-09-04T13:25:00+05:30,1159.699951171875,1159.699951171875,1158.0999755859375,1158.5999755859375,3846.0,yahoo
DRREDDY,5m,2026-09-04T13:30:00+05:30,1158.5,1158.5999755859375,1157.4000244140625,1157.800048828125,4679.0,yahoo
DRREDDY,5m,2026-09-04T13:35:00+05:30,1157.5999755859375,1158.4000244140625,1157.5,1158.199951171875,2974.0,yahoo
DRREDDY,5m,2026-09-04T13:40:00+05:30,1157.800048828125,1158.5,1157.199951171875,1158.4000244140625,2895.0,yahoo
DRREDDY,5m,2026-09-04T13:45:00+05:30,1158.199951171875,1158.5999755859375,1157.300048828125,1157.699951171875,3642.0,yahoo
DRREDDY,5m,2026-09-04T13:50:00+05:30,1157.5,1158.199951171875,1156.9000244140625,1157.0,3575.0,yahoo
DRREDDY,5m,2026-09-04T13:55:00+05:30,1157.0,1157.199951171875,1156.5,1156.800048828125,5619.0,yahoo
DRREDDY,5m,2026-09-04T14:00:00+05:30,1156.9000244140625,1157.5,1156.5,1156.5999755859375,5767.0,yahoo
DRREDDY,5m,2026-09-04T14:05:00+05:30,1156.5999755859375,1156.9000244140625,1156.5,1156.800048828125,3834.0,yahoo
DRREDDY,5m,2026-09-04T14:10:00+05:30,1156.5999755859375,1157.5,1156.5,1157.0,6302.0,yahoo
DRREDDY,5m,2026-09-04T14:15:00+05:30,1157.0,1157.9000244140625,1156.5,1157.5999755859375,11194.0,yahoo
DRREDDY,5m,2026-09-04T14:20:00+05:30,1157.4000244140625,1158.5,1157.4000244140625,1158.0,4313.0,yahoo
DRREDDY,5m,2026-09-04T14:25:00+05:30,1158.0,1158.800048828125,1157.5,1158.300048828125,5430.0,yahoo
DRREDDY,5m,2026-09-04T14:30:00+05:30,1158.5,1158.800048828125,1157.0,1157.5999755859375,6103.0,yahoo
DRREDDY,5m,2026-09-04T14:35:00+05:30,1157.4000244140625,1157.9000244140625,1156.800048828125,1157.0999755859375,6088.0,yahoo
DRREDDY,5m,2026-09-04T14:40:00+05:30,1157.5,1157.5999755859375,1156.0,1156.699951171875,7863.0,yahoo
DRREDDY,5m,2026-09-04T14:45:00+05:30,1156.5999755859375,1157.5,1156.0,1156.699951171875,8788.0,yahoo
DRREDDY,5m,2026-09-04T14:50:00+05:30,1156.699951171875,1157.4000244140625,1156.5,1157.0999755859375,8217.0,yahoo
DRREDDY,5m,2026-09-04T14:55:00+05:30,1156.9000244140625,1157.5,1156.4000244140625,1156.5,8542.0,yahoo
DRREDDY,5m,2026-09-04T15:00:00+05:30,1156.800048828125,1156.800048828125,1155.199951171875,1155.4000244140625,15981.0,yahoo
DRREDDY,5m,2026-09-04T15:05:00+05:30,1155.9000244140625,1156.800048828125,1155.199951171875,1155.800048828125,20066.0,yahoo
DRREDDY,5m,2026-09-04T15:10:00+05:30,1155.699951171875,1156.300048828125,1154.800048828125,1155.699951171875,31772.0,yahoo
DRREDDY,5m,2026-09-04T15:15:00+05:30,1155.699951171875,1155.699951171875,1151.0,1151.0,29467.0,yahoo
EICHERMOT,5m,2026-09-04T09:15:00+05:30,7637.0,7644.5,7596.0,7623.5,0.0,yahoo
EICHERMOT,5m,2026-09-04T09:20:00+05:30,7623.5,7623.5,7602.0,7610.0,6169.0,yahoo
EICHERMOT,5m,2026-09-04T09:25:00+05:30,7613.0,7624.5,7611.5,7619.0,5561.0,yahoo
EICHERMOT,5m,2026-09-04T09:30:00+05:30,7621.5,7632.0,7616.0,7621.0,7191.0,yahoo
EICHERMOT,5m,2026-09-04T09:35:00+05:30,7618.5,7623.0,7616.0,7621.5,5927.0,yahoo
EICHERMOT,5m,2026-09-04T09:40:00+05:30,7623.0,7627.0,7611.5,7618.0,5481.0,yahoo
EICHERMOT,5m,2026-09-04T09:45:00+05:30,7618.0,7628.0,7611.5,7611.5,3674.0,yahoo
EICHERMOT,5m,2026-09-04T09:50:00+05:30,7615.0,7615.0,7612.5,7614.5,4538.0,yahoo
EICHERMOT,5m,2026-09-04T09:55:00+05:30,7615.5,7623.0,7610.0,7621.0,4971.0,yahoo
EICHERMOT,5m,2026-09-04T10:00:00+05:30,7621.0,7630.0,7621.0,7625.0,9011.0,yahoo
EICHERMOT,5m,2026-09-04T10:05:00+05:30,7623.5,7628.0,7615.0,7616.5,6098.0,yahoo
EICHERMOT,5m,2026-09-04T10:10:00+05:30,7617.5,7622.0,7616.0,7622.0,2838.0,yahoo
EICHERMOT,5m,2026-09-04T10:15:00+05:30,7623.5,7637.0,7622.5,7627.0,6702.0,yahoo
EICHERMOT,5m,2026-09-04T10:20:00+05:30,7627.0,7630.0,7627.0,7630.0,3270.0,yahoo
EICHERMOT,5m,2026-09-04T10:25:00+05:30,7630.0,7644.0,7625.0,7644.0,12538.0,yahoo
EICHERMOT,5m,2026-09-04T10:30:00+05:30,7642.0,7642.0,7626.5,7626.5,4848.0,yahoo
EICHERMOT,5m,2026-09-04T10:35:00+05:30,7629.0,7629.5,7621.5,7621.5,2759.0,yahoo
EICHERMOT,5m,2026-09-04T10:40:00+05:30,7622.0,7626.0,7617.5,7621.5,6896.0,yahoo
EICHERMOT,5m,2026-09-04T10:45:00+05:30,7621.5,7643.0,7620.5,7641.5,4547.0,yahoo
EICHERMOT,5m,2026-09-04T10:50:00+05:30,7643.0,7643.0,7635.5,7638.5,2644.0,yahoo
EICHERMOT,5m,2026-09-04T10:55:00+05:30,7637.5,7638.5,7629.5,7634.5,3970.0,yahoo
EICHERMOT,5m,2026-09-04T11:00:00+05:30,7634.5,7635.0,7628.5,7631.0,2332.0,yahoo
EICHERMOT,5m,2026-09-04T11:05:00+05:30,7630.5,7631.0,7622.0,7629.0,2654.0,yahoo
EICHERMOT,5m,2026-09-04T11:10:00+05:30,7628.5,7629.0,7622.0,7622.5,3570.0,yahoo
EICHERMOT,5m,2026-09-04T11:15:00+05:30,7622.0,7625.0,7620.5,7624.5,2226.0,yahoo
EICHERMOT,5m,2026-09-04T11:20:00+05:30,7625.5,7626.5,7622.0,7624.0,1608.0,yahoo
EICHERMOT,5m,2026-09-04T11:25:00+05:30,7622.0,7629.0,7622.0,7626.0,3274.0,yahoo
EICHERMOT,5m,2026-09-04T11:30:00+05:30,7628.0,7651.0,7628.0,7651.0,8350.0,yahoo
EICHERMOT,5m,2026-09-04T11:35:00+05:30,7652.0,7658.0,7647.5,7653.5,4117.0,yahoo
EICHERMOT,5m,2026-09-04T11:40:00+05:30,7651.5,7663.5,7650.5,7658.0,5730.0,yahoo
EICHERMOT,5m,2026-09-04T11:45:00+05:30,7659.0,7659.0,7653.0,7655.0,2536.0,yahoo
EICHERMOT,5m,2026-09-04T11:50:00+05:30,7655.0,7660.0,7636.5,7638.0,13538.0,yahoo
EICHERMOT,5m,2026-09-04T11:55:00+05:30,7638.5,7647.0,7637.0,7640.0,3437.0,yahoo
EICHERMOT,5m,2026-09-04T12:00:00+05:30,7640.0,7640.0,7623.0,7624.0,3991.0,yahoo
EICHERMOT,5m,2026-09-04T12:05:00+05:30,7624.0,7633.0,7615.5,7617.0,18798.0,yahoo
EICHERMOT,5m,2026-09-04T12:10:00+05:30,7616.0,7618.0,7610.0,7614.5,5942.0,yahoo
EICHERMOT,5m,2026-09-04T12:15:00+05:30,7614.5,7614.5,7608.5,7609.5,10398.0,yahoo
EICHERMOT,5m,2026-09-04T12:20:00+05:30,7609.5,7614.0,7609.5,7609.5,4039.0,yahoo
EICHERMOT,5m,2026-09-04T12:25:00+05:30,7610.0,7614.0,7607.0,7611.0,3952.0,yahoo
EICHERMOT,5m,2026-09-04T12:30:00+05:30,7612.5,7613.0,7604.0,7604.0,4089.0,yahoo
EICHERMOT,5m,2026-09-04T12:35:00+05:30,7605.5,7619.0,7603.0,7610.0,5742.0,yahoo
EICHERMOT,5m,2026-09-04T12:40:00+05:30,7610.0,7611.0,7610.0,7610.0,1649.0,yahoo
EICHERMOT,5m,2026-09-04T12:45:00+05:30,7610.5,7610.5,7597.5,7600.0,15388.0,yahoo
EICHERMOT,5m,2026-09-04T12:50:00+05:30,7600.0,7603.0,7596.5,7598.0,3157.0,yahoo
EICHERMOT,5m,2026-09-04T12:55:00+05:30,7598.5,7601.0,7595.0,7597.5,5870.0,yahoo
EICHERMOT,5m,2026-09-04T13:00:00+05:30,7598.0,7608.0,7594.0,7604.5,7055.0,yahoo
EICHERMOT,5m,2026-09-04T13:05:00+05:30,7606.0,7606.0,7600.0,7601.5,2942.0,yahoo
EICHERMOT,5m,2026-09-04T13:10:00+05:30,7601.5,7604.5,7600.0,7600.5,2959.0,yahoo
EICHERMOT,5m,2026-09-04T13:15:00+05:30,7600.0,7610.0,7597.0,7605.5,4197.0,yahoo
EICHERMOT,5m,2026-09-04T13:20:00+05:30,7605.5,7605.5,7593.0,7599.5,12258.0,yahoo
EICHERMOT,5m,2026-09-04T13:25:00+05:30,7601.0,7610.0,7599.0,7603.5,3596.0,yahoo
EICHERMOT,5m,2026-09-04T13:30:00+05:30,7604.0,7608.5,7602.5,7603.5,5531.0,yahoo
EICHERMOT,5m,2026-09-04T13:35:00+05:30,7602.5,7605.0,7596.0,7599.0,4094.0,yahoo
EICHERMOT,5m,2026-09-04T13:40:00+05:30,7599.0,7602.0,7596.0,7599.0,4153.0,yahoo
EICHERMOT,5m,2026-09-04T13:45:00+05:30,7599.5,7616.0,7599.0,7613.5,3711.0,yahoo
EICHERMOT,5m,2026-09-04T13:50:00+05:30,7613.5,7625.0,7613.0,7620.5,5459.0,yahoo
EICHERMOT,5m,2026-09-04T13:55:00+05:30,7620.5,7620.5,7620.0,7620.5,3325.0,yahoo
EICHERMOT,5m,2026-09-04T14:00:00+05:30,7620.0,7622.0,7620.0,7620.5,4374.0,yahoo
EICHERMOT,5m,2026-09-04T14:05:00+05:30,7621.5,7628.0,7615.0,7615.0,9704.0,yahoo
EICHERMOT,5m,2026-09-04T14:10:00+05:30,7615.5,7617.0,7609.5,7609.5,3805.0,yahoo
EICHERMOT,5m,2026-09-04T14:15:00+05:30,7610.0,7624.0,7608.0,7623.5,11825.0,yahoo
EICHERMOT,5m,2026-09-04T14:20:00+05:30,7622.0,7631.0,7620.0,7626.0,16652.0,yahoo
EICHERMOT,5m,2026-09-04T14:25:00+05:30,7626.0,7633.5,7625.5,7630.5,5074.0,yahoo
EICHERMOT,5m,2026-09-04T14:30:00+05:30,7629.0,7630.0,7624.5,7624.5,3223.0,yahoo
EICHERMOT,5m,2026-09-04T14:35:00+05:30,7625.0,7636.5,7625.0,7635.0,12489.0,yahoo
EICHERMOT,5m,2026-09-04T14:40:00+05:30,7635.0,7637.0,7635.0,7635.0,5065.0,yahoo
EICHERMOT,5m,2026-09-04T14:45:00+05:30,7635.0,7635.5,7631.5,7632.5,4363.0,yahoo
EICHERMOT,5m,2026-09-04T14:50:00+05:30,7634.0,7634.0,7619.5,7623.0,8081.0,yahoo
EICHERMOT,5m,2026-09-04T14:55:00+05:30,7623.0,7632.5,7621.0,7631.5,13282.0,yahoo
EICHERMOT,5m,2026-09-04T15:00:00+05:30,7632.0,7633.0,7622.5,7625.5,15299.0,yahoo
EICHERMOT,5m,2026-09-04T15:05:00+05:30,7625.5,7650.5,7625.5,7650.5,16428.0,yahoo
EICHERMOT,5m,2026-09-04T15:10:00+05:30,7650.0,7650.5,7639.5,7649.0,18303.0,yahoo
EICHERMOT,5m,2026-09-04T15:15:00+05:30,7654.5,7654.5,7630.5,7630.5,16831.0,yahoo
ETERNAL,5m,2026-09-04T09:15:00+05:30,325.29998779296875,327.5,325.29998779296875,326.3999938964844,0.0,yahoo
ETERNAL,5m,2026-09-04T09:20:00+05:30,326.45001220703125,326.5,325.6000061035156,325.70001220703125,371605.0,yahoo
ETERNAL,5m,2026-09-04T09:25:00+05:30,325.79998779296875,326.29998779296875,325.54998779296875,325.6499938964844,199067.0,yahoo
ETERNAL,5m,2026-09-04T09:30:00+05:30,325.8500061035156,326.8500061035156,325.70001220703125,326.45001220703125,239501.0,yahoo
ETERNAL,5m,2026-09-04T09:35:00+05:30,326.6000061035156,326.70001220703125,326.20001220703125,326.3999938964844,185128.0,yahoo
ETERNAL,5m,2026-09-04T09:40:00+05:30,326.3500061035156,327.20001220703125,326.3500061035156,326.6499938964844,241173.0,yahoo
ETERNAL,5m,2026-09-04T09:45:00+05:30,326.6000061035156,326.6499938964844,325.8500061035156,325.8500061035156,108434.0,yahoo
ETERNAL,5m,2026-09-04T09:50:00+05:30,325.8500061035156,326.54998779296875,325.8500061035156,326.3999938964844,150202.0,yahoo
ETERNAL,5m,2026-09-04T09:55:00+05:30,326.54998779296875,327.45001220703125,326.54998779296875,326.8999938964844,457802.0,yahoo
ETERNAL,5m,2026-09-04T10:00:00+05:30,327.0,327.20001220703125,326.6000061035156,326.70001220703125,162032.0,yahoo
ETERNAL,5m,2026-09-04T10:05:00+05:30,326.70001220703125,326.8500061035156,325.5,325.5,196556.0,yahoo
ETERNAL,5m,2026-09-04T10:10:00+05:30,325.6499938964844,325.95001220703125,325.29998779296875,325.29998779296875,137705.0,yahoo
ETERNAL,5m,2026-09-04T10:15:00+05:30,325.20001220703125,325.79998779296875,325.04998779296875,325.6499938964844,196785.0,yahoo
ETERNAL,5m,2026-09-04T10:20:00+05:30,325.70001220703125,326.0,325.0,325.1000061035156,250066.0,yahoo
ETERNAL,5m,2026-09-04T10:25:00+05:30,325.1000061035156,325.75,325.1000061035156,325.6499938964844,261340.0,yahoo
ETERNAL,5m,2026-09-04T10:30:00+05:30,325.6499938964844,325.75,325.1499938964844,325.25,162842.0,yahoo
ETERNAL,5m,2026-09-04T10:35:00+05:30,325.1499938964844,325.29998779296875,324.79998779296875,324.8999938964844,214238.0,yahoo
ETERNAL,5m,2026-09-04T10:40:00+05:30,325.04998779296875,325.20001220703125,324.8500061035156,325.0,163826.0,yahoo
ETERNAL,5m,2026-09-04T10:45:00+05:30,324.8999938964844,325.45001220703125,324.70001220703125,324.8500061035156,554329.0,yahoo
ETERNAL,5m,2026-09-04T10:50:00+05:30,324.95001220703125,325.1499938964844,324.8500061035156,324.95001220703125,85075.0,yahoo
ETERNAL,5m,2026-09-04T10:55:00+05:30,324.95001220703125,325.45001220703125,324.95001220703125,325.0,123842.0,yahoo
ETERNAL,5m,2026-09-04T11:00:00+05:30,324.95001220703125,325.0,324.54998779296875,324.70001220703125,78864.0,yahoo
ETERNAL,5m,2026-09-04T11:05:00+05:30,324.6499938964844,324.70001220703125,324.0,324.0,256350.0,yahoo
ETERNAL,5m,2026-09-04T11:10:00+05:30,324.0,324.45001220703125,324.0,324.25,103891.0,yahoo
ETERNAL,5m,2026-09-04T11:15:00+05:30,324.25,324.45001220703125,324.1000061035156,324.25,101335.0,yahoo
ETERNAL,5m,2026-09-04T11:20:00+05:30,324.29998779296875,324.79998779296875,324.25,324.70001220703125,73654.0,yahoo
ETERNAL,5m,2026-09-04T11:25:00+05:30,324.75,325.1000061035156,324.6499938964844,324.8999938964844,241059.0,yahoo
ETERNAL,5m,2026-09-04T11:30:00+05:30,324.95001220703125,324.95001220703125,324.29998779296875,324.3999938964844,118735.0,yahoo
ETERNAL,5m,2026-09-04T11:35:00+05:30,324.3500061035156,324.6000061035156,324.20001220703125,324.5,102138.0,yahoo
ETERNAL,5m,2026-09-04T11:40:00+05:30,324.45001220703125,324.6499938964844,324.3999938964844,324.5,151817.0,yahoo
ETERNAL,5m,2026-09-04T11:45:00+05:30,324.5,324.54998779296875,324.3999938964844,324.5,65722.0,yahoo
ETERNAL,5m,2026-09-04T11:50:00+05:30,324.45001220703125,324.6499938964844,324.29998779296875,324.3500061035156,107764.0,yahoo
ETERNAL,5m,2026-09-04T11:55:00+05:30,324.3500061035156,324.3500061035156,323.79998779296875,323.95001220703125,238149.0,yahoo
ETERNAL,5m,2026-09-04T12:00:00+05:30,323.95001220703125,323.95001220703125,323.1499938964844,323.1499938964844,168994.0,yahoo
ETERNAL,5m,2026-09-04T12:05:00+05:30,323.1499938964844,323.3500061035156,322.75,323.1000061035156,207223.0,yahoo
ETERNAL,5m,2026-09-04T12:10:00+05:30,323.1000061035156,323.6499938964844,323.0,323.6499938964844,112613.0,yahoo
ETERNAL,5m,2026-09-04T12:15:00+05:30,323.54998779296875,323.6499938964844,323.1000061035156,323.29998779296875,71580.0,yahoo
ETERNAL,5m,2026-09-04T12:20:00+05:30,323.25,323.45001220703125,323.0,323.3999938964844,86499.0,yahoo
ETERNAL,5m,2026-09-04T12:25:00+05:30,323.3999938964844,324.54998779296875,323.29998779296875,324.54998779296875,292749.0,yahoo
ETERNAL,5m,2026-09-04T12:30:00+05:30,324.54998779296875,324.6000061035156,323.95001220703125,324.04998779296875,564331.0,yahoo
ETERNAL,5m,2026-09-04T12:35:00+05:30,324.04998779296875,324.04998779296875,323.5,323.54998779296875,62456.0,yahoo
ETERNAL,5m,2026-09-04T12:40:00+05:30,323.5,323.5,322.79998779296875,323.20001220703125,173077.0,yahoo
ETERNAL,5m,2026-09-04T12:45:00+05:30,323.20001220703125,323.25,323.0,323.20001220703125,102534.0,yahoo
ETERNAL,5m,2026-09-04T12:50:00+05:30,323.20001220703125,323.45001220703125,323.0,323.20001220703125,107584.0,yahoo
ETERNAL,5m,2026-09-04T12:55:00+05:30,323.20001220703125,323.29998779296875,323.0,323.1000061035156,122210.0,yahoo
ETERNAL,5m,2026-09-04T13:00:00+05:30,323.1000061035156,323.3500061035156,323.1000061035156,323.1499938964844,80935.0,yahoo
ETERNAL,5m,2026-09-04T13:05:00+05:30,323.1000061035156,323.5,323.0,323.45001220703125,129497.0,yahoo
ETERNAL,5m,2026-09-04T13:10:00+05:30,323.29998779296875,323.6000061035156,323.0,323.04998779296875,829800.0,yahoo
ETERNAL,5m,2026-09-04T13:15:00+05:30,323.20001220703125,323.3500061035156,322.8999938964844,322.8999938964844,134714.0,yahoo
ETERNAL,5m,2026-09-04T13:20:00+05:30,322.8999938964844,323.0,322.79998779296875,322.95001220703125,124737.0,yahoo
ETERNAL,5m,2026-09-04T13:25:00+05:30,322.95001220703125,322.95001220703125,322.75,322.8500061035156,104326.0,yahoo
ETERNAL,5m,2026-09-04T13:30:00+05:30,322.8999938964844,322.95001220703125,322.6499938964844,322.70001220703125,154464.0,yahoo
ETERNAL,5m,2026-09-04T13:35:00+05:30,322.75,323.0,322.70001220703125,322.8500061035156,82260.0,yahoo
ETERNAL,5m,2026-09-04T13:40:00+05:30,322.8500061035156,322.8500061035156,322.6499938964844,322.79998779296875,98777.0,yahoo
ETERNAL,5m,2026-09-04T13:45:00+05:30,322.75,322.8999938964844,322.6499938964844,322.8500061035156,83603.0,yahoo
ETERNAL,5m,2026-09-04T13:50:00+05:30,322.79998779296875,322.8999938964844,322.29998779296875,322.6000061035156,194532.0,yahoo
ETERNAL,5m,2026-09-04T13:55:00+05:30,322.54998779296875,322.6000061035156,322.29998779296875,322.45001220703125,157099.0,yahoo
ETERNAL,5m,2026-09-04T14:00:00+05:30,322.45001220703125,322.54998779296875,322.1499938964844,322.45001220703125,117855.0,yahoo
ETERNAL,5m,2026-09-04T14:05:00+05:30,322.5,322.75,322.20001220703125,322.20001220703125,147739.0,yahoo
ETERNAL,5m,2026-09-04T14:10:00+05:30,322.1499938964844,322.3999938964844,322.1499938964844,322.25,180993.0,yahoo
ETERNAL,5m,2026-09-04T14:15:00+05:30,322.20001220703125,322.6000061035156,322.04998779296875,322.45001220703125,142962.0,yahoo
ETERNAL,5m,2026-09-04T14:20:00+05:30,322.5,322.70001220703125,322.3999938964844,322.6499938964844,181962.0,yahoo
ETERNAL,5m,2026-09-04T14:25:00+05:30,322.6499938964844,322.8999938964844,322.3500061035156,322.5,243752.0,yahoo
ETERNAL,5m,2026-09-04T14:30:00+05:30,322.6499938964844,323.0,322.20001220703125,322.45001220703125,334606.0,yahoo
ETERNAL,5m,2026-09-04T14:35:00+05:30,322.45001220703125,322.75,322.20001220703125,322.25,237500.0,yahoo
ETERNAL,5m,2026-09-04T14:40:00+05:30,322.20001220703125,322.25,321.6000061035156,321.70001220703125,409771.0,yahoo
ETERNAL,5m,2026-09-04T14:45:00+05:30,321.6000061035156,321.8500061035156,321.5,321.79998779296875,312361.0,yahoo
ETERNAL,5m,2026-09-04T14:50:00+05:30,321.75,321.8500061035156,321.54998779296875,321.79998779296875,504815.0,yahoo
ETERNAL,5m,2026-09-04T14:55:00+05:30,321.8500061035156,321.8500061035156,321.54998779296875,321.75,632512.0,yahoo
ETERNAL,5m,2026-09-04T15:00:00+05:30,321.70001220703125,321.8999938964844,321.3999938964844,321.5,611818.0,yahoo
ETERNAL,5m,2026-09-04T15:05:00+05:30,321.45001220703125,321.5,321.04998779296875,321.04998779296875,918823.0,yahoo
ETERNAL,5m,2026-09-04T15:10:00+05:30,320.95001220703125,322.45001220703125,320.8500061035156,322.45001220703125,1278866.0,yahoo
ETERNAL,5m,2026-09-04T15:15:00+05:30,322.1499938964844,322.75,322.1499938964844,322.75,560172.0,yahoo
GODFRYPHLP,5m,2026-09-04T09:15:00+05:30,2049.10009765625,2059.60009765625,2049.10009765625,2053.5,0.0,yahoo
GODFRYPHLP,5m,2026-09-04T09:20:00+05:30,2053.5,2057.39990234375,2053.5,2056.0,2825.0,yahoo
GODFRYPHLP,5m,2026-09-04T09:25:00+05:30,2055.5,2056.800048828125,2052.5,2053.60009765625,1422.0,yahoo
GODFRYPHLP,5m,2026-09-04T09:30:00+05:30,2054.10009765625,2056.0,2049.39990234375,2050.800048828125,1811.0,yahoo
GODFRYPHLP,5m,2026-09-04T09:35:00+05:30,2048.10009765625,2049.800048828125,2046.4000244140625,2049.699951171875,2281.0,yahoo
GODFRYPHLP,5m,2026-09-04T09:40:00+05:30,2050.0,2055.89990234375,2050.0,2052.89990234375,3294.0,yahoo
GODFRYPHLP,5m,2026-09-04T09:45:00+05:30,2053.0,2061.39990234375,2052.800048828125,2061.0,5149.0,yahoo
GODFRYPHLP,5m,2026-09-04T09:50:00+05:30,2061.0,2072.89990234375,2060.300048828125,2065.0,8688.0,yahoo
GODFRYPHLP,5m,2026-09-04T09:55:00+05:30,2065.0,2066.39990234375,2063.10009765625,2064.300048828125,1751.0,yahoo
GODFRYPHLP,5m,2026-09-04T10:00:00+05:30,2064.0,2064.800048828125,2062.89990234375,2064.0,341.0,yahoo
GODFRYPHLP,5m,2026-09-04T10:05:00+05:30,2064.0,2064.0,2061.0,2063.0,3208.0,yahoo
GODFRYPHLP,5m,2026-09-04T10:10:00+05:30,2063.39990234375,2064.0,2060.800048828125,2063.800048828125,969.0,yahoo
GODFRYPHLP,5m,2026-09-04T10:15:00+05:30,2063.0,2067.0,2062.10009765625,2066.89990234375,1125.0,yahoo
GODFRYPHLP,5m,2026-09-04T10:20:00+05:30,2066.10009765625,2067.199951171875,2065.199951171875,2066.89990234375,639.0,yahoo
GODFRYPHLP,5m,2026-09-04T10:25:00+05:30,2067.10009765625,2068.300048828125,2065.10009765625,2067.39990234375,782.0,yahoo
GODFRYPHLP,5m,2026-09-04T10:30:00+05:30,2067.39990234375,2067.89990234375,2065.699951171875,2066.0,237.0,yahoo
GODFRYPHLP,5m,2026-09-04T10:35:00+05:30,2066.0,2067.199951171875,2065.199951171875,2066.0,553.0,yahoo
GODFRYPHLP,5m,2026-09-04T10:40:00+05:30,2066.0,2066.0,2062.0,2063.0,1022.0,yahoo
GODFRYPHLP,5m,2026-09-04T10:45:00+05:30,2063.0,2063.0,2060.199951171875,2062.0,1426.0,yahoo
GODFRYPHLP,5m,2026-09-04T10:50:00+05:30,2062.10009765625,2064.0,2062.0,2062.699951171875,702.0,yahoo
GODFRYPHLP,5m,2026-09-04T10:55:00+05:30,2062.0,2064.0,2062.0,2062.199951171875,765.0,yahoo
GODFRYPHLP,5m,2026-09-04T11:00:00+05:30,2062.199951171875,2063.0,2057.39990234375,2057.89990234375,1093.0,yahoo
GODFRYPHLP,5m,2026-09-04T11:05:00+05:30,2057.0,2057.300048828125,2054.800048828125,2055.10009765625,1135.0,yahoo
GODFRYPHLP,5m,2026-09-04T11:10:00+05:30,2056.0,2057.300048828125,2055.199951171875,2056.39990234375,647.0,yahoo
GODFRYPHLP,5m,2026-09-04T11:15:00+05:30,2055.0,2056.39990234375,2055.0,2055.300048828125,401.0,yahoo
GODFRYPHLP,5m,2026-09-04T11:20:00+05:30,2055.5,2058.699951171875,2055.10009765625,2058.699951171875,416.0,yahoo
GODFRYPHLP,5m,2026-09-04T11:25:00+05:30,2059.0,2062.199951171875,2059.0,2061.800048828125,590.0,yahoo
GODFRYPHLP,5m,2026-09-04T11:30:00+05:30,2063.0,2064.0,2059.0,2059.0,465.0,yahoo
GODFRYPHLP,5m,2026-09-04T11:35:00+05:30,2059.0,2069.89990234375,2059.0,2066.89990234375,2076.0,yahoo
GODFRYPHLP,5m,2026-09-04T11:40:00+05:30,2066.89990234375,2066.89990234375,2062.39990234375,2065.699951171875,747.0,yahoo
GODFRYPHLP,5m,2026-09-04T11:45:00+05:30,2063.89990234375,2066.0,2063.89990234375,2065.10009765625,510.0,yahoo
GODFRYPHLP,5m,2026-09-04T11:50:00+05:30,2065.800048828125,2066.0,2064.89990234375,2065.800048828125,599.0,yahoo
GODFRYPHLP,5m,2026-09-04T11:55:00+05:30,2064.89990234375,2065.10009765625,2059.5,2062.5,1778.0,yahoo
GODFRYPHLP,5m,2026-09-04T12:00:00+05:30,2061.199951171875,2062.5,2058.800048828125,2059.89990234375,642.0,yahoo
GODFRYPHLP,5m,2026-09-04T12:05:00+05:30,2061.0,2061.0,2057.0,2057.0,506.0,yahoo
GODFRYPHLP,5m,2026-09-04T12:10:00+05:30,2057.5,2058.800048828125,2057.300048828125,2057.60009765625,342.0,yahoo
GODFRYPHLP,5m,2026-09-04T12:15:00+05:30,2058.0,2058.800048828125,2057.0,2057.699951171875,265.0,yahoo
GODFRYPHLP,5m,2026-09-04T12:20:00+05:30,2057.0,2058.199951171875,2056.10009765625,2056.10009765625,1282.0,yahoo
GODFRYPHLP,5m,2026-09-04T12:25:00+05:30,2056.39990234375,2057.5,2055.0,2057.0,495.0,yahoo
GODFRYPHLP,5m,2026-09-04T12:30:00+05:30,2055.60009765625,2056.800048828125,2055.5,2056.300048828125,138.0,yahoo
GODFRYPHLP,5m,2026-09-04T12:35:00+05:30,2055.5,2056.699951171875,2055.5,2056.300048828125,193.0,yahoo
GODFRYPHLP,5m,2026-09-04T12:40:00+05:30,2056.300048828125,2056.39990234375,2050.39990234375,2052.199951171875,2435.0,yahoo
GODFRYPHLP,5m,2026-09-04T12:45:00+05:30,2051.300048828125,2051.89990234375,2049.10009765625,2051.39990234375,1444.0,yahoo
GODFRYPHLP,5m,2026-09-04T12:50:00+05:30,2051.39990234375,2051.89990234375,2050.39990234375,2051.0,636.0,yahoo
GODFRYPHLP,5m,2026-09-04T12:55:00+05:30,2050.39990234375,2050.39990234375,2047.0,2047.9000244140625,1020.0,yahoo
GODFRYPHLP,5m,2026-09-04T13:00:00+05:30,2047.800048828125,2050.0,2047.800048828125,2050.0,484.0,yahoo
GODFRYPHLP,5m,2026-09-04T13:05:00+05:30,2050.39990234375,2050.800048828125,2049.0,2049.89990234375,270.0,yahoo
GODFRYPHLP,5m,2026-09-04T13:10:00+05:30,2049.89990234375,2051.0,2049.10009765625,2051.0,189.0,yahoo
GODFRYPHLP,5m,2026-09-04T13:15:00+05:30,2050.89990234375,2051.0,2050.0,2050.0,99.0,yahoo
GODFRYPHLP,5m,2026-09-04T13:20:00+05:30,2049.0,2050.89990234375,2049.0,2050.699951171875,828.0,yahoo
GODFRYPHLP,5m,2026-09-04T13:25:00+05:30,2050.89990234375,2050.89990234375,2048.39990234375,2049.0,285.0,yahoo
GODFRYPHLP,5m,2026-09-04T13:30:00+05:30,2049.0,2049.0,2046.0999755859375,2047.5,591.0,yahoo
GODFRYPHLP,5m,2026-09-04T13:35:00+05:30,2047.5,2047.5,2046.0999755859375,2046.0999755859375,517.0,yahoo
GODFRYPHLP,5m,2026-09-04T13:40:00+05:30,2045.300048828125,2046.0999755859375,2045.0,2046.0,867.0,yahoo
GODFRYPHLP,5m,2026-09-04T13:45:00+05:30,2046.0,2049.0,2044.0,2049.0,2279.0,yahoo
GODFRYPHLP,5m,2026-09-04T13:50:00+05:30,2048.0,2049.0,2047.0,2047.800048828125,338.0,yahoo
GODFRYPHLP,5m,2026-09-04T13:55:00+05:30,2047.9000244140625,2048.0,2047.0,2047.9000244140625,192.0,yahoo
GODFRYPHLP,5m,2026-09-04T14:00:00+05:30,2048.0,2048.0,2045.0,2046.699951171875,1035.0,yahoo
GODFRYPHLP,5m,2026-09-04T14:05:00+05:30,2047.300048828125,2049.10009765625,2047.300048828125,2048.5,256.0,yahoo
GODFRYPHLP,5m,2026-09-04T14:10:00+05:30,2048.699951171875,2049.0,2046.800048828125,2046.800048828125,632.0,yahoo
GODFRYPHLP,5m,2026-09-04T14:15:00+05:30,2048.0,2048.0,2043.5,2044.800048828125,1436.0,yahoo
GODFRYPHLP,5m,2026-09-04T14:20:00+05:30,2044.800048828125,2046.699951171875,2044.800048828125,2046.199951171875,540.0,yahoo
GODFRYPHLP,5m,2026-09-04T14:25:00+05:30,2046.199951171875,2047.0,2045.0,2046.0999755859375,413.0,yahoo
GODFRYPHLP,5m,2026-09-04T14:30:00+05:30,2046.199951171875,2047.699951171875,2045.9000244140625,2047.0,345.0,yahoo
GODFRYPHLP,5m,2026-09-04T14:35:00+05:30,2046.699951171875,2047.0,2045.0999755859375,2045.800048828125,272.0,yahoo
GODFRYPHLP,5m,2026-09-04T14:40:00+05:30,2045.0,2046.4000244140625,2045.0,2045.0,886.0,yahoo
GODFRYPHLP,5m,2026-09-04T14:45:00+05:30,2045.9000244140625,2046.0,2044.0,2045.0,543.0,yahoo
GODFRYPHLP,5m,2026-09-04T14:50:00+05:30,2046.4000244140625,2048.89990234375,2045.0999755859375,2048.89990234375,2627.0,yahoo
GODFRYPHLP,5m,2026-09-04T14:55:00+05:30,2048.5,2048.5,2046.9000244140625,2047.0,726.0,yahoo
GODFRYPHLP,5m,2026-09-04T15:00:00+05:30,2046.9000244140625,2047.699951171875,2046.5999755859375,2047.699951171875,1021.0,yahoo
GODFRYPHLP,5m,2026-09-04T15:05:00+05:30,2047.4000244140625,2048.89990234375,2042.699951171875,2046.699951171875,7937.0,yahoo
GODFRYPHLP,5m,2026-09-04T15:10:00+05:30,2046.0,2051.0,2043.0,2051.0,4595.0,yahoo
GRASIM,5m,2026-09-04T09:15:00+05:30,3313.199951171875,3313.199951171875,3274.199951171875,3277.10009765625,0.0,yahoo
GRASIM,5m,2026-09-04T09:20:00+05:30,3278.300048828125,3287.89990234375,3271.60009765625,3286.0,16991.0,yahoo
GRASIM,5m,2026-09-04T09:25:00+05:30,3287.0,3298.699951171875,3287.0,3295.5,24222.0,yahoo
GRASIM,5m,2026-09-04T09:30:00+05:30,3295.0,3309.0,3295.0,3305.800048828125,12401.0,yahoo
GRASIM,5m,2026-09-04T09:35:00+05:30,3304.300048828125,3321.5,3304.10009765625,3317.0,12819.0,yahoo
GRASIM,5m,2026-09-04T09:40:00+05:30,3318.39990234375,3323.39990234375,3315.0,3319.300048828125,16697.0,yahoo
GRASIM,5m,2026-09-04T09:45:00+05:30,3319.300048828125,3322.39990234375,3319.300048828125,3321.0,8257.0,yahoo
GRASIM,5m,2026-09-04T09:50:00+05:30,3320.60009765625,3324.199951171875,3315.5,3321.300048828125,20620.0,yahoo
GRASIM,5m,2026-09-04T09:55:00+05:30,3322.699951171875,3322.699951171875,3313.39990234375,3316.0,9991.0,yahoo
GRASIM,5m,2026-09-04T10:00:00+05:30,3316.0,3319.800048828125,3315.10009765625,3315.300048828125,5369.0,yahoo
GRASIM,5m,2026-09-04T10:05:00+05:30,3316.800048828125,3317.10009765625,3311.39990234375,3311.5,9045.0,yahoo
GRASIM,5m,2026-09-04T10:10:00+05:30,3311.699951171875,3320.0,3311.39990234375,3317.800048828125,16988.0,yahoo
GRASIM,5m,2026-09-04T10:15:00+05:30,3317.800048828125,3320.0,3312.60009765625,3312.60009765625,9874.0,yahoo
GRASIM,5m,2026-09-04T10:20:00+05:30,3313.89990234375,3317.800048828125,3312.60009765625,3315.5,4293.0,yahoo
GRASIM,5m,2026-09-04T10:25:00+05:30,3315.300048828125,3320.5,3315.300048828125,3318.39990234375,6143.0,yahoo
GRASIM,5m,2026-09-04T10:30:00+05:30,3318.5,3325.89990234375,3316.0,3325.89990234375,51665.0,yahoo
GRASIM,5m,2026-09-04T10:35:00+05:30,3326.0,3329.0,3324.60009765625,3325.39990234375,11785.0,yahoo
GRASIM,5m,2026-09-04T10:40:00+05:30,3326.89990234375,3327.10009765625,3323.10009765625,3323.39990234375,4230.0,yahoo
GRASIM,5m,2026-09-04T10:45:00+05:30,3324.699951171875,3332.60009765625,3322.699951171875,3329.89990234375,9051.0,yahoo
GRASIM,5m,2026-09-04T10:50:00+05:30,3329.5,3331.199951171875,3324.89990234375,3326.800048828125,5977.0,yahoo
GRASIM,5m,2026-09-04T10:55:00+05:30,3327.0,3327.199951171875,3323.300048828125,3323.300048828125,3841.0,yahoo
GRASIM,5m,2026-09-04T11:00:00+05:30,3323.300048828125,3327.39990234375,3323.10009765625,3326.300048828125,6033.0,yahoo
GRASIM,5m,2026-09-04T11:05:00+05:30,3327.10009765625,3327.10009765625,3323.699951171875,3325.0,4944.0,yahoo
GRASIM,5m,2026-09-04T11:10:00+05:30,3325.10009765625,3325.5,3323.10009765625,3323.10009765625,3859.0,yahoo
GRASIM,5m,2026-09-04T11:15:00+05:30,3323.60009765625,3325.0,3322.0,3324.300048828125,6910.0,yahoo
GRASIM,5m,2026-09-04T11:20:00+05:30,3324.300048828125,3326.800048828125,3323.199951171875,3323.800048828125,4567.0,yahoo
GRASIM,5m,2026-09-04T11:25:00+05:30,3323.800048828125,3324.800048828125,3322.5,3323.60009765625,3107.0,yahoo
GRASIM,5m,2026-09-04T11:30:00+05:30,3323.60009765625,3325.60009765625,3323.0,3324.39990234375,3414.0,yahoo
GRASIM,5m,2026-09-04T11:35:00+05:30,3325.800048828125,3326.800048828125,3324.0,3325.0,5961.0,yahoo
GRASIM,5m,2026-09-04T11:40:00+05:30,3325.699951171875,3328.0,3322.5,3323.10009765625,7969.0,yahoo
GRASIM,5m,2026-09-04T11:45:00+05:30,3323.10009765625,3325.60009765625,3322.0,3323.699951171875,8375.0,yahoo
GRASIM,5m,2026-09-04T11:50:00+05:30,3325.10009765625,3325.5,3323.0,3325.10009765625,11231.0,yahoo
GRASIM,5m,2026-09-04T11:55:00+05:30,3325.10009765625,3325.199951171875,3321.0,3321.0,11821.0,yahoo
GRASIM,5m,2026-09-04T12:00:00+05:30,3322.0,3322.10009765625,3319.0,3319.0,13866.0,yahoo
GRASIM,5m,2026-09-04T12:05:00+05:30,3319.5,3320.800048828125,3317.0,3317.0,19093.0,yahoo
GRASIM,5m,2026-09-04T12:10:00+05:30,3317.800048828125,3317.800048828125,3311.0,3311.0,38373.0,yahoo
GRASIM,5m,2026-09-04T12:15:00+05:30,3311.89990234375,3315.199951171875,3310.0,3310.800048828125,10478.0,yahoo
GRASIM,5m,2026-09-04T12:20:00+05:30,3310.0,3311.39990234375,3309.0,3309.0,5388.0,yahoo
GRASIM,5m,2026-09-04T12:25:00+05:30,3309.0,3309.39990234375,3308.0,3308.39990234375,5868.0,yahoo
GRASIM,5m,2026-09-04T12:30:00+05:30,3308.39990234375,3313.60009765625,3308.0,3311.10009765625,6635.0,yahoo
GRASIM,5m,2026-09-04T12:35:00+05:30,3313.10009765625,3313.300048828125,3308.10009765625,3308.5,10339.0,yahoo
GRASIM,5m,2026-09-04T12:40:00+05:30,3308.5,3311.39990234375,3308.0,3308.0,8123.0,yahoo
GRASIM,5m,2026-09-04T12:45:00+05:30,3308.60009765625,3309.800048828125,3308.0,3308.39990234375,5393.0,yahoo
GRASIM,5m,2026-09-04T12:50:00+05:30,3309.199951171875,3311.60009765625,3308.0,3310.199951171875,4895.0,yahoo
GRASIM,5m,2026-09-04T12:55:00+05:30,3311.39990234375,3313.5,3309.5,3309.800048828125,4325.0,yahoo
GRASIM,5m,2026-09-04T13:00:00+05:30,3310.800048828125,3311.300048828125,3309.39990234375,3309.800048828125,4852.0,yahoo
GRASIM,5m,2026-09-04T13:05:00+05:30,3310.60009765625,3315.39990234375,3309.699951171875,3313.800048828125,5422.0,yahoo
GRASIM,5m,2026-09-04T13:10:00+05:30,3313.800048828125,3317.89990234375,3312.699951171875,3315.39990234375,5536.0,yahoo
GRASIM,5m,2026-09-04T13:15:00+05:30,3316.39990234375,3326.89990234375,3315.39990234375,3321.39990234375,13143.0,yahoo
GRASIM,5m,2026-09-04T13:20:00+05:30,3322.10009765625,3323.39990234375,3319.800048828125,3321.800048828125,5128.0,yahoo
GRASIM,5m,2026-09-04T13:25:00+05:30,3323.300048828125,3326.89990234375,3321.60009765625,3325.0,29955.0,yahoo
GRASIM,5m,2026-09-04T13:30:00+05:30,3325.0,3325.0,3320.199951171875,3320.300048828125,4608.0,yahoo
GRASIM,5m,2026-09-04T13:35:00+05:30,3320.300048828125,3321.39990234375,3318.699951171875,3319.10009765625,6414.0,yahoo
GRASIM,5m,2026-09-04T13:40:00+05:30,3320.5,3320.60009765625,3315.60009765625,3316.60009765625,7058.0,yahoo
GRASIM,5m,2026-09-04T13:45:00+05:30,3317.800048828125,3318.60009765625,3314.89990234375,3315.0,5252.0,yahoo
GRASIM,5m,2026-09-04T13:50:00+05:30,3315.89990234375,3315.89990234375,3311.0,3312.39990234375,4474.0,yahoo
GRASIM,5m,2026-09-04T13:55:00+05:30,3313.5,3316.300048828125,3312.10009765625,3316.10009765625,5605.0,yahoo
GRASIM,5m,2026-09-04T14:00:00+05:30,3316.300048828125,3318.0,3314.89990234375,3314.89990234375,4964.0,yahoo
GRASIM,5m,2026-09-04T14:05:00+05:30,3316.39990234375,3319.89990234375,3314.800048828125,3317.39990234375,26893.0,yahoo
GRASIM,5m,2026-09-04T14:10:00+05:30,3317.199951171875,3317.39990234375,3314.39990234375,3314.800048828125,3719.0,yahoo
GRASIM,5m,2026-09-04T14:15:00+05:30,3315.5,3315.5,3314.699951171875,3314.800048828125,3651.0,yahoo
GRASIM,5m,2026-09-04T14:20:00+05:30,3315.60009765625,3316.60009765625,3315.0,3315.5,4425.0,yahoo
GRASIM,5m,2026-09-04T14:25:00+05:30,3315.5,3316.60009765625,3314.60009765625,3314.699951171875,6160.0,yahoo
GRASIM,5m,2026-09-04T14:30:00+05:30,3315.699951171875,3321.0,3314.699951171875,3321.0,12415.0,yahoo
GRASIM,5m,2026-09-04T14:35:00+05:30,3322.800048828125,3324.60009765625,3320.199951171875,3320.39990234375,15738.0,yahoo
GRASIM,5m,2026-09-04T14:40:00+05:30,3320.699951171875,3321.300048828125,3318.0,3319.0,16813.0,yahoo
GRASIM,5m,2026-09-04T14:45:00+05:30,3319.60009765625,3321.5,3318.199951171875,3320.0,12367.0,yahoo
GRASIM,5m,2026-09-04T14:50:00+05:30,3320.89990234375,3324.60009765625,3319.60009765625,3322.10009765625,26057.0,yahoo
GRASIM,5m,2026-09-04T14:55:00+05:30,3323.300048828125,3323.300048828125,3318.39990234375,3319.199951171875,18722.0,yahoo
GRASIM,5m,2026-09-04T15:00:00+05:30,3320.0,3322.800048828125,3318.10009765625,3321.5,31934.0,yahoo
GRASIM,5m,2026-09-04T15:05:00+05:30,3321.5,3324.800048828125,3317.5,3319.199951171875,38900.0,yahoo
GRASIM,5m,2026-09-04T15:10:00+05:30,3319.0,3322.0,3317.0,3322.0,79869.0,yahoo
HCLTECH,5m,2026-09-04T09:15:00+05:30,1324.9000244140625,1331.4000244140625,1323.199951171875,1325.0,0.0,yahoo
HCLTECH,5m,2026-09-04T09:20:00+05:30,1325.0,1326.5,1317.699951171875,1318.5,59222.0,yahoo
HCLTECH,5m,2026-09-04T09:25:00+05:30,1318.5999755859375,1322.199951171875,1317.0,1319.699951171875,65369.0,yahoo
HCLTECH,5m,2026-09-04T09:30:00+05:30,1319.5,1319.699951171875,1316.0,1316.0,41277.0,yahoo
HCLTECH,5m,2026-09-04T09:35:00+05:30,1315.199951171875,1315.199951171875,1312.300048828125,1312.5999755859375,45908.0,yahoo
HCLTECH,5m,2026-09-04T09:40:00+05:30,1313.0999755859375,1315.0,1313.0,1314.699951171875,16663.0,yahoo
HCLTECH,5m,2026-09-04T09:45:00+05:30,1315.0,1315.5999755859375,1313.0999755859375,1313.4000244140625,17676.0,yahoo
HCLTECH,5m,2026-09-04T09:50:00+05:30,1313.199951171875,1313.800048828125,1311.4000244140625,1313.5999755859375,20328.0,yahoo
HCLTECH,5m,2026-09-04T09:55:00+05:30,1313.5999755859375,1315.199951171875,1312.800048828125,1312.800048828125,23712.0,yahoo
HCLTECH,5m,2026-09-04T10:00:00+05:30,1313.0,1315.0,1312.5,1314.9000244140625,19583.0,yahoo
HCLTECH,5m,2026-09-04T10:05:00+05:30,1314.800048828125,1314.800048828125,1312.5,1314.300048828125,19292.0,yahoo
HCLTECH,5m,2026-09-04T10:10:00+05:30,1314.5999755859375,1314.699951171875,1313.5,1313.9000244140625,7528.0,yahoo
HCLTECH,5m,2026-09-04T10:15:00+05:30,1314.0,1315.4000244140625,1313.5999755859375,1314.5999755859375,7876.0,yahoo
HCLTECH,5m,2026-09-04T10:20:00+05:30,1315.0,1315.5,1313.5,1313.9000244140625,7217.0,yahoo
HCLTECH,5m,2026-09-04T10:25:00+05:30,1313.9000244140625,1314.699951171875,1312.4000244140625,1314.0,23748.0,yahoo
HCLTECH,5m,2026-09-04T10:30:00+05:30,1314.0,1314.800048828125,1313.5999755859375,1314.0,8934.0,yahoo
HCLTECH,5m,2026-09-04T10:35:00+05:30,1314.0,1314.300048828125,1311.5,1312.0,20463.0,yahoo
HCLTECH,5m,2026-09-04T10:40:00+05:30,1312.0,1312.0,1306.800048828125,1309.0,90883.0,yahoo
HCLTECH,5m,2026-09-04T10:45:00+05:30,1309.199951171875,1310.0999755859375,1308.0,1309.300048828125,11083.0,yahoo
HCLTECH,5m,2026-09-04T10:50:00+05:30,1309.300048828125,1310.5,1308.699951171875,1310.199951171875,8048.0,yahoo
HCLTECH,5m,2026-09-04T10:55:00+05:30,1310.699951171875,1311.199951171875,1310.0,1310.4000244140625,11489.0,yahoo
HCLTECH,5m,2026-09-04T11:00:00+05:30,1310.9000244140625,1311.9000244140625,1308.800048828125,1311.699951171875,18474.0,yahoo
HCLTECH,5m,2026-09-04T11:05:00+05:30,1311.699951171875,1314.300048828125,1311.4000244140625,1312.4000244140625,26050.0,yahoo
HCLTECH,5m,2026-09-04T11:10:00+05:30,1312.800048828125,1313.699951171875,1312.300048828125,1313.300048828125,15647.0,yahoo
HCLTECH,5m,2026-09-04T11:15:00+05:30,1312.699951171875,1314.9000244140625,1312.5999755859375,1314.0999755859375,33037.0,yahoo
HCLTECH,5m,2026-09-04T11:20:00+05:30,1313.5999755859375,1314.4000244140625,1311.9000244140625,1311.9000244140625,22976.0,yahoo
HCLTECH,5m,2026-09-04T11:25:00+05:30,1311.9000244140625,1312.699951171875,1311.199951171875,1311.699951171875,11001.0,yahoo
HCLTECH,5m,2026-09-04T11:30:00+05:30,1312.300048828125,1313.0,1311.9000244140625,1312.4000244140625,4880.0,yahoo
HCLTECH,5m,2026-09-04T11:35:00+05:30,1312.4000244140625,1313.0,1311.699951171875,1311.699951171875,10452.0,yahoo
HCLTECH,5m,2026-09-04T11:40:00+05:30,1311.5999755859375,1312.9000244140625,1311.0999755859375,1312.4000244140625,5319.0,yahoo
HCLTECH,5m,2026-09-04T11:45:00+05:30,1312.800048828125,1312.800048828125,1311.4000244140625,1311.5,5532.0,yahoo
HCLTECH,5m,2026-09-04T11:50:00+05:30,1311.5999755859375,1312.699951171875,1311.5,1312.199951171875,5450.0,yahoo
HCLTECH,5m,2026-09-04T11:55:00+05:30,1312.300048828125,1312.300048828125,1308.4000244140625,1309.5,22387.0,yahoo
HCLTECH,5m,2026-09-04T12:00:00+05:30,1308.9000244140625,1310.199951171875,1308.5999755859375,1308.5999755859375,14707.0,yahoo
HCLTECH,5m,2026-09-04T12:05:00+05:30,1308.9000244140625,1309.199951171875,1308.0999755859375,1308.0999755859375,5833.0,yahoo
HCLTECH,5m,2026-09-04T12:10:00+05:30,1308.5999755859375,1310.0,1308.0999755859375,1309.0,12867.0,yahoo
HCLTECH,5m,2026-09-04T12:15:00+05:30,1308.9000244140625,1308.9000244140625,1307.0,1307.0,15136.0,yahoo
HCLTECH,5m,2026-09-04T12:20:00+05:30,1307.0,1307.800048828125,1306.0,1306.199951171875,13215.0,yahoo
HCLTECH,5m,2026-09-04T12:25:00+05:30,1305.9000244140625,1306.199951171875,1304.699951171875,1304.699951171875,15997.0,yahoo
HCLTECH,5m,2026-09-04T12:30:00+05:30,1304.699951171875,1305.0,1302.5999755859375,1303.0999755859375,18616.0,yahoo
HCLTECH,5m,2026-09-04T12:35:00+05:30,1303.4000244140625,1303.800048828125,1302.699951171875,1303.4000244140625,12360.0,yahoo
HCLTECH,5m,2026-09-04T12:40:00+05:30,1303.0,1304.699951171875,1303.0,1303.9000244140625,9167.0,yahoo
HCLTECH,5m,2026-09-04T12:45:00+05:30,1304.0,1304.0,1303.0,1303.199951171875,8991.0,yahoo
HCLTECH,5m,2026-09-04T12:50:00+05:30,1303.4000244140625,1304.300048828125,1303.0999755859375,1303.300048828125,10024.0,yahoo
HCLTECH,5m,2026-09-04T12:55:00+05:30,1303.699951171875,1304.4000244140625,1303.0999755859375,1304.0,5243.0,yahoo
HCLTECH,5m,2026-09-04T13:00:00+05:30,1304.0,1304.9000244140625,1303.5999755859375,1304.800048828125,5192.0,yahoo
HCLTECH,5m,2026-09-04T13:05:00+05:30,1304.9000244140625,1305.199951171875,1304.0,1304.0,8143.0,yahoo
HCLTECH,5m,2026-09-04T13:10:00+05:30,1304.5,1305.199951171875,1302.5,1303.0,18782.0,yahoo
HCLTECH,5m,2026-09-04T13:15:00+05:30,1303.4000244140625,1303.9000244140625,1301.800048828125,1302.0999755859375,30819.0,yahoo
HCLTECH,5m,2026-09-04T13:20:00+05:30,1302.199951171875,1302.9000244140625,1301.0999755859375,1301.5,25788.0,yahoo
HCLTECH,5m,2026-09-04T13:25:00+05:30,1301.5,1301.800048828125,1300.9000244140625,1301.4000244140625,14015.0,yahoo
HCLTECH,5m,2026-09-04T13:30:00+05:30,1301.4000244140625,1301.4000244140625,1299.199951171875,1299.699951171875,45365.0,yahoo
HCLTECH,5m,2026-09-04T13:35:00+05:30,1299.5999755859375,1300.4000244140625,1299.5,1300.0,12477.0,yahoo
HCLTECH,5m,2026-09-04T13:40:00+05:30,1300.0,1300.699951171875,1299.5,1300.0999755859375,13204.0,yahoo
HCLTECH,5m,2026-09-04T13:45:00+05:30,1300.199951171875,1301.0,1299.4000244140625,1299.9000244140625,14754.0,yahoo
HCLTECH,5m,2026-09-04T13:50:00+05:30,1299.699951171875,1300.300048828125,1299.0999755859375,1299.199951171875,18762.0,yahoo
HCLTECH,5m,2026-09-04T13:55:00+05:30,1299.4000244140625,1300.0,1298.0,1299.300048828125,31765.0,yahoo
HCLTECH,5m,2026-09-04T14:00:00+05:30,1299.5,1300.0,1299.0,1299.300048828125,21509.0,yahoo
HCLTECH,5m,2026-09-04T14:05:00+05:30,1299.5999755859375,1299.9000244140625,1298.800048828125,1299.0999755859375,23080.0,yahoo
HCLTECH,5m,2026-09-04T14:10:00+05:30,1299.300048828125,1300.0999755859375,1298.5999755859375,1298.800048828125,18692.0,yahoo
HCLTECH,5m,2026-09-04T14:15:00+05:30,1298.800048828125,1299.9000244140625,1298.5999755859375,1298.699951171875,20345.0,yahoo
HCLTECH,5m,2026-09-04T14:20:00+05:30,1299.0999755859375,1299.800048828125,1298.699951171875,1299.800048828125,17086.0,yahoo
HCLTECH,5m,2026-09-04T14:25:00+05:30,1299.699951171875,1300.5,1298.4000244140625,1298.4000244140625,32774.0,yahoo
HCLTECH,5m,2026-09-04T14:30:00+05:30,1298.9000244140625,1300.300048828125,1298.5999755859375,1299.0,31659.0,yahoo
HCLTECH,5m,2026-09-04T14:35:00+05:30,1298.699951171875,1299.5999755859375,1297.5999755859375,1299.4000244140625,51872.0,yahoo
HCLTECH,5m,2026-09-04T14:40:00+05:30,1298.9000244140625,1299.5999755859375,1296.9000244140625,1297.0,69080.0,yahoo
HCLTECH,5m,2026-09-04T14:45:00+05:30,1297.0,1298.5,1297.0,1298.199951171875,36153.0,yahoo
HCLTECH,5m,2026-09-04T14:50:00+05:30,1298.5,1299.300048828125,1297.5999755859375,1299.199951171875,60926.0,yahoo
HCLTECH,5m,2026-09-04T14:55:00+05:30,1299.300048828125,1299.5,1297.9000244140625,1298.9000244140625,70270.0,yahoo
HCLTECH,5m,2026-09-04T15:00:00+05:30,1298.9000244140625,1298.9000244140625,1293.300048828125,1293.300048828125,129059.0,yahoo
HCLTECH,5m,2026-09-04T15:05:00+05:30,1293.199951171875,1296.0,1292.199951171875,1294.199951171875,125112.0,yahoo
HCLTECH,5m,2026-09-04T15:10:00+05:30,1294.199951171875,1294.199951171875,1291.4000244140625,1293.5999755859375,128314.0,yahoo
HCLTECH,5m,2026-09-04T15:15:00+05:30,1293.4000244140625,1293.4000244140625,1293.4000244140625,1293.4000244140625,150455.0,yahoo
HDFCBANK,5m,2026-09-04T09:15:00+05:30,710.0,711.8499755859375,710.0,711.2999877929688,0.0,yahoo
HDFCBANK,5m,2026-09-04T09:20:00+05:30,711.2999877929688,711.5,710.8499755859375,711.5,295646.0,yahoo
HDFCBANK,5m,2026-09-04T09:25:00+05:30,711.7000122070312,711.7999877929688,709.3499755859375,710.0499877929688,332853.0,yahoo
HDFCBANK,5m,2026-09-04T09:30:00+05:30,710.0499877929688,710.2000122070312,708.6500244140625,709.5,239269.0,yahoo
HDFCBANK,5m,2026-09-04T09:35:00+05:30,709.4000244140625,709.7999877929688,708.9000244140625,709.75,282983.0,yahoo
HDFCBANK,5m,2026-09-04T09:40:00+05:30,709.5499877929688,710.0,709.3499755859375,709.7999877929688,189213.0,yahoo
HDFCBANK,5m,2026-09-04T09:45:00+05:30,709.8499755859375,710.5,709.3499755859375,709.6500244140625,178164.0,yahoo
HDFCBANK,5m,2026-09-04T09:50:00+05:30,709.6500244140625,710.5,709.6500244140625,710.4000244140625,128973.0,yahoo
HDFCBANK,5m,2026-09-04T09:55:00+05:30,710.4000244140625,711.2999877929688,710.3499755859375,710.75,164053.0,yahoo
HDFCBANK,5m,2026-09-04T10:00:00+05:30,710.75,711.0,710.5499877929688,710.6500244140625,78341.0,yahoo
HDFCBANK,5m,2026-09-04T10:05:00+05:30,710.5499877929688,710.75,710.2999877929688,710.5,74215.0,yahoo
HDFCBANK,5m,2026-09-04T10:10:00+05:30,710.6500244140625,710.6500244140625,710.25,710.4000244140625,113767.0,yahoo
HDFCBANK,5m,2026-09-04T10:15:00+05:30,710.4000244140625,710.7999877929688,710.0999755859375,710.5,76124.0,yahoo
HDFCBANK,5m,2026-09-04T10:20:00+05:30,710.5,710.9000244140625,710.4000244140625,710.8499755859375,82679.0,yahoo
HDFCBANK,5m,2026-09-04T10:25:00+05:30,710.8499755859375,711.3499755859375,710.7999877929688,711.3499755859375,156676.0,yahoo
HDFCBANK,5m,2026-09-04T10:30:00+05:30,711.5999755859375,711.9500122070312,711.25,711.4000244140625,122528.0,yahoo
HDFCBANK,5m,2026-09-04T10:35:00+05:30,711.4000244140625,711.4000244140625,711.0,711.0499877929688,58467.0,yahoo
HDFCBANK,5m,2026-09-04T10:40:00+05:30,711.0999755859375,711.25,711.0,711.0999755859375,111697.0,yahoo
HDFCBANK,5m,2026-09-04T10:45:00+05:30,711.0999755859375,711.25,711.0499877929688,711.1500244140625,78160.0,yahoo
HDFCBANK,5m,2026-09-04T10:50:00+05:30,711.2000122070312,711.7999877929688,711.0999755859375,711.7999877929688,132873.0,yahoo
HDFCBANK,5m,2026-09-04T10:55:00+05:30,711.7999877929688,712.4000244140625,711.5999755859375,712.1500244140625,379501.0,yahoo
HDFCBANK,5m,2026-09-04T11:00:00+05:30,712.25,713.0,712.0999755859375,712.7000122070312,382361.0,yahoo
HDFCBANK,5m,2026-09-04T11:05:00+05:30,712.8499755859375,714.0,712.5,713.6500244140625,269645.0,yahoo
HDFCBANK,5m,2026-09-04T11:10:00+05:30,713.6500244140625,714.5999755859375,712.9500122070312,713.0,228989.0,yahoo
HDFCBANK,5m,2026-09-04T11:15:00+05:30,712.9500122070312,713.75,712.75,713.4000244140625,112088.0,yahoo
HDFCBANK,5m,2026-09-04T11:20:00+05:30,713.4000244140625,714.8499755859375,713.2000122070312,714.2000122070312,978171.0,yahoo
HDFCBANK,5m,2026-09-04T11:25:00+05:30,714.2000122070312,715.0,714.0499877929688,714.3499755859375,227349.0,yahoo
HDFCBANK,5m,2026-09-04T11:30:00+05:30,714.3499755859375,714.4000244140625,714.0,714.0999755859375,137233.0,yahoo
HDFCBANK,5m,2026-09-04T11:35:00+05:30,714.1500244140625,715.9000244140625,713.7000122070312,715.8499755859375,460528.0,yahoo
HDFCBANK,5m,2026-09-04T11:40:00+05:30,715.9000244140625,716.1500244140625,714.2000122070312,714.2000122070312,266171.0,yahoo
HDFCBANK,5m,2026-09-04T11:45:00+05:30,714.2999877929688,715.0,714.2999877929688,714.9500122070312,118045.0,yahoo
HDFCBANK,5m,2026-09-04T11:50:00+05:30,714.7999877929688,715.7000122070312,714.7999877929688,715.1500244140625,135322.0,yahoo
HDFCBANK,5m,2026-09-04T11:55:00+05:30,715.2999877929688,715.3499755859375,715.0,715.2999877929688,119856.0,yahoo
HDFCBANK,5m,2026-09-04T12:00:00+05:30,715.0499877929688,715.25,714.3499755859375,714.5,136369.0,yahoo
HDFCBANK,5m,2026-09-04T12:05:00+05:30,714.4500122070312,714.9500122070312,714.2000122070312,714.9000244140625,176621.0,yahoo
HDFCBANK,5m,2026-09-04T12:10:00+05:30,714.9000244140625,715.25,714.4000244140625,714.75,121016.0,yahoo
HDFCBANK,5m,2026-09-04T12:15:00+05:30,714.7000122070312,715.2000122070312,714.4000244140625,715.0999755859375,114151.0,yahoo
HDFCBANK,5m,2026-09-04T12:20:00+05:30,715.0999755859375,715.2000122070312,715.0,715.0,116188.0,yahoo
HDFCBANK,5m,2026-09-04T12:25:00+05:30,715.0499877929688,715.5999755859375,714.9000244140625,715.5499877929688,201871.0,yahoo
HDFCBANK,5m,2026-09-04T12:30:00+05:30,715.5499877929688,715.5499877929688,715.0,715.0499877929688,118918.0,yahoo
HDFCBANK,5m,2026-09-04T12:35:00+05:30,715.0499877929688,715.0999755859375,714.9000244140625,715.0,128215.0,yahoo
HDFCBANK,5m,2026-09-04T12:40:00+05:30,715.0499877929688,715.1500244140625,715.0,715.0499877929688,58570.0,yahoo
HDFCBANK,5m,2026-09-04T12:45:00+05:30,715.0499877929688,715.4500122070312,714.8499755859375,715.25,143531.0,yahoo
HDFCBANK,5m,2026-09-04T12:50:00+05:30,715.4500122070312,715.7000122070312,715.1500244140625,715.7000122070312,65138.0,yahoo
HDFCBANK,5m,2026-09-04T12:55:00+05:30,715.6500244140625,715.6500244140625,715.0,715.5999755859375,91274.0,yahoo
HDFCBANK,5m,2026-09-04T13:00:00+05:30,715.5499877929688,715.7000122070312,715.2000122070312,715.25,99788.0,yahoo
HDFCBANK,5m,2026-09-04T13:05:00+05:30,715.3499755859375,715.5999755859375,715.0999755859375,715.5999755859375,89791.0,yahoo
HDFCBANK,5m,2026-09-04T13:10:00+05:30,715.5999755859375,715.7000122070312,715.25,715.5,48172.0,yahoo
HDFCBANK,5m,2026-09-04T13:15:00+05:30,715.5,716.5,715.25,716.0,248734.0,yahoo
HDFCBANK,5m,2026-09-04T13:20:00+05:30,716.0499877929688,716.0499877929688,715.4500122070312,715.8499755859375,97211.0,yahoo
HDFCBANK,5m,2026-09-04T13:25:00+05:30,715.7999877929688,715.9500122070312,715.0499877929688,715.2999877929688,85393.0,yahoo
HDFCBANK,5m,2026-09-04T13:30:00+05:30,715.2999877929688,715.2999877929688,714.7999877929688,715.0,107952.0,yahoo
HDFCBANK,5m,2026-09-04T13:35:00+05:30,715.0,715.0999755859375,714.7999877929688,715.0999755859375,69874.0,yahoo
HDFCBANK,5m,2026-09-04T13:40:00+05:30,715.0999755859375,715.9000244140625,714.7999877929688,715.25,451768.0,yahoo
HDFCBANK,5m,2026-09-04T13:45:00+05:30,715.0999755859375,715.25,715.0,715.0499877929688,109851.0,yahoo
HDFCBANK,5m,2026-09-04T13:50:00+05:30,715.0499877929688,715.0999755859375,714.1500244140625,714.9500122070312,243598.0,yahoo
HDFCBANK,5m,2026-09-04T13:55:00+05:30,714.9500122070312,715.0999755859375,714.75,715.0,107431.0,yahoo
HDFCBANK,5m,2026-09-04T14:00:00+05:30,715.0,715.2000122070312,715.0,715.0,43583.0,yahoo
HDFCBANK,5m,2026-09-04T14:05:00+05:30,715.0999755859375,715.2000122070312,715.0,715.0499877929688,79156.0,yahoo
HDFCBANK,5m,2026-09-04T14:10:00+05:30,715.0999755859375,715.7999877929688,715.0499877929688,715.5,241473.0,yahoo
HDFCBANK,5m,2026-09-04T14:15:00+05:30,715.4500122070312,715.5,715.0,715.0,74496.0,yahoo
HDFCBANK,5m,2026-09-04T14:20:00+05:30,715.0999755859375,716.0499877929688,715.0999755859375,715.4000244140625,256433.0,yahoo
HDFCBANK,5m,2026-09-04T14:25:00+05:30,715.4500122070312,715.9000244140625,715.2000122070312,715.75,134481.0,yahoo
HDFCBANK,5m,2026-09-04T14:30:00+05:30,715.7999877929688,716.0,715.5,715.6500244140625,125966.0,yahoo
HDFCBANK,5m,2026-09-04T14:35:00+05:30,715.6500244140625,715.6500244140625,715.0499877929688,715.2000122070312,125009.0,yahoo
HDFCBANK,5m,2026-09-04T14:40:00+05:30,715.2000122070312,715.5,715.0999755859375,715.3499755859375,75667.0,yahoo
HDFCBANK,5m,2026-09-04T14:45:00+05:30,715.4000244140625,715.4500122070312,715.0499877929688,715.3499755859375,93263.0,yahoo
HDFCBANK,5m,2026-09-04T14:50:00+05:30,715.3499755859375,715.7000122070312,715.0999755859375,715.0999755859375,261091.0,yahoo
HDFCBANK,5m,2026-09-04T14:55:00+05:30,715.0999755859375,715.0999755859375,714.2999877929688,714.8499755859375,294660.0,yahoo
HDFCBANK,5m,2026-09-04T15:00:00+05:30,714.8499755859375,715.5499877929688,714.75,715.2999877929688,288424.0,yahoo
HDFCBANK,5m,2026-09-04T15:05:00+05:30,715.25,715.5,715.0,715.1500244140625,341858.0,yahoo
HDFCBANK,5m,2026-09-04T15:10:00+05:30,715.1500244140625,715.25,714.25,715.0,620368.0,yahoo
HDFCBANK,5m,2026-09-04T15:15:00+05:30,714.8499755859375,714.8499755859375,712.0999755859375,712.0999755859375,896294.0,yahoo
HDFCLIFE,5m,2026-09-04T09:15:00+05:30,534.9000244140625,540.25,533.9000244140625,538.1500244140625,0.0,yahoo
HDFCLIFE,5m,2026-09-04T09:20:00+05:30,538.4000244140625,538.4000244140625,536.1500244140625,536.9000244140625,33538.0,yahoo
HDFCLIFE,5m,2026-09-04T09:25:00+05:30,536.4000244140625,538.4000244140625,536.1500244140625,536.4500122070312,126441.0,yahoo
HDFCLIFE,5m,2026-09-04T09:30:00+05:30,536.6500244140625,537.5999755859375,536.0,536.75,84412.0,yahoo
HDFCLIFE,5m,2026-09-04T09:35:00+05:30,536.75,536.75,536.2000122070312,536.2999877929688,13132.0,yahoo
HDFCLIFE,5m,2026-09-04T09:40:00+05:30,536.2999877929688,537.2000122070312,536.0999755859375,536.7999877929688,70892.0,yahoo
HDFCLIFE,5m,2026-09-04T09:45:00+05:30,536.7999877929688,539.0999755859375,536.7999877929688,539.0999755859375,410784.0,yahoo
HDFCLIFE,5m,2026-09-04T09:50:00+05:30,538.9000244140625,540.0999755859375,538.25,538.25,474325.0,yahoo
HDFCLIFE,5m,2026-09-04T09:55:00+05:30,538.2999877929688,542.3499755859375,537.7000122070312,541.8499755859375,368046.0,yahoo
HDFCLIFE,5m,2026-09-04T10:00:00+05:30,542.2000122070312,547.7999877929688,541.0999755859375,547.0999755859375,735974.0,yahoo
HDFCLIFE,5m,2026-09-04T10:05:00+05:30,546.9500122070312,547.7000122070312,544.1500244140625,544.1500244140625,200598.0,yahoo
HDFCLIFE,5m,2026-09-04T10:10:00+05:30,544.4000244140625,544.5,542.8499755859375,543.75,57812.0,yahoo
HDFCLIFE,5m,2026-09-04T10:15:00+05:30,543.75,544.75,543.75,544.7000122070312,34778.0,yahoo
HDFCLIFE,5m,2026-09-04T10:20:00+05:30,544.75,545.75,544.7000122070312,545.2000122070312,76592.0,yahoo
HDFCLIFE,5m,2026-09-04T10:25:00+05:30,545.4000244140625,547.0999755859375,545.25,547.0999755859375,77558.0,yahoo
HDFCLIFE,5m,2026-09-04T10:30:00+05:30,547.0,547.7999877929688,545.7000122070312,546.4500122070312,126878.0,yahoo
HDFCLIFE,5m,2026-09-04T10:35:00+05:30,546.6500244140625,547.0499877929688,546.1500244140625,546.6500244140625,35558.0,yahoo
HDFCLIFE,5m,2026-09-04T10:40:00+05:30,546.4000244140625,547.0499877929688,546.25,546.4000244140625,42052.0,yahoo
HDFCLIFE,5m,2026-09-04T10:45:00+05:30,546.25,546.7000122070312,544.9000244140625,545.25,40564.0,yahoo
HDFCLIFE,5m,2026-09-04T10:50:00+05:30,545.25,546.9000244140625,544.5999755859375,544.7999877929688,59000.0,yahoo
HDFCLIFE,5m,2026-09-04T10:55:00+05:30,545.0999755859375,546.0,544.7999877929688,545.1500244140625,19781.0,yahoo
HDFCLIFE,5m,2026-09-04T11:00:00+05:30,544.9000244140625,545.2999877929688,543.5499877929688,544.0499877929688,49627.0,yahoo
HDFCLIFE,5m,2026-09-04T11:05:00+05:30,544.25,544.7000122070312,544.0499877929688,544.3499755859375,7097.0,yahoo
HDFCLIFE,5m,2026-09-04T11:10:00+05:30,544.3499755859375,544.3499755859375,543.7999877929688,544.2999877929688,24926.0,yahoo
HDFCLIFE,5m,2026-09-04T11:15:00+05:30,544.2999877929688,544.6500244140625,544.0999755859375,544.6500244140625,10396.0,yahoo
HDFCLIFE,5m,2026-09-04T11:20:00+05:30,544.5,544.9500122070312,544.2000122070312,544.2999877929688,8467.0,yahoo
HDFCLIFE,5m,2026-09-04T11:25:00+05:30,544.5,545.4500122070312,544.2999877929688,544.9500122070312,28220.0,yahoo
HDFCLIFE,5m,2026-09-04T11:30:00+05:30,544.9500122070312,547.4500122070312,544.9500122070312,547.2999877929688,101352.0,yahoo
HDFCLIFE,5m,2026-09-04T11:35:00+05:30,547.2999877929688,547.8499755859375,546.0,546.7000122070312,64829.0,yahoo
HDFCLIFE,5m,2026-09-04T11:40:00+05:30,546.75,547.0,545.6500244140625,546.4000244140625,290059.0,yahoo
HDFCLIFE,5m,2026-09-04T11:45:00+05:30,546.4000244140625,548.0,546.2999877929688,546.7999877929688,157140.0,yahoo
HDFCLIFE,5m,2026-09-04T11:50:00+05:30,547.0,547.7999877929688,547.0,547.25,29538.0,yahoo
HDFCLIFE,5m,2026-09-04T11:55:00+05:30,547.25,547.4000244140625,546.5499877929688,547.4000244140625,17533.0,yahoo
HDFCLIFE,5m,2026-09-04T12:00:00+05:30,547.3499755859375,547.5,546.7999877929688,547.0,13902.0,yahoo
HDFCLIFE,5m,2026-09-04T12:05:00+05:30,547.1500244140625,547.7000122070312,546.1500244140625,546.1500244140625,35319.0,yahoo
HDFCLIFE,5m,2026-09-04T12:10:00+05:30,546.0,546.5,545.8499755859375,546.5,12221.0,yahoo
HDFCLIFE,5m,2026-09-04T12:15:00+05:30,546.5,546.5999755859375,545.7000122070312,546.0,22702.0,yahoo
HDFCLIFE,5m,2026-09-04T12:20:00+05:30,545.8499755859375,545.8499755859375,544.5999755859375,545.4500122070312,41212.0,yahoo
HDFCLIFE,5m,2026-09-04T12:25:00+05:30,545.2000122070312,545.75,544.6500244140625,545.2000122070312,20983.0,yahoo
HDFCLIFE,5m,2026-09-04T12:30:00+05:30,545.3499755859375,546.0,544.75,544.75,14192.0,yahoo
HDFCLIFE,5m,2026-09-04T12:35:00+05:30,544.9500122070312,545.0,543.7000122070312,544.4000244140625,14679.0,yahoo
HDFCLIFE,5m,2026-09-04T12:40:00+05:30,544.5,544.6500244140625,543.4500122070312,543.4500122070312,17235.0,yahoo
HDFCLIFE,5m,2026-09-04T12:45:00+05:30,543.4000244140625,543.7999877929688,542.5499877929688,542.5499877929688,20980.0,yahoo
HDFCLIFE,5m,2026-09-04T12:50:00+05:30,542.75,543.25,542.5999755859375,543.1500244140625,12188.0,yahoo
HDFCLIFE,5m,2026-09-04T12:55:00+05:30,543.2999877929688,543.3499755859375,542.2000122070312,543.0,26552.0,yahoo
HDFCLIFE,5m,2026-09-04T13:00:00+05:30,543.2000122070312,543.25,542.2999877929688,542.9500122070312,7423.0,yahoo
HDFCLIFE,5m,2026-09-04T13:05:00+05:30,542.9500122070312,543.6500244140625,542.7999877929688,543.4000244140625,6013.0,yahoo
HDFCLIFE,5m,2026-09-04T13:10:00+05:30,543.4000244140625,543.9500122070312,543.2000122070312,543.6500244140625,9995.0,yahoo
HDFCLIFE,5m,2026-09-04T13:15:00+05:30,543.7999877929688,544.4000244140625,543.0499877929688,543.2999877929688,27779.0,yahoo
HDFCLIFE,5m,2026-09-04T13:20:00+05:30,543.3499755859375,543.9500122070312,543.0499877929688,543.7000122070312,24297.0,yahoo
HDFCLIFE,5m,2026-09-04T13:25:00+05:30,543.7000122070312,543.75,543.0,543.5499877929688,3277.0,yahoo
HDFCLIFE,5m,2026-09-04T13:30:00+05:30,543.3499755859375,544.0,543.3499755859375,544.0,41553.0,yahoo
HDFCLIFE,5m,2026-09-04T13:35:00+05:30,544.0,544.2000122070312,543.8499755859375,544.2000122070312,12935.0,yahoo
HDFCLIFE,5m,2026-09-04T13:40:00+05:30,544.0499877929688,544.7000122070312,543.8499755859375,544.0999755859375,32480.0,yahoo
HDFCLIFE,5m,2026-09-04T13:45:00+05:30,544.25,546.5999755859375,544.0999755859375,546.5999755859375,236215.0,yahoo
HDFCLIFE,5m,2026-09-04T13:50:00+05:30,546.4000244140625,546.4000244140625,545.25,545.2999877929688,144471.0,yahoo
HDFCLIFE,5m,2026-09-04T13:55:00+05:30,545.5,545.5,544.7999877929688,545.2999877929688,29813.0,yahoo
HDFCLIFE,5m,2026-09-04T14:00:00+05:30,545.25,545.3499755859375,544.3499755859375,544.4500122070312,23412.0,yahoo
HDFCLIFE,5m,2026-09-04T14:05:00+05:30,544.6500244140625,544.9000244140625,544.2000122070312,544.25,33153.0,yahoo
HDFCLIFE,5m,2026-09-04T14:10:00+05:30,544.4000244140625,544.4000244140625,543.2999877929688,543.9500122070312,34285.0,yahoo
HDFCLIFE,5m,2026-09-04T14:15:00+05:30,544.0999755859375,544.0999755859375,543.2000122070312,543.7000122070312,14609.0,yahoo
HDFCLIFE,5m,2026-09-04T14:20:00+05:30,543.7000122070312,543.75,543.2999877929688,543.7000122070312,10315.0,yahoo
HDFCLIFE,5m,2026-09-04T14:25:00+05:30,543.5499877929688,544.2999877929688,543.5499877929688,544.2999877929688,23882.0,yahoo
HDFCLIFE,5m,2026-09-04T14:30:00+05:30,544.2999877929688,544.8499755859375,543.5499877929688,544.8499755859375,74315.0,yahoo
HDFCLIFE,5m,2026-09-04T14:35:00+05:30,544.75,545.5999755859375,544.4500122070312,544.7999877929688,234183.0,yahoo
HDFCLIFE,5m,2026-09-04T14:40:00+05:30,545.0,545.25,544.7000122070312,544.9000244140625,62772.0,yahoo
HDFCLIFE,5m,2026-09-04T14:45:00+05:30,544.7999877929688,545.25,544.4500122070312,545.0999755859375,44441.0,yahoo
HDFCLIFE,5m,2026-09-04T14:50:00+05:30,545.0,545.9000244140625,545.0,545.7999877929688,55140.0,yahoo
HDFCLIFE,5m,2026-09-04T14:55:00+05:30,545.7999877929688,545.9500122070312,545.5,545.7999877929688,38668.0,yahoo
HDFCLIFE,5m,2026-09-04T15:00:00+05:30,545.7999877929688,545.8499755859375,545.1500244140625,545.5,69651.0,yahoo
HDFCLIFE,5m,2026-09-04T15:05:00+05:30,545.3499755859375,546.1500244140625,545.1500244140625,545.5499877929688,145759.0,yahoo
HDFCLIFE,5m,2026-09-04T15:10:00+05:30,545.9000244140625,546.2000122070312,544.0499877929688,544.0499877929688,130778.0,yahoo
HDFCLIFE,5m,2026-09-04T15:15:00+05:30,544.0,546.4000244140625,544.0,546.4000244140625,44514.0,yahoo
HEROMOTOCO,5m,2026-09-04T09:15:00+05:30,5303.0,5303.0,5279.0,5291.5,0.0,yahoo
HEROMOTOCO,5m,2026-09-04T09:20:00+05:30,5296.5,5304.0,5283.5,5298.0,11460.0,yahoo
HEROMOTOCO,5m,2026-09-04T09:25:00+05:30,5300.5,5306.5,5298.0,5300.0,10047.0,yahoo
HEROMOTOCO,5m,2026-09-04T09:30:00+05:30,5305.0,5319.0,5305.0,5312.5,7160.0,yahoo
HEROMOTOCO,5m,2026-09-04T09:35:00+05:30,5312.5,5314.5,5305.0,5308.0,5546.0,yahoo
HEROMOTOCO,5m,2026-09-04T09:40:00+05:30,5310.0,5311.0,5305.0,5308.0,3908.0,yahoo
HEROMOTOCO,5m,2026-09-04T09:45:00+05:30,5308.0,5311.5,5293.5,5295.0,6082.0,yahoo
HEROMOTOCO,5m,2026-09-04T09:50:00+05:30,5295.5,5299.0,5292.0,5297.0,3092.0,yahoo
HEROMOTOCO,5m,2026-09-04T09:55:00+05:30,5295.5,5300.0,5292.5,5294.5,3374.0,yahoo
HEROMOTOCO,5m,2026-09-04T10:00:00+05:30,5295.0,5304.0,5295.0,5301.0,3587.0,yahoo
HEROMOTOCO,5m,2026-09-04T10:05:00+05:30,5299.0,5300.5,5288.0,5291.5,3332.0,yahoo
HEROMOTOCO,5m,2026-09-04T10:10:00+05:30,5290.5,5295.5,5287.0,5295.5,3511.0,yahoo
HEROMOTOCO,5m,2026-09-04T10:15:00+05:30,5295.5,5308.0,5293.5,5304.5,5302.0,yahoo
HEROMOTOCO,5m,2026-09-04T10:20:00+05:30,5305.0,5311.5,5305.0,5308.0,4150.0,yahoo
HEROMOTOCO,5m,2026-09-04T10:25:00+05:30,5309.0,5310.0,5304.0,5308.5,4625.0,yahoo
HEROMOTOCO,5m,2026-09-04T10:30:00+05:30,5309.0,5310.0,5304.5,5308.5,2663.0,yahoo
HEROMOTOCO,5m,2026-09-04T10:35:00+05:30,5308.5,5309.0,5301.5,5304.0,2462.0,yahoo
HEROMOTOCO,5m,2026-09-04T10:40:00+05:30,5303.5,5304.0,5284.0,5297.5,7486.0,yahoo
HEROMOTOCO,5m,2026-09-04T10:45:00+05:30,5297.5,5300.5,5293.0,5297.0,5474.0,yahoo
HEROMOTOCO,5m,2026-09-04T10:50:00+05:30,5298.5,5298.5,5294.5,5294.5,2351.0,yahoo
HEROMOTOCO,5m,2026-09-04T10:55:00+05:30,5294.5,5297.0,5291.5,5294.5,2345.0,yahoo
HEROMOTOCO,5m,2026-09-04T11:00:00+05:30,5293.0,5296.0,5285.5,5285.5,4816.0,yahoo
HEROMOTOCO,5m,2026-09-04T11:05:00+05:30,5286.0,5286.0,5280.5,5282.5,4485.0,yahoo
HEROMOTOCO,5m,2026-09-04T11:10:00+05:30,5282.0,5285.5,5278.5,5280.0,10132.0,yahoo
HEROMOTOCO,5m,2026-09-04T11:15:00+05:30,5280.0,5281.0,5272.0,5273.0,8809.0,yahoo
HEROMOTOCO,5m,2026-09-04T11:20:00+05:30,5273.5,5273.5,5260.0,5264.0,9847.0,yahoo
HEROMOTOCO,5m,2026-09-04T11:25:00+05:30,5264.5,5273.0,5262.5,5268.5,16284.0,yahoo
HEROMOTOCO,5m,2026-09-04T11:30:00+05:30,5267.0,5280.0,5267.0,5272.5,9271.0,yahoo
HEROMOTOCO,5m,2026-09-04T11:35:00+05:30,5272.5,5273.0,5266.5,5269.5,4154.0,yahoo
HEROMOTOCO,5m,2026-09-04T11:40:00+05:30,5270.0,5291.5,5269.5,5290.0,15560.0,yahoo
HEROMOTOCO,5m,2026-09-04T11:45:00+05:30,5287.0,5307.5,5280.5,5300.5,14038.0,yahoo
HEROMOTOCO,5m,2026-09-04T11:50:00+05:30,5302.0,5307.0,5299.5,5304.5,4748.0,yahoo
HEROMOTOCO,5m,2026-09-04T11:55:00+05:30,5305.0,5309.0,5300.5,5302.0,13711.0,yahoo
HEROMOTOCO,5m,2026-09-04T12:00:00+05:30,5302.0,5305.5,5300.5,5304.0,4058.0,yahoo
HEROMOTOCO,5m,2026-09-04T12:05:00+05:30,5304.0,5307.5,5300.5,5304.5,4619.0,yahoo
HEROMOTOCO,5m,2026-09-04T12:10:00+05:30,5303.5,5304.5,5300.0,5302.0,3382.0,yahoo
HEROMOTOCO,5m,2026-09-04T12:15:00+05:30,5302.5,5304.0,5300.5,5304.0,2895.0,yahoo
HEROMOTOCO,5m,2026-09-04T12:20:00+05:30,5304.0,5304.0,5290.5,5298.5,22230.0,yahoo
HEROMOTOCO,5m,2026-09-04T12:25:00+05:30,5298.5,5298.5,5289.5,5292.5,8298.0,yahoo
HEROMOTOCO,5m,2026-09-04T12:30:00+05:30,5290.0,5297.0,5290.0,5294.0,4515.0,yahoo
HEROMOTOCO,5m,2026-09-04T12:35:00+05:30,5291.0,5296.5,5281.0,5292.5,6619.0,yahoo
HEROMOTOCO,5m,2026-09-04T12:40:00+05:30,5293.0,5294.0,5285.5,5288.0,7629.0,yahoo
HEROMOTOCO,5m,2026-09-04T12:45:00+05:30,5290.0,5293.0,5288.0,5290.5,5020.0,yahoo
HEROMOTOCO,5m,2026-09-04T12:50:00+05:30,5290.5,5292.5,5286.5,5289.0,5087.0,yahoo
HEROMOTOCO,5m,2026-09-04T12:55:00+05:30,5289.5,5291.5,5286.0,5289.0,4580.0,yahoo
HEROMOTOCO,5m,2026-09-04T13:00:00+05:30,5287.5,5290.0,5275.5,5279.5,6442.0,yahoo
HEROMOTOCO,5m,2026-09-04T13:05:00+05:30,5282.0,5294.5,5276.5,5290.5,20622.0,yahoo
HEROMOTOCO,5m,2026-09-04T13:10:00+05:30,5290.5,5300.0,5289.5,5299.5,4172.0,yahoo
HEROMOTOCO,5m,2026-09-04T13:15:00+05:30,5299.5,5303.5,5297.5,5303.5,3820.0,yahoo
HEROMOTOCO,5m,2026-09-04T13:20:00+05:30,5303.0,5309.0,5303.0,5307.5,12093.0,yahoo
HEROMOTOCO,5m,2026-09-04T13:25:00+05:30,5309.0,5310.0,5306.5,5309.5,3333.0,yahoo
HEROMOTOCO,5m,2026-09-04T13:30:00+05:30,5309.0,5309.5,5306.0,5306.0,15795.0,yahoo
HEROMOTOCO,5m,2026-09-04T13:35:00+05:30,5306.0,5309.0,5304.0,5306.5,4798.0,yahoo
HEROMOTOCO,5m,2026-09-04T13:40:00+05:30,5307.0,5308.0,5301.5,5301.5,3040.0,yahoo
HEROMOTOCO,5m,2026-09-04T13:45:00+05:30,5303.0,5304.0,5300.0,5300.0,3954.0,yahoo
HEROMOTOCO,5m,2026-09-04T13:50:00+05:30,5300.0,5303.0,5296.0,5300.5,12030.0,yahoo
HEROMOTOCO,5m,2026-09-04T13:55:00+05:30,5301.0,5304.5,5300.5,5304.5,6759.0,yahoo
HEROMOTOCO,5m,2026-09-04T14:00:00+05:30,5303.0,5304.5,5301.0,5303.0,3155.0,yahoo
HEROMOTOCO,5m,2026-09-04T14:05:00+05:30,5303.0,5304.5,5300.0,5300.0,3708.0,yahoo
HEROMOTOCO,5m,2026-09-04T14:10:00+05:30,5298.0,5302.0,5296.5,5300.5,4276.0,yahoo
HEROMOTOCO,5m,2026-09-04T14:15:00+05:30,5300.0,5300.5,5300.0,5300.0,3915.0,yahoo
HEROMOTOCO,5m,2026-09-04T14:20:00+05:30,5300.0,5307.5,5300.0,5305.5,4446.0,yahoo
HEROMOTOCO,5m,2026-09-04T14:25:00+05:30,5305.0,5307.0,5303.0,5306.0,3971.0,yahoo
HEROMOTOCO,5m,2026-09-04T14:30:00+05:30,5305.5,5308.5,5304.5,5305.5,4527.0,yahoo
HEROMOTOCO,5m,2026-09-04T14:35:00+05:30,5305.5,5314.5,5302.0,5314.5,8149.0,yahoo
HEROMOTOCO,5m,2026-09-04T14:40:00+05:30,5311.5,5317.5,5311.5,5313.5,15399.0,yahoo
HEROMOTOCO,5m,2026-09-04T14:45:00+05:30,5314.5,5321.5,5311.0,5321.0,17095.0,yahoo
HEROMOTOCO,5m,2026-09-04T14:50:00+05:30,5315.0,5318.5,5315.0,5316.0,7496.0,yahoo
HEROMOTOCO,5m,2026-09-04T14:55:00+05:30,5316.5,5318.5,5310.0,5312.5,14977.0,yahoo
HEROMOTOCO,5m,2026-09-04T15:00:00+05:30,5311.0,5313.0,5302.0,5306.5,25828.0,yahoo
HEROMOTOCO,5m,2026-09-04T15:05:00+05:30,5307.0,5310.5,5301.0,5301.0,19917.0,yahoo
HEROMOTOCO,5m,2026-09-04T15:10:00+05:30,5302.0,5318.5,5301.0,5311.5,27885.0,yahoo
HEROMOTOCO,5m,2026-09-04T15:15:00+05:30,5304.5,5304.5,5300.0,5300.0,32334.0,yahoo
HINDALCO,5m,2026-09-04T09:15:00+05:30,1013.0999755859375,1013.0999755859375,1006.0999755859375,1007.5,0.0,yahoo
HINDALCO,5m,2026-09-04T09:20:00+05:30,1007.5,1009.5999755859375,1007.5,1008.9000244140625,39147.0,yahoo
HINDALCO,5m,2026-09-04T09:25:00+05:30,1008.9000244140625,1009.0999755859375,1006.5,1007.0999755859375,32848.0,yahoo
HINDALCO,5m,2026-09-04T09:30:00+05:30,1007.0999755859375,1008.5,1007.0999755859375,1008.2999877929688,18803.0,yahoo
HINDALCO,5m,2026-09-04T09:35:00+05:30,1008.2999877929688,1009.0,1007.9000244140625,1008.4000244140625,25103.0,yahoo
HINDALCO,5m,2026-09-04T09:40:00+05:30,1009.0,1010.0,1008.5,1009.4000244140625,26691.0,yahoo
HINDALCO,5m,2026-09-04T09:45:00+05:30,1009.5999755859375,1010.0,1008.7999877929688,1009.2000122070312,21615.0,yahoo
HINDALCO,5m,2026-09-04T09:50:00+05:30,1009.2000122070312,1010.7000122070312,1009.0,1009.5999755859375,13326.0,yahoo
HINDALCO,5m,2026-09-04T09:55:00+05:30,1009.5999755859375,1010.7000122070312,1008.7000122070312,1010.4000244140625,17786.0,yahoo
HINDALCO,5m,2026-09-04T10:00:00+05:30,1009.7999877929688,1011.5999755859375,1009.4000244140625,1010.2000122070312,42673.0,yahoo
HINDALCO,5m,2026-09-04T10:05:00+05:30,1010.2999877929688,1010.2999877929688,1008.5,1009.0,24303.0,yahoo
HINDALCO,5m,2026-09-04T10:10:00+05:30,1009.0,1009.2999877929688,1008.4000244140625,1009.0,14653.0,yahoo
HINDALCO,5m,2026-09-04T10:15:00+05:30,1009.0,1009.0,1008.0,1008.4000244140625,16285.0,yahoo
HINDALCO,5m,2026-09-04T10:20:00+05:30,1008.9000244140625,1009.5999755859375,1008.7000122070312,1008.7999877929688,15901.0,yahoo
HINDALCO,5m,2026-09-04T10:25:00+05:30,1009.0999755859375,1010.0,1008.7999877929688,1009.7999877929688,13444.0,yahoo
HINDALCO,5m,2026-09-04T10:30:00+05:30,1009.7999877929688,1009.7999877929688,1007.4000244140625,1008.0999755859375,31784.0,yahoo
HINDALCO,5m,2026-09-04T10:35:00+05:30,1007.9000244140625,1008.0,1007.4000244140625,1007.5,11825.0,yahoo
HINDALCO,5m,2026-09-04T10:40:00+05:30,1007.5999755859375,1008.0999755859375,1007.5999755859375,1008.0,14188.0,yahoo
HINDALCO,5m,2026-09-04T10:45:00+05:30,1008.0,1013.0,1007.4000244140625,1013.0,50416.0,yahoo
HINDALCO,5m,2026-09-04T10:50:00+05:30,1013.0999755859375,1013.4000244140625,1010.7000122070312,1011.5999755859375,40947.0,yahoo
HINDALCO,5m,2026-09-04T10:55:00+05:30,1011.5999755859375,1011.9000244140625,1010.0,1010.2999877929688,24250.0,yahoo
HINDALCO,5m,2026-09-04T11:00:00+05:30,1010.2999877929688,1010.7000122070312,1009.7999877929688,1010.7000122070312,20828.0,yahoo
HINDALCO,5m,2026-09-04T11:05:00+05:30,1010.7999877929688,1010.9000244140625,1009.7000122070312,1010.9000244140625,10942.0,yahoo
HINDALCO,5m,2026-09-04T11:10:00+05:30,1010.5999755859375,1012.2000122070312,1010.5,1011.4000244140625,21189.0,yahoo
HINDALCO,5m,2026-09-04T11:15:00+05:30,1011.4000244140625,1011.5,1009.2999877929688,1010.5,19884.0,yahoo
HINDALCO,5m,2026-09-04T11:20:00+05:30,1010.7000122070312,1011.2999877929688,1009.7000122070312,1009.7000122070312,11938.0,yahoo
HINDALCO,5m,2026-09-04T11:25:00+05:30,1010.2000122070312,1010.7999877929688,1009.2999877929688,1010.2999877929688,12018.0,yahoo
HINDALCO,5m,2026-09-04T11:30:00+05:30,1010.2999877929688,1010.5,1008.5999755859375,1009.5999755859375,19996.0,yahoo
HINDALCO,5m,2026-09-04T11:35:00+05:30,1009.5999755859375,1009.7000122070312,1008.9000244140625,1008.9000244140625,9259.0,yahoo
HINDALCO,5m,2026-09-04T11:40:00+05:30,1009.0999755859375,1010.9000244140625,1008.7999877929688,1010.5,16546.0,yahoo
HINDALCO,5m,2026-09-04T11:45:00+05:30,1010.7000122070312,1010.7000122070312,1009.4000244140625,1009.9000244140625,15282.0,yahoo
HINDALCO,5m,2026-09-04T11:50:00+05:30,1009.7999877929688,1010.0,1008.5,1009.0999755859375,16753.0,yahoo
HINDALCO,5m,2026-09-04T11:55:00+05:30,1009.0999755859375,1009.5,1008.7000122070312,1009.0999755859375,22083.0,yahoo
HINDALCO,5m,2026-09-04T12:00:00+05:30,1009.0,1009.0999755859375,1007.2999877929688,1007.7999877929688,25581.0,yahoo
HINDALCO,5m,2026-09-04T12:05:00+05:30,1007.2000122070312,1008.0,1006.7000122070312,1006.9000244140625,38852.0,yahoo
HINDALCO,5m,2026-09-04T12:10:00+05:30,1006.5,1006.5,1005.0999755859375,1006.2000122070312,56091.0,yahoo
HINDALCO,5m,2026-09-04T12:15:00+05:30,1006.0999755859375,1007.0,1005.9000244140625,1006.5999755859375,19507.0,yahoo
HINDALCO,5m,2026-09-04T12:20:00+05:30,1006.5999755859375,1006.9000244140625,1005.5,1006.5,22594.0,yahoo
HINDALCO,5m,2026-09-04T12:25:00+05:30,1006.4000244140625,1006.9000244140625,1005.7999877929688,1006.7999877929688,17163.0,yahoo
HINDALCO,5m,2026-09-04T12:30:00+05:30,1006.7999877929688,1007.5,1006.2000122070312,1006.7000122070312,19041.0,yahoo
HINDALCO,5m,2026-09-04T12:35:00+05:30,1006.7000122070312,1007.9000244140625,1006.4000244140625,1007.5999755859375,24917.0,yahoo
HINDALCO,5m,2026-09-04T12:40:00+05:30,1007.5999755859375,1008.5,1006.7999877929688,1008.0,19015.0,yahoo
HINDALCO,5m,2026-09-04T12:45:00+05:30,1008.2000122070312,1008.9000244140625,1007.7000122070312,1008.0,12535.0,yahoo
HINDALCO,5m,2026-09-04T12:50:00+05:30,1008.0,1008.5,1007.2000122070312,1007.7999877929688,24793.0,yahoo
HINDALCO,5m,2026-09-04T12:55:00+05:30,1007.9000244140625,1008.0,1007.2999877929688,1007.7000122070312,18071.0,yahoo
HINDALCO,5m,2026-09-04T13:00:00+05:30,1007.7000122070312,1009.2999877929688,1007.7000122070312,1008.5999755859375,27945.0,yahoo
HINDALCO,5m,2026-09-04T13:05:00+05:30,1008.5999755859375,1009.7000122070312,1008.0999755859375,1009.5,19919.0,yahoo
HINDALCO,5m,2026-09-04T13:10:00+05:30,1009.4000244140625,1011.5999755859375,1009.2999877929688,1010.5999755859375,42769.0,yahoo
HINDALCO,5m,2026-09-04T13:15:00+05:30,1010.4000244140625,1012.0,1010.2000122070312,1011.0,41586.0,yahoo
HINDALCO,5m,2026-09-04T13:20:00+05:30,1010.9000244140625,1013.4000244140625,1010.5,1012.7000122070312,182119.0,yahoo
HINDALCO,5m,2026-09-04T13:25:00+05:30,1012.5999755859375,1013.2999877929688,1010.0,1012.0,158030.0,yahoo
HINDALCO,5m,2026-09-04T13:30:00+05:30,1011.7999877929688,1012.2000122070312,1010.5999755859375,1011.4000244140625,26403.0,yahoo
HINDALCO,5m,2026-09-04T13:35:00+05:30,1011.7999877929688,1014.0,1011.4000244140625,1013.5,68464.0,yahoo
HINDALCO,5m,2026-09-04T13:40:00+05:30,1013.5,1015.2000122070312,1013.0999755859375,1014.2999877929688,107533.0,yahoo
HINDALCO,5m,2026-09-04T13:45:00+05:30,1014.7999877929688,1017.4000244140625,1014.5,1017.4000244140625,47469.0,yahoo
HINDALCO,5m,2026-09-04T13:50:00+05:30,1017.2999877929688,1018.0,1016.5999755859375,1017.5,78726.0,yahoo
HINDALCO,5m,2026-09-04T13:55:00+05:30,1017.4000244140625,1019.9000244140625,1016.7000122070312,1018.7000122070312,99825.0,yahoo
HINDALCO,5m,2026-09-04T14:00:00+05:30,1018.5999755859375,1019.9000244140625,1017.5,1019.0,100900.0,yahoo
HINDALCO,5m,2026-09-04T14:05:00+05:30,1019.0,1019.0,1016.7999877929688,1017.7999877929688,67588.0,yahoo
HINDALCO,5m,2026-09-04T14:10:00+05:30,1017.2999877929688,1018.7999877929688,1016.9000244140625,1018.7999877929688,58470.0,yahoo
HINDALCO,5m,2026-09-04T14:15:00+05:30,1018.7999877929688,1018.7999877929688,1017.9000244140625,1018.4000244140625,20268.0,yahoo
HINDALCO,5m,2026-09-04T14:20:00+05:30,1018.4000244140625,1019.2999877929688,1017.7999877929688,1018.9000244140625,42755.0,yahoo
HINDALCO,5m,2026-09-04T14:25:00+05:30,1019.0999755859375,1020.4000244140625,1018.7000122070312,1020.0999755859375,82642.0,yahoo
HINDALCO,5m,2026-09-04T14:30:00+05:30,1020.0,1020.2000122070312,1019.5,1020.0,97663.0,yahoo
HINDALCO,5m,2026-09-04T14:35:00+05:30,1019.9000244140625,1020.7999877929688,1016.9000244140625,1018.0999755859375,79851.0,yahoo
HINDALCO,5m,2026-09-04T14:40:00+05:30,1018.5999755859375,1018.5999755859375,1017.5,1018.0,146965.0,yahoo
HINDALCO,5m,2026-09-04T14:45:00+05:30,1017.9000244140625,1019.0999755859375,1017.0,1018.7999877929688,85833.0,yahoo
HINDALCO,5m,2026-09-04T14:50:00+05:30,1018.7999877929688,1019.4000244140625,1018.0,1019.2999877929688,124997.0,yahoo
HINDALCO,5m,2026-09-04T14:55:00+05:30,1019.4000244140625,1019.9000244140625,1018.4000244140625,1019.4000244140625,97329.0,yahoo
HINDALCO,5m,2026-09-04T15:00:00+05:30,1019.4000244140625,1020.0999755859375,1016.7000122070312,1018.0999755859375,201526.0,yahoo
HINDALCO,5m,2026-09-04T15:05:00+05:30,1017.5,1018.5999755859375,1016.5999755859375,1018.5999755859375,152272.0,yahoo
HINDALCO,5m,2026-09-04T15:10:00+05:30,1018.4000244140625,1019.2000122070312,1013.0999755859375,1014.7000122070312,185655.0,yahoo
HINDALCO,5m,2026-09-04T15:15:00+05:30,1016.9000244140625,1016.9000244140625,1011.0,1011.0,127904.0,yahoo
HINDPETRO,5m,2026-09-04T09:15:00+05:30,359.3500061035156,359.79998779296875,357.3500061035156,357.5,0.0,yahoo
HINDPETRO,5m,2026-09-04T09:20:00+05:30,357.3999938964844,357.5,356.79998779296875,356.79998779296875,107611.0,yahoo
HINDPETRO,5m,2026-09-04T09:25:00+05:30,357.0,357.1000061035156,356.1000061035156,356.1000061035156,174958.0,yahoo
HINDPETRO,5m,2026-09-04T09:30:00+05:30,356.1000061035156,357.04998779296875,356.0,357.0,59173.0,yahoo
HINDPETRO,5m,2026-09-04T09:35:00+05:30,357.0,357.3999938964844,356.8500061035156,357.3999938964844,38829.0,yahoo
HINDPETRO,5m,2026-09-04T09:40:00+05:30,357.3500061035156,357.5,357.20001220703125,357.29998779296875,31073.0,yahoo
HINDPETRO,5m,2026-09-04T09:45:00+05:30,357.29998779296875,357.70001220703125,357.29998779296875,357.54998779296875,39946.0,yahoo
HINDPETRO,5m,2026-09-04T09:50:00+05:30,357.54998779296875,358.0,357.45001220703125,357.8500061035156,38815.0,yahoo
HINDPETRO,5m,2026-09-04T09:55:00+05:30,357.8500061035156,357.8500061035156,357.54998779296875,357.8500061035156,33084.0,yahoo
HINDPETRO,5m,2026-09-04T10:00:00+05:30,357.8500061035156,358.1499938964844,357.79998779296875,358.1499938964844,46932.0,yahoo
HINDPETRO,5m,2026-09-04T10:05:00+05:30,358.1499938964844,358.20001220703125,358.0,358.1000061035156,31499.0,yahoo
HINDPETRO,5m,2026-09-04T10:10:00+05:30,358.1000061035156,358.20001220703125,357.75,358.1000061035156,33916.0,yahoo
HINDPETRO,5m,2026-09-04T10:15:00+05:30,357.8999938964844,357.8999938964844,357.3999938964844,357.70001220703125,47376.0,yahoo
HINDPETRO,5m,2026-09-04T10:20:00+05:30,357.70001220703125,358.04998779296875,357.5,357.95001220703125,24829.0,yahoo
HINDPETRO,5m,2026-09-04T10:25:00+05:30,357.95001220703125,358.04998779296875,357.5,357.79998779296875,27147.0,yahoo
HINDPETRO,5m,2026-09-04T10:30:00+05:30,357.79998779296875,358.1499938964844,357.6499938964844,357.8500061035156,32923.0,yahoo
HINDPETRO,5m,2026-09-04T10:35:00+05:30,358.0,358.0,357.54998779296875,357.75,21136.0,yahoo
HINDPETRO,5m,2026-09-04T10:40:00+05:30,357.75,357.79998779296875,357.3500061035156,357.5,26837.0,yahoo
HINDPETRO,5m,2026-09-04T10:45:00+05:30,357.5,357.5,357.20001220703125,357.45001220703125,22352.0,yahoo
HINDPETRO,5m,2026-09-04T10:50:00+05:30,357.45001220703125,357.5,357.1499938964844,357.1499938964844,25877.0,yahoo
HINDPETRO,5m,2026-09-04T10:55:00+05:30,357.3500061035156,357.79998779296875,357.20001220703125,357.70001220703125,34038.0,yahoo
HINDPETRO,5m,2026-09-04T11:00:00+05:30,357.45001220703125,357.70001220703125,357.29998779296875,357.5,36178.0,yahoo
HINDPETRO,5m,2026-09-04T11:05:00+05:30,357.54998779296875,357.6000061035156,357.20001220703125,357.25,21973.0,yahoo
HINDPETRO,5m,2026-09-04T11:10:00+05:30,357.45001220703125,357.45001220703125,357.1000061035156,357.1000061035156,23586.0,yahoo
HINDPETRO,5m,2026-09-04T11:15:00+05:30,357.29998779296875,357.54998779296875,357.0,357.3999938964844,26462.0,yahoo
HINDPETRO,5m,2026-09-04T11:20:00+05:30,357.3999938964844,357.79998779296875,357.20001220703125,357.3999938964844,29619.0,yahoo
HINDPETRO,5m,2026-09-04T11:25:00+05:30,357.54998779296875,357.75,357.3500061035156,357.45001220703125,22240.0,yahoo
HINDPETRO,5m,2026-09-04T11:30:00+05:30,357.54998779296875,357.6000061035156,357.25,357.3500061035156,23015.0,yahoo
HINDPETRO,5m,2026-09-04T11:35:00+05:30,357.5,357.70001220703125,357.1499938964844,357.5,25213.0,yahoo
HINDPETRO,5m,2026-09-04T11:40:00+05:30,357.6000061035156,357.6000061035156,357.29998779296875,357.45001220703125,22726.0,yahoo
HINDPETRO,5m,2026-09-04T11:45:00+05:30,357.6000061035156,357.6000061035156,357.29998779296875,357.3500061035156,29587.0,yahoo
HINDPETRO,5m,2026-09-04T11:50:00+05:30,357.6000061035156,357.6499938964844,357.20001220703125,357.3500061035156,33993.0,yahoo
HINDPETRO,5m,2026-09-04T11:55:00+05:30,357.3500061035156,357.45001220703125,357.20001220703125,357.20001220703125,23283.0,yahoo
HINDPETRO,5m,2026-09-04T12:00:00+05:30,357.25,357.5,357.0,357.04998779296875,27156.0,yahoo
HINDPETRO,5m,2026-09-04T12:05:00+05:30,357.1000061035156,357.25,357.0,357.0,29872.0,yahoo
HINDPETRO,5m,2026-09-04T12:10:00+05:30,357.0,357.1499938964844,356.75,357.04998779296875,36941.0,yahoo
HINDPETRO,5m,2026-09-04T12:15:00+05:30,357.04998779296875,357.1499938964844,356.70001220703125,356.8500061035156,22867.0,yahoo
HINDPETRO,5m,2026-09-04T12:20:00+05:30,356.8500061035156,356.8999938964844,356.6000061035156,356.6000061035156,27008.0,yahoo
HINDPETRO,5m,2026-09-04T12:25:00+05:30,356.6000061035156,356.8500061035156,356.5,356.70001220703125,24761.0,yahoo
HINDPETRO,5m,2026-09-04T12:30:00+05:30,356.70001220703125,356.75,356.5,356.6000061035156,24650.0,yahoo
HINDPETRO,5m,2026-09-04T12:35:00+05:30,356.70001220703125,356.70001220703125,356.45001220703125,356.6499938964844,27643.0,yahoo
HINDPETRO,5m,2026-09-04T12:40:00+05:30,356.6499938964844,356.8999938964844,356.5,356.75,25932.0,yahoo
HINDPETRO,5m,2026-09-04T12:45:00+05:30,356.75,357.04998779296875,356.54998779296875,356.8500061035156,26589.0,yahoo
HINDPETRO,5m,2026-09-04T12:50:00+05:30,356.8500061035156,357.0,356.6000061035156,356.95001220703125,25868.0,yahoo
HINDPETRO,5m,2026-09-04T12:55:00+05:30,356.75,356.8500061035156,356.54998779296875,356.79998779296875,23044.0,yahoo
HINDPETRO,5m,2026-09-04T13:00:00+05:30,356.75,356.79998779296875,356.54998779296875,356.75,24364.0,yahoo
HINDPETRO,5m,2026-09-04T13:05:00+05:30,356.54998779296875,357.20001220703125,356.5,357.04998779296875,53136.0,yahoo
HINDPETRO,5m,2026-09-04T13:10:00+05:30,356.8999938964844,357.5,356.75,357.04998779296875,30762.0,yahoo
HINDPETRO,5m,2026-09-04T13:15:00+05:30,357.1499938964844,357.79998779296875,357.04998779296875,357.54998779296875,40131.0,yahoo
HINDPETRO,5m,2026-09-04T13:20:00+05:30,357.6499938964844,357.75,357.3999938964844,357.6499938964844,28726.0,yahoo
HINDPETRO,5m,2026-09-04T13:25:00+05:30,357.5,357.70001220703125,357.3500061035156,357.54998779296875,40859.0,yahoo
HINDPETRO,5m,2026-09-04T13:30:00+05:30,357.54998779296875,357.6499938964844,357.3500061035156,357.54998779296875,31851.0,yahoo
HINDPETRO,5m,2026-09-04T13:35:00+05:30,357.6000061035156,357.6000061035156,357.3500061035156,357.3999938964844,30458.0,yahoo
HINDPETRO,5m,2026-09-04T13:40:00+05:30,357.54998779296875,358.0,357.3500061035156,357.70001220703125,65079.0,yahoo
HINDPETRO,5m,2026-09-04T13:45:00+05:30,357.79998779296875,357.95001220703125,357.6499938964844,357.6499938964844,27736.0,yahoo
HINDPETRO,5m,2026-09-04T13:50:00+05:30,357.6499938964844,357.79998779296875,357.5,357.6499938964844,30735.0,yahoo
HINDPETRO,5m,2026-09-04T13:55:00+05:30,357.70001220703125,357.70001220703125,357.3999938964844,357.3999938964844,27609.0,yahoo
HINDPETRO,5m,2026-09-04T14:00:00+05:30,357.6000061035156,357.6499938964844,357.3500061035156,357.3500061035156,25078.0,yahoo
HINDPETRO,5m,2026-09-04T14:05:00+05:30,357.54998779296875,357.79998779296875,357.3500061035156,357.70001220703125,31064.0,yahoo
HINDPETRO,5m,2026-09-04T14:10:00+05:30,357.79998779296875,357.79998779296875,357.6000061035156,357.75,28289.0,yahoo
HINDPETRO,5m,2026-09-04T14:15:00+05:30,357.79998779296875,357.79998779296875,357.3999938964844,357.54998779296875,32955.0,yahoo
HINDPETRO,5m,2026-09-04T14:20:00+05:30,357.54998779296875,357.8500061035156,357.5,357.8500061035156,32185.0,yahoo
HINDPETRO,5m,2026-09-04T14:25:00+05:30,357.75,358.0,357.75,357.8500061035156,35067.0,yahoo
HINDPETRO,5m,2026-09-04T14:30:00+05:30,357.79998779296875,357.95001220703125,357.70001220703125,357.8999938964844,35507.0,yahoo
HINDPETRO,5m,2026-09-04T14:35:00+05:30,357.8999938964844,358.0,357.5,357.54998779296875,33688.0,yahoo
HINDPETRO,5m,2026-09-04T14:40:00+05:30,357.6499938964844,357.95001220703125,357.45001220703125,357.6000061035156,57013.0,yahoo
HINDPETRO,5m,2026-09-04T14:45:00+05:30,357.6499938964844,357.6499938964844,357.29998779296875,357.45001220703125,39709.0,yahoo
HINDPETRO,5m,2026-09-04T14:50:00+05:30,357.45001220703125,357.70001220703125,357.3500061035156,357.5,58214.0,yahoo
HINDPETRO,5m,2026-09-04T14:55:00+05:30,357.3500061035156,357.6499938964844,357.29998779296875,357.3999938964844,56282.0,yahoo
HINDPETRO,5m,2026-09-04T15:00:00+05:30,357.3999938964844,357.6499938964844,357.3500061035156,357.5,83655.0,yahoo
HINDPETRO,5m,2026-09-04T15:05:00+05:30,357.45001220703125,357.54998779296875,357.3500061035156,357.45001220703125,175499.0,yahoo
HINDPETRO,5m,2026-09-04T15:10:00+05:30,357.45001220703125,357.8500061035156,357.3999938964844,357.8500061035156,200673.0,yahoo
HINDPETRO,5m,2026-09-04T15:15:00+05:30,357.8500061035156,357.8500061035156,356.5,356.5,66422.0,yahoo
HINDUNILVR,5m,2026-09-04T09:15:00+05:30,1967.0999755859375,1967.300048828125,1956.5,1960.0,0.0,yahoo
HINDUNILVR,5m,2026-09-04T09:20:00+05:30,1959.9000244140625,1961.4000244140625,1956.9000244140625,1958.199951171875,21904.0,yahoo
HINDUNILVR,5m,2026-09-04T09:25:00+05:30,1958.0999755859375,1959.199951171875,1956.300048828125,1956.699951171875,15629.0,yahoo
HINDUNILVR,5m,2026-09-04T09:30:00+05:30,1956.5999755859375,1956.5999755859375,1955.0,1955.199951171875,21454.0,yahoo
HINDUNILVR,5m,2026-09-04T09:35:00+05:30,1955.0,1956.5,1954.699951171875,1954.800048828125,11921.0,yahoo
HINDUNILVR,5m,2026-09-04T09:40:00+05:30,1954.800048828125,1955.0999755859375,1952.699951171875,1953.5,17184.0,yahoo
HINDUNILVR,5m,2026-09-04T09:45:00+05:30,1953.5,1955.0,1952.699951171875,1953.300048828125,9862.0,yahoo
HINDUNILVR,5m,2026-09-04T09:50:00+05:30,1953.300048828125,1953.4000244140625,1951.300048828125,1952.5999755859375,15959.0,yahoo
HINDUNILVR,5m,2026-09-04T09:55:00+05:30,1952.5999755859375,1955.0,1952.5999755859375,1954.300048828125,10249.0,yahoo
HINDUNILVR,5m,2026-09-04T10:00:00+05:30,1954.199951171875,1958.699951171875,1953.300048828125,1958.699951171875,13372.0,yahoo
HINDUNILVR,5m,2026-09-04T10:05:00+05:30,1958.199951171875,1958.9000244140625,1957.0,1957.0,10129.0,yahoo
HINDUNILVR,5m,2026-09-04T10:10:00+05:30,1957.800048828125,1958.5,1956.5999755859375,1958.5,9212.0,yahoo
HINDUNILVR,5m,2026-09-04T10:15:00+05:30,1959.800048828125,1964.5,1959.800048828125,1963.800048828125,25555.0,yahoo
HINDUNILVR,5m,2026-09-04T10:20:00+05:30,1963.800048828125,1967.9000244140625,1963.5,1967.4000244140625,33153.0,yahoo
HINDUNILVR,5m,2026-09-04T10:25:00+05:30,1967.4000244140625,1969.5,1966.5999755859375,1968.5999755859375,16170.0,yahoo
HINDUNILVR,5m,2026-09-04T10:30:00+05:30,1969.0999755859375,1969.0999755859375,1967.5,1968.0,9040.0,yahoo
HINDUNILVR,5m,2026-09-04T10:35:00+05:30,1967.5,1969.0,1966.4000244140625,1968.300048828125,22485.0,yahoo
HINDUNILVR,5m,2026-09-04T10:40:00+05:30,1968.5,1969.4000244140625,1967.5999755859375,1968.199951171875,6825.0,yahoo
HINDUNILVR,5m,2026-09-04T10:45:00+05:30,1968.0,1968.699951171875,1967.0999755859375,1968.0999755859375,7188.0,yahoo
HINDUNILVR,5m,2026-09-04T10:50:00+05:30,1968.300048828125,1969.800048828125,1966.9000244140625,1969.0,13277.0,yahoo
HINDUNILVR,5m,2026-09-04T10:55:00+05:30,1968.9000244140625,1977.9000244140625,1968.300048828125,1976.0,51389.0,yahoo
HINDUNILVR,5m,2026-09-04T11:00:00+05:30,1975.9000244140625,1978.4000244140625,1975.0,1978.4000244140625,20030.0,yahoo
HINDUNILVR,5m,2026-09-04T11:05:00+05:30,1978.199951171875,1978.9000244140625,1975.0,1976.4000244140625,12396.0,yahoo
HINDUNILVR,5m,2026-09-04T11:10:00+05:30,1976.4000244140625,1982.4000244140625,1975.699951171875,1980.0999755859375,33952.0,yahoo
HINDUNILVR,5m,2026-09-04T11:15:00+05:30,1980.0,1982.300048828125,1979.199951171875,1980.0,14837.0,yahoo
HINDUNILVR,5m,2026-09-04T11:20:00+05:30,1980.199951171875,1982.0999755859375,1980.199951171875,1981.300048828125,9509.0,yahoo
HINDUNILVR,5m,2026-09-04T11:25:00+05:30,1982.0,1982.0999755859375,1980.0,1980.0,11841.0,yahoo
HINDUNILVR,5m,2026-09-04T11:30:00+05:30,1980.5,1981.5999755859375,1979.300048828125,1980.0999755859375,14469.0,yahoo
HINDUNILVR,5m,2026-09-04T11:35:00+05:30,1980.0999755859375,1984.0,1980.0,1981.0999755859375,9982.0,yahoo
HINDUNILVR,5m,2026-09-04T11:40:00+05:30,1981.4000244140625,1981.5,1979.0999755859375,1980.0999755859375,18679.0,yahoo
HINDUNILVR,5m,2026-09-04T11:45:00+05:30,1980.0999755859375,1980.300048828125,1980.0,1980.0,20118.0,yahoo
HINDUNILVR,5m,2026-09-04T11:50:00+05:30,1980.0999755859375,1980.4000244140625,1979.5,1980.0999755859375,4186.0,yahoo
HINDUNILVR,5m,2026-09-04T11:55:00+05:30,1980.0999755859375,1980.199951171875,1979.0999755859375,1980.0999755859375,18385.0,yahoo
HINDUNILVR,5m,2026-09-04T12:00:00+05:30,1980.0999755859375,1980.0999755859375,1978.9000244140625,1980.0,57647.0,yahoo
HINDUNILVR,5m,2026-09-04T12:05:00+05:30,1980.0999755859375,1980.0999755859375,1979.199951171875,1980.0,38795.0,yahoo
HINDUNILVR,5m,2026-09-04T12:10:00+05:30,1980.0999755859375,1980.4000244140625,1979.4000244140625,1980.0999755859375,28670.0,yahoo
HINDUNILVR,5m,2026-09-04T12:15:00+05:30,1980.0999755859375,1980.0999755859375,1977.199951171875,1977.5,129862.0,yahoo
HINDUNILVR,5m,2026-09-04T12:20:00+05:30,1977.699951171875,1979.699951171875,1972.0,1975.699951171875,50478.0,yahoo
HINDUNILVR,5m,2026-09-04T12:25:00+05:30,1975.699951171875,1976.5999755859375,1975.0999755859375,1976.0,6290.0,yahoo
HINDUNILVR,5m,2026-09-04T12:30:00+05:30,1975.9000244140625,1976.9000244140625,1975.300048828125,1976.199951171875,6213.0,yahoo
HINDUNILVR,5m,2026-09-04T12:35:00+05:30,1976.800048828125,1976.9000244140625,1975.5,1976.800048828125,5858.0,yahoo
HINDUNILVR,5m,2026-09-04T12:40:00+05:30,1976.9000244140625,1978.9000244140625,1976.0999755859375,1978.699951171875,5490.0,yahoo
HINDUNILVR,5m,2026-09-04T12:45:00+05:30,1978.699951171875,1980.0999755859375,1978.0999755859375,1980.0999755859375,10592.0,yahoo
HINDUNILVR,5m,2026-09-04T12:50:00+05:30,1980.0,1980.199951171875,1979.4000244140625,1980.0999755859375,8083.0,yahoo
HINDUNILVR,5m,2026-09-04T12:55:00+05:30,1980.0999755859375,1980.699951171875,1978.5999755859375,1980.0,19483.0,yahoo
HINDUNILVR,5m,2026-09-04T13:00:00+05:30,1980.0,1980.0999755859375,1978.9000244140625,1980.0,22970.0,yahoo
HINDUNILVR,5m,2026-09-04T13:05:00+05:30,1980.0,1980.199951171875,1978.699951171875,1979.9000244140625,98177.0,yahoo
HINDUNILVR,5m,2026-09-04T13:10:00+05:30,1980.0,1981.699951171875,1979.4000244140625,1981.5999755859375,20548.0,yahoo
HINDUNILVR,5m,2026-09-04T13:15:00+05:30,1981.5,1981.5,1979.5,1980.0,13821.0,yahoo
HINDUNILVR,5m,2026-09-04T13:20:00+05:30,1980.0,1980.300048828125,1979.0,1980.0,37650.0,yahoo
HINDUNILVR,5m,2026-09-04T13:25:00+05:30,1980.0,1980.0999755859375,1972.0,1975.0,55433.0,yahoo
HINDUNILVR,5m,2026-09-04T13:30:00+05:30,1975.0999755859375,1975.199951171875,1974.199951171875,1974.300048828125,22798.0,yahoo
HINDUNILVR,5m,2026-09-04T13:35:00+05:30,1975.0999755859375,1975.199951171875,1974.300048828125,1975.0999755859375,63342.0,yahoo
HINDUNILVR,5m,2026-09-04T13:40:00+05:30,1975.0999755859375,1975.0999755859375,1969.0,1971.800048828125,82087.0,yahoo
HINDUNILVR,5m,2026-09-04T13:45:00+05:30,1972.0,1972.0999755859375,1970.5,1972.0,65300.0,yahoo
HINDUNILVR,5m,2026-09-04T13:50:00+05:30,1972.0,1973.0,1971.0999755859375,1972.9000244140625,33590.0,yahoo
HINDUNILVR,5m,2026-09-04T13:55:00+05:30,1972.9000244140625,1973.699951171875,1972.300048828125,1972.4000244140625,3740.0,yahoo
HINDUNILVR,5m,2026-09-04T14:00:00+05:30,1972.800048828125,1973.4000244140625,1971.9000244140625,1972.9000244140625,5446.0,yahoo
HINDUNILVR,5m,2026-09-04T14:05:00+05:30,1972.300048828125,1972.800048828125,1971.199951171875,1972.0,6982.0,yahoo
HINDUNILVR,5m,2026-09-04T14:10:00+05:30,1972.0999755859375,1972.0999755859375,1972.0,1972.0,3125.0,yahoo
HINDUNILVR,5m,2026-09-04T14:15:00+05:30,1972.0999755859375,1972.0999755859375,1971.4000244140625,1972.0999755859375,3810.0,yahoo
HINDUNILVR,5m,2026-09-04T14:20:00+05:30,1972.0999755859375,1972.0999755859375,1970.5999755859375,1971.300048828125,69218.0,yahoo
HINDUNILVR,5m,2026-09-04T14:25:00+05:30,1971.300048828125,1972.0999755859375,1969.699951171875,1970.5999755859375,154278.0,yahoo
HINDUNILVR,5m,2026-09-04T14:30:00+05:30,1970.5999755859375,1972.300048828125,1970.5999755859375,1972.300048828125,26537.0,yahoo
HINDUNILVR,5m,2026-09-04T14:35:00+05:30,1972.300048828125,1972.300048828125,1968.5999755859375,1972.0999755859375,149510.0,yahoo
HINDUNILVR,5m,2026-09-04T14:40:00+05:30,1972.0999755859375,1972.0999755859375,1971.0999755859375,1972.0,57937.0,yahoo
HINDUNILVR,5m,2026-09-04T14:45:00+05:30,1972.0,1972.300048828125,1971.4000244140625,1972.300048828125,24269.0,yahoo
HINDUNILVR,5m,2026-09-04T14:50:00+05:30,1972.300048828125,1973.199951171875,1972.0,1972.0,28449.0,yahoo
HINDUNILVR,5m,2026-09-04T14:55:00+05:30,1972.0,1974.5,1972.0,1973.5999755859375,25606.0,yahoo
HINDUNILVR,5m,2026-09-04T15:00:00+05:30,1974.4000244140625,1975.0,1973.0,1973.4000244140625,44503.0,yahoo
HINDUNILVR,5m,2026-09-04T15:05:00+05:30,1974.0,1974.5,1973.300048828125,1974.300048828125,38334.0,yahoo
HINDUNILVR,5m,2026-09-04T15:10:00+05:30,1974.4000244140625,1974.5,1970.5,1973.0,105359.0,yahoo
HINDUNILVR,5m,2026-09-04T15:15:00+05:30,1974.4000244140625,1974.4000244140625,1973.4000244140625,1973.4000244140625,42428.0,yahoo
HINDZINC,5m,2026-09-04T09:15:00+05:30,597.9000244140625,597.9000244140625,592.5,594.5499877929688,0.0,yahoo
HINDZINC,5m,2026-09-04T09:20:00+05:30,594.5,595.2000122070312,594.0499877929688,594.0999755859375,92132.0,yahoo
HINDZINC,5m,2026-09-04T09:25:00+05:30,594.0,594.3499755859375,593.4000244140625,593.9000244140625,44152.0,yahoo
HINDZINC,5m,2026-09-04T09:30:00+05:30,593.75,594.8499755859375,593.7000122070312,594.5,37236.0,yahoo
HINDZINC,5m,2026-09-04T09:35:00+05:30,594.75,594.9000244140625,593.5,593.5,45893.0,yahoo
HINDZINC,5m,2026-09-04T09:40:00+05:30,593.5,594.6500244140625,593.4500122070312,593.7000122070312,30486.0,yahoo
HINDZINC,5m,2026-09-04T09:45:00+05:30,593.6500244140625,594.7999877929688,593.5499877929688,593.5499877929688,27574.0,yahoo
HINDZINC,5m,2026-09-04T09:50:00+05:30,593.5,593.5499877929688,592.8499755859375,593.0,41720.0,yahoo
HINDZINC,5m,2026-09-04T09:55:00+05:30,592.9500122070312,593.0999755859375,592.1500244140625,592.75,40519.0,yahoo
HINDZINC,5m,2026-09-04T10:00:00+05:30,592.4500122070312,593.7000122070312,592.0499877929688,592.5,36163.0,yahoo
HINDZINC,5m,2026-09-04T10:05:00+05:30,592.5999755859375,592.75,592.2000122070312,592.3499755859375,35259.0,yahoo
HINDZINC,5m,2026-09-04T10:10:00+05:30,592.3499755859375,592.9500122070312,592.25,592.6500244140625,18990.0,yahoo
HINDZINC,5m,2026-09-04T10:15:00+05:30,592.5999755859375,592.9500122070312,592.0999755859375,592.9500122070312,10338.0,yahoo
HINDZINC,5m,2026-09-04T10:20:00+05:30,592.6500244140625,593.4000244140625,592.5499877929688,593.0,19892.0,yahoo
HINDZINC,5m,2026-09-04T10:25:00+05:30,592.7999877929688,593.2999877929688,592.5499877929688,593.0,15598.0,yahoo
HINDZINC,5m,2026-09-04T10:30:00+05:30,593.1500244140625,593.2000122070312,592.5499877929688,592.5499877929688,9836.0,yahoo
HINDZINC,5m,2026-09-04T10:35:00+05:30,592.5,593.5,592.5,593.25,12908.0,yahoo
HINDZINC,5m,2026-09-04T10:40:00+05:30,593.4000244140625,593.9000244140625,593.0999755859375,593.0999755859375,30606.0,yahoo
HINDZINC,5m,2026-09-04T10:45:00+05:30,593.0999755859375,597.0,593.0499877929688,596.9500122070312,103866.0,yahoo
HINDZINC,5m,2026-09-04T10:50:00+05:30,596.7999877929688,596.7999877929688,595.25,595.6500244140625,30917.0,yahoo
HINDZINC,5m,2026-09-04T10:55:00+05:30,595.5999755859375,595.8499755859375,594.9500122070312,595.2999877929688,15041.0,yahoo
HINDZINC,5m,2026-09-04T11:00:00+05:30,595.0999755859375,595.4500122070312,594.9000244140625,595.2999877929688,17787.0,yahoo
HINDZINC,5m,2026-09-04T11:05:00+05:30,595.2000122070312,596.2000122070312,595.2000122070312,596.2000122070312,11024.0,yahoo
HINDZINC,5m,2026-09-04T11:10:00+05:30,596.0,597.5,596.0,596.9500122070312,38163.0,yahoo
HINDZINC,5m,2026-09-04T11:15:00+05:30,597.0,597.0,595.75,596.0499877929688,39063.0,yahoo
HINDZINC,5m,2026-09-04T11:20:00+05:30,596.0,596.5,595.5999755859375,595.5999755859375,10717.0,yahoo
HINDZINC,5m,2026-09-04T11:25:00+05:30,595.5999755859375,596.2999877929688,595.5499877929688,595.75,8759.0,yahoo
HINDZINC,5m,2026-09-04T11:30:00+05:30,595.75,595.8499755859375,595.25,595.5499877929688,9157.0,yahoo
HINDZINC,5m,2026-09-04T11:35:00+05:30,595.4000244140625,596.25,595.25,595.25,10809.0,yahoo
HINDZINC,5m,2026-09-04T11:40:00+05:30,595.4500122070312,599.7000122070312,595.2999877929688,597.2000122070312,297358.0,yahoo
HINDZINC,5m,2026-09-04T11:45:00+05:30,597.3499755859375,598.5,596.2999877929688,596.6500244140625,257562.0,yahoo
HINDZINC,5m,2026-09-04T11:50:00+05:30,596.5999755859375,596.6500244140625,596.0,596.4500122070312,17783.0,yahoo
HINDZINC,5m,2026-09-04T11:55:00+05:30,596.2000122070312,596.75,596.0,596.0999755859375,32616.0,yahoo
HINDZINC,5m,2026-09-04T12:00:00+05:30,596.25,596.25,594.8499755859375,595.0,110089.0,yahoo
HINDZINC,5m,2026-09-04T12:05:00+05:30,594.9500122070312,595.2000122070312,594.6500244140625,594.9000244140625,23684.0,yahoo
HINDZINC,5m,2026-09-04T12:10:00+05:30,594.75,594.8499755859375,594.0,594.0499877929688,28462.0,yahoo
HINDZINC,5m,2026-09-04T12:15:00+05:30,594.0,594.75,594.0,594.5,12511.0,yahoo
HINDZINC,5m,2026-09-04T12:20:00+05:30,594.5,594.5999755859375,594.0999755859375,594.5999755859375,25732.0,yahoo
HINDZINC,5m,2026-09-04T12:25:00+05:30,594.5499877929688,594.9000244140625,594.4000244140625,594.8499755859375,4071.0,yahoo
HINDZINC,5m,2026-09-04T12:30:00+05:30,594.7999877929688,594.9000244140625,594.6500244140625,594.7999877929688,12311.0,yahoo
HINDZINC,5m,2026-09-04T12:35:00+05:30,594.9500122070312,595.0,593.25,593.9500122070312,97433.0,yahoo
HINDZINC,5m,2026-09-04T12:40:00+05:30,593.75,594.2999877929688,593.75,594.0499877929688,24695.0,yahoo
HINDZINC,5m,2026-09-04T12:45:00+05:30,594.5,595.9000244140625,594.5,595.9000244140625,8936.0,yahoo
HINDZINC,5m,2026-09-04T12:50:00+05:30,595.7000122070312,596.5499877929688,595.7000122070312,596.5,19421.0,yahoo
HINDZINC,5m,2026-09-04T12:55:00+05:30,596.9500122070312,597.0,595.1500244140625,595.1500244140625,168422.0,yahoo
HINDZINC,5m,2026-09-04T13:00:00+05:30,595.2999877929688,595.9500122070312,595.0,595.6500244140625,54767.0,yahoo
HINDZINC,5m,2026-09-04T13:05:00+05:30,595.6500244140625,595.8499755859375,595.3499755859375,595.7999877929688,44360.0,yahoo
HINDZINC,5m,2026-09-04T13:10:00+05:30,595.7999877929688,598.0,595.7999877929688,597.7000122070312,171993.0,yahoo
HINDZINC,5m,2026-09-04T13:15:00+05:30,597.5499877929688,599.0,597.4000244140625,597.4500122070312,153602.0,yahoo
HINDZINC,5m,2026-09-04T13:20:00+05:30,597.4500122070312,600.9500122070312,597.4000244140625,600.6500244140625,231195.0,yahoo
HINDZINC,5m,2026-09-04T13:25:00+05:30,600.5499877929688,601.25,600.0,600.0,92747.0,yahoo
HINDZINC,5m,2026-09-04T13:30:00+05:30,599.9000244140625,600.2999877929688,599.25,599.75,35307.0,yahoo
HINDZINC,5m,2026-09-04T13:35:00+05:30,599.5,600.2999877929688,599.0,600.0999755859375,242430.0,yahoo
HINDZINC,5m,2026-09-04T13:40:00+05:30,600.0499877929688,600.9500122070312,599.5999755859375,600.2999877929688,50762.0,yahoo
HINDZINC,5m,2026-09-04T13:45:00+05:30,600.5999755859375,601.9000244140625,600.0,601.5,219057.0,yahoo
HINDZINC,5m,2026-09-04T13:50:00+05:30,602.0,602.0,600.6500244140625,600.75,50894.0,yahoo
HINDZINC,5m,2026-09-04T13:55:00+05:30,600.75,602.7000122070312,600.75,602.0499877929688,66871.0,yahoo
HINDZINC,5m,2026-09-04T14:00:00+05:30,602.0999755859375,602.5,601.25,601.7999877929688,52529.0,yahoo
HINDZINC,5m,2026-09-04T14:05:00+05:30,602.0,602.0,599.6500244140625,599.8499755859375,111904.0,yahoo
HINDZINC,5m,2026-09-04T14:10:00+05:30,599.8499755859375,600.0,598.5,598.6500244140625,159006.0,yahoo
HINDZINC,5m,2026-09-04T14:15:00+05:30,598.7000122070312,598.9000244140625,598.3499755859375,598.6500244140625,22828.0,yahoo
HINDZINC,5m,2026-09-04T14:20:00+05:30,598.7999877929688,599.3499755859375,598.6500244140625,599.0999755859375,25377.0,yahoo
HINDZINC,5m,2026-09-04T14:25:00+05:30,599.2000122070312,599.75,599.0499877929688,599.3499755859375,44009.0,yahoo
HINDZINC,5m,2026-09-04T14:30:00+05:30,599.3499755859375,599.8499755859375,599.3499755859375,599.5499877929688,27237.0,yahoo
HINDZINC,5m,2026-09-04T14:35:00+05:30,599.5999755859375,600.6500244140625,599.5499877929688,599.8499755859375,65350.0,yahoo
HINDZINC,5m,2026-09-04T14:40:00+05:30,599.6500244140625,600.0,599.25,599.25,26966.0,yahoo
HINDZINC,5m,2026-09-04T14:45:00+05:30,599.3499755859375,599.4000244140625,598.9500122070312,599.0,33816.0,yahoo
HINDZINC,5m,2026-09-04T14:50:00+05:30,599.0,599.3499755859375,598.2999877929688,598.5,43081.0,yahoo
HINDZINC,5m,2026-09-04T14:55:00+05:30,598.4000244140625,598.5999755859375,598.3499755859375,598.4500122070312,26723.0,yahoo
HINDZINC,5m,2026-09-04T15:00:00+05:30,598.4000244140625,598.4000244140625,597.0999755859375,597.5,95940.0,yahoo
HINDZINC,5m,2026-09-04T15:05:00+05:30,597.2999877929688,598.5999755859375,597.0,598.0999755859375,117712.0,yahoo
HINDZINC,5m,2026-09-04T15:10:00+05:30,598.4500122070312,599.0,598.2000122070312,599.0,120820.0,yahoo
HINDZINC,5m,2026-09-04T15:15:00+05:30,599.0,601.0,599.0,601.0,39976.0,yahoo
ICICIBANK,5m,2026-09-04T09:15:00+05:30,1433.0,1435.4000244140625,1427.4000244140625,1429.0,0.0,yahoo
ICICIBANK,5m,2026-09-04T09:20:00+05:30,1429.9000244140625,1429.9000244140625,1427.300048828125,1427.699951171875,95741.0,yahoo
ICICIBANK,5m,2026-09-04T09:25:00+05:30,1427.699951171875,1427.9000244140625,1425.5999755859375,1426.5,99197.0,yahoo
ICICIBANK,5m,2026-09-04T09:30:00+05:30,1426.5,1426.9000244140625,1426.0999755859375,1426.0999755859375,82778.0,yahoo
ICICIBANK,5m,2026-09-04T09:35:00+05:30,1425.800048828125,1425.800048828125,1423.9000244140625,1425.0,218216.0,yahoo
ICICIBANK,5m,2026-09-04T09:40:00+05:30,1424.699951171875,1425.5,1423.699951171875,1424.0,126719.0,yahoo
ICICIBANK,5m,2026-09-04T09:45:00+05:30,1424.0,1425.4000244140625,1424.0,1425.300048828125,152787.0,yahoo
ICICIBANK,5m,2026-09-04T09:50:00+05:30,1425.4000244140625,1427.0999755859375,1425.0,1426.699951171875,102381.0,yahoo
ICICIBANK,5m,2026-09-04T09:55:00+05:30,1426.9000244140625,1429.0,1426.699951171875,1428.800048828125,76329.0,yahoo
ICICIBANK,5m,2026-09-04T10:00:00+05:30,1429.0,1430.0,1428.800048828125,1429.300048828125,73376.0,yahoo
ICICIBANK,5m,2026-09-04T10:05:00+05:30,1429.0,1429.0,1425.699951171875,1425.699951171875,68547.0,yahoo
ICICIBANK,5m,2026-09-04T10:10:00+05:30,1425.5999755859375,1425.9000244140625,1425.4000244140625,1425.9000244140625,49186.0,yahoo
ICICIBANK,5m,2026-09-04T10:15:00+05:30,1425.699951171875,1426.0,1425.0,1425.9000244140625,41905.0,yahoo
ICICIBANK,5m,2026-09-04T10:20:00+05:30,1426.0,1428.0,1426.0,1428.0,58766.0,yahoo
ICICIBANK,5m,2026-09-04T10:25:00+05:30,1427.699951171875,1429.0,1427.699951171875,1429.0,47994.0,yahoo
ICICIBANK,5m,2026-09-04T10:30:00+05:30,1429.0999755859375,1431.0,1429.0999755859375,1429.4000244140625,73316.0,yahoo
ICICIBANK,5m,2026-09-04T10:35:00+05:30,1429.5999755859375,1432.199951171875,1429.4000244140625,1431.4000244140625,46613.0,yahoo
ICICIBANK,5m,2026-09-04T10:40:00+05:30,1431.4000244140625,1432.300048828125,1430.800048828125,1431.0999755859375,43879.0,yahoo
ICICIBANK,5m,2026-09-04T10:45:00+05:30,1431.0,1431.5,1431.0,1431.4000244140625,33069.0,yahoo
ICICIBANK,5m,2026-09-04T10:50:00+05:30,1431.4000244140625,1432.5,1431.4000244140625,1432.5,51917.0,yahoo
ICICIBANK,5m,2026-09-04T10:55:00+05:30,1432.4000244140625,1432.800048828125,1431.300048828125,1432.300048828125,47540.0,yahoo
ICICIBANK,5m,2026-09-04T11:00:00+05:30,1432.300048828125,1433.800048828125,1432.300048828125,1433.300048828125,50481.0,yahoo
ICICIBANK,5m,2026-09-04T11:05:00+05:30,1433.300048828125,1438.0999755859375,1433.199951171875,1436.300048828125,195517.0,yahoo
ICICIBANK,5m,2026-09-04T11:10:00+05:30,1436.300048828125,1436.300048828125,1435.0,1435.0999755859375,34287.0,yahoo
ICICIBANK,5m,2026-09-04T11:15:00+05:30,1435.199951171875,1435.5999755859375,1433.9000244140625,1435.5999755859375,38231.0,yahoo
ICICIBANK,5m,2026-09-04T11:20:00+05:30,1435.699951171875,1436.800048828125,1435.0,1435.9000244140625,38753.0,yahoo
ICICIBANK,5m,2026-09-04T11:25:00+05:30,1436.0,1436.0,1435.5,1435.5999755859375,22868.0,yahoo
ICICIBANK,5m,2026-09-04T11:30:00+05:30,1435.5,1436.4000244140625,1435.4000244140625,1436.0,44782.0,yahoo
ICICIBANK,5m,2026-09-04T11:35:00+05:30,1435.800048828125,1436.0999755859375,1435.0999755859375,1435.800048828125,255956.0,yahoo
ICICIBANK,5m,2026-09-04T11:40:00+05:30,1435.800048828125,1436.5,1433.0999755859375,1433.0999755859375,48953.0,yahoo
ICICIBANK,5m,2026-09-04T11:45:00+05:30,1433.0999755859375,1433.9000244140625,1432.9000244140625,1433.0999755859375,50764.0,yahoo
ICICIBANK,5m,2026-09-04T11:50:00+05:30,1433.0999755859375,1433.199951171875,1432.0999755859375,1432.0999755859375,29693.0,yahoo
ICICIBANK,5m,2026-09-04T11:55:00+05:30,1432.199951171875,1432.300048828125,1431.5999755859375,1431.5999755859375,35424.0,yahoo
ICICIBANK,5m,2026-09-04T12:00:00+05:30,1431.699951171875,1431.800048828125,1430.5999755859375,1430.9000244140625,52009.0,yahoo
ICICIBANK,5m,2026-09-04T12:05:00+05:30,1430.800048828125,1431.199951171875,1430.800048828125,1431.199951171875,20685.0,yahoo
ICICIBANK,5m,2026-09-04T12:10:00+05:30,1431.300048828125,1431.699951171875,1430.0,1430.0999755859375,101000.0,yahoo
ICICIBANK,5m,2026-09-04T12:15:00+05:30,1430.199951171875,1430.300048828125,1429.199951171875,1429.699951171875,36903.0,yahoo
ICICIBANK,5m,2026-09-04T12:20:00+05:30,1429.5999755859375,1429.9000244140625,1428.699951171875,1429.800048828125,44234.0,yahoo
ICICIBANK,5m,2026-09-04T12:25:00+05:30,1429.0,1432.199951171875,1429.0,1431.300048828125,206153.0,yahoo
ICICIBANK,5m,2026-09-04T12:30:00+05:30,1431.0999755859375,1432.0999755859375,1430.800048828125,1431.9000244140625,115004.0,yahoo
ICICIBANK,5m,2026-09-04T12:35:00+05:30,1431.9000244140625,1432.0,1430.800048828125,1431.5999755859375,43040.0,yahoo
ICICIBANK,5m,2026-09-04T12:40:00+05:30,1431.4000244140625,1431.800048828125,1431.0,1431.199951171875,36134.0,yahoo
ICICIBANK,5m,2026-09-04T12:45:00+05:30,1431.199951171875,1431.300048828125,1430.699951171875,1431.199951171875,36149.0,yahoo
ICICIBANK,5m,2026-09-04T12:50:00+05:30,1431.0999755859375,1431.199951171875,1431.0999755859375,1431.0999755859375,32354.0,yahoo
ICICIBANK,5m,2026-09-04T12:55:00+05:30,1431.0,1431.0,1429.300048828125,1430.5,44054.0,yahoo
ICICIBANK,5m,2026-09-04T13:00:00+05:30,1430.4000244140625,1431.300048828125,1430.4000244140625,1430.9000244140625,35516.0,yahoo
ICICIBANK,5m,2026-09-04T13:05:00+05:30,1430.800048828125,1433.5999755859375,1430.800048828125,1433.5999755859375,46297.0,yahoo
ICICIBANK,5m,2026-09-04T13:10:00+05:30,1433.4000244140625,1435.199951171875,1432.300048828125,1432.800048828125,123743.0,yahoo
ICICIBANK,5m,2026-09-04T13:15:00+05:30,1432.800048828125,1434.5,1432.5999755859375,1434.4000244140625,51229.0,yahoo
ICICIBANK,5m,2026-09-04T13:20:00+05:30,1434.300048828125,1435.300048828125,1434.300048828125,1435.0,103523.0,yahoo
ICICIBANK,5m,2026-09-04T13:25:00+05:30,1434.9000244140625,1435.0999755859375,1433.5999755859375,1433.800048828125,48121.0,yahoo
ICICIBANK,5m,2026-09-04T13:30:00+05:30,1433.800048828125,1434.199951171875,1433.199951171875,1433.800048828125,65550.0,yahoo
ICICIBANK,5m,2026-09-04T13:35:00+05:30,1433.800048828125,1434.0999755859375,1433.4000244140625,1433.699951171875,34582.0,yahoo
ICICIBANK,5m,2026-09-04T13:40:00+05:30,1433.699951171875,1433.800048828125,1431.4000244140625,1431.699951171875,130394.0,yahoo
ICICIBANK,5m,2026-09-04T13:45:00+05:30,1431.699951171875,1431.800048828125,1431.0999755859375,1431.699951171875,56530.0,yahoo
ICICIBANK,5m,2026-09-04T13:50:00+05:30,1431.699951171875,1431.800048828125,1430.300048828125,1430.800048828125,104544.0,yahoo
ICICIBANK,5m,2026-09-04T13:55:00+05:30,1430.800048828125,1430.800048828125,1430.0999755859375,1430.300048828125,35543.0,yahoo
ICICIBANK,5m,2026-09-04T14:00:00+05:30,1430.300048828125,1430.699951171875,1429.9000244140625,1430.699951171875,47117.0,yahoo
ICICIBANK,5m,2026-09-04T14:05:00+05:30,1430.699951171875,1431.0999755859375,1430.0999755859375,1430.0999755859375,61559.0,yahoo
ICICIBANK,5m,2026-09-04T14:10:00+05:30,1430.4000244140625,1430.5999755859375,1430.300048828125,1430.5999755859375,41309.0,yahoo
ICICIBANK,5m,2026-09-04T14:15:00+05:30,1430.5999755859375,1430.5999755859375,1430.0,1430.300048828125,31188.0,yahoo
ICICIBANK,5m,2026-09-04T14:20:00+05:30,1430.300048828125,1430.300048828125,1429.4000244140625,1429.5999755859375,69301.0,yahoo
ICICIBANK,5m,2026-09-04T14:25:00+05:30,1429.4000244140625,1430.300048828125,1429.4000244140625,1430.199951171875,50650.0,yahoo
ICICIBANK,5m,2026-09-04T14:30:00+05:30,1430.199951171875,1430.300048828125,1429.800048828125,1429.9000244140625,40052.0,yahoo
ICICIBANK,5m,2026-09-04T14:35:00+05:30,1429.699951171875,1429.699951171875,1428.199951171875,1428.4000244140625,83748.0,yahoo
ICICIBANK,5m,2026-09-04T14:40:00+05:30,1428.4000244140625,1428.4000244140625,1426.5999755859375,1427.0999755859375,84948.0,yahoo
ICICIBANK,5m,2026-09-04T14:45:00+05:30,1427.0,1428.199951171875,1426.5999755859375,1426.699951171875,99166.0,yahoo
ICICIBANK,5m,2026-09-04T14:50:00+05:30,1426.699951171875,1427.0999755859375,1425.5999755859375,1426.9000244140625,193727.0,yahoo
ICICIBANK,5m,2026-09-04T14:55:00+05:30,1426.800048828125,1427.199951171875,1426.199951171875,1426.300048828125,113736.0,yahoo
ICICIBANK,5m,2026-09-04T15:00:00+05:30,1426.300048828125,1427.5,1425.0,1425.0999755859375,220994.0,yahoo
ICICIBANK,5m,2026-09-04T15:05:00+05:30,1425.0,1426.5,1425.0,1425.4000244140625,441304.0,yahoo
ICICIBANK,5m,2026-09-04T15:10:00+05:30,1425.300048828125,1426.300048828125,1422.300048828125,1423.5999755859375,588272.0,yahoo
ICICIBANK,5m,2026-09-04T15:15:00+05:30,1423.699951171875,1423.699951171875,1423.199951171875,1423.199951171875,196658.0,yahoo
INDUSINDBK,5m,2026-09-04T09:15:00+05:30,1003.7000122070312,1003.7000122070312,1000.2999877929688,1000.9000244140625,0.0,yahoo
INDUSINDBK,5m,2026-09-04T09:20:00+05:30,1000.5,1003.0,1000.0999755859375,1002.0,32387.0,yahoo
INDUSINDBK,5m,2026-09-04T09:25:00+05:30,1002.0,1002.4000244140625,999.0,999.5,13087.0,yahoo
INDUSINDBK,5m,2026-09-04T09:30:00+05:30,999.5999755859375,1000.7999877929688,999.5999755859375,1000.0,11452.0,yahoo
INDUSINDBK,5m,2026-09-04T09:35:00+05:30,999.5999755859375,999.7999877929688,999.0999755859375,999.4000244140625,7753.0,yahoo
INDUSINDBK,5m,2026-09-04T09:40:00+05:30,999.7000122070312,999.7999877929688,998.5999755859375,999.2000122070312,9387.0,yahoo
INDUSINDBK,5m,2026-09-04T09:45:00+05:30,999.2000122070312,1000.0,998.5,998.5,6369.0,yahoo
INDUSINDBK,5m,2026-09-04T09:50:00+05:30,998.5,999.5,998.5,999.0999755859375,4275.0,yahoo
INDUSINDBK,5m,2026-09-04T09:55:00+05:30,999.0999755859375,999.7000122070312,998.9000244140625,999.5999755859375,4808.0,yahoo
INDUSINDBK,5m,2026-09-04T10:00:00+05:30,999.5999755859375,1000.5999755859375,999.5999755859375,999.7000122070312,5796.0,yahoo
INDUSINDBK,5m,2026-09-04T10:05:00+05:30,999.9000244140625,999.9000244140625,998.5,998.5,7970.0,yahoo
INDUSINDBK,5m,2026-09-04T10:10:00+05:30,998.5,999.0,998.2000122070312,999.0,4973.0,yahoo
INDUSINDBK,5m,2026-09-04T10:15:00+05:30,999.0,999.4000244140625,998.7000122070312,999.0,5530.0,yahoo
INDUSINDBK,5m,2026-09-04T10:20:00+05:30,999.0,999.2000122070312,998.7000122070312,998.7999877929688,3339.0,yahoo
INDUSINDBK,5m,2026-09-04T10:25:00+05:30,998.7999877929688,1001.0999755859375,998.7000122070312,1001.0999755859375,6309.0,yahoo
INDUSINDBK,5m,2026-09-04T10:30:00+05:30,1001.4000244140625,1001.4000244140625,1001.0,1001.0,8311.0,yahoo
INDUSINDBK,5m,2026-09-04T10:35:00+05:30,1000.7000122070312,1002.0999755859375,1000.7000122070312,1001.2999877929688,7244.0,yahoo
INDUSINDBK,5m,2026-09-04T10:40:00+05:30,1001.2999877929688,1003.5,1001.2999877929688,1003.5,11128.0,yahoo
INDUSINDBK,5m,2026-09-04T10:45:00+05:30,1003.5,1003.7999877929688,1003.2000122070312,1003.5,7898.0,yahoo
INDUSINDBK,5m,2026-09-04T10:50:00+05:30,1003.5,1003.5999755859375,1001.7000122070312,1001.7000122070312,5302.0,yahoo
INDUSINDBK,5m,2026-09-04T10:55:00+05:30,1002.0,1002.4000244140625,1002.0,1002.2999877929688,6927.0,yahoo
INDUSINDBK,5m,2026-09-04T11:00:00+05:30,1002.4000244140625,1002.9000244140625,1002.2999877929688,1002.9000244140625,11959.0,yahoo
INDUSINDBK,5m,2026-09-04T11:05:00+05:30,1002.9000244140625,1003.5,1002.2999877929688,1003.5,6357.0,yahoo
INDUSINDBK,5m,2026-09-04T11:10:00+05:30,1003.4000244140625,1003.9000244140625,1003.2000122070312,1003.5999755859375,8618.0,yahoo
INDUSINDBK,5m,2026-09-04T11:15:00+05:30,1004.0999755859375,1004.7999877929688,1004.0,1004.4000244140625,21366.0,yahoo
INDUSINDBK,5m,2026-09-04T11:20:00+05:30,1004.5,1004.9000244140625,1004.0,1004.5999755859375,6687.0,yahoo
INDUSINDBK,5m,2026-09-04T11:25:00+05:30,1004.7000122070312,1006.5,1004.5999755859375,1005.2999877929688,14069.0,yahoo
INDUSINDBK,5m,2026-09-04T11:30:00+05:30,1005.4000244140625,1005.7000122070312,1005.0,1005.2000122070312,6265.0,yahoo
INDUSINDBK,5m,2026-09-04T11:35:00+05:30,1005.5,1005.7000122070312,1004.7000122070312,1004.7999877929688,9975.0,yahoo
INDUSINDBK,5m,2026-09-04T11:40:00+05:30,1004.7000122070312,1004.7999877929688,1003.5999755859375,1003.7999877929688,7346.0,yahoo
INDUSINDBK,5m,2026-09-04T11:45:00+05:30,1003.7999877929688,1004.5,1003.5999755859375,1004.4000244140625,4838.0,yahoo
INDUSINDBK,5m,2026-09-04T11:50:00+05:30,1004.4000244140625,1004.7000122070312,1004.0,1004.2000122070312,5400.0,yahoo
INDUSINDBK,5m,2026-09-04T11:55:00+05:30,1004.2000122070312,1004.9000244140625,1004.2000122070312,1004.9000244140625,3451.0,yahoo
INDUSINDBK,5m,2026-09-04T12:00:00+05:30,1004.5999755859375,1004.7999877929688,1003.0,1003.4000244140625,6595.0,yahoo
INDUSINDBK,5m,2026-09-04T12:05:00+05:30,1003.2999877929688,1003.7000122070312,1002.5999755859375,1003.4000244140625,5924.0,yahoo
INDUSINDBK,5m,2026-09-04T12:10:00+05:30,1003.4000244140625,1003.5,1001.7999877929688,1001.7999877929688,7360.0,yahoo
INDUSINDBK,5m,2026-09-04T12:15:00+05:30,1001.7999877929688,1002.4000244140625,1001.0,1001.0999755859375,8231.0,yahoo
INDUSINDBK,5m,2026-09-04T12:20:00+05:30,1001.5,1001.7000122070312,1000.4000244140625,1000.7999877929688,9027.0,yahoo
INDUSINDBK,5m,2026-09-04T12:25:00+05:30,1000.5999755859375,1000.9000244140625,999.7999877929688,1000.5,24620.0,yahoo
INDUSINDBK,5m,2026-09-04T12:30:00+05:30,1000.5,1001.9000244140625,999.7000122070312,1001.2999877929688,33095.0,yahoo
INDUSINDBK,5m,2026-09-04T12:35:00+05:30,1001.2999877929688,1002.5,1000.0999755859375,1001.0,68057.0,yahoo
INDUSINDBK,5m,2026-09-04T12:40:00+05:30,1000.0999755859375,1001.0,999.5,1000.5999755859375,40117.0,yahoo
INDUSINDBK,5m,2026-09-04T12:45:00+05:30,1000.5999755859375,1000.7000122070312,999.5999755859375,1000.0,87501.0,yahoo
INDUSINDBK,5m,2026-09-04T12:50:00+05:30,1000.0,1000.5999755859375,1000.0,1000.5999755859375,9914.0,yahoo
INDUSINDBK,5m,2026-09-04T12:55:00+05:30,1000.5999755859375,1001.9000244140625,1000.0999755859375,1001.7000122070312,6152.0,yahoo
INDUSINDBK,5m,2026-09-04T13:00:00+05:30,1001.2999877929688,1001.7000122070312,1001.0999755859375,1001.5999755859375,5538.0,yahoo
INDUSINDBK,5m,2026-09-04T13:05:00+05:30,1001.5999755859375,1001.7999877929688,1000.7000122070312,1001.0,13447.0,yahoo
INDUSINDBK,5m,2026-09-04T13:10:00+05:30,1000.7000122070312,1000.7999877929688,999.7000122070312,1000.7999877929688,97656.0,yahoo
INDUSINDBK,5m,2026-09-04T13:15:00+05:30,1000.7999877929688,1002.5,1000.7999877929688,1002.0999755859375,10902.0,yahoo
INDUSINDBK,5m,2026-09-04T13:20:00+05:30,1002.0999755859375,1002.7999877929688,1001.2000122070312,1001.5999755859375,21816.0,yahoo
INDUSINDBK,5m,2026-09-04T13:25:00+05:30,1001.5999755859375,1001.5999755859375,1000.5,1000.9000244140625,9837.0,yahoo
INDUSINDBK,5m,2026-09-04T13:30:00+05:30,1001.0,1001.5,1000.7000122070312,1001.0999755859375,4152.0,yahoo
INDUSINDBK,5m,2026-09-04T13:35:00+05:30,1001.2000122070312,1002.0,1001.2000122070312,1001.2999877929688,4926.0,yahoo
INDUSINDBK,5m,2026-09-04T13:40:00+05:30,1001.4000244140625,1002.2999877929688,1001.2000122070312,1001.2000122070312,5570.0,yahoo
INDUSINDBK,5m,2026-09-04T13:45:00+05:30,1001.2000122070312,1002.0,1001.0,1001.0,106378.0,yahoo
INDUSINDBK,5m,2026-09-04T13:50:00+05:30,1001.0,1001.2999877929688,1000.5,1000.7999877929688,6794.0,yahoo
INDUSINDBK,5m,2026-09-04T13:55:00+05:30,1000.9000244140625,1000.9000244140625,1000.5,1000.5999755859375,5679.0,yahoo
INDUSINDBK,5m,2026-09-04T14:00:00+05:30,1000.5999755859375,1001.0,1000.5,1000.5999755859375,7510.0,yahoo
INDUSINDBK,5m,2026-09-04T14:05:00+05:30,1000.7000122070312,1001.0,1000.2000122070312,1000.9000244140625,48045.0,yahoo
INDUSINDBK,5m,2026-09-04T14:10:00+05:30,1001.5,1004.5999755859375,1001.5,1004.2999877929688,20434.0,yahoo
INDUSINDBK,5m,2026-09-04T14:15:00+05:30,1004.4000244140625,1005.4000244140625,1003.7999877929688,1004.7000122070312,17010.0,yahoo
INDUSINDBK,5m,2026-09-04T14:20:00+05:30,1004.7999877929688,1007.7000122070312,1004.7999877929688,1007.5,67315.0,yahoo
INDUSINDBK,5m,2026-09-04T14:25:00+05:30,1007.4000244140625,1008.4000244140625,1007.4000244140625,1007.7999877929688,27461.0,yahoo
INDUSINDBK,5m,2026-09-04T14:30:00+05:30,1007.7999877929688,1008.4000244140625,1007.5999755859375,1007.7999877929688,15313.0,yahoo
INDUSINDBK,5m,2026-09-04T14:35:00+05:30,1007.0999755859375,1007.4000244140625,1006.0999755859375,1006.0999755859375,12975.0,yahoo
INDUSINDBK,5m,2026-09-04T14:40:00+05:30,1006.4000244140625,1007.2000122070312,1006.0999755859375,1007.0999755859375,8506.0,yahoo
INDUSINDBK,5m,2026-09-04T14:45:00+05:30,1007.2000122070312,1007.5,1006.5999755859375,1007.2000122070312,8019.0,yahoo
INDUSINDBK,5m,2026-09-04T14:50:00+05:30,1007.2000122070312,1008.0,1007.0,1007.9000244140625,10564.0,yahoo
INDUSINDBK,5m,2026-09-04T14:55:00+05:30,1008.0,1008.0,1007.0,1007.0,24069.0,yahoo
INDUSINDBK,5m,2026-09-04T15:00:00+05:30,1007.0,1007.5,1005.2999877929688,1006.4000244140625,24958.0,yahoo
INDUSINDBK,5m,2026-09-04T15:05:00+05:30,1006.0999755859375,1006.7999877929688,1005.5,1006.0,26526.0,yahoo
INDUSINDBK,5m,2026-09-04T15:10:00+05:30,1006.5999755859375,1006.5999755859375,1004.2000122070312,1005.4000244140625,50951.0,yahoo
INDUSINDBK,5m,2026-09-04T15:15:00+05:30,1005.0,1008.5,1005.0,1008.5,14546.0,yahoo
INFY,5m,2026-09-04T09:15:00+05:30,1133.199951171875,1146.699951171875,1133.199951171875,1143.5,0.0,yahoo
INFY,5m,2026-09-04T09:20:00+05:30,1143.0,1143.0999755859375,1136.800048828125,1139.0,100972.0,yahoo
INFY,5m,2026-09-04T09:25:00+05:30,1139.0,1144.0,1138.300048828125,1142.0999755859375,87409.0,yahoo
INFY,5m,2026-09-04T09:30:00+05:30,1142.300048828125,1142.5,1140.0999755859375,1140.699951171875,52114.0,yahoo
INFY,5m,2026-09-04T09:35:00+05:30,1140.5,1140.5,1137.699951171875,1138.0,58676.0,yahoo
INFY,5m,2026-09-04T09:40:00+05:30,1139.5,1141.5999755859375,1139.5,1141.5999755859375,77939.0,yahoo
INFY,5m,2026-09-04T09:45:00+05:30,1141.5999755859375,1141.5999755859375,1138.800048828125,1138.800048828125,37783.0,yahoo
INFY,5m,2026-09-04T09:50:00+05:30,1138.5,1139.5,1138.0999755859375,1139.0,35073.0,yahoo
INFY,5m,2026-09-04T09:55:00+05:30,1139.0,1139.5999755859375,1136.0,1136.300048828125,47219.0,yahoo
INFY,5m,2026-09-04T10:00:00+05:30,1136.300048828125,1139.0,1136.0,1138.5999755859375,61413.0,yahoo
INFY,5m,2026-09-04T10:05:00+05:30,1139.0,1139.0999755859375,1136.800048828125,1137.699951171875,54605.0,yahoo
INFY,5m,2026-09-04T10:10:00+05:30,1138.0999755859375,1138.0999755859375,1135.5999755859375,1135.800048828125,60182.0,yahoo
INFY,5m,2026-09-04T10:15:00+05:30,1135.800048828125,1136.0,1135.199951171875,1135.4000244140625,51514.0,yahoo
INFY,5m,2026-09-04T10:20:00+05:30,1135.699951171875,1136.0,1135.4000244140625,1135.5,43868.0,yahoo
INFY,5m,2026-09-04T10:25:00+05:30,1135.5,1136.0999755859375,1135.0,1135.800048828125,46400.0,yahoo
INFY,5m,2026-09-04T10:30:00+05:30,1135.800048828125,1136.0,1133.300048828125,1133.5,55185.0,yahoo
INFY,5m,2026-09-04T10:35:00+05:30,1133.800048828125,1133.800048828125,1130.5999755859375,1130.699951171875,88282.0,yahoo
INFY,5m,2026-09-04T10:40:00+05:30,1131.0,1131.0,1129.0,1130.0,159964.0,yahoo
INFY,5m,2026-09-04T10:45:00+05:30,1130.0,1130.0,1129.4000244140625,1129.5999755859375,83002.0,yahoo
INFY,5m,2026-09-04T10:50:00+05:30,1129.5999755859375,1130.0,1129.0999755859375,1129.800048828125,57090.0,yahoo
INFY,5m,2026-09-04T10:55:00+05:30,1129.800048828125,1130.0,1129.300048828125,1130.0,76090.0,yahoo
INFY,5m,2026-09-04T11:00:00+05:30,1130.0,1130.0,1128.4000244140625,1130.0,68676.0,yahoo
INFY,5m,2026-09-04T11:05:00+05:30,1130.0,1132.199951171875,1129.9000244140625,1130.800048828125,108619.0,yahoo
INFY,5m,2026-09-04T11:10:00+05:30,1130.800048828125,1131.0,1130.5,1131.0,40513.0,yahoo
INFY,5m,2026-09-04T11:15:00+05:30,1131.0,1132.199951171875,1130.800048828125,1132.0,109489.0,yahoo
INFY,5m,2026-09-04T11:20:00+05:30,1132.0,1132.0,1130.199951171875,1130.5,64959.0,yahoo
INFY,5m,2026-09-04T11:25:00+05:30,1130.5999755859375,1131.800048828125,1129.699951171875,1131.800048828125,159388.0,yahoo
INFY,5m,2026-09-04T11:30:00+05:30,1131.699951171875,1132.9000244140625,1131.300048828125,1132.9000244140625,204505.0,yahoo
INFY,5m,2026-09-04T11:35:00+05:30,1132.800048828125,1133.0,1131.5,1131.9000244140625,44428.0,yahoo
INFY,5m,2026-09-04T11:40:00+05:30,1131.9000244140625,1132.0,1131.5,1132.0,66140.0,yahoo
INFY,5m,2026-09-04T11:45:00+05:30,1132.0,1133.0,1131.199951171875,1132.199951171875,113858.0,yahoo
INFY,5m,2026-09-04T11:50:00+05:30,1132.4000244140625,1133.199951171875,1132.0,1132.0,100172.0,yahoo
INFY,5m,2026-09-04T11:55:00+05:30,1132.0,1132.800048828125,1131.4000244140625,1132.199951171875,54416.0,yahoo
INFY,5m,2026-09-04T12:00:00+05:30,1132.5999755859375,1132.800048828125,1132.0,1132.300048828125,50151.0,yahoo
INFY,5m,2026-09-04T12:05:00+05:30,1132.300048828125,1132.5,1131.5,1132.199951171875,41295.0,yahoo
INFY,5m,2026-09-04T12:10:00+05:30,1132.0,1133.4000244140625,1131.5,1133.199951171875,76833.0,yahoo
INFY,5m,2026-09-04T12:15:00+05:30,1133.300048828125,1133.4000244140625,1131.5999755859375,1131.800048828125,68321.0,yahoo
INFY,5m,2026-09-04T12:20:00+05:30,1132.0,1132.5,1131.5999755859375,1132.0,39395.0,yahoo
INFY,5m,2026-09-04T12:25:00+05:30,1131.800048828125,1132.0999755859375,1131.300048828125,1131.300048828125,30158.0,yahoo
INFY,5m,2026-09-04T12:30:00+05:30,1131.300048828125,1131.699951171875,1131.0,1131.0999755859375,29306.0,yahoo
INFY,5m,2026-09-04T12:35:00+05:30,1131.0999755859375,1131.699951171875,1131.0,1131.699951171875,29772.0,yahoo
INFY,5m,2026-09-04T12:40:00+05:30,1131.699951171875,1132.0,1131.5,1131.699951171875,38045.0,yahoo
INFY,5m,2026-09-04T12:45:00+05:30,1131.800048828125,1132.0,1131.300048828125,1131.9000244140625,32534.0,yahoo
INFY,5m,2026-09-04T12:50:00+05:30,1132.0,1132.199951171875,1131.5,1131.5,41945.0,yahoo
INFY,5m,2026-09-04T12:55:00+05:30,1131.5,1132.199951171875,1131.4000244140625,1132.0,28636.0,yahoo
INFY,5m,2026-09-04T13:00:00+05:30,1132.199951171875,1132.300048828125,1131.5,1131.800048828125,47545.0,yahoo
INFY,5m,2026-09-04T13:05:00+05:30,1131.800048828125,1132.300048828125,1131.5,1132.0,32117.0,yahoo
INFY,5m,2026-09-04T13:10:00+05:30,1132.0999755859375,1132.300048828125,1131.0,1131.300048828125,90402.0,yahoo
INFY,5m,2026-09-04T13:15:00+05:30,1131.699951171875,1131.800048828125,1131.0,1131.5999755859375,34673.0,yahoo
INFY,5m,2026-09-04T13:20:00+05:30,1131.300048828125,1131.699951171875,1129.699951171875,1130.699951171875,101511.0,yahoo
INFY,5m,2026-09-04T13:25:00+05:30,1130.699951171875,1130.9000244140625,1129.0999755859375,1129.5,77865.0,yahoo
INFY,5m,2026-09-04T13:30:00+05:30,1129.5,1129.9000244140625,1128.0,1129.0,70735.0,yahoo
INFY,5m,2026-09-04T13:35:00+05:30,1129.0999755859375,1129.5,1129.0,1129.5,31174.0,yahoo
INFY,5m,2026-09-04T13:40:00+05:30,1129.4000244140625,1129.5999755859375,1128.199951171875,1129.4000244140625,72620.0,yahoo
INFY,5m,2026-09-04T13:45:00+05:30,1129.4000244140625,1130.0,1129.300048828125,1129.9000244140625,42636.0,yahoo
INFY,5m,2026-09-04T13:50:00+05:30,1129.800048828125,1130.0,1129.0999755859375,1129.5,67123.0,yahoo
INFY,5m,2026-09-04T13:55:00+05:30,1129.5,1129.5,1128.300048828125,1128.5,44387.0,yahoo
INFY,5m,2026-09-04T14:00:00+05:30,1128.9000244140625,1129.699951171875,1128.5,1129.300048828125,35503.0,yahoo
INFY,5m,2026-09-04T14:05:00+05:30,1129.0999755859375,1129.699951171875,1128.5,1129.0999755859375,45756.0,yahoo
INFY,5m,2026-09-04T14:10:00+05:30,1129.5,1129.5999755859375,1128.5,1129.0999755859375,50575.0,yahoo
INFY,5m,2026-09-04T14:15:00+05:30,1129.0999755859375,1129.5,1128.199951171875,1128.4000244140625,36770.0,yahoo
INFY,5m,2026-09-04T14:20:00+05:30,1128.5999755859375,1129.300048828125,1128.4000244140625,1129.0999755859375,55793.0,yahoo
INFY,5m,2026-09-04T14:25:00+05:30,1129.0999755859375,1130.0,1128.5,1129.800048828125,80780.0,yahoo
INFY,5m,2026-09-04T14:30:00+05:30,1129.9000244140625,1130.300048828125,1129.199951171875,1129.300048828125,71476.0,yahoo
INFY,5m,2026-09-04T14:35:00+05:30,1129.5999755859375,1129.9000244140625,1129.0,1129.300048828125,60908.0,yahoo
INFY,5m,2026-09-04T14:40:00+05:30,1129.5,1129.699951171875,1128.300048828125,1128.5999755859375,58361.0,yahoo
INFY,5m,2026-09-04T14:45:00+05:30,1128.5999755859375,1128.5999755859375,1127.199951171875,1127.9000244140625,96176.0,yahoo
INFY,5m,2026-09-04T14:50:00+05:30,1127.4000244140625,1128.0,1126.800048828125,1128.0,90848.0,yahoo
INFY,5m,2026-09-04T14:55:00+05:30,1128.0,1128.5,1127.5,1128.4000244140625,88549.0,yahoo
INFY,5m,2026-09-04T15:00:00+05:30,1128.0,1129.0,1127.9000244140625,1128.5999755859375,111881.0,yahoo
INFY,5m,2026-09-04T15:05:00+05:30,1128.699951171875,1128.699951171875,1127.5,1128.199951171875,223199.0,yahoo
INFY,5m,2026-09-04T15:10:00+05:30,1128.199951171875,1129.300048828125,1127.300048828125,1128.5,522028.0,yahoo
INFY,5m,2026-09-04T15:15:00+05:30,1128.5,1130.0,1128.5,1130.0,184784.0,yahoo
ITC,5m,2026-09-04T09:15:00+05:30,263.95001220703125,263.95001220703125,262.70001220703125,263.45001220703125,0.0,yahoo
ITC,5m,2026-09-04T09:20:00+05:30,263.5,263.8500061035156,263.29998779296875,263.70001220703125,129674.0,yahoo
ITC,5m,2026-09-04T09:25:00+05:30,263.70001220703125,263.95001220703125,263.45001220703125,263.6000061035156,110903.0,yahoo
ITC,5m,2026-09-04T09:30:00+05:30,263.70001220703125,263.70001220703125,263.29998779296875,263.5,63563.0,yahoo
ITC,5m,2026-09-04T09:35:00+05:30,263.5,263.79998779296875,263.3500061035156,263.6000061035156,75285.0,yahoo
ITC,5m,2026-09-04T09:40:00+05:30,263.6000061035156,263.70001220703125,263.29998779296875,263.70001220703125,85565.0,yahoo
ITC,5m,2026-09-04T09:45:00+05:30,263.70001220703125,264.3500061035156,263.70001220703125,264.0,216649.0,yahoo
ITC,5m,2026-09-04T09:50:00+05:30,264.1499938964844,264.20001220703125,263.75,263.8999938964844,116515.0,yahoo
ITC,5m,2026-09-04T09:55:00+05:30,263.95001220703125,264.1000061035156,263.75,263.95001220703125,143300.0,yahoo
ITC,5m,2026-09-04T10:00:00+05:30,263.79998779296875,264.5,263.79998779296875,264.3500061035156,97857.0,yahoo
ITC,5m,2026-09-04T10:05:00+05:30,264.29998779296875,264.3999938964844,264.1000061035156,264.3500061035156,68810.0,yahoo
ITC,5m,2026-09-04T10:10:00+05:30,264.3500061035156,264.3500061035156,263.8999938964844,263.8999938964844,108064.0,yahoo
ITC,5m,2026-09-04T10:15:00+05:30,264.0,264.3999938964844,264.0,264.29998779296875,95186.0,yahoo
ITC,5m,2026-09-04T10:20:00+05:30,264.29998779296875,264.54998779296875,264.1499938964844,264.54998779296875,65308.0,yahoo
ITC,5m,2026-09-04T10:25:00+05:30,264.45001220703125,264.54998779296875,264.3999938964844,264.54998779296875,82159.0,yahoo
ITC,5m,2026-09-04T10:30:00+05:30,264.6000061035156,264.6499938964844,264.45001220703125,264.45001220703125,59697.0,yahoo
ITC,5m,2026-09-04T10:35:00+05:30,264.3999938964844,265.54998779296875,264.1499938964844,265.29998779296875,580981.0,yahoo
ITC,5m,2026-09-04T10:40:00+05:30,265.3999938964844,265.3999938964844,265.1000061035156,265.29998779296875,85988.0,yahoo
ITC,5m,2026-09-04T10:45:00+05:30,265.29998779296875,265.3500061035156,265.1499938964844,265.29998779296875,125748.0,yahoo
ITC,5m,2026-09-04T10:50:00+05:30,265.3500061035156,265.45001220703125,265.1000061035156,265.45001220703125,105715.0,yahoo
ITC,5m,2026-09-04T10:55:00+05:30,265.3999938964844,265.45001220703125,265.29998779296875,265.3999938964844,66504.0,yahoo
ITC,5m,2026-09-04T11:00:00+05:30,265.3999938964844,265.5,265.04998779296875,265.1000061035156,81034.0,yahoo
ITC,5m,2026-09-04T11:05:00+05:30,265.1499938964844,265.29998779296875,264.8999938964844,264.8999938964844,47389.0,yahoo
ITC,5m,2026-09-04T11:10:00+05:30,265.0,265.1000061035156,264.8999938964844,265.0,60112.0,yahoo
ITC,5m,2026-09-04T11:15:00+05:30,265.0,265.0,264.6000061035156,264.6499938964844,52030.0,yahoo
ITC,5m,2026-09-04T11:20:00+05:30,264.6000061035156,265.54998779296875,264.6000061035156,265.5,538549.0,yahoo
ITC,5m,2026-09-04T11:25:00+05:30,265.54998779296875,266.1000061035156,265.3999938964844,266.0,396510.0,yahoo
ITC,5m,2026-09-04T11:30:00+05:30,266.1000061035156,266.25,265.8999938964844,266.0,119349.0,yahoo
ITC,5m,2026-09-04T11:35:00+05:30,266.0,266.1000061035156,265.70001220703125,265.75,127633.0,yahoo
ITC,5m,2026-09-04T11:40:00+05:30,265.75,265.95001220703125,265.20001220703125,265.3500061035156,327278.0,yahoo
ITC,5m,2026-09-04T11:45:00+05:30,265.20001220703125,265.54998779296875,265.20001220703125,265.54998779296875,188555.0,yahoo
ITC,5m,2026-09-04T11:50:00+05:30,265.54998779296875,265.6499938964844,265.25,265.6000061035156,289323.0,yahoo
ITC,5m,2026-09-04T11:55:00+05:30,265.5,265.70001220703125,265.1499938964844,265.1499938964844,267616.0,yahoo
ITC,5m,2026-09-04T12:00:00+05:30,265.1499938964844,265.29998779296875,264.79998779296875,264.8999938964844,93007.0,yahoo
ITC,5m,2026-09-04T12:05:00+05:30,264.8500061035156,264.8999938964844,264.70001220703125,264.79998779296875,55603.0,yahoo
ITC,5m,2026-09-04T12:10:00+05:30,264.79998779296875,264.79998779296875,264.3999938964844,264.54998779296875,79748.0,yahoo
ITC,5m,2026-09-04T12:15:00+05:30,264.54998779296875,264.6499938964844,264.3999938964844,264.54998779296875,52531.0,yahoo
ITC,5m,2026-09-04T12:20:00+05:30,264.54998779296875,264.54998779296875,264.20001220703125,264.3500061035156,91377.0,yahoo
ITC,5m,2026-09-04T12:25:00+05:30,264.25,264.3500061035156,264.25,264.29998779296875,59456.0,yahoo
ITC,5m,2026-09-04T12:30:00+05:30,264.29998779296875,264.29998779296875,264.20001220703125,264.25,40833.0,yahoo
ITC,5m,2026-09-04T12:35:00+05:30,264.29998779296875,264.29998779296875,264.1000061035156,264.20001220703125,55362.0,yahoo
ITC,5m,2026-09-04T12:40:00+05:30,264.20001220703125,264.20001220703125,264.04998779296875,264.1499938964844,37391.0,yahoo
ITC,5m,2026-09-04T12:45:00+05:30,264.1000061035156,264.1499938964844,264.04998779296875,264.1499938964844,46948.0,yahoo
ITC,5m,2026-09-04T12:50:00+05:30,264.1499938964844,264.25,264.1499938964844,264.1499938964844,40298.0,yahoo
ITC,5m,2026-09-04T12:55:00+05:30,264.1499938964844,264.1499938964844,263.8999938964844,264.0,109435.0,yahoo
ITC,5m,2026-09-04T13:00:00+05:30,264.1000061035156,264.1499938964844,264.0,264.04998779296875,23178.0,yahoo
ITC,5m,2026-09-04T13:05:00+05:30,264.04998779296875,264.3500061035156,264.04998779296875,264.3500061035156,129703.0,yahoo
ITC,5m,2026-09-04T13:10:00+05:30,264.25,264.70001220703125,264.1499938964844,264.6000061035156,55045.0,yahoo
ITC,5m,2026-09-04T13:15:00+05:30,264.70001220703125,264.75,264.45001220703125,264.54998779296875,18930.0,yahoo
ITC,5m,2026-09-04T13:20:00+05:30,264.5,264.8999938964844,264.3500061035156,264.79998779296875,69431.0,yahoo
ITC,5m,2026-09-04T13:25:00+05:30,264.8500061035156,264.8500061035156,264.3999938964844,264.70001220703125,87932.0,yahoo
ITC,5m,2026-09-04T13:30:00+05:30,264.70001220703125,264.70001220703125,264.29998779296875,264.29998779296875,63231.0,yahoo
ITC,5m,2026-09-04T13:35:00+05:30,264.3500061035156,264.3999938964844,264.25,264.25,30783.0,yahoo
ITC,5m,2026-09-04T13:40:00+05:30,264.29998779296875,264.3500061035156,264.1499938964844,264.1499938964844,44469.0,yahoo
ITC,5m,2026-09-04T13:45:00+05:30,264.20001220703125,264.29998779296875,264.1499938964844,264.20001220703125,34594.0,yahoo
ITC,5m,2026-09-04T13:50:00+05:30,264.25,264.25,264.1000061035156,264.20001220703125,40933.0,yahoo
ITC,5m,2026-09-04T13:55:00+05:30,264.20001220703125,264.25,264.1000061035156,264.1000061035156,24390.0,yahoo
ITC,5m,2026-09-04T14:00:00+05:30,264.1499938964844,264.25,264.04998779296875,264.20001220703125,44199.0,yahoo
ITC,5m,2026-09-04T14:05:00+05:30,264.20001220703125,264.25,264.04998779296875,264.1000061035156,35995.0,yahoo
ITC,5m,2026-09-04T14:10:00+05:30,264.1000061035156,264.25,264.04998779296875,264.1499938964844,54587.0,yahoo
ITC,5m,2026-09-04T14:15:00+05:30,264.20001220703125,264.3500061035156,264.04998779296875,264.3500061035156,85600.0,yahoo
ITC,5m,2026-09-04T14:20:00+05:30,264.3500061035156,264.45001220703125,264.1499938964844,264.1499938964844,97815.0,yahoo
ITC,5m,2026-09-04T14:25:00+05:30,264.1000061035156,264.3999938964844,264.1000061035156,264.29998779296875,86697.0,yahoo
ITC,5m,2026-09-04T14:30:00+05:30,264.25,264.54998779296875,264.25,264.3999938964844,62595.0,yahoo
ITC,5m,2026-09-04T14:35:00+05:30,264.45001220703125,264.45001220703125,264.1000061035156,264.25,71295.0,yahoo
ITC,5m,2026-09-04T14:40:00+05:30,264.20001220703125,264.29998779296875,264.04998779296875,264.20001220703125,66213.0,yahoo
ITC,5m,2026-09-04T14:45:00+05:30,264.04998779296875,264.70001220703125,264.04998779296875,264.6000061035156,347904.0,yahoo
ITC,5m,2026-09-04T14:50:00+05:30,264.75,264.8999938964844,264.3999938964844,264.6000061035156,324659.0,yahoo
ITC,5m,2026-09-04T14:55:00+05:30,264.54998779296875,265.0,264.45001220703125,265.0,209879.0,yahoo
ITC,5m,2026-09-04T15:00:00+05:30,264.8999938964844,265.0,264.8500061035156,264.8500061035156,248338.0,yahoo
ITC,5m,2026-09-04T15:05:00+05:30,264.95001220703125,265.04998779296875,264.79998779296875,264.8999938964844,215856.0,yahoo
ITC,5m,2026-09-04T15:10:00+05:30,265.04998779296875,265.1499938964844,264.0,264.75,772117.0,yahoo
ITC,5m,2026-09-04T15:15:00+05:30,264.75,264.75,264.1000061035156,264.1000061035156,140330.0,yahoo
JIOFIN,5m,2026-09-04T09:15:00+05:30,237.8000030517578,239.4499969482422,237.8000030517578,239.2899932861328,0.0,yahoo
JIOFIN,5m,2026-09-04T09:20:00+05:30,239.3300018310547,239.3300018310547,238.6999969482422,239.27000427246094,262356.0,yahoo
JIOFIN,5m,2026-09-04T09:25:00+05:30,239.2100067138672,239.5500030517578,239.13999938964844,239.38999938964844,257350.0,yahoo
JIOFIN,5m,2026-09-04T09:30:00+05:30,239.38999938964844,239.5,239.0500030517578,239.27999877929688,122104.0,yahoo
JIOFIN,5m,2026-09-04T09:35:00+05:30,239.22999572753906,239.33999633789062,239.0800018310547,239.33999633789062,126736.0,yahoo
JIOFIN,5m,2026-09-04T09:40:00+05:30,239.1699981689453,239.8000030517578,239.07000732421875,239.69000244140625,176819.0,yahoo
JIOFIN,5m,2026-09-04T09:45:00+05:30,239.67999267578125,240.1300048828125,239.50999450683594,239.74000549316406,272263.0,yahoo
JIOFIN,5m,2026-09-04T09:50:00+05:30,239.9499969482422,240.47999572753906,239.85000610351562,240.39999389648438,622149.0,yahoo
JIOFIN,5m,2026-09-04T09:55:00+05:30,240.42999267578125,240.47999572753906,239.5,239.6300048828125,382241.0,yahoo
JIOFIN,5m,2026-09-04T10:00:00+05:30,239.61000061035156,239.61000061035156,238.91000366210938,239.1199951171875,237985.0,yahoo
JIOFIN,5m,2026-09-04T10:05:00+05:30,239.10000610351562,239.3000030517578,239.0500030517578,239.14999389648438,103324.0,yahoo
JIOFIN,5m,2026-09-04T10:10:00+05:30,239.13999938964844,239.13999938964844,238.58999633789062,238.77000427246094,172785.0,yahoo
JIOFIN,5m,2026-09-04T10:15:00+05:30,238.77000427246094,239.2899932861328,238.66000366210938,239.16000366210938,137733.0,yahoo
JIOFIN,5m,2026-09-04T10:20:00+05:30,239.1999969482422,239.4199981689453,239.1999969482422,239.30999755859375,81862.0,yahoo
JIOFIN,5m,2026-09-04T10:25:00+05:30,239.36000061035156,239.5800018310547,239.30999755859375,239.38999938964844,103344.0,yahoo
JIOFIN,5m,2026-09-04T10:30:00+05:30,239.38999938964844,239.60000610351562,239.11000061035156,239.16000366210938,103477.0,yahoo
JIOFIN,5m,2026-09-04T10:35:00+05:30,239.13999938964844,239.13999938964844,238.91000366210938,238.9600067138672,101716.0,yahoo
JIOFIN,5m,2026-09-04T10:40:00+05:30,238.9600067138672,238.9600067138672,238.64999389648438,238.75,104471.0,yahoo
JIOFIN,5m,2026-09-04T10:45:00+05:30,238.75,238.8800048828125,238.6199951171875,238.75,117407.0,yahoo
JIOFIN,5m,2026-09-04T10:50:00+05:30,238.75,238.8000030517578,238.25999450683594,238.4600067138672,213733.0,yahoo
JIOFIN,5m,2026-09-04T10:55:00+05:30,238.4600067138672,238.57000732421875,238.39999389648438,238.49000549316406,77351.0,yahoo
JIOFIN,5m,2026-09-04T11:00:00+05:30,238.52999877929688,238.75,238.50999450683594,238.75,72838.0,yahoo
JIOFIN,5m,2026-09-04T11:05:00+05:30,238.6999969482422,238.8000030517578,238.61000061035156,238.74000549316406,50474.0,yahoo
JIOFIN,5m,2026-09-04T11:10:00+05:30,238.74000549316406,238.82000732421875,238.5800018310547,238.60000610351562,55223.0,yahoo
JIOFIN,5m,2026-09-04T11:15:00+05:30,238.61000061035156,238.89999389648438,238.61000061035156,238.89999389648438,101036.0,yahoo
JIOFIN,5m,2026-09-04T11:20:00+05:30,238.89999389648438,239.02999877929688,238.88999938964844,238.97000122070312,60098.0,yahoo
JIOFIN,5m,2026-09-04T11:25:00+05:30,238.92999267578125,239.0500030517578,238.89999389648438,238.9199981689453,62196.0,yahoo
JIOFIN,5m,2026-09-04T11:30:00+05:30,238.92999267578125,239.44000244140625,238.89999389648438,239.25,85533.0,yahoo
JIOFIN,5m,2026-09-04T11:35:00+05:30,239.24000549316406,239.39999389648438,239.1300048828125,239.27999877929688,52206.0,yahoo
JIOFIN,5m,2026-09-04T11:40:00+05:30,239.25999450683594,239.25999450683594,239.0500030517578,239.14999389648438,38796.0,yahoo
JIOFIN,5m,2026-09-04T11:45:00+05:30,239.14999389648438,239.3000030517578,239.07000732421875,239.16000366210938,55937.0,yahoo
JIOFIN,5m,2026-09-04T11:50:00+05:30,239.17999267578125,239.33999633789062,239.1699981689453,239.3300018310547,72917.0,yahoo
JIOFIN,5m,2026-09-04T11:55:00+05:30,239.3000030517578,239.38999938964844,239.24000549316406,239.25999450683594,38610.0,yahoo
JIOFIN,5m,2026-09-04T12:00:00+05:30,239.25,239.25999450683594,239.19000244140625,239.25,214573.0,yahoo
JIOFIN,5m,2026-09-04T12:05:00+05:30,239.25,239.25,238.8000030517578,238.9199981689453,135679.0,yahoo
JIOFIN,5m,2026-09-04T12:10:00+05:30,238.9199981689453,238.92999267578125,238.6300048828125,238.7100067138672,71643.0,yahoo
JIOFIN,5m,2026-09-04T12:15:00+05:30,238.6999969482422,238.9499969482422,238.57000732421875,238.77000427246094,78759.0,yahoo
JIOFIN,5m,2026-09-04T12:20:00+05:30,238.85000610351562,238.88999938964844,238.41000366210938,238.52999877929688,59102.0,yahoo
JIOFIN,5m,2026-09-04T12:25:00+05:30,238.52000427246094,238.63999938964844,238.50999450683594,238.58999633789062,31460.0,yahoo
JIOFIN,5m,2026-09-04T12:30:00+05:30,238.60000610351562,238.6300048828125,238.4499969482422,238.5800018310547,60474.0,yahoo
JIOFIN,5m,2026-09-04T12:35:00+05:30,238.58999633789062,238.69000244140625,238.58999633789062,238.6300048828125,47603.0,yahoo
JIOFIN,5m,2026-09-04T12:40:00+05:30,238.6300048828125,238.63999938964844,238.5,238.5,43725.0,yahoo
JIOFIN,5m,2026-09-04T12:45:00+05:30,238.50999450683594,238.6699981689453,238.5,238.55999755859375,35461.0,yahoo
JIOFIN,5m,2026-09-04T12:50:00+05:30,238.52999877929688,238.6199951171875,238.4499969482422,238.4499969482422,39521.0,yahoo
JIOFIN,5m,2026-09-04T12:55:00+05:30,238.4499969482422,238.4600067138672,238.25999450683594,238.36000061035156,57919.0,yahoo
JIOFIN,5m,2026-09-04T13:00:00+05:30,238.3800048828125,238.39999389648438,238.2899932861328,238.30999755859375,52892.0,yahoo
JIOFIN,5m,2026-09-04T13:05:00+05:30,238.3000030517578,238.49000549316406,238.2899932861328,238.44000244140625,58159.0,yahoo
JIOFIN,5m,2026-09-04T13:10:00+05:30,238.44000244140625,238.5500030517578,238.39999389648438,238.4600067138672,31289.0,yahoo
JIOFIN,5m,2026-09-04T13:15:00+05:30,238.47999572753906,238.72999572753906,238.47000122070312,238.72999572753906,68375.0,yahoo
JIOFIN,5m,2026-09-04T13:20:00+05:30,238.74000549316406,238.89999389648438,238.58999633789062,238.72000122070312,47505.0,yahoo
JIOFIN,5m,2026-09-04T13:25:00+05:30,238.72000122070312,238.8000030517578,238.30999755859375,238.5,318204.0,yahoo
JIOFIN,5m,2026-09-04T13:30:00+05:30,238.6300048828125,238.89999389648438,238.6300048828125,238.82000732421875,77993.0,yahoo
JIOFIN,5m,2026-09-04T13:35:00+05:30,238.8300018310547,238.8800048828125,238.6999969482422,238.74000549316406,32479.0,yahoo
JIOFIN,5m,2026-09-04T13:40:00+05:30,238.8000030517578,238.88999938964844,238.7100067138672,238.82000732421875,67386.0,yahoo
JIOFIN,5m,2026-09-04T13:45:00+05:30,238.82000732421875,239.27999877929688,238.80999755859375,239.08999633789062,221295.0,yahoo
JIOFIN,5m,2026-09-04T13:50:00+05:30,239.08999633789062,239.1999969482422,239.00999450683594,239.05999755859375,105624.0,yahoo
JIOFIN,5m,2026-09-04T13:55:00+05:30,239.1300048828125,239.22000122070312,239.05999755859375,239.14999389648438,57473.0,yahoo
JIOFIN,5m,2026-09-04T14:00:00+05:30,239.17999267578125,239.5500030517578,239.14999389648438,239.5,141661.0,yahoo
JIOFIN,5m,2026-09-04T14:05:00+05:30,239.5,239.55999755859375,239.3699951171875,239.4499969482422,144176.0,yahoo
JIOFIN,5m,2026-09-04T14:10:00+05:30,239.47000122070312,240.61000061035156,239.4499969482422,240.24000549316406,1505659.0,yahoo
JIOFIN,5m,2026-09-04T14:15:00+05:30,240.25,240.3800048828125,239.9199981689453,240.3000030517578,212959.0,yahoo
JIOFIN,5m,2026-09-04T14:20:00+05:30,240.24000549316406,240.35000610351562,240.0500030517578,240.11000061035156,118815.0,yahoo
JIOFIN,5m,2026-09-04T14:25:00+05:30,240.1199951171875,240.25,240.0500030517578,240.08999633789062,175886.0,yahoo
JIOFIN,5m,2026-09-04T14:30:00+05:30,240.10000610351562,240.11000061035156,239.97000122070312,240.0,200460.0,yahoo
JIOFIN,5m,2026-09-04T14:35:00+05:30,240.0,240.0399932861328,239.8000030517578,239.9199981689453,280332.0,yahoo
JIOFIN,5m,2026-09-04T14:40:00+05:30,239.9199981689453,240.0500030517578,239.64999389648438,239.6699981689453,180303.0,yahoo
JIOFIN,5m,2026-09-04T14:45:00+05:30,239.6300048828125,239.75,239.60000610351562,239.6699981689453,154567.0,yahoo
JIOFIN,5m,2026-09-04T14:50:00+05:30,239.67999267578125,239.75999450683594,239.2100067138672,239.41000366210938,307755.0,yahoo
JIOFIN,5m,2026-09-04T14:55:00+05:30,239.4499969482422,239.57000732421875,239.25999450683594,239.52999877929688,173998.0,yahoo
JIOFIN,5m,2026-09-04T15:00:00+05:30,239.5399932861328,240.0,239.47000122070312,239.82000732421875,449973.0,yahoo
JIOFIN,5m,2026-09-04T15:05:00+05:30,239.82000732421875,240.17999267578125,239.82000732421875,240.10000610351562,361963.0,yahoo
JIOFIN,5m,2026-09-04T15:10:00+05:30,240.07000732421875,240.07000732421875,239.6199951171875,239.8300018310547,381089.0,yahoo
JIOFIN,5m,2026-09-04T15:15:00+05:30,239.89999389648438,239.89999389648438,239.5,239.5,145246.0,yahoo
JSWENERGY,5m,2026-09-04T09:15:00+05:30,539.2000122070312,539.2000122070312,536.5999755859375,536.7000122070312,0.0,yahoo
JSWENERGY,5m,2026-09-04T09:20:00+05:30,536.9500122070312,538.4000244140625,536.9500122070312,537.9500122070312,6789.0,yahoo
JSWENERGY,5m,2026-09-04T09:25:00+05:30,537.9000244140625,538.0,537.0999755859375,537.3499755859375,6529.0,yahoo
JSWENERGY,5m,2026-09-04T09:30:00+05:30,537.5,537.9500122070312,537.0499877929688,537.75,4544.0,yahoo
JSWENERGY,5m,2026-09-04T09:35:00+05:30,537.5999755859375,538.0499877929688,537.2000122070312,537.6500244140625,5848.0,yahoo
JSWENERGY,5m,2026-09-04T09:40:00+05:30,537.6500244140625,537.8499755859375,537.25,537.25,4422.0,yahoo
JSWENERGY,5m,2026-09-04T09:45:00+05:30,537.0,537.7000122070312,537.0,537.4000244140625,2818.0,yahoo
JSWENERGY,5m,2026-09-04T09:50:00+05:30,537.0499877929688,537.7000122070312,536.8499755859375,537.5,7705.0,yahoo
JSWENERGY,5m,2026-09-04T09:55:00+05:30,537.7000122070312,537.7000122070312,537.2000122070312,537.5,3480.0,yahoo
JSWENERGY,5m,2026-09-04T10:00:00+05:30,537.5,537.8499755859375,537.2999877929688,537.7000122070312,4268.0,yahoo
JSWENERGY,5m,2026-09-04T10:05:00+05:30,537.5499877929688,538.5999755859375,537.5499877929688,538.0999755859375,12975.0,yahoo
JSWENERGY,5m,2026-09-04T10:10:00+05:30,538.0499877929688,538.5999755859375,538.0499877929688,538.3499755859375,7217.0,yahoo
JSWENERGY,5m,2026-09-04T10:15:00+05:30,538.25,538.3499755859375,538.0,538.2000122070312,3524.0,yahoo
JSWENERGY,5m,2026-09-04T10:20:00+05:30,538.0999755859375,538.6500244140625,538.0,538.0,9468.0,yahoo
JSWENERGY,5m,2026-09-04T10:25:00+05:30,538.0,538.3499755859375,537.9500122070312,538.0999755859375,2527.0,yahoo
JSWENERGY,5m,2026-09-04T10:30:00+05:30,538.1500244140625,538.2000122070312,537.0999755859375,537.0999755859375,8448.0,yahoo
JSWENERGY,5m,2026-09-04T10:35:00+05:30,537.0999755859375,537.0999755859375,536.6500244140625,537.0,3584.0,yahoo
JSWENERGY,5m,2026-09-04T10:40:00+05:30,537.2000122070312,537.7999877929688,537.2000122070312,537.75,2583.0,yahoo
JSWENERGY,5m,2026-09-04T10:45:00+05:30,537.75,537.7999877929688,537.2000122070312,537.2999877929688,1891.0,yahoo
JSWENERGY,5m,2026-09-04T10:50:00+05:30,537.2999877929688,537.4500122070312,537.0,537.25,2772.0,yahoo
JSWENERGY,5m,2026-09-04T10:55:00+05:30,537.25,537.25,537.2000122070312,537.25,2200.0,yahoo
JSWENERGY,5m,2026-09-04T11:00:00+05:30,537.25,537.25,537.2000122070312,537.25,873.0,yahoo
JSWENERGY,5m,2026-09-04T11:05:00+05:30,537.25,537.5999755859375,537.0499877929688,537.4000244140625,5512.0,yahoo
JSWENERGY,5m,2026-09-04T11:10:00+05:30,537.4000244140625,537.4000244140625,536.9500122070312,537.3499755859375,1967.0,yahoo
JSWENERGY,5m,2026-09-04T11:15:00+05:30,537.4000244140625,537.4000244140625,537.25,537.3499755859375,1370.0,yahoo
JSWENERGY,5m,2026-09-04T11:20:00+05:30,537.3499755859375,537.5999755859375,537.25,537.5999755859375,2088.0,yahoo
JSWENERGY,5m,2026-09-04T11:25:00+05:30,537.5999755859375,537.8499755859375,537.5499877929688,537.8499755859375,1169.0,yahoo
JSWENERGY,5m,2026-09-04T11:30:00+05:30,537.8499755859375,539.7000122070312,537.8499755859375,539.7000122070312,12980.0,yahoo
JSWENERGY,5m,2026-09-04T11:35:00+05:30,539.5999755859375,540.0999755859375,538.8499755859375,540.0,17799.0,yahoo
JSWENERGY,5m,2026-09-04T11:40:00+05:30,539.8499755859375,539.9500122070312,539.2999877929688,539.2999877929688,6246.0,yahoo
JSWENERGY,5m,2026-09-04T11:45:00+05:30,538.9000244140625,539.5,538.7999877929688,538.9500122070312,344775.0,yahoo
JSWENERGY,5m,2026-09-04T11:50:00+05:30,539.0999755859375,539.3499755859375,536.25,537.25,171481.0,yahoo
JSWENERGY,5m,2026-09-04T11:55:00+05:30,537.25,537.7000122070312,537.25,537.6500244140625,3852.0,yahoo
JSWENERGY,5m,2026-09-04T12:00:00+05:30,537.6500244140625,537.75,537.25,537.4500122070312,2542.0,yahoo
JSWENERGY,5m,2026-09-04T12:05:00+05:30,537.5,537.5,537.4500122070312,537.5,1441.0,yahoo
JSWENERGY,5m,2026-09-04T12:10:00+05:30,537.5,537.8499755859375,537.2999877929688,537.3499755859375,7783.0,yahoo
JSWENERGY,5m,2026-09-04T12:15:00+05:30,537.5,537.5,536.7000122070312,537.0,3485.0,yahoo
JSWENERGY,5m,2026-09-04T12:20:00+05:30,537.0,537.0,536.4500122070312,536.4500122070312,20482.0,yahoo
JSWENERGY,5m,2026-09-04T12:25:00+05:30,536.2000122070312,536.9500122070312,536.2000122070312,536.7999877929688,4391.0,yahoo
JSWENERGY,5m,2026-09-04T12:30:00+05:30,536.5999755859375,537.4500122070312,536.5999755859375,537.4500122070312,2199.0,yahoo
JSWENERGY,5m,2026-09-04T12:35:00+05:30,537.4500122070312,537.4500122070312,536.7999877929688,536.7999877929688,2883.0,yahoo
JSWENERGY,5m,2026-09-04T12:40:00+05:30,537.2000122070312,537.3499755859375,536.8499755859375,537.1500244140625,2989.0,yahoo
JSWENERGY,5m,2026-09-04T12:45:00+05:30,536.9500122070312,537.2999877929688,534.7999877929688,534.7999877929688,28642.0,yahoo
JSWENERGY,5m,2026-09-04T12:50:00+05:30,535.0,535.6500244140625,534.8499755859375,535.25,58909.0,yahoo
JSWENERGY,5m,2026-09-04T12:55:00+05:30,535.2999877929688,535.2999877929688,534.25,534.9000244140625,10267.0,yahoo
JSWENERGY,5m,2026-09-04T13:00:00+05:30,534.9000244140625,535.0,534.7000122070312,534.75,10751.0,yahoo
JSWENERGY,5m,2026-09-04T13:05:00+05:30,534.7999877929688,535.0,534.5499877929688,535.0,7128.0,yahoo
JSWENERGY,5m,2026-09-04T13:10:00+05:30,535.0,535.4000244140625,534.9500122070312,535.0,21062.0,yahoo
JSWENERGY,5m,2026-09-04T13:15:00+05:30,535.0,536.4500122070312,534.9500122070312,536.2999877929688,194741.0,yahoo
JSWENERGY,5m,2026-09-04T13:20:00+05:30,535.9500122070312,537.0,535.4000244140625,536.7000122070312,51284.0,yahoo
JSWENERGY,5m,2026-09-04T13:25:00+05:30,536.7000122070312,537.2000122070312,536.5999755859375,537.0499877929688,80283.0,yahoo
JSWENERGY,5m,2026-09-04T13:30:00+05:30,537.0999755859375,537.2000122070312,536.75,537.0499877929688,39032.0,yahoo
JSWENERGY,5m,2026-09-04T13:35:00+05:30,537.0,537.2999877929688,536.5999755859375,537.0499877929688,54476.0,yahoo
JSWENERGY,5m,2026-09-04T13:40:00+05:30,537.0999755859375,537.75,536.75,537.2999877929688,46837.0,yahoo
JSWENERGY,5m,2026-09-04T13:45:00+05:30,537.5,537.5,536.75,537.0499877929688,43065.0,yahoo
JSWENERGY,5m,2026-09-04T13:50:00+05:30,537.4500122070312,537.8499755859375,536.75,537.3499755859375,44361.0,yahoo
JSWENERGY,5m,2026-09-04T13:55:00+05:30,537.2999877929688,537.8499755859375,536.7999877929688,537.0,50950.0,yahoo
JSWENERGY,5m,2026-09-04T14:00:00+05:30,537.0999755859375,537.4000244140625,536.75,537.0,39041.0,yahoo
JSWENERGY,5m,2026-09-04T14:05:00+05:30,537.2000122070312,537.25,536.0999755859375,536.5,59113.0,yahoo
JSWENERGY,5m,2026-09-04T14:10:00+05:30,536.4000244140625,536.5,535.75,536.3499755859375,50708.0,yahoo
JSWENERGY,5m,2026-09-04T14:15:00+05:30,536.3499755859375,538.0,535.9500122070312,537.5999755859375,82268.0,yahoo
JSWENERGY,5m,2026-09-04T14:20:00+05:30,537.6500244140625,537.8499755859375,537.0,537.25,50005.0,yahoo
JSWENERGY,5m,2026-09-04T14:25:00+05:30,537.8499755859375,537.9000244140625,537.2000122070312,537.7000122070312,49346.0,yahoo
JSWENERGY,5m,2026-09-04T14:30:00+05:30,537.7000122070312,538.5499877929688,536.9500122070312,538.3499755859375,86932.0,yahoo
JSWENERGY,5m,2026-09-04T14:35:00+05:30,538.0999755859375,538.9000244140625,537.7000122070312,538.0,56260.0,yahoo
JSWENERGY,5m,2026-09-04T14:40:00+05:30,538.1500244140625,539.2000122070312,538.0,539.0499877929688,67821.0,yahoo
JSWENERGY,5m,2026-09-04T14:45:00+05:30,539.0499877929688,539.3499755859375,538.9000244140625,539.0499877929688,172964.0,yahoo
JSWENERGY,5m,2026-09-04T14:50:00+05:30,539.0499877929688,539.3499755859375,539.0,539.1500244140625,53185.0,yahoo
JSWENERGY,5m,2026-09-04T14:55:00+05:30,539.0,539.1500244140625,539.0,539.0,90669.0,yahoo
JSWENERGY,5m,2026-09-04T15:00:00+05:30,539.0499877929688,539.5,538.9500122070312,539.4000244140625,55386.0,yahoo
JSWENERGY,5m,2026-09-04T15:05:00+05:30,539.2000122070312,539.7000122070312,539.0499877929688,539.0999755859375,71035.0,yahoo
JSWENERGY,5m,2026-09-04T15:10:00+05:30,539.2999877929688,540.1500244140625,539.0499877929688,540.0,106214.0,yahoo
JSWENERGY,5m,2026-09-04T15:15:00+05:30,540.0,540.0,539.8499755859375,539.8499755859375,19433.0,yahoo
JSWSTEEL,5m,2026-09-04T09:15:00+05:30,1309.199951171875,1309.199951171875,1304.5999755859375,1304.9000244140625,0.0,yahoo
JSWSTEEL,5m,2026-09-04T09:20:00+05:30,1305.199951171875,1306.0,1304.0999755859375,1305.0,8481.0,yahoo
JSWSTEEL,5m,2026-09-04T09:25:00+05:30,1305.0999755859375,1305.699951171875,1302.699951171875,1303.0999755859375,4909.0,yahoo
JSWSTEEL,5m,2026-09-04T09:30:00+05:30,1302.699951171875,1304.4000244140625,1302.699951171875,1303.800048828125,2606.0,yahoo
JSWSTEEL,5m,2026-09-04T09:35:00+05:30,1303.5,1304.9000244140625,1303.0999755859375,1304.699951171875,2559.0,yahoo
JSWSTEEL,5m,2026-09-04T09:40:00+05:30,1304.199951171875,1305.0,1304.199951171875,1304.5999755859375,1524.0,yahoo
JSWSTEEL,5m,2026-09-04T09:45:00+05:30,1304.300048828125,1306.0,1304.199951171875,1304.4000244140625,2716.0,yahoo
JSWSTEEL,5m,2026-09-04T09:50:00+05:30,1304.0,1305.699951171875,1303.699951171875,1305.4000244140625,1687.0,yahoo
JSWSTEEL,5m,2026-09-04T09:55:00+05:30,1305.199951171875,1305.5,1304.699951171875,1305.4000244140625,2183.0,yahoo
JSWSTEEL,5m,2026-09-04T10:00:00+05:30,1305.300048828125,1308.199951171875,1305.300048828125,1307.199951171875,9886.0,yahoo
JSWSTEEL,5m,2026-09-04T10:05:00+05:30,1307.0,1307.300048828125,1305.5999755859375,1306.0,5542.0,yahoo
JSWSTEEL,5m,2026-09-04T10:10:00+05:30,1305.800048828125,1306.5,1305.5999755859375,1305.5999755859375,3205.0,yahoo
JSWSTEEL,5m,2026-09-04T10:15:00+05:30,1305.5999755859375,1306.5,1305.0,1306.5,5744.0,yahoo
JSWSTEEL,5m,2026-09-04T10:20:00+05:30,1306.5,1306.5,1306.0,1306.300048828125,1572.0,yahoo
JSWSTEEL,5m,2026-09-04T10:25:00+05:30,1306.300048828125,1306.5,1305.800048828125,1306.5,1342.0,yahoo
JSWSTEEL,5m,2026-09-04T10:30:00+05:30,1306.5,1306.5,1304.4000244140625,1304.800048828125,3616.0,yahoo
JSWSTEEL,5m,2026-09-04T10:35:00+05:30,1304.5999755859375,1305.0999755859375,1304.4000244140625,1304.800048828125,1383.0,yahoo
JSWSTEEL,5m,2026-09-04T10:40:00+05:30,1304.800048828125,1305.800048828125,1304.5999755859375,1305.300048828125,1171.0,yahoo
JSWSTEEL,5m,2026-09-04T10:45:00+05:30,1305.300048828125,1309.0,1305.0,1309.0,30685.0,yahoo
JSWSTEEL,5m,2026-09-04T10:50:00+05:30,1309.0,1309.0,1306.800048828125,1306.9000244140625,1028.0,yahoo
JSWSTEEL,5m,2026-09-04T10:55:00+05:30,1306.9000244140625,1307.199951171875,1305.5999755859375,1305.5999755859375,2315.0,yahoo
JSWSTEEL,5m,2026-09-04T11:00:00+05:30,1305.5999755859375,1305.800048828125,1304.199951171875,1305.0999755859375,4245.0,yahoo
JSWSTEEL,5m,2026-09-04T11:05:00+05:30,1305.0,1305.0999755859375,1304.4000244140625,1305.0,1631.0,yahoo
JSWSTEEL,5m,2026-09-04T11:10:00+05:30,1305.0,1305.800048828125,1305.0,1305.800048828125,2144.0,yahoo
JSWSTEEL,5m,2026-09-04T11:15:00+05:30,1305.300048828125,1305.800048828125,1303.0,1303.9000244140625,5553.0,yahoo
JSWSTEEL,5m,2026-09-04T11:20:00+05:30,1304.0,1304.9000244140625,1303.9000244140625,1304.5,5795.0,yahoo
JSWSTEEL,5m,2026-09-04T11:25:00+05:30,1304.0999755859375,1305.5999755859375,1304.0999755859375,1304.5,7536.0,yahoo
JSWSTEEL,5m,2026-09-04T11:30:00+05:30,1304.5,1305.0999755859375,1303.9000244140625,1304.5999755859375,1987.0,yahoo
JSWSTEEL,5m,2026-09-04T11:35:00+05:30,1304.4000244140625,1304.5999755859375,1302.5,1303.0,2637.0,yahoo
JSWSTEEL,5m,2026-09-04T11:40:00+05:30,1302.5999755859375,1303.5,1302.5999755859375,1303.5,964.0,yahoo
JSWSTEEL,5m,2026-09-04T11:45:00+05:30,1303.4000244140625,1304.199951171875,1303.300048828125,1304.0,1762.0,yahoo
JSWSTEEL,5m,2026-09-04T11:50:00+05:30,1304.0,1304.0,1303.4000244140625,1303.5,1222.0,yahoo
JSWSTEEL,5m,2026-09-04T11:55:00+05:30,1303.4000244140625,1304.800048828125,1302.800048828125,1303.199951171875,8300.0,yahoo
JSWSTEEL,5m,2026-09-04T12:00:00+05:30,1302.699951171875,1304.5,1302.5999755859375,1304.0999755859375,4156.0,yahoo
JSWSTEEL,5m,2026-09-04T12:05:00+05:30,1304.0999755859375,1304.4000244140625,1302.5,1303.0,11965.0,yahoo
JSWSTEEL,5m,2026-09-04T12:10:00+05:30,1302.199951171875,1302.5,1300.0999755859375,1300.5999755859375,2639.0,yahoo
JSWSTEEL,5m,2026-09-04T12:15:00+05:30,1300.300048828125,1301.800048828125,1300.0999755859375,1301.0,1398.0,yahoo
JSWSTEEL,5m,2026-09-04T12:20:00+05:30,1301.300048828125,1302.0,1300.300048828125,1301.0,2024.0,yahoo
JSWSTEEL,5m,2026-09-04T12:25:00+05:30,1300.5,1301.800048828125,1300.0999755859375,1301.800048828125,2095.0,yahoo
JSWSTEEL,5m,2026-09-04T12:30:00+05:30,1301.699951171875,1302.5,1301.199951171875,1302.0999755859375,2388.0,yahoo
JSWSTEEL,5m,2026-09-04T12:35:00+05:30,1302.5999755859375,1304.199951171875,1302.0999755859375,1302.9000244140625,3507.0,yahoo
JSWSTEEL,5m,2026-09-04T12:40:00+05:30,1302.9000244140625,1304.4000244140625,1302.9000244140625,1304.0999755859375,3175.0,yahoo
JSWSTEEL,5m,2026-09-04T12:45:00+05:30,1303.800048828125,1304.4000244140625,1303.4000244140625,1303.699951171875,19685.0,yahoo
JSWSTEEL,5m,2026-09-04T12:50:00+05:30,1303.699951171875,1304.0999755859375,1302.9000244140625,1303.800048828125,1040.0,yahoo
JSWSTEEL,5m,2026-09-04T12:55:00+05:30,1303.800048828125,1304.699951171875,1303.5,1304.0,9343.0,yahoo
JSWSTEEL,5m,2026-09-04T13:00:00+05:30,1303.9000244140625,1304.5999755859375,1303.5,1304.5999755859375,545.0,yahoo
JSWSTEEL,5m,2026-09-04T13:05:00+05:30,1304.5999755859375,1307.800048828125,1304.0,1307.800048828125,8692.0,yahoo
JSWSTEEL,5m,2026-09-04T13:10:00+05:30,1307.9000244140625,1311.199951171875,1307.4000244140625,1311.0,8088.0,yahoo
JSWSTEEL,5m,2026-09-04T13:15:00+05:30,1310.9000244140625,1313.199951171875,1310.9000244140625,1312.199951171875,5244.0,yahoo
JSWSTEEL,5m,2026-09-04T13:20:00+05:30,1312.199951171875,1312.300048828125,1311.5999755859375,1312.199951171875,4149.0,yahoo
JSWSTEEL,5m,2026-09-04T13:25:00+05:30,1312.0,1312.199951171875,1310.5999755859375,1311.199951171875,6776.0,yahoo
JSWSTEEL,5m,2026-09-04T13:30:00+05:30,1311.199951171875,1313.9000244140625,1310.5999755859375,1312.5999755859375,6966.0,yahoo
JSWSTEEL,5m,2026-09-04T13:35:00+05:30,1312.5999755859375,1316.9000244140625,1312.5999755859375,1316.199951171875,11380.0,yahoo
JSWSTEEL,5m,2026-09-04T13:40:00+05:30,1316.199951171875,1320.0,1315.699951171875,1320.0,15533.0,yahoo
JSWSTEEL,5m,2026-09-04T13:45:00+05:30,1320.300048828125,1323.5999755859375,1319.0999755859375,1321.5,55070.0,yahoo
JSWSTEEL,5m,2026-09-04T13:50:00+05:30,1321.5,1321.5,1317.4000244140625,1319.0999755859375,19712.0,yahoo
JSWSTEEL,5m,2026-09-04T13:55:00+05:30,1318.800048828125,1323.300048828125,1318.800048828125,1321.0,50465.0,yahoo
JSWSTEEL,5m,2026-09-04T14:00:00+05:30,1321.0,1325.5,1321.0,1324.5,44368.0,yahoo
JSWSTEEL,5m,2026-09-04T14:05:00+05:30,1324.199951171875,1325.9000244140625,1322.4000244140625,1323.199951171875,28434.0,yahoo
JSWSTEEL,5m,2026-09-04T14:10:00+05:30,1323.9000244140625,1324.5,1321.5,1323.300048828125,18027.0,yahoo
JSWSTEEL,5m,2026-09-04T14:15:00+05:30,1323.9000244140625,1325.699951171875,1322.5,1325.300048828125,46974.0,yahoo
JSWSTEEL,5m,2026-09-04T14:20:00+05:30,1325.5,1331.5999755859375,1325.0,1329.4000244140625,92431.0,yahoo
JSWSTEEL,5m,2026-09-04T14:25:00+05:30,1329.5999755859375,1331.5,1328.5,1329.0,37689.0,yahoo
JSWSTEEL,5m,2026-09-04T14:30:00+05:30,1328.699951171875,1331.199951171875,1328.699951171875,1330.0,53655.0,yahoo
JSWSTEEL,5m,2026-09-04T14:35:00+05:30,1330.0,1331.5999755859375,1329.5999755859375,1330.0,22352.0,yahoo
JSWSTEEL,5m,2026-09-04T14:40:00+05:30,1330.300048828125,1330.699951171875,1329.199951171875,1330.0,43504.0,yahoo
JSWSTEEL,5m,2026-09-04T14:45:00+05:30,1330.4000244140625,1330.4000244140625,1327.699951171875,1328.300048828125,29240.0,yahoo
JSWSTEEL,5m,2026-09-04T14:50:00+05:30,1328.5999755859375,1328.5999755859375,1327.300048828125,1328.300048828125,18332.0,yahoo
JSWSTEEL,5m,2026-09-04T14:55:00+05:30,1328.5,1330.0,1328.0999755859375,1328.9000244140625,95745.0,yahoo
JSWSTEEL,5m,2026-09-04T15:00:00+05:30,1329.300048828125,1329.5999755859375,1327.300048828125,1327.699951171875,29002.0,yahoo
JSWSTEEL,5m,2026-09-04T15:05:00+05:30,1327.9000244140625,1328.9000244140625,1327.699951171875,1328.5,32042.0,yahoo
JSWSTEEL,5m,2026-09-04T15:10:00+05:30,1328.4000244140625,1328.4000244140625,1325.0,1325.0,38720.0,yahoo
JSWSTEEL,5m,2026-09-04T15:15:00+05:30,1325.0,1325.0,1325.0,1325.0,49237.0,yahoo
KOTAKBANK,5m,2026-09-04T09:15:00+05:30,423.1499938964844,424.25,423.1499938964844,423.3999938964844,0.0,yahoo
KOTAKBANK,5m,2026-09-04T09:20:00+05:30,423.5,423.5,422.04998779296875,422.3500061035156,312426.0,yahoo
KOTAKBANK,5m,2026-09-04T09:25:00+05:30,422.3500061035156,423.0,422.3500061035156,422.95001220703125,83264.0,yahoo
KOTAKBANK,5m,2026-09-04T09:30:00+05:30,422.95001220703125,424.1000061035156,422.6499938964844,423.0,351920.0,yahoo
KOTAKBANK,5m,2026-09-04T09:35:00+05:30,422.95001220703125,423.0,422.75,423.0,301066.0,yahoo
KOTAKBANK,5m,2026-09-04T09:40:00+05:30,423.0,423.79998779296875,422.75,423.1000061035156,634093.0,yahoo
KOTAKBANK,5m,2026-09-04T09:45:00+05:30,423.1000061035156,423.5,423.1000061035156,423.3500061035156,221545.0,yahoo
KOTAKBANK,5m,2026-09-04T09:50:00+05:30,423.25,423.8999938964844,423.25,423.6499938964844,81189.0,yahoo
KOTAKBANK,5m,2026-09-04T09:55:00+05:30,423.6499938964844,424.0,423.3999938964844,423.75,52866.0,yahoo
KOTAKBANK,5m,2026-09-04T10:00:00+05:30,423.75,424.70001220703125,423.75,424.5,86824.0,yahoo
KOTAKBANK,5m,2026-09-04T10:05:00+05:30,424.29998779296875,424.8500061035156,424.25,424.8500061035156,63553.0,yahoo
KOTAKBANK,5m,2026-09-04T10:10:00+05:30,424.8999938964844,424.95001220703125,424.5,424.6000061035156,118945.0,yahoo
KOTAKBANK,5m,2026-09-04T10:15:00+05:30,424.6000061035156,424.95001220703125,424.54998779296875,424.70001220703125,65637.0,yahoo
KOTAKBANK,5m,2026-09-04T10:20:00+05:30,424.75,424.95001220703125,423.8500061035156,423.8500061035156,219915.0,yahoo
KOTAKBANK,5m,2026-09-04T10:25:00+05:30,423.8500061035156,424.0,423.70001220703125,423.79998779296875,60173.0,yahoo
KOTAKBANK,5m,2026-09-04T10:30:00+05:30,424.0,424.1000061035156,423.79998779296875,423.8999938964844,54057.0,yahoo
KOTAKBANK,5m,2026-09-04T10:35:00+05:30,423.8999938964844,424.1000061035156,423.75,424.0,47859.0,yahoo
KOTAKBANK,5m,2026-09-04T10:40:00+05:30,423.8500061035156,424.0,423.54998779296875,423.6000061035156,42471.0,yahoo
KOTAKBANK,5m,2026-09-04T10:45:00+05:30,423.6499938964844,423.8999938964844,423.3999938964844,423.8999938964844,50508.0,yahoo
KOTAKBANK,5m,2026-09-04T10:50:00+05:30,423.79998779296875,424.0,423.70001220703125,424.0,45868.0,yahoo
KOTAKBANK,5m,2026-09-04T10:55:00+05:30,423.95001220703125,424.0,423.54998779296875,423.70001220703125,55747.0,yahoo
KOTAKBANK,5m,2026-09-04T11:00:00+05:30,423.5,423.70001220703125,423.3999938964844,423.3999938964844,60303.0,yahoo
KOTAKBANK,5m,2026-09-04T11:05:00+05:30,423.3999938964844,423.8999938964844,423.3999938964844,423.6000061035156,46769.0,yahoo
KOTAKBANK,5m,2026-09-04T11:10:00+05:30,423.75,423.95001220703125,423.6000061035156,423.70001220703125,513425.0,yahoo
KOTAKBANK,5m,2026-09-04T11:15:00+05:30,423.8500061035156,424.95001220703125,423.6499938964844,424.95001220703125,115853.0,yahoo
KOTAKBANK,5m,2026-09-04T11:20:00+05:30,424.95001220703125,425.0,424.54998779296875,424.6000061035156,44674.0,yahoo
KOTAKBANK,5m,2026-09-04T11:25:00+05:30,424.6499938964844,424.70001220703125,424.29998779296875,424.29998779296875,45865.0,yahoo
KOTAKBANK,5m,2026-09-04T11:30:00+05:30,424.3500061035156,424.6000061035156,424.20001220703125,424.29998779296875,42701.0,yahoo
KOTAKBANK,5m,2026-09-04T11:35:00+05:30,424.20001220703125,424.75,424.20001220703125,424.6000061035156,40978.0,yahoo
KOTAKBANK,5m,2026-09-04T11:40:00+05:30,424.6000061035156,424.8500061035156,424.45001220703125,424.75,53705.0,yahoo
KOTAKBANK,5m,2026-09-04T11:45:00+05:30,424.75,425.45001220703125,424.70001220703125,425.3999938964844,175208.0,yahoo
KOTAKBANK,5m,2026-09-04T11:50:00+05:30,425.3999938964844,425.75,425.20001220703125,425.54998779296875,83766.0,yahoo
KOTAKBANK,5m,2026-09-04T11:55:00+05:30,425.54998779296875,425.8999938964844,425.1000061035156,425.20001220703125,131160.0,yahoo
KOTAKBANK,5m,2026-09-04T12:00:00+05:30,425.20001220703125,425.29998779296875,424.3999938964844,424.45001220703125,53568.0,yahoo
KOTAKBANK,5m,2026-09-04T12:05:00+05:30,424.5,424.95001220703125,424.3500061035156,424.95001220703125,72013.0,yahoo
KOTAKBANK,5m,2026-09-04T12:10:00+05:30,424.95001220703125,425.3999938964844,424.8500061035156,425.20001220703125,50850.0,yahoo
KOTAKBANK,5m,2026-09-04T12:15:00+05:30,425.20001220703125,425.70001220703125,425.0,425.6499938964844,64425.0,yahoo
KOTAKBANK,5m,2026-09-04T12:20:00+05:30,425.6499938964844,425.75,425.20001220703125,425.6000061035156,83978.0,yahoo
KOTAKBANK,5m,2026-09-04T12:25:00+05:30,425.6000061035156,425.79998779296875,425.3999938964844,425.54998779296875,76851.0,yahoo
KOTAKBANK,5m,2026-09-04T12:30:00+05:30,425.54998779296875,425.6499938964844,425.04998779296875,425.29998779296875,58942.0,yahoo
KOTAKBANK,5m,2026-09-04T12:35:00+05:30,425.29998779296875,425.29998779296875,424.6499938964844,424.95001220703125,63651.0,yahoo
KOTAKBANK,5m,2026-09-04T12:40:00+05:30,425.0,425.1499938964844,424.8999938964844,425.04998779296875,31652.0,yahoo
KOTAKBANK,5m,2026-09-04T12:45:00+05:30,425.04998779296875,425.1499938964844,424.8999938964844,425.1000061035156,32766.0,yahoo
KOTAKBANK,5m,2026-09-04T12:50:00+05:30,425.1499938964844,425.25,424.8500061035156,425.1000061035156,54374.0,yahoo
KOTAKBANK,5m,2026-09-04T12:55:00+05:30,425.1499938964844,425.25,424.79998779296875,425.1499938964844,57086.0,yahoo
KOTAKBANK,5m,2026-09-04T13:00:00+05:30,425.20001220703125,425.3500061035156,424.75,424.95001220703125,32528.0,yahoo
KOTAKBANK,5m,2026-09-04T13:05:00+05:30,425.0,425.20001220703125,424.8999938964844,425.0,33066.0,yahoo
KOTAKBANK,5m,2026-09-04T13:10:00+05:30,425.0,425.3999938964844,424.8999938964844,425.25,31101.0,yahoo
KOTAKBANK,5m,2026-09-04T13:15:00+05:30,425.3999938964844,425.45001220703125,424.8500061035156,424.8500061035156,45282.0,yahoo
KOTAKBANK,5m,2026-09-04T13:20:00+05:30,425.04998779296875,425.1000061035156,424.79998779296875,424.8500061035156,72222.0,yahoo
KOTAKBANK,5m,2026-09-04T13:25:00+05:30,424.95001220703125,424.95001220703125,424.3500061035156,424.54998779296875,70308.0,yahoo
KOTAKBANK,5m,2026-09-04T13:30:00+05:30,424.54998779296875,424.6499938964844,424.0,424.25,167793.0,yahoo
KOTAKBANK,5m,2026-09-04T13:35:00+05:30,424.25,424.54998779296875,423.8999938964844,424.20001220703125,325775.0,yahoo
KOTAKBANK,5m,2026-09-04T13:40:00+05:30,424.29998779296875,424.29998779296875,423.95001220703125,424.1000061035156,60095.0,yahoo
KOTAKBANK,5m,2026-09-04T13:45:00+05:30,424.20001220703125,424.29998779296875,424.1000061035156,424.29998779296875,264080.0,yahoo
KOTAKBANK,5m,2026-09-04T13:50:00+05:30,424.6000061035156,424.79998779296875,424.5,424.79998779296875,52201.0,yahoo
KOTAKBANK,5m,2026-09-04T13:55:00+05:30,424.75,425.0,424.75,424.8999938964844,36040.0,yahoo
KOTAKBANK,5m,2026-09-04T14:00:00+05:30,424.95001220703125,424.95001220703125,424.3500061035156,424.3999938964844,75492.0,yahoo
KOTAKBANK,5m,2026-09-04T14:05:00+05:30,424.45001220703125,424.8500061035156,424.3999938964844,424.75,106684.0,yahoo
KOTAKBANK,5m,2026-09-04T14:10:00+05:30,424.70001220703125,424.8999938964844,424.3999938964844,424.6000061035156,81894.0,yahoo
KOTAKBANK,5m,2026-09-04T14:15:00+05:30,424.54998779296875,424.6000061035156,424.29998779296875,424.29998779296875,35151.0,yahoo
KOTAKBANK,5m,2026-09-04T14:20:00+05:30,424.29998779296875,424.3999938964844,424.20001220703125,424.25,27809.0,yahoo
KOTAKBANK,5m,2026-09-04T14:25:00+05:30,424.29998779296875,424.3500061035156,424.20001220703125,424.29998779296875,37404.0,yahoo
KOTAKBANK,5m,2026-09-04T14:30:00+05:30,424.3500061035156,424.8999938964844,424.29998779296875,424.79998779296875,179765.0,yahoo
KOTAKBANK,5m,2026-09-04T14:35:00+05:30,424.6499938964844,424.75,424.5,424.54998779296875,26301.0,yahoo
KOTAKBANK,5m,2026-09-04T14:40:00+05:30,424.54998779296875,424.6499938964844,424.20001220703125,424.29998779296875,47061.0,yahoo
KOTAKBANK,5m,2026-09-04T14:45:00+05:30,424.29998779296875,424.3500061035156,423.95001220703125,424.29998779296875,409807.0,yahoo
KOTAKBANK,5m,2026-09-04T14:50:00+05:30,424.29998779296875,424.5,423.95001220703125,424.0,82687.0,yahoo
KOTAKBANK,5m,2026-09-04T14:55:00+05:30,423.95001220703125,424.04998779296875,423.75,423.75,191286.0,yahoo
KOTAKBANK,5m,2026-09-04T15:00:00+05:30,423.70001220703125,424.25,423.70001220703125,423.79998779296875,603208.0,yahoo
KOTAKBANK,5m,2026-09-04T15:05:00+05:30,423.70001220703125,424.6499938964844,423.6000061035156,424.54998779296875,415480.0,yahoo
KOTAKBANK,5m,2026-09-04T15:10:00+05:30,424.29998779296875,424.95001220703125,423.8999938964844,424.70001220703125,447617.0,yahoo
KOTAKBANK,5m,2026-09-04T15:15:00+05:30,424.70001220703125,424.70001220703125,424.5,424.5,302483.0,yahoo
LT,5m,2026-09-04T09:15:00+05:30,3989.89990234375,3989.89990234375,3969.0,3969.0,0.0,yahoo
LT,5m,2026-09-04T09:20:00+05:30,3971.699951171875,3975.0,3970.39990234375,3973.60009765625,42256.0,yahoo
LT,5m,2026-09-04T09:25:00+05:30,3975.0,3989.89990234375,3973.199951171875,3985.89990234375,75772.0,yahoo
LT,5m,2026-09-04T09:30:00+05:30,3985.89990234375,3986.89990234375,3978.0,3978.5,10265.0,yahoo
LT,5m,2026-09-04T09:35:00+05:30,3978.300048828125,3980.0,3974.199951171875,3978.39990234375,17692.0,yahoo
LT,5m,2026-09-04T09:40:00+05:30,3978.800048828125,3980.0,3975.89990234375,3978.300048828125,5169.0,yahoo
LT,5m,2026-09-04T09:45:00+05:30,3978.0,3980.0,3977.60009765625,3980.0,24672.0,yahoo
LT,5m,2026-09-04T09:50:00+05:30,3979.800048828125,3980.0,3975.5,3978.0,8531.0,yahoo
LT,5m,2026-09-04T09:55:00+05:30,3978.0,3979.10009765625,3975.10009765625,3976.699951171875,4648.0,yahoo
LT,5m,2026-09-04T10:00:00+05:30,3976.699951171875,3981.39990234375,3976.0,3981.39990234375,3691.0,yahoo
LT,5m,2026-09-04T10:05:00+05:30,3982.0,3982.699951171875,3978.800048828125,3980.800048828125,7154.0,yahoo
LT,5m,2026-09-04T10:10:00+05:30,3981.0,3981.199951171875,3978.0,3979.800048828125,3594.0,yahoo
LT,5m,2026-09-04T10:15:00+05:30,3978.89990234375,3981.800048828125,3978.60009765625,3981.5,5524.0,yahoo
LT,5m,2026-09-04T10:20:00+05:30,3981.300048828125,3985.0,3981.300048828125,3984.89990234375,3750.0,yahoo
LT,5m,2026-09-04T10:25:00+05:30,3985.89990234375,3989.0,3985.0,3987.800048828125,5392.0,yahoo
LT,5m,2026-09-04T10:30:00+05:30,3988.800048828125,3992.699951171875,3988.0,3991.5,5532.0,yahoo
LT,5m,2026-09-04T10:35:00+05:30,3992.699951171875,3993.0,3986.5,3990.0,11512.0,yahoo
LT,5m,2026-09-04T10:40:00+05:30,3989.0,3990.0,3986.60009765625,3987.800048828125,5997.0,yahoo
LT,5m,2026-09-04T10:45:00+05:30,3989.39990234375,3992.699951171875,3987.699951171875,3991.10009765625,4877.0,yahoo
LT,5m,2026-09-04T10:50:00+05:30,3991.199951171875,3991.199951171875,3987.699951171875,3988.5,2561.0,yahoo
LT,5m,2026-09-04T10:55:00+05:30,3989.60009765625,3989.60009765625,3980.0,3983.89990234375,6848.0,yahoo
LT,5m,2026-09-04T11:00:00+05:30,3983.0,3983.89990234375,3977.0,3979.300048828125,11369.0,yahoo
LT,5m,2026-09-04T11:05:00+05:30,3979.699951171875,3980.39990234375,3977.199951171875,3980.300048828125,6433.0,yahoo
LT,5m,2026-09-04T11:10:00+05:30,3980.39990234375,3981.89990234375,3978.0,3979.60009765625,4274.0,yahoo
LT,5m,2026-09-04T11:15:00+05:30,3979.10009765625,3980.300048828125,3976.0,3978.199951171875,5115.0,yahoo
LT,5m,2026-09-04T11:20:00+05:30,3979.199951171875,3979.199951171875,3975.5,3975.60009765625,6230.0,yahoo
LT,5m,2026-09-04T11:25:00+05:30,3976.10009765625,3988.0,3975.699951171875,3982.5,44917.0,yahoo
LT,5m,2026-09-04T11:30:00+05:30,3982.5,3987.0,3982.5,3985.0,14525.0,yahoo
LT,5m,2026-09-04T11:35:00+05:30,3985.0,3991.39990234375,3983.0,3990.0,45233.0,yahoo
LT,5m,2026-09-04T11:40:00+05:30,3990.0,3990.699951171875,3985.10009765625,3987.89990234375,21060.0,yahoo
LT,5m,2026-09-04T11:45:00+05:30,3986.699951171875,3989.699951171875,3986.0,3988.300048828125,7531.0,yahoo
LT,5m,2026-09-04T11:50:00+05:30,3988.300048828125,3989.60009765625,3987.39990234375,3988.39990234375,5384.0,yahoo
LT,5m,2026-09-04T11:55:00+05:30,3989.0,3991.89990234375,3988.60009765625,3988.699951171875,9401.0,yahoo
LT,5m,2026-09-04T12:00:00+05:30,3988.60009765625,3990.0,3985.0,3985.0,18771.0,yahoo
LT,5m,2026-09-04T12:05:00+05:30,3985.10009765625,3989.699951171875,3984.89990234375,3988.0,4099.0,yahoo
LT,5m,2026-09-04T12:10:00+05:30,3988.699951171875,3989.699951171875,3983.60009765625,3984.89990234375,6711.0,yahoo
LT,5m,2026-09-04T12:15:00+05:30,3985.0,3986.60009765625,3981.60009765625,3982.0,3668.0,yahoo
LT,5m,2026-09-04T12:20:00+05:30,3982.0,3982.0,3978.199951171875,3978.5,7630.0,yahoo
LT,5m,2026-09-04T12:25:00+05:30,3978.5,3981.60009765625,3978.199951171875,3979.10009765625,6606.0,yahoo
LT,5m,2026-09-04T12:30:00+05:30,3979.199951171875,3982.60009765625,3978.699951171875,3980.0,6599.0,yahoo
LT,5m,2026-09-04T12:35:00+05:30,3980.0,3991.0,3978.199951171875,3990.0,92908.0,yahoo
LT,5m,2026-09-04T12:40:00+05:30,3990.0,3990.0,3978.800048828125,3978.800048828125,21507.0,yahoo
LT,5m,2026-09-04T12:45:00+05:30,3980.300048828125,3982.0,3979.0,3980.0,6984.0,yahoo
LT,5m,2026-09-04T12:50:00+05:30,3979.39990234375,3985.800048828125,3979.10009765625,3980.0,34560.0,yahoo
LT,5m,2026-09-04T12:55:00+05:30,3980.0,3982.300048828125,3977.39990234375,3977.699951171875,6326.0,yahoo
LT,5m,2026-09-04T13:00:00+05:30,3977.699951171875,3982.800048828125,3977.5,3981.699951171875,8619.0,yahoo
LT,5m,2026-09-04T13:05:00+05:30,3981.89990234375,3984.39990234375,3980.10009765625,3982.0,9512.0,yahoo
LT,5m,2026-09-04T13:10:00+05:30,3982.199951171875,3987.0,3980.699951171875,3981.60009765625,39389.0,yahoo
LT,5m,2026-09-04T13:15:00+05:30,3981.60009765625,3988.0,3981.5,3983.39990234375,12180.0,yahoo
LT,5m,2026-09-04T13:20:00+05:30,3984.0,3988.39990234375,3981.5,3984.199951171875,40550.0,yahoo
LT,5m,2026-09-04T13:25:00+05:30,3985.39990234375,3986.699951171875,3981.0,3981.5,11180.0,yahoo
LT,5m,2026-09-04T13:30:00+05:30,3982.60009765625,3989.89990234375,3980.39990234375,3985.0,39398.0,yahoo
LT,5m,2026-09-04T13:35:00+05:30,3985.0,3987.89990234375,3982.60009765625,3985.300048828125,17975.0,yahoo
LT,5m,2026-09-04T13:40:00+05:30,3985.300048828125,3988.699951171875,3985.0,3987.39990234375,18920.0,yahoo
LT,5m,2026-09-04T13:45:00+05:30,3987.39990234375,3988.5,3985.60009765625,3987.0,14188.0,yahoo
LT,5m,2026-09-04T13:50:00+05:30,3988.5,3989.0,3986.89990234375,3988.300048828125,6622.0,yahoo
LT,5m,2026-09-04T13:55:00+05:30,3988.39990234375,3989.10009765625,3986.89990234375,3988.0,9756.0,yahoo
LT,5m,2026-09-04T14:00:00+05:30,3988.0,3990.0,3987.60009765625,3989.699951171875,8182.0,yahoo
LT,5m,2026-09-04T14:05:00+05:30,3991.0,3994.10009765625,3989.60009765625,3992.0,11733.0,yahoo
LT,5m,2026-09-04T14:10:00+05:30,3992.0,3992.0,3986.89990234375,3986.89990234375,8319.0,yahoo
LT,5m,2026-09-04T14:15:00+05:30,3987.39990234375,3994.5,3986.10009765625,3994.0,36134.0,yahoo
LT,5m,2026-09-04T14:20:00+05:30,3993.10009765625,3994.0,3987.300048828125,3987.300048828125,8740.0,yahoo
LT,5m,2026-09-04T14:25:00+05:30,3987.199951171875,3991.199951171875,3987.199951171875,3989.10009765625,12670.0,yahoo
LT,5m,2026-09-04T14:30:00+05:30,3989.10009765625,3991.0,3985.699951171875,3987.300048828125,23858.0,yahoo
LT,5m,2026-09-04T14:35:00+05:30,3987.39990234375,3989.800048828125,3985.60009765625,3986.699951171875,17874.0,yahoo
LT,5m,2026-09-04T14:40:00+05:30,3987.39990234375,3988.0,3983.10009765625,3983.10009765625,21121.0,yahoo
LT,5m,2026-09-04T14:45:00+05:30,3983.5,3984.0,3979.10009765625,3980.10009765625,18095.0,yahoo
LT,5m,2026-09-04T14:50:00+05:30,3980.10009765625,3983.0,3976.0,3976.10009765625,25487.0,yahoo
LT,5m,2026-09-04T14:55:00+05:30,3976.10009765625,3976.800048828125,3974.10009765625,3976.39990234375,25508.0,yahoo
LT,5m,2026-09-04T15:00:00+05:30,3976.39990234375,3977.5,3974.10009765625,3974.5,27823.0,yahoo
LT,5m,2026-09-04T15:05:00+05:30,3974.5,3983.800048828125,3974.0,3983.39990234375,39578.0,yahoo
LT,5m,2026-09-04T15:10:00+05:30,3983.199951171875,3988.0,3977.0,3988.0,49517.0,yahoo
LT,5m,2026-09-04T15:15:00+05:30,3986.60009765625,3986.60009765625,3964.10009765625,3964.10009765625,46874.0,yahoo
LTF,5m,2026-09-04T09:15:00+05:30,317.1000061035156,319.54998779296875,317.1000061035156,319.20001220703125,0.0,yahoo
LTF,5m,2026-09-04T09:20:00+05:30,319.0,320.3999938964844,318.95001220703125,320.04998779296875,169975.0,yahoo
LTF,5m,2026-09-04T09:25:00+05:30,319.8500061035156,320.0,318.54998779296875,318.6000061035156,105453.0,yahoo
LTF,5m,2026-09-04T09:30:00+05:30,318.8500061035156,318.8500061035156,317.70001220703125,318.04998779296875,105587.0,yahoo
LTF,5m,2026-09-04T09:35:00+05:30,318.04998779296875,318.5,318.0,318.45001220703125,14633.0,yahoo
LTF,5m,2026-09-04T09:40:00+05:30,318.45001220703125,318.5,317.5,317.75,43654.0,yahoo
LTF,5m,2026-09-04T09:45:00+05:30,317.54998779296875,318.0,317.3500061035156,317.6000061035156,45619.0,yahoo
LTF,5m,2026-09-04T09:50:00+05:30,317.3500061035156,317.75,317.3500061035156,317.5,29206.0,yahoo
LTF,5m,2026-09-04T09:55:00+05:30,317.54998779296875,319.5,317.3500061035156,319.25,225251.0,yahoo
LTF,5m,2026-09-04T10:00:00+05:30,319.25,319.5,319.0,319.3999938964844,37849.0,yahoo
LTF,5m,2026-09-04T10:05:00+05:30,319.25,319.70001220703125,318.5,318.5,36016.0,yahoo
LTF,5m,2026-09-04T10:10:00+05:30,318.54998779296875,319.1000061035156,318.54998779296875,318.8999938964844,37607.0,yahoo
LTF,5m,2026-09-04T10:15:00+05:30,319.0,319.25,318.79998779296875,319.0,45784.0,yahoo
LTF,5m,2026-09-04T10:20:00+05:30,319.0,319.20001220703125,318.75,318.75,22013.0,yahoo
LTF,5m,2026-09-04T10:25:00+05:30,318.8500061035156,319.04998779296875,318.6499938964844,318.79998779296875,17804.0,yahoo
LTF,5m,2026-09-04T10:30:00+05:30,318.6499938964844,318.95001220703125,318.29998779296875,318.3999938964844,28761.0,yahoo
LTF,5m,2026-09-04T10:35:00+05:30,318.3999938964844,318.6000061035156,318.29998779296875,318.29998779296875,16201.0,yahoo
LTF,5m,2026-09-04T10:40:00+05:30,318.29998779296875,318.5,318.0,318.25,13374.0,yahoo
LTF,5m,2026-09-04T10:45:00+05:30,318.3500061035156,318.3500061035156,318.0,318.04998779296875,7830.0,yahoo
LTF,5m,2026-09-04T10:50:00+05:30,318.04998779296875,318.1499938964844,317.75,317.8999938964844,19805.0,yahoo
LTF,5m,2026-09-04T10:55:00+05:30,317.79998779296875,318.5,317.79998779296875,318.25,19256.0,yahoo
LTF,5m,2026-09-04T11:00:00+05:30,318.1000061035156,318.20001220703125,317.79998779296875,317.8999938964844,10395.0,yahoo
LTF,5m,2026-09-04T11:05:00+05:30,317.95001220703125,318.95001220703125,317.8999938964844,318.70001220703125,42515.0,yahoo
LTF,5m,2026-09-04T11:10:00+05:30,318.70001220703125,318.79998779296875,318.5,318.5,17244.0,yahoo
LTF,5m,2026-09-04T11:15:00+05:30,318.5,318.70001220703125,318.5,318.70001220703125,16232.0,yahoo
LTF,5m,2026-09-04T11:20:00+05:30,318.75,318.75,317.8500061035156,317.8500061035156,49470.0,yahoo
LTF,5m,2026-09-04T11:25:00+05:30,317.8500061035156,318.79998779296875,317.8500061035156,318.5,35000.0,yahoo
LTF,5m,2026-09-04T11:30:00+05:30,318.5,318.95001220703125,318.5,318.8500061035156,21016.0,yahoo
LTF,5m,2026-09-04T11:35:00+05:30,318.6499938964844,319.45001220703125,318.54998779296875,319.3500061035156,31227.0,yahoo
LTF,5m,2026-09-04T11:40:00+05:30,319.1499938964844,319.3500061035156,318.75,318.95001220703125,17983.0,yahoo
LTF,5m,2026-09-04T11:45:00+05:30,318.95001220703125,318.95001220703125,317.6499938964844,317.8999938964844,431335.0,yahoo
LTF,5m,2026-09-04T11:50:00+05:30,317.79998779296875,318.04998779296875,317.70001220703125,317.75,25574.0,yahoo
LTF,5m,2026-09-04T11:55:00+05:30,317.8500061035156,317.95001220703125,317.6499938964844,317.8999938964844,10613.0,yahoo
LTF,5m,2026-09-04T12:00:00+05:30,317.75,317.8999938964844,316.20001220703125,316.20001220703125,67833.0,yahoo
LTF,5m,2026-09-04T12:05:00+05:30,316.0,316.25,315.79998779296875,316.1499938964844,23441.0,yahoo
LTF,5m,2026-09-04T12:10:00+05:30,316.1000061035156,316.1499938964844,315.3500061035156,315.3999938964844,31078.0,yahoo
LTF,5m,2026-09-04T12:15:00+05:30,315.3999938964844,315.75,315.1499938964844,315.54998779296875,55480.0,yahoo
LTF,5m,2026-09-04T12:20:00+05:30,315.54998779296875,315.70001220703125,315.3999938964844,315.3999938964844,16769.0,yahoo
LTF,5m,2026-09-04T12:25:00+05:30,315.29998779296875,315.75,315.29998779296875,315.54998779296875,9034.0,yahoo
LTF,5m,2026-09-04T12:30:00+05:30,315.75,315.8999938964844,315.54998779296875,315.6499938964844,20076.0,yahoo
LTF,5m,2026-09-04T12:35:00+05:30,315.70001220703125,315.8999938964844,315.70001220703125,315.79998779296875,2451.0,yahoo
LTF,5m,2026-09-04T12:40:00+05:30,315.79998779296875,315.8999938964844,315.70001220703125,315.75,5958.0,yahoo
LTF,5m,2026-09-04T12:45:00+05:30,315.75,316.1000061035156,315.3999938964844,316.0,20660.0,yahoo
LTF,5m,2026-09-04T12:50:00+05:30,316.0,316.1000061035156,315.8999938964844,315.8999938964844,5226.0,yahoo
LTF,5m,2026-09-04T12:55:00+05:30,315.8999938964844,315.95001220703125,315.3500061035156,315.75,9973.0,yahoo
LTF,5m,2026-09-04T13:00:00+05:30,315.6000061035156,315.8500061035156,315.3999938964844,315.75,11816.0,yahoo
LTF,5m,2026-09-04T13:05:00+05:30,315.75,315.8500061035156,315.54998779296875,315.79998779296875,13599.0,yahoo
LTF,5m,2026-09-04T13:10:00+05:30,315.6499938964844,315.8999938964844,315.6499938964844,315.79998779296875,7682.0,yahoo
LTF,5m,2026-09-04T13:15:00+05:30,315.6499938964844,316.1000061035156,315.6499938964844,316.0,13747.0,yahoo
LTF,5m,2026-09-04T13:20:00+05:30,315.95001220703125,316.20001220703125,315.45001220703125,315.45001220703125,77547.0,yahoo
LTF,5m,2026-09-04T13:25:00+05:30,315.3999938964844,315.3999938964844,314.70001220703125,314.70001220703125,86470.0,yahoo
LTF,5m,2026-09-04T13:30:00+05:30,314.6000061035156,314.70001220703125,314.5,314.6499938964844,14952.0,yahoo
LTF,5m,2026-09-04T13:35:00+05:30,314.6000061035156,314.79998779296875,314.6000061035156,314.79998779296875,12146.0,yahoo
LTF,5m,2026-09-04T13:40:00+05:30,314.70001220703125,314.8500061035156,314.6000061035156,314.6000061035156,4037.0,yahoo
LTF,5m,2026-09-04T13:45:00+05:30,314.75,314.75,314.6000061035156,314.75,8140.0,yahoo
LTF,5m,2026-09-04T13:50:00+05:30,314.6000061035156,314.75,314.5,314.54998779296875,20423.0,yahoo
LTF,5m,2026-09-04T13:55:00+05:30,314.6000061035156,314.75,314.54998779296875,314.70001220703125,6185.0,yahoo
LTF,5m,2026-09-04T14:00:00+05:30,314.6499938964844,314.6499938964844,314.5,314.5,11780.0,yahoo
LTF,5m,2026-09-04T14:05:00+05:30,314.5,314.6000061035156,314.25,314.54998779296875,24353.0,yahoo
LTF,5m,2026-09-04T14:10:00+05:30,314.5,314.6499938964844,314.3999938964844,314.45001220703125,7323.0,yahoo
LTF,5m,2026-09-04T14:15:00+05:30,314.45001220703125,314.5,314.1000061035156,314.25,17827.0,yahoo
LTF,5m,2026-09-04T14:20:00+05:30,314.25,314.8999938964844,314.20001220703125,314.8999938964844,31774.0,yahoo
LTF,5m,2026-09-04T14:25:00+05:30,314.79998779296875,314.8999938964844,314.79998779296875,314.8999938964844,6567.0,yahoo
LTF,5m,2026-09-04T14:30:00+05:30,314.79998779296875,314.8999938964844,314.6499938964844,314.75,9449.0,yahoo
LTF,5m,2026-09-04T14:35:00+05:30,314.70001220703125,314.95001220703125,314.54998779296875,314.75,30748.0,yahoo
LTF,5m,2026-09-04T14:40:00+05:30,314.75,314.95001220703125,314.70001220703125,314.79998779296875,14920.0,yahoo
LTF,5m,2026-09-04T14:45:00+05:30,314.79998779296875,314.95001220703125,314.75,314.8999938964844,12441.0,yahoo
LTF,5m,2026-09-04T14:50:00+05:30,314.8999938964844,315.0,314.8999938964844,314.8999938964844,97234.0,yahoo
LTF,5m,2026-09-04T14:55:00+05:30,314.8500061035156,314.8500061035156,314.1000061035156,314.20001220703125,82722.0,yahoo
LTF,5m,2026-09-04T15:00:00+05:30,314.04998779296875,314.54998779296875,313.45001220703125,314.0,143800.0,yahoo
LTF,5m,2026-09-04T15:05:00+05:30,313.8999938964844,314.79998779296875,313.75,314.3999938964844,133830.0,yahoo
LTF,5m,2026-09-04T15:10:00+05:30,314.3999938964844,315.0,314.3500061035156,314.70001220703125,150793.0,yahoo
LTF,5m,2026-09-04T15:15:00+05:30,315.0,315.0,314.0,314.0,33339.0,yahoo
LUPIN,5m,2026-09-04T09:15:00+05:30,2138.5,2138.5,2128.800048828125,2135.0,0.0,yahoo
LUPIN,5m,2026-09-04T09:20:00+05:30,2135.800048828125,2135.800048828125,2128.10009765625,2128.10009765625,15428.0,yahoo
LUPIN,5m,2026-09-04T09:25:00+05:30,2128.10009765625,2129.39990234375,2123.0,2123.0,16471.0,yahoo
LUPIN,5m,2026-09-04T09:30:00+05:30,2123.0,2124.0,2118.89990234375,2118.89990234375,25613.0,yahoo
LUPIN,5m,2026-09-04T09:35:00+05:30,2119.800048828125,2121.89990234375,2119.199951171875,2120.0,12731.0,yahoo
LUPIN,5m,2026-09-04T09:40:00+05:30,2119.300048828125,2122.699951171875,2119.300048828125,2120.0,6102.0,yahoo
LUPIN,5m,2026-09-04T09:45:00+05:30,2120.10009765625,2121.5,2119.0,2120.199951171875,10796.0,yahoo
LUPIN,5m,2026-09-04T09:50:00+05:30,2120.199951171875,2121.60009765625,2118.800048828125,2119.800048828125,9702.0,yahoo
LUPIN,5m,2026-09-04T09:55:00+05:30,2120.39990234375,2123.10009765625,2119.5,2123.10009765625,6844.0,yahoo
LUPIN,5m,2026-09-04T10:00:00+05:30,2124.0,2127.0,2123.39990234375,2125.300048828125,24815.0,yahoo
LUPIN,5m,2026-09-04T10:05:00+05:30,2125.300048828125,2130.0,2124.699951171875,2130.0,16514.0,yahoo
LUPIN,5m,2026-09-04T10:10:00+05:30,2130.0,2131.199951171875,2126.5,2127.199951171875,11757.0,yahoo
LUPIN,5m,2026-09-04T10:15:00+05:30,2127.199951171875,2128.89990234375,2125.699951171875,2127.39990234375,6798.0,yahoo
LUPIN,5m,2026-09-04T10:20:00+05:30,2127.300048828125,2128.0,2123.699951171875,2124.60009765625,11643.0,yahoo
LUPIN,5m,2026-09-04T10:25:00+05:30,2124.89990234375,2126.10009765625,2124.0,2124.89990234375,3536.0,yahoo
LUPIN,5m,2026-09-04T10:30:00+05:30,2124.89990234375,2127.0,2124.300048828125,2126.10009765625,4358.0,yahoo
LUPIN,5m,2026-09-04T10:35:00+05:30,2126.10009765625,2127.300048828125,2126.0,2126.39990234375,4148.0,yahoo
LUPIN,5m,2026-09-04T10:40:00+05:30,2126.39990234375,2127.60009765625,2125.10009765625,2126.300048828125,8759.0,yahoo
LUPIN,5m,2026-09-04T10:45:00+05:30,2126.39990234375,2127.10009765625,2124.39990234375,2126.10009765625,3421.0,yahoo
LUPIN,5m,2026-09-04T10:50:00+05:30,2126.199951171875,2127.800048828125,2126.10009765625,2126.699951171875,2876.0,yahoo
LUPIN,5m,2026-09-04T10:55:00+05:30,2126.699951171875,2126.89990234375,2121.89990234375,2122.39990234375,28332.0,yahoo
LUPIN,5m,2026-09-04T11:00:00+05:30,2122.5,2123.800048828125,2121.10009765625,2121.89990234375,7763.0,yahoo
LUPIN,5m,2026-09-04T11:05:00+05:30,2121.39990234375,2126.699951171875,2121.39990234375,2125.10009765625,19876.0,yahoo
LUPIN,5m,2026-09-04T11:10:00+05:30,2125.10009765625,2126.199951171875,2123.300048828125,2124.0,6795.0,yahoo
LUPIN,5m,2026-09-04T11:15:00+05:30,2124.0,2124.89990234375,2123.699951171875,2124.10009765625,3024.0,yahoo
LUPIN,5m,2026-09-04T11:20:00+05:30,2124.10009765625,2124.800048828125,2123.699951171875,2123.89990234375,3664.0,yahoo
LUPIN,5m,2026-09-04T11:25:00+05:30,2124.39990234375,2126.5,2122.5,2124.0,18273.0,yahoo
LUPIN,5m,2026-09-04T11:30:00+05:30,2124.0,2126.800048828125,2124.0,2125.89990234375,4270.0,yahoo
LUPIN,5m,2026-09-04T11:35:00+05:30,2125.89990234375,2127.0,2122.0,2124.0,12600.0,yahoo
LUPIN,5m,2026-09-04T11:40:00+05:30,2124.0,2125.39990234375,2124.0,2125.199951171875,9638.0,yahoo
LUPIN,5m,2026-09-04T11:45:00+05:30,2125.199951171875,2125.199951171875,2123.89990234375,2124.60009765625,1962.0,yahoo
LUPIN,5m,2026-09-04T11:50:00+05:30,2124.60009765625,2124.60009765625,2121.10009765625,2122.60009765625,6180.0,yahoo
LUPIN,5m,2026-09-04T11:55:00+05:30,2122.39990234375,2123.800048828125,2122.199951171875,2122.39990234375,1168.0,yahoo
LUPIN,5m,2026-09-04T12:00:00+05:30,2122.39990234375,2123.0,2121.199951171875,2121.300048828125,3455.0,yahoo
LUPIN,5m,2026-09-04T12:05:00+05:30,2121.5,2122.5,2121.199951171875,2121.89990234375,2218.0,yahoo
LUPIN,5m,2026-09-04T12:10:00+05:30,2121.89990234375,2125.39990234375,2121.800048828125,2124.800048828125,8362.0,yahoo
LUPIN,5m,2026-09-04T12:15:00+05:30,2124.800048828125,2125.300048828125,2123.699951171875,2124.60009765625,3578.0,yahoo
LUPIN,5m,2026-09-04T12:20:00+05:30,2124.0,2124.300048828125,2122.39990234375,2122.5,4687.0,yahoo
LUPIN,5m,2026-09-04T12:25:00+05:30,2122.199951171875,2123.5,2122.199951171875,2123.5,2118.0,yahoo
LUPIN,5m,2026-09-04T12:30:00+05:30,2123.699951171875,2124.60009765625,2122.5,2122.699951171875,3186.0,yahoo
LUPIN,5m,2026-09-04T12:35:00+05:30,2122.5,2125.199951171875,2122.0,2123.0,15123.0,yahoo
LUPIN,5m,2026-09-04T12:40:00+05:30,2122.699951171875,2124.60009765625,2122.699951171875,2124.10009765625,3867.0,yahoo
LUPIN,5m,2026-09-04T12:45:00+05:30,2124.10009765625,2124.10009765625,2121.5,2122.0,3811.0,yahoo
LUPIN,5m,2026-09-04T12:50:00+05:30,2121.60009765625,2122.199951171875,2118.699951171875,2118.699951171875,9323.0,yahoo
LUPIN,5m,2026-09-04T12:55:00+05:30,2119.5,2120.0,2118.800048828125,2119.10009765625,2092.0,yahoo
LUPIN,5m,2026-09-04T13:00:00+05:30,2119.0,2119.0,2113.300048828125,2114.89990234375,16615.0,yahoo
LUPIN,5m,2026-09-04T13:05:00+05:30,2115.0,2115.800048828125,2111.5,2111.5,17854.0,yahoo
LUPIN,5m,2026-09-04T13:10:00+05:30,2111.39990234375,2113.300048828125,2111.39990234375,2112.60009765625,9953.0,yahoo
LUPIN,5m,2026-09-04T13:15:00+05:30,2112.5,2113.699951171875,2111.60009765625,2113.39990234375,6541.0,yahoo
LUPIN,5m,2026-09-04T13:20:00+05:30,2113.39990234375,2113.89990234375,2111.699951171875,2112.60009765625,9634.0,yahoo
LUPIN,5m,2026-09-04T13:25:00+05:30,2112.10009765625,2112.800048828125,2110.800048828125,2111.60009765625,10741.0,yahoo
LUPIN,5m,2026-09-04T13:30:00+05:30,2112.0,2113.10009765625,2111.199951171875,2111.300048828125,7686.0,yahoo
LUPIN,5m,2026-09-04T13:35:00+05:30,2111.300048828125,2112.60009765625,2110.89990234375,2111.699951171875,2878.0,yahoo
LUPIN,5m,2026-09-04T13:40:00+05:30,2111.699951171875,2112.60009765625,2111.39990234375,2111.39990234375,7002.0,yahoo
LUPIN,5m,2026-09-04T13:45:00+05:30,2111.39990234375,2114.300048828125,2110.39990234375,2112.699951171875,10358.0,yahoo
LUPIN,5m,2026-09-04T13:50:00+05:30,2113.300048828125,2113.300048828125,2108.39990234375,2108.60009765625,21231.0,yahoo
LUPIN,5m,2026-09-04T13:55:00+05:30,2108.10009765625,2110.300048828125,2108.10009765625,2109.10009765625,4849.0,yahoo
LUPIN,5m,2026-09-04T14:00:00+05:30,2109.699951171875,2109.699951171875,2108.39990234375,2108.800048828125,1884.0,yahoo
LUPIN,5m,2026-09-04T14:05:00+05:30,2109.0,2110.0,2107.800048828125,2108.800048828125,5837.0,yahoo
LUPIN,5m,2026-09-04T14:10:00+05:30,2109.0,2111.0,2109.0,2110.60009765625,9986.0,yahoo
LUPIN,5m,2026-09-04T14:15:00+05:30,2110.5,2110.60009765625,2108.5,2109.10009765625,3645.0,yahoo
LUPIN,5m,2026-09-04T14:20:00+05:30,2109.0,2112.0,2108.5,2112.0,11024.0,yahoo
LUPIN,5m,2026-09-04T14:25:00+05:30,2113.0,2114.39990234375,2111.199951171875,2114.199951171875,49513.0,yahoo
LUPIN,5m,2026-09-04T14:30:00+05:30,2113.5,2114.800048828125,2111.89990234375,2112.0,9303.0,yahoo
LUPIN,5m,2026-09-04T14:35:00+05:30,2111.89990234375,2112.0,2109.39990234375,2109.39990234375,5749.0,yahoo
LUPIN,5m,2026-09-04T14:40:00+05:30,2109.39990234375,2111.0,2109.39990234375,2110.800048828125,8532.0,yahoo
LUPIN,5m,2026-09-04T14:45:00+05:30,2110.800048828125,2110.89990234375,2107.10009765625,2107.89990234375,14165.0,yahoo
LUPIN,5m,2026-09-04T14:50:00+05:30,2107.60009765625,2108.5,2106.39990234375,2106.800048828125,10904.0,yahoo
LUPIN,5m,2026-09-04T14:55:00+05:30,2106.800048828125,2107.699951171875,2105.0,2105.0,20347.0,yahoo
LUPIN,5m,2026-09-04T15:00:00+05:30,2105.0,2106.199951171875,2103.699951171875,2104.10009765625,25101.0,yahoo
LUPIN,5m,2026-09-04T15:05:00+05:30,2104.0,2107.800048828125,2104.0,2106.300048828125,53371.0,yahoo
LUPIN,5m,2026-09-04T15:10:00+05:30,2107.89990234375,2110.199951171875,2105.199951171875,2108.699951171875,55292.0,yahoo
LUPIN,5m,2026-09-04T15:15:00+05:30,2107.800048828125,2110.0,2107.800048828125,2110.0,35773.0,yahoo
M&M,5m,2026-09-04T09:15:00+05:30,3156.699951171875,3158.60009765625,3145.0,3156.5,0.0,yahoo
M&M,5m,2026-09-04T09:20:00+05:30,3156.5,3160.0,3153.10009765625,3158.10009765625,20457.0,yahoo
M&M,5m,2026-09-04T09:25:00+05:30,3158.10009765625,3158.10009765625,3153.89990234375,3155.800048828125,14546.0,yahoo
M&M,5m,2026-09-04T09:30:00+05:30,3156.699951171875,3164.199951171875,3156.0,3159.300048828125,26288.0,yahoo
M&M,5m,2026-09-04T09:35:00+05:30,3159.0,3159.300048828125,3154.699951171875,3157.60009765625,12355.0,yahoo
M&M,5m,2026-09-04T09:40:00+05:30,3156.199951171875,3157.300048828125,3153.0,3155.199951171875,13032.0,yahoo
M&M,5m,2026-09-04T09:45:00+05:30,3155.0,3159.0,3154.89990234375,3156.60009765625,9067.0,yahoo
M&M,5m,2026-09-04T09:50:00+05:30,3156.10009765625,3158.300048828125,3155.0,3155.0,7992.0,yahoo
M&M,5m,2026-09-04T09:55:00+05:30,3155.199951171875,3167.300048828125,3155.10009765625,3167.300048828125,26872.0,yahoo
M&M,5m,2026-09-04T10:00:00+05:30,3166.39990234375,3170.0,3164.300048828125,3166.199951171875,27372.0,yahoo
M&M,5m,2026-09-04T10:05:00+05:30,3165.0,3165.0,3160.0,3161.5,12234.0,yahoo
M&M,5m,2026-09-04T10:10:00+05:30,3161.300048828125,3163.5,3158.89990234375,3162.0,9373.0,yahoo
M&M,5m,2026-09-04T10:15:00+05:30,3162.10009765625,3165.0,3162.0,3164.60009765625,9722.0,yahoo
M&M,5m,2026-09-04T10:20:00+05:30,3164.0,3165.60009765625,3163.10009765625,3165.60009765625,6830.0,yahoo
M&M,5m,2026-09-04T10:25:00+05:30,3165.60009765625,3167.800048828125,3164.0,3166.199951171875,9087.0,yahoo
M&M,5m,2026-09-04T10:30:00+05:30,3166.60009765625,3171.5,3166.0,3169.89990234375,14855.0,yahoo
M&M,5m,2026-09-04T10:35:00+05:30,3169.89990234375,3171.199951171875,3168.10009765625,3169.800048828125,9229.0,yahoo
M&M,5m,2026-09-04T10:40:00+05:30,3169.199951171875,3169.199951171875,3165.60009765625,3166.199951171875,6178.0,yahoo
M&M,5m,2026-09-04T10:45:00+05:30,3166.199951171875,3170.0,3166.10009765625,3169.89990234375,7690.0,yahoo
M&M,5m,2026-09-04T10:50:00+05:30,3169.89990234375,3169.89990234375,3166.39990234375,3166.5,6741.0,yahoo
M&M,5m,2026-09-04T10:55:00+05:30,3166.800048828125,3166.800048828125,3163.199951171875,3165.0,13971.0,yahoo
M&M,5m,2026-09-04T11:00:00+05:30,3165.0,3165.0,3160.199951171875,3162.199951171875,11756.0,yahoo
M&M,5m,2026-09-04T11:05:00+05:30,3162.199951171875,3163.60009765625,3160.39990234375,3163.0,8915.0,yahoo
M&M,5m,2026-09-04T11:10:00+05:30,3163.0,3163.0,3159.0,3159.800048828125,11675.0,yahoo
M&M,5m,2026-09-04T11:15:00+05:30,3159.89990234375,3162.0,3158.800048828125,3161.300048828125,11212.0,yahoo
M&M,5m,2026-09-04T11:20:00+05:30,3161.199951171875,3167.199951171875,3160.0,3164.699951171875,23576.0,yahoo
M&M,5m,2026-09-04T11:25:00+05:30,3164.10009765625,3167.199951171875,3164.10009765625,3164.89990234375,7928.0,yahoo
M&M,5m,2026-09-04T11:30:00+05:30,3164.89990234375,3166.89990234375,3164.89990234375,3166.0,3676.0,yahoo
M&M,5m,2026-09-04T11:35:00+05:30,3166.39990234375,3166.39990234375,3165.0,3165.199951171875,7511.0,yahoo
M&M,5m,2026-09-04T11:40:00+05:30,3165.300048828125,3165.89990234375,3163.800048828125,3165.60009765625,5905.0,yahoo
M&M,5m,2026-09-04T11:45:00+05:30,3165.60009765625,3165.60009765625,3164.300048828125,3164.699951171875,3519.0,yahoo
M&M,5m,2026-09-04T11:50:00+05:30,3164.699951171875,3164.89990234375,3164.0,3164.5,4885.0,yahoo
M&M,5m,2026-09-04T11:55:00+05:30,3164.10009765625,3166.0,3163.10009765625,3165.5,7675.0,yahoo
M&M,5m,2026-09-04T12:00:00+05:30,3165.5,3165.5,3163.0,3163.0,28831.0,yahoo
M&M,5m,2026-09-04T12:05:00+05:30,3162.89990234375,3163.89990234375,3161.10009765625,3161.60009765625,6658.0,yahoo
M&M,5m,2026-09-04T12:10:00+05:30,3161.5,3164.89990234375,3160.89990234375,3164.10009765625,9648.0,yahoo
M&M,5m,2026-09-04T12:15:00+05:30,3164.10009765625,3164.5,3162.60009765625,3164.300048828125,21398.0,yahoo
M&M,5m,2026-09-04T12:20:00+05:30,3164.10009765625,3164.699951171875,3163.60009765625,3164.199951171875,9993.0,yahoo
M&M,5m,2026-09-04T12:25:00+05:30,3164.199951171875,3164.89990234375,3162.199951171875,3162.39990234375,13192.0,yahoo
M&M,5m,2026-09-04T12:30:00+05:30,3162.199951171875,3162.60009765625,3160.39990234375,3162.10009765625,8616.0,yahoo
M&M,5m,2026-09-04T12:35:00+05:30,3162.0,3164.300048828125,3160.0,3164.300048828125,11075.0,yahoo
M&M,5m,2026-09-04T12:40:00+05:30,3167.0,3167.0,3164.0,3164.0,9315.0,yahoo
M&M,5m,2026-09-04T12:45:00+05:30,3164.0,3164.5,3164.0,3164.39990234375,4648.0,yahoo
M&M,5m,2026-09-04T12:50:00+05:30,3164.0,3164.39990234375,3164.0,3164.0,3420.0,yahoo
M&M,5m,2026-09-04T12:55:00+05:30,3164.10009765625,3165.0,3161.300048828125,3164.0,18978.0,yahoo
M&M,5m,2026-09-04T13:00:00+05:30,3164.89990234375,3165.0,3164.0,3164.0,4235.0,yahoo
M&M,5m,2026-09-04T13:05:00+05:30,3164.89990234375,3167.10009765625,3164.0,3165.39990234375,11677.0,yahoo
M&M,5m,2026-09-04T13:10:00+05:30,3165.0,3168.0,3165.0,3168.0,5882.0,yahoo
M&M,5m,2026-09-04T13:15:00+05:30,3168.0,3168.0,3166.699951171875,3167.300048828125,4388.0,yahoo
M&M,5m,2026-09-04T13:20:00+05:30,3166.89990234375,3170.0,3165.5,3170.0,22820.0,yahoo
M&M,5m,2026-09-04T13:25:00+05:30,3170.0,3170.0,3167.60009765625,3169.0,6414.0,yahoo
M&M,5m,2026-09-04T13:30:00+05:30,3169.0,3169.5,3167.5,3168.0,8822.0,yahoo
M&M,5m,2026-09-04T13:35:00+05:30,3167.5,3170.0,3167.0,3167.800048828125,10090.0,yahoo
M&M,5m,2026-09-04T13:40:00+05:30,3167.800048828125,3168.60009765625,3166.39990234375,3167.89990234375,6177.0,yahoo
M&M,5m,2026-09-04T13:45:00+05:30,3167.5,3174.0,3166.10009765625,3167.0,69084.0,yahoo
M&M,5m,2026-09-04T13:50:00+05:30,3167.800048828125,3169.5,3165.5,3167.0,81623.0,yahoo
M&M,5m,2026-09-04T13:55:00+05:30,3167.199951171875,3168.0,3163.0,3163.10009765625,38627.0,yahoo
M&M,5m,2026-09-04T14:00:00+05:30,3164.39990234375,3169.39990234375,3160.0,3168.699951171875,74971.0,yahoo
M&M,5m,2026-09-04T14:05:00+05:30,3168.89990234375,3171.5,3168.699951171875,3170.10009765625,16973.0,yahoo
M&M,5m,2026-09-04T14:10:00+05:30,3170.699951171875,3173.0,3170.0,3170.10009765625,13764.0,yahoo
M&M,5m,2026-09-04T14:15:00+05:30,3170.89990234375,3173.199951171875,3170.10009765625,3172.800048828125,18913.0,yahoo
M&M,5m,2026-09-04T14:20:00+05:30,3173.10009765625,3175.0,3168.0,3169.0,28334.0,yahoo
M&M,5m,2026-09-04T14:25:00+05:30,3169.0,3175.0,3169.0,3174.60009765625,22210.0,yahoo
M&M,5m,2026-09-04T14:30:00+05:30,3174.300048828125,3175.800048828125,3173.89990234375,3175.0,23290.0,yahoo
M&M,5m,2026-09-04T14:35:00+05:30,3175.0,3176.0,3173.0,3173.0,22679.0,yahoo
M&M,5m,2026-09-04T14:40:00+05:30,3173.5,3176.10009765625,3172.39990234375,3175.300048828125,31668.0,yahoo
M&M,5m,2026-09-04T14:45:00+05:30,3175.699951171875,3181.800048828125,3175.10009765625,3179.10009765625,51310.0,yahoo
M&M,5m,2026-09-04T14:50:00+05:30,3178.39990234375,3185.0,3178.39990234375,3182.0,63997.0,yahoo
M&M,5m,2026-09-04T14:55:00+05:30,3182.0,3185.300048828125,3180.199951171875,3180.199951171875,68687.0,yahoo
M&M,5m,2026-09-04T15:00:00+05:30,3180.199951171875,3181.800048828125,3177.89990234375,3178.0,56507.0,yahoo
M&M,5m,2026-09-04T15:05:00+05:30,3178.60009765625,3181.800048828125,3175.89990234375,3177.300048828125,60757.0,yahoo
M&M,5m,2026-09-04T15:10:00+05:30,3177.300048828125,3178.60009765625,3168.300048828125,3175.0,52261.0,yahoo
M&M,5m,2026-09-04T15:15:00+05:30,3175.0,3175.0,3170.0,3170.0,47242.0,yahoo
MARUTI,5m,2026-09-04T09:15:00+05:30,12842.0,12842.0,12775.0,12789.0,0.0,yahoo
MARUTI,5m,2026-09-04T09:20:00+05:30,12784.0,12792.0,12775.0,12786.0,4886.0,yahoo
MARUTI,5m,2026-09-04T09:25:00+05:30,12788.0,12798.0,12770.0,12779.0,3640.0,yahoo
MARUTI,5m,2026-09-04T09:30:00+05:30,12775.0,12797.0,12775.0,12789.0,3003.0,yahoo
MARUTI,5m,2026-09-04T09:35:00+05:30,12787.0,12787.0,12756.0,12761.0,4886.0,yahoo
MARUTI,5m,2026-09-04T09:40:00+05:30,12761.0,12771.0,12761.0,12764.0,2363.0,yahoo
MARUTI,5m,2026-09-04T09:45:00+05:30,12765.0,12770.0,12760.0,12761.0,2723.0,yahoo
MARUTI,5m,2026-09-04T09:50:00+05:30,12761.0,12763.0,12755.0,12757.0,3299.0,yahoo
MARUTI,5m,2026-09-04T09:55:00+05:30,12758.0,12776.0,12758.0,12770.0,2574.0,yahoo
MARUTI,5m,2026-09-04T10:00:00+05:30,12770.0,12777.0,12760.0,12760.0,2164.0,yahoo
MARUTI,5m,2026-09-04T10:05:00+05:30,12760.0,12760.0,12750.0,12752.0,2941.0,yahoo
MARUTI,5m,2026-09-04T10:10:00+05:30,12752.0,12759.0,12749.0,12759.0,3905.0,yahoo
MARUTI,5m,2026-09-04T10:15:00+05:30,12757.0,12772.0,12757.0,12768.0,2548.0,yahoo
MARUTI,5m,2026-09-04T10:20:00+05:30,12768.0,12772.0,12765.0,12770.0,3479.0,yahoo
MARUTI,5m,2026-09-04T10:25:00+05:30,12771.0,12786.0,12769.0,12786.0,2143.0,yahoo
MARUTI,5m,2026-09-04T10:30:00+05:30,12783.0,12789.0,12775.0,12789.0,2682.0,yahoo
MARUTI,5m,2026-09-04T10:35:00+05:30,12790.0,12790.0,12772.0,12773.0,2833.0,yahoo
MARUTI,5m,2026-09-04T10:40:00+05:30,12773.0,12780.0,12765.0,12771.0,2006.0,yahoo
MARUTI,5m,2026-09-04T10:45:00+05:30,12772.0,12811.0,12771.0,12791.0,6017.0,yahoo
MARUTI,5m,2026-09-04T10:50:00+05:30,12791.0,12798.0,12783.0,12787.0,5093.0,yahoo
MARUTI,5m,2026-09-04T10:55:00+05:30,12790.0,12795.0,12785.0,12789.0,1419.0,yahoo
MARUTI,5m,2026-09-04T11:00:00+05:30,12792.0,12797.0,12780.0,12780.0,2036.0,yahoo
MARUTI,5m,2026-09-04T11:05:00+05:30,12780.0,12781.0,12771.0,12774.0,1873.0,yahoo
MARUTI,5m,2026-09-04T11:10:00+05:30,12775.0,12779.0,12770.0,12775.0,1627.0,yahoo
MARUTI,5m,2026-09-04T11:15:00+05:30,12775.0,12783.0,12769.0,12774.0,2208.0,yahoo
MARUTI,5m,2026-09-04T11:20:00+05:30,12774.0,12782.0,12768.0,12768.0,2128.0,yahoo
MARUTI,5m,2026-09-04T11:25:00+05:30,12768.0,12784.0,12768.0,12774.0,1532.0,yahoo
MARUTI,5m,2026-09-04T11:30:00+05:30,12774.0,12799.0,12774.0,12789.0,3374.0,yahoo
MARUTI,5m,2026-09-04T11:35:00+05:30,12789.0,12789.0,12771.0,12774.0,3158.0,yahoo
MARUTI,5m,2026-09-04T11:40:00+05:30,12780.0,12797.0,12774.0,12788.0,2576.0,yahoo
MARUTI,5m,2026-09-04T11:45:00+05:30,12787.0,12790.0,12783.0,12785.0,2204.0,yahoo
MARUTI,5m,2026-09-04T11:50:00+05:30,12785.0,12804.0,12782.0,12790.0,9701.0,yahoo
MARUTI,5m,2026-09-04T11:55:00+05:30,12793.0,12793.0,12775.0,12782.0,1724.0,yahoo
MARUTI,5m,2026-09-04T12:00:00+05:30,12778.0,12785.0,12763.0,12763.0,3354.0,yahoo
MARUTI,5m,2026-09-04T12:05:00+05:30,12761.0,12780.0,12761.0,12768.0,8857.0,yahoo
MARUTI,5m,2026-09-04T12:10:00+05:30,12769.0,12772.0,12759.0,12761.0,5424.0,yahoo
MARUTI,5m,2026-09-04T12:15:00+05:30,12767.0,12767.0,12755.0,12755.0,1841.0,yahoo
MARUTI,5m,2026-09-04T12:20:00+05:30,12756.0,12761.0,12751.0,12751.0,1633.0,yahoo
MARUTI,5m,2026-09-04T12:25:00+05:30,12751.0,12758.0,12730.0,12737.0,7855.0,yahoo
MARUTI,5m,2026-09-04T12:30:00+05:30,12735.0,12747.0,12734.0,12741.0,1740.0,yahoo
MARUTI,5m,2026-09-04T12:35:00+05:30,12743.0,12745.0,12725.0,12725.0,3701.0,yahoo
MARUTI,5m,2026-09-04T12:40:00+05:30,12729.0,12731.0,12721.0,12723.0,2797.0,yahoo
MARUTI,5m,2026-09-04T12:45:00+05:30,12722.0,12730.0,12715.0,12717.0,3047.0,yahoo
MARUTI,5m,2026-09-04T12:50:00+05:30,12720.0,12722.0,12705.0,12707.0,7622.0,yahoo
MARUTI,5m,2026-09-04T12:55:00+05:30,12707.0,12708.0,12693.0,12694.0,6355.0,yahoo
MARUTI,5m,2026-09-04T13:00:00+05:30,12694.0,12700.0,12690.0,12692.0,2993.0,yahoo
MARUTI,5m,2026-09-04T13:05:00+05:30,12696.0,12697.0,12681.0,12685.0,4228.0,yahoo
MARUTI,5m,2026-09-04T13:10:00+05:30,12690.0,12697.0,12685.0,12691.0,2323.0,yahoo
MARUTI,5m,2026-09-04T13:15:00+05:30,12691.0,12696.0,12671.0,12673.0,3985.0,yahoo
MARUTI,5m,2026-09-04T13:20:00+05:30,12671.0,12685.0,12671.0,12682.0,4929.0,yahoo
MARUTI,5m,2026-09-04T13:25:00+05:30,12682.0,12688.0,12682.0,12685.0,2641.0,yahoo
MARUTI,5m,2026-09-04T13:30:00+05:30,12685.0,12688.0,12682.0,12684.0,2822.0,yahoo
MARUTI,5m,2026-09-04T13:35:00+05:30,12690.0,12698.0,12686.0,12688.0,3304.0,yahoo
MARUTI,5m,2026-09-04T13:40:00+05:30,12695.0,12695.0,12683.0,12684.0,1726.0,yahoo
MARUTI,5m,2026-09-04T13:45:00+05:30,12686.0,12700.0,12682.0,12685.0,7687.0,yahoo
MARUTI,5m,2026-09-04T13:50:00+05:30,12682.0,12686.0,12665.0,12665.0,2930.0,yahoo
MARUTI,5m,2026-09-04T13:55:00+05:30,12669.0,12670.0,12656.0,12657.0,4226.0,yahoo
MARUTI,5m,2026-09-04T14:00:00+05:30,12657.0,12680.0,12657.0,12670.0,3327.0,yahoo
MARUTI,5m,2026-09-04T14:05:00+05:30,12670.0,12679.0,12664.0,12677.0,4676.0,yahoo
MARUTI,5m,2026-09-04T14:10:00+05:30,12677.0,12684.0,12675.0,12682.0,1922.0,yahoo
MARUTI,5m,2026-09-04T14:15:00+05:30,12678.0,12691.0,12676.0,12684.0,5725.0,yahoo
MARUTI,5m,2026-09-04T14:20:00+05:30,12680.0,12690.0,12671.0,12680.0,10413.0,yahoo
MARUTI,5m,2026-09-04T14:25:00+05:30,12681.0,12700.0,12674.0,12693.0,2594.0,yahoo
MARUTI,5m,2026-09-04T14:30:00+05:30,12693.0,12700.0,12690.0,12695.0,3820.0,yahoo
MARUTI,5m,2026-09-04T14:35:00+05:30,12692.0,12698.0,12690.0,12691.0,2956.0,yahoo
MARUTI,5m,2026-09-04T14:40:00+05:30,12691.0,12706.0,12690.0,12699.0,11499.0,yahoo
MARUTI,5m,2026-09-04T14:45:00+05:30,12699.0,12708.0,12692.0,12705.0,4066.0,yahoo
MARUTI,5m,2026-09-04T14:50:00+05:30,12708.0,12716.0,12697.0,12703.0,22032.0,yahoo
MARUTI,5m,2026-09-04T14:55:00+05:30,12703.0,12708.0,12696.0,12699.0,7338.0,yahoo
MARUTI,5m,2026-09-04T15:00:00+05:30,12702.0,12706.0,12677.0,12679.0,9841.0,yahoo
MARUTI,5m,2026-09-04T15:05:00+05:30,12678.0,12691.0,12675.0,12691.0,9593.0,yahoo
MARUTI,5m,2026-09-04T15:10:00+05:30,12685.0,12696.0,12666.0,12680.0,10765.0,yahoo
MARUTI,5m,2026-09-04T15:15:00+05:30,12690.0,12694.0,12690.0,12694.0,6277.0,yahoo
MAXHEALTH,5m,2026-09-04T09:15:00+05:30,997.5999755859375,997.5999755859375,990.5999755859375,994.0,0.0,yahoo
MAXHEALTH,5m,2026-09-04T09:20:00+05:30,994.2999877929688,995.0,992.5999755859375,993.5,6896.0,yahoo
MAXHEALTH,5m,2026-09-04T09:25:00+05:30,992.9000244140625,994.9000244140625,992.5999755859375,993.2999877929688,6596.0,yahoo
MAXHEALTH,5m,2026-09-04T09:30:00+05:30,993.2999877929688,993.5999755859375,992.5999755859375,992.9000244140625,4072.0,yahoo
MAXHEALTH,5m,2026-09-04T09:35:00+05:30,992.9000244140625,994.5,992.0,993.0,5179.0,yahoo
MAXHEALTH,5m,2026-09-04T09:40:00+05:30,993.0,994.0,992.9000244140625,993.7000122070312,3413.0,yahoo
MAXHEALTH,5m,2026-09-04T09:45:00+05:30,993.7000122070312,995.2999877929688,993.5999755859375,995.2999877929688,20208.0,yahoo
MAXHEALTH,5m,2026-09-04T09:50:00+05:30,994.5999755859375,997.0,994.0,997.0,31686.0,yahoo
MAXHEALTH,5m,2026-09-04T09:55:00+05:30,997.0999755859375,997.7000122070312,995.5999755859375,997.5999755859375,4960.0,yahoo
MAXHEALTH,5m,2026-09-04T10:00:00+05:30,997.7000122070312,998.2000122070312,994.9000244140625,994.9000244140625,53815.0,yahoo
MAXHEALTH,5m,2026-09-04T10:05:00+05:30,995.7000122070312,1000.5,995.0,999.7000122070312,44230.0,yahoo
MAXHEALTH,5m,2026-09-04T10:10:00+05:30,999.7999877929688,999.7999877929688,998.2999877929688,999.0999755859375,6575.0,yahoo
MAXHEALTH,5m,2026-09-04T10:15:00+05:30,999.0999755859375,999.7999877929688,998.7999877929688,999.7999877929688,2148.0,yahoo
MAXHEALTH,5m,2026-09-04T10:20:00+05:30,999.7999877929688,1000.4000244140625,997.4000244140625,997.7999877929688,11121.0,yahoo
MAXHEALTH,5m,2026-09-04T10:25:00+05:30,997.7999877929688,999.5,997.2000122070312,999.5,5478.0,yahoo
MAXHEALTH,5m,2026-09-04T10:30:00+05:30,999.5,999.9000244140625,998.5999755859375,999.2000122070312,4932.0,yahoo
MAXHEALTH,5m,2026-09-04T10:35:00+05:30,999.5,999.7999877929688,998.5999755859375,999.7000122070312,2156.0,yahoo
MAXHEALTH,5m,2026-09-04T10:40:00+05:30,999.7000122070312,999.9000244140625,997.5999755859375,997.5999755859375,1984.0,yahoo
MAXHEALTH,5m,2026-09-04T10:45:00+05:30,997.9000244140625,999.9000244140625,997.9000244140625,999.5999755859375,3092.0,yahoo
MAXHEALTH,5m,2026-09-04T10:50:00+05:30,999.0999755859375,999.5999755859375,998.4000244140625,999.2999877929688,1810.0,yahoo
MAXHEALTH,5m,2026-09-04T10:55:00+05:30,999.2999877929688,999.2999877929688,998.0999755859375,998.7999877929688,3126.0,yahoo
MAXHEALTH,5m,2026-09-04T11:00:00+05:30,998.9000244140625,999.0,996.2000122070312,996.7999877929688,8339.0,yahoo
MAXHEALTH,5m,2026-09-04T11:05:00+05:30,996.7000122070312,997.0,995.0,995.4000244140625,5704.0,yahoo
MAXHEALTH,5m,2026-09-04T11:10:00+05:30,995.4000244140625,996.5999755859375,995.4000244140625,996.0,6185.0,yahoo
MAXHEALTH,5m,2026-09-04T11:15:00+05:30,995.7000122070312,995.7999877929688,994.0,994.5,12211.0,yahoo
MAXHEALTH,5m,2026-09-04T11:20:00+05:30,994.7999877929688,996.2999877929688,994.2000122070312,995.0,7359.0,yahoo
MAXHEALTH,5m,2026-09-04T11:25:00+05:30,995.5,996.4000244140625,994.7999877929688,995.7999877929688,5975.0,yahoo
MAXHEALTH,5m,2026-09-04T11:30:00+05:30,996.0,999.0,996.0,997.7000122070312,38870.0,yahoo
MAXHEALTH,5m,2026-09-04T11:35:00+05:30,998.0,998.9000244140625,997.0999755859375,998.7999877929688,6061.0,yahoo
MAXHEALTH,5m,2026-09-04T11:40:00+05:30,998.9000244140625,999.0,997.9000244140625,998.2999877929688,2339.0,yahoo
MAXHEALTH,5m,2026-09-04T11:45:00+05:30,998.2999877929688,998.4000244140625,997.5999755859375,997.5999755859375,940.0,yahoo
MAXHEALTH,5m,2026-09-04T11:50:00+05:30,997.7000122070312,998.2000122070312,997.0,997.2999877929688,29756.0,yahoo
MAXHEALTH,5m,2026-09-04T11:55:00+05:30,997.5,998.0,997.0999755859375,997.2000122070312,3576.0,yahoo
MAXHEALTH,5m,2026-09-04T12:00:00+05:30,997.7000122070312,997.7000122070312,995.2000122070312,995.2000122070312,86562.0,yahoo
MAXHEALTH,5m,2026-09-04T12:05:00+05:30,995.7000122070312,996.0,992.9000244140625,993.0,8304.0,yahoo
MAXHEALTH,5m,2026-09-04T12:10:00+05:30,993.2000122070312,993.5,992.2000122070312,992.5,4686.0,yahoo
MAXHEALTH,5m,2026-09-04T12:15:00+05:30,992.9000244140625,992.9000244140625,991.4000244140625,992.0,4436.0,yahoo
MAXHEALTH,5m,2026-09-04T12:20:00+05:30,992.0999755859375,992.0999755859375,990.5,991.5,7961.0,yahoo
MAXHEALTH,5m,2026-09-04T12:25:00+05:30,991.0,992.0,991.0,991.7000122070312,1731.0,yahoo
MAXHEALTH,5m,2026-09-04T12:30:00+05:30,991.5,993.2000122070312,991.0999755859375,993.0999755859375,14882.0,yahoo
MAXHEALTH,5m,2026-09-04T12:35:00+05:30,993.0,993.9000244140625,993.0,993.2000122070312,1745.0,yahoo
MAXHEALTH,5m,2026-09-04T12:40:00+05:30,993.7000122070312,994.2999877929688,993.0999755859375,993.9000244140625,3985.0,yahoo
MAXHEALTH,5m,2026-09-04T12:45:00+05:30,993.4000244140625,993.9000244140625,993.0,993.4000244140625,2867.0,yahoo
MAXHEALTH,5m,2026-09-04T12:50:00+05:30,993.4000244140625,993.9000244140625,993.2999877929688,993.7999877929688,1647.0,yahoo
MAXHEALTH,5m,2026-09-04T12:55:00+05:30,993.7999877929688,993.7999877929688,993.0,993.0999755859375,1161.0,yahoo
MAXHEALTH,5m,2026-09-04T13:00:00+05:30,993.5,993.5,992.9000244140625,993.5,3846.0,yahoo
MAXHEALTH,5m,2026-09-04T13:05:00+05:30,993.5,993.5999755859375,993.0,993.5,1664.0,yahoo
MAXHEALTH,5m,2026-09-04T13:10:00+05:30,993.5,993.5999755859375,991.2999877929688,993.0,77168.0,yahoo
MAXHEALTH,5m,2026-09-04T13:15:00+05:30,993.0999755859375,994.2000122070312,991.7000122070312,991.7999877929688,23170.0,yahoo
MAXHEALTH,5m,2026-09-04T13:20:00+05:30,991.9000244140625,991.9000244140625,990.5999755859375,991.4000244140625,5519.0,yahoo
MAXHEALTH,5m,2026-09-04T13:25:00+05:30,991.4000244140625,991.5999755859375,988.5,989.0999755859375,13133.0,yahoo
MAXHEALTH,5m,2026-09-04T13:30:00+05:30,989.5999755859375,991.5,989.2000122070312,989.7000122070312,33108.0,yahoo
MAXHEALTH,5m,2026-09-04T13:35:00+05:30,990.0,990.0,988.5,988.5,3850.0,yahoo
MAXHEALTH,5m,2026-09-04T13:40:00+05:30,988.5,988.7999877929688,986.0999755859375,986.5999755859375,36667.0,yahoo
MAXHEALTH,5m,2026-09-04T13:45:00+05:30,987.2000122070312,987.5999755859375,986.7000122070312,987.0,5416.0,yahoo
MAXHEALTH,5m,2026-09-04T13:50:00+05:30,987.7000122070312,987.7999877929688,987.0,987.7999877929688,3194.0,yahoo
MAXHEALTH,5m,2026-09-04T13:55:00+05:30,987.2999877929688,988.2000122070312,987.2999877929688,987.4000244140625,3796.0,yahoo
MAXHEALTH,5m,2026-09-04T14:00:00+05:30,987.4000244140625,988.5,987.0,987.0,7871.0,yahoo
MAXHEALTH,5m,2026-09-04T14:05:00+05:30,987.0999755859375,987.7000122070312,987.0,987.0,4556.0,yahoo
MAXHEALTH,5m,2026-09-04T14:10:00+05:30,987.5999755859375,988.0,986.7000122070312,986.9000244140625,6718.0,yahoo
MAXHEALTH,5m,2026-09-04T14:15:00+05:30,986.9000244140625,987.4000244140625,986.5,986.5,3455.0,yahoo
MAXHEALTH,5m,2026-09-04T14:20:00+05:30,986.5,987.2999877929688,986.5,987.0,2443.0,yahoo
MAXHEALTH,5m,2026-09-04T14:25:00+05:30,987.4000244140625,987.7999877929688,986.7999877929688,987.5,3416.0,yahoo
MAXHEALTH,5m,2026-09-04T14:30:00+05:30,987.5999755859375,988.7999877929688,987.5999755859375,987.7999877929688,9932.0,yahoo
MAXHEALTH,5m,2026-09-04T14:35:00+05:30,988.2000122070312,988.5,986.2000122070312,986.2999877929688,13102.0,yahoo
MAXHEALTH,5m,2026-09-04T14:40:00+05:30,986.2999877929688,988.0,986.2999877929688,987.2000122070312,8273.0,yahoo
MAXHEALTH,5m,2026-09-04T14:45:00+05:30,987.2000122070312,988.2000122070312,986.7999877929688,988.0999755859375,18317.0,yahoo
MAXHEALTH,5m,2026-09-04T14:50:00+05:30,987.7000122070312,989.2000122070312,987.2999877929688,989.0999755859375,60413.0,yahoo
MAXHEALTH,5m,2026-09-04T14:55:00+05:30,989.2000122070312,990.7999877929688,988.7000122070312,988.7000122070312,47261.0,yahoo
MAXHEALTH,5m,2026-09-04T15:00:00+05:30,989.2999877929688,989.9000244140625,985.0,985.2000122070312,58226.0,yahoo
MAXHEALTH,5m,2026-09-04T15:05:00+05:30,985.5,985.7000122070312,984.7999877929688,985.2000122070312,42784.0,yahoo
MAXHEALTH,5m,2026-09-04T15:10:00+05:30,984.9000244140625,984.9000244140625,981.7000122070312,983.9000244140625,102911.0,yahoo
MAXHEALTH,5m,2026-09-04T15:15:00+05:30,983.7999877929688,984.7999877929688,983.7999877929688,984.7999877929688,28728.0,yahoo
MCX,5m,2026-09-04T09:15:00+05:30,3193.199951171875,3205.0,3168.10009765625,3204.0,0.0,yahoo
MCX,5m,2026-09-04T09:20:00+05:30,3204.800048828125,3206.0,3179.199951171875,3180.300048828125,67935.0,yahoo
MCX,5m,2026-09-04T09:25:00+05:30,3181.10009765625,3196.89990234375,3181.10009765625,3194.800048828125,26279.0,yahoo
MCX,5m,2026-09-04T09:30:00+05:30,3195.5,3200.0,3185.800048828125,3198.699951171875,19906.0,yahoo
MCX,5m,2026-09-04T09:35:00+05:30,3198.699951171875,3234.800048828125,3198.699951171875,3232.39990234375,122573.0,yahoo
MCX,5m,2026-09-04T09:40:00+05:30,3233.0,3247.800048828125,3232.10009765625,3239.199951171875,111210.0,yahoo
MCX,5m,2026-09-04T09:45:00+05:30,3237.199951171875,3245.0,3225.0,3232.199951171875,48382.0,yahoo
MCX,5m,2026-09-04T09:50:00+05:30,3232.89990234375,3238.60009765625,3228.10009765625,3232.699951171875,35183.0,yahoo
MCX,5m,2026-09-04T09:55:00+05:30,3233.800048828125,3237.0,3226.0,3232.89990234375,61735.0,yahoo
MCX,5m,2026-09-04T10:00:00+05:30,3232.0,3232.89990234375,3222.5,3231.89990234375,61286.0,yahoo
MCX,5m,2026-09-04T10:05:00+05:30,3232.699951171875,3241.60009765625,3228.60009765625,3240.800048828125,40527.0,yahoo
MCX,5m,2026-09-04T10:10:00+05:30,3241.10009765625,3246.5,3240.300048828125,3242.89990234375,39594.0,yahoo
MCX,5m,2026-09-04T10:15:00+05:30,3242.89990234375,3256.199951171875,3241.199951171875,3247.89990234375,151481.0,yahoo
MCX,5m,2026-09-04T10:20:00+05:30,3248.39990234375,3252.0,3235.5,3237.89990234375,27480.0,yahoo
MCX,5m,2026-09-04T10:25:00+05:30,3237.89990234375,3245.0,3237.0,3238.60009765625,16177.0,yahoo
MCX,5m,2026-09-04T10:30:00+05:30,3238.800048828125,3256.60009765625,3237.699951171875,3250.89990234375,32562.0,yahoo
MCX,5m,2026-09-04T10:35:00+05:30,3251.89990234375,3251.89990234375,3239.0,3242.0,19584.0,yahoo
MCX,5m,2026-09-04T10:40:00+05:30,3241.699951171875,3249.60009765625,3240.5,3248.5,18805.0,yahoo
MCX,5m,2026-09-04T10:45:00+05:30,3247.10009765625,3247.800048828125,3241.0,3242.0,11835.0,yahoo
MCX,5m,2026-09-04T10:50:00+05:30,3241.0,3243.89990234375,3228.800048828125,3232.0,27055.0,yahoo
MCX,5m,2026-09-04T10:55:00+05:30,3232.39990234375,3236.89990234375,3231.300048828125,3235.300048828125,8846.0,yahoo
MCX,5m,2026-09-04T11:00:00+05:30,3235.300048828125,3239.60009765625,3235.0,3236.699951171875,7378.0,yahoo
MCX,5m,2026-09-04T11:05:00+05:30,3236.89990234375,3243.699951171875,3235.300048828125,3239.60009765625,29351.0,yahoo
MCX,5m,2026-09-04T11:10:00+05:30,3239.10009765625,3239.800048828125,3235.0,3238.0,8136.0,yahoo
MCX,5m,2026-09-04T11:15:00+05:30,3237.300048828125,3240.0,3237.199951171875,3238.300048828125,7342.0,yahoo
MCX,5m,2026-09-04T11:20:00+05:30,3235.89990234375,3235.89990234375,3229.199951171875,3231.0,16724.0,yahoo
MCX,5m,2026-09-04T11:25:00+05:30,3231.199951171875,3244.300048828125,3230.0,3244.10009765625,28983.0,yahoo
MCX,5m,2026-09-04T11:30:00+05:30,3244.0,3247.0,3234.300048828125,3236.10009765625,14999.0,yahoo
MCX,5m,2026-09-04T11:35:00+05:30,3234.60009765625,3236.5,3230.0,3230.0,10847.0,yahoo
MCX,5m,2026-09-04T11:40:00+05:30,3230.0,3233.0,3214.0,3215.60009765625,28232.0,yahoo
MCX,5m,2026-09-04T11:45:00+05:30,3215.60009765625,3220.0,3210.60009765625,3213.699951171875,18515.0,yahoo
MCX,5m,2026-09-04T11:50:00+05:30,3213.699951171875,3216.39990234375,3213.0,3216.199951171875,20127.0,yahoo
MCX,5m,2026-09-04T11:55:00+05:30,3216.0,3217.199951171875,3213.0,3216.0,8456.0,yahoo
MCX,5m,2026-09-04T12:00:00+05:30,3216.5,3223.199951171875,3216.0,3221.199951171875,21785.0,yahoo
MCX,5m,2026-09-04T12:05:00+05:30,3221.199951171875,3227.39990234375,3216.39990234375,3224.5,26331.0,yahoo
MCX,5m,2026-09-04T12:10:00+05:30,3224.800048828125,3228.300048828125,3220.199951171875,3222.0,8932.0,yahoo
MCX,5m,2026-09-04T12:15:00+05:30,3220.699951171875,3220.699951171875,3213.5,3216.5,15144.0,yahoo
MCX,5m,2026-09-04T12:20:00+05:30,3216.300048828125,3218.699951171875,3212.10009765625,3214.39990234375,14023.0,yahoo
MCX,5m,2026-09-04T12:25:00+05:30,3214.5,3215.699951171875,3212.0,3212.0,6381.0,yahoo
MCX,5m,2026-09-04T12:30:00+05:30,3213.0,3215.0,3211.5,3213.60009765625,7232.0,yahoo
MCX,5m,2026-09-04T12:35:00+05:30,3214.199951171875,3217.89990234375,3207.800048828125,3210.0,19007.0,yahoo
MCX,5m,2026-09-04T12:40:00+05:30,3209.0,3219.0,3209.0,3213.800048828125,17591.0,yahoo
MCX,5m,2026-09-04T12:45:00+05:30,3215.0,3235.39990234375,3214.699951171875,3231.10009765625,26262.0,yahoo
MCX,5m,2026-09-04T12:50:00+05:30,3231.60009765625,3233.0,3222.0,3222.89990234375,15413.0,yahoo
MCX,5m,2026-09-04T12:55:00+05:30,3222.199951171875,3223.5,3215.800048828125,3219.300048828125,13215.0,yahoo
MCX,5m,2026-09-04T13:00:00+05:30,3217.699951171875,3222.300048828125,3217.699951171875,3218.89990234375,4690.0,yahoo
MCX,5m,2026-09-04T13:05:00+05:30,3219.0,3220.0,3217.199951171875,3219.199951171875,4448.0,yahoo
MCX,5m,2026-09-04T13:10:00+05:30,3217.10009765625,3217.10009765625,3212.10009765625,3213.60009765625,12080.0,yahoo
MCX,5m,2026-09-04T13:15:00+05:30,3213.39990234375,3214.300048828125,3212.0,3212.89990234375,9172.0,yahoo
MCX,5m,2026-09-04T13:20:00+05:30,3212.5,3219.0,3212.5,3215.800048828125,5653.0,yahoo
MCX,5m,2026-09-04T13:25:00+05:30,3216.199951171875,3217.10009765625,3212.0,3214.0,7907.0,yahoo
MCX,5m,2026-09-04T13:30:00+05:30,3214.0,3217.199951171875,3213.0,3213.5,7505.0,yahoo
MCX,5m,2026-09-04T13:35:00+05:30,3214.0,3215.0,3213.0,3214.300048828125,7943.0,yahoo
MCX,5m,2026-09-04T13:40:00+05:30,3214.39990234375,3215.0,3211.0,3211.199951171875,4430.0,yahoo
MCX,5m,2026-09-04T13:45:00+05:30,3211.199951171875,3213.60009765625,3210.0,3211.60009765625,11028.0,yahoo
MCX,5m,2026-09-04T13:50:00+05:30,3211.60009765625,3213.300048828125,3210.0,3210.300048828125,17217.0,yahoo
MCX,5m,2026-09-04T13:55:00+05:30,3210.300048828125,3210.60009765625,3207.10009765625,3209.199951171875,10107.0,yahoo
MCX,5m,2026-09-04T14:00:00+05:30,3209.10009765625,3211.699951171875,3207.89990234375,3211.199951171875,6621.0,yahoo
MCX,5m,2026-09-04T14:05:00+05:30,3211.0,3212.0,3209.39990234375,3209.5,8315.0,yahoo
MCX,5m,2026-09-04T14:10:00+05:30,3208.39990234375,3210.800048828125,3201.199951171875,3202.60009765625,17256.0,yahoo
MCX,5m,2026-09-04T14:15:00+05:30,3202.10009765625,3202.10009765625,3196.199951171875,3198.5,23296.0,yahoo
MCX,5m,2026-09-04T14:20:00+05:30,3198.699951171875,3208.5,3197.0,3203.699951171875,22564.0,yahoo
MCX,5m,2026-09-04T14:25:00+05:30,3203.10009765625,3210.60009765625,3203.0,3203.0,18859.0,yahoo
MCX,5m,2026-09-04T14:30:00+05:30,3202.800048828125,3206.60009765625,3200.10009765625,3201.0,20463.0,yahoo
MCX,5m,2026-09-04T14:35:00+05:30,3201.0,3208.60009765625,3200.800048828125,3207.10009765625,21842.0,yahoo
MCX,5m,2026-09-04T14:40:00+05:30,3206.89990234375,3208.699951171875,3202.699951171875,3204.0,9218.0,yahoo
MCX,5m,2026-09-04T14:45:00+05:30,3204.60009765625,3208.699951171875,3201.800048828125,3208.699951171875,16500.0,yahoo
MCX,5m,2026-09-04T14:50:00+05:30,3212.0,3252.39990234375,3209.5,3249.39990234375,224695.0,yahoo
MCX,5m,2026-09-04T14:55:00+05:30,3249.5,3279.5,3247.0,3259.89990234375,238568.0,yahoo
MCX,5m,2026-09-04T15:00:00+05:30,3259.199951171875,3261.5,3236.199951171875,3255.300048828125,110075.0,yahoo
MCX,5m,2026-09-04T15:05:00+05:30,3257.10009765625,3268.5,3250.0,3267.0,68293.0,yahoo
MCX,5m,2026-09-04T15:10:00+05:30,3268.300048828125,3287.0,3268.199951171875,3275.39990234375,124199.0,yahoo
MOTILALOFS,5m,2026-09-04T09:15:00+05:30,1025.5,1030.699951171875,1025.5,1029.9000244140625,0.0,yahoo
MOTILALOFS,5m,2026-09-04T09:20:00+05:30,1030.0,1037.5,1028.0,1030.0999755859375,45372.0,yahoo
MOTILALOFS,5m,2026-09-04T09:25:00+05:30,1030.699951171875,1034.5,1028.5,1029.4000244140625,63644.0,yahoo
MOTILALOFS,5m,2026-09-04T09:30:00+05:30,1029.5,1029.5,1023.2000122070312,1027.5999755859375,20497.0,yahoo
MOTILALOFS,5m,2026-09-04T09:35:00+05:30,1027.4000244140625,1030.4000244140625,1026.5999755859375,1030.4000244140625,6621.0,yahoo
MOTILALOFS,5m,2026-09-04T09:40:00+05:30,1030.5999755859375,1031.9000244140625,1028.800048828125,1031.4000244140625,10105.0,yahoo
MOTILALOFS,5m,2026-09-04T09:45:00+05:30,1031.4000244140625,1032.5,1026.199951171875,1027.0999755859375,10359.0,yahoo
MOTILALOFS,5m,2026-09-04T09:50:00+05:30,1027.0999755859375,1028.9000244140625,1025.0,1026.800048828125,14775.0,yahoo
MOTILALOFS,5m,2026-09-04T09:55:00+05:30,1027.199951171875,1028.5,1025.5,1028.5,2107.0,yahoo
MOTILALOFS,5m,2026-09-04T10:00:00+05:30,1027.0,1028.300048828125,1026.300048828125,1027.300048828125,5882.0,yahoo
MOTILALOFS,5m,2026-09-04T10:05:00+05:30,1026.5999755859375,1030.0,1026.5,1028.5999755859375,8100.0,yahoo
MOTILALOFS,5m,2026-09-04T10:10:00+05:30,1028.0,1031.300048828125,1028.0,1030.800048828125,5159.0,yahoo
MOTILALOFS,5m,2026-09-04T10:15:00+05:30,1031.0,1034.300048828125,1031.0,1032.0,23509.0,yahoo
MOTILALOFS,5m,2026-09-04T10:20:00+05:30,1032.800048828125,1032.800048828125,1031.4000244140625,1031.5999755859375,2915.0,yahoo
MOTILALOFS,5m,2026-09-04T10:25:00+05:30,1031.5,1034.4000244140625,1031.5,1032.4000244140625,3371.0,yahoo
MOTILALOFS,5m,2026-09-04T10:30:00+05:30,1033.199951171875,1034.5,1030.800048828125,1031.199951171875,9889.0,yahoo
MOTILALOFS,5m,2026-09-04T10:35:00+05:30,1030.5999755859375,1031.4000244140625,1030.4000244140625,1030.4000244140625,1378.0,yahoo
MOTILALOFS,5m,2026-09-04T10:40:00+05:30,1030.300048828125,1032.0,1029.5999755859375,1030.5999755859375,3806.0,yahoo
MOTILALOFS,5m,2026-09-04T10:45:00+05:30,1031.300048828125,1031.4000244140625,1029.800048828125,1029.800048828125,1556.0,yahoo
MOTILALOFS,5m,2026-09-04T10:50:00+05:30,1029.800048828125,1029.800048828125,1026.300048828125,1026.300048828125,7476.0,yahoo
MOTILALOFS,5m,2026-09-04T10:55:00+05:30,1026.0999755859375,1026.0999755859375,1023.7000122070312,1025.699951171875,11669.0,yahoo
MOTILALOFS,5m,2026-09-04T11:00:00+05:30,1025.199951171875,1026.4000244140625,1025.0,1025.5,4053.0,yahoo
MOTILALOFS,5m,2026-09-04T11:05:00+05:30,1025.300048828125,1026.0,1025.0,1025.5,1361.0,yahoo
MOTILALOFS,5m,2026-09-04T11:10:00+05:30,1025.0999755859375,1026.699951171875,1024.0999755859375,1024.699951171875,7165.0,yahoo
MOTILALOFS,5m,2026-09-04T11:15:00+05:30,1024.699951171875,1025.0,1024.0,1024.5,952.0,yahoo
MOTILALOFS,5m,2026-09-04T11:20:00+05:30,1024.199951171875,1025.4000244140625,1024.199951171875,1024.699951171875,3608.0,yahoo
MOTILALOFS,5m,2026-09-04T11:25:00+05:30,1024.699951171875,1026.800048828125,1024.699951171875,1025.800048828125,3054.0,yahoo
MOTILALOFS,5m,2026-09-04T11:30:00+05:30,1026.0999755859375,1026.4000244140625,1024.5,1024.699951171875,1980.0,yahoo
MOTILALOFS,5m,2026-09-04T11:35:00+05:30,1025.0,1026.5,1025.0,1026.199951171875,3372.0,yahoo
MOTILALOFS,5m,2026-09-04T11:40:00+05:30,1026.0,1026.199951171875,1024.0,1024.4000244140625,4727.0,yahoo
MOTILALOFS,5m,2026-09-04T11:45:00+05:30,1024.5999755859375,1024.9000244140625,1024.0999755859375,1024.5,1182.0,yahoo
MOTILALOFS,5m,2026-09-04T11:50:00+05:30,1024.5,1025.199951171875,1024.199951171875,1024.5999755859375,3483.0,yahoo
MOTILALOFS,5m,2026-09-04T11:55:00+05:30,1024.699951171875,1026.0,1024.300048828125,1025.300048828125,4042.0,yahoo
MOTILALOFS,5m,2026-09-04T12:00:00+05:30,1025.5,1030.0,1024.9000244140625,1028.800048828125,8191.0,yahoo
MOTILALOFS,5m,2026-09-04T12:05:00+05:30,1029.800048828125,1032.4000244140625,1028.5999755859375,1031.0999755859375,7992.0,yahoo
MOTILALOFS,5m,2026-09-04T12:10:00+05:30,1030.0999755859375,1031.0999755859375,1029.0,1029.199951171875,1825.0,yahoo
MOTILALOFS,5m,2026-09-04T12:15:00+05:30,1029.0,1029.300048828125,1026.800048828125,1028.4000244140625,2806.0,yahoo
MOTILALOFS,5m,2026-09-04T12:20:00+05:30,1028.0999755859375,1028.199951171875,1026.800048828125,1027.199951171875,1017.0,yahoo
MOTILALOFS,5m,2026-09-04T12:25:00+05:30,1026.800048828125,1029.0999755859375,1026.5,1028.699951171875,2387.0,yahoo
MOTILALOFS,5m,2026-09-04T12:30:00+05:30,1028.699951171875,1028.9000244140625,1027.300048828125,1028.9000244140625,1128.0,yahoo
MOTILALOFS,5m,2026-09-04T12:35:00+05:30,1028.5999755859375,1029.0,1027.0,1028.199951171875,1871.0,yahoo
MOTILALOFS,5m,2026-09-04T12:40:00+05:30,1028.300048828125,1029.0,1028.199951171875,1028.699951171875,725.0,yahoo
MOTILALOFS,5m,2026-09-04T12:45:00+05:30,1028.5999755859375,1030.300048828125,1027.0999755859375,1030.0,2989.0,yahoo
MOTILALOFS,5m,2026-09-04T12:50:00+05:30,1030.0,1030.5,1027.800048828125,1028.0999755859375,1068.0,yahoo
MOTILALOFS,5m,2026-09-04T12:55:00+05:30,1028.0999755859375,1029.0,1027.199951171875,1028.199951171875,1580.0,yahoo
MOTILALOFS,5m,2026-09-04T13:00:00+05:30,1027.4000244140625,1028.9000244140625,1027.4000244140625,1028.800048828125,1719.0,yahoo
MOTILALOFS,5m,2026-09-04T13:05:00+05:30,1028.800048828125,1034.5999755859375,1028.699951171875,1033.300048828125,16629.0,yahoo
MOTILALOFS,5m,2026-09-04T13:10:00+05:30,1033.4000244140625,1034.199951171875,1033.0,1033.0,6818.0,yahoo
MOTILALOFS,5m,2026-09-04T13:15:00+05:30,1033.0999755859375,1035.699951171875,1032.4000244140625,1035.699951171875,40247.0,yahoo
MOTILALOFS,5m,2026-09-04T13:20:00+05:30,1035.5999755859375,1039.699951171875,1035.5999755859375,1036.5,31435.0,yahoo
MOTILALOFS,5m,2026-09-04T13:25:00+05:30,1036.5,1037.9000244140625,1036.0999755859375,1036.5,13656.0,yahoo
MOTILALOFS,5m,2026-09-04T13:30:00+05:30,1037.0,1038.5,1032.9000244140625,1034.300048828125,17689.0,yahoo
MOTILALOFS,5m,2026-09-04T13:35:00+05:30,1034.300048828125,1034.9000244140625,1033.699951171875,1034.5999755859375,2146.0,yahoo
MOTILALOFS,5m,2026-09-04T13:40:00+05:30,1034.699951171875,1034.699951171875,1033.699951171875,1034.300048828125,1442.0,yahoo
MOTILALOFS,5m,2026-09-04T13:45:00+05:30,1033.5999755859375,1036.4000244140625,1033.5999755859375,1035.5,8516.0,yahoo
MOTILALOFS,5m,2026-09-04T13:50:00+05:30,1036.199951171875,1036.199951171875,1034.199951171875,1035.4000244140625,28879.0,yahoo
MOTILALOFS,5m,2026-09-04T13:55:00+05:30,1035.4000244140625,1035.5999755859375,1034.699951171875,1035.5999755859375,4831.0,yahoo
MOTILALOFS,5m,2026-09-04T14:00:00+05:30,1035.5,1035.5,1034.199951171875,1034.9000244140625,11011.0,yahoo
MOTILALOFS,5m,2026-09-04T14:05:00+05:30,1034.9000244140625,1036.4000244140625,1033.300048828125,1034.0,13404.0,yahoo
MOTILALOFS,5m,2026-09-04T14:10:00+05:30,1034.300048828125,1035.699951171875,1033.300048828125,1035.699951171875,3289.0,yahoo
MOTILALOFS,5m,2026-09-04T14:15:00+05:30,1035.699951171875,1035.9000244140625,1032.800048828125,1035.9000244140625,75138.0,yahoo
MOTILALOFS,5m,2026-09-04T14:20:00+05:30,1035.800048828125,1037.5,1035.5,1037.0,6377.0,yahoo
MOTILALOFS,5m,2026-09-04T14:25:00+05:30,1037.0,1037.5,1036.199951171875,1037.0,2031.0,yahoo
MOTILALOFS,5m,2026-09-04T14:30:00+05:30,1036.4000244140625,1037.199951171875,1035.0,1036.199951171875,12846.0,yahoo
MOTILALOFS,5m,2026-09-04T14:35:00+05:30,1035.800048828125,1035.800048828125,1034.699951171875,1035.5999755859375,2805.0,yahoo
MOTILALOFS,5m,2026-09-04T14:40:00+05:30,1035.0,1035.5999755859375,1034.5999755859375,1034.800048828125,3347.0,yahoo
MOTILALOFS,5m,2026-09-04T14:45:00+05:30,1034.699951171875,1039.0,1033.5999755859375,1038.199951171875,60183.0,yahoo
MOTILALOFS,5m,2026-09-04T14:50:00+05:30,1038.199951171875,1040.800048828125,1038.0,1038.800048828125,17733.0,yahoo
MOTILALOFS,5m,2026-09-04T14:55:00+05:30,1039.0,1039.199951171875,1038.0999755859375,1038.0999755859375,9123.0,yahoo
MOTILALOFS,5m,2026-09-04T15:00:00+05:30,1037.4000244140625,1037.4000244140625,1035.9000244140625,1036.4000244140625,9328.0,yahoo
MOTILALOFS,5m,2026-09-04T15:05:00+05:30,1036.0,1037.5,1035.0,1037.0999755859375,19639.0,yahoo
MOTILALOFS,5m,2026-09-04T15:10:00+05:30,1037.199951171875,1037.300048828125,1035.0999755859375,1037.0,25615.0,yahoo
NESTLEIND,5m,2026-09-04T09:15:00+05:30,1408.0,1412.5999755859375,1404.5,1408.0,0.0,yahoo
NESTLEIND,5m,2026-09-04T09:20:00+05:30,1408.699951171875,1409.199951171875,1407.300048828125,1408.5,8248.0,yahoo
NESTLEIND,5m,2026-09-04T09:25:00+05:30,1408.800048828125,1409.5999755859375,1406.9000244140625,1407.300048828125,6806.0,yahoo
NESTLEIND,5m,2026-09-04T09:30:00+05:30,1407.300048828125,1408.5999755859375,1406.4000244140625,1407.9000244140625,7661.0,yahoo
NESTLEIND,5m,2026-09-04T09:35:00+05:30,1408.199951171875,1408.5,1406.5999755859375,1407.199951171875,6682.0,yahoo
NESTLEIND,5m,2026-09-04T09:40:00+05:30,1406.5999755859375,1409.199951171875,1406.5999755859375,1408.0,7545.0,yahoo
NESTLEIND,5m,2026-09-04T09:45:00+05:30,1408.0999755859375,1411.4000244140625,1408.0,1409.5999755859375,7515.0,yahoo
NESTLEIND,5m,2026-09-04T09:50:00+05:30,1409.0999755859375,1409.5,1408.0999755859375,1409.0999755859375,5745.0,yahoo
NESTLEIND,5m,2026-09-04T09:55:00+05:30,1409.199951171875,1411.0999755859375,1409.199951171875,1410.699951171875,3207.0,yahoo
NESTLEIND,5m,2026-09-04T10:00:00+05:30,1410.199951171875,1415.4000244140625,1410.0999755859375,1415.0999755859375,12057.0,yahoo
NESTLEIND,5m,2026-09-04T10:05:00+05:30,1415.300048828125,1415.800048828125,1414.800048828125,1415.300048828125,5002.0,yahoo
NESTLEIND,5m,2026-09-04T10:10:00+05:30,1415.5999755859375,1416.199951171875,1413.800048828125,1415.5999755859375,8301.0,yahoo
NESTLEIND,5m,2026-09-04T10:15:00+05:30,1415.300048828125,1419.5,1415.300048828125,1419.0,6013.0,yahoo
NESTLEIND,5m,2026-09-04T10:20:00+05:30,1419.0,1419.5,1418.300048828125,1418.300048828125,3866.0,yahoo
NESTLEIND,5m,2026-09-04T10:25:00+05:30,1418.9000244140625,1420.0,1418.300048828125,1419.699951171875,8122.0,yahoo
NESTLEIND,5m,2026-09-04T10:30:00+05:30,1419.699951171875,1419.699951171875,1416.300048828125,1416.5,10574.0,yahoo
NESTLEIND,5m,2026-09-04T10:35:00+05:30,1416.699951171875,1417.9000244140625,1415.5,1417.0,3980.0,yahoo
NESTLEIND,5m,2026-09-04T10:40:00+05:30,1417.0,1417.5,1416.0999755859375,1416.800048828125,6694.0,yahoo
NESTLEIND,5m,2026-09-04T10:45:00+05:30,1416.800048828125,1417.0,1416.5,1416.9000244140625,1982.0,yahoo
NESTLEIND,5m,2026-09-04T10:50:00+05:30,1416.800048828125,1417.0,1416.0999755859375,1416.9000244140625,1662.0,yahoo
NESTLEIND,5m,2026-09-04T10:55:00+05:30,1416.800048828125,1418.5,1416.800048828125,1418.4000244140625,6524.0,yahoo
NESTLEIND,5m,2026-09-04T11:00:00+05:30,1418.5,1418.5999755859375,1415.9000244140625,1416.4000244140625,6544.0,yahoo
NESTLEIND,5m,2026-09-04T11:05:00+05:30,1416.4000244140625,1416.9000244140625,1415.199951171875,1415.300048828125,2261.0,yahoo
NESTLEIND,5m,2026-09-04T11:10:00+05:30,1415.800048828125,1417.300048828125,1414.800048828125,1415.199951171875,4437.0,yahoo
NESTLEIND,5m,2026-09-04T11:15:00+05:30,1415.5,1416.9000244140625,1415.199951171875,1416.0999755859375,4528.0,yahoo
NESTLEIND,5m,2026-09-04T11:20:00+05:30,1416.4000244140625,1419.199951171875,1415.4000244140625,1416.800048828125,7786.0,yahoo
NESTLEIND,5m,2026-09-04T11:25:00+05:30,1416.800048828125,1418.9000244140625,1416.800048828125,1417.4000244140625,3793.0,yahoo
NESTLEIND,5m,2026-09-04T11:30:00+05:30,1418.0999755859375,1418.4000244140625,1417.0,1417.5,1531.0,yahoo
NESTLEIND,5m,2026-09-04T11:35:00+05:30,1417.199951171875,1418.9000244140625,1417.199951171875,1418.0999755859375,3065.0,yahoo
NESTLEIND,5m,2026-09-04T11:40:00+05:30,1418.300048828125,1419.0,1418.0,1418.800048828125,2050.0,yahoo
NESTLEIND,5m,2026-09-04T11:45:00+05:30,1418.800048828125,1418.9000244140625,1411.5999755859375,1411.699951171875,71139.0,yahoo
NESTLEIND,5m,2026-09-04T11:50:00+05:30,1411.9000244140625,1414.699951171875,1410.800048828125,1414.0999755859375,24700.0,yahoo
NESTLEIND,5m,2026-09-04T11:55:00+05:30,1413.5999755859375,1415.9000244140625,1413.5999755859375,1414.699951171875,9210.0,yahoo
NESTLEIND,5m,2026-09-04T12:00:00+05:30,1415.300048828125,1415.5999755859375,1409.699951171875,1410.5,137596.0,yahoo
NESTLEIND,5m,2026-09-04T12:05:00+05:30,1409.699951171875,1410.800048828125,1408.199951171875,1408.699951171875,41299.0,yahoo
NESTLEIND,5m,2026-09-04T12:10:00+05:30,1409.199951171875,1410.0,1408.300048828125,1409.0999755859375,28764.0,yahoo
NESTLEIND,5m,2026-09-04T12:15:00+05:30,1407.699951171875,1409.0,1406.5999755859375,1408.199951171875,21755.0,yahoo
NESTLEIND,5m,2026-09-04T12:20:00+05:30,1407.699951171875,1408.0,1406.300048828125,1406.300048828125,32029.0,yahoo
NESTLEIND,5m,2026-09-04T12:25:00+05:30,1406.0,1406.300048828125,1403.0999755859375,1406.0,33593.0,yahoo
NESTLEIND,5m,2026-09-04T12:30:00+05:30,1406.300048828125,1407.300048828125,1405.0999755859375,1407.300048828125,8205.0,yahoo
NESTLEIND,5m,2026-09-04T12:35:00+05:30,1407.5999755859375,1409.0,1407.5999755859375,1408.699951171875,7460.0,yahoo
NESTLEIND,5m,2026-09-04T12:40:00+05:30,1408.699951171875,1409.800048828125,1408.300048828125,1409.5999755859375,6104.0,yahoo
NESTLEIND,5m,2026-09-04T12:45:00+05:30,1409.5999755859375,1411.0,1409.0999755859375,1410.800048828125,6052.0,yahoo
NESTLEIND,5m,2026-09-04T12:50:00+05:30,1410.699951171875,1411.5,1408.5999755859375,1408.5999755859375,12138.0,yahoo
NESTLEIND,5m,2026-09-04T12:55:00+05:30,1408.699951171875,1409.0,1407.9000244140625,1408.0,3128.0,yahoo
NESTLEIND,5m,2026-09-04T13:00:00+05:30,1408.4000244140625,1408.5,1407.0999755859375,1407.5,3968.0,yahoo
NESTLEIND,5m,2026-09-04T13:05:00+05:30,1407.199951171875,1407.800048828125,1407.0999755859375,1407.5,3280.0,yahoo
NESTLEIND,5m,2026-09-04T13:10:00+05:30,1407.5,1409.800048828125,1407.5,1409.800048828125,4052.0,yahoo
NESTLEIND,5m,2026-09-04T13:15:00+05:30,1409.300048828125,1410.4000244140625,1408.9000244140625,1409.5999755859375,7202.0,yahoo
NESTLEIND,5m,2026-09-04T13:20:00+05:30,1409.5999755859375,1413.5999755859375,1409.5999755859375,1412.9000244140625,28654.0,yahoo
NESTLEIND,5m,2026-09-04T13:25:00+05:30,1413.199951171875,1413.199951171875,1410.0999755859375,1410.5999755859375,5071.0,yahoo
NESTLEIND,5m,2026-09-04T13:30:00+05:30,1410.5999755859375,1410.800048828125,1409.699951171875,1409.800048828125,4221.0,yahoo
NESTLEIND,5m,2026-09-04T13:35:00+05:30,1409.800048828125,1410.5,1408.0,1408.800048828125,4979.0,yahoo
NESTLEIND,5m,2026-09-04T13:40:00+05:30,1408.4000244140625,1409.0,1408.199951171875,1408.9000244140625,5067.0,yahoo
NESTLEIND,5m,2026-09-04T13:45:00+05:30,1408.9000244140625,1409.199951171875,1407.5,1408.0,3766.0,yahoo
NESTLEIND,5m,2026-09-04T13:50:00+05:30,1408.0,1408.0,1406.5,1407.300048828125,7823.0,yahoo
NESTLEIND,5m,2026-09-04T13:55:00+05:30,1407.4000244140625,1407.5999755859375,1406.5999755859375,1407.0999755859375,3279.0,yahoo
NESTLEIND,5m,2026-09-04T14:00:00+05:30,1407.0999755859375,1407.5999755859375,1406.699951171875,1407.0,5387.0,yahoo
NESTLEIND,5m,2026-09-04T14:05:00+05:30,1407.5,1408.4000244140625,1406.800048828125,1408.4000244140625,4403.0,yahoo
NESTLEIND,5m,2026-09-04T14:10:00+05:30,1408.4000244140625,1408.800048828125,1407.800048828125,1408.4000244140625,3930.0,yahoo
NESTLEIND,5m,2026-09-04T14:15:00+05:30,1408.5,1408.5999755859375,1407.699951171875,1408.5999755859375,3920.0,yahoo
NESTLEIND,5m,2026-09-04T14:20:00+05:30,1408.0,1408.5999755859375,1406.0,1406.4000244140625,8630.0,yahoo
NESTLEIND,5m,2026-09-04T14:25:00+05:30,1406.300048828125,1407.4000244140625,1405.800048828125,1406.800048828125,4392.0,yahoo
NESTLEIND,5m,2026-09-04T14:30:00+05:30,1406.9000244140625,1408.800048828125,1406.9000244140625,1407.800048828125,21031.0,yahoo
NESTLEIND,5m,2026-09-04T14:35:00+05:30,1407.699951171875,1408.300048828125,1406.4000244140625,1406.800048828125,7437.0,yahoo
NESTLEIND,5m,2026-09-04T14:40:00+05:30,1406.699951171875,1407.4000244140625,1406.0,1407.300048828125,11258.0,yahoo
NESTLEIND,5m,2026-09-04T14:45:00+05:30,1407.5,1407.9000244140625,1406.0999755859375,1407.9000244140625,8869.0,yahoo
NESTLEIND,5m,2026-09-04T14:50:00+05:30,1407.5999755859375,1408.9000244140625,1407.199951171875,1408.199951171875,18641.0,yahoo
NESTLEIND,5m,2026-09-04T14:55:00+05:30,1408.4000244140625,1409.800048828125,1408.0999755859375,1409.0999755859375,19477.0,yahoo
NESTLEIND,5m,2026-09-04T15:00:00+05:30,1409.5,1409.5,1407.699951171875,1408.300048828125,23739.0,yahoo
NESTLEIND,5m,2026-09-04T15:05:00+05:30,1408.300048828125,1408.4000244140625,1407.0,1407.199951171875,16524.0,yahoo
NESTLEIND,5m,2026-09-04T15:10:00+05:30,1407.199951171875,1407.5999755859375,1404.0,1406.5,38333.0,yahoo
NESTLEIND,5m,2026-09-04T15:15:00+05:30,1404.0,1410.5,1404.0,1410.5,40783.0,yahoo
NIFTY50,5m,2026-09-04T09:15:00+05:30,23915.44921875,23948.349609375,23903.150390625,23927.19921875,0.0,yahoo
NIFTY50,5m,2026-09-04T09:20:00+05:30,23928.099609375,23931.30078125,23910.05078125,23915.30078125,0.0,yahoo
NIFTY50,5m,2026-09-04T09:25:00+05:30,23916.55078125,23923.349609375,23900.19921875,23908.349609375,0.0,yahoo
NIFTY50,5m,2026-09-04T09:30:00+05:30,23908.69921875,23916.30078125,23898.349609375,23907.19921875,0.0,yahoo
NIFTY50,5m,2026-09-04T09:35:00+05:30,23907.349609375,23908.94921875,23896.0,23904.0,0.0,yahoo
NIFTY50,5m,2026-09-04T09:40:00+05:30,23904.05078125,23913.900390625,23903.400390625,23910.55078125,0.0,yahoo
NIFTY50,5m,2026-09-04T09:45:00+05:30,23912.5,23929.650390625,23910.599609375,23925.44921875,0.0,yahoo
NIFTY50,5m,2026-09-04T09:50:00+05:30,23926.25,23947.55078125,23925.19921875,23945.150390625,0.0,yahoo
NIFTY50,5m,2026-09-04T09:55:00+05:30,23946.0,23954.900390625,23945.94921875,23948.400390625,0.0,yahoo
NIFTY50,5m,2026-09-04T10:00:00+05:30,23948.69921875,23962.44921875,23947.150390625,23959.30078125,0.0,yahoo
NIFTY50,5m,2026-09-04T10:05:00+05:30,23959.05078125,23961.19921875,23945.5,23945.900390625,0.0,yahoo
NIFTY50,5m,2026-09-04T10:10:00+05:30,23948.25,23948.5,23936.05078125,23939.44921875,0.0,yahoo
NIFTY50,5m,2026-09-04T10:15:00+05:30,23939.55078125,23952.69921875,23936.44921875,23946.150390625,0.0,yahoo
NIFTY50,5m,2026-09-04T10:20:00+05:30,23946.099609375,23956.400390625,23945.849609375,23951.849609375,0.0,yahoo
NIFTY50,5m,2026-09-04T10:25:00+05:30,23952.349609375,23964.69921875,23951.400390625,23963.80078125,0.0,yahoo
NIFTY50,5m,2026-09-04T10:30:00+05:30,23964.349609375,23971.150390625,23959.849609375,23959.94921875,0.0,yahoo
NIFTY50,5m,2026-09-04T10:35:00+05:30,23960.80078125,23964.44921875,23952.849609375,23960.599609375,0.0,yahoo
NIFTY50,5m,2026-09-04T10:40:00+05:30,23961.30078125,23963.849609375,23952.44921875,23953.19921875,0.0,yahoo
NIFTY50,5m,2026-09-04T10:45:00+05:30,23954.19921875,23960.75,23951.80078125,23959.150390625,0.0,yahoo
NIFTY50,5m,2026-09-04T10:50:00+05:30,23959.30078125,23965.19921875,23955.349609375,23963.05078125,0.0,yahoo
NIFTY50,5m,2026-09-04T10:55:00+05:30,23964.30078125,23967.25,23959.849609375,23967.05078125,0.0,yahoo
NIFTY50,5m,2026-09-04T11:00:00+05:30,23967.30078125,23971.900390625,23959.19921875,23965.349609375,0.0,yahoo
NIFTY50,5m,2026-09-04T11:05:00+05:30,23966.849609375,23974.05078125,23961.80078125,23971.650390625,0.0,yahoo
NIFTY50,5m,2026-09-04T11:10:00+05:30,23972.69921875,23975.75,23962.94921875,23965.05078125,0.0,yahoo
NIFTY50,5m,2026-09-04T11:15:00+05:30,23965.25,23974.94921875,23960.94921875,23974.69921875,0.0,yahoo
NIFTY50,5m,2026-09-04T11:20:00+05:30,23975.25,23987.69921875,23971.19921875,23979.900390625,0.0,yahoo
NIFTY50,5m,2026-09-04T11:25:00+05:30,23980.400390625,23989.55078125,23977.349609375,23982.150390625,0.0,yahoo
NIFTY50,5m,2026-09-04T11:30:00+05:30,23982.849609375,23989.94921875,23982.75,23987.599609375,0.0,yahoo
NIFTY50,5m,2026-09-04T11:35:00+05:30,23987.599609375,24004.849609375,23984.849609375,23999.05078125,0.0,yahoo
NIFTY50,5m,2026-09-04T11:40:00+05:30,24001.30078125,24004.19921875,23980.30078125,23981.5,0.0,yahoo
NIFTY50,5m,2026-09-04T11:45:00+05:30,23981.849609375,23987.75,23978.099609375,23984.150390625,0.0,yahoo
NIFTY50,5m,2026-09-04T11:50:00+05:30,23984.44921875,23991.75,23982.30078125,23985.25,0.0,yahoo
NIFTY50,5m,2026-09-04T11:55:00+05:30,23986.0,23988.650390625,23977.349609375,23978.650390625,0.0,yahoo
NIFTY50,5m,2026-09-04T12:00:00+05:30,23979.69921875,23979.69921875,23958.69921875,23959.099609375,0.0,yahoo
NIFTY50,5m,2026-09-04T12:05:00+05:30,23959.30078125,23966.650390625,23957.05078125,23964.5,0.0,yahoo
NIFTY50,5m,2026-09-04T12:10:00+05:30,23965.30078125,23965.69921875,23946.80078125,23952.849609375,0.0,yahoo
NIFTY50,5m,2026-09-04T12:15:00+05:30,23951.69921875,23954.349609375,23943.150390625,23948.55078125,0.0,yahoo
NIFTY50,5m,2026-09-04T12:20:00+05:30,23948.349609375,23949.599609375,23940.400390625,23940.5,0.0,yahoo
NIFTY50,5m,2026-09-04T12:25:00+05:30,23941.30078125,23951.55078125,23937.55078125,23947.0,0.0,yahoo
NIFTY50,5m,2026-09-04T12:30:00+05:30,23948.55078125,23950.400390625,23942.19921875,23944.94921875,0.0,yahoo
NIFTY50,5m,2026-09-04T12:35:00+05:30,23947.19921875,23947.5,23937.150390625,23942.30078125,0.0,yahoo
NIFTY50,5m,2026-09-04T12:40:00+05:30,23944.30078125,23946.69921875,23938.0,23938.599609375,0.0,yahoo
NIFTY50,5m,2026-09-04T12:45:00+05:30,23940.150390625,23942.80078125,23934.80078125,23940.400390625,0.0,yahoo
NIFTY50,5m,2026-09-04T12:50:00+05:30,23942.30078125,23946.69921875,23938.400390625,23942.25,0.0,yahoo
NIFTY50,5m,2026-09-04T12:55:00+05:30,23944.05078125,23944.05078125,23927.25,23935.099609375,0.0,yahoo
NIFTY50,5m,2026-09-04T13:00:00+05:30,23936.94921875,23941.75,23933.55078125,23935.30078125,0.0,yahoo
NIFTY50,5m,2026-09-04T13:05:00+05:30,23936.69921875,23944.599609375,23933.650390625,23943.75,0.0,yahoo
NIFTY50,5m,2026-09-04T13:10:00+05:30,23945.900390625,23952.650390625,23943.25,23946.349609375,0.0,yahoo
NIFTY50,5m,2026-09-04T13:15:00+05:30,23948.44921875,23957.900390625,23945.0,23951.099609375,0.0,yahoo
NIFTY50,5m,2026-09-04T13:20:00+05:30,23952.650390625,23956.05078125,23947.94921875,23953.400390625,0.0,yahoo
NIFTY50,5m,2026-09-04T13:25:00+05:30,23956.19921875,23956.19921875,23935.650390625,23939.400390625,0.0,yahoo
NIFTY50,5m,2026-09-04T13:30:00+05:30,23940.900390625,23941.75,23931.650390625,23933.69921875,0.0,yahoo
NIFTY50,5m,2026-09-04T13:35:00+05:30,23935.0,23943.349609375,23933.5,23942.19921875,0.0,yahoo
NIFTY50,5m,2026-09-04T13:40:00+05:30,23944.19921875,23951.69921875,23936.69921875,23944.349609375,0.0,yahoo
NIFTY50,5m,2026-09-04T13:45:00+05:30,23946.400390625,23953.75,23944.30078125,23948.75,0.0,yahoo
NIFTY50,5m,2026-09-04T13:50:00+05:30,23950.900390625,23950.900390625,23937.099609375,23941.599609375,0.0,yahoo
NIFTY50,5m,2026-09-04T13:55:00+05:30,23942.849609375,23946.69921875,23938.400390625,23939.150390625,0.0,yahoo
NIFTY50,5m,2026-09-04T14:00:00+05:30,23942.19921875,23946.25,23938.650390625,23943.150390625,0.0,yahoo
NIFTY50,5m,2026-09-04T14:05:00+05:30,23945.099609375,23950.0,23940.19921875,23942.80078125,0.0,yahoo
NIFTY50,5m,2026-09-04T14:10:00+05:30,23944.900390625,23951.30078125,23942.44921875,23948.19921875,0.0,yahoo
NIFTY50,5m,2026-09-04T14:15:00+05:30,23950.05078125,23950.05078125,23942.099609375,23946.349609375,0.0,yahoo
NIFTY50,5m,2026-09-04T14:20:00+05:30,23947.19921875,23954.0,23943.80078125,23947.44921875,0.0,yahoo
NIFTY50,5m,2026-09-04T14:25:00+05:30,23950.75,23961.099609375,23947.150390625,23957.599609375,0.0,yahoo
NIFTY50,5m,2026-09-04T14:30:00+05:30,23958.94921875,23966.349609375,23956.349609375,23956.349609375,0.0,yahoo
NIFTY50,5m,2026-09-04T14:35:00+05:30,23958.349609375,23960.44921875,23939.400390625,23941.650390625,0.0,yahoo
NIFTY50,5m,2026-09-04T14:40:00+05:30,23943.44921875,23948.25,23937.05078125,23937.25,0.0,yahoo
NIFTY50,5m,2026-09-04T14:45:00+05:30,23937.69921875,23940.849609375,23934.0,23939.94921875,0.0,yahoo
NIFTY50,5m,2026-09-04T14:50:00+05:30,23939.94921875,23944.75,23934.349609375,23940.55078125,0.0,yahoo
NIFTY50,5m,2026-09-04T14:55:00+05:30,23941.25,23943.30078125,23935.099609375,23938.099609375,0.0,yahoo
NIFTY50,5m,2026-09-04T15:00:00+05:30,23936.80078125,23942.94921875,23929.599609375,23931.0,0.0,yahoo
NIFTY50,5m,2026-09-04T15:05:00+05:30,23930.0,23940.05078125,23928.75,23938.599609375,0.0,yahoo
NIFTY50,5m,2026-09-04T15:10:00+05:30,23937.0,23944.400390625,23928.25,23938.400390625,0.0,yahoo
NIFTY50,5m,2026-09-04T15:15:00+05:30,23937.900390625,23937.900390625,23937.900390625,23937.900390625,0.0,yahoo
NIFTY50,5m,2026-09-04T15:20:00+05:30,23937.900390625,23937.900390625,23937.900390625,23937.900390625,0.0,yahoo
NIFTY50,5m,2026-09-04T15:25:00+05:30,23937.900390625,23937.900390625,23897.69921875,23897.69921875,0.0,yahoo
NMDC,5m,2026-09-04T09:15:00+05:30,84.83000183105469,85.0,84.79000091552734,84.97000122070312,0.0,yahoo
NMDC,5m,2026-09-04T09:20:00+05:30,84.97000122070312,84.98999786376953,84.86000061035156,84.91000366210938,151633.0,yahoo
NMDC,5m,2026-09-04T09:25:00+05:30,84.9000015258789,84.9000015258789,84.73999786376953,84.77999877929688,223070.0,yahoo
NMDC,5m,2026-09-04T09:30:00+05:30,84.77999877929688,84.94999694824219,84.76000213623047,84.87000274658203,121856.0,yahoo
NMDC,5m,2026-09-04T09:35:00+05:30,84.86000061035156,84.88999938964844,84.75,84.75,74557.0,yahoo
NMDC,5m,2026-09-04T09:40:00+05:30,84.75,84.79000091552734,84.66999816894531,84.73999786376953,175617.0,yahoo
NMDC,5m,2026-09-04T09:45:00+05:30,84.7300033569336,84.86000061035156,84.6500015258789,84.76000213623047,56348.0,yahoo
NMDC,5m,2026-09-04T09:50:00+05:30,84.77999877929688,84.80999755859375,84.69999694824219,84.75,24441.0,yahoo
NMDC,5m,2026-09-04T09:55:00+05:30,84.80000305175781,84.80000305175781,84.68000030517578,84.69999694824219,56823.0,yahoo
NMDC,5m,2026-09-04T10:00:00+05:30,84.70999908447266,84.94000244140625,84.69999694824219,84.81999969482422,70055.0,yahoo
NMDC,5m,2026-09-04T10:05:00+05:30,84.80000305175781,84.80999755859375,84.70999908447266,84.75,51948.0,yahoo
NMDC,5m,2026-09-04T10:10:00+05:30,84.75,84.80000305175781,84.61000061035156,84.66999816894531,50343.0,yahoo
NMDC,5m,2026-09-04T10:15:00+05:30,84.6500015258789,84.72000122070312,84.62000274658203,84.69999694824219,42129.0,yahoo
NMDC,5m,2026-09-04T10:20:00+05:30,84.69999694824219,84.83999633789062,84.69999694824219,84.7699966430664,32671.0,yahoo
NMDC,5m,2026-09-04T10:25:00+05:30,84.75,84.83999633789062,84.75,84.80999755859375,23371.0,yahoo
NMDC,5m,2026-09-04T10:30:00+05:30,84.80999755859375,84.83999633789062,84.75,84.80999755859375,31851.0,yahoo
NMDC,5m,2026-09-04T10:35:00+05:30,84.75,84.79000091552734,84.72000122070312,84.79000091552734,14684.0,yahoo
NMDC,5m,2026-09-04T10:40:00+05:30,84.75,84.80000305175781,84.68000030517578,84.7300033569336,27060.0,yahoo
NMDC,5m,2026-09-04T10:45:00+05:30,84.68000030517578,85.1500015258789,84.66999816894531,85.12000274658203,187688.0,yahoo
NMDC,5m,2026-09-04T10:50:00+05:30,85.12000274658203,85.18000030517578,84.94999694824219,84.97000122070312,91065.0,yahoo
NMDC,5m,2026-09-04T10:55:00+05:30,84.97000122070312,85.0199966430664,84.87000274658203,84.87999725341797,48942.0,yahoo
NMDC,5m,2026-09-04T11:00:00+05:30,84.87999725341797,84.98999786376953,84.8499984741211,84.91000366210938,51819.0,yahoo
NMDC,5m,2026-09-04T11:05:00+05:30,84.94000244140625,84.94999694824219,84.8499984741211,84.9000015258789,54282.0,yahoo
NMDC,5m,2026-09-04T11:10:00+05:30,84.9000015258789,85.12999725341797,84.81999969482422,85.12999725341797,1267728.0,yahoo
NMDC,5m,2026-09-04T11:15:00+05:30,85.0999984741211,85.0999984741211,84.80000305175781,84.91000366210938,81072.0,yahoo
NMDC,5m,2026-09-04T11:20:00+05:30,84.91999816894531,84.98999786376953,84.86000061035156,84.9000015258789,73022.0,yahoo
NMDC,5m,2026-09-04T11:25:00+05:30,84.86000061035156,84.98999786376953,84.83999633789062,84.91000366210938,102143.0,yahoo
NMDC,5m,2026-09-04T11:30:00+05:30,84.93000030517578,84.97000122070312,84.87999725341797,84.94999694824219,72466.0,yahoo
NMDC,5m,2026-09-04T11:35:00+05:30,84.91000366210938,84.91000366210938,84.75,84.75,111168.0,yahoo
NMDC,5m,2026-09-04T11:40:00+05:30,84.72000122070312,84.88999938964844,84.70999908447266,84.80000305175781,74126.0,yahoo
NMDC,5m,2026-09-04T11:45:00+05:30,84.80000305175781,84.83000183105469,84.75,84.80000305175781,44474.0,yahoo
NMDC,5m,2026-09-04T11:50:00+05:30,84.79000091552734,84.80000305175781,84.45999908447266,84.63999938964844,870657.0,yahoo
NMDC,5m,2026-09-04T11:55:00+05:30,84.61000061035156,84.69000244140625,84.52999877929688,84.54000091552734,99937.0,yahoo
NMDC,5m,2026-09-04T12:00:00+05:30,84.56999969482422,84.5999984741211,84.5199966430664,84.5199966430664,50489.0,yahoo
NMDC,5m,2026-09-04T12:05:00+05:30,84.5199966430664,84.55999755859375,84.4800033569336,84.52999877929688,85958.0,yahoo
NMDC,5m,2026-09-04T12:10:00+05:30,84.41000366210938,84.44999694824219,84.2699966430664,84.2699966430664,318019.0,yahoo
NMDC,5m,2026-09-04T12:15:00+05:30,84.2699966430664,84.36000061035156,84.2699966430664,84.3499984741211,726390.0,yahoo
NMDC,5m,2026-09-04T12:20:00+05:30,84.31999969482422,84.36000061035156,84.27999877929688,84.33000183105469,119191.0,yahoo
NMDC,5m,2026-09-04T12:25:00+05:30,84.30999755859375,84.36000061035156,84.27999877929688,84.31999969482422,63406.0,yahoo
NMDC,5m,2026-09-04T12:30:00+05:30,84.31999969482422,84.44000244140625,84.30000305175781,84.38999938964844,56084.0,yahoo
NMDC,5m,2026-09-04T12:35:00+05:30,84.41999816894531,84.4800033569336,84.38999938964844,84.38999938964844,49423.0,yahoo
NMDC,5m,2026-09-04T12:40:00+05:30,84.38999938964844,84.58000183105469,84.38999938964844,84.51000213623047,69894.0,yahoo
NMDC,5m,2026-09-04T12:45:00+05:30,84.52999877929688,84.58000183105469,84.48999786376953,84.5,98918.0,yahoo
NMDC,5m,2026-09-04T12:50:00+05:30,84.5,84.52999877929688,84.4000015258789,84.44999694824219,277191.0,yahoo
NMDC,5m,2026-09-04T12:55:00+05:30,84.44999694824219,84.44999694824219,84.37999725341797,84.41999816894531,107988.0,yahoo
NMDC,5m,2026-09-04T13:00:00+05:30,84.37999725341797,84.51000213623047,84.37999725341797,84.5,152778.0,yahoo
NMDC,5m,2026-09-04T13:05:00+05:30,84.47000122070312,84.55000305175781,84.44000244140625,84.5199966430664,235373.0,yahoo
NMDC,5m,2026-09-04T13:10:00+05:30,84.5,84.68000030517578,84.5,84.56999969482422,277062.0,yahoo
NMDC,5m,2026-09-04T13:15:00+05:30,84.58999633789062,84.77999877929688,84.55999755859375,84.61000061035156,162145.0,yahoo
NMDC,5m,2026-09-04T13:20:00+05:30,84.61000061035156,84.80000305175781,84.61000061035156,84.6500015258789,198470.0,yahoo
NMDC,5m,2026-09-04T13:25:00+05:30,84.63999938964844,84.69999694824219,84.5,84.5999984741211,108306.0,yahoo
NMDC,5m,2026-09-04T13:30:00+05:30,84.5999984741211,84.5999984741211,84.5,84.51000213623047,51389.0,yahoo
NMDC,5m,2026-09-04T13:35:00+05:30,84.5,84.58000183105469,84.5,84.5199966430664,48532.0,yahoo
NMDC,5m,2026-09-04T13:40:00+05:30,84.5199966430664,84.77999877929688,84.5,84.68000030517578,260754.0,yahoo
NMDC,5m,2026-09-04T13:45:00+05:30,84.70999908447266,85.04000091552734,84.70999908447266,84.95999908447266,321253.0,yahoo
NMDC,5m,2026-09-04T13:50:00+05:30,85.0199966430664,85.04000091552734,84.86000061035156,84.87999725341797,116670.0,yahoo
NMDC,5m,2026-09-04T13:55:00+05:30,84.87000274658203,85.08000183105469,84.79000091552734,85.0,675131.0,yahoo
NMDC,5m,2026-09-04T14:00:00+05:30,85.0,85.05999755859375,84.86000061035156,84.94000244140625,141996.0,yahoo
NMDC,5m,2026-09-04T14:05:00+05:30,84.94999694824219,85.0,84.83999633789062,84.8499984741211,127881.0,yahoo
NMDC,5m,2026-09-04T14:10:00+05:30,84.83999633789062,84.87000274658203,84.7300033569336,84.79000091552734,114334.0,yahoo
NMDC,5m,2026-09-04T14:15:00+05:30,84.80000305175781,84.80999755859375,84.7300033569336,84.7300033569336,44126.0,yahoo
NMDC,5m,2026-09-04T14:20:00+05:30,84.70999908447266,84.87999725341797,84.70999908447266,84.87999725341797,73236.0,yahoo
NMDC,5m,2026-09-04T14:25:00+05:30,84.87999725341797,84.9000015258789,84.80999755859375,84.83999633789062,45324.0,yahoo
NMDC,5m,2026-09-04T14:30:00+05:30,84.81999969482422,84.8499984741211,84.76000213623047,84.80000305175781,62523.0,yahoo
NMDC,5m,2026-09-04T14:35:00+05:30,84.80000305175781,84.91999816894531,84.69000244140625,84.75,168230.0,yahoo
NMDC,5m,2026-09-04T14:40:00+05:30,84.7300033569336,84.75,84.62000274658203,84.62999725341797,118116.0,yahoo
NMDC,5m,2026-09-04T14:45:00+05:30,84.62999725341797,84.62999725341797,84.5,84.58999633789062,499281.0,yahoo
NMDC,5m,2026-09-04T14:50:00+05:30,84.55000305175781,84.58999633789062,84.5199966430664,84.55999755859375,181197.0,yahoo
NMDC,5m,2026-09-04T14:55:00+05:30,84.55999755859375,84.62999725341797,84.52999877929688,84.56999969482422,198338.0,yahoo
NMDC,5m,2026-09-04T15:00:00+05:30,84.5199966430664,84.69999694824219,84.5199966430664,84.62000274658203,694309.0,yahoo
NMDC,5m,2026-09-04T15:05:00+05:30,84.61000061035156,84.6500015258789,84.55999755859375,84.62000274658203,203218.0,yahoo
NMDC,5m,2026-09-04T15:10:00+05:30,84.61000061035156,84.79000091552734,84.58000183105469,84.69999694824219,864664.0,yahoo
NMDC,5m,2026-09-04T15:15:00+05:30,84.69999694824219,84.69999694824219,84.69999694824219,84.69999694824219,167441.0,yahoo
NTPC,5m,2026-09-04T09:15:00+05:30,332.1499938964844,332.1499938964844,330.1000061035156,330.1000061035156,0.0,yahoo
NTPC,5m,2026-09-04T09:20:00+05:30,330.25,330.75,330.1000061035156,330.54998779296875,51907.0,yahoo
NTPC,5m,2026-09-04T09:25:00+05:30,330.6000061035156,330.79998779296875,330.20001220703125,330.3500061035156,23919.0,yahoo
NTPC,5m,2026-09-04T09:30:00+05:30,330.3500061035156,331.0,330.1000061035156,330.75,85402.0,yahoo
NTPC,5m,2026-09-04T09:35:00+05:30,330.75,330.8500061035156,330.45001220703125,330.45001220703125,18473.0,yahoo
NTPC,5m,2026-09-04T09:40:00+05:30,330.6000061035156,330.6000061035156,330.29998779296875,330.3999938964844,20928.0,yahoo
NTPC,5m,2026-09-04T09:45:00+05:30,330.3999938964844,330.3999938964844,329.79998779296875,329.79998779296875,69248.0,yahoo
NTPC,5m,2026-09-04T09:50:00+05:30,329.8999938964844,330.70001220703125,329.8999938964844,330.70001220703125,55584.0,yahoo
NTPC,5m,2026-09-04T09:55:00+05:30,330.79998779296875,330.79998779296875,330.54998779296875,330.79998779296875,37159.0,yahoo
NTPC,5m,2026-09-04T10:00:00+05:30,330.8500061035156,331.25,330.75,330.95001220703125,69899.0,yahoo
NTPC,5m,2026-09-04T10:05:00+05:30,331.1000061035156,331.20001220703125,330.79998779296875,331.1000061035156,47373.0,yahoo
NTPC,5m,2026-09-04T10:10:00+05:30,331.1000061035156,331.29998779296875,331.0,331.1000061035156,31682.0,yahoo
NTPC,5m,2026-09-04T10:15:00+05:30,331.1000061035156,331.54998779296875,330.95001220703125,331.54998779296875,33157.0,yahoo
NTPC,5m,2026-09-04T10:20:00+05:30,331.6000061035156,331.6000061035156,331.29998779296875,331.3500061035156,39908.0,yahoo
NTPC,5m,2026-09-04T10:25:00+05:30,331.3500061035156,331.3999938964844,331.1499938964844,331.1499938964844,32168.0,yahoo
NTPC,5m,2026-09-04T10:30:00+05:30,331.25,331.3500061035156,331.04998779296875,331.04998779296875,30991.0,yahoo
NTPC,5m,2026-09-04T10:35:00+05:30,331.1000061035156,331.45001220703125,330.95001220703125,331.45001220703125,64010.0,yahoo
NTPC,5m,2026-09-04T10:40:00+05:30,331.54998779296875,331.8999938964844,331.54998779296875,331.75,56418.0,yahoo
NTPC,5m,2026-09-04T10:45:00+05:30,331.75,331.75,331.54998779296875,331.75,46155.0,yahoo
NTPC,5m,2026-09-04T10:50:00+05:30,331.70001220703125,332.3500061035156,331.6000061035156,332.3500061035156,54793.0,yahoo
NTPC,5m,2026-09-04T10:55:00+05:30,332.45001220703125,332.5,332.29998779296875,332.5,68478.0,yahoo
NTPC,5m,2026-09-04T11:00:00+05:30,332.45001220703125,332.70001220703125,332.29998779296875,332.54998779296875,188079.0,yahoo
NTPC,5m,2026-09-04T11:05:00+05:30,332.54998779296875,332.70001220703125,332.1499938964844,332.29998779296875,169920.0,yahoo
NTPC,5m,2026-09-04T11:10:00+05:30,332.29998779296875,332.45001220703125,332.1000061035156,332.20001220703125,32696.0,yahoo
NTPC,5m,2026-09-04T11:15:00+05:30,332.20001220703125,332.5,331.6000061035156,332.45001220703125,286259.0,yahoo
NTPC,5m,2026-09-04T11:20:00+05:30,332.54998779296875,332.6499938964844,332.1499938964844,332.25,224341.0,yahoo
NTPC,5m,2026-09-04T11:25:00+05:30,332.20001220703125,332.3500061035156,331.75,331.79998779296875,70565.0,yahoo
NTPC,5m,2026-09-04T11:30:00+05:30,331.79998779296875,331.79998779296875,331.6499938964844,331.79998779296875,38724.0,yahoo
NTPC,5m,2026-09-04T11:35:00+05:30,331.75,331.79998779296875,331.6499938964844,331.6499938964844,29577.0,yahoo
NTPC,5m,2026-09-04T11:40:00+05:30,331.6499938964844,331.70001220703125,330.8999938964844,331.04998779296875,173070.0,yahoo
NTPC,5m,2026-09-04T11:45:00+05:30,331.0,331.79998779296875,330.8500061035156,331.6000061035156,381141.0,yahoo
NTPC,5m,2026-09-04T11:50:00+05:30,331.6000061035156,331.8500061035156,331.1499938964844,331.8500061035156,66310.0,yahoo
NTPC,5m,2026-09-04T11:55:00+05:30,331.79998779296875,332.1499938964844,331.79998779296875,331.8999938964844,148637.0,yahoo
NTPC,5m,2026-09-04T12:00:00+05:30,331.70001220703125,332.20001220703125,331.70001220703125,332.1000061035156,103954.0,yahoo
NTPC,5m,2026-09-04T12:05:00+05:30,332.1000061035156,332.1499938964844,332.0,332.1499938964844,41153.0,yahoo
NTPC,5m,2026-09-04T12:10:00+05:30,332.1499938964844,332.20001220703125,332.0,332.0,26241.0,yahoo
NTPC,5m,2026-09-04T12:15:00+05:30,332.04998779296875,332.04998779296875,331.6499938964844,331.6499938964844,85663.0,yahoo
NTPC,5m,2026-09-04T12:20:00+05:30,331.6499938964844,331.79998779296875,331.3999938964844,331.5,67574.0,yahoo
NTPC,5m,2026-09-04T12:25:00+05:30,331.29998779296875,331.54998779296875,331.25,331.54998779296875,31971.0,yahoo
NTPC,5m,2026-09-04T12:30:00+05:30,331.54998779296875,332.3999938964844,331.54998779296875,332.25,302985.0,yahoo
NTPC,5m,2026-09-04T12:35:00+05:30,332.25,332.29998779296875,331.8500061035156,331.8500061035156,43117.0,yahoo
NTPC,5m,2026-09-04T12:40:00+05:30,331.8500061035156,332.04998779296875,331.79998779296875,331.79998779296875,30108.0,yahoo
NTPC,5m,2026-09-04T12:45:00+05:30,331.79998779296875,331.8500061035156,331.6000061035156,331.75,33057.0,yahoo
NTPC,5m,2026-09-04T12:50:00+05:30,331.70001220703125,332.1499938964844,331.6000061035156,332.04998779296875,30408.0,yahoo
NTPC,5m,2026-09-04T12:55:00+05:30,331.95001220703125,332.0,331.54998779296875,331.54998779296875,46177.0,yahoo
NTPC,5m,2026-09-04T13:00:00+05:30,331.54998779296875,331.6499938964844,331.3999938964844,331.6000061035156,31137.0,yahoo
NTPC,5m,2026-09-04T13:05:00+05:30,331.6000061035156,331.6000061035156,331.3500061035156,331.6000061035156,25998.0,yahoo
NTPC,5m,2026-09-04T13:10:00+05:30,331.54998779296875,331.8500061035156,331.5,331.75,29871.0,yahoo
NTPC,5m,2026-09-04T13:15:00+05:30,331.6000061035156,331.70001220703125,331.5,331.5,27131.0,yahoo
NTPC,5m,2026-09-04T13:20:00+05:30,331.5,331.75,331.5,331.70001220703125,28941.0,yahoo
NTPC,5m,2026-09-04T13:25:00+05:30,331.70001220703125,331.8999938964844,331.6499938964844,331.6499938964844,26533.0,yahoo
NTPC,5m,2026-09-04T13:30:00+05:30,331.75,331.75,331.54998779296875,331.54998779296875,19332.0,yahoo
NTPC,5m,2026-09-04T13:35:00+05:30,331.54998779296875,331.75,331.54998779296875,331.54998779296875,30840.0,yahoo
NTPC,5m,2026-09-04T13:40:00+05:30,331.54998779296875,331.79998779296875,331.54998779296875,331.6499938964844,30052.0,yahoo
NTPC,5m,2026-09-04T13:45:00+05:30,331.6499938964844,331.75,331.54998779296875,331.54998779296875,24763.0,yahoo
NTPC,5m,2026-09-04T13:50:00+05:30,331.6000061035156,331.70001220703125,331.54998779296875,331.6000061035156,39746.0,yahoo
NTPC,5m,2026-09-04T13:55:00+05:30,331.6000061035156,331.6000061035156,331.3999938964844,331.3999938964844,31419.0,yahoo
NTPC,5m,2026-09-04T14:00:00+05:30,331.3999938964844,331.45001220703125,331.3500061035156,331.45001220703125,43955.0,yahoo
NTPC,5m,2026-09-04T14:05:00+05:30,331.45001220703125,331.45001220703125,331.1000061035156,331.1499938964844,47383.0,yahoo
NTPC,5m,2026-09-04T14:10:00+05:30,331.1499938964844,331.20001220703125,331.04998779296875,331.20001220703125,51080.0,yahoo
NTPC,5m,2026-09-04T14:15:00+05:30,331.20001220703125,332.0,331.1000061035156,331.79998779296875,131483.0,yahoo
NTPC,5m,2026-09-04T14:20:00+05:30,331.79998779296875,332.3999938964844,331.6499938964844,332.1000061035156,57489.0,yahoo
NTPC,5m,2026-09-04T14:25:00+05:30,332.1000061035156,332.29998779296875,332.1000061035156,332.20001220703125,41495.0,yahoo
NTPC,5m,2026-09-04T14:30:00+05:30,332.25,332.29998779296875,332.1000061035156,332.1499938964844,42380.0,yahoo
NTPC,5m,2026-09-04T14:35:00+05:30,332.54998779296875,332.79998779296875,332.5,332.5,80872.0,yahoo
NTPC,5m,2026-09-04T14:40:00+05:30,332.6000061035156,332.75,332.5,332.6000061035156,125373.0,yahoo
NTPC,5m,2026-09-04T14:45:00+05:30,332.6000061035156,332.6000061035156,332.5,332.54998779296875,68475.0,yahoo
NTPC,5m,2026-09-04T14:50:00+05:30,332.5,332.79998779296875,332.5,332.79998779296875,167946.0,yahoo
NTPC,5m,2026-09-04T14:55:00+05:30,332.79998779296875,332.79998779296875,332.70001220703125,332.75,158568.0,yahoo
NTPC,5m,2026-09-04T15:00:00+05:30,332.79998779296875,333.6000061035156,332.75,333.6000061035156,555608.0,yahoo
NTPC,5m,2026-09-04T15:05:00+05:30,333.45001220703125,334.0,333.1499938964844,333.54998779296875,782427.0,yahoo
NTPC,5m,2026-09-04T15:10:00+05:30,333.54998779296875,333.6000061035156,332.79998779296875,333.3500061035156,353027.0,yahoo
NTPC,5m,2026-09-04T15:15:00+05:30,332.70001220703125,332.70001220703125,332.5,332.5,200723.0,yahoo
OBEROIRLTY,5m,2026-09-04T09:15:00+05:30,1908.0,1921.0999755859375,1907.0,1921.0999755859375,0.0,yahoo
OBEROIRLTY,5m,2026-09-04T09:20:00+05:30,1921.4000244140625,1922.0,1917.4000244140625,1918.9000244140625,16954.0,yahoo
OBEROIRLTY,5m,2026-09-04T09:25:00+05:30,1918.5999755859375,1923.0,1916.9000244140625,1916.9000244140625,13715.0,yahoo
OBEROIRLTY,5m,2026-09-04T09:30:00+05:30,1915.199951171875,1917.5,1912.9000244140625,1916.0,8473.0,yahoo
OBEROIRLTY,5m,2026-09-04T09:35:00+05:30,1915.300048828125,1916.699951171875,1912.199951171875,1913.5,6109.0,yahoo
OBEROIRLTY,5m,2026-09-04T09:40:00+05:30,1913.9000244140625,1918.0,1913.5,1917.5999755859375,2490.0,yahoo
OBEROIRLTY,5m,2026-09-04T09:45:00+05:30,1918.0,1927.0,1916.300048828125,1917.4000244140625,26318.0,yahoo
OBEROIRLTY,5m,2026-09-04T09:50:00+05:30,1917.4000244140625,1917.5,1914.4000244140625,1917.0999755859375,6163.0,yahoo
OBEROIRLTY,5m,2026-09-04T09:55:00+05:30,1918.0,1922.800048828125,1915.9000244140625,1921.800048828125,8336.0,yahoo
OBEROIRLTY,5m,2026-09-04T10:00:00+05:30,1921.5999755859375,1925.800048828125,1916.699951171875,1925.5,30971.0,yahoo
OBEROIRLTY,5m,2026-09-04T10:05:00+05:30,1925.0,1930.0,1925.0,1928.699951171875,16408.0,yahoo
OBEROIRLTY,5m,2026-09-04T10:10:00+05:30,1928.699951171875,1928.699951171875,1923.0,1924.0999755859375,7486.0,yahoo
OBEROIRLTY,5m,2026-09-04T10:15:00+05:30,1923.5,1926.0999755859375,1923.199951171875,1924.0999755859375,3918.0,yahoo
OBEROIRLTY,5m,2026-09-04T10:20:00+05:30,1924.199951171875,1928.5999755859375,1923.9000244140625,1928.5999755859375,4364.0,yahoo
OBEROIRLTY,5m,2026-09-04T10:25:00+05:30,1928.5,1932.800048828125,1927.300048828125,1929.9000244140625,13839.0,yahoo
OBEROIRLTY,5m,2026-09-04T10:30:00+05:30,1929.5,1929.9000244140625,1923.199951171875,1924.699951171875,7030.0,yahoo
OBEROIRLTY,5m,2026-09-04T10:35:00+05:30,1924.699951171875,1925.9000244140625,1921.5999755859375,1922.0999755859375,4643.0,yahoo
OBEROIRLTY,5m,2026-09-04T10:40:00+05:30,1921.800048828125,1924.0,1921.5,1922.800048828125,5647.0,yahoo
OBEROIRLTY,5m,2026-09-04T10:45:00+05:30,1922.800048828125,1923.4000244140625,1919.5999755859375,1919.5999755859375,6397.0,yahoo
OBEROIRLTY,5m,2026-09-04T10:50:00+05:30,1920.4000244140625,1921.300048828125,1920.0999755859375,1920.5,764.0,yahoo
OBEROIRLTY,5m,2026-09-04T10:55:00+05:30,1921.300048828125,1921.5999755859375,1918.300048828125,1918.5999755859375,5534.0,yahoo
OBEROIRLTY,5m,2026-09-04T11:00:00+05:30,1918.300048828125,1921.5,1918.300048828125,1920.5,2312.0,yahoo
OBEROIRLTY,5m,2026-09-04T11:05:00+05:30,1920.0,1923.9000244140625,1920.0,1923.5999755859375,2309.0,yahoo
OBEROIRLTY,5m,2026-09-04T11:10:00+05:30,1923.5,1923.5,1918.699951171875,1918.800048828125,4575.0,yahoo
OBEROIRLTY,5m,2026-09-04T11:15:00+05:30,1919.0,1920.699951171875,1919.0,1920.300048828125,2732.0,yahoo
OBEROIRLTY,5m,2026-09-04T11:20:00+05:30,1920.5,1920.800048828125,1920.0,1920.5,848.0,yahoo
OBEROIRLTY,5m,2026-09-04T11:25:00+05:30,1920.5999755859375,1922.4000244140625,1920.5,1920.5999755859375,3362.0,yahoo
OBEROIRLTY,5m,2026-09-04T11:30:00+05:30,1921.4000244140625,1921.9000244140625,1920.0999755859375,1921.5,1078.0,yahoo
OBEROIRLTY,5m,2026-09-04T11:35:00+05:30,1921.5,1924.0,1921.199951171875,1923.0,1318.0,yahoo
OBEROIRLTY,5m,2026-09-04T11:40:00+05:30,1923.0,1923.0,1920.199951171875,1921.0,5159.0,yahoo
OBEROIRLTY,5m,2026-09-04T11:45:00+05:30,1921.0,1921.300048828125,1915.4000244140625,1916.9000244140625,4327.0,yahoo
OBEROIRLTY,5m,2026-09-04T11:50:00+05:30,1916.9000244140625,1918.199951171875,1916.4000244140625,1917.9000244140625,1660.0,yahoo
OBEROIRLTY,5m,2026-09-04T11:55:00+05:30,1917.9000244140625,1919.0,1917.0,1919.0,2014.0,yahoo
OBEROIRLTY,5m,2026-09-04T12:00:00+05:30,1918.300048828125,1919.5999755859375,1916.0,1916.800048828125,6952.0,yahoo
OBEROIRLTY,5m,2026-09-04T12:05:00+05:30,1917.0,1919.300048828125,1916.0999755859375,1919.0,1054.0,yahoo
OBEROIRLTY,5m,2026-09-04T12:10:00+05:30,1919.199951171875,1919.800048828125,1917.699951171875,1917.800048828125,1590.0,yahoo
OBEROIRLTY,5m,2026-09-04T12:15:00+05:30,1917.699951171875,1917.800048828125,1915.0999755859375,1915.5,2109.0,yahoo
OBEROIRLTY,5m,2026-09-04T12:20:00+05:30,1915.5999755859375,1916.5,1914.300048828125,1914.9000244140625,6990.0,yahoo
OBEROIRLTY,5m,2026-09-04T12:25:00+05:30,1914.5999755859375,1917.0999755859375,1913.199951171875,1915.5,7839.0,yahoo
OBEROIRLTY,5m,2026-09-04T12:30:00+05:30,1916.199951171875,1916.5,1914.9000244140625,1915.300048828125,2766.0,yahoo
OBEROIRLTY,5m,2026-09-04T12:35:00+05:30,1915.300048828125,1916.0,1915.0,1916.0,1378.0,yahoo
OBEROIRLTY,5m,2026-09-04T12:40:00+05:30,1916.0,1916.0,1914.4000244140625,1915.0999755859375,6142.0,yahoo
OBEROIRLTY,5m,2026-09-04T12:45:00+05:30,1915.0999755859375,1916.0,1914.800048828125,1915.300048828125,2530.0,yahoo
OBEROIRLTY,5m,2026-09-04T12:50:00+05:30,1915.9000244140625,1916.0,1914.800048828125,1915.4000244140625,5482.0,yahoo
OBEROIRLTY,5m,2026-09-04T12:55:00+05:30,1914.9000244140625,1915.5,1907.0,1907.199951171875,22987.0,yahoo
OBEROIRLTY,5m,2026-09-04T13:00:00+05:30,1907.0,1907.0,1887.800048828125,1891.699951171875,57672.0,yahoo
OBEROIRLTY,5m,2026-09-04T13:05:00+05:30,1892.0,1898.699951171875,1891.699951171875,1898.4000244140625,7400.0,yahoo
OBEROIRLTY,5m,2026-09-04T13:10:00+05:30,1898.5,1900.699951171875,1897.4000244140625,1900.4000244140625,5384.0,yahoo
OBEROIRLTY,5m,2026-09-04T13:15:00+05:30,1900.300048828125,1903.9000244140625,1899.9000244140625,1902.9000244140625,3031.0,yahoo
OBEROIRLTY,5m,2026-09-04T13:20:00+05:30,1902.9000244140625,1904.0,1901.4000244140625,1904.0,2660.0,yahoo
OBEROIRLTY,5m,2026-09-04T13:25:00+05:30,1903.5,1904.5999755859375,1891.5,1896.5999755859375,16662.0,yahoo
OBEROIRLTY,5m,2026-09-04T13:30:00+05:30,1896.5,1897.9000244140625,1894.9000244140625,1895.4000244140625,1231.0,yahoo
OBEROIRLTY,5m,2026-09-04T13:35:00+05:30,1894.9000244140625,1896.0999755859375,1892.300048828125,1892.5,1070.0,yahoo
OBEROIRLTY,5m,2026-09-04T13:40:00+05:30,1892.5,1893.5999755859375,1890.0999755859375,1890.5,3227.0,yahoo
OBEROIRLTY,5m,2026-09-04T13:45:00+05:30,1890.4000244140625,1890.800048828125,1889.0999755859375,1890.0,1269.0,yahoo
OBEROIRLTY,5m,2026-09-04T13:50:00+05:30,1889.9000244140625,1891.4000244140625,1886.5,1888.9000244140625,12784.0,yahoo
OBEROIRLTY,5m,2026-09-04T13:55:00+05:30,1888.5999755859375,1891.199951171875,1888.5999755859375,1889.800048828125,1468.0,yahoo
OBEROIRLTY,5m,2026-09-04T14:00:00+05:30,1889.800048828125,1890.300048828125,1886.4000244140625,1887.4000244140625,1256.0,yahoo
OBEROIRLTY,5m,2026-09-04T14:05:00+05:30,1888.5999755859375,1890.4000244140625,1887.5,1887.5,1154.0,yahoo
OBEROIRLTY,5m,2026-09-04T14:10:00+05:30,1887.199951171875,1888.800048828125,1886.4000244140625,1888.0999755859375,680.0,yahoo
OBEROIRLTY,5m,2026-09-04T14:15:00+05:30,1888.699951171875,1888.800048828125,1885.5,1887.5999755859375,1455.0,yahoo
OBEROIRLTY,5m,2026-09-04T14:20:00+05:30,1887.5999755859375,1889.0999755859375,1885.4000244140625,1886.4000244140625,6953.0,yahoo
OBEROIRLTY,5m,2026-09-04T14:25:00+05:30,1886.5999755859375,1888.199951171875,1886.0,1887.5999755859375,3128.0,yahoo
OBEROIRLTY,5m,2026-09-04T14:30:00+05:30,1887.4000244140625,1887.4000244140625,1884.300048828125,1884.5,6474.0,yahoo
OBEROIRLTY,5m,2026-09-04T14:35:00+05:30,1884.5,1889.300048828125,1884.0999755859375,1887.699951171875,5567.0,yahoo
OBEROIRLTY,5m,2026-09-04T14:40:00+05:30,1887.5999755859375,1888.300048828125,1886.199951171875,1886.300048828125,4727.0,yahoo
OBEROIRLTY,5m,2026-09-04T14:45:00+05:30,1886.300048828125,1886.300048828125,1880.300048828125,1881.0999755859375,19192.0,yahoo
OBEROIRLTY,5m,2026-09-04T14:50:00+05:30,1881.300048828125,1883.4000244140625,1881.199951171875,1882.199951171875,7461.0,yahoo
OBEROIRLTY,5m,2026-09-04T14:55:00+05:30,1882.199951171875,1882.199951171875,1880.0999755859375,1880.9000244140625,10407.0,yahoo
OBEROIRLTY,5m,2026-09-04T15:00:00+05:30,1879.199951171875,1879.199951171875,1875.0,1877.9000244140625,25527.0,yahoo
OBEROIRLTY,5m,2026-09-04T15:05:00+05:30,1875.0,1881.5999755859375,1874.4000244140625,1875.800048828125,29137.0,yahoo
OBEROIRLTY,5m,2026-09-04T15:10:00+05:30,1876.0,1880.300048828125,1875.0,1875.0,16376.0,yahoo
OBEROIRLTY,5m,2026-09-04T15:15:00+05:30,1874.699951171875,1875.5999755859375,1874.699951171875,1875.5999755859375,5094.0,yahoo
ONGC,5m,2026-09-04T09:15:00+05:30,235.41000366210938,235.41000366210938,233.7899932861328,234.10000610351562,0.0,yahoo
ONGC,5m,2026-09-04T09:20:00+05:30,234.1300048828125,234.3300018310547,234.02999877929688,234.0800018310547,109291.0,yahoo
ONGC,5m,2026-09-04T09:25:00+05:30,234.0800018310547,234.13999938964844,234.00999450683594,234.0500030517578,60863.0,yahoo
ONGC,5m,2026-09-04T09:30:00+05:30,234.0500030517578,234.25,234.0,234.25,81265.0,yahoo
ONGC,5m,2026-09-04T09:35:00+05:30,234.25,234.30999755859375,234.1300048828125,234.22000122070312,59615.0,yahoo
ONGC,5m,2026-09-04T09:40:00+05:30,234.3300018310547,234.4600067138672,234.3000030517578,234.3300018310547,59870.0,yahoo
ONGC,5m,2026-09-04T09:45:00+05:30,234.3300018310547,234.80999755859375,234.3300018310547,234.7100067138672,84677.0,yahoo
ONGC,5m,2026-09-04T09:50:00+05:30,234.8000030517578,234.9499969482422,234.8000030517578,234.89999389648438,61064.0,yahoo
ONGC,5m,2026-09-04T09:55:00+05:30,234.8800048828125,235.0,234.77000427246094,234.77000427246094,83461.0,yahoo
ONGC,5m,2026-09-04T10:00:00+05:30,234.6999969482422,235.10000610351562,234.6999969482422,235.07000732421875,43053.0,yahoo
ONGC,5m,2026-09-04T10:05:00+05:30,235.13999938964844,235.13999938964844,234.91000366210938,234.91000366210938,36995.0,yahoo
ONGC,5m,2026-09-04T10:10:00+05:30,235.0,235.0399932861328,234.89999389648438,235.02999877929688,28934.0,yahoo
ONGC,5m,2026-09-04T10:15:00+05:30,235.02999877929688,235.02999877929688,234.77999877929688,234.89999389648438,31036.0,yahoo
ONGC,5m,2026-09-04T10:20:00+05:30,234.89999389648438,235.25999450683594,234.85000610351562,235.24000549316406,44694.0,yahoo
ONGC,5m,2026-09-04T10:25:00+05:30,235.25,235.42999267578125,235.11000061035156,235.1999969482422,67669.0,yahoo
ONGC,5m,2026-09-04T10:30:00+05:30,235.22999572753906,235.27999877929688,235.05999755859375,235.13999938964844,51911.0,yahoo
ONGC,5m,2026-09-04T10:35:00+05:30,235.13999938964844,235.1999969482422,235.02000427246094,235.13999938964844,24948.0,yahoo
ONGC,5m,2026-09-04T10:40:00+05:30,235.0800018310547,235.13999938964844,234.4199981689453,234.4600067138672,100370.0,yahoo
ONGC,5m,2026-09-04T10:45:00+05:30,234.4600067138672,234.52000427246094,234.25,234.30999755859375,45758.0,yahoo
ONGC,5m,2026-09-04T10:50:00+05:30,234.30999755859375,234.5,234.27999877929688,234.33999633789062,120149.0,yahoo
ONGC,5m,2026-09-04T10:55:00+05:30,234.35000610351562,234.41000366210938,234.11000061035156,234.27000427246094,81772.0,yahoo
ONGC,5m,2026-09-04T11:00:00+05:30,234.25,234.4199981689453,234.2100067138672,234.4199981689453,64304.0,yahoo
ONGC,5m,2026-09-04T11:05:00+05:30,234.4199981689453,234.5,234.14999389648438,234.14999389648438,51187.0,yahoo
ONGC,5m,2026-09-04T11:10:00+05:30,234.16000366210938,234.4499969482422,234.14999389648438,234.35000610351562,54338.0,yahoo
ONGC,5m,2026-09-04T11:15:00+05:30,234.3800048828125,234.42999267578125,234.14999389648438,234.16000366210938,98389.0,yahoo
ONGC,5m,2026-09-04T11:20:00+05:30,234.16000366210938,234.5,234.16000366210938,234.3000030517578,55060.0,yahoo
ONGC,5m,2026-09-04T11:25:00+05:30,234.3800048828125,234.49000549316406,234.3000030517578,234.4600067138672,108597.0,yahoo
ONGC,5m,2026-09-04T11:30:00+05:30,234.4199981689453,234.5800018310547,234.39999389648438,234.41000366210938,48377.0,yahoo
ONGC,5m,2026-09-04T11:35:00+05:30,234.41000366210938,234.5,234.36000061035156,234.3699951171875,55143.0,yahoo
ONGC,5m,2026-09-04T11:40:00+05:30,234.39999389648438,234.47999572753906,234.3000030517578,234.35000610351562,34395.0,yahoo
ONGC,5m,2026-09-04T11:45:00+05:30,234.3699951171875,234.44000244140625,234.30999755859375,234.35000610351562,23918.0,yahoo
ONGC,5m,2026-09-04T11:50:00+05:30,234.3699951171875,234.39999389648438,234.14999389648438,234.16000366210938,104849.0,yahoo
ONGC,5m,2026-09-04T11:55:00+05:30,234.16000366210938,234.33999633789062,234.16000366210938,234.25,70470.0,yahoo
ONGC,5m,2026-09-04T12:00:00+05:30,234.2100067138672,234.3000030517578,234.14999389648438,234.14999389648438,36862.0,yahoo
ONGC,5m,2026-09-04T12:05:00+05:30,234.14999389648438,234.1999969482422,234.10000610351562,234.1199951171875,32181.0,yahoo
ONGC,5m,2026-09-04T12:10:00+05:30,234.14999389648438,234.14999389648438,233.8300018310547,233.9600067138672,162529.0,yahoo
ONGC,5m,2026-09-04T12:15:00+05:30,233.9600067138672,235.07000732421875,233.9499969482422,234.89999389648438,455003.0,yahoo
ONGC,5m,2026-09-04T12:20:00+05:30,235.00999450683594,235.00999450683594,234.69000244140625,234.85000610351562,136673.0,yahoo
ONGC,5m,2026-09-04T12:25:00+05:30,234.8699951171875,234.99000549316406,234.72999572753906,234.99000549316406,51353.0,yahoo
ONGC,5m,2026-09-04T12:30:00+05:30,234.9199981689453,235.1999969482422,234.80999755859375,234.8800048828125,99091.0,yahoo
ONGC,5m,2026-09-04T12:35:00+05:30,234.8800048828125,234.9499969482422,234.66000366210938,234.67999267578125,36630.0,yahoo
ONGC,5m,2026-09-04T12:40:00+05:30,234.72999572753906,234.85000610351562,234.67999267578125,234.6999969482422,34178.0,yahoo
ONGC,5m,2026-09-04T12:45:00+05:30,234.75999450683594,234.8000030517578,234.6699981689453,234.75999450683594,32419.0,yahoo
ONGC,5m,2026-09-04T12:50:00+05:30,234.75999450683594,234.8000030517578,234.6199951171875,234.72000122070312,48076.0,yahoo
ONGC,5m,2026-09-04T12:55:00+05:30,234.72999572753906,234.92999267578125,234.7100067138672,234.77999877929688,54846.0,yahoo
ONGC,5m,2026-09-04T13:00:00+05:30,234.75999450683594,234.91000366210938,234.5399932861328,234.69000244140625,42943.0,yahoo
ONGC,5m,2026-09-04T13:05:00+05:30,234.75,234.75,234.5800018310547,234.6999969482422,25187.0,yahoo
ONGC,5m,2026-09-04T13:10:00+05:30,234.66000366210938,234.91000366210938,234.66000366210938,234.85000610351562,24853.0,yahoo
ONGC,5m,2026-09-04T13:15:00+05:30,234.89999389648438,234.92999267578125,234.75,234.8300018310547,35778.0,yahoo
ONGC,5m,2026-09-04T13:20:00+05:30,234.88999938964844,234.9499969482422,234.74000549316406,234.92999267578125,21471.0,yahoo
ONGC,5m,2026-09-04T13:25:00+05:30,234.92999267578125,234.99000549316406,234.89999389648438,234.89999389648438,43501.0,yahoo
ONGC,5m,2026-09-04T13:30:00+05:30,234.89999389648438,234.9600067138672,234.80999755859375,234.83999633789062,38844.0,yahoo
ONGC,5m,2026-09-04T13:35:00+05:30,234.83999633789062,234.94000244140625,234.8000030517578,234.85000610351562,106256.0,yahoo
ONGC,5m,2026-09-04T13:40:00+05:30,234.85000610351562,234.9499969482422,234.80999755859375,234.89999389648438,22493.0,yahoo
ONGC,5m,2026-09-04T13:45:00+05:30,234.89999389648438,235.02000427246094,234.8000030517578,234.9199981689453,23941.0,yahoo
ONGC,5m,2026-09-04T13:50:00+05:30,234.9199981689453,235.02999877929688,234.75,234.88999938964844,44060.0,yahoo
ONGC,5m,2026-09-04T13:55:00+05:30,234.8800048828125,235.02999877929688,234.82000732421875,234.91000366210938,62998.0,yahoo
ONGC,5m,2026-09-04T14:00:00+05:30,234.9199981689453,235.0399932861328,234.75,234.85000610351562,31797.0,yahoo
ONGC,5m,2026-09-04T14:05:00+05:30,234.85000610351562,234.88999938964844,234.61000061035156,234.72999572753906,86021.0,yahoo
ONGC,5m,2026-09-04T14:10:00+05:30,234.75,234.82000732421875,234.6300048828125,234.72000122070312,26611.0,yahoo
ONGC,5m,2026-09-04T14:15:00+05:30,234.7100067138672,234.7100067138672,234.61000061035156,234.6999969482422,24945.0,yahoo
ONGC,5m,2026-09-04T14:20:00+05:30,234.64999389648438,234.72000122070312,234.60000610351562,234.72000122070312,38988.0,yahoo
ONGC,5m,2026-09-04T14:25:00+05:30,234.69000244140625,234.82000732421875,234.63999938964844,234.77000427246094,40041.0,yahoo
ONGC,5m,2026-09-04T14:30:00+05:30,234.77000427246094,234.82000732421875,234.63999938964844,234.74000549316406,31842.0,yahoo
ONGC,5m,2026-09-04T14:35:00+05:30,234.74000549316406,234.82000732421875,234.50999450683594,234.5500030517578,44911.0,yahoo
ONGC,5m,2026-09-04T14:40:00+05:30,234.55999755859375,234.66000366210938,234.5,234.50999450683594,74082.0,yahoo
ONGC,5m,2026-09-04T14:45:00+05:30,234.5399932861328,234.5800018310547,234.39999389648438,234.55999755859375,78657.0,yahoo
ONGC,5m,2026-09-04T14:50:00+05:30,234.5500030517578,234.66000366210938,234.5,234.52000427246094,99108.0,yahoo
ONGC,5m,2026-09-04T14:55:00+05:30,234.52000427246094,234.6999969482422,234.50999450683594,234.64999389648438,90381.0,yahoo
ONGC,5m,2026-09-04T15:00:00+05:30,234.72999572753906,234.72999572753906,234.4499969482422,234.60000610351562,142311.0,yahoo
ONGC,5m,2026-09-04T15:05:00+05:30,234.66000366210938,234.74000549316406,234.55999755859375,234.6300048828125,106085.0,yahoo
ONGC,5m,2026-09-04T15:10:00+05:30,234.69000244140625,234.8300018310547,234.60000610351562,234.64999389648438,269720.0,yahoo
ONGC,5m,2026-09-04T15:15:00+05:30,234.64999389648438,234.64999389648438,234.64999389648438,234.64999389648438,129886.0,yahoo
PERSISTENT,5m,2026-09-04T09:15:00+05:30,5682.0,5724.0,5682.0,5689.0,0.0,yahoo
PERSISTENT,5m,2026-09-04T09:20:00+05:30,5690.0,5691.0,5661.5,5684.5,13308.0,yahoo
PERSISTENT,5m,2026-09-04T09:25:00+05:30,5683.0,5708.5,5677.0,5702.5,9510.0,yahoo
PERSISTENT,5m,2026-09-04T09:30:00+05:30,5700.5,5701.0,5671.0,5671.0,7649.0,yahoo
PERSISTENT,5m,2026-09-04T09:35:00+05:30,5670.5,5673.0,5663.0,5667.5,6093.0,yahoo
PERSISTENT,5m,2026-09-04T09:40:00+05:30,5667.0,5680.0,5667.0,5674.0,2936.0,yahoo
PERSISTENT,5m,2026-09-04T09:45:00+05:30,5677.5,5687.0,5674.5,5680.0,4156.0,yahoo
PERSISTENT,5m,2026-09-04T09:50:00+05:30,5680.0,5692.0,5680.0,5692.0,5997.0,yahoo
PERSISTENT,5m,2026-09-04T09:55:00+05:30,5690.5,5691.5,5675.0,5678.5,6019.0,yahoo
PERSISTENT,5m,2026-09-04T10:00:00+05:30,5676.0,5685.0,5676.0,5682.5,3484.0,yahoo
PERSISTENT,5m,2026-09-04T10:05:00+05:30,5683.0,5683.0,5658.0,5667.5,8661.0,yahoo
PERSISTENT,5m,2026-09-04T10:10:00+05:30,5663.0,5665.0,5651.0,5651.0,4234.0,yahoo
PERSISTENT,5m,2026-09-04T10:15:00+05:30,5653.0,5660.0,5651.0,5656.0,2709.0,yahoo
PERSISTENT,5m,2026-09-04T10:20:00+05:30,5656.0,5666.5,5656.0,5660.0,1634.0,yahoo
PERSISTENT,5m,2026-09-04T10:25:00+05:30,5662.0,5672.0,5658.5,5668.0,1305.0,yahoo
PERSISTENT,5m,2026-09-04T10:30:00+05:30,5668.0,5668.0,5660.0,5662.5,1566.0,yahoo
PERSISTENT,5m,2026-09-04T10:35:00+05:30,5661.5,5661.5,5647.0,5650.0,5076.0,yahoo
PERSISTENT,5m,2026-09-04T10:40:00+05:30,5650.0,5656.0,5650.0,5655.5,1616.0,yahoo
PERSISTENT,5m,2026-09-04T10:45:00+05:30,5655.5,5657.0,5653.0,5654.5,639.0,yahoo
PERSISTENT,5m,2026-09-04T10:50:00+05:30,5652.0,5659.0,5652.0,5659.0,712.0,yahoo
PERSISTENT,5m,2026-09-04T10:55:00+05:30,5656.0,5666.0,5655.0,5666.0,1465.0,yahoo
PERSISTENT,5m,2026-09-04T11:00:00+05:30,5667.5,5667.5,5658.0,5659.0,1544.0,yahoo
PERSISTENT,5m,2026-09-04T11:05:00+05:30,5659.0,5667.0,5659.0,5662.0,1911.0,yahoo
PERSISTENT,5m,2026-09-04T11:10:00+05:30,5662.0,5670.0,5659.0,5667.5,1444.0,yahoo
PERSISTENT,5m,2026-09-04T11:15:00+05:30,5666.0,5675.0,5663.5,5671.0,1829.0,yahoo
PERSISTENT,5m,2026-09-04T11:20:00+05:30,5670.5,5672.0,5667.0,5667.0,1116.0,yahoo
PERSISTENT,5m,2026-09-04T11:25:00+05:30,5667.0,5674.0,5664.0,5674.0,884.0,yahoo
PERSISTENT,5m,2026-09-04T11:30:00+05:30,5674.5,5674.5,5670.5,5670.5,555.0,yahoo
PERSISTENT,5m,2026-09-04T11:35:00+05:30,5673.0,5674.5,5668.5,5669.5,1106.0,yahoo
PERSISTENT,5m,2026-09-04T11:40:00+05:30,5667.0,5674.5,5665.0,5672.5,870.0,yahoo
PERSISTENT,5m,2026-09-04T11:45:00+05:30,5674.5,5674.5,5670.0,5673.5,873.0,yahoo
PERSISTENT,5m,2026-09-04T11:50:00+05:30,5671.0,5674.5,5670.0,5670.0,875.0,yahoo
PERSISTENT,5m,2026-09-04T11:55:00+05:30,5670.0,5694.0,5666.0,5687.5,13274.0,yahoo
PERSISTENT,5m,2026-09-04T12:00:00+05:30,5686.5,5690.0,5682.5,5682.5,1833.0,yahoo
PERSISTENT,5m,2026-09-04T12:05:00+05:30,5680.0,5687.5,5680.0,5683.0,1501.0,yahoo
PERSISTENT,5m,2026-09-04T12:10:00+05:30,5683.0,5709.0,5683.0,5700.0,11646.0,yahoo
PERSISTENT,5m,2026-09-04T12:15:00+05:30,5699.5,5699.5,5691.5,5695.5,1611.0,yahoo
PERSISTENT,5m,2026-09-04T12:20:00+05:30,5695.0,5698.0,5692.0,5695.0,1915.0,yahoo
PERSISTENT,5m,2026-09-04T12:25:00+05:30,5694.5,5697.0,5689.0,5689.0,2195.0,yahoo
PERSISTENT,5m,2026-09-04T12:30:00+05:30,5684.0,5685.0,5677.5,5682.5,16153.0,yahoo
PERSISTENT,5m,2026-09-04T12:35:00+05:30,5682.5,5691.0,5680.0,5684.5,14284.0,yahoo
PERSISTENT,5m,2026-09-04T12:40:00+05:30,5684.0,5691.0,5683.0,5691.0,2367.0,yahoo
PERSISTENT,5m,2026-09-04T12:45:00+05:30,5690.0,5691.0,5683.0,5687.5,8873.0,yahoo
PERSISTENT,5m,2026-09-04T12:50:00+05:30,5687.0,5689.0,5681.5,5681.5,413.0,yahoo
PERSISTENT,5m,2026-09-04T12:55:00+05:30,5684.0,5688.0,5679.5,5686.0,1319.0,yahoo
PERSISTENT,5m,2026-09-04T13:00:00+05:30,5686.0,5692.5,5686.0,5690.5,525.0,yahoo
PERSISTENT,5m,2026-09-04T13:05:00+05:30,5688.0,5690.5,5683.0,5689.0,637.0,yahoo
PERSISTENT,5m,2026-09-04T13:10:00+05:30,5689.0,5689.0,5680.0,5682.0,615.0,yahoo
PERSISTENT,5m,2026-09-04T13:15:00+05:30,5681.5,5685.0,5680.5,5684.0,390.0,yahoo
PERSISTENT,5m,2026-09-04T13:20:00+05:30,5684.0,5684.0,5675.5,5678.0,1373.0,yahoo
PERSISTENT,5m,2026-09-04T13:25:00+05:30,5676.5,5684.5,5675.0,5677.0,1053.0,yahoo
PERSISTENT,5m,2026-09-04T13:30:00+05:30,5677.0,5678.5,5666.0,5667.5,1032.0,yahoo
PERSISTENT,5m,2026-09-04T13:35:00+05:30,5667.5,5670.0,5665.0,5670.0,1254.0,yahoo
PERSISTENT,5m,2026-09-04T13:40:00+05:30,5667.0,5674.0,5667.0,5673.5,296.0,yahoo
PERSISTENT,5m,2026-09-04T13:45:00+05:30,5673.5,5678.5,5673.5,5675.0,537.0,yahoo
PERSISTENT,5m,2026-09-04T13:50:00+05:30,5677.0,5678.5,5668.0,5670.0,515.0,yahoo
PERSISTENT,5m,2026-09-04T13:55:00+05:30,5670.5,5675.5,5662.5,5663.0,1468.0,yahoo
PERSISTENT,5m,2026-09-04T14:00:00+05:30,5663.5,5666.0,5663.0,5665.0,433.0,yahoo
PERSISTENT,5m,2026-09-04T14:05:00+05:30,5663.0,5665.0,5661.0,5662.0,1031.0,yahoo
PERSISTENT,5m,2026-09-04T14:10:00+05:30,5662.0,5662.0,5658.0,5660.0,1391.0,yahoo
PERSISTENT,5m,2026-09-04T14:15:00+05:30,5658.0,5664.5,5650.0,5664.5,4270.0,yahoo
PERSISTENT,5m,2026-09-04T14:20:00+05:30,5660.5,5668.0,5660.5,5667.0,3223.0,yahoo
PERSISTENT,5m,2026-09-04T14:25:00+05:30,5670.0,5677.5,5650.5,5655.0,11697.0,yahoo
PERSISTENT,5m,2026-09-04T14:30:00+05:30,5654.5,5659.5,5652.0,5654.0,2727.0,yahoo
PERSISTENT,5m,2026-09-04T14:35:00+05:30,5654.0,5656.0,5648.5,5654.0,2869.0,yahoo
PERSISTENT,5m,2026-09-04T14:40:00+05:30,5656.0,5658.0,5651.5,5652.0,1763.0,yahoo
PERSISTENT,5m,2026-09-04T14:45:00+05:30,5651.5,5654.0,5649.5,5652.5,1753.0,yahoo
PERSISTENT,5m,2026-09-04T14:50:00+05:30,5653.5,5664.5,5653.5,5661.0,11387.0,yahoo
PERSISTENT,5m,2026-09-04T14:55:00+05:30,5661.0,5662.5,5656.5,5659.0,5997.0,yahoo
PERSISTENT,5m,2026-09-04T15:00:00+05:30,5658.0,5662.0,5652.0,5652.0,9827.0,yahoo
PERSISTENT,5m,2026-09-04T15:05:00+05:30,5655.0,5656.5,5645.5,5654.5,10749.0,yahoo
PERSISTENT,5m,2026-09-04T15:10:00+05:30,5654.5,5656.0,5635.0,5635.0,13010.0,yahoo
PERSISTENT,5m,2026-09-04T15:15:00+05:30,5636.0,5643.0,5636.0,5643.0,3938.0,yahoo
PNB,5m,2026-09-04T09:15:00+05:30,116.6500015258789,116.98999786376953,116.5199966430664,116.70999908447266,0.0,yahoo
PNB,5m,2026-09-04T09:20:00+05:30,116.75,116.9800033569336,116.62000274658203,116.94999694824219,83273.0,yahoo
PNB,5m,2026-09-04T09:25:00+05:30,116.94999694824219,116.94999694824219,116.80000305175781,116.83000183105469,66653.0,yahoo
PNB,5m,2026-09-04T09:30:00+05:30,116.86000061035156,117.08999633789062,116.86000061035156,116.91000366210938,101819.0,yahoo
PNB,5m,2026-09-04T09:35:00+05:30,116.91000366210938,116.97000122070312,116.8499984741211,116.93000030517578,23534.0,yahoo
PNB,5m,2026-09-04T09:40:00+05:30,116.98999786376953,116.98999786376953,116.8499984741211,116.88999938964844,53225.0,yahoo
PNB,5m,2026-09-04T09:45:00+05:30,116.9000015258789,116.9000015258789,116.73999786376953,116.77999877929688,37851.0,yahoo
PNB,5m,2026-09-04T09:50:00+05:30,116.73999786376953,116.87999725341797,116.72000122070312,116.79000091552734,45623.0,yahoo
PNB,5m,2026-09-04T09:55:00+05:30,116.81999969482422,116.95999908447266,116.80000305175781,116.91999816894531,61724.0,yahoo
PNB,5m,2026-09-04T10:00:00+05:30,116.9000015258789,117.0999984741211,116.9000015258789,117.05999755859375,36696.0,yahoo
PNB,5m,2026-09-04T10:05:00+05:30,117.05000305175781,117.1500015258789,117.05000305175781,117.1500015258789,54545.0,yahoo
PNB,5m,2026-09-04T10:10:00+05:30,117.11000061035156,117.1500015258789,117.01000213623047,117.08999633789062,61985.0,yahoo
PNB,5m,2026-09-04T10:15:00+05:30,117.0199966430664,117.08000183105469,116.97000122070312,117.05000305175781,58291.0,yahoo
PNB,5m,2026-09-04T10:20:00+05:30,117.0,117.26000213623047,117.0,117.19000244140625,76086.0,yahoo
PNB,5m,2026-09-04T10:25:00+05:30,117.16999816894531,117.19999694824219,117.06999969482422,117.06999969482422,59448.0,yahoo
PNB,5m,2026-09-04T10:30:00+05:30,117.0999984741211,117.19000244140625,117.05999755859375,117.06999969482422,51735.0,yahoo
PNB,5m,2026-09-04T10:35:00+05:30,117.06999969482422,117.11000061035156,117.01000213623047,117.05000305175781,32000.0,yahoo
PNB,5m,2026-09-04T10:40:00+05:30,117.0199966430664,117.06999969482422,117.0,117.06999969482422,26591.0,yahoo
PNB,5m,2026-09-04T10:45:00+05:30,117.04000091552734,117.0999984741211,116.9800033569336,117.08000183105469,56830.0,yahoo
PNB,5m,2026-09-04T10:50:00+05:30,117.0999984741211,117.0999984741211,116.94999694824219,117.04000091552734,54912.0,yahoo
PNB,5m,2026-09-04T10:55:00+05:30,117.05000305175781,117.05000305175781,116.93000030517578,116.98999786376953,30835.0,yahoo
PNB,5m,2026-09-04T11:00:00+05:30,116.98999786376953,117.18000030517578,116.91999816894531,117.0999984741211,44884.0,yahoo
PNB,5m,2026-09-04T11:05:00+05:30,117.13999938964844,117.31999969482422,117.11000061035156,117.2300033569336,154218.0,yahoo
PNB,5m,2026-09-04T11:10:00+05:30,117.2300033569336,117.33999633789062,117.22000122070312,117.29000091552734,77791.0,yahoo
PNB,5m,2026-09-04T11:15:00+05:30,117.25,117.37999725341797,117.25,117.3499984741211,93108.0,yahoo
PNB,5m,2026-09-04T11:20:00+05:30,117.36000061035156,117.62000274658203,117.36000061035156,117.61000061035156,272020.0,yahoo
PNB,5m,2026-09-04T11:25:00+05:30,117.6500015258789,117.87999725341797,117.5199966430664,117.61000061035156,363156.0,yahoo
PNB,5m,2026-09-04T11:30:00+05:30,117.5999984741211,118.0199966430664,117.5,117.80999755859375,832598.0,yahoo
PNB,5m,2026-09-04T11:35:00+05:30,117.8499984741211,117.9800033569336,117.81999969482422,117.88999938964844,396596.0,yahoo
PNB,5m,2026-09-04T11:40:00+05:30,117.91000366210938,117.93000030517578,117.69999694824219,117.69999694824219,111856.0,yahoo
PNB,5m,2026-09-04T11:45:00+05:30,117.70999908447266,117.70999908447266,117.52999877929688,117.61000061035156,154450.0,yahoo
PNB,5m,2026-09-04T11:50:00+05:30,117.6500015258789,117.6500015258789,117.4800033569336,117.52999877929688,118418.0,yahoo
PNB,5m,2026-09-04T11:55:00+05:30,117.5,117.63999938964844,117.5,117.61000061035156,163313.0,yahoo
PNB,5m,2026-09-04T12:00:00+05:30,117.61000061035156,117.80000305175781,117.5199966430664,117.5999984741211,603030.0,yahoo
PNB,5m,2026-09-04T12:05:00+05:30,117.5999984741211,117.69000244140625,117.52999877929688,117.55999755859375,90032.0,yahoo
PNB,5m,2026-09-04T12:10:00+05:30,117.62000274658203,117.75,117.45999908447266,117.55000305175781,180358.0,yahoo
PNB,5m,2026-09-04T12:15:00+05:30,117.56999969482422,117.5999984741211,117.48999786376953,117.5199966430664,67770.0,yahoo
PNB,5m,2026-09-04T12:20:00+05:30,117.55999755859375,117.5999984741211,117.43000030517578,117.55000305175781,113909.0,yahoo
PNB,5m,2026-09-04T12:25:00+05:30,117.62999725341797,117.66999816894531,117.54000091552734,117.66000366210938,60076.0,yahoo
PNB,5m,2026-09-04T12:30:00+05:30,117.6500015258789,117.9000015258789,117.5999984741211,117.73999786376953,89607.0,yahoo
PNB,5m,2026-09-04T12:35:00+05:30,117.73999786376953,117.98999786376953,117.61000061035156,117.9000015258789,970095.0,yahoo
PNB,5m,2026-09-04T12:40:00+05:30,117.9000015258789,117.94000244140625,117.68000030517578,117.76000213623047,143308.0,yahoo
PNB,5m,2026-09-04T12:45:00+05:30,117.69000244140625,117.70999908447266,117.55000305175781,117.66999816894531,122887.0,yahoo
PNB,5m,2026-09-04T12:50:00+05:30,117.70999908447266,117.70999908447266,117.5999984741211,117.68000030517578,40348.0,yahoo
PNB,5m,2026-09-04T12:55:00+05:30,117.69000244140625,117.69000244140625,117.56999969482422,117.5999984741211,83888.0,yahoo
PNB,5m,2026-09-04T13:00:00+05:30,117.63999938964844,117.69999694824219,117.5999984741211,117.5999984741211,104354.0,yahoo
PNB,5m,2026-09-04T13:05:00+05:30,117.5999984741211,117.69000244140625,117.58999633789062,117.69000244140625,78085.0,yahoo
PNB,5m,2026-09-04T13:10:00+05:30,117.66000366210938,117.97000122070312,117.62999725341797,117.8499984741211,443998.0,yahoo
PNB,5m,2026-09-04T13:15:00+05:30,117.86000061035156,117.9800033569336,117.83999633789062,117.9800033569336,210481.0,yahoo
PNB,5m,2026-09-04T13:20:00+05:30,117.98999786376953,118.0,117.88999938964844,117.88999938964844,311885.0,yahoo
PNB,5m,2026-09-04T13:25:00+05:30,117.9000015258789,117.9000015258789,117.76000213623047,117.76000213623047,183628.0,yahoo
PNB,5m,2026-09-04T13:30:00+05:30,117.83000183105469,117.83000183105469,117.72000122070312,117.72000122070312,169794.0,yahoo
PNB,5m,2026-09-04T13:35:00+05:30,117.69999694824219,117.87999725341797,117.69000244140625,117.8499984741211,133004.0,yahoo
PNB,5m,2026-09-04T13:40:00+05:30,117.80999755859375,117.91000366210938,117.80999755859375,117.8499984741211,72628.0,yahoo
PNB,5m,2026-09-04T13:45:00+05:30,117.9000015258789,117.91999816894531,117.81999969482422,117.88999938964844,67314.0,yahoo
PNB,5m,2026-09-04T13:50:00+05:30,117.88999938964844,117.88999938964844,117.55000305175781,117.55000305175781,186183.0,yahoo
PNB,5m,2026-09-04T13:55:00+05:30,117.55999755859375,117.6500015258789,117.43000030517578,117.43000030517578,161458.0,yahoo
PNB,5m,2026-09-04T14:00:00+05:30,117.43000030517578,117.43000030517578,117.29000091552734,117.41999816894531,114968.0,yahoo
PNB,5m,2026-09-04T14:05:00+05:30,117.43000030517578,117.48999786376953,117.4000015258789,117.47000122070312,110506.0,yahoo
PNB,5m,2026-09-04T14:10:00+05:30,117.47000122070312,117.4800033569336,117.29000091552734,117.33000183105469,89438.0,yahoo
PNB,5m,2026-09-04T14:15:00+05:30,117.30000305175781,117.33999633789062,117.0199966430664,117.19999694824219,309843.0,yahoo
PNB,5m,2026-09-04T14:20:00+05:30,117.20999908447266,117.30000305175781,117.1500015258789,117.25,69310.0,yahoo
PNB,5m,2026-09-04T14:25:00+05:30,117.25,117.37000274658203,117.25,117.30999755859375,80983.0,yahoo
PNB,5m,2026-09-04T14:30:00+05:30,117.31999969482422,117.36000061035156,117.2699966430664,117.33999633789062,63677.0,yahoo
PNB,5m,2026-09-04T14:35:00+05:30,117.30000305175781,117.38999938964844,117.19000244140625,117.20999908447266,86322.0,yahoo
PNB,5m,2026-09-04T14:40:00+05:30,117.25,117.29000091552734,117.16000366210938,117.18000030517578,73581.0,yahoo
PNB,5m,2026-09-04T14:45:00+05:30,117.16999816894531,117.22000122070312,117.11000061035156,117.12000274658203,58658.0,yahoo
PNB,5m,2026-09-04T14:50:00+05:30,117.12000274658203,117.16999816894531,117.0,117.13999938964844,151974.0,yahoo
PNB,5m,2026-09-04T14:55:00+05:30,117.13999938964844,117.19999694824219,117.0999984741211,117.13999938964844,93946.0,yahoo
PNB,5m,2026-09-04T15:00:00+05:30,117.08000183105469,117.23999786376953,117.05000305175781,117.16000366210938,244604.0,yahoo
PNB,5m,2026-09-04T15:05:00+05:30,117.13999938964844,117.30000305175781,117.05000305175781,117.1500015258789,313212.0,yahoo
PNB,5m,2026-09-04T15:10:00+05:30,117.18000030517578,117.26000213623047,117.12999725341797,117.23999786376953,372749.0,yahoo
PNB,5m,2026-09-04T15:15:00+05:30,117.23999786376953,117.23999786376953,117.0,117.0,147505.0,yahoo
POWERGRID,5m,2026-09-04T09:15:00+05:30,266.6499938964844,267.3500061035156,265.8500061035156,266.29998779296875,0.0,yahoo
POWERGRID,5m,2026-09-04T09:20:00+05:30,266.29998779296875,266.5,266.1499938964844,266.5,63679.0,yahoo
POWERGRID,5m,2026-09-04T09:25:00+05:30,266.54998779296875,266.54998779296875,265.79998779296875,265.79998779296875,106386.0,yahoo
POWERGRID,5m,2026-09-04T09:30:00+05:30,265.79998779296875,266.3999938964844,265.79998779296875,266.3500061035156,95790.0,yahoo
POWERGRID,5m,2026-09-04T09:35:00+05:30,266.3500061035156,266.75,266.29998779296875,266.75,88675.0,yahoo
POWERGRID,5m,2026-09-04T09:40:00+05:30,266.75,266.75,266.3500061035156,266.3500061035156,96035.0,yahoo
POWERGRID,5m,2026-09-04T09:45:00+05:30,266.29998779296875,266.3999938964844,266.20001220703125,266.25,74823.0,yahoo
POWERGRID,5m,2026-09-04T09:50:00+05:30,266.25,266.45001220703125,266.20001220703125,266.45001220703125,37880.0,yahoo
POWERGRID,5m,2026-09-04T09:55:00+05:30,266.45001220703125,266.54998779296875,266.29998779296875,266.45001220703125,61172.0,yahoo
POWERGRID,5m,2026-09-04T10:00:00+05:30,266.45001220703125,266.6000061035156,266.45001220703125,266.54998779296875,39701.0,yahoo
POWERGRID,5m,2026-09-04T10:05:00+05:30,266.6000061035156,266.6000061035156,266.20001220703125,266.45001220703125,66085.0,yahoo
POWERGRID,5m,2026-09-04T10:10:00+05:30,266.3999938964844,267.1499938964844,266.25,266.8500061035156,88975.0,yahoo
POWERGRID,5m,2026-09-04T10:15:00+05:30,266.8999938964844,266.8999938964844,266.54998779296875,266.6499938964844,64597.0,yahoo
POWERGRID,5m,2026-09-04T10:20:00+05:30,266.75,266.8999938964844,266.6000061035156,266.8500061035156,30680.0,yahoo
POWERGRID,5m,2026-09-04T10:25:00+05:30,266.8500061035156,266.8500061035156,266.6499938964844,266.6499938964844,34361.0,yahoo
POWERGRID,5m,2026-09-04T10:30:00+05:30,266.70001220703125,266.70001220703125,266.29998779296875,266.29998779296875,56997.0,yahoo
POWERGRID,5m,2026-09-04T10:35:00+05:30,266.1499938964844,266.3999938964844,266.0,266.29998779296875,110287.0,yahoo
POWERGRID,5m,2026-09-04T10:40:00+05:30,266.29998779296875,266.3500061035156,266.1000061035156,266.1499938964844,77135.0,yahoo
POWERGRID,5m,2026-09-04T10:45:00+05:30,266.20001220703125,266.3500061035156,265.8999938964844,266.1499938964844,126826.0,yahoo
POWERGRID,5m,2026-09-04T10:50:00+05:30,266.20001220703125,266.5,265.95001220703125,266.3999938964844,205092.0,yahoo
POWERGRID,5m,2026-09-04T10:55:00+05:30,266.3999938964844,266.95001220703125,266.3500061035156,266.79998779296875,399961.0,yahoo
POWERGRID,5m,2026-09-04T11:00:00+05:30,266.8999938964844,267.04998779296875,266.5,266.54998779296875,141603.0,yahoo
POWERGRID,5m,2026-09-04T11:05:00+05:30,266.54998779296875,266.54998779296875,266.1000061035156,266.29998779296875,79377.0,yahoo
POWERGRID,5m,2026-09-04T11:10:00+05:30,266.3500061035156,266.79998779296875,266.29998779296875,266.54998779296875,48384.0,yahoo
POWERGRID,5m,2026-09-04T11:15:00+05:30,266.54998779296875,267.04998779296875,266.5,267.0,107170.0,yahoo
POWERGRID,5m,2026-09-04T11:20:00+05:30,267.0,267.1000061035156,266.75,267.04998779296875,60038.0,yahoo
POWERGRID,5m,2026-09-04T11:25:00+05:30,267.04998779296875,267.1000061035156,266.8999938964844,267.04998779296875,44445.0,yahoo
POWERGRID,5m,2026-09-04T11:30:00+05:30,267.04998779296875,267.04998779296875,266.79998779296875,267.0,34100.0,yahoo
POWERGRID,5m,2026-09-04T11:35:00+05:30,267.0,267.1000061035156,266.95001220703125,267.04998779296875,36119.0,yahoo
POWERGRID,5m,2026-09-04T11:40:00+05:30,267.04998779296875,267.04998779296875,266.8999938964844,266.8999938964844,92108.0,yahoo
POWERGRID,5m,2026-09-04T11:45:00+05:30,267.0,267.1000061035156,266.8500061035156,267.0,80637.0,yahoo
POWERGRID,5m,2026-09-04T11:50:00+05:30,267.0,267.0,265.79998779296875,265.8500061035156,217715.0,yahoo
POWERGRID,5m,2026-09-04T11:55:00+05:30,265.8500061035156,266.20001220703125,265.54998779296875,266.0,264056.0,yahoo
POWERGRID,5m,2026-09-04T12:00:00+05:30,265.95001220703125,266.1499938964844,265.6000061035156,265.79998779296875,203550.0,yahoo
POWERGRID,5m,2026-09-04T12:05:00+05:30,265.79998779296875,265.8500061035156,265.6499938964844,265.6499938964844,38316.0,yahoo
POWERGRID,5m,2026-09-04T12:10:00+05:30,265.70001220703125,265.70001220703125,265.45001220703125,265.45001220703125,41889.0,yahoo
POWERGRID,5m,2026-09-04T12:15:00+05:30,265.5,265.6000061035156,265.3999938964844,265.45001220703125,52684.0,yahoo
POWERGRID,5m,2026-09-04T12:20:00+05:30,265.54998779296875,265.54998779296875,265.29998779296875,265.3500061035156,46842.0,yahoo
POWERGRID,5m,2026-09-04T12:25:00+05:30,265.29998779296875,265.29998779296875,265.20001220703125,265.25,49456.0,yahoo
POWERGRID,5m,2026-09-04T12:30:00+05:30,265.29998779296875,265.3500061035156,265.25,265.29998779296875,42052.0,yahoo
POWERGRID,5m,2026-09-04T12:35:00+05:30,265.29998779296875,265.3999938964844,265.25,265.29998779296875,40488.0,yahoo
POWERGRID,5m,2026-09-04T12:40:00+05:30,265.3500061035156,265.3500061035156,265.25,265.3500061035156,37958.0,yahoo
POWERGRID,5m,2026-09-04T12:45:00+05:30,265.3500061035156,265.3500061035156,265.1499938964844,265.20001220703125,72287.0,yahoo
POWERGRID,5m,2026-09-04T12:50:00+05:30,265.20001220703125,266.0,265.04998779296875,265.5,510145.0,yahoo
POWERGRID,5m,2026-09-04T12:55:00+05:30,265.5,265.54998779296875,265.20001220703125,265.5,44367.0,yahoo
POWERGRID,5m,2026-09-04T13:00:00+05:30,265.5,265.6000061035156,265.3500061035156,265.3999938964844,27964.0,yahoo
POWERGRID,5m,2026-09-04T13:05:00+05:30,265.45001220703125,265.5,265.3500061035156,265.45001220703125,35007.0,yahoo
POWERGRID,5m,2026-09-04T13:10:00+05:30,265.5,265.70001220703125,265.45001220703125,265.6499938964844,92066.0,yahoo
POWERGRID,5m,2026-09-04T13:15:00+05:30,265.6499938964844,265.79998779296875,265.6000061035156,265.6499938964844,43180.0,yahoo
POWERGRID,5m,2026-09-04T13:20:00+05:30,265.70001220703125,265.75,265.54998779296875,265.75,39528.0,yahoo
POWERGRID,5m,2026-09-04T13:25:00+05:30,265.75,265.75,265.54998779296875,265.6000061035156,37755.0,yahoo
POWERGRID,5m,2026-09-04T13:30:00+05:30,265.75,265.75,265.54998779296875,265.6499938964844,35310.0,yahoo
POWERGRID,5m,2026-09-04T13:35:00+05:30,265.6499938964844,265.70001220703125,265.5,265.6000061035156,54735.0,yahoo
POWERGRID,5m,2026-09-04T13:40:00+05:30,265.54998779296875,265.70001220703125,265.5,265.5,38248.0,yahoo
POWERGRID,5m,2026-09-04T13:45:00+05:30,265.54998779296875,265.6499938964844,265.5,265.5,35652.0,yahoo
POWERGRID,5m,2026-09-04T13:50:00+05:30,265.54998779296875,265.6000061035156,265.29998779296875,265.3999938964844,108278.0,yahoo
POWERGRID,5m,2026-09-04T13:55:00+05:30,265.5,265.5,265.3500061035156,265.5,30896.0,yahoo
POWERGRID,5m,2026-09-04T14:00:00+05:30,265.45001220703125,265.45001220703125,265.3500061035156,265.3500061035156,37171.0,yahoo
POWERGRID,5m,2026-09-04T14:05:00+05:30,265.45001220703125,266.1000061035156,265.29998779296875,265.8500061035156,376382.0,yahoo
POWERGRID,5m,2026-09-04T14:10:00+05:30,265.8500061035156,265.95001220703125,265.6499938964844,265.70001220703125,47421.0,yahoo
POWERGRID,5m,2026-09-04T14:15:00+05:30,265.75,265.8999938964844,265.6000061035156,265.75,39033.0,yahoo
POWERGRID,5m,2026-09-04T14:20:00+05:30,265.8500061035156,265.8500061035156,265.70001220703125,265.79998779296875,27851.0,yahoo
POWERGRID,5m,2026-09-04T14:25:00+05:30,265.8500061035156,265.95001220703125,265.75,265.75,46785.0,yahoo
POWERGRID,5m,2026-09-04T14:30:00+05:30,265.79998779296875,265.8999938964844,265.75,265.75,37709.0,yahoo
POWERGRID,5m,2026-09-04T14:35:00+05:30,265.79998779296875,265.8500061035156,265.5,265.5,27791.0,yahoo
POWERGRID,5m,2026-09-04T14:40:00+05:30,265.6000061035156,265.6000061035156,265.45001220703125,265.45001220703125,74283.0,yahoo
POWERGRID,5m,2026-09-04T14:45:00+05:30,265.5,265.6000061035156,265.3999938964844,265.54998779296875,55891.0,yahoo
POWERGRID,5m,2026-09-04T14:50:00+05:30,265.6000061035156,266.29998779296875,265.5,265.95001220703125,542196.0,yahoo
POWERGRID,5m,2026-09-04T14:55:00+05:30,265.95001220703125,266.04998779296875,265.8999938964844,265.95001220703125,77034.0,yahoo
POWERGRID,5m,2026-09-04T15:00:00+05:30,265.95001220703125,266.6000061035156,265.95001220703125,266.25,312586.0,yahoo
POWERGRID,5m,2026-09-04T15:05:00+05:30,266.29998779296875,266.29998779296875,266.1499938964844,266.25,223727.0,yahoo
POWERGRID,5m,2026-09-04T15:10:00+05:30,266.20001220703125,266.3500061035156,265.79998779296875,266.25,442699.0,yahoo
POWERGRID,5m,2026-09-04T15:15:00+05:30,265.6000061035156,266.0,265.6000061035156,266.0,312599.0,yahoo
RELIANCE,5m,2026-09-04T09:15:00+05:30,1304.0999755859375,1319.4000244140625,1304.0999755859375,1319.300048828125,0.0,yahoo
RELIANCE,5m,2026-09-04T09:20:00+05:30,1319.199951171875,1321.9000244140625,1314.5999755859375,1315.199951171875,371644.0,yahoo
RELIANCE,5m,2026-09-04T09:25:00+05:30,1315.300048828125,1315.300048828125,1313.0999755859375,1314.699951171875,120631.0,yahoo
RELIANCE,5m,2026-09-04T09:30:00+05:30,1314.5999755859375,1314.699951171875,1312.800048828125,1314.5,161030.0,yahoo
RELIANCE,5m,2026-09-04T09:35:00+05:30,1314.5999755859375,1314.800048828125,1312.9000244140625,1313.699951171875,124250.0,yahoo
RELIANCE,5m,2026-09-04T09:40:00+05:30,1313.699951171875,1314.5999755859375,1313.0,1313.800048828125,68597.0,yahoo
RELIANCE,5m,2026-09-04T09:45:00+05:30,1313.699951171875,1322.9000244140625,1313.699951171875,1322.9000244140625,475474.0,yahoo
RELIANCE,5m,2026-09-04T09:50:00+05:30,1323.0,1332.199951171875,1322.5,1330.800048828125,1046790.0,yahoo
RELIANCE,5m,2026-09-04T09:55:00+05:30,1330.699951171875,1332.0,1327.4000244140625,1327.800048828125,441867.0,yahoo
RELIANCE,5m,2026-09-04T10:00:00+05:30,1327.5999755859375,1328.0,1325.0,1327.0,193268.0,yahoo
RELIANCE,5m,2026-09-04T10:05:00+05:30,1327.199951171875,1328.5999755859375,1326.5,1326.800048828125,119170.0,yahoo
RELIANCE,5m,2026-09-04T10:10:00+05:30,1326.699951171875,1327.0,1325.699951171875,1327.0,110677.0,yahoo
RELIANCE,5m,2026-09-04T10:15:00+05:30,1326.800048828125,1328.0,1326.0,1326.4000244140625,83491.0,yahoo
RELIANCE,5m,2026-09-04T10:20:00+05:30,1326.4000244140625,1327.5,1325.9000244140625,1326.0,117672.0,yahoo
RELIANCE,5m,2026-09-04T10:25:00+05:30,1326.0,1326.0,1325.0999755859375,1326.0,83596.0,yahoo
RELIANCE,5m,2026-09-04T10:30:00+05:30,1325.9000244140625,1328.9000244140625,1325.9000244140625,1328.4000244140625,144469.0,yahoo
RELIANCE,5m,2026-09-04T10:35:00+05:30,1328.300048828125,1328.5999755859375,1326.9000244140625,1327.9000244140625,97138.0,yahoo
RELIANCE,5m,2026-09-04T10:40:00+05:30,1327.9000244140625,1328.300048828125,1326.699951171875,1326.699951171875,61802.0,yahoo
RELIANCE,5m,2026-09-04T10:45:00+05:30,1326.5,1327.800048828125,1326.0,1326.0,152403.0,yahoo
RELIANCE,5m,2026-09-04T10:50:00+05:30,1326.4000244140625,1326.800048828125,1325.5,1326.5999755859375,66388.0,yahoo
RELIANCE,5m,2026-09-04T10:55:00+05:30,1326.5999755859375,1327.0,1326.199951171875,1326.5,79688.0,yahoo
RELIANCE,5m,2026-09-04T11:00:00+05:30,1326.4000244140625,1328.4000244140625,1326.4000244140625,1327.4000244140625,184452.0,yahoo
RELIANCE,5m,2026-09-04T11:05:00+05:30,1327.4000244140625,1327.5,1326.300048828125,1327.5,87818.0,yahoo
RELIANCE,5m,2026-09-04T11:10:00+05:30,1327.5,1327.5,1325.4000244140625,1325.5,74601.0,yahoo
RELIANCE,5m,2026-09-04T11:15:00+05:30,1325.5,1327.0,1325.0,1327.0,78975.0,yahoo
RELIANCE,5m,2026-09-04T11:20:00+05:30,1327.0,1328.5,1326.0,1328.4000244140625,222468.0,yahoo
RELIANCE,5m,2026-09-04T11:25:00+05:30,1328.4000244140625,1328.4000244140625,1326.300048828125,1326.300048828125,75327.0,yahoo
RELIANCE,5m,2026-09-04T11:30:00+05:30,1326.4000244140625,1327.9000244140625,1326.300048828125,1327.9000244140625,137678.0,yahoo
RELIANCE,5m,2026-09-04T11:35:00+05:30,1328.0,1329.800048828125,1327.300048828125,1329.199951171875,176649.0,yahoo
RELIANCE,5m,2026-09-04T11:40:00+05:30,1329.4000244140625,1329.5,1327.4000244140625,1328.5,118295.0,yahoo
RELIANCE,5m,2026-09-04T11:45:00+05:30,1328.300048828125,1328.699951171875,1327.0,1328.5,184005.0,yahoo
RELIANCE,5m,2026-09-04T11:50:00+05:30,1328.5,1328.699951171875,1327.5999755859375,1328.5,132424.0,yahoo
RELIANCE,5m,2026-09-04T11:55:00+05:30,1328.699951171875,1331.0,1328.5,1330.4000244140625,307702.0,yahoo
RELIANCE,5m,2026-09-04T12:00:00+05:30,1330.300048828125,1330.699951171875,1329.199951171875,1329.199951171875,104873.0,yahoo
RELIANCE,5m,2026-09-04T12:05:00+05:30,1329.4000244140625,1333.0,1329.199951171875,1332.9000244140625,398819.0,yahoo
RELIANCE,5m,2026-09-04T12:10:00+05:30,1332.699951171875,1333.0,1329.0,1330.0999755859375,200613.0,yahoo
RELIANCE,5m,2026-09-04T12:15:00+05:30,1330.199951171875,1330.9000244140625,1329.699951171875,1330.0,156244.0,yahoo
RELIANCE,5m,2026-09-04T12:20:00+05:30,1330.0,1332.0,1329.800048828125,1331.199951171875,185915.0,yahoo
RELIANCE,5m,2026-09-04T12:25:00+05:30,1331.300048828125,1332.4000244140625,1330.300048828125,1331.300048828125,242577.0,yahoo
RELIANCE,5m,2026-09-04T12:30:00+05:30,1331.300048828125,1331.300048828125,1329.5,1329.800048828125,134139.0,yahoo
RELIANCE,5m,2026-09-04T12:35:00+05:30,1329.800048828125,1330.4000244140625,1329.4000244140625,1329.699951171875,65895.0,yahoo
RELIANCE,5m,2026-09-04T12:40:00+05:30,1329.699951171875,1330.199951171875,1329.0,1329.300048828125,97908.0,yahoo
RELIANCE,5m,2026-09-04T12:45:00+05:30,1329.300048828125,1329.5,1327.800048828125,1328.699951171875,178522.0,yahoo
RELIANCE,5m,2026-09-04T12:50:00+05:30,1328.800048828125,1329.0999755859375,1328.0999755859375,1329.0,113373.0,yahoo
RELIANCE,5m,2026-09-04T12:55:00+05:30,1329.0,1329.300048828125,1326.4000244140625,1326.5999755859375,94965.0,yahoo
RELIANCE,5m,2026-09-04T13:00:00+05:30,1326.9000244140625,1327.699951171875,1326.0,1326.4000244140625,87408.0,yahoo
RELIANCE,5m,2026-09-04T13:05:00+05:30,1326.5,1327.0,1326.0,1326.0999755859375,61166.0,yahoo
RELIANCE,5m,2026-09-04T13:10:00+05:30,1326.0999755859375,1327.0,1326.0999755859375,1326.5,53348.0,yahoo
RELIANCE,5m,2026-09-04T13:15:00+05:30,1326.5,1327.199951171875,1326.0999755859375,1326.4000244140625,64166.0,yahoo
RELIANCE,5m,2026-09-04T13:20:00+05:30,1326.5,1326.800048828125,1325.800048828125,1326.199951171875,139639.0,yahoo
RELIANCE,5m,2026-09-04T13:25:00+05:30,1326.300048828125,1326.300048828125,1325.0,1325.300048828125,62974.0,yahoo
RELIANCE,5m,2026-09-04T13:30:00+05:30,1325.300048828125,1326.0,1324.5999755859375,1325.0,192152.0,yahoo
RELIANCE,5m,2026-09-04T13:35:00+05:30,1325.199951171875,1326.4000244140625,1324.4000244140625,1326.0,71771.0,yahoo
RELIANCE,5m,2026-09-04T13:40:00+05:30,1326.300048828125,1327.699951171875,1325.0999755859375,1325.699951171875,179207.0,yahoo
RELIANCE,5m,2026-09-04T13:45:00+05:30,1325.800048828125,1326.800048828125,1325.5,1326.300048828125,84045.0,yahoo
RELIANCE,5m,2026-09-04T13:50:00+05:30,1326.300048828125,1327.199951171875,1325.4000244140625,1326.9000244140625,222080.0,yahoo
RELIANCE,5m,2026-09-04T13:55:00+05:30,1326.9000244140625,1326.9000244140625,1325.800048828125,1326.199951171875,72599.0,yahoo
RELIANCE,5m,2026-09-04T14:00:00+05:30,1326.199951171875,1327.300048828125,1326.0999755859375,1326.5999755859375,92403.0,yahoo
RELIANCE,5m,2026-09-04T14:05:00+05:30,1326.5,1327.300048828125,1326.199951171875,1326.699951171875,85805.0,yahoo
RELIANCE,5m,2026-09-04T14:10:00+05:30,1326.9000244140625,1328.300048828125,1326.699951171875,1328.0999755859375,78052.0,yahoo
RELIANCE,5m,2026-09-04T14:15:00+05:30,1328.199951171875,1328.300048828125,1327.5,1327.9000244140625,65932.0,yahoo
RELIANCE,5m,2026-09-04T14:20:00+05:30,1327.9000244140625,1329.0999755859375,1327.800048828125,1329.0999755859375,98910.0,yahoo
RELIANCE,5m,2026-09-04T14:25:00+05:30,1328.800048828125,1330.0,1328.5999755859375,1329.0999755859375,143632.0,yahoo
RELIANCE,5m,2026-09-04T14:30:00+05:30,1329.0999755859375,1329.800048828125,1328.0,1328.0,79045.0,yahoo
RELIANCE,5m,2026-09-04T14:35:00+05:30,1328.199951171875,1328.199951171875,1326.0,1326.199951171875,57948.0,yahoo
RELIANCE,5m,2026-09-04T14:40:00+05:30,1326.199951171875,1329.0,1325.800048828125,1328.0999755859375,148923.0,yahoo
RELIANCE,5m,2026-09-04T14:45:00+05:30,1328.0,1328.5,1327.5999755859375,1328.0,92186.0,yahoo
RELIANCE,5m,2026-09-04T14:50:00+05:30,1328.0,1328.4000244140625,1326.5,1327.199951171875,351190.0,yahoo
RELIANCE,5m,2026-09-04T14:55:00+05:30,1327.4000244140625,1327.4000244140625,1326.0999755859375,1327.300048828125,303625.0,yahoo
RELIANCE,5m,2026-09-04T15:00:00+05:30,1327.4000244140625,1329.0,1327.0,1328.800048828125,233914.0,yahoo
RELIANCE,5m,2026-09-04T15:05:00+05:30,1328.5,1330.0,1328.0,1329.0999755859375,420840.0,yahoo
RELIANCE,5m,2026-09-04T15:10:00+05:30,1328.9000244140625,1329.699951171875,1327.300048828125,1327.4000244140625,546222.0,yahoo
RELIANCE,5m,2026-09-04T15:15:00+05:30,1329.0,1329.0,1322.0,1322.0,625797.0,yahoo
SAIL,5m,2026-09-04T09:15:00+05:30,197.86000061035156,197.86000061035156,197.07000732421875,197.19000244140625,0.0,yahoo
SAIL,5m,2026-09-04T09:20:00+05:30,197.25999450683594,198.17999267578125,197.19000244140625,197.64999389648438,448503.0,yahoo
SAIL,5m,2026-09-04T09:25:00+05:30,197.5399932861328,197.60000610351562,196.8300018310547,197.19000244140625,142252.0,yahoo
SAIL,5m,2026-09-04T09:30:00+05:30,197.1699981689453,198.35000610351562,197.1699981689453,197.8000030517578,436570.0,yahoo
SAIL,5m,2026-09-04T09:35:00+05:30,197.77000427246094,197.92999267578125,197.69000244140625,197.83999633789062,88774.0,yahoo
SAIL,5m,2026-09-04T09:40:00+05:30,197.75,198.0800018310547,197.6300048828125,197.63999938964844,315573.0,yahoo
SAIL,5m,2026-09-04T09:45:00+05:30,197.6300048828125,197.63999938964844,197.25999450683594,197.39999389648438,69844.0,yahoo
SAIL,5m,2026-09-04T09:50:00+05:30,197.39999389648438,197.50999450683594,197.25999450683594,197.5,73696.0,yahoo
SAIL,5m,2026-09-04T09:55:00+05:30,197.41000366210938,197.52999877929688,197.1999969482422,197.41000366210938,56073.0,yahoo
SAIL,5m,2026-09-04T10:00:00+05:30,197.5,197.89999389648438,197.5,197.60000610351562,78277.0,yahoo
SAIL,5m,2026-09-04T10:05:00+05:30,197.66000366210938,197.67999267578125,197.4199981689453,197.5,85255.0,yahoo
SAIL,5m,2026-09-04T10:10:00+05:30,197.5,197.6699981689453,197.3000030517578,197.3000030517578,32925.0,yahoo
SAIL,5m,2026-09-04T10:15:00+05:30,197.3800048828125,197.58999633789062,197.30999755859375,197.58999633789062,123274.0,yahoo
SAIL,5m,2026-09-04T10:20:00+05:30,197.6300048828125,198.0,197.5,197.6199951171875,201277.0,yahoo
SAIL,5m,2026-09-04T10:25:00+05:30,197.58999633789062,197.74000549316406,197.4600067138672,197.4600067138672,45374.0,yahoo
SAIL,5m,2026-09-04T10:30:00+05:30,197.50999450683594,197.50999450683594,196.97999572753906,197.16000366210938,86565.0,yahoo
SAIL,5m,2026-09-04T10:35:00+05:30,197.14999389648438,197.3800048828125,197.10000610351562,197.33999633789062,39594.0,yahoo
SAIL,5m,2026-09-04T10:40:00+05:30,197.33999633789062,197.5800018310547,197.2100067138672,197.57000732421875,77809.0,yahoo
SAIL,5m,2026-09-04T10:45:00+05:30,197.47999572753906,197.91000366210938,197.39999389648438,197.89999389648438,213622.0,yahoo
SAIL,5m,2026-09-04T10:50:00+05:30,197.8800048828125,197.97999572753906,197.6199951171875,197.77999877929688,62349.0,yahoo
SAIL,5m,2026-09-04T10:55:00+05:30,197.72999572753906,197.75999450683594,197.5500030517578,197.64999389648438,15625.0,yahoo
SAIL,5m,2026-09-04T11:00:00+05:30,197.66000366210938,197.69000244140625,197.5,197.6199951171875,19561.0,yahoo
SAIL,5m,2026-09-04T11:05:00+05:30,197.6199951171875,197.66000366210938,197.55999755859375,197.66000366210938,11162.0,yahoo
SAIL,5m,2026-09-04T11:10:00+05:30,197.64999389648438,197.85000610351562,197.60000610351562,197.80999755859375,25557.0,yahoo
SAIL,5m,2026-09-04T11:15:00+05:30,197.77999877929688,197.8300018310547,197.55999755859375,197.6999969482422,25767.0,yahoo
SAIL,5m,2026-09-04T11:20:00+05:30,197.6999969482422,197.6999969482422,197.30999755859375,197.4600067138672,48911.0,yahoo
SAIL,5m,2026-09-04T11:25:00+05:30,197.47999572753906,197.47999572753906,197.3699951171875,197.4600067138672,22522.0,yahoo
SAIL,5m,2026-09-04T11:30:00+05:30,197.44000244140625,197.5,196.66000366210938,197.1199951171875,268209.0,yahoo
SAIL,5m,2026-09-04T11:35:00+05:30,197.1199951171875,197.2899932861328,195.1699981689453,195.19000244140625,1017129.0,yahoo
SAIL,5m,2026-09-04T11:40:00+05:30,195.1999969482422,195.74000549316406,195.1199951171875,195.6999969482422,200005.0,yahoo
SAIL,5m,2026-09-04T11:45:00+05:30,195.57000732421875,195.61000061035156,195.33999633789062,195.44000244140625,55039.0,yahoo
SAIL,5m,2026-09-04T11:50:00+05:30,195.39999389648438,195.4499969482422,195.35000610351562,195.4499969482422,40074.0,yahoo
SAIL,5m,2026-09-04T11:55:00+05:30,195.42999267578125,195.49000549316406,195.3000030517578,195.3000030517578,43458.0,yahoo
SAIL,5m,2026-09-04T12:00:00+05:30,195.3000030517578,195.57000732421875,195.3000030517578,195.3000030517578,74685.0,yahoo
SAIL,5m,2026-09-04T12:05:00+05:30,195.32000732421875,195.32000732421875,194.4199981689453,194.52000427246094,266509.0,yahoo
SAIL,5m,2026-09-04T12:10:00+05:30,194.52000427246094,194.58999633789062,194.35000610351562,194.5,64908.0,yahoo
SAIL,5m,2026-09-04T12:15:00+05:30,194.5,194.66000366210938,194.3699951171875,194.5500030517578,47622.0,yahoo
SAIL,5m,2026-09-04T12:20:00+05:30,194.61000061035156,194.8000030517578,194.5500030517578,194.72000122070312,60938.0,yahoo
SAIL,5m,2026-09-04T12:25:00+05:30,194.72000122070312,194.94000244140625,194.64999389648438,194.8800048828125,164843.0,yahoo
SAIL,5m,2026-09-04T12:30:00+05:30,194.8800048828125,195.17999267578125,194.60000610351562,194.77000427246094,357703.0,yahoo
SAIL,5m,2026-09-04T12:35:00+05:30,194.7899932861328,195.49000549316406,194.75999450683594,195.1999969482422,369229.0,yahoo
SAIL,5m,2026-09-04T12:40:00+05:30,195.1999969482422,195.9199981689453,195.1999969482422,195.9199981689453,199650.0,yahoo
SAIL,5m,2026-09-04T12:45:00+05:30,195.85000610351562,195.89999389648438,195.0,195.24000549316406,453372.0,yahoo
SAIL,5m,2026-09-04T12:50:00+05:30,195.24000549316406,195.67999267578125,194.8000030517578,195.41000366210938,568025.0,yahoo
SAIL,5m,2026-09-04T12:55:00+05:30,195.39999389648438,195.6999969482422,195.38999938964844,195.63999938964844,50505.0,yahoo
SAIL,5m,2026-09-04T13:00:00+05:30,195.49000549316406,195.69000244140625,195.4199981689453,195.58999633789062,52557.0,yahoo
SAIL,5m,2026-09-04T13:05:00+05:30,195.58999633789062,195.89999389648438,195.5800018310547,195.88999938964844,69960.0,yahoo
SAIL,5m,2026-09-04T13:10:00+05:30,195.8699951171875,196.22999572753906,195.75999450683594,196.0399932861328,86953.0,yahoo
SAIL,5m,2026-09-04T13:15:00+05:30,196.0,196.83999633789062,196.0,196.3699951171875,324836.0,yahoo
SAIL,5m,2026-09-04T13:20:00+05:30,196.5500030517578,196.75,196.38999938964844,196.69000244140625,60401.0,yahoo
SAIL,5m,2026-09-04T13:25:00+05:30,196.60000610351562,196.63999938964844,196.39999389648438,196.47000122070312,36370.0,yahoo
SAIL,5m,2026-09-04T13:30:00+05:30,196.5500030517578,196.77000427246094,196.4600067138672,196.63999938964844,61776.0,yahoo
SAIL,5m,2026-09-04T13:35:00+05:30,196.60000610351562,197.3000030517578,196.60000610351562,197.02000427246094,389629.0,yahoo
SAIL,5m,2026-09-04T13:40:00+05:30,197.02000427246094,198.10000610351562,197.02000427246094,197.8000030517578,536733.0,yahoo
SAIL,5m,2026-09-04T13:45:00+05:30,197.85000610351562,198.77999877929688,197.80999755859375,198.64999389648438,622485.0,yahoo
SAIL,5m,2026-09-04T13:50:00+05:30,198.61000061035156,199.6300048828125,198.60000610351562,199.27000427246094,1172361.0,yahoo
SAIL,5m,2026-09-04T13:55:00+05:30,199.33999633789062,200.10000610351562,199.10000610351562,199.8000030517578,1543584.0,yahoo
SAIL,5m,2026-09-04T14:00:00+05:30,199.8000030517578,200.10000610351562,199.60000610351562,199.89999389648438,433839.0,yahoo
SAIL,5m,2026-09-04T14:05:00+05:30,199.8000030517578,199.8000030517578,199.14999389648438,199.14999389648438,364144.0,yahoo
SAIL,5m,2026-09-04T14:10:00+05:30,199.02000427246094,199.17999267578125,198.75999450683594,198.94000244140625,229363.0,yahoo
SAIL,5m,2026-09-04T14:15:00+05:30,198.91000366210938,199.0,198.6699981689453,198.85000610351562,93460.0,yahoo
SAIL,5m,2026-09-04T14:20:00+05:30,198.85000610351562,199.10000610351562,198.8000030517578,199.00999450683594,130966.0,yahoo
SAIL,5m,2026-09-04T14:25:00+05:30,199.02000427246094,199.10000610351562,198.82000732421875,198.8800048828125,63718.0,yahoo
SAIL,5m,2026-09-04T14:30:00+05:30,198.88999938964844,199.13999938964844,198.72999572753906,198.85000610351562,92038.0,yahoo
SAIL,5m,2026-09-04T14:35:00+05:30,198.8300018310547,199.49000549316406,198.8300018310547,199.35000610351562,193003.0,yahoo
SAIL,5m,2026-09-04T14:40:00+05:30,199.35000610351562,199.5,198.60000610351562,198.85000610351562,645548.0,yahoo
SAIL,5m,2026-09-04T14:45:00+05:30,198.8699951171875,198.9499969482422,198.1199951171875,198.2100067138672,621168.0,yahoo
SAIL,5m,2026-09-04T14:50:00+05:30,198.13999938964844,198.25,197.8000030517578,197.92999267578125,355821.0,yahoo
SAIL,5m,2026-09-04T14:55:00+05:30,197.7100067138672,198.13999938964844,197.7100067138672,197.89999389648438,161568.0,yahoo
SAIL,5m,2026-09-04T15:00:00+05:30,197.97999572753906,198.0,197.64999389648438,197.82000732421875,175558.0,yahoo
SAIL,5m,2026-09-04T15:05:00+05:30,197.8699951171875,198.10000610351562,197.74000549316406,197.89999389648438,281797.0,yahoo
SAIL,5m,2026-09-04T15:10:00+05:30,197.86000061035156,198.35000610351562,197.6300048828125,198.0,2682019.0,yahoo
SAIL,5m,2026-09-04T15:15:00+05:30,197.64999389648438,197.64999389648438,196.8000030517578,196.8000030517578,115387.0,yahoo
SBILIFE,5m,2026-09-04T09:15:00+05:30,1715.0,1723.5999755859375,1710.5999755859375,1721.300048828125,0.0,yahoo
SBILIFE,5m,2026-09-04T09:20:00+05:30,1719.5,1720.300048828125,1716.0,1719.5999755859375,10950.0,yahoo
SBILIFE,5m,2026-09-04T09:25:00+05:30,1719.5999755859375,1720.300048828125,1717.0,1717.4000244140625,11117.0,yahoo
SBILIFE,5m,2026-09-04T09:30:00+05:30,1716.9000244140625,1722.5999755859375,1716.4000244140625,1721.300048828125,13627.0,yahoo
SBILIFE,5m,2026-09-04T09:35:00+05:30,1720.800048828125,1722.0,1720.0,1720.9000244140625,3883.0,yahoo
SBILIFE,5m,2026-09-04T09:40:00+05:30,1721.5,1722.199951171875,1720.5,1721.5,3751.0,yahoo
SBILIFE,5m,2026-09-04T09:45:00+05:30,1721.199951171875,1724.0,1721.199951171875,1722.5999755859375,21135.0,yahoo
SBILIFE,5m,2026-09-04T09:50:00+05:30,1722.5999755859375,1724.0999755859375,1721.699951171875,1722.9000244140625,4366.0,yahoo
SBILIFE,5m,2026-09-04T09:55:00+05:30,1723.5999755859375,1729.199951171875,1721.800048828125,1729.199951171875,10929.0,yahoo
SBILIFE,5m,2026-09-04T10:00:00+05:30,1729.699951171875,1736.9000244140625,1727.699951171875,1736.9000244140625,25575.0,yahoo
SBILIFE,5m,2026-09-04T10:05:00+05:30,1737.199951171875,1741.4000244140625,1735.4000244140625,1738.4000244140625,23568.0,yahoo
SBILIFE,5m,2026-09-04T10:10:00+05:30,1738.4000244140625,1738.4000244140625,1735.699951171875,1736.4000244140625,6854.0,yahoo
SBILIFE,5m,2026-09-04T10:15:00+05:30,1736.4000244140625,1739.199951171875,1735.4000244140625,1738.800048828125,8665.0,yahoo
SBILIFE,5m,2026-09-04T10:20:00+05:30,1738.9000244140625,1739.699951171875,1736.5,1738.4000244140625,6937.0,yahoo
SBILIFE,5m,2026-09-04T10:25:00+05:30,1738.4000244140625,1744.0,1737.699951171875,1744.0,15375.0,yahoo
SBILIFE,5m,2026-09-04T10:30:00+05:30,1744.0,1745.199951171875,1742.800048828125,1745.199951171875,7085.0,yahoo
SBILIFE,5m,2026-09-04T10:35:00+05:30,1745.0999755859375,1752.0999755859375,1745.0999755859375,1751.699951171875,38982.0,yahoo
SBILIFE,5m,2026-09-04T10:40:00+05:30,1751.800048828125,1752.800048828125,1749.9000244140625,1750.0,21058.0,yahoo
SBILIFE,5m,2026-09-04T10:45:00+05:30,1750.0999755859375,1750.699951171875,1749.300048828125,1750.199951171875,29001.0,yahoo
SBILIFE,5m,2026-09-04T10:50:00+05:30,1750.199951171875,1758.800048828125,1749.4000244140625,1756.5,32809.0,yahoo
SBILIFE,5m,2026-09-04T10:55:00+05:30,1757.0999755859375,1760.699951171875,1755.300048828125,1759.300048828125,24741.0,yahoo
SBILIFE,5m,2026-09-04T11:00:00+05:30,1759.9000244140625,1760.800048828125,1754.800048828125,1754.800048828125,16962.0,yahoo
SBILIFE,5m,2026-09-04T11:05:00+05:30,1754.5,1754.5999755859375,1753.5999755859375,1754.0999755859375,9891.0,yahoo
SBILIFE,5m,2026-09-04T11:10:00+05:30,1754.0999755859375,1756.4000244140625,1753.0,1756.4000244140625,16249.0,yahoo
SBILIFE,5m,2026-09-04T11:15:00+05:30,1756.300048828125,1764.5999755859375,1756.0,1763.0,42263.0,yahoo
SBILIFE,5m,2026-09-04T11:20:00+05:30,1763.4000244140625,1768.199951171875,1763.0,1766.0,57989.0,yahoo
SBILIFE,5m,2026-09-04T11:25:00+05:30,1765.9000244140625,1770.9000244140625,1765.0,1770.0999755859375,43682.0,yahoo
SBILIFE,5m,2026-09-04T11:30:00+05:30,1770.5999755859375,1772.199951171875,1765.699951171875,1765.699951171875,57491.0,yahoo
SBILIFE,5m,2026-09-04T11:35:00+05:30,1765.699951171875,1769.0,1761.0999755859375,1762.800048828125,42567.0,yahoo
SBILIFE,5m,2026-09-04T11:40:00+05:30,1762.800048828125,1765.9000244140625,1761.9000244140625,1762.9000244140625,14202.0,yahoo
SBILIFE,5m,2026-09-04T11:45:00+05:30,1762.4000244140625,1763.5,1762.0,1762.699951171875,8501.0,yahoo
SBILIFE,5m,2026-09-04T11:50:00+05:30,1762.9000244140625,1763.4000244140625,1761.5999755859375,1761.699951171875,8403.0,yahoo
SBILIFE,5m,2026-09-04T11:55:00+05:30,1761.699951171875,1764.5999755859375,1760.0,1764.0,17578.0,yahoo
SBILIFE,5m,2026-09-04T12:00:00+05:30,1763.699951171875,1764.800048828125,1760.9000244140625,1764.0999755859375,13166.0,yahoo
SBILIFE,5m,2026-09-04T12:05:00+05:30,1764.0999755859375,1764.5,1762.0,1762.300048828125,10756.0,yahoo
SBILIFE,5m,2026-09-04T12:10:00+05:30,1762.300048828125,1762.300048828125,1761.0,1761.5,6055.0,yahoo
SBILIFE,5m,2026-09-04T12:15:00+05:30,1761.5999755859375,1761.800048828125,1759.0,1760.300048828125,34531.0,yahoo
SBILIFE,5m,2026-09-04T12:20:00+05:30,1760.300048828125,1760.300048828125,1756.199951171875,1757.0,16694.0,yahoo
SBILIFE,5m,2026-09-04T12:25:00+05:30,1756.9000244140625,1758.0999755859375,1754.9000244140625,1755.300048828125,16223.0,yahoo
SBILIFE,5m,2026-09-04T12:30:00+05:30,1754.5999755859375,1756.4000244140625,1754.5999755859375,1756.199951171875,9365.0,yahoo
SBILIFE,5m,2026-09-04T12:35:00+05:30,1756.199951171875,1756.4000244140625,1754.4000244140625,1754.699951171875,7475.0,yahoo
SBILIFE,5m,2026-09-04T12:40:00+05:30,1754.5999755859375,1754.9000244140625,1752.4000244140625,1752.800048828125,7763.0,yahoo
SBILIFE,5m,2026-09-04T12:45:00+05:30,1752.800048828125,1754.5999755859375,1752.4000244140625,1753.9000244140625,15047.0,yahoo
SBILIFE,5m,2026-09-04T12:50:00+05:30,1753.800048828125,1754.800048828125,1752.4000244140625,1753.5,13707.0,yahoo
SBILIFE,5m,2026-09-04T12:55:00+05:30,1753.199951171875,1753.5999755859375,1750.800048828125,1753.5999755859375,10208.0,yahoo
SBILIFE,5m,2026-09-04T13:00:00+05:30,1753.0,1753.5999755859375,1751.5999755859375,1752.4000244140625,11857.0,yahoo
SBILIFE,5m,2026-09-04T13:05:00+05:30,1752.5,1757.5,1752.0,1756.5,227775.0,yahoo
SBILIFE,5m,2026-09-04T13:10:00+05:30,1756.5,1759.9000244140625,1755.4000244140625,1759.5,16295.0,yahoo
SBILIFE,5m,2026-09-04T13:15:00+05:30,1759.5,1763.699951171875,1759.300048828125,1762.5,21686.0,yahoo
SBILIFE,5m,2026-09-04T13:20:00+05:30,1762.5,1763.699951171875,1760.699951171875,1760.699951171875,8429.0,yahoo
SBILIFE,5m,2026-09-04T13:25:00+05:30,1760.699951171875,1762.5,1760.699951171875,1760.800048828125,13405.0,yahoo
SBILIFE,5m,2026-09-04T13:30:00+05:30,1760.800048828125,1760.800048828125,1758.5,1759.699951171875,10827.0,yahoo
SBILIFE,5m,2026-09-04T13:35:00+05:30,1760.0,1764.800048828125,1759.5999755859375,1763.699951171875,20097.0,yahoo
SBILIFE,5m,2026-09-04T13:40:00+05:30,1764.0,1765.5,1763.199951171875,1763.699951171875,15077.0,yahoo
SBILIFE,5m,2026-09-04T13:45:00+05:30,1763.800048828125,1764.4000244140625,1762.4000244140625,1763.699951171875,17869.0,yahoo
SBILIFE,5m,2026-09-04T13:50:00+05:30,1764.4000244140625,1766.199951171875,1764.0,1766.0999755859375,33122.0,yahoo
SBILIFE,5m,2026-09-04T13:55:00+05:30,1765.300048828125,1766.0999755859375,1764.0,1765.0999755859375,11412.0,yahoo
SBILIFE,5m,2026-09-04T14:00:00+05:30,1765.4000244140625,1765.5999755859375,1760.0,1763.699951171875,16340.0,yahoo
SBILIFE,5m,2026-09-04T14:05:00+05:30,1764.4000244140625,1764.5999755859375,1762.199951171875,1762.199951171875,7959.0,yahoo
SBILIFE,5m,2026-09-04T14:10:00+05:30,1762.300048828125,1763.0,1760.5,1762.0999755859375,7169.0,yahoo
SBILIFE,5m,2026-09-04T14:15:00+05:30,1762.0999755859375,1762.699951171875,1760.4000244140625,1762.699951171875,8907.0,yahoo
SBILIFE,5m,2026-09-04T14:20:00+05:30,1762.699951171875,1763.199951171875,1762.0,1762.5,5767.0,yahoo
SBILIFE,5m,2026-09-04T14:25:00+05:30,1762.5,1763.199951171875,1761.699951171875,1762.699951171875,7276.0,yahoo
SBILIFE,5m,2026-09-04T14:30:00+05:30,1762.800048828125,1762.800048828125,1761.699951171875,1762.5999755859375,6143.0,yahoo
SBILIFE,5m,2026-09-04T14:35:00+05:30,1762.4000244140625,1762.4000244140625,1760.199951171875,1761.0999755859375,7705.0,yahoo
SBILIFE,5m,2026-09-04T14:40:00+05:30,1761.0999755859375,1762.800048828125,1761.0,1761.699951171875,9342.0,yahoo
SBILIFE,5m,2026-09-04T14:45:00+05:30,1761.0999755859375,1761.9000244140625,1760.800048828125,1761.4000244140625,10184.0,yahoo
SBILIFE,5m,2026-09-04T14:50:00+05:30,1761.4000244140625,1769.0,1761.4000244140625,1768.300048828125,28734.0,yahoo
SBILIFE,5m,2026-09-04T14:55:00+05:30,1768.300048828125,1769.0,1767.0,1767.0,28485.0,yahoo
SBILIFE,5m,2026-09-04T15:00:00+05:30,1767.0999755859375,1767.4000244140625,1765.0,1765.0,33080.0,yahoo
SBILIFE,5m,2026-09-04T15:05:00+05:30,1765.300048828125,1766.0999755859375,1765.0,1765.9000244140625,42931.0,yahoo
SBILIFE,5m,2026-09-04T15:10:00+05:30,1767.0,1775.0,1763.5,1775.0,234349.0,yahoo
SBIN,5m,2026-09-04T09:15:00+05:30,1026.0,1026.0,1020.7000122070312,1021.9000244140625,0.0,yahoo
SBIN,5m,2026-09-04T09:20:00+05:30,1022.2000122070312,1023.0,1021.5,1022.7999877929688,73428.0,yahoo
SBIN,5m,2026-09-04T09:25:00+05:30,1022.5,1023.2000122070312,1021.5,1022.0,89712.0,yahoo
SBIN,5m,2026-09-04T09:30:00+05:30,1021.7999877929688,1024.4000244140625,1021.5999755859375,1024.199951171875,51680.0,yahoo
SBIN,5m,2026-09-04T09:35:00+05:30,1024.300048828125,1024.300048828125,1023.5,1023.9000244140625,52341.0,yahoo
SBIN,5m,2026-09-04T09:40:00+05:30,1023.7999877929688,1024.9000244140625,1023.5,1023.7999877929688,45596.0,yahoo
SBIN,5m,2026-09-04T09:45:00+05:30,1024.0999755859375,1025.0,1024.0,1024.0,49238.0,yahoo
SBIN,5m,2026-09-04T09:50:00+05:30,1024.0999755859375,1024.9000244140625,1023.5999755859375,1023.5999755859375,46894.0,yahoo
SBIN,5m,2026-09-04T09:55:00+05:30,1023.9000244140625,1025.300048828125,1023.9000244140625,1024.5999755859375,37092.0,yahoo
SBIN,5m,2026-09-04T10:00:00+05:30,1024.800048828125,1026.0,1024.5,1026.0,35403.0,yahoo
SBIN,5m,2026-09-04T10:05:00+05:30,1026.0,1026.0,1025.4000244140625,1025.5,26726.0,yahoo
SBIN,5m,2026-09-04T10:10:00+05:30,1025.4000244140625,1025.5,1024.800048828125,1025.199951171875,27215.0,yahoo
SBIN,5m,2026-09-04T10:15:00+05:30,1025.199951171875,1025.4000244140625,1024.0,1025.0999755859375,33790.0,yahoo
SBIN,5m,2026-09-04T10:20:00+05:30,1024.9000244140625,1027.4000244140625,1024.9000244140625,1027.0,75504.0,yahoo
SBIN,5m,2026-09-04T10:25:00+05:30,1026.9000244140625,1027.300048828125,1026.199951171875,1026.300048828125,33304.0,yahoo
SBIN,5m,2026-09-04T10:30:00+05:30,1026.5,1027.0,1025.199951171875,1025.5999755859375,52372.0,yahoo
SBIN,5m,2026-09-04T10:35:00+05:30,1025.9000244140625,1026.699951171875,1025.5999755859375,1026.0,18759.0,yahoo
SBIN,5m,2026-09-04T10:40:00+05:30,1026.0999755859375,1026.0999755859375,1025.5,1026.0,24881.0,yahoo
SBIN,5m,2026-09-04T10:45:00+05:30,1026.0,1026.199951171875,1025.5,1026.0,24111.0,yahoo
SBIN,5m,2026-09-04T10:50:00+05:30,1026.199951171875,1026.199951171875,1024.9000244140625,1025.0,34766.0,yahoo
SBIN,5m,2026-09-04T10:55:00+05:30,1025.300048828125,1025.800048828125,1025.199951171875,1025.800048828125,14360.0,yahoo
SBIN,5m,2026-09-04T11:00:00+05:30,1026.0,1026.5,1025.699951171875,1026.4000244140625,25325.0,yahoo
SBIN,5m,2026-09-04T11:05:00+05:30,1026.300048828125,1027.300048828125,1026.0,1026.5,85166.0,yahoo
SBIN,5m,2026-09-04T11:10:00+05:30,1026.5,1027.9000244140625,1026.5,1026.5999755859375,53020.0,yahoo
SBIN,5m,2026-09-04T11:15:00+05:30,1026.699951171875,1027.5,1026.699951171875,1027.5,33642.0,yahoo
SBIN,5m,2026-09-04T11:20:00+05:30,1027.5,1028.4000244140625,1027.300048828125,1027.9000244140625,60889.0,yahoo
SBIN,5m,2026-09-04T11:25:00+05:30,1028.300048828125,1029.0,1025.800048828125,1026.5999755859375,229609.0,yahoo
SBIN,5m,2026-09-04T11:30:00+05:30,1026.5999755859375,1027.0,1025.300048828125,1026.0,120320.0,yahoo
SBIN,5m,2026-09-04T11:35:00+05:30,1026.0,1027.5,1025.699951171875,1027.199951171875,55396.0,yahoo
SBIN,5m,2026-09-04T11:40:00+05:30,1027.300048828125,1027.300048828125,1024.300048828125,1024.699951171875,103081.0,yahoo
SBIN,5m,2026-09-04T11:45:00+05:30,1024.699951171875,1025.0,1024.0,1024.0,53399.0,yahoo
SBIN,5m,2026-09-04T11:50:00+05:30,1024.199951171875,1024.9000244140625,1024.199951171875,1024.699951171875,39201.0,yahoo
SBIN,5m,2026-09-04T11:55:00+05:30,1025.199951171875,1025.4000244140625,1024.0999755859375,1024.0999755859375,43857.0,yahoo
SBIN,5m,2026-09-04T12:00:00+05:30,1024.199951171875,1024.800048828125,1024.0,1024.199951171875,53095.0,yahoo
SBIN,5m,2026-09-04T12:05:00+05:30,1024.0999755859375,1024.9000244140625,1023.2999877929688,1024.4000244140625,108445.0,yahoo
SBIN,5m,2026-09-04T12:10:00+05:30,1024.4000244140625,1024.4000244140625,1023.2999877929688,1023.4000244140625,121199.0,yahoo
SBIN,5m,2026-09-04T12:15:00+05:30,1023.5,1024.0,1023.0999755859375,1023.2999877929688,57259.0,yahoo
SBIN,5m,2026-09-04T12:20:00+05:30,1023.2999877929688,1023.2999877929688,1022.0999755859375,1022.7000122070312,96821.0,yahoo
SBIN,5m,2026-09-04T12:25:00+05:30,1022.7999877929688,1023.0,1022.4000244140625,1022.7999877929688,45130.0,yahoo
SBIN,5m,2026-09-04T12:30:00+05:30,1022.7999877929688,1023.7000122070312,1022.5999755859375,1022.7999877929688,48420.0,yahoo
SBIN,5m,2026-09-04T12:35:00+05:30,1023.2000122070312,1023.2999877929688,1022.5,1023.0,33787.0,yahoo
SBIN,5m,2026-09-04T12:40:00+05:30,1022.7999877929688,1023.2000122070312,1022.4000244140625,1022.5,45683.0,yahoo
SBIN,5m,2026-09-04T12:45:00+05:30,1023.0,1023.0,1022.2999877929688,1022.7999877929688,39899.0,yahoo
SBIN,5m,2026-09-04T12:50:00+05:30,1022.7000122070312,1023.4000244140625,1022.5,1022.7000122070312,61223.0,yahoo
SBIN,5m,2026-09-04T12:55:00+05:30,1022.5999755859375,1022.5999755859375,1021.7000122070312,1022.2000122070312,99967.0,yahoo
SBIN,5m,2026-09-04T13:00:00+05:30,1022.2000122070312,1022.9000244140625,1021.7000122070312,1022.0999755859375,147851.0,yahoo
SBIN,5m,2026-09-04T13:05:00+05:30,1021.9000244140625,1022.7000122070312,1021.9000244140625,1022.5,71816.0,yahoo
SBIN,5m,2026-09-04T13:10:00+05:30,1022.4000244140625,1022.7000122070312,1021.5999755859375,1021.7999877929688,158380.0,yahoo
SBIN,5m,2026-09-04T13:15:00+05:30,1021.7999877929688,1022.5999755859375,1021.0999755859375,1021.5999755859375,160044.0,yahoo
SBIN,5m,2026-09-04T13:20:00+05:30,1021.5999755859375,1022.2999877929688,1021.5999755859375,1021.7999877929688,97204.0,yahoo
SBIN,5m,2026-09-04T13:25:00+05:30,1021.7000122070312,1022.0999755859375,1020.7000122070312,1021.0999755859375,162301.0,yahoo
SBIN,5m,2026-09-04T13:30:00+05:30,1020.9000244140625,1021.4000244140625,1020.2999877929688,1020.7000122070312,82651.0,yahoo
SBIN,5m,2026-09-04T13:35:00+05:30,1020.5999755859375,1021.4000244140625,1020.5999755859375,1021.0999755859375,49489.0,yahoo
SBIN,5m,2026-09-04T13:40:00+05:30,1021.2999877929688,1021.4000244140625,1020.4000244140625,1020.4000244140625,128960.0,yahoo
SBIN,5m,2026-09-04T13:45:00+05:30,1020.4000244140625,1021.0999755859375,1020.0,1020.2999877929688,182205.0,yahoo
SBIN,5m,2026-09-04T13:50:00+05:30,1020.7999877929688,1020.7999877929688,1019.0999755859375,1019.4000244140625,100366.0,yahoo
SBIN,5m,2026-09-04T13:55:00+05:30,1019.7000122070312,1020.0999755859375,1019.2999877929688,1019.5,67682.0,yahoo
SBIN,5m,2026-09-04T14:00:00+05:30,1019.5,1020.0,1019.0999755859375,1019.5999755859375,73115.0,yahoo
SBIN,5m,2026-09-04T14:05:00+05:30,1019.5999755859375,1020.4000244140625,1019.5,1019.5,117455.0,yahoo
SBIN,5m,2026-09-04T14:10:00+05:30,1019.5,1020.5,1019.5,1020.0,74841.0,yahoo
SBIN,5m,2026-09-04T14:15:00+05:30,1020.0,1020.0999755859375,1018.5,1018.5999755859375,100812.0,yahoo
SBIN,5m,2026-09-04T14:20:00+05:30,1018.7999877929688,1019.4000244140625,1018.5,1019.4000244140625,80734.0,yahoo
SBIN,5m,2026-09-04T14:25:00+05:30,1019.0,1020.5,1019.0,1020.4000244140625,154383.0,yahoo
SBIN,5m,2026-09-04T14:30:00+05:30,1020.4000244140625,1021.7999877929688,1019.9000244140625,1020.7999877929688,208427.0,yahoo
SBIN,5m,2026-09-04T14:35:00+05:30,1020.5999755859375,1021.2000122070312,1019.7999877929688,1019.9000244140625,130314.0,yahoo
SBIN,5m,2026-09-04T14:40:00+05:30,1020.0,1020.2000122070312,1018.5,1018.5,101416.0,yahoo
SBIN,5m,2026-09-04T14:45:00+05:30,1018.5,1018.7000122070312,1018.0,1018.2999877929688,126671.0,yahoo
SBIN,5m,2026-09-04T14:50:00+05:30,1018.4000244140625,1018.5999755859375,1018.0,1018.2999877929688,128973.0,yahoo
SBIN,5m,2026-09-04T14:55:00+05:30,1018.2999877929688,1018.5999755859375,1017.2999877929688,1017.5,200417.0,yahoo
SBIN,5m,2026-09-04T15:00:00+05:30,1017.7000122070312,1017.7000122070312,1016.0999755859375,1016.2000122070312,281544.0,yahoo
SBIN,5m,2026-09-04T15:05:00+05:30,1016.2000122070312,1017.7999877929688,1016.2000122070312,1017.7000122070312,231586.0,yahoo
SBIN,5m,2026-09-04T15:10:00+05:30,1017.5,1018.5999755859375,1017.0999755859375,1018.5999755859375,303548.0,yahoo
SBIN,5m,2026-09-04T15:15:00+05:30,1018.5,1018.5,1016.0999755859375,1016.0999755859375,208263.0,yahoo
SENSEX,5m,2026-09-04T09:15:00+05:30,76601.2265625,76732.3671875,76590.03125,76660.96875,0.0,yahoo
SENSEX,5m,2026-09-04T09:20:00+05:30,76657.109375,76672.7265625,76586.828125,76607.0234375,0.0,yahoo
SENSEX,5m,2026-09-04T09:25:00+05:30,76607.3125,76632.46875,76552.2578125,76590.109375,0.0,yahoo
SENSEX,5m,2026-09-04T09:30:00+05:30,76585.6796875,76604.5703125,76550.3515625,76579.421875,0.0,yahoo
SENSEX,5m,2026-09-04T09:35:00+05:30,76579.1171875,76583.8671875,76530.1015625,76549.3984375,0.0,yahoo
SENSEX,5m,2026-09-04T09:40:00+05:30,76551.2890625,76582.171875,76551.2890625,76579.2109375,0.0,yahoo
SENSEX,5m,2026-09-04T09:45:00+05:30,76577.953125,76642.0625,76576.828125,76628.796875,0.0,yahoo
SENSEX,5m,2026-09-04T09:50:00+05:30,76631.6875,76702.6875,76626.1171875,76697.609375,0.0,yahoo
SENSEX,5m,2026-09-04T09:55:00+05:30,76701.25,76722.2578125,76684.75,76688.8984375,0.0,yahoo
SENSEX,5m,2026-09-04T10:00:00+05:30,76688.25,76742.75,76688.25,76728.4921875,0.0,yahoo
SENSEX,5m,2026-09-04T10:05:00+05:30,76729.421875,76729.421875,76675.1875,76678.109375,0.0,yahoo
SENSEX,5m,2026-09-04T10:10:00+05:30,76676.890625,76684.0234375,76641.140625,76646.3671875,0.0,yahoo
SENSEX,5m,2026-09-04T10:15:00+05:30,76646.3671875,76681.7578125,76641.8671875,76663.7734375,0.0,yahoo
SENSEX,5m,2026-09-04T10:20:00+05:30,76662.3671875,76700.953125,76662.3671875,76688.453125,0.0,yahoo
SENSEX,5m,2026-09-04T10:25:00+05:30,76686.0078125,76721.109375,76686.0078125,76718.5703125,0.0,yahoo
SENSEX,5m,2026-09-04T10:30:00+05:30,76720.4296875,76755.546875,76720.4296875,76723.6875,0.0,yahoo
SENSEX,5m,2026-09-04T10:35:00+05:30,76724.6796875,76733.4921875,76698.28125,76724.796875,0.0,yahoo
SENSEX,5m,2026-09-04T10:40:00+05:30,76724.796875,76732.28125,76696.90625,76706.328125,0.0,yahoo
SENSEX,5m,2026-09-04T10:45:00+05:30,76706.328125,76723.4609375,76701.2421875,76713.1484375,0.0,yahoo
SENSEX,5m,2026-09-04T10:50:00+05:30,76715.3671875,76730.578125,76698.640625,76728.359375,0.0,yahoo
SENSEX,5m,2026-09-04T10:55:00+05:30,76726.078125,76754.3515625,76720.3515625,76752.78125,0.0,yahoo
SENSEX,5m,2026-09-04T11:00:00+05:30,76749.2265625,76770.6328125,76731.3828125,76747.390625,0.0,yahoo
SENSEX,5m,2026-09-04T11:05:00+05:30,76746.0078125,76781.703125,76739.0390625,76774.84375,0.0,yahoo
SENSEX,5m,2026-09-04T11:10:00+05:30,76778.0625,76791.453125,76740.4609375,76748.3125,0.0,yahoo
SENSEX,5m,2026-09-04T11:15:00+05:30,76748.3125,76784.421875,76736.390625,76782.8515625,0.0,yahoo
SENSEX,5m,2026-09-04T11:20:00+05:30,76783.671875,76832.703125,76776.359375,76812.2734375,0.0,yahoo
SENSEX,5m,2026-09-04T11:25:00+05:30,76811.5390625,76838.5390625,76797.4375,76818.21875,0.0,yahoo
SENSEX,5m,2026-09-04T11:30:00+05:30,76819.3203125,76830.5625,76807.59375,76827.453125,0.0,yahoo
SENSEX,5m,2026-09-04T11:35:00+05:30,76826.7265625,76882.0625,76809.1171875,76867.1015625,0.0,yahoo
SENSEX,5m,2026-09-04T11:40:00+05:30,76870.3203125,76872.640625,76795.296875,76798.5078125,0.0,yahoo
SENSEX,5m,2026-09-04T11:45:00+05:30,76802.8984375,76821.53125,76794.171875,76812.7578125,0.0,yahoo
SENSEX,5m,2026-09-04T11:50:00+05:30,76814.34375,76842.3671875,76810.328125,76824.296875,0.0,yahoo
SENSEX,5m,2026-09-04T11:55:00+05:30,76824.03125,76830.828125,76792.7734375,76792.7734375,0.0,yahoo
SENSEX,5m,2026-09-04T12:00:00+05:30,76791.9609375,76798.8515625,76739.65625,76741.53125,0.0,yahoo
SENSEX,5m,2026-09-04T12:05:00+05:30,76740.3125,76774.34375,76729.7265625,76766.671875,0.0,yahoo
SENSEX,5m,2026-09-04T12:10:00+05:30,76766.1796875,76772.1015625,76712.703125,76729.3828125,0.0,yahoo
SENSEX,5m,2026-09-04T12:15:00+05:30,76727.4609375,76731.0234375,76701.15625,76717.8671875,0.0,yahoo
SENSEX,5m,2026-09-04T12:20:00+05:30,76716.578125,76716.578125,76693.84375,76706.9609375,0.0,yahoo
SENSEX,5m,2026-09-04T12:25:00+05:30,76699.53125,76732.7421875,76681.1484375,76725.7734375,0.0,yahoo
SENSEX,5m,2026-09-04T12:30:00+05:30,76726.2421875,76727.671875,76707.2578125,76715.8203125,0.0,yahoo
SENSEX,5m,2026-09-04T12:35:00+05:30,76715.2265625,76717.859375,76683.7890625,76700.21875,0.0,yahoo
SENSEX,5m,2026-09-04T12:40:00+05:30,76705.4296875,76710.6328125,76681.2890625,76682.640625,0.0,yahoo
SENSEX,5m,2026-09-04T12:45:00+05:30,76682.640625,76693.078125,76674.4296875,76691.0390625,0.0,yahoo
SENSEX,5m,2026-09-04T12:50:00+05:30,76690.6875,76707.7265625,76686.109375,76702.1015625,0.0,yahoo
SENSEX,5m,2026-09-04T12:55:00+05:30,76699.90625,76704.0078125,76648.921875,76665.4296875,0.0,yahoo
SENSEX,5m,2026-09-04T13:00:00+05:30,76665.4296875,76693.9765625,76664.1171875,76667.671875,0.0,yahoo
SENSEX,5m,2026-09-04T13:05:00+05:30,76667.671875,76695.4765625,76666.0078125,76693.5390625,0.0,yahoo
SENSEX,5m,2026-09-04T13:10:00+05:30,76693.890625,76721.390625,76693.890625,76699.2109375,0.0,yahoo
SENSEX,5m,2026-09-04T13:15:00+05:30,76699.2109375,76735.90625,76695.796875,76716.78125,0.0,yahoo
SENSEX,5m,2026-09-04T13:20:00+05:30,76713.328125,76733.640625,76707.75,76721.2734375,0.0,yahoo
SENSEX,5m,2026-09-04T13:25:00+05:30,76723.3671875,76723.3671875,76671.4375,76674.8203125,0.0,yahoo
SENSEX,5m,2026-09-04T13:30:00+05:30,76674.8203125,76685.15625,76649.0078125,76655.78125,0.0,yahoo
SENSEX,5m,2026-09-04T13:35:00+05:30,76659.640625,76686.34375,76659.3515625,76684.4296875,0.0,yahoo
SENSEX,5m,2026-09-04T13:40:00+05:30,76685.6484375,76710.703125,76665.3671875,76694.0,0.0,yahoo
SENSEX,5m,2026-09-04T13:45:00+05:30,76696.78125,76718.140625,76696.78125,76707.3984375,0.0,yahoo
SENSEX,5m,2026-09-04T13:50:00+05:30,76708.6171875,76708.6171875,76668.359375,76684.8984375,0.0,yahoo
SENSEX,5m,2026-09-04T13:55:00+05:30,76685.65625,76691.203125,76668.1015625,76672.40625,0.0,yahoo
SENSEX,5m,2026-09-04T14:00:00+05:30,76675.5078125,76687.0390625,76667.109375,76683.828125,0.0,yahoo
SENSEX,5m,2026-09-04T14:05:00+05:30,76683.828125,76702.4765625,76680.4765625,76683.0703125,0.0,yahoo
SENSEX,5m,2026-09-04T14:10:00+05:30,76683.1171875,76712.390625,76682.7734375,76701.078125,0.0,yahoo
SENSEX,5m,2026-09-04T14:15:00+05:30,76701.078125,76706.078125,76676.59375,76692.5078125,0.0,yahoo
SENSEX,5m,2026-09-04T14:20:00+05:30,76690.828125,76706.2578125,76687.0,76697.3984375,0.0,yahoo
SENSEX,5m,2026-09-04T14:25:00+05:30,76696.3515625,76734.328125,76688.6875,76726.3671875,0.0,yahoo
SENSEX,5m,2026-09-04T14:30:00+05:30,76723.8828125,76746.8203125,76720.03125,76727.40625,0.0,yahoo
SENSEX,5m,2026-09-04T14:35:00+05:30,76728.1171875,76728.671875,76664.203125,76665.0625,0.0,yahoo
SENSEX,5m,2026-09-04T14:40:00+05:30,76665.0625,76688.4921875,76657.0234375,76659.953125,0.0,yahoo
SENSEX,5m,2026-09-04T14:45:00+05:30,76660.546875,76669.0703125,76646.3515625,76656.5625,0.0,yahoo
SENSEX,5m,2026-09-04T14:50:00+05:30,76656.453125,76675.421875,76645.7265625,76657.53125,0.0,yahoo
SENSEX,5m,2026-09-04T14:55:00+05:30,76658.2578125,76663.5625,76638.3671875,76647.3515625,0.0,yahoo
SENSEX,5m,2026-09-04T15:00:00+05:30,76650.546875,76669.15625,76632.8671875,76632.8671875,0.0,yahoo
SENSEX,5m,2026-09-04T15:05:00+05:30,76636.3203125,76665.40625,76623.0,76654.640625,0.0,yahoo
SENSEX,5m,2026-09-04T15:10:00+05:30,76658.90625,76675.828125,76620.7421875,76647.90625,0.0,yahoo
SENSEX,5m,2026-09-04T15:15:00+05:30,76645.8828125,76645.8828125,76644.5703125,76644.5703125,0.0,yahoo
SENSEX,5m,2026-09-04T15:20:00+05:30,76644.5703125,76659.9765625,76548.546875,76548.6484375,0.0,yahoo
SENSEX,5m,2026-09-04T15:25:00+05:30,76548.6484375,76582.75,76489.3515625,76515.4296875,0.0,yahoo
SHRIRAMFIN,5m,2026-09-04T09:15:00+05:30,1044.199951171875,1046.0,1042.5999755859375,1044.5,0.0,yahoo
SHRIRAMFIN,5m,2026-09-04T09:20:00+05:30,1043.5999755859375,1048.800048828125,1043.5999755859375,1048.300048828125,63154.0,yahoo
SHRIRAMFIN,5m,2026-09-04T09:25:00+05:30,1048.800048828125,1050.5,1046.800048828125,1048.199951171875,67623.0,yahoo
SHRIRAMFIN,5m,2026-09-04T09:30:00+05:30,1048.5,1049.0,1047.0,1047.699951171875,40203.0,yahoo
SHRIRAMFIN,5m,2026-09-04T09:35:00+05:30,1047.5,1049.4000244140625,1047.0999755859375,1049.0,38335.0,yahoo
SHRIRAMFIN,5m,2026-09-04T09:40:00+05:30,1049.199951171875,1050.0,1047.5999755859375,1050.0,46082.0,yahoo
SHRIRAMFIN,5m,2026-09-04T09:45:00+05:30,1049.9000244140625,1050.9000244140625,1049.199951171875,1049.9000244140625,27611.0,yahoo
SHRIRAMFIN,5m,2026-09-04T09:50:00+05:30,1049.5999755859375,1049.5999755859375,1048.199951171875,1048.4000244140625,23824.0,yahoo
SHRIRAMFIN,5m,2026-09-04T09:55:00+05:30,1048.5999755859375,1049.0999755859375,1047.199951171875,1049.0999755859375,41199.0,yahoo
SHRIRAMFIN,5m,2026-09-04T10:00:00+05:30,1048.9000244140625,1050.0,1048.5999755859375,1050.0,34874.0,yahoo
SHRIRAMFIN,5m,2026-09-04T10:05:00+05:30,1050.0,1050.199951171875,1049.0,1049.4000244140625,30475.0,yahoo
SHRIRAMFIN,5m,2026-09-04T10:10:00+05:30,1049.199951171875,1049.800048828125,1048.4000244140625,1049.699951171875,30210.0,yahoo
SHRIRAMFIN,5m,2026-09-04T10:15:00+05:30,1049.9000244140625,1052.699951171875,1049.9000244140625,1052.0,46812.0,yahoo
SHRIRAMFIN,5m,2026-09-04T10:20:00+05:30,1052.0,1052.0,1050.699951171875,1051.699951171875,27033.0,yahoo
SHRIRAMFIN,5m,2026-09-04T10:25:00+05:30,1051.699951171875,1051.9000244140625,1051.4000244140625,1051.699951171875,19600.0,yahoo
SHRIRAMFIN,5m,2026-09-04T10:30:00+05:30,1051.699951171875,1051.699951171875,1048.5999755859375,1049.0,29996.0,yahoo
SHRIRAMFIN,5m,2026-09-04T10:35:00+05:30,1049.0,1049.0999755859375,1048.5999755859375,1048.9000244140625,31881.0,yahoo
SHRIRAMFIN,5m,2026-09-04T10:40:00+05:30,1048.9000244140625,1049.0,1048.0999755859375,1048.9000244140625,21230.0,yahoo
SHRIRAMFIN,5m,2026-09-04T10:45:00+05:30,1048.9000244140625,1048.9000244140625,1046.5999755859375,1046.5999755859375,25175.0,yahoo
SHRIRAMFIN,5m,2026-09-04T10:50:00+05:30,1046.5999755859375,1046.5999755859375,1045.0999755859375,1045.5999755859375,19929.0,yahoo
SHRIRAMFIN,5m,2026-09-04T10:55:00+05:30,1045.5,1046.5,1045.0999755859375,1046.0999755859375,97703.0,yahoo
SHRIRAMFIN,5m,2026-09-04T11:00:00+05:30,1046.0,1047.5,1046.0,1046.5999755859375,29115.0,yahoo
SHRIRAMFIN,5m,2026-09-04T11:05:00+05:30,1046.9000244140625,1047.699951171875,1046.0,1047.699951171875,13964.0,yahoo
SHRIRAMFIN,5m,2026-09-04T11:10:00+05:30,1047.699951171875,1047.800048828125,1045.9000244140625,1046.5999755859375,20745.0,yahoo
SHRIRAMFIN,5m,2026-09-04T11:15:00+05:30,1046.5999755859375,1047.5999755859375,1046.199951171875,1047.5999755859375,25709.0,yahoo
SHRIRAMFIN,5m,2026-09-04T11:20:00+05:30,1047.300048828125,1047.300048828125,1045.800048828125,1046.0,30215.0,yahoo
SHRIRAMFIN,5m,2026-09-04T11:25:00+05:30,1046.0,1047.300048828125,1045.800048828125,1047.0,27047.0,yahoo
SHRIRAMFIN,5m,2026-09-04T11:30:00+05:30,1047.300048828125,1047.9000244140625,1046.5999755859375,1047.4000244140625,23991.0,yahoo
SHRIRAMFIN,5m,2026-09-04T11:35:00+05:30,1047.5999755859375,1049.5999755859375,1047.199951171875,1048.800048828125,35972.0,yahoo
SHRIRAMFIN,5m,2026-09-04T11:40:00+05:30,1049.0,1049.0,1047.199951171875,1047.5,15219.0,yahoo
SHRIRAMFIN,5m,2026-09-04T11:45:00+05:30,1047.5,1047.5,1044.5,1044.800048828125,75934.0,yahoo
SHRIRAMFIN,5m,2026-09-04T11:50:00+05:30,1044.800048828125,1045.300048828125,1044.199951171875,1044.9000244140625,35296.0,yahoo
SHRIRAMFIN,5m,2026-09-04T11:55:00+05:30,1044.9000244140625,1045.4000244140625,1044.699951171875,1045.4000244140625,21292.0,yahoo
SHRIRAMFIN,5m,2026-09-04T12:00:00+05:30,1045.4000244140625,1045.4000244140625,1043.800048828125,1043.800048828125,34338.0,yahoo
SHRIRAMFIN,5m,2026-09-04T12:05:00+05:30,1043.800048828125,1044.5999755859375,1042.0,1044.0,112840.0,yahoo
SHRIRAMFIN,5m,2026-09-04T12:10:00+05:30,1044.0999755859375,1044.9000244140625,1043.5999755859375,1044.9000244140625,53370.0,yahoo
SHRIRAMFIN,5m,2026-09-04T12:15:00+05:30,1044.9000244140625,1044.9000244140625,1043.0,1043.699951171875,90165.0,yahoo
SHRIRAMFIN,5m,2026-09-04T12:20:00+05:30,1043.699951171875,1043.9000244140625,1041.699951171875,1041.9000244140625,32497.0,yahoo
SHRIRAMFIN,5m,2026-09-04T12:25:00+05:30,1041.9000244140625,1043.699951171875,1041.699951171875,1042.4000244140625,156612.0,yahoo
SHRIRAMFIN,5m,2026-09-04T12:30:00+05:30,1042.4000244140625,1043.699951171875,1042.0999755859375,1043.0999755859375,39148.0,yahoo
SHRIRAMFIN,5m,2026-09-04T12:35:00+05:30,1043.0999755859375,1043.699951171875,1042.800048828125,1043.5999755859375,36974.0,yahoo
SHRIRAMFIN,5m,2026-09-04T12:40:00+05:30,1043.5999755859375,1043.5999755859375,1041.699951171875,1041.699951171875,31616.0,yahoo
SHRIRAMFIN,5m,2026-09-04T12:45:00+05:30,1041.9000244140625,1042.699951171875,1041.199951171875,1042.0,276326.0,yahoo
SHRIRAMFIN,5m,2026-09-04T12:50:00+05:30,1042.300048828125,1045.300048828125,1041.9000244140625,1044.800048828125,82378.0,yahoo
SHRIRAMFIN,5m,2026-09-04T12:55:00+05:30,1044.800048828125,1044.800048828125,1041.5,1041.5999755859375,56273.0,yahoo
SHRIRAMFIN,5m,2026-09-04T13:00:00+05:30,1041.5999755859375,1042.0,1040.199951171875,1041.199951171875,78168.0,yahoo
SHRIRAMFIN,5m,2026-09-04T13:05:00+05:30,1041.0,1041.300048828125,1040.199951171875,1040.5,45572.0,yahoo
SHRIRAMFIN,5m,2026-09-04T13:10:00+05:30,1040.4000244140625,1040.4000244140625,1038.699951171875,1039.0,37975.0,yahoo
SHRIRAMFIN,5m,2026-09-04T13:15:00+05:30,1039.0,1040.5,1039.0,1040.4000244140625,55816.0,yahoo
SHRIRAMFIN,5m,2026-09-04T13:20:00+05:30,1040.5,1041.5,1040.0,1041.0999755859375,39896.0,yahoo
SHRIRAMFIN,5m,2026-09-04T13:25:00+05:30,1041.0,1041.0999755859375,1040.0,1040.300048828125,39299.0,yahoo
SHRIRAMFIN,5m,2026-09-04T13:30:00+05:30,1040.300048828125,1040.800048828125,1039.300048828125,1039.5,35149.0,yahoo
SHRIRAMFIN,5m,2026-09-04T13:35:00+05:30,1039.5,1040.5999755859375,1039.5,1040.199951171875,92099.0,yahoo
SHRIRAMFIN,5m,2026-09-04T13:40:00+05:30,1040.199951171875,1040.199951171875,1039.4000244140625,1039.699951171875,46199.0,yahoo
SHRIRAMFIN,5m,2026-09-04T13:45:00+05:30,1039.699951171875,1040.300048828125,1039.0,1039.199951171875,40357.0,yahoo
SHRIRAMFIN,5m,2026-09-04T13:50:00+05:30,1039.5999755859375,1040.0,1038.5,1038.9000244140625,77739.0,yahoo
SHRIRAMFIN,5m,2026-09-04T13:55:00+05:30,1038.9000244140625,1039.9000244140625,1038.9000244140625,1039.300048828125,47223.0,yahoo
SHRIRAMFIN,5m,2026-09-04T14:00:00+05:30,1039.300048828125,1039.300048828125,1038.800048828125,1038.9000244140625,24828.0,yahoo
SHRIRAMFIN,5m,2026-09-04T14:05:00+05:30,1038.800048828125,1039.199951171875,1038.300048828125,1038.800048828125,60372.0,yahoo
SHRIRAMFIN,5m,2026-09-04T14:10:00+05:30,1038.800048828125,1039.300048828125,1038.800048828125,1039.300048828125,48721.0,yahoo
SHRIRAMFIN,5m,2026-09-04T14:15:00+05:30,1039.300048828125,1039.300048828125,1038.4000244140625,1039.0,53039.0,yahoo
SHRIRAMFIN,5m,2026-09-04T14:20:00+05:30,1039.0,1039.5999755859375,1038.699951171875,1039.4000244140625,55693.0,yahoo
SHRIRAMFIN,5m,2026-09-04T14:25:00+05:30,1039.4000244140625,1039.699951171875,1039.0,1039.5,55842.0,yahoo
SHRIRAMFIN,5m,2026-09-04T14:30:00+05:30,1039.300048828125,1039.5999755859375,1039.300048828125,1039.4000244140625,45271.0,yahoo
SHRIRAMFIN,5m,2026-09-04T14:35:00+05:30,1039.300048828125,1039.4000244140625,1037.300048828125,1037.5,75886.0,yahoo
SHRIRAMFIN,5m,2026-09-04T14:40:00+05:30,1037.5,1038.300048828125,1037.0999755859375,1038.0999755859375,46194.0,yahoo
SHRIRAMFIN,5m,2026-09-04T14:45:00+05:30,1038.199951171875,1038.800048828125,1037.800048828125,1038.800048828125,64158.0,yahoo
SHRIRAMFIN,5m,2026-09-04T14:50:00+05:30,1038.800048828125,1039.0,1038.0,1038.699951171875,58571.0,yahoo
SHRIRAMFIN,5m,2026-09-04T14:55:00+05:30,1038.699951171875,1038.699951171875,1037.5,1038.199951171875,79810.0,yahoo
SHRIRAMFIN,5m,2026-09-04T15:00:00+05:30,1038.0,1038.0,1037.0999755859375,1037.800048828125,114696.0,yahoo
SHRIRAMFIN,5m,2026-09-04T15:05:00+05:30,1037.800048828125,1039.5,1037.0999755859375,1039.4000244140625,144932.0,yahoo
SHRIRAMFIN,5m,2026-09-04T15:10:00+05:30,1039.300048828125,1041.4000244140625,1038.800048828125,1041.0,229597.0,yahoo
SHRIRAMFIN,5m,2026-09-04T15:15:00+05:30,1041.4000244140625,1041.4000244140625,1041.0,1041.0,106349.0,yahoo
SIEMENS,5m,2026-09-04T09:15:00+05:30,4042.0,4042.0,3993.800048828125,4016.199951171875,0.0,yahoo
SIEMENS,5m,2026-09-04T09:20:00+05:30,4015.0,4024.39990234375,4012.5,4015.60009765625,2657.0,yahoo
SIEMENS,5m,2026-09-04T09:25:00+05:30,4015.60009765625,4017.699951171875,4005.10009765625,4010.10009765625,2614.0,yahoo
SIEMENS,5m,2026-09-04T09:30:00+05:30,4007.300048828125,4016.39990234375,4007.300048828125,4014.300048828125,1775.0,yahoo
SIEMENS,5m,2026-09-04T09:35:00+05:30,4016.10009765625,4018.39990234375,4008.89990234375,4009.5,6808.0,yahoo
SIEMENS,5m,2026-09-04T09:40:00+05:30,4007.199951171875,4014.699951171875,4007.199951171875,4011.0,319.0,yahoo
SIEMENS,5m,2026-09-04T09:45:00+05:30,4010.0,4018.5,4009.199951171875,4015.699951171875,430.0,yahoo
SIEMENS,5m,2026-09-04T09:50:00+05:30,4015.60009765625,4015.60009765625,4010.5,4010.800048828125,793.0,yahoo
SIEMENS,5m,2026-09-04T09:55:00+05:30,4011.800048828125,4013.5,4005.0,4011.60009765625,788.0,yahoo
SIEMENS,5m,2026-09-04T10:00:00+05:30,4011.5,4015.800048828125,4007.5,4010.0,615.0,yahoo
SIEMENS,5m,2026-09-04T10:05:00+05:30,4012.199951171875,4013.10009765625,4008.0,4008.10009765625,495.0,yahoo
SIEMENS,5m,2026-09-04T10:10:00+05:30,4010.0,4010.89990234375,4008.0,4009.89990234375,579.0,yahoo
SIEMENS,5m,2026-09-04T10:15:00+05:30,4008.0,4012.0,4008.0,4008.5,577.0,yahoo
SIEMENS,5m,2026-09-04T10:20:00+05:30,4011.300048828125,4011.300048828125,4008.5,4009.0,253.0,yahoo
SIEMENS,5m,2026-09-04T10:25:00+05:30,4009.0,4011.39990234375,4008.0,4008.39990234375,472.0,yahoo
SIEMENS,5m,2026-09-04T10:30:00+05:30,4008.39990234375,4011.199951171875,4002.0,4004.300048828125,1784.0,yahoo
SIEMENS,5m,2026-09-04T10:35:00+05:30,4004.0,4007.800048828125,4001.10009765625,4006.0,367.0,yahoo
SIEMENS,5m,2026-09-04T10:40:00+05:30,4006.0,4014.0,4004.10009765625,4011.800048828125,1384.0,yahoo
SIEMENS,5m,2026-09-04T10:45:00+05:30,4011.0,4022.0,4010.5,4017.39990234375,2984.0,yahoo
SIEMENS,5m,2026-09-04T10:50:00+05:30,4016.89990234375,4019.89990234375,4006.39990234375,4007.10009765625,2238.0,yahoo
SIEMENS,5m,2026-09-04T10:55:00+05:30,4007.10009765625,4010.60009765625,4005.0,4009.300048828125,2620.0,yahoo
SIEMENS,5m,2026-09-04T11:00:00+05:30,4009.300048828125,4009.300048828125,3996.89990234375,4000.0,1908.0,yahoo
SIEMENS,5m,2026-09-04T11:05:00+05:30,4000.10009765625,4000.300048828125,3995.800048828125,3998.0,1247.0,yahoo
SIEMENS,5m,2026-09-04T11:10:00+05:30,3998.0,3998.800048828125,3990.699951171875,3998.0,4803.0,yahoo
SIEMENS,5m,2026-09-04T11:15:00+05:30,3997.300048828125,3997.300048828125,3993.5,3994.5,1572.0,yahoo
SIEMENS,5m,2026-09-04T11:20:00+05:30,3993.300048828125,4000.39990234375,3993.300048828125,3996.800048828125,1011.0,yahoo
SIEMENS,5m,2026-09-04T11:25:00+05:30,3997.199951171875,4002.0,3997.199951171875,4000.699951171875,439.0,yahoo
SIEMENS,5m,2026-09-04T11:30:00+05:30,4000.39990234375,4003.699951171875,3999.60009765625,4001.699951171875,437.0,yahoo
SIEMENS,5m,2026-09-04T11:35:00+05:30,4003.5,4003.800048828125,3997.60009765625,4000.300048828125,2166.0,yahoo
SIEMENS,5m,2026-09-04T11:40:00+05:30,4002.199951171875,4002.60009765625,4000.0,4002.60009765625,645.0,yahoo
SIEMENS,5m,2026-09-04T11:45:00+05:30,4003.5,4005.89990234375,4002.5,4004.39990234375,413.0,yahoo
SIEMENS,5m,2026-09-04T11:50:00+05:30,4004.5,4005.0,4001.10009765625,4001.10009765625,581.0,yahoo
SIEMENS,5m,2026-09-04T11:55:00+05:30,4001.199951171875,4007.800048828125,4000.0,4005.10009765625,304.0,yahoo
SIEMENS,5m,2026-09-04T12:00:00+05:30,4002.10009765625,4005.5,4001.10009765625,4001.699951171875,295.0,yahoo
SIEMENS,5m,2026-09-04T12:05:00+05:30,4003.800048828125,4006.10009765625,4002.89990234375,4003.60009765625,167.0,yahoo
SIEMENS,5m,2026-09-04T12:10:00+05:30,4006.5,4006.5,4001.199951171875,4001.199951171875,291.0,yahoo
SIEMENS,5m,2026-09-04T12:15:00+05:30,4001.5,4003.699951171875,4000.10009765625,4000.10009765625,89.0,yahoo
SIEMENS,5m,2026-09-04T12:20:00+05:30,4000.199951171875,4001.199951171875,3990.10009765625,3990.10009765625,2147.0,yahoo
SIEMENS,5m,2026-09-04T12:25:00+05:30,3990.10009765625,3993.699951171875,3980.0,3985.10009765625,2410.0,yahoo
SIEMENS,5m,2026-09-04T12:30:00+05:30,3985.60009765625,3989.10009765625,3983.0,3986.5,1227.0,yahoo
SIEMENS,5m,2026-09-04T12:35:00+05:30,3988.39990234375,3993.0,3986.10009765625,3987.39990234375,511.0,yahoo
SIEMENS,5m,2026-09-04T12:40:00+05:30,3988.0,3990.89990234375,3984.0,3987.199951171875,568.0,yahoo
SIEMENS,5m,2026-09-04T12:45:00+05:30,3986.10009765625,3989.199951171875,3985.10009765625,3987.60009765625,145.0,yahoo
SIEMENS,5m,2026-09-04T12:50:00+05:30,3987.699951171875,3989.199951171875,3979.0,3979.0,1830.0,yahoo
SIEMENS,5m,2026-09-04T12:55:00+05:30,3975.0,3982.0,3975.0,3979.0,1867.0,yahoo
SIEMENS,5m,2026-09-04T13:00:00+05:30,3978.800048828125,3983.10009765625,3977.0,3981.10009765625,482.0,yahoo
SIEMENS,5m,2026-09-04T13:05:00+05:30,3981.199951171875,3982.5,3979.0,3980.0,754.0,yahoo
SIEMENS,5m,2026-09-04T13:10:00+05:30,3981.0,3988.39990234375,3980.0,3984.10009765625,974.0,yahoo
SIEMENS,5m,2026-09-04T13:15:00+05:30,3985.0,3986.800048828125,3983.39990234375,3984.199951171875,394.0,yahoo
SIEMENS,5m,2026-09-04T13:20:00+05:30,3984.199951171875,3999.10009765625,3984.199951171875,3991.39990234375,10901.0,yahoo
SIEMENS,5m,2026-09-04T13:25:00+05:30,3991.800048828125,3994.0,3989.10009765625,3992.199951171875,535.0,yahoo
SIEMENS,5m,2026-09-04T13:30:00+05:30,3992.199951171875,3993.699951171875,3990.699951171875,3992.800048828125,261.0,yahoo
SIEMENS,5m,2026-09-04T13:35:00+05:30,3991.199951171875,4006.300048828125,3990.300048828125,4001.5,6539.0,yahoo
SIEMENS,5m,2026-09-04T13:40:00+05:30,4001.0,4002.800048828125,4000.0,4000.0,605.0,yahoo
SIEMENS,5m,2026-09-04T13:45:00+05:30,4000.0,4004.800048828125,3998.0,4001.89990234375,3273.0,yahoo
SIEMENS,5m,2026-09-04T13:50:00+05:30,4001.89990234375,4004.199951171875,3999.39990234375,4002.699951171875,1386.0,yahoo
SIEMENS,5m,2026-09-04T13:55:00+05:30,4002.699951171875,4005.300048828125,4000.60009765625,4001.5,901.0,yahoo
SIEMENS,5m,2026-09-04T14:00:00+05:30,4003.0,4004.699951171875,4002.0,4002.0,506.0,yahoo
SIEMENS,5m,2026-09-04T14:05:00+05:30,4002.10009765625,4003.89990234375,4000.60009765625,4000.60009765625,321.0,yahoo
SIEMENS,5m,2026-09-04T14:10:00+05:30,4000.60009765625,4002.5,4000.0,4001.10009765625,321.0,yahoo
SIEMENS,5m,2026-09-04T14:15:00+05:30,4002.10009765625,4002.10009765625,4000.0,4000.10009765625,515.0,yahoo
SIEMENS,5m,2026-09-04T14:20:00+05:30,4000.10009765625,4002.800048828125,3998.0,4000.0,1853.0,yahoo
SIEMENS,5m,2026-09-04T14:25:00+05:30,4001.300048828125,4009.89990234375,4000.89990234375,4005.0,8810.0,yahoo
SIEMENS,5m,2026-09-04T14:30:00+05:30,4003.0,4006.89990234375,4002.300048828125,4004.300048828125,1162.0,yahoo
SIEMENS,5m,2026-09-04T14:35:00+05:30,4004.0,4006.39990234375,3999.0,4000.800048828125,639.0,yahoo
SIEMENS,5m,2026-09-04T14:40:00+05:30,4002.39990234375,4005.699951171875,4000.199951171875,4004.39990234375,1524.0,yahoo
SIEMENS,5m,2026-09-04T14:45:00+05:30,4005.0,4005.0,3998.800048828125,4001.60009765625,2476.0,yahoo
SIEMENS,5m,2026-09-04T14:50:00+05:30,4001.60009765625,4006.0,4000.300048828125,4000.60009765625,16733.0,yahoo
SIEMENS,5m,2026-09-04T14:55:00+05:30,4000.0,4000.300048828125,3998.39990234375,4000.0,4720.0,yahoo
SIEMENS,5m,2026-09-04T15:00:00+05:30,3999.300048828125,4000.0,3999.0,3999.39990234375,4148.0,yahoo
SIEMENS,5m,2026-09-04T15:05:00+05:30,3999.39990234375,4012.0,3998.60009765625,4010.0,32829.0,yahoo
SIEMENS,5m,2026-09-04T15:10:00+05:30,4010.5,4010.5,3977.0,3977.0,10188.0,yahoo
SUNPHARMA,5m,2026-09-04T09:15:00+05:30,1913.699951171875,1916.699951171875,1910.0,1911.4000244140625,0.0,yahoo
SUNPHARMA,5m,2026-09-04T09:20:00+05:30,1911.4000244140625,1912.300048828125,1909.0,1909.5999755859375,10532.0,yahoo
SUNPHARMA,5m,2026-09-04T09:25:00+05:30,1909.4000244140625,1911.0,1906.0999755859375,1906.0999755859375,11105.0,yahoo
SUNPHARMA,5m,2026-09-04T09:30:00+05:30,1906.699951171875,1908.800048828125,1906.199951171875,1906.4000244140625,11357.0,yahoo
SUNPHARMA,5m,2026-09-04T09:35:00+05:30,1906.800048828125,1908.800048828125,1905.5999755859375,1905.5999755859375,7769.0,yahoo
SUNPHARMA,5m,2026-09-04T09:40:00+05:30,1906.0999755859375,1907.0999755859375,1905.300048828125,1906.5,5239.0,yahoo
SUNPHARMA,5m,2026-09-04T09:45:00+05:30,1906.9000244140625,1909.699951171875,1906.800048828125,1907.800048828125,6620.0,yahoo
SUNPHARMA,5m,2026-09-04T09:50:00+05:30,1907.800048828125,1909.5,1906.699951171875,1907.300048828125,4066.0,yahoo
SUNPHARMA,5m,2026-09-04T09:55:00+05:30,1908.4000244140625,1910.800048828125,1907.4000244140625,1909.0999755859375,12578.0,yahoo
SUNPHARMA,5m,2026-09-04T10:00:00+05:30,1909.0999755859375,1909.9000244140625,1908.0,1908.300048828125,7189.0,yahoo
SUNPHARMA,5m,2026-09-04T10:05:00+05:30,1908.300048828125,1910.0,1907.0,1909.4000244140625,10274.0,yahoo
SUNPHARMA,5m,2026-09-04T10:10:00+05:30,1909.4000244140625,1909.5,1906.0,1906.9000244140625,10055.0,yahoo
SUNPHARMA,5m,2026-09-04T10:15:00+05:30,1906.9000244140625,1907.9000244140625,1906.0999755859375,1906.300048828125,6051.0,yahoo
SUNPHARMA,5m,2026-09-04T10:20:00+05:30,1907.0999755859375,1907.4000244140625,1905.699951171875,1906.0,10777.0,yahoo
SUNPHARMA,5m,2026-09-04T10:25:00+05:30,1906.300048828125,1908.5999755859375,1905.199951171875,1908.199951171875,5230.0,yahoo
SUNPHARMA,5m,2026-09-04T10:30:00+05:30,1908.4000244140625,1908.5999755859375,1906.5,1907.5,9595.0,yahoo
SUNPHARMA,5m,2026-09-04T10:35:00+05:30,1907.9000244140625,1908.4000244140625,1906.699951171875,1907.800048828125,6077.0,yahoo
SUNPHARMA,5m,2026-09-04T10:40:00+05:30,1907.9000244140625,1908.4000244140625,1906.9000244140625,1908.199951171875,1362.0,yahoo
SUNPHARMA,5m,2026-09-04T10:45:00+05:30,1908.300048828125,1908.5999755859375,1907.0999755859375,1908.0,3814.0,yahoo
SUNPHARMA,5m,2026-09-04T10:50:00+05:30,1907.4000244140625,1908.300048828125,1906.0,1906.199951171875,5685.0,yahoo
SUNPHARMA,5m,2026-09-04T10:55:00+05:30,1906.5,1906.5,1903.199951171875,1904.300048828125,10165.0,yahoo
SUNPHARMA,5m,2026-09-04T11:00:00+05:30,1904.300048828125,1904.5999755859375,1903.300048828125,1904.4000244140625,7927.0,yahoo
SUNPHARMA,5m,2026-09-04T11:05:00+05:30,1904.4000244140625,1905.0999755859375,1903.0,1904.300048828125,5421.0,yahoo
SUNPHARMA,5m,2026-09-04T11:10:00+05:30,1904.0,1904.5999755859375,1903.699951171875,1903.800048828125,3677.0,yahoo
SUNPHARMA,5m,2026-09-04T11:15:00+05:30,1903.800048828125,1903.800048828125,1902.0,1903.800048828125,12634.0,yahoo
SUNPHARMA,5m,2026-09-04T11:20:00+05:30,1903.9000244140625,1904.0999755859375,1903.0,1903.199951171875,3443.0,yahoo
SUNPHARMA,5m,2026-09-04T11:25:00+05:30,1903.699951171875,1904.699951171875,1903.0999755859375,1904.699951171875,8352.0,yahoo
SUNPHARMA,5m,2026-09-04T11:30:00+05:30,1904.699951171875,1905.4000244140625,1902.5999755859375,1902.5999755859375,9670.0,yahoo
SUNPHARMA,5m,2026-09-04T11:35:00+05:30,1902.5,1905.9000244140625,1902.199951171875,1905.0999755859375,10579.0,yahoo
SUNPHARMA,5m,2026-09-04T11:40:00+05:30,1905.300048828125,1906.0,1905.0,1905.5999755859375,4766.0,yahoo
SUNPHARMA,5m,2026-09-04T11:45:00+05:30,1906.0,1906.0999755859375,1905.0,1905.0,3219.0,yahoo
SUNPHARMA,5m,2026-09-04T11:50:00+05:30,1905.0999755859375,1905.0999755859375,1903.5,1904.0999755859375,3352.0,yahoo
SUNPHARMA,5m,2026-09-04T11:55:00+05:30,1904.300048828125,1904.800048828125,1904.0999755859375,1904.4000244140625,3183.0,yahoo
SUNPHARMA,5m,2026-09-04T12:00:00+05:30,1904.199951171875,1904.4000244140625,1901.0999755859375,1903.9000244140625,20355.0,yahoo
SUNPHARMA,5m,2026-09-04T12:05:00+05:30,1903.9000244140625,1904.5,1902.0,1902.0,2662.0,yahoo
SUNPHARMA,5m,2026-09-04T12:10:00+05:30,1902.0,1902.4000244140625,1901.4000244140625,1902.0,4189.0,yahoo
SUNPHARMA,5m,2026-09-04T12:15:00+05:30,1902.0,1903.0999755859375,1901.199951171875,1901.699951171875,6786.0,yahoo
SUNPHARMA,5m,2026-09-04T12:20:00+05:30,1901.699951171875,1902.800048828125,1900.5,1901.300048828125,5621.0,yahoo
SUNPHARMA,5m,2026-09-04T12:25:00+05:30,1900.699951171875,1902.199951171875,1900.699951171875,1902.199951171875,4231.0,yahoo
SUNPHARMA,5m,2026-09-04T12:30:00+05:30,1902.300048828125,1903.0,1901.0,1901.199951171875,5923.0,yahoo
SUNPHARMA,5m,2026-09-04T12:35:00+05:30,1901.199951171875,1901.199951171875,1900.5999755859375,1900.699951171875,3923.0,yahoo
SUNPHARMA,5m,2026-09-04T12:40:00+05:30,1901.0999755859375,1902.4000244140625,1900.5999755859375,1901.4000244140625,3543.0,yahoo
SUNPHARMA,5m,2026-09-04T12:45:00+05:30,1901.800048828125,1902.699951171875,1901.0,1902.699951171875,4085.0,yahoo
SUNPHARMA,5m,2026-09-04T12:50:00+05:30,1902.5,1904.0,1902.0,1903.300048828125,4434.0,yahoo
SUNPHARMA,5m,2026-09-04T12:55:00+05:30,1903.4000244140625,1903.5999755859375,1902.5999755859375,1903.5999755859375,1887.0,yahoo
SUNPHARMA,5m,2026-09-04T13:00:00+05:30,1903.5999755859375,1903.699951171875,1902.300048828125,1903.5,2753.0,yahoo
SUNPHARMA,5m,2026-09-04T13:05:00+05:30,1903.5999755859375,1903.699951171875,1903.0,1903.300048828125,1281.0,yahoo
SUNPHARMA,5m,2026-09-04T13:10:00+05:30,1903.4000244140625,1903.4000244140625,1903.199951171875,1903.300048828125,2193.0,yahoo
SUNPHARMA,5m,2026-09-04T13:15:00+05:30,1903.199951171875,1904.4000244140625,1902.0999755859375,1904.4000244140625,5906.0,yahoo
SUNPHARMA,5m,2026-09-04T13:20:00+05:30,1903.9000244140625,1903.9000244140625,1902.800048828125,1903.0999755859375,3468.0,yahoo
SUNPHARMA,5m,2026-09-04T13:25:00+05:30,1904.699951171875,1905.5999755859375,1902.0,1903.0,28089.0,yahoo
SUNPHARMA,5m,2026-09-04T13:30:00+05:30,1903.0,1903.4000244140625,1897.199951171875,1897.199951171875,42774.0,yahoo
SUNPHARMA,5m,2026-09-04T13:35:00+05:30,1897.5999755859375,1899.699951171875,1897.199951171875,1899.0,10031.0,yahoo
SUNPHARMA,5m,2026-09-04T13:40:00+05:30,1899.0999755859375,1900.0,1899.0,1899.0,4511.0,yahoo
SUNPHARMA,5m,2026-09-04T13:45:00+05:30,1899.4000244140625,1900.0,1899.0,1899.9000244140625,3378.0,yahoo
SUNPHARMA,5m,2026-09-04T13:50:00+05:30,1899.4000244140625,1900.0,1899.0999755859375,1899.4000244140625,5914.0,yahoo
SUNPHARMA,5m,2026-09-04T13:55:00+05:30,1899.5,1900.0,1899.4000244140625,1899.4000244140625,2477.0,yahoo
SUNPHARMA,5m,2026-09-04T14:00:00+05:30,1899.800048828125,1900.0,1899.0,1900.0,4618.0,yahoo
SUNPHARMA,5m,2026-09-04T14:05:00+05:30,1900.0,1900.0,1899.0,1899.199951171875,2767.0,yahoo
SUNPHARMA,5m,2026-09-04T14:10:00+05:30,1899.199951171875,1899.800048828125,1899.0,1899.4000244140625,2761.0,yahoo
SUNPHARMA,5m,2026-09-04T14:15:00+05:30,1899.699951171875,1899.699951171875,1899.4000244140625,1899.4000244140625,2081.0,yahoo
SUNPHARMA,5m,2026-09-04T14:20:00+05:30,1899.5,1899.5999755859375,1899.0999755859375,1899.5999755859375,5099.0,yahoo
SUNPHARMA,5m,2026-09-04T14:25:00+05:30,1899.5,1902.0999755859375,1899.4000244140625,1901.699951171875,26090.0,yahoo
SUNPHARMA,5m,2026-09-04T14:30:00+05:30,1901.4000244140625,1901.9000244140625,1900.4000244140625,1901.0,4060.0,yahoo
SUNPHARMA,5m,2026-09-04T14:35:00+05:30,1901.0999755859375,1901.0999755859375,1899.5999755859375,1900.0,4532.0,yahoo
SUNPHARMA,5m,2026-09-04T14:40:00+05:30,1900.0999755859375,1904.9000244140625,1899.800048828125,1904.0999755859375,54477.0,yahoo
SUNPHARMA,5m,2026-09-04T14:45:00+05:30,1903.5999755859375,1906.0,1901.300048828125,1901.699951171875,14980.0,yahoo
SUNPHARMA,5m,2026-09-04T14:50:00+05:30,1901.699951171875,1903.5999755859375,1901.0999755859375,1902.0999755859375,11148.0,yahoo
SUNPHARMA,5m,2026-09-04T14:55:00+05:30,1902.0,1902.0,1900.0,1900.4000244140625,20310.0,yahoo
SUNPHARMA,5m,2026-09-04T15:00:00+05:30,1900.300048828125,1901.5,1900.300048828125,1901.5,33886.0,yahoo
SUNPHARMA,5m,2026-09-04T15:05:00+05:30,1901.5,1902.0,1895.800048828125,1896.199951171875,36361.0,yahoo
SUNPHARMA,5m,2026-09-04T15:10:00+05:30,1896.199951171875,1899.0999755859375,1896.0,1899.0999755859375,53990.0,yahoo
SUNPHARMA,5m,2026-09-04T15:15:00+05:30,1898.9000244140625,1899.0,1898.9000244140625,1899.0,55271.0,yahoo
SUZLON,5m,2026-09-04T09:15:00+05:30,46.11000061035156,46.33000183105469,46.11000061035156,46.22999954223633,0.0,yahoo
SUZLON,5m,2026-09-04T09:20:00+05:30,46.22999954223633,46.22999954223633,46.13999938964844,46.189998626708984,561049.0,yahoo
SUZLON,5m,2026-09-04T09:25:00+05:30,46.18000030517578,46.20000076293945,46.130001068115234,46.150001525878906,370577.0,yahoo
SUZLON,5m,2026-09-04T09:30:00+05:30,46.13999938964844,46.18000030517578,46.13999938964844,46.150001525878906,439042.0,yahoo
SUZLON,5m,2026-09-04T09:35:00+05:30,46.13999938964844,46.150001525878906,46.060001373291016,46.09000015258789,639244.0,yahoo
SUZLON,5m,2026-09-04T09:40:00+05:30,46.09000015258789,46.099998474121094,46.0099983215332,46.0099983215332,703679.0,yahoo
SUZLON,5m,2026-09-04T09:45:00+05:30,46.02000045776367,46.02000045776367,45.959999084472656,45.9900016784668,715977.0,yahoo
SUZLON,5m,2026-09-04T09:50:00+05:30,45.97999954223633,46.04999923706055,45.970001220703125,46.04999923706055,369283.0,yahoo
SUZLON,5m,2026-09-04T09:55:00+05:30,46.04999923706055,46.04999923706055,46.0,46.02000045776367,241422.0,yahoo
SUZLON,5m,2026-09-04T10:00:00+05:30,46.02000045776367,46.099998474121094,46.0,46.06999969482422,289945.0,yahoo
SUZLON,5m,2026-09-04T10:05:00+05:30,46.09000015258789,46.099998474121094,46.04999923706055,46.099998474121094,309765.0,yahoo
SUZLON,5m,2026-09-04T10:10:00+05:30,46.099998474121094,46.11000061035156,46.06999969482422,46.06999969482422,273108.0,yahoo
SUZLON,5m,2026-09-04T10:15:00+05:30,46.08000183105469,46.08000183105469,46.02000045776367,46.060001373291016,173637.0,yahoo
SUZLON,5m,2026-09-04T10:20:00+05:30,46.060001373291016,46.099998474121094,46.04999923706055,46.08000183105469,186065.0,yahoo
SUZLON,5m,2026-09-04T10:25:00+05:30,46.099998474121094,46.099998474121094,46.08000183105469,46.08000183105469,139632.0,yahoo
SUZLON,5m,2026-09-04T10:30:00+05:30,46.099998474121094,46.099998474121094,45.9900016784668,46.0,593146.0,yahoo
SUZLON,5m,2026-09-04T10:35:00+05:30,46.0,46.02000045776367,45.970001220703125,46.0099983215332,231612.0,yahoo
SUZLON,5m,2026-09-04T10:40:00+05:30,46.02000045776367,46.04999923706055,46.0099983215332,46.040000915527344,132512.0,yahoo
SUZLON,5m,2026-09-04T10:45:00+05:30,46.02000045776367,46.09000015258789,45.869998931884766,45.900001525878906,1152265.0,yahoo
SUZLON,5m,2026-09-04T10:50:00+05:30,45.939998626708984,45.95000076293945,45.849998474121094,45.900001525878906,516376.0,yahoo
SUZLON,5m,2026-09-04T10:55:00+05:30,45.900001525878906,45.900001525878906,45.849998474121094,45.86000061035156,441763.0,yahoo
SUZLON,5m,2026-09-04T11:00:00+05:30,45.880001068115234,45.880001068115234,45.77000045776367,45.79999923706055,635295.0,yahoo
SUZLON,5m,2026-09-04T11:05:00+05:30,45.790000915527344,45.95000076293945,45.779998779296875,45.86000061035156,911605.0,yahoo
SUZLON,5m,2026-09-04T11:10:00+05:30,45.880001068115234,45.880001068115234,45.81999969482422,45.849998474121094,383209.0,yahoo
SUZLON,5m,2026-09-04T11:15:00+05:30,45.81999969482422,45.849998474121094,45.810001373291016,45.81999969482422,383062.0,yahoo
SUZLON,5m,2026-09-04T11:20:00+05:30,45.81999969482422,45.81999969482422,45.709999084472656,45.7599983215332,1052096.0,yahoo
SUZLON,5m,2026-09-04T11:25:00+05:30,45.790000915527344,45.81999969482422,45.75,45.79999923706055,248038.0,yahoo
SUZLON,5m,2026-09-04T11:30:00+05:30,45.79999923706055,45.84000015258789,45.79999923706055,45.84000015258789,334283.0,yahoo
SUZLON,5m,2026-09-04T11:35:00+05:30,45.84000015258789,45.849998474121094,45.720001220703125,45.720001220703125,718264.0,yahoo
SUZLON,5m,2026-09-04T11:40:00+05:30,45.720001220703125,45.790000915527344,45.65999984741211,45.75,619689.0,yahoo
SUZLON,5m,2026-09-04T11:45:00+05:30,45.75,45.75,45.68000030517578,45.689998626708984,439751.0,yahoo
SUZLON,5m,2026-09-04T11:50:00+05:30,45.68000030517578,45.70000076293945,45.630001068115234,45.630001068115234,1081791.0,yahoo
SUZLON,5m,2026-09-04T11:55:00+05:30,45.650001525878906,45.689998626708984,45.54999923706055,45.599998474121094,1143895.0,yahoo
SUZLON,5m,2026-09-04T12:00:00+05:30,45.599998474121094,45.599998474121094,45.5099983215332,45.5099983215332,928059.0,yahoo
SUZLON,5m,2026-09-04T12:05:00+05:30,45.52000045776367,45.540000915527344,45.41999816894531,45.47999954223633,2060311.0,yahoo
SUZLON,5m,2026-09-04T12:10:00+05:30,45.4900016784668,45.4900016784668,45.33000183105469,45.41999816894531,893785.0,yahoo
SUZLON,5m,2026-09-04T12:15:00+05:30,45.41999816894531,45.439998626708984,45.31999969482422,45.38999938964844,732326.0,yahoo
SUZLON,5m,2026-09-04T12:20:00+05:30,45.38999938964844,45.400001525878906,45.2599983215332,45.33000183105469,1313123.0,yahoo
SUZLON,5m,2026-09-04T12:25:00+05:30,45.31999969482422,45.47999954223633,45.29999923706055,45.47999954223633,574789.0,yahoo
SUZLON,5m,2026-09-04T12:30:00+05:30,45.47999954223633,45.52000045776367,45.459999084472656,45.47999954223633,917911.0,yahoo
SUZLON,5m,2026-09-04T12:35:00+05:30,45.4900016784668,45.52000045776367,45.47999954223633,45.47999954223633,727276.0,yahoo
SUZLON,5m,2026-09-04T12:40:00+05:30,45.5099983215332,45.5099983215332,45.459999084472656,45.459999084472656,376408.0,yahoo
SUZLON,5m,2026-09-04T12:45:00+05:30,45.470001220703125,45.470001220703125,45.400001525878906,45.41999816894531,295357.0,yahoo
SUZLON,5m,2026-09-04T12:50:00+05:30,45.439998626708984,45.5,45.43000030517578,45.45000076293945,236196.0,yahoo
SUZLON,5m,2026-09-04T12:55:00+05:30,45.470001220703125,45.47999954223633,45.45000076293945,45.470001220703125,178816.0,yahoo
SUZLON,5m,2026-09-04T13:00:00+05:30,45.459999084472656,45.47999954223633,45.45000076293945,45.45000076293945,117639.0,yahoo
SUZLON,5m,2026-09-04T13:05:00+05:30,45.43000030517578,45.459999084472656,45.349998474121094,45.349998474121094,539789.0,yahoo
SUZLON,5m,2026-09-04T13:10:00+05:30,45.349998474121094,45.400001525878906,45.34000015258789,45.400001525878906,722827.0,yahoo
SUZLON,5m,2026-09-04T13:15:00+05:30,45.400001525878906,45.5099983215332,45.38999938964844,45.47999954223633,659863.0,yahoo
SUZLON,5m,2026-09-04T13:20:00+05:30,45.5,45.599998474121094,45.38999938964844,45.38999938964844,3156694.0,yahoo
SUZLON,5m,2026-09-04T13:25:00+05:30,45.400001525878906,45.40999984741211,45.38999938964844,45.400001525878906,359758.0,yahoo
SUZLON,5m,2026-09-04T13:30:00+05:30,45.400001525878906,45.41999816894531,45.38999938964844,45.38999938964844,297059.0,yahoo
SUZLON,5m,2026-09-04T13:35:00+05:30,45.380001068115234,45.38999938964844,45.34000015258789,45.369998931884766,723914.0,yahoo
SUZLON,5m,2026-09-04T13:40:00+05:30,45.369998931884766,45.400001525878906,45.36000061035156,45.38999938964844,355361.0,yahoo
SUZLON,5m,2026-09-04T13:45:00+05:30,45.38999938964844,45.38999938964844,45.33000183105469,45.34000015258789,472886.0,yahoo
SUZLON,5m,2026-09-04T13:50:00+05:30,45.33000183105469,45.34000015258789,45.15999984741211,45.189998626708984,2116229.0,yahoo
SUZLON,5m,2026-09-04T13:55:00+05:30,45.189998626708984,45.209999084472656,45.119998931884766,45.13999938964844,998940.0,yahoo
SUZLON,5m,2026-09-04T14:00:00+05:30,45.13999938964844,45.15999984741211,45.13999938964844,45.150001525878906,727742.0,yahoo
SUZLON,5m,2026-09-04T14:05:00+05:30,45.150001525878906,45.15999984741211,45.130001068115234,45.13999938964844,922103.0,yahoo
SUZLON,5m,2026-09-04T14:10:00+05:30,45.13999938964844,45.150001525878906,45.060001373291016,45.13999938964844,2225752.0,yahoo
SUZLON,5m,2026-09-04T14:15:00+05:30,45.119998931884766,45.2400016784668,45.099998474121094,45.2400016784668,1248694.0,yahoo
SUZLON,5m,2026-09-04T14:20:00+05:30,45.22999954223633,45.290000915527344,45.16999816894531,45.2599983215332,1185803.0,yahoo
SUZLON,5m,2026-09-04T14:25:00+05:30,45.2599983215332,45.33000183105469,45.2400016784668,45.33000183105469,398344.0,yahoo
SUZLON,5m,2026-09-04T14:30:00+05:30,45.310001373291016,45.369998931884766,45.310001373291016,45.349998474121094,382331.0,yahoo
SUZLON,5m,2026-09-04T14:35:00+05:30,45.349998474121094,45.38999938964844,45.310001373291016,45.310001373291016,640827.0,yahoo
SUZLON,5m,2026-09-04T14:40:00+05:30,45.34000015258789,45.45000076293945,45.31999969482422,45.43000030517578,1246738.0,yahoo
SUZLON,5m,2026-09-04T14:45:00+05:30,45.43000030517578,45.43000030517578,45.380001068115234,45.38999938964844,387690.0,yahoo
SUZLON,5m,2026-09-04T14:50:00+05:30,45.38999938964844,45.400001525878906,45.349998474121094,45.36000061035156,567130.0,yahoo
SUZLON,5m,2026-09-04T14:55:00+05:30,45.369998931884766,45.380001068115234,45.31999969482422,45.31999969482422,579939.0,yahoo
SUZLON,5m,2026-09-04T15:00:00+05:30,45.33000183105469,45.349998474121094,45.20000076293945,45.220001220703125,1442499.0,yahoo
SUZLON,5m,2026-09-04T15:05:00+05:30,45.2400016784668,45.34000015258789,45.209999084472656,45.310001373291016,2314116.0,yahoo
SUZLON,5m,2026-09-04T15:10:00+05:30,45.29999923706055,45.380001068115234,45.209999084472656,45.36000061035156,2599788.0,yahoo
SUZLON,5m,2026-09-04T15:15:00+05:30,45.33000183105469,45.349998474121094,45.33000183105469,45.349998474121094,947301.0,yahoo
TATACONSUM,5m,2026-09-04T09:15:00+05:30,1022.7999877929688,1022.7999877929688,1014.4000244140625,1016.5999755859375,0.0,yahoo
TATACONSUM,5m,2026-09-04T09:20:00+05:30,1016.5999755859375,1018.0999755859375,1015.0,1017.5999755859375,13166.0,yahoo
TATACONSUM,5m,2026-09-04T09:25:00+05:30,1017.7999877929688,1018.5,1017.0999755859375,1017.7999877929688,5333.0,yahoo
TATACONSUM,5m,2026-09-04T09:30:00+05:30,1017.2999877929688,1018.0999755859375,1016.7999877929688,1017.2000122070312,9175.0,yahoo
TATACONSUM,5m,2026-09-04T09:35:00+05:30,1017.0999755859375,1017.7000122070312,1016.7999877929688,1017.2999877929688,4793.0,yahoo
TATACONSUM,5m,2026-09-04T09:40:00+05:30,1017.4000244140625,1017.5,1016.2999877929688,1016.2999877929688,2280.0,yahoo
TATACONSUM,5m,2026-09-04T09:45:00+05:30,1016.4000244140625,1016.5999755859375,1013.9000244140625,1014.2999877929688,68117.0,yahoo
TATACONSUM,5m,2026-09-04T09:50:00+05:30,1014.0999755859375,1015.5,1014.0999755859375,1015.2999877929688,4473.0,yahoo
TATACONSUM,5m,2026-09-04T09:55:00+05:30,1015.7999877929688,1016.0,1015.0999755859375,1016.0,4215.0,yahoo
TATACONSUM,5m,2026-09-04T10:00:00+05:30,1016.0,1017.4000244140625,1016.0,1016.9000244140625,9074.0,yahoo
TATACONSUM,5m,2026-09-04T10:05:00+05:30,1017.0,1017.0,1016.0,1016.5,4010.0,yahoo
TATACONSUM,5m,2026-09-04T10:10:00+05:30,1016.9000244140625,1017.0,1015.7000122070312,1016.4000244140625,4121.0,yahoo
TATACONSUM,5m,2026-09-04T10:15:00+05:30,1016.5,1019.7999877929688,1016.5,1019.7999877929688,19088.0,yahoo
TATACONSUM,5m,2026-09-04T10:20:00+05:30,1019.5999755859375,1020.4000244140625,1018.7000122070312,1019.5999755859375,7731.0,yahoo
TATACONSUM,5m,2026-09-04T10:25:00+05:30,1019.7000122070312,1020.9000244140625,1019.2000122070312,1020.5,28952.0,yahoo
TATACONSUM,5m,2026-09-04T10:30:00+05:30,1020.5,1020.5,1017.0999755859375,1017.5,6977.0,yahoo
TATACONSUM,5m,2026-09-04T10:35:00+05:30,1017.2000122070312,1017.5,1016.4000244140625,1017.0999755859375,3629.0,yahoo
TATACONSUM,5m,2026-09-04T10:40:00+05:30,1017.2999877929688,1017.5,1016.0999755859375,1016.7999877929688,3768.0,yahoo
TATACONSUM,5m,2026-09-04T10:45:00+05:30,1016.5999755859375,1017.2000122070312,1016.2999877929688,1017.0999755859375,2573.0,yahoo
TATACONSUM,5m,2026-09-04T10:50:00+05:30,1017.2000122070312,1017.2000122070312,1015.2999877929688,1015.7999877929688,4973.0,yahoo
TATACONSUM,5m,2026-09-04T10:55:00+05:30,1016.0,1020.0,1015.7999877929688,1019.5,12543.0,yahoo
TATACONSUM,5m,2026-09-04T11:00:00+05:30,1019.0999755859375,1019.2000122070312,1017.0,1017.0,7288.0,yahoo
TATACONSUM,5m,2026-09-04T11:05:00+05:30,1017.5,1017.5,1016.2000122070312,1016.4000244140625,4082.0,yahoo
TATACONSUM,5m,2026-09-04T11:10:00+05:30,1016.4000244140625,1016.7999877929688,1015.4000244140625,1016.5,4592.0,yahoo
TATACONSUM,5m,2026-09-04T11:15:00+05:30,1016.5,1016.5,1015.4000244140625,1015.7000122070312,3748.0,yahoo
TATACONSUM,5m,2026-09-04T11:20:00+05:30,1015.9000244140625,1017.5,1015.7000122070312,1017.0,4483.0,yahoo
TATACONSUM,5m,2026-09-04T11:25:00+05:30,1017.2999877929688,1018.0,1017.0,1017.9000244140625,6058.0,yahoo
TATACONSUM,5m,2026-09-04T11:30:00+05:30,1018.0,1018.4000244140625,1016.7999877929688,1017.7999877929688,9639.0,yahoo
TATACONSUM,5m,2026-09-04T11:35:00+05:30,1017.7999877929688,1018.5,1017.5999755859375,1018.0999755859375,6269.0,yahoo
TATACONSUM,5m,2026-09-04T11:40:00+05:30,1018.2000122070312,1018.5,1017.7999877929688,1018.4000244140625,2770.0,yahoo
TATACONSUM,5m,2026-09-04T11:45:00+05:30,1018.5,1018.5999755859375,1016.7999877929688,1017.0,10633.0,yahoo
TATACONSUM,5m,2026-09-04T11:50:00+05:30,1017.2999877929688,1017.7999877929688,1016.9000244140625,1017.5,5774.0,yahoo
TATACONSUM,5m,2026-09-04T11:55:00+05:30,1017.5,1018.0,1017.0,1017.4000244140625,4549.0,yahoo
TATACONSUM,5m,2026-09-04T12:00:00+05:30,1017.5,1018.0,1016.2000122070312,1016.2000122070312,4543.0,yahoo
TATACONSUM,5m,2026-09-04T12:05:00+05:30,1016.4000244140625,1016.7999877929688,1015.5,1015.9000244140625,3174.0,yahoo
TATACONSUM,5m,2026-09-04T12:10:00+05:30,1015.7999877929688,1015.9000244140625,1015.2999877929688,1015.7999877929688,3786.0,yahoo
TATACONSUM,5m,2026-09-04T12:15:00+05:30,1015.7999877929688,1015.7999877929688,1013.0999755859375,1014.0,12424.0,yahoo
TATACONSUM,5m,2026-09-04T12:20:00+05:30,1013.5,1014.0,1012.2000122070312,1012.2000122070312,5454.0,yahoo
TATACONSUM,5m,2026-09-04T12:25:00+05:30,1012.7000122070312,1013.2000122070312,1012.2000122070312,1012.9000244140625,2966.0,yahoo
TATACONSUM,5m,2026-09-04T12:30:00+05:30,1012.9000244140625,1012.9000244140625,1009.9000244140625,1011.5999755859375,51207.0,yahoo
TATACONSUM,5m,2026-09-04T12:35:00+05:30,1011.0,1012.2999877929688,1011.0,1012.0,9747.0,yahoo
TATACONSUM,5m,2026-09-04T12:40:00+05:30,1012.0,1012.7999877929688,1011.4000244140625,1012.4000244140625,8943.0,yahoo
TATACONSUM,5m,2026-09-04T12:45:00+05:30,1012.4000244140625,1014.0,1012.2000122070312,1012.7999877929688,106147.0,yahoo
TATACONSUM,5m,2026-09-04T12:50:00+05:30,1012.9000244140625,1013.4000244140625,1012.5,1013.0,6282.0,yahoo
TATACONSUM,5m,2026-09-04T12:55:00+05:30,1012.5,1012.9000244140625,1012.2000122070312,1012.2000122070312,7204.0,yahoo
TATACONSUM,5m,2026-09-04T13:00:00+05:30,1012.5,1012.9000244140625,1012.0999755859375,1012.4000244140625,5745.0,yahoo
TATACONSUM,5m,2026-09-04T13:05:00+05:30,1012.2000122070312,1012.5,1011.7000122070312,1012.5,5099.0,yahoo
TATACONSUM,5m,2026-09-04T13:10:00+05:30,1012.2000122070312,1013.4000244140625,1012.0,1013.2999877929688,9177.0,yahoo
TATACONSUM,5m,2026-09-04T13:15:00+05:30,1013.5,1013.5,1012.2999877929688,1013.0999755859375,8671.0,yahoo
TATACONSUM,5m,2026-09-04T13:20:00+05:30,1012.5999755859375,1013.2999877929688,1012.5,1012.5999755859375,6108.0,yahoo
TATACONSUM,5m,2026-09-04T13:25:00+05:30,1012.7000122070312,1013.0999755859375,1011.0,1011.5,9614.0,yahoo
TATACONSUM,5m,2026-09-04T13:30:00+05:30,1011.5999755859375,1011.5999755859375,1010.7999877929688,1011.5,8189.0,yahoo
TATACONSUM,5m,2026-09-04T13:35:00+05:30,1011.4000244140625,1011.7999877929688,1010.9000244140625,1011.5999755859375,7513.0,yahoo
TATACONSUM,5m,2026-09-04T13:40:00+05:30,1011.7999877929688,1012.2000122070312,1011.2000122070312,1011.2999877929688,10086.0,yahoo
TATACONSUM,5m,2026-09-04T13:45:00+05:30,1011.5999755859375,1012.2999877929688,1011.5,1011.7999877929688,7508.0,yahoo
TATACONSUM,5m,2026-09-04T13:50:00+05:30,1011.7000122070312,1012.7000122070312,1011.0999755859375,1011.5,175559.0,yahoo
TATACONSUM,5m,2026-09-04T13:55:00+05:30,1011.2000122070312,1011.5999755859375,1011.0,1011.0,7918.0,yahoo
TATACONSUM,5m,2026-09-04T14:00:00+05:30,1011.2999877929688,1012.2999877929688,1011.0,1011.5,19081.0,yahoo
TATACONSUM,5m,2026-09-04T14:05:00+05:30,1011.0999755859375,1011.5,1010.7999877929688,1011.0,8831.0,yahoo
TATACONSUM,5m,2026-09-04T14:10:00+05:30,1011.0999755859375,1011.5,1011.0,1011.0999755859375,8907.0,yahoo
TATACONSUM,5m,2026-09-04T14:15:00+05:30,1011.4000244140625,1011.7999877929688,1010.9000244140625,1011.5,9851.0,yahoo
TATACONSUM,5m,2026-09-04T14:20:00+05:30,1011.5,1011.5,1010.9000244140625,1011.5,8356.0,yahoo
TATACONSUM,5m,2026-09-04T14:25:00+05:30,1011.5,1011.5,1009.5999755859375,1010.2000122070312,10202.0,yahoo
TATACONSUM,5m,2026-09-04T14:30:00+05:30,1010.2000122070312,1011.0,1009.7999877929688,1009.7999877929688,9397.0,yahoo
TATACONSUM,5m,2026-09-04T14:35:00+05:30,1010.4000244140625,1010.5999755859375,1009.4000244140625,1009.9000244140625,9233.0,yahoo
TATACONSUM,5m,2026-09-04T14:40:00+05:30,1009.7999877929688,1010.2000122070312,1009.0999755859375,1009.5,14191.0,yahoo
TATACONSUM,5m,2026-09-04T14:45:00+05:30,1009.0999755859375,1009.9000244140625,1008.5999755859375,1009.4000244140625,17118.0,yahoo
TATACONSUM,5m,2026-09-04T14:50:00+05:30,1009.4000244140625,1009.5,1008.5999755859375,1009.5,11078.0,yahoo
TATACONSUM,5m,2026-09-04T14:55:00+05:30,1009.5,1009.5999755859375,1008.9000244140625,1009.2000122070312,12811.0,yahoo
TATACONSUM,5m,2026-09-04T15:00:00+05:30,1009.2999877929688,1009.9000244140625,1008.9000244140625,1008.9000244140625,23973.0,yahoo
TATACONSUM,5m,2026-09-04T15:05:00+05:30,1009.4000244140625,1009.9000244140625,1009.0,1009.9000244140625,23036.0,yahoo
TATACONSUM,5m,2026-09-04T15:10:00+05:30,1009.5999755859375,1011.9000244140625,1009.5999755859375,1011.7999877929688,41652.0,yahoo
TATACONSUM,5m,2026-09-04T15:15:00+05:30,1011.5999755859375,1011.5999755859375,1010.0,1010.0,23235.0,yahoo
TATAMOTORS,5m,2026-09-04T09:15:00+05:30,462.8500061035156,463.79998779296875,459.04998779296875,462.6499938964844,0.0,yahoo
TATAMOTORS,5m,2026-09-04T09:20:00+05:30,462.54998779296875,463.25,461.6000061035156,463.04998779296875,93845.0,yahoo
TATAMOTORS,5m,2026-09-04T09:25:00+05:30,464.5,468.0,464.25,467.79998779296875,409258.0,yahoo
TATAMOTORS,5m,2026-09-04T09:30:00+05:30,467.70001220703125,469.20001220703125,464.29998779296875,464.75,418129.0,yahoo
TATAMOTORS,5m,2026-09-04T09:35:00+05:30,464.75,467.1000061035156,464.75,466.5,106837.0,yahoo
TATAMOTORS,5m,2026-09-04T09:40:00+05:30,466.5,466.8999938964844,466.1499938964844,466.45001220703125,71195.0,yahoo
TATAMOTORS,5m,2026-09-04T09:45:00+05:30,466.6000061035156,466.8500061035156,466.3999938964844,466.6499938964844,25772.0,yahoo
TATAMOTORS,5m,2026-09-04T09:50:00+05:30,466.6000061035156,466.6000061035156,465.6499938964844,466.1499938964844,51319.0,yahoo
TATAMOTORS,5m,2026-09-04T09:55:00+05:30,466.1000061035156,466.20001220703125,465.29998779296875,465.6499938964844,35727.0,yahoo
TATAMOTORS,5m,2026-09-04T10:00:00+05:30,465.6499938964844,466.79998779296875,465.3500061035156,466.1499938964844,121016.0,yahoo
TATAMOTORS,5m,2026-09-04T10:05:00+05:30,466.29998779296875,466.29998779296875,464.8500061035156,465.8500061035156,72759.0,yahoo
TATAMOTORS,5m,2026-09-04T10:10:00+05:30,465.70001220703125,466.04998779296875,464.79998779296875,465.3999938964844,64147.0,yahoo
TATAMOTORS,5m,2026-09-04T10:15:00+05:30,465.6000061035156,465.95001220703125,465.5,465.95001220703125,18725.0,yahoo
TATAMOTORS,5m,2026-09-04T10:20:00+05:30,465.8999938964844,466.04998779296875,465.6499938964844,466.04998779296875,37106.0,yahoo
TATAMOTORS,5m,2026-09-04T10:25:00+05:30,465.8500061035156,466.1000061035156,463.75,464.29998779296875,148262.0,yahoo
TATAMOTORS,5m,2026-09-04T10:30:00+05:30,464.20001220703125,465.0,463.20001220703125,464.79998779296875,182360.0,yahoo
TATAMOTORS,5m,2026-09-04T10:35:00+05:30,465.1499938964844,465.8500061035156,464.29998779296875,464.8500061035156,87058.0,yahoo
TATAMOTORS,5m,2026-09-04T10:40:00+05:30,464.79998779296875,465.45001220703125,464.20001220703125,464.20001220703125,118890.0,yahoo
TATAMOTORS,5m,2026-09-04T10:45:00+05:30,464.20001220703125,466.1000061035156,463.79998779296875,465.70001220703125,95928.0,yahoo
TATAMOTORS,5m,2026-09-04T10:50:00+05:30,465.5,466.04998779296875,465.5,465.8999938964844,69739.0,yahoo
TATAMOTORS,5m,2026-09-04T10:55:00+05:30,465.75,466.04998779296875,465.1000061035156,465.6000061035156,52627.0,yahoo
TATAMOTORS,5m,2026-09-04T11:00:00+05:30,465.79998779296875,465.8999938964844,464.3999938964844,464.8999938964844,119710.0,yahoo
TATAMOTORS,5m,2026-09-04T11:05:00+05:30,464.8999938964844,465.04998779296875,464.04998779296875,464.6499938964844,60668.0,yahoo
TATAMOTORS,5m,2026-09-04T11:10:00+05:30,464.6499938964844,464.95001220703125,464.45001220703125,464.75,27917.0,yahoo
TATAMOTORS,5m,2026-09-04T11:15:00+05:30,464.75,464.79998779296875,463.6499938964844,464.3999938964844,62212.0,yahoo
TATAMOTORS,5m,2026-09-04T11:20:00+05:30,464.29998779296875,464.5,464.0,464.1499938964844,47624.0,yahoo
TATAMOTORS,5m,2026-09-04T11:25:00+05:30,464.3999938964844,464.75,463.3500061035156,464.29998779296875,185289.0,yahoo
TATAMOTORS,5m,2026-09-04T11:30:00+05:30,464.29998779296875,464.6499938964844,463.1499938964844,463.8500061035156,199410.0,yahoo
TATAMOTORS,5m,2026-09-04T11:35:00+05:30,463.54998779296875,464.1000061035156,463.45001220703125,463.8999938964844,56214.0,yahoo
TATAMOTORS,5m,2026-09-04T11:40:00+05:30,463.8500061035156,464.04998779296875,462.75,463.0,170194.0,yahoo
TATAMOTORS,5m,2026-09-04T11:45:00+05:30,463.04998779296875,463.20001220703125,459.79998779296875,460.0,194910.0,yahoo
TATAMOTORS,5m,2026-09-04T11:50:00+05:30,459.79998779296875,460.04998779296875,459.20001220703125,459.54998779296875,71242.0,yahoo
TATAMOTORS,5m,2026-09-04T11:55:00+05:30,459.6000061035156,460.04998779296875,459.54998779296875,459.75,46825.0,yahoo
TATAMOTORS,5m,2026-09-04T12:00:00+05:30,459.79998779296875,460.0,459.3500061035156,459.5,73742.0,yahoo
TATAMOTORS,5m,2026-09-04T12:05:00+05:30,459.54998779296875,459.6000061035156,458.8999938964844,458.8999938964844,28740.0,yahoo
TATAMOTORS,5m,2026-09-04T12:10:00+05:30,458.79998779296875,460.29998779296875,458.54998779296875,460.20001220703125,62745.0,yahoo
TATAMOTORS,5m,2026-09-04T12:15:00+05:30,460.0,460.3999938964844,459.8500061035156,460.0,82036.0,yahoo
TATAMOTORS,5m,2026-09-04T12:20:00+05:30,460.0,460.25,459.8500061035156,460.1000061035156,13847.0,yahoo
TATAMOTORS,5m,2026-09-04T12:25:00+05:30,460.1000061035156,460.6499938964844,460.1000061035156,460.45001220703125,49439.0,yahoo
TATAMOTORS,5m,2026-09-04T12:30:00+05:30,460.3999938964844,460.54998779296875,460.29998779296875,460.3500061035156,17681.0,yahoo
TATAMOTORS,5m,2026-09-04T12:35:00+05:30,460.3999938964844,460.3999938964844,459.95001220703125,460.0,22052.0,yahoo
TATAMOTORS,5m,2026-09-04T12:40:00+05:30,460.0,460.1499938964844,459.8999938964844,460.04998779296875,12058.0,yahoo
TATAMOTORS,5m,2026-09-04T12:45:00+05:30,460.04998779296875,460.1000061035156,459.95001220703125,460.0,29235.0,yahoo
TATAMOTORS,5m,2026-09-04T12:50:00+05:30,460.0,460.1000061035156,460.0,460.1000061035156,8582.0,yahoo
TATAMOTORS,5m,2026-09-04T12:55:00+05:30,460.04998779296875,460.04998779296875,459.79998779296875,460.0,36583.0,yahoo
TATAMOTORS,5m,2026-09-04T13:00:00+05:30,460.0,460.04998779296875,458.0,458.20001220703125,103953.0,yahoo
TATAMOTORS,5m,2026-09-04T13:05:00+05:30,458.0,458.5,457.75,458.0,63979.0,yahoo
TATAMOTORS,5m,2026-09-04T13:10:00+05:30,457.8999938964844,458.75,456.20001220703125,456.6000061035156,89486.0,yahoo
TATAMOTORS,5m,2026-09-04T13:15:00+05:30,456.45001220703125,458.0,456.3999938964844,457.6000061035156,48714.0,yahoo
TATAMOTORS,5m,2026-09-04T13:20:00+05:30,457.6499938964844,457.6499938964844,457.04998779296875,457.3999938964844,33904.0,yahoo
TATAMOTORS,5m,2026-09-04T13:25:00+05:30,457.45001220703125,457.70001220703125,457.20001220703125,457.54998779296875,36874.0,yahoo
TATAMOTORS,5m,2026-09-04T13:30:00+05:30,457.5,457.8500061035156,457.20001220703125,457.3999938964844,29222.0,yahoo
TATAMOTORS,5m,2026-09-04T13:35:00+05:30,457.45001220703125,457.6499938964844,457.0,457.0,99116.0,yahoo
TATAMOTORS,5m,2026-09-04T13:40:00+05:30,457.0,457.5,456.6000061035156,457.25,84799.0,yahoo
TATAMOTORS,5m,2026-09-04T13:45:00+05:30,457.0,459.70001220703125,457.0,459.5,104332.0,yahoo
TATAMOTORS,5m,2026-09-04T13:50:00+05:30,459.45001220703125,459.5,459.20001220703125,459.45001220703125,17125.0,yahoo
TATAMOTORS,5m,2026-09-04T13:55:00+05:30,459.5,459.6000061035156,459.1000061035156,459.25,35089.0,yahoo
TATAMOTORS,5m,2026-09-04T14:00:00+05:30,459.04998779296875,459.54998779296875,458.8500061035156,459.3999938964844,24602.0,yahoo
TATAMOTORS,5m,2026-09-04T14:05:00+05:30,459.20001220703125,459.6000061035156,459.0,459.25,23705.0,yahoo
TATAMOTORS,5m,2026-09-04T14:10:00+05:30,459.25,459.25,458.79998779296875,459.04998779296875,20518.0,yahoo
TATAMOTORS,5m,2026-09-04T14:15:00+05:30,458.95001220703125,459.1000061035156,458.79998779296875,459.0,20712.0,yahoo
TATAMOTORS,5m,2026-09-04T14:20:00+05:30,459.0,459.45001220703125,458.70001220703125,459.3999938964844,32434.0,yahoo
TATAMOTORS,5m,2026-09-04T14:25:00+05:30,459.3999938964844,460.20001220703125,459.29998779296875,460.0,64652.0,yahoo
TATAMOTORS,5m,2026-09-04T14:30:00+05:30,460.0,460.1499938964844,459.3999938964844,459.45001220703125,39761.0,yahoo
TATAMOTORS,5m,2026-09-04T14:35:00+05:30,459.45001220703125,460.0,459.45001220703125,459.8500061035156,25360.0,yahoo
TATAMOTORS,5m,2026-09-04T14:40:00+05:30,459.70001220703125,460.0,459.54998779296875,459.79998779296875,28900.0,yahoo
TATAMOTORS,5m,2026-09-04T14:45:00+05:30,460.0,460.29998779296875,459.79998779296875,460.1000061035156,48740.0,yahoo
TATAMOTORS,5m,2026-09-04T14:50:00+05:30,460.1000061035156,460.5,459.8999938964844,460.0,80471.0,yahoo
TATAMOTORS,5m,2026-09-04T14:55:00+05:30,459.8999938964844,459.8999938964844,459.1499938964844,459.25,71548.0,yahoo
TATAMOTORS,5m,2026-09-04T15:00:00+05:30,459.6000061035156,459.8500061035156,459.20001220703125,459.79998779296875,117645.0,yahoo
TATAMOTORS,5m,2026-09-04T15:05:00+05:30,459.8500061035156,459.8500061035156,459.0,459.0,126411.0,yahoo
TATAMOTORS,5m,2026-09-04T15:10:00+05:30,458.70001220703125,458.70001220703125,456.5,457.20001220703125,159410.0,yahoo
TATAMOTORS,5m,2026-09-04T15:15:00+05:30,457.20001220703125,457.3999938964844,456.95001220703125,457.25,63455.0,yahoo
TATAMOTORS,5m,2026-09-04T15:20:00+05:30,457.3500061035156,458.79998779296875,457.3500061035156,458.70001220703125,99491.0,yahoo
TATAMOTORS,5m,2026-09-04T15:25:00+05:30,458.70001220703125,458.8999938964844,456.3999938964844,457.5,136616.0,yahoo
TATASTEEL,5m,2026-09-04T09:15:00+05:30,184.1999969482422,184.47000122070312,183.9499969482422,184.16000366210938,0.0,yahoo
TATASTEEL,5m,2026-09-04T09:20:00+05:30,184.11000061035156,184.3000030517578,184.0800018310547,184.14999389648438,210389.0,yahoo
TATASTEEL,5m,2026-09-04T09:25:00+05:30,184.16000366210938,184.25,183.77999877929688,183.9499969482422,331600.0,yahoo
TATASTEEL,5m,2026-09-04T09:30:00+05:30,184.0,184.08999633789062,183.82000732421875,183.82000732421875,155503.0,yahoo
TATASTEEL,5m,2026-09-04T09:35:00+05:30,183.8000030517578,183.94000244140625,183.7100067138672,183.94000244140625,82888.0,yahoo
TATASTEEL,5m,2026-09-04T09:40:00+05:30,183.9499969482422,184.0,183.8000030517578,183.89999389648438,78783.0,yahoo
TATASTEEL,5m,2026-09-04T09:45:00+05:30,183.89999389648438,184.14999389648438,183.89999389648438,184.08999633789062,75629.0,yahoo
TATASTEEL,5m,2026-09-04T09:50:00+05:30,184.10000610351562,184.10000610351562,183.8800048828125,184.05999755859375,85414.0,yahoo
TATASTEEL,5m,2026-09-04T09:55:00+05:30,184.05999755859375,184.05999755859375,183.9199981689453,183.94000244140625,47533.0,yahoo
TATASTEEL,5m,2026-09-04T10:00:00+05:30,183.99000549316406,184.47999572753906,183.92999267578125,184.1999969482422,207378.0,yahoo
TATASTEEL,5m,2026-09-04T10:05:00+05:30,184.25999450683594,184.3000030517578,184.13999938964844,184.14999389648438,57501.0,yahoo
TATASTEEL,5m,2026-09-04T10:10:00+05:30,184.16000366210938,184.25,184.05999755859375,184.05999755859375,263746.0,yahoo
TATASTEEL,5m,2026-09-04T10:15:00+05:30,184.05999755859375,184.27999877929688,184.05999755859375,184.27999877929688,55702.0,yahoo
TATASTEEL,5m,2026-09-04T10:20:00+05:30,184.27999877929688,184.52000427246094,184.22000122070312,184.30999755859375,384911.0,yahoo
TATASTEEL,5m,2026-09-04T10:25:00+05:30,184.32000732421875,184.35000610351562,184.22999572753906,184.27000427246094,146976.0,yahoo
TATASTEEL,5m,2026-09-04T10:30:00+05:30,184.22999572753906,184.25,184.0500030517578,184.1199951171875,47180.0,yahoo
TATASTEEL,5m,2026-09-04T10:35:00+05:30,184.11000061035156,184.1199951171875,184.02999877929688,184.0800018310547,36389.0,yahoo
TATASTEEL,5m,2026-09-04T10:40:00+05:30,184.0800018310547,184.11000061035156,184.0500030517578,184.0800018310547,37040.0,yahoo
TATASTEEL,5m,2026-09-04T10:45:00+05:30,184.10000610351562,184.52999877929688,184.07000732421875,184.52999877929688,182624.0,yahoo
TATASTEEL,5m,2026-09-04T10:50:00+05:30,184.60000610351562,184.60000610351562,184.1999969482422,184.27999877929688,144590.0,yahoo
TATASTEEL,5m,2026-09-04T10:55:00+05:30,184.35000610351562,184.35000610351562,184.14999389648438,184.1999969482422,42255.0,yahoo
TATASTEEL,5m,2026-09-04T11:00:00+05:30,184.1999969482422,184.1999969482422,184.0,184.10000610351562,81805.0,yahoo
TATASTEEL,5m,2026-09-04T11:05:00+05:30,184.10000610351562,184.22999572753906,184.07000732421875,184.1999969482422,44444.0,yahoo
TATASTEEL,5m,2026-09-04T11:10:00+05:30,184.22999572753906,184.38999938964844,184.19000244140625,184.3300018310547,50392.0,yahoo
TATASTEEL,5m,2026-09-04T11:15:00+05:30,184.38999938964844,184.38999938964844,184.1199951171875,184.19000244140625,32353.0,yahoo
TATASTEEL,5m,2026-09-04T11:20:00+05:30,184.25,184.2899932861328,184.0500030517578,184.14999389648438,56465.0,yahoo
TATASTEEL,5m,2026-09-04T11:25:00+05:30,184.17999267578125,184.2899932861328,184.02999877929688,184.02999877929688,56506.0,yahoo
TATASTEEL,5m,2026-09-04T11:30:00+05:30,184.02999877929688,184.10000610351562,183.89999389648438,184.0,529322.0,yahoo
TATASTEEL,5m,2026-09-04T11:35:00+05:30,184.02999877929688,184.0800018310547,183.85000610351562,183.89999389648438,71189.0,yahoo
TATASTEEL,5m,2026-09-04T11:40:00+05:30,183.85000610351562,184.0,183.63999938964844,183.77999877929688,627759.0,yahoo
TATASTEEL,5m,2026-09-04T11:45:00+05:30,183.82000732421875,183.89999389648438,183.72000122070312,183.85000610351562,44337.0,yahoo
TATASTEEL,5m,2026-09-04T11:50:00+05:30,183.88999938964844,183.88999938964844,183.80999755859375,183.82000732421875,46622.0,yahoo
TATASTEEL,5m,2026-09-04T11:55:00+05:30,183.8699951171875,183.89999389648438,183.25,183.30999755859375,286979.0,yahoo
TATASTEEL,5m,2026-09-04T12:00:00+05:30,183.27000427246094,183.4199981689453,183.11000061035156,183.11000061035156,137962.0,yahoo
TATASTEEL,5m,2026-09-04T12:05:00+05:30,183.16000366210938,183.27000427246094,183.1199951171875,183.17999267578125,113735.0,yahoo
TATASTEEL,5m,2026-09-04T12:10:00+05:30,183.16000366210938,183.16000366210938,182.83999633789062,182.88999938964844,295162.0,yahoo
TATASTEEL,5m,2026-09-04T12:15:00+05:30,182.89999389648438,183.27999877929688,182.89999389648438,183.22000122070312,546250.0,yahoo
TATASTEEL,5m,2026-09-04T12:20:00+05:30,183.22000122070312,183.66000366210938,183.2100067138672,183.55999755859375,236785.0,yahoo
TATASTEEL,5m,2026-09-04T12:25:00+05:30,183.58999633789062,183.6999969482422,183.50999450683594,183.60000610351562,114045.0,yahoo
TATASTEEL,5m,2026-09-04T12:30:00+05:30,183.58999633789062,183.72999572753906,183.50999450683594,183.72000122070312,102593.0,yahoo
TATASTEEL,5m,2026-09-04T12:35:00+05:30,183.72999572753906,183.88999938964844,183.6300048828125,183.8699951171875,77619.0,yahoo
TATASTEEL,5m,2026-09-04T12:40:00+05:30,183.8699951171875,183.89999389648438,183.8699951171875,183.89999389648438,110658.0,yahoo
TATASTEEL,5m,2026-09-04T12:45:00+05:30,183.89999389648438,184.0,183.8699951171875,183.97999572753906,89176.0,yahoo
TATASTEEL,5m,2026-09-04T12:50:00+05:30,183.9600067138672,183.99000549316406,183.8699951171875,183.89999389648438,111802.0,yahoo
TATASTEEL,5m,2026-09-04T12:55:00+05:30,183.94000244140625,183.9499969482422,183.6300048828125,183.75,670619.0,yahoo
TATASTEEL,5m,2026-09-04T13:00:00+05:30,183.75,183.88999938964844,183.7100067138672,183.85000610351562,71366.0,yahoo
TATASTEEL,5m,2026-09-04T13:05:00+05:30,183.8699951171875,184.25,183.83999633789062,184.25,149970.0,yahoo
TATASTEEL,5m,2026-09-04T13:10:00+05:30,184.24000549316406,184.74000549316406,184.14999389648438,184.5500030517578,324735.0,yahoo
TATASTEEL,5m,2026-09-04T13:15:00+05:30,184.5500030517578,184.75,184.44000244140625,184.6300048828125,330434.0,yahoo
TATASTEEL,5m,2026-09-04T13:20:00+05:30,184.6300048828125,184.6699981689453,184.3699951171875,184.61000061035156,266897.0,yahoo
TATASTEEL,5m,2026-09-04T13:25:00+05:30,184.67999267578125,184.67999267578125,184.22999572753906,184.39999389648438,265819.0,yahoo
TATASTEEL,5m,2026-09-04T13:30:00+05:30,184.39999389648438,184.92999267578125,184.27999877929688,184.88999938964844,477677.0,yahoo
TATASTEEL,5m,2026-09-04T13:35:00+05:30,184.91000366210938,185.2899932861328,184.88999938964844,185.0500030517578,573372.0,yahoo
TATASTEEL,5m,2026-09-04T13:40:00+05:30,185.0500030517578,187.4199981689453,185.0,187.36000061035156,2826171.0,yahoo
TATASTEEL,5m,2026-09-04T13:45:00+05:30,187.5399932861328,189.3000030517578,187.5399932861328,189.0,5697357.0,yahoo
TATASTEEL,5m,2026-09-04T13:50:00+05:30,188.99000549316406,189.0,188.5800018310547,188.69000244140625,1507043.0,yahoo
TATASTEEL,5m,2026-09-04T13:55:00+05:30,188.6699981689453,189.4199981689453,188.35000610351562,189.39999389648438,1696633.0,yahoo
TATASTEEL,5m,2026-09-04T14:00:00+05:30,189.47999572753906,189.60000610351562,188.80999755859375,188.80999755859375,1323173.0,yahoo
TATASTEEL,5m,2026-09-04T14:05:00+05:30,188.8000030517578,188.9600067138672,188.61000061035156,188.8800048828125,663835.0,yahoo
TATASTEEL,5m,2026-09-04T14:10:00+05:30,188.88999938964844,188.99000549316406,188.58999633789062,188.9600067138672,617898.0,yahoo
TATASTEEL,5m,2026-09-04T14:15:00+05:30,188.99000549316406,189.0500030517578,188.64999389648438,188.8300018310547,676457.0,yahoo
TATASTEEL,5m,2026-09-04T14:20:00+05:30,188.89999389648438,189.1999969482422,188.8000030517578,189.10000610351562,701416.0,yahoo
TATASTEEL,5m,2026-09-04T14:25:00+05:30,189.10000610351562,189.3000030517578,188.8800048828125,188.8800048828125,520256.0,yahoo
TATASTEEL,5m,2026-09-04T14:30:00+05:30,188.86000061035156,189.14999389648438,188.86000061035156,189.0399932861328,518803.0,yahoo
TATASTEEL,5m,2026-09-04T14:35:00+05:30,189.0399932861328,189.89999389648438,189.02999877929688,189.3000030517578,1489075.0,yahoo
TATASTEEL,5m,2026-09-04T14:40:00+05:30,189.2899932861328,189.30999755859375,188.8800048828125,188.94000244140625,454268.0,yahoo
TATASTEEL,5m,2026-09-04T14:45:00+05:30,188.94000244140625,188.94000244140625,188.6699981689453,188.88999938964844,422390.0,yahoo
TATASTEEL,5m,2026-09-04T14:50:00+05:30,188.88999938964844,188.9499969482422,188.58999633789062,188.75999450683594,729594.0,yahoo
TATASTEEL,5m,2026-09-04T14:55:00+05:30,188.7899932861328,188.83999633789062,188.5800018310547,188.8300018310547,976704.0,yahoo
TATASTEEL,5m,2026-09-04T15:00:00+05:30,188.83999633789062,188.94000244140625,188.80999755859375,188.9199981689453,641166.0,yahoo
TATASTEEL,5m,2026-09-04T15:05:00+05:30,188.91000366210938,189.35000610351562,188.91000366210938,189.2899932861328,1649578.0,yahoo
TATASTEEL,5m,2026-09-04T15:10:00+05:30,189.2899932861328,189.39999389648438,188.9199981689453,189.3000030517578,1990652.0,yahoo
TATASTEEL,5m,2026-09-04T15:15:00+05:30,189.22000122070312,189.22000122070312,188.7899932861328,188.7899932861328,1162457.0,yahoo
TCS,5m,2026-09-04T09:15:00+05:30,2332.300048828125,2363.89990234375,2332.300048828125,2349.699951171875,0.0,yahoo
TCS,5m,2026-09-04T09:20:00+05:30,2349.10009765625,2350.699951171875,2336.0,2336.300048828125,100443.0,yahoo
TCS,5m,2026-09-04T09:25:00+05:30,2336.699951171875,2344.60009765625,2335.0,2340.5,68105.0,yahoo
TCS,5m,2026-09-04T09:30:00+05:30,2340.60009765625,2340.60009765625,2333.0,2333.39990234375,46686.0,yahoo
TCS,5m,2026-09-04T09:35:00+05:30,2332.699951171875,2332.699951171875,2327.0,2328.300048828125,70302.0,yahoo
TCS,5m,2026-09-04T09:40:00+05:30,2328.39990234375,2334.800048828125,2328.199951171875,2333.0,57215.0,yahoo
TCS,5m,2026-09-04T09:45:00+05:30,2333.10009765625,2333.199951171875,2324.0,2325.800048828125,41065.0,yahoo
TCS,5m,2026-09-04T09:50:00+05:30,2325.10009765625,2327.89990234375,2323.699951171875,2327.39990234375,45398.0,yahoo
TCS,5m,2026-09-04T09:55:00+05:30,2327.199951171875,2329.89990234375,2323.300048828125,2324.0,41683.0,yahoo
TCS,5m,2026-09-04T10:00:00+05:30,2324.10009765625,2325.10009765625,2322.60009765625,2324.300048828125,32587.0,yahoo
TCS,5m,2026-09-04T10:05:00+05:30,2324.300048828125,2325.10009765625,2321.800048828125,2323.300048828125,32532.0,yahoo
TCS,5m,2026-09-04T10:10:00+05:30,2323.0,2323.39990234375,2321.0,2321.0,30908.0,yahoo
TCS,5m,2026-09-04T10:15:00+05:30,2321.0,2323.0,2320.39990234375,2321.800048828125,30200.0,yahoo
TCS,5m,2026-09-04T10:20:00+05:30,2321.0,2323.800048828125,2321.0,2321.800048828125,21947.0,yahoo
TCS,5m,2026-09-04T10:25:00+05:30,2321.699951171875,2325.0,2320.699951171875,2324.800048828125,33976.0,yahoo
TCS,5m,2026-09-04T10:30:00+05:30,2324.60009765625,2324.60009765625,2321.10009765625,2322.5,24193.0,yahoo
TCS,5m,2026-09-04T10:35:00+05:30,2322.5,2322.5,2318.39990234375,2319.0,42799.0,yahoo
TCS,5m,2026-09-04T10:40:00+05:30,2319.5,2320.89990234375,2316.60009765625,2320.60009765625,44079.0,yahoo
TCS,5m,2026-09-04T10:45:00+05:30,2320.60009765625,2320.89990234375,2318.800048828125,2319.5,17305.0,yahoo
TCS,5m,2026-09-04T10:50:00+05:30,2319.5,2321.800048828125,2319.199951171875,2321.0,17109.0,yahoo
TCS,5m,2026-09-04T10:55:00+05:30,2321.60009765625,2322.0,2320.199951171875,2321.89990234375,10760.0,yahoo
TCS,5m,2026-09-04T11:00:00+05:30,2322.0,2322.10009765625,2318.89990234375,2319.0,17012.0,yahoo
TCS,5m,2026-09-04T11:05:00+05:30,2319.5,2321.39990234375,2319.199951171875,2319.199951171875,17488.0,yahoo
TCS,5m,2026-09-04T11:10:00+05:30,2319.39990234375,2320.0,2318.0,2319.60009765625,23385.0,yahoo
TCS,5m,2026-09-04T11:15:00+05:30,2319.60009765625,2320.60009765625,2319.0,2320.10009765625,14962.0,yahoo
TCS,5m,2026-09-04T11:20:00+05:30,2320.300048828125,2320.39990234375,2318.0,2318.39990234375,17898.0,yahoo
TCS,5m,2026-09-04T11:25:00+05:30,2318.300048828125,2321.699951171875,2317.39990234375,2321.10009765625,39611.0,yahoo
TCS,5m,2026-09-04T11:30:00+05:30,2321.199951171875,2323.0,2321.10009765625,2321.5,46599.0,yahoo
TCS,5m,2026-09-04T11:35:00+05:30,2321.699951171875,2322.300048828125,2318.0,2318.5,28131.0,yahoo
TCS,5m,2026-09-04T11:40:00+05:30,2318.300048828125,2318.800048828125,2317.39990234375,2318.60009765625,14919.0,yahoo
TCS,5m,2026-09-04T11:45:00+05:30,2319.39990234375,2321.10009765625,2318.199951171875,2319.199951171875,20987.0,yahoo
TCS,5m,2026-09-04T11:50:00+05:30,2319.0,2321.60009765625,2319.0,2321.0,28412.0,yahoo
TCS,5m,2026-09-04T11:55:00+05:30,2321.10009765625,2321.10009765625,2321.0,2321.0,29220.0,yahoo
TCS,5m,2026-09-04T12:00:00+05:30,2320.5,2321.0,2318.199951171875,2318.39990234375,21897.0,yahoo
TCS,5m,2026-09-04T12:05:00+05:30,2318.0,2318.5,2317.60009765625,2318.10009765625,14857.0,yahoo
TCS,5m,2026-09-04T12:10:00+05:30,2318.10009765625,2319.0,2317.5,2317.89990234375,14747.0,yahoo
TCS,5m,2026-09-04T12:15:00+05:30,2317.60009765625,2320.699951171875,2317.10009765625,2319.0,19018.0,yahoo
TCS,5m,2026-09-04T12:20:00+05:30,2319.10009765625,2319.10009765625,2318.0,2318.60009765625,23350.0,yahoo
TCS,5m,2026-09-04T12:25:00+05:30,2318.5,2320.300048828125,2316.300048828125,2316.300048828125,31603.0,yahoo
TCS,5m,2026-09-04T12:30:00+05:30,2316.5,2319.5,2316.10009765625,2317.300048828125,29314.0,yahoo
TCS,5m,2026-09-04T12:35:00+05:30,2317.5,2320.5,2317.5,2319.800048828125,25334.0,yahoo
TCS,5m,2026-09-04T12:40:00+05:30,2319.800048828125,2324.300048828125,2319.800048828125,2321.199951171875,24521.0,yahoo
TCS,5m,2026-09-04T12:45:00+05:30,2321.0,2322.800048828125,2320.300048828125,2320.699951171875,19627.0,yahoo
TCS,5m,2026-09-04T12:50:00+05:30,2320.699951171875,2322.10009765625,2320.0,2320.699951171875,13582.0,yahoo
TCS,5m,2026-09-04T12:55:00+05:30,2320.699951171875,2320.89990234375,2319.800048828125,2320.10009765625,15523.0,yahoo
TCS,5m,2026-09-04T13:00:00+05:30,2320.10009765625,2320.199951171875,2319.300048828125,2320.0,15298.0,yahoo
TCS,5m,2026-09-04T13:05:00+05:30,2320.10009765625,2320.10009765625,2319.89990234375,2320.0,16076.0,yahoo
TCS,5m,2026-09-04T13:10:00+05:30,2320.0,2320.39990234375,2319.699951171875,2320.10009765625,17270.0,yahoo
TCS,5m,2026-09-04T13:15:00+05:30,2320.10009765625,2320.10009765625,2316.699951171875,2316.89990234375,17239.0,yahoo
TCS,5m,2026-09-04T13:20:00+05:30,2317.5,2317.5,2313.300048828125,2315.10009765625,39465.0,yahoo
TCS,5m,2026-09-04T13:25:00+05:30,2315.300048828125,2315.300048828125,2312.89990234375,2312.89990234375,17053.0,yahoo
TCS,5m,2026-09-04T13:30:00+05:30,2312.89990234375,2313.60009765625,2311.0,2311.699951171875,21691.0,yahoo
TCS,5m,2026-09-04T13:35:00+05:30,2311.5,2311.89990234375,2311.300048828125,2311.5,20374.0,yahoo
TCS,5m,2026-09-04T13:40:00+05:30,2311.300048828125,2313.0,2311.199951171875,2313.0,20710.0,yahoo
TCS,5m,2026-09-04T13:45:00+05:30,2313.0,2313.5,2312.0,2312.5,19325.0,yahoo
TCS,5m,2026-09-04T13:50:00+05:30,2312.5,2312.5,2311.0,2311.300048828125,17750.0,yahoo
TCS,5m,2026-09-04T13:55:00+05:30,2311.300048828125,2313.39990234375,2310.0,2313.39990234375,36226.0,yahoo
TCS,5m,2026-09-04T14:00:00+05:30,2313.60009765625,2314.0,2313.0,2313.60009765625,19796.0,yahoo
TCS,5m,2026-09-04T14:05:00+05:30,2313.0,2313.60009765625,2310.0,2310.800048828125,33613.0,yahoo
TCS,5m,2026-09-04T14:10:00+05:30,2311.0,2311.39990234375,2310.0,2310.0,26765.0,yahoo
TCS,5m,2026-09-04T14:15:00+05:30,2310.0,2310.0,2308.5,2309.5,21938.0,yahoo
TCS,5m,2026-09-04T14:20:00+05:30,2309.5,2309.60009765625,2308.0,2308.60009765625,23029.0,yahoo
TCS,5m,2026-09-04T14:25:00+05:30,2308.60009765625,2311.300048828125,2308.5,2310.800048828125,41606.0,yahoo
TCS,5m,2026-09-04T14:30:00+05:30,2310.699951171875,2311.300048828125,2310.0,2310.0,18284.0,yahoo
TCS,5m,2026-09-04T14:35:00+05:30,2310.10009765625,2311.0,2309.0,2309.300048828125,17116.0,yahoo
TCS,5m,2026-09-04T14:40:00+05:30,2309.39990234375,2310.0,2307.60009765625,2307.60009765625,21278.0,yahoo
TCS,5m,2026-09-04T14:45:00+05:30,2307.800048828125,2308.5,2306.60009765625,2307.39990234375,35256.0,yahoo
TCS,5m,2026-09-04T14:50:00+05:30,2307.699951171875,2309.89990234375,2306.60009765625,2309.5,67544.0,yahoo
TCS,5m,2026-09-04T14:55:00+05:30,2309.5,2311.0,2308.39990234375,2309.0,25834.0,yahoo
TCS,5m,2026-09-04T15:00:00+05:30,2308.5,2308.5,2304.199951171875,2304.5,63361.0,yahoo
TCS,5m,2026-09-04T15:05:00+05:30,2304.0,2306.800048828125,2302.5,2306.60009765625,125266.0,yahoo
TCS,5m,2026-09-04T15:10:00+05:30,2306.300048828125,2310.0,2305.699951171875,2309.199951171875,148959.0,yahoo
TCS,5m,2026-09-04T15:15:00+05:30,2309.0,2309.0,2304.0,2304.0,71010.0,yahoo
TECHM,5m,2026-09-04T09:15:00+05:30,1606.0,1623.4000244140625,1606.0,1620.0,0.0,yahoo
TECHM,5m,2026-09-04T09:20:00+05:30,1620.699951171875,1621.5999755859375,1606.5999755859375,1608.300048828125,45916.0,yahoo
TECHM,5m,2026-09-04T09:25:00+05:30,1608.199951171875,1615.0,1605.199951171875,1612.0,19611.0,yahoo
TECHM,5m,2026-09-04T09:30:00+05:30,1612.4000244140625,1612.5999755859375,1607.0,1607.0,15307.0,yahoo
TECHM,5m,2026-09-04T09:35:00+05:30,1607.0999755859375,1607.0999755859375,1603.800048828125,1604.0,17059.0,yahoo
TECHM,5m,2026-09-04T09:40:00+05:30,1604.0,1608.300048828125,1604.0,1607.199951171875,8563.0,yahoo
TECHM,5m,2026-09-04T09:45:00+05:30,1607.199951171875,1607.4000244140625,1604.300048828125,1604.300048828125,3913.0,yahoo
TECHM,5m,2026-09-04T09:50:00+05:30,1604.300048828125,1605.300048828125,1601.0999755859375,1604.800048828125,10521.0,yahoo
TECHM,5m,2026-09-04T09:55:00+05:30,1604.800048828125,1606.9000244140625,1604.0,1605.0999755859375,9540.0,yahoo
TECHM,5m,2026-09-04T10:00:00+05:30,1604.800048828125,1606.5999755859375,1604.800048828125,1606.0,4021.0,yahoo
TECHM,5m,2026-09-04T10:05:00+05:30,1606.4000244140625,1606.5,1601.5,1603.199951171875,12258.0,yahoo
TECHM,5m,2026-09-04T10:10:00+05:30,1603.199951171875,1603.5999755859375,1600.5,1601.0999755859375,9513.0,yahoo
TECHM,5m,2026-09-04T10:15:00+05:30,1601.4000244140625,1602.0,1600.0,1601.699951171875,9845.0,yahoo
TECHM,5m,2026-09-04T10:20:00+05:30,1601.0999755859375,1603.5,1601.0999755859375,1601.5,5501.0,yahoo
TECHM,5m,2026-09-04T10:25:00+05:30,1601.800048828125,1603.5,1601.0999755859375,1603.0,4465.0,yahoo
TECHM,5m,2026-09-04T10:30:00+05:30,1603.0,1603.0,1600.5,1602.5,7556.0,yahoo
TECHM,5m,2026-09-04T10:35:00+05:30,1603.0,1603.0,1599.0,1599.0,9903.0,yahoo
TECHM,5m,2026-09-04T10:40:00+05:30,1599.699951171875,1600.0,1597.300048828125,1600.0,6567.0,yahoo
TECHM,5m,2026-09-04T10:45:00+05:30,1600.0,1600.9000244140625,1599.0,1599.0999755859375,3122.0,yahoo
TECHM,5m,2026-09-04T10:50:00+05:30,1599.199951171875,1599.5999755859375,1599.0999755859375,1599.5999755859375,2314.0,yahoo
TECHM,5m,2026-09-04T10:55:00+05:30,1599.5999755859375,1601.5,1599.0999755859375,1601.5,9284.0,yahoo
TECHM,5m,2026-09-04T11:00:00+05:30,1601.4000244140625,1601.9000244140625,1599.800048828125,1600.9000244140625,7594.0,yahoo
TECHM,5m,2026-09-04T11:05:00+05:30,1601.199951171875,1602.5,1600.5999755859375,1601.0,6313.0,yahoo
TECHM,5m,2026-09-04T11:10:00+05:30,1601.4000244140625,1601.9000244140625,1600.4000244140625,1601.9000244140625,1459.0,yahoo
TECHM,5m,2026-09-04T11:15:00+05:30,1601.9000244140625,1603.199951171875,1601.0999755859375,1603.199951171875,5574.0,yahoo
TECHM,5m,2026-09-04T11:20:00+05:30,1602.300048828125,1602.800048828125,1600.699951171875,1600.800048828125,1366.0,yahoo
TECHM,5m,2026-09-04T11:25:00+05:30,1601.0999755859375,1601.5999755859375,1600.300048828125,1601.0,1032.0,yahoo
TECHM,5m,2026-09-04T11:30:00+05:30,1601.5999755859375,1603.5999755859375,1600.699951171875,1601.9000244140625,5318.0,yahoo
TECHM,5m,2026-09-04T11:35:00+05:30,1601.5999755859375,1603.0,1601.0,1601.0,5182.0,yahoo
TECHM,5m,2026-09-04T11:40:00+05:30,1601.5,1601.5999755859375,1599.199951171875,1601.0,24233.0,yahoo
TECHM,5m,2026-09-04T11:45:00+05:30,1601.199951171875,1602.300048828125,1600.9000244140625,1601.800048828125,17760.0,yahoo
TECHM,5m,2026-09-04T11:50:00+05:30,1602.300048828125,1603.5999755859375,1602.0999755859375,1602.199951171875,4973.0,yahoo
TECHM,5m,2026-09-04T11:55:00+05:30,1602.5999755859375,1603.800048828125,1602.0,1603.0,4890.0,yahoo
TECHM,5m,2026-09-04T12:00:00+05:30,1603.5999755859375,1604.300048828125,1602.300048828125,1602.300048828125,6241.0,yahoo
TECHM,5m,2026-09-04T12:05:00+05:30,1602.5999755859375,1603.199951171875,1602.0,1602.699951171875,2817.0,yahoo
TECHM,5m,2026-09-04T12:10:00+05:30,1602.699951171875,1603.0,1600.5,1602.0999755859375,69449.0,yahoo
TECHM,5m,2026-09-04T12:15:00+05:30,1602.800048828125,1603.0,1602.0999755859375,1602.300048828125,3146.0,yahoo
TECHM,5m,2026-09-04T12:20:00+05:30,1602.699951171875,1603.5999755859375,1601.5,1601.9000244140625,7380.0,yahoo
TECHM,5m,2026-09-04T12:25:00+05:30,1602.0,1603.0,1600.699951171875,1600.699951171875,3021.0,yahoo
TECHM,5m,2026-09-04T12:30:00+05:30,1601.199951171875,1602.199951171875,1600.5,1601.0999755859375,6161.0,yahoo
TECHM,5m,2026-09-04T12:35:00+05:30,1602.0,1602.5999755859375,1601.0999755859375,1602.199951171875,1221.0,yahoo
TECHM,5m,2026-09-04T12:40:00+05:30,1602.5,1604.0,1602.0,1602.199951171875,4263.0,yahoo
TECHM,5m,2026-09-04T12:45:00+05:30,1602.699951171875,1603.0999755859375,1600.199951171875,1600.199951171875,8276.0,yahoo
TECHM,5m,2026-09-04T12:50:00+05:30,1600.9000244140625,1600.9000244140625,1599.4000244140625,1599.5,3265.0,yahoo
TECHM,5m,2026-09-04T12:55:00+05:30,1600.199951171875,1600.800048828125,1599.4000244140625,1600.4000244140625,3331.0,yahoo
TECHM,5m,2026-09-04T13:00:00+05:30,1600.5,1601.0,1599.199951171875,1600.300048828125,5018.0,yahoo
TECHM,5m,2026-09-04T13:05:00+05:30,1600.4000244140625,1600.800048828125,1599.0,1599.800048828125,1559.0,yahoo
TECHM,5m,2026-09-04T13:10:00+05:30,1599.300048828125,1600.699951171875,1596.699951171875,1600.0,10190.0,yahoo
TECHM,5m,2026-09-04T13:15:00+05:30,1599.699951171875,1600.199951171875,1598.5,1598.5999755859375,2315.0,yahoo
TECHM,5m,2026-09-04T13:20:00+05:30,1598.5999755859375,1599.0,1596.5999755859375,1597.5999755859375,8748.0,yahoo
TECHM,5m,2026-09-04T13:25:00+05:30,1598.0,1598.199951171875,1596.0,1596.0,4236.0,yahoo
TECHM,5m,2026-09-04T13:30:00+05:30,1596.5999755859375,1597.0,1593.800048828125,1594.0,18042.0,yahoo
TECHM,5m,2026-09-04T13:35:00+05:30,1594.0,1595.199951171875,1592.699951171875,1594.5999755859375,19040.0,yahoo
TECHM,5m,2026-09-04T13:40:00+05:30,1594.0,1595.0,1593.5999755859375,1594.300048828125,16834.0,yahoo
TECHM,5m,2026-09-04T13:45:00+05:30,1594.9000244140625,1595.199951171875,1593.699951171875,1594.800048828125,26284.0,yahoo
TECHM,5m,2026-09-04T13:50:00+05:30,1595.0999755859375,1595.0999755859375,1594.0,1594.199951171875,7375.0,yahoo
TECHM,5m,2026-09-04T13:55:00+05:30,1594.5999755859375,1594.699951171875,1591.0,1592.0,70251.0,yahoo
TECHM,5m,2026-09-04T14:00:00+05:30,1591.9000244140625,1592.0,1591.199951171875,1591.5999755859375,3869.0,yahoo
TECHM,5m,2026-09-04T14:05:00+05:30,1591.5,1591.9000244140625,1589.199951171875,1590.699951171875,32399.0,yahoo
TECHM,5m,2026-09-04T14:10:00+05:30,1590.699951171875,1591.5,1588.4000244140625,1588.9000244140625,24752.0,yahoo
TECHM,5m,2026-09-04T14:15:00+05:30,1588.699951171875,1588.699951171875,1587.300048828125,1588.0,46985.0,yahoo
TECHM,5m,2026-09-04T14:20:00+05:30,1588.0,1589.300048828125,1587.5999755859375,1587.800048828125,35523.0,yahoo
TECHM,5m,2026-09-04T14:25:00+05:30,1588.0,1588.300048828125,1587.300048828125,1587.5999755859375,18227.0,yahoo
TECHM,5m,2026-09-04T14:30:00+05:30,1587.5999755859375,1588.699951171875,1587.5999755859375,1588.199951171875,40097.0,yahoo
TECHM,5m,2026-09-04T14:35:00+05:30,1587.5999755859375,1590.0,1587.300048828125,1589.800048828125,27122.0,yahoo
TECHM,5m,2026-09-04T14:40:00+05:30,1590.0,1590.0,1589.0,1589.300048828125,10380.0,yahoo
TECHM,5m,2026-09-04T14:45:00+05:30,1589.300048828125,1589.300048828125,1587.300048828125,1588.199951171875,16631.0,yahoo
TECHM,5m,2026-09-04T14:50:00+05:30,1588.199951171875,1589.9000244140625,1588.199951171875,1589.9000244140625,18230.0,yahoo
TECHM,5m,2026-09-04T14:55:00+05:30,1590.0,1590.0,1588.5999755859375,1589.0,17206.0,yahoo
TECHM,5m,2026-09-04T15:00:00+05:30,1588.5999755859375,1588.5999755859375,1587.800048828125,1588.300048828125,27492.0,yahoo
TECHM,5m,2026-09-04T15:05:00+05:30,1588.0,1590.0,1587.0,1589.9000244140625,40767.0,yahoo
TECHM,5m,2026-09-04T15:10:00+05:30,1589.800048828125,1590.0,1587.199951171875,1587.699951171875,49492.0,yahoo
TECHM,5m,2026-09-04T15:15:00+05:30,1588.0,1596.9000244140625,1588.0,1596.9000244140625,83921.0,yahoo
TITAN,5m,2026-09-04T09:15:00+05:30,5005.5,5005.5,4993.0,5003.5,0.0,yahoo
TITAN,5m,2026-09-04T09:20:00+05:30,5005.5,5009.0,4990.0,4995.0,6020.0,yahoo
TITAN,5m,2026-09-04T09:25:00+05:30,4995.0,4997.0,4990.0,4990.0,4927.0,yahoo
TITAN,5m,2026-09-04T09:30:00+05:30,4990.5,5006.0,4990.5,5004.0,12757.0,yahoo
TITAN,5m,2026-09-04T09:35:00+05:30,5007.0,5014.5,5007.0,5014.0,10680.0,yahoo
TITAN,5m,2026-09-04T09:40:00+05:30,5014.0,5022.0,5009.5,5017.0,10986.0,yahoo
TITAN,5m,2026-09-04T09:45:00+05:30,5019.5,5022.0,5013.5,5015.5,4380.0,yahoo
TITAN,5m,2026-09-04T09:50:00+05:30,5015.0,5017.5,5011.0,5015.5,1237.0,yahoo
TITAN,5m,2026-09-04T09:55:00+05:30,5015.0,5017.5,5013.5,5017.5,1538.0,yahoo
TITAN,5m,2026-09-04T10:00:00+05:30,5017.0,5017.5,5012.5,5013.0,1090.0,yahoo
TITAN,5m,2026-09-04T10:05:00+05:30,5016.0,5016.5,5012.0,5016.5,2580.0,yahoo
TITAN,5m,2026-09-04T10:10:00+05:30,5014.5,5016.5,5000.0,5006.0,7864.0,yahoo
TITAN,5m,2026-09-04T10:15:00+05:30,5007.5,5008.0,4997.0,5002.5,3684.0,yahoo
TITAN,5m,2026-09-04T10:20:00+05:30,5002.5,5004.5,4999.5,5000.5,1978.0,yahoo
TITAN,5m,2026-09-04T10:25:00+05:30,5000.5,5006.5,4999.0,5004.5,4133.0,yahoo
TITAN,5m,2026-09-04T10:30:00+05:30,5006.0,5007.0,5001.0,5002.5,2506.0,yahoo
TITAN,5m,2026-09-04T10:35:00+05:30,5002.5,5002.5,4997.0,4999.0,3407.0,yahoo
TITAN,5m,2026-09-04T10:40:00+05:30,4999.0,5008.0,4998.0,5006.0,11166.0,yahoo
TITAN,5m,2026-09-04T10:45:00+05:30,5005.5,5006.5,5002.0,5005.5,1755.0,yahoo
TITAN,5m,2026-09-04T10:50:00+05:30,5005.5,5009.0,5002.5,5009.0,2462.0,yahoo
TITAN,5m,2026-09-04T10:55:00+05:30,5009.0,5011.5,5007.0,5008.0,5600.0,yahoo
TITAN,5m,2026-09-04T11:00:00+05:30,5002.5,5014.5,5002.5,5006.0,8419.0,yahoo
TITAN,5m,2026-09-04T11:05:00+05:30,5006.5,5006.5,5002.0,5005.5,1790.0,yahoo
TITAN,5m,2026-09-04T11:10:00+05:30,5004.0,5006.0,5001.0,5005.0,2803.0,yahoo
TITAN,5m,2026-09-04T11:15:00+05:30,5005.0,5005.0,4998.0,5000.0,4493.0,yahoo
TITAN,5m,2026-09-04T11:20:00+05:30,4999.5,5000.5,4996.5,4997.5,2163.0,yahoo
TITAN,5m,2026-09-04T11:25:00+05:30,4997.5,5003.0,4996.5,4999.5,2243.0,yahoo
TITAN,5m,2026-09-04T11:30:00+05:30,5001.0,5003.0,4996.5,4999.0,3790.0,yahoo
TITAN,5m,2026-09-04T11:35:00+05:30,4999.0,5004.5,4997.0,4999.5,3225.0,yahoo
TITAN,5m,2026-09-04T11:40:00+05:30,5002.5,5005.0,5000.0,5004.5,3297.0,yahoo
TITAN,5m,2026-09-04T11:45:00+05:30,5004.0,5005.0,5001.5,5002.0,3013.0,yahoo
TITAN,5m,2026-09-04T11:50:00+05:30,5002.5,5004.5,4990.0,4995.0,5709.0,yahoo
TITAN,5m,2026-09-04T11:55:00+05:30,4994.5,4996.0,4990.5,4991.5,2352.0,yahoo
TITAN,5m,2026-09-04T12:00:00+05:30,4994.0,4995.5,4990.0,4991.0,2878.0,yahoo
TITAN,5m,2026-09-04T12:05:00+05:30,4990.0,4994.5,4990.0,4993.5,2547.0,yahoo
TITAN,5m,2026-09-04T12:10:00+05:30,4992.0,4992.5,4986.0,4986.0,3136.0,yahoo
TITAN,5m,2026-09-04T12:15:00+05:30,4987.0,4990.0,4985.5,4988.0,1746.0,yahoo
TITAN,5m,2026-09-04T12:20:00+05:30,4988.5,4988.5,4982.0,4983.0,3312.0,yahoo
TITAN,5m,2026-09-04T12:25:00+05:30,4983.0,4983.5,4980.5,4980.5,2007.0,yahoo
TITAN,5m,2026-09-04T12:30:00+05:30,4980.5,4987.0,4980.0,4984.5,3037.0,yahoo
TITAN,5m,2026-09-04T12:35:00+05:30,4985.0,4986.0,4981.0,4982.5,1573.0,yahoo
TITAN,5m,2026-09-04T12:40:00+05:30,4983.0,4988.0,4981.5,4988.0,2142.0,yahoo
TITAN,5m,2026-09-04T12:45:00+05:30,4988.0,4990.0,4985.5,4989.5,2217.0,yahoo
TITAN,5m,2026-09-04T12:50:00+05:30,4987.0,4990.5,4985.0,4985.5,2521.0,yahoo
TITAN,5m,2026-09-04T12:55:00+05:30,4985.5,4988.0,4983.0,4987.0,1999.0,yahoo
TITAN,5m,2026-09-04T13:00:00+05:30,4986.5,4989.5,4986.0,4989.0,2613.0,yahoo
TITAN,5m,2026-09-04T13:05:00+05:30,4988.5,4989.0,4986.0,4989.0,1693.0,yahoo
TITAN,5m,2026-09-04T13:10:00+05:30,4989.5,4994.0,4987.0,4990.0,3108.0,yahoo
TITAN,5m,2026-09-04T13:15:00+05:30,4992.0,4994.5,4989.0,4990.0,2084.0,yahoo
TITAN,5m,2026-09-04T13:20:00+05:30,4991.0,4993.0,4990.0,4992.0,2067.0,yahoo
TITAN,5m,2026-09-04T13:25:00+05:30,4991.0,4992.5,4987.0,4990.0,2409.0,yahoo
TITAN,5m,2026-09-04T13:30:00+05:30,4990.0,4990.0,4986.0,4989.0,2974.0,yahoo
TITAN,5m,2026-09-04T13:35:00+05:30,4989.0,4990.0,4985.0,4987.5,1959.0,yahoo
TITAN,5m,2026-09-04T13:40:00+05:30,4985.5,4995.0,4985.0,4995.0,6155.0,yahoo
TITAN,5m,2026-09-04T13:45:00+05:30,4995.0,4997.5,4993.0,4996.0,1363.0,yahoo
TITAN,5m,2026-09-04T13:50:00+05:30,4995.0,4997.5,4995.0,4996.0,1294.0,yahoo
TITAN,5m,2026-09-04T13:55:00+05:30,4996.0,4996.5,4991.5,4995.0,1182.0,yahoo
TITAN,5m,2026-09-04T14:00:00+05:30,4993.5,4995.5,4986.5,4993.5,9054.0,yahoo
TITAN,5m,2026-09-04T14:05:00+05:30,4993.5,4996.0,4990.0,4992.0,1364.0,yahoo
TITAN,5m,2026-09-04T14:10:00+05:30,4992.5,4994.0,4991.0,4991.0,1099.0,yahoo
TITAN,5m,2026-09-04T14:15:00+05:30,4993.5,4993.5,4988.5,4991.5,2246.0,yahoo
TITAN,5m,2026-09-04T14:20:00+05:30,4991.5,4994.0,4990.5,4993.0,1282.0,yahoo
TITAN,5m,2026-09-04T14:25:00+05:30,4994.0,5003.0,4992.0,5003.0,3959.0,yahoo
TITAN,5m,2026-09-04T14:30:00+05:30,5003.0,5008.5,5001.5,5007.5,5029.0,yahoo
TITAN,5m,2026-09-04T14:35:00+05:30,5007.5,5008.0,5000.5,5000.5,7312.0,yahoo
TITAN,5m,2026-09-04T14:40:00+05:30,5000.5,5005.5,4998.0,5003.0,3937.0,yahoo
TITAN,5m,2026-09-04T14:45:00+05:30,5003.0,5003.0,5000.0,5001.0,2460.0,yahoo
TITAN,5m,2026-09-04T14:50:00+05:30,5001.0,5003.5,5000.0,5003.0,4832.0,yahoo
TITAN,5m,2026-09-04T14:55:00+05:30,5003.0,5015.0,5002.0,5009.5,12542.0,yahoo
TITAN,5m,2026-09-04T15:00:00+05:30,5009.0,5013.0,5009.0,5011.5,6251.0,yahoo
TITAN,5m,2026-09-04T15:05:00+05:30,5012.0,5015.0,5010.0,5014.0,9368.0,yahoo
TITAN,5m,2026-09-04T15:10:00+05:30,5013.5,5019.5,5010.0,5018.0,15695.0,yahoo
TITAN,5m,2026-09-04T15:15:00+05:30,5019.0,5020.0,5019.0,5020.0,11071.0,yahoo
TRENT,5m,2026-09-04T09:15:00+05:30,2849.0,2849.0,2835.10009765625,2836.199951171875,0.0,yahoo
TRENT,5m,2026-09-04T09:20:00+05:30,2837.39990234375,2849.0,2836.199951171875,2847.199951171875,8721.0,yahoo
TRENT,5m,2026-09-04T09:25:00+05:30,2845.60009765625,2850.199951171875,2844.10009765625,2845.0,13252.0,yahoo
TRENT,5m,2026-09-04T09:30:00+05:30,2844.800048828125,2848.39990234375,2840.699951171875,2843.0,9986.0,yahoo
TRENT,5m,2026-09-04T09:35:00+05:30,2842.5,2843.800048828125,2841.300048828125,2841.300048828125,7673.0,yahoo
TRENT,5m,2026-09-04T09:40:00+05:30,2842.5,2873.39990234375,2842.5,2870.199951171875,49164.0,yahoo
TRENT,5m,2026-09-04T09:45:00+05:30,2870.199951171875,2879.0,2870.199951171875,2876.800048828125,34568.0,yahoo
TRENT,5m,2026-09-04T09:50:00+05:30,2877.0,2878.5,2872.0,2875.89990234375,13975.0,yahoo
TRENT,5m,2026-09-04T09:55:00+05:30,2875.10009765625,2877.5,2872.39990234375,2874.89990234375,8066.0,yahoo
TRENT,5m,2026-09-04T10:00:00+05:30,2874.800048828125,2875.5,2871.300048828125,2872.0,7440.0,yahoo
TRENT,5m,2026-09-04T10:05:00+05:30,2871.89990234375,2877.0,2871.5,2875.89990234375,5182.0,yahoo
TRENT,5m,2026-09-04T10:10:00+05:30,2876.0,2877.89990234375,2871.39990234375,2871.39990234375,7356.0,yahoo
TRENT,5m,2026-09-04T10:15:00+05:30,2872.300048828125,2877.0,2871.300048828125,2873.39990234375,12388.0,yahoo
TRENT,5m,2026-09-04T10:20:00+05:30,2873.39990234375,2873.89990234375,2865.60009765625,2868.699951171875,15284.0,yahoo
TRENT,5m,2026-09-04T10:25:00+05:30,2868.699951171875,2869.39990234375,2866.699951171875,2868.0,2767.0,yahoo
TRENT,5m,2026-09-04T10:30:00+05:30,2868.5,2869.699951171875,2867.0,2868.300048828125,2137.0,yahoo
TRENT,5m,2026-09-04T10:35:00+05:30,2868.300048828125,2868.89990234375,2866.0,2868.800048828125,4151.0,yahoo
TRENT,5m,2026-09-04T10:40:00+05:30,2868.60009765625,2868.89990234375,2867.199951171875,2867.800048828125,2071.0,yahoo
TRENT,5m,2026-09-04T10:45:00+05:30,2867.699951171875,2870.89990234375,2866.0,2870.199951171875,5430.0,yahoo
TRENT,5m,2026-09-04T10:50:00+05:30,2870.199951171875,2870.5,2865.800048828125,2867.10009765625,3593.0,yahoo
TRENT,5m,2026-09-04T10:55:00+05:30,2867.199951171875,2867.5,2862.300048828125,2863.60009765625,4043.0,yahoo
TRENT,5m,2026-09-04T11:00:00+05:30,2864.60009765625,2864.60009765625,2858.10009765625,2861.0,6900.0,yahoo
TRENT,5m,2026-09-04T11:05:00+05:30,2861.300048828125,2861.5,2860.0,2860.89990234375,2288.0,yahoo
TRENT,5m,2026-09-04T11:10:00+05:30,2860.300048828125,2860.89990234375,2857.0,2857.5,3832.0,yahoo
TRENT,5m,2026-09-04T11:15:00+05:30,2858.5,2862.0,2857.89990234375,2859.39990234375,3176.0,yahoo
TRENT,5m,2026-09-04T11:20:00+05:30,2859.699951171875,2860.800048828125,2859.39990234375,2859.699951171875,1456.0,yahoo
TRENT,5m,2026-09-04T11:25:00+05:30,2859.699951171875,2875.0,2859.60009765625,2869.5,26460.0,yahoo
TRENT,5m,2026-09-04T11:30:00+05:30,2869.5,2870.0,2865.10009765625,2866.199951171875,2401.0,yahoo
TRENT,5m,2026-09-04T11:35:00+05:30,2865.60009765625,2866.199951171875,2862.60009765625,2865.5,2284.0,yahoo
TRENT,5m,2026-09-04T11:40:00+05:30,2863.699951171875,2864.699951171875,2862.199951171875,2864.0,1671.0,yahoo
TRENT,5m,2026-09-04T11:45:00+05:30,2864.300048828125,2864.300048828125,2862.300048828125,2863.800048828125,683.0,yahoo
TRENT,5m,2026-09-04T11:50:00+05:30,2865.800048828125,2867.0,2865.0,2865.199951171875,2834.0,yahoo
TRENT,5m,2026-09-04T11:55:00+05:30,2866.0,2866.800048828125,2857.699951171875,2857.699951171875,30340.0,yahoo
TRENT,5m,2026-09-04T12:00:00+05:30,2858.800048828125,2859.199951171875,2850.800048828125,2850.89990234375,8316.0,yahoo
TRENT,5m,2026-09-04T12:05:00+05:30,2851.0,2855.89990234375,2850.89990234375,2855.699951171875,4312.0,yahoo
TRENT,5m,2026-09-04T12:10:00+05:30,2853.5,2854.60009765625,2849.0,2849.0,4975.0,yahoo
TRENT,5m,2026-09-04T12:15:00+05:30,2847.5,2849.0,2845.699951171875,2847.10009765625,4713.0,yahoo
TRENT,5m,2026-09-04T12:20:00+05:30,2847.199951171875,2848.300048828125,2845.0,2845.300048828125,3105.0,yahoo
TRENT,5m,2026-09-04T12:25:00+05:30,2845.0,2848.0,2842.0,2845.60009765625,6577.0,yahoo
TRENT,5m,2026-09-04T12:30:00+05:30,2846.0,2847.60009765625,2844.300048828125,2846.300048828125,2717.0,yahoo
TRENT,5m,2026-09-04T12:35:00+05:30,2846.300048828125,2847.60009765625,2845.199951171875,2845.60009765625,2798.0,yahoo
TRENT,5m,2026-09-04T12:40:00+05:30,2845.699951171875,2848.300048828125,2845.5,2845.89990234375,2611.0,yahoo
TRENT,5m,2026-09-04T12:45:00+05:30,2845.60009765625,2847.699951171875,2845.5,2846.300048828125,1093.0,yahoo
TRENT,5m,2026-09-04T12:50:00+05:30,2846.800048828125,2847.199951171875,2845.300048828125,2847.0,1917.0,yahoo
TRENT,5m,2026-09-04T12:55:00+05:30,2846.0,2846.0,2842.0,2844.10009765625,3388.0,yahoo
TRENT,5m,2026-09-04T13:00:00+05:30,2845.0,2847.0,2843.60009765625,2845.199951171875,1722.0,yahoo
TRENT,5m,2026-09-04T13:05:00+05:30,2845.300048828125,2848.39990234375,2844.699951171875,2848.0,2223.0,yahoo
TRENT,5m,2026-09-04T13:10:00+05:30,2848.39990234375,2850.60009765625,2847.5,2848.5,3755.0,yahoo
TRENT,5m,2026-09-04T13:15:00+05:30,2848.60009765625,2849.89990234375,2846.699951171875,2849.0,1468.0,yahoo
TRENT,5m,2026-09-04T13:20:00+05:30,2849.10009765625,2851.0,2848.0,2848.5,2247.0,yahoo
TRENT,5m,2026-09-04T13:25:00+05:30,2849.199951171875,2849.199951171875,2845.199951171875,2845.699951171875,1302.0,yahoo
TRENT,5m,2026-09-04T13:30:00+05:30,2846.0,2846.300048828125,2842.60009765625,2843.39990234375,2339.0,yahoo
TRENT,5m,2026-09-04T13:35:00+05:30,2844.5,2855.0,2843.800048828125,2855.0,4057.0,yahoo
TRENT,5m,2026-09-04T13:40:00+05:30,2854.5,2858.0,2852.199951171875,2857.10009765625,4767.0,yahoo
TRENT,5m,2026-09-04T13:45:00+05:30,2857.39990234375,2860.0,2857.10009765625,2859.300048828125,10458.0,yahoo
TRENT,5m,2026-09-04T13:50:00+05:30,2859.300048828125,2860.0,2855.800048828125,2857.0,10424.0,yahoo
TRENT,5m,2026-09-04T13:55:00+05:30,2857.10009765625,2858.10009765625,2855.5,2856.5,2887.0,yahoo
TRENT,5m,2026-09-04T14:00:00+05:30,2856.699951171875,2871.800048828125,2856.5,2871.5,18883.0,yahoo
TRENT,5m,2026-09-04T14:05:00+05:30,2872.800048828125,2873.0,2860.199951171875,2861.300048828125,5563.0,yahoo
TRENT,5m,2026-09-04T14:10:00+05:30,2861.39990234375,2865.5,2861.39990234375,2865.0,4079.0,yahoo
TRENT,5m,2026-09-04T14:15:00+05:30,2865.10009765625,2865.10009765625,2853.300048828125,2853.60009765625,21561.0,yahoo
TRENT,5m,2026-09-04T14:20:00+05:30,2854.699951171875,2856.10009765625,2853.199951171875,2855.5,4222.0,yahoo
TRENT,5m,2026-09-04T14:25:00+05:30,2856.199951171875,2856.89990234375,2854.39990234375,2855.300048828125,4405.0,yahoo
TRENT,5m,2026-09-04T14:30:00+05:30,2856.0,2858.39990234375,2855.39990234375,2856.60009765625,6360.0,yahoo
TRENT,5m,2026-09-04T14:35:00+05:30,2857.0,2857.300048828125,2850.300048828125,2851.89990234375,8119.0,yahoo
TRENT,5m,2026-09-04T14:40:00+05:30,2851.89990234375,2858.699951171875,2850.89990234375,2855.5,9794.0,yahoo
TRENT,5m,2026-09-04T14:45:00+05:30,2854.800048828125,2856.60009765625,2852.10009765625,2854.10009765625,8012.0,yahoo
TRENT,5m,2026-09-04T14:50:00+05:30,2853.39990234375,2861.699951171875,2851.300048828125,2856.300048828125,21291.0,yahoo
TRENT,5m,2026-09-04T14:55:00+05:30,2856.10009765625,2862.0,2855.60009765625,2861.5,6227.0,yahoo
TRENT,5m,2026-09-04T15:00:00+05:30,2862.0,2864.300048828125,2858.10009765625,2860.10009765625,12065.0,yahoo
TRENT,5m,2026-09-04T15:05:00+05:30,2860.699951171875,2862.300048828125,2857.60009765625,2861.89990234375,10168.0,yahoo
TRENT,5m,2026-09-04T15:10:00+05:30,2861.199951171875,2865.0,2853.0,2859.0,18879.0,yahoo
TRENT,5m,2026-09-04T15:15:00+05:30,2859.199951171875,2859.199951171875,2853.0,2853.0,10032.0,yahoo
ULTRACEMCO,5m,2026-09-04T09:15:00+05:30,11375.0,11433.0,11317.0,11328.0,0.0,yahoo
ULTRACEMCO,5m,2026-09-04T09:20:00+05:30,11326.0,11326.0,11292.0,11316.0,7766.0,yahoo
ULTRACEMCO,5m,2026-09-04T09:25:00+05:30,11314.0,11323.0,11306.0,11310.0,2628.0,yahoo
ULTRACEMCO,5m,2026-09-04T09:30:00+05:30,11310.0,11326.0,11308.0,11325.0,4401.0,yahoo
ULTRACEMCO,5m,2026-09-04T09:35:00+05:30,11325.0,11330.0,11319.0,11330.0,1364.0,yahoo
ULTRACEMCO,5m,2026-09-04T09:40:00+05:30,11330.0,11339.0,11318.0,11339.0,3776.0,yahoo
ULTRACEMCO,5m,2026-09-04T09:45:00+05:30,11339.0,11355.0,11335.0,11341.0,2572.0,yahoo
ULTRACEMCO,5m,2026-09-04T09:50:00+05:30,11336.0,11336.0,11325.0,11333.0,1111.0,yahoo
ULTRACEMCO,5m,2026-09-04T09:55:00+05:30,11332.0,11335.0,11323.0,11325.0,834.0,yahoo
ULTRACEMCO,5m,2026-09-04T10:00:00+05:30,11329.0,11343.0,11328.0,11340.0,2028.0,yahoo
ULTRACEMCO,5m,2026-09-04T10:05:00+05:30,11340.0,11343.0,11324.0,11330.0,2969.0,yahoo
ULTRACEMCO,5m,2026-09-04T10:10:00+05:30,11330.0,11340.0,11328.0,11330.0,1425.0,yahoo
ULTRACEMCO,5m,2026-09-04T10:15:00+05:30,11325.0,11337.0,11321.0,11325.0,2293.0,yahoo
ULTRACEMCO,5m,2026-09-04T10:20:00+05:30,11325.0,11333.0,11324.0,11327.0,1326.0,yahoo
ULTRACEMCO,5m,2026-09-04T10:25:00+05:30,11327.0,11339.0,11327.0,11331.0,891.0,yahoo
ULTRACEMCO,5m,2026-09-04T10:30:00+05:30,11334.0,11334.0,11328.0,11328.0,730.0,yahoo
ULTRACEMCO,5m,2026-09-04T10:35:00+05:30,11329.0,11335.0,11325.0,11335.0,508.0,yahoo
ULTRACEMCO,5m,2026-09-04T10:40:00+05:30,11331.0,11346.0,11331.0,11340.0,1017.0,yahoo
ULTRACEMCO,5m,2026-09-04T10:45:00+05:30,11335.0,11345.0,11335.0,11345.0,655.0,yahoo
ULTRACEMCO,5m,2026-09-04T10:50:00+05:30,11342.0,11357.0,11342.0,11351.0,905.0,yahoo
ULTRACEMCO,5m,2026-09-04T10:55:00+05:30,11351.0,11358.0,11338.0,11341.0,5517.0,yahoo
ULTRACEMCO,5m,2026-09-04T11:00:00+05:30,11345.0,11345.0,11329.0,11330.0,1162.0,yahoo
ULTRACEMCO,5m,2026-09-04T11:05:00+05:30,11332.0,11336.0,11329.0,11330.0,1274.0,yahoo
ULTRACEMCO,5m,2026-09-04T11:10:00+05:30,11329.0,11330.0,11326.0,11329.0,514.0,yahoo
ULTRACEMCO,5m,2026-09-04T11:15:00+05:30,11326.0,11330.0,11326.0,11330.0,393.0,yahoo
ULTRACEMCO,5m,2026-09-04T11:20:00+05:30,11327.0,11330.0,11326.0,11326.0,785.0,yahoo
ULTRACEMCO,5m,2026-09-04T11:25:00+05:30,11327.0,11330.0,11323.0,11330.0,527.0,yahoo
ULTRACEMCO,5m,2026-09-04T11:30:00+05:30,11330.0,11341.0,11325.0,11339.0,3558.0,yahoo
ULTRACEMCO,5m,2026-09-04T11:35:00+05:30,11340.0,11345.0,11334.0,11334.0,2735.0,yahoo
ULTRACEMCO,5m,2026-09-04T11:40:00+05:30,11334.0,11340.0,11333.0,11333.0,887.0,yahoo
ULTRACEMCO,5m,2026-09-04T11:45:00+05:30,11332.0,11339.0,11332.0,11335.0,368.0,yahoo
ULTRACEMCO,5m,2026-09-04T11:50:00+05:30,11338.0,11342.0,11335.0,11342.0,362.0,yahoo
ULTRACEMCO,5m,2026-09-04T11:55:00+05:30,11342.0,11344.0,11338.0,11342.0,1657.0,yahoo
ULTRACEMCO,5m,2026-09-04T12:00:00+05:30,11339.0,11342.0,11326.0,11330.0,2791.0,yahoo
ULTRACEMCO,5m,2026-09-04T12:05:00+05:30,11330.0,11332.0,11318.0,11318.0,780.0,yahoo
ULTRACEMCO,5m,2026-09-04T12:10:00+05:30,11318.0,11321.0,11303.0,11311.0,1464.0,yahoo
ULTRACEMCO,5m,2026-09-04T12:15:00+05:30,11311.0,11311.0,11305.0,11308.0,676.0,yahoo
ULTRACEMCO,5m,2026-09-04T12:20:00+05:30,11309.0,11310.0,11300.0,11303.0,1077.0,yahoo
ULTRACEMCO,5m,2026-09-04T12:25:00+05:30,11303.0,11308.0,11299.0,11300.0,1180.0,yahoo
ULTRACEMCO,5m,2026-09-04T12:30:00+05:30,11303.0,11311.0,11299.0,11311.0,2108.0,yahoo
ULTRACEMCO,5m,2026-09-04T12:35:00+05:30,11309.0,11313.0,11295.0,11295.0,1107.0,yahoo
ULTRACEMCO,5m,2026-09-04T12:40:00+05:30,11300.0,11311.0,11300.0,11306.0,2094.0,yahoo
ULTRACEMCO,5m,2026-09-04T12:45:00+05:30,11306.0,11306.0,11300.0,11306.0,680.0,yahoo
ULTRACEMCO,5m,2026-09-04T12:50:00+05:30,11303.0,11306.0,11296.0,11299.0,402.0,yahoo
ULTRACEMCO,5m,2026-09-04T12:55:00+05:30,11299.0,11300.0,11293.0,11300.0,257.0,yahoo
ULTRACEMCO,5m,2026-09-04T13:00:00+05:30,11300.0,11300.0,11295.0,11299.0,194.0,yahoo
ULTRACEMCO,5m,2026-09-04T13:05:00+05:30,11299.0,11307.0,11298.0,11307.0,602.0,yahoo
ULTRACEMCO,5m,2026-09-04T13:10:00+05:30,11308.0,11314.0,11304.0,11310.0,996.0,yahoo
ULTRACEMCO,5m,2026-09-04T13:15:00+05:30,11312.0,11330.0,11310.0,11326.0,1238.0,yahoo
ULTRACEMCO,5m,2026-09-04T13:20:00+05:30,11326.0,11333.0,11325.0,11328.0,2508.0,yahoo
ULTRACEMCO,5m,2026-09-04T13:25:00+05:30,11329.0,11333.0,11328.0,11330.0,327.0,yahoo
ULTRACEMCO,5m,2026-09-04T13:30:00+05:30,11330.0,11334.0,11330.0,11334.0,1512.0,yahoo
ULTRACEMCO,5m,2026-09-04T13:35:00+05:30,11333.0,11343.0,11333.0,11334.0,4002.0,yahoo
ULTRACEMCO,5m,2026-09-04T13:40:00+05:30,11338.0,11343.0,11334.0,11335.0,2225.0,yahoo
ULTRACEMCO,5m,2026-09-04T13:45:00+05:30,11338.0,11344.0,11336.0,11342.0,728.0,yahoo
ULTRACEMCO,5m,2026-09-04T13:50:00+05:30,11343.0,11343.0,11334.0,11334.0,2033.0,yahoo
ULTRACEMCO,5m,2026-09-04T13:55:00+05:30,11334.0,11343.0,11334.0,11334.0,1423.0,yahoo
ULTRACEMCO,5m,2026-09-04T14:00:00+05:30,11335.0,11339.0,11330.0,11332.0,1456.0,yahoo
ULTRACEMCO,5m,2026-09-04T14:05:00+05:30,11332.0,11355.0,11332.0,11345.0,6565.0,yahoo
ULTRACEMCO,5m,2026-09-04T14:10:00+05:30,11347.0,11350.0,11341.0,11347.0,2844.0,yahoo
ULTRACEMCO,5m,2026-09-04T14:15:00+05:30,11349.0,11360.0,11343.0,11355.0,10026.0,yahoo
ULTRACEMCO,5m,2026-09-04T14:20:00+05:30,11370.0,11379.0,11370.0,11379.0,4412.0,yahoo
ULTRACEMCO,5m,2026-09-04T14:25:00+05:30,11378.0,11394.0,11378.0,11390.0,2789.0,yahoo
ULTRACEMCO,5m,2026-09-04T14:30:00+05:30,11390.0,11398.0,11383.0,11390.0,9692.0,yahoo
ULTRACEMCO,5m,2026-09-04T14:35:00+05:30,11390.0,11423.0,11390.0,11408.0,6938.0,yahoo
ULTRACEMCO,5m,2026-09-04T14:40:00+05:30,11408.0,11409.0,11340.0,11351.0,22978.0,yahoo
ULTRACEMCO,5m,2026-09-04T14:45:00+05:30,11353.0,11372.0,11350.0,11350.0,5317.0,yahoo
ULTRACEMCO,5m,2026-09-04T14:50:00+05:30,11350.0,11360.0,11349.0,11355.0,5927.0,yahoo
ULTRACEMCO,5m,2026-09-04T14:55:00+05:30,11356.0,11356.0,11341.0,11349.0,20821.0,yahoo
ULTRACEMCO,5m,2026-09-04T15:00:00+05:30,11350.0,11352.0,11330.0,11333.0,16199.0,yahoo
ULTRACEMCO,5m,2026-09-04T15:05:00+05:30,11335.0,11346.0,11331.0,11338.0,22240.0,yahoo
ULTRACEMCO,5m,2026-09-04T15:10:00+05:30,11337.0,11375.0,11330.0,11330.0,25756.0,yahoo
ULTRACEMCO,5m,2026-09-04T15:15:00+05:30,11327.0,11408.0,11327.0,11408.0,9892.0,yahoo
UNITDSPR,5m,2026-09-04T09:15:00+05:30,1489.9000244140625,1489.9000244140625,1481.4000244140625,1481.4000244140625,0.0,yahoo
UNITDSPR,5m,2026-09-04T09:20:00+05:30,1480.5999755859375,1484.9000244140625,1480.300048828125,1483.699951171875,6579.0,yahoo
UNITDSPR,5m,2026-09-04T09:25:00+05:30,1483.0,1484.0999755859375,1482.800048828125,1482.9000244140625,538.0,yahoo
UNITDSPR,5m,2026-09-04T09:30:00+05:30,1483.0999755859375,1483.5999755859375,1482.4000244140625,1482.4000244140625,798.0,yahoo
UNITDSPR,5m,2026-09-04T09:35:00+05:30,1483.0,1483.0,1481.0999755859375,1481.9000244140625,559.0,yahoo
UNITDSPR,5m,2026-09-04T09:40:00+05:30,1481.9000244140625,1482.5999755859375,1481.0999755859375,1482.0,1346.0,yahoo
UNITDSPR,5m,2026-09-04T09:45:00+05:30,1482.0,1484.0,1481.9000244140625,1482.5999755859375,519.0,yahoo
UNITDSPR,5m,2026-09-04T09:50:00+05:30,1482.0,1482.5999755859375,1479.5,1482.0,4389.0,yahoo
UNITDSPR,5m,2026-09-04T09:55:00+05:30,1481.5,1482.699951171875,1481.300048828125,1482.699951171875,1532.0,yahoo
UNITDSPR,5m,2026-09-04T10:00:00+05:30,1482.800048828125,1484.0999755859375,1482.800048828125,1484.0999755859375,567.0,yahoo
UNITDSPR,5m,2026-09-04T10:05:00+05:30,1484.0999755859375,1484.300048828125,1482.699951171875,1483.0,505.0,yahoo
UNITDSPR,5m,2026-09-04T10:10:00+05:30,1483.5,1483.5,1480.4000244140625,1480.4000244140625,647.0,yahoo
UNITDSPR,5m,2026-09-04T10:15:00+05:30,1480.5,1483.0,1480.5,1483.0,1183.0,yahoo
UNITDSPR,5m,2026-09-04T10:20:00+05:30,1482.5999755859375,1483.0,1482.5,1483.0,108.0,yahoo
UNITDSPR,5m,2026-09-04T10:25:00+05:30,1482.5,1482.5999755859375,1481.699951171875,1481.800048828125,2426.0,yahoo
UNITDSPR,5m,2026-09-04T10:30:00+05:30,1482.300048828125,1482.300048828125,1479.4000244140625,1479.4000244140625,316.0,yahoo
UNITDSPR,5m,2026-09-04T10:35:00+05:30,1479.4000244140625,1480.699951171875,1476.199951171875,1477.800048828125,3217.0,yahoo
UNITDSPR,5m,2026-09-04T10:40:00+05:30,1477.699951171875,1478.0999755859375,1476.0,1476.0,1141.0,yahoo
UNITDSPR,5m,2026-09-04T10:45:00+05:30,1476.300048828125,1476.4000244140625,1471.699951171875,1472.0,6823.0,yahoo
UNITDSPR,5m,2026-09-04T10:50:00+05:30,1472.5999755859375,1472.5999755859375,1471.300048828125,1471.300048828125,1550.0,yahoo
UNITDSPR,5m,2026-09-04T10:55:00+05:30,1472.300048828125,1473.5,1470.800048828125,1471.5999755859375,1342.0,yahoo
UNITDSPR,5m,2026-09-04T11:00:00+05:30,1471.699951171875,1471.800048828125,1470.300048828125,1471.5,1168.0,yahoo
UNITDSPR,5m,2026-09-04T11:05:00+05:30,1470.199951171875,1472.800048828125,1470.199951171875,1472.800048828125,725.0,yahoo
UNITDSPR,5m,2026-09-04T11:10:00+05:30,1472.4000244140625,1472.4000244140625,1467.0,1467.0999755859375,5814.0,yahoo
UNITDSPR,5m,2026-09-04T11:15:00+05:30,1467.199951171875,1470.0,1467.0999755859375,1469.199951171875,2914.0,yahoo
UNITDSPR,5m,2026-09-04T11:20:00+05:30,1469.199951171875,1471.5999755859375,1468.4000244140625,1469.800048828125,3682.0,yahoo
UNITDSPR,5m,2026-09-04T11:25:00+05:30,1469.800048828125,1471.5,1468.4000244140625,1468.5,3482.0,yahoo
UNITDSPR,5m,2026-09-04T11:30:00+05:30,1468.5,1469.5999755859375,1465.0999755859375,1465.0999755859375,5711.0,yahoo
UNITDSPR,5m,2026-09-04T11:35:00+05:30,1465.199951171875,1467.300048828125,1465.0,1466.5999755859375,7740.0,yahoo
UNITDSPR,5m,2026-09-04T11:40:00+05:30,1466.5999755859375,1468.0,1466.199951171875,1468.0,951.0,yahoo
UNITDSPR,5m,2026-09-04T11:45:00+05:30,1467.300048828125,1468.0,1467.0,1467.0999755859375,1360.0,yahoo
UNITDSPR,5m,2026-09-04T11:50:00+05:30,1467.199951171875,1467.300048828125,1466.0999755859375,1466.199951171875,1827.0,yahoo
UNITDSPR,5m,2026-09-04T11:55:00+05:30,1466.4000244140625,1466.5,1463.5999755859375,1464.0,3227.0,yahoo
UNITDSPR,5m,2026-09-04T12:00:00+05:30,1464.0,1466.699951171875,1464.0,1465.9000244140625,6705.0,yahoo
UNITDSPR,5m,2026-09-04T12:05:00+05:30,1466.4000244140625,1466.800048828125,1465.699951171875,1466.0,1580.0,yahoo
UNITDSPR,5m,2026-09-04T12:10:00+05:30,1466.0,1466.699951171875,1465.300048828125,1466.0,384.0,yahoo
UNITDSPR,5m,2026-09-04T12:15:00+05:30,1465.5,1465.5,1463.0999755859375,1464.5999755859375,2488.0,yahoo
UNITDSPR,5m,2026-09-04T12:20:00+05:30,1464.199951171875,1465.300048828125,1464.0,1464.4000244140625,2454.0,yahoo
UNITDSPR,5m,2026-09-04T12:25:00+05:30,1464.0999755859375,1465.5,1463.9000244140625,1465.5,1118.0,yahoo
UNITDSPR,5m,2026-09-04T12:30:00+05:30,1464.800048828125,1468.4000244140625,1464.800048828125,1467.699951171875,1775.0,yahoo
UNITDSPR,5m,2026-09-04T12:35:00+05:30,1468.0999755859375,1471.0,1467.9000244140625,1470.300048828125,5715.0,yahoo
UNITDSPR,5m,2026-09-04T12:40:00+05:30,1470.4000244140625,1471.5999755859375,1470.0,1470.5,1883.0,yahoo
UNITDSPR,5m,2026-09-04T12:45:00+05:30,1470.4000244140625,1471.4000244140625,1470.0,1471.0,1102.0,yahoo
UNITDSPR,5m,2026-09-04T12:50:00+05:30,1471.0,1471.300048828125,1470.0,1470.0,477.0,yahoo
UNITDSPR,5m,2026-09-04T12:55:00+05:30,1470.0,1470.300048828125,1468.300048828125,1469.800048828125,30072.0,yahoo
UNITDSPR,5m,2026-09-04T13:00:00+05:30,1470.0,1470.300048828125,1469.5,1470.0,4103.0,yahoo
UNITDSPR,5m,2026-09-04T13:05:00+05:30,1470.0,1470.0999755859375,1470.0,1470.0,11671.0,yahoo
UNITDSPR,5m,2026-09-04T13:10:00+05:30,1470.0999755859375,1472.800048828125,1470.0,1472.800048828125,3558.0,yahoo
UNITDSPR,5m,2026-09-04T13:15:00+05:30,1472.4000244140625,1472.5,1470.699951171875,1471.0999755859375,1459.0,yahoo
UNITDSPR,5m,2026-09-04T13:20:00+05:30,1470.699951171875,1472.0,1470.699951171875,1471.300048828125,1506.0,yahoo
UNITDSPR,5m,2026-09-04T13:25:00+05:30,1471.199951171875,1471.699951171875,1470.0,1470.0,1411.0,yahoo
UNITDSPR,5m,2026-09-04T13:30:00+05:30,1470.300048828125,1470.5999755859375,1469.0,1469.0,5638.0,yahoo
UNITDSPR,5m,2026-09-04T13:35:00+05:30,1469.0999755859375,1469.4000244140625,1468.0,1468.0999755859375,1354.0,yahoo
UNITDSPR,5m,2026-09-04T13:40:00+05:30,1468.300048828125,1468.4000244140625,1467.199951171875,1467.5,1073.0,yahoo
UNITDSPR,5m,2026-09-04T13:45:00+05:30,1467.5999755859375,1470.4000244140625,1466.5999755859375,1470.0999755859375,5611.0,yahoo
UNITDSPR,5m,2026-09-04T13:50:00+05:30,1469.800048828125,1470.5,1469.4000244140625,1470.0,2734.0,yahoo
UNITDSPR,5m,2026-09-04T13:55:00+05:30,1470.0999755859375,1470.5,1467.9000244140625,1469.5999755859375,17158.0,yahoo
UNITDSPR,5m,2026-09-04T14:00:00+05:30,1469.9000244140625,1470.300048828125,1469.5999755859375,1470.199951171875,3408.0,yahoo
UNITDSPR,5m,2026-09-04T14:05:00+05:30,1470.0,1471.199951171875,1470.0,1471.199951171875,3886.0,yahoo
UNITDSPR,5m,2026-09-04T14:10:00+05:30,1470.699951171875,1471.0999755859375,1470.0999755859375,1470.0999755859375,1190.0,yahoo
UNITDSPR,5m,2026-09-04T14:15:00+05:30,1470.300048828125,1470.5999755859375,1470.0,1470.199951171875,1205.0,yahoo
UNITDSPR,5m,2026-09-04T14:20:00+05:30,1470.0,1473.0999755859375,1470.0,1472.5,4884.0,yahoo
UNITDSPR,5m,2026-09-04T14:25:00+05:30,1472.4000244140625,1473.0999755859375,1472.0,1473.0,2962.0,yahoo
UNITDSPR,5m,2026-09-04T14:30:00+05:30,1472.9000244140625,1475.0,1472.0999755859375,1475.0,9768.0,yahoo
UNITDSPR,5m,2026-09-04T14:35:00+05:30,1474.9000244140625,1477.300048828125,1472.800048828125,1475.5,22590.0,yahoo
UNITDSPR,5m,2026-09-04T14:40:00+05:30,1475.300048828125,1475.699951171875,1475.0,1475.4000244140625,19640.0,yahoo
UNITDSPR,5m,2026-09-04T14:45:00+05:30,1475.4000244140625,1475.699951171875,1472.5999755859375,1473.300048828125,18396.0,yahoo
UNITDSPR,5m,2026-09-04T14:50:00+05:30,1472.699951171875,1473.199951171875,1471.5999755859375,1471.5999755859375,14999.0,yahoo
UNITDSPR,5m,2026-09-04T14:55:00+05:30,1471.199951171875,1473.0,1471.199951171875,1472.699951171875,9830.0,yahoo
UNITDSPR,5m,2026-09-04T15:00:00+05:30,1472.0999755859375,1472.0999755859375,1470.5999755859375,1471.0,12545.0,yahoo
UNITDSPR,5m,2026-09-04T15:05:00+05:30,1470.699951171875,1471.300048828125,1469.199951171875,1470.800048828125,18000.0,yahoo
UNITDSPR,5m,2026-09-04T15:10:00+05:30,1471.0,1472.199951171875,1465.5999755859375,1465.5999755859375,14943.0,yahoo
UNITDSPR,5m,2026-09-04T15:15:00+05:30,1465.0,1471.699951171875,1465.0,1471.699951171875,7263.0,yahoo
VEDL,5m,2026-09-04T09:15:00+05:30,272.0,272.0,270.25,270.8500061035156,0.0,yahoo
VEDL,5m,2026-09-04T09:20:00+05:30,270.8999938964844,271.79998779296875,270.8999938964844,270.8999938964844,125547.0,yahoo
VEDL,5m,2026-09-04T09:25:00+05:30,270.79998779296875,270.79998779296875,270.1000061035156,270.20001220703125,72265.0,yahoo
VEDL,5m,2026-09-04T09:30:00+05:30,270.29998779296875,270.70001220703125,270.29998779296875,270.54998779296875,98482.0,yahoo
VEDL,5m,2026-09-04T09:35:00+05:30,270.54998779296875,270.6000061035156,270.3500061035156,270.6000061035156,45834.0,yahoo
VEDL,5m,2026-09-04T09:40:00+05:30,270.6499938964844,270.70001220703125,269.75,269.75,127165.0,yahoo
VEDL,5m,2026-09-04T09:45:00+05:30,269.75,269.8500061035156,269.29998779296875,269.3500061035156,65027.0,yahoo
VEDL,5m,2026-09-04T09:50:00+05:30,269.3500061035156,269.5,269.1499938964844,269.1499938964844,58507.0,yahoo
VEDL,5m,2026-09-04T09:55:00+05:30,269.25,269.3999938964844,268.8500061035156,269.25,139474.0,yahoo
VEDL,5m,2026-09-04T10:00:00+05:30,269.1000061035156,269.8999938964844,269.1000061035156,269.6000061035156,65460.0,yahoo
VEDL,5m,2026-09-04T10:05:00+05:30,269.6000061035156,269.70001220703125,269.29998779296875,269.29998779296875,40091.0,yahoo
VEDL,5m,2026-09-04T10:10:00+05:30,269.29998779296875,269.6000061035156,269.29998779296875,269.54998779296875,45535.0,yahoo
VEDL,5m,2026-09-04T10:15:00+05:30,269.54998779296875,269.8500061035156,269.45001220703125,269.8500061035156,55268.0,yahoo
VEDL,5m,2026-09-04T10:20:00+05:30,269.8500061035156,270.0,269.6000061035156,269.6000061035156,113905.0,yahoo
VEDL,5m,2026-09-04T10:25:00+05:30,269.70001220703125,269.8999938964844,269.54998779296875,269.70001220703125,35119.0,yahoo
VEDL,5m,2026-09-04T10:30:00+05:30,269.70001220703125,270.0,269.54998779296875,269.8500061035156,122617.0,yahoo
VEDL,5m,2026-09-04T10:35:00+05:30,269.79998779296875,270.45001220703125,269.75,270.3500061035156,61307.0,yahoo
VEDL,5m,2026-09-04T10:40:00+05:30,270.45001220703125,270.54998779296875,270.29998779296875,270.29998779296875,54376.0,yahoo
VEDL,5m,2026-09-04T10:45:00+05:30,270.29998779296875,271.79998779296875,270.29998779296875,271.79998779296875,142898.0,yahoo
VEDL,5m,2026-09-04T10:50:00+05:30,271.70001220703125,271.79998779296875,270.70001220703125,271.0,61975.0,yahoo
VEDL,5m,2026-09-04T10:55:00+05:30,271.0,271.0,270.5,270.5,46575.0,yahoo
VEDL,5m,2026-09-04T11:00:00+05:30,270.45001220703125,270.8999938964844,270.3999938964844,270.70001220703125,50311.0,yahoo
VEDL,5m,2026-09-04T11:05:00+05:30,270.70001220703125,271.0,270.6000061035156,271.0,38895.0,yahoo
VEDL,5m,2026-09-04T11:10:00+05:30,270.8999938964844,271.45001220703125,270.79998779296875,271.3999938964844,66123.0,yahoo
VEDL,5m,2026-09-04T11:15:00+05:30,271.3500061035156,271.3500061035156,270.75,271.1499938964844,58575.0,yahoo
VEDL,5m,2026-09-04T11:20:00+05:30,271.20001220703125,271.20001220703125,270.95001220703125,271.0,27266.0,yahoo
VEDL,5m,2026-09-04T11:25:00+05:30,271.04998779296875,271.1499938964844,270.79998779296875,271.1000061035156,57910.0,yahoo
VEDL,5m,2026-09-04T11:30:00+05:30,271.1000061035156,271.1000061035156,270.70001220703125,270.70001220703125,32774.0,yahoo
VEDL,5m,2026-09-04T11:35:00+05:30,270.70001220703125,271.25,270.70001220703125,270.70001220703125,51931.0,yahoo
VEDL,5m,2026-09-04T11:40:00+05:30,270.70001220703125,271.25,270.6000061035156,271.0,79461.0,yahoo
VEDL,5m,2026-09-04T11:45:00+05:30,271.1000061035156,271.1000061035156,270.6000061035156,270.70001220703125,24852.0,yahoo
VEDL,5m,2026-09-04T11:50:00+05:30,270.70001220703125,271.1000061035156,270.6000061035156,271.1000061035156,53773.0,yahoo
VEDL,5m,2026-09-04T11:55:00+05:30,271.04998779296875,271.25,270.75,270.8500061035156,40657.0,yahoo
VEDL,5m,2026-09-04T12:00:00+05:30,270.8500061035156,270.8500061035156,270.5,270.5,26513.0,yahoo
VEDL,5m,2026-09-04T12:05:00+05:30,270.6000061035156,271.5,270.3500061035156,271.1499938964844,87607.0,yahoo
VEDL,5m,2026-09-04T12:10:00+05:30,271.1499938964844,271.20001220703125,270.6499938964844,270.75,35454.0,yahoo
VEDL,5m,2026-09-04T12:15:00+05:30,270.79998779296875,270.95001220703125,270.6000061035156,270.6499938964844,38037.0,yahoo
VEDL,5m,2026-09-04T12:20:00+05:30,270.6000061035156,270.70001220703125,270.25,270.54998779296875,51431.0,yahoo
VEDL,5m,2026-09-04T12:25:00+05:30,270.54998779296875,270.95001220703125,270.3999938964844,270.6000061035156,55312.0,yahoo
VEDL,5m,2026-09-04T12:30:00+05:30,270.54998779296875,270.54998779296875,270.04998779296875,270.1499938964844,42951.0,yahoo
VEDL,5m,2026-09-04T12:35:00+05:30,270.04998779296875,270.1499938964844,270.0,270.04998779296875,25919.0,yahoo
VEDL,5m,2026-09-04T12:40:00+05:30,270.04998779296875,270.20001220703125,270.0,270.1000061035156,39791.0,yahoo
VEDL,5m,2026-09-04T12:45:00+05:30,270.0,270.1000061035156,270.0,270.1000061035156,21215.0,yahoo
VEDL,5m,2026-09-04T12:50:00+05:30,270.1000061035156,270.1000061035156,269.95001220703125,270.0,40327.0,yahoo
VEDL,5m,2026-09-04T12:55:00+05:30,270.25,270.3999938964844,270.1000061035156,270.1499938964844,32071.0,yahoo
VEDL,5m,2026-09-04T13:00:00+05:30,270.1000061035156,270.3999938964844,270.1000061035156,270.25,20446.0,yahoo
VEDL,5m,2026-09-04T13:05:00+05:30,270.25,270.79998779296875,270.1000061035156,270.75,46092.0,yahoo
VEDL,5m,2026-09-04T13:10:00+05:30,270.70001220703125,271.3500061035156,270.70001220703125,270.95001220703125,56645.0,yahoo
VEDL,5m,2026-09-04T13:15:00+05:30,271.0,271.70001220703125,270.8999938964844,271.29998779296875,100418.0,yahoo
VEDL,5m,2026-09-04T13:20:00+05:30,271.25,272.5,271.25,271.8500061035156,193011.0,yahoo
VEDL,5m,2026-09-04T13:25:00+05:30,271.95001220703125,272.25,271.75,271.79998779296875,60105.0,yahoo
VEDL,5m,2026-09-04T13:30:00+05:30,271.79998779296875,271.95001220703125,271.5,271.8500061035156,45336.0,yahoo
VEDL,5m,2026-09-04T13:35:00+05:30,271.8500061035156,272.3500061035156,271.79998779296875,272.04998779296875,55577.0,yahoo
VEDL,5m,2026-09-04T13:40:00+05:30,272.1499938964844,272.79998779296875,272.04998779296875,272.75,100021.0,yahoo
VEDL,5m,2026-09-04T13:45:00+05:30,272.79998779296875,273.5,272.6000061035156,273.5,179784.0,yahoo
VEDL,5m,2026-09-04T13:50:00+05:30,273.20001220703125,273.25,272.75,272.8500061035156,54555.0,yahoo
VEDL,5m,2026-09-04T13:55:00+05:30,272.8500061035156,274.0,272.75,273.70001220703125,145201.0,yahoo
VEDL,5m,2026-09-04T14:00:00+05:30,273.8500061035156,274.0,273.3999938964844,273.6499938964844,237244.0,yahoo
VEDL,5m,2026-09-04T14:05:00+05:30,273.70001220703125,273.75,273.04998779296875,273.1499938964844,118549.0,yahoo
VEDL,5m,2026-09-04T14:10:00+05:30,273.1000061035156,273.1499938964844,272.6000061035156,272.75,52144.0,yahoo
VEDL,5m,2026-09-04T14:15:00+05:30,272.75,272.75,272.3999938964844,272.70001220703125,43956.0,yahoo
VEDL,5m,2026-09-04T14:20:00+05:30,272.6499938964844,272.8999938964844,272.45001220703125,272.8999938964844,121416.0,yahoo
VEDL,5m,2026-09-04T14:25:00+05:30,272.8999938964844,273.0,272.79998779296875,272.95001220703125,28521.0,yahoo
VEDL,5m,2026-09-04T14:30:00+05:30,272.8999938964844,273.95001220703125,272.75,273.8500061035156,184881.0,yahoo
VEDL,5m,2026-09-04T14:35:00+05:30,273.70001220703125,274.5,273.29998779296875,273.3999938964844,196423.0,yahoo
VEDL,5m,2026-09-04T14:40:00+05:30,273.3999938964844,273.54998779296875,273.20001220703125,273.29998779296875,70977.0,yahoo
VEDL,5m,2026-09-04T14:45:00+05:30,273.20001220703125,273.29998779296875,272.75,273.1000061035156,72615.0,yahoo
VEDL,5m,2026-09-04T14:50:00+05:30,273.1000061035156,273.1499938964844,272.75,272.8500061035156,82787.0,yahoo
VEDL,5m,2026-09-04T14:55:00+05:30,272.8500061035156,272.95001220703125,272.5,272.54998779296875,139760.0,yahoo
VEDL,5m,2026-09-04T15:00:00+05:30,272.54998779296875,272.8999938964844,272.54998779296875,272.79998779296875,140939.0,yahoo
VEDL,5m,2026-09-04T15:05:00+05:30,272.75,272.79998779296875,272.3999938964844,272.3999938964844,165240.0,yahoo
VEDL,5m,2026-09-04T15:10:00+05:30,272.3500061035156,272.6000061035156,272.0,272.25,235577.0,yahoo
VEDL,5m,2026-09-04T15:15:00+05:30,272.6000061035156,272.6000061035156,272.1000061035156,272.1000061035156,89152.0,yahoo
