trade_id,setup_id,strategy_version,created_at,updated_at,symbol,interval,direction,pattern,setup_label,status,result,breakout_level,level_name,entry_price,entry_trigger_rule,sl,risk,target,trigger_time,trigger_time_display,entry_execution_source,entry_candle_close,sl_activation,exit_time,exit_price,exit_reason,r_multiple,trigger_index,setup_candles,confirmation_candle,trigger_candle,notes
V2|APOLLOHOSP|5m|2026-09-24T10:50:00+05:30|SHORT|TRIGGER|2026-09-24T11:10:00+05:30,V2|APOLLOHOSP|5m|2026-09-24T10:50:00+05:30|SHORT,V2_NEXT_CANDLE_4_CANDLE_LEVEL,2026-09-24T15:02:52.933720+05:30,2026-09-24T15:02:52.952504+05:30,APOLLOHOSP,5m,SHORT,3 RED → GREEN → NEXT-CANDLE LOW BREAKDOWN,3 Red → Green,CLOSED,TARGET_HIT,8983.5,4-Candle Lowest Low,8983.5,NEXT_CANDLE_CROSS,8993.5,10.0,8963.5,2026-09-24T11:10:00+05:30,24-09-2026 11:10:00 AM,CURRENT_FEED_OHLC_THEORETICAL_LEVEL,8980.0,2026-09-24T11:15:00+05:30,2026-09-24T11:40:00+05:30,8963.5,1:2 target reached after SL activation.,2.0,4,"[{""time"": ""2026-09-24T10:50:00+05:30"", ""time_display"": ""24-09-2026 10:50:00 AM"", ""closed_at"": ""2026-09-24T10:55:00+05:30"", ""closed_at_display"": ""24-09-2026 10:55:00 AM"", ""open"": 8997.0, ""high"": 9001.5, ""low"": 8992.0, ""close"": 8992.0, ""type"": ""RED"", ""closed"": true}, {""time"": ""2026-09-24T10:55:00+05:30"", ""time_display"": ""24-09-2026 10:55:00 AM"", ""closed_at"": ""2026-09-24T11:00:00+05:30"", ""closed_at_display"": ""24-09-2026 11:00:00 AM"", ""open"": 8992.0, ""high"": 8999.0, ""low"": 8984.5, ""close"": 8989.5, ""type"": ""RED"", ""closed"": true}, {""time"": ""2026-09-24T11:00:00+05:30"", ""time_display"": ""24-09-2026 11:00:00 AM"", ""closed_at"": ""2026-09-24T11:05:00+05:30"", ""closed_at_display"": ""24-09-2026 11:05:00 AM"", ""open"": 8987.0, ""high"": 8992.0, ""low"": 8985.0, ""close"": 8986.5, ""type"": ""RED"", ""closed"": true}]","{""time"": ""2026-09-24T11:05:00+05:30"", ""time_display"": ""24-09-2026 11:05:00 AM"", ""closed_at"": ""2026-09-24T11:10:00+05:30"", ""closed_at_display"": ""24-09-2026 11:10:00 AM"", ""open"": 8987.0, ""high"": 8993.5, ""low"": 8983.5, ""close"": 8988.5, ""type"": ""GREEN"", ""closed"": true}","{""time"": ""2026-09-24T11:10:00+05:30"", ""time_display"": ""24-09-2026 11:10:00 AM"", ""closed_at"": ""2026-09-24T11:15:00+05:30"", ""closed_at_display"": ""24-09-2026 11:15:00 AM"", ""open"": 8988.5, ""high"": 8991.0, ""low"": 8980.0, ""close"": 8980.0, ""type"": ""RED"", ""closed"": true}","[""Trigger is restricted to the immediate candle after the four-candle pattern."", ""OHLC cannot determine an exact tick such as level + 0.05; entry is recorded at the crossed level."", ""SL is active only after the trigger candle closes.""]"
V2|ASIANPAINT|5m|2026-09-24T11:40:00+05:30|LONG|TRIGGER|2026-09-24T12:00:00+05:30,V2|ASIANPAINT|5m|2026-09-24T11:40:00+05:30|LONG,V2_NEXT_CANDLE_4_CANDLE_LEVEL,2026-09-24T15:02:52.956513+05:30,2026-09-24T15:02:52.985979+05:30,ASIANPAINT,5m,LONG,3 GREEN → RED → NEXT-CANDLE HIGH BREAKOUT,3 Green → Red,CLOSED,SL_HIT,2430.1,4-Candle Highest High,2430.1,NEXT_CANDLE_CROSS,2427.0,3.1,2436.3,2026-09-24T12:00:00+05:30,24-09-2026 12:00:00 PM,CURRENT_FEED_OHLC_THEORETICAL_LEVEL,2430.1,2026-09-24T12:05:00+05:30,2026-09-24T12:30:00+05:30,2427.0,Stop-loss reached after SL activation.,-1.0,14,"[{""time"": ""2026-09-24T11:40:00+05:30"", ""time_display"": ""24-09-2026 11:40:00 AM"", ""closed_at"": ""2026-09-24T11:45:00+05:30"", ""closed_at_display"": ""24-09-2026 11:45:00 AM"", ""open"": 2428.7, ""high"": 2429.9, ""low"": 2428.2, ""close"": 2429.1, ""type"": ""GREEN"", ""closed"": true}, {""time"": ""2026-09-24T11:45:00+05:30"", ""time_display"": ""24-09-2026 11:45:00 AM"", ""closed_at"": ""2026-09-24T11:50:00+05:30"", ""closed_at_display"": ""24-09-2026 11:50:00 AM"", ""open"": 2428.3, ""high"": 2430.1, ""low"": 2428.3, ""close"": 2428.8, ""type"": ""GREEN"", ""closed"": true}, {""time"": ""2026-09-24T11:50:00+05:30"", ""time_display"": ""24-09-2026 11:50:00 AM"", ""closed_at"": ""2026-09-24T11:55:00+05:30"", ""closed_at_display"": ""24-09-2026 11:55:00 AM"", ""open"": 2428.7, ""high"": 2429.4, ""low"": 2426.4, ""close"": 2429.4, ""type"": ""GREEN"", ""closed"": true}]","{""time"": ""2026-09-24T11:55:00+05:30"", ""time_display"": ""24-09-2026 11:55:00 AM"", ""closed_at"": ""2026-09-24T12:00:00+05:30"", ""closed_at_display"": ""24-09-2026 12:00:00 PM"", ""open"": 2429.4, ""high"": 2430.0, ""low"": 2427.0, ""close"": 2428.2, ""type"": ""RED"", ""closed"": true}","{""time"": ""2026-09-24T12:00:00+05:30"", ""time_display"": ""24-09-2026 12:00:00 PM"", ""closed_at"": ""2026-09-24T12:05:00+05:30"", ""closed_at_display"": ""24-09-2026 12:05:00 PM"", ""open"": 2428.8, ""high"": 2431.2, ""low"": 2427.0, ""close"": 2430.1, ""type"": ""GREEN"", ""closed"": true}","[""Trigger is restricted to the immediate candle after the four-candle pattern."", ""OHLC cannot determine an exact tick such as level + 0.05; entry is recorded at the crossed level."", ""SL is active only after the trigger candle closes.""]"
V2|AXISBANK|5m|2026-09-24T14:25:00+05:30|LONG|TRIGGER|2026-09-24T14:45:00+05:30,V2|AXISBANK|5m|2026-09-24T14:25:00+05:30|LONG,V2_NEXT_CANDLE_4_CANDLE_LEVEL,2026-09-24T15:02:53.001466+05:30,2026-09-24T15:02:53.042127+05:30,AXISBANK,5m,LONG,3 GREEN → RED → NEXT-CANDLE HIGH BREAKOUT,3 Green → Red,CLOSED,TARGET_HIT,1184.0,4-Candle Highest High,1184.0,NEXT_CANDLE_CROSS,1181.2,2.8,1189.6,2026-09-24T14:45:00+05:30,24-09-2026 02:45:00 PM,CURRENT_FEED_OHLC_THEORETICAL_LEVEL,1184.0,2026-09-24T14:50:00+05:30,2026-09-24T14:55:00+05:30,1189.6,1:2 target reached after SL activation.,2.0,47,"[{""time"": ""2026-09-24T14:25:00+05:30"", ""time_display"": ""24-09-2026 02:25:00 PM"", ""closed_at"": ""2026-09-24T14:30:00+05:30"", ""closed_at_display"": ""24-09-2026 02:30:00 PM"", ""open"": 1178.1, ""high"": 1179.8, ""low"": 1177.6, ""close"": 1179.1, ""type"": ""GREEN"", ""closed"": true}, {""time"": ""2026-09-24T14:30:00+05:30"", ""time_display"": ""24-09-2026 02:30:00 PM"", ""closed_at"": ""2026-09-24T14:35:00+05:30"", ""closed_at_display"": ""24-09-2026 02:35:00 PM"", ""open"": 1179.1, ""high"": 1180.8, ""low"": 1178.5, ""close"": 1179.3, ""type"": ""GREEN"", ""closed"": true}, {""time"": ""2026-09-24T14:35:00+05:30"", ""time_display"": ""24-09-2026 02:35:00 PM"", ""closed_at"": ""2026-09-24T14:40:00+05:30"", ""closed_at_display"": ""24-09-2026 02:40:00 PM"", ""open"": 1179.7, ""high"": 1184.0, ""low"": 1179.0, ""close"": 1183.5, ""type"": ""GREEN"", ""closed"": true}]","{""time"": ""2026-09-24T14:40:00+05:30"", ""time_display"": ""24-09-2026 02:40:00 PM"", ""closed_at"": ""2026-09-24T14:45:00+05:30"", ""closed_at_display"": ""24-09-2026 02:45:00 PM"", ""open"": 1183.5, ""high"": 1183.6, ""low"": 1181.2, ""close"": 1183.2, ""type"": ""RED"", ""closed"": true}","{""time"": ""2026-09-24T14:45:00+05:30"", ""time_display"": ""24-09-2026 02:45:00 PM"", ""closed_at"": ""2026-09-24T14:50:00+05:30"", ""closed_at_display"": ""24-09-2026 02:50:00 PM"", ""open"": 1183.3, ""high"": 1184.5, ""low"": 1182.7, ""close"": 1184.0, ""type"": ""GREEN"", ""closed"": true}","[""Trigger is restricted to the immediate candle after the four-candle pattern."", ""OHLC cannot determine an exact tick such as level + 0.05; entry is recorded at the crossed level."", ""SL is active only after the trigger candle closes.""]"
V2|BAJAJ-AUTO|5m|2026-09-24T12:35:00+05:30|SHORT|TRIGGER|2026-09-24T12:55:00+05:30,V2|BAJAJ-AUTO|5m|2026-09-24T12:35:00+05:30|SHORT,V2_NEXT_CANDLE_4_CANDLE_LEVEL,2026-09-24T15:02:53.051040+05:30,2026-09-24T15:02:53.081579+05:30,BAJAJ-AUTO,5m,SHORT,3 RED → GREEN → NEXT-CANDLE LOW BREAKDOWN,3 Red → Green,CLOSED,TARGET_HIT,11268.0,4-Candle Lowest Low,11268.0,NEXT_CANDLE_CROSS,11279.0,11.0,11246.0,2026-09-24T12:55:00+05:30,24-09-2026 12:55:00 PM,CURRENT_FEED_OHLC_THEORETICAL_LEVEL,11266.0,2026-09-24T13:00:00+05:30,2026-09-24T13:40:00+05:30,11246.0,1:2 target reached after SL activation.,2.0,25,"[{""time"": ""2026-09-24T12:35:00+05:30"", ""time_display"": ""24-09-2026 12:35:00 PM"", ""closed_at"": ""2026-09-24T12:40:00+05:30"", ""closed_at_display"": ""24-09-2026 12:40:00 PM"", ""open"": 11300.0, ""high"": 11303.0, ""low"": 11294.0, ""close"": 11296.0, ""type"": ""RED"", ""closed"": true}, {""time"": ""2026-09-24T12:40:00+05:30"", ""time_display"": ""24-09-2026 12:40:00 PM"", ""closed_at"": ""2026-09-24T12:45:00+05:30"", ""closed_at_display"": ""24-09-2026 12:45:00 PM"", ""open"": 11298.0, ""high"": 11298.0, ""low"": 11274.0, ""close"": 11277.0, ""type"": ""RED"", ""closed"": true}, {""time"": ""2026-09-24T12:45:00+05:30"", ""time_display"": ""24-09-2026 12:45:00 PM"", ""closed_at"": ""2026-09-24T12:50:00+05:30"", ""closed_at_display"": ""24-09-2026 12:50:00 PM"", ""open"": 11278.0, ""high"": 11280.0, ""low"": 11268.0, ""close"": 11274.0, ""type"": ""RED"", ""closed"": true}]","{""time"": ""2026-09-24T12:50:00+05:30"", ""time_display"": ""24-09-2026 12:50:00 PM"", ""closed_at"": ""2026-09-24T12:55:00+05:30"", ""closed_at_display"": ""24-09-2026 12:55:00 PM"", ""open"": 11269.0, ""high"": 11279.0, ""low"": 11268.0, ""close"": 11270.0, ""type"": ""GREEN"", ""closed"": true}","{""time"": ""2026-09-24T12:55:00+05:30"", ""time_display"": ""24-09-2026 12:55:00 PM"", ""closed_at"": ""2026-09-24T13:00:00+05:30"", ""closed_at_display"": ""24-09-2026 01:00:00 PM"", ""open"": 11268.0, ""high"": 11268.0, ""low"": 11265.0, ""close"": 11266.0, ""type"": ""RED"", ""closed"": true}","[""Trigger is restricted to the immediate candle after the four-candle pattern."", ""OHLC cannot determine an exact tick such as level + 0.05; entry is recorded at the crossed level."", ""SL is active only after the trigger candle closes.""]"
V2|BAJAJFINSV|5m|2026-09-24T11:30:00+05:30|SHORT|TRIGGER|2026-09-24T11:50:00+05:30,V2|BAJAJFINSV|5m|2026-09-24T11:30:00+05:30|SHORT,V2_NEXT_CANDLE_4_CANDLE_LEVEL,2026-09-24T15:02:53.093070+05:30,2026-09-24T15:02:53.143580+05:30,BAJAJFINSV,5m,SHORT,3 RED → GREEN → NEXT-CANDLE LOW BREAKDOWN,3 Red → Green,CLOSED,TARGET_HIT,1773.5,4-Candle Lowest Low,1773.5,NEXT_CANDLE_CROSS,1777.8,4.3,1764.9,2026-09-24T11:50:00+05:30,24-09-2026 11:50:00 AM,CURRENT_FEED_OHLC_THEORETICAL_LEVEL,1775.8,2026-09-24T11:55:00+05:30,2026-09-24T13:50:00+05:30,1764.9,1:2 target reached after SL activation.,2.0,12,"[{""time"": ""2026-09-24T11:30:00+05:30"", ""time_display"": ""24-09-2026 11:30:00 AM"", ""closed_at"": ""2026-09-24T11:35:00+05:30"", ""closed_at_display"": ""24-09-2026 11:35:00 AM"", ""open"": 1790.1, ""high"": 1790.4, ""low"": 1784.0, ""close"": 1784.5, ""type"": ""RED"", ""closed"": true}, {""time"": ""2026-09-24T11:35:00+05:30"", ""time_display"": ""24-09-2026 11:35:00 AM"", ""closed_at"": ""2026-09-24T11:40:00+05:30"", ""closed_at_display"": ""24-09-2026 11:40:00 AM"", ""open"": 1783.6, ""high"": 1784.0, ""low"": 1777.9, ""close"": 1778.0, ""type"": ""RED"", ""closed"": true}, {""time"": ""2026-09-24T11:40:00+05:30"", ""time_display"": ""24-09-2026 11:40:00 AM"", ""closed_at"": ""2026-09-24T11:45:00+05:30"", ""closed_at_display"": ""24-09-2026 11:45:00 AM"", ""open"": 1777.5, ""high"": 1777.5, ""low"": 1773.5, ""close"": 1776.5, ""type"": ""RED"", ""closed"": true}]","{""time"": ""2026-09-24T11:45:00+05:30"", ""time_display"": ""24-09-2026 11:45:00 AM"", ""closed_at"": ""2026-09-24T11:50:00+05:30"", ""closed_at_display"": ""24-09-2026 11:50:00 AM"", ""open"": 1776.4, ""high"": 1777.8, ""low"": 1776.1, ""close"": 1776.7, ""type"": ""GREEN"", ""closed"": true}","{""time"": ""2026-09-24T11:50:00+05:30"", ""time_display"": ""24-09-2026 11:50:00 AM"", ""closed_at"": ""2026-09-24T11:55:00+05:30"", ""closed_at_display"": ""24-09-2026 11:55:00 AM"", ""open"": 1776.8, ""high"": 1777.8, ""low"": 1773.1, ""close"": 1775.8, ""type"": ""RED"", ""closed"": true}","[""Trigger is restricted to the immediate candle after the four-candle pattern."", ""OHLC cannot determine an exact tick such as level + 0.05; entry is recorded at the crossed level."", ""SL is active only after the trigger candle closes.""]"
V2|BAJAJFINSV|5m|2026-09-24T14:35:00+05:30|LONG|TRIGGER|2026-09-24T14:55:00+05:30,V2|BAJAJFINSV|5m|2026-09-24T14:35:00+05:30|LONG,V2_NEXT_CANDLE_4_CANDLE_LEVEL,2026-09-24T15:02:53.104988+05:30,2026-09-24T15:05:35.153257+05:30,BAJAJFINSV,5m,LONG,3 GREEN → RED → NEXT-CANDLE HIGH BREAKOUT,3 Green → Red,CLOSED,SL_HIT,1774.5,4-Candle Highest High,1774.5,NEXT_CANDLE_CROSS,1771.8,2.7,1779.9,2026-09-24T14:55:00+05:30,24-09-2026 02:55:00 PM,CURRENT_FEED_OHLC_THEORETICAL_LEVEL,1771.9,2026-09-24T15:00:00+05:30,2026-09-24T15:00:00+05:30,1771.8,Stop-loss reached after SL activation.,-1.0,49,"[{""time"": ""2026-09-24T14:35:00+05:30"", ""time_display"": ""24-09-2026 02:35:00 PM"", ""closed_at"": ""2026-09-24T14:40:00+05:30"", ""closed_at_display"": ""24-09-2026 02:40:00 PM"", ""open"": 1768.0, ""high"": 1770.0, ""low"": 1766.3, ""close"": 1770.0, ""type"": ""GREEN"", ""closed"": true}, {""time"": ""2026-09-24T14:40:00+05:30"", ""time_display"": ""24-09-2026 02:40:00 PM"", ""closed_at"": ""2026-09-24T14:45:00+05:30"", ""closed_at_display"": ""24-09-2026 02:45:00 PM"", ""open"": 1770.0, ""high"": 1771.6, ""low"": 1768.2, ""close"": 1771.0, ""type"": ""GREEN"", ""closed"": true}, {""time"": ""2026-09-24T14:45:00+05:30"", ""time_display"": ""24-09-2026 02:45:00 PM"", ""closed_at"": ""2026-09-24T14:50:00+05:30"", ""closed_at_display"": ""24-09-2026 02:50:00 PM"", ""open"": 1771.0, ""high"": 1774.5, ""low"": 1770.0, ""close"": 1773.6, ""type"": ""GREEN"", ""closed"": true}]","{""time"": ""2026-09-24T14:50:00+05:30"", ""time_display"": ""24-09-2026 02:50:00 PM"", ""closed_at"": ""2026-09-24T14:55:00+05:30"", ""closed_at_display"": ""24-09-2026 02:55:00 PM"", ""open"": 1773.6, ""high"": 1774.4, ""low"": 1771.8, ""close"": 1773.4, ""type"": ""RED"", ""closed"": true}","{""time"": ""2026-09-24T14:55:00+05:30"", ""time_display"": ""24-09-2026 02:55:00 PM"", ""closed_at"": ""2026-09-24T15:00:00+05:30"", ""closed_at_display"": ""24-09-2026 03:00:00 PM"", ""open"": 1773.4, ""high"": 1775.3, ""low"": 1771.9, ""close"": 1771.9, ""type"": ""RED"", ""closed"": true}","[""Trigger is restricted to the immediate candle after the four-candle pattern."", ""OHLC cannot determine an exact tick such as level + 0.05; entry is recorded at the crossed level."", ""SL is active only after the trigger candle closes.""]"
V2|BAJFINANCE|5m|2026-09-24T13:55:00+05:30|SHORT|TRIGGER|2026-09-24T14:15:00+05:30,V2|BAJFINANCE|5m|2026-09-24T13:55:00+05:30|SHORT,V2_NEXT_CANDLE_4_CANDLE_LEVEL,2026-09-24T15:02:53.155802+05:30,2026-09-24T15:02:53.216274+05:30,BAJFINANCE,5m,SHORT,3 RED → GREEN → NEXT-CANDLE LOW BREAKDOWN,3 Red → Green,CLOSED,TARGET_HIT,979.3,4-Candle Lowest Low,979.3,NEXT_CANDLE_CROSS,980.8,1.5,976.3,2026-09-24T14:15:00+05:30,24-09-2026 02:15:00 PM,CURRENT_FEED_OHLC_THEORETICAL_LEVEL,978.2,2026-09-24T14:20:00+05:30,2026-09-24T14:20:00+05:30,976.3,1:2 target reached after SL activation.,2.0,41,"[{""time"": ""2026-09-24T13:55:00+05:30"", ""time_display"": ""24-09-2026 01:55:00 PM"", ""closed_at"": ""2026-09-24T14:00:00+05:30"", ""closed_at_display"": ""24-09-2026 02:00:00 PM"", ""open"": 983.0, ""high"": 983.8, ""low"": 981.3, ""close"": 982.4, ""type"": ""RED"", ""closed"": true}, {""time"": ""2026-09-24T14:00:00+05:30"", ""time_display"": ""24-09-2026 02:00:00 PM"", ""closed_at"": ""2026-09-24T14:05:00+05:30"", ""closed_at_display"": ""24-09-2026 02:05:00 PM"", ""open"": 982.4, ""high"": 983.6, ""low"": 980.2, ""close"": 980.3, ""type"": ""RED"", ""closed"": true}, {""time"": ""2026-09-24T14:05:00+05:30"", ""time_display"": ""24-09-2026 02:05:00 PM"", ""closed_at"": ""2026-09-24T14:10:00+05:30"", ""closed_at_display"": ""24-09-2026 02:10:00 PM"", ""open"": 980.5, ""high"": 980.5, ""low"": 979.3, ""close"": 980.2, ""type"": ""RED"", ""closed"": true}]","{""time"": ""2026-09-24T14:10:00+05:30"", ""time_display"": ""24-09-2026 02:10:00 PM"", ""closed_at"": ""2026-09-24T14:15:00+05:30"", ""closed_at_display"": ""24-09-2026 02:15:00 PM"", ""open"": 980.1, ""high"": 980.8, ""low"": 979.8, ""close"": 980.8, ""type"": ""GREEN"", ""closed"": true}","{""time"": ""2026-09-24T14:15:00+05:30"", ""time_display"": ""24-09-2026 02:15:00 PM"", ""closed_at"": ""2026-09-24T14:20:00+05:30"", ""closed_at_display"": ""24-09-2026 02:20:00 PM"", ""open"": 980.8, ""high"": 980.8, ""low"": 978.0, ""close"": 978.2, ""type"": ""RED"", ""closed"": true}","[""Trigger is restricted to the immediate candle after the four-candle pattern."", ""OHLC cannot determine an exact tick such as level + 0.05; entry is recorded at the crossed level."", ""SL is active only after the trigger candle closes.""]"
V2|BAJFINANCE|5m|2026-09-24T14:25:00+05:30|LONG|TRIGGER|2026-09-24T14:45:00+05:30,V2|BAJFINANCE|5m|2026-09-24T14:25:00+05:30|LONG,V2_NEXT_CANDLE_4_CANDLE_LEVEL,2026-09-24T15:02:53.170013+05:30,2026-09-24T15:02:53.170027+05:30,BAJFINANCE,5m,LONG,3 GREEN → RED → NEXT-CANDLE HIGH BREAKOUT,3 Green → Red,ACTIVE,,979.1,4-Candle Highest High,979.1,NEXT_CANDLE_CROSS,977.0,2.1,983.3,2026-09-24T14:45:00+05:30,24-09-2026 02:45:00 PM,CURRENT_FEED_OHLC_THEORETICAL_LEVEL,978.9,2026-09-24T14:50:00+05:30,,,,,47,"[{""time"": ""2026-09-24T14:25:00+05:30"", ""time_display"": ""24-09-2026 02:25:00 PM"", ""closed_at"": ""2026-09-24T14:30:00+05:30"", ""closed_at_display"": ""24-09-2026 02:30:00 PM"", ""open"": 976.4, ""high"": 977.6, ""low"": 976.0, ""close"": 976.7, ""type"": ""GREEN"", ""closed"": true}, {""time"": ""2026-09-24T14:30:00+05:30"", ""time_display"": ""24-09-2026 02:30:00 PM"", ""closed_at"": ""2026-09-24T14:35:00+05:30"", ""closed_at_display"": ""24-09-2026 02:35:00 PM"", ""open"": 976.7, ""high"": 977.7, ""low"": 976.0, ""close"": 977.6, ""type"": ""GREEN"", ""closed"": true}, {""time"": ""2026-09-24T14:35:00+05:30"", ""time_display"": ""24-09-2026 02:35:00 PM"", ""closed_at"": ""2026-09-24T14:40:00+05:30"", ""closed_at_display"": ""24-09-2026 02:40:00 PM"", ""open"": 977.6, ""high"": 978.8, ""low"": 977.6, ""close"": 978.8, ""type"": ""GREEN"", ""closed"": true}]","{""time"": ""2026-09-24T14:40:00+05:30"", ""time_display"": ""24-09-2026 02:40:00 PM"", ""closed_at"": ""2026-09-24T14:45:00+05:30"", ""closed_at_display"": ""24-09-2026 02:45:00 PM"", ""open"": 978.7, ""high"": 979.1, ""low"": 977.0, ""close"": 978.1, ""type"": ""RED"", ""closed"": true}","{""time"": ""2026-09-24T14:45:00+05:30"", ""time_display"": ""24-09-2026 02:45:00 PM"", ""closed_at"": ""2026-09-24T14:50:00+05:30"", ""closed_at_display"": ""24-09-2026 02:50:00 PM"", ""open"": 978.1, ""high"": 979.2, ""low"": 977.0, ""close"": 978.9, ""type"": ""GREEN"", ""closed"": true}","[""Trigger is restricted to the immediate candle after the four-candle pattern."", ""OHLC cannot determine an exact tick such as level + 0.05; entry is recorded at the crossed level."", ""SL is active only after the trigger candle closes.""]"
V2|BEL|5m|2026-09-24T11:35:00+05:30|LONG|TRIGGER|2026-09-24T11:55:00+05:30,V2|BEL|5m|2026-09-24T11:35:00+05:30|LONG,V2_NEXT_CANDLE_4_CANDLE_LEVEL,2026-09-24T15:02:53.240299+05:30,2026-09-24T15:02:53.326549+05:30,BEL,5m,LONG,3 GREEN → RED → NEXT-CANDLE HIGH BREAKOUT,3 Green → Red,CLOSED,SL_HIT,397.9,4-Candle Highest High,397.9,NEXT_CANDLE_CROSS,397.1,0.8,399.5,2026-09-24T11:55:00+05:30,24-09-2026 11:55:00 AM,CURRENT_FEED_OHLC_THEORETICAL_LEVEL,397.35,2026-09-24T12:00:00+05:30,2026-09-24T12:00:00+05:30,397.1,Stop-loss reached after SL activation.,-1.0,13,"[{""time"": ""2026-09-24T11:35:00+05:30"", ""time_display"": ""24-09-2026 11:35:00 AM"", ""closed_at"": ""2026-09-24T11:40:00+05:30"", ""closed_at_display"": ""24-09-2026 11:40:00 AM"", ""open"": 396.6, ""high"": 396.8, ""low"": 396.4, ""close"": 396.7, ""type"": ""GREEN"", ""closed"": true}, {""time"": ""2026-09-24T11:40:00+05:30"", ""time_display"": ""24-09-2026 11:40:00 AM"", ""closed_at"": ""2026-09-24T11:45:00+05:30"", ""closed_at_display"": ""24-09-2026 11:45:00 AM"", ""open"": 396.7, ""high"": 397.2, ""low"": 396.7, ""close"": 397.0, ""type"": ""GREEN"", ""closed"": true}, {""time"": ""2026-09-24T11:45:00+05:30"", ""time_display"": ""24-09-2026 11:45:00 AM"", ""closed_at"": ""2026-09-24T11:50:00+05:30"", ""closed_at_display"": ""24-09-2026 11:50:00 AM"", ""open"": 397.0, ""high"": 397.9, ""low"": 397.0, ""close"": 397.6, ""type"": ""GREEN"", ""closed"": true}]","{""time"": ""2026-09-24T11:50:00+05:30"", ""time_display"": ""24-09-2026 11:50:00 AM"", ""closed_at"": ""2026-09-24T11:55:00+05:30"", ""closed_at_display"": ""24-09-2026 11:55:00 AM"", ""open"": 397.55, ""high"": 397.65, ""low"": 397.1, ""close"": 397.5, ""type"": ""RED"", ""closed"": true}","{""time"": ""2026-09-24T11:55:00+05:30"", ""time_display"": ""24-09-2026 11:55:00 AM"", ""closed_at"": ""2026-09-24T12:00:00+05:30"", ""closed_at_display"": ""24-09-2026 12:00:00 PM"", ""open"": 397.4, ""high"": 398.0, ""low"": 397.25, ""close"": 397.35, ""type"": ""RED"", ""closed"": true}","[""Trigger is restricted to the immediate candle after the four-candle pattern."", ""OHLC cannot determine an exact tick such as level + 0.05; entry is recorded at the crossed level."", ""SL is active only after the trigger candle closes.""]"
V2|CIPLA|5m|2026-09-24T11:05:00+05:30|LONG|TRIGGER|2026-09-24T11:25:00+05:30,V2|CIPLA|5m|2026-09-24T11:05:00+05:30|LONG,V2_NEXT_CANDLE_4_CANDLE_LEVEL,2026-09-24T15:02:53.379830+05:30,2026-09-24T15:02:53.379837+05:30,CIPLA,5m,LONG,3 GREEN → RED → NEXT-CANDLE HIGH BREAKOUT,3 Green → Red,ACTIVE,,1392.3,4-Candle Highest High,1392.3,NEXT_CANDLE_CROSS,1367.8,24.5,1441.3,2026-09-24T11:25:00+05:30,24-09-2026 11:25:00 AM,CURRENT_FEED_OHLC_THEORETICAL_LEVEL,1392.4,2026-09-24T11:30:00+05:30,,,,,7,"[{""time"": ""2026-09-24T11:05:00+05:30"", ""time_display"": ""24-09-2026 11:05:00 AM"", ""closed_at"": ""2026-09-24T11:10:00+05:30"", ""closed_at_display"": ""24-09-2026 11:10:00 AM"", ""open"": 1389.5, ""high"": 1392.3, ""low"": 1389.3, ""close"": 1389.8, ""type"": ""GREEN"", ""closed"": true}, {""time"": ""2026-09-24T11:10:00+05:30"", ""time_display"": ""24-09-2026 11:10:00 AM"", ""closed_at"": ""2026-09-24T11:15:00+05:30"", ""closed_at_display"": ""24-09-2026 11:15:00 AM"", ""open"": 1389.7, ""high"": 1390.8, ""low"": 1388.9, ""close"": 1390.8, ""type"": ""GREEN"", ""closed"": true}, {""time"": ""2026-09-24T11:15:00+05:30"", ""time_display"": ""24-09-2026 11:15:00 AM"", ""closed_at"": ""2026-09-24T11:20:00+05:30"", ""closed_at_display"": ""24-09-2026 11:20:00 AM"", ""open"": 1390.8, ""high"": 1392.1, ""low"": 1390.0, ""close"": 1390.9, ""type"": ""GREEN"", ""closed"": true}]","{""time"": ""2026-09-24T11:20:00+05:30"", ""time_display"": ""24-09-2026 11:20:00 AM"", ""closed_at"": ""2026-09-24T11:25:00+05:30"", ""closed_at_display"": ""24-09-2026 11:25:00 AM"", ""open"": 1390.9, ""high"": 1390.9, ""low"": 1367.8, ""close"": 1384.7, ""type"": ""RED"", ""closed"": true}","{""time"": ""2026-09-24T11:25:00+05:30"", ""time_display"": ""24-09-2026 11:25:00 AM"", ""closed_at"": ""2026-09-24T11:30:00+05:30"", ""closed_at_display"": ""24-09-2026 11:30:00 AM"", ""open"": 1385.4, ""high"": 1392.6, ""low"": 1384.2, ""close"": 1392.4, ""type"": ""GREEN"", ""closed"": true}","[""Trigger is restricted to the immediate candle after the four-candle pattern."", ""OHLC cannot determine an exact tick such as level + 0.05; entry is recorded at the crossed level."", ""SL is active only after the trigger candle closes.""]"
V2|CIPLA|5m|2026-09-24T13:20:00+05:30|SHORT|TRIGGER|2026-09-24T13:40:00+05:30,V2|CIPLA|5m|2026-09-24T13:20:00+05:30|SHORT,V2_NEXT_CANDLE_4_CANDLE_LEVEL,2026-09-24T15:02:53.397334+05:30,2026-09-24T15:02:53.493578+05:30,CIPLA,5m,SHORT,3 RED → GREEN → NEXT-CANDLE LOW BREAKDOWN,3 Red → Green,CLOSED,TARGET_HIT,1405.0,4-Candle Lowest Low,1405.0,NEXT_CANDLE_CROSS,1406.8,1.8,1401.4,2026-09-24T13:40:00+05:30,24-09-2026 01:40:00 PM,CURRENT_FEED_OHLC_THEORETICAL_LEVEL,1402.8,2026-09-24T13:45:00+05:30,2026-09-24T13:50:00+05:30,1401.4,1:2 target reached after SL activation.,2.0,34,"[{""time"": ""2026-09-24T13:20:00+05:30"", ""time_display"": ""24-09-2026 01:20:00 PM"", ""closed_at"": ""2026-09-24T13:25:00+05:30"", ""closed_at_display"": ""24-09-2026 01:25:00 PM"", ""open"": 1410.7, ""high"": 1411.0, ""low"": 1408.0, ""close"": 1408.4, ""type"": ""RED"", ""closed"": true}, {""time"": ""2026-09-24T13:25:00+05:30"", ""time_display"": ""24-09-2026 01:25:00 PM"", ""closed_at"": ""2026-09-24T13:30:00+05:30"", ""closed_at_display"": ""24-09-2026 01:30:00 PM"", ""open"": 1408.5, ""high"": 1408.5, ""low"": 1405.0, ""close"": 1405.6, ""type"": ""RED"", ""closed"": true}, {""time"": ""2026-09-24T13:30:00+05:30"", ""time_display"": ""24-09-2026 01:30:00 PM"", ""closed_at"": ""2026-09-24T13:35:00+05:30"", ""closed_at_display"": ""24-09-2026 01:35:00 PM"", ""open"": 1405.9, ""high"": 1406.4, ""low"": 1405.2, ""close"": 1405.4, ""type"": ""RED"", ""closed"": true}]","{""time"": ""2026-09-24T13:35:00+05:30"", ""time_display"": ""24-09-2026 01:35:00 PM"", ""closed_at"": ""2026-09-24T13:40:00+05:30"", ""closed_at_display"": ""24-09-2026 01:40:00 PM"", ""open"": 1405.6, ""high"": 1406.8, ""low"": 1405.0, ""close"": 1405.9, ""type"": ""GREEN"", ""closed"": true}","{""time"": ""2026-09-24T13:40:00+05:30"", ""time_display"": ""24-09-2026 01:40:00 PM"", ""closed_at"": ""2026-09-24T13:45:00+05:30"", ""closed_at_display"": ""24-09-2026 01:45:00 PM"", ""open"": 1405.9, ""high"": 1406.0, ""low"": 1402.1, ""close"": 1402.8, ""type"": ""RED"", ""closed"": true}","[""Trigger is restricted to the immediate candle after the four-candle pattern."", ""OHLC cannot determine an exact tick such as level + 0.05; entry is recorded at the crossed level."", ""SL is active only after the trigger candle closes.""]"
V2|DRREDDY|5m|2026-09-24T11:10:00+05:30|SHORT|TRIGGER|2026-09-24T11:30:00+05:30,V2|DRREDDY|5m|2026-09-24T11:10:00+05:30|SHORT,V2_NEXT_CANDLE_4_CANDLE_LEVEL,2026-09-24T15:02:53.675203+05:30,2026-09-24T15:02:53.756575+05:30,DRREDDY,5m,SHORT,3 RED → GREEN → NEXT-CANDLE LOW BREAKDOWN,3 Red → Green,CLOSED,SL_HIT,1203.6,4-Candle Lowest Low,1203.6,NEXT_CANDLE_CROSS,1205.9,2.3,1199.0,2026-09-24T11:30:00+05:30,24-09-2026 11:30:00 AM,CURRENT_FEED_OHLC_THEORETICAL_LEVEL,1203.4,2026-09-24T11:35:00+05:30,2026-09-24T11:50:00+05:30,1205.9,Stop-loss reached after SL activation.,-1.0,8,"[{""time"": ""2026-09-24T11:10:00+05:30"", ""time_display"": ""24-09-2026 11:10:00 AM"", ""closed_at"": ""2026-09-24T11:15:00+05:30"", ""closed_at_display"": ""24-09-2026 11:15:00 AM"", ""open"": 1209.2, ""high"": 1210.1, ""low"": 1208.0, ""close"": 1208.0, ""type"": ""RED"", ""closed"": true}, {""time"": ""2026-09-24T11:15:00+05:30"", ""time_display"": ""24-09-2026 11:15:00 AM"", ""closed_at"": ""2026-09-24T11:20:00+05:30"", ""closed_at_display"": ""24-09-2026 11:20:00 AM"", ""open"": 1208.3, ""high"": 1209.4, ""low"": 1205.6, ""close"": 1205.8, ""type"": ""RED"", ""closed"": true}, {""time"": ""2026-09-24T11:20:00+05:30"", ""time_display"": ""24-09-2026 11:20:00 AM"", ""closed_at"": ""2026-09-24T11:25:00+05:30"", ""closed_at_display"": ""24-09-2026 11:25:00 AM"", ""open"": 1205.7, ""high"": 1206.6, ""low"": 1203.6, ""close"": 1204.6, ""type"": ""RED"", ""closed"": true}]","{""time"": ""2026-09-24T11:25:00+05:30"", ""time_display"": ""24-09-2026 11:25:00 AM"", ""closed_at"": ""2026-09-24T11:30:00+05:30"", ""closed_at_display"": ""24-09-2026 11:30:00 AM"", ""open"": 1204.9, ""high"": 1205.9, ""low"": 1204.6, ""close"": 1205.9, ""type"": ""GREEN"", ""closed"": true}","{""time"": ""2026-09-24T11:30:00+05:30"", ""time_display"": ""24-09-2026 11:30:00 AM"", ""closed_at"": ""2026-09-24T11:35:00+05:30"", ""closed_at_display"": ""24-09-2026 11:35:00 AM"", ""open"": 1205.8, ""high"": 1206.2, ""low"": 1203.2, ""close"": 1203.4, ""type"": ""RED"", ""closed"": true}","[""Trigger is restricted to the immediate candle after the four-candle pattern."", ""OHLC cannot determine an exact tick such as level + 0.05; entry is recorded at the crossed level."", ""SL is active only after the trigger candle closes.""]"
V2|DRREDDY|5m|2026-09-24T11:50:00+05:30|LONG|TRIGGER|2026-09-24T12:10:00+05:30,V2|DRREDDY|5m|2026-09-24T11:50:00+05:30|LONG,V2_NEXT_CANDLE_4_CANDLE_LEVEL,2026-09-24T15:02:53.697140+05:30,2026-09-24T15:02:53.795442+05:30,DRREDDY,5m,LONG,3 GREEN → RED → NEXT-CANDLE HIGH BREAKOUT,3 Green → Red,CLOSED,SL_HIT,1210.8,4-Candle Highest High,1210.8,NEXT_CANDLE_CROSS,1208.8,2.0,1214.8,2026-09-24T12:10:00+05:30,24-09-2026 12:10:00 PM,CURRENT_FEED_OHLC_THEORETICAL_LEVEL,1212.2,2026-09-24T12:15:00+05:30,2026-09-24T12:25:00+05:30,1208.8,Stop-loss reached after SL activation.,-1.0,16,"[{""time"": ""2026-09-24T11:50:00+05:30"", ""time_display"": ""24-09-2026 11:50:00 AM"", ""closed_at"": ""2026-09-24T11:55:00+05:30"", ""closed_at_display"": ""24-09-2026 11:55:00 AM"", ""open"": 1204.2, ""high"": 1206.5, ""low"": 1204.2, ""close"": 1205.8, ""type"": ""GREEN"", ""closed"": true}, {""time"": ""2026-09-24T11:55:00+05:30"", ""time_display"": ""24-09-2026 11:55:00 AM"", ""closed_at"": ""2026-09-24T12:00:00+05:30"", ""closed_at_display"": ""24-09-2026 12:00:00 PM"", ""open"": 1206.2, ""high"": 1206.6, ""low"": 1204.7, ""close"": 1206.5, ""type"": ""GREEN"", ""closed"": true}, {""time"": ""2026-09-24T12:00:00+05:30"", ""time_display"": ""24-09-2026 12:00:00 PM"", ""closed_at"": ""2026-09-24T12:05:00+05:30"", ""closed_at_display"": ""24-09-2026 12:05:00 PM"", ""open"": 1207.5, ""high"": 1210.6, ""low"": 1207.4, ""close"": 1210.6, ""type"": ""GREEN"", ""closed"": true}]","{""time"": ""2026-09-24T12:05:00+05:30"", ""time_display"": ""24-09-2026 12:05:00 PM"", ""closed_at"": ""2026-09-24T12:10:00+05:30"", ""closed_at_display"": ""24-09-2026 12:10:00 PM"", ""open"": 1210.8, ""high"": 1210.8, ""low"": 1208.8, ""close"": 1209.3, ""type"": ""RED"", ""closed"": true}","{""time"": ""2026-09-24T12:10:00+05:30"", ""time_display"": ""24-09-2026 12:10:00 PM"", ""closed_at"": ""2026-09-24T12:15:00+05:30"", ""closed_at_display"": ""24-09-2026 12:15:00 PM"", ""open"": 1209.3, ""high"": 1212.5, ""low"": 1209.0, ""close"": 1212.2, ""type"": ""GREEN"", ""closed"": true}","[""Trigger is restricted to the immediate candle after the four-candle pattern."", ""OHLC cannot determine an exact tick such as level + 0.05; entry is recorded at the crossed level."", ""SL is active only after the trigger candle closes.""]"
V2|EICHERMOT|5m|2026-09-24T11:00:00+05:30|SHORT|TRIGGER|2026-09-24T11:20:00+05:30,V2|EICHERMOT|5m|2026-09-24T11:00:00+05:30|SHORT,V2_NEXT_CANDLE_4_CANDLE_LEVEL,2026-09-24T15:02:53.825792+05:30,2026-09-24T15:02:53.904485+05:30,EICHERMOT,5m,SHORT,3 RED → GREEN → NEXT-CANDLE LOW BREAKDOWN,3 Red → Green,CLOSED,TARGET_HIT,7415.0,4-Candle Lowest Low,7415.0,NEXT_CANDLE_CROSS,7423.0,8.0,7399.0,2026-09-24T11:20:00+05:30,24-09-2026 11:20:00 AM,CURRENT_FEED_OHLC_THEORETICAL_LEVEL,7396.5,2026-09-24T11:25:00+05:30,2026-09-24T11:25:00+05:30,7399.0,1:2 target reached after SL activation.,2.0,6,"[{""time"": ""2026-09-24T11:00:00+05:30"", ""time_display"": ""24-09-2026 11:00:00 AM"", ""closed_at"": ""2026-09-24T11:05:00+05:30"", ""closed_at_display"": ""24-09-2026 11:05:00 AM"", ""open"": 7424.0, ""high"": 7426.0, ""low"": 7421.0, ""close"": 7421.5, ""type"": ""RED"", ""closed"": true}, {""time"": ""2026-09-24T11:05:00+05:30"", ""time_display"": ""24-09-2026 11:05:00 AM"", ""closed_at"": ""2026-09-24T11:10:00+05:30"", ""closed_at_display"": ""24-09-2026 11:10:00 AM"", ""open"": 7418.0, ""high"": 7424.5, ""low"": 7416.0, ""close"": 7417.0, ""type"": ""RED"", ""closed"": true}, {""time"": ""2026-09-24T11:10:00+05:30"", ""time_display"": ""24-09-2026 11:10:00 AM"", ""closed_at"": ""2026-09-24T11:15:00+05:30"", ""closed_at_display"": ""24-09-2026 11:15:00 AM"", ""open"": 7417.5, ""high"": 7420.0, ""low"": 7415.0, ""close"": 7416.5, ""type"": ""RED"", ""closed"": true}]","{""time"": ""2026-09-24T11:15:00+05:30"", ""time_display"": ""24-09-2026 11:15:00 AM"", ""closed_at"": ""2026-09-24T11:20:00+05:30"", ""closed_at_display"": ""24-09-2026 11:20:00 AM"", ""open"": 7416.5, ""high"": 7423.0, ""low"": 7415.0, ""close"": 7422.0, ""type"": ""GREEN"", ""closed"": true}","{""time"": ""2026-09-24T11:20:00+05:30"", ""time_display"": ""24-09-2026 11:20:00 AM"", ""closed_at"": ""2026-09-24T11:25:00+05:30"", ""closed_at_display"": ""24-09-2026 11:25:00 AM"", ""open"": 7421.0, ""high"": 7421.5, ""low"": 7388.5, ""close"": 7396.5, ""type"": ""RED"", ""closed"": true}","[""Trigger is restricted to the immediate candle after the four-candle pattern."", ""OHLC cannot determine an exact tick such as level + 0.05; entry is recorded at the crossed level."", ""SL is active only after the trigger candle closes.""]"
V2|EICHERMOT|5m|2026-09-24T13:30:00+05:30|SHORT|TRIGGER|2026-09-24T13:50:00+05:30,V2|EICHERMOT|5m|2026-09-24T13:30:00+05:30|SHORT,V2_NEXT_CANDLE_4_CANDLE_LEVEL,2026-09-24T15:02:53.856136+05:30,2026-09-24T15:02:53.933094+05:30,EICHERMOT,5m,SHORT,3 RED → GREEN → NEXT-CANDLE LOW BREAKDOWN,3 Red → Green,CLOSED,SL_HIT,7350.0,4-Candle Lowest Low,7350.0,NEXT_CANDLE_CROSS,7365.5,15.5,7319.0,2026-09-24T13:50:00+05:30,24-09-2026 01:50:00 PM,CURRENT_FEED_OHLC_THEORETICAL_LEVEL,7353.5,2026-09-24T13:55:00+05:30,2026-09-24T14:35:00+05:30,7365.5,Stop-loss reached after SL activation.,-1.0,36,"[{""time"": ""2026-09-24T13:30:00+05:30"", ""time_display"": ""24-09-2026 01:30:00 PM"", ""closed_at"": ""2026-09-24T13:35:00+05:30"", ""closed_at_display"": ""24-09-2026 01:35:00 PM"", ""open"": 7385.0, ""high"": 7385.0, ""low"": 7380.0, ""close"": 7381.0, ""type"": ""RED"", ""closed"": true}, {""time"": ""2026-09-24T13:35:00+05:30"", ""time_display"": ""24-09-2026 01:35:00 PM"", ""closed_at"": ""2026-09-24T13:40:00+05:30"", ""closed_at_display"": ""24-09-2026 01:40:00 PM"", ""open"": 7381.5, ""high"": 7384.0, ""low"": 7369.0, ""close"": 7370.0, ""type"": ""RED"", ""closed"": true}, {""time"": ""2026-09-24T13:40:00+05:30"", ""time_display"": ""24-09-2026 01:40:00 PM"", ""closed_at"": ""2026-09-24T13:45:00+05:30"", ""closed_at_display"": ""24-09-2026 01:45:00 PM"", ""open"": 7370.5, ""high"": 7372.5, ""low"": 7356.5, ""close"": 7356.5, ""type"": ""RED"", ""closed"": true}]","{""time"": ""2026-09-24T13:45:00+05:30"", ""time_display"": ""24-09-2026 01:45:00 PM"", ""closed_at"": ""2026-09-24T13:50:00+05:30"", ""closed_at_display"": ""24-09-2026 01:50:00 PM"", ""open"": 7356.0, ""high"": 7365.5, ""low"": 7350.0, ""close"": 7365.0, ""type"": ""GREEN"", ""closed"": true}","{""time"": ""2026-09-24T13:50:00+05:30"", ""time_display"": ""24-09-2026 01:50:00 PM"", ""closed_at"": ""2026-09-24T13:55:00+05:30"", ""closed_at_display"": ""24-09-2026 01:55:00 PM"", ""open"": 7365.0, ""high"": 7365.5, ""low"": 7349.0, ""close"": 7353.5, ""type"": ""RED"", ""closed"": true}","[""Trigger is restricted to the immediate candle after the four-candle pattern."", ""OHLC cannot determine an exact tick such as level + 0.05; entry is recorded at the crossed level."", ""SL is active only after the trigger candle closes.""]"
V2|GRASIM|5m|2026-09-24T12:40:00+05:30|SHORT|TRIGGER|2026-09-24T13:00:00+05:30,V2|GRASIM|5m|2026-09-24T12:40:00+05:30|SHORT,V2_NEXT_CANDLE_4_CANDLE_LEVEL,2026-09-24T15:02:53.976910+05:30,2026-09-24T15:02:54.009174+05:30,GRASIM,5m,SHORT,3 RED → GREEN → NEXT-CANDLE LOW BREAKDOWN,3 Red → Green,CLOSED,SL_HIT,3181.3,4-Candle Lowest Low,3181.3,NEXT_CANDLE_CROSS,3184.2,2.9,3175.5,2026-09-24T13:00:00+05:30,24-09-2026 01:00:00 PM,CURRENT_FEED_OHLC_THEORETICAL_LEVEL,3183.5,2026-09-24T13:05:00+05:30,2026-09-24T13:05:00+05:30,3184.2,Stop-loss reached after SL activation.,-1.0,26,"[{""time"": ""2026-09-24T12:40:00+05:30"", ""time_display"": ""24-09-2026 12:40:00 PM"", ""closed_at"": ""2026-09-24T12:45:00+05:30"", ""closed_at_display"": ""24-09-2026 12:45:00 PM"", ""open"": 3188.8, ""high"": 3189.2, ""low"": 3185.4, ""close"": 3187.5, ""type"": ""RED"", ""closed"": true}, {""time"": ""2026-09-24T12:45:00+05:30"", ""time_display"": ""24-09-2026 12:45:00 PM"", ""closed_at"": ""2026-09-24T12:50:00+05:30"", ""closed_at_display"": ""24-09-2026 12:50:00 PM"", ""open"": 3187.5, ""high"": 3187.9, ""low"": 3181.7, ""close"": 3183.1, ""type"": ""RED"", ""closed"": true}, {""time"": ""2026-09-24T12:50:00+05:30"", ""time_display"": ""24-09-2026 12:50:00 PM"", ""closed_at"": ""2026-09-24T12:55:00+05:30"", ""closed_at_display"": ""24-09-2026 12:55:00 PM"", ""open"": 3182.6, ""high"": 3184.6, ""low"": 3181.7, ""close"": 3181.7, ""type"": ""RED"", ""closed"": true}]","{""time"": ""2026-09-24T12:55:00+05:30"", ""time_display"": ""24-09-2026 12:55:00 PM"", ""closed_at"": ""2026-09-24T13:00:00+05:30"", ""closed_at_display"": ""24-09-2026 01:00:00 PM"", ""open"": 3181.7, ""high"": 3184.2, ""low"": 3181.3, ""close"": 3183.1, ""type"": ""GREEN"", ""closed"": true}","{""time"": ""2026-09-24T13:00:00+05:30"", ""time_display"": ""24-09-2026 01:00:00 PM"", ""closed_at"": ""2026-09-24T13:05:00+05:30"", ""closed_at_display"": ""24-09-2026 01:05:00 PM"", ""open"": 3182.2, ""high"": 3187.1, ""low"": 3180.0, ""close"": 3183.5, ""type"": ""GREEN"", ""closed"": true}","[""Trigger is restricted to the immediate candle after the four-candle pattern."", ""OHLC cannot determine an exact tick such as level + 0.05; entry is recorded at the crossed level."", ""SL is active only after the trigger candle closes.""]"
V2|HDFCLIFE|5m|2026-09-24T12:00:00+05:30|LONG|TRIGGER|2026-09-24T12:20:00+05:30,V2|HDFCLIFE|5m|2026-09-24T12:00:00+05:30|LONG,V2_NEXT_CANDLE_4_CANDLE_LEVEL,2026-09-24T15:02:54.086606+05:30,2026-09-24T15:02:54.167274+05:30,HDFCLIFE,5m,LONG,3 GREEN → RED → NEXT-CANDLE HIGH BREAKOUT,3 Green → Red,CLOSED,SL_HIT,533.6,4-Candle Highest High,533.6,NEXT_CANDLE_CROSS,532.6,1.0,535.6,2026-09-24T12:20:00+05:30,24-09-2026 12:20:00 PM,CURRENT_FEED_OHLC_THEORETICAL_LEVEL,533.8,2026-09-24T12:25:00+05:30,2026-09-24T12:30:00+05:30,532.6,Stop-loss reached after SL activation.,-1.0,18,"[{""time"": ""2026-09-24T12:00:00+05:30"", ""time_display"": ""24-09-2026 12:00:00 PM"", ""closed_at"": ""2026-09-24T12:05:00+05:30"", ""closed_at_display"": ""24-09-2026 12:05:00 PM"", ""open"": 532.15, ""high"": 533.1, ""low"": 532.15, ""close"": 532.75, ""type"": ""GREEN"", ""closed"": true}, {""time"": ""2026-09-24T12:05:00+05:30"", ""time_display"": ""24-09-2026 12:05:00 PM"", ""closed_at"": ""2026-09-24T12:10:00+05:30"", ""closed_at_display"": ""24-09-2026 12:10:00 PM"", ""open"": 532.9, ""high"": 533.6, ""low"": 532.7, ""close"": 533.1, ""type"": ""GREEN"", ""closed"": true}, {""time"": ""2026-09-24T12:10:00+05:30"", ""time_display"": ""24-09-2026 12:10:00 PM"", ""closed_at"": ""2026-09-24T12:15:00+05:30"", ""closed_at_display"": ""24-09-2026 12:15:00 PM"", ""open"": 533.1, ""high"": 533.5, ""low"": 532.7, ""close"": 533.4, ""type"": ""GREEN"", ""closed"": true}]","{""time"": ""2026-09-24T12:15:00+05:30"", ""time_display"": ""24-09-2026 12:15:00 PM"", ""closed_at"": ""2026-09-24T12:20:00+05:30"", ""closed_at_display"": ""24-09-2026 12:20:00 PM"", ""open"": 533.25, ""high"": 533.35, ""low"": 532.6, ""close"": 532.9, ""type"": ""RED"", ""closed"": true}","{""time"": ""2026-09-24T12:20:00+05:30"", ""time_display"": ""24-09-2026 12:20:00 PM"", ""closed_at"": ""2026-09-24T12:25:00+05:30"", ""closed_at_display"": ""24-09-2026 12:25:00 PM"", ""open"": 532.85, ""high"": 534.3, ""low"": 532.35, ""close"": 533.8, ""type"": ""GREEN"", ""closed"": true}","[""Trigger is restricted to the immediate candle after the four-candle pattern."", ""OHLC cannot determine an exact tick such as level + 0.05; entry is recorded at the crossed level."", ""SL is active only after the trigger candle closes.""]"
V2|HINDALCO|5m|2026-09-24T13:15:00+05:30|SHORT|TRIGGER|2026-09-24T13:35:00+05:30,V2|HINDALCO|5m|2026-09-24T13:15:00+05:30|SHORT,V2_NEXT_CANDLE_4_CANDLE_LEVEL,2026-09-24T15:02:54.220164+05:30,2026-09-24T15:02:54.278953+05:30,HINDALCO,5m,SHORT,3 RED → GREEN → NEXT-CANDLE LOW BREAKDOWN,3 Red → Green,CLOSED,TARGET_HIT,979.4,4-Candle Lowest Low,979.4,NEXT_CANDLE_CROSS,980.6,1.2,977.0,2026-09-24T13:35:00+05:30,24-09-2026 01:35:00 PM,CURRENT_FEED_OHLC_THEORETICAL_LEVEL,979.6,2026-09-24T13:40:00+05:30,2026-09-24T13:45:00+05:30,977.0,1:2 target reached after SL activation.,2.0,33,"[{""time"": ""2026-09-24T13:15:00+05:30"", ""time_display"": ""24-09-2026 01:15:00 PM"", ""closed_at"": ""2026-09-24T13:20:00+05:30"", ""closed_at_display"": ""24-09-2026 01:20:00 PM"", ""open"": 981.6, ""high"": 981.7, ""low"": 980.8, ""close"": 980.9, ""type"": ""RED"", ""closed"": true}, {""time"": ""2026-09-24T13:20:00+05:30"", ""time_display"": ""24-09-2026 01:20:00 PM"", ""closed_at"": ""2026-09-24T13:25:00+05:30"", ""closed_at_display"": ""24-09-2026 01:25:00 PM"", ""open"": 980.8, ""high"": 981.0, ""low"": 980.5, ""close"": 980.7, ""type"": ""RED"", ""closed"": true}, {""time"": ""2026-09-24T13:25:00+05:30"", ""time_display"": ""24-09-2026 01:25:00 PM"", ""closed_at"": ""2026-09-24T13:30:00+05:30"", ""closed_at_display"": ""24-09-2026 01:30:00 PM"", ""open"": 980.7, ""high"": 980.7, ""low"": 979.4, ""close"": 980.0, ""type"": ""RED"", ""closed"": true}]","{""time"": ""2026-09-24T13:30:00+05:30"", ""time_display"": ""24-09-2026 01:30:00 PM"", ""closed_at"": ""2026-09-24T13:35:00+05:30"", ""closed_at_display"": ""24-09-2026 01:35:00 PM"", ""open"": 979.8, ""high"": 980.6, ""low"": 979.8, ""close"": 979.9, ""type"": ""GREEN"", ""closed"": true}","{""time"": ""2026-09-24T13:35:00+05:30"", ""time_display"": ""24-09-2026 01:35:00 PM"", ""closed_at"": ""2026-09-24T13:40:00+05:30"", ""closed_at_display"": ""24-09-2026 01:40:00 PM"", ""open"": 979.9, ""high"": 980.0, ""low"": 979.2, ""close"": 979.6, ""type"": ""RED"", ""closed"": true}","[""Trigger is restricted to the immediate candle after the four-candle pattern."", ""OHLC cannot determine an exact tick such as level + 0.05; entry is recorded at the crossed level."", ""SL is active only after the trigger candle closes.""]"
V2|ICICIBANK|5m|2026-09-24T14:25:00+05:30|LONG|TRIGGER|2026-09-24T14:45:00+05:30,V2|ICICIBANK|5m|2026-09-24T14:25:00+05:30|LONG,V2_NEXT_CANDLE_4_CANDLE_LEVEL,2026-09-24T15:02:54.396244+05:30,2026-09-24T15:15:25.941659+05:30,ICICIBANK,5m,LONG,3 GREEN → RED → NEXT-CANDLE HIGH BREAKOUT,3 Green → Red,CLOSED,SL_HIT,1338.0,4-Candle Highest High,1338.0,NEXT_CANDLE_CROSS,1336.0,2.0,1342.0,2026-09-24T14:45:00+05:30,24-09-2026 02:45:00 PM,CURRENT_FEED_OHLC_THEORETICAL_LEVEL,1339.4,2026-09-24T14:50:00+05:30,2026-09-24T15:10:00+05:30,1336.0,Stop-loss reached after SL activation.,-1.0,47,"[{""time"": ""2026-09-24T14:25:00+05:30"", ""time_display"": ""24-09-2026 02:25:00 PM"", ""closed_at"": ""2026-09-24T14:30:00+05:30"", ""closed_at_display"": ""24-09-2026 02:30:00 PM"", ""open"": 1333.8, ""high"": 1334.7, ""low"": 1333.6, ""close"": 1333.9, ""type"": ""GREEN"", ""closed"": true}, {""time"": ""2026-09-24T14:30:00+05:30"", ""time_display"": ""24-09-2026 02:30:00 PM"", ""closed_at"": ""2026-09-24T14:35:00+05:30"", ""closed_at_display"": ""24-09-2026 02:35:00 PM"", ""open"": 1333.8, ""high"": 1335.1, ""low"": 1333.7, ""close"": 1334.9, ""type"": ""GREEN"", ""closed"": true}, {""time"": ""2026-09-24T14:35:00+05:30"", ""time_display"": ""24-09-2026 02:35:00 PM"", ""closed_at"": ""2026-09-24T14:40:00+05:30"", ""closed_at_display"": ""24-09-2026 02:40:00 PM"", ""open"": 1334.8, ""high"": 1338.0, ""low"": 1334.8, ""close"": 1338.0, ""type"": ""GREEN"", ""closed"": true}]","{""time"": ""2026-09-24T14:40:00+05:30"", ""time_display"": ""24-09-2026 02:40:00 PM"", ""closed_at"": ""2026-09-24T14:45:00+05:30"", ""closed_at_display"": ""24-09-2026 02:45:00 PM"", ""open"": 1337.9, ""high"": 1338.0, ""low"": 1336.0, ""close"": 1337.4, ""type"": ""RED"", ""closed"": true}","{""time"": ""2026-09-24T14:45:00+05:30"", ""time_display"": ""24-09-2026 02:45:00 PM"", ""closed_at"": ""2026-09-24T14:50:00+05:30"", ""closed_at_display"": ""24-09-2026 02:50:00 PM"", ""open"": 1337.4, ""high"": 1340.0, ""low"": 1337.4, ""close"": 1339.4, ""type"": ""GREEN"", ""closed"": true}","[""Trigger is restricted to the immediate candle after the four-candle pattern."", ""OHLC cannot determine an exact tick such as level + 0.05; entry is recorded at the crossed level."", ""SL is active only after the trigger candle closes.""]"
V2|INFY|5m|2026-09-24T11:40:00+05:30|LONG|TRIGGER|2026-09-24T12:00:00+05:30,V2|INFY|5m|2026-09-24T11:40:00+05:30|LONG,V2_NEXT_CANDLE_4_CANDLE_LEVEL,2026-09-24T15:02:54.657070+05:30,2026-09-24T15:02:54.727869+05:30,INFY,5m,LONG,3 GREEN → RED → NEXT-CANDLE HIGH BREAKOUT,3 Green → Red,CLOSED,SL_HIT,1014.2,4-Candle Highest High,1014.2,NEXT_CANDLE_CROSS,1011.7,2.5,1019.2,2026-09-24T12:00:00+05:30,24-09-2026 12:00:00 PM,CURRENT_FEED_OHLC_THEORETICAL_LEVEL,1013.7,2026-09-24T12:05:00+05:30,2026-09-24T12:35:00+05:30,1011.7,Stop-loss reached after SL activation.,-1.0,14,"[{""time"": ""2026-09-24T11:40:00+05:30"", ""time_display"": ""24-09-2026 11:40:00 AM"", ""closed_at"": ""2026-09-24T11:45:00+05:30"", ""closed_at_display"": ""24-09-2026 11:45:00 AM"", ""open"": 1010.9, ""high"": 1012.0, ""low"": 1010.1, ""close"": 1012.0, ""type"": ""GREEN"", ""closed"": true}, {""time"": ""2026-09-24T11:45:00+05:30"", ""time_display"": ""24-09-2026 11:45:00 AM"", ""closed_at"": ""2026-09-24T11:50:00+05:30"", ""closed_at_display"": ""24-09-2026 11:50:00 AM"", ""open"": 1011.8, ""high"": 1014.2, ""low"": 1011.8, ""close"": 1012.6, ""type"": ""GREEN"", ""closed"": true}, {""time"": ""2026-09-24T11:50:00+05:30"", ""time_display"": ""24-09-2026 11:50:00 AM"", ""closed_at"": ""2026-09-24T11:55:00+05:30"", ""closed_at_display"": ""24-09-2026 11:55:00 AM"", ""open"": 1012.6, ""high"": 1013.3, ""low"": 1011.9, ""close"": 1012.9, ""type"": ""GREEN"", ""closed"": true}]","{""time"": ""2026-09-24T11:55:00+05:30"", ""time_display"": ""24-09-2026 11:55:00 AM"", ""closed_at"": ""2026-09-24T12:00:00+05:30"", ""closed_at_display"": ""24-09-2026 12:00:00 PM"", ""open"": 1012.9, ""high"": 1013.2, ""low"": 1011.7, ""close"": 1012.6, ""type"": ""RED"", ""closed"": true}","{""time"": ""2026-09-24T12:00:00+05:30"", ""time_display"": ""24-09-2026 12:00:00 PM"", ""closed_at"": ""2026-09-24T12:05:00+05:30"", ""closed_at_display"": ""24-09-2026 12:05:00 PM"", ""open"": 1012.6, ""high"": 1014.7, ""low"": 1012.5, ""close"": 1013.7, ""type"": ""GREEN"", ""closed"": true}","[""Trigger is restricted to the immediate candle after the four-candle pattern."", ""OHLC cannot determine an exact tick such as level + 0.05; entry is recorded at the crossed level."", ""SL is active only after the trigger candle closes.""]"
V2|ITC|5m|2026-09-24T11:00:00+05:30|SHORT|TRIGGER|2026-09-24T11:20:00+05:30,V2|ITC|5m|2026-09-24T11:00:00+05:30|SHORT,V2_NEXT_CANDLE_4_CANDLE_LEVEL,2026-09-24T15:02:54.762923+05:30,2026-09-24T15:02:54.838005+05:30,ITC,5m,SHORT,3 RED → GREEN → NEXT-CANDLE LOW BREAKDOWN,3 Red → Green,CLOSED,SL_HIT,268.1,4-Candle Lowest Low,268.1,NEXT_CANDLE_CROSS,268.4,0.3,267.5,2026-09-24T11:20:00+05:30,24-09-2026 11:20:00 AM,CURRENT_FEED_OHLC_THEORETICAL_LEVEL,268.05,2026-09-24T11:25:00+05:30,2026-09-24T11:30:00+05:30,268.4,Stop-loss reached after SL activation.,-1.0,6,"[{""time"": ""2026-09-24T11:00:00+05:30"", ""time_display"": ""24-09-2026 11:00:00 AM"", ""closed_at"": ""2026-09-24T11:05:00+05:30"", ""closed_at_display"": ""24-09-2026 11:05:00 AM"", ""open"": 268.55, ""high"": 268.6, ""low"": 268.3, ""close"": 268.4, ""type"": ""RED"", ""closed"": true}, {""time"": ""2026-09-24T11:05:00+05:30"", ""time_display"": ""24-09-2026 11:05:00 AM"", ""closed_at"": ""2026-09-24T11:10:00+05:30"", ""closed_at_display"": ""24-09-2026 11:10:00 AM"", ""open"": 268.4, ""high"": 268.45, ""low"": 268.15, ""close"": 268.25, ""type"": ""RED"", ""closed"": true}, {""time"": ""2026-09-24T11:10:00+05:30"", ""time_display"": ""24-09-2026 11:10:00 AM"", ""closed_at"": ""2026-09-24T11:15:00+05:30"", ""closed_at_display"": ""24-09-2026 11:15:00 AM"", ""open"": 268.25, ""high"": 268.25, ""low"": 268.1, ""close"": 268.2, ""type"": ""RED"", ""closed"": true}]","{""time"": ""2026-09-24T11:15:00+05:30"", ""time_display"": ""24-09-2026 11:15:00 AM"", ""closed_at"": ""2026-09-24T11:20:00+05:30"", ""closed_at_display"": ""24-09-2026 11:20:00 AM"", ""open"": 268.15, ""high"": 268.4, ""low"": 268.15, ""close"": 268.35, ""type"": ""GREEN"", ""closed"": true}","{""time"": ""2026-09-24T11:20:00+05:30"", ""time_display"": ""24-09-2026 11:20:00 AM"", ""closed_at"": ""2026-09-24T11:25:00+05:30"", ""closed_at_display"": ""24-09-2026 11:25:00 AM"", ""open"": 268.35, ""high"": 268.35, ""low"": 268.0, ""close"": 268.05, ""type"": ""RED"", ""closed"": true}","[""Trigger is restricted to the immediate candle after the four-candle pattern."", ""OHLC cannot determine an exact tick such as level + 0.05; entry is recorded at the crossed level."", ""SL is active only after the trigger candle closes.""]"
V2|JIOFIN|5m|2026-09-24T13:05:00+05:30|SHORT|TRIGGER|2026-09-24T13:25:00+05:30,V2|JIOFIN|5m|2026-09-24T13:05:00+05:30|SHORT,V2_NEXT_CANDLE_4_CANDLE_LEVEL,2026-09-24T15:02:54.883139+05:30,2026-09-24T15:02:54.931178+05:30,JIOFIN,5m,SHORT,3 RED → GREEN → NEXT-CANDLE LOW BREAKDOWN,3 Red → Green,CLOSED,TARGET_HIT,229.14,4-Candle Lowest Low,229.14,NEXT_CANDLE_CROSS,229.29,0.15,228.84,2026-09-24T13:25:00+05:30,24-09-2026 01:25:00 PM,CURRENT_FEED_OHLC_THEORETICAL_LEVEL,228.68,2026-09-24T13:30:00+05:30,2026-09-24T13:30:00+05:30,228.84,1:2 target reached after SL activation.,2.0,31,"[{""time"": ""2026-09-24T13:05:00+05:30"", ""time_display"": ""24-09-2026 01:05:00 PM"", ""closed_at"": ""2026-09-24T13:10:00+05:30"", ""closed_at_display"": ""24-09-2026 01:10:00 PM"", ""open"": 229.42, ""high"": 229.42, ""low"": 229.26, ""close"": 229.31, ""type"": ""RED"", ""closed"": true}, {""time"": ""2026-09-24T13:10:00+05:30"", ""time_display"": ""24-09-2026 01:10:00 PM"", ""closed_at"": ""2026-09-24T13:15:00+05:30"", ""closed_at_display"": ""24-09-2026 01:15:00 PM"", ""open"": 229.33, ""high"": 229.33, ""low"": 229.21, ""close"": 229.29, ""type"": ""RED"", ""closed"": true}, {""time"": ""2026-09-24T13:15:00+05:30"", ""time_display"": ""24-09-2026 01:15:00 PM"", ""closed_at"": ""2026-09-24T13:20:00+05:30"", ""closed_at_display"": ""24-09-2026 01:20:00 PM"", ""open"": 229.28, ""high"": 229.32, ""low"": 229.15, ""close"": 229.21, ""type"": ""RED"", ""closed"": true}]","{""time"": ""2026-09-24T13:20:00+05:30"", ""time_display"": ""24-09-2026 01:20:00 PM"", ""closed_at"": ""2026-09-24T13:25:00+05:30"", ""closed_at_display"": ""24-09-2026 01:25:00 PM"", ""open"": 229.19, ""high"": 229.29, ""low"": 229.14, ""close"": 229.2, ""type"": ""GREEN"", ""closed"": true}","{""time"": ""2026-09-24T13:25:00+05:30"", ""time_display"": ""24-09-2026 01:25:00 PM"", ""closed_at"": ""2026-09-24T13:30:00+05:30"", ""closed_at_display"": ""24-09-2026 01:30:00 PM"", ""open"": 229.22, ""high"": 229.3, ""low"": 228.56, ""close"": 228.68, ""type"": ""RED"", ""closed"": true}","[""Trigger is restricted to the immediate candle after the four-candle pattern."", ""OHLC cannot determine an exact tick such as level + 0.05; entry is recorded at the crossed level."", ""SL is active only after the trigger candle closes.""]"
V2|KOTAKBANK|5m|2026-09-24T11:50:00+05:30|LONG|TRIGGER|2026-09-24T12:10:00+05:30,V2|KOTAKBANK|5m|2026-09-24T11:50:00+05:30|LONG,V2_NEXT_CANDLE_4_CANDLE_LEVEL,2026-09-24T15:02:55.021911+05:30,2026-09-24T15:02:55.078313+05:30,KOTAKBANK,5m,LONG,3 GREEN → RED → NEXT-CANDLE HIGH BREAKOUT,3 Green → Red,CLOSED,SL_HIT,407.6,4-Candle Highest High,407.6,NEXT_CANDLE_CROSS,407.15,0.45,408.5,2026-09-24T12:10:00+05:30,24-09-2026 12:10:00 PM,CURRENT_FEED_OHLC_THEORETICAL_LEVEL,407.35,2026-09-24T12:15:00+05:30,2026-09-24T12:20:00+05:30,407.15,Stop-loss reached after SL activation.,-1.0,16,"[{""time"": ""2026-09-24T11:50:00+05:30"", ""time_display"": ""24-09-2026 11:50:00 AM"", ""closed_at"": ""2026-09-24T11:55:00+05:30"", ""closed_at_display"": ""24-09-2026 11:55:00 AM"", ""open"": 406.55, ""high"": 406.8, ""low"": 406.55, ""close"": 406.65, ""type"": ""GREEN"", ""closed"": true}, {""time"": ""2026-09-24T11:55:00+05:30"", ""time_display"": ""24-09-2026 11:55:00 AM"", ""closed_at"": ""2026-09-24T12:00:00+05:30"", ""closed_at_display"": ""24-09-2026 12:00:00 PM"", ""open"": 406.7, ""high"": 407.2, ""low"": 406.65, ""close"": 406.95, ""type"": ""GREEN"", ""closed"": true}, {""time"": ""2026-09-24T12:00:00+05:30"", ""time_display"": ""24-09-2026 12:00:00 PM"", ""closed_at"": ""2026-09-24T12:05:00+05:30"", ""closed_at_display"": ""24-09-2026 12:05:00 PM"", ""open"": 406.9, ""high"": 407.55, ""low"": 406.9, ""close"": 407.45, ""type"": ""GREEN"", ""closed"": true}]","{""time"": ""2026-09-24T12:05:00+05:30"", ""time_display"": ""24-09-2026 12:05:00 PM"", ""closed_at"": ""2026-09-24T12:10:00+05:30"", ""closed_at_display"": ""24-09-2026 12:10:00 PM"", ""open"": 407.45, ""high"": 407.6, ""low"": 407.15, ""close"": 407.4, ""type"": ""RED"", ""closed"": true}","{""time"": ""2026-09-24T12:10:00+05:30"", ""time_display"": ""24-09-2026 12:10:00 PM"", ""closed_at"": ""2026-09-24T12:15:00+05:30"", ""closed_at_display"": ""24-09-2026 12:15:00 PM"", ""open"": 407.35, ""high"": 407.7, ""low"": 407.15, ""close"": 407.35, ""type"": ""DOJI"", ""closed"": true}","[""Trigger is restricted to the immediate candle after the four-candle pattern."", ""OHLC cannot determine an exact tick such as level + 0.05; entry is recorded at the crossed level."", ""SL is active only after the trigger candle closes.""]"
V2|LT|5m|2026-09-24T13:30:00+05:30|SHORT|TRIGGER|2026-09-24T13:50:00+05:30,V2|LT|5m|2026-09-24T13:30:00+05:30|SHORT,V2_NEXT_CANDLE_4_CANDLE_LEVEL,2026-09-24T15:02:55.114731+05:30,2026-09-24T15:02:55.221910+05:30,LT,5m,SHORT,3 RED → GREEN → NEXT-CANDLE LOW BREAKDOWN,3 Red → Green,CLOSED,SL_HIT,3860.1,4-Candle Lowest Low,3860.1,NEXT_CANDLE_CROSS,3868.2,8.1,3843.9,2026-09-24T13:50:00+05:30,24-09-2026 01:50:00 PM,CURRENT_FEED_OHLC_THEORETICAL_LEVEL,3860.0,2026-09-24T13:55:00+05:30,2026-09-24T14:50:00+05:30,3868.2,Stop-loss reached after SL activation.,-1.0,36,"[{""time"": ""2026-09-24T13:30:00+05:30"", ""time_display"": ""24-09-2026 01:30:00 PM"", ""closed_at"": ""2026-09-24T13:35:00+05:30"", ""closed_at_display"": ""24-09-2026 01:35:00 PM"", ""open"": 3872.0, ""high"": 3875.5, ""low"": 3870.1, ""close"": 3871.6, ""type"": ""RED"", ""closed"": true}, {""time"": ""2026-09-24T13:35:00+05:30"", ""time_display"": ""24-09-2026 01:35:00 PM"", ""closed_at"": ""2026-09-24T13:40:00+05:30"", ""closed_at_display"": ""24-09-2026 01:40:00 PM"", ""open"": 3871.6, ""high"": 3872.6, ""low"": 3868.0, ""close"": 3869.4, ""type"": ""RED"", ""closed"": true}, {""time"": ""2026-09-24T13:40:00+05:30"", ""time_display"": ""24-09-2026 01:40:00 PM"", ""closed_at"": ""2026-09-24T13:45:00+05:30"", ""closed_at_display"": ""24-09-2026 01:45:00 PM"", ""open"": 3868.6, ""high"": 3870.0, ""low"": 3866.0, ""close"": 3866.3, ""type"": ""RED"", ""closed"": true}]","{""time"": ""2026-09-24T13:45:00+05:30"", ""time_display"": ""24-09-2026 01:45:00 PM"", ""closed_at"": ""2026-09-24T13:50:00+05:30"", ""closed_at_display"": ""24-09-2026 01:50:00 PM"", ""open"": 3866.3, ""high"": 3868.2, ""low"": 3860.1, ""close"": 3866.4, ""type"": ""GREEN"", ""closed"": true}","{""time"": ""2026-09-24T13:50:00+05:30"", ""time_display"": ""24-09-2026 01:50:00 PM"", ""closed_at"": ""2026-09-24T13:55:00+05:30"", ""closed_at_display"": ""24-09-2026 01:55:00 PM"", ""open"": 3866.3, ""high"": 3868.1, ""low"": 3860.0, ""close"": 3860.0, ""type"": ""RED"", ""closed"": true}","[""Trigger is restricted to the immediate candle after the four-candle pattern."", ""OHLC cannot determine an exact tick such as level + 0.05; entry is recorded at the crossed level."", ""SL is active only after the trigger candle closes.""]"
V2|M&M|5m|2026-09-24T12:35:00+05:30|SHORT|TRIGGER|2026-09-24T12:55:00+05:30,V2|M&M|5m|2026-09-24T12:35:00+05:30|SHORT,V2_NEXT_CANDLE_4_CANDLE_LEVEL,2026-09-24T15:02:55.262406+05:30,2026-09-24T15:02:55.326085+05:30,M&M,5m,SHORT,3 RED → GREEN → NEXT-CANDLE LOW BREAKDOWN,3 Red → Green,CLOSED,TARGET_HIT,3010.1,4-Candle Lowest Low,3010.1,NEXT_CANDLE_CROSS,3012.9,2.8,3004.5,2026-09-24T12:55:00+05:30,24-09-2026 12:55:00 PM,CURRENT_FEED_OHLC_THEORETICAL_LEVEL,3010.8,2026-09-24T13:00:00+05:30,2026-09-24T13:40:00+05:30,3004.5,1:2 target reached after SL activation.,2.0,25,"[{""time"": ""2026-09-24T12:35:00+05:30"", ""time_display"": ""24-09-2026 12:35:00 PM"", ""closed_at"": ""2026-09-24T12:40:00+05:30"", ""closed_at_display"": ""24-09-2026 12:40:00 PM"", ""open"": 3019.8, ""high"": 3020.6, ""low"": 3016.2, ""close"": 3017.1, ""type"": ""RED"", ""closed"": true}, {""time"": ""2026-09-24T12:40:00+05:30"", ""time_display"": ""24-09-2026 12:40:00 PM"", ""closed_at"": ""2026-09-24T12:45:00+05:30"", ""closed_at_display"": ""24-09-2026 12:45:00 PM"", ""open"": 3017.2, ""high"": 3017.6, ""low"": 3012.3, ""close"": 3012.6, ""type"": ""RED"", ""closed"": true}, {""time"": ""2026-09-24T12:45:00+05:30"", ""time_display"": ""24-09-2026 12:45:00 PM"", ""closed_at"": ""2026-09-24T12:50:00+05:30"", ""closed_at_display"": ""24-09-2026 12:50:00 PM"", ""open"": 3012.6, ""high"": 3014.8, ""low"": 3010.1, ""close"": 3011.3, ""type"": ""RED"", ""closed"": true}]","{""time"": ""2026-09-24T12:50:00+05:30"", ""time_display"": ""24-09-2026 12:50:00 PM"", ""closed_at"": ""2026-09-24T12:55:00+05:30"", ""closed_at_display"": ""24-09-2026 12:55:00 PM"", ""open"": 3011.2, ""high"": 3012.9, ""low"": 3011.0, ""close"": 3011.7, ""type"": ""GREEN"", ""closed"": true}","{""time"": ""2026-09-24T12:55:00+05:30"", ""time_display"": ""24-09-2026 12:55:00 PM"", ""closed_at"": ""2026-09-24T13:00:00+05:30"", ""closed_at_display"": ""24-09-2026 01:00:00 PM"", ""open"": 3011.7, ""high"": 3013.5, ""low"": 3009.6, ""close"": 3010.8, ""type"": ""RED"", ""closed"": true}","[""Trigger is restricted to the immediate candle after the four-candle pattern."", ""OHLC cannot determine an exact tick such as level + 0.05; entry is recorded at the crossed level."", ""SL is active only after the trigger candle closes.""]"
V2|NESTLEIND|5m|2026-09-24T11:00:00+05:30|SHORT|TRIGGER|2026-09-24T11:20:00+05:30,V2|NESTLEIND|5m|2026-09-24T11:00:00+05:30|SHORT,V2_NEXT_CANDLE_4_CANDLE_LEVEL,2026-09-24T15:02:55.403387+05:30,2026-09-24T15:02:55.559859+05:30,NESTLEIND,5m,SHORT,3 RED → GREEN → NEXT-CANDLE LOW BREAKDOWN,3 Red → Green,CLOSED,SL_HIT,1367.3,4-Candle Lowest Low,1367.3,NEXT_CANDLE_CROSS,1369.6,2.3,1362.7,2026-09-24T11:20:00+05:30,24-09-2026 11:20:00 AM,CURRENT_FEED_OHLC_THEORETICAL_LEVEL,1367.5,2026-09-24T11:25:00+05:30,2026-09-24T11:30:00+05:30,1369.6,Stop-loss reached after SL activation.,-1.0,6,"[{""time"": ""2026-09-24T11:00:00+05:30"", ""time_display"": ""24-09-2026 11:00:00 AM"", ""closed_at"": ""2026-09-24T11:05:00+05:30"", ""closed_at_display"": ""24-09-2026 11:05:00 AM"", ""open"": 1372.4, ""high"": 1372.8, ""low"": 1370.0, ""close"": 1370.5, ""type"": ""RED"", ""closed"": true}, {""time"": ""2026-09-24T11:05:00+05:30"", ""time_display"": ""24-09-2026 11:05:00 AM"", ""closed_at"": ""2026-09-24T11:10:00+05:30"", ""closed_at_display"": ""24-09-2026 11:10:00 AM"", ""open"": 1370.5, ""high"": 1370.5, ""low"": 1368.1, ""close"": 1369.0, ""type"": ""RED"", ""closed"": true}, {""time"": ""2026-09-24T11:10:00+05:30"", ""time_display"": ""24-09-2026 11:10:00 AM"", ""closed_at"": ""2026-09-24T11:15:00+05:30"", ""closed_at_display"": ""24-09-2026 11:15:00 AM"", ""open"": 1368.9, ""high"": 1368.9, ""low"": 1367.3, ""close"": 1367.3, ""type"": ""RED"", ""closed"": true}]","{""time"": ""2026-09-24T11:15:00+05:30"", ""time_display"": ""24-09-2026 11:15:00 AM"", ""closed_at"": ""2026-09-24T11:20:00+05:30"", ""closed_at_display"": ""24-09-2026 11:20:00 AM"", ""open"": 1367.4, ""high"": 1369.6, ""low"": 1367.4, ""close"": 1368.6, ""type"": ""GREEN"", ""closed"": true}","{""time"": ""2026-09-24T11:20:00+05:30"", ""time_display"": ""24-09-2026 11:20:00 AM"", ""closed_at"": ""2026-09-24T11:25:00+05:30"", ""closed_at_display"": ""24-09-2026 11:25:00 AM"", ""open"": 1368.6, ""high"": 1368.9, ""low"": 1367.0, ""close"": 1367.5, ""type"": ""RED"", ""closed"": true}","[""Trigger is restricted to the immediate candle after the four-candle pattern."", ""OHLC cannot determine an exact tick such as level + 0.05; entry is recorded at the crossed level."", ""SL is active only after the trigger candle closes.""]"
V2|NESTLEIND|5m|2026-09-24T13:05:00+05:30|SHORT|TRIGGER|2026-09-24T13:25:00+05:30,V2|NESTLEIND|5m|2026-09-24T13:05:00+05:30|SHORT,V2_NEXT_CANDLE_4_CANDLE_LEVEL,2026-09-24T15:02:55.470050+05:30,2026-09-24T15:02:55.623670+05:30,NESTLEIND,5m,SHORT,3 RED → GREEN → NEXT-CANDLE LOW BREAKDOWN,3 Red → Green,CLOSED,TARGET_HIT,1363.1,4-Candle Lowest Low,1363.1,NEXT_CANDLE_CROSS,1365.1,2.0,1359.1,2026-09-24T13:25:00+05:30,24-09-2026 01:25:00 PM,CURRENT_FEED_OHLC_THEORETICAL_LEVEL,1363.1,2026-09-24T13:30:00+05:30,2026-09-24T13:40:00+05:30,1359.1,1:2 target reached after SL activation.,2.0,31,"[{""time"": ""2026-09-24T13:05:00+05:30"", ""time_display"": ""24-09-2026 01:05:00 PM"", ""closed_at"": ""2026-09-24T13:10:00+05:30"", ""closed_at_display"": ""24-09-2026 01:10:00 PM"", ""open"": 1365.0, ""high"": 1365.5, ""low"": 1364.0, ""close"": 1364.9, ""type"": ""RED"", ""closed"": true}, {""time"": ""2026-09-24T13:10:00+05:30"", ""time_display"": ""24-09-2026 01:10:00 PM"", ""closed_at"": ""2026-09-24T13:15:00+05:30"", ""closed_at_display"": ""24-09-2026 01:15:00 PM"", ""open"": 1364.9, ""high"": 1365.0, ""low"": 1363.2, ""close"": 1364.8, ""type"": ""RED"", ""closed"": true}, {""time"": ""2026-09-24T13:15:00+05:30"", ""time_display"": ""24-09-2026 01:15:00 PM"", ""closed_at"": ""2026-09-24T13:20:00+05:30"", ""closed_at_display"": ""24-09-2026 01:20:00 PM"", ""open"": 1364.8, ""high"": 1364.8, ""low"": 1363.1, ""close"": 1363.4, ""type"": ""RED"", ""closed"": true}]","{""time"": ""2026-09-24T13:20:00+05:30"", ""time_display"": ""24-09-2026 01:20:00 PM"", ""closed_at"": ""2026-09-24T13:25:00+05:30"", ""closed_at_display"": ""24-09-2026 01:25:00 PM"", ""open"": 1363.6, ""high"": 1365.1, ""low"": 1363.2, ""close"": 1364.5, ""type"": ""GREEN"", ""closed"": true}","{""time"": ""2026-09-24T13:25:00+05:30"", ""time_display"": ""24-09-2026 01:25:00 PM"", ""closed_at"": ""2026-09-24T13:30:00+05:30"", ""closed_at_display"": ""24-09-2026 01:30:00 PM"", ""open"": 1364.5, ""high"": 1364.5, ""low"": 1362.0, ""close"": 1363.1, ""type"": ""RED"", ""closed"": true}","[""Trigger is restricted to the immediate candle after the four-candle pattern."", ""OHLC cannot determine an exact tick such as level + 0.05; entry is recorded at the crossed level."", ""SL is active only after the trigger candle closes.""]"
V2|NTPC|5m|2026-09-24T12:25:00+05:30|SHORT|TRIGGER|2026-09-24T12:45:00+05:30,V2|NTPC|5m|2026-09-24T12:25:00+05:30|SHORT,V2_NEXT_CANDLE_4_CANDLE_LEVEL,2026-09-24T15:02:55.683456+05:30,2026-09-24T15:02:55.805057+05:30,NTPC,5m,SHORT,3 RED → GREEN → NEXT-CANDLE LOW BREAKDOWN,3 Red → Green,CLOSED,SL_HIT,326.1,4-Candle Lowest Low,326.1,NEXT_CANDLE_CROSS,326.4,0.3,325.5,2026-09-24T12:45:00+05:30,24-09-2026 12:45:00 PM,CURRENT_FEED_OHLC_THEORETICAL_LEVEL,326.35,2026-09-24T12:50:00+05:30,2026-09-24T12:50:00+05:30,326.4,Stop-loss reached after SL activation.,-1.0,23,"[{""time"": ""2026-09-24T12:25:00+05:30"", ""time_display"": ""24-09-2026 12:25:00 PM"", ""closed_at"": ""2026-09-24T12:30:00+05:30"", ""closed_at_display"": ""24-09-2026 12:30:00 PM"", ""open"": 326.95, ""high"": 326.95, ""low"": 326.1, ""close"": 326.75, ""type"": ""RED"", ""closed"": true}, {""time"": ""2026-09-24T12:30:00+05:30"", ""time_display"": ""24-09-2026 12:30:00 PM"", ""closed_at"": ""2026-09-24T12:35:00+05:30"", ""closed_at_display"": ""24-09-2026 12:35:00 PM"", ""open"": 326.65, ""high"": 326.75, ""low"": 326.4, ""close"": 326.5, ""type"": ""RED"", ""closed"": true}, {""time"": ""2026-09-24T12:35:00+05:30"", ""time_display"": ""24-09-2026 12:35:00 PM"", ""closed_at"": ""2026-09-24T12:40:00+05:30"", ""closed_at_display"": ""24-09-2026 12:40:00 PM"", ""open"": 326.45, ""high"": 326.55, ""low"": 326.25, ""close"": 326.3, ""type"": ""RED"", ""closed"": true}]","{""time"": ""2026-09-24T12:40:00+05:30"", ""time_display"": ""24-09-2026 12:40:00 PM"", ""closed_at"": ""2026-09-24T12:45:00+05:30"", ""closed_at_display"": ""24-09-2026 12:45:00 PM"", ""open"": 326.25, ""high"": 326.4, ""low"": 326.2, ""close"": 326.35, ""type"": ""GREEN"", ""closed"": true}","{""time"": ""2026-09-24T12:45:00+05:30"", ""time_display"": ""24-09-2026 12:45:00 PM"", ""closed_at"": ""2026-09-24T12:50:00+05:30"", ""closed_at_display"": ""24-09-2026 12:50:00 PM"", ""open"": 326.3, ""high"": 326.35, ""low"": 326.0, ""close"": 326.35, ""type"": ""GREEN"", ""closed"": true}","[""Trigger is restricted to the immediate candle after the four-candle pattern."", ""OHLC cannot determine an exact tick such as level + 0.05; entry is recorded at the crossed level."", ""SL is active only after the trigger candle closes.""]"
V2|ONGC|5m|2026-09-24T13:55:00+05:30|SHORT|TRIGGER|2026-09-24T14:15:00+05:30,V2|ONGC|5m|2026-09-24T13:55:00+05:30|SHORT,V2_NEXT_CANDLE_4_CANDLE_LEVEL,2026-09-24T15:02:55.848861+05:30,2026-09-24T15:02:55.990296+05:30,ONGC,5m,SHORT,3 RED → GREEN → NEXT-CANDLE LOW BREAKDOWN,3 Red → Green,CLOSED,SL_HIT,236.07,4-Candle Lowest Low,236.07,NEXT_CANDLE_CROSS,236.25,0.18,235.71,2026-09-24T14:15:00+05:30,24-09-2026 02:15:00 PM,CURRENT_FEED_OHLC_THEORETICAL_LEVEL,236.04,2026-09-24T14:20:00+05:30,2026-09-24T14:25:00+05:30,236.25,Stop-loss reached after SL activation.,-1.0,41,"[{""time"": ""2026-09-24T13:55:00+05:30"", ""time_display"": ""24-09-2026 01:55:00 PM"", ""closed_at"": ""2026-09-24T14:00:00+05:30"", ""closed_at_display"": ""24-09-2026 02:00:00 PM"", ""open"": 236.38, ""high"": 236.46, ""low"": 236.27, ""close"": 236.28, ""type"": ""RED"", ""closed"": true}, {""time"": ""2026-09-24T14:00:00+05:30"", ""time_display"": ""24-09-2026 02:00:00 PM"", ""closed_at"": ""2026-09-24T14:05:00+05:30"", ""closed_at_display"": ""24-09-2026 02:05:00 PM"", ""open"": 236.26, ""high"": 236.36, ""low"": 236.12, ""close"": 236.12, ""type"": ""RED"", ""closed"": true}, {""time"": ""2026-09-24T14:05:00+05:30"", ""time_display"": ""24-09-2026 02:05:00 PM"", ""closed_at"": ""2026-09-24T14:10:00+05:30"", ""closed_at_display"": ""24-09-2026 02:10:00 PM"", ""open"": 236.15, ""high"": 236.24, ""low"": 236.11, ""close"": 236.14, ""type"": ""RED"", ""closed"": true}]","{""time"": ""2026-09-24T14:10:00+05:30"", ""time_display"": ""24-09-2026 02:10:00 PM"", ""closed_at"": ""2026-09-24T14:15:00+05:30"", ""closed_at_display"": ""24-09-2026 02:15:00 PM"", ""open"": 236.14, ""high"": 236.25, ""low"": 236.07, ""close"": 236.17, ""type"": ""GREEN"", ""closed"": true}","{""time"": ""2026-09-24T14:15:00+05:30"", ""time_display"": ""24-09-2026 02:15:00 PM"", ""closed_at"": ""2026-09-24T14:20:00+05:30"", ""closed_at_display"": ""24-09-2026 02:20:00 PM"", ""open"": 236.17, ""high"": 236.27, ""low"": 236.04, ""close"": 236.04, ""type"": ""RED"", ""closed"": true}","[""Trigger is restricted to the immediate candle after the four-candle pattern."", ""OHLC cannot determine an exact tick such as level + 0.05; entry is recorded at the crossed level."", ""SL is active only after the trigger candle closes.""]"
V2|POWERGRID|5m|2026-09-24T14:25:00+05:30|LONG|TRIGGER|2026-09-24T14:45:00+05:30,V2|POWERGRID|5m|2026-09-24T14:25:00+05:30|LONG,V2_NEXT_CANDLE_4_CANDLE_LEVEL,2026-09-24T15:02:56.043280+05:30,2026-09-24T15:02:56.193804+05:30,POWERGRID,5m,LONG,3 GREEN → RED → NEXT-CANDLE HIGH BREAKOUT,3 Green → Red,CLOSED,SL_HIT,267.25,4-Candle Highest High,267.25,NEXT_CANDLE_CROSS,267.0,0.25,267.75,2026-09-24T14:45:00+05:30,24-09-2026 02:45:00 PM,CURRENT_FEED_OHLC_THEORETICAL_LEVEL,267.3,2026-09-24T14:50:00+05:30,2026-09-24T14:50:00+05:30,267.0,Stop-loss reached after SL activation.,-1.0,47,"[{""time"": ""2026-09-24T14:25:00+05:30"", ""time_display"": ""24-09-2026 02:25:00 PM"", ""closed_at"": ""2026-09-24T14:30:00+05:30"", ""closed_at_display"": ""24-09-2026 02:30:00 PM"", ""open"": 266.1, ""high"": 266.4, ""low"": 266.05, ""close"": 266.35, ""type"": ""GREEN"", ""closed"": true}, {""time"": ""2026-09-24T14:30:00+05:30"", ""time_display"": ""24-09-2026 02:30:00 PM"", ""closed_at"": ""2026-09-24T14:35:00+05:30"", ""closed_at_display"": ""24-09-2026 02:35:00 PM"", ""open"": 266.35, ""high"": 266.6, ""low"": 266.25, ""close"": 266.6, ""type"": ""GREEN"", ""closed"": true}, {""time"": ""2026-09-24T14:35:00+05:30"", ""time_display"": ""24-09-2026 02:35:00 PM"", ""closed_at"": ""2026-09-24T14:40:00+05:30"", ""closed_at_display"": ""24-09-2026 02:40:00 PM"", ""open"": 266.6, ""high"": 267.15, ""low"": 266.55, ""close"": 267.15, ""type"": ""GREEN"", ""closed"": true}]","{""time"": ""2026-09-24T14:40:00+05:30"", ""time_display"": ""24-09-2026 02:40:00 PM"", ""closed_at"": ""2026-09-24T14:45:00+05:30"", ""closed_at_display"": ""24-09-2026 02:45:00 PM"", ""open"": 267.15, ""high"": 267.25, ""low"": 267.0, ""close"": 267.1, ""type"": ""RED"", ""closed"": true}","{""time"": ""2026-09-24T14:45:00+05:30"", ""time_display"": ""24-09-2026 02:45:00 PM"", ""closed_at"": ""2026-09-24T14:50:00+05:30"", ""closed_at_display"": ""24-09-2026 02:50:00 PM"", ""open"": 267.1, ""high"": 267.35, ""low"": 267.0, ""close"": 267.3, ""type"": ""GREEN"", ""closed"": true}","[""Trigger is restricted to the immediate candle after the four-candle pattern."", ""OHLC cannot determine an exact tick such as level + 0.05; entry is recorded at the crossed level."", ""SL is active only after the trigger candle closes.""]"
V2|SUNPHARMA|5m|2026-09-24T11:25:00+05:30|SHORT|TRIGGER|2026-09-24T11:45:00+05:30,V2|SUNPHARMA|5m|2026-09-24T11:25:00+05:30|SHORT,V2_NEXT_CANDLE_4_CANDLE_LEVEL,2026-09-24T15:02:56.294240+05:30,2026-09-24T15:02:56.432667+05:30,SUNPHARMA,5m,SHORT,3 RED → GREEN → NEXT-CANDLE LOW BREAKDOWN,3 Red → Green,CLOSED,SL_HIT,1860.7,4-Candle Lowest Low,1860.7,NEXT_CANDLE_CROSS,1864.3,3.6,1853.5,2026-09-24T11:45:00+05:30,24-09-2026 11:45:00 AM,CURRENT_FEED_OHLC_THEORETICAL_LEVEL,1860.5,2026-09-24T11:50:00+05:30,2026-09-24T11:55:00+05:30,1864.3,Stop-loss reached after SL activation.,-1.0,11,"[{""time"": ""2026-09-24T11:25:00+05:30"", ""time_display"": ""24-09-2026 11:25:00 AM"", ""closed_at"": ""2026-09-24T11:30:00+05:30"", ""closed_at_display"": ""24-09-2026 11:30:00 AM"", ""open"": 1870.0, ""high"": 1870.2, ""low"": 1868.4, ""close"": 1869.1, ""type"": ""RED"", ""closed"": true}, {""time"": ""2026-09-24T11:30:00+05:30"", ""time_display"": ""24-09-2026 11:30:00 AM"", ""closed_at"": ""2026-09-24T11:35:00+05:30"", ""closed_at_display"": ""24-09-2026 11:35:00 AM"", ""open"": 1868.8, ""high"": 1870.0, ""low"": 1862.1, ""close"": 1862.7, ""type"": ""RED"", ""closed"": true}, {""time"": ""2026-09-24T11:35:00+05:30"", ""time_display"": ""24-09-2026 11:35:00 AM"", ""closed_at"": ""2026-09-24T11:40:00+05:30"", ""closed_at_display"": ""24-09-2026 11:40:00 AM"", ""open"": 1862.5, ""high"": 1863.9, ""low"": 1860.7, ""close"": 1861.0, ""type"": ""RED"", ""closed"": true}]","{""time"": ""2026-09-24T11:40:00+05:30"", ""time_display"": ""24-09-2026 11:40:00 AM"", ""closed_at"": ""2026-09-24T11:45:00+05:30"", ""closed_at_display"": ""24-09-2026 11:45:00 AM"", ""open"": 1860.9, ""high"": 1864.3, ""low"": 1860.7, ""close"": 1861.8, ""type"": ""GREEN"", ""closed"": true}","{""time"": ""2026-09-24T11:45:00+05:30"", ""time_display"": ""24-09-2026 11:45:00 AM"", ""closed_at"": ""2026-09-24T11:50:00+05:30"", ""closed_at_display"": ""24-09-2026 11:50:00 AM"", ""open"": 1861.3, ""high"": 1862.0, ""low"": 1860.5, ""close"": 1860.5, ""type"": ""RED"", ""closed"": true}","[""Trigger is restricted to the immediate candle after the four-candle pattern."", ""OHLC cannot determine an exact tick such as level + 0.05; entry is recorded at the crossed level."", ""SL is active only after the trigger candle closes.""]"
V2|SUNPHARMA|5m|2026-09-24T12:05:00+05:30|SHORT|TRIGGER|2026-09-24T12:25:00+05:30,V2|SUNPHARMA|5m|2026-09-24T12:05:00+05:30|SHORT,V2_NEXT_CANDLE_4_CANDLE_LEVEL,2026-09-24T15:02:56.336370+05:30,2026-09-24T15:02:56.503233+05:30,SUNPHARMA,5m,SHORT,3 RED → GREEN → NEXT-CANDLE LOW BREAKDOWN,3 Red → Green,CLOSED,TARGET_HIT,1862.1,4-Candle Lowest Low,1862.1,NEXT_CANDLE_CROSS,1864.9,2.8,1856.5,2026-09-24T12:25:00+05:30,24-09-2026 12:25:00 PM,CURRENT_FEED_OHLC_THEORETICAL_LEVEL,1861.1,2026-09-24T12:30:00+05:30,2026-09-24T13:20:00+05:30,1856.5,1:2 target reached after SL activation.,2.0,19,"[{""time"": ""2026-09-24T12:05:00+05:30"", ""time_display"": ""24-09-2026 12:05:00 PM"", ""closed_at"": ""2026-09-24T12:10:00+05:30"", ""closed_at_display"": ""24-09-2026 12:10:00 PM"", ""open"": 1867.0, ""high"": 1867.0, ""low"": 1864.2, ""close"": 1865.5, ""type"": ""RED"", ""closed"": true}, {""time"": ""2026-09-24T12:10:00+05:30"", ""time_display"": ""24-09-2026 12:10:00 PM"", ""closed_at"": ""2026-09-24T12:15:00+05:30"", ""closed_at_display"": ""24-09-2026 12:15:00 PM"", ""open"": 1865.2, ""high"": 1865.2, ""low"": 1862.8, ""close"": 1863.7, ""type"": ""RED"", ""closed"": true}, {""time"": ""2026-09-24T12:15:00+05:30"", ""time_display"": ""24-09-2026 12:15:00 PM"", ""closed_at"": ""2026-09-24T12:20:00+05:30"", ""closed_at_display"": ""24-09-2026 12:20:00 PM"", ""open"": 1863.8, ""high"": 1864.6, ""low"": 1862.1, ""close"": 1863.3, ""type"": ""RED"", ""closed"": true}]","{""time"": ""2026-09-24T12:20:00+05:30"", ""time_display"": ""24-09-2026 12:20:00 PM"", ""closed_at"": ""2026-09-24T12:25:00+05:30"", ""closed_at_display"": ""24-09-2026 12:25:00 PM"", ""open"": 1863.3, ""high"": 1864.9, ""low"": 1862.2, ""close"": 1863.7, ""type"": ""GREEN"", ""closed"": true}","{""time"": ""2026-09-24T12:25:00+05:30"", ""time_display"": ""24-09-2026 12:25:00 PM"", ""closed_at"": ""2026-09-24T12:30:00+05:30"", ""closed_at_display"": ""24-09-2026 12:30:00 PM"", ""open"": 1863.6, ""high"": 1863.6, ""low"": 1860.6, ""close"": 1861.1, ""type"": ""RED"", ""closed"": true}","[""Trigger is restricted to the immediate candle after the four-candle pattern."", ""OHLC cannot determine an exact tick such as level + 0.05; entry is recorded at the crossed level."", ""SL is active only after the trigger candle closes.""]"
V2|SUNPHARMA|5m|2026-09-24T13:45:00+05:30|SHORT|TRIGGER|2026-09-24T14:05:00+05:30,V2|SUNPHARMA|5m|2026-09-24T13:45:00+05:30|SHORT,V2_NEXT_CANDLE_4_CANDLE_LEVEL,2026-09-24T15:02:56.368018+05:30,2026-09-24T15:02:56.368029+05:30,SUNPHARMA,5m,SHORT,3 RED → GREEN → NEXT-CANDLE LOW BREAKDOWN,3 Red → Green,CLOSED,SYSTEMATIC_SL,1850.6,4-Candle Lowest Low,1850.6,NEXT_CANDLE_CROSS,1852.3,1.7,1847.2,2026-09-24T14:05:00+05:30,24-09-2026 02:05:00 PM,CURRENT_FEED_OHLC_THEORETICAL_LEVEL,1852.4,,2026-09-24T14:05:00+05:30,1852.4,Trigger candle closed beyond the reference SL. Intrabar SL was not counted before the trigger candle closed.,-1.0,39,"[{""time"": ""2026-09-24T13:45:00+05:30"", ""time_display"": ""24-09-2026 01:45:00 PM"", ""closed_at"": ""2026-09-24T13:50:00+05:30"", ""closed_at_display"": ""24-09-2026 01:50:00 PM"", ""open"": 1855.5, ""high"": 1857.2, ""low"": 1854.9, ""close"": 1854.9, ""type"": ""RED"", ""closed"": true}, {""time"": ""2026-09-24T13:50:00+05:30"", ""time_display"": ""24-09-2026 01:50:00 PM"", ""closed_at"": ""2026-09-24T13:55:00+05:30"", ""closed_at_display"": ""24-09-2026 01:55:00 PM"", ""open"": 1855.7, ""high"": 1856.7, ""low"": 1852.6, ""close"": 1852.6, ""type"": ""RED"", ""closed"": true}, {""time"": ""2026-09-24T13:55:00+05:30"", ""time_display"": ""24-09-2026 01:55:00 PM"", ""closed_at"": ""2026-09-24T14:00:00+05:30"", ""closed_at_display"": ""24-09-2026 02:00:00 PM"", ""open"": 1852.6, ""high"": 1852.6, ""low"": 1850.8, ""close"": 1851.1, ""type"": ""RED"", ""closed"": true}]","{""time"": ""2026-09-24T14:00:00+05:30"", ""time_display"": ""24-09-2026 02:00:00 PM"", ""closed_at"": ""2026-09-24T14:05:00+05:30"", ""closed_at_display"": ""24-09-2026 02:05:00 PM"", ""open"": 1851.1, ""high"": 1852.3, ""low"": 1850.6, ""close"": 1851.3, ""type"": ""GREEN"", ""closed"": true}","{""time"": ""2026-09-24T14:05:00+05:30"", ""time_display"": ""24-09-2026 02:05:00 PM"", ""closed_at"": ""2026-09-24T14:10:00+05:30"", ""closed_at_display"": ""24-09-2026 02:10:00 PM"", ""open"": 1852.0, ""high"": 1852.7, ""low"": 1850.0, ""close"": 1852.4, ""type"": ""GREEN"", ""closed"": true}","[""Trigger is restricted to the immediate candle after the four-candle pattern."", ""OHLC cannot determine an exact tick such as level + 0.05; entry is recorded at the crossed level.""]"
V2|TATACONSUM|5m|2026-09-24T11:30:00+05:30|LONG|TRIGGER|2026-09-24T11:50:00+05:30,V2|TATACONSUM|5m|2026-09-24T11:30:00+05:30|LONG,V2_NEXT_CANDLE_4_CANDLE_LEVEL,2026-09-24T15:02:56.537476+05:30,2026-09-24T15:02:56.606864+05:30,TATACONSUM,5m,LONG,3 GREEN → RED → NEXT-CANDLE HIGH BREAKOUT,3 Green → Red,CLOSED,SL_HIT,988.3,4-Candle Highest High,988.3,NEXT_CANDLE_CROSS,987.2,1.1,990.5,2026-09-24T11:50:00+05:30,24-09-2026 11:50:00 AM,CURRENT_FEED_OHLC_THEORETICAL_LEVEL,987.6,2026-09-24T11:55:00+05:30,2026-09-24T11:55:00+05:30,987.2,Stop-loss reached after SL activation.,-1.0,12,"[{""time"": ""2026-09-24T11:30:00+05:30"", ""time_display"": ""24-09-2026 11:30:00 AM"", ""closed_at"": ""2026-09-24T11:35:00+05:30"", ""closed_at_display"": ""24-09-2026 11:35:00 AM"", ""open"": 984.3, ""high"": 985.0, ""low"": 983.8, ""close"": 984.6, ""type"": ""GREEN"", ""closed"": true}, {""time"": ""2026-09-24T11:35:00+05:30"", ""time_display"": ""24-09-2026 11:35:00 AM"", ""closed_at"": ""2026-09-24T11:40:00+05:30"", ""closed_at_display"": ""24-09-2026 11:40:00 AM"", ""open"": 984.5, ""high"": 987.1, ""low"": 983.6, ""close"": 986.1, ""type"": ""GREEN"", ""closed"": true}, {""time"": ""2026-09-24T11:40:00+05:30"", ""time_display"": ""24-09-2026 11:40:00 AM"", ""closed_at"": ""2026-09-24T11:45:00+05:30"", ""closed_at_display"": ""24-09-2026 11:45:00 AM"", ""open"": 986.6, ""high"": 988.3, ""low"": 986.1, ""close"": 987.6, ""type"": ""GREEN"", ""closed"": true}]","{""time"": ""2026-09-24T11:45:00+05:30"", ""time_display"": ""24-09-2026 11:45:00 AM"", ""closed_at"": ""2026-09-24T11:50:00+05:30"", ""closed_at_display"": ""24-09-2026 11:50:00 AM"", ""open"": 988.0, ""high"": 988.1, ""low"": 987.2, ""close"": 987.8, ""type"": ""RED"", ""closed"": true}","{""time"": ""2026-09-24T11:50:00+05:30"", ""time_display"": ""24-09-2026 11:50:00 AM"", ""closed_at"": ""2026-09-24T11:55:00+05:30"", ""closed_at_display"": ""24-09-2026 11:55:00 AM"", ""open"": 987.8, ""high"": 988.5, ""low"": 987.5, ""close"": 987.6, ""type"": ""RED"", ""closed"": true}","[""Trigger is restricted to the immediate candle after the four-candle pattern."", ""OHLC cannot determine an exact tick such as level + 0.05; entry is recorded at the crossed level."", ""SL is active only after the trigger candle closes.""]"
V2|TATASTEEL|5m|2026-09-24T11:00:00+05:30|SHORT|TRIGGER|2026-09-24T11:20:00+05:30,V2|TATASTEEL|5m|2026-09-24T11:00:00+05:30|SHORT,V2_NEXT_CANDLE_4_CANDLE_LEVEL,2026-09-24T15:02:56.681416+05:30,2026-09-24T15:02:56.825059+05:30,TATASTEEL,5m,SHORT,3 RED → GREEN → NEXT-CANDLE LOW BREAKDOWN,3 Red → Green,CLOSED,TARGET_HIT,189.54,4-Candle Lowest Low,189.54,NEXT_CANDLE_CROSS,189.73,0.19,189.16,2026-09-24T11:20:00+05:30,24-09-2026 11:20:00 AM,CURRENT_FEED_OHLC_THEORETICAL_LEVEL,189.37,2026-09-24T11:25:00+05:30,2026-09-24T11:30:00+05:30,189.16,1:2 target reached after SL activation.,2.0,6,"[{""time"": ""2026-09-24T11:00:00+05:30"", ""time_display"": ""24-09-2026 11:00:00 AM"", ""closed_at"": ""2026-09-24T11:05:00+05:30"", ""closed_at_display"": ""24-09-2026 11:05:00 AM"", ""open"": 190.0, ""high"": 190.0, ""low"": 189.91, ""close"": 189.95, ""type"": ""RED"", ""closed"": true}, {""time"": ""2026-09-24T11:05:00+05:30"", ""time_display"": ""24-09-2026 11:05:00 AM"", ""closed_at"": ""2026-09-24T11:10:00+05:30"", ""closed_at_display"": ""24-09-2026 11:10:00 AM"", ""open"": 189.91, ""high"": 189.95, ""low"": 189.77, ""close"": 189.78, ""type"": ""RED"", ""closed"": true}, {""time"": ""2026-09-24T11:10:00+05:30"", ""time_display"": ""24-09-2026 11:10:00 AM"", ""closed_at"": ""2026-09-24T11:15:00+05:30"", ""closed_at_display"": ""24-09-2026 11:15:00 AM"", ""open"": 189.81, ""high"": 189.9, ""low"": 189.66, ""close"": 189.66, ""type"": ""RED"", ""closed"": true}]","{""time"": ""2026-09-24T11:15:00+05:30"", ""time_display"": ""24-09-2026 11:15:00 AM"", ""closed_at"": ""2026-09-24T11:20:00+05:30"", ""closed_at_display"": ""24-09-2026 11:20:00 AM"", ""open"": 189.66, ""high"": 189.73, ""low"": 189.54, ""close"": 189.72, ""type"": ""GREEN"", ""closed"": true}","{""time"": ""2026-09-24T11:20:00+05:30"", ""time_display"": ""24-09-2026 11:20:00 AM"", ""closed_at"": ""2026-09-24T11:25:00+05:30"", ""closed_at_display"": ""24-09-2026 11:25:00 AM"", ""open"": 189.73, ""high"": 189.73, ""low"": 189.37, ""close"": 189.37, ""type"": ""RED"", ""closed"": true}","[""Trigger is restricted to the immediate candle after the four-candle pattern."", ""OHLC cannot determine an exact tick such as level + 0.05; entry is recorded at the crossed level."", ""SL is active only after the trigger candle closes.""]"
V2|TATASTEEL|5m|2026-09-24T13:15:00+05:30|SHORT|TRIGGER|2026-09-24T13:35:00+05:30,V2|TATASTEEL|5m|2026-09-24T13:15:00+05:30|SHORT,V2_NEXT_CANDLE_4_CANDLE_LEVEL,2026-09-24T15:02:56.726582+05:30,2026-09-24T15:02:56.870591+05:30,TATASTEEL,5m,SHORT,3 RED → GREEN → NEXT-CANDLE LOW BREAKDOWN,3 Red → Green,CLOSED,TARGET_HIT,188.89,4-Candle Lowest Low,188.89,NEXT_CANDLE_CROSS,189.11,0.22,188.45,2026-09-24T13:35:00+05:30,24-09-2026 01:35:00 PM,CURRENT_FEED_OHLC_THEORETICAL_LEVEL,188.95,2026-09-24T13:40:00+05:30,2026-09-24T13:45:00+05:30,188.45,1:2 target reached after SL activation.,2.0,33,"[{""time"": ""2026-09-24T13:15:00+05:30"", ""time_display"": ""24-09-2026 01:15:00 PM"", ""closed_at"": ""2026-09-24T13:20:00+05:30"", ""closed_at_display"": ""24-09-2026 01:20:00 PM"", ""open"": 189.39, ""high"": 189.44, ""low"": 189.33, ""close"": 189.34, ""type"": ""RED"", ""closed"": true}, {""time"": ""2026-09-24T13:20:00+05:30"", ""time_display"": ""24-09-2026 01:20:00 PM"", ""closed_at"": ""2026-09-24T13:25:00+05:30"", ""closed_at_display"": ""24-09-2026 01:25:00 PM"", ""open"": 189.34, ""high"": 189.44, ""low"": 189.1, ""close"": 189.17, ""type"": ""RED"", ""closed"": true}, {""time"": ""2026-09-24T13:25:00+05:30"", ""time_display"": ""24-09-2026 01:25:00 PM"", ""closed_at"": ""2026-09-24T13:30:00+05:30"", ""closed_at_display"": ""24-09-2026 01:30:00 PM"", ""open"": 189.11, ""high"": 189.17, ""low"": 188.89, ""close"": 188.97, ""type"": ""RED"", ""closed"": true}]","{""time"": ""2026-09-24T13:30:00+05:30"", ""time_display"": ""24-09-2026 01:30:00 PM"", ""closed_at"": ""2026-09-24T13:35:00+05:30"", ""closed_at_display"": ""24-09-2026 01:35:00 PM"", ""open"": 189.0, ""high"": 189.11, ""low"": 188.93, ""close"": 189.04, ""type"": ""GREEN"", ""closed"": true}","{""time"": ""2026-09-24T13:35:00+05:30"", ""time_display"": ""24-09-2026 01:35:00 PM"", ""closed_at"": ""2026-09-24T13:40:00+05:30"", ""closed_at_display"": ""24-09-2026 01:40:00 PM"", ""open"": 189.04, ""high"": 189.04, ""low"": 188.87, ""close"": 188.95, ""type"": ""RED"", ""closed"": true}","[""Trigger is restricted to the immediate candle after the four-candle pattern."", ""OHLC cannot determine an exact tick such as level + 0.05; entry is recorded at the crossed level."", ""SL is active only after the trigger candle closes.""]"
V2|TCS|5m|2026-09-24T11:50:00+05:30|LONG|TRIGGER|2026-09-24T12:10:00+05:30,V2|TCS|5m|2026-09-24T11:50:00+05:30|LONG,V2_NEXT_CANDLE_4_CANDLE_LEVEL,2026-09-24T15:02:56.922731+05:30,2026-09-24T15:02:56.922750+05:30,TCS,5m,LONG,3 GREEN → RED → NEXT-CANDLE HIGH BREAKOUT,3 Green → Red,CLOSED,SYSTEMATIC_SL,2096.1,4-Candle Highest High,2096.1,NEXT_CANDLE_CROSS,2094.0,2.1,2100.3,2026-09-24T12:10:00+05:30,24-09-2026 12:10:00 PM,CURRENT_FEED_OHLC_THEORETICAL_LEVEL,2093.6,,2026-09-24T12:10:00+05:30,2093.6,Trigger candle closed beyond the reference SL. Intrabar SL was not counted before the trigger candle closed.,-1.0,16,"[{""time"": ""2026-09-24T11:50:00+05:30"", ""time_display"": ""24-09-2026 11:50:00 AM"", ""closed_at"": ""2026-09-24T11:55:00+05:30"", ""closed_at_display"": ""24-09-2026 11:55:00 AM"", ""open"": 2093.1, ""high"": 2093.8, ""low"": 2092.3, ""close"": 2093.5, ""type"": ""GREEN"", ""closed"": true}, {""time"": ""2026-09-24T11:55:00+05:30"", ""time_display"": ""24-09-2026 11:55:00 AM"", ""closed_at"": ""2026-09-24T12:00:00+05:30"", ""closed_at_display"": ""24-09-2026 12:00:00 PM"", ""open"": 2093.7, ""high"": 2094.5, ""low"": 2092.0, ""close"": 2094.0, ""type"": ""GREEN"", ""closed"": true}, {""time"": ""2026-09-24T12:00:00+05:30"", ""time_display"": ""24-09-2026 12:00:00 PM"", ""closed_at"": ""2026-09-24T12:05:00+05:30"", ""closed_at_display"": ""24-09-2026 12:05:00 PM"", ""open"": 2094.0, ""high"": 2096.0, ""low"": 2093.3, ""close"": 2095.7, ""type"": ""GREEN"", ""closed"": true}]","{""time"": ""2026-09-24T12:05:00+05:30"", ""time_display"": ""24-09-2026 12:05:00 PM"", ""closed_at"": ""2026-09-24T12:10:00+05:30"", ""closed_at_display"": ""24-09-2026 12:10:00 PM"", ""open"": 2095.6, ""high"": 2096.1, ""low"": 2094.0, ""close"": 2094.5, ""type"": ""RED"", ""closed"": true}","{""time"": ""2026-09-24T12:10:00+05:30"", ""time_display"": ""24-09-2026 12:10:00 PM"", ""closed_at"": ""2026-09-24T12:15:00+05:30"", ""closed_at_display"": ""24-09-2026 12:15:00 PM"", ""open"": 2094.1, ""high"": 2096.9, ""low"": 2093.1, ""close"": 2093.6, ""type"": ""RED"", ""closed"": true}","[""Trigger is restricted to the immediate candle after the four-candle pattern."", ""OHLC cannot determine an exact tick such as level + 0.05; entry is recorded at the crossed level.""]"
V2|TCS|5m|2026-09-24T14:10:00+05:30|SHORT|TRIGGER|2026-09-24T14:30:00+05:30,V2|TCS|5m|2026-09-24T14:10:00+05:30|SHORT,V2_NEXT_CANDLE_4_CANDLE_LEVEL,2026-09-24T15:02:56.973289+05:30,2026-09-24T15:02:57.072048+05:30,TCS,5m,SHORT,3 RED → GREEN → NEXT-CANDLE LOW BREAKDOWN,3 Red → Green,CLOSED,SL_HIT,2070.1,4-Candle Lowest Low,2070.1,NEXT_CANDLE_CROSS,2073.2,3.1,2063.9,2026-09-24T14:30:00+05:30,24-09-2026 02:30:00 PM,CURRENT_FEED_OHLC_THEORETICAL_LEVEL,2069.0,2026-09-24T14:35:00+05:30,2026-09-24T14:35:00+05:30,2073.2,Stop-loss reached after SL activation.,-1.0,44,"[{""time"": ""2026-09-24T14:10:00+05:30"", ""time_display"": ""24-09-2026 02:10:00 PM"", ""closed_at"": ""2026-09-24T14:15:00+05:30"", ""closed_at_display"": ""24-09-2026 02:15:00 PM"", ""open"": 2076.9, ""high"": 2076.9, ""low"": 2075.0, ""close"": 2075.4, ""type"": ""RED"", ""closed"": true}, {""time"": ""2026-09-24T14:15:00+05:30"", ""time_display"": ""24-09-2026 02:15:00 PM"", ""closed_at"": ""2026-09-24T14:20:00+05:30"", ""closed_at_display"": ""24-09-2026 02:20:00 PM"", ""open"": 2076.0, ""high"": 2076.6, ""low"": 2074.1, ""close"": 2074.5, ""type"": ""RED"", ""closed"": true}, {""time"": ""2026-09-24T14:20:00+05:30"", ""time_display"": ""24-09-2026 02:20:00 PM"", ""closed_at"": ""2026-09-24T14:25:00+05:30"", ""closed_at_display"": ""24-09-2026 02:25:00 PM"", ""open"": 2074.5, ""high"": 2074.9, ""low"": 2070.1, ""close"": 2071.0, ""type"": ""RED"", ""closed"": true}]","{""time"": ""2026-09-24T14:25:00+05:30"", ""time_display"": ""24-09-2026 02:25:00 PM"", ""closed_at"": ""2026-09-24T14:30:00+05:30"", ""closed_at_display"": ""24-09-2026 02:30:00 PM"", ""open"": 2071.1, ""high"": 2073.2, ""low"": 2070.1, ""close"": 2071.6, ""type"": ""GREEN"", ""closed"": true}","{""time"": ""2026-09-24T14:30:00+05:30"", ""time_display"": ""24-09-2026 02:30:00 PM"", ""closed_at"": ""2026-09-24T14:35:00+05:30"", ""closed_at_display"": ""24-09-2026 02:35:00 PM"", ""open"": 2071.7, ""high"": 2072.4, ""low"": 2069.0, ""close"": 2069.0, ""type"": ""RED"", ""closed"": true}","[""Trigger is restricted to the immediate candle after the four-candle pattern."", ""OHLC cannot determine an exact tick such as level + 0.05; entry is recorded at the crossed level."", ""SL is active only after the trigger candle closes.""]"
V2|TRENT|5m|2026-09-24T11:00:00+05:30|SHORT|TRIGGER|2026-09-24T11:20:00+05:30,V2|TRENT|5m|2026-09-24T11:00:00+05:30|SHORT,V2_NEXT_CANDLE_4_CANDLE_LEVEL,2026-09-24T15:02:57.289625+05:30,2026-09-24T15:02:57.578698+05:30,TRENT,5m,SHORT,3 RED → GREEN → NEXT-CANDLE LOW BREAKDOWN,3 Red → Green,CLOSED,TARGET_HIT,2756.8,4-Candle Lowest Low,2756.8,NEXT_CANDLE_CROSS,2759.4,2.6,2751.6,2026-09-24T11:20:00+05:30,24-09-2026 11:20:00 AM,CURRENT_FEED_OHLC_THEORETICAL_LEVEL,2755.9,2026-09-24T11:25:00+05:30,2026-09-24T11:30:00+05:30,2751.6,1:2 target reached after SL activation.,2.0,6,"[{""time"": ""2026-09-24T11:00:00+05:30"", ""time_display"": ""24-09-2026 11:00:00 AM"", ""closed_at"": ""2026-09-24T11:05:00+05:30"", ""closed_at_display"": ""24-09-2026 11:05:00 AM"", ""open"": 2759.5, ""high"": 2759.9, ""low"": 2757.0, ""close"": 2758.7, ""type"": ""RED"", ""closed"": true}, {""time"": ""2026-09-24T11:05:00+05:30"", ""time_display"": ""24-09-2026 11:05:00 AM"", ""closed_at"": ""2026-09-24T11:10:00+05:30"", ""closed_at_display"": ""24-09-2026 11:10:00 AM"", ""open"": 2760.1, ""high"": 2760.1, ""low"": 2757.0, ""close"": 2758.0, ""type"": ""RED"", ""closed"": true}, {""time"": ""2026-09-24T11:10:00+05:30"", ""time_display"": ""24-09-2026 11:10:00 AM"", ""closed_at"": ""2026-09-24T11:15:00+05:30"", ""closed_at_display"": ""24-09-2026 11:15:00 AM"", ""open"": 2759.0, ""high"": 2760.0, ""low"": 2757.1, ""close"": 2757.1, ""type"": ""RED"", ""closed"": true}]","{""time"": ""2026-09-24T11:15:00+05:30"", ""time_display"": ""24-09-2026 11:15:00 AM"", ""closed_at"": ""2026-09-24T11:20:00+05:30"", ""closed_at_display"": ""24-09-2026 11:20:00 AM"", ""open"": 2757.1, ""high"": 2759.4, ""low"": 2756.8, ""close"": 2758.3, ""type"": ""GREEN"", ""closed"": true}","{""time"": ""2026-09-24T11:20:00+05:30"", ""time_display"": ""24-09-2026 11:20:00 AM"", ""closed_at"": ""2026-09-24T11:25:00+05:30"", ""closed_at_display"": ""24-09-2026 11:25:00 AM"", ""open"": 2757.3, ""high"": 2758.3, ""low"": 2755.1, ""close"": 2755.9, ""type"": ""RED"", ""closed"": true}","[""Trigger is restricted to the immediate candle after the four-candle pattern."", ""OHLC cannot determine an exact tick such as level + 0.05; entry is recorded at the crossed level."", ""SL is active only after the trigger candle closes.""]"
V2|TRENT|5m|2026-09-24T13:15:00+05:30|SHORT|TRIGGER|2026-09-24T13:35:00+05:30,V2|TRENT|5m|2026-09-24T13:15:00+05:30|SHORT,V2_NEXT_CANDLE_4_CANDLE_LEVEL,2026-09-24T15:02:57.356458+05:30,2026-09-24T15:02:57.660842+05:30,TRENT,5m,SHORT,3 RED → GREEN → NEXT-CANDLE LOW BREAKDOWN,3 Red → Green,CLOSED,TARGET_HIT,2733.6,4-Candle Lowest Low,2733.6,NEXT_CANDLE_CROSS,2738.0,4.4,2724.8,2026-09-24T13:35:00+05:30,24-09-2026 01:35:00 PM,CURRENT_FEED_OHLC_THEORETICAL_LEVEL,2733.5,2026-09-24T13:40:00+05:30,2026-09-24T14:00:00+05:30,2724.8,1:2 target reached after SL activation.,2.0,33,"[{""time"": ""2026-09-24T13:15:00+05:30"", ""time_display"": ""24-09-2026 01:15:00 PM"", ""closed_at"": ""2026-09-24T13:20:00+05:30"", ""closed_at_display"": ""24-09-2026 01:20:00 PM"", ""open"": 2744.3, ""high"": 2744.6, ""low"": 2742.2, ""close"": 2743.0, ""type"": ""RED"", ""closed"": true}, {""time"": ""2026-09-24T13:20:00+05:30"", ""time_display"": ""24-09-2026 01:20:00 PM"", ""closed_at"": ""2026-09-24T13:25:00+05:30"", ""closed_at_display"": ""24-09-2026 01:25:00 PM"", ""open"": 2743.0, ""high"": 2743.0, ""low"": 2737.2, ""close"": 2741.1, ""type"": ""RED"", ""closed"": true}, {""time"": ""2026-09-24T13:25:00+05:30"", ""time_display"": ""24-09-2026 01:25:00 PM"", ""closed_at"": ""2026-09-24T13:30:00+05:30"", ""closed_at_display"": ""24-09-2026 01:30:00 PM"", ""open"": 2741.6, ""high"": 2742.5, ""low"": 2734.2, ""close"": 2734.2, ""type"": ""RED"", ""closed"": true}]","{""time"": ""2026-09-24T13:30:00+05:30"", ""time_display"": ""24-09-2026 01:30:00 PM"", ""closed_at"": ""2026-09-24T13:35:00+05:30"", ""closed_at_display"": ""24-09-2026 01:35:00 PM"", ""open"": 2735.0, ""high"": 2738.0, ""low"": 2733.6, ""close"": 2736.2, ""type"": ""GREEN"", ""closed"": true}","{""time"": ""2026-09-24T13:35:00+05:30"", ""time_display"": ""24-09-2026 01:35:00 PM"", ""closed_at"": ""2026-09-24T13:40:00+05:30"", ""closed_at_display"": ""24-09-2026 01:40:00 PM"", ""open"": 2736.2, ""high"": 2736.2, ""low"": 2733.5, ""close"": 2733.5, ""type"": ""RED"", ""closed"": true}","[""Trigger is restricted to the immediate candle after the four-candle pattern."", ""OHLC cannot determine an exact tick such as level + 0.05; entry is recorded at the crossed level."", ""SL is active only after the trigger candle closes.""]"
V2|TRENT|5m|2026-09-24T14:20:00+05:30|SHORT|TRIGGER|2026-09-24T14:40:00+05:30,V2|TRENT|5m|2026-09-24T14:20:00+05:30|SHORT,V2_NEXT_CANDLE_4_CANDLE_LEVEL,2026-09-24T15:02:57.429717+05:30,2026-09-24T15:10:28.178486+05:30,TRENT,5m,SHORT,3 RED → GREEN → NEXT-CANDLE LOW BREAKDOWN,3 Red → Green,CLOSED,TARGET_HIT,2714.1,4-Candle Lowest Low,2714.1,NEXT_CANDLE_CROSS,2720.9,6.8,2700.5,2026-09-24T14:40:00+05:30,24-09-2026 02:40:00 PM,CURRENT_FEED_OHLC_THEORETICAL_LEVEL,2714.0,2026-09-24T14:45:00+05:30,2026-09-24T15:05:00+05:30,2700.5,1:2 target reached after SL activation.,2.0,46,"[{""time"": ""2026-09-24T14:20:00+05:30"", ""time_display"": ""24-09-2026 02:20:00 PM"", ""closed_at"": ""2026-09-24T14:25:00+05:30"", ""closed_at_display"": ""24-09-2026 02:25:00 PM"", ""open"": 2723.0, ""high"": 2724.2, ""low"": 2720.9, ""close"": 2721.0, ""type"": ""RED"", ""closed"": true}, {""time"": ""2026-09-24T14:25:00+05:30"", ""time_display"": ""24-09-2026 02:25:00 PM"", ""closed_at"": ""2026-09-24T14:30:00+05:30"", ""closed_at_display"": ""24-09-2026 02:30:00 PM"", ""open"": 2720.3, ""high"": 2721.4, ""low"": 2717.0, ""close"": 2718.0, ""type"": ""RED"", ""closed"": true}, {""time"": ""2026-09-24T14:30:00+05:30"", ""time_display"": ""24-09-2026 02:30:00 PM"", ""closed_at"": ""2026-09-24T14:35:00+05:30"", ""closed_at_display"": ""24-09-2026 02:35:00 PM"", ""open"": 2717.4, ""high"": 2718.6, ""low"": 2714.1, ""close"": 2715.0, ""type"": ""RED"", ""closed"": true}]","{""time"": ""2026-09-24T14:35:00+05:30"", ""time_display"": ""24-09-2026 02:35:00 PM"", ""closed_at"": ""2026-09-24T14:40:00+05:30"", ""closed_at_display"": ""24-09-2026 02:40:00 PM"", ""open"": 2714.8, ""high"": 2720.9, ""low"": 2714.8, ""close"": 2719.0, ""type"": ""GREEN"", ""closed"": true}","{""time"": ""2026-09-24T14:40:00+05:30"", ""time_display"": ""24-09-2026 02:40:00 PM"", ""closed_at"": ""2026-09-24T14:45:00+05:30"", ""closed_at_display"": ""24-09-2026 02:45:00 PM"", ""open"": 2719.0, ""high"": 2720.6, ""low"": 2713.8, ""close"": 2714.0, ""type"": ""RED"", ""closed"": true}","[""Trigger is restricted to the immediate candle after the four-candle pattern."", ""OHLC cannot determine an exact tick such as level + 0.05; entry is recorded at the crossed level."", ""SL is active only after the trigger candle closes.""]"
V2|SBIN|5m|2026-09-24T14:40:00+05:30|LONG|TRIGGER|2026-09-24T15:00:00+05:30,V2|SBIN|5m|2026-09-24T14:40:00+05:30|LONG,V2_NEXT_CANDLE_4_CANDLE_LEVEL,2026-09-24T15:05:36.404802+05:30,2026-09-24T15:10:27.722450+05:30,SBIN,5m,LONG,3 GREEN → RED → NEXT-CANDLE HIGH BREAKOUT,3 Green → Red,CLOSED,SL_HIT,981.0,4-Candle Highest High,981.0,NEXT_CANDLE_CROSS,980.1,0.9,982.8,2026-09-24T15:00:00+05:30,24-09-2026 03:00:00 PM,CURRENT_FEED_OHLC_THEORETICAL_LEVEL,980.6,2026-09-24T15:05:00+05:30,2026-09-24T15:05:00+05:30,980.1,Stop-loss reached after SL activation.,-1.0,49,"[{""time"": ""2026-09-24T14:40:00+05:30"", ""time_display"": ""24-09-2026 02:40:00 PM"", ""closed_at"": ""2026-09-24T14:45:00+05:30"", ""closed_at_display"": ""24-09-2026 02:45:00 PM"", ""open"": 977.8, ""high"": 978.9, ""low"": 977.1, ""close"": 978.0, ""type"": ""GREEN"", ""closed"": true}, {""time"": ""2026-09-24T14:45:00+05:30"", ""time_display"": ""24-09-2026 02:45:00 PM"", ""closed_at"": ""2026-09-24T14:50:00+05:30"", ""closed_at_display"": ""24-09-2026 02:50:00 PM"", ""open"": 977.9, ""high"": 979.9, ""low"": 977.9, ""close"": 979.6, ""type"": ""GREEN"", ""closed"": true}, {""time"": ""2026-09-24T14:50:00+05:30"", ""time_display"": ""24-09-2026 02:50:00 PM"", ""closed_at"": ""2026-09-24T14:55:00+05:30"", ""closed_at_display"": ""24-09-2026 02:55:00 PM"", ""open"": 979.7, ""high"": 980.9, ""low"": 979.6, ""close"": 980.3, ""type"": ""GREEN"", ""closed"": true}]","{""time"": ""2026-09-24T14:55:00+05:30"", ""time_display"": ""24-09-2026 02:55:00 PM"", ""closed_at"": ""2026-09-24T15:00:00+05:30"", ""closed_at_display"": ""24-09-2026 03:00:00 PM"", ""open"": 980.3, ""high"": 981.0, ""low"": 980.1, ""close"": 980.2, ""type"": ""RED"", ""closed"": true}","{""time"": ""2026-09-24T15:00:00+05:30"", ""time_display"": ""24-09-2026 03:00:00 PM"", ""closed_at"": ""2026-09-24T15:05:00+05:30"", ""closed_at_display"": ""24-09-2026 03:05:00 PM"", ""open"": 980.2, ""high"": 981.2, ""low"": 979.5, ""close"": 980.6, ""type"": ""GREEN"", ""closed"": true}","[""Trigger is restricted to the immediate candle after the four-candle pattern."", ""OHLC cannot determine an exact tick such as level + 0.05; entry is recorded at the crossed level."", ""SL is active only after the trigger candle closes.""]"
V2|BHARTIARTL|5m|2026-09-24T14:45:00+05:30|SHORT|TRIGGER|2026-09-24T15:05:00+05:30,V2|BHARTIARTL|5m|2026-09-24T14:45:00+05:30|SHORT,V2_NEXT_CANDLE_4_CANDLE_LEVEL,2026-09-24T15:10:25.036161+05:30,2026-09-24T15:15:24.947027+05:30,BHARTIARTL,5m,SHORT,3 RED → GREEN → NEXT-CANDLE LOW BREAKDOWN,3 Red → Green,CLOSED,SL_HIT,1800.3,4-Candle Lowest Low,1800.3,NEXT_CANDLE_CROSS,1801.7,1.4,1797.5,2026-09-24T15:05:00+05:30,24-09-2026 03:05:00 PM,CURRENT_FEED_OHLC_THEORETICAL_LEVEL,1801.0,2026-09-24T15:10:00+05:30,2026-09-24T15:10:00+05:30,1801.7,Stop-loss reached after SL activation.,-1.0,49,"[{""time"": ""2026-09-24T14:45:00+05:30"", ""time_display"": ""24-09-2026 02:45:00 PM"", ""closed_at"": ""2026-09-24T14:50:00+05:30"", ""closed_at_display"": ""24-09-2026 02:50:00 PM"", ""open"": 1801.7, ""high"": 1805.0, ""low"": 1801.0, ""close"": 1801.4, ""type"": ""RED"", ""closed"": true}, {""time"": ""2026-09-24T14:50:00+05:30"", ""time_display"": ""24-09-2026 02:50:00 PM"", ""closed_at"": ""2026-09-24T14:55:00+05:30"", ""closed_at_display"": ""24-09-2026 02:55:00 PM"", ""open"": 1801.5, ""high"": 1803.0, ""low"": 1800.6, ""close"": 1801.3, ""type"": ""RED"", ""closed"": true}, {""time"": ""2026-09-24T14:55:00+05:30"", ""time_display"": ""24-09-2026 02:55:00 PM"", ""closed_at"": ""2026-09-24T15:00:00+05:30"", ""closed_at_display"": ""24-09-2026 03:00:00 PM"", ""open"": 1801.1, ""high"": 1801.6, ""low"": 1800.5, ""close"": 1800.5, ""type"": ""RED"", ""closed"": true}]","{""time"": ""2026-09-24T15:00:00+05:30"", ""time_display"": ""24-09-2026 03:00:00 PM"", ""closed_at"": ""2026-09-24T15:05:00+05:30"", ""closed_at_display"": ""24-09-2026 03:05:00 PM"", ""open"": 1800.8, ""high"": 1801.7, ""low"": 1800.3, ""close"": 1801.3, ""type"": ""GREEN"", ""closed"": true}","{""time"": ""2026-09-24T15:05:00+05:30"", ""time_display"": ""24-09-2026 03:05:00 PM"", ""closed_at"": ""2026-09-24T15:10:00+05:30"", ""closed_at_display"": ""24-09-2026 03:10:00 PM"", ""open"": 1800.3, ""high"": 1801.1, ""low"": 1799.0, ""close"": 1801.0, ""type"": ""GREEN"", ""closed"": true}","[""Trigger is restricted to the immediate candle after the four-candle pattern."", ""OHLC cannot determine an exact tick such as level + 0.05; entry is recorded at the crossed level."", ""SL is active only after the trigger candle closes.""]"
V2|BAJAJFINSV|5m|2026-09-24T14:50:00+05:30|SHORT|TRIGGER|2026-09-24T15:10:00+05:30,V2|BAJAJFINSV|5m|2026-09-24T14:50:00+05:30|SHORT,V2_NEXT_CANDLE_4_CANDLE_LEVEL,2026-09-24T15:15:24.676962+05:30,2026-09-24T15:15:24.676967+05:30,BAJAJFINSV,5m,SHORT,3 RED → GREEN → NEXT-CANDLE LOW BREAKDOWN,3 Red → Green,ACTIVE,,1767.0,4-Candle Lowest Low,1767.0,NEXT_CANDLE_CROSS,1771.0,4.0,1759.0,2026-09-24T15:10:00+05:30,24-09-2026 03:10:00 PM,CURRENT_FEED_OHLC_THEORETICAL_LEVEL,1766.5,2026-09-24T15:15:00+05:30,,,,,49,"[{""time"": ""2026-09-24T14:50:00+05:30"", ""time_display"": ""24-09-2026 02:50:00 PM"", ""closed_at"": ""2026-09-24T14:55:00+05:30"", ""closed_at_display"": ""24-09-2026 02:55:00 PM"", ""open"": 1773.6, ""high"": 1774.4, ""low"": 1771.8, ""close"": 1773.4, ""type"": ""RED"", ""closed"": true}, {""time"": ""2026-09-24T14:55:00+05:30"", ""time_display"": ""24-09-2026 02:55:00 PM"", ""closed_at"": ""2026-09-24T15:00:00+05:30"", ""closed_at_display"": ""24-09-2026 03:00:00 PM"", ""open"": 1773.4, ""high"": 1775.3, ""low"": 1771.9, ""close"": 1771.9, ""type"": ""RED"", ""closed"": true}, {""time"": ""2026-09-24T15:00:00+05:30"", ""time_display"": ""24-09-2026 03:00:00 PM"", ""closed_at"": ""2026-09-24T15:05:00+05:30"", ""closed_at_display"": ""24-09-2026 03:05:00 PM"", ""open"": 1771.7, ""high"": 1771.9, ""low"": 1767.0, ""close"": 1767.8, ""type"": ""RED"", ""closed"": true}]","{""time"": ""2026-09-24T15:05:00+05:30"", ""time_display"": ""24-09-2026 03:05:00 PM"", ""closed_at"": ""2026-09-24T15:10:00+05:30"", ""closed_at_display"": ""24-09-2026 03:10:00 PM"", ""open"": 1768.4, ""high"": 1771.0, ""low"": 1767.4, ""close"": 1770.6, ""type"": ""GREEN"", ""closed"": true}","{""time"": ""2026-09-24T15:10:00+05:30"", ""time_display"": ""24-09-2026 03:10:00 PM"", ""closed_at"": ""2026-09-24T15:15:00+05:30"", ""closed_at_display"": ""24-09-2026 03:15:00 PM"", ""open"": 1770.6, ""high"": 1770.6, ""low"": 1765.0, ""close"": 1766.5, ""type"": ""RED"", ""closed"": true}","[""Trigger is restricted to the immediate candle after the four-candle pattern."", ""OHLC cannot determine an exact tick such as level + 0.05; entry is recorded at the crossed level."", ""SL is active only after the trigger candle closes.""]"
V2|HINDALCO|5m|2026-09-24T14:50:00+05:30|SHORT|TRIGGER|2026-09-24T15:10:00+05:30,V2|HINDALCO|5m|2026-09-24T14:50:00+05:30|SHORT,V2_NEXT_CANDLE_4_CANDLE_LEVEL,2026-09-24T15:15:25.506614+05:30,2026-09-24T15:20:25.839602+05:30,HINDALCO,5m,SHORT,3 RED → GREEN → NEXT-CANDLE LOW BREAKDOWN,3 Red → Green,CLOSED,SL_HIT,978.5,4-Candle Lowest Low,978.5,NEXT_CANDLE_CROSS,979.6,1.1,976.3,2026-09-24T15:10:00+05:30,24-09-2026 03:10:00 PM,CURRENT_FEED_OHLC_THEORETICAL_LEVEL,978.1,2026-09-24T15:15:00+05:30,2026-09-24T15:15:00+05:30,979.6,Stop-loss reached after SL activation.,-1.0,49,"[{""time"": ""2026-09-24T14:50:00+05:30"", ""time_display"": ""24-09-2026 02:50:00 PM"", ""closed_at"": ""2026-09-24T14:55:00+05:30"", ""closed_at_display"": ""24-09-2026 02:55:00 PM"", ""open"": 982.1, ""high"": 982.6, ""low"": 981.8, ""close"": 981.8, ""type"": ""RED"", ""closed"": true}, {""time"": ""2026-09-24T14:55:00+05:30"", ""time_display"": ""24-09-2026 02:55:00 PM"", ""closed_at"": ""2026-09-24T15:00:00+05:30"", ""closed_at_display"": ""24-09-2026 03:00:00 PM"", ""open"": 981.8, ""high"": 982.1, ""low"": 980.7, ""close"": 980.7, ""type"": ""RED"", ""closed"": true}, {""time"": ""2026-09-24T15:00:00+05:30"", ""time_display"": ""24-09-2026 03:00:00 PM"", ""closed_at"": ""2026-09-24T15:05:00+05:30"", ""closed_at_display"": ""24-09-2026 03:05:00 PM"", ""open"": 981.0, ""high"": 981.0, ""low"": 978.5, ""close"": 978.6, ""type"": ""RED"", ""closed"": true}]","{""time"": ""2026-09-24T15:05:00+05:30"", ""time_display"": ""24-09-2026 03:05:00 PM"", ""closed_at"": ""2026-09-24T15:10:00+05:30"", ""closed_at_display"": ""24-09-2026 03:10:00 PM"", ""open"": 978.7, ""high"": 979.6, ""low"": 978.7, ""close"": 979.3, ""type"": ""GREEN"", ""closed"": true}","{""time"": ""2026-09-24T15:10:00+05:30"", ""time_display"": ""24-09-2026 03:10:00 PM"", ""closed_at"": ""2026-09-24T15:15:00+05:30"", ""closed_at_display"": ""24-09-2026 03:15:00 PM"", ""open"": 979.6, ""high"": 979.6, ""low"": 977.3, ""close"": 978.1, ""type"": ""RED"", ""closed"": true}","[""Trigger is restricted to the immediate candle after the four-candle pattern."", ""OHLC cannot determine an exact tick such as level + 0.05; entry is recorded at the crossed level."", ""SL is active only after the trigger candle closes.""]"
V2|INFY|5m|2026-09-24T14:50:00+05:30|LONG|TRIGGER|2026-09-24T15:10:00+05:30,V2|INFY|5m|2026-09-24T14:50:00+05:30|LONG,V2_NEXT_CANDLE_4_CANDLE_LEVEL,2026-09-24T15:15:26.273082+05:30,2026-09-24T15:15:26.273091+05:30,INFY,5m,LONG,3 GREEN → RED → NEXT-CANDLE HIGH BREAKOUT,3 Green → Red,ACTIVE,,1011.7,4-Candle Highest High,1011.7,NEXT_CANDLE_CROSS,1009.6,2.1,1015.9,2026-09-24T15:10:00+05:30,24-09-2026 03:10:00 PM,CURRENT_FEED_OHLC_THEORETICAL_LEVEL,1012.5,2026-09-24T15:15:00+05:30,,,,,49,"[{""time"": ""2026-09-24T14:50:00+05:30"", ""time_display"": ""24-09-2026 02:50:00 PM"", ""closed_at"": ""2026-09-24T14:55:00+05:30"", ""closed_at_display"": ""24-09-2026 02:55:00 PM"", ""open"": 1008.0, ""high"": 1009.6, ""low"": 1008.0, ""close"": 1009.4, ""type"": ""GREEN"", ""closed"": true}, {""time"": ""2026-09-24T14:55:00+05:30"", ""time_display"": ""24-09-2026 02:55:00 PM"", ""closed_at"": ""2026-09-24T15:00:00+05:30"", ""closed_at_display"": ""24-09-2026 03:00:00 PM"", ""open"": 1009.3, ""high"": 1010.0, ""low"": 1008.8, ""close"": 1009.7, ""type"": ""GREEN"", ""closed"": true}, {""time"": ""2026-09-24T15:00:00+05:30"", ""time_display"": ""24-09-2026 03:00:00 PM"", ""closed_at"": ""2026-09-24T15:05:00+05:30"", ""closed_at_display"": ""24-09-2026 03:05:00 PM"", ""open"": 1009.3, ""high"": 1011.7, ""low"": 1009.3, ""close"": 1011.3, ""type"": ""GREEN"", ""closed"": true}]","{""time"": ""2026-09-24T15:05:00+05:30"", ""time_display"": ""24-09-2026 03:05:00 PM"", ""closed_at"": ""2026-09-24T15:10:00+05:30"", ""closed_at_display"": ""24-09-2026 03:10:00 PM"", ""open"": 1011.4, ""high"": 1011.5, ""low"": 1009.6, ""close"": 1010.9, ""type"": ""RED"", ""closed"": true}","{""time"": ""2026-09-24T15:10:00+05:30"", ""time_display"": ""24-09-2026 03:10:00 PM"", ""closed_at"": ""2026-09-24T15:15:00+05:30"", ""closed_at_display"": ""24-09-2026 03:15:00 PM"", ""open"": 1010.6, ""high"": 1012.5, ""low"": 1010.2, ""close"": 1012.5, ""type"": ""GREEN"", ""closed"": true}","[""Trigger is restricted to the immediate candle after the four-candle pattern."", ""OHLC cannot determine an exact tick such as level + 0.05; entry is recorded at the crossed level."", ""SL is active only after the trigger candle closes.""]"
