symbol,interval,timestamp,open,high,low,close,volume,source
360ONE,5m,2026-09-25T09:15:00+05:30,1076.5999755859375,1078.0,1072.0,1074.5,0.0,yahoo
360ONE,5m,2026-09-25T09:20:00+05:30,1074.5,1078.9000244140625,1072.4000244140625,1074.699951171875,19622.0,yahoo
360ONE,5m,2026-09-25T09:25:00+05:30,1074.5,1076.9000244140625,1073.699951171875,1076.9000244140625,4636.0,yahoo
360ONE,5m,2026-09-25T09:30:00+05:30,1076.699951171875,1077.0,1073.300048828125,1073.800048828125,8183.0,yahoo
360ONE,5m,2026-09-25T09:35:00+05:30,1073.9000244140625,1075.199951171875,1070.4000244140625,1073.199951171875,8115.0,yahoo
360ONE,5m,2026-09-25T09:40:00+05:30,1073.199951171875,1079.0,1071.0999755859375,1079.0,21070.0,yahoo
360ONE,5m,2026-09-25T09:45:00+05:30,1078.9000244140625,1079.5,1076.300048828125,1076.300048828125,7609.0,yahoo
360ONE,5m,2026-09-25T09:50:00+05:30,1076.5,1080.5,1074.800048828125,1080.0,14241.0,yahoo
360ONE,5m,2026-09-25T09:55:00+05:30,1080.0999755859375,1083.0,1080.0999755859375,1082.0,13765.0,yahoo
360ONE,5m,2026-09-25T10:00:00+05:30,1081.9000244140625,1085.0,1081.0,1084.699951171875,7638.0,yahoo
360ONE,5m,2026-09-25T10:05:00+05:30,1084.300048828125,1087.699951171875,1083.0999755859375,1083.5999755859375,29880.0,yahoo
360ONE,5m,2026-09-25T10:10:00+05:30,1083.4000244140625,1083.9000244140625,1082.5999755859375,1083.0,2457.0,yahoo
360ONE,5m,2026-09-25T10:15:00+05:30,1082.699951171875,1083.0,1081.5,1082.0,2514.0,yahoo
360ONE,5m,2026-09-25T10:20:00+05:30,1082.199951171875,1083.0,1081.5,1082.0,3857.0,yahoo
360ONE,5m,2026-09-25T10:25:00+05:30,1081.300048828125,1082.800048828125,1080.5999755859375,1081.5,3924.0,yahoo
360ONE,5m,2026-09-25T10:30:00+05:30,1081.800048828125,1083.0999755859375,1079.800048828125,1079.9000244140625,8242.0,yahoo
360ONE,5m,2026-09-25T10:35:00+05:30,1079.699951171875,1081.5999755859375,1078.9000244140625,1080.699951171875,3766.0,yahoo
360ONE,5m,2026-09-25T10:40:00+05:30,1081.300048828125,1081.5,1079.5,1080.0,2896.0,yahoo
360ONE,5m,2026-09-25T10:45:00+05:30,1080.199951171875,1081.300048828125,1079.199951171875,1080.9000244140625,2633.0,yahoo
360ONE,5m,2026-09-25T10:50:00+05:30,1080.800048828125,1081.5,1079.5,1081.300048828125,2515.0,yahoo
360ONE,5m,2026-09-25T10:55:00+05:30,1081.0,1083.5999755859375,1081.0,1083.5,3430.0,yahoo
360ONE,5m,2026-09-25T11:00:00+05:30,1083.0999755859375,1085.0,1082.4000244140625,1083.9000244140625,4066.0,yahoo
360ONE,5m,2026-09-25T11:05:00+05:30,1083.5999755859375,1084.5,1083.0,1083.0,2251.0,yahoo
360ONE,5m,2026-09-25T11:10:00+05:30,1083.0,1083.800048828125,1081.9000244140625,1083.5,4120.0,yahoo
360ONE,5m,2026-09-25T11:15:00+05:30,1083.199951171875,1084.5,1082.300048828125,1082.5999755859375,3589.0,yahoo
360ONE,5m,2026-09-25T11:20:00+05:30,1082.4000244140625,1084.0,1082.300048828125,1082.4000244140625,5467.0,yahoo
360ONE,5m,2026-09-25T11:25:00+05:30,1082.0999755859375,1084.5,1081.800048828125,1083.800048828125,6432.0,yahoo
360ONE,5m,2026-09-25T11:30:00+05:30,1083.5999755859375,1084.5999755859375,1081.800048828125,1082.4000244140625,4588.0,yahoo
360ONE,5m,2026-09-25T11:35:00+05:30,1081.9000244140625,1082.5999755859375,1080.9000244140625,1081.0,4074.0,yahoo
360ONE,5m,2026-09-25T11:40:00+05:30,1080.9000244140625,1082.0999755859375,1079.5999755859375,1080.0999755859375,5902.0,yahoo
360ONE,5m,2026-09-25T11:45:00+05:30,1080.0,1081.199951171875,1079.699951171875,1081.199951171875,3849.0,yahoo
360ONE,5m,2026-09-25T11:50:00+05:30,1080.9000244140625,1083.5999755859375,1080.9000244140625,1082.4000244140625,4601.0,yahoo
360ONE,5m,2026-09-25T11:55:00+05:30,1082.0999755859375,1082.5999755859375,1080.0,1081.199951171875,4295.0,yahoo
360ONE,5m,2026-09-25T12:00:00+05:30,1080.699951171875,1081.9000244140625,1079.800048828125,1081.0,4305.0,yahoo
360ONE,5m,2026-09-25T12:05:00+05:30,1081.0,1081.300048828125,1074.5999755859375,1075.199951171875,13521.0,yahoo
360ONE,5m,2026-09-25T12:10:00+05:30,1074.9000244140625,1076.0,1073.300048828125,1074.199951171875,10087.0,yahoo
360ONE,5m,2026-09-25T12:15:00+05:30,1074.4000244140625,1076.0,1073.300048828125,1074.699951171875,9028.0,yahoo
360ONE,5m,2026-09-25T12:20:00+05:30,1074.699951171875,1075.4000244140625,1073.800048828125,1074.5999755859375,6455.0,yahoo
360ONE,5m,2026-09-25T12:25:00+05:30,1074.199951171875,1076.5999755859375,1074.0999755859375,1075.4000244140625,6774.0,yahoo
360ONE,5m,2026-09-25T12:30:00+05:30,1075.0999755859375,1079.4000244140625,1075.0999755859375,1078.0,6514.0,yahoo
360ONE,5m,2026-09-25T12:35:00+05:30,1077.5999755859375,1080.199951171875,1077.0999755859375,1080.0999755859375,5644.0,yahoo
360ONE,5m,2026-09-25T12:40:00+05:30,1079.800048828125,1079.800048828125,1076.4000244140625,1076.4000244140625,4197.0,yahoo
360ONE,5m,2026-09-25T12:45:00+05:30,1076.800048828125,1077.300048828125,1074.4000244140625,1074.5999755859375,3680.0,yahoo
360ONE,5m,2026-09-25T12:50:00+05:30,1074.0999755859375,1076.199951171875,1074.0999755859375,1075.0,3961.0,yahoo
360ONE,5m,2026-09-25T12:55:00+05:30,1075.300048828125,1076.199951171875,1074.0,1075.5,4239.0,yahoo
360ONE,5m,2026-09-25T13:00:00+05:30,1075.199951171875,1076.300048828125,1074.800048828125,1075.4000244140625,3444.0,yahoo
360ONE,5m,2026-09-25T13:05:00+05:30,1075.4000244140625,1076.300048828125,1074.5999755859375,1076.0,4432.0,yahoo
360ONE,5m,2026-09-25T13:10:00+05:30,1076.0,1077.0,1075.0,1075.4000244140625,5039.0,yahoo
360ONE,5m,2026-09-25T13:15:00+05:30,1075.300048828125,1075.4000244140625,1072.4000244140625,1072.800048828125,7401.0,yahoo
360ONE,5m,2026-09-25T13:20:00+05:30,1072.9000244140625,1073.0999755859375,1070.300048828125,1070.300048828125,7261.0,yahoo
360ONE,5m,2026-09-25T13:25:00+05:30,1070.5,1071.4000244140625,1069.5,1070.5,8673.0,yahoo
360ONE,5m,2026-09-25T13:30:00+05:30,1070.300048828125,1071.0,1069.9000244140625,1070.5999755859375,7380.0,yahoo
360ONE,5m,2026-09-25T13:35:00+05:30,1070.5,1070.5999755859375,1067.4000244140625,1067.800048828125,15177.0,yahoo
360ONE,5m,2026-09-25T13:40:00+05:30,1067.800048828125,1069.5,1067.4000244140625,1068.0,13314.0,yahoo
360ONE,5m,2026-09-25T13:45:00+05:30,1068.0999755859375,1068.9000244140625,1067.0999755859375,1067.0999755859375,5841.0,yahoo
360ONE,5m,2026-09-25T13:50:00+05:30,1067.300048828125,1067.5999755859375,1065.699951171875,1066.800048828125,62532.0,yahoo
360ONE,5m,2026-09-25T13:55:00+05:30,1066.5,1068.199951171875,1066.199951171875,1068.0,7321.0,yahoo
360ONE,5m,2026-09-25T14:00:00+05:30,1067.5999755859375,1073.4000244140625,1067.5999755859375,1072.800048828125,15277.0,yahoo
360ONE,5m,2026-09-25T14:05:00+05:30,1072.800048828125,1072.800048828125,1070.9000244140625,1070.9000244140625,8628.0,yahoo
360ONE,5m,2026-09-25T14:10:00+05:30,1071.199951171875,1072.0999755859375,1070.699951171875,1071.4000244140625,7871.0,yahoo
360ONE,5m,2026-09-25T14:15:00+05:30,1071.4000244140625,1071.9000244140625,1069.199951171875,1069.5999755859375,7577.0,yahoo
360ONE,5m,2026-09-25T14:20:00+05:30,1069.5999755859375,1069.9000244140625,1068.199951171875,1068.300048828125,8062.0,yahoo
360ONE,5m,2026-09-25T14:25:00+05:30,1068.4000244140625,1069.699951171875,1067.800048828125,1068.4000244140625,8072.0,yahoo
360ONE,5m,2026-09-25T14:30:00+05:30,1068.699951171875,1070.4000244140625,1068.5,1069.4000244140625,6772.0,yahoo
360ONE,5m,2026-09-25T14:35:00+05:30,1069.4000244140625,1070.9000244140625,1068.9000244140625,1070.5,5998.0,yahoo
360ONE,5m,2026-09-25T14:40:00+05:30,1070.5,1070.5,1068.199951171875,1069.0,3395.0,yahoo
360ONE,5m,2026-09-25T14:45:00+05:30,1068.5999755859375,1068.800048828125,1067.0999755859375,1068.5999755859375,66828.0,yahoo
360ONE,5m,2026-09-25T14:50:00+05:30,1068.300048828125,1070.0,1068.300048828125,1069.9000244140625,17760.0,yahoo
360ONE,5m,2026-09-25T14:55:00+05:30,1069.9000244140625,1070.199951171875,1069.0999755859375,1069.5999755859375,14280.0,yahoo
360ONE,5m,2026-09-25T15:00:00+05:30,1069.5999755859375,1070.0,1069.0999755859375,1069.800048828125,15763.0,yahoo
360ONE,5m,2026-09-25T15:05:00+05:30,1069.9000244140625,1070.0,1069.0999755859375,1070.0,35145.0,yahoo
360ONE,5m,2026-09-25T15:10:00+05:30,1070.0,1072.699951171875,1069.9000244140625,1072.699951171875,35108.0,yahoo
360ONE,5m,2026-09-25T15:15:00+05:30,1072.5,1073.0,1072.5,1073.0,1951.0,yahoo
ABB,5m,2026-09-25T09:15:00+05:30,7111.5,7197.0,7111.5,7148.0,0.0,yahoo
ABB,5m,2026-09-25T09:20:00+05:30,7147.0,7153.5,7131.5,7137.5,2647.0,yahoo
ABB,5m,2026-09-25T09:25:00+05:30,7134.5,7156.5,7131.0,7149.5,2084.0,yahoo
ABB,5m,2026-09-25T09:30:00+05:30,7150.0,7170.5,7149.0,7166.0,1542.0,yahoo
ABB,5m,2026-09-25T09:35:00+05:30,7163.5,7172.5,7146.5,7153.0,2235.0,yahoo
ABB,5m,2026-09-25T09:40:00+05:30,7152.0,7153.0,7138.0,7142.5,711.0,yahoo
ABB,5m,2026-09-25T09:45:00+05:30,7141.0,7145.0,7130.0,7130.0,1129.0,yahoo
ABB,5m,2026-09-25T09:50:00+05:30,7132.0,7140.0,7128.0,7135.0,468.0,yahoo
ABB,5m,2026-09-25T09:55:00+05:30,7131.0,7137.5,7128.0,7134.0,579.0,yahoo
ABB,5m,2026-09-25T10:00:00+05:30,7131.0,7135.0,7127.0,7129.5,1346.0,yahoo
ABB,5m,2026-09-25T10:05:00+05:30,7130.5,7144.5,7127.0,7141.0,1469.0,yahoo
ABB,5m,2026-09-25T10:10:00+05:30,7139.0,7141.0,7126.5,7133.0,577.0,yahoo
ABB,5m,2026-09-25T10:15:00+05:30,7132.5,7135.5,7129.0,7133.0,618.0,yahoo
ABB,5m,2026-09-25T10:20:00+05:30,7132.0,7138.0,7112.5,7112.5,1695.0,yahoo
ABB,5m,2026-09-25T10:25:00+05:30,7113.5,7122.5,7110.0,7111.5,657.0,yahoo
ABB,5m,2026-09-25T10:30:00+05:30,7112.0,7113.0,7089.0,7094.5,2781.0,yahoo
ABB,5m,2026-09-25T10:35:00+05:30,7092.0,7098.5,7090.0,7096.0,1146.0,yahoo
ABB,5m,2026-09-25T10:40:00+05:30,7096.0,7104.0,7096.0,7104.0,392.0,yahoo
ABB,5m,2026-09-25T10:45:00+05:30,7101.5,7104.5,7091.5,7092.0,529.0,yahoo
ABB,5m,2026-09-25T10:50:00+05:30,7095.0,7105.0,7095.0,7097.5,733.0,yahoo
ABB,5m,2026-09-25T10:55:00+05:30,7097.5,7117.0,7097.5,7106.5,638.0,yahoo
ABB,5m,2026-09-25T11:00:00+05:30,7106.5,7112.5,7106.0,7109.0,175.0,yahoo
ABB,5m,2026-09-25T11:05:00+05:30,7108.5,7119.0,7108.5,7115.0,270.0,yahoo
ABB,5m,2026-09-25T11:10:00+05:30,7112.5,7114.0,7105.0,7111.0,585.0,yahoo
ABB,5m,2026-09-25T11:15:00+05:30,7109.5,7109.5,7105.5,7107.0,183.0,yahoo
ABB,5m,2026-09-25T11:20:00+05:30,7105.0,7114.5,7105.0,7107.0,365.0,yahoo
ABB,5m,2026-09-25T11:25:00+05:30,7106.5,7106.5,7086.0,7086.0,2172.0,yahoo
ABB,5m,2026-09-25T11:30:00+05:30,7088.5,7093.0,7086.0,7093.0,760.0,yahoo
ABB,5m,2026-09-25T11:35:00+05:30,7091.5,7093.5,7086.0,7092.0,393.0,yahoo
ABB,5m,2026-09-25T11:40:00+05:30,7092.0,7098.0,7091.0,7091.0,790.0,yahoo
ABB,5m,2026-09-25T11:45:00+05:30,7091.0,7101.0,7090.0,7092.5,452.0,yahoo
ABB,5m,2026-09-25T11:50:00+05:30,7092.5,7100.0,7090.0,7092.0,334.0,yahoo
ABB,5m,2026-09-25T11:55:00+05:30,7090.0,7090.0,7087.5,7088.0,202.0,yahoo
ABB,5m,2026-09-25T12:00:00+05:30,7088.0,7095.0,7084.0,7085.0,919.0,yahoo
ABB,5m,2026-09-25T12:05:00+05:30,7084.0,7091.0,7084.0,7091.0,230.0,yahoo
ABB,5m,2026-09-25T12:10:00+05:30,7087.5,7102.5,7087.5,7094.5,481.0,yahoo
ABB,5m,2026-09-25T12:15:00+05:30,7095.0,7098.0,7094.0,7094.0,80.0,yahoo
ABB,5m,2026-09-25T12:20:00+05:30,7094.0,7094.0,7081.0,7082.0,501.0,yahoo
ABB,5m,2026-09-25T12:25:00+05:30,7082.0,7090.5,7082.0,7088.0,269.0,yahoo
ABB,5m,2026-09-25T12:30:00+05:30,7084.5,7088.0,7082.0,7082.0,559.0,yahoo
ABB,5m,2026-09-25T12:35:00+05:30,7082.0,7082.0,7070.0,7074.0,1250.0,yahoo
ABB,5m,2026-09-25T12:40:00+05:30,7072.0,7079.5,7070.0,7079.5,694.0,yahoo
ABB,5m,2026-09-25T12:45:00+05:30,7076.0,7078.5,7070.0,7072.0,335.0,yahoo
ABB,5m,2026-09-25T12:50:00+05:30,7071.5,7072.0,7065.0,7068.0,435.0,yahoo
ABB,5m,2026-09-25T12:55:00+05:30,7065.0,7071.0,7059.0,7064.5,941.0,yahoo
ABB,5m,2026-09-25T13:00:00+05:30,7063.0,7066.0,7057.5,7061.5,922.0,yahoo
ABB,5m,2026-09-25T13:05:00+05:30,7061.5,7062.0,7052.0,7056.0,1389.0,yahoo
ABB,5m,2026-09-25T13:10:00+05:30,7056.0,7059.0,7052.5,7052.5,325.0,yahoo
ABB,5m,2026-09-25T13:15:00+05:30,7052.5,7058.0,7051.5,7055.0,362.0,yahoo
ABB,5m,2026-09-25T13:20:00+05:30,7055.0,7059.0,7051.0,7055.0,391.0,yahoo
ABB,5m,2026-09-25T13:25:00+05:30,7052.5,7055.0,7036.5,7047.0,2170.0,yahoo
ABB,5m,2026-09-25T13:30:00+05:30,7043.0,7049.5,7040.0,7046.5,834.0,yahoo
ABB,5m,2026-09-25T13:35:00+05:30,7046.5,7046.5,7040.0,7043.5,343.0,yahoo
ABB,5m,2026-09-25T13:40:00+05:30,7041.0,7043.5,7025.0,7030.5,1165.0,yahoo
ABB,5m,2026-09-25T13:45:00+05:30,7025.0,7035.0,7025.0,7032.0,829.0,yahoo
ABB,5m,2026-09-25T13:50:00+05:30,7032.0,7035.0,7032.0,7034.5,337.0,yahoo
ABB,5m,2026-09-25T13:55:00+05:30,7038.0,7047.0,7033.5,7047.0,771.0,yahoo
ABB,5m,2026-09-25T14:00:00+05:30,7045.0,7074.0,7045.0,7069.0,3100.0,yahoo
ABB,5m,2026-09-25T14:05:00+05:30,7067.0,7074.0,7062.5,7065.0,1218.0,yahoo
ABB,5m,2026-09-25T14:10:00+05:30,7065.0,7065.0,7059.5,7061.0,683.0,yahoo
ABB,5m,2026-09-25T14:15:00+05:30,7061.0,7067.0,7059.5,7061.5,625.0,yahoo
ABB,5m,2026-09-25T14:20:00+05:30,7059.5,7063.0,7050.0,7053.0,1014.0,yahoo
ABB,5m,2026-09-25T14:25:00+05:30,7052.5,7066.5,7052.5,7060.0,682.0,yahoo
ABB,5m,2026-09-25T14:30:00+05:30,7059.0,7064.0,7057.5,7057.5,514.0,yahoo
ABB,5m,2026-09-25T14:35:00+05:30,7060.0,7066.0,7059.5,7059.5,629.0,yahoo
ABB,5m,2026-09-25T14:40:00+05:30,7059.5,7059.5,7039.0,7048.0,2306.0,yahoo
ABB,5m,2026-09-25T14:45:00+05:30,7046.0,7051.0,7035.0,7035.5,1360.0,yahoo
ABB,5m,2026-09-25T14:50:00+05:30,7039.5,7040.0,7032.0,7039.5,1148.0,yahoo
ABB,5m,2026-09-25T14:55:00+05:30,7042.0,7045.0,7032.5,7034.0,2306.0,yahoo
ABB,5m,2026-09-25T15:00:00+05:30,7035.5,7048.0,7032.0,7038.0,3417.0,yahoo
ABB,5m,2026-09-25T15:05:00+05:30,7043.0,7047.0,7040.5,7044.0,2533.0,yahoo
ABB,5m,2026-09-25T15:10:00+05:30,7044.0,7053.5,7027.0,7027.0,3653.0,yahoo
ABB,5m,2026-09-25T15:15:00+05:30,7050.0,7052.5,7050.0,7052.5,2051.0,yahoo
ABCAPITAL,5m,2026-09-25T09:15:00+05:30,391.0,392.20001220703125,390.70001220703125,391.1000061035156,0.0,yahoo
ABCAPITAL,5m,2026-09-25T09:20:00+05:30,390.8999938964844,390.95001220703125,388.70001220703125,389.20001220703125,27933.0,yahoo
ABCAPITAL,5m,2026-09-25T09:25:00+05:30,389.20001220703125,389.70001220703125,388.70001220703125,389.70001220703125,40475.0,yahoo
ABCAPITAL,5m,2026-09-25T09:30:00+05:30,389.79998779296875,390.70001220703125,389.45001220703125,389.5,38553.0,yahoo
ABCAPITAL,5m,2026-09-25T09:35:00+05:30,389.70001220703125,390.0,388.8999938964844,389.29998779296875,9513.0,yahoo
ABCAPITAL,5m,2026-09-25T09:40:00+05:30,389.20001220703125,389.5,388.6499938964844,388.6499938964844,9397.0,yahoo
ABCAPITAL,5m,2026-09-25T09:45:00+05:30,388.8500061035156,389.1499938964844,387.6499938964844,387.8999938964844,17798.0,yahoo
ABCAPITAL,5m,2026-09-25T09:50:00+05:30,387.70001220703125,388.20001220703125,387.1000061035156,387.6499938964844,26671.0,yahoo
ABCAPITAL,5m,2026-09-25T09:55:00+05:30,387.6499938964844,388.79998779296875,387.5,388.75,16283.0,yahoo
ABCAPITAL,5m,2026-09-25T10:00:00+05:30,388.79998779296875,390.25,388.79998779296875,389.8999938964844,24016.0,yahoo
ABCAPITAL,5m,2026-09-25T10:05:00+05:30,390.1499938964844,390.5,389.8500061035156,390.1499938964844,10236.0,yahoo
ABCAPITAL,5m,2026-09-25T10:10:00+05:30,390.1499938964844,390.20001220703125,389.70001220703125,389.70001220703125,7394.0,yahoo
ABCAPITAL,5m,2026-09-25T10:15:00+05:30,389.70001220703125,390.0,388.8999938964844,388.8999938964844,6960.0,yahoo
ABCAPITAL,5m,2026-09-25T10:20:00+05:30,388.75,389.0,388.1499938964844,388.1499938964844,3626.0,yahoo
ABCAPITAL,5m,2026-09-25T10:25:00+05:30,388.25,388.6000061035156,388.04998779296875,388.5,14210.0,yahoo
ABCAPITAL,5m,2026-09-25T10:30:00+05:30,388.5,388.54998779296875,387.54998779296875,387.54998779296875,11328.0,yahoo
ABCAPITAL,5m,2026-09-25T10:35:00+05:30,387.75,387.75,385.5,385.6499938964844,145629.0,yahoo
ABCAPITAL,5m,2026-09-25T10:40:00+05:30,385.6499938964844,385.79998779296875,385.54998779296875,385.75,14282.0,yahoo
ABCAPITAL,5m,2026-09-25T10:45:00+05:30,385.79998779296875,385.79998779296875,385.04998779296875,385.3999938964844,12292.0,yahoo
ABCAPITAL,5m,2026-09-25T10:50:00+05:30,385.45001220703125,385.6000061035156,384.95001220703125,385.6000061035156,51933.0,yahoo
ABCAPITAL,5m,2026-09-25T10:55:00+05:30,385.5,385.6000061035156,385.25,385.54998779296875,48058.0,yahoo
ABCAPITAL,5m,2026-09-25T11:00:00+05:30,385.6000061035156,386.1000061035156,385.3999938964844,386.04998779296875,107299.0,yahoo
ABCAPITAL,5m,2026-09-25T11:05:00+05:30,386.04998779296875,386.1000061035156,385.1499938964844,385.45001220703125,14479.0,yahoo
ABCAPITAL,5m,2026-09-25T11:10:00+05:30,385.45001220703125,385.6000061035156,385.29998779296875,385.6000061035156,61766.0,yahoo
ABCAPITAL,5m,2026-09-25T11:15:00+05:30,385.6000061035156,387.54998779296875,385.6000061035156,387.25,368494.0,yahoo
ABCAPITAL,5m,2026-09-25T11:20:00+05:30,387.45001220703125,388.29998779296875,387.45001220703125,387.5,12356.0,yahoo
ABCAPITAL,5m,2026-09-25T11:25:00+05:30,387.5,387.6000061035156,387.0,387.6000061035156,9153.0,yahoo
ABCAPITAL,5m,2026-09-25T11:30:00+05:30,387.45001220703125,388.0,387.45001220703125,388.0,5609.0,yahoo
ABCAPITAL,5m,2026-09-25T11:35:00+05:30,388.1000061035156,388.25,387.70001220703125,388.1000061035156,13639.0,yahoo
ABCAPITAL,5m,2026-09-25T11:40:00+05:30,388.25,388.25,387.3999938964844,387.3999938964844,8114.0,yahoo
ABCAPITAL,5m,2026-09-25T11:45:00+05:30,387.3999938964844,388.75,387.29998779296875,388.5,16474.0,yahoo
ABCAPITAL,5m,2026-09-25T11:50:00+05:30,388.5,388.70001220703125,387.8999938964844,388.3500061035156,14343.0,yahoo
ABCAPITAL,5m,2026-09-25T11:55:00+05:30,388.45001220703125,388.5,387.75,387.8999938964844,10129.0,yahoo
ABCAPITAL,5m,2026-09-25T12:00:00+05:30,388.1000061035156,388.1000061035156,386.29998779296875,386.75,26430.0,yahoo
ABCAPITAL,5m,2026-09-25T12:05:00+05:30,386.75,387.75,386.75,387.70001220703125,13813.0,yahoo
ABCAPITAL,5m,2026-09-25T12:10:00+05:30,387.75,388.1000061035156,387.54998779296875,387.79998779296875,4083.0,yahoo
ABCAPITAL,5m,2026-09-25T12:15:00+05:30,387.79998779296875,387.8999938964844,387.3999938964844,387.5,4553.0,yahoo
ABCAPITAL,5m,2026-09-25T12:20:00+05:30,387.5,387.6000061035156,387.3999938964844,387.5,2917.0,yahoo
ABCAPITAL,5m,2026-09-25T12:25:00+05:30,387.45001220703125,387.79998779296875,387.1499938964844,387.79998779296875,7126.0,yahoo
ABCAPITAL,5m,2026-09-25T12:30:00+05:30,387.75,388.1499938964844,387.75,387.75,9117.0,yahoo
ABCAPITAL,5m,2026-09-25T12:35:00+05:30,387.70001220703125,387.75,386.95001220703125,387.25,26096.0,yahoo
ABCAPITAL,5m,2026-09-25T12:40:00+05:30,387.3500061035156,387.45001220703125,387.20001220703125,387.20001220703125,4960.0,yahoo
ABCAPITAL,5m,2026-09-25T12:45:00+05:30,387.20001220703125,387.20001220703125,386.75,386.8999938964844,14014.0,yahoo
ABCAPITAL,5m,2026-09-25T12:50:00+05:30,387.0,387.1499938964844,386.79998779296875,386.79998779296875,8665.0,yahoo
ABCAPITAL,5m,2026-09-25T12:55:00+05:30,386.79998779296875,387.25,386.79998779296875,387.25,8942.0,yahoo
ABCAPITAL,5m,2026-09-25T13:00:00+05:30,387.25,387.3999938964844,387.1000061035156,387.29998779296875,5103.0,yahoo
ABCAPITAL,5m,2026-09-25T13:05:00+05:30,387.29998779296875,387.3500061035156,386.95001220703125,387.04998779296875,6108.0,yahoo
ABCAPITAL,5m,2026-09-25T13:10:00+05:30,387.1000061035156,387.1000061035156,386.1499938964844,386.54998779296875,25290.0,yahoo
ABCAPITAL,5m,2026-09-25T13:15:00+05:30,386.6000061035156,386.8500061035156,386.20001220703125,386.6499938964844,35215.0,yahoo
ABCAPITAL,5m,2026-09-25T13:20:00+05:30,386.6499938964844,386.70001220703125,386.5,386.6000061035156,6128.0,yahoo
ABCAPITAL,5m,2026-09-25T13:25:00+05:30,386.70001220703125,386.8500061035156,386.5,386.70001220703125,7937.0,yahoo
ABCAPITAL,5m,2026-09-25T13:30:00+05:30,386.75,386.79998779296875,386.5,386.70001220703125,12480.0,yahoo
ABCAPITAL,5m,2026-09-25T13:35:00+05:30,386.5,386.8500061035156,386.5,386.8500061035156,10787.0,yahoo
ABCAPITAL,5m,2026-09-25T13:40:00+05:30,386.75,387.1499938964844,386.75,387.1000061035156,7931.0,yahoo
ABCAPITAL,5m,2026-09-25T13:45:00+05:30,387.1499938964844,387.70001220703125,387.0,387.5,10921.0,yahoo
ABCAPITAL,5m,2026-09-25T13:50:00+05:30,387.6000061035156,387.8999938964844,387.6000061035156,387.8500061035156,240473.0,yahoo
ABCAPITAL,5m,2026-09-25T13:55:00+05:30,387.8999938964844,388.54998779296875,387.8999938964844,388.45001220703125,10623.0,yahoo
ABCAPITAL,5m,2026-09-25T14:00:00+05:30,388.45001220703125,390.6000061035156,388.29998779296875,390.5,21986.0,yahoo
ABCAPITAL,5m,2026-09-25T14:05:00+05:30,390.6000061035156,390.6000061035156,389.29998779296875,389.29998779296875,34415.0,yahoo
ABCAPITAL,5m,2026-09-25T14:10:00+05:30,389.3999938964844,389.79998779296875,389.20001220703125,389.3999938964844,8624.0,yahoo
ABCAPITAL,5m,2026-09-25T14:15:00+05:30,389.5,389.6499938964844,387.3500061035156,388.75,359743.0,yahoo
ABCAPITAL,5m,2026-09-25T14:20:00+05:30,388.70001220703125,388.70001220703125,387.8500061035156,388.20001220703125,18023.0,yahoo
ABCAPITAL,5m,2026-09-25T14:25:00+05:30,388.29998779296875,388.6499938964844,388.0,388.29998779296875,8925.0,yahoo
ABCAPITAL,5m,2026-09-25T14:30:00+05:30,388.45001220703125,388.95001220703125,388.04998779296875,388.95001220703125,25805.0,yahoo
ABCAPITAL,5m,2026-09-25T14:35:00+05:30,388.95001220703125,389.45001220703125,388.8500061035156,389.29998779296875,37739.0,yahoo
ABCAPITAL,5m,2026-09-25T14:40:00+05:30,389.25,389.25,388.54998779296875,388.70001220703125,17304.0,yahoo
ABCAPITAL,5m,2026-09-25T14:45:00+05:30,388.8999938964844,389.1000061035156,388.45001220703125,388.8500061035156,52514.0,yahoo
ABCAPITAL,5m,2026-09-25T14:50:00+05:30,388.8500061035156,388.95001220703125,388.20001220703125,388.70001220703125,10812.0,yahoo
ABCAPITAL,5m,2026-09-25T14:55:00+05:30,388.54998779296875,388.70001220703125,388.1000061035156,388.25,37341.0,yahoo
ABCAPITAL,5m,2026-09-25T15:00:00+05:30,388.1499938964844,388.29998779296875,387.8500061035156,388.29998779296875,49679.0,yahoo
ABCAPITAL,5m,2026-09-25T15:05:00+05:30,388.04998779296875,388.45001220703125,388.0,388.0,67334.0,yahoo
ABCAPITAL,5m,2026-09-25T15:10:00+05:30,388.0,390.0,387.54998779296875,390.0,130504.0,yahoo
ABCAPITAL,5m,2026-09-25T15:15:00+05:30,390.75,390.75,390.0,390.0,81718.0,yahoo
ADANIENT,5m,2026-09-25T09:15:00+05:30,2917.699951171875,2936.0,2908.800048828125,2918.0,0.0,yahoo
ADANIENT,5m,2026-09-25T09:20:00+05:30,2917.800048828125,2927.0,2909.60009765625,2923.199951171875,22005.0,yahoo
ADANIENT,5m,2026-09-25T09:25:00+05:30,2923.699951171875,2927.699951171875,2918.60009765625,2927.0,16333.0,yahoo
ADANIENT,5m,2026-09-25T09:30:00+05:30,2927.5,2929.199951171875,2925.0,2926.199951171875,11320.0,yahoo
ADANIENT,5m,2026-09-25T09:35:00+05:30,2925.60009765625,2927.199951171875,2915.199951171875,2918.10009765625,10710.0,yahoo
ADANIENT,5m,2026-09-25T09:40:00+05:30,2918.699951171875,2919.699951171875,2908.10009765625,2908.800048828125,12964.0,yahoo
ADANIENT,5m,2026-09-25T09:45:00+05:30,2910.10009765625,2918.0,2910.10009765625,2913.10009765625,9858.0,yahoo
ADANIENT,5m,2026-09-25T09:50:00+05:30,2913.199951171875,2913.39990234375,2902.800048828125,2906.199951171875,15308.0,yahoo
ADANIENT,5m,2026-09-25T09:55:00+05:30,2906.10009765625,2913.5,2905.0,2913.5,8323.0,yahoo
ADANIENT,5m,2026-09-25T10:00:00+05:30,2913.5,2921.10009765625,2912.800048828125,2920.39990234375,23561.0,yahoo
ADANIENT,5m,2026-09-25T10:05:00+05:30,2919.89990234375,2927.0,2918.800048828125,2925.0,9504.0,yahoo
ADANIENT,5m,2026-09-25T10:10:00+05:30,2925.0,2932.89990234375,2923.5,2932.89990234375,13654.0,yahoo
ADANIENT,5m,2026-09-25T10:15:00+05:30,2933.0,2934.0,2928.0,2933.5,11899.0,yahoo
ADANIENT,5m,2026-09-25T10:20:00+05:30,2934.0,2935.0,2926.60009765625,2927.60009765625,8960.0,yahoo
ADANIENT,5m,2026-09-25T10:25:00+05:30,2926.0,2929.89990234375,2922.5,2924.60009765625,6106.0,yahoo
ADANIENT,5m,2026-09-25T10:30:00+05:30,2924.89990234375,2929.800048828125,2920.0,2920.0,7331.0,yahoo
ADANIENT,5m,2026-09-25T10:35:00+05:30,2920.0,2924.60009765625,2918.699951171875,2923.89990234375,3673.0,yahoo
ADANIENT,5m,2026-09-25T10:40:00+05:30,2922.800048828125,2922.800048828125,2918.0,2921.0,2538.0,yahoo
ADANIENT,5m,2026-09-25T10:45:00+05:30,2921.699951171875,2923.199951171875,2917.89990234375,2919.0,2691.0,yahoo
ADANIENT,5m,2026-09-25T10:50:00+05:30,2919.0,2920.0,2916.10009765625,2920.0,3176.0,yahoo
ADANIENT,5m,2026-09-25T10:55:00+05:30,2921.0,2926.699951171875,2920.89990234375,2922.89990234375,12195.0,yahoo
ADANIENT,5m,2026-09-25T11:00:00+05:30,2922.800048828125,2928.699951171875,2919.199951171875,2924.60009765625,13310.0,yahoo
ADANIENT,5m,2026-09-25T11:05:00+05:30,2924.800048828125,2930.0,2924.800048828125,2929.300048828125,4942.0,yahoo
ADANIENT,5m,2026-09-25T11:10:00+05:30,2929.39990234375,2930.60009765625,2927.0,2930.199951171875,3920.0,yahoo
ADANIENT,5m,2026-09-25T11:15:00+05:30,2930.39990234375,2930.699951171875,2926.39990234375,2926.800048828125,3014.0,yahoo
ADANIENT,5m,2026-09-25T11:20:00+05:30,2928.0,2928.0,2922.60009765625,2923.60009765625,2820.0,yahoo
ADANIENT,5m,2026-09-25T11:25:00+05:30,2924.39990234375,2925.0,2919.0,2920.0,2747.0,yahoo
ADANIENT,5m,2026-09-25T11:30:00+05:30,2920.0,2925.800048828125,2920.0,2921.10009765625,5448.0,yahoo
ADANIENT,5m,2026-09-25T11:35:00+05:30,2922.300048828125,2923.39990234375,2920.800048828125,2921.699951171875,1821.0,yahoo
ADANIENT,5m,2026-09-25T11:40:00+05:30,2922.300048828125,2923.199951171875,2919.199951171875,2920.0,1623.0,yahoo
ADANIENT,5m,2026-09-25T11:45:00+05:30,2919.5,2923.10009765625,2919.5,2920.0,2508.0,yahoo
ADANIENT,5m,2026-09-25T11:50:00+05:30,2920.0,2921.699951171875,2918.10009765625,2918.300048828125,2220.0,yahoo
ADANIENT,5m,2026-09-25T11:55:00+05:30,2918.699951171875,2919.10009765625,2916.199951171875,2917.300048828125,5920.0,yahoo
ADANIENT,5m,2026-09-25T12:00:00+05:30,2916.300048828125,2917.5,2911.89990234375,2914.0,12676.0,yahoo
ADANIENT,5m,2026-09-25T12:05:00+05:30,2913.89990234375,2916.60009765625,2913.199951171875,2914.89990234375,2702.0,yahoo
ADANIENT,5m,2026-09-25T12:10:00+05:30,2914.800048828125,2917.39990234375,2913.5,2915.800048828125,3466.0,yahoo
ADANIENT,5m,2026-09-25T12:15:00+05:30,2915.89990234375,2917.5,2914.300048828125,2915.300048828125,2746.0,yahoo
ADANIENT,5m,2026-09-25T12:20:00+05:30,2915.300048828125,2916.10009765625,2912.0,2915.0,2555.0,yahoo
ADANIENT,5m,2026-09-25T12:25:00+05:30,2916.10009765625,2920.699951171875,2916.10009765625,2919.0,3606.0,yahoo
ADANIENT,5m,2026-09-25T12:30:00+05:30,2919.0,2920.199951171875,2916.39990234375,2916.800048828125,4301.0,yahoo
ADANIENT,5m,2026-09-25T12:35:00+05:30,2916.800048828125,2916.800048828125,2912.0,2916.699951171875,3870.0,yahoo
ADANIENT,5m,2026-09-25T12:40:00+05:30,2916.699951171875,2916.699951171875,2912.199951171875,2912.89990234375,2623.0,yahoo
ADANIENT,5m,2026-09-25T12:45:00+05:30,2913.39990234375,2914.300048828125,2912.10009765625,2913.39990234375,1605.0,yahoo
ADANIENT,5m,2026-09-25T12:50:00+05:30,2913.39990234375,2914.60009765625,2908.0,2909.199951171875,5020.0,yahoo
ADANIENT,5m,2026-09-25T12:55:00+05:30,2909.10009765625,2910.300048828125,2905.89990234375,2908.89990234375,7479.0,yahoo
ADANIENT,5m,2026-09-25T13:00:00+05:30,2908.89990234375,2911.5,2908.300048828125,2908.89990234375,2025.0,yahoo
ADANIENT,5m,2026-09-25T13:05:00+05:30,2909.0,2910.800048828125,2909.0,2910.10009765625,2150.0,yahoo
ADANIENT,5m,2026-09-25T13:10:00+05:30,2910.0,2913.0,2910.0,2910.10009765625,2468.0,yahoo
ADANIENT,5m,2026-09-25T13:15:00+05:30,2910.39990234375,2910.89990234375,2908.0,2910.10009765625,2967.0,yahoo
ADANIENT,5m,2026-09-25T13:20:00+05:30,2910.10009765625,2912.89990234375,2905.5,2906.199951171875,4614.0,yahoo
ADANIENT,5m,2026-09-25T13:25:00+05:30,2907.10009765625,2917.199951171875,2905.5,2916.10009765625,5625.0,yahoo
ADANIENT,5m,2026-09-25T13:30:00+05:30,2916.0,2916.199951171875,2910.800048828125,2915.5,3352.0,yahoo
ADANIENT,5m,2026-09-25T13:35:00+05:30,2915.39990234375,2915.39990234375,2912.300048828125,2914.10009765625,3110.0,yahoo
ADANIENT,5m,2026-09-25T13:40:00+05:30,2913.89990234375,2916.5,2912.699951171875,2916.0,4240.0,yahoo
ADANIENT,5m,2026-09-25T13:45:00+05:30,2916.5,2917.0,2912.0,2916.199951171875,6565.0,yahoo
ADANIENT,5m,2026-09-25T13:50:00+05:30,2917.0,2918.5,2915.5,2916.89990234375,3048.0,yahoo
ADANIENT,5m,2026-09-25T13:55:00+05:30,2916.89990234375,2918.10009765625,2915.199951171875,2918.10009765625,3739.0,yahoo
ADANIENT,5m,2026-09-25T14:00:00+05:30,2918.5,2939.60009765625,2918.5,2935.5,33928.0,yahoo
ADANIENT,5m,2026-09-25T14:05:00+05:30,2936.0,2937.10009765625,2926.0,2927.10009765625,7886.0,yahoo
ADANIENT,5m,2026-09-25T14:10:00+05:30,2927.10009765625,2930.0,2926.0,2927.89990234375,3133.0,yahoo
ADANIENT,5m,2026-09-25T14:15:00+05:30,2927.199951171875,2929.800048828125,2923.10009765625,2923.300048828125,8545.0,yahoo
ADANIENT,5m,2026-09-25T14:20:00+05:30,2925.0,2925.0,2919.800048828125,2919.800048828125,6622.0,yahoo
ADANIENT,5m,2026-09-25T14:25:00+05:30,2920.60009765625,2924.800048828125,2920.60009765625,2923.300048828125,2671.0,yahoo
ADANIENT,5m,2026-09-25T14:30:00+05:30,2924.39990234375,2925.800048828125,2922.300048828125,2922.5,3614.0,yahoo
ADANIENT,5m,2026-09-25T14:35:00+05:30,2923.5,2926.0,2922.300048828125,2926.0,3401.0,yahoo
ADANIENT,5m,2026-09-25T14:40:00+05:30,2926.39990234375,2926.39990234375,2917.39990234375,2918.0,5336.0,yahoo
ADANIENT,5m,2026-09-25T14:45:00+05:30,2918.39990234375,2919.800048828125,2915.0,2915.800048828125,4678.0,yahoo
ADANIENT,5m,2026-09-25T14:50:00+05:30,2915.39990234375,2918.39990234375,2912.60009765625,2918.10009765625,13011.0,yahoo
ADANIENT,5m,2026-09-25T14:55:00+05:30,2918.199951171875,2919.89990234375,2916.10009765625,2919.89990234375,8763.0,yahoo
ADANIENT,5m,2026-09-25T15:00:00+05:30,2919.0,2919.0,2914.10009765625,2916.800048828125,15984.0,yahoo
ADANIENT,5m,2026-09-25T15:05:00+05:30,2917.0,2918.10009765625,2916.10009765625,2917.39990234375,13284.0,yahoo
ADANIENT,5m,2026-09-25T15:10:00+05:30,2916.800048828125,2917.60009765625,2910.5,2916.5,28993.0,yahoo
ADANIPORTS,5m,2026-09-25T09:15:00+05:30,1790.9000244140625,1793.9000244140625,1783.300048828125,1785.9000244140625,0.0,yahoo
ADANIPORTS,5m,2026-09-25T09:20:00+05:30,1782.9000244140625,1785.5,1780.0,1781.199951171875,30585.0,yahoo
ADANIPORTS,5m,2026-09-25T09:25:00+05:30,1782.0999755859375,1782.0999755859375,1778.5,1780.800048828125,21465.0,yahoo
ADANIPORTS,5m,2026-09-25T09:30:00+05:30,1781.199951171875,1781.699951171875,1777.199951171875,1777.199951171875,13685.0,yahoo
ADANIPORTS,5m,2026-09-25T09:35:00+05:30,1777.5999755859375,1779.199951171875,1775.4000244140625,1778.5999755859375,13837.0,yahoo
ADANIPORTS,5m,2026-09-25T09:40:00+05:30,1778.5999755859375,1779.699951171875,1777.800048828125,1778.300048828125,13516.0,yahoo
ADANIPORTS,5m,2026-09-25T09:45:00+05:30,1778.800048828125,1782.0999755859375,1778.300048828125,1780.9000244140625,11479.0,yahoo
ADANIPORTS,5m,2026-09-25T09:50:00+05:30,1780.9000244140625,1780.9000244140625,1776.699951171875,1777.199951171875,9361.0,yahoo
ADANIPORTS,5m,2026-09-25T09:55:00+05:30,1777.699951171875,1782.199951171875,1777.699951171875,1782.199951171875,13195.0,yahoo
ADANIPORTS,5m,2026-09-25T10:00:00+05:30,1782.0999755859375,1785.9000244140625,1780.699951171875,1785.699951171875,16703.0,yahoo
ADANIPORTS,5m,2026-09-25T10:05:00+05:30,1785.199951171875,1790.699951171875,1785.0,1790.300048828125,22098.0,yahoo
ADANIPORTS,5m,2026-09-25T10:10:00+05:30,1789.9000244140625,1793.0999755859375,1788.4000244140625,1792.699951171875,28490.0,yahoo
ADANIPORTS,5m,2026-09-25T10:15:00+05:30,1792.699951171875,1792.699951171875,1789.199951171875,1790.800048828125,18905.0,yahoo
ADANIPORTS,5m,2026-09-25T10:20:00+05:30,1790.9000244140625,1792.0,1788.0999755859375,1788.5999755859375,23906.0,yahoo
ADANIPORTS,5m,2026-09-25T10:25:00+05:30,1789.199951171875,1789.300048828125,1786.5,1787.0,8139.0,yahoo
ADANIPORTS,5m,2026-09-25T10:30:00+05:30,1787.5,1790.0,1784.4000244140625,1785.0,9232.0,yahoo
ADANIPORTS,5m,2026-09-25T10:35:00+05:30,1785.300048828125,1788.0,1784.4000244140625,1788.0,3541.0,yahoo
ADANIPORTS,5m,2026-09-25T10:40:00+05:30,1788.0,1788.0,1785.300048828125,1787.199951171875,3315.0,yahoo
ADANIPORTS,5m,2026-09-25T10:45:00+05:30,1787.300048828125,1787.9000244140625,1785.0,1785.0,10138.0,yahoo
ADANIPORTS,5m,2026-09-25T10:50:00+05:30,1786.0,1787.0,1785.0,1785.9000244140625,4021.0,yahoo
ADANIPORTS,5m,2026-09-25T10:55:00+05:30,1786.699951171875,1787.0,1786.0,1786.4000244140625,2467.0,yahoo
ADANIPORTS,5m,2026-09-25T11:00:00+05:30,1786.4000244140625,1792.0,1784.9000244140625,1791.9000244140625,10582.0,yahoo
ADANIPORTS,5m,2026-09-25T11:05:00+05:30,1791.9000244140625,1796.199951171875,1791.9000244140625,1795.9000244140625,29762.0,yahoo
ADANIPORTS,5m,2026-09-25T11:10:00+05:30,1796.0,1799.199951171875,1795.199951171875,1798.5999755859375,43640.0,yahoo
ADANIPORTS,5m,2026-09-25T11:15:00+05:30,1798.5999755859375,1799.0,1795.199951171875,1795.9000244140625,10010.0,yahoo
ADANIPORTS,5m,2026-09-25T11:20:00+05:30,1795.9000244140625,1796.5999755859375,1794.4000244140625,1795.300048828125,21917.0,yahoo
ADANIPORTS,5m,2026-09-25T11:25:00+05:30,1795.5999755859375,1795.5999755859375,1792.199951171875,1793.4000244140625,12468.0,yahoo
ADANIPORTS,5m,2026-09-25T11:30:00+05:30,1793.300048828125,1795.5999755859375,1792.699951171875,1794.4000244140625,12284.0,yahoo
ADANIPORTS,5m,2026-09-25T11:35:00+05:30,1795.199951171875,1795.699951171875,1792.5,1793.4000244140625,13152.0,yahoo
ADANIPORTS,5m,2026-09-25T11:40:00+05:30,1793.4000244140625,1793.5,1787.5,1788.5,14229.0,yahoo
ADANIPORTS,5m,2026-09-25T11:45:00+05:30,1785.300048828125,1790.5999755859375,1785.300048828125,1787.9000244140625,34987.0,yahoo
ADANIPORTS,5m,2026-09-25T11:50:00+05:30,1789.0,1789.0,1787.0,1787.0999755859375,5106.0,yahoo
ADANIPORTS,5m,2026-09-25T11:55:00+05:30,1787.4000244140625,1788.5999755859375,1786.5,1786.5,16961.0,yahoo
ADANIPORTS,5m,2026-09-25T12:00:00+05:30,1786.5,1787.699951171875,1786.5,1787.5,5285.0,yahoo
ADANIPORTS,5m,2026-09-25T12:05:00+05:30,1787.5999755859375,1787.800048828125,1787.0,1787.699951171875,2956.0,yahoo
ADANIPORTS,5m,2026-09-25T12:10:00+05:30,1787.800048828125,1788.0,1787.0,1787.300048828125,3149.0,yahoo
ADANIPORTS,5m,2026-09-25T12:15:00+05:30,1788.0,1788.0,1786.5,1786.9000244140625,3239.0,yahoo
ADANIPORTS,5m,2026-09-25T12:20:00+05:30,1786.9000244140625,1787.199951171875,1786.199951171875,1786.699951171875,2059.0,yahoo
ADANIPORTS,5m,2026-09-25T12:25:00+05:30,1786.699951171875,1789.4000244140625,1786.5,1788.9000244140625,5428.0,yahoo
ADANIPORTS,5m,2026-09-25T12:30:00+05:30,1788.9000244140625,1789.9000244140625,1788.0999755859375,1788.5,4912.0,yahoo
ADANIPORTS,5m,2026-09-25T12:35:00+05:30,1788.9000244140625,1788.9000244140625,1786.4000244140625,1786.9000244140625,3999.0,yahoo
ADANIPORTS,5m,2026-09-25T12:40:00+05:30,1786.9000244140625,1786.9000244140625,1785.9000244140625,1786.4000244140625,3914.0,yahoo
ADANIPORTS,5m,2026-09-25T12:45:00+05:30,1786.199951171875,1786.300048828125,1784.0,1784.800048828125,6180.0,yahoo
ADANIPORTS,5m,2026-09-25T12:50:00+05:30,1784.800048828125,1784.800048828125,1783.199951171875,1783.5999755859375,5133.0,yahoo
ADANIPORTS,5m,2026-09-25T12:55:00+05:30,1783.5999755859375,1783.5999755859375,1781.0999755859375,1782.0,6091.0,yahoo
ADANIPORTS,5m,2026-09-25T13:00:00+05:30,1782.0,1784.0,1782.0,1782.699951171875,2985.0,yahoo
ADANIPORTS,5m,2026-09-25T13:05:00+05:30,1782.800048828125,1783.5,1782.199951171875,1783.5,4125.0,yahoo
ADANIPORTS,5m,2026-09-25T13:10:00+05:30,1783.5,1783.5999755859375,1782.9000244140625,1783.0999755859375,2327.0,yahoo
ADANIPORTS,5m,2026-09-25T13:15:00+05:30,1783.0999755859375,1783.300048828125,1781.300048828125,1782.300048828125,3062.0,yahoo
ADANIPORTS,5m,2026-09-25T13:20:00+05:30,1782.300048828125,1783.9000244140625,1782.199951171875,1783.300048828125,8467.0,yahoo
ADANIPORTS,5m,2026-09-25T13:25:00+05:30,1782.9000244140625,1785.5999755859375,1782.5999755859375,1785.5999755859375,8694.0,yahoo
ADANIPORTS,5m,2026-09-25T13:30:00+05:30,1785.4000244140625,1785.800048828125,1783.5999755859375,1784.199951171875,3440.0,yahoo
ADANIPORTS,5m,2026-09-25T13:35:00+05:30,1784.5999755859375,1785.0,1783.9000244140625,1784.5999755859375,3173.0,yahoo
ADANIPORTS,5m,2026-09-25T13:40:00+05:30,1785.0,1785.9000244140625,1784.300048828125,1785.5999755859375,2936.0,yahoo
ADANIPORTS,5m,2026-09-25T13:45:00+05:30,1785.5999755859375,1785.9000244140625,1784.9000244140625,1785.800048828125,2648.0,yahoo
ADANIPORTS,5m,2026-09-25T13:50:00+05:30,1785.800048828125,1785.9000244140625,1784.699951171875,1785.0999755859375,2637.0,yahoo
ADANIPORTS,5m,2026-09-25T13:55:00+05:30,1785.699951171875,1787.5999755859375,1784.800048828125,1787.5,6660.0,yahoo
ADANIPORTS,5m,2026-09-25T14:00:00+05:30,1787.5,1797.800048828125,1787.199951171875,1796.300048828125,26645.0,yahoo
ADANIPORTS,5m,2026-09-25T14:05:00+05:30,1796.5999755859375,1797.5999755859375,1793.0999755859375,1794.0,15823.0,yahoo
ADANIPORTS,5m,2026-09-25T14:10:00+05:30,1794.0,1794.9000244140625,1792.0,1792.5,9472.0,yahoo
ADANIPORTS,5m,2026-09-25T14:15:00+05:30,1793.199951171875,1793.5999755859375,1791.699951171875,1792.4000244140625,6326.0,yahoo
ADANIPORTS,5m,2026-09-25T14:20:00+05:30,1792.4000244140625,1792.4000244140625,1789.699951171875,1790.0999755859375,11951.0,yahoo
ADANIPORTS,5m,2026-09-25T14:25:00+05:30,1790.4000244140625,1791.9000244140625,1789.9000244140625,1791.300048828125,7195.0,yahoo
ADANIPORTS,5m,2026-09-25T14:30:00+05:30,1791.300048828125,1792.4000244140625,1790.800048828125,1792.0,6753.0,yahoo
ADANIPORTS,5m,2026-09-25T14:35:00+05:30,1792.5999755859375,1792.9000244140625,1791.5,1792.9000244140625,5654.0,yahoo
ADANIPORTS,5m,2026-09-25T14:40:00+05:30,1792.9000244140625,1793.0,1789.800048828125,1790.5999755859375,4425.0,yahoo
ADANIPORTS,5m,2026-09-25T14:45:00+05:30,1790.5999755859375,1791.199951171875,1789.0,1789.0,9340.0,yahoo
ADANIPORTS,5m,2026-09-25T14:50:00+05:30,1788.800048828125,1791.699951171875,1788.699951171875,1791.5999755859375,15589.0,yahoo
ADANIPORTS,5m,2026-09-25T14:55:00+05:30,1791.5999755859375,1791.5999755859375,1789.0999755859375,1789.9000244140625,21108.0,yahoo
ADANIPORTS,5m,2026-09-25T15:00:00+05:30,1789.5999755859375,1789.5999755859375,1786.0,1786.5,24208.0,yahoo
ADANIPORTS,5m,2026-09-25T15:05:00+05:30,1786.5,1787.0999755859375,1785.699951171875,1786.699951171875,24252.0,yahoo
ADANIPORTS,5m,2026-09-25T15:10:00+05:30,1786.800048828125,1790.0,1782.0999755859375,1788.9000244140625,32520.0,yahoo
ADANIPORTS,5m,2026-09-25T15:15:00+05:30,1790.0,1790.0,1788.0,1788.0,13649.0,yahoo
APOLLOHOSP,5m,2026-09-25T09:15:00+05:30,8900.0,8923.5,8891.0,8898.5,0.0,yahoo
APOLLOHOSP,5m,2026-09-25T09:20:00+05:30,8900.0,8909.5,8881.0,8902.5,6972.0,yahoo
APOLLOHOSP,5m,2026-09-25T09:25:00+05:30,8902.5,8917.5,8893.0,8915.5,5824.0,yahoo
APOLLOHOSP,5m,2026-09-25T09:30:00+05:30,8915.0,8918.0,8903.0,8905.0,6995.0,yahoo
APOLLOHOSP,5m,2026-09-25T09:35:00+05:30,8905.0,8906.0,8895.5,8905.0,5822.0,yahoo
APOLLOHOSP,5m,2026-09-25T09:40:00+05:30,8905.0,8905.0,8893.0,8901.0,6484.0,yahoo
APOLLOHOSP,5m,2026-09-25T09:45:00+05:30,8901.5,8903.5,8892.5,8893.5,5910.0,yahoo
APOLLOHOSP,5m,2026-09-25T09:50:00+05:30,8892.5,8897.0,8871.0,8871.0,6665.0,yahoo
APOLLOHOSP,5m,2026-09-25T09:55:00+05:30,8873.0,8877.0,8833.5,8877.0,8300.0,yahoo
APOLLOHOSP,5m,2026-09-25T10:00:00+05:30,8874.5,8887.5,8863.0,8881.0,5736.0,yahoo
APOLLOHOSP,5m,2026-09-25T10:05:00+05:30,8882.0,8889.0,8867.5,8877.5,2897.0,yahoo
APOLLOHOSP,5m,2026-09-25T10:10:00+05:30,8876.0,8877.0,8864.0,8864.0,2650.0,yahoo
APOLLOHOSP,5m,2026-09-25T10:15:00+05:30,8862.0,8881.0,8857.5,8881.0,2975.0,yahoo
APOLLOHOSP,5m,2026-09-25T10:20:00+05:30,8880.5,8880.5,8865.5,8868.5,2934.0,yahoo
APOLLOHOSP,5m,2026-09-25T10:25:00+05:30,8868.5,8869.5,8858.5,8869.0,6178.0,yahoo
APOLLOHOSP,5m,2026-09-25T10:30:00+05:30,8869.5,8876.0,8860.5,8860.5,10646.0,yahoo
APOLLOHOSP,5m,2026-09-25T10:35:00+05:30,8861.0,8874.0,8856.5,8873.5,3264.0,yahoo
APOLLOHOSP,5m,2026-09-25T10:40:00+05:30,8874.0,8874.0,8863.0,8867.0,2207.0,yahoo
APOLLOHOSP,5m,2026-09-25T10:45:00+05:30,8865.5,8869.0,8856.0,8865.5,4437.0,yahoo
APOLLOHOSP,5m,2026-09-25T10:50:00+05:30,8863.5,8871.0,8861.0,8867.5,3330.0,yahoo
APOLLOHOSP,5m,2026-09-25T10:55:00+05:30,8868.0,8875.0,8865.5,8873.0,3784.0,yahoo
APOLLOHOSP,5m,2026-09-25T11:00:00+05:30,8876.5,8880.0,8870.0,8874.5,2603.0,yahoo
APOLLOHOSP,5m,2026-09-25T11:05:00+05:30,8876.5,8906.0,8873.5,8896.5,4950.0,yahoo
APOLLOHOSP,5m,2026-09-25T11:10:00+05:30,8897.5,8910.5,8895.5,8905.0,3890.0,yahoo
APOLLOHOSP,5m,2026-09-25T11:15:00+05:30,8905.5,8909.5,8901.0,8906.0,2275.0,yahoo
APOLLOHOSP,5m,2026-09-25T11:20:00+05:30,8906.0,8914.5,8904.0,8904.0,4581.0,yahoo
APOLLOHOSP,5m,2026-09-25T11:25:00+05:30,8904.5,8908.0,8878.5,8892.0,9520.0,yahoo
APOLLOHOSP,5m,2026-09-25T11:30:00+05:30,8892.0,8897.5,8880.0,8888.5,12776.0,yahoo
APOLLOHOSP,5m,2026-09-25T11:35:00+05:30,8888.5,8891.0,8880.0,8884.0,4019.0,yahoo
APOLLOHOSP,5m,2026-09-25T11:40:00+05:30,8885.0,8891.0,8880.0,8889.0,11380.0,yahoo
APOLLOHOSP,5m,2026-09-25T11:45:00+05:30,8889.5,8904.0,8885.5,8892.5,6451.0,yahoo
APOLLOHOSP,5m,2026-09-25T11:50:00+05:30,8890.0,8892.5,8883.5,8886.0,10251.0,yahoo
APOLLOHOSP,5m,2026-09-25T11:55:00+05:30,8886.0,8889.0,8882.0,8882.0,1886.0,yahoo
APOLLOHOSP,5m,2026-09-25T12:00:00+05:30,8882.0,8884.0,8871.5,8871.5,2425.0,yahoo
APOLLOHOSP,5m,2026-09-25T12:05:00+05:30,8872.5,8873.5,8867.5,8868.5,2114.0,yahoo
APOLLOHOSP,5m,2026-09-25T12:10:00+05:30,8867.5,8895.0,8866.5,8887.5,9386.0,yahoo
APOLLOHOSP,5m,2026-09-25T12:15:00+05:30,8890.0,8890.0,8877.0,8882.0,3576.0,yahoo
APOLLOHOSP,5m,2026-09-25T12:20:00+05:30,8884.5,8886.0,8873.5,8874.5,3471.0,yahoo
APOLLOHOSP,5m,2026-09-25T12:25:00+05:30,8876.5,8881.5,8874.5,8874.5,2197.0,yahoo
APOLLOHOSP,5m,2026-09-25T12:30:00+05:30,8876.0,8883.0,8870.5,8875.0,4093.0,yahoo
APOLLOHOSP,5m,2026-09-25T12:35:00+05:30,8875.0,8875.0,8869.5,8870.0,1880.0,yahoo
APOLLOHOSP,5m,2026-09-25T12:40:00+05:30,8870.0,8870.0,8865.0,8865.0,1585.0,yahoo
APOLLOHOSP,5m,2026-09-25T12:45:00+05:30,8866.0,8866.5,8857.5,8860.0,1488.0,yahoo
APOLLOHOSP,5m,2026-09-25T12:50:00+05:30,8860.0,8860.0,8855.0,8855.0,1892.0,yahoo
APOLLOHOSP,5m,2026-09-25T12:55:00+05:30,8852.0,8855.5,8852.0,8853.0,1737.0,yahoo
APOLLOHOSP,5m,2026-09-25T13:00:00+05:30,8855.5,8856.5,8853.0,8853.5,1212.0,yahoo
APOLLOHOSP,5m,2026-09-25T13:05:00+05:30,8853.5,8854.5,8843.0,8848.0,2417.0,yahoo
APOLLOHOSP,5m,2026-09-25T13:10:00+05:30,8848.0,8849.5,8845.5,8845.5,3085.0,yahoo
APOLLOHOSP,5m,2026-09-25T13:15:00+05:30,8845.0,8845.5,8823.5,8823.5,4047.0,yahoo
APOLLOHOSP,5m,2026-09-25T13:20:00+05:30,8826.0,8840.5,8826.0,8834.5,5319.0,yahoo
APOLLOHOSP,5m,2026-09-25T13:25:00+05:30,8834.5,8842.5,8828.0,8834.5,7492.0,yahoo
APOLLOHOSP,5m,2026-09-25T13:30:00+05:30,8834.5,8836.5,8828.0,8836.0,3989.0,yahoo
APOLLOHOSP,5m,2026-09-25T13:35:00+05:30,8836.0,8848.0,8836.0,8847.0,3064.0,yahoo
APOLLOHOSP,5m,2026-09-25T13:40:00+05:30,8847.0,8848.5,8841.5,8847.5,3784.0,yahoo
APOLLOHOSP,5m,2026-09-25T13:45:00+05:30,8847.5,8852.5,8835.0,8849.0,11913.0,yahoo
APOLLOHOSP,5m,2026-09-25T13:50:00+05:30,8849.5,8862.0,8848.0,8861.5,7680.0,yahoo
APOLLOHOSP,5m,2026-09-25T13:55:00+05:30,8862.0,8884.5,8861.0,8884.5,3786.0,yahoo
APOLLOHOSP,5m,2026-09-25T14:00:00+05:30,8886.0,8906.5,8884.0,8904.5,12622.0,yahoo
APOLLOHOSP,5m,2026-09-25T14:05:00+05:30,8904.5,8904.5,8890.5,8894.5,13107.0,yahoo
APOLLOHOSP,5m,2026-09-25T14:10:00+05:30,8896.5,8898.5,8878.0,8880.5,2378.0,yahoo
APOLLOHOSP,5m,2026-09-25T14:15:00+05:30,8884.0,8892.0,8881.0,8891.5,6594.0,yahoo
APOLLOHOSP,5m,2026-09-25T14:20:00+05:30,8891.5,8894.5,8881.0,8889.5,9539.0,yahoo
APOLLOHOSP,5m,2026-09-25T14:25:00+05:30,8889.5,8893.0,8883.0,8890.5,2846.0,yahoo
APOLLOHOSP,5m,2026-09-25T14:30:00+05:30,8890.0,8904.5,8890.0,8902.0,7038.0,yahoo
APOLLOHOSP,5m,2026-09-25T14:35:00+05:30,8902.0,8903.0,8891.5,8903.0,9940.0,yahoo
APOLLOHOSP,5m,2026-09-25T14:40:00+05:30,8900.0,8904.5,8887.0,8893.0,12140.0,yahoo
APOLLOHOSP,5m,2026-09-25T14:45:00+05:30,8893.0,8893.0,8881.5,8890.0,4089.0,yahoo
APOLLOHOSP,5m,2026-09-25T14:50:00+05:30,8890.0,8905.5,8890.0,8899.0,19261.0,yahoo
APOLLOHOSP,5m,2026-09-25T14:55:00+05:30,8899.0,8905.0,8893.0,8893.0,36965.0,yahoo
APOLLOHOSP,5m,2026-09-25T15:00:00+05:30,8893.0,8895.5,8875.0,8879.0,5248.0,yahoo
APOLLOHOSP,5m,2026-09-25T15:05:00+05:30,8875.5,8884.5,8875.0,8876.0,4281.0,yahoo
APOLLOHOSP,5m,2026-09-25T15:10:00+05:30,8875.0,8890.0,8863.0,8890.0,9830.0,yahoo
APOLLOHOSP,5m,2026-09-25T15:15:00+05:30,8890.0,8890.0,8889.0,8889.0,2387.0,yahoo
ASIANPAINT,5m,2026-09-25T09:15:00+05:30,2398.60009765625,2412.39990234375,2398.60009765625,2404.10009765625,0.0,yahoo
ASIANPAINT,5m,2026-09-25T09:20:00+05:30,2403.800048828125,2408.60009765625,2401.0,2406.39990234375,9083.0,yahoo
ASIANPAINT,5m,2026-09-25T09:25:00+05:30,2406.39990234375,2413.5,2403.89990234375,2411.60009765625,5273.0,yahoo
ASIANPAINT,5m,2026-09-25T09:30:00+05:30,2410.199951171875,2416.300048828125,2407.699951171875,2416.0,7772.0,yahoo
ASIANPAINT,5m,2026-09-25T09:35:00+05:30,2416.0,2420.800048828125,2410.10009765625,2419.89990234375,12576.0,yahoo
ASIANPAINT,5m,2026-09-25T09:40:00+05:30,2420.89990234375,2424.199951171875,2417.60009765625,2420.60009765625,11790.0,yahoo
ASIANPAINT,5m,2026-09-25T09:45:00+05:30,2420.60009765625,2423.89990234375,2418.0,2420.0,6229.0,yahoo
ASIANPAINT,5m,2026-09-25T09:50:00+05:30,2420.0,2421.5,2413.800048828125,2421.5,5792.0,yahoo
ASIANPAINT,5m,2026-09-25T09:55:00+05:30,2421.10009765625,2422.800048828125,2420.5,2421.39990234375,3906.0,yahoo
ASIANPAINT,5m,2026-09-25T10:00:00+05:30,2421.39990234375,2432.800048828125,2421.39990234375,2430.0,12839.0,yahoo
ASIANPAINT,5m,2026-09-25T10:05:00+05:30,2427.699951171875,2430.800048828125,2427.699951171875,2430.0,5251.0,yahoo
ASIANPAINT,5m,2026-09-25T10:10:00+05:30,2429.800048828125,2430.89990234375,2428.0,2429.10009765625,4216.0,yahoo
ASIANPAINT,5m,2026-09-25T10:15:00+05:30,2428.5,2428.89990234375,2423.800048828125,2426.0,7230.0,yahoo
ASIANPAINT,5m,2026-09-25T10:20:00+05:30,2426.89990234375,2429.39990234375,2424.89990234375,2424.89990234375,3260.0,yahoo
ASIANPAINT,5m,2026-09-25T10:25:00+05:30,2426.300048828125,2428.800048828125,2426.199951171875,2427.0,2334.0,yahoo
ASIANPAINT,5m,2026-09-25T10:30:00+05:30,2427.0,2429.89990234375,2425.0,2425.10009765625,3807.0,yahoo
ASIANPAINT,5m,2026-09-25T10:35:00+05:30,2426.199951171875,2426.89990234375,2424.60009765625,2426.0,4164.0,yahoo
ASIANPAINT,5m,2026-09-25T10:40:00+05:30,2425.89990234375,2426.39990234375,2418.10009765625,2421.39990234375,9976.0,yahoo
ASIANPAINT,5m,2026-09-25T10:45:00+05:30,2421.39990234375,2422.0,2419.60009765625,2420.5,2780.0,yahoo
ASIANPAINT,5m,2026-09-25T10:50:00+05:30,2420.89990234375,2426.0,2420.0,2425.800048828125,5407.0,yahoo
ASIANPAINT,5m,2026-09-25T10:55:00+05:30,2425.800048828125,2429.10009765625,2425.800048828125,2427.0,3212.0,yahoo
ASIANPAINT,5m,2026-09-25T11:00:00+05:30,2427.300048828125,2428.5,2423.60009765625,2425.699951171875,6920.0,yahoo
ASIANPAINT,5m,2026-09-25T11:05:00+05:30,2425.699951171875,2432.0,2425.0,2430.699951171875,13659.0,yahoo
ASIANPAINT,5m,2026-09-25T11:10:00+05:30,2431.89990234375,2432.89990234375,2429.89990234375,2430.300048828125,7035.0,yahoo
ASIANPAINT,5m,2026-09-25T11:15:00+05:30,2431.5,2432.0,2429.0,2430.10009765625,3000.0,yahoo
ASIANPAINT,5m,2026-09-25T11:20:00+05:30,2430.10009765625,2430.10009765625,2426.0,2426.0,4768.0,yahoo
ASIANPAINT,5m,2026-09-25T11:25:00+05:30,2426.60009765625,2426.60009765625,2423.60009765625,2424.699951171875,2888.0,yahoo
ASIANPAINT,5m,2026-09-25T11:30:00+05:30,2424.699951171875,2427.60009765625,2423.89990234375,2426.5,3806.0,yahoo
ASIANPAINT,5m,2026-09-25T11:35:00+05:30,2426.39990234375,2426.60009765625,2425.0,2425.60009765625,1990.0,yahoo
ASIANPAINT,5m,2026-09-25T11:40:00+05:30,2426.60009765625,2427.89990234375,2425.0,2425.89990234375,3361.0,yahoo
ASIANPAINT,5m,2026-09-25T11:45:00+05:30,2425.89990234375,2426.89990234375,2424.5,2426.800048828125,2640.0,yahoo
ASIANPAINT,5m,2026-09-25T11:50:00+05:30,2426.800048828125,2428.699951171875,2426.699951171875,2427.199951171875,2155.0,yahoo
ASIANPAINT,5m,2026-09-25T11:55:00+05:30,2427.5,2429.0,2425.199951171875,2426.300048828125,2971.0,yahoo
ASIANPAINT,5m,2026-09-25T12:00:00+05:30,2426.0,2426.300048828125,2424.0,2424.0,2407.0,yahoo
ASIANPAINT,5m,2026-09-25T12:05:00+05:30,2424.199951171875,2428.0,2423.5,2428.0,4411.0,yahoo
ASIANPAINT,5m,2026-09-25T12:10:00+05:30,2427.89990234375,2428.0,2426.199951171875,2426.699951171875,1566.0,yahoo
ASIANPAINT,5m,2026-09-25T12:15:00+05:30,2427.300048828125,2428.89990234375,2426.60009765625,2427.800048828125,2747.0,yahoo
ASIANPAINT,5m,2026-09-25T12:20:00+05:30,2428.699951171875,2430.0,2426.60009765625,2428.699951171875,3160.0,yahoo
ASIANPAINT,5m,2026-09-25T12:25:00+05:30,2428.699951171875,2430.89990234375,2428.699951171875,2430.60009765625,2969.0,yahoo
ASIANPAINT,5m,2026-09-25T12:30:00+05:30,2430.89990234375,2431.800048828125,2429.699951171875,2430.0,1716.0,yahoo
ASIANPAINT,5m,2026-09-25T12:35:00+05:30,2430.39990234375,2430.39990234375,2427.0,2428.300048828125,3303.0,yahoo
ASIANPAINT,5m,2026-09-25T12:40:00+05:30,2429.300048828125,2429.89990234375,2425.0,2425.300048828125,3211.0,yahoo
ASIANPAINT,5m,2026-09-25T12:45:00+05:30,2425.300048828125,2427.10009765625,2424.0,2424.39990234375,3013.0,yahoo
ASIANPAINT,5m,2026-09-25T12:50:00+05:30,2424.60009765625,2425.60009765625,2423.699951171875,2423.800048828125,5182.0,yahoo
ASIANPAINT,5m,2026-09-25T12:55:00+05:30,2424.0,2426.199951171875,2423.5,2425.300048828125,5145.0,yahoo
ASIANPAINT,5m,2026-09-25T13:00:00+05:30,2426.0,2427.800048828125,2425.60009765625,2426.0,1721.0,yahoo
ASIANPAINT,5m,2026-09-25T13:05:00+05:30,2426.0,2427.89990234375,2425.39990234375,2427.699951171875,1899.0,yahoo
ASIANPAINT,5m,2026-09-25T13:10:00+05:30,2428.199951171875,2430.699951171875,2427.39990234375,2429.300048828125,4578.0,yahoo
ASIANPAINT,5m,2026-09-25T13:15:00+05:30,2428.800048828125,2429.39990234375,2426.10009765625,2426.699951171875,3348.0,yahoo
ASIANPAINT,5m,2026-09-25T13:20:00+05:30,2427.10009765625,2427.39990234375,2425.10009765625,2426.89990234375,1183.0,yahoo
ASIANPAINT,5m,2026-09-25T13:25:00+05:30,2426.89990234375,2428.800048828125,2426.10009765625,2427.5,2720.0,yahoo
ASIANPAINT,5m,2026-09-25T13:30:00+05:30,2427.5,2428.800048828125,2426.39990234375,2427.60009765625,2000.0,yahoo
ASIANPAINT,5m,2026-09-25T13:35:00+05:30,2428.199951171875,2429.699951171875,2426.60009765625,2429.10009765625,2582.0,yahoo
ASIANPAINT,5m,2026-09-25T13:40:00+05:30,2429.300048828125,2429.89990234375,2428.0,2429.300048828125,1655.0,yahoo
ASIANPAINT,5m,2026-09-25T13:45:00+05:30,2429.300048828125,2430.5,2428.199951171875,2428.199951171875,2420.0,yahoo
ASIANPAINT,5m,2026-09-25T13:50:00+05:30,2429.199951171875,2430.5,2428.39990234375,2428.89990234375,2158.0,yahoo
ASIANPAINT,5m,2026-09-25T13:55:00+05:30,2429.39990234375,2430.800048828125,2428.60009765625,2430.10009765625,3030.0,yahoo
ASIANPAINT,5m,2026-09-25T14:00:00+05:30,2430.89990234375,2443.10009765625,2430.199951171875,2441.0,26300.0,yahoo
ASIANPAINT,5m,2026-09-25T14:05:00+05:30,2440.39990234375,2441.89990234375,2435.39990234375,2436.0,4167.0,yahoo
ASIANPAINT,5m,2026-09-25T14:10:00+05:30,2435.0,2438.300048828125,2435.0,2435.10009765625,2680.0,yahoo
ASIANPAINT,5m,2026-09-25T14:15:00+05:30,2434.89990234375,2437.300048828125,2434.199951171875,2434.39990234375,2283.0,yahoo
ASIANPAINT,5m,2026-09-25T14:20:00+05:30,2434.39990234375,2435.0,2433.60009765625,2434.199951171875,3369.0,yahoo
ASIANPAINT,5m,2026-09-25T14:25:00+05:30,2434.199951171875,2435.39990234375,2432.0,2434.60009765625,4936.0,yahoo
ASIANPAINT,5m,2026-09-25T14:30:00+05:30,2435.5,2436.89990234375,2434.5,2436.0,2752.0,yahoo
ASIANPAINT,5m,2026-09-25T14:35:00+05:30,2435.10009765625,2436.39990234375,2432.60009765625,2433.199951171875,2073.0,yahoo
ASIANPAINT,5m,2026-09-25T14:40:00+05:30,2433.800048828125,2434.60009765625,2431.5,2432.10009765625,4301.0,yahoo
ASIANPAINT,5m,2026-09-25T14:45:00+05:30,2432.0,2434.60009765625,2431.89990234375,2432.89990234375,4308.0,yahoo
ASIANPAINT,5m,2026-09-25T14:50:00+05:30,2432.89990234375,2433.89990234375,2431.0,2432.39990234375,6484.0,yahoo
ASIANPAINT,5m,2026-09-25T14:55:00+05:30,2432.39990234375,2433.60009765625,2431.10009765625,2433.0,10398.0,yahoo
ASIANPAINT,5m,2026-09-25T15:00:00+05:30,2432.5,2438.699951171875,2431.800048828125,2436.89990234375,21460.0,yahoo
ASIANPAINT,5m,2026-09-25T15:05:00+05:30,2436.89990234375,2444.0,2436.60009765625,2441.699951171875,22808.0,yahoo
ASIANPAINT,5m,2026-09-25T15:10:00+05:30,2441.60009765625,2450.0,2441.60009765625,2447.39990234375,20343.0,yahoo
ASIANPAINT,5m,2026-09-25T15:15:00+05:30,2447.0,2447.0,2444.0,2444.0,21815.0,yahoo
ATHERENERG,5m,2026-09-25T09:15:00+05:30,1490.9000244140625,1508.9000244140625,1490.9000244140625,1499.800048828125,0.0,yahoo
ATHERENERG,5m,2026-09-25T09:20:00+05:30,1500.699951171875,1501.199951171875,1489.5999755859375,1493.5,92565.0,yahoo
ATHERENERG,5m,2026-09-25T09:25:00+05:30,1493.9000244140625,1497.800048828125,1493.199951171875,1495.5,49828.0,yahoo
ATHERENERG,5m,2026-09-25T09:30:00+05:30,1494.5,1499.0,1489.4000244140625,1491.0,62342.0,yahoo
ATHERENERG,5m,2026-09-25T09:35:00+05:30,1491.0,1495.0,1490.5999755859375,1492.4000244140625,36046.0,yahoo
ATHERENERG,5m,2026-09-25T09:40:00+05:30,1492.5999755859375,1492.5999755859375,1489.0999755859375,1490.0,35127.0,yahoo
ATHERENERG,5m,2026-09-25T09:45:00+05:30,1489.699951171875,1490.699951171875,1484.5,1484.5,50472.0,yahoo
ATHERENERG,5m,2026-09-25T09:50:00+05:30,1484.5,1487.0,1484.5,1487.0,21274.0,yahoo
ATHERENERG,5m,2026-09-25T09:55:00+05:30,1487.0,1491.5,1487.0,1491.5,23865.0,yahoo
ATHERENERG,5m,2026-09-25T10:00:00+05:30,1491.300048828125,1499.199951171875,1490.0,1495.0,84916.0,yahoo
ATHERENERG,5m,2026-09-25T10:05:00+05:30,1495.0,1497.0,1494.5,1495.199951171875,22876.0,yahoo
ATHERENERG,5m,2026-09-25T10:10:00+05:30,1495.5,1498.199951171875,1494.9000244140625,1496.5,25802.0,yahoo
ATHERENERG,5m,2026-09-25T10:15:00+05:30,1496.4000244140625,1501.800048828125,1496.0,1499.0,46577.0,yahoo
ATHERENERG,5m,2026-09-25T10:20:00+05:30,1498.9000244140625,1502.0999755859375,1497.300048828125,1499.5,37626.0,yahoo
ATHERENERG,5m,2026-09-25T10:25:00+05:30,1499.5,1499.5,1491.0,1492.0,35137.0,yahoo
ATHERENERG,5m,2026-09-25T10:30:00+05:30,1491.699951171875,1495.0,1491.0999755859375,1492.5999755859375,22710.0,yahoo
ATHERENERG,5m,2026-09-25T10:35:00+05:30,1492.5,1496.5999755859375,1492.300048828125,1494.199951171875,14121.0,yahoo
ATHERENERG,5m,2026-09-25T10:40:00+05:30,1494.199951171875,1497.5999755859375,1492.800048828125,1494.0,12471.0,yahoo
ATHERENERG,5m,2026-09-25T10:45:00+05:30,1493.5,1493.5999755859375,1485.4000244140625,1489.5999755859375,49914.0,yahoo
ATHERENERG,5m,2026-09-25T10:50:00+05:30,1489.4000244140625,1492.4000244140625,1489.0,1490.800048828125,12935.0,yahoo
ATHERENERG,5m,2026-09-25T10:55:00+05:30,1489.0999755859375,1491.800048828125,1489.0999755859375,1489.300048828125,10694.0,yahoo
ATHERENERG,5m,2026-09-25T11:00:00+05:30,1489.300048828125,1493.0,1489.0,1491.0,20074.0,yahoo
ATHERENERG,5m,2026-09-25T11:05:00+05:30,1492.0999755859375,1494.699951171875,1491.4000244140625,1492.199951171875,11128.0,yahoo
ATHERENERG,5m,2026-09-25T11:10:00+05:30,1493.9000244140625,1494.5,1491.699951171875,1493.0999755859375,11086.0,yahoo
ATHERENERG,5m,2026-09-25T11:15:00+05:30,1493.0,1493.699951171875,1491.0,1491.300048828125,8204.0,yahoo
ATHERENERG,5m,2026-09-25T11:20:00+05:30,1491.4000244140625,1493.199951171875,1491.0999755859375,1491.800048828125,8460.0,yahoo
ATHERENERG,5m,2026-09-25T11:25:00+05:30,1491.0999755859375,1494.0,1491.0,1492.0,8279.0,yahoo
ATHERENERG,5m,2026-09-25T11:30:00+05:30,1492.800048828125,1493.5999755859375,1490.5999755859375,1491.5999755859375,18692.0,yahoo
ATHERENERG,5m,2026-09-25T11:35:00+05:30,1490.9000244140625,1494.699951171875,1490.9000244140625,1494.5999755859375,12925.0,yahoo
ATHERENERG,5m,2026-09-25T11:40:00+05:30,1494.5999755859375,1498.9000244140625,1494.5999755859375,1497.0999755859375,17959.0,yahoo
ATHERENERG,5m,2026-09-25T11:45:00+05:30,1497.4000244140625,1498.800048828125,1496.0999755859375,1498.0,14888.0,yahoo
ATHERENERG,5m,2026-09-25T11:50:00+05:30,1497.699951171875,1499.0,1497.0,1497.9000244140625,12323.0,yahoo
ATHERENERG,5m,2026-09-25T11:55:00+05:30,1498.5,1498.5,1492.0999755859375,1493.4000244140625,21953.0,yahoo
ATHERENERG,5m,2026-09-25T12:00:00+05:30,1493.0,1495.0,1492.699951171875,1494.800048828125,7349.0,yahoo
ATHERENERG,5m,2026-09-25T12:05:00+05:30,1494.0999755859375,1495.0999755859375,1493.0,1494.0999755859375,11813.0,yahoo
ATHERENERG,5m,2026-09-25T12:10:00+05:30,1494.5,1495.300048828125,1493.199951171875,1494.4000244140625,11342.0,yahoo
ATHERENERG,5m,2026-09-25T12:15:00+05:30,1494.4000244140625,1495.0,1493.0,1493.300048828125,8353.0,yahoo
ATHERENERG,5m,2026-09-25T12:20:00+05:30,1494.5,1495.0,1490.800048828125,1492.300048828125,10301.0,yahoo
ATHERENERG,5m,2026-09-25T12:25:00+05:30,1492.800048828125,1494.199951171875,1491.5999755859375,1493.199951171875,9754.0,yahoo
ATHERENERG,5m,2026-09-25T12:30:00+05:30,1492.199951171875,1494.0,1491.300048828125,1494.0,12972.0,yahoo
ATHERENERG,5m,2026-09-25T12:35:00+05:30,1493.300048828125,1494.9000244140625,1492.9000244140625,1493.699951171875,6607.0,yahoo
ATHERENERG,5m,2026-09-25T12:40:00+05:30,1494.0999755859375,1495.699951171875,1492.9000244140625,1494.5999755859375,9277.0,yahoo
ATHERENERG,5m,2026-09-25T12:45:00+05:30,1494.0,1494.9000244140625,1492.5999755859375,1494.300048828125,6089.0,yahoo
ATHERENERG,5m,2026-09-25T12:50:00+05:30,1494.300048828125,1494.800048828125,1492.5,1493.800048828125,8411.0,yahoo
ATHERENERG,5m,2026-09-25T12:55:00+05:30,1493.300048828125,1494.4000244140625,1492.699951171875,1494.0,9908.0,yahoo
ATHERENERG,5m,2026-09-25T13:00:00+05:30,1494.0,1496.0,1493.4000244140625,1494.5,12697.0,yahoo
ATHERENERG,5m,2026-09-25T13:05:00+05:30,1495.0,1495.9000244140625,1494.4000244140625,1494.699951171875,6230.0,yahoo
ATHERENERG,5m,2026-09-25T13:10:00+05:30,1494.5,1495.9000244140625,1493.800048828125,1494.0,6986.0,yahoo
ATHERENERG,5m,2026-09-25T13:15:00+05:30,1494.0,1497.0,1493.0,1497.0,10713.0,yahoo
ATHERENERG,5m,2026-09-25T13:20:00+05:30,1496.5999755859375,1497.4000244140625,1494.699951171875,1494.699951171875,9174.0,yahoo
ATHERENERG,5m,2026-09-25T13:25:00+05:30,1494.699951171875,1498.4000244140625,1494.699951171875,1498.4000244140625,9677.0,yahoo
ATHERENERG,5m,2026-09-25T13:30:00+05:30,1498.5999755859375,1499.0,1496.0,1497.0,8653.0,yahoo
ATHERENERG,5m,2026-09-25T13:35:00+05:30,1497.0,1497.5999755859375,1494.0,1495.300048828125,12079.0,yahoo
ATHERENERG,5m,2026-09-25T13:40:00+05:30,1495.300048828125,1497.800048828125,1495.0,1496.0,10339.0,yahoo
ATHERENERG,5m,2026-09-25T13:45:00+05:30,1497.0,1497.0,1493.800048828125,1495.9000244140625,43512.0,yahoo
ATHERENERG,5m,2026-09-25T13:50:00+05:30,1496.0,1503.9000244140625,1496.0,1503.699951171875,48198.0,yahoo
ATHERENERG,5m,2026-09-25T13:55:00+05:30,1503.699951171875,1504.0,1499.4000244140625,1502.300048828125,33230.0,yahoo
ATHERENERG,5m,2026-09-25T14:00:00+05:30,1503.199951171875,1509.0,1502.5,1507.300048828125,52230.0,yahoo
ATHERENERG,5m,2026-09-25T14:05:00+05:30,1507.199951171875,1507.300048828125,1504.0999755859375,1505.0,30228.0,yahoo
ATHERENERG,5m,2026-09-25T14:10:00+05:30,1504.800048828125,1506.0,1504.800048828125,1506.0,11645.0,yahoo
ATHERENERG,5m,2026-09-25T14:15:00+05:30,1505.4000244140625,1506.0,1504.0999755859375,1504.0999755859375,10125.0,yahoo
ATHERENERG,5m,2026-09-25T14:20:00+05:30,1504.300048828125,1505.699951171875,1504.199951171875,1505.300048828125,15017.0,yahoo
ATHERENERG,5m,2026-09-25T14:25:00+05:30,1506.0,1506.0,1502.300048828125,1503.5999755859375,29200.0,yahoo
ATHERENERG,5m,2026-09-25T14:30:00+05:30,1503.300048828125,1508.5999755859375,1502.4000244140625,1508.0,37478.0,yahoo
ATHERENERG,5m,2026-09-25T14:35:00+05:30,1507.0999755859375,1510.5999755859375,1507.0999755859375,1510.0,28547.0,yahoo
ATHERENERG,5m,2026-09-25T14:40:00+05:30,1510.4000244140625,1510.4000244140625,1507.699951171875,1508.199951171875,18307.0,yahoo
ATHERENERG,5m,2026-09-25T14:45:00+05:30,1507.5,1508.300048828125,1504.5999755859375,1504.5999755859375,17673.0,yahoo
ATHERENERG,5m,2026-09-25T14:50:00+05:30,1504.5999755859375,1504.5999755859375,1497.5,1499.4000244140625,37607.0,yahoo
ATHERENERG,5m,2026-09-25T14:55:00+05:30,1499.4000244140625,1500.0,1497.5999755859375,1497.5999755859375,23474.0,yahoo
ATHERENERG,5m,2026-09-25T15:00:00+05:30,1498.0,1498.0,1491.0,1491.699951171875,64099.0,yahoo
ATHERENERG,5m,2026-09-25T15:05:00+05:30,1491.699951171875,1496.0,1490.0,1494.0999755859375,72329.0,yahoo
ATHERENERG,5m,2026-09-25T15:10:00+05:30,1494.5999755859375,1498.9000244140625,1491.699951171875,1497.0,80562.0,yahoo
AXISBANK,5m,2026-09-25T09:15:00+05:30,1192.9000244140625,1195.0,1191.699951171875,1194.300048828125,0.0,yahoo
AXISBANK,5m,2026-09-25T09:20:00+05:30,1193.199951171875,1197.5999755859375,1192.800048828125,1197.0,106377.0,yahoo
AXISBANK,5m,2026-09-25T09:25:00+05:30,1197.0,1197.800048828125,1194.9000244140625,1195.9000244140625,63433.0,yahoo
AXISBANK,5m,2026-09-25T09:30:00+05:30,1196.4000244140625,1199.9000244140625,1196.300048828125,1199.9000244140625,133693.0,yahoo
AXISBANK,5m,2026-09-25T09:35:00+05:30,1199.5,1199.800048828125,1194.300048828125,1195.699951171875,71602.0,yahoo
AXISBANK,5m,2026-09-25T09:40:00+05:30,1195.5,1195.9000244140625,1194.199951171875,1194.9000244140625,137324.0,yahoo
AXISBANK,5m,2026-09-25T09:45:00+05:30,1194.9000244140625,1196.0,1194.300048828125,1196.0,75728.0,yahoo
AXISBANK,5m,2026-09-25T09:50:00+05:30,1195.800048828125,1196.0,1195.0,1195.9000244140625,158895.0,yahoo
AXISBANK,5m,2026-09-25T09:55:00+05:30,1195.5999755859375,1203.199951171875,1195.5999755859375,1202.9000244140625,98648.0,yahoo
AXISBANK,5m,2026-09-25T10:00:00+05:30,1202.699951171875,1204.9000244140625,1201.5999755859375,1204.300048828125,76280.0,yahoo
AXISBANK,5m,2026-09-25T10:05:00+05:30,1204.5,1207.0,1204.199951171875,1207.0,78608.0,yahoo
AXISBANK,5m,2026-09-25T10:10:00+05:30,1207.199951171875,1209.0,1206.0,1207.0,110971.0,yahoo
AXISBANK,5m,2026-09-25T10:15:00+05:30,1206.800048828125,1207.699951171875,1204.800048828125,1205.199951171875,109109.0,yahoo
AXISBANK,5m,2026-09-25T10:20:00+05:30,1205.0,1205.199951171875,1202.0999755859375,1202.0999755859375,116598.0,yahoo
AXISBANK,5m,2026-09-25T10:25:00+05:30,1202.4000244140625,1204.800048828125,1201.0999755859375,1204.699951171875,94386.0,yahoo
AXISBANK,5m,2026-09-25T10:30:00+05:30,1204.699951171875,1205.5999755859375,1202.9000244140625,1203.0,56714.0,yahoo
AXISBANK,5m,2026-09-25T10:35:00+05:30,1202.4000244140625,1204.800048828125,1202.4000244140625,1204.800048828125,37131.0,yahoo
AXISBANK,5m,2026-09-25T10:40:00+05:30,1204.9000244140625,1205.199951171875,1204.4000244140625,1205.0,27569.0,yahoo
AXISBANK,5m,2026-09-25T10:45:00+05:30,1205.0,1206.300048828125,1204.4000244140625,1206.300048828125,32242.0,yahoo
AXISBANK,5m,2026-09-25T10:50:00+05:30,1206.0,1206.199951171875,1204.0,1205.0,32040.0,yahoo
AXISBANK,5m,2026-09-25T10:55:00+05:30,1205.0,1206.0,1204.699951171875,1205.9000244140625,20467.0,yahoo
AXISBANK,5m,2026-09-25T11:00:00+05:30,1205.9000244140625,1209.0,1205.5999755859375,1208.5,70408.0,yahoo
AXISBANK,5m,2026-09-25T11:05:00+05:30,1208.5999755859375,1211.199951171875,1208.5,1209.5,105298.0,yahoo
AXISBANK,5m,2026-09-25T11:10:00+05:30,1209.5,1209.5999755859375,1207.800048828125,1208.9000244140625,42024.0,yahoo
AXISBANK,5m,2026-09-25T11:15:00+05:30,1208.9000244140625,1209.5,1208.5999755859375,1209.0,26683.0,yahoo
AXISBANK,5m,2026-09-25T11:20:00+05:30,1209.0,1209.0,1207.9000244140625,1208.0,32134.0,yahoo
AXISBANK,5m,2026-09-25T11:25:00+05:30,1207.9000244140625,1208.0,1206.5,1208.0,56456.0,yahoo
AXISBANK,5m,2026-09-25T11:30:00+05:30,1207.9000244140625,1208.5,1207.199951171875,1208.0,51686.0,yahoo
AXISBANK,5m,2026-09-25T11:35:00+05:30,1208.0,1208.699951171875,1206.0,1208.0,148810.0,yahoo
AXISBANK,5m,2026-09-25T11:40:00+05:30,1208.0,1209.9000244140625,1207.300048828125,1209.5999755859375,184474.0,yahoo
AXISBANK,5m,2026-09-25T11:45:00+05:30,1209.5999755859375,1209.9000244140625,1208.0,1208.300048828125,49527.0,yahoo
AXISBANK,5m,2026-09-25T11:50:00+05:30,1208.300048828125,1209.0,1207.800048828125,1208.9000244140625,40956.0,yahoo
AXISBANK,5m,2026-09-25T11:55:00+05:30,1208.9000244140625,1211.0,1208.300048828125,1209.699951171875,74997.0,yahoo
AXISBANK,5m,2026-09-25T12:00:00+05:30,1209.5,1209.699951171875,1208.0,1209.0,66673.0,yahoo
AXISBANK,5m,2026-09-25T12:05:00+05:30,1208.9000244140625,1210.0,1208.4000244140625,1209.4000244140625,62156.0,yahoo
AXISBANK,5m,2026-09-25T12:10:00+05:30,1209.4000244140625,1209.699951171875,1208.9000244140625,1209.199951171875,55751.0,yahoo
AXISBANK,5m,2026-09-25T12:15:00+05:30,1209.199951171875,1209.199951171875,1208.4000244140625,1208.699951171875,46877.0,yahoo
AXISBANK,5m,2026-09-25T12:20:00+05:30,1208.699951171875,1208.699951171875,1207.9000244140625,1208.5999755859375,41780.0,yahoo
AXISBANK,5m,2026-09-25T12:25:00+05:30,1208.5,1209.5999755859375,1208.0999755859375,1209.4000244140625,43042.0,yahoo
AXISBANK,5m,2026-09-25T12:30:00+05:30,1209.4000244140625,1211.5,1209.199951171875,1210.5999755859375,46295.0,yahoo
AXISBANK,5m,2026-09-25T12:35:00+05:30,1210.5999755859375,1210.800048828125,1208.5999755859375,1210.199951171875,40875.0,yahoo
AXISBANK,5m,2026-09-25T12:40:00+05:30,1210.199951171875,1211.0,1209.800048828125,1209.800048828125,34263.0,yahoo
AXISBANK,5m,2026-09-25T12:45:00+05:30,1209.800048828125,1210.5,1209.199951171875,1209.199951171875,49729.0,yahoo
AXISBANK,5m,2026-09-25T12:50:00+05:30,1209.199951171875,1209.4000244140625,1208.199951171875,1209.300048828125,69261.0,yahoo
AXISBANK,5m,2026-09-25T12:55:00+05:30,1209.300048828125,1210.4000244140625,1207.699951171875,1210.4000244140625,38065.0,yahoo
AXISBANK,5m,2026-09-25T13:00:00+05:30,1210.4000244140625,1211.5,1209.9000244140625,1210.0,55898.0,yahoo
AXISBANK,5m,2026-09-25T13:05:00+05:30,1210.0,1211.800048828125,1209.9000244140625,1211.5999755859375,37621.0,yahoo
AXISBANK,5m,2026-09-25T13:10:00+05:30,1211.5,1211.800048828125,1210.5999755859375,1210.800048828125,28990.0,yahoo
AXISBANK,5m,2026-09-25T13:15:00+05:30,1210.800048828125,1210.9000244140625,1210.300048828125,1210.800048828125,24746.0,yahoo
AXISBANK,5m,2026-09-25T13:20:00+05:30,1210.5,1211.5,1210.300048828125,1211.300048828125,49542.0,yahoo
AXISBANK,5m,2026-09-25T13:25:00+05:30,1211.199951171875,1213.4000244140625,1210.699951171875,1212.9000244140625,89029.0,yahoo
AXISBANK,5m,2026-09-25T13:30:00+05:30,1212.300048828125,1213.0,1211.5999755859375,1212.0,43622.0,yahoo
AXISBANK,5m,2026-09-25T13:35:00+05:30,1212.0,1213.0,1211.4000244140625,1212.5999755859375,61824.0,yahoo
AXISBANK,5m,2026-09-25T13:40:00+05:30,1212.300048828125,1214.5999755859375,1212.300048828125,1214.5999755859375,50392.0,yahoo
AXISBANK,5m,2026-09-25T13:45:00+05:30,1214.5,1215.4000244140625,1214.0,1215.300048828125,114434.0,yahoo
AXISBANK,5m,2026-09-25T13:50:00+05:30,1215.0,1215.300048828125,1215.0,1215.199951171875,76981.0,yahoo
AXISBANK,5m,2026-09-25T13:55:00+05:30,1215.199951171875,1216.5,1215.0,1216.5,46629.0,yahoo
AXISBANK,5m,2026-09-25T14:00:00+05:30,1216.9000244140625,1224.300048828125,1216.5999755859375,1222.300048828125,248036.0,yahoo
AXISBANK,5m,2026-09-25T14:05:00+05:30,1222.300048828125,1223.5,1220.300048828125,1221.300048828125,294862.0,yahoo
AXISBANK,5m,2026-09-25T14:10:00+05:30,1221.5999755859375,1223.199951171875,1219.0,1220.0999755859375,568549.0,yahoo
AXISBANK,5m,2026-09-25T14:15:00+05:30,1220.0999755859375,1222.800048828125,1220.0,1222.199951171875,151266.0,yahoo
AXISBANK,5m,2026-09-25T14:20:00+05:30,1222.0,1222.4000244140625,1221.199951171875,1221.5,212581.0,yahoo
AXISBANK,5m,2026-09-25T14:25:00+05:30,1222.0,1223.699951171875,1221.5,1223.300048828125,108880.0,yahoo
AXISBANK,5m,2026-09-25T14:30:00+05:30,1223.199951171875,1224.0,1223.0,1223.0999755859375,201187.0,yahoo
AXISBANK,5m,2026-09-25T14:35:00+05:30,1223.5,1224.5,1223.0999755859375,1223.9000244140625,67129.0,yahoo
AXISBANK,5m,2026-09-25T14:40:00+05:30,1223.699951171875,1224.0999755859375,1220.4000244140625,1220.699951171875,259837.0,yahoo
AXISBANK,5m,2026-09-25T14:45:00+05:30,1221.0,1221.9000244140625,1220.699951171875,1221.0999755859375,46720.0,yahoo
AXISBANK,5m,2026-09-25T14:50:00+05:30,1220.9000244140625,1221.9000244140625,1220.0,1221.800048828125,60668.0,yahoo
AXISBANK,5m,2026-09-25T14:55:00+05:30,1221.800048828125,1222.0,1221.0,1222.0,74423.0,yahoo
AXISBANK,5m,2026-09-25T15:00:00+05:30,1221.5,1221.800048828125,1220.0,1221.0999755859375,146292.0,yahoo
AXISBANK,5m,2026-09-25T15:05:00+05:30,1221.4000244140625,1222.199951171875,1220.5999755859375,1220.800048828125,167192.0,yahoo
AXISBANK,5m,2026-09-25T15:10:00+05:30,1221.0,1222.4000244140625,1220.0,1222.4000244140625,355619.0,yahoo
BAJAJ-AUTO,5m,2026-09-25T09:15:00+05:30,11231.0,11314.0,11231.0,11280.0,0.0,yahoo
BAJAJ-AUTO,5m,2026-09-25T09:20:00+05:30,11280.0,11329.0,11274.0,11298.0,3517.0,yahoo
BAJAJ-AUTO,5m,2026-09-25T09:25:00+05:30,11298.0,11303.0,11284.0,11303.0,2218.0,yahoo
BAJAJ-AUTO,5m,2026-09-25T09:30:00+05:30,11309.0,11312.0,11276.0,11284.0,1607.0,yahoo
BAJAJ-AUTO,5m,2026-09-25T09:35:00+05:30,11278.0,11304.0,11278.0,11292.0,1623.0,yahoo
BAJAJ-AUTO,5m,2026-09-25T09:40:00+05:30,11286.0,11289.0,11268.0,11273.0,2108.0,yahoo
BAJAJ-AUTO,5m,2026-09-25T09:45:00+05:30,11272.0,11274.0,11251.0,11253.0,1492.0,yahoo
BAJAJ-AUTO,5m,2026-09-25T09:50:00+05:30,11251.0,11260.0,11233.0,11235.0,1262.0,yahoo
BAJAJ-AUTO,5m,2026-09-25T09:55:00+05:30,11236.0,11263.0,11230.0,11263.0,1918.0,yahoo
BAJAJ-AUTO,5m,2026-09-25T10:00:00+05:30,11267.0,11293.0,11263.0,11279.0,1791.0,yahoo
BAJAJ-AUTO,5m,2026-09-25T10:05:00+05:30,11277.0,11292.0,11277.0,11292.0,675.0,yahoo
BAJAJ-AUTO,5m,2026-09-25T10:10:00+05:30,11288.0,11298.0,11284.0,11294.0,1175.0,yahoo
BAJAJ-AUTO,5m,2026-09-25T10:15:00+05:30,11290.0,11301.0,11288.0,11296.0,1088.0,yahoo
BAJAJ-AUTO,5m,2026-09-25T10:20:00+05:30,11290.0,11300.0,11289.0,11298.0,783.0,yahoo
BAJAJ-AUTO,5m,2026-09-25T10:25:00+05:30,11296.0,11300.0,11260.0,11265.0,3574.0,yahoo
BAJAJ-AUTO,5m,2026-09-25T10:30:00+05:30,11265.0,11269.0,11255.0,11259.0,1071.0,yahoo
BAJAJ-AUTO,5m,2026-09-25T10:35:00+05:30,11260.0,11260.0,11248.0,11257.0,1266.0,yahoo
BAJAJ-AUTO,5m,2026-09-25T10:40:00+05:30,11257.0,11266.0,11252.0,11255.0,1245.0,yahoo
BAJAJ-AUTO,5m,2026-09-25T10:45:00+05:30,11259.0,11259.0,11243.0,11247.0,1344.0,yahoo
BAJAJ-AUTO,5m,2026-09-25T10:50:00+05:30,11247.0,11256.0,11243.0,11253.0,743.0,yahoo
BAJAJ-AUTO,5m,2026-09-25T10:55:00+05:30,11253.0,11266.0,11250.0,11258.0,937.0,yahoo
BAJAJ-AUTO,5m,2026-09-25T11:00:00+05:30,11263.0,11264.0,11255.0,11262.0,611.0,yahoo
BAJAJ-AUTO,5m,2026-09-25T11:05:00+05:30,11261.0,11269.0,11255.0,11263.0,647.0,yahoo
BAJAJ-AUTO,5m,2026-09-25T11:10:00+05:30,11267.0,11272.0,11262.0,11271.0,1030.0,yahoo
BAJAJ-AUTO,5m,2026-09-25T11:15:00+05:30,11271.0,11275.0,11257.0,11262.0,2404.0,yahoo
BAJAJ-AUTO,5m,2026-09-25T11:20:00+05:30,11257.0,11264.0,11255.0,11256.0,1154.0,yahoo
BAJAJ-AUTO,5m,2026-09-25T11:25:00+05:30,11259.0,11260.0,11255.0,11259.0,553.0,yahoo
BAJAJ-AUTO,5m,2026-09-25T11:30:00+05:30,11259.0,11260.0,11250.0,11251.0,654.0,yahoo
BAJAJ-AUTO,5m,2026-09-25T11:35:00+05:30,11254.0,11269.0,11251.0,11266.0,1103.0,yahoo
BAJAJ-AUTO,5m,2026-09-25T11:40:00+05:30,11268.0,11271.0,11256.0,11263.0,697.0,yahoo
BAJAJ-AUTO,5m,2026-09-25T11:45:00+05:30,11263.0,11269.0,11259.0,11262.0,676.0,yahoo
BAJAJ-AUTO,5m,2026-09-25T11:50:00+05:30,11262.0,11273.0,11261.0,11264.0,648.0,yahoo
BAJAJ-AUTO,5m,2026-09-25T11:55:00+05:30,11267.0,11267.0,11256.0,11259.0,769.0,yahoo
BAJAJ-AUTO,5m,2026-09-25T12:00:00+05:30,11263.0,11264.0,11245.0,11245.0,1460.0,yahoo
BAJAJ-AUTO,5m,2026-09-25T12:05:00+05:30,11248.0,11248.0,11221.0,11227.0,1830.0,yahoo
BAJAJ-AUTO,5m,2026-09-25T12:10:00+05:30,11224.0,11236.0,11224.0,11235.0,980.0,yahoo
BAJAJ-AUTO,5m,2026-09-25T12:15:00+05:30,11236.0,11250.0,11235.0,11241.0,727.0,yahoo
BAJAJ-AUTO,5m,2026-09-25T12:20:00+05:30,11241.0,11246.0,11219.0,11246.0,6951.0,yahoo
BAJAJ-AUTO,5m,2026-09-25T12:25:00+05:30,11248.0,11276.0,11242.0,11270.0,1375.0,yahoo
BAJAJ-AUTO,5m,2026-09-25T12:30:00+05:30,11270.0,11270.0,11253.0,11258.0,982.0,yahoo
BAJAJ-AUTO,5m,2026-09-25T12:35:00+05:30,11258.0,11258.0,11239.0,11251.0,722.0,yahoo
BAJAJ-AUTO,5m,2026-09-25T12:40:00+05:30,11252.0,11258.0,11245.0,11253.0,2513.0,yahoo
BAJAJ-AUTO,5m,2026-09-25T12:45:00+05:30,11253.0,11254.0,11231.0,11244.0,4323.0,yahoo
BAJAJ-AUTO,5m,2026-09-25T12:50:00+05:30,11244.0,11245.0,11234.0,11234.0,552.0,yahoo
BAJAJ-AUTO,5m,2026-09-25T12:55:00+05:30,11238.0,11246.0,11226.0,11242.0,753.0,yahoo
BAJAJ-AUTO,5m,2026-09-25T13:00:00+05:30,11246.0,11250.0,11240.0,11250.0,1107.0,yahoo
BAJAJ-AUTO,5m,2026-09-25T13:05:00+05:30,11252.0,11255.0,11247.0,11253.0,744.0,yahoo
BAJAJ-AUTO,5m,2026-09-25T13:10:00+05:30,11253.0,11255.0,11247.0,11247.0,651.0,yahoo
BAJAJ-AUTO,5m,2026-09-25T13:15:00+05:30,11250.0,11250.0,11241.0,11248.0,573.0,yahoo
BAJAJ-AUTO,5m,2026-09-25T13:20:00+05:30,11248.0,11250.0,11239.0,11239.0,720.0,yahoo
BAJAJ-AUTO,5m,2026-09-25T13:25:00+05:30,11244.0,11253.0,11239.0,11249.0,807.0,yahoo
BAJAJ-AUTO,5m,2026-09-25T13:30:00+05:30,11248.0,11251.0,11241.0,11249.0,571.0,yahoo
BAJAJ-AUTO,5m,2026-09-25T13:35:00+05:30,11249.0,11253.0,11245.0,11250.0,572.0,yahoo
BAJAJ-AUTO,5m,2026-09-25T13:40:00+05:30,11251.0,11259.0,11243.0,11258.0,641.0,yahoo
BAJAJ-AUTO,5m,2026-09-25T13:45:00+05:30,11253.0,11261.0,11252.0,11255.0,956.0,yahoo
BAJAJ-AUTO,5m,2026-09-25T13:50:00+05:30,11258.0,11261.0,11254.0,11257.0,968.0,yahoo
BAJAJ-AUTO,5m,2026-09-25T13:55:00+05:30,11261.0,11270.0,11249.0,11270.0,1416.0,yahoo
BAJAJ-AUTO,5m,2026-09-25T14:00:00+05:30,11270.0,11320.0,11270.0,11318.0,5164.0,yahoo
BAJAJ-AUTO,5m,2026-09-25T14:05:00+05:30,11318.0,11318.0,11291.0,11292.0,1351.0,yahoo
BAJAJ-AUTO,5m,2026-09-25T14:10:00+05:30,11296.0,11299.0,11290.0,11293.0,720.0,yahoo
BAJAJ-AUTO,5m,2026-09-25T14:15:00+05:30,11295.0,11302.0,11290.0,11301.0,1074.0,yahoo
BAJAJ-AUTO,5m,2026-09-25T14:20:00+05:30,11302.0,11302.0,11287.0,11295.0,2457.0,yahoo
BAJAJ-AUTO,5m,2026-09-25T14:25:00+05:30,11291.0,11300.0,11289.0,11290.0,905.0,yahoo
BAJAJ-AUTO,5m,2026-09-25T14:30:00+05:30,11290.0,11300.0,11288.0,11288.0,914.0,yahoo
BAJAJ-AUTO,5m,2026-09-25T14:35:00+05:30,11292.0,11300.0,11280.0,11298.0,1478.0,yahoo
BAJAJ-AUTO,5m,2026-09-25T14:40:00+05:30,11293.0,11300.0,11289.0,11295.0,4916.0,yahoo
BAJAJ-AUTO,5m,2026-09-25T14:45:00+05:30,11299.0,11299.0,11288.0,11292.0,1576.0,yahoo
BAJAJ-AUTO,5m,2026-09-25T14:50:00+05:30,11296.0,11300.0,11288.0,11300.0,1549.0,yahoo
BAJAJ-AUTO,5m,2026-09-25T14:55:00+05:30,11300.0,11300.0,11295.0,11300.0,1536.0,yahoo
BAJAJ-AUTO,5m,2026-09-25T15:00:00+05:30,11297.0,11300.0,11290.0,11292.0,3520.0,yahoo
BAJAJ-AUTO,5m,2026-09-25T15:05:00+05:30,11291.0,11298.0,11288.0,11292.0,3355.0,yahoo
BAJAJ-AUTO,5m,2026-09-25T15:10:00+05:30,11291.0,11305.0,11290.0,11295.0,5425.0,yahoo
BAJAJ-AUTO,5m,2026-09-25T15:15:00+05:30,11305.0,11305.0,11281.0,11281.0,2952.0,yahoo
BAJAJFINSV,5m,2026-09-25T09:15:00+05:30,1763.0,1778.0,1763.0,1775.300048828125,0.0,yahoo
BAJAJFINSV,5m,2026-09-25T09:20:00+05:30,1774.4000244140625,1777.699951171875,1773.5,1775.5999755859375,14794.0,yahoo
BAJAJFINSV,5m,2026-09-25T09:25:00+05:30,1774.9000244140625,1776.0,1773.199951171875,1776.0,9812.0,yahoo
BAJAJFINSV,5m,2026-09-25T09:30:00+05:30,1777.0,1777.0,1769.0999755859375,1770.199951171875,11815.0,yahoo
BAJAJFINSV,5m,2026-09-25T09:35:00+05:30,1770.0,1771.0,1761.699951171875,1762.5,24776.0,yahoo
BAJAJFINSV,5m,2026-09-25T09:40:00+05:30,1762.699951171875,1762.699951171875,1759.199951171875,1759.199951171875,9815.0,yahoo
BAJAJFINSV,5m,2026-09-25T09:45:00+05:30,1759.0999755859375,1761.5999755859375,1758.5999755859375,1759.9000244140625,5902.0,yahoo
BAJAJFINSV,5m,2026-09-25T09:50:00+05:30,1759.800048828125,1760.0,1756.800048828125,1759.300048828125,6001.0,yahoo
BAJAJFINSV,5m,2026-09-25T09:55:00+05:30,1759.300048828125,1760.9000244140625,1758.0,1760.0,5098.0,yahoo
BAJAJFINSV,5m,2026-09-25T10:00:00+05:30,1760.4000244140625,1762.0,1759.4000244140625,1761.4000244140625,6734.0,yahoo
BAJAJFINSV,5m,2026-09-25T10:05:00+05:30,1761.4000244140625,1761.9000244140625,1759.5,1760.199951171875,6592.0,yahoo
BAJAJFINSV,5m,2026-09-25T10:10:00+05:30,1760.199951171875,1761.199951171875,1759.300048828125,1760.9000244140625,10670.0,yahoo
BAJAJFINSV,5m,2026-09-25T10:15:00+05:30,1760.699951171875,1762.4000244140625,1760.0,1760.5,17054.0,yahoo
BAJAJFINSV,5m,2026-09-25T10:20:00+05:30,1761.199951171875,1761.199951171875,1757.5999755859375,1757.5999755859375,9908.0,yahoo
BAJAJFINSV,5m,2026-09-25T10:25:00+05:30,1757.5999755859375,1759.5999755859375,1757.199951171875,1758.5999755859375,8186.0,yahoo
BAJAJFINSV,5m,2026-09-25T10:30:00+05:30,1758.5999755859375,1759.5,1757.4000244140625,1757.4000244140625,4392.0,yahoo
BAJAJFINSV,5m,2026-09-25T10:35:00+05:30,1757.9000244140625,1758.4000244140625,1756.4000244140625,1758.0,5756.0,yahoo
BAJAJFINSV,5m,2026-09-25T10:40:00+05:30,1758.0,1763.0999755859375,1757.699951171875,1762.5,6754.0,yahoo
BAJAJFINSV,5m,2026-09-25T10:45:00+05:30,1762.5,1764.9000244140625,1762.0,1763.199951171875,6797.0,yahoo
BAJAJFINSV,5m,2026-09-25T10:50:00+05:30,1763.5,1763.5,1758.199951171875,1760.9000244140625,7966.0,yahoo
BAJAJFINSV,5m,2026-09-25T10:55:00+05:30,1760.9000244140625,1761.300048828125,1759.300048828125,1760.5999755859375,3228.0,yahoo
BAJAJFINSV,5m,2026-09-25T11:00:00+05:30,1760.5,1762.300048828125,1759.0999755859375,1762.300048828125,4560.0,yahoo
BAJAJFINSV,5m,2026-09-25T11:05:00+05:30,1762.0999755859375,1763.0999755859375,1761.300048828125,1761.300048828125,3896.0,yahoo
BAJAJFINSV,5m,2026-09-25T11:10:00+05:30,1761.4000244140625,1766.0999755859375,1760.9000244140625,1765.0,13647.0,yahoo
BAJAJFINSV,5m,2026-09-25T11:15:00+05:30,1765.9000244140625,1772.0,1765.9000244140625,1767.9000244140625,8718.0,yahoo
BAJAJFINSV,5m,2026-09-25T11:20:00+05:30,1767.9000244140625,1769.699951171875,1767.5999755859375,1768.0999755859375,4759.0,yahoo
BAJAJFINSV,5m,2026-09-25T11:25:00+05:30,1769.0999755859375,1769.0999755859375,1763.5999755859375,1764.5,18175.0,yahoo
BAJAJFINSV,5m,2026-09-25T11:30:00+05:30,1764.9000244140625,1765.699951171875,1764.5,1765.0,4816.0,yahoo
BAJAJFINSV,5m,2026-09-25T11:35:00+05:30,1765.0,1766.0,1764.5,1765.0,5480.0,yahoo
BAJAJFINSV,5m,2026-09-25T11:40:00+05:30,1765.0,1765.800048828125,1764.5,1765.4000244140625,3963.0,yahoo
BAJAJFINSV,5m,2026-09-25T11:45:00+05:30,1765.0,1766.0,1764.5999755859375,1765.0,6789.0,yahoo
BAJAJFINSV,5m,2026-09-25T11:50:00+05:30,1765.5999755859375,1767.5,1764.699951171875,1764.699951171875,8829.0,yahoo
BAJAJFINSV,5m,2026-09-25T11:55:00+05:30,1764.9000244140625,1765.5,1763.5999755859375,1764.4000244140625,3204.0,yahoo
BAJAJFINSV,5m,2026-09-25T12:00:00+05:30,1763.800048828125,1765.5999755859375,1763.800048828125,1765.0,3045.0,yahoo
BAJAJFINSV,5m,2026-09-25T12:05:00+05:30,1764.5999755859375,1765.699951171875,1764.0999755859375,1765.0,3928.0,yahoo
BAJAJFINSV,5m,2026-09-25T12:10:00+05:30,1765.0,1765.0,1764.199951171875,1765.0,3194.0,yahoo
BAJAJFINSV,5m,2026-09-25T12:15:00+05:30,1765.0,1765.4000244140625,1764.699951171875,1765.0,3797.0,yahoo
BAJAJFINSV,5m,2026-09-25T12:20:00+05:30,1765.0,1769.800048828125,1764.300048828125,1768.699951171875,10304.0,yahoo
BAJAJFINSV,5m,2026-09-25T12:25:00+05:30,1769.4000244140625,1769.699951171875,1764.5,1765.0,30545.0,yahoo
BAJAJFINSV,5m,2026-09-25T12:30:00+05:30,1765.0,1767.5999755859375,1764.800048828125,1765.0,9870.0,yahoo
BAJAJFINSV,5m,2026-09-25T12:35:00+05:30,1765.5,1765.5,1764.0999755859375,1765.0,8924.0,yahoo
BAJAJFINSV,5m,2026-09-25T12:40:00+05:30,1765.0999755859375,1765.9000244140625,1764.5999755859375,1765.4000244140625,3179.0,yahoo
BAJAJFINSV,5m,2026-09-25T12:45:00+05:30,1765.4000244140625,1765.5999755859375,1764.4000244140625,1764.5999755859375,6546.0,yahoo
BAJAJFINSV,5m,2026-09-25T12:50:00+05:30,1763.9000244140625,1764.699951171875,1763.0,1764.300048828125,4565.0,yahoo
BAJAJFINSV,5m,2026-09-25T12:55:00+05:30,1764.5,1765.699951171875,1763.300048828125,1764.9000244140625,5905.0,yahoo
BAJAJFINSV,5m,2026-09-25T13:00:00+05:30,1765.5,1765.9000244140625,1764.699951171875,1764.699951171875,6188.0,yahoo
BAJAJFINSV,5m,2026-09-25T13:05:00+05:30,1765.4000244140625,1766.0,1764.800048828125,1764.9000244140625,4870.0,yahoo
BAJAJFINSV,5m,2026-09-25T13:10:00+05:30,1765.699951171875,1767.9000244140625,1764.9000244140625,1766.5,7024.0,yahoo
BAJAJFINSV,5m,2026-09-25T13:15:00+05:30,1765.699951171875,1767.300048828125,1765.0,1767.0,5801.0,yahoo
BAJAJFINSV,5m,2026-09-25T13:20:00+05:30,1766.4000244140625,1767.300048828125,1765.0999755859375,1765.0999755859375,6071.0,yahoo
BAJAJFINSV,5m,2026-09-25T13:25:00+05:30,1765.5,1766.9000244140625,1764.4000244140625,1764.699951171875,27135.0,yahoo
BAJAJFINSV,5m,2026-09-25T13:30:00+05:30,1765.0999755859375,1765.5,1764.0999755859375,1764.0999755859375,2838.0,yahoo
BAJAJFINSV,5m,2026-09-25T13:35:00+05:30,1763.800048828125,1765.9000244140625,1762.800048828125,1765.9000244140625,4899.0,yahoo
BAJAJFINSV,5m,2026-09-25T13:40:00+05:30,1764.9000244140625,1765.699951171875,1764.4000244140625,1765.0,4414.0,yahoo
BAJAJFINSV,5m,2026-09-25T13:45:00+05:30,1765.300048828125,1766.0,1764.5999755859375,1765.5999755859375,23742.0,yahoo
BAJAJFINSV,5m,2026-09-25T13:50:00+05:30,1765.5999755859375,1766.0,1764.699951171875,1765.0,4419.0,yahoo
BAJAJFINSV,5m,2026-09-25T13:55:00+05:30,1765.5999755859375,1766.199951171875,1764.800048828125,1765.0,14525.0,yahoo
BAJAJFINSV,5m,2026-09-25T14:00:00+05:30,1765.0,1773.0999755859375,1764.800048828125,1767.9000244140625,418905.0,yahoo
BAJAJFINSV,5m,2026-09-25T14:05:00+05:30,1767.9000244140625,1770.4000244140625,1766.0999755859375,1767.300048828125,25992.0,yahoo
BAJAJFINSV,5m,2026-09-25T14:10:00+05:30,1766.699951171875,1773.300048828125,1766.699951171875,1771.800048828125,35054.0,yahoo
BAJAJFINSV,5m,2026-09-25T14:15:00+05:30,1772.5,1772.800048828125,1769.9000244140625,1770.699951171875,22534.0,yahoo
BAJAJFINSV,5m,2026-09-25T14:20:00+05:30,1770.5999755859375,1771.9000244140625,1769.5999755859375,1769.800048828125,17012.0,yahoo
BAJAJFINSV,5m,2026-09-25T14:25:00+05:30,1770.0,1771.800048828125,1769.5,1770.0,22386.0,yahoo
BAJAJFINSV,5m,2026-09-25T14:30:00+05:30,1770.4000244140625,1770.699951171875,1769.5999755859375,1770.0,46262.0,yahoo
BAJAJFINSV,5m,2026-09-25T14:35:00+05:30,1770.4000244140625,1771.800048828125,1769.699951171875,1770.800048828125,33266.0,yahoo
BAJAJFINSV,5m,2026-09-25T14:40:00+05:30,1770.800048828125,1771.199951171875,1768.0,1768.0,11524.0,yahoo
BAJAJFINSV,5m,2026-09-25T14:45:00+05:30,1768.300048828125,1769.5999755859375,1767.5,1768.5,34571.0,yahoo
BAJAJFINSV,5m,2026-09-25T14:50:00+05:30,1768.5,1768.5999755859375,1766.199951171875,1767.5,33929.0,yahoo
BAJAJFINSV,5m,2026-09-25T14:55:00+05:30,1767.5,1767.5,1765.5999755859375,1766.300048828125,49511.0,yahoo
BAJAJFINSV,5m,2026-09-25T15:00:00+05:30,1767.4000244140625,1767.4000244140625,1764.699951171875,1765.800048828125,41182.0,yahoo
BAJAJFINSV,5m,2026-09-25T15:05:00+05:30,1765.0,1771.0,1764.800048828125,1769.5999755859375,68522.0,yahoo
BAJAJFINSV,5m,2026-09-25T15:10:00+05:30,1769.5999755859375,1770.199951171875,1769.0,1770.0,38833.0,yahoo
BAJAJFINSV,5m,2026-09-25T15:15:00+05:30,1770.0,1771.0,1770.0,1771.0,23150.0,yahoo
BAJFINANCE,5m,2026-09-25T09:15:00+05:30,982.9000244140625,987.9000244140625,981.4000244140625,987.2000122070312,0.0,yahoo
BAJFINANCE,5m,2026-09-25T09:20:00+05:30,986.7999877929688,989.2999877929688,986.7000122070312,988.7000122070312,145660.0,yahoo
BAJFINANCE,5m,2026-09-25T09:25:00+05:30,988.4000244140625,990.0,986.2999877929688,990.0,121941.0,yahoo
BAJFINANCE,5m,2026-09-25T09:30:00+05:30,990.4000244140625,991.5999755859375,988.7999877929688,988.9000244140625,88909.0,yahoo
BAJFINANCE,5m,2026-09-25T09:35:00+05:30,988.9000244140625,989.0,986.0999755859375,987.0999755859375,61015.0,yahoo
BAJFINANCE,5m,2026-09-25T09:40:00+05:30,987.0999755859375,987.7999877929688,985.2000122070312,986.5,139203.0,yahoo
BAJFINANCE,5m,2026-09-25T09:45:00+05:30,986.0999755859375,988.9000244140625,986.0999755859375,986.5,103910.0,yahoo
BAJFINANCE,5m,2026-09-25T09:50:00+05:30,986.9000244140625,987.4000244140625,985.4000244140625,986.7999877929688,91749.0,yahoo
BAJFINANCE,5m,2026-09-25T09:55:00+05:30,986.7999877929688,987.0999755859375,984.5999755859375,986.2999877929688,52789.0,yahoo
BAJFINANCE,5m,2026-09-25T10:00:00+05:30,986.2999877929688,987.5999755859375,985.4000244140625,987.2000122070312,37056.0,yahoo
BAJFINANCE,5m,2026-09-25T10:05:00+05:30,987.2000122070312,987.4000244140625,986.7000122070312,986.9000244140625,31554.0,yahoo
BAJFINANCE,5m,2026-09-25T10:10:00+05:30,987.0,987.0,985.5,986.0,37535.0,yahoo
BAJFINANCE,5m,2026-09-25T10:15:00+05:30,986.0999755859375,987.7000122070312,986.0,987.2000122070312,38755.0,yahoo
BAJFINANCE,5m,2026-09-25T10:20:00+05:30,987.2000122070312,987.7000122070312,985.4000244140625,985.4000244140625,33560.0,yahoo
BAJFINANCE,5m,2026-09-25T10:25:00+05:30,985.0,986.4000244140625,985.0,986.4000244140625,59050.0,yahoo
BAJFINANCE,5m,2026-09-25T10:30:00+05:30,986.4000244140625,986.5999755859375,985.0999755859375,985.5999755859375,23081.0,yahoo
BAJFINANCE,5m,2026-09-25T10:35:00+05:30,985.5999755859375,986.0,985.2999877929688,985.4000244140625,27298.0,yahoo
BAJFINANCE,5m,2026-09-25T10:40:00+05:30,985.5,986.2999877929688,984.5999755859375,985.7000122070312,26572.0,yahoo
BAJFINANCE,5m,2026-09-25T10:45:00+05:30,985.7000122070312,985.9000244140625,984.9000244140625,985.4000244140625,25281.0,yahoo
BAJFINANCE,5m,2026-09-25T10:50:00+05:30,985.4000244140625,986.2000122070312,985.2000122070312,986.2000122070312,25192.0,yahoo
BAJFINANCE,5m,2026-09-25T10:55:00+05:30,986.2000122070312,986.4000244140625,985.4000244140625,985.5,25489.0,yahoo
BAJFINANCE,5m,2026-09-25T11:00:00+05:30,985.5,986.7999877929688,985.2000122070312,986.2000122070312,27928.0,yahoo
BAJFINANCE,5m,2026-09-25T11:05:00+05:30,986.2000122070312,986.5,985.5999755859375,986.2000122070312,21713.0,yahoo
BAJFINANCE,5m,2026-09-25T11:10:00+05:30,986.4000244140625,986.4000244140625,985.2000122070312,985.4000244140625,50301.0,yahoo
BAJFINANCE,5m,2026-09-25T11:15:00+05:30,985.5999755859375,986.5,985.5,986.2999877929688,51293.0,yahoo
BAJFINANCE,5m,2026-09-25T11:20:00+05:30,986.5,986.5999755859375,985.7999877929688,986.0999755859375,20989.0,yahoo
BAJFINANCE,5m,2026-09-25T11:25:00+05:30,986.0,986.0,983.5,983.5,83594.0,yahoo
BAJFINANCE,5m,2026-09-25T11:30:00+05:30,983.2999877929688,986.5,982.9000244140625,985.9000244140625,74822.0,yahoo
BAJFINANCE,5m,2026-09-25T11:35:00+05:30,985.7999877929688,986.2000122070312,985.2999877929688,986.0999755859375,20742.0,yahoo
BAJFINANCE,5m,2026-09-25T11:40:00+05:30,986.2000122070312,986.2000122070312,985.2999877929688,985.4000244140625,22269.0,yahoo
BAJFINANCE,5m,2026-09-25T11:45:00+05:30,985.2000122070312,987.0,985.0999755859375,986.5,27267.0,yahoo
BAJFINANCE,5m,2026-09-25T11:50:00+05:30,986.5999755859375,988.5,986.5,986.7999877929688,31556.0,yahoo
BAJFINANCE,5m,2026-09-25T11:55:00+05:30,986.7999877929688,986.7999877929688,983.7999877929688,984.2999877929688,54319.0,yahoo
BAJFINANCE,5m,2026-09-25T12:00:00+05:30,984.7000122070312,985.7999877929688,984.2999877929688,985.4000244140625,37074.0,yahoo
BAJFINANCE,5m,2026-09-25T12:05:00+05:30,985.5999755859375,985.5999755859375,984.2999877929688,985.2999877929688,24821.0,yahoo
BAJFINANCE,5m,2026-09-25T12:10:00+05:30,985.4000244140625,987.0,985.0,986.5999755859375,131037.0,yahoo
BAJFINANCE,5m,2026-09-25T12:15:00+05:30,986.7000122070312,987.4000244140625,985.7000122070312,985.7000122070312,32630.0,yahoo
BAJFINANCE,5m,2026-09-25T12:20:00+05:30,985.7000122070312,986.5,984.2000122070312,986.2999877929688,32151.0,yahoo
BAJFINANCE,5m,2026-09-25T12:25:00+05:30,986.2999877929688,986.2999877929688,985.2999877929688,985.5999755859375,17302.0,yahoo
BAJFINANCE,5m,2026-09-25T12:30:00+05:30,985.5999755859375,986.0,985.4000244140625,985.5,22411.0,yahoo
BAJFINANCE,5m,2026-09-25T12:35:00+05:30,985.5,985.5,984.5,985.0999755859375,26270.0,yahoo
BAJFINANCE,5m,2026-09-25T12:40:00+05:30,985.2000122070312,985.2000122070312,984.0,984.5,51726.0,yahoo
BAJFINANCE,5m,2026-09-25T12:45:00+05:30,984.5,985.5,984.2999877929688,984.7000122070312,53811.0,yahoo
BAJFINANCE,5m,2026-09-25T12:50:00+05:30,984.2999877929688,985.2000122070312,984.0999755859375,985.0999755859375,21526.0,yahoo
BAJFINANCE,5m,2026-09-25T12:55:00+05:30,985.0999755859375,986.2999877929688,985.0,986.2999877929688,32636.0,yahoo
BAJFINANCE,5m,2026-09-25T13:00:00+05:30,986.2000122070312,987.0,986.0999755859375,986.4000244140625,29562.0,yahoo
BAJFINANCE,5m,2026-09-25T13:05:00+05:30,986.2999877929688,986.4000244140625,985.9000244140625,986.0,21271.0,yahoo
BAJFINANCE,5m,2026-09-25T13:10:00+05:30,986.2000122070312,987.2999877929688,986.0999755859375,987.0999755859375,26083.0,yahoo
BAJFINANCE,5m,2026-09-25T13:15:00+05:30,987.0999755859375,987.2999877929688,987.0,987.0,31460.0,yahoo
BAJFINANCE,5m,2026-09-25T13:20:00+05:30,987.0,987.0999755859375,984.2999877929688,984.2999877929688,76013.0,yahoo
BAJFINANCE,5m,2026-09-25T13:25:00+05:30,984.4000244140625,984.5999755859375,984.2000122070312,984.2999877929688,18025.0,yahoo
BAJFINANCE,5m,2026-09-25T13:30:00+05:30,984.2000122070312,985.0,983.7999877929688,984.0,50606.0,yahoo
BAJFINANCE,5m,2026-09-25T13:35:00+05:30,984.0,984.7999877929688,983.7999877929688,984.5,24123.0,yahoo
BAJFINANCE,5m,2026-09-25T13:40:00+05:30,984.5,985.5999755859375,984.5,985.0999755859375,62261.0,yahoo
BAJFINANCE,5m,2026-09-25T13:45:00+05:30,985.0999755859375,986.0,984.9000244140625,984.9000244140625,23195.0,yahoo
BAJFINANCE,5m,2026-09-25T13:50:00+05:30,985.0,986.5,984.7999877929688,986.2999877929688,29662.0,yahoo
BAJFINANCE,5m,2026-09-25T13:55:00+05:30,986.4000244140625,988.0,986.0,987.7999877929688,48966.0,yahoo
BAJFINANCE,5m,2026-09-25T14:00:00+05:30,987.7999877929688,994.7999877929688,987.7999877929688,994.4000244140625,120008.0,yahoo
BAJFINANCE,5m,2026-09-25T14:05:00+05:30,994.5,994.7000122070312,991.0999755859375,991.5,57677.0,yahoo
BAJFINANCE,5m,2026-09-25T14:10:00+05:30,991.4000244140625,992.9000244140625,991.4000244140625,992.0,36169.0,yahoo
BAJFINANCE,5m,2026-09-25T14:15:00+05:30,992.2999877929688,992.7000122070312,990.5,990.5999755859375,74929.0,yahoo
BAJFINANCE,5m,2026-09-25T14:20:00+05:30,990.5999755859375,991.0999755859375,989.7000122070312,991.0,64683.0,yahoo
BAJFINANCE,5m,2026-09-25T14:25:00+05:30,991.0999755859375,992.0999755859375,991.0,991.9000244140625,37188.0,yahoo
BAJFINANCE,5m,2026-09-25T14:30:00+05:30,991.7999877929688,992.7999877929688,991.5,992.2000122070312,49272.0,yahoo
BAJFINANCE,5m,2026-09-25T14:35:00+05:30,992.0999755859375,993.9000244140625,991.7999877929688,993.2000122070312,68809.0,yahoo
BAJFINANCE,5m,2026-09-25T14:40:00+05:30,993.4000244140625,993.7999877929688,992.5999755859375,993.7999877929688,107574.0,yahoo
BAJFINANCE,5m,2026-09-25T14:45:00+05:30,993.5999755859375,994.9000244140625,993.4000244140625,994.2000122070312,77781.0,yahoo
BAJFINANCE,5m,2026-09-25T14:50:00+05:30,994.0,995.0999755859375,993.7000122070312,995.0,179232.0,yahoo
BAJFINANCE,5m,2026-09-25T14:55:00+05:30,995.2000122070312,995.5,994.7999877929688,995.4000244140625,83639.0,yahoo
BAJFINANCE,5m,2026-09-25T15:00:00+05:30,995.4000244140625,995.4000244140625,994.5,994.5999755859375,364015.0,yahoo
BAJFINANCE,5m,2026-09-25T15:05:00+05:30,995.0,995.0999755859375,994.0999755859375,995.0,511344.0,yahoo
BAJFINANCE,5m,2026-09-25T15:10:00+05:30,995.2000122070312,997.2000122070312,995.0,997.0,644012.0,yahoo
BAJFINANCE,5m,2026-09-25T15:15:00+05:30,997.0,997.0,996.9000244140625,996.9000244140625,70501.0,yahoo
BANDHANBNK,5m,2026-09-25T09:15:00+05:30,183.50999450683594,185.35000610351562,183.50999450683594,183.72999572753906,0.0,yahoo
BANDHANBNK,5m,2026-09-25T09:20:00+05:30,183.60000610351562,183.7899932861328,183.17999267578125,183.5500030517578,178543.0,yahoo
BANDHANBNK,5m,2026-09-25T09:25:00+05:30,183.5,184.8800048828125,183.5,184.25999450683594,450198.0,yahoo
BANDHANBNK,5m,2026-09-25T09:30:00+05:30,184.3699951171875,184.50999450683594,183.77000427246094,183.94000244140625,188733.0,yahoo
BANDHANBNK,5m,2026-09-25T09:35:00+05:30,183.89999389648438,184.0399932861328,183.1999969482422,184.0399932861328,189701.0,yahoo
BANDHANBNK,5m,2026-09-25T09:40:00+05:30,184.0399932861328,184.24000549316406,183.49000549316406,183.5,192228.0,yahoo
BANDHANBNK,5m,2026-09-25T09:45:00+05:30,183.5,183.97000122070312,183.3300018310547,183.86000061035156,67754.0,yahoo
BANDHANBNK,5m,2026-09-25T09:50:00+05:30,183.89999389648438,186.1699981689453,183.86000061035156,184.63999938964844,743146.0,yahoo
BANDHANBNK,5m,2026-09-25T09:55:00+05:30,184.67999267578125,185.0,184.0800018310547,184.19000244140625,116336.0,yahoo
BANDHANBNK,5m,2026-09-25T10:00:00+05:30,184.22000122070312,184.22000122070312,183.75999450683594,184.0,104479.0,yahoo
BANDHANBNK,5m,2026-09-25T10:05:00+05:30,183.94000244140625,184.57000732421875,183.60000610351562,184.44000244140625,339638.0,yahoo
BANDHANBNK,5m,2026-09-25T10:10:00+05:30,184.49000549316406,184.5500030517578,184.10000610351562,184.32000732421875,92073.0,yahoo
BANDHANBNK,5m,2026-09-25T10:15:00+05:30,184.38999938964844,184.38999938964844,183.82000732421875,183.82000732421875,51445.0,yahoo
BANDHANBNK,5m,2026-09-25T10:20:00+05:30,183.85000610351562,184.0,183.72000122070312,183.77000427246094,61367.0,yahoo
BANDHANBNK,5m,2026-09-25T10:25:00+05:30,183.60000610351562,183.75,183.41000366210938,183.74000549316406,57072.0,yahoo
BANDHANBNK,5m,2026-09-25T10:30:00+05:30,183.8800048828125,184.19000244140625,183.58999633789062,183.58999633789062,33712.0,yahoo
BANDHANBNK,5m,2026-09-25T10:35:00+05:30,183.5800018310547,183.6300048828125,183.4199981689453,183.55999755859375,37880.0,yahoo
BANDHANBNK,5m,2026-09-25T10:40:00+05:30,183.47999572753906,183.72999572753906,183.39999389648438,183.44000244140625,28676.0,yahoo
BANDHANBNK,5m,2026-09-25T10:45:00+05:30,183.49000549316406,183.49000549316406,183.3000030517578,183.44000244140625,30775.0,yahoo
BANDHANBNK,5m,2026-09-25T10:50:00+05:30,183.44000244140625,183.6199951171875,183.39999389648438,183.58999633789062,36399.0,yahoo
BANDHANBNK,5m,2026-09-25T10:55:00+05:30,183.58999633789062,183.8800048828125,183.5500030517578,183.66000366210938,32751.0,yahoo
BANDHANBNK,5m,2026-09-25T11:00:00+05:30,183.66000366210938,183.85000610351562,183.64999389648438,183.6999969482422,18800.0,yahoo
BANDHANBNK,5m,2026-09-25T11:05:00+05:30,183.80999755859375,184.0,183.6999969482422,184.0,37330.0,yahoo
BANDHANBNK,5m,2026-09-25T11:10:00+05:30,184.0500030517578,184.16000366210938,183.88999938964844,183.97000122070312,45601.0,yahoo
BANDHANBNK,5m,2026-09-25T11:15:00+05:30,184.00999450683594,184.00999450683594,183.64999389648438,183.88999938964844,36233.0,yahoo
BANDHANBNK,5m,2026-09-25T11:20:00+05:30,183.88999938964844,183.88999938964844,183.64999389648438,183.75999450683594,15486.0,yahoo
BANDHANBNK,5m,2026-09-25T11:25:00+05:30,183.64999389648438,183.75,183.52000427246094,183.69000244140625,26650.0,yahoo
BANDHANBNK,5m,2026-09-25T11:30:00+05:30,183.75,184.07000732421875,183.66000366210938,183.67999267578125,61825.0,yahoo
BANDHANBNK,5m,2026-09-25T11:35:00+05:30,183.6999969482422,183.91000366210938,183.63999938964844,183.91000366210938,29173.0,yahoo
BANDHANBNK,5m,2026-09-25T11:40:00+05:30,183.91000366210938,183.91000366210938,183.72000122070312,183.72999572753906,12372.0,yahoo
BANDHANBNK,5m,2026-09-25T11:45:00+05:30,183.7100067138672,183.9600067138672,183.6999969482422,183.8699951171875,19770.0,yahoo
BANDHANBNK,5m,2026-09-25T11:50:00+05:30,183.8699951171875,183.9600067138672,183.60000610351562,183.6699981689453,18336.0,yahoo
BANDHANBNK,5m,2026-09-25T11:55:00+05:30,183.6300048828125,183.6699981689453,183.5,183.5,24206.0,yahoo
BANDHANBNK,5m,2026-09-25T12:00:00+05:30,183.52000427246094,183.52999877929688,183.35000610351562,183.4499969482422,36099.0,yahoo
BANDHANBNK,5m,2026-09-25T12:05:00+05:30,183.4499969482422,183.4499969482422,183.32000732421875,183.4499969482422,34159.0,yahoo
BANDHANBNK,5m,2026-09-25T12:10:00+05:30,183.38999938964844,183.4499969482422,183.30999755859375,183.30999755859375,16012.0,yahoo
BANDHANBNK,5m,2026-09-25T12:15:00+05:30,183.30999755859375,183.3699951171875,183.1999969482422,183.25,20205.0,yahoo
BANDHANBNK,5m,2026-09-25T12:20:00+05:30,183.25,183.32000732421875,183.1999969482422,183.27999877929688,12359.0,yahoo
BANDHANBNK,5m,2026-09-25T12:25:00+05:30,183.27999877929688,183.3300018310547,183.08999633789062,183.1699981689453,145549.0,yahoo
BANDHANBNK,5m,2026-09-25T12:30:00+05:30,183.2100067138672,184.2899932861328,183.1300048828125,184.25,69746.0,yahoo
BANDHANBNK,5m,2026-09-25T12:35:00+05:30,184.2899932861328,185.58999633789062,184.0399932861328,185.50999450683594,432367.0,yahoo
BANDHANBNK,5m,2026-09-25T12:40:00+05:30,185.4499969482422,185.5,184.16000366210938,184.64999389648438,376369.0,yahoo
BANDHANBNK,5m,2026-09-25T12:45:00+05:30,184.64999389648438,184.85000610351562,184.52999877929688,184.64999389648438,44707.0,yahoo
BANDHANBNK,5m,2026-09-25T12:50:00+05:30,184.66000366210938,184.66000366210938,184.14999389648438,184.1999969482422,132034.0,yahoo
BANDHANBNK,5m,2026-09-25T12:55:00+05:30,184.1300048828125,184.14999389648438,183.58999633789062,184.14999389648438,94349.0,yahoo
BANDHANBNK,5m,2026-09-25T13:00:00+05:30,184.1699981689453,184.47999572753906,184.1300048828125,184.1300048828125,55144.0,yahoo
BANDHANBNK,5m,2026-09-25T13:05:00+05:30,184.1999969482422,184.3800048828125,184.1300048828125,184.36000061035156,22926.0,yahoo
BANDHANBNK,5m,2026-09-25T13:10:00+05:30,184.36000061035156,184.44000244140625,184.1199951171875,184.14999389648438,66718.0,yahoo
BANDHANBNK,5m,2026-09-25T13:15:00+05:30,184.1699981689453,184.1699981689453,183.80999755859375,183.9199981689453,52245.0,yahoo
BANDHANBNK,5m,2026-09-25T13:20:00+05:30,183.86000061035156,184.02000427246094,183.85000610351562,183.8800048828125,30897.0,yahoo
BANDHANBNK,5m,2026-09-25T13:25:00+05:30,183.85000610351562,183.89999389648438,183.4600067138672,183.74000549316406,88735.0,yahoo
BANDHANBNK,5m,2026-09-25T13:30:00+05:30,183.74000549316406,183.77999877929688,183.60000610351562,183.69000244140625,38413.0,yahoo
BANDHANBNK,5m,2026-09-25T13:35:00+05:30,183.67999267578125,183.77999877929688,183.5,183.72999572753906,46232.0,yahoo
BANDHANBNK,5m,2026-09-25T13:40:00+05:30,183.72000122070312,183.86000061035156,183.5,183.5800018310547,38157.0,yahoo
BANDHANBNK,5m,2026-09-25T13:45:00+05:30,183.52000427246094,183.75,183.42999267578125,183.6300048828125,82590.0,yahoo
BANDHANBNK,5m,2026-09-25T13:50:00+05:30,183.7100067138672,184.4499969482422,183.6199951171875,184.38999938964844,135217.0,yahoo
BANDHANBNK,5m,2026-09-25T13:55:00+05:30,184.41000366210938,185.25,184.41000366210938,185.22999572753906,173298.0,yahoo
BANDHANBNK,5m,2026-09-25T14:00:00+05:30,185.22999572753906,186.14999389648438,185.22999572753906,185.92999267578125,424077.0,yahoo
BANDHANBNK,5m,2026-09-25T14:05:00+05:30,185.92999267578125,185.94000244140625,185.5,185.9199981689453,124403.0,yahoo
BANDHANBNK,5m,2026-09-25T14:10:00+05:30,185.9499969482422,186.02999877929688,185.72000122070312,185.75,150269.0,yahoo
BANDHANBNK,5m,2026-09-25T14:15:00+05:30,185.82000732421875,186.6999969482422,185.82000732421875,186.2899932861328,493256.0,yahoo
BANDHANBNK,5m,2026-09-25T14:20:00+05:30,186.27999877929688,186.77999877929688,186.25999450683594,186.3300018310547,126947.0,yahoo
BANDHANBNK,5m,2026-09-25T14:25:00+05:30,186.39999389648438,186.47999572753906,186.08999633789062,186.08999633789062,139758.0,yahoo
BANDHANBNK,5m,2026-09-25T14:30:00+05:30,186.1300048828125,186.7899932861328,186.1199951171875,186.5399932861328,162402.0,yahoo
BANDHANBNK,5m,2026-09-25T14:35:00+05:30,186.57000732421875,186.86000061035156,186.3300018310547,186.5,132320.0,yahoo
BANDHANBNK,5m,2026-09-25T14:40:00+05:30,186.5800018310547,186.5800018310547,186.27000427246094,186.4499969482422,132052.0,yahoo
BANDHANBNK,5m,2026-09-25T14:45:00+05:30,186.4499969482422,186.97999572753906,186.3000030517578,186.49000549316406,259146.0,yahoo
BANDHANBNK,5m,2026-09-25T14:50:00+05:30,186.5,186.63999938964844,186.24000549316406,186.42999267578125,125601.0,yahoo
BANDHANBNK,5m,2026-09-25T14:55:00+05:30,186.4600067138672,186.75,186.3300018310547,186.3300018310547,239652.0,yahoo
BANDHANBNK,5m,2026-09-25T15:00:00+05:30,186.42999267578125,186.57000732421875,186.27000427246094,186.44000244140625,235836.0,yahoo
BANDHANBNK,5m,2026-09-25T15:05:00+05:30,186.42999267578125,186.49000549316406,185.9199981689453,186.42999267578125,366101.0,yahoo
BANDHANBNK,5m,2026-09-25T15:10:00+05:30,186.4199981689453,188.07000732421875,186.25999450683594,188.0,974853.0,yahoo
BANDHANBNK,5m,2026-09-25T15:15:00+05:30,187.6999969482422,187.6999969482422,187.6999969482422,187.6999969482422,55909.0,yahoo
BANKBARODA,5m,2026-09-25T09:15:00+05:30,234.94000244140625,235.94000244140625,234.6999969482422,235.50999450683594,0.0,yahoo
BANKBARODA,5m,2026-09-25T09:20:00+05:30,235.32000732421875,235.4499969482422,235.0,235.14999389648438,52438.0,yahoo
BANKBARODA,5m,2026-09-25T09:25:00+05:30,235.14999389648438,235.5,235.1300048828125,235.42999267578125,42126.0,yahoo
BANKBARODA,5m,2026-09-25T09:30:00+05:30,235.4499969482422,235.58999633789062,235.3300018310547,235.4499969482422,77311.0,yahoo
BANKBARODA,5m,2026-09-25T09:35:00+05:30,235.47000122070312,235.47999572753906,234.7899932861328,234.8699951171875,75505.0,yahoo
BANKBARODA,5m,2026-09-25T09:40:00+05:30,234.8699951171875,235.61000061035156,234.8699951171875,235.2100067138672,85801.0,yahoo
BANKBARODA,5m,2026-09-25T09:45:00+05:30,235.25,235.5,235.02999877929688,235.02999877929688,20580.0,yahoo
BANKBARODA,5m,2026-09-25T09:50:00+05:30,235.17999267578125,235.36000061035156,234.72999572753906,234.97999572753906,29151.0,yahoo
BANKBARODA,5m,2026-09-25T09:55:00+05:30,234.9199981689453,235.10000610351562,234.86000061035156,235.10000610351562,29020.0,yahoo
BANKBARODA,5m,2026-09-25T10:00:00+05:30,235.05999755859375,235.33999633789062,235.0399932861328,235.33999633789062,26725.0,yahoo
BANKBARODA,5m,2026-09-25T10:05:00+05:30,235.3000030517578,235.41000366210938,235.0500030517578,235.35000610351562,25608.0,yahoo
BANKBARODA,5m,2026-09-25T10:10:00+05:30,235.38999938964844,235.60000610351562,235.3000030517578,235.50999450683594,42474.0,yahoo
BANKBARODA,5m,2026-09-25T10:15:00+05:30,235.57000732421875,235.77000427246094,235.33999633789062,235.44000244140625,27069.0,yahoo
BANKBARODA,5m,2026-09-25T10:20:00+05:30,235.44000244140625,235.5500030517578,235.30999755859375,235.41000366210938,22627.0,yahoo
BANKBARODA,5m,2026-09-25T10:25:00+05:30,235.41000366210938,235.5500030517578,235.27000427246094,235.47999572753906,8899.0,yahoo
BANKBARODA,5m,2026-09-25T10:30:00+05:30,235.4199981689453,235.75,235.3300018310547,235.58999633789062,78801.0,yahoo
BANKBARODA,5m,2026-09-25T10:35:00+05:30,235.5500030517578,235.77999877929688,235.4600067138672,235.75999450683594,38698.0,yahoo
BANKBARODA,5m,2026-09-25T10:40:00+05:30,235.69000244140625,235.75,235.5,235.52000427246094,10514.0,yahoo
BANKBARODA,5m,2026-09-25T10:45:00+05:30,235.49000549316406,235.49000549316406,235.25,235.2899932861328,15893.0,yahoo
BANKBARODA,5m,2026-09-25T10:50:00+05:30,235.25,235.2899932861328,235.0,235.10000610351562,25775.0,yahoo
BANKBARODA,5m,2026-09-25T10:55:00+05:30,235.0500030517578,235.10000610351562,235.0,235.10000610351562,8913.0,yahoo
BANKBARODA,5m,2026-09-25T11:00:00+05:30,235.1199951171875,235.33999633789062,235.05999755859375,235.2100067138672,37088.0,yahoo
BANKBARODA,5m,2026-09-25T11:05:00+05:30,235.14999389648438,235.4499969482422,235.14999389648438,235.38999938964844,6604.0,yahoo
BANKBARODA,5m,2026-09-25T11:10:00+05:30,235.38999938964844,235.44000244140625,235.1999969482422,235.1999969482422,8563.0,yahoo
BANKBARODA,5m,2026-09-25T11:15:00+05:30,235.27999877929688,235.3000030517578,235.0399932861328,235.1300048828125,10984.0,yahoo
BANKBARODA,5m,2026-09-25T11:20:00+05:30,235.11000061035156,235.1699981689453,234.8699951171875,234.91000366210938,16113.0,yahoo
BANKBARODA,5m,2026-09-25T11:25:00+05:30,234.8699951171875,235.08999633789062,234.8000030517578,235.08999633789062,18924.0,yahoo
BANKBARODA,5m,2026-09-25T11:30:00+05:30,235.10000610351562,235.25,235.05999755859375,235.1300048828125,18217.0,yahoo
BANKBARODA,5m,2026-09-25T11:35:00+05:30,235.07000732421875,235.17999267578125,235.02999877929688,235.10000610351562,10431.0,yahoo
BANKBARODA,5m,2026-09-25T11:40:00+05:30,235.0500030517578,235.10000610351562,234.75999450683594,234.89999389648438,10847.0,yahoo
BANKBARODA,5m,2026-09-25T11:45:00+05:30,234.89999389648438,235.0,234.83999633789062,234.94000244140625,23350.0,yahoo
BANKBARODA,5m,2026-09-25T11:50:00+05:30,234.8800048828125,235.0,234.8300018310547,234.97000122070312,18467.0,yahoo
BANKBARODA,5m,2026-09-25T11:55:00+05:30,234.92999267578125,234.99000549316406,234.86000061035156,234.92999267578125,7355.0,yahoo
BANKBARODA,5m,2026-09-25T12:00:00+05:30,234.92999267578125,234.92999267578125,234.6699981689453,234.72999572753906,35294.0,yahoo
BANKBARODA,5m,2026-09-25T12:05:00+05:30,234.6999969482422,234.85000610351562,234.6999969482422,234.85000610351562,15280.0,yahoo
BANKBARODA,5m,2026-09-25T12:10:00+05:30,234.85000610351562,234.85000610351562,234.58999633789062,234.58999633789062,41428.0,yahoo
BANKBARODA,5m,2026-09-25T12:15:00+05:30,234.64999389648438,235.10000610351562,234.57000732421875,234.97000122070312,71049.0,yahoo
BANKBARODA,5m,2026-09-25T12:20:00+05:30,235.05999755859375,235.07000732421875,234.89999389648438,234.9600067138672,17137.0,yahoo
BANKBARODA,5m,2026-09-25T12:25:00+05:30,234.89999389648438,235.0399932861328,234.89999389648438,235.0,14143.0,yahoo
BANKBARODA,5m,2026-09-25T12:30:00+05:30,235.0,235.16000366210938,235.0,235.0500030517578,9277.0,yahoo
BANKBARODA,5m,2026-09-25T12:35:00+05:30,235.0500030517578,235.1999969482422,235.0,235.07000732421875,13840.0,yahoo
BANKBARODA,5m,2026-09-25T12:40:00+05:30,235.07000732421875,235.16000366210938,235.0500030517578,235.10000610351562,4838.0,yahoo
BANKBARODA,5m,2026-09-25T12:45:00+05:30,235.10000610351562,235.17999267578125,235.02000427246094,235.08999633789062,22629.0,yahoo
BANKBARODA,5m,2026-09-25T12:50:00+05:30,235.0399932861328,235.0800018310547,234.92999267578125,235.0,52960.0,yahoo
BANKBARODA,5m,2026-09-25T12:55:00+05:30,234.9600067138672,235.1300048828125,234.89999389648438,235.11000061035156,15597.0,yahoo
BANKBARODA,5m,2026-09-25T13:00:00+05:30,235.14999389648438,235.24000549316406,234.82000732421875,235.07000732421875,46878.0,yahoo
BANKBARODA,5m,2026-09-25T13:05:00+05:30,235.02000427246094,235.0800018310547,234.88999938964844,235.07000732421875,46006.0,yahoo
BANKBARODA,5m,2026-09-25T13:10:00+05:30,235.02000427246094,235.1999969482422,235.0,235.0,37126.0,yahoo
BANKBARODA,5m,2026-09-25T13:15:00+05:30,234.99000549316406,235.0399932861328,234.8000030517578,234.89999389648438,55516.0,yahoo
BANKBARODA,5m,2026-09-25T13:20:00+05:30,234.89999389648438,235.0,234.74000549316406,234.8300018310547,25223.0,yahoo
BANKBARODA,5m,2026-09-25T13:25:00+05:30,234.80999755859375,234.8699951171875,234.61000061035156,234.8000030517578,29743.0,yahoo
BANKBARODA,5m,2026-09-25T13:30:00+05:30,234.8000030517578,234.83999633789062,234.66000366210938,234.77999877929688,16368.0,yahoo
BANKBARODA,5m,2026-09-25T13:35:00+05:30,234.75,234.75,234.1199951171875,234.27000427246094,48673.0,yahoo
BANKBARODA,5m,2026-09-25T13:40:00+05:30,234.2100067138672,234.57000732421875,234.2100067138672,234.3000030517578,34416.0,yahoo
BANKBARODA,5m,2026-09-25T13:45:00+05:30,234.3699951171875,234.6999969482422,234.3000030517578,234.4600067138672,23417.0,yahoo
BANKBARODA,5m,2026-09-25T13:50:00+05:30,234.4600067138672,234.6199951171875,234.42999267578125,234.61000061035156,20295.0,yahoo
BANKBARODA,5m,2026-09-25T13:55:00+05:30,234.5500030517578,234.83999633789062,234.52000427246094,234.8000030517578,18471.0,yahoo
BANKBARODA,5m,2026-09-25T14:00:00+05:30,234.8699951171875,235.52000427246094,234.86000061035156,235.42999267578125,49047.0,yahoo
BANKBARODA,5m,2026-09-25T14:05:00+05:30,235.3800048828125,235.3800048828125,234.85000610351562,234.99000549316406,60539.0,yahoo
BANKBARODA,5m,2026-09-25T14:10:00+05:30,234.99000549316406,235.08999633789062,234.8000030517578,234.99000549316406,17912.0,yahoo
BANKBARODA,5m,2026-09-25T14:15:00+05:30,234.99000549316406,235.33999633789062,234.99000549316406,235.2100067138672,24429.0,yahoo
BANKBARODA,5m,2026-09-25T14:20:00+05:30,235.22000122070312,235.3699951171875,235.16000366210938,235.1699981689453,16142.0,yahoo
BANKBARODA,5m,2026-09-25T14:25:00+05:30,235.1999969482422,235.27999877929688,235.0,235.24000549316406,40026.0,yahoo
BANKBARODA,5m,2026-09-25T14:30:00+05:30,235.22999572753906,235.39999389648438,235.1999969482422,235.36000061035156,21319.0,yahoo
BANKBARODA,5m,2026-09-25T14:35:00+05:30,235.33999633789062,235.38999938964844,235.27999877929688,235.3300018310547,10838.0,yahoo
BANKBARODA,5m,2026-09-25T14:40:00+05:30,235.27000427246094,235.32000732421875,235.17999267578125,235.24000549316406,19337.0,yahoo
BANKBARODA,5m,2026-09-25T14:45:00+05:30,235.24000549316406,235.27999877929688,235.0800018310547,235.19000244140625,58264.0,yahoo
BANKBARODA,5m,2026-09-25T14:50:00+05:30,235.1699981689453,235.25,235.02000427246094,235.25,38661.0,yahoo
BANKBARODA,5m,2026-09-25T14:55:00+05:30,235.24000549316406,235.3000030517578,235.13999938964844,235.27999877929688,32739.0,yahoo
BANKBARODA,5m,2026-09-25T15:00:00+05:30,235.24000549316406,235.24000549316406,235.0,235.05999755859375,66513.0,yahoo
BANKBARODA,5m,2026-09-25T15:05:00+05:30,235.0800018310547,235.1699981689453,234.9499969482422,235.1699981689453,148844.0,yahoo
BANKBARODA,5m,2026-09-25T15:10:00+05:30,235.07000732421875,235.39999389648438,234.75,235.25999450683594,132356.0,yahoo
BANKINDIA,5m,2026-09-25T09:15:00+05:30,137.80999755859375,138.3000030517578,137.3699951171875,137.60000610351562,0.0,yahoo
BANKINDIA,5m,2026-09-25T09:20:00+05:30,137.58999633789062,137.60000610351562,137.14999389648438,137.35000610351562,58494.0,yahoo
BANKINDIA,5m,2026-09-25T09:25:00+05:30,137.35000610351562,137.55999755859375,137.32000732421875,137.50999450683594,25448.0,yahoo
BANKINDIA,5m,2026-09-25T09:30:00+05:30,137.52999877929688,137.58999633789062,137.38999938964844,137.44000244140625,27818.0,yahoo
BANKINDIA,5m,2026-09-25T09:35:00+05:30,137.4600067138672,137.5399932861328,137.17999267578125,137.3000030517578,38308.0,yahoo
BANKINDIA,5m,2026-09-25T09:40:00+05:30,137.24000549316406,138.3000030517578,137.24000549316406,137.92999267578125,121401.0,yahoo
BANKINDIA,5m,2026-09-25T09:45:00+05:30,137.92999267578125,138.07000732421875,137.8000030517578,137.88999938964844,25443.0,yahoo
BANKINDIA,5m,2026-09-25T09:50:00+05:30,137.89999389648438,137.89999389648438,137.6199951171875,137.64999389648438,42318.0,yahoo
BANKINDIA,5m,2026-09-25T09:55:00+05:30,137.64999389648438,137.6999969482422,137.5399932861328,137.6999969482422,25570.0,yahoo
BANKINDIA,5m,2026-09-25T10:00:00+05:30,137.75,137.91000366210938,137.69000244140625,137.89999389648438,9044.0,yahoo
BANKINDIA,5m,2026-09-25T10:05:00+05:30,137.89999389648438,138.14999389648438,137.8300018310547,138.08999633789062,33804.0,yahoo
BANKINDIA,5m,2026-09-25T10:10:00+05:30,138.10000610351562,138.14999389648438,137.97999572753906,138.07000732421875,38005.0,yahoo
BANKINDIA,5m,2026-09-25T10:15:00+05:30,138.14999389648438,138.1999969482422,137.9600067138672,137.9600067138672,13581.0,yahoo
BANKINDIA,5m,2026-09-25T10:20:00+05:30,137.99000549316406,138.0500030517578,137.8699951171875,138.0,6260.0,yahoo
BANKINDIA,5m,2026-09-25T10:25:00+05:30,138.0,138.0,137.8000030517578,137.82000732421875,6798.0,yahoo
BANKINDIA,5m,2026-09-25T10:30:00+05:30,137.82000732421875,137.97000122070312,137.7899932861328,137.7899932861328,7170.0,yahoo
BANKINDIA,5m,2026-09-25T10:35:00+05:30,137.7100067138672,137.77999877929688,137.6999969482422,137.72000122070312,6231.0,yahoo
BANKINDIA,5m,2026-09-25T10:40:00+05:30,137.75999450683594,137.75999450683594,137.63999938964844,137.6999969482422,12550.0,yahoo
BANKINDIA,5m,2026-09-25T10:45:00+05:30,137.67999267578125,137.6999969482422,137.57000732421875,137.61000061035156,27445.0,yahoo
BANKINDIA,5m,2026-09-25T10:50:00+05:30,137.61000061035156,137.6999969482422,137.61000061035156,137.6999969482422,6256.0,yahoo
BANKINDIA,5m,2026-09-25T10:55:00+05:30,137.6999969482422,137.75,137.66000366210938,137.72000122070312,6562.0,yahoo
BANKINDIA,5m,2026-09-25T11:00:00+05:30,137.72000122070312,137.89999389648438,137.6999969482422,137.8699951171875,9969.0,yahoo
BANKINDIA,5m,2026-09-25T11:05:00+05:30,137.8699951171875,137.97999572753906,137.74000549316406,137.9499969482422,16182.0,yahoo
BANKINDIA,5m,2026-09-25T11:10:00+05:30,137.9499969482422,137.9499969482422,137.80999755859375,137.88999938964844,3940.0,yahoo
BANKINDIA,5m,2026-09-25T11:15:00+05:30,137.88999938964844,137.89999389648438,137.72000122070312,137.75,8351.0,yahoo
BANKINDIA,5m,2026-09-25T11:20:00+05:30,137.75,137.75,137.60000610351562,137.66000366210938,15831.0,yahoo
BANKINDIA,5m,2026-09-25T11:25:00+05:30,137.55999755859375,137.6199951171875,137.3800048828125,137.58999633789062,18694.0,yahoo
BANKINDIA,5m,2026-09-25T11:30:00+05:30,137.64999389648438,137.75,137.5500030517578,137.66000366210938,13812.0,yahoo
BANKINDIA,5m,2026-09-25T11:35:00+05:30,137.66000366210938,137.69000244140625,137.61000061035156,137.66000366210938,2575.0,yahoo
BANKINDIA,5m,2026-09-25T11:40:00+05:30,137.66000366210938,137.66000366210938,137.4600067138672,137.5500030517578,10651.0,yahoo
BANKINDIA,5m,2026-09-25T11:45:00+05:30,137.5500030517578,137.60000610351562,137.5,137.60000610351562,3682.0,yahoo
BANKINDIA,5m,2026-09-25T11:50:00+05:30,137.5500030517578,137.60000610351562,137.5500030517578,137.60000610351562,3464.0,yahoo
BANKINDIA,5m,2026-09-25T11:55:00+05:30,137.60000610351562,137.60000610351562,137.5,137.5500030517578,6399.0,yahoo
BANKINDIA,5m,2026-09-25T12:00:00+05:30,137.5500030517578,137.5500030517578,137.39999389648438,137.47999572753906,4102.0,yahoo
BANKINDIA,5m,2026-09-25T12:05:00+05:30,137.49000549316406,137.60000610351562,137.49000549316406,137.60000610351562,9310.0,yahoo
BANKINDIA,5m,2026-09-25T12:10:00+05:30,137.5800018310547,137.67999267578125,137.5,137.60000610351562,12856.0,yahoo
BANKINDIA,5m,2026-09-25T12:15:00+05:30,137.60000610351562,137.60000610351562,137.5,137.52999877929688,1572.0,yahoo
BANKINDIA,5m,2026-09-25T12:20:00+05:30,137.52999877929688,137.5500030517578,137.4499969482422,137.5,5335.0,yahoo
BANKINDIA,5m,2026-09-25T12:25:00+05:30,137.4600067138672,137.52000427246094,137.42999267578125,137.52000427246094,13967.0,yahoo
BANKINDIA,5m,2026-09-25T12:30:00+05:30,137.5,137.5500030517578,137.4600067138672,137.47999572753906,2362.0,yahoo
BANKINDIA,5m,2026-09-25T12:35:00+05:30,137.4600067138672,137.4600067138672,137.38999938964844,137.42999267578125,18200.0,yahoo
BANKINDIA,5m,2026-09-25T12:40:00+05:30,137.39999389648438,137.42999267578125,137.3300018310547,137.35000610351562,21744.0,yahoo
BANKINDIA,5m,2026-09-25T12:45:00+05:30,137.3300018310547,137.35000610351562,137.3000030517578,137.30999755859375,13910.0,yahoo
BANKINDIA,5m,2026-09-25T12:50:00+05:30,137.30999755859375,137.32000732421875,137.25,137.3000030517578,13002.0,yahoo
BANKINDIA,5m,2026-09-25T12:55:00+05:30,137.3000030517578,137.39999389648438,137.27000427246094,137.38999938964844,3002.0,yahoo
BANKINDIA,5m,2026-09-25T13:00:00+05:30,137.41000366210938,137.4600067138672,137.35000610351562,137.39999389648438,3238.0,yahoo
BANKINDIA,5m,2026-09-25T13:05:00+05:30,137.36000061035156,137.39999389648438,137.30999755859375,137.30999755859375,9738.0,yahoo
BANKINDIA,5m,2026-09-25T13:10:00+05:30,137.35000610351562,137.35000610351562,137.22000122070312,137.25999450683594,49855.0,yahoo
BANKINDIA,5m,2026-09-25T13:15:00+05:30,137.27000427246094,137.3000030517578,137.2100067138672,137.3000030517578,8777.0,yahoo
BANKINDIA,5m,2026-09-25T13:20:00+05:30,137.3000030517578,137.4199981689453,137.22999572753906,137.27000427246094,83673.0,yahoo
BANKINDIA,5m,2026-09-25T13:25:00+05:30,137.22999572753906,137.27000427246094,137.1699981689453,137.22999572753906,4928.0,yahoo
BANKINDIA,5m,2026-09-25T13:30:00+05:30,137.22999572753906,137.2899932861328,137.22999572753906,137.27999877929688,3159.0,yahoo
BANKINDIA,5m,2026-09-25T13:35:00+05:30,137.27999877929688,137.27999877929688,137.1199951171875,137.14999389648438,34349.0,yahoo
BANKINDIA,5m,2026-09-25T13:40:00+05:30,137.14999389648438,137.22000122070312,137.1300048828125,137.22000122070312,6623.0,yahoo
BANKINDIA,5m,2026-09-25T13:45:00+05:30,137.22000122070312,137.27000427246094,137.1699981689453,137.24000549316406,1670.0,yahoo
BANKINDIA,5m,2026-09-25T13:50:00+05:30,137.24000549316406,137.25,137.14999389648438,137.22999572753906,3678.0,yahoo
BANKINDIA,5m,2026-09-25T13:55:00+05:30,137.22999572753906,137.5,137.22999572753906,137.49000549316406,20359.0,yahoo
BANKINDIA,5m,2026-09-25T14:00:00+05:30,137.49000549316406,137.85000610351562,137.49000549316406,137.8000030517578,30935.0,yahoo
BANKINDIA,5m,2026-09-25T14:05:00+05:30,137.82000732421875,137.83999633789062,137.5,137.5800018310547,27264.0,yahoo
BANKINDIA,5m,2026-09-25T14:10:00+05:30,137.5800018310547,137.60000610351562,137.50999450683594,137.60000610351562,3391.0,yahoo
BANKINDIA,5m,2026-09-25T14:15:00+05:30,137.55999755859375,137.72999572753906,137.55999755859375,137.66000366210938,11881.0,yahoo
BANKINDIA,5m,2026-09-25T14:20:00+05:30,137.64999389648438,137.72999572753906,137.58999633789062,137.6300048828125,9452.0,yahoo
BANKINDIA,5m,2026-09-25T14:25:00+05:30,137.61000061035156,137.72000122070312,137.55999755859375,137.5800018310547,7151.0,yahoo
BANKINDIA,5m,2026-09-25T14:30:00+05:30,137.61000061035156,137.6699981689453,137.57000732421875,137.6199951171875,13618.0,yahoo
BANKINDIA,5m,2026-09-25T14:35:00+05:30,137.66000366210938,137.74000549316406,137.6199951171875,137.6699981689453,10683.0,yahoo
BANKINDIA,5m,2026-09-25T14:40:00+05:30,137.69000244140625,137.7100067138672,137.5500030517578,137.6300048828125,22661.0,yahoo
BANKINDIA,5m,2026-09-25T14:45:00+05:30,137.58999633789062,137.6699981689453,137.5500030517578,137.58999633789062,27587.0,yahoo
BANKINDIA,5m,2026-09-25T14:50:00+05:30,137.6300048828125,137.6300048828125,137.5399932861328,137.60000610351562,18109.0,yahoo
BANKINDIA,5m,2026-09-25T14:55:00+05:30,137.61000061035156,137.6300048828125,137.5500030517578,137.60000610351562,10768.0,yahoo
BANKINDIA,5m,2026-09-25T15:00:00+05:30,137.5800018310547,137.60000610351562,137.52999877929688,137.58999633789062,17726.0,yahoo
BANKINDIA,5m,2026-09-25T15:05:00+05:30,137.58999633789062,137.60000610351562,137.36000061035156,137.36000061035156,57354.0,yahoo
BANKINDIA,5m,2026-09-25T15:10:00+05:30,137.36000061035156,137.6300048828125,137.3000030517578,137.6300048828125,105833.0,yahoo
BANKINDIA,5m,2026-09-25T15:15:00+05:30,137.60000610351562,137.94000244140625,137.60000610351562,137.94000244140625,71715.0,yahoo
BANKNIFTY,5m,2026-09-25T09:15:00+05:30,55373.75,55645.19921875,55373.75,55578.3984375,0.0,yahoo
BANKNIFTY,5m,2026-09-25T09:20:00+05:30,55578.3984375,55604.3984375,55528.55078125,55559.1015625,0.0,yahoo
BANKNIFTY,5m,2026-09-25T09:25:00+05:30,55561.8515625,55619.5,55552.80078125,55599.5,0.0,yahoo
BANKNIFTY,5m,2026-09-25T09:30:00+05:30,55597.44921875,55610.6015625,55543.25,55572.6015625,0.0,yahoo
BANKNIFTY,5m,2026-09-25T09:35:00+05:30,55575.8515625,55579.69921875,55473.30078125,55476.80078125,0.0,yahoo
BANKNIFTY,5m,2026-09-25T09:40:00+05:30,55477.05078125,55494.69921875,55404.05078125,55436.3515625,0.0,yahoo
BANKNIFTY,5m,2026-09-25T09:45:00+05:30,55437.75,55480.5,55428.3515625,55433.75,0.0,yahoo
BANKNIFTY,5m,2026-09-25T09:50:00+05:30,55433.3515625,55459.44921875,55400.80078125,55439.1015625,0.0,yahoo
BANKNIFTY,5m,2026-09-25T09:55:00+05:30,55439.0,55460.8984375,55412.30078125,55456.5,0.0,yahoo
BANKNIFTY,5m,2026-09-25T10:00:00+05:30,55456.8984375,55517.8984375,55448.30078125,55512.8984375,0.0,yahoo
BANKNIFTY,5m,2026-09-25T10:05:00+05:30,55511.75,55625.5,55497.55078125,55616.55078125,0.0,yahoo
BANKNIFTY,5m,2026-09-25T10:10:00+05:30,55621.44921875,55653.0,55576.44921875,55591.44921875,0.0,yahoo
BANKNIFTY,5m,2026-09-25T10:15:00+05:30,55591.44921875,55610.30078125,55565.55078125,55574.8984375,0.0,yahoo
BANKNIFTY,5m,2026-09-25T10:20:00+05:30,55574.8984375,55595.6015625,55541.30078125,55541.30078125,0.0,yahoo
BANKNIFTY,5m,2026-09-25T10:25:00+05:30,55541.19921875,55564.8515625,55509.69921875,55542.55078125,0.0,yahoo
BANKNIFTY,5m,2026-09-25T10:30:00+05:30,55537.1484375,55576.6015625,55504.1015625,55504.1015625,0.0,yahoo
BANKNIFTY,5m,2026-09-25T10:35:00+05:30,55508.0,55539.8984375,55486.1484375,55527.25,0.0,yahoo
BANKNIFTY,5m,2026-09-25T10:40:00+05:30,55526.6015625,55539.8984375,55502.8984375,55508.1015625,0.0,yahoo
BANKNIFTY,5m,2026-09-25T10:45:00+05:30,55509.44921875,55511.1015625,55475.25,55504.1484375,0.0,yahoo
BANKNIFTY,5m,2026-09-25T10:50:00+05:30,55504.19921875,55517.94921875,55491.19921875,55509.1484375,0.0,yahoo
BANKNIFTY,5m,2026-09-25T10:55:00+05:30,55512.25,55531.6015625,55503.8515625,55521.1015625,0.0,yahoo
BANKNIFTY,5m,2026-09-25T11:00:00+05:30,55522.44921875,55585.55078125,55514.25,55567.44921875,0.0,yahoo
BANKNIFTY,5m,2026-09-25T11:05:00+05:30,55568.55078125,55614.75,55567.6484375,55604.3515625,0.0,yahoo
BANKNIFTY,5m,2026-09-25T11:10:00+05:30,55603.75,55622.3515625,55582.8984375,55606.3515625,0.0,yahoo
BANKNIFTY,5m,2026-09-25T11:15:00+05:30,55607.80078125,55629.8984375,55592.69921875,55612.1484375,0.0,yahoo
BANKNIFTY,5m,2026-09-25T11:20:00+05:30,55613.94921875,55639.0,55581.94921875,55582.3984375,0.0,yahoo
BANKNIFTY,5m,2026-09-25T11:25:00+05:30,55581.3984375,55585.55078125,55557.1015625,55581.25,0.0,yahoo
BANKNIFTY,5m,2026-09-25T11:30:00+05:30,55582.8515625,55612.6015625,55571.8515625,55593.0,0.0,yahoo
BANKNIFTY,5m,2026-09-25T11:35:00+05:30,55592.55078125,55609.6484375,55574.25,55607.94921875,0.0,yahoo
BANKNIFTY,5m,2026-09-25T11:40:00+05:30,55609.3984375,55617.30078125,55588.55078125,55604.8984375,0.0,yahoo
BANKNIFTY,5m,2026-09-25T11:45:00+05:30,55603.30078125,55615.75,55590.8984375,55601.6015625,0.0,yahoo
BANKNIFTY,5m,2026-09-25T11:50:00+05:30,55600.94921875,55618.30078125,55596.6015625,55614.05078125,0.0,yahoo
BANKNIFTY,5m,2026-09-25T11:55:00+05:30,55615.8515625,55621.30078125,55594.25,55603.8984375,0.0,yahoo
BANKNIFTY,5m,2026-09-25T12:00:00+05:30,55603.1015625,55612.1015625,55547.1015625,55572.3515625,0.0,yahoo
BANKNIFTY,5m,2026-09-25T12:05:00+05:30,55568.8984375,55597.8515625,55552.6484375,55595.30078125,0.0,yahoo
BANKNIFTY,5m,2026-09-25T12:10:00+05:30,55597.19921875,55615.94921875,55579.75,55594.0,0.0,yahoo
BANKNIFTY,5m,2026-09-25T12:15:00+05:30,55594.6484375,55604.8515625,55575.8984375,55584.44921875,0.0,yahoo
BANKNIFTY,5m,2026-09-25T12:20:00+05:30,55583.6015625,55585.69921875,55554.80078125,55559.69921875,0.0,yahoo
BANKNIFTY,5m,2026-09-25T12:25:00+05:30,55563.1484375,55580.6484375,55549.1484375,55570.8984375,0.0,yahoo
BANKNIFTY,5m,2026-09-25T12:30:00+05:30,55577.19921875,55609.6015625,55568.1015625,55579.6484375,0.0,yahoo
BANKNIFTY,5m,2026-09-25T12:35:00+05:30,55579.05078125,55587.05078125,55543.25,55575.5,0.0,yahoo
BANKNIFTY,5m,2026-09-25T12:40:00+05:30,55579.25,55581.0,55531.6484375,55539.8515625,0.0,yahoo
BANKNIFTY,5m,2026-09-25T12:45:00+05:30,55539.44921875,55549.19921875,55512.94921875,55516.3515625,0.0,yahoo
BANKNIFTY,5m,2026-09-25T12:50:00+05:30,55516.8515625,55518.55078125,55476.75,55481.75,0.0,yahoo
BANKNIFTY,5m,2026-09-25T12:55:00+05:30,55482.8515625,55500.69921875,55424.30078125,55496.44921875,0.0,yahoo
BANKNIFTY,5m,2026-09-25T13:00:00+05:30,55496.05078125,55527.19921875,55488.30078125,55492.8515625,0.0,yahoo
BANKNIFTY,5m,2026-09-25T13:05:00+05:30,55494.3984375,55531.3984375,55486.6484375,55531.3984375,0.0,yahoo
BANKNIFTY,5m,2026-09-25T13:10:00+05:30,55529.69921875,55546.94921875,55510.44921875,55519.25,0.0,yahoo
BANKNIFTY,5m,2026-09-25T13:15:00+05:30,55514.94921875,55527.05078125,55499.05078125,55511.6484375,0.0,yahoo
BANKNIFTY,5m,2026-09-25T13:20:00+05:30,55512.94921875,55522.3984375,55490.1484375,55501.3515625,0.0,yahoo
BANKNIFTY,5m,2026-09-25T13:25:00+05:30,55503.30078125,55526.6015625,55494.8515625,55508.0,0.0,yahoo
BANKNIFTY,5m,2026-09-25T13:30:00+05:30,55510.3984375,55515.3515625,55462.30078125,55468.8984375,0.0,yahoo
BANKNIFTY,5m,2026-09-25T13:35:00+05:30,55467.1015625,55485.5,55449.6015625,55462.44921875,0.0,yahoo
BANKNIFTY,5m,2026-09-25T13:40:00+05:30,55466.30078125,55508.6484375,55461.1015625,55492.80078125,0.0,yahoo
BANKNIFTY,5m,2026-09-25T13:45:00+05:30,55489.3984375,55534.3515625,55484.3984375,55505.80078125,0.0,yahoo
BANKNIFTY,5m,2026-09-25T13:50:00+05:30,55505.80078125,55509.05078125,55487.0,55503.8515625,0.0,yahoo
BANKNIFTY,5m,2026-09-25T13:55:00+05:30,55504.55078125,55542.69921875,55492.75,55542.1015625,0.0,yahoo
BANKNIFTY,5m,2026-09-25T14:00:00+05:30,55543.44921875,55762.30078125,55541.1015625,55707.6015625,0.0,yahoo
BANKNIFTY,5m,2026-09-25T14:05:00+05:30,55709.75,55721.19921875,55608.3515625,55618.19921875,0.0,yahoo
BANKNIFTY,5m,2026-09-25T14:10:00+05:30,55621.80078125,55671.55078125,55618.69921875,55632.6484375,0.0,yahoo
BANKNIFTY,5m,2026-09-25T14:15:00+05:30,55629.55078125,55693.19921875,55629.55078125,55665.6484375,0.0,yahoo
BANKNIFTY,5m,2026-09-25T14:20:00+05:30,55664.25,55694.05078125,55649.25,55662.44921875,0.0,yahoo
BANKNIFTY,5m,2026-09-25T14:25:00+05:30,55666.94921875,55709.69921875,55624.19921875,55651.69921875,0.0,yahoo
BANKNIFTY,5m,2026-09-25T14:30:00+05:30,55658.1484375,55708.6015625,55650.8515625,55690.6015625,0.0,yahoo
BANKNIFTY,5m,2026-09-25T14:35:00+05:30,55693.3984375,55711.05078125,55668.8515625,55700.8515625,0.0,yahoo
BANKNIFTY,5m,2026-09-25T14:40:00+05:30,55700.3984375,55705.19921875,55632.3984375,55655.19921875,0.0,yahoo
BANKNIFTY,5m,2026-09-25T14:45:00+05:30,55653.94921875,55666.25,55565.6484375,55596.80078125,0.0,yahoo
BANKNIFTY,5m,2026-09-25T14:50:00+05:30,55600.69921875,55646.44921875,55572.1015625,55640.3515625,0.0,yahoo
BANKNIFTY,5m,2026-09-25T14:55:00+05:30,55641.6015625,55645.30078125,55543.0,55569.6484375,0.0,yahoo
BANKNIFTY,5m,2026-09-25T15:00:00+05:30,55565.3515625,55576.3984375,55506.05078125,55523.44921875,0.0,yahoo
BANKNIFTY,5m,2026-09-25T15:05:00+05:30,55522.6015625,55528.44921875,55447.3515625,55459.69921875,0.0,yahoo
BANKNIFTY,5m,2026-09-25T15:10:00+05:30,55459.1484375,55535.3984375,55459.1484375,55522.5,0.0,yahoo
BANKNIFTY,5m,2026-09-25T15:15:00+05:30,55522.5,55522.5,55522.5,55522.5,0.0,yahoo
BANKNIFTY,5m,2026-09-25T15:20:00+05:30,55522.5,55522.5,55522.5,55522.5,0.0,yahoo
BANKNIFTY,5m,2026-09-25T15:25:00+05:30,55522.5,55580.3984375,55522.5,55580.3984375,0.0,yahoo
BEL,5m,2026-09-25T09:15:00+05:30,392.54998779296875,394.29998779296875,392.0,392.45001220703125,0.0,yahoo
BEL,5m,2026-09-25T09:20:00+05:30,392.3999938964844,393.20001220703125,392.1000061035156,392.8500061035156,73694.0,yahoo
BEL,5m,2026-09-25T09:25:00+05:30,392.8500061035156,393.5,392.79998779296875,393.5,52448.0,yahoo
BEL,5m,2026-09-25T09:30:00+05:30,393.79998779296875,394.3500061035156,393.75,394.0,67196.0,yahoo
BEL,5m,2026-09-25T09:35:00+05:30,394.1000061035156,394.29998779296875,393.70001220703125,393.70001220703125,44556.0,yahoo
BEL,5m,2026-09-25T09:40:00+05:30,393.54998779296875,393.54998779296875,392.75,392.8500061035156,49872.0,yahoo
BEL,5m,2026-09-25T09:45:00+05:30,392.8500061035156,393.0,392.04998779296875,392.04998779296875,51294.0,yahoo
BEL,5m,2026-09-25T09:50:00+05:30,392.1000061035156,392.3500061035156,391.70001220703125,391.70001220703125,109895.0,yahoo
BEL,5m,2026-09-25T09:55:00+05:30,391.8500061035156,392.5,391.75,392.45001220703125,68462.0,yahoo
BEL,5m,2026-09-25T10:00:00+05:30,392.5,393.29998779296875,392.29998779296875,393.25,50695.0,yahoo
BEL,5m,2026-09-25T10:05:00+05:30,393.29998779296875,393.5,393.0,393.04998779296875,35963.0,yahoo
BEL,5m,2026-09-25T10:10:00+05:30,393.29998779296875,393.45001220703125,393.0,393.0,29030.0,yahoo
BEL,5m,2026-09-25T10:15:00+05:30,393.0,393.1000061035156,392.70001220703125,392.75,32425.0,yahoo
BEL,5m,2026-09-25T10:20:00+05:30,392.8500061035156,393.0,392.3500061035156,392.3999938964844,59210.0,yahoo
BEL,5m,2026-09-25T10:25:00+05:30,392.45001220703125,392.95001220703125,392.20001220703125,392.3500061035156,61388.0,yahoo
BEL,5m,2026-09-25T10:30:00+05:30,392.29998779296875,392.54998779296875,391.8999938964844,391.8999938964844,113003.0,yahoo
BEL,5m,2026-09-25T10:35:00+05:30,391.8999938964844,392.0,391.54998779296875,391.6499938964844,55047.0,yahoo
BEL,5m,2026-09-25T10:40:00+05:30,391.6499938964844,391.79998779296875,391.6000061035156,391.6499938964844,30083.0,yahoo
BEL,5m,2026-09-25T10:45:00+05:30,391.6499938964844,391.79998779296875,391.0,391.04998779296875,138908.0,yahoo
BEL,5m,2026-09-25T10:50:00+05:30,391.04998779296875,391.25,390.8999938964844,390.95001220703125,46695.0,yahoo
BEL,5m,2026-09-25T10:55:00+05:30,390.95001220703125,391.25,390.8999938964844,391.0,38483.0,yahoo
BEL,5m,2026-09-25T11:00:00+05:30,391.1499938964844,391.6000061035156,391.0,391.25,44717.0,yahoo
BEL,5m,2026-09-25T11:05:00+05:30,391.25,391.6499938964844,391.1000061035156,391.6499938964844,63679.0,yahoo
BEL,5m,2026-09-25T11:10:00+05:30,391.5,391.6000061035156,391.1000061035156,391.3500061035156,45979.0,yahoo
BEL,5m,2026-09-25T11:15:00+05:30,391.3500061035156,391.3500061035156,391.04998779296875,391.1000061035156,31855.0,yahoo
BEL,5m,2026-09-25T11:20:00+05:30,391.20001220703125,391.5,391.1499938964844,391.29998779296875,55981.0,yahoo
BEL,5m,2026-09-25T11:25:00+05:30,391.29998779296875,391.29998779296875,391.0,391.0,42387.0,yahoo
BEL,5m,2026-09-25T11:30:00+05:30,391.0,391.04998779296875,390.3500061035156,390.70001220703125,290568.0,yahoo
BEL,5m,2026-09-25T11:35:00+05:30,390.70001220703125,391.1000061035156,390.70001220703125,391.0,120411.0,yahoo
BEL,5m,2026-09-25T11:40:00+05:30,391.0,391.20001220703125,391.0,391.0,42176.0,yahoo
BEL,5m,2026-09-25T11:45:00+05:30,391.0,391.3500061035156,391.0,391.25,24606.0,yahoo
BEL,5m,2026-09-25T11:50:00+05:30,391.1000061035156,391.3500061035156,391.1000061035156,391.1000061035156,30277.0,yahoo
BEL,5m,2026-09-25T11:55:00+05:30,391.1000061035156,391.25,391.0,391.0,32235.0,yahoo
BEL,5m,2026-09-25T12:00:00+05:30,391.0,391.1499938964844,390.8500061035156,391.0,43656.0,yahoo
BEL,5m,2026-09-25T12:05:00+05:30,391.1000061035156,391.54998779296875,391.0,391.54998779296875,73798.0,yahoo
BEL,5m,2026-09-25T12:10:00+05:30,391.5,391.6000061035156,391.45001220703125,391.5,24838.0,yahoo
BEL,5m,2026-09-25T12:15:00+05:30,391.5,391.6499938964844,391.5,391.6000061035156,27099.0,yahoo
BEL,5m,2026-09-25T12:20:00+05:30,391.6000061035156,391.6499938964844,390.95001220703125,390.95001220703125,95911.0,yahoo
BEL,5m,2026-09-25T12:25:00+05:30,390.95001220703125,391.0,390.79998779296875,390.8500061035156,23744.0,yahoo
BEL,5m,2026-09-25T12:30:00+05:30,390.79998779296875,391.0,390.70001220703125,390.8999938964844,22602.0,yahoo
BEL,5m,2026-09-25T12:35:00+05:30,390.8500061035156,390.8999938964844,390.25,390.25,45273.0,yahoo
BEL,5m,2026-09-25T12:40:00+05:30,390.25,390.3999938964844,390.0,390.04998779296875,53407.0,yahoo
BEL,5m,2026-09-25T12:45:00+05:30,390.04998779296875,390.1000061035156,389.70001220703125,389.70001220703125,82535.0,yahoo
BEL,5m,2026-09-25T12:50:00+05:30,389.70001220703125,390.1000061035156,389.70001220703125,389.95001220703125,59598.0,yahoo
BEL,5m,2026-09-25T12:55:00+05:30,389.95001220703125,390.04998779296875,389.5,389.70001220703125,51174.0,yahoo
BEL,5m,2026-09-25T13:00:00+05:30,389.70001220703125,389.8500061035156,389.54998779296875,389.70001220703125,26656.0,yahoo
BEL,5m,2026-09-25T13:05:00+05:30,389.70001220703125,389.75,389.54998779296875,389.54998779296875,24229.0,yahoo
BEL,5m,2026-09-25T13:10:00+05:30,389.54998779296875,389.70001220703125,389.45001220703125,389.45001220703125,33481.0,yahoo
BEL,5m,2026-09-25T13:15:00+05:30,389.45001220703125,389.45001220703125,389.0,389.0,36823.0,yahoo
BEL,5m,2026-09-25T13:20:00+05:30,389.0,389.20001220703125,388.6499938964844,388.70001220703125,72714.0,yahoo
BEL,5m,2026-09-25T13:25:00+05:30,388.70001220703125,389.20001220703125,388.6000061035156,389.20001220703125,51670.0,yahoo
BEL,5m,2026-09-25T13:30:00+05:30,389.25,390.04998779296875,389.20001220703125,389.79998779296875,193483.0,yahoo
BEL,5m,2026-09-25T13:35:00+05:30,389.79998779296875,390.20001220703125,389.79998779296875,390.1499938964844,25290.0,yahoo
BEL,5m,2026-09-25T13:40:00+05:30,390.0,390.1499938964844,389.75,389.8999938964844,50648.0,yahoo
BEL,5m,2026-09-25T13:45:00+05:30,390.0,390.1499938964844,389.8999938964844,390.1499938964844,30490.0,yahoo
BEL,5m,2026-09-25T13:50:00+05:30,390.04998779296875,390.1000061035156,389.8500061035156,390.1000061035156,100586.0,yahoo
BEL,5m,2026-09-25T13:55:00+05:30,390.1000061035156,390.1000061035156,389.75,390.04998779296875,42407.0,yahoo
BEL,5m,2026-09-25T14:00:00+05:30,390.1499938964844,392.54998779296875,390.1499938964844,392.3999938964844,154500.0,yahoo
BEL,5m,2026-09-25T14:05:00+05:30,392.3999938964844,392.5,391.75,391.8999938964844,64335.0,yahoo
BEL,5m,2026-09-25T14:10:00+05:30,391.8999938964844,392.20001220703125,391.75,391.75,50879.0,yahoo
BEL,5m,2026-09-25T14:15:00+05:30,391.79998779296875,392.20001220703125,391.75,392.0,28384.0,yahoo
BEL,5m,2026-09-25T14:20:00+05:30,392.0,392.1000061035156,391.6000061035156,391.8500061035156,114544.0,yahoo
BEL,5m,2026-09-25T14:25:00+05:30,392.0,392.29998779296875,392.0,392.25,38470.0,yahoo
BEL,5m,2026-09-25T14:30:00+05:30,392.25,392.3500061035156,391.8999938964844,392.29998779296875,98984.0,yahoo
BEL,5m,2026-09-25T14:35:00+05:30,392.54998779296875,392.54998779296875,391.8500061035156,392.45001220703125,253960.0,yahoo
BEL,5m,2026-09-25T14:40:00+05:30,392.3999938964844,392.5,391.45001220703125,391.45001220703125,40537.0,yahoo
BEL,5m,2026-09-25T14:45:00+05:30,391.45001220703125,392.1499938964844,391.29998779296875,391.70001220703125,232278.0,yahoo
BEL,5m,2026-09-25T14:50:00+05:30,391.75,392.79998779296875,391.70001220703125,392.79998779296875,281813.0,yahoo
BEL,5m,2026-09-25T14:55:00+05:30,392.79998779296875,393.04998779296875,392.3999938964844,392.8500061035156,250851.0,yahoo
BEL,5m,2026-09-25T15:00:00+05:30,392.8999938964844,393.1000061035156,392.6000061035156,393.1000061035156,233808.0,yahoo
BEL,5m,2026-09-25T15:05:00+05:30,393.0,393.1000061035156,392.6499938964844,392.6499938964844,368884.0,yahoo
BEL,5m,2026-09-25T15:10:00+05:30,392.70001220703125,392.70001220703125,392.3500061035156,392.70001220703125,206225.0,yahoo
BEL,5m,2026-09-25T15:15:00+05:30,392.70001220703125,393.54998779296875,392.70001220703125,393.54998779296875,129189.0,yahoo
BHARTIARTL,5m,2026-09-25T09:15:00+05:30,1797.0999755859375,1798.199951171875,1791.800048828125,1794.300048828125,0.0,yahoo
BHARTIARTL,5m,2026-09-25T09:20:00+05:30,1795.0999755859375,1798.0999755859375,1794.5,1795.0,105905.0,yahoo
BHARTIARTL,5m,2026-09-25T09:25:00+05:30,1794.9000244140625,1800.199951171875,1794.9000244140625,1798.5999755859375,132848.0,yahoo
BHARTIARTL,5m,2026-09-25T09:30:00+05:30,1798.800048828125,1800.4000244140625,1797.0,1799.699951171875,103693.0,yahoo
BHARTIARTL,5m,2026-09-25T09:35:00+05:30,1799.199951171875,1799.5999755859375,1796.699951171875,1797.300048828125,58054.0,yahoo
BHARTIARTL,5m,2026-09-25T09:40:00+05:30,1797.199951171875,1798.4000244140625,1797.0999755859375,1797.4000244140625,45515.0,yahoo
BHARTIARTL,5m,2026-09-25T09:45:00+05:30,1797.4000244140625,1800.0999755859375,1797.4000244140625,1798.300048828125,75336.0,yahoo
BHARTIARTL,5m,2026-09-25T09:50:00+05:30,1798.300048828125,1799.4000244140625,1797.0,1797.9000244140625,29950.0,yahoo
BHARTIARTL,5m,2026-09-25T09:55:00+05:30,1798.0,1798.800048828125,1797.4000244140625,1797.9000244140625,26204.0,yahoo
BHARTIARTL,5m,2026-09-25T10:00:00+05:30,1797.9000244140625,1799.800048828125,1797.5999755859375,1799.300048828125,22306.0,yahoo
BHARTIARTL,5m,2026-09-25T10:05:00+05:30,1799.5,1799.5,1797.0,1798.199951171875,48925.0,yahoo
BHARTIARTL,5m,2026-09-25T10:10:00+05:30,1797.5,1799.4000244140625,1797.4000244140625,1798.800048828125,101583.0,yahoo
BHARTIARTL,5m,2026-09-25T10:15:00+05:30,1798.9000244140625,1800.300048828125,1798.0999755859375,1798.5999755859375,101532.0,yahoo
BHARTIARTL,5m,2026-09-25T10:20:00+05:30,1798.5999755859375,1799.800048828125,1798.0999755859375,1799.5,23488.0,yahoo
BHARTIARTL,5m,2026-09-25T10:25:00+05:30,1799.5,1801.5,1799.199951171875,1800.4000244140625,48372.0,yahoo
BHARTIARTL,5m,2026-09-25T10:30:00+05:30,1800.4000244140625,1801.199951171875,1795.699951171875,1795.699951171875,75859.0,yahoo
BHARTIARTL,5m,2026-09-25T10:35:00+05:30,1795.699951171875,1796.300048828125,1793.9000244140625,1795.800048828125,26030.0,yahoo
BHARTIARTL,5m,2026-09-25T10:40:00+05:30,1795.5999755859375,1797.4000244140625,1794.5,1796.800048828125,35680.0,yahoo
BHARTIARTL,5m,2026-09-25T10:45:00+05:30,1796.9000244140625,1797.300048828125,1796.300048828125,1796.5999755859375,22539.0,yahoo
BHARTIARTL,5m,2026-09-25T10:50:00+05:30,1796.5999755859375,1797.5999755859375,1796.5,1797.0,13065.0,yahoo
BHARTIARTL,5m,2026-09-25T10:55:00+05:30,1797.0999755859375,1797.800048828125,1796.5,1797.0,13281.0,yahoo
BHARTIARTL,5m,2026-09-25T11:00:00+05:30,1796.800048828125,1798.0,1796.300048828125,1797.5,21474.0,yahoo
BHARTIARTL,5m,2026-09-25T11:05:00+05:30,1797.699951171875,1798.9000244140625,1796.5,1797.0,31657.0,yahoo
BHARTIARTL,5m,2026-09-25T11:10:00+05:30,1797.0999755859375,1798.0,1795.5,1796.0,19599.0,yahoo
BHARTIARTL,5m,2026-09-25T11:15:00+05:30,1796.199951171875,1796.699951171875,1795.800048828125,1796.0,17395.0,yahoo
BHARTIARTL,5m,2026-09-25T11:20:00+05:30,1795.9000244140625,1797.0999755859375,1795.5999755859375,1795.800048828125,21004.0,yahoo
BHARTIARTL,5m,2026-09-25T11:25:00+05:30,1796.0999755859375,1796.9000244140625,1795.0,1795.300048828125,29806.0,yahoo
BHARTIARTL,5m,2026-09-25T11:30:00+05:30,1795.0999755859375,1795.699951171875,1794.0999755859375,1795.0999755859375,37436.0,yahoo
BHARTIARTL,5m,2026-09-25T11:35:00+05:30,1795.0999755859375,1795.9000244140625,1795.0,1795.4000244140625,20719.0,yahoo
BHARTIARTL,5m,2026-09-25T11:40:00+05:30,1795.300048828125,1796.699951171875,1794.9000244140625,1795.0,32069.0,yahoo
BHARTIARTL,5m,2026-09-25T11:45:00+05:30,1794.699951171875,1797.199951171875,1794.5999755859375,1795.699951171875,23419.0,yahoo
BHARTIARTL,5m,2026-09-25T11:50:00+05:30,1795.5999755859375,1796.300048828125,1795.5,1795.699951171875,16704.0,yahoo
BHARTIARTL,5m,2026-09-25T11:55:00+05:30,1795.5,1795.699951171875,1792.699951171875,1792.699951171875,46181.0,yahoo
BHARTIARTL,5m,2026-09-25T12:00:00+05:30,1793.0999755859375,1794.4000244140625,1792.800048828125,1793.699951171875,19458.0,yahoo
BHARTIARTL,5m,2026-09-25T12:05:00+05:30,1793.5,1794.5,1793.0999755859375,1794.199951171875,19297.0,yahoo
BHARTIARTL,5m,2026-09-25T12:10:00+05:30,1794.4000244140625,1794.9000244140625,1793.5,1793.9000244140625,20844.0,yahoo
BHARTIARTL,5m,2026-09-25T12:15:00+05:30,1793.9000244140625,1794.0,1792.199951171875,1792.199951171875,19301.0,yahoo
BHARTIARTL,5m,2026-09-25T12:20:00+05:30,1792.699951171875,1792.699951171875,1790.699951171875,1791.4000244140625,20597.0,yahoo
BHARTIARTL,5m,2026-09-25T12:25:00+05:30,1792.0,1792.5999755859375,1791.199951171875,1791.800048828125,18131.0,yahoo
BHARTIARTL,5m,2026-09-25T12:30:00+05:30,1791.9000244140625,1792.5999755859375,1791.300048828125,1791.300048828125,18353.0,yahoo
BHARTIARTL,5m,2026-09-25T12:35:00+05:30,1791.199951171875,1792.0999755859375,1790.9000244140625,1791.9000244140625,21003.0,yahoo
BHARTIARTL,5m,2026-09-25T12:40:00+05:30,1791.9000244140625,1792.300048828125,1791.5,1791.5999755859375,17844.0,yahoo
BHARTIARTL,5m,2026-09-25T12:45:00+05:30,1791.300048828125,1791.9000244140625,1790.4000244140625,1790.4000244140625,30012.0,yahoo
BHARTIARTL,5m,2026-09-25T12:50:00+05:30,1790.4000244140625,1791.800048828125,1789.300048828125,1789.300048828125,58035.0,yahoo
BHARTIARTL,5m,2026-09-25T12:55:00+05:30,1789.199951171875,1790.0,1787.5,1788.0,38861.0,yahoo
BHARTIARTL,5m,2026-09-25T13:00:00+05:30,1787.9000244140625,1790.199951171875,1787.9000244140625,1788.199951171875,27727.0,yahoo
BHARTIARTL,5m,2026-09-25T13:05:00+05:30,1788.5,1790.0,1788.0999755859375,1790.0,40012.0,yahoo
BHARTIARTL,5m,2026-09-25T13:10:00+05:30,1790.0,1790.0999755859375,1788.4000244140625,1789.199951171875,92058.0,yahoo
BHARTIARTL,5m,2026-09-25T13:15:00+05:30,1788.9000244140625,1789.0,1788.0999755859375,1788.4000244140625,14069.0,yahoo
BHARTIARTL,5m,2026-09-25T13:20:00+05:30,1788.300048828125,1788.9000244140625,1787.199951171875,1787.5999755859375,66433.0,yahoo
BHARTIARTL,5m,2026-09-25T13:25:00+05:30,1787.5999755859375,1788.300048828125,1787.199951171875,1787.9000244140625,58247.0,yahoo
BHARTIARTL,5m,2026-09-25T13:30:00+05:30,1788.0,1790.300048828125,1788.0,1790.0,54550.0,yahoo
BHARTIARTL,5m,2026-09-25T13:35:00+05:30,1789.699951171875,1790.0999755859375,1786.0,1786.0999755859375,69996.0,yahoo
BHARTIARTL,5m,2026-09-25T13:40:00+05:30,1786.199951171875,1786.9000244140625,1785.0999755859375,1786.300048828125,41873.0,yahoo
BHARTIARTL,5m,2026-09-25T13:45:00+05:30,1787.0,1788.5,1786.199951171875,1786.300048828125,51083.0,yahoo
BHARTIARTL,5m,2026-09-25T13:50:00+05:30,1786.300048828125,1787.9000244140625,1786.0,1787.300048828125,45061.0,yahoo
BHARTIARTL,5m,2026-09-25T13:55:00+05:30,1787.199951171875,1790.9000244140625,1787.0,1790.5999755859375,63655.0,yahoo
BHARTIARTL,5m,2026-09-25T14:00:00+05:30,1790.0999755859375,1794.800048828125,1789.0,1793.5,161062.0,yahoo
BHARTIARTL,5m,2026-09-25T14:05:00+05:30,1793.5,1794.5999755859375,1791.699951171875,1792.699951171875,68028.0,yahoo
BHARTIARTL,5m,2026-09-25T14:10:00+05:30,1792.5999755859375,1793.800048828125,1791.9000244140625,1792.4000244140625,51949.0,yahoo
BHARTIARTL,5m,2026-09-25T14:15:00+05:30,1792.300048828125,1794.0,1792.0,1793.199951171875,95828.0,yahoo
BHARTIARTL,5m,2026-09-25T14:20:00+05:30,1792.800048828125,1793.4000244140625,1791.9000244140625,1792.5,72394.0,yahoo
BHARTIARTL,5m,2026-09-25T14:25:00+05:30,1792.800048828125,1794.0,1792.300048828125,1793.5999755859375,76981.0,yahoo
BHARTIARTL,5m,2026-09-25T14:30:00+05:30,1793.800048828125,1793.800048828125,1792.4000244140625,1793.0,44848.0,yahoo
BHARTIARTL,5m,2026-09-25T14:35:00+05:30,1793.0,1793.0999755859375,1792.0999755859375,1792.5999755859375,57133.0,yahoo
BHARTIARTL,5m,2026-09-25T14:40:00+05:30,1792.5999755859375,1792.5999755859375,1789.9000244140625,1790.5999755859375,116576.0,yahoo
BHARTIARTL,5m,2026-09-25T14:45:00+05:30,1790.4000244140625,1791.5,1789.0999755859375,1789.0999755859375,115062.0,yahoo
BHARTIARTL,5m,2026-09-25T14:50:00+05:30,1789.199951171875,1789.5999755859375,1788.300048828125,1788.699951171875,144461.0,yahoo
BHARTIARTL,5m,2026-09-25T14:55:00+05:30,1788.5999755859375,1788.5999755859375,1786.5,1787.199951171875,195469.0,yahoo
BHARTIARTL,5m,2026-09-25T15:00:00+05:30,1786.800048828125,1787.4000244140625,1785.4000244140625,1785.5999755859375,373702.0,yahoo
BHARTIARTL,5m,2026-09-25T15:05:00+05:30,1785.5,1787.4000244140625,1785.5,1787.199951171875,259639.0,yahoo
BHARTIARTL,5m,2026-09-25T15:10:00+05:30,1787.0999755859375,1790.5999755859375,1785.699951171875,1789.0,156617.0,yahoo
BHARTIARTL,5m,2026-09-25T15:15:00+05:30,1789.0,1789.0,1785.4000244140625,1785.4000244140625,127454.0,yahoo
BIOCON,5m,2026-09-25T09:15:00+05:30,387.6499938964844,388.70001220703125,386.6499938964844,386.79998779296875,0.0,yahoo
BIOCON,5m,2026-09-25T09:20:00+05:30,386.70001220703125,387.20001220703125,386.04998779296875,386.6000061035156,21548.0,yahoo
BIOCON,5m,2026-09-25T09:25:00+05:30,386.70001220703125,387.25,386.70001220703125,387.1000061035156,13313.0,yahoo
BIOCON,5m,2026-09-25T09:30:00+05:30,387.1000061035156,387.3999938964844,386.54998779296875,386.70001220703125,16402.0,yahoo
BIOCON,5m,2026-09-25T09:35:00+05:30,386.29998779296875,386.8999938964844,386.29998779296875,386.6000061035156,9878.0,yahoo
BIOCON,5m,2026-09-25T09:40:00+05:30,386.5,386.54998779296875,384.8500061035156,384.8500061035156,47435.0,yahoo
BIOCON,5m,2026-09-25T09:45:00+05:30,384.95001220703125,385.1000061035156,384.70001220703125,384.79998779296875,11249.0,yahoo
BIOCON,5m,2026-09-25T09:50:00+05:30,384.95001220703125,384.95001220703125,384.1499938964844,384.29998779296875,17418.0,yahoo
BIOCON,5m,2026-09-25T09:55:00+05:30,384.29998779296875,384.3500061035156,384.0,384.20001220703125,10955.0,yahoo
BIOCON,5m,2026-09-25T10:00:00+05:30,384.29998779296875,385.29998779296875,384.29998779296875,384.29998779296875,12408.0,yahoo
BIOCON,5m,2026-09-25T10:05:00+05:30,384.29998779296875,384.8999938964844,384.29998779296875,384.5,8344.0,yahoo
BIOCON,5m,2026-09-25T10:10:00+05:30,384.5,385.3999938964844,384.5,385.20001220703125,10744.0,yahoo
BIOCON,5m,2026-09-25T10:15:00+05:30,385.20001220703125,385.79998779296875,384.70001220703125,385.6000061035156,11574.0,yahoo
BIOCON,5m,2026-09-25T10:20:00+05:30,385.70001220703125,385.70001220703125,384.6499938964844,384.79998779296875,47929.0,yahoo
BIOCON,5m,2026-09-25T10:25:00+05:30,384.6499938964844,385.25,384.1499938964844,384.1499938964844,7092.0,yahoo
BIOCON,5m,2026-09-25T10:30:00+05:30,384.3999938964844,384.79998779296875,383.3500061035156,383.3500061035156,18518.0,yahoo
BIOCON,5m,2026-09-25T10:35:00+05:30,383.20001220703125,383.79998779296875,383.20001220703125,383.6499938964844,8955.0,yahoo
BIOCON,5m,2026-09-25T10:40:00+05:30,383.54998779296875,384.20001220703125,383.5,384.0,6133.0,yahoo
BIOCON,5m,2026-09-25T10:45:00+05:30,383.75,387.75,383.70001220703125,387.0,518138.0,yahoo
BIOCON,5m,2026-09-25T10:50:00+05:30,387.0,387.1000061035156,384.8500061035156,385.45001220703125,208817.0,yahoo
BIOCON,5m,2026-09-25T10:55:00+05:30,385.45001220703125,385.95001220703125,385.3500061035156,385.5,36547.0,yahoo
BIOCON,5m,2026-09-25T11:00:00+05:30,385.3999938964844,386.0,385.3999938964844,385.8500061035156,50856.0,yahoo
BIOCON,5m,2026-09-25T11:05:00+05:30,385.70001220703125,385.8999938964844,385.5,385.75,14458.0,yahoo
BIOCON,5m,2026-09-25T11:10:00+05:30,385.54998779296875,385.8500061035156,385.3999938964844,385.70001220703125,15634.0,yahoo
BIOCON,5m,2026-09-25T11:15:00+05:30,385.70001220703125,386.04998779296875,385.5,386.04998779296875,13970.0,yahoo
BIOCON,5m,2026-09-25T11:20:00+05:30,385.79998779296875,386.04998779296875,385.20001220703125,385.3999938964844,15012.0,yahoo
BIOCON,5m,2026-09-25T11:25:00+05:30,385.20001220703125,385.20001220703125,384.54998779296875,384.75,21690.0,yahoo
BIOCON,5m,2026-09-25T11:30:00+05:30,384.75,385.25,384.54998779296875,384.8500061035156,30482.0,yahoo
BIOCON,5m,2026-09-25T11:35:00+05:30,384.8999938964844,385.0,384.45001220703125,384.70001220703125,22773.0,yahoo
BIOCON,5m,2026-09-25T11:40:00+05:30,384.5,384.79998779296875,384.3500061035156,384.5,26741.0,yahoo
BIOCON,5m,2026-09-25T11:45:00+05:30,384.5,384.70001220703125,384.29998779296875,384.5,19828.0,yahoo
BIOCON,5m,2026-09-25T11:50:00+05:30,384.5,384.6000061035156,383.75,384.1000061035156,25288.0,yahoo
BIOCON,5m,2026-09-25T11:55:00+05:30,384.1000061035156,384.25,383.6000061035156,383.95001220703125,15812.0,yahoo
BIOCON,5m,2026-09-25T12:00:00+05:30,383.75,384.0,383.5,383.75,16281.0,yahoo
BIOCON,5m,2026-09-25T12:05:00+05:30,383.54998779296875,383.75,383.5,383.5,16098.0,yahoo
BIOCON,5m,2026-09-25T12:10:00+05:30,383.5,384.0,383.20001220703125,384.0,56362.0,yahoo
BIOCON,5m,2026-09-25T12:15:00+05:30,383.95001220703125,384.04998779296875,383.79998779296875,384.04998779296875,18689.0,yahoo
BIOCON,5m,2026-09-25T12:20:00+05:30,384.04998779296875,384.04998779296875,383.5,383.75,17250.0,yahoo
BIOCON,5m,2026-09-25T12:25:00+05:30,383.6000061035156,383.8999938964844,383.5,383.8999938964844,13227.0,yahoo
BIOCON,5m,2026-09-25T12:30:00+05:30,383.8999938964844,384.3500061035156,383.75,383.95001220703125,23384.0,yahoo
BIOCON,5m,2026-09-25T12:35:00+05:30,383.8999938964844,384.1499938964844,383.3500061035156,383.54998779296875,22977.0,yahoo
BIOCON,5m,2026-09-25T12:40:00+05:30,383.54998779296875,384.04998779296875,383.3999938964844,383.79998779296875,16498.0,yahoo
BIOCON,5m,2026-09-25T12:45:00+05:30,384.04998779296875,384.1000061035156,383.54998779296875,383.6000061035156,33420.0,yahoo
BIOCON,5m,2026-09-25T12:50:00+05:30,383.6000061035156,383.8500061035156,382.70001220703125,382.8500061035156,37902.0,yahoo
BIOCON,5m,2026-09-25T12:55:00+05:30,382.8500061035156,383.45001220703125,382.8500061035156,383.3999938964844,17952.0,yahoo
BIOCON,5m,2026-09-25T13:00:00+05:30,383.20001220703125,383.6000061035156,383.04998779296875,383.3999938964844,18094.0,yahoo
BIOCON,5m,2026-09-25T13:05:00+05:30,383.25,383.5,382.1000061035156,382.3500061035156,61512.0,yahoo
BIOCON,5m,2026-09-25T13:10:00+05:30,382.20001220703125,382.5,381.75,382.20001220703125,21266.0,yahoo
BIOCON,5m,2026-09-25T13:15:00+05:30,382.20001220703125,382.3500061035156,381.54998779296875,381.79998779296875,24427.0,yahoo
BIOCON,5m,2026-09-25T13:20:00+05:30,381.54998779296875,382.1499938964844,381.5,381.75,22772.0,yahoo
BIOCON,5m,2026-09-25T13:25:00+05:30,381.54998779296875,381.75,381.1000061035156,381.6499938964844,31459.0,yahoo
BIOCON,5m,2026-09-25T13:30:00+05:30,381.54998779296875,382.0,381.20001220703125,381.5,45720.0,yahoo
BIOCON,5m,2026-09-25T13:35:00+05:30,381.5,381.70001220703125,381.25,381.3500061035156,22919.0,yahoo
BIOCON,5m,2026-09-25T13:40:00+05:30,381.3500061035156,381.70001220703125,381.1499938964844,381.5,23030.0,yahoo
BIOCON,5m,2026-09-25T13:45:00+05:30,381.5,381.95001220703125,381.5,381.79998779296875,38714.0,yahoo
BIOCON,5m,2026-09-25T13:50:00+05:30,381.79998779296875,381.8500061035156,381.1000061035156,381.25,52490.0,yahoo
BIOCON,5m,2026-09-25T13:55:00+05:30,381.1499938964844,381.6000061035156,381.1000061035156,381.29998779296875,23877.0,yahoo
BIOCON,5m,2026-09-25T14:00:00+05:30,381.3999938964844,382.70001220703125,381.3999938964844,382.6000061035156,40841.0,yahoo
BIOCON,5m,2026-09-25T14:05:00+05:30,382.3999938964844,383.70001220703125,382.3999938964844,383.04998779296875,59443.0,yahoo
BIOCON,5m,2026-09-25T14:10:00+05:30,383.0,383.5,382.75,383.5,32983.0,yahoo
BIOCON,5m,2026-09-25T14:15:00+05:30,383.3500061035156,383.8999938964844,383.1000061035156,383.25,24810.0,yahoo
BIOCON,5m,2026-09-25T14:20:00+05:30,383.1000061035156,383.54998779296875,382.8500061035156,383.0,43375.0,yahoo
BIOCON,5m,2026-09-25T14:25:00+05:30,383.0,383.3999938964844,382.75,383.04998779296875,25348.0,yahoo
BIOCON,5m,2026-09-25T14:30:00+05:30,383.1499938964844,383.70001220703125,382.8999938964844,383.70001220703125,27005.0,yahoo
BIOCON,5m,2026-09-25T14:35:00+05:30,383.29998779296875,383.5,382.70001220703125,382.95001220703125,25938.0,yahoo
BIOCON,5m,2026-09-25T14:40:00+05:30,382.95001220703125,383.1000061035156,382.3999938964844,382.54998779296875,29004.0,yahoo
BIOCON,5m,2026-09-25T14:45:00+05:30,382.54998779296875,382.75,382.29998779296875,382.3999938964844,17810.0,yahoo
BIOCON,5m,2026-09-25T14:50:00+05:30,382.29998779296875,382.79998779296875,382.1499938964844,382.54998779296875,35906.0,yahoo
BIOCON,5m,2026-09-25T14:55:00+05:30,382.45001220703125,382.6000061035156,382.20001220703125,382.3999938964844,35309.0,yahoo
BIOCON,5m,2026-09-25T15:00:00+05:30,382.25,382.5,381.70001220703125,382.25,52534.0,yahoo
BIOCON,5m,2026-09-25T15:05:00+05:30,382.1000061035156,382.1000061035156,381.45001220703125,381.54998779296875,74239.0,yahoo
BIOCON,5m,2026-09-25T15:10:00+05:30,381.6000061035156,381.79998779296875,381.20001220703125,381.5,68495.0,yahoo
BIOCON,5m,2026-09-25T15:15:00+05:30,381.0,382.1499938964844,381.0,382.1499938964844,10254.0,yahoo
BSE,5m,2026-09-25T09:15:00+05:30,3204.60009765625,3204.60009765625,3176.39990234375,3187.199951171875,0.0,yahoo
BSE,5m,2026-09-25T09:20:00+05:30,3187.300048828125,3209.39990234375,3185.10009765625,3195.0,164528.0,yahoo
BSE,5m,2026-09-25T09:25:00+05:30,3196.0,3202.300048828125,3192.89990234375,3201.0,130782.0,yahoo
BSE,5m,2026-09-25T09:30:00+05:30,3201.699951171875,3202.10009765625,3167.699951171875,3170.10009765625,141860.0,yahoo
BSE,5m,2026-09-25T09:35:00+05:30,3170.5,3188.60009765625,3170.300048828125,3177.10009765625,86400.0,yahoo
BSE,5m,2026-09-25T09:40:00+05:30,3176.10009765625,3177.89990234375,3160.199951171875,3160.199951171875,102940.0,yahoo
BSE,5m,2026-09-25T09:45:00+05:30,3161.60009765625,3169.60009765625,3160.60009765625,3165.800048828125,84518.0,yahoo
BSE,5m,2026-09-25T09:50:00+05:30,3165.89990234375,3176.10009765625,3165.300048828125,3171.699951171875,74268.0,yahoo
BSE,5m,2026-09-25T09:55:00+05:30,3171.699951171875,3182.5,3171.10009765625,3175.0,60345.0,yahoo
BSE,5m,2026-09-25T10:00:00+05:30,3175.199951171875,3186.39990234375,3171.0,3182.60009765625,64818.0,yahoo
BSE,5m,2026-09-25T10:05:00+05:30,3182.5,3184.39990234375,3177.0,3182.89990234375,56519.0,yahoo
BSE,5m,2026-09-25T10:10:00+05:30,3182.800048828125,3184.89990234375,3173.5,3177.0,58722.0,yahoo
BSE,5m,2026-09-25T10:15:00+05:30,3177.0,3179.39990234375,3166.89990234375,3168.699951171875,61616.0,yahoo
BSE,5m,2026-09-25T10:20:00+05:30,3169.60009765625,3175.199951171875,3166.199951171875,3166.5,47895.0,yahoo
BSE,5m,2026-09-25T10:25:00+05:30,3166.0,3169.199951171875,3161.199951171875,3166.5,65877.0,yahoo
BSE,5m,2026-09-25T10:30:00+05:30,3166.199951171875,3167.0,3162.0,3162.699951171875,36730.0,yahoo
BSE,5m,2026-09-25T10:35:00+05:30,3162.199951171875,3180.39990234375,3157.199951171875,3180.39990234375,72716.0,yahoo
BSE,5m,2026-09-25T10:40:00+05:30,3180.199951171875,3191.39990234375,3175.0,3183.89990234375,158661.0,yahoo
BSE,5m,2026-09-25T10:45:00+05:30,3183.89990234375,3185.699951171875,3170.5,3173.89990234375,67959.0,yahoo
BSE,5m,2026-09-25T10:50:00+05:30,3173.89990234375,3173.89990234375,3167.0,3168.60009765625,43409.0,yahoo
BSE,5m,2026-09-25T10:55:00+05:30,3168.60009765625,3172.39990234375,3166.0,3172.0,36695.0,yahoo
BSE,5m,2026-09-25T11:00:00+05:30,3172.0,3176.89990234375,3168.0,3170.0,48233.0,yahoo
BSE,5m,2026-09-25T11:05:00+05:30,3169.89990234375,3175.10009765625,3167.0,3167.699951171875,30320.0,yahoo
BSE,5m,2026-09-25T11:10:00+05:30,3167.699951171875,3174.60009765625,3166.800048828125,3172.0,37065.0,yahoo
BSE,5m,2026-09-25T11:15:00+05:30,3172.800048828125,3174.300048828125,3170.199951171875,3174.300048828125,28071.0,yahoo
BSE,5m,2026-09-25T11:20:00+05:30,3175.60009765625,3185.39990234375,3174.5,3176.39990234375,120168.0,yahoo
BSE,5m,2026-09-25T11:25:00+05:30,3176.89990234375,3177.699951171875,3173.10009765625,3176.10009765625,65015.0,yahoo
BSE,5m,2026-09-25T11:30:00+05:30,3176.10009765625,3179.0,3167.10009765625,3172.300048828125,65582.0,yahoo
BSE,5m,2026-09-25T11:35:00+05:30,3173.5,3175.39990234375,3169.60009765625,3174.10009765625,35459.0,yahoo
BSE,5m,2026-09-25T11:40:00+05:30,3173.300048828125,3174.300048828125,3171.300048828125,3173.10009765625,30577.0,yahoo
BSE,5m,2026-09-25T11:45:00+05:30,3172.699951171875,3178.5,3172.199951171875,3176.10009765625,46346.0,yahoo
BSE,5m,2026-09-25T11:50:00+05:30,3176.0,3179.0,3174.5,3175.89990234375,78422.0,yahoo
BSE,5m,2026-09-25T11:55:00+05:30,3175.0,3176.5,3171.199951171875,3171.800048828125,36568.0,yahoo
BSE,5m,2026-09-25T12:00:00+05:30,3171.800048828125,3173.300048828125,3169.10009765625,3170.800048828125,32910.0,yahoo
BSE,5m,2026-09-25T12:05:00+05:30,3170.800048828125,3173.300048828125,3169.199951171875,3171.39990234375,24564.0,yahoo
BSE,5m,2026-09-25T12:10:00+05:30,3171.39990234375,3171.5,3156.0,3163.39990234375,90790.0,yahoo
BSE,5m,2026-09-25T12:15:00+05:30,3163.300048828125,3175.0,3160.5,3168.89990234375,49934.0,yahoo
BSE,5m,2026-09-25T12:20:00+05:30,3168.39990234375,3169.800048828125,3163.5,3165.89990234375,28269.0,yahoo
BSE,5m,2026-09-25T12:25:00+05:30,3166.0,3169.0,3164.699951171875,3169.0,25545.0,yahoo
BSE,5m,2026-09-25T12:30:00+05:30,3169.0,3171.60009765625,3165.300048828125,3171.60009765625,36730.0,yahoo
BSE,5m,2026-09-25T12:35:00+05:30,3171.39990234375,3171.39990234375,3165.10009765625,3169.0,58684.0,yahoo
BSE,5m,2026-09-25T12:40:00+05:30,3169.0,3169.300048828125,3160.699951171875,3161.699951171875,51801.0,yahoo
BSE,5m,2026-09-25T12:45:00+05:30,3161.60009765625,3162.60009765625,3160.39990234375,3161.300048828125,42308.0,yahoo
BSE,5m,2026-09-25T12:50:00+05:30,3161.300048828125,3165.300048828125,3158.39990234375,3164.300048828125,35371.0,yahoo
BSE,5m,2026-09-25T12:55:00+05:30,3164.39990234375,3164.5,3160.0,3163.39990234375,25775.0,yahoo
BSE,5m,2026-09-25T13:00:00+05:30,3163.5,3165.60009765625,3162.0,3162.0,28479.0,yahoo
BSE,5m,2026-09-25T13:05:00+05:30,3162.0,3163.699951171875,3160.39990234375,3162.800048828125,26253.0,yahoo
BSE,5m,2026-09-25T13:10:00+05:30,3163.0,3163.5,3160.10009765625,3161.60009765625,31158.0,yahoo
BSE,5m,2026-09-25T13:15:00+05:30,3161.60009765625,3162.800048828125,3159.5,3161.60009765625,26775.0,yahoo
BSE,5m,2026-09-25T13:20:00+05:30,3161.699951171875,3169.300048828125,3160.10009765625,3167.5,34013.0,yahoo
BSE,5m,2026-09-25T13:25:00+05:30,3167.5,3176.5,3167.5,3172.5,78855.0,yahoo
BSE,5m,2026-09-25T13:30:00+05:30,3172.5,3172.60009765625,3167.0,3167.0,29722.0,yahoo
BSE,5m,2026-09-25T13:35:00+05:30,3167.800048828125,3169.699951171875,3166.300048828125,3169.199951171875,26879.0,yahoo
BSE,5m,2026-09-25T13:40:00+05:30,3169.199951171875,3173.0,3168.5,3173.0,25736.0,yahoo
BSE,5m,2026-09-25T13:45:00+05:30,3173.0,3175.0,3171.89990234375,3173.800048828125,49996.0,yahoo
BSE,5m,2026-09-25T13:50:00+05:30,3173.89990234375,3174.199951171875,3171.89990234375,3173.699951171875,19047.0,yahoo
BSE,5m,2026-09-25T13:55:00+05:30,3173.0,3189.800048828125,3172.800048828125,3188.699951171875,99133.0,yahoo
BSE,5m,2026-09-25T14:00:00+05:30,3188.199951171875,3199.699951171875,3187.699951171875,3194.60009765625,146340.0,yahoo
BSE,5m,2026-09-25T14:05:00+05:30,3193.699951171875,3199.89990234375,3192.0,3196.199951171875,90745.0,yahoo
BSE,5m,2026-09-25T14:10:00+05:30,3196.199951171875,3197.199951171875,3189.60009765625,3189.60009765625,53404.0,yahoo
BSE,5m,2026-09-25T14:15:00+05:30,3189.699951171875,3202.800048828125,3189.0,3198.300048828125,54413.0,yahoo
BSE,5m,2026-09-25T14:20:00+05:30,3198.300048828125,3201.300048828125,3193.0,3193.60009765625,36581.0,yahoo
BSE,5m,2026-09-25T14:25:00+05:30,3193.60009765625,3197.39990234375,3192.199951171875,3194.0,30410.0,yahoo
BSE,5m,2026-09-25T14:30:00+05:30,3194.0,3197.199951171875,3191.60009765625,3194.10009765625,64665.0,yahoo
BSE,5m,2026-09-25T14:35:00+05:30,3194.60009765625,3195.699951171875,3189.699951171875,3191.60009765625,53483.0,yahoo
BSE,5m,2026-09-25T14:40:00+05:30,3191.60009765625,3193.39990234375,3183.699951171875,3185.0,58899.0,yahoo
BSE,5m,2026-09-25T14:45:00+05:30,3186.10009765625,3190.0,3181.699951171875,3187.10009765625,81984.0,yahoo
BSE,5m,2026-09-25T14:50:00+05:30,3187.199951171875,3204.10009765625,3185.5,3198.89990234375,119763.0,yahoo
BSE,5m,2026-09-25T14:55:00+05:30,3199.199951171875,3200.0,3190.5,3192.300048828125,49443.0,yahoo
BSE,5m,2026-09-25T15:00:00+05:30,3193.0,3193.0,3190.199951171875,3192.699951171875,70281.0,yahoo
BSE,5m,2026-09-25T15:05:00+05:30,3192.10009765625,3193.5,3185.800048828125,3187.39990234375,85999.0,yahoo
BSE,5m,2026-09-25T15:10:00+05:30,3187.5,3192.5,3185.10009765625,3186.0,101957.0,yahoo
BSE,5m,2026-09-25T15:15:00+05:30,3188.0,3191.5,3188.0,3191.5,15164.0,yahoo
CANBK,5m,2026-09-25T09:15:00+05:30,126.0199966430664,126.69000244140625,125.38999938964844,125.7300033569336,0.0,yahoo
CANBK,5m,2026-09-25T09:20:00+05:30,125.5999984741211,125.5999984741211,125.36000061035156,125.37000274658203,312004.0,yahoo
CANBK,5m,2026-09-25T09:25:00+05:30,125.37999725341797,125.55000305175781,125.33000183105469,125.4800033569336,126023.0,yahoo
CANBK,5m,2026-09-25T09:30:00+05:30,125.47000122070312,125.54000091552734,125.37000274658203,125.41000366210938,99671.0,yahoo
CANBK,5m,2026-09-25T09:35:00+05:30,125.41000366210938,125.51000213623047,124.95999908447266,125.08000183105469,321421.0,yahoo
CANBK,5m,2026-09-25T09:40:00+05:30,125.0999984741211,125.8499984741211,125.0999984741211,125.38999938964844,330289.0,yahoo
CANBK,5m,2026-09-25T09:45:00+05:30,125.4000015258789,125.5199966430664,125.2699966430664,125.2699966430664,110875.0,yahoo
CANBK,5m,2026-09-25T09:50:00+05:30,125.30000305175781,125.31999969482422,125.05000305175781,125.19999694824219,127034.0,yahoo
CANBK,5m,2026-09-25T09:55:00+05:30,125.19999694824219,125.20999908447266,124.95999908447266,125.16000366210938,246970.0,yahoo
CANBK,5m,2026-09-25T10:00:00+05:30,125.12000274658203,125.37000274658203,125.12000274658203,125.36000061035156,128223.0,yahoo
CANBK,5m,2026-09-25T10:05:00+05:30,125.3499984741211,125.62000274658203,125.25,125.51000213623047,141410.0,yahoo
CANBK,5m,2026-09-25T10:10:00+05:30,125.55999755859375,125.62999725341797,125.31999969482422,125.43000030517578,128375.0,yahoo
CANBK,5m,2026-09-25T10:15:00+05:30,125.4800033569336,125.5,125.25,125.25,77099.0,yahoo
CANBK,5m,2026-09-25T10:20:00+05:30,125.26000213623047,125.33000183105469,125.2300033569336,125.33000183105469,90044.0,yahoo
CANBK,5m,2026-09-25T10:25:00+05:30,125.33000183105469,125.36000061035156,125.25,125.29000091552734,83060.0,yahoo
CANBK,5m,2026-09-25T10:30:00+05:30,125.29000091552734,125.41000366210938,125.26000213623047,125.26000213623047,22458.0,yahoo
CANBK,5m,2026-09-25T10:35:00+05:30,125.25,125.26000213623047,125.1500015258789,125.19999694824219,41658.0,yahoo
CANBK,5m,2026-09-25T10:40:00+05:30,125.22000122070312,125.22000122070312,125.05999755859375,125.05999755859375,151755.0,yahoo
CANBK,5m,2026-09-25T10:45:00+05:30,125.05000305175781,125.05999755859375,124.88999938964844,124.95999908447266,222294.0,yahoo
CANBK,5m,2026-09-25T10:50:00+05:30,124.93000030517578,125.05000305175781,124.91000366210938,124.94000244140625,52624.0,yahoo
CANBK,5m,2026-09-25T10:55:00+05:30,124.94999694824219,125.12000274658203,124.94999694824219,125.0999984741211,91934.0,yahoo
CANBK,5m,2026-09-25T11:00:00+05:30,125.05000305175781,125.30000305175781,125.01000213623047,125.2300033569336,109121.0,yahoo
CANBK,5m,2026-09-25T11:05:00+05:30,125.26000213623047,125.44999694824219,125.23999786376953,125.44000244140625,61022.0,yahoo
CANBK,5m,2026-09-25T11:10:00+05:30,125.44000244140625,125.44000244140625,125.30000305175781,125.3499984741211,60587.0,yahoo
CANBK,5m,2026-09-25T11:15:00+05:30,125.36000061035156,125.36000061035156,125.20999908447266,125.25,25028.0,yahoo
CANBK,5m,2026-09-25T11:20:00+05:30,125.2300033569336,125.2699966430664,124.97000122070312,124.97000122070312,146065.0,yahoo
CANBK,5m,2026-09-25T11:25:00+05:30,124.97000122070312,125.05000305175781,124.94999694824219,124.98999786376953,34301.0,yahoo
CANBK,5m,2026-09-25T11:30:00+05:30,124.98999786376953,125.18000030517578,124.98999786376953,125.08000183105469,613060.0,yahoo
CANBK,5m,2026-09-25T11:35:00+05:30,125.08000183105469,125.19999694824219,125.08000183105469,125.19999694824219,38790.0,yahoo
CANBK,5m,2026-09-25T11:40:00+05:30,125.19999694824219,125.23999786376953,125.0999984741211,125.12000274658203,32890.0,yahoo
CANBK,5m,2026-09-25T11:45:00+05:30,125.12000274658203,125.33999633789062,125.05999755859375,125.33000183105469,123186.0,yahoo
CANBK,5m,2026-09-25T11:50:00+05:30,125.33000183105469,125.33000183105469,125.18000030517578,125.19999694824219,31641.0,yahoo
CANBK,5m,2026-09-25T11:55:00+05:30,125.19999694824219,125.26000213623047,125.16000366210938,125.20999908447266,35924.0,yahoo
CANBK,5m,2026-09-25T12:00:00+05:30,125.23999786376953,125.23999786376953,125.04000091552734,125.05999755859375,74195.0,yahoo
CANBK,5m,2026-09-25T12:05:00+05:30,125.05999755859375,125.12999725341797,125.0199966430664,125.12000274658203,36228.0,yahoo
CANBK,5m,2026-09-25T12:10:00+05:30,125.12999725341797,125.12999725341797,125.06999969482422,125.06999969482422,29255.0,yahoo
CANBK,5m,2026-09-25T12:15:00+05:30,125.0999984741211,125.16000366210938,125.05000305175781,125.0999984741211,45719.0,yahoo
CANBK,5m,2026-09-25T12:20:00+05:30,125.0999984741211,125.16000366210938,125.0,125.08000183105469,43943.0,yahoo
CANBK,5m,2026-09-25T12:25:00+05:30,125.0199966430664,125.08000183105469,125.0199966430664,125.02999877929688,16754.0,yahoo
CANBK,5m,2026-09-25T12:30:00+05:30,125.06999969482422,125.1500015258789,125.06999969482422,125.12000274658203,17684.0,yahoo
CANBK,5m,2026-09-25T12:35:00+05:30,125.12000274658203,125.16000366210938,125.0999984741211,125.0999984741211,68319.0,yahoo
CANBK,5m,2026-09-25T12:40:00+05:30,125.11000061035156,125.11000061035156,125.0199966430664,125.04000091552734,29911.0,yahoo
CANBK,5m,2026-09-25T12:45:00+05:30,125.04000091552734,125.0999984741211,124.9800033569336,124.98999786376953,62515.0,yahoo
CANBK,5m,2026-09-25T12:50:00+05:30,124.98999786376953,124.98999786376953,124.87000274658203,124.91000366210938,110639.0,yahoo
CANBK,5m,2026-09-25T12:55:00+05:30,124.91000366210938,125.02999877929688,124.80000305175781,125.02999877929688,240065.0,yahoo
CANBK,5m,2026-09-25T13:00:00+05:30,125.0199966430664,125.08000183105469,124.86000061035156,125.0,179457.0,yahoo
CANBK,5m,2026-09-25T13:05:00+05:30,124.97000122070312,125.0,124.91000366210938,124.94000244140625,13359.0,yahoo
CANBK,5m,2026-09-25T13:10:00+05:30,124.94000244140625,124.98999786376953,124.9000015258789,124.91999816894531,14737.0,yahoo
CANBK,5m,2026-09-25T13:15:00+05:30,124.93000030517578,124.94999694824219,124.9000015258789,124.94000244140625,19690.0,yahoo
CANBK,5m,2026-09-25T13:20:00+05:30,124.94000244140625,125.01000213623047,124.91000366210938,124.94999694824219,70686.0,yahoo
CANBK,5m,2026-09-25T13:25:00+05:30,124.94999694824219,124.97000122070312,124.9000015258789,124.94999694824219,15973.0,yahoo
CANBK,5m,2026-09-25T13:30:00+05:30,124.94999694824219,124.95999908447266,124.9000015258789,124.94000244140625,12506.0,yahoo
CANBK,5m,2026-09-25T13:35:00+05:30,124.94000244140625,124.94000244140625,124.81999969482422,124.86000061035156,26714.0,yahoo
CANBK,5m,2026-09-25T13:40:00+05:30,124.86000061035156,124.94000244140625,124.80000305175781,124.88999938964844,34467.0,yahoo
CANBK,5m,2026-09-25T13:45:00+05:30,124.88999938964844,124.9800033569336,124.8499984741211,124.9000015258789,22893.0,yahoo
CANBK,5m,2026-09-25T13:50:00+05:30,124.87999725341797,124.94999694824219,124.8499984741211,124.9000015258789,30292.0,yahoo
CANBK,5m,2026-09-25T13:55:00+05:30,124.9000015258789,125.06999969482422,124.86000061035156,125.06999969482422,20533.0,yahoo
CANBK,5m,2026-09-25T14:00:00+05:30,125.12999725341797,125.4800033569336,125.0999984741211,125.38999938964844,203380.0,yahoo
CANBK,5m,2026-09-25T14:05:00+05:30,125.41000366210938,125.44000244140625,125.0999984741211,125.18000030517578,101222.0,yahoo
CANBK,5m,2026-09-25T14:10:00+05:30,125.18000030517578,125.23999786376953,125.11000061035156,125.16000366210938,36726.0,yahoo
CANBK,5m,2026-09-25T14:15:00+05:30,125.13999938964844,125.3499984741211,125.13999938964844,125.30999755859375,57605.0,yahoo
CANBK,5m,2026-09-25T14:20:00+05:30,125.33999633789062,125.4000015258789,125.19999694824219,125.26000213623047,118513.0,yahoo
CANBK,5m,2026-09-25T14:25:00+05:30,125.33000183105469,125.44000244140625,125.16000366210938,125.20999908447266,59612.0,yahoo
CANBK,5m,2026-09-25T14:30:00+05:30,125.20999908447266,125.22000122070312,125.12999725341797,125.16999816894531,47843.0,yahoo
CANBK,5m,2026-09-25T14:35:00+05:30,125.16999816894531,125.25,125.05000305175781,125.05000305175781,93463.0,yahoo
CANBK,5m,2026-09-25T14:40:00+05:30,125.01000213623047,125.05000305175781,124.86000061035156,124.91999816894531,164385.0,yahoo
CANBK,5m,2026-09-25T14:45:00+05:30,124.93000030517578,124.98999786376953,124.87999725341797,124.98999786376953,78477.0,yahoo
CANBK,5m,2026-09-25T14:50:00+05:30,124.98999786376953,125.05999755859375,124.91999816894531,125.01000213623047,72458.0,yahoo
CANBK,5m,2026-09-25T14:55:00+05:30,125.0199966430664,125.02999877929688,124.93000030517578,124.97000122070312,138348.0,yahoo
CANBK,5m,2026-09-25T15:00:00+05:30,124.97000122070312,125.01000213623047,124.93000030517578,125.0,188924.0,yahoo
CANBK,5m,2026-09-25T15:05:00+05:30,124.98999786376953,124.98999786376953,124.8499984741211,124.87999725341797,257749.0,yahoo
CANBK,5m,2026-09-25T15:10:00+05:30,124.9000015258789,124.97000122070312,124.83999633789062,124.86000061035156,299389.0,yahoo
CANBK,5m,2026-09-25T15:15:00+05:30,124.9000015258789,124.98999786376953,124.9000015258789,124.98999786376953,212868.0,yahoo
CDSL,5m,2026-09-25T09:15:00+05:30,1323.800048828125,1331.4000244140625,1320.4000244140625,1320.4000244140625,0.0,yahoo
CDSL,5m,2026-09-25T09:20:00+05:30,1320.0999755859375,1337.4000244140625,1318.800048828125,1329.5,56427.0,yahoo
CDSL,5m,2026-09-25T09:25:00+05:30,1329.699951171875,1330.5,1327.4000244140625,1330.0,39711.0,yahoo
CDSL,5m,2026-09-25T09:30:00+05:30,1329.0999755859375,1329.800048828125,1324.0999755859375,1325.0999755859375,12987.0,yahoo
CDSL,5m,2026-09-25T09:35:00+05:30,1324.5999755859375,1325.5,1323.699951171875,1323.699951171875,21371.0,yahoo
CDSL,5m,2026-09-25T09:40:00+05:30,1324.4000244140625,1324.4000244140625,1318.800048828125,1318.800048828125,13706.0,yahoo
CDSL,5m,2026-09-25T09:45:00+05:30,1318.4000244140625,1322.0,1318.4000244140625,1319.9000244140625,11956.0,yahoo
CDSL,5m,2026-09-25T09:50:00+05:30,1320.0,1322.0,1317.0,1319.0999755859375,17466.0,yahoo
CDSL,5m,2026-09-25T09:55:00+05:30,1319.0999755859375,1321.5,1317.5,1319.300048828125,23270.0,yahoo
CDSL,5m,2026-09-25T10:00:00+05:30,1319.0,1324.199951171875,1318.0,1323.699951171875,17737.0,yahoo
CDSL,5m,2026-09-25T10:05:00+05:30,1324.0,1324.0,1322.0,1323.0999755859375,40427.0,yahoo
CDSL,5m,2026-09-25T10:10:00+05:30,1323.0,1324.0,1321.0999755859375,1322.699951171875,27764.0,yahoo
CDSL,5m,2026-09-25T10:15:00+05:30,1322.9000244140625,1324.0,1321.699951171875,1322.300048828125,10258.0,yahoo
CDSL,5m,2026-09-25T10:20:00+05:30,1321.699951171875,1323.5,1319.0999755859375,1319.0999755859375,16291.0,yahoo
CDSL,5m,2026-09-25T10:25:00+05:30,1319.0999755859375,1322.699951171875,1319.0999755859375,1322.0999755859375,5571.0,yahoo
CDSL,5m,2026-09-25T10:30:00+05:30,1322.800048828125,1323.0,1319.800048828125,1319.800048828125,8713.0,yahoo
CDSL,5m,2026-09-25T10:35:00+05:30,1319.0999755859375,1321.0,1319.0,1320.9000244140625,11997.0,yahoo
CDSL,5m,2026-09-25T10:40:00+05:30,1320.9000244140625,1323.0,1320.800048828125,1322.0,5848.0,yahoo
CDSL,5m,2026-09-25T10:45:00+05:30,1322.199951171875,1322.4000244140625,1319.4000244140625,1320.199951171875,10538.0,yahoo
CDSL,5m,2026-09-25T10:50:00+05:30,1319.800048828125,1321.0,1318.800048828125,1320.0999755859375,9919.0,yahoo
CDSL,5m,2026-09-25T10:55:00+05:30,1320.199951171875,1323.199951171875,1320.0,1322.5,25853.0,yahoo
CDSL,5m,2026-09-25T11:00:00+05:30,1323.0999755859375,1324.4000244140625,1322.199951171875,1322.4000244140625,7838.0,yahoo
CDSL,5m,2026-09-25T11:05:00+05:30,1322.5,1323.699951171875,1322.0,1322.300048828125,3365.0,yahoo
CDSL,5m,2026-09-25T11:10:00+05:30,1322.9000244140625,1323.5,1321.800048828125,1323.0,3278.0,yahoo
CDSL,5m,2026-09-25T11:15:00+05:30,1323.0,1324.699951171875,1322.5999755859375,1324.4000244140625,4523.0,yahoo
CDSL,5m,2026-09-25T11:20:00+05:30,1324.800048828125,1331.4000244140625,1324.800048828125,1329.5,36394.0,yahoo
CDSL,5m,2026-09-25T11:25:00+05:30,1330.0,1330.4000244140625,1328.800048828125,1329.4000244140625,6545.0,yahoo
CDSL,5m,2026-09-25T11:30:00+05:30,1329.300048828125,1329.5999755859375,1327.5999755859375,1328.0999755859375,7503.0,yahoo
CDSL,5m,2026-09-25T11:35:00+05:30,1328.5,1328.5,1326.199951171875,1327.800048828125,24478.0,yahoo
CDSL,5m,2026-09-25T11:40:00+05:30,1327.800048828125,1327.800048828125,1325.5999755859375,1326.0999755859375,3602.0,yahoo
CDSL,5m,2026-09-25T11:45:00+05:30,1325.9000244140625,1328.300048828125,1325.0999755859375,1328.0,9460.0,yahoo
CDSL,5m,2026-09-25T11:50:00+05:30,1328.199951171875,1328.300048828125,1326.4000244140625,1327.0999755859375,11708.0,yahoo
CDSL,5m,2026-09-25T11:55:00+05:30,1327.4000244140625,1328.0,1326.4000244140625,1326.4000244140625,4546.0,yahoo
CDSL,5m,2026-09-25T12:00:00+05:30,1326.5999755859375,1327.0,1323.300048828125,1323.800048828125,17409.0,yahoo
CDSL,5m,2026-09-25T12:05:00+05:30,1323.9000244140625,1325.199951171875,1323.5999755859375,1324.800048828125,8231.0,yahoo
CDSL,5m,2026-09-25T12:10:00+05:30,1324.4000244140625,1325.5999755859375,1323.9000244140625,1324.9000244140625,2895.0,yahoo
CDSL,5m,2026-09-25T12:15:00+05:30,1325.0,1325.0,1324.5,1324.9000244140625,4112.0,yahoo
CDSL,5m,2026-09-25T12:20:00+05:30,1324.800048828125,1325.0,1323.5,1324.699951171875,5244.0,yahoo
CDSL,5m,2026-09-25T12:25:00+05:30,1324.5999755859375,1326.0,1323.9000244140625,1325.0,6464.0,yahoo
CDSL,5m,2026-09-25T12:30:00+05:30,1325.0,1326.4000244140625,1324.199951171875,1325.0,18943.0,yahoo
CDSL,5m,2026-09-25T12:35:00+05:30,1324.9000244140625,1326.699951171875,1324.0,1325.0,29898.0,yahoo
CDSL,5m,2026-09-25T12:40:00+05:30,1324.699951171875,1325.800048828125,1322.800048828125,1323.4000244140625,15220.0,yahoo
CDSL,5m,2026-09-25T12:45:00+05:30,1323.0,1324.0999755859375,1322.800048828125,1323.0999755859375,7885.0,yahoo
CDSL,5m,2026-09-25T12:50:00+05:30,1323.5,1324.199951171875,1322.9000244140625,1323.9000244140625,6523.0,yahoo
CDSL,5m,2026-09-25T12:55:00+05:30,1323.800048828125,1325.0,1322.699951171875,1325.0,8782.0,yahoo
CDSL,5m,2026-09-25T13:00:00+05:30,1324.9000244140625,1327.0,1322.4000244140625,1322.699951171875,94900.0,yahoo
CDSL,5m,2026-09-25T13:05:00+05:30,1322.699951171875,1323.9000244140625,1321.699951171875,1323.4000244140625,7328.0,yahoo
CDSL,5m,2026-09-25T13:10:00+05:30,1323.4000244140625,1323.4000244140625,1321.5,1322.0,9673.0,yahoo
CDSL,5m,2026-09-25T13:15:00+05:30,1322.0,1322.800048828125,1321.0,1321.9000244140625,5004.0,yahoo
CDSL,5m,2026-09-25T13:20:00+05:30,1321.800048828125,1321.9000244140625,1320.699951171875,1321.0,10492.0,yahoo
CDSL,5m,2026-09-25T13:25:00+05:30,1320.9000244140625,1322.4000244140625,1320.9000244140625,1322.4000244140625,3914.0,yahoo
CDSL,5m,2026-09-25T13:30:00+05:30,1322.4000244140625,1322.4000244140625,1321.0,1321.4000244140625,2821.0,yahoo
CDSL,5m,2026-09-25T13:35:00+05:30,1321.4000244140625,1322.4000244140625,1320.0999755859375,1321.5999755859375,5952.0,yahoo
CDSL,5m,2026-09-25T13:40:00+05:30,1321.5999755859375,1322.0,1320.699951171875,1321.0,5866.0,yahoo
CDSL,5m,2026-09-25T13:45:00+05:30,1321.0999755859375,1321.9000244140625,1320.699951171875,1321.199951171875,2970.0,yahoo
CDSL,5m,2026-09-25T13:50:00+05:30,1321.199951171875,1321.300048828125,1319.0,1319.0999755859375,14217.0,yahoo
CDSL,5m,2026-09-25T13:55:00+05:30,1319.0,1321.800048828125,1318.5,1321.800048828125,12713.0,yahoo
CDSL,5m,2026-09-25T14:00:00+05:30,1321.800048828125,1325.9000244140625,1321.800048828125,1324.5999755859375,85361.0,yahoo
CDSL,5m,2026-09-25T14:05:00+05:30,1324.5999755859375,1324.699951171875,1321.800048828125,1321.9000244140625,29553.0,yahoo
CDSL,5m,2026-09-25T14:10:00+05:30,1322.0,1322.9000244140625,1321.300048828125,1321.699951171875,5614.0,yahoo
CDSL,5m,2026-09-25T14:15:00+05:30,1321.5999755859375,1322.9000244140625,1321.5999755859375,1322.0,6495.0,yahoo
CDSL,5m,2026-09-25T14:20:00+05:30,1322.0,1322.5,1321.5,1321.9000244140625,7337.0,yahoo
CDSL,5m,2026-09-25T14:25:00+05:30,1321.9000244140625,1323.4000244140625,1321.9000244140625,1322.699951171875,9183.0,yahoo
CDSL,5m,2026-09-25T14:30:00+05:30,1322.5999755859375,1323.5,1322.0,1323.0,5267.0,yahoo
CDSL,5m,2026-09-25T14:35:00+05:30,1323.0,1323.5999755859375,1322.0,1322.699951171875,7628.0,yahoo
CDSL,5m,2026-09-25T14:40:00+05:30,1322.699951171875,1322.800048828125,1320.9000244140625,1322.199951171875,16374.0,yahoo
CDSL,5m,2026-09-25T14:45:00+05:30,1321.800048828125,1322.199951171875,1321.0,1321.0,19836.0,yahoo
CDSL,5m,2026-09-25T14:50:00+05:30,1320.9000244140625,1322.9000244140625,1320.699951171875,1322.699951171875,31743.0,yahoo
CDSL,5m,2026-09-25T14:55:00+05:30,1322.300048828125,1322.300048828125,1313.5999755859375,1314.4000244140625,50818.0,yahoo
CDSL,5m,2026-09-25T15:00:00+05:30,1314.5,1318.0,1313.0,1317.4000244140625,31128.0,yahoo
CDSL,5m,2026-09-25T15:05:00+05:30,1317.4000244140625,1318.5,1316.0,1316.0,20812.0,yahoo
CDSL,5m,2026-09-25T15:10:00+05:30,1316.0999755859375,1323.5999755859375,1314.9000244140625,1316.800048828125,49260.0,yahoo
CDSL,5m,2026-09-25T15:15:00+05:30,1317.0,1318.0,1317.0,1318.0,3530.0,yahoo
CGPOWER,5m,2026-09-25T09:15:00+05:30,889.0,895.2000122070312,888.8499755859375,889.2000122070312,0.0,yahoo
CGPOWER,5m,2026-09-25T09:20:00+05:30,888.5999755859375,891.0,886.9500122070312,888.7000122070312,28552.0,yahoo
CGPOWER,5m,2026-09-25T09:25:00+05:30,888.3499755859375,891.2999877929688,888.0,890.7999877929688,9073.0,yahoo
CGPOWER,5m,2026-09-25T09:30:00+05:30,890.9500122070312,892.6500244140625,890.7000122070312,891.5,11410.0,yahoo
CGPOWER,5m,2026-09-25T09:35:00+05:30,891.5,891.9000244140625,888.75,889.7000122070312,16638.0,yahoo
CGPOWER,5m,2026-09-25T09:40:00+05:30,889.7999877929688,889.7999877929688,886.5,886.5,19196.0,yahoo
CGPOWER,5m,2026-09-25T09:45:00+05:30,887.2000122070312,887.5,886.0,886.2999877929688,17945.0,yahoo
CGPOWER,5m,2026-09-25T09:50:00+05:30,886.4500122070312,887.5499877929688,885.4500122070312,885.5499877929688,15196.0,yahoo
CGPOWER,5m,2026-09-25T09:55:00+05:30,885.9500122070312,886.75,885.4500122070312,886.4000244140625,11964.0,yahoo
CGPOWER,5m,2026-09-25T10:00:00+05:30,886.2999877929688,888.5999755859375,885.2999877929688,888.5999755859375,10612.0,yahoo
CGPOWER,5m,2026-09-25T10:05:00+05:30,887.75,888.5,885.1500244140625,885.6500244140625,17055.0,yahoo
CGPOWER,5m,2026-09-25T10:10:00+05:30,885.6500244140625,886.5499877929688,884.5,886.5499877929688,16837.0,yahoo
CGPOWER,5m,2026-09-25T10:15:00+05:30,886.5499877929688,886.8499755859375,885.4000244140625,886.25,12864.0,yahoo
CGPOWER,5m,2026-09-25T10:20:00+05:30,886.5,887.2999877929688,885.0499877929688,885.0499877929688,8668.0,yahoo
CGPOWER,5m,2026-09-25T10:25:00+05:30,885.25,887.2999877929688,884.7999877929688,885.9000244140625,11111.0,yahoo
CGPOWER,5m,2026-09-25T10:30:00+05:30,886.2999877929688,886.4500122070312,884.4500122070312,884.4500122070312,7452.0,yahoo
CGPOWER,5m,2026-09-25T10:35:00+05:30,884.5,885.9500122070312,884.2999877929688,885.5499877929688,8607.0,yahoo
CGPOWER,5m,2026-09-25T10:40:00+05:30,885.6500244140625,886.3499755859375,885.0,886.0499877929688,10037.0,yahoo
CGPOWER,5m,2026-09-25T10:45:00+05:30,886.2999877929688,888.0499877929688,886.0499877929688,887.0499877929688,18443.0,yahoo
CGPOWER,5m,2026-09-25T10:50:00+05:30,886.7000122070312,887.75,886.7000122070312,886.9000244140625,16336.0,yahoo
CGPOWER,5m,2026-09-25T10:55:00+05:30,886.9000244140625,888.5499877929688,886.9000244140625,887.8499755859375,8147.0,yahoo
CGPOWER,5m,2026-09-25T11:00:00+05:30,887.4000244140625,889.25,887.2999877929688,888.75,12345.0,yahoo
CGPOWER,5m,2026-09-25T11:05:00+05:30,888.9000244140625,890.5999755859375,888.9000244140625,890.5,6518.0,yahoo
CGPOWER,5m,2026-09-25T11:10:00+05:30,890.4000244140625,890.4000244140625,888.2999877929688,888.7999877929688,9367.0,yahoo
CGPOWER,5m,2026-09-25T11:15:00+05:30,888.7999877929688,889.5499877929688,888.3499755859375,888.5,3400.0,yahoo
CGPOWER,5m,2026-09-25T11:20:00+05:30,888.5,889.4000244140625,888.2999877929688,888.2999877929688,3288.0,yahoo
CGPOWER,5m,2026-09-25T11:25:00+05:30,888.2999877929688,888.4500122070312,885.5999755859375,885.7999877929688,6294.0,yahoo
CGPOWER,5m,2026-09-25T11:30:00+05:30,885.9000244140625,886.8499755859375,884.7000122070312,885.25,12595.0,yahoo
CGPOWER,5m,2026-09-25T11:35:00+05:30,885.25,886.5499877929688,885.25,885.8499755859375,5104.0,yahoo
CGPOWER,5m,2026-09-25T11:40:00+05:30,885.5499877929688,885.8499755859375,884.4000244140625,884.5499877929688,5892.0,yahoo
CGPOWER,5m,2026-09-25T11:45:00+05:30,884.4000244140625,885.2000122070312,884.0999755859375,885.1500244140625,4766.0,yahoo
CGPOWER,5m,2026-09-25T11:50:00+05:30,885.7000122070312,885.7000122070312,884.25,884.5999755859375,4590.0,yahoo
CGPOWER,5m,2026-09-25T11:55:00+05:30,884.9500122070312,884.9500122070312,884.2999877929688,884.4000244140625,4058.0,yahoo
CGPOWER,5m,2026-09-25T12:00:00+05:30,884.5,884.9500122070312,884.1500244140625,884.25,2185.0,yahoo
CGPOWER,5m,2026-09-25T12:05:00+05:30,884.25,884.9500122070312,883.5999755859375,884.0,8863.0,yahoo
CGPOWER,5m,2026-09-25T12:10:00+05:30,884.0,884.2000122070312,883.5999755859375,884.2000122070312,4470.0,yahoo
CGPOWER,5m,2026-09-25T12:15:00+05:30,884.0499877929688,884.2000122070312,883.5999755859375,883.9000244140625,3091.0,yahoo
CGPOWER,5m,2026-09-25T12:20:00+05:30,883.5999755859375,883.9500122070312,883.1500244140625,883.4500122070312,2161.0,yahoo
CGPOWER,5m,2026-09-25T12:25:00+05:30,883.4500122070312,883.7999877929688,883.0499877929688,883.7000122070312,3844.0,yahoo
CGPOWER,5m,2026-09-25T12:30:00+05:30,883.7000122070312,883.8499755859375,883.0999755859375,883.4000244140625,1789.0,yahoo
CGPOWER,5m,2026-09-25T12:35:00+05:30,883.2000122070312,883.25,882.1500244140625,882.5,8073.0,yahoo
CGPOWER,5m,2026-09-25T12:40:00+05:30,882.5999755859375,882.75,881.7000122070312,882.25,6306.0,yahoo
CGPOWER,5m,2026-09-25T12:45:00+05:30,882.0,882.1500244140625,878.4500122070312,878.4500122070312,23950.0,yahoo
CGPOWER,5m,2026-09-25T12:50:00+05:30,878.4500122070312,878.4500122070312,878.0,878.0499877929688,7980.0,yahoo
CGPOWER,5m,2026-09-25T12:55:00+05:30,878.0,879.0499877929688,877.5499877929688,879.0499877929688,9930.0,yahoo
CGPOWER,5m,2026-09-25T13:00:00+05:30,878.7000122070312,880.0,878.7000122070312,879.0999755859375,8960.0,yahoo
CGPOWER,5m,2026-09-25T13:05:00+05:30,879.0499877929688,879.5,878.4000244140625,879.2000122070312,3498.0,yahoo
CGPOWER,5m,2026-09-25T13:10:00+05:30,879.2000122070312,879.8499755859375,879.0,879.0999755859375,3672.0,yahoo
CGPOWER,5m,2026-09-25T13:15:00+05:30,879.1500244140625,879.5,878.8499755859375,879.1500244140625,2475.0,yahoo
CGPOWER,5m,2026-09-25T13:20:00+05:30,879.1500244140625,879.8499755859375,878.0999755859375,879.0,16795.0,yahoo
CGPOWER,5m,2026-09-25T13:25:00+05:30,879.0,880.2000122070312,878.2000122070312,880.2000122070312,31066.0,yahoo
CGPOWER,5m,2026-09-25T13:30:00+05:30,879.9000244140625,880.4500122070312,879.75,880.0499877929688,22436.0,yahoo
CGPOWER,5m,2026-09-25T13:35:00+05:30,879.75,880.4000244140625,879.75,880.3499755859375,18639.0,yahoo
CGPOWER,5m,2026-09-25T13:40:00+05:30,880.0,880.4500122070312,880.0,880.0,6245.0,yahoo
CGPOWER,5m,2026-09-25T13:45:00+05:30,880.0,880.8499755859375,879.75,880.5499877929688,14147.0,yahoo
CGPOWER,5m,2026-09-25T13:50:00+05:30,880.5499877929688,880.5499877929688,880.0,880.0999755859375,6344.0,yahoo
CGPOWER,5m,2026-09-25T13:55:00+05:30,880.0999755859375,881.4500122070312,880.0,881.25,8464.0,yahoo
CGPOWER,5m,2026-09-25T14:00:00+05:30,880.9000244140625,885.0999755859375,880.9000244140625,884.0499877929688,16735.0,yahoo
CGPOWER,5m,2026-09-25T14:05:00+05:30,884.0,884.4000244140625,883.2000122070312,883.2000122070312,13529.0,yahoo
CGPOWER,5m,2026-09-25T14:10:00+05:30,883.1500244140625,884.0999755859375,883.0999755859375,883.9500122070312,7742.0,yahoo
CGPOWER,5m,2026-09-25T14:15:00+05:30,884.1500244140625,884.4000244140625,883.6500244140625,883.7000122070312,8392.0,yahoo
CGPOWER,5m,2026-09-25T14:20:00+05:30,884.0,884.0,883.0499877929688,883.75,6903.0,yahoo
CGPOWER,5m,2026-09-25T14:25:00+05:30,883.9000244140625,884.4000244140625,883.5,884.0,17263.0,yahoo
CGPOWER,5m,2026-09-25T14:30:00+05:30,883.9000244140625,884.7000122070312,883.5999755859375,883.7999877929688,14440.0,yahoo
CGPOWER,5m,2026-09-25T14:35:00+05:30,883.8499755859375,884.2000122070312,883.5999755859375,883.7999877929688,12429.0,yahoo
CGPOWER,5m,2026-09-25T14:40:00+05:30,883.9000244140625,884.7999877929688,883.5999755859375,884.7999877929688,19978.0,yahoo
CGPOWER,5m,2026-09-25T14:45:00+05:30,884.5,885.4500122070312,884.25,884.9500122070312,19371.0,yahoo
CGPOWER,5m,2026-09-25T14:50:00+05:30,884.9500122070312,886.0999755859375,884.9500122070312,885.5499877929688,56878.0,yahoo
CGPOWER,5m,2026-09-25T14:55:00+05:30,886.2999877929688,886.7000122070312,885.8499755859375,886.3499755859375,25735.0,yahoo
CGPOWER,5m,2026-09-25T15:00:00+05:30,886.3499755859375,886.5,886.0,886.2000122070312,23457.0,yahoo
CGPOWER,5m,2026-09-25T15:05:00+05:30,886.25,886.5,886.0,886.1500244140625,23988.0,yahoo
CGPOWER,5m,2026-09-25T15:10:00+05:30,886.0499877929688,886.9000244140625,886.0,886.0,43301.0,yahoo
CGPOWER,5m,2026-09-25T15:15:00+05:30,886.0,886.0,886.0,886.0,16299.0,yahoo
CIPLA,5m,2026-09-25T09:15:00+05:30,1404.9000244140625,1406.5,1395.5,1399.9000244140625,0.0,yahoo
CIPLA,5m,2026-09-25T09:20:00+05:30,1399.0,1403.199951171875,1398.5,1401.800048828125,13087.0,yahoo
CIPLA,5m,2026-09-25T09:25:00+05:30,1401.800048828125,1405.0999755859375,1401.800048828125,1405.0,14107.0,yahoo
CIPLA,5m,2026-09-25T09:30:00+05:30,1405.4000244140625,1414.0,1404.5,1413.199951171875,42850.0,yahoo
CIPLA,5m,2026-09-25T09:35:00+05:30,1413.199951171875,1420.9000244140625,1410.4000244140625,1419.4000244140625,57372.0,yahoo
CIPLA,5m,2026-09-25T09:40:00+05:30,1419.800048828125,1420.0,1414.0,1415.800048828125,38002.0,yahoo
CIPLA,5m,2026-09-25T09:45:00+05:30,1416.199951171875,1417.9000244140625,1416.0999755859375,1417.0,30227.0,yahoo
CIPLA,5m,2026-09-25T09:50:00+05:30,1416.5,1417.0,1413.0,1413.800048828125,26947.0,yahoo
CIPLA,5m,2026-09-25T09:55:00+05:30,1413.4000244140625,1418.0999755859375,1413.0999755859375,1416.199951171875,18893.0,yahoo
CIPLA,5m,2026-09-25T10:00:00+05:30,1416.5999755859375,1416.5999755859375,1411.699951171875,1412.5,13858.0,yahoo
CIPLA,5m,2026-09-25T10:05:00+05:30,1412.4000244140625,1413.4000244140625,1410.0,1410.0999755859375,12320.0,yahoo
CIPLA,5m,2026-09-25T10:10:00+05:30,1410.0,1412.5,1408.199951171875,1411.4000244140625,10668.0,yahoo
CIPLA,5m,2026-09-25T10:15:00+05:30,1411.199951171875,1413.9000244140625,1410.0999755859375,1413.300048828125,7810.0,yahoo
CIPLA,5m,2026-09-25T10:20:00+05:30,1413.300048828125,1416.5999755859375,1412.199951171875,1415.5,15404.0,yahoo
CIPLA,5m,2026-09-25T10:25:00+05:30,1415.5999755859375,1415.5999755859375,1412.4000244140625,1412.800048828125,6128.0,yahoo
CIPLA,5m,2026-09-25T10:30:00+05:30,1413.0,1413.4000244140625,1411.0,1411.5,6740.0,yahoo
CIPLA,5m,2026-09-25T10:35:00+05:30,1411.9000244140625,1413.0,1403.9000244140625,1406.199951171875,20014.0,yahoo
CIPLA,5m,2026-09-25T10:40:00+05:30,1406.5999755859375,1408.5,1405.800048828125,1406.300048828125,9921.0,yahoo
CIPLA,5m,2026-09-25T10:45:00+05:30,1406.9000244140625,1408.699951171875,1405.300048828125,1408.5,3641.0,yahoo
CIPLA,5m,2026-09-25T10:50:00+05:30,1408.699951171875,1409.0,1407.5999755859375,1408.300048828125,4349.0,yahoo
CIPLA,5m,2026-09-25T10:55:00+05:30,1408.4000244140625,1408.800048828125,1406.699951171875,1407.199951171875,1074.0,yahoo
CIPLA,5m,2026-09-25T11:00:00+05:30,1407.0,1409.699951171875,1406.300048828125,1409.0,3253.0,yahoo
CIPLA,5m,2026-09-25T11:05:00+05:30,1409.0,1411.0,1409.0,1410.800048828125,3059.0,yahoo
CIPLA,5m,2026-09-25T11:10:00+05:30,1410.800048828125,1412.5,1410.0999755859375,1412.300048828125,7400.0,yahoo
CIPLA,5m,2026-09-25T11:15:00+05:30,1413.4000244140625,1414.300048828125,1410.5999755859375,1411.4000244140625,9642.0,yahoo
CIPLA,5m,2026-09-25T11:20:00+05:30,1410.9000244140625,1411.0,1407.0999755859375,1407.699951171875,5961.0,yahoo
CIPLA,5m,2026-09-25T11:25:00+05:30,1408.0,1408.699951171875,1404.300048828125,1406.5,30759.0,yahoo
CIPLA,5m,2026-09-25T11:30:00+05:30,1407.0,1408.4000244140625,1406.199951171875,1406.9000244140625,17091.0,yahoo
CIPLA,5m,2026-09-25T11:35:00+05:30,1406.9000244140625,1407.0,1403.199951171875,1403.199951171875,12487.0,yahoo
CIPLA,5m,2026-09-25T11:40:00+05:30,1404.0999755859375,1406.9000244140625,1403.199951171875,1404.0,28338.0,yahoo
CIPLA,5m,2026-09-25T11:45:00+05:30,1403.5,1404.699951171875,1403.5,1404.0,15970.0,yahoo
CIPLA,5m,2026-09-25T11:50:00+05:30,1404.0,1405.9000244140625,1403.4000244140625,1405.0,3632.0,yahoo
CIPLA,5m,2026-09-25T11:55:00+05:30,1405.0,1405.0,1404.4000244140625,1404.5,2424.0,yahoo
CIPLA,5m,2026-09-25T12:00:00+05:30,1404.9000244140625,1404.9000244140625,1404.0,1404.5,7989.0,yahoo
CIPLA,5m,2026-09-25T12:05:00+05:30,1404.9000244140625,1405.0,1403.800048828125,1404.0,5559.0,yahoo
CIPLA,5m,2026-09-25T12:10:00+05:30,1404.0,1405.0,1404.0,1404.800048828125,3406.0,yahoo
CIPLA,5m,2026-09-25T12:15:00+05:30,1404.800048828125,1405.0,1403.9000244140625,1404.699951171875,4559.0,yahoo
CIPLA,5m,2026-09-25T12:20:00+05:30,1404.699951171875,1404.699951171875,1402.199951171875,1402.5,5631.0,yahoo
CIPLA,5m,2026-09-25T12:25:00+05:30,1402.5999755859375,1405.0,1402.5999755859375,1404.699951171875,3960.0,yahoo
CIPLA,5m,2026-09-25T12:30:00+05:30,1404.5,1405.0,1404.0999755859375,1404.800048828125,2787.0,yahoo
CIPLA,5m,2026-09-25T12:35:00+05:30,1405.0,1405.0,1400.9000244140625,1401.4000244140625,8559.0,yahoo
CIPLA,5m,2026-09-25T12:40:00+05:30,1401.4000244140625,1401.800048828125,1398.5,1399.0,39908.0,yahoo
CIPLA,5m,2026-09-25T12:45:00+05:30,1399.5,1399.5999755859375,1398.0999755859375,1399.5,4271.0,yahoo
CIPLA,5m,2026-09-25T12:50:00+05:30,1399.5,1399.5,1398.199951171875,1398.5,2548.0,yahoo
CIPLA,5m,2026-09-25T12:55:00+05:30,1398.4000244140625,1398.800048828125,1396.699951171875,1398.5,7294.0,yahoo
CIPLA,5m,2026-09-25T13:00:00+05:30,1398.5,1399.4000244140625,1397.5999755859375,1398.5999755859375,3802.0,yahoo
CIPLA,5m,2026-09-25T13:05:00+05:30,1398.5999755859375,1398.5999755859375,1395.199951171875,1395.199951171875,39470.0,yahoo
CIPLA,5m,2026-09-25T13:10:00+05:30,1395.9000244140625,1396.699951171875,1395.5,1395.800048828125,5415.0,yahoo
CIPLA,5m,2026-09-25T13:15:00+05:30,1395.800048828125,1396.300048828125,1394.0999755859375,1394.4000244140625,6121.0,yahoo
CIPLA,5m,2026-09-25T13:20:00+05:30,1393.4000244140625,1394.699951171875,1390.0,1390.5,26630.0,yahoo
CIPLA,5m,2026-09-25T13:25:00+05:30,1390.5999755859375,1391.4000244140625,1389.4000244140625,1390.5999755859375,25453.0,yahoo
CIPLA,5m,2026-09-25T13:30:00+05:30,1391.0999755859375,1392.5,1390.5,1391.9000244140625,3470.0,yahoo
CIPLA,5m,2026-09-25T13:35:00+05:30,1391.9000244140625,1392.5,1390.9000244140625,1391.5,4347.0,yahoo
CIPLA,5m,2026-09-25T13:40:00+05:30,1391.5,1391.9000244140625,1390.5999755859375,1391.699951171875,4984.0,yahoo
CIPLA,5m,2026-09-25T13:45:00+05:30,1391.699951171875,1394.300048828125,1388.9000244140625,1393.5,15164.0,yahoo
CIPLA,5m,2026-09-25T13:50:00+05:30,1394.0999755859375,1394.5,1392.699951171875,1392.699951171875,3500.0,yahoo
CIPLA,5m,2026-09-25T13:55:00+05:30,1393.0999755859375,1394.5,1392.0,1393.0,14990.0,yahoo
CIPLA,5m,2026-09-25T14:00:00+05:30,1393.0,1397.199951171875,1392.800048828125,1397.0999755859375,28255.0,yahoo
CIPLA,5m,2026-09-25T14:05:00+05:30,1397.199951171875,1397.9000244140625,1394.300048828125,1394.5999755859375,12653.0,yahoo
CIPLA,5m,2026-09-25T14:10:00+05:30,1394.800048828125,1395.199951171875,1393.4000244140625,1393.9000244140625,4005.0,yahoo
CIPLA,5m,2026-09-25T14:15:00+05:30,1393.9000244140625,1393.9000244140625,1392.0,1392.0,27134.0,yahoo
CIPLA,5m,2026-09-25T14:20:00+05:30,1392.300048828125,1392.9000244140625,1391.5,1392.4000244140625,10205.0,yahoo
CIPLA,5m,2026-09-25T14:25:00+05:30,1392.699951171875,1398.4000244140625,1392.5,1397.9000244140625,24607.0,yahoo
CIPLA,5m,2026-09-25T14:30:00+05:30,1397.9000244140625,1400.699951171875,1395.0,1399.4000244140625,28305.0,yahoo
CIPLA,5m,2026-09-25T14:35:00+05:30,1399.300048828125,1399.300048828125,1396.9000244140625,1397.300048828125,19967.0,yahoo
CIPLA,5m,2026-09-25T14:40:00+05:30,1397.300048828125,1398.5,1395.0,1397.300048828125,16819.0,yahoo
CIPLA,5m,2026-09-25T14:45:00+05:30,1397.5,1401.9000244140625,1397.4000244140625,1399.800048828125,20907.0,yahoo
CIPLA,5m,2026-09-25T14:50:00+05:30,1399.800048828125,1403.5999755859375,1398.800048828125,1402.800048828125,60506.0,yahoo
CIPLA,5m,2026-09-25T14:55:00+05:30,1402.800048828125,1403.0,1401.300048828125,1401.300048828125,8154.0,yahoo
CIPLA,5m,2026-09-25T15:00:00+05:30,1401.5999755859375,1402.0,1399.5,1400.300048828125,12538.0,yahoo
CIPLA,5m,2026-09-25T15:05:00+05:30,1401.300048828125,1401.800048828125,1398.5,1398.9000244140625,22287.0,yahoo
CIPLA,5m,2026-09-25T15:10:00+05:30,1399.5,1402.0,1397.9000244140625,1400.9000244140625,47866.0,yahoo
CIPLA,5m,2026-09-25T15:15:00+05:30,1402.0,1402.0,1399.699951171875,1399.699951171875,9337.0,yahoo
COALINDIA,5m,2026-09-25T09:15:00+05:30,423.29998779296875,423.70001220703125,421.3500061035156,423.5,0.0,yahoo
COALINDIA,5m,2026-09-25T09:20:00+05:30,423.6000061035156,424.20001220703125,423.25,423.25,99343.0,yahoo
COALINDIA,5m,2026-09-25T09:25:00+05:30,423.20001220703125,423.95001220703125,423.20001220703125,423.75,54317.0,yahoo
COALINDIA,5m,2026-09-25T09:30:00+05:30,423.6000061035156,424.3999938964844,423.6000061035156,424.20001220703125,59881.0,yahoo
COALINDIA,5m,2026-09-25T09:35:00+05:30,424.25,424.75,424.1499938964844,424.3500061035156,35500.0,yahoo
COALINDIA,5m,2026-09-25T09:40:00+05:30,424.20001220703125,424.45001220703125,423.6000061035156,424.0,26112.0,yahoo
COALINDIA,5m,2026-09-25T09:45:00+05:30,424.04998779296875,425.29998779296875,423.6499938964844,424.8999938964844,102459.0,yahoo
COALINDIA,5m,2026-09-25T09:50:00+05:30,424.75,425.0,424.29998779296875,424.3999938964844,40935.0,yahoo
COALINDIA,5m,2026-09-25T09:55:00+05:30,424.29998779296875,424.70001220703125,424.1499938964844,424.54998779296875,88126.0,yahoo
COALINDIA,5m,2026-09-25T10:00:00+05:30,424.5,425.6000061035156,424.29998779296875,425.5,72362.0,yahoo
COALINDIA,5m,2026-09-25T10:05:00+05:30,425.6000061035156,425.6499938964844,424.8999938964844,425.20001220703125,39897.0,yahoo
COALINDIA,5m,2026-09-25T10:10:00+05:30,425.25,425.3500061035156,425.1000061035156,425.29998779296875,36904.0,yahoo
COALINDIA,5m,2026-09-25T10:15:00+05:30,425.29998779296875,426.6499938964844,425.1000061035156,425.70001220703125,105027.0,yahoo
COALINDIA,5m,2026-09-25T10:20:00+05:30,425.70001220703125,426.0,425.29998779296875,425.29998779296875,34698.0,yahoo
COALINDIA,5m,2026-09-25T10:25:00+05:30,425.45001220703125,425.5,424.8999938964844,425.0,30278.0,yahoo
COALINDIA,5m,2026-09-25T10:30:00+05:30,424.8999938964844,425.20001220703125,424.70001220703125,425.0,36189.0,yahoo
COALINDIA,5m,2026-09-25T10:35:00+05:30,424.8500061035156,425.1000061035156,424.70001220703125,425.04998779296875,17096.0,yahoo
COALINDIA,5m,2026-09-25T10:40:00+05:30,424.79998779296875,425.1000061035156,424.1000061035156,424.6000061035156,96418.0,yahoo
COALINDIA,5m,2026-09-25T10:45:00+05:30,424.6000061035156,424.6000061035156,424.25,424.6000061035156,35820.0,yahoo
COALINDIA,5m,2026-09-25T10:50:00+05:30,424.6000061035156,424.75,424.3999938964844,424.6000061035156,38206.0,yahoo
COALINDIA,5m,2026-09-25T10:55:00+05:30,424.6000061035156,424.8999938964844,424.54998779296875,424.70001220703125,28798.0,yahoo
COALINDIA,5m,2026-09-25T11:00:00+05:30,424.70001220703125,424.95001220703125,424.5,424.75,21795.0,yahoo
COALINDIA,5m,2026-09-25T11:05:00+05:30,424.79998779296875,425.1499938964844,424.79998779296875,424.95001220703125,36208.0,yahoo
COALINDIA,5m,2026-09-25T11:10:00+05:30,424.95001220703125,425.25,424.75,425.25,22248.0,yahoo
COALINDIA,5m,2026-09-25T11:15:00+05:30,425.20001220703125,425.20001220703125,424.45001220703125,424.75,37376.0,yahoo
COALINDIA,5m,2026-09-25T11:20:00+05:30,424.75,424.75,424.20001220703125,424.3999938964844,22951.0,yahoo
COALINDIA,5m,2026-09-25T11:25:00+05:30,424.3999938964844,424.3999938964844,424.1000061035156,424.3999938964844,35753.0,yahoo
COALINDIA,5m,2026-09-25T11:30:00+05:30,424.3999938964844,424.45001220703125,424.1499938964844,424.3500061035156,38559.0,yahoo
COALINDIA,5m,2026-09-25T11:35:00+05:30,424.29998779296875,424.5,424.20001220703125,424.25,17803.0,yahoo
COALINDIA,5m,2026-09-25T11:40:00+05:30,424.29998779296875,424.5,424.20001220703125,424.3999938964844,19767.0,yahoo
COALINDIA,5m,2026-09-25T11:45:00+05:30,424.3500061035156,426.0,424.1000061035156,425.5,374091.0,yahoo
COALINDIA,5m,2026-09-25T11:50:00+05:30,425.5,425.95001220703125,425.3999938964844,425.95001220703125,98209.0,yahoo
COALINDIA,5m,2026-09-25T11:55:00+05:30,425.95001220703125,425.95001220703125,425.54998779296875,425.54998779296875,24774.0,yahoo
COALINDIA,5m,2026-09-25T12:00:00+05:30,425.54998779296875,425.6499938964844,424.75,424.95001220703125,62492.0,yahoo
COALINDIA,5m,2026-09-25T12:05:00+05:30,424.95001220703125,425.04998779296875,424.79998779296875,424.79998779296875,52620.0,yahoo
COALINDIA,5m,2026-09-25T12:10:00+05:30,425.0,425.04998779296875,424.70001220703125,424.75,27173.0,yahoo
COALINDIA,5m,2026-09-25T12:15:00+05:30,424.95001220703125,424.95001220703125,424.6499938964844,424.79998779296875,20543.0,yahoo
COALINDIA,5m,2026-09-25T12:20:00+05:30,424.79998779296875,424.79998779296875,424.3999938964844,424.6000061035156,29637.0,yahoo
COALINDIA,5m,2026-09-25T12:25:00+05:30,424.75,424.79998779296875,424.6499938964844,424.79998779296875,24633.0,yahoo
COALINDIA,5m,2026-09-25T12:30:00+05:30,424.79998779296875,424.79998779296875,424.6000061035156,424.79998779296875,34133.0,yahoo
COALINDIA,5m,2026-09-25T12:35:00+05:30,424.79998779296875,425.3999938964844,424.79998779296875,425.25,116390.0,yahoo
COALINDIA,5m,2026-09-25T12:40:00+05:30,425.25,425.5,425.04998779296875,425.3999938964844,39090.0,yahoo
COALINDIA,5m,2026-09-25T12:45:00+05:30,425.3999938964844,425.45001220703125,424.3500061035156,424.6499938964844,54877.0,yahoo
COALINDIA,5m,2026-09-25T12:50:00+05:30,424.6499938964844,424.75,424.5,424.75,24155.0,yahoo
COALINDIA,5m,2026-09-25T12:55:00+05:30,424.75,424.75,424.45001220703125,424.70001220703125,22683.0,yahoo
COALINDIA,5m,2026-09-25T13:00:00+05:30,424.6499938964844,424.79998779296875,424.45001220703125,424.45001220703125,30069.0,yahoo
COALINDIA,5m,2026-09-25T13:05:00+05:30,424.5,424.75,424.3999938964844,424.75,25897.0,yahoo
COALINDIA,5m,2026-09-25T13:10:00+05:30,424.75,424.79998779296875,424.5,424.6499938964844,25694.0,yahoo
COALINDIA,5m,2026-09-25T13:15:00+05:30,424.6499938964844,424.95001220703125,424.5,424.79998779296875,26947.0,yahoo
COALINDIA,5m,2026-09-25T13:20:00+05:30,425.0,425.0,424.75,424.79998779296875,29844.0,yahoo
COALINDIA,5m,2026-09-25T13:25:00+05:30,424.6499938964844,425.0,424.6000061035156,424.95001220703125,18430.0,yahoo
COALINDIA,5m,2026-09-25T13:30:00+05:30,424.95001220703125,425.0,424.79998779296875,425.0,13965.0,yahoo
COALINDIA,5m,2026-09-25T13:35:00+05:30,425.0,425.0,424.75,424.95001220703125,22542.0,yahoo
COALINDIA,5m,2026-09-25T13:40:00+05:30,425.0,425.1000061035156,424.79998779296875,424.79998779296875,28097.0,yahoo
COALINDIA,5m,2026-09-25T13:45:00+05:30,425.04998779296875,425.1000061035156,424.8500061035156,425.0,23177.0,yahoo
COALINDIA,5m,2026-09-25T13:50:00+05:30,425.0,425.1499938964844,424.8999938964844,425.04998779296875,23444.0,yahoo
COALINDIA,5m,2026-09-25T13:55:00+05:30,425.04998779296875,425.04998779296875,424.8500061035156,425.0,19323.0,yahoo
COALINDIA,5m,2026-09-25T14:00:00+05:30,425.0,425.5,424.79998779296875,425.5,93584.0,yahoo
COALINDIA,5m,2026-09-25T14:05:00+05:30,425.29998779296875,425.5,425.25,425.29998779296875,47354.0,yahoo
COALINDIA,5m,2026-09-25T14:10:00+05:30,425.25,425.45001220703125,425.25,425.3500061035156,24527.0,yahoo
COALINDIA,5m,2026-09-25T14:15:00+05:30,425.3500061035156,425.54998779296875,425.0,425.3999938964844,71451.0,yahoo
COALINDIA,5m,2026-09-25T14:20:00+05:30,425.25,425.5,425.04998779296875,425.3999938964844,54531.0,yahoo
COALINDIA,5m,2026-09-25T14:25:00+05:30,425.25,426.29998779296875,425.0,426.1499938964844,469316.0,yahoo
COALINDIA,5m,2026-09-25T14:30:00+05:30,426.1499938964844,426.25,425.6000061035156,425.70001220703125,88774.0,yahoo
COALINDIA,5m,2026-09-25T14:35:00+05:30,425.70001220703125,425.8500061035156,425.54998779296875,425.8500061035156,59121.0,yahoo
COALINDIA,5m,2026-09-25T14:40:00+05:30,425.70001220703125,425.8500061035156,425.3999938964844,425.5,83259.0,yahoo
COALINDIA,5m,2026-09-25T14:45:00+05:30,425.3999938964844,425.6499938964844,425.3999938964844,425.6499938964844,86276.0,yahoo
COALINDIA,5m,2026-09-25T14:50:00+05:30,425.5,425.79998779296875,425.45001220703125,425.79998779296875,92221.0,yahoo
COALINDIA,5m,2026-09-25T14:55:00+05:30,425.79998779296875,426.0,425.5,425.5,137875.0,yahoo
COALINDIA,5m,2026-09-25T15:00:00+05:30,425.6499938964844,425.70001220703125,425.3500061035156,425.6000061035156,163175.0,yahoo
COALINDIA,5m,2026-09-25T15:05:00+05:30,425.6499938964844,425.8500061035156,425.20001220703125,425.20001220703125,164330.0,yahoo
COALINDIA,5m,2026-09-25T15:10:00+05:30,425.29998779296875,425.29998779296875,424.70001220703125,425.1000061035156,237895.0,yahoo
COALINDIA,5m,2026-09-25T15:15:00+05:30,425.3999938964844,426.1000061035156,425.3999938964844,426.1000061035156,96968.0,yahoo
DELHIVERY,5m,2026-09-25T09:15:00+05:30,424.8999938964844,426.0,424.1000061035156,424.1000061035156,0.0,yahoo
DELHIVERY,5m,2026-09-25T09:20:00+05:30,424.0,424.54998779296875,423.25,424.20001220703125,56576.0,yahoo
DELHIVERY,5m,2026-09-25T09:25:00+05:30,424.29998779296875,424.29998779296875,422.6000061035156,423.5,43559.0,yahoo
DELHIVERY,5m,2026-09-25T09:30:00+05:30,423.5,424.3999938964844,423.04998779296875,423.75,38088.0,yahoo
DELHIVERY,5m,2026-09-25T09:35:00+05:30,423.45001220703125,424.1000061035156,423.04998779296875,423.20001220703125,34840.0,yahoo
DELHIVERY,5m,2026-09-25T09:40:00+05:30,423.25,423.25,422.1000061035156,422.20001220703125,29935.0,yahoo
DELHIVERY,5m,2026-09-25T09:45:00+05:30,422.1499938964844,422.5,422.0,422.04998779296875,27869.0,yahoo
DELHIVERY,5m,2026-09-25T09:50:00+05:30,422.0,422.1499938964844,421.29998779296875,421.79998779296875,56999.0,yahoo
DELHIVERY,5m,2026-09-25T09:55:00+05:30,421.75,422.95001220703125,421.75,422.95001220703125,40700.0,yahoo
DELHIVERY,5m,2026-09-25T10:00:00+05:30,422.8999938964844,423.1000061035156,422.3999938964844,422.54998779296875,26132.0,yahoo
DELHIVERY,5m,2026-09-25T10:05:00+05:30,422.75,423.29998779296875,422.5,423.0,32983.0,yahoo
DELHIVERY,5m,2026-09-25T10:10:00+05:30,422.95001220703125,423.29998779296875,421.0,421.0,127589.0,yahoo
DELHIVERY,5m,2026-09-25T10:15:00+05:30,421.1499938964844,421.29998779296875,420.6499938964844,420.70001220703125,30738.0,yahoo
DELHIVERY,5m,2026-09-25T10:20:00+05:30,420.70001220703125,422.25,420.6499938964844,421.6000061035156,38882.0,yahoo
DELHIVERY,5m,2026-09-25T10:25:00+05:30,421.95001220703125,422.1000061035156,421.3500061035156,421.6499938964844,40634.0,yahoo
DELHIVERY,5m,2026-09-25T10:30:00+05:30,421.8999938964844,422.20001220703125,421.1499938964844,421.75,46504.0,yahoo
DELHIVERY,5m,2026-09-25T10:35:00+05:30,421.6499938964844,422.0,421.45001220703125,421.95001220703125,28386.0,yahoo
DELHIVERY,5m,2026-09-25T10:40:00+05:30,421.8999938964844,423.6499938964844,421.8999938964844,422.54998779296875,55857.0,yahoo
DELHIVERY,5m,2026-09-25T10:45:00+05:30,422.54998779296875,423.1000061035156,422.0,422.6000061035156,33332.0,yahoo
DELHIVERY,5m,2026-09-25T10:50:00+05:30,422.6000061035156,423.8500061035156,422.3500061035156,423.29998779296875,48733.0,yahoo
DELHIVERY,5m,2026-09-25T10:55:00+05:30,423.29998779296875,424.25,423.04998779296875,423.8999938964844,34289.0,yahoo
DELHIVERY,5m,2026-09-25T11:00:00+05:30,424.04998779296875,425.5,423.8999938964844,424.95001220703125,40947.0,yahoo
DELHIVERY,5m,2026-09-25T11:05:00+05:30,425.1000061035156,425.6000061035156,424.6499938964844,424.8500061035156,61750.0,yahoo
DELHIVERY,5m,2026-09-25T11:10:00+05:30,424.8500061035156,425.45001220703125,424.70001220703125,424.79998779296875,33617.0,yahoo
DELHIVERY,5m,2026-09-25T11:15:00+05:30,424.79998779296875,425.04998779296875,424.54998779296875,424.70001220703125,25948.0,yahoo
DELHIVERY,5m,2026-09-25T11:20:00+05:30,424.6000061035156,424.8999938964844,423.8500061035156,424.04998779296875,34523.0,yahoo
DELHIVERY,5m,2026-09-25T11:25:00+05:30,424.04998779296875,424.1499938964844,422.45001220703125,422.45001220703125,25119.0,yahoo
DELHIVERY,5m,2026-09-25T11:30:00+05:30,422.45001220703125,423.3999938964844,422.3999938964844,422.8999938964844,37293.0,yahoo
DELHIVERY,5m,2026-09-25T11:35:00+05:30,422.6000061035156,422.75,421.45001220703125,421.6499938964844,50611.0,yahoo
DELHIVERY,5m,2026-09-25T11:40:00+05:30,421.6499938964844,422.1000061035156,421.3999938964844,421.79998779296875,44443.0,yahoo
DELHIVERY,5m,2026-09-25T11:45:00+05:30,421.79998779296875,422.1000061035156,421.3500061035156,422.1000061035156,32894.0,yahoo
DELHIVERY,5m,2026-09-25T11:50:00+05:30,422.0,422.29998779296875,421.6499938964844,421.79998779296875,27591.0,yahoo
DELHIVERY,5m,2026-09-25T11:55:00+05:30,421.95001220703125,422.04998779296875,421.29998779296875,421.5,27402.0,yahoo
DELHIVERY,5m,2026-09-25T12:00:00+05:30,421.3999938964844,421.75,421.1000061035156,421.1499938964844,48891.0,yahoo
DELHIVERY,5m,2026-09-25T12:05:00+05:30,421.1499938964844,422.0,421.1499938964844,422.0,26169.0,yahoo
DELHIVERY,5m,2026-09-25T12:10:00+05:30,422.0,422.04998779296875,421.3500061035156,421.3500061035156,18963.0,yahoo
DELHIVERY,5m,2026-09-25T12:15:00+05:30,421.70001220703125,422.0,421.29998779296875,421.54998779296875,33964.0,yahoo
DELHIVERY,5m,2026-09-25T12:20:00+05:30,421.6000061035156,421.75,420.5,421.3500061035156,82509.0,yahoo
DELHIVERY,5m,2026-09-25T12:25:00+05:30,421.3500061035156,421.8999938964844,420.6499938964844,420.79998779296875,47349.0,yahoo
DELHIVERY,5m,2026-09-25T12:30:00+05:30,420.79998779296875,421.3999938964844,420.54998779296875,421.25,42140.0,yahoo
DELHIVERY,5m,2026-09-25T12:35:00+05:30,421.25,421.54998779296875,420.54998779296875,420.54998779296875,31694.0,yahoo
DELHIVERY,5m,2026-09-25T12:40:00+05:30,420.70001220703125,421.3500061035156,420.54998779296875,421.0,46484.0,yahoo
DELHIVERY,5m,2026-09-25T12:45:00+05:30,421.0,421.3999938964844,420.75,420.8500061035156,27133.0,yahoo
DELHIVERY,5m,2026-09-25T12:50:00+05:30,420.8500061035156,421.1499938964844,420.6000061035156,421.1499938964844,38800.0,yahoo
DELHIVERY,5m,2026-09-25T12:55:00+05:30,420.95001220703125,421.20001220703125,420.45001220703125,420.6000061035156,49335.0,yahoo
DELHIVERY,5m,2026-09-25T13:00:00+05:30,420.6000061035156,421.0,419.6000061035156,419.8999938964844,155698.0,yahoo
DELHIVERY,5m,2026-09-25T13:05:00+05:30,419.8999938964844,420.0,419.3999938964844,419.54998779296875,34335.0,yahoo
DELHIVERY,5m,2026-09-25T13:10:00+05:30,419.79998779296875,419.8999938964844,418.6000061035156,418.75,43140.0,yahoo
DELHIVERY,5m,2026-09-25T13:15:00+05:30,418.75,419.0,418.3500061035156,419.0,38702.0,yahoo
DELHIVERY,5m,2026-09-25T13:20:00+05:30,418.8500061035156,419.20001220703125,418.6000061035156,418.6499938964844,49590.0,yahoo
DELHIVERY,5m,2026-09-25T13:25:00+05:30,418.6499938964844,419.54998779296875,418.6499938964844,419.0,31969.0,yahoo
DELHIVERY,5m,2026-09-25T13:30:00+05:30,418.8500061035156,420.04998779296875,418.8500061035156,419.6499938964844,66054.0,yahoo
DELHIVERY,5m,2026-09-25T13:35:00+05:30,419.6499938964844,420.1000061035156,419.25,419.8500061035156,59805.0,yahoo
DELHIVERY,5m,2026-09-25T13:40:00+05:30,419.8500061035156,420.0,419.3999938964844,419.5,28862.0,yahoo
DELHIVERY,5m,2026-09-25T13:45:00+05:30,419.29998779296875,419.45001220703125,418.6499938964844,418.70001220703125,29348.0,yahoo
DELHIVERY,5m,2026-09-25T13:50:00+05:30,418.70001220703125,419.75,418.6000061035156,419.5,41206.0,yahoo
DELHIVERY,5m,2026-09-25T13:55:00+05:30,419.3999938964844,420.5,419.3999938964844,420.1499938964844,40411.0,yahoo
DELHIVERY,5m,2026-09-25T14:00:00+05:30,420.1499938964844,421.1000061035156,420.04998779296875,420.8999938964844,39491.0,yahoo
DELHIVERY,5m,2026-09-25T14:05:00+05:30,420.8999938964844,421.1000061035156,419.75,419.75,39907.0,yahoo
DELHIVERY,5m,2026-09-25T14:10:00+05:30,419.75,421.20001220703125,419.75,420.3500061035156,50396.0,yahoo
DELHIVERY,5m,2026-09-25T14:15:00+05:30,420.45001220703125,420.8500061035156,419.8500061035156,420.25,34778.0,yahoo
DELHIVERY,5m,2026-09-25T14:20:00+05:30,420.25,420.70001220703125,419.6499938964844,420.29998779296875,45579.0,yahoo
DELHIVERY,5m,2026-09-25T14:25:00+05:30,420.29998779296875,421.25,419.79998779296875,420.6499938964844,42823.0,yahoo
DELHIVERY,5m,2026-09-25T14:30:00+05:30,420.6499938964844,421.29998779296875,420.29998779296875,420.75,25262.0,yahoo
DELHIVERY,5m,2026-09-25T14:35:00+05:30,420.6499938964844,421.29998779296875,420.25,420.75,42834.0,yahoo
DELHIVERY,5m,2026-09-25T14:40:00+05:30,420.75,421.0,420.5,420.6499938964844,28275.0,yahoo
DELHIVERY,5m,2026-09-25T14:45:00+05:30,420.6499938964844,422.3500061035156,420.6000061035156,421.5,280345.0,yahoo
DELHIVERY,5m,2026-09-25T14:50:00+05:30,421.29998779296875,422.20001220703125,420.79998779296875,421.8500061035156,52518.0,yahoo
DELHIVERY,5m,2026-09-25T14:55:00+05:30,421.8500061035156,422.29998779296875,421.6499938964844,421.6499938964844,48347.0,yahoo
DELHIVERY,5m,2026-09-25T15:00:00+05:30,421.8500061035156,421.95001220703125,421.29998779296875,421.75,30009.0,yahoo
DELHIVERY,5m,2026-09-25T15:05:00+05:30,421.79998779296875,422.0,420.6000061035156,420.70001220703125,45873.0,yahoo
DELHIVERY,5m,2026-09-25T15:10:00+05:30,420.8500061035156,422.70001220703125,419.5,422.70001220703125,63601.0,yahoo
DLF,5m,2026-09-25T09:15:00+05:30,672.2999877929688,679.0,672.2999877929688,675.4500122070312,0.0,yahoo
DLF,5m,2026-09-25T09:20:00+05:30,675.5499877929688,678.0,675.1500244140625,676.6500244140625,46551.0,yahoo
DLF,5m,2026-09-25T09:25:00+05:30,676.1500244140625,676.4000244140625,675.0,675.8499755859375,48196.0,yahoo
DLF,5m,2026-09-25T09:30:00+05:30,675.8499755859375,676.4000244140625,674.4000244140625,674.4000244140625,36644.0,yahoo
DLF,5m,2026-09-25T09:35:00+05:30,674.5499877929688,674.8499755859375,671.7000122070312,671.9500122070312,52436.0,yahoo
DLF,5m,2026-09-25T09:40:00+05:30,672.0999755859375,672.3499755859375,671.7000122070312,672.0,30204.0,yahoo
DLF,5m,2026-09-25T09:45:00+05:30,672.3499755859375,673.5,671.8499755859375,671.9500122070312,46247.0,yahoo
DLF,5m,2026-09-25T09:50:00+05:30,671.7999877929688,673.9000244140625,671.7999877929688,673.0999755859375,37415.0,yahoo
DLF,5m,2026-09-25T09:55:00+05:30,673.25,676.3499755859375,673.1500244140625,675.1500244140625,60849.0,yahoo
DLF,5m,2026-09-25T10:00:00+05:30,675.0,678.4000244140625,674.75,678.4000244140625,39958.0,yahoo
DLF,5m,2026-09-25T10:05:00+05:30,678.6500244140625,679.5,678.0,678.5,66166.0,yahoo
DLF,5m,2026-09-25T10:10:00+05:30,678.5,678.7000122070312,677.2999877929688,678.0,23150.0,yahoo
DLF,5m,2026-09-25T10:15:00+05:30,677.5499877929688,678.0999755859375,676.8499755859375,677.7999877929688,27898.0,yahoo
DLF,5m,2026-09-25T10:20:00+05:30,677.5499877929688,677.9500122070312,677.1500244140625,677.5999755859375,18369.0,yahoo
DLF,5m,2026-09-25T10:25:00+05:30,677.7999877929688,678.0,677.2000122070312,677.4000244140625,23838.0,yahoo
DLF,5m,2026-09-25T10:30:00+05:30,677.4000244140625,677.8499755859375,676.9000244140625,677.0999755859375,13218.0,yahoo
DLF,5m,2026-09-25T10:35:00+05:30,676.8499755859375,677.25,676.6500244140625,677.1500244140625,15523.0,yahoo
DLF,5m,2026-09-25T10:40:00+05:30,677.3499755859375,677.4500122070312,676.75,676.75,12309.0,yahoo
DLF,5m,2026-09-25T10:45:00+05:30,676.75,676.9500122070312,676.0,676.7000122070312,13409.0,yahoo
DLF,5m,2026-09-25T10:50:00+05:30,676.5,676.7000122070312,675.9500122070312,676.0,11977.0,yahoo
DLF,5m,2026-09-25T10:55:00+05:30,675.7999877929688,677.75,675.7999877929688,677.0,13648.0,yahoo
DLF,5m,2026-09-25T11:00:00+05:30,677.0,678.2000122070312,676.9000244140625,677.5499877929688,14323.0,yahoo
DLF,5m,2026-09-25T11:05:00+05:30,677.5499877929688,678.5499877929688,677.5499877929688,678.5499877929688,12330.0,yahoo
DLF,5m,2026-09-25T11:10:00+05:30,678.1500244140625,678.7000122070312,678.0,678.1500244140625,10581.0,yahoo
DLF,5m,2026-09-25T11:15:00+05:30,678.3499755859375,680.5,678.0,680.3499755859375,45369.0,yahoo
DLF,5m,2026-09-25T11:20:00+05:30,680.0499877929688,681.9000244140625,679.5,679.8499755859375,728489.0,yahoo
DLF,5m,2026-09-25T11:25:00+05:30,679.7999877929688,679.7999877929688,679.0,679.2999877929688,45021.0,yahoo
DLF,5m,2026-09-25T11:30:00+05:30,679.2000122070312,679.4000244140625,679.0,679.1500244140625,57510.0,yahoo
DLF,5m,2026-09-25T11:35:00+05:30,679.0,679.2000122070312,679.0,679.0,70799.0,yahoo
DLF,5m,2026-09-25T11:40:00+05:30,678.9000244140625,679.0499877929688,678.5,679.0,47577.0,yahoo
DLF,5m,2026-09-25T11:45:00+05:30,678.75,679.3499755859375,678.7000122070312,679.0,24814.0,yahoo
DLF,5m,2026-09-25T11:50:00+05:30,679.0,679.3499755859375,679.0,679.0999755859375,14001.0,yahoo
DLF,5m,2026-09-25T11:55:00+05:30,679.5,679.5499877929688,678.9000244140625,679.25,21423.0,yahoo
DLF,5m,2026-09-25T12:00:00+05:30,679.25,679.9000244140625,679.2000122070312,679.5999755859375,11979.0,yahoo
DLF,5m,2026-09-25T12:05:00+05:30,679.75,679.75,678.7999877929688,679.0,18771.0,yahoo
DLF,5m,2026-09-25T12:10:00+05:30,678.7999877929688,679.2000122070312,678.2999877929688,678.9500122070312,81611.0,yahoo
DLF,5m,2026-09-25T12:15:00+05:30,678.9500122070312,679.25,678.25,678.75,46526.0,yahoo
DLF,5m,2026-09-25T12:20:00+05:30,678.75,679.0999755859375,677.1500244140625,677.5999755859375,49109.0,yahoo
DLF,5m,2026-09-25T12:25:00+05:30,677.5999755859375,677.7000122070312,676.0999755859375,676.0999755859375,19581.0,yahoo
DLF,5m,2026-09-25T12:30:00+05:30,676.0999755859375,677.0,676.0999755859375,676.25,16827.0,yahoo
DLF,5m,2026-09-25T12:35:00+05:30,676.25,676.5499877929688,675.7999877929688,676.0,39837.0,yahoo
DLF,5m,2026-09-25T12:40:00+05:30,676.2999877929688,676.6500244140625,676.0,676.0,20506.0,yahoo
DLF,5m,2026-09-25T12:45:00+05:30,676.0,676.25,675.9500122070312,676.0,48545.0,yahoo
DLF,5m,2026-09-25T12:50:00+05:30,676.0,676.2999877929688,675.9000244140625,676.0,83698.0,yahoo
DLF,5m,2026-09-25T12:55:00+05:30,675.9000244140625,676.2000122070312,675.7000122070312,676.2000122070312,20487.0,yahoo
DLF,5m,2026-09-25T13:00:00+05:30,676.2000122070312,676.9500122070312,675.8499755859375,675.8499755859375,24959.0,yahoo
DLF,5m,2026-09-25T13:05:00+05:30,675.8499755859375,676.0999755859375,675.5499877929688,676.0,21350.0,yahoo
DLF,5m,2026-09-25T13:10:00+05:30,676.0,676.5,676.0,676.1500244140625,9643.0,yahoo
DLF,5m,2026-09-25T13:15:00+05:30,676.1500244140625,676.4500122070312,675.7999877929688,675.9500122070312,24797.0,yahoo
DLF,5m,2026-09-25T13:20:00+05:30,676.2000122070312,676.2000122070312,675.6500244140625,675.75,24194.0,yahoo
DLF,5m,2026-09-25T13:25:00+05:30,675.75,676.5999755859375,675.75,676.2000122070312,25043.0,yahoo
DLF,5m,2026-09-25T13:30:00+05:30,676.2000122070312,676.3499755859375,675.7000122070312,676.0499877929688,30024.0,yahoo
DLF,5m,2026-09-25T13:35:00+05:30,675.75,676.2000122070312,675.7000122070312,676.0,61414.0,yahoo
DLF,5m,2026-09-25T13:40:00+05:30,675.7999877929688,676.2999877929688,675.75,676.0,13227.0,yahoo
DLF,5m,2026-09-25T13:45:00+05:30,675.7999877929688,676.0999755859375,675.0999755859375,675.2000122070312,70053.0,yahoo
DLF,5m,2026-09-25T13:50:00+05:30,675.2000122070312,675.5499877929688,674.1500244140625,675.0999755859375,20333.0,yahoo
DLF,5m,2026-09-25T13:55:00+05:30,675.0999755859375,676.0999755859375,675.0,676.0999755859375,18055.0,yahoo
DLF,5m,2026-09-25T14:00:00+05:30,676.1500244140625,680.75,676.0999755859375,680.4500122070312,57436.0,yahoo
DLF,5m,2026-09-25T14:05:00+05:30,680.4500122070312,680.8499755859375,679.1500244140625,679.2999877929688,31969.0,yahoo
DLF,5m,2026-09-25T14:10:00+05:30,679.2999877929688,679.4500122070312,678.5499877929688,679.1500244140625,37387.0,yahoo
DLF,5m,2026-09-25T14:15:00+05:30,679.1500244140625,679.75,678.75,679.2000122070312,35515.0,yahoo
DLF,5m,2026-09-25T14:20:00+05:30,678.9000244140625,679.4000244140625,678.2999877929688,678.6500244140625,60826.0,yahoo
DLF,5m,2026-09-25T14:25:00+05:30,678.7000122070312,679.2999877929688,678.0999755859375,678.6500244140625,56868.0,yahoo
DLF,5m,2026-09-25T14:30:00+05:30,678.4500122070312,679.4500122070312,678.1500244140625,678.9500122070312,49968.0,yahoo
DLF,5m,2026-09-25T14:35:00+05:30,679.0,679.2999877929688,678.75,679.0,22860.0,yahoo
DLF,5m,2026-09-25T14:40:00+05:30,679.0999755859375,679.0999755859375,677.3499755859375,677.9000244140625,52675.0,yahoo
DLF,5m,2026-09-25T14:45:00+05:30,678.0,678.7000122070312,677.5499877929688,678.5,99392.0,yahoo
DLF,5m,2026-09-25T14:50:00+05:30,678.5,679.5,678.25,679.2999877929688,66713.0,yahoo
DLF,5m,2026-09-25T14:55:00+05:30,679.3499755859375,679.7999877929688,679.2000122070312,679.5,35438.0,yahoo
DLF,5m,2026-09-25T15:00:00+05:30,679.1500244140625,679.5499877929688,678.7999877929688,678.9000244140625,69671.0,yahoo
DLF,5m,2026-09-25T15:05:00+05:30,679.0,680.0499877929688,679.0,680.0499877929688,59989.0,yahoo
DLF,5m,2026-09-25T15:10:00+05:30,680.0499877929688,683.5999755859375,679.7999877929688,680.9000244140625,180850.0,yahoo
DLF,5m,2026-09-25T15:15:00+05:30,680.9000244140625,683.0,680.9000244140625,683.0,28201.0,yahoo
DRREDDY,5m,2026-09-25T09:15:00+05:30,1203.0999755859375,1206.5,1200.0,1201.5999755859375,0.0,yahoo
DRREDDY,5m,2026-09-25T09:20:00+05:30,1201.0999755859375,1202.0,1197.9000244140625,1199.0999755859375,8237.0,yahoo
DRREDDY,5m,2026-09-25T09:25:00+05:30,1198.699951171875,1202.4000244140625,1198.699951171875,1202.4000244140625,10993.0,yahoo
DRREDDY,5m,2026-09-25T09:30:00+05:30,1201.699951171875,1202.4000244140625,1199.5,1199.5999755859375,8860.0,yahoo
DRREDDY,5m,2026-09-25T09:35:00+05:30,1199.9000244140625,1204.0,1199.9000244140625,1204.0,24825.0,yahoo
DRREDDY,5m,2026-09-25T09:40:00+05:30,1204.699951171875,1204.9000244140625,1203.0999755859375,1203.0999755859375,9474.0,yahoo
DRREDDY,5m,2026-09-25T09:45:00+05:30,1203.800048828125,1204.0,1201.9000244140625,1202.0999755859375,4907.0,yahoo
DRREDDY,5m,2026-09-25T09:50:00+05:30,1202.5,1202.5,1198.4000244140625,1200.0999755859375,18671.0,yahoo
DRREDDY,5m,2026-09-25T09:55:00+05:30,1199.5,1199.800048828125,1198.4000244140625,1198.4000244140625,5850.0,yahoo
DRREDDY,5m,2026-09-25T10:00:00+05:30,1199.0999755859375,1200.0,1198.0,1199.800048828125,8745.0,yahoo
DRREDDY,5m,2026-09-25T10:05:00+05:30,1199.5999755859375,1200.300048828125,1198.800048828125,1199.800048828125,4422.0,yahoo
DRREDDY,5m,2026-09-25T10:10:00+05:30,1199.800048828125,1200.4000244140625,1199.199951171875,1199.5999755859375,2941.0,yahoo
DRREDDY,5m,2026-09-25T10:15:00+05:30,1199.5,1203.199951171875,1198.5999755859375,1203.0,14728.0,yahoo
DRREDDY,5m,2026-09-25T10:20:00+05:30,1202.5,1204.0,1201.699951171875,1202.800048828125,16960.0,yahoo
DRREDDY,5m,2026-09-25T10:25:00+05:30,1202.300048828125,1203.800048828125,1200.300048828125,1200.300048828125,14713.0,yahoo
DRREDDY,5m,2026-09-25T10:30:00+05:30,1200.199951171875,1200.800048828125,1198.5,1198.800048828125,6643.0,yahoo
DRREDDY,5m,2026-09-25T10:35:00+05:30,1198.800048828125,1199.0,1195.800048828125,1195.800048828125,10703.0,yahoo
DRREDDY,5m,2026-09-25T10:40:00+05:30,1195.4000244140625,1197.0,1193.800048828125,1196.0999755859375,12948.0,yahoo
DRREDDY,5m,2026-09-25T10:45:00+05:30,1196.199951171875,1197.5,1195.5999755859375,1197.0,4945.0,yahoo
DRREDDY,5m,2026-09-25T10:50:00+05:30,1196.9000244140625,1200.300048828125,1196.5999755859375,1199.300048828125,3765.0,yahoo
DRREDDY,5m,2026-09-25T10:55:00+05:30,1200.0,1201.699951171875,1199.4000244140625,1201.300048828125,9216.0,yahoo
DRREDDY,5m,2026-09-25T11:00:00+05:30,1200.9000244140625,1201.699951171875,1200.199951171875,1201.699951171875,11991.0,yahoo
DRREDDY,5m,2026-09-25T11:05:00+05:30,1201.0,1202.9000244140625,1200.9000244140625,1202.9000244140625,15847.0,yahoo
DRREDDY,5m,2026-09-25T11:10:00+05:30,1202.300048828125,1202.699951171875,1201.5,1201.800048828125,10693.0,yahoo
DRREDDY,5m,2026-09-25T11:15:00+05:30,1201.5,1202.4000244140625,1200.699951171875,1201.0,13196.0,yahoo
DRREDDY,5m,2026-09-25T11:20:00+05:30,1201.0999755859375,1202.4000244140625,1200.699951171875,1201.300048828125,13236.0,yahoo
DRREDDY,5m,2026-09-25T11:25:00+05:30,1201.199951171875,1201.9000244140625,1200.5999755859375,1201.4000244140625,8833.0,yahoo
DRREDDY,5m,2026-09-25T11:30:00+05:30,1201.0999755859375,1202.0,1201.0999755859375,1201.5999755859375,11198.0,yahoo
DRREDDY,5m,2026-09-25T11:35:00+05:30,1201.0999755859375,1201.4000244140625,1200.300048828125,1200.300048828125,6510.0,yahoo
DRREDDY,5m,2026-09-25T11:40:00+05:30,1200.0,1202.0,1200.0,1200.800048828125,9587.0,yahoo
DRREDDY,5m,2026-09-25T11:45:00+05:30,1200.9000244140625,1201.699951171875,1200.800048828125,1201.5,7127.0,yahoo
DRREDDY,5m,2026-09-25T11:50:00+05:30,1201.199951171875,1202.0,1200.5,1201.300048828125,9092.0,yahoo
DRREDDY,5m,2026-09-25T11:55:00+05:30,1201.0999755859375,1201.5999755859375,1200.4000244140625,1201.0,6147.0,yahoo
DRREDDY,5m,2026-09-25T12:00:00+05:30,1200.800048828125,1201.300048828125,1200.5,1201.0,2285.0,yahoo
DRREDDY,5m,2026-09-25T12:05:00+05:30,1201.0,1201.0,1198.300048828125,1198.800048828125,5281.0,yahoo
DRREDDY,5m,2026-09-25T12:10:00+05:30,1198.699951171875,1200.300048828125,1198.699951171875,1200.0999755859375,7853.0,yahoo
DRREDDY,5m,2026-09-25T12:15:00+05:30,1200.0,1200.0,1198.800048828125,1200.0,5168.0,yahoo
DRREDDY,5m,2026-09-25T12:20:00+05:30,1199.9000244140625,1200.0999755859375,1198.199951171875,1199.0,16223.0,yahoo
DRREDDY,5m,2026-09-25T12:25:00+05:30,1199.0,1200.800048828125,1198.800048828125,1199.5999755859375,8293.0,yahoo
DRREDDY,5m,2026-09-25T12:30:00+05:30,1199.5999755859375,1201.0,1199.5999755859375,1200.199951171875,3613.0,yahoo
DRREDDY,5m,2026-09-25T12:35:00+05:30,1200.800048828125,1200.800048828125,1199.0,1200.0999755859375,5124.0,yahoo
DRREDDY,5m,2026-09-25T12:40:00+05:30,1200.300048828125,1201.0,1199.800048828125,1200.5,3581.0,yahoo
DRREDDY,5m,2026-09-25T12:45:00+05:30,1200.800048828125,1201.0,1199.699951171875,1200.0,6507.0,yahoo
DRREDDY,5m,2026-09-25T12:50:00+05:30,1200.0,1200.0,1198.5,1198.5999755859375,2632.0,yahoo
DRREDDY,5m,2026-09-25T12:55:00+05:30,1198.4000244140625,1199.5,1198.4000244140625,1198.699951171875,8573.0,yahoo
DRREDDY,5m,2026-09-25T13:00:00+05:30,1198.800048828125,1199.699951171875,1198.5,1199.0999755859375,3547.0,yahoo
DRREDDY,5m,2026-09-25T13:05:00+05:30,1198.9000244140625,1200.199951171875,1198.800048828125,1199.9000244140625,2150.0,yahoo
DRREDDY,5m,2026-09-25T13:10:00+05:30,1199.9000244140625,1200.199951171875,1199.4000244140625,1199.9000244140625,4776.0,yahoo
DRREDDY,5m,2026-09-25T13:15:00+05:30,1199.5999755859375,1200.199951171875,1198.5,1198.5999755859375,6476.0,yahoo
DRREDDY,5m,2026-09-25T13:20:00+05:30,1198.5999755859375,1199.5999755859375,1198.5,1198.5999755859375,3709.0,yahoo
DRREDDY,5m,2026-09-25T13:25:00+05:30,1198.9000244140625,1199.4000244140625,1198.5999755859375,1198.699951171875,5220.0,yahoo
DRREDDY,5m,2026-09-25T13:30:00+05:30,1199.300048828125,1199.300048828125,1198.5,1199.0,2375.0,yahoo
DRREDDY,5m,2026-09-25T13:35:00+05:30,1198.699951171875,1199.300048828125,1198.300048828125,1198.9000244140625,10276.0,yahoo
DRREDDY,5m,2026-09-25T13:40:00+05:30,1198.5,1199.4000244140625,1197.800048828125,1198.800048828125,30732.0,yahoo
DRREDDY,5m,2026-09-25T13:45:00+05:30,1198.300048828125,1199.800048828125,1197.800048828125,1198.800048828125,5189.0,yahoo
DRREDDY,5m,2026-09-25T13:50:00+05:30,1199.0,1199.5999755859375,1198.800048828125,1199.199951171875,4897.0,yahoo
DRREDDY,5m,2026-09-25T13:55:00+05:30,1199.0,1200.0,1198.9000244140625,1199.5999755859375,6756.0,yahoo
DRREDDY,5m,2026-09-25T14:00:00+05:30,1199.5999755859375,1203.5,1199.5999755859375,1203.0,38839.0,yahoo
DRREDDY,5m,2026-09-25T14:05:00+05:30,1201.699951171875,1202.5,1199.800048828125,1200.199951171875,9091.0,yahoo
DRREDDY,5m,2026-09-25T14:10:00+05:30,1200.0,1201.5,1200.0,1200.0,8598.0,yahoo
DRREDDY,5m,2026-09-25T14:15:00+05:30,1200.0999755859375,1201.800048828125,1199.5999755859375,1201.0999755859375,19029.0,yahoo
DRREDDY,5m,2026-09-25T14:20:00+05:30,1201.0999755859375,1201.5,1200.0,1200.5999755859375,9912.0,yahoo
DRREDDY,5m,2026-09-25T14:25:00+05:30,1200.800048828125,1203.5999755859375,1200.800048828125,1203.0,49734.0,yahoo
DRREDDY,5m,2026-09-25T14:30:00+05:30,1202.800048828125,1206.800048828125,1202.699951171875,1206.5,100674.0,yahoo
DRREDDY,5m,2026-09-25T14:35:00+05:30,1206.4000244140625,1206.800048828125,1204.9000244140625,1205.199951171875,39730.0,yahoo
DRREDDY,5m,2026-09-25T14:40:00+05:30,1205.0999755859375,1205.199951171875,1203.800048828125,1204.199951171875,16649.0,yahoo
DRREDDY,5m,2026-09-25T14:45:00+05:30,1204.0,1204.4000244140625,1203.0,1204.199951171875,19772.0,yahoo
DRREDDY,5m,2026-09-25T14:50:00+05:30,1204.0999755859375,1204.199951171875,1203.5,1204.0,8311.0,yahoo
DRREDDY,5m,2026-09-25T14:55:00+05:30,1203.699951171875,1204.0,1202.4000244140625,1203.4000244140625,19233.0,yahoo
DRREDDY,5m,2026-09-25T15:00:00+05:30,1203.4000244140625,1203.5999755859375,1202.199951171875,1202.5,20405.0,yahoo
DRREDDY,5m,2026-09-25T15:05:00+05:30,1202.199951171875,1202.9000244140625,1201.5,1201.699951171875,33420.0,yahoo
DRREDDY,5m,2026-09-25T15:10:00+05:30,1201.699951171875,1202.699951171875,1201.5,1202.5,29893.0,yahoo
DRREDDY,5m,2026-09-25T15:15:00+05:30,1201.0,1201.0,1201.0,1201.0,62720.0,yahoo
EICHERMOT,5m,2026-09-25T09:15:00+05:30,7331.0,7379.0,7323.0,7358.0,0.0,yahoo
EICHERMOT,5m,2026-09-25T09:20:00+05:30,7354.0,7368.5,7351.5,7355.5,2754.0,yahoo
EICHERMOT,5m,2026-09-25T09:25:00+05:30,7354.5,7358.5,7343.0,7358.5,3152.0,yahoo
EICHERMOT,5m,2026-09-25T09:30:00+05:30,7357.5,7359.5,7344.5,7344.5,3656.0,yahoo
EICHERMOT,5m,2026-09-25T09:35:00+05:30,7340.5,7348.5,7337.5,7345.0,3247.0,yahoo
EICHERMOT,5m,2026-09-25T09:40:00+05:30,7342.0,7342.5,7336.0,7338.5,3195.0,yahoo
EICHERMOT,5m,2026-09-25T09:45:00+05:30,7338.0,7345.0,7325.5,7327.0,3221.0,yahoo
EICHERMOT,5m,2026-09-25T09:50:00+05:30,7327.0,7338.5,7325.0,7330.5,1654.0,yahoo
EICHERMOT,5m,2026-09-25T09:55:00+05:30,7329.5,7334.5,7327.5,7332.5,2480.0,yahoo
EICHERMOT,5m,2026-09-25T10:00:00+05:30,7333.0,7349.5,7332.0,7341.5,5151.0,yahoo
EICHERMOT,5m,2026-09-25T10:05:00+05:30,7341.5,7348.0,7340.0,7345.5,2070.0,yahoo
EICHERMOT,5m,2026-09-25T10:10:00+05:30,7345.5,7348.5,7343.0,7344.0,1494.0,yahoo
EICHERMOT,5m,2026-09-25T10:15:00+05:30,7344.0,7354.0,7340.5,7349.5,1964.0,yahoo
EICHERMOT,5m,2026-09-25T10:20:00+05:30,7349.0,7356.0,7345.0,7354.5,3504.0,yahoo
EICHERMOT,5m,2026-09-25T10:25:00+05:30,7350.5,7352.0,7344.5,7345.0,963.0,yahoo
EICHERMOT,5m,2026-09-25T10:30:00+05:30,7347.5,7353.0,7344.0,7346.5,1941.0,yahoo
EICHERMOT,5m,2026-09-25T10:35:00+05:30,7346.5,7349.0,7330.5,7334.0,4858.0,yahoo
EICHERMOT,5m,2026-09-25T10:40:00+05:30,7333.0,7338.0,7330.5,7333.5,1531.0,yahoo
EICHERMOT,5m,2026-09-25T10:45:00+05:30,7333.5,7334.0,7322.0,7326.0,3356.0,yahoo
EICHERMOT,5m,2026-09-25T10:50:00+05:30,7324.0,7330.5,7324.0,7327.0,1481.0,yahoo
EICHERMOT,5m,2026-09-25T10:55:00+05:30,7333.5,7337.0,7331.0,7332.0,2086.0,yahoo
EICHERMOT,5m,2026-09-25T11:00:00+05:30,7331.5,7342.0,7328.5,7340.0,1923.0,yahoo
EICHERMOT,5m,2026-09-25T11:05:00+05:30,7339.5,7345.0,7339.5,7342.5,1264.0,yahoo
EICHERMOT,5m,2026-09-25T11:10:00+05:30,7341.5,7344.0,7333.5,7336.0,2287.0,yahoo
EICHERMOT,5m,2026-09-25T11:15:00+05:30,7336.0,7338.5,7332.5,7334.5,1349.0,yahoo
EICHERMOT,5m,2026-09-25T11:20:00+05:30,7336.5,7340.0,7326.5,7330.0,2201.0,yahoo
EICHERMOT,5m,2026-09-25T11:25:00+05:30,7327.5,7332.5,7326.0,7330.0,1723.0,yahoo
EICHERMOT,5m,2026-09-25T11:30:00+05:30,7328.0,7332.5,7326.5,7327.0,1853.0,yahoo
EICHERMOT,5m,2026-09-25T11:35:00+05:30,7327.0,7331.5,7326.0,7328.0,1028.0,yahoo
EICHERMOT,5m,2026-09-25T11:40:00+05:30,7328.0,7329.0,7320.0,7320.5,1549.0,yahoo
EICHERMOT,5m,2026-09-25T11:45:00+05:30,7317.0,7322.5,7317.0,7320.5,2210.0,yahoo
EICHERMOT,5m,2026-09-25T11:50:00+05:30,7320.5,7323.0,7316.0,7319.0,2294.0,yahoo
EICHERMOT,5m,2026-09-25T11:55:00+05:30,7318.0,7321.0,7316.0,7316.0,933.0,yahoo
EICHERMOT,5m,2026-09-25T12:00:00+05:30,7316.5,7321.0,7312.0,7314.0,3585.0,yahoo
EICHERMOT,5m,2026-09-25T12:05:00+05:30,7313.0,7318.0,7312.0,7312.5,748.0,yahoo
EICHERMOT,5m,2026-09-25T12:10:00+05:30,7313.0,7317.5,7312.0,7316.5,612.0,yahoo
EICHERMOT,5m,2026-09-25T12:15:00+05:30,7313.5,7318.0,7312.5,7318.0,609.0,yahoo
EICHERMOT,5m,2026-09-25T12:20:00+05:30,7318.0,7319.5,7315.0,7315.0,676.0,yahoo
EICHERMOT,5m,2026-09-25T12:25:00+05:30,7316.0,7327.0,7316.0,7325.5,3736.0,yahoo
EICHERMOT,5m,2026-09-25T12:30:00+05:30,7324.0,7330.0,7323.5,7329.0,974.0,yahoo
EICHERMOT,5m,2026-09-25T12:35:00+05:30,7328.5,7334.0,7323.5,7329.0,1197.0,yahoo
EICHERMOT,5m,2026-09-25T12:40:00+05:30,7327.0,7329.5,7323.5,7326.0,880.0,yahoo
EICHERMOT,5m,2026-09-25T12:45:00+05:30,7326.0,7326.5,7316.5,7317.5,955.0,yahoo
EICHERMOT,5m,2026-09-25T12:50:00+05:30,7317.0,7327.0,7315.0,7321.5,1295.0,yahoo
EICHERMOT,5m,2026-09-25T12:55:00+05:30,7319.0,7321.5,7315.0,7315.5,1228.0,yahoo
EICHERMOT,5m,2026-09-25T13:00:00+05:30,7315.5,7320.5,7315.5,7318.5,468.0,yahoo
EICHERMOT,5m,2026-09-25T13:05:00+05:30,7318.0,7321.5,7315.0,7315.0,407.0,yahoo
EICHERMOT,5m,2026-09-25T13:10:00+05:30,7316.0,7325.5,7316.0,7321.5,1365.0,yahoo
EICHERMOT,5m,2026-09-25T13:15:00+05:30,7321.5,7322.0,7317.0,7318.5,580.0,yahoo
EICHERMOT,5m,2026-09-25T13:20:00+05:30,7317.5,7318.0,7308.0,7308.0,2832.0,yahoo
EICHERMOT,5m,2026-09-25T13:25:00+05:30,7308.0,7320.5,7305.0,7311.5,7467.0,yahoo
EICHERMOT,5m,2026-09-25T13:30:00+05:30,7310.0,7316.5,7307.0,7311.5,773.0,yahoo
EICHERMOT,5m,2026-09-25T13:35:00+05:30,7311.5,7320.0,7311.5,7319.5,453.0,yahoo
EICHERMOT,5m,2026-09-25T13:40:00+05:30,7316.0,7321.0,7314.0,7320.0,1506.0,yahoo
EICHERMOT,5m,2026-09-25T13:45:00+05:30,7320.0,7324.0,7320.0,7320.0,842.0,yahoo
EICHERMOT,5m,2026-09-25T13:50:00+05:30,7320.0,7325.5,7320.0,7325.0,3448.0,yahoo
EICHERMOT,5m,2026-09-25T13:55:00+05:30,7325.0,7335.0,7323.5,7333.0,2579.0,yahoo
EICHERMOT,5m,2026-09-25T14:00:00+05:30,7333.0,7367.5,7332.5,7363.0,17568.0,yahoo
EICHERMOT,5m,2026-09-25T14:05:00+05:30,7366.0,7366.5,7342.5,7344.0,4503.0,yahoo
EICHERMOT,5m,2026-09-25T14:10:00+05:30,7345.0,7352.0,7343.0,7345.5,2295.0,yahoo
EICHERMOT,5m,2026-09-25T14:15:00+05:30,7345.5,7353.0,7345.5,7349.0,1829.0,yahoo
EICHERMOT,5m,2026-09-25T14:20:00+05:30,7348.5,7348.5,7340.0,7341.5,696.0,yahoo
EICHERMOT,5m,2026-09-25T14:25:00+05:30,7340.0,7348.5,7340.0,7347.0,2797.0,yahoo
EICHERMOT,5m,2026-09-25T14:30:00+05:30,7347.0,7348.5,7342.5,7342.5,1171.0,yahoo
EICHERMOT,5m,2026-09-25T14:35:00+05:30,7342.5,7351.5,7342.0,7350.5,2027.0,yahoo
EICHERMOT,5m,2026-09-25T14:40:00+05:30,7348.5,7350.5,7341.5,7342.5,2496.0,yahoo
EICHERMOT,5m,2026-09-25T14:45:00+05:30,7342.5,7346.5,7340.0,7342.5,2468.0,yahoo
EICHERMOT,5m,2026-09-25T14:50:00+05:30,7342.0,7342.5,7331.0,7338.0,13267.0,yahoo
EICHERMOT,5m,2026-09-25T14:55:00+05:30,7335.5,7342.5,7335.5,7340.0,5340.0,yahoo
EICHERMOT,5m,2026-09-25T15:00:00+05:30,7340.0,7346.0,7340.0,7345.0,5148.0,yahoo
EICHERMOT,5m,2026-09-25T15:05:00+05:30,7345.0,7348.0,7342.0,7345.5,7590.0,yahoo
EICHERMOT,5m,2026-09-25T15:10:00+05:30,7345.5,7360.0,7345.0,7355.0,6593.0,yahoo
EICHERMOT,5m,2026-09-25T15:15:00+05:30,7357.5,7360.0,7357.5,7360.0,5662.0,yahoo
ETERNAL,5m,2026-09-25T09:15:00+05:30,335.70001220703125,339.6499938964844,335.70001220703125,337.04998779296875,0.0,yahoo
ETERNAL,5m,2026-09-25T09:20:00+05:30,336.54998779296875,337.45001220703125,335.75,335.8500061035156,605584.0,yahoo
ETERNAL,5m,2026-09-25T09:25:00+05:30,335.8500061035156,335.8500061035156,334.8500061035156,335.1499938964844,567564.0,yahoo
ETERNAL,5m,2026-09-25T09:30:00+05:30,335.25,335.5,334.45001220703125,335.45001220703125,505870.0,yahoo
ETERNAL,5m,2026-09-25T09:35:00+05:30,335.3500061035156,335.8500061035156,335.1499938964844,335.3999938964844,249898.0,yahoo
ETERNAL,5m,2026-09-25T09:40:00+05:30,335.54998779296875,335.6499938964844,334.8500061035156,334.8999938964844,365444.0,yahoo
ETERNAL,5m,2026-09-25T09:45:00+05:30,334.8999938964844,335.5,334.8999938964844,335.25,243403.0,yahoo
ETERNAL,5m,2026-09-25T09:50:00+05:30,335.25,335.54998779296875,335.1000061035156,335.1000061035156,290503.0,yahoo
ETERNAL,5m,2026-09-25T09:55:00+05:30,335.0,335.45001220703125,335.0,335.29998779296875,199294.0,yahoo
ETERNAL,5m,2026-09-25T10:00:00+05:30,335.25,335.54998779296875,335.1499938964844,335.3500061035156,142190.0,yahoo
ETERNAL,5m,2026-09-25T10:05:00+05:30,335.3500061035156,336.04998779296875,335.29998779296875,335.95001220703125,264108.0,yahoo
ETERNAL,5m,2026-09-25T10:10:00+05:30,335.95001220703125,337.0,335.8500061035156,336.3999938964844,309613.0,yahoo
ETERNAL,5m,2026-09-25T10:15:00+05:30,336.3999938964844,336.6499938964844,335.95001220703125,336.20001220703125,212144.0,yahoo
ETERNAL,5m,2026-09-25T10:20:00+05:30,336.1499938964844,336.29998779296875,335.8999938964844,336.04998779296875,147010.0,yahoo
ETERNAL,5m,2026-09-25T10:25:00+05:30,336.1000061035156,336.25,335.8500061035156,336.0,246863.0,yahoo
ETERNAL,5m,2026-09-25T10:30:00+05:30,335.79998779296875,336.04998779296875,335.1499938964844,335.1499938964844,746012.0,yahoo
ETERNAL,5m,2026-09-25T10:35:00+05:30,335.1000061035156,335.3500061035156,334.29998779296875,334.3999938964844,776957.0,yahoo
ETERNAL,5m,2026-09-25T10:40:00+05:30,334.3500061035156,334.8500061035156,333.1499938964844,333.20001220703125,1185988.0,yahoo
ETERNAL,5m,2026-09-25T10:45:00+05:30,333.29998779296875,334.0,332.45001220703125,333.8500061035156,349372.0,yahoo
ETERNAL,5m,2026-09-25T10:50:00+05:30,333.8500061035156,334.1000061035156,333.29998779296875,334.0,573608.0,yahoo
ETERNAL,5m,2026-09-25T10:55:00+05:30,334.0,334.1000061035156,333.79998779296875,333.79998779296875,108034.0,yahoo
ETERNAL,5m,2026-09-25T11:00:00+05:30,333.8500061035156,334.0,333.3500061035156,333.3500061035156,305128.0,yahoo
ETERNAL,5m,2026-09-25T11:05:00+05:30,333.3999938964844,333.54998779296875,333.0,333.0,165948.0,yahoo
ETERNAL,5m,2026-09-25T11:10:00+05:30,333.1000061035156,333.1000061035156,332.20001220703125,332.3500061035156,213009.0,yahoo
ETERNAL,5m,2026-09-25T11:15:00+05:30,332.29998779296875,333.0,332.25,332.95001220703125,216352.0,yahoo
ETERNAL,5m,2026-09-25T11:20:00+05:30,333.0,333.3500061035156,332.8500061035156,333.25,485203.0,yahoo
ETERNAL,5m,2026-09-25T11:25:00+05:30,333.25,333.25,332.79998779296875,333.20001220703125,164585.0,yahoo
ETERNAL,5m,2026-09-25T11:30:00+05:30,333.1499938964844,333.5,333.04998779296875,333.25,194233.0,yahoo
ETERNAL,5m,2026-09-25T11:35:00+05:30,333.3999938964844,333.3999938964844,332.5,332.75,211532.0,yahoo
ETERNAL,5m,2026-09-25T11:40:00+05:30,332.75,332.75,332.5,332.6499938964844,128270.0,yahoo
ETERNAL,5m,2026-09-25T11:45:00+05:30,332.70001220703125,333.20001220703125,332.6000061035156,332.79998779296875,216118.0,yahoo
ETERNAL,5m,2026-09-25T11:50:00+05:30,332.79998779296875,332.95001220703125,332.6000061035156,332.79998779296875,370025.0,yahoo
ETERNAL,5m,2026-09-25T11:55:00+05:30,332.95001220703125,333.20001220703125,332.6000061035156,332.70001220703125,481013.0,yahoo
ETERNAL,5m,2026-09-25T12:00:00+05:30,332.70001220703125,333.04998779296875,332.0,332.3999938964844,644903.0,yahoo
ETERNAL,5m,2026-09-25T12:05:00+05:30,332.45001220703125,332.70001220703125,332.29998779296875,332.6499938964844,156621.0,yahoo
ETERNAL,5m,2026-09-25T12:10:00+05:30,332.6499938964844,332.70001220703125,332.1000061035156,332.29998779296875,158723.0,yahoo
ETERNAL,5m,2026-09-25T12:15:00+05:30,332.1000061035156,332.3500061035156,332.1000061035156,332.25,131099.0,yahoo
ETERNAL,5m,2026-09-25T12:20:00+05:30,332.25,332.3500061035156,332.25,332.3500061035156,109957.0,yahoo
ETERNAL,5m,2026-09-25T12:25:00+05:30,332.29998779296875,332.75,332.25,332.54998779296875,384608.0,yahoo
ETERNAL,5m,2026-09-25T12:30:00+05:30,332.54998779296875,332.6000061035156,332.0,332.1499938964844,205760.0,yahoo
ETERNAL,5m,2026-09-25T12:35:00+05:30,332.1000061035156,332.1499938964844,332.0,332.0,100710.0,yahoo
ETERNAL,5m,2026-09-25T12:40:00+05:30,332.04998779296875,332.1000061035156,332.0,332.04998779296875,102062.0,yahoo
ETERNAL,5m,2026-09-25T12:45:00+05:30,332.04998779296875,332.1499938964844,331.79998779296875,332.0,287140.0,yahoo
ETERNAL,5m,2026-09-25T12:50:00+05:30,332.0,332.04998779296875,331.79998779296875,332.04998779296875,215542.0,yahoo
ETERNAL,5m,2026-09-25T12:55:00+05:30,332.04998779296875,332.04998779296875,331.79998779296875,331.95001220703125,168154.0,yahoo
ETERNAL,5m,2026-09-25T13:00:00+05:30,331.8999938964844,332.04998779296875,331.8500061035156,331.95001220703125,121392.0,yahoo
ETERNAL,5m,2026-09-25T13:05:00+05:30,331.95001220703125,332.04998779296875,331.70001220703125,332.0,176605.0,yahoo
ETERNAL,5m,2026-09-25T13:10:00+05:30,332.04998779296875,332.25,331.95001220703125,332.1499938964844,161534.0,yahoo
ETERNAL,5m,2026-09-25T13:15:00+05:30,332.20001220703125,332.3999938964844,332.1000061035156,332.1499938964844,159252.0,yahoo
ETERNAL,5m,2026-09-25T13:20:00+05:30,332.1499938964844,332.6000061035156,332.1000061035156,332.54998779296875,318602.0,yahoo
ETERNAL,5m,2026-09-25T13:25:00+05:30,332.54998779296875,333.45001220703125,332.5,333.20001220703125,381849.0,yahoo
ETERNAL,5m,2026-09-25T13:30:00+05:30,333.20001220703125,333.3999938964844,332.70001220703125,333.3500061035156,254768.0,yahoo
ETERNAL,5m,2026-09-25T13:35:00+05:30,333.29998779296875,333.3999938964844,333.1000061035156,333.29998779296875,118952.0,yahoo
ETERNAL,5m,2026-09-25T13:40:00+05:30,333.3500061035156,333.5,333.0,333.29998779296875,274745.0,yahoo
ETERNAL,5m,2026-09-25T13:45:00+05:30,333.25,333.29998779296875,332.70001220703125,332.8500061035156,297730.0,yahoo
ETERNAL,5m,2026-09-25T13:50:00+05:30,332.8500061035156,333.20001220703125,332.70001220703125,333.04998779296875,153045.0,yahoo
ETERNAL,5m,2026-09-25T13:55:00+05:30,333.1000061035156,333.25,333.0,333.04998779296875,168827.0,yahoo
ETERNAL,5m,2026-09-25T14:00:00+05:30,333.20001220703125,335.25,333.1000061035156,334.75,442251.0,yahoo
ETERNAL,5m,2026-09-25T14:05:00+05:30,334.70001220703125,335.0,334.1000061035156,334.29998779296875,219084.0,yahoo
ETERNAL,5m,2026-09-25T14:10:00+05:30,334.20001220703125,334.45001220703125,333.8999938964844,334.1499938964844,184308.0,yahoo
ETERNAL,5m,2026-09-25T14:15:00+05:30,334.1499938964844,334.54998779296875,334.1000061035156,334.3500061035156,188743.0,yahoo
ETERNAL,5m,2026-09-25T14:20:00+05:30,334.29998779296875,334.8500061035156,333.8500061035156,333.95001220703125,907839.0,yahoo
ETERNAL,5m,2026-09-25T14:25:00+05:30,334.0,334.70001220703125,334.0,334.6499938964844,170775.0,yahoo
ETERNAL,5m,2026-09-25T14:30:00+05:30,334.6000061035156,334.8500061035156,334.5,334.5,255790.0,yahoo
ETERNAL,5m,2026-09-25T14:35:00+05:30,334.54998779296875,334.95001220703125,334.3999938964844,334.8500061035156,266966.0,yahoo
ETERNAL,5m,2026-09-25T14:40:00+05:30,334.8999938964844,335.04998779296875,334.6000061035156,334.6000061035156,222566.0,yahoo
ETERNAL,5m,2026-09-25T14:45:00+05:30,334.70001220703125,335.5,334.5,335.3500061035156,464158.0,yahoo
ETERNAL,5m,2026-09-25T14:50:00+05:30,335.3500061035156,335.5,335.0,335.0,635373.0,yahoo
ETERNAL,5m,2026-09-25T14:55:00+05:30,334.95001220703125,335.0,334.75,334.95001220703125,485181.0,yahoo
ETERNAL,5m,2026-09-25T15:00:00+05:30,334.95001220703125,335.0,334.70001220703125,334.8500061035156,541473.0,yahoo
ETERNAL,5m,2026-09-25T15:05:00+05:30,334.8500061035156,335.0,334.54998779296875,334.75,683270.0,yahoo
ETERNAL,5m,2026-09-25T15:10:00+05:30,334.70001220703125,335.0,334.45001220703125,335.0,867672.0,yahoo
GODFRYPHLP,5m,2026-09-25T09:15:00+05:30,1970.199951171875,1974.0,1968.0999755859375,1970.0,0.0,yahoo
GODFRYPHLP,5m,2026-09-25T09:20:00+05:30,1967.800048828125,1972.699951171875,1965.0999755859375,1968.0,3602.0,yahoo
GODFRYPHLP,5m,2026-09-25T09:25:00+05:30,1969.699951171875,1972.0,1967.699951171875,1970.0999755859375,2919.0,yahoo
GODFRYPHLP,5m,2026-09-25T09:30:00+05:30,1970.5,1974.199951171875,1970.5,1972.9000244140625,1381.0,yahoo
GODFRYPHLP,5m,2026-09-25T09:35:00+05:30,1972.199951171875,1974.199951171875,1970.5,1973.0,973.0,yahoo
GODFRYPHLP,5m,2026-09-25T09:40:00+05:30,1971.199951171875,1972.5,1969.4000244140625,1969.800048828125,3151.0,yahoo
GODFRYPHLP,5m,2026-09-25T09:45:00+05:30,1970.800048828125,1971.800048828125,1967.5,1971.5,1085.0,yahoo
GODFRYPHLP,5m,2026-09-25T09:50:00+05:30,1971.5,1971.5,1966.0,1969.0,1899.0,yahoo
GODFRYPHLP,5m,2026-09-25T09:55:00+05:30,1968.199951171875,1974.5999755859375,1968.0,1972.699951171875,1834.0,yahoo
GODFRYPHLP,5m,2026-09-25T10:00:00+05:30,1973.5,1976.9000244140625,1972.0,1976.9000244140625,1095.0,yahoo
GODFRYPHLP,5m,2026-09-25T10:05:00+05:30,1977.199951171875,1978.800048828125,1972.0,1974.5,2802.0,yahoo
GODFRYPHLP,5m,2026-09-25T10:10:00+05:30,1976.0,1976.0,1973.300048828125,1975.5,622.0,yahoo
GODFRYPHLP,5m,2026-09-25T10:15:00+05:30,1973.5,1975.0,1972.800048828125,1974.5,643.0,yahoo
GODFRYPHLP,5m,2026-09-25T10:20:00+05:30,1974.9000244140625,1975.0,1973.5999755859375,1973.5999755859375,208.0,yahoo
GODFRYPHLP,5m,2026-09-25T10:25:00+05:30,1972.9000244140625,1975.0,1972.9000244140625,1974.9000244140625,746.0,yahoo
GODFRYPHLP,5m,2026-09-25T10:30:00+05:30,1975.0,1975.0,1970.0,1970.0,1704.0,yahoo
GODFRYPHLP,5m,2026-09-25T10:35:00+05:30,1971.5999755859375,1971.699951171875,1970.0,1970.199951171875,560.0,yahoo
GODFRYPHLP,5m,2026-09-25T10:40:00+05:30,1970.199951171875,1971.0999755859375,1968.5,1970.0,374.0,yahoo
GODFRYPHLP,5m,2026-09-25T10:45:00+05:30,1970.0,1972.5999755859375,1969.0999755859375,1972.0,455.0,yahoo
GODFRYPHLP,5m,2026-09-25T10:50:00+05:30,1973.0,1975.0,1971.5999755859375,1974.5,390.0,yahoo
GODFRYPHLP,5m,2026-09-25T10:55:00+05:30,1974.0,1975.0,1974.0,1974.9000244140625,156.0,yahoo
GODFRYPHLP,5m,2026-09-25T11:00:00+05:30,1974.0,1980.5999755859375,1974.0,1979.5,1775.0,yahoo
GODFRYPHLP,5m,2026-09-25T11:05:00+05:30,1979.300048828125,1980.300048828125,1979.0,1979.0999755859375,161.0,yahoo
GODFRYPHLP,5m,2026-09-25T11:10:00+05:30,1979.0999755859375,1979.4000244140625,1975.4000244140625,1977.4000244140625,718.0,yahoo
GODFRYPHLP,5m,2026-09-25T11:15:00+05:30,1977.0,1980.9000244140625,1976.300048828125,1979.199951171875,319.0,yahoo
GODFRYPHLP,5m,2026-09-25T11:20:00+05:30,1979.199951171875,1979.9000244140625,1977.199951171875,1977.5999755859375,573.0,yahoo
GODFRYPHLP,5m,2026-09-25T11:25:00+05:30,1975.9000244140625,1978.9000244140625,1975.9000244140625,1978.9000244140625,878.0,yahoo
GODFRYPHLP,5m,2026-09-25T11:30:00+05:30,1978.199951171875,1980.800048828125,1977.800048828125,1979.800048828125,283.0,yahoo
GODFRYPHLP,5m,2026-09-25T11:35:00+05:30,1979.300048828125,1987.4000244140625,1978.5999755859375,1984.699951171875,2796.0,yahoo
GODFRYPHLP,5m,2026-09-25T11:40:00+05:30,1984.9000244140625,1985.5,1983.9000244140625,1984.300048828125,1017.0,yahoo
GODFRYPHLP,5m,2026-09-25T11:45:00+05:30,1985.0,1985.0,1984.300048828125,1985.0,338.0,yahoo
GODFRYPHLP,5m,2026-09-25T11:50:00+05:30,1985.0,1985.0,1981.5999755859375,1984.4000244140625,1474.0,yahoo
GODFRYPHLP,5m,2026-09-25T11:55:00+05:30,1983.5999755859375,1983.5999755859375,1981.4000244140625,1981.9000244140625,293.0,yahoo
GODFRYPHLP,5m,2026-09-25T12:00:00+05:30,1981.9000244140625,1982.5999755859375,1980.300048828125,1982.5,893.0,yahoo
GODFRYPHLP,5m,2026-09-25T12:05:00+05:30,1981.5,1982.300048828125,1980.0,1980.5999755859375,338.0,yahoo
GODFRYPHLP,5m,2026-09-25T12:10:00+05:30,1981.0,1981.4000244140625,1978.800048828125,1981.4000244140625,430.0,yahoo
GODFRYPHLP,5m,2026-09-25T12:15:00+05:30,1980.199951171875,1982.5999755859375,1979.800048828125,1982.5,316.0,yahoo
GODFRYPHLP,5m,2026-09-25T12:20:00+05:30,1982.5,1982.5,1980.5999755859375,1980.5999755859375,38.0,yahoo
GODFRYPHLP,5m,2026-09-25T12:25:00+05:30,1981.300048828125,1981.300048828125,1977.4000244140625,1979.0,703.0,yahoo
GODFRYPHLP,5m,2026-09-25T12:30:00+05:30,1978.0,1979.0,1977.4000244140625,1979.0,228.0,yahoo
GODFRYPHLP,5m,2026-09-25T12:35:00+05:30,1978.699951171875,1978.699951171875,1973.4000244140625,1973.4000244140625,413.0,yahoo
GODFRYPHLP,5m,2026-09-25T12:40:00+05:30,1975.300048828125,1976.0999755859375,1972.0,1972.0,469.0,yahoo
GODFRYPHLP,5m,2026-09-25T12:45:00+05:30,1972.0,1972.0,1969.0,1971.0,545.0,yahoo
GODFRYPHLP,5m,2026-09-25T12:50:00+05:30,1971.0,1971.0,1969.0,1969.300048828125,925.0,yahoo
GODFRYPHLP,5m,2026-09-25T12:55:00+05:30,1969.9000244140625,1973.4000244140625,1969.9000244140625,1971.5999755859375,398.0,yahoo
GODFRYPHLP,5m,2026-09-25T13:00:00+05:30,1972.0999755859375,1973.0,1971.0999755859375,1971.0999755859375,266.0,yahoo
GODFRYPHLP,5m,2026-09-25T13:05:00+05:30,1971.0999755859375,1972.0999755859375,1971.0999755859375,1972.0999755859375,42.0,yahoo
GODFRYPHLP,5m,2026-09-25T13:10:00+05:30,1973.0,1973.300048828125,1970.4000244140625,1970.5999755859375,523.0,yahoo
GODFRYPHLP,5m,2026-09-25T13:15:00+05:30,1970.5999755859375,1972.4000244140625,1970.5,1970.5,705.0,yahoo
GODFRYPHLP,5m,2026-09-25T13:20:00+05:30,1971.0,1971.0,1970.0,1970.0,1070.0,yahoo
GODFRYPHLP,5m,2026-09-25T13:25:00+05:30,1970.9000244140625,1974.0,1970.4000244140625,1974.0,640.0,yahoo
GODFRYPHLP,5m,2026-09-25T13:30:00+05:30,1973.300048828125,1973.300048828125,1970.5,1971.0999755859375,543.0,yahoo
GODFRYPHLP,5m,2026-09-25T13:35:00+05:30,1972.5,1972.800048828125,1970.5,1972.0,603.0,yahoo
GODFRYPHLP,5m,2026-09-25T13:40:00+05:30,1972.0,1972.800048828125,1970.300048828125,1971.0,471.0,yahoo
GODFRYPHLP,5m,2026-09-25T13:45:00+05:30,1971.199951171875,1971.5999755859375,1970.0,1971.5999755859375,374.0,yahoo
GODFRYPHLP,5m,2026-09-25T13:50:00+05:30,1971.5999755859375,1971.5999755859375,1969.5,1970.5999755859375,500.0,yahoo
GODFRYPHLP,5m,2026-09-25T13:55:00+05:30,1971.0999755859375,1972.4000244140625,1968.9000244140625,1970.0999755859375,561.0,yahoo
GODFRYPHLP,5m,2026-09-25T14:00:00+05:30,1970.0999755859375,1977.300048828125,1970.0999755859375,1977.300048828125,387.0,yahoo
GODFRYPHLP,5m,2026-09-25T14:05:00+05:30,1977.0,1978.0,1974.699951171875,1974.699951171875,186.0,yahoo
GODFRYPHLP,5m,2026-09-25T14:10:00+05:30,1973.800048828125,1975.0,1972.0999755859375,1974.0999755859375,290.0,yahoo
GODFRYPHLP,5m,2026-09-25T14:15:00+05:30,1973.699951171875,1975.0,1973.4000244140625,1975.0,730.0,yahoo
GODFRYPHLP,5m,2026-09-25T14:20:00+05:30,1974.0999755859375,1974.5,1973.199951171875,1974.0,99.0,yahoo
GODFRYPHLP,5m,2026-09-25T14:25:00+05:30,1974.0,1977.300048828125,1974.0,1976.0,985.0,yahoo
GODFRYPHLP,5m,2026-09-25T14:30:00+05:30,1976.0,1978.199951171875,1976.0,1978.0999755859375,476.0,yahoo
GODFRYPHLP,5m,2026-09-25T14:35:00+05:30,1978.0,1978.199951171875,1976.5999755859375,1978.199951171875,669.0,yahoo
GODFRYPHLP,5m,2026-09-25T14:40:00+05:30,1978.0,1978.0,1975.0999755859375,1975.699951171875,848.0,yahoo
GODFRYPHLP,5m,2026-09-25T14:45:00+05:30,1975.699951171875,1976.0,1975.0999755859375,1975.300048828125,979.0,yahoo
GODFRYPHLP,5m,2026-09-25T14:50:00+05:30,1975.9000244140625,1976.4000244140625,1975.0,1976.199951171875,1791.0,yahoo
GODFRYPHLP,5m,2026-09-25T14:55:00+05:30,1975.300048828125,1976.0,1970.4000244140625,1970.4000244140625,516.0,yahoo
GODFRYPHLP,5m,2026-09-25T15:00:00+05:30,1970.300048828125,1972.699951171875,1970.0,1972.0,1466.0,yahoo
GODFRYPHLP,5m,2026-09-25T15:05:00+05:30,1971.199951171875,1972.0,1968.0999755859375,1969.5,3716.0,yahoo
GODFRYPHLP,5m,2026-09-25T15:10:00+05:30,1969.0,1970.4000244140625,1967.0,1970.4000244140625,3965.0,yahoo
GRASIM,5m,2026-09-25T09:15:00+05:30,3168.0,3175.0,3168.0,3171.39990234375,0.0,yahoo
GRASIM,5m,2026-09-25T09:20:00+05:30,3170.89990234375,3182.10009765625,3168.5,3179.699951171875,5938.0,yahoo
GRASIM,5m,2026-09-25T09:25:00+05:30,3179.699951171875,3180.800048828125,3177.300048828125,3180.699951171875,1710.0,yahoo
GRASIM,5m,2026-09-25T09:30:00+05:30,3179.89990234375,3181.0,3175.0,3180.89990234375,3397.0,yahoo
GRASIM,5m,2026-09-25T09:35:00+05:30,3180.699951171875,3180.699951171875,3171.0,3171.60009765625,8920.0,yahoo
GRASIM,5m,2026-09-25T09:40:00+05:30,3171.0,3174.0,3169.0,3171.0,7888.0,yahoo
GRASIM,5m,2026-09-25T09:45:00+05:30,3171.0,3176.39990234375,3171.0,3175.60009765625,2064.0,yahoo
GRASIM,5m,2026-09-25T09:50:00+05:30,3176.10009765625,3183.60009765625,3175.0,3183.60009765625,3825.0,yahoo
GRASIM,5m,2026-09-25T09:55:00+05:30,3183.300048828125,3189.39990234375,3182.39990234375,3186.39990234375,2321.0,yahoo
GRASIM,5m,2026-09-25T10:00:00+05:30,3185.89990234375,3189.800048828125,3184.0,3188.800048828125,1118.0,yahoo
GRASIM,5m,2026-09-25T10:05:00+05:30,3188.800048828125,3188.800048828125,3185.10009765625,3187.300048828125,2094.0,yahoo
GRASIM,5m,2026-09-25T10:10:00+05:30,3188.5,3192.199951171875,3188.10009765625,3191.0,3781.0,yahoo
GRASIM,5m,2026-09-25T10:15:00+05:30,3190.300048828125,3191.800048828125,3183.800048828125,3185.800048828125,1000.0,yahoo
GRASIM,5m,2026-09-25T10:20:00+05:30,3185.300048828125,3197.10009765625,3185.0,3194.10009765625,20064.0,yahoo
GRASIM,5m,2026-09-25T10:25:00+05:30,3194.5,3195.5,3186.0,3186.0,12051.0,yahoo
GRASIM,5m,2026-09-25T10:30:00+05:30,3185.89990234375,3190.199951171875,3183.5,3185.0,17817.0,yahoo
GRASIM,5m,2026-09-25T10:35:00+05:30,3185.0,3185.5,3181.199951171875,3181.89990234375,5263.0,yahoo
GRASIM,5m,2026-09-25T10:40:00+05:30,3183.89990234375,3184.5,3180.0,3180.0,3367.0,yahoo
GRASIM,5m,2026-09-25T10:45:00+05:30,3180.0,3182.0,3178.0,3179.300048828125,8570.0,yahoo
GRASIM,5m,2026-09-25T10:50:00+05:30,3178.0,3179.800048828125,3178.0,3179.39990234375,2045.0,yahoo
GRASIM,5m,2026-09-25T10:55:00+05:30,3178.60009765625,3180.699951171875,3178.0,3180.39990234375,2324.0,yahoo
GRASIM,5m,2026-09-25T11:00:00+05:30,3179.199951171875,3179.89990234375,3177.0,3177.60009765625,9721.0,yahoo
GRASIM,5m,2026-09-25T11:05:00+05:30,3177.0,3185.0,3177.0,3180.89990234375,3233.0,yahoo
GRASIM,5m,2026-09-25T11:10:00+05:30,3180.89990234375,3182.5,3179.0,3179.800048828125,4125.0,yahoo
GRASIM,5m,2026-09-25T11:15:00+05:30,3179.0,3180.0,3178.0,3179.89990234375,3272.0,yahoo
GRASIM,5m,2026-09-25T11:20:00+05:30,3179.199951171875,3180.89990234375,3178.0,3178.5,2454.0,yahoo
GRASIM,5m,2026-09-25T11:25:00+05:30,3178.0,3178.699951171875,3176.800048828125,3177.800048828125,4972.0,yahoo
GRASIM,5m,2026-09-25T11:30:00+05:30,3176.89990234375,3178.39990234375,3176.0,3176.0,5064.0,yahoo
GRASIM,5m,2026-09-25T11:35:00+05:30,3175.89990234375,3178.300048828125,3174.300048828125,3177.89990234375,14310.0,yahoo
GRASIM,5m,2026-09-25T11:40:00+05:30,3177.39990234375,3177.89990234375,3175.0,3176.10009765625,563.0,yahoo
GRASIM,5m,2026-09-25T11:45:00+05:30,3175.0,3180.300048828125,3175.0,3177.10009765625,756.0,yahoo
GRASIM,5m,2026-09-25T11:50:00+05:30,3176.89990234375,3182.0,3176.60009765625,3180.5,26807.0,yahoo
GRASIM,5m,2026-09-25T11:55:00+05:30,3180.800048828125,3182.39990234375,3175.0,3175.0,1556.0,yahoo
GRASIM,5m,2026-09-25T12:00:00+05:30,3175.0,3176.300048828125,3168.0,3168.10009765625,31933.0,yahoo
GRASIM,5m,2026-09-25T12:05:00+05:30,3168.0,3168.60009765625,3165.0,3167.10009765625,61579.0,yahoo
GRASIM,5m,2026-09-25T12:10:00+05:30,3167.199951171875,3168.5,3165.0,3166.89990234375,15167.0,yahoo
GRASIM,5m,2026-09-25T12:15:00+05:30,3165.800048828125,3166.800048828125,3165.0,3165.0,2945.0,yahoo
GRASIM,5m,2026-09-25T12:20:00+05:30,3165.0,3165.89990234375,3162.39990234375,3163.0,6889.0,yahoo
GRASIM,5m,2026-09-25T12:25:00+05:30,3162.800048828125,3165.89990234375,3161.0,3164.800048828125,1128.0,yahoo
GRASIM,5m,2026-09-25T12:30:00+05:30,3164.300048828125,3170.89990234375,3164.300048828125,3170.199951171875,950.0,yahoo
GRASIM,5m,2026-09-25T12:35:00+05:30,3170.5,3170.89990234375,3164.699951171875,3170.199951171875,4292.0,yahoo
GRASIM,5m,2026-09-25T12:40:00+05:30,3169.89990234375,3172.39990234375,3167.60009765625,3168.300048828125,1098.0,yahoo
GRASIM,5m,2026-09-25T12:45:00+05:30,3168.60009765625,3171.0,3166.89990234375,3170.89990234375,972.0,yahoo
GRASIM,5m,2026-09-25T12:50:00+05:30,3170.699951171875,3170.800048828125,3168.10009765625,3169.10009765625,487.0,yahoo
GRASIM,5m,2026-09-25T12:55:00+05:30,3168.89990234375,3172.0,3166.0,3170.60009765625,3651.0,yahoo
GRASIM,5m,2026-09-25T13:00:00+05:30,3170.699951171875,3172.89990234375,3170.699951171875,3171.300048828125,296.0,yahoo
GRASIM,5m,2026-09-25T13:05:00+05:30,3171.300048828125,3172.5,3170.0,3171.5,4754.0,yahoo
GRASIM,5m,2026-09-25T13:10:00+05:30,3171.5,3171.5,3169.10009765625,3169.10009765625,2570.0,yahoo
GRASIM,5m,2026-09-25T13:15:00+05:30,3169.699951171875,3171.10009765625,3169.10009765625,3170.0,4608.0,yahoo
GRASIM,5m,2026-09-25T13:20:00+05:30,3169.5,3171.699951171875,3169.0,3169.5,9436.0,yahoo
GRASIM,5m,2026-09-25T13:25:00+05:30,3169.60009765625,3170.800048828125,3169.0,3170.199951171875,1391.0,yahoo
GRASIM,5m,2026-09-25T13:30:00+05:30,3169.699951171875,3170.60009765625,3168.699951171875,3169.699951171875,7989.0,yahoo
GRASIM,5m,2026-09-25T13:35:00+05:30,3169.699951171875,3171.199951171875,3168.10009765625,3170.699951171875,1512.0,yahoo
GRASIM,5m,2026-09-25T13:40:00+05:30,3170.199951171875,3171.199951171875,3168.10009765625,3169.699951171875,1056.0,yahoo
GRASIM,5m,2026-09-25T13:45:00+05:30,3169.199951171875,3170.699951171875,3168.10009765625,3169.89990234375,4093.0,yahoo
GRASIM,5m,2026-09-25T13:50:00+05:30,3169.89990234375,3172.0,3168.5,3170.0,4876.0,yahoo
GRASIM,5m,2026-09-25T13:55:00+05:30,3169.800048828125,3173.0,3169.39990234375,3172.300048828125,9284.0,yahoo
GRASIM,5m,2026-09-25T14:00:00+05:30,3172.199951171875,3181.699951171875,3171.699951171875,3181.199951171875,11832.0,yahoo
GRASIM,5m,2026-09-25T14:05:00+05:30,3181.10009765625,3184.199951171875,3178.0,3180.300048828125,1874.0,yahoo
GRASIM,5m,2026-09-25T14:10:00+05:30,3179.699951171875,3180.0,3176.699951171875,3176.699951171875,440.0,yahoo
GRASIM,5m,2026-09-25T14:15:00+05:30,3178.199951171875,3183.89990234375,3178.199951171875,3181.0,1545.0,yahoo
GRASIM,5m,2026-09-25T14:20:00+05:30,3180.5,3180.5,3176.199951171875,3176.5,615.0,yahoo
GRASIM,5m,2026-09-25T14:25:00+05:30,3176.5,3180.0,3176.5,3178.800048828125,642.0,yahoo
GRASIM,5m,2026-09-25T14:30:00+05:30,3178.800048828125,3179.89990234375,3175.199951171875,3175.199951171875,2391.0,yahoo
GRASIM,5m,2026-09-25T14:35:00+05:30,3175.10009765625,3180.0,3175.10009765625,3179.39990234375,1455.0,yahoo
GRASIM,5m,2026-09-25T14:40:00+05:30,3179.39990234375,3179.39990234375,3175.10009765625,3175.10009765625,486.0,yahoo
GRASIM,5m,2026-09-25T14:45:00+05:30,3175.10009765625,3179.60009765625,3175.10009765625,3178.0,2693.0,yahoo
GRASIM,5m,2026-09-25T14:50:00+05:30,3175.5,3182.699951171875,3174.0,3180.5,28761.0,yahoo
GRASIM,5m,2026-09-25T14:55:00+05:30,3180.5,3190.0,3177.10009765625,3187.199951171875,72479.0,yahoo
GRASIM,5m,2026-09-25T15:00:00+05:30,3186.800048828125,3188.60009765625,3182.199951171875,3185.300048828125,40358.0,yahoo
GRASIM,5m,2026-09-25T15:05:00+05:30,3185.199951171875,3191.0,3180.89990234375,3184.0,107851.0,yahoo
GRASIM,5m,2026-09-25T15:10:00+05:30,3183.39990234375,3196.39990234375,3182.800048828125,3190.0,98973.0,yahoo
GRASIM,5m,2026-09-25T15:15:00+05:30,3190.0,3191.0,3190.0,3191.0,20815.0,yahoo
HCLTECH,5m,2026-09-25T09:15:00+05:30,1242.699951171875,1244.699951171875,1234.5999755859375,1242.199951171875,0.0,yahoo
HCLTECH,5m,2026-09-25T09:20:00+05:30,1241.9000244140625,1245.199951171875,1240.199951171875,1244.800048828125,40683.0,yahoo
HCLTECH,5m,2026-09-25T09:25:00+05:30,1244.9000244140625,1254.800048828125,1244.0,1254.199951171875,45860.0,yahoo
HCLTECH,5m,2026-09-25T09:30:00+05:30,1254.9000244140625,1256.199951171875,1252.0,1256.199951171875,35027.0,yahoo
HCLTECH,5m,2026-09-25T09:35:00+05:30,1256.4000244140625,1257.9000244140625,1251.4000244140625,1251.4000244140625,33127.0,yahoo
HCLTECH,5m,2026-09-25T09:40:00+05:30,1251.800048828125,1254.0,1249.699951171875,1250.199951171875,23947.0,yahoo
HCLTECH,5m,2026-09-25T09:45:00+05:30,1250.199951171875,1252.0,1249.300048828125,1249.300048828125,10715.0,yahoo
HCLTECH,5m,2026-09-25T09:50:00+05:30,1249.800048828125,1252.5,1247.0999755859375,1249.199951171875,25492.0,yahoo
HCLTECH,5m,2026-09-25T09:55:00+05:30,1249.199951171875,1250.699951171875,1248.0999755859375,1248.5999755859375,15531.0,yahoo
HCLTECH,5m,2026-09-25T10:00:00+05:30,1248.5999755859375,1251.5999755859375,1246.5,1250.300048828125,17129.0,yahoo
HCLTECH,5m,2026-09-25T10:05:00+05:30,1250.5,1251.0,1248.699951171875,1251.0,9299.0,yahoo
HCLTECH,5m,2026-09-25T10:10:00+05:30,1251.0,1254.5999755859375,1248.800048828125,1250.5,31382.0,yahoo
HCLTECH,5m,2026-09-25T10:15:00+05:30,1251.0999755859375,1254.699951171875,1250.800048828125,1254.699951171875,9573.0,yahoo
HCLTECH,5m,2026-09-25T10:20:00+05:30,1255.5999755859375,1257.800048828125,1252.300048828125,1253.199951171875,49475.0,yahoo
HCLTECH,5m,2026-09-25T10:25:00+05:30,1252.800048828125,1257.5,1252.0,1255.4000244140625,27675.0,yahoo
HCLTECH,5m,2026-09-25T10:30:00+05:30,1255.4000244140625,1258.0,1254.199951171875,1256.0,19873.0,yahoo
HCLTECH,5m,2026-09-25T10:35:00+05:30,1256.699951171875,1260.800048828125,1256.4000244140625,1258.9000244140625,41274.0,yahoo
HCLTECH,5m,2026-09-25T10:40:00+05:30,1259.0,1261.0,1258.0,1258.5999755859375,16673.0,yahoo
HCLTECH,5m,2026-09-25T10:45:00+05:30,1258.5999755859375,1258.5999755859375,1255.5,1256.0,16040.0,yahoo
HCLTECH,5m,2026-09-25T10:50:00+05:30,1256.300048828125,1259.9000244140625,1255.9000244140625,1259.9000244140625,10669.0,yahoo
HCLTECH,5m,2026-09-25T10:55:00+05:30,1259.5,1261.5999755859375,1259.5,1261.0,18707.0,yahoo
HCLTECH,5m,2026-09-25T11:00:00+05:30,1261.300048828125,1263.300048828125,1261.199951171875,1262.0,19478.0,yahoo
HCLTECH,5m,2026-09-25T11:05:00+05:30,1262.0,1262.699951171875,1261.0,1261.9000244140625,9837.0,yahoo
HCLTECH,5m,2026-09-25T11:10:00+05:30,1261.0,1261.199951171875,1257.4000244140625,1259.9000244140625,23101.0,yahoo
HCLTECH,5m,2026-09-25T11:15:00+05:30,1259.800048828125,1260.0,1257.0,1257.300048828125,11045.0,yahoo
HCLTECH,5m,2026-09-25T11:20:00+05:30,1257.300048828125,1259.5,1255.800048828125,1258.5999755859375,9076.0,yahoo
HCLTECH,5m,2026-09-25T11:25:00+05:30,1258.5999755859375,1259.300048828125,1258.0,1258.4000244140625,4177.0,yahoo
HCLTECH,5m,2026-09-25T11:30:00+05:30,1258.5999755859375,1259.5,1256.5999755859375,1256.800048828125,7192.0,yahoo
HCLTECH,5m,2026-09-25T11:35:00+05:30,1257.0,1258.5999755859375,1254.0,1257.800048828125,22397.0,yahoo
HCLTECH,5m,2026-09-25T11:40:00+05:30,1258.4000244140625,1259.4000244140625,1257.699951171875,1258.5,4469.0,yahoo
HCLTECH,5m,2026-09-25T11:45:00+05:30,1258.9000244140625,1258.9000244140625,1257.199951171875,1257.800048828125,6052.0,yahoo
HCLTECH,5m,2026-09-25T11:50:00+05:30,1257.800048828125,1258.9000244140625,1257.4000244140625,1258.9000244140625,3223.0,yahoo
HCLTECH,5m,2026-09-25T11:55:00+05:30,1258.9000244140625,1261.0999755859375,1258.5,1259.9000244140625,7712.0,yahoo
HCLTECH,5m,2026-09-25T12:00:00+05:30,1260.0,1260.4000244140625,1257.5999755859375,1258.0,7700.0,yahoo
HCLTECH,5m,2026-09-25T12:05:00+05:30,1258.5,1260.300048828125,1257.0,1259.5999755859375,40179.0,yahoo
HCLTECH,5m,2026-09-25T12:10:00+05:30,1260.0,1261.0,1259.0,1260.4000244140625,9527.0,yahoo
HCLTECH,5m,2026-09-25T12:15:00+05:30,1260.5,1261.300048828125,1259.4000244140625,1260.5,3377.0,yahoo
HCLTECH,5m,2026-09-25T12:20:00+05:30,1260.5999755859375,1261.0999755859375,1260.0,1260.300048828125,3080.0,yahoo
HCLTECH,5m,2026-09-25T12:25:00+05:30,1260.300048828125,1261.699951171875,1259.5999755859375,1261.5999755859375,7228.0,yahoo
HCLTECH,5m,2026-09-25T12:30:00+05:30,1261.5999755859375,1261.5999755859375,1260.0,1261.0,5584.0,yahoo
HCLTECH,5m,2026-09-25T12:35:00+05:30,1260.9000244140625,1260.9000244140625,1258.4000244140625,1260.300048828125,8957.0,yahoo
HCLTECH,5m,2026-09-25T12:40:00+05:30,1260.300048828125,1260.300048828125,1256.4000244140625,1256.5,6994.0,yahoo
HCLTECH,5m,2026-09-25T12:45:00+05:30,1256.5,1258.4000244140625,1256.199951171875,1257.9000244140625,7481.0,yahoo
HCLTECH,5m,2026-09-25T12:50:00+05:30,1257.9000244140625,1258.800048828125,1257.0999755859375,1257.5,7651.0,yahoo
HCLTECH,5m,2026-09-25T12:55:00+05:30,1258.0,1258.800048828125,1257.0,1258.0,10896.0,yahoo
HCLTECH,5m,2026-09-25T13:00:00+05:30,1258.9000244140625,1259.4000244140625,1257.9000244140625,1258.9000244140625,6921.0,yahoo
HCLTECH,5m,2026-09-25T13:05:00+05:30,1259.4000244140625,1260.5999755859375,1257.699951171875,1257.699951171875,8415.0,yahoo
HCLTECH,5m,2026-09-25T13:10:00+05:30,1258.0,1258.4000244140625,1256.5999755859375,1256.800048828125,11791.0,yahoo
HCLTECH,5m,2026-09-25T13:15:00+05:30,1257.0,1258.5999755859375,1256.0,1257.4000244140625,6086.0,yahoo
HCLTECH,5m,2026-09-25T13:20:00+05:30,1257.800048828125,1259.0,1257.199951171875,1258.9000244140625,7591.0,yahoo
HCLTECH,5m,2026-09-25T13:25:00+05:30,1259.4000244140625,1259.5999755859375,1257.0,1257.5999755859375,11184.0,yahoo
HCLTECH,5m,2026-09-25T13:30:00+05:30,1258.300048828125,1258.300048828125,1256.5,1257.0999755859375,6698.0,yahoo
HCLTECH,5m,2026-09-25T13:35:00+05:30,1257.699951171875,1263.0,1257.0999755859375,1262.5999755859375,40401.0,yahoo
HCLTECH,5m,2026-09-25T13:40:00+05:30,1262.5999755859375,1264.300048828125,1261.5,1262.5999755859375,32271.0,yahoo
HCLTECH,5m,2026-09-25T13:45:00+05:30,1262.5,1262.5,1260.300048828125,1261.199951171875,9087.0,yahoo
HCLTECH,5m,2026-09-25T13:50:00+05:30,1261.300048828125,1261.9000244140625,1260.4000244140625,1261.300048828125,13984.0,yahoo
HCLTECH,5m,2026-09-25T13:55:00+05:30,1261.0999755859375,1262.300048828125,1260.5,1261.9000244140625,8928.0,yahoo
HCLTECH,5m,2026-09-25T14:00:00+05:30,1262.5,1266.300048828125,1262.0999755859375,1265.0,45906.0,yahoo
HCLTECH,5m,2026-09-25T14:05:00+05:30,1265.5,1266.0,1260.800048828125,1260.9000244140625,18975.0,yahoo
HCLTECH,5m,2026-09-25T14:10:00+05:30,1261.0,1262.0,1260.5999755859375,1261.4000244140625,24465.0,yahoo
HCLTECH,5m,2026-09-25T14:15:00+05:30,1261.4000244140625,1262.9000244140625,1261.4000244140625,1262.300048828125,13229.0,yahoo
HCLTECH,5m,2026-09-25T14:20:00+05:30,1261.5,1261.5,1257.5999755859375,1258.0999755859375,17825.0,yahoo
HCLTECH,5m,2026-09-25T14:25:00+05:30,1258.300048828125,1259.800048828125,1257.5,1258.0,19770.0,yahoo
HCLTECH,5m,2026-09-25T14:30:00+05:30,1258.5,1259.0999755859375,1257.199951171875,1257.699951171875,12397.0,yahoo
HCLTECH,5m,2026-09-25T14:35:00+05:30,1257.4000244140625,1258.300048828125,1257.199951171875,1258.199951171875,14246.0,yahoo
HCLTECH,5m,2026-09-25T14:40:00+05:30,1257.9000244140625,1258.5,1256.699951171875,1256.9000244140625,13335.0,yahoo
HCLTECH,5m,2026-09-25T14:45:00+05:30,1257.199951171875,1258.4000244140625,1256.199951171875,1256.699951171875,16750.0,yahoo
HCLTECH,5m,2026-09-25T14:50:00+05:30,1256.0999755859375,1256.9000244140625,1255.699951171875,1256.800048828125,15170.0,yahoo
HCLTECH,5m,2026-09-25T14:55:00+05:30,1256.800048828125,1257.4000244140625,1255.800048828125,1256.0,52256.0,yahoo
HCLTECH,5m,2026-09-25T15:00:00+05:30,1256.5,1257.0,1256.0,1256.5,34504.0,yahoo
HCLTECH,5m,2026-09-25T15:05:00+05:30,1256.300048828125,1259.4000244140625,1256.300048828125,1259.4000244140625,119891.0,yahoo
HCLTECH,5m,2026-09-25T15:10:00+05:30,1259.0,1261.300048828125,1258.4000244140625,1260.0,74955.0,yahoo
HCLTECH,5m,2026-09-25T15:15:00+05:30,1257.0999755859375,1258.0,1257.0999755859375,1258.0,83244.0,yahoo
HDFCBANK,5m,2026-09-25T09:15:00+05:30,727.0,730.8499755859375,725.9500122070312,730.25,0.0,yahoo
HDFCBANK,5m,2026-09-25T09:20:00+05:30,730.0,730.5499877929688,729.0499877929688,730.0499877929688,394155.0,yahoo
HDFCBANK,5m,2026-09-25T09:25:00+05:30,730.0999755859375,730.5499877929688,729.7000122070312,730.5499877929688,191691.0,yahoo
HDFCBANK,5m,2026-09-25T09:30:00+05:30,730.5,731.0,729.1500244140625,729.4500122070312,324233.0,yahoo
HDFCBANK,5m,2026-09-25T09:35:00+05:30,729.4500122070312,729.5999755859375,728.4000244140625,728.5,250981.0,yahoo
HDFCBANK,5m,2026-09-25T09:40:00+05:30,728.5,728.5999755859375,727.0999755859375,727.8499755859375,326946.0,yahoo
HDFCBANK,5m,2026-09-25T09:45:00+05:30,727.9000244140625,729.0999755859375,727.5,728.1500244140625,376805.0,yahoo
HDFCBANK,5m,2026-09-25T09:50:00+05:30,728.1500244140625,729.25,727.6500244140625,729.1500244140625,330388.0,yahoo
HDFCBANK,5m,2026-09-25T09:55:00+05:30,729.1500244140625,729.4500122070312,728.0499877929688,729.0,217980.0,yahoo
HDFCBANK,5m,2026-09-25T10:00:00+05:30,729.0,729.5999755859375,728.6500244140625,729.5999755859375,184007.0,yahoo
HDFCBANK,5m,2026-09-25T10:05:00+05:30,729.5999755859375,731.3499755859375,729.5,731.0499877929688,289929.0,yahoo
HDFCBANK,5m,2026-09-25T10:10:00+05:30,731.2000122070312,731.8499755859375,731.0499877929688,731.0499877929688,191841.0,yahoo
HDFCBANK,5m,2026-09-25T10:15:00+05:30,731.2999877929688,732.0,731.0499877929688,731.6500244140625,159471.0,yahoo
HDFCBANK,5m,2026-09-25T10:20:00+05:30,731.5499877929688,733.2000122070312,731.4000244140625,732.1500244140625,329771.0,yahoo
HDFCBANK,5m,2026-09-25T10:25:00+05:30,732.2000122070312,732.5499877929688,731.1500244140625,731.5,129387.0,yahoo
HDFCBANK,5m,2026-09-25T10:30:00+05:30,731.3499755859375,731.75,730.7999877929688,730.7999877929688,149385.0,yahoo
HDFCBANK,5m,2026-09-25T10:35:00+05:30,731.0,731.5,730.6500244140625,731.4000244140625,105364.0,yahoo
HDFCBANK,5m,2026-09-25T10:40:00+05:30,731.4500122070312,731.7999877929688,731.0499877929688,731.2999877929688,118487.0,yahoo
HDFCBANK,5m,2026-09-25T10:45:00+05:30,731.4000244140625,731.5,730.4000244140625,731.0,140886.0,yahoo
HDFCBANK,5m,2026-09-25T10:50:00+05:30,731.0499877929688,731.5,730.7999877929688,731.0,96969.0,yahoo
HDFCBANK,5m,2026-09-25T10:55:00+05:30,730.9500122070312,731.0,730.4500122070312,730.7999877929688,112474.0,yahoo
HDFCBANK,5m,2026-09-25T11:00:00+05:30,730.7999877929688,731.5,730.5999755859375,731.1500244140625,157417.0,yahoo
HDFCBANK,5m,2026-09-25T11:05:00+05:30,731.3499755859375,731.8499755859375,731.2999877929688,731.7999877929688,123166.0,yahoo
HDFCBANK,5m,2026-09-25T11:10:00+05:30,731.75,732.75,731.5499877929688,732.75,235471.0,yahoo
HDFCBANK,5m,2026-09-25T11:15:00+05:30,732.7999877929688,734.1500244140625,732.4500122070312,734.0,240417.0,yahoo
HDFCBANK,5m,2026-09-25T11:20:00+05:30,733.9000244140625,734.5,733.2000122070312,733.5499877929688,194229.0,yahoo
HDFCBANK,5m,2026-09-25T11:25:00+05:30,733.5999755859375,733.75,733.0499877929688,733.4500122070312,117158.0,yahoo
HDFCBANK,5m,2026-09-25T11:30:00+05:30,733.5999755859375,734.1500244140625,733.25,734.0,148520.0,yahoo
HDFCBANK,5m,2026-09-25T11:35:00+05:30,733.9500122070312,734.4000244140625,733.7999877929688,734.25,207825.0,yahoo
HDFCBANK,5m,2026-09-25T11:40:00+05:30,734.4000244140625,734.5,733.5999755859375,734.0499877929688,128361.0,yahoo
HDFCBANK,5m,2026-09-25T11:45:00+05:30,734.0999755859375,734.7999877929688,733.7999877929688,734.25,306099.0,yahoo
HDFCBANK,5m,2026-09-25T11:50:00+05:30,734.25,734.75,734.0,734.7000122070312,218747.0,yahoo
HDFCBANK,5m,2026-09-25T11:55:00+05:30,734.7000122070312,734.8499755859375,734.0499877929688,734.3499755859375,316956.0,yahoo
HDFCBANK,5m,2026-09-25T12:00:00+05:30,734.5,734.75,733.5999755859375,733.9500122070312,191699.0,yahoo
HDFCBANK,5m,2026-09-25T12:05:00+05:30,733.9500122070312,734.7000122070312,733.5,734.7000122070312,168876.0,yahoo
HDFCBANK,5m,2026-09-25T12:10:00+05:30,734.7000122070312,735.7000122070312,733.9500122070312,735.3499755859375,336727.0,yahoo
HDFCBANK,5m,2026-09-25T12:15:00+05:30,735.25,735.7000122070312,735.0,735.3499755859375,156033.0,yahoo
HDFCBANK,5m,2026-09-25T12:20:00+05:30,735.25,735.3499755859375,734.2999877929688,734.7999877929688,202261.0,yahoo
HDFCBANK,5m,2026-09-25T12:25:00+05:30,734.75,735.0999755859375,734.5499877929688,734.8499755859375,192271.0,yahoo
HDFCBANK,5m,2026-09-25T12:30:00+05:30,734.9000244140625,735.25,734.5999755859375,735.1500244140625,164043.0,yahoo
HDFCBANK,5m,2026-09-25T12:35:00+05:30,735.1500244140625,735.25,734.0499877929688,734.6500244140625,278103.0,yahoo
HDFCBANK,5m,2026-09-25T12:40:00+05:30,734.8499755859375,734.9500122070312,733.6500244140625,734.0,217874.0,yahoo
HDFCBANK,5m,2026-09-25T12:45:00+05:30,734.0,734.0,733.5,733.7999877929688,181165.0,yahoo
HDFCBANK,5m,2026-09-25T12:50:00+05:30,733.75,733.9500122070312,733.1500244140625,733.2999877929688,261900.0,yahoo
HDFCBANK,5m,2026-09-25T12:55:00+05:30,733.4500122070312,733.5999755859375,732.5,733.2999877929688,253997.0,yahoo
HDFCBANK,5m,2026-09-25T13:00:00+05:30,733.2000122070312,733.5999755859375,732.9000244140625,733.3499755859375,183544.0,yahoo
HDFCBANK,5m,2026-09-25T13:05:00+05:30,733.3499755859375,734.7000122070312,733.0,734.7000122070312,185110.0,yahoo
HDFCBANK,5m,2026-09-25T13:10:00+05:30,734.6500244140625,735.1500244140625,734.2999877929688,734.7000122070312,240672.0,yahoo
HDFCBANK,5m,2026-09-25T13:15:00+05:30,734.6500244140625,734.7999877929688,734.2999877929688,734.5499877929688,136911.0,yahoo
HDFCBANK,5m,2026-09-25T13:20:00+05:30,734.6500244140625,735.0,734.0999755859375,734.25,233616.0,yahoo
HDFCBANK,5m,2026-09-25T13:25:00+05:30,734.4000244140625,734.6500244140625,734.1500244140625,734.4500122070312,259269.0,yahoo
HDFCBANK,5m,2026-09-25T13:30:00+05:30,734.4500122070312,734.5999755859375,733.4000244140625,733.75,259899.0,yahoo
HDFCBANK,5m,2026-09-25T13:35:00+05:30,733.4500122070312,734.0,733.0,733.5999755859375,278268.0,yahoo
HDFCBANK,5m,2026-09-25T13:40:00+05:30,733.5499877929688,734.25,733.5499877929688,733.7999877929688,235671.0,yahoo
HDFCBANK,5m,2026-09-25T13:45:00+05:30,733.5,734.6500244140625,733.5,734.0999755859375,118883.0,yahoo
HDFCBANK,5m,2026-09-25T13:50:00+05:30,734.0499877929688,734.3499755859375,734.0,734.25,180841.0,yahoo
HDFCBANK,5m,2026-09-25T13:55:00+05:30,734.0499877929688,734.7000122070312,734.0,734.6500244140625,135420.0,yahoo
HDFCBANK,5m,2026-09-25T14:00:00+05:30,734.6500244140625,738.1500244140625,734.6500244140625,738.0,705602.0,yahoo
HDFCBANK,5m,2026-09-25T14:05:00+05:30,738.1500244140625,738.2999877929688,736.0499877929688,736.5,525074.0,yahoo
HDFCBANK,5m,2026-09-25T14:10:00+05:30,736.4500122070312,737.6500244140625,736.4000244140625,737.0499877929688,209926.0,yahoo
HDFCBANK,5m,2026-09-25T14:15:00+05:30,737.0999755859375,737.5,737.0,737.2999877929688,149001.0,yahoo
HDFCBANK,5m,2026-09-25T14:20:00+05:30,737.1500244140625,738.5,737.0,738.0,478739.0,yahoo
HDFCBANK,5m,2026-09-25T14:25:00+05:30,738.0999755859375,738.6500244140625,738.0,738.25,346428.0,yahoo
HDFCBANK,5m,2026-09-25T14:30:00+05:30,738.5,739.5999755859375,738.0499877929688,739.0499877929688,918542.0,yahoo
HDFCBANK,5m,2026-09-25T14:35:00+05:30,738.7999877929688,738.7999877929688,738.0,738.2000122070312,251557.0,yahoo
HDFCBANK,5m,2026-09-25T14:40:00+05:30,738.0499877929688,738.1500244140625,737.4000244140625,738.0,292420.0,yahoo
HDFCBANK,5m,2026-09-25T14:45:00+05:30,737.8499755859375,738.4500122070312,737.0,737.4000244140625,261928.0,yahoo
HDFCBANK,5m,2026-09-25T14:50:00+05:30,737.2000122070312,737.5999755859375,737.0,737.5999755859375,343131.0,yahoo
HDFCBANK,5m,2026-09-25T14:55:00+05:30,737.5499877929688,737.5499877929688,737.0499877929688,737.4500122070312,274959.0,yahoo
HDFCBANK,5m,2026-09-25T15:00:00+05:30,737.6500244140625,737.7999877929688,736.5499877929688,736.9500122070312,463072.0,yahoo
HDFCBANK,5m,2026-09-25T15:05:00+05:30,736.9500122070312,737.0499877929688,735.0999755859375,735.5,559958.0,yahoo
HDFCBANK,5m,2026-09-25T15:10:00+05:30,735.5999755859375,736.3499755859375,735.0499877929688,735.4000244140625,472767.0,yahoo
HDFCBANK,5m,2026-09-25T15:15:00+05:30,735.4000244140625,735.5999755859375,735.4000244140625,735.5999755859375,243359.0,yahoo
HDFCLIFE,5m,2026-09-25T09:15:00+05:30,526.9500122070312,530.0499877929688,525.4500122070312,526.0,0.0,yahoo
HDFCLIFE,5m,2026-09-25T09:20:00+05:30,526.2000122070312,527.7999877929688,525.4500122070312,525.4500122070312,89569.0,yahoo
HDFCLIFE,5m,2026-09-25T09:25:00+05:30,525.5499877929688,527.5,524.5999755859375,526.4500122070312,79745.0,yahoo
HDFCLIFE,5m,2026-09-25T09:30:00+05:30,526.5499877929688,527.4000244140625,524.8499755859375,525.4000244140625,62970.0,yahoo
HDFCLIFE,5m,2026-09-25T09:35:00+05:30,525.0,525.75,522.25,522.2999877929688,70996.0,yahoo
HDFCLIFE,5m,2026-09-25T09:40:00+05:30,522.4500122070312,522.4500122070312,519.3499755859375,519.4500122070312,97376.0,yahoo
HDFCLIFE,5m,2026-09-25T09:45:00+05:30,519.4000244140625,519.6500244140625,517.5,518.5499877929688,118483.0,yahoo
HDFCLIFE,5m,2026-09-25T09:50:00+05:30,518.5499877929688,518.75,516.4500122070312,517.5,102107.0,yahoo
HDFCLIFE,5m,2026-09-25T09:55:00+05:30,517.5499877929688,521.7000122070312,517.5499877929688,521.5499877929688,80884.0,yahoo
HDFCLIFE,5m,2026-09-25T10:00:00+05:30,521.5499877929688,522.1500244140625,521.0499877929688,522.0999755859375,47269.0,yahoo
HDFCLIFE,5m,2026-09-25T10:05:00+05:30,522.0999755859375,522.8499755859375,521.6500244140625,522.75,46458.0,yahoo
HDFCLIFE,5m,2026-09-25T10:10:00+05:30,522.5999755859375,523.25,521.5,523.0999755859375,33230.0,yahoo
HDFCLIFE,5m,2026-09-25T10:15:00+05:30,523.6500244140625,525.9000244140625,523.4000244140625,525.5,78151.0,yahoo
HDFCLIFE,5m,2026-09-25T10:20:00+05:30,525.5999755859375,526.7999877929688,524.8499755859375,525.7000122070312,65415.0,yahoo
HDFCLIFE,5m,2026-09-25T10:25:00+05:30,525.7999877929688,527.0999755859375,525.3499755859375,527.0999755859375,32928.0,yahoo
HDFCLIFE,5m,2026-09-25T10:30:00+05:30,527.2000122070312,528.3499755859375,525.8499755859375,525.8499755859375,73258.0,yahoo
HDFCLIFE,5m,2026-09-25T10:35:00+05:30,525.8499755859375,528.7000122070312,525.7999877929688,528.3499755859375,65173.0,yahoo
HDFCLIFE,5m,2026-09-25T10:40:00+05:30,528.5499877929688,529.7999877929688,528.25,529.5999755859375,96857.0,yahoo
HDFCLIFE,5m,2026-09-25T10:45:00+05:30,529.5999755859375,530.0499877929688,527.75,527.7999877929688,77511.0,yahoo
HDFCLIFE,5m,2026-09-25T10:50:00+05:30,527.9500122070312,528.4000244140625,527.0,528.4000244140625,26146.0,yahoo
HDFCLIFE,5m,2026-09-25T10:55:00+05:30,528.4000244140625,529.25,528.0,529.0499877929688,20893.0,yahoo
HDFCLIFE,5m,2026-09-25T11:00:00+05:30,528.75,529.0499877929688,528.4000244140625,528.5999755859375,26658.0,yahoo
HDFCLIFE,5m,2026-09-25T11:05:00+05:30,528.8499755859375,530.0,528.6500244140625,530.0,26908.0,yahoo
HDFCLIFE,5m,2026-09-25T11:10:00+05:30,529.7999877929688,530.2999877929688,529.2000122070312,530.25,35055.0,yahoo
HDFCLIFE,5m,2026-09-25T11:15:00+05:30,530.4500122070312,534.3499755859375,529.8499755859375,534.3499755859375,291291.0,yahoo
HDFCLIFE,5m,2026-09-25T11:20:00+05:30,534.7000122070312,534.9500122070312,531.4500122070312,531.5,130758.0,yahoo
HDFCLIFE,5m,2026-09-25T11:25:00+05:30,531.5499877929688,531.7000122070312,530.0,530.4000244140625,33399.0,yahoo
HDFCLIFE,5m,2026-09-25T11:30:00+05:30,530.3499755859375,530.3499755859375,528.4000244140625,528.7999877929688,39876.0,yahoo
HDFCLIFE,5m,2026-09-25T11:35:00+05:30,528.7999877929688,528.9500122070312,527.8499755859375,528.5999755859375,31347.0,yahoo
HDFCLIFE,5m,2026-09-25T11:40:00+05:30,528.7000122070312,529.5999755859375,528.0,529.5999755859375,20984.0,yahoo
HDFCLIFE,5m,2026-09-25T11:45:00+05:30,529.7999877929688,530.5,529.5999755859375,530.0,82657.0,yahoo
HDFCLIFE,5m,2026-09-25T11:50:00+05:30,530.0,530.0999755859375,528.6500244140625,528.8499755859375,51480.0,yahoo
HDFCLIFE,5m,2026-09-25T11:55:00+05:30,528.5499877929688,528.75,527.6500244140625,527.75,45803.0,yahoo
HDFCLIFE,5m,2026-09-25T12:00:00+05:30,527.9500122070312,528.0,527.0999755859375,527.3499755859375,56436.0,yahoo
HDFCLIFE,5m,2026-09-25T12:05:00+05:30,527.5999755859375,529.4000244140625,527.1500244140625,529.1500244140625,49174.0,yahoo
HDFCLIFE,5m,2026-09-25T12:10:00+05:30,529.3499755859375,531.7999877929688,529.0999755859375,531.7999877929688,33623.0,yahoo
HDFCLIFE,5m,2026-09-25T12:15:00+05:30,531.5,531.7999877929688,529.4500122070312,529.7000122070312,22001.0,yahoo
HDFCLIFE,5m,2026-09-25T12:20:00+05:30,529.7000122070312,529.7000122070312,528.5499877929688,528.7999877929688,23195.0,yahoo
HDFCLIFE,5m,2026-09-25T12:25:00+05:30,528.9000244140625,530.0,528.25,530.0,28671.0,yahoo
HDFCLIFE,5m,2026-09-25T12:30:00+05:30,530.0,530.5999755859375,529.4000244140625,530.1500244140625,12926.0,yahoo
HDFCLIFE,5m,2026-09-25T12:35:00+05:30,530.2999877929688,530.7000122070312,529.9000244140625,530.6500244140625,11661.0,yahoo
HDFCLIFE,5m,2026-09-25T12:40:00+05:30,530.6500244140625,530.9000244140625,530.3499755859375,530.7000122070312,9338.0,yahoo
HDFCLIFE,5m,2026-09-25T12:45:00+05:30,530.75,531.5,528.7999877929688,529.6500244140625,201485.0,yahoo
HDFCLIFE,5m,2026-09-25T12:50:00+05:30,529.7000122070312,530.25,529.0499877929688,530.0999755859375,42923.0,yahoo
HDFCLIFE,5m,2026-09-25T12:55:00+05:30,530.0999755859375,530.25,529.6500244140625,530.0499877929688,16864.0,yahoo
HDFCLIFE,5m,2026-09-25T13:00:00+05:30,530.25,530.9000244140625,530.0499877929688,530.5,13111.0,yahoo
HDFCLIFE,5m,2026-09-25T13:05:00+05:30,530.5,531.0,530.2000122070312,530.4000244140625,16445.0,yahoo
HDFCLIFE,5m,2026-09-25T13:10:00+05:30,530.5,530.9000244140625,530.2000122070312,530.4000244140625,9212.0,yahoo
HDFCLIFE,5m,2026-09-25T13:15:00+05:30,530.6500244140625,530.7999877929688,530.0,530.5499877929688,13121.0,yahoo
HDFCLIFE,5m,2026-09-25T13:20:00+05:30,530.75,531.3499755859375,530.7000122070312,530.75,20960.0,yahoo
HDFCLIFE,5m,2026-09-25T13:25:00+05:30,530.9500122070312,531.3499755859375,530.75,530.8499755859375,17410.0,yahoo
HDFCLIFE,5m,2026-09-25T13:30:00+05:30,531.0499877929688,531.6500244140625,530.8499755859375,531.0,11886.0,yahoo
HDFCLIFE,5m,2026-09-25T13:35:00+05:30,530.5499877929688,531.0,529.5,530.5,69198.0,yahoo
HDFCLIFE,5m,2026-09-25T13:40:00+05:30,530.5,531.0,528.2999877929688,528.2999877929688,46151.0,yahoo
HDFCLIFE,5m,2026-09-25T13:45:00+05:30,528.4000244140625,528.7000122070312,528.0499877929688,528.2000122070312,61494.0,yahoo
HDFCLIFE,5m,2026-09-25T13:50:00+05:30,528.5499877929688,530.1500244140625,528.5,529.7000122070312,41803.0,yahoo
HDFCLIFE,5m,2026-09-25T13:55:00+05:30,529.7000122070312,530.5,529.5999755859375,530.2000122070312,67486.0,yahoo
HDFCLIFE,5m,2026-09-25T14:00:00+05:30,530.4000244140625,533.0,530.25,532.3499755859375,108929.0,yahoo
HDFCLIFE,5m,2026-09-25T14:05:00+05:30,532.5,532.5,530.2999877929688,530.4000244140625,47866.0,yahoo
HDFCLIFE,5m,2026-09-25T14:10:00+05:30,530.4000244140625,530.4500122070312,529.8499755859375,530.1500244140625,40284.0,yahoo
HDFCLIFE,5m,2026-09-25T14:15:00+05:30,530.2999877929688,531.75,529.7999877929688,531.75,75783.0,yahoo
HDFCLIFE,5m,2026-09-25T14:20:00+05:30,531.8499755859375,531.8499755859375,531.0999755859375,531.1500244140625,50461.0,yahoo
HDFCLIFE,5m,2026-09-25T14:25:00+05:30,531.2999877929688,531.7999877929688,531.0999755859375,531.25,51243.0,yahoo
HDFCLIFE,5m,2026-09-25T14:30:00+05:30,531.25,531.4500122070312,531.1500244140625,531.2000122070312,35551.0,yahoo
HDFCLIFE,5m,2026-09-25T14:35:00+05:30,531.2999877929688,531.4500122070312,530.6500244140625,530.8499755859375,57878.0,yahoo
HDFCLIFE,5m,2026-09-25T14:40:00+05:30,530.6500244140625,530.75,529.8499755859375,530.0999755859375,42659.0,yahoo
HDFCLIFE,5m,2026-09-25T14:45:00+05:30,530.2000122070312,530.6500244140625,530.1500244140625,530.25,55340.0,yahoo
HDFCLIFE,5m,2026-09-25T14:50:00+05:30,530.1500244140625,530.5499877929688,529.5999755859375,529.5999755859375,81274.0,yahoo
HDFCLIFE,5m,2026-09-25T14:55:00+05:30,529.4500122070312,529.4500122070312,528.4000244140625,528.9500122070312,62243.0,yahoo
HDFCLIFE,5m,2026-09-25T15:00:00+05:30,528.9000244140625,529.0499877929688,528.5999755859375,528.75,72675.0,yahoo
HDFCLIFE,5m,2026-09-25T15:05:00+05:30,528.7999877929688,529.3499755859375,528.7000122070312,528.8499755859375,99281.0,yahoo
HDFCLIFE,5m,2026-09-25T15:10:00+05:30,529.0499877929688,530.6500244140625,528.7000122070312,530.2000122070312,83381.0,yahoo
HDFCLIFE,5m,2026-09-25T15:15:00+05:30,528.7000122070312,531.0,528.7000122070312,531.0,54203.0,yahoo
HEROMOTOCO,5m,2026-09-25T09:15:00+05:30,5317.5,5339.0,5313.0,5314.5,0.0,yahoo
HEROMOTOCO,5m,2026-09-25T09:20:00+05:30,5320.0,5338.0,5317.0,5338.0,7731.0,yahoo
HEROMOTOCO,5m,2026-09-25T09:25:00+05:30,5335.0,5350.0,5326.5,5348.0,5839.0,yahoo
HEROMOTOCO,5m,2026-09-25T09:30:00+05:30,5348.5,5354.0,5341.0,5341.0,6264.0,yahoo
HEROMOTOCO,5m,2026-09-25T09:35:00+05:30,5340.0,5344.5,5332.0,5332.0,3663.0,yahoo
HEROMOTOCO,5m,2026-09-25T09:40:00+05:30,5332.0,5333.0,5320.5,5320.5,5958.0,yahoo
HEROMOTOCO,5m,2026-09-25T09:45:00+05:30,5322.0,5330.0,5317.0,5317.0,2789.0,yahoo
HEROMOTOCO,5m,2026-09-25T09:50:00+05:30,5319.5,5320.0,5310.0,5312.5,3230.0,yahoo
HEROMOTOCO,5m,2026-09-25T09:55:00+05:30,5313.5,5314.0,5304.0,5313.0,3402.0,yahoo
HEROMOTOCO,5m,2026-09-25T10:00:00+05:30,5313.0,5332.0,5313.0,5321.5,5529.0,yahoo
HEROMOTOCO,5m,2026-09-25T10:05:00+05:30,5322.0,5330.0,5322.0,5329.5,1921.0,yahoo
HEROMOTOCO,5m,2026-09-25T10:10:00+05:30,5328.0,5332.0,5327.0,5329.5,4127.0,yahoo
HEROMOTOCO,5m,2026-09-25T10:15:00+05:30,5329.5,5339.0,5324.5,5338.0,7211.0,yahoo
HEROMOTOCO,5m,2026-09-25T10:20:00+05:30,5336.0,5349.5,5334.0,5347.0,4773.0,yahoo
HEROMOTOCO,5m,2026-09-25T10:25:00+05:30,5346.0,5348.5,5333.5,5333.5,3820.0,yahoo
HEROMOTOCO,5m,2026-09-25T10:30:00+05:30,5335.0,5342.0,5334.0,5335.0,1906.0,yahoo
HEROMOTOCO,5m,2026-09-25T10:35:00+05:30,5335.0,5335.0,5331.0,5335.0,809.0,yahoo
HEROMOTOCO,5m,2026-09-25T10:40:00+05:30,5334.0,5335.5,5330.0,5333.5,896.0,yahoo
HEROMOTOCO,5m,2026-09-25T10:45:00+05:30,5333.5,5334.0,5324.0,5327.5,3091.0,yahoo
HEROMOTOCO,5m,2026-09-25T10:50:00+05:30,5327.0,5330.0,5320.0,5324.0,5067.0,yahoo
HEROMOTOCO,5m,2026-09-25T10:55:00+05:30,5324.5,5329.0,5323.5,5327.5,993.0,yahoo
HEROMOTOCO,5m,2026-09-25T11:00:00+05:30,5327.0,5337.0,5327.0,5330.5,828.0,yahoo
HEROMOTOCO,5m,2026-09-25T11:05:00+05:30,5331.5,5331.5,5327.0,5331.0,404.0,yahoo
HEROMOTOCO,5m,2026-09-25T11:10:00+05:30,5331.5,5333.5,5324.5,5332.5,1683.0,yahoo
HEROMOTOCO,5m,2026-09-25T11:15:00+05:30,5332.5,5333.0,5323.0,5326.0,1317.0,yahoo
HEROMOTOCO,5m,2026-09-25T11:20:00+05:30,5326.0,5329.0,5323.0,5325.5,2846.0,yahoo
HEROMOTOCO,5m,2026-09-25T11:25:00+05:30,5325.5,5329.5,5320.5,5329.0,7763.0,yahoo
HEROMOTOCO,5m,2026-09-25T11:30:00+05:30,5327.5,5328.5,5317.0,5319.0,1150.0,yahoo
HEROMOTOCO,5m,2026-09-25T11:35:00+05:30,5320.5,5324.5,5319.0,5324.5,1844.0,yahoo
HEROMOTOCO,5m,2026-09-25T11:40:00+05:30,5325.0,5325.5,5320.5,5322.0,901.0,yahoo
HEROMOTOCO,5m,2026-09-25T11:45:00+05:30,5317.0,5324.0,5317.0,5323.0,1697.0,yahoo
HEROMOTOCO,5m,2026-09-25T11:50:00+05:30,5323.0,5331.0,5323.0,5327.0,5146.0,yahoo
HEROMOTOCO,5m,2026-09-25T11:55:00+05:30,5327.0,5327.0,5316.0,5320.0,4500.0,yahoo
HEROMOTOCO,5m,2026-09-25T12:00:00+05:30,5318.5,5320.0,5318.0,5319.5,1782.0,yahoo
HEROMOTOCO,5m,2026-09-25T12:05:00+05:30,5319.5,5319.5,5314.0,5317.0,2663.0,yahoo
HEROMOTOCO,5m,2026-09-25T12:10:00+05:30,5320.5,5326.0,5314.0,5326.0,3944.0,yahoo
HEROMOTOCO,5m,2026-09-25T12:15:00+05:30,5326.5,5331.0,5325.0,5328.0,1251.0,yahoo
HEROMOTOCO,5m,2026-09-25T12:20:00+05:30,5328.0,5328.5,5324.0,5328.0,517.0,yahoo
HEROMOTOCO,5m,2026-09-25T12:25:00+05:30,5326.5,5330.5,5326.5,5330.0,1473.0,yahoo
HEROMOTOCO,5m,2026-09-25T12:30:00+05:30,5329.5,5332.0,5327.0,5329.0,759.0,yahoo
HEROMOTOCO,5m,2026-09-25T12:35:00+05:30,5327.5,5330.0,5324.5,5327.0,504.0,yahoo
HEROMOTOCO,5m,2026-09-25T12:40:00+05:30,5327.0,5329.0,5325.0,5326.5,1457.0,yahoo
HEROMOTOCO,5m,2026-09-25T12:45:00+05:30,5326.5,5326.5,5322.0,5324.5,2273.0,yahoo
HEROMOTOCO,5m,2026-09-25T12:50:00+05:30,5325.0,5328.0,5322.0,5326.5,1932.0,yahoo
HEROMOTOCO,5m,2026-09-25T12:55:00+05:30,5326.5,5332.5,5324.5,5331.5,1573.0,yahoo
HEROMOTOCO,5m,2026-09-25T13:00:00+05:30,5333.5,5336.5,5333.5,5336.0,920.0,yahoo
HEROMOTOCO,5m,2026-09-25T13:05:00+05:30,5335.0,5343.0,5335.0,5337.0,3817.0,yahoo
HEROMOTOCO,5m,2026-09-25T13:10:00+05:30,5337.0,5337.5,5329.0,5331.0,1415.0,yahoo
HEROMOTOCO,5m,2026-09-25T13:15:00+05:30,5330.5,5331.5,5328.0,5330.0,1071.0,yahoo
HEROMOTOCO,5m,2026-09-25T13:20:00+05:30,5330.0,5331.5,5328.0,5330.5,4474.0,yahoo
HEROMOTOCO,5m,2026-09-25T13:25:00+05:30,5331.0,5332.5,5328.0,5331.5,2829.0,yahoo
HEROMOTOCO,5m,2026-09-25T13:30:00+05:30,5332.0,5333.0,5328.0,5333.0,4907.0,yahoo
HEROMOTOCO,5m,2026-09-25T13:35:00+05:30,5330.5,5333.5,5326.0,5330.5,6042.0,yahoo
HEROMOTOCO,5m,2026-09-25T13:40:00+05:30,5331.5,5333.0,5325.0,5326.0,4922.0,yahoo
HEROMOTOCO,5m,2026-09-25T13:45:00+05:30,5325.0,5333.0,5324.5,5330.0,8228.0,yahoo
HEROMOTOCO,5m,2026-09-25T13:50:00+05:30,5327.5,5333.5,5327.5,5333.5,974.0,yahoo
HEROMOTOCO,5m,2026-09-25T13:55:00+05:30,5331.0,5334.5,5329.0,5334.5,3649.0,yahoo
HEROMOTOCO,5m,2026-09-25T14:00:00+05:30,5334.5,5363.0,5334.5,5352.5,21263.0,yahoo
HEROMOTOCO,5m,2026-09-25T14:05:00+05:30,5351.0,5360.0,5347.5,5360.0,15562.0,yahoo
HEROMOTOCO,5m,2026-09-25T14:10:00+05:30,5360.0,5379.0,5360.0,5373.0,6611.0,yahoo
HEROMOTOCO,5m,2026-09-25T14:15:00+05:30,5373.0,5396.5,5373.0,5392.0,9184.0,yahoo
HEROMOTOCO,5m,2026-09-25T14:20:00+05:30,5393.5,5393.5,5377.5,5379.5,8673.0,yahoo
HEROMOTOCO,5m,2026-09-25T14:25:00+05:30,5380.0,5385.0,5379.5,5381.0,2070.0,yahoo
HEROMOTOCO,5m,2026-09-25T14:30:00+05:30,5383.5,5387.0,5380.0,5382.0,2155.0,yahoo
HEROMOTOCO,5m,2026-09-25T14:35:00+05:30,5380.5,5383.0,5376.5,5381.0,2794.0,yahoo
HEROMOTOCO,5m,2026-09-25T14:40:00+05:30,5380.0,5380.0,5374.0,5375.0,1887.0,yahoo
HEROMOTOCO,5m,2026-09-25T14:45:00+05:30,5375.0,5378.0,5372.0,5372.5,3543.0,yahoo
HEROMOTOCO,5m,2026-09-25T14:50:00+05:30,5373.0,5373.0,5368.0,5372.0,3153.0,yahoo
HEROMOTOCO,5m,2026-09-25T14:55:00+05:30,5369.5,5375.0,5369.5,5375.0,4220.0,yahoo
HEROMOTOCO,5m,2026-09-25T15:00:00+05:30,5374.5,5377.5,5371.5,5377.5,4566.0,yahoo
HEROMOTOCO,5m,2026-09-25T15:05:00+05:30,5378.5,5379.0,5375.0,5375.0,4956.0,yahoo
HEROMOTOCO,5m,2026-09-25T15:10:00+05:30,5373.5,5373.5,5356.0,5360.0,23438.0,yahoo
HEROMOTOCO,5m,2026-09-25T15:15:00+05:30,5357.0,5360.0,5357.0,5360.0,4230.0,yahoo
HINDALCO,5m,2026-09-25T09:15:00+05:30,980.0,982.7999877929688,979.5999755859375,981.2999877929688,0.0,yahoo
HINDALCO,5m,2026-09-25T09:20:00+05:30,981.2999877929688,981.2999877929688,978.7000122070312,981.2000122070312,51404.0,yahoo
HINDALCO,5m,2026-09-25T09:25:00+05:30,981.2000122070312,981.9000244140625,980.2999877929688,981.0,40962.0,yahoo
HINDALCO,5m,2026-09-25T09:30:00+05:30,981.0,983.4000244140625,980.5999755859375,983.4000244140625,39723.0,yahoo
HINDALCO,5m,2026-09-25T09:35:00+05:30,983.4000244140625,983.4000244140625,981.4000244140625,982.0,27427.0,yahoo
HINDALCO,5m,2026-09-25T09:40:00+05:30,981.9000244140625,981.9000244140625,980.0,980.0,23022.0,yahoo
HINDALCO,5m,2026-09-25T09:45:00+05:30,980.2000122070312,980.5999755859375,978.2999877929688,978.7999877929688,36854.0,yahoo
HINDALCO,5m,2026-09-25T09:50:00+05:30,978.5999755859375,980.0,978.5,979.9000244140625,51442.0,yahoo
HINDALCO,5m,2026-09-25T09:55:00+05:30,979.7999877929688,982.5,979.7999877929688,981.9000244140625,25414.0,yahoo
HINDALCO,5m,2026-09-25T10:00:00+05:30,981.5,982.2999877929688,981.0999755859375,982.0,22965.0,yahoo
HINDALCO,5m,2026-09-25T10:05:00+05:30,982.2000122070312,982.2999877929688,980.7999877929688,981.5,16428.0,yahoo
HINDALCO,5m,2026-09-25T10:10:00+05:30,981.7000122070312,982.7999877929688,981.2999877929688,982.0,21646.0,yahoo
HINDALCO,5m,2026-09-25T10:15:00+05:30,982.0,982.0,981.2000122070312,981.2999877929688,11333.0,yahoo
HINDALCO,5m,2026-09-25T10:20:00+05:30,981.2000122070312,981.4000244140625,980.7000122070312,981.2999877929688,18265.0,yahoo
HINDALCO,5m,2026-09-25T10:25:00+05:30,981.0999755859375,981.0999755859375,979.2000122070312,979.7000122070312,13540.0,yahoo
HINDALCO,5m,2026-09-25T10:30:00+05:30,979.5999755859375,979.7000122070312,978.2999877929688,978.5999755859375,11601.0,yahoo
HINDALCO,5m,2026-09-25T10:35:00+05:30,978.5999755859375,979.0,978.5,978.5999755859375,9881.0,yahoo
HINDALCO,5m,2026-09-25T10:40:00+05:30,978.5,979.2000122070312,977.2000122070312,977.5999755859375,39056.0,yahoo
HINDALCO,5m,2026-09-25T10:45:00+05:30,977.2999877929688,977.5999755859375,976.5999755859375,976.7000122070312,20197.0,yahoo
HINDALCO,5m,2026-09-25T10:50:00+05:30,976.7000122070312,977.2000122070312,976.5,976.7999877929688,24819.0,yahoo
HINDALCO,5m,2026-09-25T10:55:00+05:30,976.7999877929688,977.7999877929688,976.2000122070312,977.7999877929688,10463.0,yahoo
HINDALCO,5m,2026-09-25T11:00:00+05:30,977.7999877929688,978.5999755859375,977.5,978.2000122070312,24842.0,yahoo
HINDALCO,5m,2026-09-25T11:05:00+05:30,978.2000122070312,978.7000122070312,978.0,978.2000122070312,14515.0,yahoo
HINDALCO,5m,2026-09-25T11:10:00+05:30,978.2000122070312,978.4000244140625,978.0,978.2000122070312,6645.0,yahoo
HINDALCO,5m,2026-09-25T11:15:00+05:30,978.2000122070312,979.0,978.0999755859375,978.2999877929688,18593.0,yahoo
HINDALCO,5m,2026-09-25T11:20:00+05:30,978.0999755859375,979.7999877929688,978.0999755859375,978.5999755859375,34517.0,yahoo
HINDALCO,5m,2026-09-25T11:25:00+05:30,978.5999755859375,978.5999755859375,977.5999755859375,978.2999877929688,13646.0,yahoo
HINDALCO,5m,2026-09-25T11:30:00+05:30,978.0999755859375,978.2999877929688,978.0,978.2999877929688,9350.0,yahoo
HINDALCO,5m,2026-09-25T11:35:00+05:30,978.2999877929688,978.2999877929688,977.7999877929688,978.0,11395.0,yahoo
HINDALCO,5m,2026-09-25T11:40:00+05:30,978.0,978.2999877929688,976.9000244140625,977.0,61862.0,yahoo
HINDALCO,5m,2026-09-25T11:45:00+05:30,976.9000244140625,977.2000122070312,976.5,976.9000244140625,35872.0,yahoo
HINDALCO,5m,2026-09-25T11:50:00+05:30,976.9000244140625,977.2999877929688,976.2000122070312,976.2999877929688,48683.0,yahoo
HINDALCO,5m,2026-09-25T11:55:00+05:30,976.2999877929688,976.2999877929688,976.0999755859375,976.2999877929688,10820.0,yahoo
HINDALCO,5m,2026-09-25T12:00:00+05:30,976.2000122070312,976.2999877929688,975.5,975.7999877929688,23428.0,yahoo
HINDALCO,5m,2026-09-25T12:05:00+05:30,975.7000122070312,976.0999755859375,975.2999877929688,975.5,28746.0,yahoo
HINDALCO,5m,2026-09-25T12:10:00+05:30,975.2999877929688,976.0,975.2000122070312,975.7000122070312,24350.0,yahoo
HINDALCO,5m,2026-09-25T12:15:00+05:30,975.5,976.0,975.5,975.7000122070312,9550.0,yahoo
HINDALCO,5m,2026-09-25T12:20:00+05:30,975.5999755859375,976.2999877929688,974.9000244140625,976.0,36640.0,yahoo
HINDALCO,5m,2026-09-25T12:25:00+05:30,976.0,976.5,975.4000244140625,975.4000244140625,17708.0,yahoo
HINDALCO,5m,2026-09-25T12:30:00+05:30,975.7000122070312,976.0999755859375,975.7000122070312,975.7000122070312,10709.0,yahoo
HINDALCO,5m,2026-09-25T12:35:00+05:30,975.7000122070312,975.9000244140625,975.0,975.7000122070312,21174.0,yahoo
HINDALCO,5m,2026-09-25T12:40:00+05:30,975.5,975.7000122070312,974.0999755859375,974.0999755859375,20703.0,yahoo
HINDALCO,5m,2026-09-25T12:45:00+05:30,974.0999755859375,974.0999755859375,973.2000122070312,973.2000122070312,28799.0,yahoo
HINDALCO,5m,2026-09-25T12:50:00+05:30,973.0,973.2999877929688,971.2000122070312,972.9000244140625,41279.0,yahoo
HINDALCO,5m,2026-09-25T12:55:00+05:30,972.7999877929688,972.9000244140625,972.0,972.2999877929688,29467.0,yahoo
HINDALCO,5m,2026-09-25T13:00:00+05:30,972.4000244140625,972.5,972.0999755859375,972.2999877929688,9763.0,yahoo
HINDALCO,5m,2026-09-25T13:05:00+05:30,972.0999755859375,972.9000244140625,972.0999755859375,972.7000122070312,22092.0,yahoo
HINDALCO,5m,2026-09-25T13:10:00+05:30,972.5999755859375,973.5,972.5999755859375,973.0999755859375,34153.0,yahoo
HINDALCO,5m,2026-09-25T13:15:00+05:30,973.2000122070312,973.7000122070312,973.0999755859375,973.0999755859375,40767.0,yahoo
HINDALCO,5m,2026-09-25T13:20:00+05:30,973.2000122070312,974.2000122070312,973.0999755859375,974.0,56628.0,yahoo
HINDALCO,5m,2026-09-25T13:25:00+05:30,974.0,974.2999877929688,973.4000244140625,974.2999877929688,60239.0,yahoo
HINDALCO,5m,2026-09-25T13:30:00+05:30,974.2999877929688,974.5999755859375,973.7000122070312,973.7999877929688,28466.0,yahoo
HINDALCO,5m,2026-09-25T13:35:00+05:30,973.7000122070312,974.2000122070312,973.7000122070312,974.0999755859375,10530.0,yahoo
HINDALCO,5m,2026-09-25T13:40:00+05:30,974.2000122070312,974.5,974.0999755859375,974.5,8168.0,yahoo
HINDALCO,5m,2026-09-25T13:45:00+05:30,974.4000244140625,974.5999755859375,973.7999877929688,973.9000244140625,39711.0,yahoo
HINDALCO,5m,2026-09-25T13:50:00+05:30,973.7999877929688,974.0,973.7999877929688,973.7999877929688,11755.0,yahoo
HINDALCO,5m,2026-09-25T13:55:00+05:30,973.7999877929688,974.2999877929688,973.7999877929688,974.2000122070312,15932.0,yahoo
HINDALCO,5m,2026-09-25T14:00:00+05:30,974.2000122070312,978.4000244140625,974.2000122070312,978.4000244140625,59961.0,yahoo
HINDALCO,5m,2026-09-25T14:05:00+05:30,977.9000244140625,978.2000122070312,977.0,978.0999755859375,93090.0,yahoo
HINDALCO,5m,2026-09-25T14:10:00+05:30,978.0,979.5,978.0,978.7999877929688,50508.0,yahoo
HINDALCO,5m,2026-09-25T14:15:00+05:30,978.7999877929688,979.2000122070312,978.7999877929688,978.9000244140625,43678.0,yahoo
HINDALCO,5m,2026-09-25T14:20:00+05:30,978.9000244140625,978.9000244140625,977.0999755859375,977.0999755859375,66583.0,yahoo
HINDALCO,5m,2026-09-25T14:25:00+05:30,977.4000244140625,978.5999755859375,977.4000244140625,978.0,39298.0,yahoo
HINDALCO,5m,2026-09-25T14:30:00+05:30,978.0999755859375,978.0999755859375,977.5,977.7999877929688,68417.0,yahoo
HINDALCO,5m,2026-09-25T14:35:00+05:30,977.7000122070312,978.0,977.4000244140625,977.7999877929688,61391.0,yahoo
HINDALCO,5m,2026-09-25T14:40:00+05:30,978.0,978.0999755859375,977.5,977.5999755859375,59745.0,yahoo
HINDALCO,5m,2026-09-25T14:45:00+05:30,977.5999755859375,978.7999877929688,977.5999755859375,978.4000244140625,31609.0,yahoo
HINDALCO,5m,2026-09-25T14:50:00+05:30,978.4000244140625,978.5,978.2000122070312,978.5,39106.0,yahoo
HINDALCO,5m,2026-09-25T14:55:00+05:30,978.5,978.5999755859375,978.0999755859375,978.0999755859375,40716.0,yahoo
HINDALCO,5m,2026-09-25T15:00:00+05:30,978.2000122070312,978.2999877929688,978.0,978.2000122070312,41675.0,yahoo
HINDALCO,5m,2026-09-25T15:05:00+05:30,978.2000122070312,978.5,977.2999877929688,977.2999877929688,135060.0,yahoo
HINDALCO,5m,2026-09-25T15:10:00+05:30,977.2999877929688,977.4000244140625,976.5,976.7000122070312,81489.0,yahoo
HINDALCO,5m,2026-09-25T15:15:00+05:30,977.7000122070312,977.7000122070312,977.0,977.0,47336.0,yahoo
HINDPETRO,5m,2026-09-25T09:15:00+05:30,350.95001220703125,352.1499938964844,350.75,351.1000061035156,0.0,yahoo
HINDPETRO,5m,2026-09-25T09:20:00+05:30,351.0,351.0,349.3999938964844,350.25,50285.0,yahoo
HINDPETRO,5m,2026-09-25T09:25:00+05:30,350.20001220703125,350.70001220703125,349.79998779296875,350.54998779296875,23092.0,yahoo
HINDPETRO,5m,2026-09-25T09:30:00+05:30,351.45001220703125,352.29998779296875,351.45001220703125,351.6499938964844,63786.0,yahoo
HINDPETRO,5m,2026-09-25T09:35:00+05:30,351.5,351.6000061035156,350.3999938964844,350.70001220703125,46344.0,yahoo
HINDPETRO,5m,2026-09-25T09:40:00+05:30,350.79998779296875,350.8500061035156,350.25,350.6499938964844,15745.0,yahoo
HINDPETRO,5m,2026-09-25T09:45:00+05:30,350.54998779296875,350.70001220703125,350.0,350.1000061035156,18885.0,yahoo
HINDPETRO,5m,2026-09-25T09:50:00+05:30,350.1000061035156,350.1000061035156,349.6499938964844,349.95001220703125,16033.0,yahoo
HINDPETRO,5m,2026-09-25T09:55:00+05:30,349.95001220703125,350.25,349.04998779296875,349.20001220703125,48901.0,yahoo
HINDPETRO,5m,2026-09-25T10:00:00+05:30,349.20001220703125,349.8500061035156,348.6499938964844,349.8500061035156,31695.0,yahoo
HINDPETRO,5m,2026-09-25T10:05:00+05:30,349.8500061035156,350.79998779296875,349.6499938964844,350.79998779296875,37969.0,yahoo
HINDPETRO,5m,2026-09-25T10:10:00+05:30,350.79998779296875,351.0,350.1499938964844,350.54998779296875,104831.0,yahoo
HINDPETRO,5m,2026-09-25T10:15:00+05:30,350.54998779296875,350.6000061035156,350.0,350.04998779296875,14247.0,yahoo
HINDPETRO,5m,2026-09-25T10:20:00+05:30,350.0,350.20001220703125,349.70001220703125,349.70001220703125,23612.0,yahoo
HINDPETRO,5m,2026-09-25T10:25:00+05:30,349.6499938964844,349.95001220703125,349.54998779296875,349.79998779296875,20453.0,yahoo
HINDPETRO,5m,2026-09-25T10:30:00+05:30,349.79998779296875,349.95001220703125,349.45001220703125,349.45001220703125,19562.0,yahoo
HINDPETRO,5m,2026-09-25T10:35:00+05:30,349.3500061035156,350.0,349.1499938964844,349.8500061035156,38605.0,yahoo
HINDPETRO,5m,2026-09-25T10:40:00+05:30,350.0,350.1000061035156,349.5,349.79998779296875,39458.0,yahoo
HINDPETRO,5m,2026-09-25T10:45:00+05:30,349.6499938964844,349.75,349.1499938964844,349.25,16565.0,yahoo
HINDPETRO,5m,2026-09-25T10:50:00+05:30,349.1499938964844,349.79998779296875,349.04998779296875,349.70001220703125,31210.0,yahoo
HINDPETRO,5m,2026-09-25T10:55:00+05:30,349.6499938964844,350.75,349.6499938964844,350.5,29045.0,yahoo
HINDPETRO,5m,2026-09-25T11:00:00+05:30,350.70001220703125,353.45001220703125,350.5,353.3500061035156,237898.0,yahoo
HINDPETRO,5m,2026-09-25T11:05:00+05:30,353.29998779296875,353.75,353.25,353.6499938964844,69698.0,yahoo
HINDPETRO,5m,2026-09-25T11:10:00+05:30,353.5,353.6000061035156,352.79998779296875,352.8500061035156,38036.0,yahoo
HINDPETRO,5m,2026-09-25T11:15:00+05:30,352.79998779296875,353.70001220703125,352.79998779296875,353.3500061035156,33006.0,yahoo
HINDPETRO,5m,2026-09-25T11:20:00+05:30,353.3500061035156,353.70001220703125,353.1499938964844,353.25,44325.0,yahoo
HINDPETRO,5m,2026-09-25T11:25:00+05:30,353.1000061035156,353.45001220703125,352.54998779296875,353.25,93615.0,yahoo
HINDPETRO,5m,2026-09-25T11:30:00+05:30,353.1000061035156,353.5,352.6499938964844,352.79998779296875,16771.0,yahoo
HINDPETRO,5m,2026-09-25T11:35:00+05:30,352.8999938964844,352.8999938964844,352.5,352.6499938964844,16150.0,yahoo
HINDPETRO,5m,2026-09-25T11:40:00+05:30,352.54998779296875,353.0,352.5,352.6499938964844,27744.0,yahoo
HINDPETRO,5m,2026-09-25T11:45:00+05:30,352.6000061035156,353.0,352.25,352.70001220703125,26620.0,yahoo
HINDPETRO,5m,2026-09-25T11:50:00+05:30,352.70001220703125,352.79998779296875,352.45001220703125,352.45001220703125,13168.0,yahoo
HINDPETRO,5m,2026-09-25T11:55:00+05:30,352.45001220703125,352.70001220703125,352.20001220703125,352.54998779296875,21610.0,yahoo
HINDPETRO,5m,2026-09-25T12:00:00+05:30,352.3999938964844,352.45001220703125,352.0,352.1499938964844,26867.0,yahoo
HINDPETRO,5m,2026-09-25T12:05:00+05:30,352.04998779296875,352.45001220703125,352.0,352.29998779296875,18191.0,yahoo
HINDPETRO,5m,2026-09-25T12:10:00+05:30,352.29998779296875,352.54998779296875,352.04998779296875,352.20001220703125,27474.0,yahoo
HINDPETRO,5m,2026-09-25T12:15:00+05:30,352.04998779296875,352.25,352.04998779296875,352.25,24712.0,yahoo
HINDPETRO,5m,2026-09-25T12:20:00+05:30,352.29998779296875,352.3500061035156,352.1000061035156,352.25,25808.0,yahoo
HINDPETRO,5m,2026-09-25T12:25:00+05:30,352.20001220703125,352.25,351.8500061035156,351.8999938964844,24433.0,yahoo
HINDPETRO,5m,2026-09-25T12:30:00+05:30,351.8500061035156,352.3500061035156,351.6000061035156,351.75,89862.0,yahoo
HINDPETRO,5m,2026-09-25T12:35:00+05:30,351.75,351.8999938964844,351.54998779296875,351.6000061035156,16882.0,yahoo
HINDPETRO,5m,2026-09-25T12:40:00+05:30,351.54998779296875,351.6000061035156,351.1000061035156,351.25,17105.0,yahoo
HINDPETRO,5m,2026-09-25T12:45:00+05:30,351.20001220703125,351.5,351.0,351.29998779296875,33821.0,yahoo
HINDPETRO,5m,2026-09-25T12:50:00+05:30,351.3500061035156,351.45001220703125,351.04998779296875,351.1499938964844,16845.0,yahoo
HINDPETRO,5m,2026-09-25T12:55:00+05:30,351.1499938964844,351.3500061035156,350.70001220703125,351.1499938964844,38923.0,yahoo
HINDPETRO,5m,2026-09-25T13:00:00+05:30,351.1000061035156,351.25,350.8500061035156,350.95001220703125,16566.0,yahoo
HINDPETRO,5m,2026-09-25T13:05:00+05:30,351.1499938964844,351.20001220703125,350.75,351.20001220703125,20240.0,yahoo
HINDPETRO,5m,2026-09-25T13:10:00+05:30,351.25,351.29998779296875,351.0,351.04998779296875,13010.0,yahoo
HINDPETRO,5m,2026-09-25T13:15:00+05:30,351.0,351.29998779296875,350.8999938964844,351.1499938964844,18777.0,yahoo
HINDPETRO,5m,2026-09-25T13:20:00+05:30,351.04998779296875,351.20001220703125,350.8999938964844,351.20001220703125,24764.0,yahoo
HINDPETRO,5m,2026-09-25T13:25:00+05:30,351.0,351.29998779296875,350.8999938964844,351.29998779296875,15722.0,yahoo
HINDPETRO,5m,2026-09-25T13:30:00+05:30,351.1499938964844,351.25,350.6499938964844,350.8500061035156,14863.0,yahoo
HINDPETRO,5m,2026-09-25T13:35:00+05:30,350.6499938964844,350.8500061035156,350.6000061035156,350.8500061035156,16431.0,yahoo
HINDPETRO,5m,2026-09-25T13:40:00+05:30,350.6499938964844,351.1000061035156,350.6499938964844,350.95001220703125,26421.0,yahoo
HINDPETRO,5m,2026-09-25T13:45:00+05:30,350.79998779296875,351.3500061035156,350.70001220703125,350.8999938964844,28244.0,yahoo
HINDPETRO,5m,2026-09-25T13:50:00+05:30,350.8999938964844,351.1000061035156,350.6499938964844,350.8500061035156,18539.0,yahoo
HINDPETRO,5m,2026-09-25T13:55:00+05:30,350.8500061035156,351.3500061035156,350.75,351.20001220703125,25879.0,yahoo
HINDPETRO,5m,2026-09-25T14:00:00+05:30,351.20001220703125,352.5,351.1000061035156,351.3999938964844,214523.0,yahoo
HINDPETRO,5m,2026-09-25T14:05:00+05:30,351.29998779296875,351.3999938964844,350.5,350.54998779296875,82616.0,yahoo
HINDPETRO,5m,2026-09-25T14:10:00+05:30,350.54998779296875,350.54998779296875,349.95001220703125,350.0,72954.0,yahoo
HINDPETRO,5m,2026-09-25T14:15:00+05:30,350.1000061035156,350.95001220703125,350.1000061035156,350.79998779296875,87450.0,yahoo
HINDPETRO,5m,2026-09-25T14:20:00+05:30,350.6499938964844,351.0,350.3999938964844,350.3999938964844,50976.0,yahoo
HINDPETRO,5m,2026-09-25T14:25:00+05:30,350.54998779296875,351.45001220703125,350.54998779296875,351.3500061035156,118387.0,yahoo
HINDPETRO,5m,2026-09-25T14:30:00+05:30,351.29998779296875,351.6000061035156,351.25,351.45001220703125,101789.0,yahoo
HINDPETRO,5m,2026-09-25T14:35:00+05:30,351.3999938964844,351.5,351.20001220703125,351.3500061035156,43191.0,yahoo
HINDPETRO,5m,2026-09-25T14:40:00+05:30,351.3500061035156,351.45001220703125,350.5,350.54998779296875,53449.0,yahoo
HINDPETRO,5m,2026-09-25T14:45:00+05:30,350.54998779296875,350.8500061035156,349.95001220703125,350.5,198374.0,yahoo
HINDPETRO,5m,2026-09-25T14:50:00+05:30,350.45001220703125,351.20001220703125,350.29998779296875,350.95001220703125,264039.0,yahoo
HINDPETRO,5m,2026-09-25T14:55:00+05:30,351.0,351.0,350.3999938964844,350.6499938964844,176977.0,yahoo
HINDPETRO,5m,2026-09-25T15:00:00+05:30,350.6499938964844,351.0,350.29998779296875,350.8500061035156,204512.0,yahoo
HINDPETRO,5m,2026-09-25T15:05:00+05:30,350.8500061035156,350.8500061035156,350.54998779296875,350.79998779296875,209101.0,yahoo
HINDPETRO,5m,2026-09-25T15:10:00+05:30,350.75,352.6000061035156,350.6499938964844,351.0,1027490.0,yahoo
HINDUNILVR,5m,2026-09-25T09:15:00+05:30,1933.300048828125,1935.0999755859375,1927.199951171875,1927.199951171875,0.0,yahoo
HINDUNILVR,5m,2026-09-25T09:20:00+05:30,1927.800048828125,1929.0999755859375,1923.0999755859375,1923.199951171875,20683.0,yahoo
HINDUNILVR,5m,2026-09-25T09:25:00+05:30,1924.5,1928.9000244140625,1923.800048828125,1928.199951171875,11193.0,yahoo
HINDUNILVR,5m,2026-09-25T09:30:00+05:30,1927.699951171875,1927.699951171875,1924.300048828125,1926.0,12160.0,yahoo
HINDUNILVR,5m,2026-09-25T09:35:00+05:30,1926.4000244140625,1926.4000244140625,1924.0999755859375,1925.4000244140625,13763.0,yahoo
HINDUNILVR,5m,2026-09-25T09:40:00+05:30,1925.4000244140625,1925.9000244140625,1922.199951171875,1923.0,29659.0,yahoo
HINDUNILVR,5m,2026-09-25T09:45:00+05:30,1924.0,1925.4000244140625,1922.0,1923.0,8676.0,yahoo
HINDUNILVR,5m,2026-09-25T09:50:00+05:30,1923.0,1923.199951171875,1916.800048828125,1917.0,33754.0,yahoo
HINDUNILVR,5m,2026-09-25T09:55:00+05:30,1917.0,1921.5999755859375,1915.0999755859375,1920.800048828125,18058.0,yahoo
HINDUNILVR,5m,2026-09-25T10:00:00+05:30,1921.4000244140625,1925.0999755859375,1921.0999755859375,1925.0,17310.0,yahoo
HINDUNILVR,5m,2026-09-25T10:05:00+05:30,1924.0,1925.0,1922.4000244140625,1923.9000244140625,8712.0,yahoo
HINDUNILVR,5m,2026-09-25T10:10:00+05:30,1924.0,1924.699951171875,1922.5,1923.300048828125,15437.0,yahoo
HINDUNILVR,5m,2026-09-25T10:15:00+05:30,1924.199951171875,1925.300048828125,1923.4000244140625,1925.0,12292.0,yahoo
HINDUNILVR,5m,2026-09-25T10:20:00+05:30,1925.199951171875,1928.800048828125,1925.0,1928.0,16289.0,yahoo
HINDUNILVR,5m,2026-09-25T10:25:00+05:30,1928.0,1931.699951171875,1926.800048828125,1926.9000244140625,15912.0,yahoo
HINDUNILVR,5m,2026-09-25T10:30:00+05:30,1926.9000244140625,1927.699951171875,1921.699951171875,1921.699951171875,11014.0,yahoo
HINDUNILVR,5m,2026-09-25T10:35:00+05:30,1922.199951171875,1924.800048828125,1921.699951171875,1924.800048828125,9885.0,yahoo
HINDUNILVR,5m,2026-09-25T10:40:00+05:30,1924.800048828125,1926.5,1924.0999755859375,1925.0999755859375,8061.0,yahoo
HINDUNILVR,5m,2026-09-25T10:45:00+05:30,1925.0999755859375,1925.9000244140625,1922.0,1922.0,11634.0,yahoo
HINDUNILVR,5m,2026-09-25T10:50:00+05:30,1922.0,1925.199951171875,1922.0,1924.199951171875,6654.0,yahoo
HINDUNILVR,5m,2026-09-25T10:55:00+05:30,1924.199951171875,1924.9000244140625,1922.800048828125,1924.0,4294.0,yahoo
HINDUNILVR,5m,2026-09-25T11:00:00+05:30,1923.800048828125,1924.4000244140625,1922.699951171875,1924.300048828125,4032.0,yahoo
HINDUNILVR,5m,2026-09-25T11:05:00+05:30,1924.300048828125,1925.0999755859375,1923.5999755859375,1925.0,8910.0,yahoo
HINDUNILVR,5m,2026-09-25T11:10:00+05:30,1924.300048828125,1925.0,1922.800048828125,1923.800048828125,3956.0,yahoo
HINDUNILVR,5m,2026-09-25T11:15:00+05:30,1924.0,1924.699951171875,1922.4000244140625,1923.300048828125,3910.0,yahoo
HINDUNILVR,5m,2026-09-25T11:20:00+05:30,1923.199951171875,1923.4000244140625,1922.0,1922.199951171875,6354.0,yahoo
HINDUNILVR,5m,2026-09-25T11:25:00+05:30,1922.0,1924.800048828125,1922.0,1922.699951171875,14565.0,yahoo
HINDUNILVR,5m,2026-09-25T11:30:00+05:30,1923.5999755859375,1924.800048828125,1923.5999755859375,1924.4000244140625,1829.0,yahoo
HINDUNILVR,5m,2026-09-25T11:35:00+05:30,1924.5,1925.0,1922.4000244140625,1924.9000244140625,11030.0,yahoo
HINDUNILVR,5m,2026-09-25T11:40:00+05:30,1924.9000244140625,1925.300048828125,1924.4000244140625,1925.0,7631.0,yahoo
HINDUNILVR,5m,2026-09-25T11:45:00+05:30,1924.5999755859375,1925.5,1924.0,1924.0,2957.0,yahoo
HINDUNILVR,5m,2026-09-25T11:50:00+05:30,1924.699951171875,1926.0,1924.5,1924.5,3534.0,yahoo
HINDUNILVR,5m,2026-09-25T11:55:00+05:30,1924.5,1924.800048828125,1923.5,1923.699951171875,2513.0,yahoo
HINDUNILVR,5m,2026-09-25T12:00:00+05:30,1923.699951171875,1925.4000244140625,1923.0,1924.199951171875,6396.0,yahoo
HINDUNILVR,5m,2026-09-25T12:05:00+05:30,1924.0999755859375,1924.0999755859375,1922.4000244140625,1922.800048828125,1853.0,yahoo
HINDUNILVR,5m,2026-09-25T12:10:00+05:30,1923.4000244140625,1925.4000244140625,1923.0999755859375,1924.9000244140625,3362.0,yahoo
HINDUNILVR,5m,2026-09-25T12:15:00+05:30,1924.9000244140625,1925.300048828125,1924.5,1925.0,1136.0,yahoo
HINDUNILVR,5m,2026-09-25T12:20:00+05:30,1925.0,1925.0,1923.4000244140625,1924.300048828125,2154.0,yahoo
HINDUNILVR,5m,2026-09-25T12:25:00+05:30,1924.300048828125,1925.199951171875,1924.300048828125,1925.0,1401.0,yahoo
HINDUNILVR,5m,2026-09-25T12:30:00+05:30,1925.0999755859375,1925.199951171875,1924.0999755859375,1924.9000244140625,1793.0,yahoo
HINDUNILVR,5m,2026-09-25T12:35:00+05:30,1924.9000244140625,1925.0,1922.5,1923.300048828125,6251.0,yahoo
HINDUNILVR,5m,2026-09-25T12:40:00+05:30,1923.4000244140625,1925.9000244140625,1922.800048828125,1925.9000244140625,6609.0,yahoo
HINDUNILVR,5m,2026-09-25T12:45:00+05:30,1925.9000244140625,1925.9000244140625,1924.199951171875,1924.800048828125,1470.0,yahoo
HINDUNILVR,5m,2026-09-25T12:50:00+05:30,1924.800048828125,1925.0,1923.0999755859375,1924.300048828125,2657.0,yahoo
HINDUNILVR,5m,2026-09-25T12:55:00+05:30,1924.300048828125,1924.300048828125,1922.699951171875,1923.699951171875,3594.0,yahoo
HINDUNILVR,5m,2026-09-25T13:00:00+05:30,1923.699951171875,1924.5999755859375,1923.4000244140625,1924.300048828125,2343.0,yahoo
HINDUNILVR,5m,2026-09-25T13:05:00+05:30,1924.300048828125,1924.5,1923.800048828125,1924.0,1798.0,yahoo
HINDUNILVR,5m,2026-09-25T13:10:00+05:30,1924.4000244140625,1924.800048828125,1923.699951171875,1923.699951171875,1008.0,yahoo
HINDUNILVR,5m,2026-09-25T13:15:00+05:30,1924.0,1926.699951171875,1924.0,1926.5,5976.0,yahoo
HINDUNILVR,5m,2026-09-25T13:20:00+05:30,1926.5,1928.199951171875,1926.0,1927.800048828125,29684.0,yahoo
HINDUNILVR,5m,2026-09-25T13:25:00+05:30,1927.5999755859375,1927.5999755859375,1925.800048828125,1927.0999755859375,2082.0,yahoo
HINDUNILVR,5m,2026-09-25T13:30:00+05:30,1926.5999755859375,1927.0999755859375,1925.4000244140625,1926.800048828125,1984.0,yahoo
HINDUNILVR,5m,2026-09-25T13:35:00+05:30,1926.800048828125,1928.9000244140625,1926.0999755859375,1928.9000244140625,3015.0,yahoo
HINDUNILVR,5m,2026-09-25T13:40:00+05:30,1928.800048828125,1928.800048828125,1927.5999755859375,1928.5,2078.0,yahoo
HINDUNILVR,5m,2026-09-25T13:45:00+05:30,1928.5,1929.0,1927.800048828125,1928.4000244140625,1747.0,yahoo
HINDUNILVR,5m,2026-09-25T13:50:00+05:30,1928.4000244140625,1928.9000244140625,1927.5,1928.5,2921.0,yahoo
HINDUNILVR,5m,2026-09-25T13:55:00+05:30,1928.9000244140625,1931.699951171875,1928.0999755859375,1930.5,7287.0,yahoo
HINDUNILVR,5m,2026-09-25T14:00:00+05:30,1931.0999755859375,1936.9000244140625,1931.0,1935.9000244140625,13385.0,yahoo
HINDUNILVR,5m,2026-09-25T14:05:00+05:30,1935.0999755859375,1936.0999755859375,1932.0999755859375,1933.0,3184.0,yahoo
HINDUNILVR,5m,2026-09-25T14:10:00+05:30,1932.300048828125,1933.0,1931.699951171875,1933.0,3723.0,yahoo
HINDUNILVR,5m,2026-09-25T14:15:00+05:30,1933.0,1935.800048828125,1932.5999755859375,1935.0,8774.0,yahoo
HINDUNILVR,5m,2026-09-25T14:20:00+05:30,1935.300048828125,1935.300048828125,1934.800048828125,1935.0999755859375,14276.0,yahoo
HINDUNILVR,5m,2026-09-25T14:25:00+05:30,1935.0,1938.0999755859375,1935.0,1937.0,4468.0,yahoo
HINDUNILVR,5m,2026-09-25T14:30:00+05:30,1936.9000244140625,1938.699951171875,1936.9000244140625,1938.699951171875,6315.0,yahoo
HINDUNILVR,5m,2026-09-25T14:35:00+05:30,1938.699951171875,1940.0,1937.300048828125,1939.199951171875,5473.0,yahoo
HINDUNILVR,5m,2026-09-25T14:40:00+05:30,1939.4000244140625,1940.0999755859375,1938.0,1940.0,21375.0,yahoo
HINDUNILVR,5m,2026-09-25T14:45:00+05:30,1940.0,1940.4000244140625,1938.699951171875,1939.0999755859375,41409.0,yahoo
HINDUNILVR,5m,2026-09-25T14:50:00+05:30,1938.300048828125,1939.5999755859375,1937.4000244140625,1939.0,10234.0,yahoo
HINDUNILVR,5m,2026-09-25T14:55:00+05:30,1939.0,1939.5999755859375,1937.5999755859375,1939.4000244140625,12015.0,yahoo
HINDUNILVR,5m,2026-09-25T15:00:00+05:30,1939.4000244140625,1939.4000244140625,1937.800048828125,1938.5,21688.0,yahoo
HINDUNILVR,5m,2026-09-25T15:05:00+05:30,1938.800048828125,1939.9000244140625,1938.5999755859375,1938.5999755859375,16745.0,yahoo
HINDUNILVR,5m,2026-09-25T15:10:00+05:30,1938.5999755859375,1939.9000244140625,1935.0,1939.9000244140625,34316.0,yahoo
HINDUNILVR,5m,2026-09-25T15:15:00+05:30,1935.0,1942.9000244140625,1935.0,1942.9000244140625,36864.0,yahoo
HINDZINC,5m,2026-09-25T09:15:00+05:30,591.0499877929688,595.0499877929688,590.0,593.0,0.0,yahoo
HINDZINC,5m,2026-09-25T09:20:00+05:30,593.0,594.4000244140625,591.5499877929688,594.0499877929688,128649.0,yahoo
HINDZINC,5m,2026-09-25T09:25:00+05:30,594.4000244140625,594.4000244140625,592.8499755859375,593.2000122070312,57375.0,yahoo
HINDZINC,5m,2026-09-25T09:30:00+05:30,593.5,595.9500122070312,592.9000244140625,595.9000244140625,79330.0,yahoo
HINDZINC,5m,2026-09-25T09:35:00+05:30,595.7000122070312,596.0,594.0999755859375,594.5999755859375,62904.0,yahoo
HINDZINC,5m,2026-09-25T09:40:00+05:30,594.4500122070312,594.6500244140625,592.2000122070312,592.2000122070312,74269.0,yahoo
HINDZINC,5m,2026-09-25T09:45:00+05:30,592.2000122070312,592.5999755859375,591.25,592.0999755859375,41757.0,yahoo
HINDZINC,5m,2026-09-25T09:50:00+05:30,592.0,592.75,591.6500244140625,592.1500244140625,23727.0,yahoo
HINDZINC,5m,2026-09-25T09:55:00+05:30,591.9000244140625,592.9000244140625,591.5999755859375,591.6500244140625,37979.0,yahoo
HINDZINC,5m,2026-09-25T10:00:00+05:30,591.6500244140625,592.0999755859375,591.25,591.8499755859375,28323.0,yahoo
HINDZINC,5m,2026-09-25T10:05:00+05:30,591.8499755859375,592.0,591.2000122070312,591.7999877929688,14429.0,yahoo
HINDZINC,5m,2026-09-25T10:10:00+05:30,591.7999877929688,593.0499877929688,591.7999877929688,592.1500244140625,25934.0,yahoo
HINDZINC,5m,2026-09-25T10:15:00+05:30,592.2000122070312,592.9000244140625,592.0,592.0499877929688,9459.0,yahoo
HINDZINC,5m,2026-09-25T10:20:00+05:30,592.0999755859375,593.0,592.0,592.9000244140625,33798.0,yahoo
HINDZINC,5m,2026-09-25T10:25:00+05:30,592.5999755859375,593.5,592.4500122070312,592.6500244140625,19083.0,yahoo
HINDZINC,5m,2026-09-25T10:30:00+05:30,592.7999877929688,592.8499755859375,590.5999755859375,590.7000122070312,55895.0,yahoo
HINDZINC,5m,2026-09-25T10:35:00+05:30,590.9000244140625,590.9000244140625,590.4000244140625,590.7000122070312,29520.0,yahoo
HINDZINC,5m,2026-09-25T10:40:00+05:30,590.7000122070312,590.75,589.5499877929688,589.9000244140625,43951.0,yahoo
HINDZINC,5m,2026-09-25T10:45:00+05:30,589.7000122070312,590.0999755859375,589.5499877929688,589.7000122070312,20824.0,yahoo
HINDZINC,5m,2026-09-25T10:50:00+05:30,589.75,590.4000244140625,589.7000122070312,589.9500122070312,22728.0,yahoo
HINDZINC,5m,2026-09-25T10:55:00+05:30,590.0,591.1500244140625,590.0,590.7999877929688,19573.0,yahoo
HINDZINC,5m,2026-09-25T11:00:00+05:30,591.0499877929688,591.5499877929688,590.7999877929688,591.0999755859375,22328.0,yahoo
HINDZINC,5m,2026-09-25T11:05:00+05:30,591.0999755859375,591.4000244140625,590.5499877929688,591.4000244140625,16328.0,yahoo
HINDZINC,5m,2026-09-25T11:10:00+05:30,591.2000122070312,591.3499755859375,590.7000122070312,590.9000244140625,15588.0,yahoo
HINDZINC,5m,2026-09-25T11:15:00+05:30,590.8499755859375,591.3499755859375,590.6500244140625,590.6500244140625,21158.0,yahoo
HINDZINC,5m,2026-09-25T11:20:00+05:30,590.6500244140625,591.0499877929688,589.5999755859375,589.5999755859375,73958.0,yahoo
HINDZINC,5m,2026-09-25T11:25:00+05:30,589.9000244140625,589.9000244140625,589.25,589.4000244140625,71055.0,yahoo
HINDZINC,5m,2026-09-25T11:30:00+05:30,589.5,589.7999877929688,588.7999877929688,588.7999877929688,24422.0,yahoo
HINDZINC,5m,2026-09-25T11:35:00+05:30,588.7000122070312,589.5499877929688,588.7000122070312,589.4500122070312,56707.0,yahoo
HINDZINC,5m,2026-09-25T11:40:00+05:30,589.4500122070312,589.5999755859375,588.75,589.5,95628.0,yahoo
HINDZINC,5m,2026-09-25T11:45:00+05:30,589.5,589.7000122070312,588.9000244140625,589.7000122070312,157718.0,yahoo
HINDZINC,5m,2026-09-25T11:50:00+05:30,589.75,590.75,589.5499877929688,589.7999877929688,25656.0,yahoo
HINDZINC,5m,2026-09-25T11:55:00+05:30,589.75,590.3499755859375,589.4500122070312,590.0999755859375,87679.0,yahoo
HINDZINC,5m,2026-09-25T12:00:00+05:30,590.0499877929688,590.2999877929688,589.6500244140625,589.7999877929688,16176.0,yahoo
HINDZINC,5m,2026-09-25T12:05:00+05:30,589.7999877929688,590.6500244140625,588.9000244140625,589.3499755859375,101043.0,yahoo
HINDZINC,5m,2026-09-25T12:10:00+05:30,589.2000122070312,590.0,589.2000122070312,589.9000244140625,10548.0,yahoo
HINDZINC,5m,2026-09-25T12:15:00+05:30,589.75,589.9500122070312,589.4500122070312,589.5,20069.0,yahoo
HINDZINC,5m,2026-09-25T12:20:00+05:30,589.4500122070312,589.6500244140625,589.3499755859375,589.5,10521.0,yahoo
HINDZINC,5m,2026-09-25T12:25:00+05:30,589.4500122070312,589.4500122070312,588.3499755859375,588.5499877929688,40563.0,yahoo
HINDZINC,5m,2026-09-25T12:30:00+05:30,588.6500244140625,589.2000122070312,588.4500122070312,589.0,56106.0,yahoo
HINDZINC,5m,2026-09-25T12:35:00+05:30,588.9500122070312,589.2999877929688,588.4000244140625,589.2999877929688,48642.0,yahoo
HINDZINC,5m,2026-09-25T12:40:00+05:30,588.5499877929688,589.2000122070312,588.4000244140625,589.0,30590.0,yahoo
HINDZINC,5m,2026-09-25T12:45:00+05:30,588.9500122070312,589.0999755859375,588.7000122070312,588.7000122070312,14896.0,yahoo
HINDZINC,5m,2026-09-25T12:50:00+05:30,588.5999755859375,588.9500122070312,588.1500244140625,588.5,105724.0,yahoo
HINDZINC,5m,2026-09-25T12:55:00+05:30,588.5,588.75,587.7000122070312,588.0,114370.0,yahoo
HINDZINC,5m,2026-09-25T13:00:00+05:30,587.9500122070312,588.75,587.9500122070312,588.6500244140625,18397.0,yahoo
HINDZINC,5m,2026-09-25T13:05:00+05:30,588.5,588.7999877929688,587.9500122070312,588.0,90958.0,yahoo
HINDZINC,5m,2026-09-25T13:10:00+05:30,587.9000244140625,588.4000244140625,587.7999877929688,588.1500244140625,24108.0,yahoo
HINDZINC,5m,2026-09-25T13:15:00+05:30,588.1500244140625,588.9000244140625,588.1500244140625,588.7999877929688,10963.0,yahoo
HINDZINC,5m,2026-09-25T13:20:00+05:30,588.7999877929688,589.5999755859375,588.7999877929688,589.1500244140625,18370.0,yahoo
HINDZINC,5m,2026-09-25T13:25:00+05:30,589.0999755859375,589.9000244140625,589.0999755859375,589.1500244140625,16964.0,yahoo
HINDZINC,5m,2026-09-25T13:30:00+05:30,588.9500122070312,589.8499755859375,588.9500122070312,589.5,13994.0,yahoo
HINDZINC,5m,2026-09-25T13:35:00+05:30,589.5,589.75,588.7999877929688,589.5,13297.0,yahoo
HINDZINC,5m,2026-09-25T13:40:00+05:30,589.5,589.6500244140625,589.2999877929688,589.6500244140625,17247.0,yahoo
HINDZINC,5m,2026-09-25T13:45:00+05:30,589.5999755859375,589.7000122070312,589.0999755859375,589.25,39956.0,yahoo
HINDZINC,5m,2026-09-25T13:50:00+05:30,589.1500244140625,590.0499877929688,589.0999755859375,589.75,23510.0,yahoo
HINDZINC,5m,2026-09-25T13:55:00+05:30,589.75,590.4500122070312,589.5499877929688,589.9500122070312,26819.0,yahoo
HINDZINC,5m,2026-09-25T14:00:00+05:30,589.9500122070312,591.8499755859375,589.9500122070312,591.7000122070312,120401.0,yahoo
HINDZINC,5m,2026-09-25T14:05:00+05:30,591.5499877929688,592.2999877929688,591.5,591.8499755859375,22670.0,yahoo
HINDZINC,5m,2026-09-25T14:10:00+05:30,591.5999755859375,592.5,591.0,591.0499877929688,49144.0,yahoo
HINDZINC,5m,2026-09-25T14:15:00+05:30,591.0499877929688,592.4500122070312,591.0499877929688,591.9500122070312,60334.0,yahoo
HINDZINC,5m,2026-09-25T14:20:00+05:30,591.9500122070312,591.9500122070312,591.0999755859375,591.0999755859375,28877.0,yahoo
HINDZINC,5m,2026-09-25T14:25:00+05:30,591.0999755859375,592.0,591.0999755859375,591.75,40793.0,yahoo
HINDZINC,5m,2026-09-25T14:30:00+05:30,591.7999877929688,592.0999755859375,591.3499755859375,591.75,28921.0,yahoo
HINDZINC,5m,2026-09-25T14:35:00+05:30,591.5499877929688,592.0,591.1500244140625,591.3499755859375,33010.0,yahoo
HINDZINC,5m,2026-09-25T14:40:00+05:30,591.2999877929688,591.3499755859375,590.9000244140625,590.9000244140625,30503.0,yahoo
HINDZINC,5m,2026-09-25T14:45:00+05:30,590.9500122070312,591.25,590.9000244140625,591.25,23525.0,yahoo
HINDZINC,5m,2026-09-25T14:50:00+05:30,591.1500244140625,591.75,590.9500122070312,591.7000122070312,37930.0,yahoo
HINDZINC,5m,2026-09-25T14:55:00+05:30,591.7000122070312,591.7000122070312,590.8499755859375,591.0,79295.0,yahoo
HINDZINC,5m,2026-09-25T15:00:00+05:30,590.8499755859375,591.0,590.25,590.5,70302.0,yahoo
HINDZINC,5m,2026-09-25T15:05:00+05:30,590.5999755859375,590.7999877929688,590.4000244140625,590.5499877929688,91795.0,yahoo
HINDZINC,5m,2026-09-25T15:10:00+05:30,590.4500122070312,590.5499877929688,589.2999877929688,590.0,86674.0,yahoo
HINDZINC,5m,2026-09-25T15:15:00+05:30,590.0499877929688,590.0499877929688,588.9500122070312,588.9500122070312,13794.0,yahoo
ICICIBANK,5m,2026-09-25T09:15:00+05:30,1332.0,1339.199951171875,1330.300048828125,1338.5999755859375,0.0,yahoo
ICICIBANK,5m,2026-09-25T09:20:00+05:30,1338.0999755859375,1340.199951171875,1337.199951171875,1337.699951171875,283805.0,yahoo
ICICIBANK,5m,2026-09-25T09:25:00+05:30,1337.9000244140625,1338.199951171875,1336.0999755859375,1336.300048828125,340543.0,yahoo
ICICIBANK,5m,2026-09-25T09:30:00+05:30,1336.4000244140625,1336.4000244140625,1332.4000244140625,1334.0999755859375,148878.0,yahoo
ICICIBANK,5m,2026-09-25T09:35:00+05:30,1334.199951171875,1334.199951171875,1332.199951171875,1332.5999755859375,132959.0,yahoo
ICICIBANK,5m,2026-09-25T09:40:00+05:30,1332.699951171875,1332.699951171875,1328.300048828125,1329.0,302702.0,yahoo
ICICIBANK,5m,2026-09-25T09:45:00+05:30,1329.0999755859375,1329.800048828125,1328.300048828125,1328.9000244140625,91436.0,yahoo
ICICIBANK,5m,2026-09-25T09:50:00+05:30,1328.9000244140625,1330.0,1328.5,1330.0,86610.0,yahoo
ICICIBANK,5m,2026-09-25T09:55:00+05:30,1329.699951171875,1329.800048828125,1328.5,1329.800048828125,106903.0,yahoo
ICICIBANK,5m,2026-09-25T10:00:00+05:30,1329.5999755859375,1329.9000244140625,1329.300048828125,1329.5999755859375,56157.0,yahoo
ICICIBANK,5m,2026-09-25T10:05:00+05:30,1329.5999755859375,1332.0,1329.300048828125,1331.699951171875,63729.0,yahoo
ICICIBANK,5m,2026-09-25T10:10:00+05:30,1331.699951171875,1331.9000244140625,1329.4000244140625,1329.699951171875,110428.0,yahoo
ICICIBANK,5m,2026-09-25T10:15:00+05:30,1329.699951171875,1329.699951171875,1328.5,1328.699951171875,70842.0,yahoo
ICICIBANK,5m,2026-09-25T10:20:00+05:30,1328.5999755859375,1329.0999755859375,1327.0,1327.0,89840.0,yahoo
ICICIBANK,5m,2026-09-25T10:25:00+05:30,1326.9000244140625,1328.0,1326.5999755859375,1327.5,116547.0,yahoo
ICICIBANK,5m,2026-09-25T10:30:00+05:30,1327.4000244140625,1327.5,1326.199951171875,1326.4000244140625,51356.0,yahoo
ICICIBANK,5m,2026-09-25T10:35:00+05:30,1326.5,1328.0,1326.5,1327.800048828125,39480.0,yahoo
ICICIBANK,5m,2026-09-25T10:40:00+05:30,1327.800048828125,1327.800048828125,1326.9000244140625,1327.0999755859375,29181.0,yahoo
ICICIBANK,5m,2026-09-25T10:45:00+05:30,1327.0999755859375,1327.4000244140625,1326.5999755859375,1327.199951171875,16481.0,yahoo
ICICIBANK,5m,2026-09-25T10:50:00+05:30,1327.0999755859375,1328.5999755859375,1327.0999755859375,1328.199951171875,35908.0,yahoo
ICICIBANK,5m,2026-09-25T10:55:00+05:30,1328.0,1328.300048828125,1326.9000244140625,1327.0999755859375,43074.0,yahoo
ICICIBANK,5m,2026-09-25T11:00:00+05:30,1327.0999755859375,1328.5,1327.0999755859375,1328.0999755859375,27482.0,yahoo
ICICIBANK,5m,2026-09-25T11:05:00+05:30,1328.0,1329.0999755859375,1327.800048828125,1328.9000244140625,44787.0,yahoo
ICICIBANK,5m,2026-09-25T11:10:00+05:30,1328.9000244140625,1329.0,1328.5,1328.9000244140625,24989.0,yahoo
ICICIBANK,5m,2026-09-25T11:15:00+05:30,1328.800048828125,1330.0999755859375,1328.800048828125,1329.4000244140625,107145.0,yahoo
ICICIBANK,5m,2026-09-25T11:20:00+05:30,1329.5999755859375,1329.5999755859375,1327.800048828125,1327.800048828125,103613.0,yahoo
ICICIBANK,5m,2026-09-25T11:25:00+05:30,1327.699951171875,1328.800048828125,1327.4000244140625,1328.5999755859375,44812.0,yahoo
ICICIBANK,5m,2026-09-25T11:30:00+05:30,1328.800048828125,1329.300048828125,1328.300048828125,1329.199951171875,35065.0,yahoo
ICICIBANK,5m,2026-09-25T11:35:00+05:30,1329.199951171875,1329.300048828125,1327.5999755859375,1328.9000244140625,68512.0,yahoo
ICICIBANK,5m,2026-09-25T11:40:00+05:30,1329.0,1329.4000244140625,1328.199951171875,1328.9000244140625,113220.0,yahoo
ICICIBANK,5m,2026-09-25T11:45:00+05:30,1328.800048828125,1329.300048828125,1328.199951171875,1328.5999755859375,39619.0,yahoo
ICICIBANK,5m,2026-09-25T11:50:00+05:30,1328.5999755859375,1328.699951171875,1327.5,1328.300048828125,56753.0,yahoo
ICICIBANK,5m,2026-09-25T11:55:00+05:30,1328.199951171875,1329.300048828125,1328.0,1329.0,83414.0,yahoo
ICICIBANK,5m,2026-09-25T12:00:00+05:30,1329.0,1329.699951171875,1328.199951171875,1328.699951171875,93483.0,yahoo
ICICIBANK,5m,2026-09-25T12:05:00+05:30,1328.699951171875,1329.300048828125,1327.9000244140625,1329.199951171875,72520.0,yahoo
ICICIBANK,5m,2026-09-25T12:10:00+05:30,1329.199951171875,1329.5999755859375,1328.4000244140625,1328.800048828125,84339.0,yahoo
ICICIBANK,5m,2026-09-25T12:15:00+05:30,1328.9000244140625,1328.9000244140625,1327.699951171875,1328.0999755859375,38781.0,yahoo
ICICIBANK,5m,2026-09-25T12:20:00+05:30,1328.0999755859375,1328.199951171875,1327.0999755859375,1327.300048828125,38136.0,yahoo
ICICIBANK,5m,2026-09-25T12:25:00+05:30,1327.4000244140625,1328.699951171875,1327.4000244140625,1328.5,35054.0,yahoo
ICICIBANK,5m,2026-09-25T12:30:00+05:30,1328.800048828125,1329.199951171875,1328.5999755859375,1329.0,30551.0,yahoo
ICICIBANK,5m,2026-09-25T12:35:00+05:30,1328.9000244140625,1329.300048828125,1327.800048828125,1329.300048828125,78004.0,yahoo
ICICIBANK,5m,2026-09-25T12:40:00+05:30,1329.5999755859375,1329.800048828125,1328.300048828125,1328.300048828125,145949.0,yahoo
ICICIBANK,5m,2026-09-25T12:45:00+05:30,1328.199951171875,1328.199951171875,1327.4000244140625,1327.4000244140625,40129.0,yahoo
ICICIBANK,5m,2026-09-25T12:50:00+05:30,1327.5,1327.800048828125,1327.0,1327.5,71333.0,yahoo
ICICIBANK,5m,2026-09-25T12:55:00+05:30,1327.5,1328.9000244140625,1326.5,1328.5999755859375,64014.0,yahoo
ICICIBANK,5m,2026-09-25T13:00:00+05:30,1328.5,1330.0,1328.5,1328.800048828125,54337.0,yahoo
ICICIBANK,5m,2026-09-25T13:05:00+05:30,1328.9000244140625,1330.0,1328.9000244140625,1329.9000244140625,44729.0,yahoo
ICICIBANK,5m,2026-09-25T13:10:00+05:30,1329.800048828125,1329.800048828125,1327.9000244140625,1327.9000244140625,108493.0,yahoo
ICICIBANK,5m,2026-09-25T13:15:00+05:30,1327.9000244140625,1328.199951171875,1326.800048828125,1327.0,48987.0,yahoo
ICICIBANK,5m,2026-09-25T13:20:00+05:30,1326.9000244140625,1327.4000244140625,1326.300048828125,1326.9000244140625,45998.0,yahoo
ICICIBANK,5m,2026-09-25T13:25:00+05:30,1326.800048828125,1328.300048828125,1326.5,1327.699951171875,56314.0,yahoo
ICICIBANK,5m,2026-09-25T13:30:00+05:30,1328.0999755859375,1328.199951171875,1325.5999755859375,1325.9000244140625,66326.0,yahoo
ICICIBANK,5m,2026-09-25T13:35:00+05:30,1325.9000244140625,1326.300048828125,1324.9000244140625,1325.5,245735.0,yahoo
ICICIBANK,5m,2026-09-25T13:40:00+05:30,1325.5,1326.9000244140625,1325.0,1325.699951171875,75605.0,yahoo
ICICIBANK,5m,2026-09-25T13:45:00+05:30,1325.5999755859375,1327.800048828125,1325.0999755859375,1326.199951171875,145754.0,yahoo
ICICIBANK,5m,2026-09-25T13:50:00+05:30,1326.199951171875,1326.199951171875,1324.5,1325.199951171875,81663.0,yahoo
ICICIBANK,5m,2026-09-25T13:55:00+05:30,1325.199951171875,1326.0999755859375,1324.0999755859375,1324.5,111951.0,yahoo
ICICIBANK,5m,2026-09-25T14:00:00+05:30,1324.300048828125,1329.0,1324.0999755859375,1326.300048828125,450567.0,yahoo
ICICIBANK,5m,2026-09-25T14:05:00+05:30,1326.5,1326.5,1323.0999755859375,1324.0,168981.0,yahoo
ICICIBANK,5m,2026-09-25T14:10:00+05:30,1324.0,1325.4000244140625,1323.9000244140625,1325.0,170169.0,yahoo
ICICIBANK,5m,2026-09-25T14:15:00+05:30,1324.9000244140625,1327.0,1324.9000244140625,1325.300048828125,150159.0,yahoo
ICICIBANK,5m,2026-09-25T14:20:00+05:30,1325.300048828125,1326.5,1323.699951171875,1325.0999755859375,145638.0,yahoo
ICICIBANK,5m,2026-09-25T14:25:00+05:30,1325.0,1326.199951171875,1318.0999755859375,1321.0,1704440.0,yahoo
ICICIBANK,5m,2026-09-25T14:30:00+05:30,1320.9000244140625,1326.9000244140625,1320.9000244140625,1326.0999755859375,536496.0,yahoo
ICICIBANK,5m,2026-09-25T14:35:00+05:30,1325.800048828125,1326.5,1324.5,1326.4000244140625,187362.0,yahoo
ICICIBANK,5m,2026-09-25T14:40:00+05:30,1326.4000244140625,1326.800048828125,1325.0,1326.300048828125,168862.0,yahoo
ICICIBANK,5m,2026-09-25T14:45:00+05:30,1326.199951171875,1326.699951171875,1322.699951171875,1322.9000244140625,194597.0,yahoo
ICICIBANK,5m,2026-09-25T14:50:00+05:30,1322.800048828125,1325.4000244140625,1322.5999755859375,1325.199951171875,190800.0,yahoo
ICICIBANK,5m,2026-09-25T14:55:00+05:30,1325.199951171875,1325.9000244140625,1324.4000244140625,1325.9000244140625,169878.0,yahoo
ICICIBANK,5m,2026-09-25T15:00:00+05:30,1325.5999755859375,1325.800048828125,1321.699951171875,1322.699951171875,433467.0,yahoo
ICICIBANK,5m,2026-09-25T15:05:00+05:30,1322.5999755859375,1324.0,1322.199951171875,1322.9000244140625,358938.0,yahoo
ICICIBANK,5m,2026-09-25T15:10:00+05:30,1322.9000244140625,1327.699951171875,1322.5,1327.699951171875,470918.0,yahoo
ICICIBANK,5m,2026-09-25T15:15:00+05:30,1327.699951171875,1327.699951171875,1326.800048828125,1326.800048828125,165335.0,yahoo
INDUSINDBK,5m,2026-09-25T09:15:00+05:30,918.5999755859375,923.5,918.0999755859375,921.2999877929688,0.0,yahoo
INDUSINDBK,5m,2026-09-25T09:20:00+05:30,920.2000122070312,921.5,919.4000244140625,920.0,43093.0,yahoo
INDUSINDBK,5m,2026-09-25T09:25:00+05:30,920.2000122070312,922.5,919.5,922.4000244140625,26706.0,yahoo
INDUSINDBK,5m,2026-09-25T09:30:00+05:30,922.4000244140625,923.0,920.2999877929688,921.2999877929688,11021.0,yahoo
INDUSINDBK,5m,2026-09-25T09:35:00+05:30,921.2999877929688,922.2000122070312,917.4000244140625,917.7000122070312,21203.0,yahoo
INDUSINDBK,5m,2026-09-25T09:40:00+05:30,917.5,917.5,912.4000244140625,913.2000122070312,45962.0,yahoo
INDUSINDBK,5m,2026-09-25T09:45:00+05:30,913.4000244140625,914.2999877929688,912.5999755859375,913.5,10421.0,yahoo
INDUSINDBK,5m,2026-09-25T09:50:00+05:30,913.2000122070312,913.4000244140625,912.0999755859375,912.7999877929688,11099.0,yahoo
INDUSINDBK,5m,2026-09-25T09:55:00+05:30,912.5999755859375,913.7000122070312,912.2000122070312,913.7000122070312,9866.0,yahoo
INDUSINDBK,5m,2026-09-25T10:00:00+05:30,913.7000122070312,914.5,913.2999877929688,913.9000244140625,18583.0,yahoo
INDUSINDBK,5m,2026-09-25T10:05:00+05:30,913.5999755859375,917.2000122070312,913.5999755859375,917.0,6580.0,yahoo
INDUSINDBK,5m,2026-09-25T10:10:00+05:30,916.7000122070312,917.2999877929688,913.9000244140625,915.0,13194.0,yahoo
INDUSINDBK,5m,2026-09-25T10:15:00+05:30,915.5,916.0,914.4000244140625,915.0,5686.0,yahoo
INDUSINDBK,5m,2026-09-25T10:20:00+05:30,914.5999755859375,916.2999877929688,914.5,914.5,18552.0,yahoo
INDUSINDBK,5m,2026-09-25T10:25:00+05:30,914.7000122070312,915.0999755859375,913.9000244140625,914.0999755859375,7996.0,yahoo
INDUSINDBK,5m,2026-09-25T10:30:00+05:30,914.4000244140625,915.5,912.7999877929688,912.9000244140625,7593.0,yahoo
INDUSINDBK,5m,2026-09-25T10:35:00+05:30,912.5,913.5,910.7999877929688,912.7999877929688,155552.0,yahoo
INDUSINDBK,5m,2026-09-25T10:40:00+05:30,912.7000122070312,912.9000244140625,911.0,912.0999755859375,138190.0,yahoo
INDUSINDBK,5m,2026-09-25T10:45:00+05:30,912.0,912.2000122070312,911.0999755859375,911.7999877929688,7277.0,yahoo
INDUSINDBK,5m,2026-09-25T10:50:00+05:30,911.7999877929688,912.2999877929688,911.4000244140625,912.0,5098.0,yahoo
INDUSINDBK,5m,2026-09-25T10:55:00+05:30,912.0999755859375,912.5,911.7999877929688,912.2000122070312,17050.0,yahoo
INDUSINDBK,5m,2026-09-25T11:00:00+05:30,912.2000122070312,914.0,912.0999755859375,913.2000122070312,6891.0,yahoo
INDUSINDBK,5m,2026-09-25T11:05:00+05:30,913.2000122070312,913.5,912.9000244140625,913.4000244140625,5250.0,yahoo
INDUSINDBK,5m,2026-09-25T11:10:00+05:30,913.5999755859375,914.0,912.2999877929688,912.5,9684.0,yahoo
INDUSINDBK,5m,2026-09-25T11:15:00+05:30,912.7999877929688,913.5999755859375,912.5999755859375,913.0,6527.0,yahoo
INDUSINDBK,5m,2026-09-25T11:20:00+05:30,912.9000244140625,913.4000244140625,912.2999877929688,912.2999877929688,5457.0,yahoo
INDUSINDBK,5m,2026-09-25T11:25:00+05:30,911.9000244140625,912.5,911.5,912.5,12806.0,yahoo
INDUSINDBK,5m,2026-09-25T11:30:00+05:30,912.2000122070312,913.4000244140625,912.2000122070312,912.7999877929688,4284.0,yahoo
INDUSINDBK,5m,2026-09-25T11:35:00+05:30,912.7999877929688,913.2999877929688,912.2999877929688,912.9000244140625,7937.0,yahoo
INDUSINDBK,5m,2026-09-25T11:40:00+05:30,913.0,913.2000122070312,912.0999755859375,912.0999755859375,2966.0,yahoo
INDUSINDBK,5m,2026-09-25T11:45:00+05:30,912.0999755859375,912.4000244140625,911.9000244140625,912.0999755859375,5562.0,yahoo
INDUSINDBK,5m,2026-09-25T11:50:00+05:30,912.0999755859375,912.7999877929688,912.0,912.0999755859375,5606.0,yahoo
INDUSINDBK,5m,2026-09-25T11:55:00+05:30,912.0999755859375,912.0999755859375,911.4000244140625,911.5,1994.0,yahoo
INDUSINDBK,5m,2026-09-25T12:00:00+05:30,911.2999877929688,911.5999755859375,909.7999877929688,910.0999755859375,15102.0,yahoo
INDUSINDBK,5m,2026-09-25T12:05:00+05:30,910.0999755859375,910.4000244140625,909.7999877929688,910.2999877929688,8259.0,yahoo
INDUSINDBK,5m,2026-09-25T12:10:00+05:30,910.2999877929688,910.2999877929688,909.2000122070312,909.4000244140625,14376.0,yahoo
INDUSINDBK,5m,2026-09-25T12:15:00+05:30,909.4000244140625,910.5,909.2000122070312,910.0,9155.0,yahoo
INDUSINDBK,5m,2026-09-25T12:20:00+05:30,909.9000244140625,910.5999755859375,909.7999877929688,910.5,7188.0,yahoo
INDUSINDBK,5m,2026-09-25T12:25:00+05:30,910.4000244140625,910.7999877929688,909.7000122070312,910.5,6932.0,yahoo
INDUSINDBK,5m,2026-09-25T12:30:00+05:30,910.2999877929688,911.4000244140625,910.2999877929688,910.5,4739.0,yahoo
INDUSINDBK,5m,2026-09-25T12:35:00+05:30,910.5,910.5999755859375,909.5,909.7999877929688,8873.0,yahoo
INDUSINDBK,5m,2026-09-25T12:40:00+05:30,909.7999877929688,911.0,909.5,910.4000244140625,5820.0,yahoo
INDUSINDBK,5m,2026-09-25T12:45:00+05:30,910.4000244140625,911.0999755859375,910.0999755859375,910.2999877929688,6239.0,yahoo
INDUSINDBK,5m,2026-09-25T12:50:00+05:30,910.2999877929688,910.5,909.5,909.7000122070312,6884.0,yahoo
INDUSINDBK,5m,2026-09-25T12:55:00+05:30,909.7000122070312,910.4000244140625,909.2000122070312,910.2000122070312,5166.0,yahoo
INDUSINDBK,5m,2026-09-25T13:00:00+05:30,910.2999877929688,910.9000244140625,910.0,910.4000244140625,7426.0,yahoo
INDUSINDBK,5m,2026-09-25T13:05:00+05:30,910.2999877929688,910.5999755859375,910.0999755859375,910.5999755859375,4399.0,yahoo
INDUSINDBK,5m,2026-09-25T13:10:00+05:30,910.7000122070312,911.9000244140625,910.0,910.0,22450.0,yahoo
INDUSINDBK,5m,2026-09-25T13:15:00+05:30,910.5,910.5,909.0,909.0,23344.0,yahoo
INDUSINDBK,5m,2026-09-25T13:20:00+05:30,909.0,909.2000122070312,908.0999755859375,908.4000244140625,7185.0,yahoo
INDUSINDBK,5m,2026-09-25T13:25:00+05:30,908.2999877929688,908.5999755859375,907.5999755859375,908.2000122070312,8027.0,yahoo
INDUSINDBK,5m,2026-09-25T13:30:00+05:30,908.2000122070312,908.2000122070312,907.5,907.5,2825.0,yahoo
INDUSINDBK,5m,2026-09-25T13:35:00+05:30,907.2999877929688,907.5,906.9000244140625,907.4000244140625,13007.0,yahoo
INDUSINDBK,5m,2026-09-25T13:40:00+05:30,907.4000244140625,908.0,907.4000244140625,907.7999877929688,5735.0,yahoo
INDUSINDBK,5m,2026-09-25T13:45:00+05:30,907.7999877929688,908.7999877929688,907.7000122070312,908.2999877929688,9988.0,yahoo
INDUSINDBK,5m,2026-09-25T13:50:00+05:30,908.2999877929688,908.5,907.7000122070312,908.2000122070312,5134.0,yahoo
INDUSINDBK,5m,2026-09-25T13:55:00+05:30,908.2000122070312,909.2000122070312,907.9000244140625,909.2000122070312,9365.0,yahoo
INDUSINDBK,5m,2026-09-25T14:00:00+05:30,909.0,916.2999877929688,909.0,914.7000122070312,94978.0,yahoo
INDUSINDBK,5m,2026-09-25T14:05:00+05:30,914.2999877929688,917.4000244140625,913.4000244140625,914.2999877929688,113085.0,yahoo
INDUSINDBK,5m,2026-09-25T14:10:00+05:30,914.2999877929688,914.5,912.5,912.9000244140625,8456.0,yahoo
INDUSINDBK,5m,2026-09-25T14:15:00+05:30,912.5999755859375,916.0,912.5999755859375,913.7999877929688,10073.0,yahoo
INDUSINDBK,5m,2026-09-25T14:20:00+05:30,913.7999877929688,915.5,913.7999877929688,914.5999755859375,10793.0,yahoo
INDUSINDBK,5m,2026-09-25T14:25:00+05:30,914.2999877929688,915.2999877929688,914.0999755859375,914.7999877929688,11475.0,yahoo
INDUSINDBK,5m,2026-09-25T14:30:00+05:30,914.5999755859375,916.2000122070312,914.5999755859375,915.7000122070312,16144.0,yahoo
INDUSINDBK,5m,2026-09-25T14:35:00+05:30,916.0,916.2999877929688,915.5,915.7999877929688,12221.0,yahoo
INDUSINDBK,5m,2026-09-25T14:40:00+05:30,915.9000244140625,915.9000244140625,913.4000244140625,913.4000244140625,9833.0,yahoo
INDUSINDBK,5m,2026-09-25T14:45:00+05:30,913.5,916.2000122070312,913.5,914.5999755859375,23852.0,yahoo
INDUSINDBK,5m,2026-09-25T14:50:00+05:30,914.5,915.2000122070312,913.9000244140625,914.7999877929688,10842.0,yahoo
INDUSINDBK,5m,2026-09-25T14:55:00+05:30,914.7999877929688,915.2000122070312,913.9000244140625,915.0999755859375,16688.0,yahoo
INDUSINDBK,5m,2026-09-25T15:00:00+05:30,915.0999755859375,915.0999755859375,913.7000122070312,913.7999877929688,18827.0,yahoo
INDUSINDBK,5m,2026-09-25T15:05:00+05:30,913.7999877929688,914.9000244140625,913.5,914.2999877929688,51505.0,yahoo
INDUSINDBK,5m,2026-09-25T15:10:00+05:30,914.7000122070312,914.7000122070312,911.9000244140625,913.0,56013.0,yahoo
INDUSINDBK,5m,2026-09-25T15:15:00+05:30,912.0999755859375,912.2000122070312,912.0999755859375,912.2000122070312,21839.0,yahoo
INFY,5m,2026-09-25T09:15:00+05:30,1001.4000244140625,1004.0999755859375,992.9000244140625,993.5,0.0,yahoo
INFY,5m,2026-09-25T09:20:00+05:30,993.4000244140625,995.0,991.7000122070312,994.5,473309.0,yahoo
INFY,5m,2026-09-25T09:25:00+05:30,994.2999877929688,1000.4000244140625,994.0999755859375,1000.4000244140625,423228.0,yahoo
INFY,5m,2026-09-25T09:30:00+05:30,1000.5999755859375,1002.5999755859375,999.2999877929688,1001.4000244140625,326376.0,yahoo
INFY,5m,2026-09-25T09:35:00+05:30,1001.4000244140625,1001.9000244140625,998.4000244140625,999.7999877929688,173859.0,yahoo
INFY,5m,2026-09-25T09:40:00+05:30,999.7999877929688,1000.0,997.0,998.0,132511.0,yahoo
INFY,5m,2026-09-25T09:45:00+05:30,997.9000244140625,999.0,997.0999755859375,997.5999755859375,92365.0,yahoo
INFY,5m,2026-09-25T09:50:00+05:30,997.5,998.7999877929688,997.5,998.0,78701.0,yahoo
INFY,5m,2026-09-25T09:55:00+05:30,997.7999877929688,999.0,997.7000122070312,998.5,129796.0,yahoo
INFY,5m,2026-09-25T10:00:00+05:30,998.5999755859375,1001.5,998.2000122070312,1000.5999755859375,130630.0,yahoo
INFY,5m,2026-09-25T10:05:00+05:30,1000.5999755859375,1000.7999877929688,999.0,1000.2999877929688,80887.0,yahoo
INFY,5m,2026-09-25T10:10:00+05:30,1000.2000122070312,1001.0,999.0,1000.5999755859375,85003.0,yahoo
INFY,5m,2026-09-25T10:15:00+05:30,1000.5999755859375,1001.5,999.4000244140625,1000.0999755859375,63823.0,yahoo
INFY,5m,2026-09-25T10:20:00+05:30,1000.2999877929688,1000.9000244140625,999.5,1000.5,106580.0,yahoo
INFY,5m,2026-09-25T10:25:00+05:30,1000.5,1000.9000244140625,999.0999755859375,999.4000244140625,79692.0,yahoo
INFY,5m,2026-09-25T10:30:00+05:30,999.4000244140625,1000.0,998.5,999.4000244140625,84264.0,yahoo
INFY,5m,2026-09-25T10:35:00+05:30,999.5999755859375,1001.2999877929688,999.0,1000.7000122070312,165730.0,yahoo
INFY,5m,2026-09-25T10:40:00+05:30,1000.4000244140625,1002.9000244140625,999.7999877929688,1000.2000122070312,319860.0,yahoo
INFY,5m,2026-09-25T10:45:00+05:30,1000.0999755859375,1000.4000244140625,998.2000122070312,998.4000244140625,56352.0,yahoo
INFY,5m,2026-09-25T10:50:00+05:30,998.4000244140625,999.2999877929688,998.2999877929688,999.2999877929688,38480.0,yahoo
INFY,5m,2026-09-25T10:55:00+05:30,999.2999877929688,1000.7000122070312,999.2000122070312,1000.5999755859375,48492.0,yahoo
INFY,5m,2026-09-25T11:00:00+05:30,1000.5999755859375,1002.7999877929688,1000.5,1001.2000122070312,115658.0,yahoo
INFY,5m,2026-09-25T11:05:00+05:30,1001.4000244140625,1001.7999877929688,1000.5,1000.5,55130.0,yahoo
INFY,5m,2026-09-25T11:10:00+05:30,1000.4000244140625,1000.7000122070312,999.7000122070312,1000.4000244140625,47170.0,yahoo
INFY,5m,2026-09-25T11:15:00+05:30,1000.4000244140625,1000.5999755859375,999.5999755859375,1000.0999755859375,37394.0,yahoo
INFY,5m,2026-09-25T11:20:00+05:30,1000.4000244140625,1000.9000244140625,1000.0,1000.2000122070312,36167.0,yahoo
INFY,5m,2026-09-25T11:25:00+05:30,1000.2999877929688,1001.2000122070312,1000.0999755859375,1000.9000244140625,39474.0,yahoo
INFY,5m,2026-09-25T11:30:00+05:30,1000.7999877929688,1001.2000122070312,1000.0,1000.5,42213.0,yahoo
INFY,5m,2026-09-25T11:35:00+05:30,1000.5999755859375,1000.7999877929688,998.5,999.9000244140625,70801.0,yahoo
INFY,5m,2026-09-25T11:40:00+05:30,999.9000244140625,1001.4000244140625,999.5999755859375,1000.0,299401.0,yahoo
INFY,5m,2026-09-25T11:45:00+05:30,1000.0,1000.0,999.5,1000.0,58142.0,yahoo
INFY,5m,2026-09-25T11:50:00+05:30,1000.0,1000.0,999.5999755859375,999.7000122070312,76434.0,yahoo
INFY,5m,2026-09-25T11:55:00+05:30,999.5999755859375,1002.4000244140625,999.5,1001.5,397633.0,yahoo
INFY,5m,2026-09-25T12:00:00+05:30,1001.5,1003.0999755859375,1000.7999877929688,1001.4000244140625,115405.0,yahoo
INFY,5m,2026-09-25T12:05:00+05:30,1001.7999877929688,1001.7999877929688,1000.5,1001.0999755859375,66467.0,yahoo
INFY,5m,2026-09-25T12:10:00+05:30,1001.2999877929688,1001.5999755859375,1000.7000122070312,1001.2999877929688,54615.0,yahoo
INFY,5m,2026-09-25T12:15:00+05:30,1001.4000244140625,1003.5,1001.0,1003.0,164801.0,yahoo
INFY,5m,2026-09-25T12:20:00+05:30,1003.0,1003.2000122070312,1002.0,1002.2000122070312,90594.0,yahoo
INFY,5m,2026-09-25T12:25:00+05:30,1002.2999877929688,1002.7000122070312,1001.7000122070312,1002.4000244140625,50434.0,yahoo
INFY,5m,2026-09-25T12:30:00+05:30,1002.4000244140625,1003.0,1001.7000122070312,1002.2999877929688,78354.0,yahoo
INFY,5m,2026-09-25T12:35:00+05:30,1002.2999877929688,1002.2999877929688,998.7000122070312,998.9000244140625,145431.0,yahoo
INFY,5m,2026-09-25T12:40:00+05:30,998.9000244140625,998.9000244140625,996.4000244140625,997.0,133099.0,yahoo
INFY,5m,2026-09-25T12:45:00+05:30,997.0,999.0,996.5999755859375,998.7000122070312,92953.0,yahoo
INFY,5m,2026-09-25T12:50:00+05:30,998.5999755859375,999.0,997.7000122070312,998.4000244140625,60969.0,yahoo
INFY,5m,2026-09-25T12:55:00+05:30,998.5,999.2000122070312,996.5,996.9000244140625,88620.0,yahoo
INFY,5m,2026-09-25T13:00:00+05:30,996.9000244140625,997.4000244140625,996.5,997.0,51986.0,yahoo
INFY,5m,2026-09-25T13:05:00+05:30,997.0,997.7999877929688,996.2000122070312,997.4000244140625,114184.0,yahoo
INFY,5m,2026-09-25T13:10:00+05:30,997.2999877929688,998.0,995.2000122070312,995.2999877929688,111669.0,yahoo
INFY,5m,2026-09-25T13:15:00+05:30,995.2000122070312,996.0,993.2000122070312,994.7000122070312,221018.0,yahoo
INFY,5m,2026-09-25T13:20:00+05:30,994.5,996.2999877929688,994.4000244140625,996.2999877929688,86791.0,yahoo
INFY,5m,2026-09-25T13:25:00+05:30,996.2000122070312,996.5999755859375,995.5,996.0999755859375,102390.0,yahoo
INFY,5m,2026-09-25T13:30:00+05:30,996.0999755859375,996.5,995.7000122070312,996.2999877929688,40054.0,yahoo
INFY,5m,2026-09-25T13:35:00+05:30,996.5,997.4000244140625,995.5999755859375,996.5,102738.0,yahoo
INFY,5m,2026-09-25T13:40:00+05:30,996.5999755859375,998.5,996.4000244140625,997.5999755859375,143451.0,yahoo
INFY,5m,2026-09-25T13:45:00+05:30,997.5999755859375,997.9000244140625,995.2999877929688,995.5,182338.0,yahoo
INFY,5m,2026-09-25T13:50:00+05:30,995.4000244140625,996.9000244140625,995.0,995.2999877929688,178105.0,yahoo
INFY,5m,2026-09-25T13:55:00+05:30,995.2000122070312,995.5,994.7000122070312,995.2000122070312,237688.0,yahoo
INFY,5m,2026-09-25T14:00:00+05:30,995.2999877929688,998.7999877929688,995.0,998.5999755859375,200637.0,yahoo
INFY,5m,2026-09-25T14:05:00+05:30,998.5999755859375,999.0,995.7999877929688,995.7999877929688,107387.0,yahoo
INFY,5m,2026-09-25T14:10:00+05:30,995.9000244140625,996.7000122070312,995.9000244140625,996.2999877929688,68195.0,yahoo
INFY,5m,2026-09-25T14:15:00+05:30,996.0999755859375,996.9000244140625,996.0,996.7000122070312,94622.0,yahoo
INFY,5m,2026-09-25T14:20:00+05:30,996.2999877929688,996.9000244140625,995.0,995.2000122070312,120857.0,yahoo
INFY,5m,2026-09-25T14:25:00+05:30,995.2999877929688,995.7999877929688,994.5,995.0,147299.0,yahoo
INFY,5m,2026-09-25T14:30:00+05:30,995.0,995.9000244140625,995.0,995.9000244140625,125384.0,yahoo
INFY,5m,2026-09-25T14:35:00+05:30,995.7000122070312,996.4000244140625,995.5999755859375,996.0,93398.0,yahoo
INFY,5m,2026-09-25T14:40:00+05:30,996.0,996.5999755859375,995.2000122070312,995.7000122070312,104568.0,yahoo
INFY,5m,2026-09-25T14:45:00+05:30,995.9000244140625,999.7000122070312,995.0999755859375,997.2999877929688,190113.0,yahoo
INFY,5m,2026-09-25T14:50:00+05:30,997.0,997.2000122070312,996.0,996.9000244140625,113175.0,yahoo
INFY,5m,2026-09-25T14:55:00+05:30,996.9000244140625,997.2000122070312,996.0999755859375,996.7000122070312,114741.0,yahoo
INFY,5m,2026-09-25T15:00:00+05:30,996.7000122070312,996.7999877929688,996.0,996.5999755859375,167833.0,yahoo
INFY,5m,2026-09-25T15:05:00+05:30,996.7999877929688,997.5,996.2999877929688,997.5,209858.0,yahoo
INFY,5m,2026-09-25T15:10:00+05:30,997.4000244140625,999.0,997.0,998.7999877929688,262462.0,yahoo
INFY,5m,2026-09-25T15:15:00+05:30,998.7999877929688,1000.2000122070312,998.7999877929688,1000.2000122070312,211099.0,yahoo
ITC,5m,2026-09-25T09:15:00+05:30,267.6499938964844,268.20001220703125,266.8999938964844,266.95001220703125,0.0,yahoo
ITC,5m,2026-09-25T09:20:00+05:30,266.8500061035156,267.75,266.8500061035156,267.3500061035156,133104.0,yahoo
ITC,5m,2026-09-25T09:25:00+05:30,267.3500061035156,267.8500061035156,267.20001220703125,267.8500061035156,83673.0,yahoo
ITC,5m,2026-09-25T09:30:00+05:30,267.8500061035156,267.8500061035156,267.45001220703125,267.5,61972.0,yahoo
ITC,5m,2026-09-25T09:35:00+05:30,267.5,267.6499938964844,267.04998779296875,267.3500061035156,78998.0,yahoo
ITC,5m,2026-09-25T09:40:00+05:30,267.29998779296875,267.45001220703125,266.79998779296875,266.8999938964844,87647.0,yahoo
ITC,5m,2026-09-25T09:45:00+05:30,266.95001220703125,267.0,266.70001220703125,266.75,55907.0,yahoo
ITC,5m,2026-09-25T09:50:00+05:30,266.79998779296875,266.79998779296875,266.3500061035156,266.45001220703125,88882.0,yahoo
ITC,5m,2026-09-25T09:55:00+05:30,266.5,266.8500061035156,266.45001220703125,266.70001220703125,71309.0,yahoo
ITC,5m,2026-09-25T10:00:00+05:30,266.70001220703125,267.3500061035156,266.54998779296875,267.3500061035156,93747.0,yahoo
ITC,5m,2026-09-25T10:05:00+05:30,267.3500061035156,267.54998779296875,267.04998779296875,267.54998779296875,102784.0,yahoo
ITC,5m,2026-09-25T10:10:00+05:30,267.54998779296875,267.54998779296875,267.20001220703125,267.3500061035156,41438.0,yahoo
ITC,5m,2026-09-25T10:15:00+05:30,267.25,267.3500061035156,267.20001220703125,267.3500061035156,60631.0,yahoo
ITC,5m,2026-09-25T10:20:00+05:30,267.29998779296875,267.54998779296875,267.20001220703125,267.45001220703125,44763.0,yahoo
ITC,5m,2026-09-25T10:25:00+05:30,267.3500061035156,267.45001220703125,267.04998779296875,267.1000061035156,63425.0,yahoo
ITC,5m,2026-09-25T10:30:00+05:30,267.1000061035156,267.1499938964844,266.70001220703125,266.70001220703125,38991.0,yahoo
ITC,5m,2026-09-25T10:35:00+05:30,266.79998779296875,267.20001220703125,266.6499938964844,267.0,85644.0,yahoo
ITC,5m,2026-09-25T10:40:00+05:30,267.1000061035156,267.75,267.0,267.6499938964844,529431.0,yahoo
ITC,5m,2026-09-25T10:45:00+05:30,267.70001220703125,267.70001220703125,267.25,267.3999938964844,54787.0,yahoo
ITC,5m,2026-09-25T10:50:00+05:30,267.3999938964844,267.54998779296875,267.25,267.45001220703125,28951.0,yahoo
ITC,5m,2026-09-25T10:55:00+05:30,267.45001220703125,267.6000061035156,267.25,267.25,36853.0,yahoo
ITC,5m,2026-09-25T11:00:00+05:30,267.29998779296875,267.70001220703125,267.1499938964844,267.6499938964844,44008.0,yahoo
ITC,5m,2026-09-25T11:05:00+05:30,267.54998779296875,267.6499938964844,267.29998779296875,267.5,47936.0,yahoo
ITC,5m,2026-09-25T11:10:00+05:30,267.45001220703125,267.54998779296875,267.25,267.5,33157.0,yahoo
ITC,5m,2026-09-25T11:15:00+05:30,267.5,267.54998779296875,267.3500061035156,267.3999938964844,41480.0,yahoo
ITC,5m,2026-09-25T11:20:00+05:30,267.3999938964844,267.75,267.29998779296875,267.29998779296875,57357.0,yahoo
ITC,5m,2026-09-25T11:25:00+05:30,267.29998779296875,267.70001220703125,267.25,267.54998779296875,44736.0,yahoo
ITC,5m,2026-09-25T11:30:00+05:30,267.54998779296875,267.8999938964844,267.54998779296875,267.79998779296875,42595.0,yahoo
ITC,5m,2026-09-25T11:35:00+05:30,267.79998779296875,267.79998779296875,267.6499938964844,267.6499938964844,28353.0,yahoo
ITC,5m,2026-09-25T11:40:00+05:30,267.70001220703125,267.95001220703125,267.6000061035156,267.70001220703125,74824.0,yahoo
ITC,5m,2026-09-25T11:45:00+05:30,267.6499938964844,267.8500061035156,267.6499938964844,267.70001220703125,67214.0,yahoo
ITC,5m,2026-09-25T11:50:00+05:30,267.75,267.79998779296875,267.54998779296875,267.6000061035156,61187.0,yahoo
ITC,5m,2026-09-25T11:55:00+05:30,267.6000061035156,267.75,267.6000061035156,267.6000061035156,26820.0,yahoo
ITC,5m,2026-09-25T12:00:00+05:30,267.6499938964844,267.6499938964844,267.5,267.5,31283.0,yahoo
ITC,5m,2026-09-25T12:05:00+05:30,267.6000061035156,267.6000061035156,267.45001220703125,267.54998779296875,34417.0,yahoo
ITC,5m,2026-09-25T12:10:00+05:30,267.54998779296875,267.79998779296875,267.5,267.54998779296875,62923.0,yahoo
ITC,5m,2026-09-25T12:15:00+05:30,267.6000061035156,267.70001220703125,267.5,267.5,21974.0,yahoo
ITC,5m,2026-09-25T12:20:00+05:30,267.5,268.1000061035156,267.5,268.04998779296875,117001.0,yahoo
ITC,5m,2026-09-25T12:25:00+05:30,268.04998779296875,268.45001220703125,268.04998779296875,268.3500061035156,66370.0,yahoo
ITC,5m,2026-09-25T12:30:00+05:30,268.45001220703125,268.5,268.1000061035156,268.20001220703125,50735.0,yahoo
ITC,5m,2026-09-25T12:35:00+05:30,268.1000061035156,268.25,268.0,268.1000061035156,72304.0,yahoo
ITC,5m,2026-09-25T12:40:00+05:30,268.1000061035156,268.25,268.04998779296875,268.1499938964844,28862.0,yahoo
ITC,5m,2026-09-25T12:45:00+05:30,268.04998779296875,268.1499938964844,267.75,267.95001220703125,67554.0,yahoo
ITC,5m,2026-09-25T12:50:00+05:30,267.95001220703125,268.04998779296875,267.79998779296875,267.79998779296875,39961.0,yahoo
ITC,5m,2026-09-25T12:55:00+05:30,267.79998779296875,267.95001220703125,267.6499938964844,267.79998779296875,37986.0,yahoo
ITC,5m,2026-09-25T13:00:00+05:30,267.8999938964844,268.0,267.79998779296875,267.8500061035156,30521.0,yahoo
ITC,5m,2026-09-25T13:05:00+05:30,267.8999938964844,268.20001220703125,267.70001220703125,268.1499938964844,82955.0,yahoo
ITC,5m,2026-09-25T13:10:00+05:30,268.1000061035156,268.20001220703125,268.04998779296875,268.1499938964844,21855.0,yahoo
ITC,5m,2026-09-25T13:15:00+05:30,268.1499938964844,268.1499938964844,268.04998779296875,268.04998779296875,34943.0,yahoo
ITC,5m,2026-09-25T13:20:00+05:30,268.1000061035156,268.1499938964844,267.8500061035156,267.8999938964844,72115.0,yahoo
ITC,5m,2026-09-25T13:25:00+05:30,268.0,268.0,267.75,267.79998779296875,48718.0,yahoo
ITC,5m,2026-09-25T13:30:00+05:30,267.8500061035156,267.95001220703125,267.6499938964844,267.6499938964844,34483.0,yahoo
ITC,5m,2026-09-25T13:35:00+05:30,267.6499938964844,268.0,267.6499938964844,267.8999938964844,43797.0,yahoo
ITC,5m,2026-09-25T13:40:00+05:30,267.79998779296875,267.95001220703125,267.75,267.8999938964844,31910.0,yahoo
ITC,5m,2026-09-25T13:45:00+05:30,267.79998779296875,268.1499938964844,267.75,268.04998779296875,65619.0,yahoo
ITC,5m,2026-09-25T13:50:00+05:30,268.04998779296875,268.1499938964844,267.95001220703125,267.95001220703125,58144.0,yahoo
ITC,5m,2026-09-25T13:55:00+05:30,268.0,268.1499938964844,267.95001220703125,268.04998779296875,46779.0,yahoo
ITC,5m,2026-09-25T14:00:00+05:30,268.1499938964844,268.95001220703125,268.1000061035156,268.6000061035156,186024.0,yahoo
ITC,5m,2026-09-25T14:05:00+05:30,268.45001220703125,268.6000061035156,268.0,268.04998779296875,194667.0,yahoo
ITC,5m,2026-09-25T14:10:00+05:30,268.0,268.25,267.8999938964844,268.25,108887.0,yahoo
ITC,5m,2026-09-25T14:15:00+05:30,268.20001220703125,268.5,268.20001220703125,268.3999938964844,44319.0,yahoo
ITC,5m,2026-09-25T14:20:00+05:30,268.3500061035156,268.5,268.25,268.3500061035156,55202.0,yahoo
ITC,5m,2026-09-25T14:25:00+05:30,268.3500061035156,268.54998779296875,268.3500061035156,268.54998779296875,36370.0,yahoo
ITC,5m,2026-09-25T14:30:00+05:30,268.54998779296875,268.6000061035156,268.25,268.25,77526.0,yahoo
ITC,5m,2026-09-25T14:35:00+05:30,268.29998779296875,268.70001220703125,268.25,268.3999938964844,117178.0,yahoo
ITC,5m,2026-09-25T14:40:00+05:30,268.29998779296875,268.45001220703125,268.25,268.29998779296875,124437.0,yahoo
ITC,5m,2026-09-25T14:45:00+05:30,268.29998779296875,268.45001220703125,268.25,268.25,77968.0,yahoo
ITC,5m,2026-09-25T14:50:00+05:30,268.25,268.29998779296875,268.1499938964844,268.29998779296875,54810.0,yahoo
ITC,5m,2026-09-25T14:55:00+05:30,268.29998779296875,268.29998779296875,268.1000061035156,268.1000061035156,47389.0,yahoo
ITC,5m,2026-09-25T15:00:00+05:30,268.20001220703125,268.6000061035156,268.1499938964844,268.6000061035156,118394.0,yahoo
ITC,5m,2026-09-25T15:05:00+05:30,268.6000061035156,268.6000061035156,268.5,268.5,166243.0,yahoo
ITC,5m,2026-09-25T15:10:00+05:30,268.5,269.0,268.45001220703125,268.8500061035156,634582.0,yahoo
ITC,5m,2026-09-25T15:15:00+05:30,268.8999938964844,269.0,268.8999938964844,269.0,181848.0,yahoo
JIOFIN,5m,2026-09-25T09:15:00+05:30,227.05999755859375,227.49000549316406,226.58999633789062,227.0,0.0,yahoo
JIOFIN,5m,2026-09-25T09:20:00+05:30,226.8699951171875,227.35000610351562,226.6999969482422,226.89999389648438,297730.0,yahoo
JIOFIN,5m,2026-09-25T09:25:00+05:30,226.91000366210938,227.60000610351562,226.85000610351562,227.60000610351562,309599.0,yahoo
JIOFIN,5m,2026-09-25T09:30:00+05:30,227.6699981689453,227.77999877929688,227.42999267578125,227.6699981689453,193310.0,yahoo
JIOFIN,5m,2026-09-25T09:35:00+05:30,227.63999938964844,227.6999969482422,226.94000244140625,226.94000244140625,425864.0,yahoo
JIOFIN,5m,2026-09-25T09:40:00+05:30,227.00999450683594,227.00999450683594,226.17999267578125,226.19000244140625,330454.0,yahoo
JIOFIN,5m,2026-09-25T09:45:00+05:30,226.2100067138672,226.33999633789062,226.1300048828125,226.22000122070312,174499.0,yahoo
JIOFIN,5m,2026-09-25T09:50:00+05:30,226.24000549316406,226.58999633789062,226.16000366210938,226.3800048828125,191419.0,yahoo
JIOFIN,5m,2026-09-25T09:55:00+05:30,226.3800048828125,226.74000549316406,226.36000061035156,226.72000122070312,112066.0,yahoo
JIOFIN,5m,2026-09-25T10:00:00+05:30,226.7100067138672,226.97000122070312,226.52999877929688,226.9600067138672,126234.0,yahoo
JIOFIN,5m,2026-09-25T10:05:00+05:30,226.9600067138672,227.19000244140625,226.8800048828125,227.19000244140625,91413.0,yahoo
JIOFIN,5m,2026-09-25T10:10:00+05:30,227.1999969482422,227.2100067138672,226.89999389648438,226.9600067138672,86769.0,yahoo
JIOFIN,5m,2026-09-25T10:15:00+05:30,227.0,227.0800018310547,226.7100067138672,226.72000122070312,70619.0,yahoo
JIOFIN,5m,2026-09-25T10:20:00+05:30,226.8000030517578,226.8800048828125,226.6199951171875,226.6199951171875,81053.0,yahoo
JIOFIN,5m,2026-09-25T10:25:00+05:30,226.5500030517578,226.69000244140625,226.5399932861328,226.64999389648438,53600.0,yahoo
JIOFIN,5m,2026-09-25T10:30:00+05:30,226.69000244140625,226.8000030517578,226.35000610351562,226.35000610351562,98276.0,yahoo
JIOFIN,5m,2026-09-25T10:35:00+05:30,226.32000732421875,226.39999389648438,226.24000549316406,226.35000610351562,115693.0,yahoo
JIOFIN,5m,2026-09-25T10:40:00+05:30,226.35000610351562,226.5500030517578,226.22999572753906,226.49000549316406,126021.0,yahoo
JIOFIN,5m,2026-09-25T10:45:00+05:30,226.5,226.5,226.25,226.25,72101.0,yahoo
JIOFIN,5m,2026-09-25T10:50:00+05:30,226.27999877929688,226.44000244140625,226.27999877929688,226.39999389648438,42302.0,yahoo
JIOFIN,5m,2026-09-25T10:55:00+05:30,226.39999389648438,226.64999389648438,226.3699951171875,226.60000610351562,91494.0,yahoo
JIOFIN,5m,2026-09-25T11:00:00+05:30,226.6300048828125,227.1999969482422,226.60000610351562,226.97000122070312,79640.0,yahoo
JIOFIN,5m,2026-09-25T11:05:00+05:30,227.0,227.1199951171875,226.89999389648438,226.97999572753906,58203.0,yahoo
JIOFIN,5m,2026-09-25T11:10:00+05:30,227.0,227.10000610351562,226.91000366210938,227.0,38513.0,yahoo
JIOFIN,5m,2026-09-25T11:15:00+05:30,227.0,227.0399932861328,226.82000732421875,226.8699951171875,33844.0,yahoo
JIOFIN,5m,2026-09-25T11:20:00+05:30,226.8699951171875,227.08999633789062,226.80999755859375,226.8300018310547,77201.0,yahoo
JIOFIN,5m,2026-09-25T11:25:00+05:30,226.82000732421875,226.91000366210938,226.7100067138672,226.8800048828125,38447.0,yahoo
JIOFIN,5m,2026-09-25T11:30:00+05:30,226.88999938964844,226.9199981689453,226.8000030517578,226.8699951171875,31784.0,yahoo
JIOFIN,5m,2026-09-25T11:35:00+05:30,226.91000366210938,226.9499969482422,226.8000030517578,226.92999267578125,33987.0,yahoo
JIOFIN,5m,2026-09-25T11:40:00+05:30,226.9499969482422,227.0,226.6300048828125,226.6300048828125,72986.0,yahoo
JIOFIN,5m,2026-09-25T11:45:00+05:30,226.60000610351562,226.83999633789062,226.58999633789062,226.7100067138672,41713.0,yahoo
JIOFIN,5m,2026-09-25T11:50:00+05:30,226.7100067138672,226.8800048828125,226.64999389648438,226.8800048828125,39567.0,yahoo
JIOFIN,5m,2026-09-25T11:55:00+05:30,226.88999938964844,226.89999389648438,226.7100067138672,226.7100067138672,28660.0,yahoo
JIOFIN,5m,2026-09-25T12:00:00+05:30,226.77000427246094,226.77000427246094,226.60000610351562,226.60000610351562,40323.0,yahoo
JIOFIN,5m,2026-09-25T12:05:00+05:30,226.6199951171875,226.77000427246094,226.60000610351562,226.69000244140625,26783.0,yahoo
JIOFIN,5m,2026-09-25T12:10:00+05:30,226.64999389648438,226.8300018310547,226.64999389648438,226.72999572753906,43046.0,yahoo
JIOFIN,5m,2026-09-25T12:15:00+05:30,226.75999450683594,226.75999450683594,226.64999389648438,226.66000366210938,25369.0,yahoo
JIOFIN,5m,2026-09-25T12:20:00+05:30,226.66000366210938,226.66000366210938,226.52000427246094,226.6300048828125,16730.0,yahoo
JIOFIN,5m,2026-09-25T12:25:00+05:30,226.61000061035156,226.80999755859375,226.61000061035156,226.75,32375.0,yahoo
JIOFIN,5m,2026-09-25T12:30:00+05:30,226.75,226.8800048828125,226.6999969482422,226.6999969482422,41397.0,yahoo
JIOFIN,5m,2026-09-25T12:35:00+05:30,226.6999969482422,226.72999572753906,226.5,226.57000732421875,26122.0,yahoo
JIOFIN,5m,2026-09-25T12:40:00+05:30,226.57000732421875,226.57000732421875,226.39999389648438,226.39999389648438,46448.0,yahoo
JIOFIN,5m,2026-09-25T12:45:00+05:30,226.41000366210938,226.44000244140625,226.25,226.32000732421875,63547.0,yahoo
JIOFIN,5m,2026-09-25T12:50:00+05:30,226.33999633789062,226.3800048828125,226.0800018310547,226.10000610351562,87819.0,yahoo
JIOFIN,5m,2026-09-25T12:55:00+05:30,226.1199951171875,226.16000366210938,225.9499969482422,226.11000061035156,258752.0,yahoo
JIOFIN,5m,2026-09-25T13:00:00+05:30,226.11000061035156,226.25,226.10000610351562,226.11000061035156,24176.0,yahoo
JIOFIN,5m,2026-09-25T13:05:00+05:30,226.1300048828125,226.16000366210938,226.0,226.11000061035156,43796.0,yahoo
JIOFIN,5m,2026-09-25T13:10:00+05:30,226.13999938964844,226.33999633789062,226.1199951171875,226.16000366210938,45081.0,yahoo
JIOFIN,5m,2026-09-25T13:15:00+05:30,226.16000366210938,226.27000427246094,226.11000061035156,226.17999267578125,24809.0,yahoo
JIOFIN,5m,2026-09-25T13:20:00+05:30,226.17999267578125,226.32000732421875,226.14999389648438,226.16000366210938,35474.0,yahoo
JIOFIN,5m,2026-09-25T13:25:00+05:30,226.22000122070312,226.32000732421875,226.16000366210938,226.17999267578125,24599.0,yahoo
JIOFIN,5m,2026-09-25T13:30:00+05:30,226.0399932861328,226.1300048828125,225.60000610351562,225.67999267578125,162985.0,yahoo
JIOFIN,5m,2026-09-25T13:35:00+05:30,225.6699981689453,226.08999633789062,225.4499969482422,226.00999450683594,98656.0,yahoo
JIOFIN,5m,2026-09-25T13:40:00+05:30,226.00999450683594,226.1999969482422,226.00999450683594,226.10000610351562,59929.0,yahoo
JIOFIN,5m,2026-09-25T13:45:00+05:30,226.10000610351562,226.39999389648438,226.10000610351562,226.27000427246094,39954.0,yahoo
JIOFIN,5m,2026-09-25T13:50:00+05:30,226.3000030517578,226.39999389648438,226.14999389648438,226.3800048828125,22239.0,yahoo
JIOFIN,5m,2026-09-25T13:55:00+05:30,226.38999938964844,226.5500030517578,226.3300018310547,226.4499969482422,35468.0,yahoo
JIOFIN,5m,2026-09-25T14:00:00+05:30,226.4600067138672,227.74000549316406,226.4600067138672,227.4600067138672,245998.0,yahoo
JIOFIN,5m,2026-09-25T14:05:00+05:30,227.47999572753906,227.5,226.9199981689453,226.9600067138672,224121.0,yahoo
JIOFIN,5m,2026-09-25T14:10:00+05:30,226.85000610351562,227.1300048828125,226.85000610351562,227.00999450683594,59281.0,yahoo
JIOFIN,5m,2026-09-25T14:15:00+05:30,227.02000427246094,227.14999389648438,226.9499969482422,227.0800018310547,107012.0,yahoo
JIOFIN,5m,2026-09-25T14:20:00+05:30,227.0399932861328,227.0500030517578,226.74000549316406,226.77000427246094,66627.0,yahoo
JIOFIN,5m,2026-09-25T14:25:00+05:30,226.82000732421875,227.05999755859375,226.82000732421875,226.99000549316406,62659.0,yahoo
JIOFIN,5m,2026-09-25T14:30:00+05:30,226.9600067138672,227.14999389648438,226.9600067138672,227.11000061035156,198741.0,yahoo
JIOFIN,5m,2026-09-25T14:35:00+05:30,227.14999389648438,227.25,226.97000122070312,227.25,100813.0,yahoo
JIOFIN,5m,2026-09-25T14:40:00+05:30,227.1999969482422,227.2100067138672,226.9600067138672,227.0,74066.0,yahoo
JIOFIN,5m,2026-09-25T14:45:00+05:30,227.0,227.1300048828125,226.9600067138672,226.9600067138672,90631.0,yahoo
JIOFIN,5m,2026-09-25T14:50:00+05:30,226.89999389648438,226.9600067138672,226.80999755859375,226.85000610351562,91224.0,yahoo
JIOFIN,5m,2026-09-25T14:55:00+05:30,226.9199981689453,226.9199981689453,226.74000549316406,226.74000549316406,87630.0,yahoo
JIOFIN,5m,2026-09-25T15:00:00+05:30,226.75,226.86000061035156,226.57000732421875,226.8000030517578,136618.0,yahoo
JIOFIN,5m,2026-09-25T15:05:00+05:30,226.80999755859375,226.83999633789062,226.63999938964844,226.63999938964844,157321.0,yahoo
JIOFIN,5m,2026-09-25T15:10:00+05:30,226.5800018310547,226.94000244140625,226.5800018310547,226.8800048828125,366982.0,yahoo
JIOFIN,5m,2026-09-25T15:15:00+05:30,226.8800048828125,227.0,226.8800048828125,227.0,112570.0,yahoo
JSWENERGY,5m,2026-09-25T09:15:00+05:30,509.54998779296875,510.95001220703125,507.79998779296875,507.79998779296875,0.0,yahoo
JSWENERGY,5m,2026-09-25T09:20:00+05:30,507.1000061035156,508.5,506.8500061035156,508.1499938964844,33547.0,yahoo
JSWENERGY,5m,2026-09-25T09:25:00+05:30,508.1499938964844,509.20001220703125,507.6000061035156,509.04998779296875,17180.0,yahoo
JSWENERGY,5m,2026-09-25T09:30:00+05:30,509.29998779296875,510.45001220703125,508.95001220703125,509.3500061035156,11745.0,yahoo
JSWENERGY,5m,2026-09-25T09:35:00+05:30,509.3500061035156,509.5,507.70001220703125,508.5,7914.0,yahoo
JSWENERGY,5m,2026-09-25T09:40:00+05:30,508.6499938964844,508.6499938964844,507.1000061035156,507.1000061035156,9133.0,yahoo
JSWENERGY,5m,2026-09-25T09:45:00+05:30,507.20001220703125,507.95001220703125,507.20001220703125,507.25,3699.0,yahoo
JSWENERGY,5m,2026-09-25T09:50:00+05:30,507.04998779296875,507.25,506.1499938964844,507.1499938964844,12496.0,yahoo
JSWENERGY,5m,2026-09-25T09:55:00+05:30,507.1499938964844,508.04998779296875,507.04998779296875,507.79998779296875,4120.0,yahoo
JSWENERGY,5m,2026-09-25T10:00:00+05:30,507.79998779296875,509.95001220703125,507.6000061035156,509.95001220703125,8140.0,yahoo
JSWENERGY,5m,2026-09-25T10:05:00+05:30,509.6499938964844,510.0,509.20001220703125,509.75,13682.0,yahoo
JSWENERGY,5m,2026-09-25T10:10:00+05:30,509.75,512.3499755859375,509.54998779296875,512.0,22764.0,yahoo
JSWENERGY,5m,2026-09-25T10:15:00+05:30,512.1500244140625,512.5,511.54998779296875,511.6000061035156,13207.0,yahoo
JSWENERGY,5m,2026-09-25T10:20:00+05:30,511.79998779296875,512.0,510.95001220703125,510.95001220703125,11756.0,yahoo
JSWENERGY,5m,2026-09-25T10:25:00+05:30,510.79998779296875,511.95001220703125,510.3500061035156,510.5,13365.0,yahoo
JSWENERGY,5m,2026-09-25T10:30:00+05:30,510.3999938964844,511.45001220703125,509.0,510.04998779296875,32521.0,yahoo
JSWENERGY,5m,2026-09-25T10:35:00+05:30,509.8999938964844,511.25,508.75,508.8999938964844,201187.0,yahoo
JSWENERGY,5m,2026-09-25T10:40:00+05:30,509.04998779296875,509.3500061035156,508.3999938964844,508.79998779296875,12001.0,yahoo
JSWENERGY,5m,2026-09-25T10:45:00+05:30,508.79998779296875,509.75,508.6000061035156,509.3999938964844,9620.0,yahoo
JSWENERGY,5m,2026-09-25T10:50:00+05:30,509.25,509.3999938964844,508.6000061035156,509.3999938964844,17165.0,yahoo
JSWENERGY,5m,2026-09-25T10:55:00+05:30,509.45001220703125,509.75,508.8999938964844,509.3500061035156,8196.0,yahoo
JSWENERGY,5m,2026-09-25T11:00:00+05:30,509.3500061035156,509.75,508.79998779296875,509.75,1533.0,yahoo
JSWENERGY,5m,2026-09-25T11:05:00+05:30,509.6499938964844,510.0,509.3500061035156,509.6499938964844,2560.0,yahoo
JSWENERGY,5m,2026-09-25T11:10:00+05:30,509.5,509.6499938964844,508.79998779296875,509.25,2872.0,yahoo
JSWENERGY,5m,2026-09-25T11:15:00+05:30,509.25,509.25,507.6000061035156,507.79998779296875,11825.0,yahoo
JSWENERGY,5m,2026-09-25T11:20:00+05:30,507.79998779296875,508.6499938964844,507.70001220703125,507.8999938964844,18118.0,yahoo
JSWENERGY,5m,2026-09-25T11:25:00+05:30,507.8999938964844,508.0,507.45001220703125,507.5,10928.0,yahoo
JSWENERGY,5m,2026-09-25T11:30:00+05:30,507.6499938964844,508.04998779296875,507.29998779296875,507.70001220703125,14319.0,yahoo
JSWENERGY,5m,2026-09-25T11:35:00+05:30,507.6000061035156,507.75,506.25,507.0,159451.0,yahoo
JSWENERGY,5m,2026-09-25T11:40:00+05:30,507.0,507.3999938964844,505.45001220703125,506.1499938964844,240235.0,yahoo
JSWENERGY,5m,2026-09-25T11:45:00+05:30,506.20001220703125,506.95001220703125,506.0,506.70001220703125,27201.0,yahoo
JSWENERGY,5m,2026-09-25T11:50:00+05:30,506.8500061035156,507.04998779296875,505.6000061035156,505.8500061035156,17830.0,yahoo
JSWENERGY,5m,2026-09-25T11:55:00+05:30,506.25,506.3999938964844,506.20001220703125,506.20001220703125,9079.0,yahoo
JSWENERGY,5m,2026-09-25T12:00:00+05:30,506.20001220703125,506.6000061035156,505.8999938964844,506.25,9096.0,yahoo
JSWENERGY,5m,2026-09-25T12:05:00+05:30,506.25,507.0,506.25,506.6000061035156,15031.0,yahoo
JSWENERGY,5m,2026-09-25T12:10:00+05:30,506.6000061035156,507.0,506.5,506.8500061035156,4202.0,yahoo
JSWENERGY,5m,2026-09-25T12:15:00+05:30,506.6499938964844,506.8500061035156,506.25,506.25,19539.0,yahoo
JSWENERGY,5m,2026-09-25T12:20:00+05:30,506.25,506.54998779296875,505.6000061035156,505.8500061035156,4518.0,yahoo
JSWENERGY,5m,2026-09-25T12:25:00+05:30,505.6000061035156,506.3999938964844,505.6000061035156,506.04998779296875,20387.0,yahoo
JSWENERGY,5m,2026-09-25T12:30:00+05:30,506.04998779296875,506.1499938964844,505.8500061035156,505.8500061035156,5637.0,yahoo
JSWENERGY,5m,2026-09-25T12:35:00+05:30,505.6499938964844,505.6499938964844,504.6000061035156,504.70001220703125,13596.0,yahoo
JSWENERGY,5m,2026-09-25T12:40:00+05:30,504.8500061035156,505.0,504.6000061035156,504.75,13773.0,yahoo
JSWENERGY,5m,2026-09-25T12:45:00+05:30,504.75,504.8999938964844,504.3999938964844,504.54998779296875,12650.0,yahoo
JSWENERGY,5m,2026-09-25T12:50:00+05:30,504.54998779296875,504.79998779296875,504.54998779296875,504.54998779296875,9221.0,yahoo
JSWENERGY,5m,2026-09-25T12:55:00+05:30,504.54998779296875,504.6499938964844,504.0,504.5,7478.0,yahoo
JSWENERGY,5m,2026-09-25T13:00:00+05:30,504.70001220703125,504.75,504.20001220703125,504.6000061035156,5025.0,yahoo
JSWENERGY,5m,2026-09-25T13:05:00+05:30,504.3999938964844,504.70001220703125,503.54998779296875,503.54998779296875,40645.0,yahoo
JSWENERGY,5m,2026-09-25T13:10:00+05:30,503.54998779296875,504.95001220703125,503.5,504.54998779296875,31843.0,yahoo
JSWENERGY,5m,2026-09-25T13:15:00+05:30,504.54998779296875,504.79998779296875,504.04998779296875,504.3999938964844,12549.0,yahoo
JSWENERGY,5m,2026-09-25T13:20:00+05:30,504.3999938964844,505.25,504.3500061035156,504.54998779296875,8362.0,yahoo
JSWENERGY,5m,2026-09-25T13:25:00+05:30,504.79998779296875,505.0,504.3999938964844,505.0,13195.0,yahoo
JSWENERGY,5m,2026-09-25T13:30:00+05:30,505.0,506.0,505.0,505.79998779296875,12000.0,yahoo
JSWENERGY,5m,2026-09-25T13:35:00+05:30,506.45001220703125,506.45001220703125,505.1499938964844,505.6000061035156,26120.0,yahoo
JSWENERGY,5m,2026-09-25T13:40:00+05:30,505.6000061035156,506.1499938964844,505.3999938964844,505.8500061035156,8639.0,yahoo
JSWENERGY,5m,2026-09-25T13:45:00+05:30,505.8500061035156,506.25,505.6499938964844,505.95001220703125,10708.0,yahoo
JSWENERGY,5m,2026-09-25T13:50:00+05:30,505.8500061035156,506.45001220703125,505.70001220703125,505.79998779296875,8013.0,yahoo
JSWENERGY,5m,2026-09-25T13:55:00+05:30,505.79998779296875,506.04998779296875,504.8500061035156,505.54998779296875,35202.0,yahoo
JSWENERGY,5m,2026-09-25T14:00:00+05:30,506.0,508.0,505.29998779296875,507.5,64242.0,yahoo
JSWENERGY,5m,2026-09-25T14:05:00+05:30,507.54998779296875,508.1000061035156,507.0,507.1499938964844,50327.0,yahoo
JSWENERGY,5m,2026-09-25T14:10:00+05:30,507.1499938964844,507.6499938964844,506.6000061035156,507.0,35954.0,yahoo
JSWENERGY,5m,2026-09-25T14:15:00+05:30,507.0,507.54998779296875,506.5,506.5,8218.0,yahoo
JSWENERGY,5m,2026-09-25T14:20:00+05:30,506.6499938964844,506.8999938964844,506.5,506.54998779296875,9388.0,yahoo
JSWENERGY,5m,2026-09-25T14:25:00+05:30,506.54998779296875,507.25,506.45001220703125,506.8999938964844,14036.0,yahoo
JSWENERGY,5m,2026-09-25T14:30:00+05:30,507.0,507.04998779296875,506.70001220703125,507.0,9460.0,yahoo
JSWENERGY,5m,2026-09-25T14:35:00+05:30,507.0,507.3999938964844,506.5,507.20001220703125,12198.0,yahoo
JSWENERGY,5m,2026-09-25T14:40:00+05:30,507.29998779296875,507.29998779296875,506.45001220703125,506.70001220703125,18331.0,yahoo
JSWENERGY,5m,2026-09-25T14:45:00+05:30,506.75,507.5,506.5,506.5,15646.0,yahoo
JSWENERGY,5m,2026-09-25T14:50:00+05:30,506.5,506.6499938964844,506.04998779296875,506.54998779296875,37695.0,yahoo
JSWENERGY,5m,2026-09-25T14:55:00+05:30,506.6000061035156,506.70001220703125,505.95001220703125,505.95001220703125,38267.0,yahoo
JSWENERGY,5m,2026-09-25T15:00:00+05:30,506.04998779296875,506.25,505.70001220703125,506.04998779296875,42729.0,yahoo
JSWENERGY,5m,2026-09-25T15:05:00+05:30,506.1000061035156,508.04998779296875,506.04998779296875,506.20001220703125,90534.0,yahoo
JSWENERGY,5m,2026-09-25T15:10:00+05:30,506.25,507.8999938964844,506.04998779296875,507.1499938964844,88105.0,yahoo
JSWENERGY,5m,2026-09-25T15:15:00+05:30,507.20001220703125,507.20001220703125,506.54998779296875,506.54998779296875,20846.0,yahoo
JSWSTEEL,5m,2026-09-25T09:15:00+05:30,1279.0999755859375,1281.4000244140625,1278.800048828125,1280.5,0.0,yahoo
JSWSTEEL,5m,2026-09-25T09:20:00+05:30,1279.5999755859375,1281.4000244140625,1278.9000244140625,1281.4000244140625,8441.0,yahoo
JSWSTEEL,5m,2026-09-25T09:25:00+05:30,1281.5,1281.5,1279.0999755859375,1281.300048828125,6962.0,yahoo
JSWSTEEL,5m,2026-09-25T09:30:00+05:30,1281.0,1286.0999755859375,1280.800048828125,1286.0999755859375,17370.0,yahoo
JSWSTEEL,5m,2026-09-25T09:35:00+05:30,1285.800048828125,1286.5,1283.5,1285.0,15380.0,yahoo
JSWSTEEL,5m,2026-09-25T09:40:00+05:30,1285.5999755859375,1285.5999755859375,1280.5999755859375,1281.0,5810.0,yahoo
JSWSTEEL,5m,2026-09-25T09:45:00+05:30,1281.0,1282.199951171875,1279.9000244140625,1281.199951171875,4408.0,yahoo
JSWSTEEL,5m,2026-09-25T09:50:00+05:30,1281.199951171875,1282.699951171875,1281.0999755859375,1282.699951171875,5999.0,yahoo
JSWSTEEL,5m,2026-09-25T09:55:00+05:30,1282.5999755859375,1285.199951171875,1282.5999755859375,1283.5999755859375,6482.0,yahoo
JSWSTEEL,5m,2026-09-25T10:00:00+05:30,1283.4000244140625,1285.0,1283.4000244140625,1284.9000244140625,3502.0,yahoo
JSWSTEEL,5m,2026-09-25T10:05:00+05:30,1286.0999755859375,1286.0999755859375,1283.5,1285.0,4583.0,yahoo
JSWSTEEL,5m,2026-09-25T10:10:00+05:30,1285.0,1288.5,1285.0,1287.9000244140625,10088.0,yahoo
JSWSTEEL,5m,2026-09-25T10:15:00+05:30,1287.699951171875,1287.699951171875,1284.0999755859375,1284.0999755859375,4207.0,yahoo
JSWSTEEL,5m,2026-09-25T10:20:00+05:30,1284.5999755859375,1284.5999755859375,1283.4000244140625,1283.4000244140625,2181.0,yahoo
JSWSTEEL,5m,2026-09-25T10:25:00+05:30,1283.0,1283.0999755859375,1281.9000244140625,1282.5,4744.0,yahoo
JSWSTEEL,5m,2026-09-25T10:30:00+05:30,1282.199951171875,1282.5999755859375,1281.300048828125,1281.4000244140625,2677.0,yahoo
JSWSTEEL,5m,2026-09-25T10:35:00+05:30,1281.0,1281.699951171875,1280.0,1280.5999755859375,6055.0,yahoo
JSWSTEEL,5m,2026-09-25T10:40:00+05:30,1280.5999755859375,1280.5999755859375,1273.800048828125,1274.0,79614.0,yahoo
JSWSTEEL,5m,2026-09-25T10:45:00+05:30,1273.699951171875,1275.5999755859375,1272.0,1273.0999755859375,152732.0,yahoo
JSWSTEEL,5m,2026-09-25T10:50:00+05:30,1272.9000244140625,1275.300048828125,1272.5999755859375,1275.0999755859375,4800.0,yahoo
JSWSTEEL,5m,2026-09-25T10:55:00+05:30,1274.9000244140625,1276.4000244140625,1273.5,1273.5,54009.0,yahoo
JSWSTEEL,5m,2026-09-25T11:00:00+05:30,1273.5,1275.300048828125,1273.0999755859375,1274.0,76593.0,yahoo
JSWSTEEL,5m,2026-09-25T11:05:00+05:30,1273.800048828125,1273.800048828125,1272.0,1272.300048828125,2742.0,yahoo
JSWSTEEL,5m,2026-09-25T11:10:00+05:30,1272.300048828125,1275.4000244140625,1272.300048828125,1275.4000244140625,5187.0,yahoo
JSWSTEEL,5m,2026-09-25T11:15:00+05:30,1274.800048828125,1276.5,1274.4000244140625,1274.699951171875,5169.0,yahoo
JSWSTEEL,5m,2026-09-25T11:20:00+05:30,1274.199951171875,1275.300048828125,1273.5,1274.0,3699.0,yahoo
JSWSTEEL,5m,2026-09-25T11:25:00+05:30,1274.0999755859375,1274.0999755859375,1272.0,1272.800048828125,4198.0,yahoo
JSWSTEEL,5m,2026-09-25T11:30:00+05:30,1272.9000244140625,1274.300048828125,1272.9000244140625,1273.9000244140625,3090.0,yahoo
JSWSTEEL,5m,2026-09-25T11:35:00+05:30,1273.9000244140625,1274.0,1272.4000244140625,1272.699951171875,7029.0,yahoo
JSWSTEEL,5m,2026-09-25T11:40:00+05:30,1272.699951171875,1273.199951171875,1272.5999755859375,1273.199951171875,2381.0,yahoo
JSWSTEEL,5m,2026-09-25T11:45:00+05:30,1272.800048828125,1274.0,1272.699951171875,1274.0,29523.0,yahoo
JSWSTEEL,5m,2026-09-25T11:50:00+05:30,1273.699951171875,1276.0999755859375,1273.699951171875,1275.199951171875,28034.0,yahoo
JSWSTEEL,5m,2026-09-25T11:55:00+05:30,1275.199951171875,1275.699951171875,1272.800048828125,1272.800048828125,2749.0,yahoo
JSWSTEEL,5m,2026-09-25T12:00:00+05:30,1272.800048828125,1273.0,1271.699951171875,1272.199951171875,4045.0,yahoo
JSWSTEEL,5m,2026-09-25T12:05:00+05:30,1272.300048828125,1273.699951171875,1272.300048828125,1273.0999755859375,5253.0,yahoo
JSWSTEEL,5m,2026-09-25T12:10:00+05:30,1272.699951171875,1274.0,1272.699951171875,1274.0,5078.0,yahoo
JSWSTEEL,5m,2026-09-25T12:15:00+05:30,1274.0,1274.0,1273.5,1273.9000244140625,1835.0,yahoo
JSWSTEEL,5m,2026-09-25T12:20:00+05:30,1273.9000244140625,1274.0,1272.199951171875,1273.0999755859375,2626.0,yahoo
JSWSTEEL,5m,2026-09-25T12:25:00+05:30,1273.5,1273.800048828125,1273.199951171875,1273.800048828125,1933.0,yahoo
JSWSTEEL,5m,2026-09-25T12:30:00+05:30,1273.5999755859375,1274.0,1273.5,1274.0,7524.0,yahoo
JSWSTEEL,5m,2026-09-25T12:35:00+05:30,1274.0,1274.0,1272.699951171875,1274.0,2367.0,yahoo
JSWSTEEL,5m,2026-09-25T12:40:00+05:30,1273.5,1274.0,1271.699951171875,1272.0,9305.0,yahoo
JSWSTEEL,5m,2026-09-25T12:45:00+05:30,1272.0,1272.5999755859375,1271.9000244140625,1272.300048828125,2211.0,yahoo
JSWSTEEL,5m,2026-09-25T12:50:00+05:30,1271.800048828125,1272.300048828125,1270.4000244140625,1270.699951171875,5653.0,yahoo
JSWSTEEL,5m,2026-09-25T12:55:00+05:30,1271.0,1271.0,1268.800048828125,1270.5,13650.0,yahoo
JSWSTEEL,5m,2026-09-25T13:00:00+05:30,1270.199951171875,1271.300048828125,1270.199951171875,1270.300048828125,2062.0,yahoo
JSWSTEEL,5m,2026-09-25T13:05:00+05:30,1270.300048828125,1270.5,1269.4000244140625,1269.699951171875,5003.0,yahoo
JSWSTEEL,5m,2026-09-25T13:10:00+05:30,1269.699951171875,1271.4000244140625,1269.199951171875,1270.300048828125,3898.0,yahoo
JSWSTEEL,5m,2026-09-25T13:15:00+05:30,1270.0,1270.800048828125,1269.699951171875,1269.800048828125,2012.0,yahoo
JSWSTEEL,5m,2026-09-25T13:20:00+05:30,1269.699951171875,1270.9000244140625,1269.4000244140625,1270.0999755859375,2504.0,yahoo
JSWSTEEL,5m,2026-09-25T13:25:00+05:30,1270.0999755859375,1270.5,1267.5,1267.5,9775.0,yahoo
JSWSTEEL,5m,2026-09-25T13:30:00+05:30,1268.0,1269.0999755859375,1267.9000244140625,1268.5999755859375,2107.0,yahoo
JSWSTEEL,5m,2026-09-25T13:35:00+05:30,1268.800048828125,1270.199951171875,1268.0999755859375,1269.9000244140625,2983.0,yahoo
JSWSTEEL,5m,2026-09-25T13:40:00+05:30,1269.5,1270.0,1269.4000244140625,1269.800048828125,659.0,yahoo
JSWSTEEL,5m,2026-09-25T13:45:00+05:30,1269.800048828125,1270.4000244140625,1269.5,1270.4000244140625,1017.0,yahoo
JSWSTEEL,5m,2026-09-25T13:50:00+05:30,1270.0999755859375,1270.4000244140625,1267.5999755859375,1267.5999755859375,6767.0,yahoo
JSWSTEEL,5m,2026-09-25T13:55:00+05:30,1267.300048828125,1268.800048828125,1266.4000244140625,1267.5999755859375,2836.0,yahoo
JSWSTEEL,5m,2026-09-25T14:00:00+05:30,1267.5999755859375,1276.0999755859375,1266.4000244140625,1274.0,33200.0,yahoo
JSWSTEEL,5m,2026-09-25T14:05:00+05:30,1273.699951171875,1276.300048828125,1273.699951171875,1274.9000244140625,25312.0,yahoo
JSWSTEEL,5m,2026-09-25T14:10:00+05:30,1274.5999755859375,1275.4000244140625,1272.300048828125,1272.300048828125,9851.0,yahoo
JSWSTEEL,5m,2026-09-25T14:15:00+05:30,1272.800048828125,1274.0,1272.800048828125,1273.5,16678.0,yahoo
JSWSTEEL,5m,2026-09-25T14:20:00+05:30,1273.5,1273.5999755859375,1270.4000244140625,1271.0999755859375,12707.0,yahoo
JSWSTEEL,5m,2026-09-25T14:25:00+05:30,1270.699951171875,1272.4000244140625,1270.699951171875,1271.9000244140625,7281.0,yahoo
JSWSTEEL,5m,2026-09-25T14:30:00+05:30,1271.5999755859375,1272.4000244140625,1271.5,1271.9000244140625,6089.0,yahoo
JSWSTEEL,5m,2026-09-25T14:35:00+05:30,1271.5999755859375,1274.5,1271.5999755859375,1274.5,35772.0,yahoo
JSWSTEEL,5m,2026-09-25T14:40:00+05:30,1275.0999755859375,1275.4000244140625,1273.5,1274.0,16872.0,yahoo
JSWSTEEL,5m,2026-09-25T14:45:00+05:30,1275.0,1275.9000244140625,1273.9000244140625,1273.9000244140625,37104.0,yahoo
JSWSTEEL,5m,2026-09-25T14:50:00+05:30,1274.199951171875,1274.199951171875,1273.0999755859375,1273.800048828125,13045.0,yahoo
JSWSTEEL,5m,2026-09-25T14:55:00+05:30,1273.800048828125,1274.0,1273.0999755859375,1273.5999755859375,21697.0,yahoo
JSWSTEEL,5m,2026-09-25T15:00:00+05:30,1273.300048828125,1273.800048828125,1271.699951171875,1273.0999755859375,26275.0,yahoo
JSWSTEEL,5m,2026-09-25T15:05:00+05:30,1273.300048828125,1273.9000244140625,1272.0999755859375,1272.800048828125,15424.0,yahoo
JSWSTEEL,5m,2026-09-25T15:10:00+05:30,1272.699951171875,1274.0,1271.0,1271.0,44984.0,yahoo
JSWSTEEL,5m,2026-09-25T15:15:00+05:30,1270.5999755859375,1277.0,1270.5999755859375,1277.0,20290.0,yahoo
KOTAKBANK,5m,2026-09-25T09:15:00+05:30,406.8999938964844,406.8999938964844,405.0,405.0,0.0,yahoo
KOTAKBANK,5m,2026-09-25T09:20:00+05:30,404.95001220703125,405.54998779296875,404.70001220703125,405.5,166144.0,yahoo
KOTAKBANK,5m,2026-09-25T09:25:00+05:30,405.5,406.75,405.5,406.29998779296875,674404.0,yahoo
KOTAKBANK,5m,2026-09-25T09:30:00+05:30,406.3500061035156,406.6000061035156,405.6499938964844,405.70001220703125,272293.0,yahoo
KOTAKBANK,5m,2026-09-25T09:35:00+05:30,405.70001220703125,406.0,404.95001220703125,404.95001220703125,175506.0,yahoo
KOTAKBANK,5m,2026-09-25T09:40:00+05:30,404.95001220703125,405.0,404.75,404.95001220703125,381796.0,yahoo
KOTAKBANK,5m,2026-09-25T09:45:00+05:30,404.95001220703125,405.0,404.75,404.79998779296875,323204.0,yahoo
KOTAKBANK,5m,2026-09-25T09:50:00+05:30,404.79998779296875,405.0,404.1000061035156,404.70001220703125,98909.0,yahoo
KOTAKBANK,5m,2026-09-25T09:55:00+05:30,404.75,404.8999938964844,404.45001220703125,404.6000061035156,77595.0,yahoo
KOTAKBANK,5m,2026-09-25T10:00:00+05:30,404.5,405.0,404.3500061035156,404.95001220703125,71912.0,yahoo
KOTAKBANK,5m,2026-09-25T10:05:00+05:30,404.95001220703125,405.75,404.95001220703125,405.1499938964844,270741.0,yahoo
KOTAKBANK,5m,2026-09-25T10:10:00+05:30,405.1499938964844,405.8500061035156,405.1499938964844,405.6000061035156,470173.0,yahoo
KOTAKBANK,5m,2026-09-25T10:15:00+05:30,405.6000061035156,406.20001220703125,405.5,405.75,105581.0,yahoo
KOTAKBANK,5m,2026-09-25T10:20:00+05:30,405.75,405.79998779296875,405.0,405.04998779296875,72881.0,yahoo
KOTAKBANK,5m,2026-09-25T10:25:00+05:30,405.0,405.45001220703125,405.0,405.45001220703125,62209.0,yahoo
KOTAKBANK,5m,2026-09-25T10:30:00+05:30,405.45001220703125,405.75,404.8999938964844,405.5,605803.0,yahoo
KOTAKBANK,5m,2026-09-25T10:35:00+05:30,405.5,405.5,404.5,404.5,443171.0,yahoo
KOTAKBANK,5m,2026-09-25T10:40:00+05:30,404.70001220703125,405.54998779296875,404.45001220703125,405.29998779296875,138203.0,yahoo
KOTAKBANK,5m,2026-09-25T10:45:00+05:30,405.29998779296875,405.3999938964844,404.95001220703125,405.3999938964844,57767.0,yahoo
KOTAKBANK,5m,2026-09-25T10:50:00+05:30,405.1499938964844,405.5,405.1499938964844,405.3500061035156,93804.0,yahoo
KOTAKBANK,5m,2026-09-25T10:55:00+05:30,405.3500061035156,405.8500061035156,405.25,405.5,106825.0,yahoo
KOTAKBANK,5m,2026-09-25T11:00:00+05:30,405.5,406.1000061035156,405.3999938964844,405.8999938964844,136162.0,yahoo
KOTAKBANK,5m,2026-09-25T11:05:00+05:30,405.8999938964844,406.3999938964844,405.79998779296875,406.0,125354.0,yahoo
KOTAKBANK,5m,2026-09-25T11:10:00+05:30,405.95001220703125,406.3500061035156,405.45001220703125,405.79998779296875,183031.0,yahoo
KOTAKBANK,5m,2026-09-25T11:15:00+05:30,405.79998779296875,406.1499938964844,405.6000061035156,406.0,224562.0,yahoo
KOTAKBANK,5m,2026-09-25T11:20:00+05:30,406.04998779296875,407.95001220703125,406.04998779296875,406.95001220703125,624481.0,yahoo
KOTAKBANK,5m,2026-09-25T11:25:00+05:30,406.95001220703125,407.04998779296875,405.8999938964844,405.95001220703125,250403.0,yahoo
KOTAKBANK,5m,2026-09-25T11:30:00+05:30,406.0,406.20001220703125,405.5,405.79998779296875,391433.0,yahoo
KOTAKBANK,5m,2026-09-25T11:35:00+05:30,405.75,406.1499938964844,405.3500061035156,406.1000061035156,212525.0,yahoo
KOTAKBANK,5m,2026-09-25T11:40:00+05:30,406.1000061035156,406.45001220703125,405.95001220703125,406.04998779296875,124252.0,yahoo
KOTAKBANK,5m,2026-09-25T11:45:00+05:30,406.1000061035156,406.25,405.6499938964844,405.6499938964844,183321.0,yahoo
KOTAKBANK,5m,2026-09-25T11:50:00+05:30,405.70001220703125,405.70001220703125,405.25,405.5,250340.0,yahoo
KOTAKBANK,5m,2026-09-25T11:55:00+05:30,405.45001220703125,405.5,405.25,405.45001220703125,162820.0,yahoo
KOTAKBANK,5m,2026-09-25T12:00:00+05:30,405.29998779296875,405.45001220703125,404.3500061035156,404.6499938964844,127611.0,yahoo
KOTAKBANK,5m,2026-09-25T12:05:00+05:30,404.6000061035156,404.79998779296875,404.25,404.75,138595.0,yahoo
KOTAKBANK,5m,2026-09-25T12:10:00+05:30,405.0,405.1499938964844,404.5,404.6000061035156,140386.0,yahoo
KOTAKBANK,5m,2026-09-25T12:15:00+05:30,404.6000061035156,404.95001220703125,404.6000061035156,404.70001220703125,117490.0,yahoo
KOTAKBANK,5m,2026-09-25T12:20:00+05:30,404.70001220703125,404.70001220703125,404.20001220703125,404.29998779296875,100628.0,yahoo
KOTAKBANK,5m,2026-09-25T12:25:00+05:30,404.29998779296875,404.3999938964844,404.0,404.20001220703125,132850.0,yahoo
KOTAKBANK,5m,2026-09-25T12:30:00+05:30,404.20001220703125,404.54998779296875,403.45001220703125,403.45001220703125,110957.0,yahoo
KOTAKBANK,5m,2026-09-25T12:35:00+05:30,403.3500061035156,403.5,403.04998779296875,403.20001220703125,144859.0,yahoo
KOTAKBANK,5m,2026-09-25T12:40:00+05:30,403.3999938964844,403.3999938964844,402.04998779296875,402.45001220703125,403436.0,yahoo
KOTAKBANK,5m,2026-09-25T12:45:00+05:30,402.5,402.5,402.20001220703125,402.25,274225.0,yahoo
KOTAKBANK,5m,2026-09-25T12:50:00+05:30,402.20001220703125,402.20001220703125,400.75,400.95001220703125,675301.0,yahoo
KOTAKBANK,5m,2026-09-25T12:55:00+05:30,401.0,401.0,399.45001220703125,400.5,1520340.0,yahoo
KOTAKBANK,5m,2026-09-25T13:00:00+05:30,400.70001220703125,400.95001220703125,400.3500061035156,400.75,347096.0,yahoo
KOTAKBANK,5m,2026-09-25T13:05:00+05:30,400.79998779296875,400.8999938964844,400.3999938964844,400.75,94650.0,yahoo
KOTAKBANK,5m,2026-09-25T13:10:00+05:30,400.70001220703125,401.25,400.54998779296875,401.20001220703125,376519.0,yahoo
KOTAKBANK,5m,2026-09-25T13:15:00+05:30,401.1499938964844,402.1000061035156,401.1499938964844,402.0,136818.0,yahoo
KOTAKBANK,5m,2026-09-25T13:20:00+05:30,402.04998779296875,402.1000061035156,401.29998779296875,401.5,181526.0,yahoo
KOTAKBANK,5m,2026-09-25T13:25:00+05:30,401.54998779296875,402.0,401.29998779296875,401.75,113108.0,yahoo
KOTAKBANK,5m,2026-09-25T13:30:00+05:30,401.75,401.8500061035156,401.20001220703125,401.3999938964844,102092.0,yahoo
KOTAKBANK,5m,2026-09-25T13:35:00+05:30,401.3999938964844,402.6000061035156,401.3999938964844,401.79998779296875,81088.0,yahoo
KOTAKBANK,5m,2026-09-25T13:40:00+05:30,401.75,402.3500061035156,401.70001220703125,402.20001220703125,69042.0,yahoo
KOTAKBANK,5m,2026-09-25T13:45:00+05:30,402.25,402.70001220703125,401.54998779296875,401.8500061035156,126006.0,yahoo
KOTAKBANK,5m,2026-09-25T13:50:00+05:30,401.8999938964844,402.04998779296875,401.54998779296875,401.8999938964844,90667.0,yahoo
KOTAKBANK,5m,2026-09-25T13:55:00+05:30,401.79998779296875,402.20001220703125,401.70001220703125,401.8999938964844,280419.0,yahoo
KOTAKBANK,5m,2026-09-25T14:00:00+05:30,402.0,403.0,402.0,402.6499938964844,419884.0,yahoo
KOTAKBANK,5m,2026-09-25T14:05:00+05:30,402.6499938964844,403.0,401.6000061035156,401.79998779296875,229172.0,yahoo
KOTAKBANK,5m,2026-09-25T14:10:00+05:30,401.75,402.6000061035156,401.75,402.04998779296875,210416.0,yahoo
KOTAKBANK,5m,2026-09-25T14:15:00+05:30,401.95001220703125,402.3500061035156,401.75,401.8999938964844,157639.0,yahoo
KOTAKBANK,5m,2026-09-25T14:20:00+05:30,401.8999938964844,402.0,401.20001220703125,401.20001220703125,280209.0,yahoo
KOTAKBANK,5m,2026-09-25T14:25:00+05:30,401.29998779296875,401.5,400.54998779296875,401.0,297685.0,yahoo
KOTAKBANK,5m,2026-09-25T14:30:00+05:30,400.8999938964844,401.1499938964844,400.0,400.6499938964844,201820.0,yahoo
KOTAKBANK,5m,2026-09-25T14:35:00+05:30,400.75,402.1000061035156,400.5,401.8999938964844,184784.0,yahoo
KOTAKBANK,5m,2026-09-25T14:40:00+05:30,401.95001220703125,402.1000061035156,401.6000061035156,402.1000061035156,152700.0,yahoo
KOTAKBANK,5m,2026-09-25T14:45:00+05:30,402.04998779296875,402.25,401.8500061035156,401.8500061035156,289383.0,yahoo
KOTAKBANK,5m,2026-09-25T14:50:00+05:30,401.6499938964844,402.0,401.45001220703125,401.8999938964844,145961.0,yahoo
KOTAKBANK,5m,2026-09-25T14:55:00+05:30,401.8500061035156,402.0,401.75,401.8500061035156,157342.0,yahoo
KOTAKBANK,5m,2026-09-25T15:00:00+05:30,401.8999938964844,402.1499938964844,401.79998779296875,402.0,186784.0,yahoo
KOTAKBANK,5m,2026-09-25T15:05:00+05:30,401.95001220703125,402.0,401.54998779296875,401.8500061035156,263263.0,yahoo
KOTAKBANK,5m,2026-09-25T15:10:00+05:30,401.8500061035156,404.0,401.70001220703125,404.0,1190372.0,yahoo
LT,5m,2026-09-25T09:15:00+05:30,3872.0,3881.800048828125,3860.0,3871.5,0.0,yahoo
LT,5m,2026-09-25T09:20:00+05:30,3871.10009765625,3884.5,3870.300048828125,3879.800048828125,15872.0,yahoo
LT,5m,2026-09-25T09:25:00+05:30,3877.699951171875,3884.10009765625,3876.699951171875,3884.10009765625,7386.0,yahoo
LT,5m,2026-09-25T09:30:00+05:30,3884.0,3887.199951171875,3876.699951171875,3877.0,11897.0,yahoo
LT,5m,2026-09-25T09:35:00+05:30,3874.300048828125,3874.300048828125,3866.5,3868.199951171875,16439.0,yahoo
LT,5m,2026-09-25T09:40:00+05:30,3867.300048828125,3868.60009765625,3863.0,3863.0,22677.0,yahoo
LT,5m,2026-09-25T09:45:00+05:30,3863.300048828125,3865.0,3860.10009765625,3860.60009765625,16157.0,yahoo
LT,5m,2026-09-25T09:50:00+05:30,3860.60009765625,3864.0,3854.699951171875,3855.0,34222.0,yahoo
LT,5m,2026-09-25T09:55:00+05:30,3855.0,3858.300048828125,3852.699951171875,3855.0,61684.0,yahoo
LT,5m,2026-09-25T10:00:00+05:30,3854.89990234375,3861.0,3854.0,3860.0,52866.0,yahoo
LT,5m,2026-09-25T10:05:00+05:30,3859.89990234375,3866.699951171875,3858.699951171875,3865.60009765625,18708.0,yahoo
LT,5m,2026-09-25T10:10:00+05:30,3865.60009765625,3868.199951171875,3864.800048828125,3867.699951171875,9862.0,yahoo
LT,5m,2026-09-25T10:15:00+05:30,3867.300048828125,3867.699951171875,3865.0,3865.0,7096.0,yahoo
LT,5m,2026-09-25T10:20:00+05:30,3865.300048828125,3866.0,3860.5,3861.39990234375,8906.0,yahoo
LT,5m,2026-09-25T10:25:00+05:30,3860.699951171875,3862.0,3858.60009765625,3858.800048828125,7232.0,yahoo
LT,5m,2026-09-25T10:30:00+05:30,3858.800048828125,3859.800048828125,3850.199951171875,3850.199951171875,9219.0,yahoo
LT,5m,2026-09-25T10:35:00+05:30,3851.300048828125,3851.300048828125,3847.300048828125,3848.10009765625,11567.0,yahoo
LT,5m,2026-09-25T10:40:00+05:30,3847.800048828125,3849.300048828125,3844.699951171875,3846.699951171875,13108.0,yahoo
LT,5m,2026-09-25T10:45:00+05:30,3846.60009765625,3847.10009765625,3843.0,3843.0,8998.0,yahoo
LT,5m,2026-09-25T10:50:00+05:30,3842.89990234375,3846.5,3842.89990234375,3844.800048828125,10831.0,yahoo
LT,5m,2026-09-25T10:55:00+05:30,3844.89990234375,3849.800048828125,3844.89990234375,3845.699951171875,11979.0,yahoo
LT,5m,2026-09-25T11:00:00+05:30,3847.39990234375,3854.0,3846.39990234375,3849.800048828125,22724.0,yahoo
LT,5m,2026-09-25T11:05:00+05:30,3849.800048828125,3853.89990234375,3848.300048828125,3851.199951171875,22537.0,yahoo
LT,5m,2026-09-25T11:10:00+05:30,3852.199951171875,3854.5,3848.89990234375,3854.5,13317.0,yahoo
LT,5m,2026-09-25T11:15:00+05:30,3854.39990234375,3855.0,3849.10009765625,3850.5,11141.0,yahoo
LT,5m,2026-09-25T11:20:00+05:30,3850.0,3861.800048828125,3849.0,3857.5,11413.0,yahoo
LT,5m,2026-09-25T11:25:00+05:30,3857.800048828125,3857.800048828125,3852.10009765625,3852.10009765625,8827.0,yahoo
LT,5m,2026-09-25T11:30:00+05:30,3851.5,3856.60009765625,3851.39990234375,3855.60009765625,11256.0,yahoo
LT,5m,2026-09-25T11:35:00+05:30,3854.5,3856.800048828125,3854.5,3854.89990234375,4219.0,yahoo
LT,5m,2026-09-25T11:40:00+05:30,3854.89990234375,3857.699951171875,3854.300048828125,3856.5,7798.0,yahoo
LT,5m,2026-09-25T11:45:00+05:30,3855.699951171875,3857.0,3854.199951171875,3854.199951171875,10517.0,yahoo
LT,5m,2026-09-25T11:50:00+05:30,3855.0,3855.39990234375,3854.39990234375,3854.800048828125,4659.0,yahoo
LT,5m,2026-09-25T11:55:00+05:30,3854.800048828125,3855.0,3850.199951171875,3850.300048828125,5065.0,yahoo
LT,5m,2026-09-25T12:00:00+05:30,3850.60009765625,3851.0,3846.199951171875,3849.300048828125,8346.0,yahoo
LT,5m,2026-09-25T12:05:00+05:30,3849.699951171875,3854.60009765625,3846.300048828125,3854.60009765625,37761.0,yahoo
LT,5m,2026-09-25T12:10:00+05:30,3854.60009765625,3857.60009765625,3853.0,3856.5,14617.0,yahoo
LT,5m,2026-09-25T12:15:00+05:30,3857.60009765625,3860.0,3855.10009765625,3859.5,8665.0,yahoo
LT,5m,2026-09-25T12:20:00+05:30,3859.0,3859.699951171875,3858.5,3859.0,6202.0,yahoo
LT,5m,2026-09-25T12:25:00+05:30,3859.10009765625,3860.89990234375,3857.5,3860.0,13640.0,yahoo
LT,5m,2026-09-25T12:30:00+05:30,3859.89990234375,3860.199951171875,3856.60009765625,3859.199951171875,7751.0,yahoo
LT,5m,2026-09-25T12:35:00+05:30,3858.0,3859.0,3854.5,3857.89990234375,9228.0,yahoo
LT,5m,2026-09-25T12:40:00+05:30,3857.89990234375,3857.89990234375,3854.0,3855.60009765625,10054.0,yahoo
LT,5m,2026-09-25T12:45:00+05:30,3855.60009765625,3857.0,3853.699951171875,3855.0,9818.0,yahoo
LT,5m,2026-09-25T12:50:00+05:30,3854.89990234375,3855.89990234375,3852.199951171875,3855.0,7509.0,yahoo
LT,5m,2026-09-25T12:55:00+05:30,3855.0,3855.0,3848.60009765625,3853.10009765625,9322.0,yahoo
LT,5m,2026-09-25T13:00:00+05:30,3853.39990234375,3854.699951171875,3850.300048828125,3852.800048828125,6657.0,yahoo
LT,5m,2026-09-25T13:05:00+05:30,3853.0,3854.300048828125,3850.5,3853.89990234375,8588.0,yahoo
LT,5m,2026-09-25T13:10:00+05:30,3853.89990234375,3855.800048828125,3850.60009765625,3850.60009765625,31600.0,yahoo
LT,5m,2026-09-25T13:15:00+05:30,3850.300048828125,3851.60009765625,3847.5,3849.10009765625,3938.0,yahoo
LT,5m,2026-09-25T13:20:00+05:30,3848.0,3849.199951171875,3847.199951171875,3847.199951171875,2813.0,yahoo
LT,5m,2026-09-25T13:25:00+05:30,3848.60009765625,3851.300048828125,3848.60009765625,3850.300048828125,4849.0,yahoo
LT,5m,2026-09-25T13:30:00+05:30,3850.10009765625,3852.800048828125,3846.89990234375,3846.89990234375,27202.0,yahoo
LT,5m,2026-09-25T13:35:00+05:30,3846.0,3849.39990234375,3846.0,3848.0,8340.0,yahoo
LT,5m,2026-09-25T13:40:00+05:30,3848.0,3850.0,3847.10009765625,3850.0,10842.0,yahoo
LT,5m,2026-09-25T13:45:00+05:30,3850.0,3850.300048828125,3847.800048828125,3849.800048828125,12260.0,yahoo
LT,5m,2026-09-25T13:50:00+05:30,3850.0,3850.0,3848.0,3848.10009765625,6052.0,yahoo
LT,5m,2026-09-25T13:55:00+05:30,3848.0,3852.0,3845.10009765625,3851.199951171875,21718.0,yahoo
LT,5m,2026-09-25T14:00:00+05:30,3851.199951171875,3874.800048828125,3850.39990234375,3873.60009765625,41292.0,yahoo
LT,5m,2026-09-25T14:05:00+05:30,3873.60009765625,3875.800048828125,3868.0,3869.60009765625,34852.0,yahoo
LT,5m,2026-09-25T14:10:00+05:30,3869.60009765625,3873.699951171875,3867.0,3869.199951171875,18892.0,yahoo
LT,5m,2026-09-25T14:15:00+05:30,3870.10009765625,3873.800048828125,3870.0,3873.199951171875,19199.0,yahoo
LT,5m,2026-09-25T14:20:00+05:30,3873.300048828125,3873.300048828125,3869.5,3870.0,20960.0,yahoo
LT,5m,2026-09-25T14:25:00+05:30,3870.10009765625,3876.300048828125,3870.0,3873.300048828125,18602.0,yahoo
LT,5m,2026-09-25T14:30:00+05:30,3873.300048828125,3875.89990234375,3872.39990234375,3875.10009765625,19582.0,yahoo
LT,5m,2026-09-25T14:35:00+05:30,3875.10009765625,3875.89990234375,3873.300048828125,3873.39990234375,16839.0,yahoo
LT,5m,2026-09-25T14:40:00+05:30,3873.39990234375,3874.800048828125,3868.0,3869.39990234375,29745.0,yahoo
LT,5m,2026-09-25T14:45:00+05:30,3869.39990234375,3870.5,3865.800048828125,3866.0,16302.0,yahoo
LT,5m,2026-09-25T14:50:00+05:30,3866.199951171875,3871.5,3864.699951171875,3871.0,48962.0,yahoo
LT,5m,2026-09-25T14:55:00+05:30,3870.699951171875,3872.5,3869.5,3870.39990234375,18244.0,yahoo
LT,5m,2026-09-25T15:00:00+05:30,3871.0,3871.0,3865.10009765625,3870.5,27525.0,yahoo
LT,5m,2026-09-25T15:05:00+05:30,3871.0,3871.5,3869.300048828125,3869.39990234375,32934.0,yahoo
LT,5m,2026-09-25T15:10:00+05:30,3870.199951171875,3879.0,3870.199951171875,3876.199951171875,69681.0,yahoo
LTF,5m,2026-09-25T09:15:00+05:30,284.3999938964844,284.3999938964844,282.3500061035156,283.6499938964844,0.0,yahoo
LTF,5m,2026-09-25T09:20:00+05:30,283.45001220703125,284.75,283.45001220703125,283.95001220703125,270094.0,yahoo
LTF,5m,2026-09-25T09:25:00+05:30,283.8500061035156,283.8500061035156,282.3500061035156,282.79998779296875,138227.0,yahoo
LTF,5m,2026-09-25T09:30:00+05:30,283.0,283.1499938964844,282.20001220703125,282.20001220703125,120622.0,yahoo
LTF,5m,2026-09-25T09:35:00+05:30,282.20001220703125,282.75,281.5,282.0,135748.0,yahoo
LTF,5m,2026-09-25T09:40:00+05:30,281.95001220703125,282.25,281.6499938964844,281.79998779296875,41959.0,yahoo
LTF,5m,2026-09-25T09:45:00+05:30,282.3500061035156,282.70001220703125,281.95001220703125,281.95001220703125,86407.0,yahoo
LTF,5m,2026-09-25T09:50:00+05:30,281.8500061035156,282.29998779296875,281.6499938964844,281.95001220703125,55220.0,yahoo
LTF,5m,2026-09-25T09:55:00+05:30,281.95001220703125,282.8500061035156,281.75,282.5,66486.0,yahoo
LTF,5m,2026-09-25T10:00:00+05:30,282.45001220703125,283.1000061035156,282.29998779296875,283.04998779296875,60472.0,yahoo
LTF,5m,2026-09-25T10:05:00+05:30,283.0,283.29998779296875,282.79998779296875,283.29998779296875,38156.0,yahoo
LTF,5m,2026-09-25T10:10:00+05:30,283.25,283.45001220703125,283.0,283.1000061035156,33143.0,yahoo
LTF,5m,2026-09-25T10:15:00+05:30,283.1499938964844,283.25,282.1000061035156,282.29998779296875,275625.0,yahoo
LTF,5m,2026-09-25T10:20:00+05:30,282.29998779296875,282.8999938964844,282.29998779296875,282.3999938964844,36917.0,yahoo
LTF,5m,2026-09-25T10:25:00+05:30,282.3500061035156,282.79998779296875,282.1000061035156,282.70001220703125,43696.0,yahoo
LTF,5m,2026-09-25T10:30:00+05:30,282.8500061035156,283.0,282.29998779296875,282.45001220703125,35111.0,yahoo
LTF,5m,2026-09-25T10:35:00+05:30,282.3500061035156,282.6000061035156,282.04998779296875,282.54998779296875,38085.0,yahoo
LTF,5m,2026-09-25T10:40:00+05:30,282.5,282.5,282.20001220703125,282.25,36891.0,yahoo
LTF,5m,2026-09-25T10:45:00+05:30,282.25,282.3500061035156,282.0,282.20001220703125,25016.0,yahoo
LTF,5m,2026-09-25T10:50:00+05:30,282.25,282.70001220703125,282.25,282.54998779296875,64848.0,yahoo
LTF,5m,2026-09-25T10:55:00+05:30,282.54998779296875,283.6499938964844,282.45001220703125,283.29998779296875,85557.0,yahoo
LTF,5m,2026-09-25T11:00:00+05:30,283.29998779296875,283.8999938964844,283.04998779296875,283.8999938964844,43042.0,yahoo
LTF,5m,2026-09-25T11:05:00+05:30,283.8999938964844,284.8500061035156,283.75,284.1000061035156,121551.0,yahoo
LTF,5m,2026-09-25T11:10:00+05:30,284.04998779296875,284.04998779296875,283.54998779296875,283.6000061035156,44651.0,yahoo
LTF,5m,2026-09-25T11:15:00+05:30,283.75,284.29998779296875,283.1499938964844,283.20001220703125,131693.0,yahoo
LTF,5m,2026-09-25T11:20:00+05:30,283.04998779296875,283.20001220703125,281.3500061035156,281.70001220703125,149266.0,yahoo
LTF,5m,2026-09-25T11:25:00+05:30,281.6499938964844,281.70001220703125,280.3999938964844,280.5,224661.0,yahoo
LTF,5m,2026-09-25T11:30:00+05:30,280.5,281.45001220703125,280.04998779296875,281.0,97890.0,yahoo
LTF,5m,2026-09-25T11:35:00+05:30,281.0,281.8500061035156,280.79998779296875,281.70001220703125,108241.0,yahoo
LTF,5m,2026-09-25T11:40:00+05:30,281.70001220703125,281.79998779296875,281.29998779296875,281.6000061035156,41651.0,yahoo
LTF,5m,2026-09-25T11:45:00+05:30,281.75,285.6000061035156,281.6000061035156,284.6000061035156,618088.0,yahoo
LTF,5m,2026-09-25T11:50:00+05:30,284.6000061035156,284.8999938964844,283.1000061035156,283.6000061035156,128836.0,yahoo
LTF,5m,2026-09-25T11:55:00+05:30,283.45001220703125,283.6000061035156,282.70001220703125,282.8500061035156,76250.0,yahoo
LTF,5m,2026-09-25T12:00:00+05:30,282.8500061035156,282.8500061035156,282.25,282.3500061035156,46694.0,yahoo
LTF,5m,2026-09-25T12:05:00+05:30,282.25,282.6499938964844,282.1499938964844,282.6000061035156,37760.0,yahoo
LTF,5m,2026-09-25T12:10:00+05:30,282.45001220703125,282.6000061035156,281.8500061035156,282.04998779296875,51258.0,yahoo
LTF,5m,2026-09-25T12:15:00+05:30,281.8999938964844,282.25,281.6499938964844,281.6499938964844,29606.0,yahoo
LTF,5m,2026-09-25T12:20:00+05:30,281.75,282.04998779296875,281.70001220703125,281.70001220703125,25376.0,yahoo
LTF,5m,2026-09-25T12:25:00+05:30,281.8500061035156,282.1000061035156,281.75,282.0,29467.0,yahoo
LTF,5m,2026-09-25T12:30:00+05:30,282.0,282.75,281.79998779296875,282.29998779296875,48318.0,yahoo
LTF,5m,2026-09-25T12:35:00+05:30,282.29998779296875,282.8500061035156,282.1499938964844,282.3999938964844,34935.0,yahoo
LTF,5m,2026-09-25T12:40:00+05:30,282.45001220703125,282.8500061035156,282.29998779296875,282.54998779296875,18912.0,yahoo
LTF,5m,2026-09-25T12:45:00+05:30,282.54998779296875,282.8999938964844,282.45001220703125,282.75,65126.0,yahoo
LTF,5m,2026-09-25T12:50:00+05:30,282.54998779296875,283.1499938964844,282.5,282.75,32583.0,yahoo
LTF,5m,2026-09-25T12:55:00+05:30,282.54998779296875,283.1499938964844,282.54998779296875,282.95001220703125,27484.0,yahoo
LTF,5m,2026-09-25T13:00:00+05:30,282.79998779296875,282.95001220703125,282.45001220703125,282.45001220703125,24395.0,yahoo
LTF,5m,2026-09-25T13:05:00+05:30,282.45001220703125,282.5,282.20001220703125,282.45001220703125,19227.0,yahoo
LTF,5m,2026-09-25T13:10:00+05:30,282.25,282.3999938964844,282.1000061035156,282.25,7461.0,yahoo
LTF,5m,2026-09-25T13:15:00+05:30,282.20001220703125,282.29998779296875,281.95001220703125,282.1000061035156,22540.0,yahoo
LTF,5m,2026-09-25T13:20:00+05:30,282.29998779296875,282.5,282.04998779296875,282.3999938964844,32732.0,yahoo
LTF,5m,2026-09-25T13:25:00+05:30,282.3999938964844,283.0,282.20001220703125,283.0,29779.0,yahoo
LTF,5m,2026-09-25T13:30:00+05:30,282.79998779296875,282.95001220703125,282.1000061035156,282.29998779296875,33387.0,yahoo
LTF,5m,2026-09-25T13:35:00+05:30,282.1499938964844,282.6000061035156,282.0,282.25,54223.0,yahoo
LTF,5m,2026-09-25T13:40:00+05:30,282.04998779296875,282.25,281.6000061035156,281.79998779296875,35257.0,yahoo
LTF,5m,2026-09-25T13:45:00+05:30,281.79998779296875,281.8999938964844,281.3999938964844,281.5,59214.0,yahoo
LTF,5m,2026-09-25T13:50:00+05:30,281.3999938964844,282.0,281.29998779296875,281.79998779296875,65633.0,yahoo
LTF,5m,2026-09-25T13:55:00+05:30,281.6000061035156,282.29998779296875,281.6000061035156,282.20001220703125,68257.0,yahoo
LTF,5m,2026-09-25T14:00:00+05:30,282.20001220703125,284.5,282.20001220703125,284.29998779296875,173341.0,yahoo
LTF,5m,2026-09-25T14:05:00+05:30,284.29998779296875,284.3500061035156,283.54998779296875,283.8999938964844,94257.0,yahoo
LTF,5m,2026-09-25T14:10:00+05:30,283.8500061035156,284.1000061035156,283.6000061035156,283.79998779296875,47263.0,yahoo
LTF,5m,2026-09-25T14:15:00+05:30,283.79998779296875,284.1000061035156,283.5,283.75,98826.0,yahoo
LTF,5m,2026-09-25T14:20:00+05:30,283.6000061035156,283.8999938964844,283.54998779296875,283.6499938964844,16252.0,yahoo
LTF,5m,2026-09-25T14:25:00+05:30,283.8500061035156,284.1499938964844,283.6499938964844,283.8500061035156,41959.0,yahoo
LTF,5m,2026-09-25T14:30:00+05:30,283.70001220703125,284.1499938964844,283.54998779296875,283.8500061035156,41247.0,yahoo
LTF,5m,2026-09-25T14:35:00+05:30,284.0,284.45001220703125,283.95001220703125,284.29998779296875,81851.0,yahoo
LTF,5m,2026-09-25T14:40:00+05:30,284.25,284.3500061035156,283.8999938964844,284.3500061035156,41479.0,yahoo
LTF,5m,2026-09-25T14:45:00+05:30,284.3500061035156,284.3999938964844,284.1000061035156,284.1499938964844,31174.0,yahoo
LTF,5m,2026-09-25T14:50:00+05:30,284.20001220703125,284.3500061035156,284.0,284.25,45810.0,yahoo
LTF,5m,2026-09-25T14:55:00+05:30,284.25,284.3500061035156,284.1499938964844,284.25,29218.0,yahoo
LTF,5m,2026-09-25T15:00:00+05:30,284.20001220703125,284.25,283.79998779296875,283.8500061035156,100312.0,yahoo
LTF,5m,2026-09-25T15:05:00+05:30,283.95001220703125,284.0,283.3999938964844,283.6499938964844,160970.0,yahoo
LTF,5m,2026-09-25T15:10:00+05:30,283.6000061035156,284.20001220703125,283.54998779296875,283.95001220703125,164105.0,yahoo
LTF,5m,2026-09-25T15:15:00+05:30,284.0,284.0,284.0,284.0,24019.0,yahoo
LUPIN,5m,2026-09-25T09:15:00+05:30,2091.39990234375,2091.39990234375,2083.89990234375,2084.0,0.0,yahoo
LUPIN,5m,2026-09-25T09:20:00+05:30,2083.39990234375,2086.699951171875,2082.5,2086.0,8902.0,yahoo
LUPIN,5m,2026-09-25T09:25:00+05:30,2086.699951171875,2088.39990234375,2085.89990234375,2088.199951171875,12833.0,yahoo
LUPIN,5m,2026-09-25T09:30:00+05:30,2087.699951171875,2094.199951171875,2087.699951171875,2092.300048828125,6313.0,yahoo
LUPIN,5m,2026-09-25T09:35:00+05:30,2092.300048828125,2093.699951171875,2090.699951171875,2092.199951171875,8745.0,yahoo
LUPIN,5m,2026-09-25T09:40:00+05:30,2092.10009765625,2092.300048828125,2087.300048828125,2088.0,3651.0,yahoo
LUPIN,5m,2026-09-25T09:45:00+05:30,2088.10009765625,2089.89990234375,2087.10009765625,2087.800048828125,3779.0,yahoo
LUPIN,5m,2026-09-25T09:50:00+05:30,2087.800048828125,2088.800048828125,2086.0,2087.199951171875,3369.0,yahoo
LUPIN,5m,2026-09-25T09:55:00+05:30,2087.199951171875,2087.800048828125,2086.0,2087.300048828125,5471.0,yahoo
LUPIN,5m,2026-09-25T10:00:00+05:30,2087.5,2089.60009765625,2087.5,2087.5,3524.0,yahoo
LUPIN,5m,2026-09-25T10:05:00+05:30,2087.5,2088.800048828125,2087.5,2088.10009765625,2586.0,yahoo
LUPIN,5m,2026-09-25T10:10:00+05:30,2088.10009765625,2088.10009765625,2084.89990234375,2084.89990234375,4438.0,yahoo
LUPIN,5m,2026-09-25T10:15:00+05:30,2084.39990234375,2084.699951171875,2083.300048828125,2084.699951171875,2753.0,yahoo
LUPIN,5m,2026-09-25T10:20:00+05:30,2084.39990234375,2087.89990234375,2083.0,2086.0,5032.0,yahoo
LUPIN,5m,2026-09-25T10:25:00+05:30,2085.60009765625,2086.199951171875,2082.0,2085.10009765625,31747.0,yahoo
LUPIN,5m,2026-09-25T10:30:00+05:30,2084.89990234375,2085.89990234375,2082.39990234375,2083.0,4076.0,yahoo
LUPIN,5m,2026-09-25T10:35:00+05:30,2082.5,2084.0,2082.39990234375,2082.800048828125,1361.0,yahoo
LUPIN,5m,2026-09-25T10:40:00+05:30,2082.800048828125,2085.199951171875,2082.800048828125,2084.89990234375,3375.0,yahoo
LUPIN,5m,2026-09-25T10:45:00+05:30,2084.89990234375,2085.300048828125,2083.0,2084.699951171875,2715.0,yahoo
LUPIN,5m,2026-09-25T10:50:00+05:30,2084.89990234375,2085.800048828125,2083.5,2084.800048828125,3162.0,yahoo
LUPIN,5m,2026-09-25T10:55:00+05:30,2084.800048828125,2085.0,2083.800048828125,2084.60009765625,1811.0,yahoo
LUPIN,5m,2026-09-25T11:00:00+05:30,2084.199951171875,2085.5,2084.199951171875,2084.89990234375,1874.0,yahoo
LUPIN,5m,2026-09-25T11:05:00+05:30,2084.89990234375,2087.199951171875,2084.39990234375,2085.0,6393.0,yahoo
LUPIN,5m,2026-09-25T11:10:00+05:30,2084.89990234375,2088.199951171875,2084.699951171875,2085.60009765625,2406.0,yahoo
LUPIN,5m,2026-09-25T11:15:00+05:30,2085.60009765625,2086.60009765625,2085.39990234375,2085.5,2043.0,yahoo
LUPIN,5m,2026-09-25T11:20:00+05:30,2085.5,2085.5,2083.0,2083.60009765625,2624.0,yahoo
LUPIN,5m,2026-09-25T11:25:00+05:30,2083.10009765625,2084.10009765625,2081.89990234375,2083.300048828125,20268.0,yahoo
LUPIN,5m,2026-09-25T11:30:00+05:30,2082.800048828125,2087.10009765625,2082.800048828125,2085.60009765625,6140.0,yahoo
LUPIN,5m,2026-09-25T11:35:00+05:30,2085.60009765625,2086.199951171875,2084.699951171875,2085.10009765625,2745.0,yahoo
LUPIN,5m,2026-09-25T11:40:00+05:30,2085.10009765625,2086.10009765625,2084.699951171875,2084.699951171875,3138.0,yahoo
LUPIN,5m,2026-09-25T11:45:00+05:30,2085.0,2086.199951171875,2084.10009765625,2085.699951171875,4173.0,yahoo
LUPIN,5m,2026-09-25T11:50:00+05:30,2085.60009765625,2086.60009765625,2085.199951171875,2085.60009765625,2754.0,yahoo
LUPIN,5m,2026-09-25T11:55:00+05:30,2085.60009765625,2086.199951171875,2084.60009765625,2085.10009765625,4483.0,yahoo
LUPIN,5m,2026-09-25T12:00:00+05:30,2083.60009765625,2084.699951171875,2083.60009765625,2084.699951171875,5499.0,yahoo
LUPIN,5m,2026-09-25T12:05:00+05:30,2084.699951171875,2085.10009765625,2083.0,2083.0,2861.0,yahoo
LUPIN,5m,2026-09-25T12:10:00+05:30,2083.10009765625,2085.5,2083.10009765625,2085.5,2186.0,yahoo
LUPIN,5m,2026-09-25T12:15:00+05:30,2085.39990234375,2086.39990234375,2084.0,2085.60009765625,2282.0,yahoo
LUPIN,5m,2026-09-25T12:20:00+05:30,2085.60009765625,2086.0,2083.0,2084.0,2345.0,yahoo
LUPIN,5m,2026-09-25T12:25:00+05:30,2084.300048828125,2085.39990234375,2083.0,2085.300048828125,5730.0,yahoo
LUPIN,5m,2026-09-25T12:30:00+05:30,2085.199951171875,2086.10009765625,2083.199951171875,2085.699951171875,2891.0,yahoo
LUPIN,5m,2026-09-25T12:35:00+05:30,2085.60009765625,2086.89990234375,2084.699951171875,2084.89990234375,4239.0,yahoo
LUPIN,5m,2026-09-25T12:40:00+05:30,2085.5,2086.10009765625,2084.699951171875,2085.0,2590.0,yahoo
LUPIN,5m,2026-09-25T12:45:00+05:30,2084.89990234375,2085.0,2084.0,2085.0,2113.0,yahoo
LUPIN,5m,2026-09-25T12:50:00+05:30,2085.0,2085.0,2082.800048828125,2083.60009765625,2886.0,yahoo
LUPIN,5m,2026-09-25T12:55:00+05:30,2083.39990234375,2083.39990234375,2082.300048828125,2083.0,7725.0,yahoo
LUPIN,5m,2026-09-25T13:00:00+05:30,2083.0,2084.89990234375,2082.800048828125,2084.89990234375,3241.0,yahoo
LUPIN,5m,2026-09-25T13:05:00+05:30,2084.89990234375,2085.0,2083.39990234375,2083.39990234375,3398.0,yahoo
LUPIN,5m,2026-09-25T13:10:00+05:30,2083.89990234375,2083.89990234375,2082.300048828125,2083.39990234375,6454.0,yahoo
LUPIN,5m,2026-09-25T13:15:00+05:30,2083.39990234375,2083.800048828125,2082.0,2082.699951171875,2063.0,yahoo
LUPIN,5m,2026-09-25T13:20:00+05:30,2083.0,2083.39990234375,2079.0,2082.300048828125,29323.0,yahoo
LUPIN,5m,2026-09-25T13:25:00+05:30,2081.800048828125,2082.300048828125,2080.0,2080.0,1544.0,yahoo
LUPIN,5m,2026-09-25T13:30:00+05:30,2080.5,2081.699951171875,2080.0,2080.300048828125,1681.0,yahoo
LUPIN,5m,2026-09-25T13:35:00+05:30,2080.0,2080.300048828125,2078.0,2079.10009765625,2326.0,yahoo
LUPIN,5m,2026-09-25T13:40:00+05:30,2079.199951171875,2080.199951171875,2078.199951171875,2079.60009765625,1618.0,yahoo
LUPIN,5m,2026-09-25T13:45:00+05:30,2079.300048828125,2082.699951171875,2078.199951171875,2081.0,1719.0,yahoo
LUPIN,5m,2026-09-25T13:50:00+05:30,2080.5,2082.0,2079.300048828125,2079.5,1686.0,yahoo
LUPIN,5m,2026-09-25T13:55:00+05:30,2079.800048828125,2082.199951171875,2079.800048828125,2082.0,2117.0,yahoo
LUPIN,5m,2026-09-25T14:00:00+05:30,2082.0,2088.39990234375,2082.0,2087.0,5089.0,yahoo
LUPIN,5m,2026-09-25T14:05:00+05:30,2087.0,2090.300048828125,2086.699951171875,2087.300048828125,4892.0,yahoo
LUPIN,5m,2026-09-25T14:10:00+05:30,2087.0,2088.60009765625,2085.5,2085.800048828125,4827.0,yahoo
LUPIN,5m,2026-09-25T14:15:00+05:30,2085.89990234375,2087.199951171875,2085.89990234375,2086.10009765625,6660.0,yahoo
LUPIN,5m,2026-09-25T14:20:00+05:30,2086.60009765625,2087.199951171875,2085.5,2086.199951171875,5886.0,yahoo
LUPIN,5m,2026-09-25T14:25:00+05:30,2086.10009765625,2089.199951171875,2085.5,2085.699951171875,5106.0,yahoo
LUPIN,5m,2026-09-25T14:30:00+05:30,2085.60009765625,2088.60009765625,2085.60009765625,2086.89990234375,4476.0,yahoo
LUPIN,5m,2026-09-25T14:35:00+05:30,2086.699951171875,2089.0,2085.5,2087.10009765625,4490.0,yahoo
LUPIN,5m,2026-09-25T14:40:00+05:30,2086.5,2087.199951171875,2083.800048828125,2084.0,9297.0,yahoo
LUPIN,5m,2026-09-25T14:45:00+05:30,2084.199951171875,2089.60009765625,2084.199951171875,2086.699951171875,8236.0,yahoo
LUPIN,5m,2026-09-25T14:50:00+05:30,2086.60009765625,2089.0,2086.60009765625,2087.89990234375,15022.0,yahoo
LUPIN,5m,2026-09-25T14:55:00+05:30,2087.89990234375,2089.0,2086.60009765625,2086.699951171875,6662.0,yahoo
LUPIN,5m,2026-09-25T15:00:00+05:30,2086.60009765625,2089.800048828125,2085.199951171875,2085.5,17189.0,yahoo
LUPIN,5m,2026-09-25T15:05:00+05:30,2085.60009765625,2086.60009765625,2083.800048828125,2085.0,13873.0,yahoo
LUPIN,5m,2026-09-25T15:10:00+05:30,2084.89990234375,2087.60009765625,2082.89990234375,2083.0,16850.0,yahoo
LUPIN,5m,2026-09-25T15:15:00+05:30,2085.5,2092.0,2085.5,2092.0,5065.0,yahoo
M&M,5m,2026-09-25T09:15:00+05:30,2979.39990234375,2997.0,2967.10009765625,2987.0,0.0,yahoo
M&M,5m,2026-09-25T09:20:00+05:30,2987.699951171875,2995.10009765625,2986.199951171875,2990.0,39250.0,yahoo
M&M,5m,2026-09-25T09:25:00+05:30,2987.39990234375,2991.800048828125,2983.0,2990.60009765625,37105.0,yahoo
M&M,5m,2026-09-25T09:30:00+05:30,2991.199951171875,2994.0,2988.800048828125,2988.89990234375,20153.0,yahoo
M&M,5m,2026-09-25T09:35:00+05:30,2988.300048828125,2990.39990234375,2987.199951171875,2989.0,18643.0,yahoo
M&M,5m,2026-09-25T09:40:00+05:30,2989.60009765625,2998.800048828125,2987.5,2993.800048828125,42251.0,yahoo
M&M,5m,2026-09-25T09:45:00+05:30,2993.60009765625,2996.300048828125,2991.0,2993.89990234375,19133.0,yahoo
M&M,5m,2026-09-25T09:50:00+05:30,2993.699951171875,2997.0,2989.5,2990.60009765625,19028.0,yahoo
M&M,5m,2026-09-25T09:55:00+05:30,2991.10009765625,2992.800048828125,2985.0,2985.699951171875,25578.0,yahoo
M&M,5m,2026-09-25T10:00:00+05:30,2987.0,2991.60009765625,2983.10009765625,2990.60009765625,23273.0,yahoo
M&M,5m,2026-09-25T10:05:00+05:30,2990.5,2995.199951171875,2990.5,2994.0,30983.0,yahoo
M&M,5m,2026-09-25T10:10:00+05:30,2994.199951171875,2995.699951171875,2990.39990234375,2993.89990234375,41697.0,yahoo
M&M,5m,2026-09-25T10:15:00+05:30,2994.0,2995.5,2991.5,2994.300048828125,32245.0,yahoo
M&M,5m,2026-09-25T10:20:00+05:30,2994.300048828125,2994.5,2991.5,2993.699951171875,18675.0,yahoo
M&M,5m,2026-09-25T10:25:00+05:30,2993.60009765625,2994.300048828125,2992.0,2992.800048828125,12852.0,yahoo
M&M,5m,2026-09-25T10:30:00+05:30,2993.5,2994.39990234375,2991.10009765625,2992.300048828125,22002.0,yahoo
M&M,5m,2026-09-25T10:35:00+05:30,2992.300048828125,2993.10009765625,2988.0,2990.0,23530.0,yahoo
M&M,5m,2026-09-25T10:40:00+05:30,2989.89990234375,2992.300048828125,2988.699951171875,2992.199951171875,15796.0,yahoo
M&M,5m,2026-09-25T10:45:00+05:30,2992.199951171875,2992.199951171875,2984.0,2986.699951171875,42263.0,yahoo
M&M,5m,2026-09-25T10:50:00+05:30,2986.699951171875,2989.0,2985.300048828125,2988.89990234375,19601.0,yahoo
M&M,5m,2026-09-25T10:55:00+05:30,2991.0,2992.0,2989.699951171875,2991.300048828125,18979.0,yahoo
M&M,5m,2026-09-25T11:00:00+05:30,2991.199951171875,2993.10009765625,2990.0,2992.60009765625,17191.0,yahoo
M&M,5m,2026-09-25T11:05:00+05:30,2993.0,3000.89990234375,2992.39990234375,2999.800048828125,32876.0,yahoo
M&M,5m,2026-09-25T11:10:00+05:30,2999.800048828125,3004.699951171875,2997.199951171875,3004.699951171875,25365.0,yahoo
M&M,5m,2026-09-25T11:15:00+05:30,3004.699951171875,3007.39990234375,3003.89990234375,3004.800048828125,21576.0,yahoo
M&M,5m,2026-09-25T11:20:00+05:30,3004.89990234375,3006.800048828125,3000.300048828125,3000.800048828125,23524.0,yahoo
M&M,5m,2026-09-25T11:25:00+05:30,3000.800048828125,3004.10009765625,2999.300048828125,3003.60009765625,31957.0,yahoo
M&M,5m,2026-09-25T11:30:00+05:30,3004.0,3007.60009765625,3003.39990234375,3004.39990234375,33058.0,yahoo
M&M,5m,2026-09-25T11:35:00+05:30,3004.800048828125,3008.60009765625,3003.5,3005.800048828125,15919.0,yahoo
M&M,5m,2026-09-25T11:40:00+05:30,3005.800048828125,3005.800048828125,3003.10009765625,3003.39990234375,8834.0,yahoo
M&M,5m,2026-09-25T11:45:00+05:30,3003.199951171875,3009.5,3003.10009765625,3008.699951171875,30887.0,yahoo
M&M,5m,2026-09-25T11:50:00+05:30,3009.39990234375,3013.0,3007.10009765625,3008.89990234375,20377.0,yahoo
M&M,5m,2026-09-25T11:55:00+05:30,3008.300048828125,3009.10009765625,3002.800048828125,3003.199951171875,12979.0,yahoo
M&M,5m,2026-09-25T12:00:00+05:30,3003.199951171875,3004.39990234375,3000.10009765625,3000.39990234375,15404.0,yahoo
M&M,5m,2026-09-25T12:05:00+05:30,3001.199951171875,3004.800048828125,3000.300048828125,3004.199951171875,19960.0,yahoo
M&M,5m,2026-09-25T12:10:00+05:30,3004.39990234375,3007.0,3003.0,3005.300048828125,25202.0,yahoo
M&M,5m,2026-09-25T12:15:00+05:30,3005.699951171875,3013.39990234375,3004.5,3012.89990234375,34812.0,yahoo
M&M,5m,2026-09-25T12:20:00+05:30,3012.89990234375,3017.89990234375,3010.89990234375,3017.300048828125,36212.0,yahoo
M&M,5m,2026-09-25T12:25:00+05:30,3017.60009765625,3018.60009765625,3013.199951171875,3016.800048828125,25804.0,yahoo
M&M,5m,2026-09-25T12:30:00+05:30,3017.10009765625,3021.0,3016.800048828125,3019.0,19226.0,yahoo
M&M,5m,2026-09-25T12:35:00+05:30,3019.0,3019.89990234375,3013.39990234375,3014.0,18660.0,yahoo
M&M,5m,2026-09-25T12:40:00+05:30,3014.5,3015.0,3013.39990234375,3013.699951171875,16157.0,yahoo
M&M,5m,2026-09-25T12:45:00+05:30,3013.699951171875,3016.0,3013.10009765625,3013.60009765625,22121.0,yahoo
M&M,5m,2026-09-25T12:50:00+05:30,3014.5,3014.699951171875,3009.60009765625,3013.699951171875,25933.0,yahoo
M&M,5m,2026-09-25T12:55:00+05:30,3014.199951171875,3016.0,3011.10009765625,3012.300048828125,19192.0,yahoo
M&M,5m,2026-09-25T13:00:00+05:30,3012.199951171875,3013.89990234375,3011.39990234375,3012.800048828125,17193.0,yahoo
M&M,5m,2026-09-25T13:05:00+05:30,3012.800048828125,3016.0,3012.800048828125,3014.10009765625,17372.0,yahoo
M&M,5m,2026-09-25T13:10:00+05:30,3014.199951171875,3016.699951171875,3011.89990234375,3013.699951171875,23169.0,yahoo
M&M,5m,2026-09-25T13:15:00+05:30,3013.89990234375,3015.10009765625,3012.0,3013.89990234375,19419.0,yahoo
M&M,5m,2026-09-25T13:20:00+05:30,3013.89990234375,3015.0,3012.199951171875,3014.0,14674.0,yahoo
M&M,5m,2026-09-25T13:25:00+05:30,3014.0,3014.39990234375,3011.89990234375,3014.39990234375,28001.0,yahoo
M&M,5m,2026-09-25T13:30:00+05:30,3014.39990234375,3019.10009765625,3012.5,3018.39990234375,23529.0,yahoo
M&M,5m,2026-09-25T13:35:00+05:30,3018.5,3022.0,3016.5,3020.699951171875,31696.0,yahoo
M&M,5m,2026-09-25T13:40:00+05:30,3020.699951171875,3021.199951171875,3018.39990234375,3018.89990234375,17532.0,yahoo
M&M,5m,2026-09-25T13:45:00+05:30,3019.699951171875,3021.10009765625,3016.199951171875,3016.699951171875,13351.0,yahoo
M&M,5m,2026-09-25T13:50:00+05:30,3016.800048828125,3018.89990234375,3016.0,3018.5,19664.0,yahoo
M&M,5m,2026-09-25T13:55:00+05:30,3018.60009765625,3024.89990234375,3018.39990234375,3024.89990234375,14972.0,yahoo
M&M,5m,2026-09-25T14:00:00+05:30,3024.699951171875,3043.0,3023.60009765625,3039.699951171875,50846.0,yahoo
M&M,5m,2026-09-25T14:05:00+05:30,3039.699951171875,3040.60009765625,3033.0,3034.300048828125,29177.0,yahoo
M&M,5m,2026-09-25T14:10:00+05:30,3034.300048828125,3039.5,3034.300048828125,3038.89990234375,14378.0,yahoo
M&M,5m,2026-09-25T14:15:00+05:30,3039.89990234375,3040.0,3036.699951171875,3038.300048828125,16502.0,yahoo
M&M,5m,2026-09-25T14:20:00+05:30,3037.89990234375,3037.89990234375,3032.300048828125,3035.0,23649.0,yahoo
M&M,5m,2026-09-25T14:25:00+05:30,3035.800048828125,3044.0,3035.800048828125,3041.300048828125,45257.0,yahoo
M&M,5m,2026-09-25T14:30:00+05:30,3041.300048828125,3043.39990234375,3040.0,3040.5,29071.0,yahoo
M&M,5m,2026-09-25T14:35:00+05:30,3040.60009765625,3045.0,3040.0,3043.5,24029.0,yahoo
M&M,5m,2026-09-25T14:40:00+05:30,3043.39990234375,3043.39990234375,3035.60009765625,3036.5,32868.0,yahoo
M&M,5m,2026-09-25T14:45:00+05:30,3036.800048828125,3042.0,3036.300048828125,3038.39990234375,41355.0,yahoo
M&M,5m,2026-09-25T14:50:00+05:30,3038.39990234375,3038.5,3034.60009765625,3035.800048828125,29491.0,yahoo
M&M,5m,2026-09-25T14:55:00+05:30,3035.800048828125,3035.89990234375,3033.199951171875,3033.89990234375,35753.0,yahoo
M&M,5m,2026-09-25T15:00:00+05:30,3034.199951171875,3037.699951171875,3032.300048828125,3035.39990234375,47781.0,yahoo
M&M,5m,2026-09-25T15:05:00+05:30,3035.300048828125,3037.5,3032.300048828125,3033.199951171875,64272.0,yahoo
M&M,5m,2026-09-25T15:10:00+05:30,3033.60009765625,3035.0,3030.0,3035.0,156519.0,yahoo
MARUTI,5m,2026-09-25T09:15:00+05:30,12014.0,12046.0,11997.0,12021.0,0.0,yahoo
MARUTI,5m,2026-09-25T09:20:00+05:30,12019.0,12050.0,12018.0,12045.0,3346.0,yahoo
MARUTI,5m,2026-09-25T09:25:00+05:30,12038.0,12072.0,12029.0,12065.0,3483.0,yahoo
MARUTI,5m,2026-09-25T09:30:00+05:30,12062.0,12078.0,12051.0,12053.0,3378.0,yahoo
MARUTI,5m,2026-09-25T09:35:00+05:30,12053.0,12055.0,12034.0,12045.0,3308.0,yahoo
MARUTI,5m,2026-09-25T09:40:00+05:30,12042.0,12059.0,12023.0,12040.0,4806.0,yahoo
MARUTI,5m,2026-09-25T09:45:00+05:30,12041.0,12049.0,12022.0,12025.0,1231.0,yahoo
MARUTI,5m,2026-09-25T09:50:00+05:30,12024.0,12040.0,12024.0,12031.0,2415.0,yahoo
MARUTI,5m,2026-09-25T09:55:00+05:30,12033.0,12033.0,12019.0,12027.0,1949.0,yahoo
MARUTI,5m,2026-09-25T10:00:00+05:30,12027.0,12053.0,12023.0,12045.0,1746.0,yahoo
MARUTI,5m,2026-09-25T10:05:00+05:30,12048.0,12056.0,12045.0,12050.0,1093.0,yahoo
MARUTI,5m,2026-09-25T10:10:00+05:30,12053.0,12056.0,12041.0,12049.0,1483.0,yahoo
MARUTI,5m,2026-09-25T10:15:00+05:30,12050.0,12067.0,12047.0,12057.0,1012.0,yahoo
MARUTI,5m,2026-09-25T10:20:00+05:30,12058.0,12065.0,12055.0,12055.0,928.0,yahoo
MARUTI,5m,2026-09-25T10:25:00+05:30,12058.0,12067.0,12045.0,12045.0,1080.0,yahoo
MARUTI,5m,2026-09-25T10:30:00+05:30,12047.0,12061.0,12043.0,12050.0,1077.0,yahoo
MARUTI,5m,2026-09-25T10:35:00+05:30,12050.0,12053.0,12041.0,12047.0,614.0,yahoo
MARUTI,5m,2026-09-25T10:40:00+05:30,12048.0,12050.0,12040.0,12042.0,635.0,yahoo
MARUTI,5m,2026-09-25T10:45:00+05:30,12048.0,12048.0,12018.0,12025.0,1237.0,yahoo
MARUTI,5m,2026-09-25T10:50:00+05:30,12020.0,12030.0,12020.0,12030.0,501.0,yahoo
MARUTI,5m,2026-09-25T10:55:00+05:30,12030.0,12042.0,12030.0,12034.0,744.0,yahoo
MARUTI,5m,2026-09-25T11:00:00+05:30,12033.0,12055.0,12032.0,12041.0,1349.0,yahoo
MARUTI,5m,2026-09-25T11:05:00+05:30,12046.0,12058.0,12041.0,12053.0,579.0,yahoo
MARUTI,5m,2026-09-25T11:10:00+05:30,12054.0,12058.0,12043.0,12051.0,676.0,yahoo
MARUTI,5m,2026-09-25T11:15:00+05:30,12046.0,12057.0,12046.0,12052.0,771.0,yahoo
MARUTI,5m,2026-09-25T11:20:00+05:30,12047.0,12053.0,12041.0,12045.0,665.0,yahoo
MARUTI,5m,2026-09-25T11:25:00+05:30,12041.0,12045.0,12033.0,12041.0,722.0,yahoo
MARUTI,5m,2026-09-25T11:30:00+05:30,12036.0,12048.0,12016.0,12018.0,9183.0,yahoo
MARUTI,5m,2026-09-25T11:35:00+05:30,12018.0,12045.0,12017.0,12045.0,4058.0,yahoo
MARUTI,5m,2026-09-25T11:40:00+05:30,12044.0,12044.0,12032.0,12037.0,575.0,yahoo
MARUTI,5m,2026-09-25T11:45:00+05:30,12032.0,12036.0,12026.0,12031.0,542.0,yahoo
MARUTI,5m,2026-09-25T11:50:00+05:30,12031.0,12040.0,12028.0,12031.0,641.0,yahoo
MARUTI,5m,2026-09-25T11:55:00+05:30,12035.0,12039.0,12028.0,12030.0,1026.0,yahoo
MARUTI,5m,2026-09-25T12:00:00+05:30,12030.0,12037.0,12018.0,12029.0,3264.0,yahoo
MARUTI,5m,2026-09-25T12:05:00+05:30,12032.0,12040.0,12030.0,12037.0,1005.0,yahoo
MARUTI,5m,2026-09-25T12:10:00+05:30,12039.0,12043.0,12030.0,12042.0,7193.0,yahoo
MARUTI,5m,2026-09-25T12:15:00+05:30,12037.0,12043.0,12035.0,12035.0,1252.0,yahoo
MARUTI,5m,2026-09-25T12:20:00+05:30,12036.0,12040.0,12026.0,12036.0,886.0,yahoo
MARUTI,5m,2026-09-25T12:25:00+05:30,12040.0,12040.0,12028.0,12028.0,1798.0,yahoo
MARUTI,5m,2026-09-25T12:30:00+05:30,12033.0,12040.0,12030.0,12036.0,894.0,yahoo
MARUTI,5m,2026-09-25T12:35:00+05:30,12035.0,12038.0,12028.0,12030.0,1121.0,yahoo
MARUTI,5m,2026-09-25T12:40:00+05:30,12036.0,12036.0,12023.0,12023.0,1015.0,yahoo
MARUTI,5m,2026-09-25T12:45:00+05:30,12025.0,12025.0,11998.0,12000.0,6364.0,yahoo
MARUTI,5m,2026-09-25T12:50:00+05:30,12000.0,12000.0,11986.0,11987.0,2675.0,yahoo
MARUTI,5m,2026-09-25T12:55:00+05:30,11984.0,11991.0,11975.0,11978.0,3798.0,yahoo
MARUTI,5m,2026-09-25T13:00:00+05:30,11980.0,11998.0,11980.0,11991.0,3885.0,yahoo
MARUTI,5m,2026-09-25T13:05:00+05:30,11996.0,12006.0,11990.0,11994.0,6704.0,yahoo
MARUTI,5m,2026-09-25T13:10:00+05:30,11994.0,12002.0,11990.0,11990.0,2329.0,yahoo
MARUTI,5m,2026-09-25T13:15:00+05:30,11995.0,12000.0,11992.0,11999.0,2408.0,yahoo
MARUTI,5m,2026-09-25T13:20:00+05:30,11999.0,12005.0,11985.0,11985.0,4504.0,yahoo
MARUTI,5m,2026-09-25T13:25:00+05:30,11985.0,11996.0,11975.0,11988.0,3184.0,yahoo
MARUTI,5m,2026-09-25T13:30:00+05:30,11986.0,11993.0,11980.0,11980.0,1964.0,yahoo
MARUTI,5m,2026-09-25T13:35:00+05:30,11980.0,11994.0,11976.0,11982.0,8793.0,yahoo
MARUTI,5m,2026-09-25T13:40:00+05:30,11981.0,11999.0,11981.0,11993.0,3228.0,yahoo
MARUTI,5m,2026-09-25T13:45:00+05:30,11992.0,11999.0,11991.0,11995.0,3175.0,yahoo
MARUTI,5m,2026-09-25T13:50:00+05:30,11995.0,12027.0,11990.0,12022.0,11923.0,yahoo
MARUTI,5m,2026-09-25T13:55:00+05:30,12021.0,12029.0,12008.0,12027.0,13520.0,yahoo
MARUTI,5m,2026-09-25T14:00:00+05:30,12027.0,12095.0,12027.0,12081.0,21691.0,yahoo
MARUTI,5m,2026-09-25T14:05:00+05:30,12076.0,12082.0,12034.0,12034.0,11913.0,yahoo
MARUTI,5m,2026-09-25T14:10:00+05:30,12034.0,12054.0,12022.0,12035.0,17730.0,yahoo
MARUTI,5m,2026-09-25T14:15:00+05:30,12038.0,12045.0,12027.0,12033.0,16878.0,yahoo
MARUTI,5m,2026-09-25T14:20:00+05:30,12033.0,12041.0,12023.0,12029.0,3476.0,yahoo
MARUTI,5m,2026-09-25T14:25:00+05:30,12031.0,12048.0,12029.0,12047.0,3824.0,yahoo
MARUTI,5m,2026-09-25T14:30:00+05:30,12047.0,12054.0,12041.0,12048.0,6620.0,yahoo
MARUTI,5m,2026-09-25T14:35:00+05:30,12046.0,12057.0,12039.0,12051.0,3914.0,yahoo
MARUTI,5m,2026-09-25T14:40:00+05:30,12051.0,12052.0,12039.0,12040.0,6024.0,yahoo
MARUTI,5m,2026-09-25T14:45:00+05:30,12044.0,12054.0,12039.0,12044.0,3416.0,yahoo
MARUTI,5m,2026-09-25T14:50:00+05:30,12040.0,12047.0,12038.0,12047.0,3760.0,yahoo
MARUTI,5m,2026-09-25T14:55:00+05:30,12044.0,12054.0,12040.0,12047.0,4632.0,yahoo
MARUTI,5m,2026-09-25T15:00:00+05:30,12047.0,12090.0,12045.0,12075.0,6694.0,yahoo
MARUTI,5m,2026-09-25T15:05:00+05:30,12079.0,12098.0,12057.0,12064.0,6103.0,yahoo
MARUTI,5m,2026-09-25T15:10:00+05:30,12066.0,12080.0,12061.0,12079.0,5428.0,yahoo
MARUTI,5m,2026-09-25T15:15:00+05:30,12071.0,12071.0,12065.0,12065.0,2038.0,yahoo
MAXHEALTH,5m,2026-09-25T09:15:00+05:30,1045.9000244140625,1048.0999755859375,1043.9000244140625,1046.9000244140625,0.0,yahoo
MAXHEALTH,5m,2026-09-25T09:20:00+05:30,1046.0,1047.0,1042.699951171875,1043.0,15482.0,yahoo
MAXHEALTH,5m,2026-09-25T09:25:00+05:30,1042.5999755859375,1045.0,1042.0,1044.5,7073.0,yahoo
MAXHEALTH,5m,2026-09-25T09:30:00+05:30,1044.4000244140625,1044.800048828125,1042.5999755859375,1043.0,4950.0,yahoo
MAXHEALTH,5m,2026-09-25T09:35:00+05:30,1043.0999755859375,1043.800048828125,1041.5999755859375,1042.4000244140625,6115.0,yahoo
MAXHEALTH,5m,2026-09-25T09:40:00+05:30,1042.4000244140625,1042.4000244140625,1039.5999755859375,1039.699951171875,5639.0,yahoo
MAXHEALTH,5m,2026-09-25T09:45:00+05:30,1039.300048828125,1039.5,1037.699951171875,1037.800048828125,4330.0,yahoo
MAXHEALTH,5m,2026-09-25T09:50:00+05:30,1037.0,1037.800048828125,1034.9000244140625,1035.4000244140625,10073.0,yahoo
MAXHEALTH,5m,2026-09-25T09:55:00+05:30,1034.5,1034.5,1026.699951171875,1029.0,21277.0,yahoo
MAXHEALTH,5m,2026-09-25T10:00:00+05:30,1028.300048828125,1029.4000244140625,1026.5,1028.199951171875,12236.0,yahoo
MAXHEALTH,5m,2026-09-25T10:05:00+05:30,1028.300048828125,1029.0,1026.0,1026.5,10917.0,yahoo
MAXHEALTH,5m,2026-09-25T10:10:00+05:30,1026.5,1028.5,1025.5,1026.5,12918.0,yahoo
MAXHEALTH,5m,2026-09-25T10:15:00+05:30,1026.800048828125,1028.0,1023.5999755859375,1026.199951171875,25210.0,yahoo
MAXHEALTH,5m,2026-09-25T10:20:00+05:30,1025.800048828125,1028.5999755859375,1024.9000244140625,1026.800048828125,32807.0,yahoo
MAXHEALTH,5m,2026-09-25T10:25:00+05:30,1027.0,1027.699951171875,1025.800048828125,1027.300048828125,6560.0,yahoo
MAXHEALTH,5m,2026-09-25T10:30:00+05:30,1026.9000244140625,1028.199951171875,1026.9000244140625,1027.0,5231.0,yahoo
MAXHEALTH,5m,2026-09-25T10:35:00+05:30,1027.0,1027.5,1026.0,1027.199951171875,4706.0,yahoo
MAXHEALTH,5m,2026-09-25T10:40:00+05:30,1027.5,1029.0,1027.199951171875,1028.5,5363.0,yahoo
MAXHEALTH,5m,2026-09-25T10:45:00+05:30,1028.5,1029.199951171875,1026.5999755859375,1027.800048828125,433286.0,yahoo
MAXHEALTH,5m,2026-09-25T10:50:00+05:30,1027.699951171875,1029.0999755859375,1027.0,1027.0,12591.0,yahoo
MAXHEALTH,5m,2026-09-25T10:55:00+05:30,1027.199951171875,1027.699951171875,1026.5,1027.5999755859375,5001.0,yahoo
MAXHEALTH,5m,2026-09-25T11:00:00+05:30,1027.800048828125,1027.800048828125,1023.5999755859375,1024.0999755859375,22919.0,yahoo
MAXHEALTH,5m,2026-09-25T11:05:00+05:30,1024.699951171875,1026.199951171875,1024.0999755859375,1025.300048828125,5753.0,yahoo
MAXHEALTH,5m,2026-09-25T11:10:00+05:30,1025.699951171875,1026.199951171875,1024.800048828125,1025.199951171875,3130.0,yahoo
MAXHEALTH,5m,2026-09-25T11:15:00+05:30,1025.199951171875,1025.4000244140625,1023.5999755859375,1023.5999755859375,5680.0,yahoo
MAXHEALTH,5m,2026-09-25T11:20:00+05:30,1023.7000122070312,1026.300048828125,1023.5,1024.0999755859375,5512.0,yahoo
MAXHEALTH,5m,2026-09-25T11:25:00+05:30,1024.0999755859375,1025.300048828125,1022.5,1022.7000122070312,10134.0,yahoo
MAXHEALTH,5m,2026-09-25T11:30:00+05:30,1022.7999877929688,1025.0999755859375,1021.4000244140625,1022.2999877929688,24857.0,yahoo
MAXHEALTH,5m,2026-09-25T11:35:00+05:30,1022.5,1022.5,1020.5,1021.5999755859375,12247.0,yahoo
MAXHEALTH,5m,2026-09-25T11:40:00+05:30,1021.7999877929688,1026.300048828125,1019.0999755859375,1021.0999755859375,85220.0,yahoo
MAXHEALTH,5m,2026-09-25T11:45:00+05:30,1021.0999755859375,1021.7000122070312,1019.7000122070312,1021.0999755859375,67440.0,yahoo
MAXHEALTH,5m,2026-09-25T11:50:00+05:30,1021.2000122070312,1021.7999877929688,1019.2000122070312,1021.0,14654.0,yahoo
MAXHEALTH,5m,2026-09-25T11:55:00+05:30,1021.2000122070312,1022.9000244140625,1021.2000122070312,1022.5,10032.0,yahoo
MAXHEALTH,5m,2026-09-25T12:00:00+05:30,1022.9000244140625,1022.9000244140625,1019.5999755859375,1020.7000122070312,8797.0,yahoo
MAXHEALTH,5m,2026-09-25T12:05:00+05:30,1020.7000122070312,1021.5999755859375,1020.2000122070312,1021.0999755859375,10696.0,yahoo
MAXHEALTH,5m,2026-09-25T12:10:00+05:30,1021.0999755859375,1023.7999877929688,1020.5,1022.0999755859375,12190.0,yahoo
MAXHEALTH,5m,2026-09-25T12:15:00+05:30,1022.0999755859375,1022.4000244140625,1021.0,1021.5999755859375,7848.0,yahoo
MAXHEALTH,5m,2026-09-25T12:20:00+05:30,1021.5999755859375,1023.0999755859375,1021.0,1022.2000122070312,9159.0,yahoo
MAXHEALTH,5m,2026-09-25T12:25:00+05:30,1022.5,1022.5999755859375,1021.2000122070312,1021.2999877929688,7252.0,yahoo
MAXHEALTH,5m,2026-09-25T12:30:00+05:30,1021.2999877929688,1022.2999877929688,1021.0,1021.5999755859375,7580.0,yahoo
MAXHEALTH,5m,2026-09-25T12:35:00+05:30,1021.5999755859375,1021.9000244140625,1019.5999755859375,1020.0999755859375,7164.0,yahoo
MAXHEALTH,5m,2026-09-25T12:40:00+05:30,1020.2999877929688,1020.7999877929688,1018.5,1020.2999877929688,33822.0,yahoo
MAXHEALTH,5m,2026-09-25T12:45:00+05:30,1020.5999755859375,1020.7000122070312,1018.2000122070312,1018.9000244140625,12406.0,yahoo
MAXHEALTH,5m,2026-09-25T12:50:00+05:30,1018.4000244140625,1019.2000122070312,1017.5,1018.4000244140625,12077.0,yahoo
MAXHEALTH,5m,2026-09-25T12:55:00+05:30,1018.4000244140625,1018.7999877929688,1017.7000122070312,1018.7000122070312,9292.0,yahoo
MAXHEALTH,5m,2026-09-25T13:00:00+05:30,1019.0,1019.5999755859375,1017.2999877929688,1017.2999877929688,46174.0,yahoo
MAXHEALTH,5m,2026-09-25T13:05:00+05:30,1017.4000244140625,1017.7999877929688,1015.9000244140625,1016.5999755859375,10751.0,yahoo
MAXHEALTH,5m,2026-09-25T13:10:00+05:30,1016.9000244140625,1017.7999877929688,1014.4000244140625,1014.4000244140625,17064.0,yahoo
MAXHEALTH,5m,2026-09-25T13:15:00+05:30,1014.0,1014.5999755859375,1012.2999877929688,1013.2000122070312,20278.0,yahoo
MAXHEALTH,5m,2026-09-25T13:20:00+05:30,1013.2000122070312,1013.7000122070312,1011.2999877929688,1011.5,18766.0,yahoo
MAXHEALTH,5m,2026-09-25T13:25:00+05:30,1011.9000244140625,1012.0999755859375,1011.0,1011.4000244140625,19929.0,yahoo
MAXHEALTH,5m,2026-09-25T13:30:00+05:30,1011.7999877929688,1011.7999877929688,1008.2000122070312,1010.7999877929688,36777.0,yahoo
MAXHEALTH,5m,2026-09-25T13:35:00+05:30,1010.7999877929688,1013.2000122070312,1010.7999877929688,1011.9000244140625,13411.0,yahoo
MAXHEALTH,5m,2026-09-25T13:40:00+05:30,1012.2999877929688,1013.2999877929688,1011.5,1011.5999755859375,9291.0,yahoo
MAXHEALTH,5m,2026-09-25T13:45:00+05:30,1011.5999755859375,1012.0,1011.0,1011.2000122070312,8350.0,yahoo
MAXHEALTH,5m,2026-09-25T13:50:00+05:30,1011.2999877929688,1013.0,1011.0,1012.7999877929688,12129.0,yahoo
MAXHEALTH,5m,2026-09-25T13:55:00+05:30,1012.7999877929688,1015.5999755859375,1010.2999877929688,1015.5999755859375,24456.0,yahoo
MAXHEALTH,5m,2026-09-25T14:00:00+05:30,1015.5999755859375,1020.2000122070312,1015.2000122070312,1019.5999755859375,33100.0,yahoo
MAXHEALTH,5m,2026-09-25T14:05:00+05:30,1019.5999755859375,1020.0,1018.0,1018.0999755859375,16564.0,yahoo
MAXHEALTH,5m,2026-09-25T14:10:00+05:30,1018.2000122070312,1018.4000244140625,1013.7000122070312,1013.7000122070312,66848.0,yahoo
MAXHEALTH,5m,2026-09-25T14:15:00+05:30,1014.0999755859375,1014.4000244140625,1010.4000244140625,1010.7999877929688,25714.0,yahoo
MAXHEALTH,5m,2026-09-25T14:20:00+05:30,1010.9000244140625,1012.2999877929688,1008.0,1009.0999755859375,24864.0,yahoo
MAXHEALTH,5m,2026-09-25T14:25:00+05:30,1009.0999755859375,1012.2999877929688,1009.0,1012.0999755859375,19370.0,yahoo
MAXHEALTH,5m,2026-09-25T14:30:00+05:30,1012.0999755859375,1014.7000122070312,1012.0,1013.0999755859375,16241.0,yahoo
MAXHEALTH,5m,2026-09-25T14:35:00+05:30,1013.0999755859375,1013.4000244140625,1012.0999755859375,1012.4000244140625,10682.0,yahoo
MAXHEALTH,5m,2026-09-25T14:40:00+05:30,1012.4000244140625,1012.4000244140625,1011.7999877929688,1012.4000244140625,26104.0,yahoo
MAXHEALTH,5m,2026-09-25T14:45:00+05:30,1012.0,1012.2000122070312,1010.2000122070312,1010.9000244140625,39193.0,yahoo
MAXHEALTH,5m,2026-09-25T14:50:00+05:30,1010.9000244140625,1013.2000122070312,1010.5999755859375,1012.5,21043.0,yahoo
MAXHEALTH,5m,2026-09-25T14:55:00+05:30,1012.5,1016.7999877929688,1012.4000244140625,1013.9000244140625,91738.0,yahoo
MAXHEALTH,5m,2026-09-25T15:00:00+05:30,1013.7999877929688,1015.0,1013.2999877929688,1013.2999877929688,30784.0,yahoo
MAXHEALTH,5m,2026-09-25T15:05:00+05:30,1013.2999877929688,1015.2999877929688,1013.0,1014.0,43022.0,yahoo
MAXHEALTH,5m,2026-09-25T15:10:00+05:30,1014.0999755859375,1016.0,1013.4000244140625,1014.0,97009.0,yahoo
MCX,5m,2026-09-25T09:15:00+05:30,3478.699951171875,3478.699951171875,3437.0,3450.0,0.0,yahoo
MCX,5m,2026-09-25T09:20:00+05:30,3449.39990234375,3466.199951171875,3442.5,3458.0,68388.0,yahoo
MCX,5m,2026-09-25T09:25:00+05:30,3458.0,3459.800048828125,3439.89990234375,3447.800048828125,68673.0,yahoo
MCX,5m,2026-09-25T09:30:00+05:30,3447.0,3447.800048828125,3420.89990234375,3424.300048828125,85926.0,yahoo
MCX,5m,2026-09-25T09:35:00+05:30,3423.0,3443.0,3421.699951171875,3433.39990234375,72435.0,yahoo
MCX,5m,2026-09-25T09:40:00+05:30,3433.300048828125,3439.300048828125,3407.60009765625,3407.89990234375,51800.0,yahoo
MCX,5m,2026-09-25T09:45:00+05:30,3406.89990234375,3415.0,3386.89990234375,3391.0,77957.0,yahoo
MCX,5m,2026-09-25T09:50:00+05:30,3391.10009765625,3408.0,3391.10009765625,3404.800048828125,58516.0,yahoo
MCX,5m,2026-09-25T09:55:00+05:30,3404.5,3414.5,3399.0,3401.10009765625,27429.0,yahoo
MCX,5m,2026-09-25T10:00:00+05:30,3401.199951171875,3411.89990234375,3400.0,3405.0,25718.0,yahoo
MCX,5m,2026-09-25T10:05:00+05:30,3405.0,3408.0,3395.89990234375,3399.699951171875,26240.0,yahoo
MCX,5m,2026-09-25T10:10:00+05:30,3400.0,3403.5,3397.60009765625,3400.0,15146.0,yahoo
MCX,5m,2026-09-25T10:15:00+05:30,3399.0,3403.699951171875,3393.39990234375,3395.60009765625,18902.0,yahoo
MCX,5m,2026-09-25T10:20:00+05:30,3395.60009765625,3397.199951171875,3384.300048828125,3388.10009765625,29193.0,yahoo
MCX,5m,2026-09-25T10:25:00+05:30,3388.10009765625,3390.0,3373.800048828125,3373.800048828125,53298.0,yahoo
MCX,5m,2026-09-25T10:30:00+05:30,3373.10009765625,3374.60009765625,3367.800048828125,3370.10009765625,25802.0,yahoo
MCX,5m,2026-09-25T10:35:00+05:30,3369.89990234375,3377.0,3362.199951171875,3377.0,46807.0,yahoo
MCX,5m,2026-09-25T10:40:00+05:30,3376.39990234375,3384.800048828125,3366.89990234375,3371.39990234375,30206.0,yahoo
MCX,5m,2026-09-25T10:45:00+05:30,3370.300048828125,3371.39990234375,3348.300048828125,3352.89990234375,53953.0,yahoo
MCX,5m,2026-09-25T10:50:00+05:30,3352.0,3353.89990234375,3342.0,3351.0,41840.0,yahoo
MCX,5m,2026-09-25T10:55:00+05:30,3350.89990234375,3355.0,3341.5,3349.0,34423.0,yahoo
MCX,5m,2026-09-25T11:00:00+05:30,3348.60009765625,3369.0,3348.10009765625,3356.0,47136.0,yahoo
MCX,5m,2026-09-25T11:05:00+05:30,3356.699951171875,3374.60009765625,3355.0,3363.699951171875,27835.0,yahoo
MCX,5m,2026-09-25T11:10:00+05:30,3364.39990234375,3368.699951171875,3360.5,3364.89990234375,9733.0,yahoo
MCX,5m,2026-09-25T11:15:00+05:30,3363.800048828125,3372.60009765625,3363.39990234375,3367.60009765625,11896.0,yahoo
MCX,5m,2026-09-25T11:20:00+05:30,3368.10009765625,3375.0,3365.0,3365.0,15903.0,yahoo
MCX,5m,2026-09-25T11:25:00+05:30,3365.0,3365.0,3350.0,3355.0,25231.0,yahoo
MCX,5m,2026-09-25T11:30:00+05:30,3355.0,3356.300048828125,3346.800048828125,3352.39990234375,18185.0,yahoo
MCX,5m,2026-09-25T11:35:00+05:30,3353.10009765625,3361.199951171875,3351.0,3357.699951171875,14896.0,yahoo
MCX,5m,2026-09-25T11:40:00+05:30,3357.60009765625,3357.60009765625,3346.10009765625,3350.0,35809.0,yahoo
MCX,5m,2026-09-25T11:45:00+05:30,3350.10009765625,3353.60009765625,3348.5,3351.699951171875,10315.0,yahoo
MCX,5m,2026-09-25T11:50:00+05:30,3352.60009765625,3353.699951171875,3349.0,3352.39990234375,13168.0,yahoo
MCX,5m,2026-09-25T11:55:00+05:30,3352.199951171875,3352.60009765625,3348.10009765625,3349.60009765625,8651.0,yahoo
MCX,5m,2026-09-25T12:00:00+05:30,3350.0,3356.0,3348.0,3350.60009765625,32132.0,yahoo
MCX,5m,2026-09-25T12:05:00+05:30,3351.0,3355.60009765625,3348.300048828125,3350.0,9475.0,yahoo
MCX,5m,2026-09-25T12:10:00+05:30,3350.0,3351.39990234375,3345.0,3349.60009765625,12056.0,yahoo
MCX,5m,2026-09-25T12:15:00+05:30,3349.60009765625,3350.199951171875,3346.0,3347.10009765625,13446.0,yahoo
MCX,5m,2026-09-25T12:20:00+05:30,3347.5,3349.0,3345.0,3345.0,8973.0,yahoo
MCX,5m,2026-09-25T12:25:00+05:30,3346.0,3348.0,3344.0,3345.800048828125,8095.0,yahoo
MCX,5m,2026-09-25T12:30:00+05:30,3345.89990234375,3348.60009765625,3344.300048828125,3347.199951171875,5975.0,yahoo
MCX,5m,2026-09-25T12:35:00+05:30,3346.0,3347.199951171875,3330.0,3332.699951171875,49615.0,yahoo
MCX,5m,2026-09-25T12:40:00+05:30,3333.800048828125,3333.89990234375,3319.300048828125,3320.699951171875,38543.0,yahoo
MCX,5m,2026-09-25T12:45:00+05:30,3320.699951171875,3325.0,3320.5,3321.10009765625,19552.0,yahoo
MCX,5m,2026-09-25T12:50:00+05:30,3321.5,3332.5,3321.0,3331.10009765625,24010.0,yahoo
MCX,5m,2026-09-25T12:55:00+05:30,3331.10009765625,3331.699951171875,3321.89990234375,3323.0,17532.0,yahoo
MCX,5m,2026-09-25T13:00:00+05:30,3323.0,3325.800048828125,3311.10009765625,3312.10009765625,28988.0,yahoo
MCX,5m,2026-09-25T13:05:00+05:30,3311.5,3321.39990234375,3311.5,3313.39990234375,26560.0,yahoo
MCX,5m,2026-09-25T13:10:00+05:30,3313.39990234375,3316.89990234375,3312.0,3316.199951171875,14849.0,yahoo
MCX,5m,2026-09-25T13:15:00+05:30,3315.89990234375,3318.0,3312.0,3312.699951171875,14719.0,yahoo
MCX,5m,2026-09-25T13:20:00+05:30,3314.5,3325.0,3312.5,3324.0,26096.0,yahoo
MCX,5m,2026-09-25T13:25:00+05:30,3324.89990234375,3331.0,3317.5,3318.0,23676.0,yahoo
MCX,5m,2026-09-25T13:30:00+05:30,3318.5,3324.39990234375,3317.199951171875,3320.300048828125,15276.0,yahoo
MCX,5m,2026-09-25T13:35:00+05:30,3321.89990234375,3321.89990234375,3317.199951171875,3320.800048828125,13206.0,yahoo
MCX,5m,2026-09-25T13:40:00+05:30,3320.39990234375,3321.800048828125,3319.0,3320.10009765625,9436.0,yahoo
MCX,5m,2026-09-25T13:45:00+05:30,3319.60009765625,3326.800048828125,3319.10009765625,3326.800048828125,12391.0,yahoo
MCX,5m,2026-09-25T13:50:00+05:30,3326.699951171875,3327.60009765625,3320.300048828125,3320.300048828125,13889.0,yahoo
MCX,5m,2026-09-25T13:55:00+05:30,3321.800048828125,3324.39990234375,3320.0,3323.89990234375,18293.0,yahoo
MCX,5m,2026-09-25T14:00:00+05:30,3325.0,3339.10009765625,3324.0,3330.39990234375,39880.0,yahoo
MCX,5m,2026-09-25T14:05:00+05:30,3330.10009765625,3339.800048828125,3329.300048828125,3333.800048828125,51185.0,yahoo
MCX,5m,2026-09-25T14:10:00+05:30,3333.0,3333.0,3327.800048828125,3327.800048828125,15102.0,yahoo
MCX,5m,2026-09-25T14:15:00+05:30,3328.699951171875,3329.89990234375,3323.800048828125,3326.699951171875,18702.0,yahoo
MCX,5m,2026-09-25T14:20:00+05:30,3326.699951171875,3328.0,3321.5,3322.0,15986.0,yahoo
MCX,5m,2026-09-25T14:25:00+05:30,3322.0,3326.89990234375,3322.0,3323.0,15364.0,yahoo
MCX,5m,2026-09-25T14:30:00+05:30,3323.800048828125,3330.0,3322.699951171875,3327.0,18530.0,yahoo
MCX,5m,2026-09-25T14:35:00+05:30,3327.5,3328.699951171875,3323.800048828125,3325.39990234375,12503.0,yahoo
MCX,5m,2026-09-25T14:40:00+05:30,3325.699951171875,3333.0,3325.0,3328.60009765625,27669.0,yahoo
MCX,5m,2026-09-25T14:45:00+05:30,3329.5,3330.300048828125,3326.0,3328.300048828125,34626.0,yahoo
MCX,5m,2026-09-25T14:50:00+05:30,3328.300048828125,3331.89990234375,3326.5,3331.0,37460.0,yahoo
MCX,5m,2026-09-25T14:55:00+05:30,3331.0,3331.0,3322.10009765625,3323.5,42598.0,yahoo
MCX,5m,2026-09-25T15:00:00+05:30,3323.5,3325.0,3320.699951171875,3322.5,65430.0,yahoo
MCX,5m,2026-09-25T15:05:00+05:30,3322.699951171875,3323.60009765625,3315.0,3317.0,61105.0,yahoo
MCX,5m,2026-09-25T15:10:00+05:30,3316.800048828125,3320.0,3311.10009765625,3318.10009765625,100446.0,yahoo
MCX,5m,2026-09-25T15:15:00+05:30,3318.5,3324.89990234375,3318.5,3324.89990234375,11231.0,yahoo
MOTILALOFS,5m,2026-09-25T09:15:00+05:30,1020.0,1029.199951171875,1020.0,1023.9000244140625,0.0,yahoo
MOTILALOFS,5m,2026-09-25T09:20:00+05:30,1022.5,1039.800048828125,1022.2000122070312,1037.800048828125,40043.0,yahoo
MOTILALOFS,5m,2026-09-25T09:25:00+05:30,1037.800048828125,1044.0,1037.5999755859375,1043.9000244140625,38849.0,yahoo
MOTILALOFS,5m,2026-09-25T09:30:00+05:30,1043.4000244140625,1047.0,1041.4000244140625,1042.800048828125,50839.0,yahoo
MOTILALOFS,5m,2026-09-25T09:35:00+05:30,1042.699951171875,1046.5999755859375,1041.0,1041.800048828125,34511.0,yahoo
MOTILALOFS,5m,2026-09-25T09:40:00+05:30,1041.5999755859375,1041.5999755859375,1033.0,1033.5,34800.0,yahoo
MOTILALOFS,5m,2026-09-25T09:45:00+05:30,1033.5999755859375,1035.5999755859375,1032.199951171875,1032.9000244140625,13835.0,yahoo
MOTILALOFS,5m,2026-09-25T09:50:00+05:30,1033.0,1036.0999755859375,1032.5999755859375,1035.0,11923.0,yahoo
MOTILALOFS,5m,2026-09-25T09:55:00+05:30,1034.300048828125,1038.0999755859375,1034.0999755859375,1036.5999755859375,10581.0,yahoo
MOTILALOFS,5m,2026-09-25T10:00:00+05:30,1036.9000244140625,1042.0,1036.5,1042.0,19022.0,yahoo
MOTILALOFS,5m,2026-09-25T10:05:00+05:30,1042.0,1042.0,1039.5,1040.800048828125,11734.0,yahoo
MOTILALOFS,5m,2026-09-25T10:10:00+05:30,1041.199951171875,1041.800048828125,1039.0,1039.5999755859375,12576.0,yahoo
MOTILALOFS,5m,2026-09-25T10:15:00+05:30,1039.5,1041.9000244140625,1038.0999755859375,1038.699951171875,21098.0,yahoo
MOTILALOFS,5m,2026-09-25T10:20:00+05:30,1039.300048828125,1039.699951171875,1033.0,1034.5999755859375,21185.0,yahoo
MOTILALOFS,5m,2026-09-25T10:25:00+05:30,1034.5999755859375,1035.5999755859375,1032.4000244140625,1035.300048828125,10575.0,yahoo
MOTILALOFS,5m,2026-09-25T10:30:00+05:30,1036.0,1037.0,1034.0,1034.4000244140625,8283.0,yahoo
MOTILALOFS,5m,2026-09-25T10:35:00+05:30,1034.4000244140625,1036.199951171875,1033.699951171875,1036.0,4956.0,yahoo
MOTILALOFS,5m,2026-09-25T10:40:00+05:30,1036.199951171875,1036.199951171875,1034.0999755859375,1035.5,5938.0,yahoo
MOTILALOFS,5m,2026-09-25T10:45:00+05:30,1035.5999755859375,1035.5999755859375,1032.5999755859375,1033.0,2960.0,yahoo
MOTILALOFS,5m,2026-09-25T10:50:00+05:30,1033.0,1033.9000244140625,1032.9000244140625,1033.5999755859375,4749.0,yahoo
MOTILALOFS,5m,2026-09-25T10:55:00+05:30,1033.0999755859375,1034.9000244140625,1033.0,1034.5999755859375,7921.0,yahoo
MOTILALOFS,5m,2026-09-25T11:00:00+05:30,1034.699951171875,1035.9000244140625,1034.0,1034.699951171875,6826.0,yahoo
MOTILALOFS,5m,2026-09-25T11:05:00+05:30,1034.699951171875,1034.9000244140625,1033.199951171875,1034.199951171875,10916.0,yahoo
MOTILALOFS,5m,2026-09-25T11:10:00+05:30,1034.199951171875,1035.0,1032.300048828125,1034.5,9078.0,yahoo
MOTILALOFS,5m,2026-09-25T11:15:00+05:30,1035.0,1035.199951171875,1034.0999755859375,1035.199951171875,5759.0,yahoo
MOTILALOFS,5m,2026-09-25T11:20:00+05:30,1035.199951171875,1038.300048828125,1035.199951171875,1036.199951171875,9369.0,yahoo
MOTILALOFS,5m,2026-09-25T11:25:00+05:30,1036.0999755859375,1036.199951171875,1033.699951171875,1034.5,7620.0,yahoo
MOTILALOFS,5m,2026-09-25T11:30:00+05:30,1034.5,1035.300048828125,1032.0999755859375,1033.800048828125,13260.0,yahoo
MOTILALOFS,5m,2026-09-25T11:35:00+05:30,1033.699951171875,1035.699951171875,1033.0,1035.0,8902.0,yahoo
MOTILALOFS,5m,2026-09-25T11:40:00+05:30,1035.0,1035.300048828125,1033.699951171875,1035.0,5333.0,yahoo
MOTILALOFS,5m,2026-09-25T11:45:00+05:30,1035.0,1035.699951171875,1034.5999755859375,1035.300048828125,2878.0,yahoo
MOTILALOFS,5m,2026-09-25T11:50:00+05:30,1035.699951171875,1036.0,1034.0999755859375,1034.800048828125,3616.0,yahoo
MOTILALOFS,5m,2026-09-25T11:55:00+05:30,1034.800048828125,1037.699951171875,1034.800048828125,1037.0,24724.0,yahoo
MOTILALOFS,5m,2026-09-25T12:00:00+05:30,1037.0,1039.300048828125,1035.699951171875,1037.5999755859375,41684.0,yahoo
MOTILALOFS,5m,2026-09-25T12:05:00+05:30,1037.5999755859375,1038.0,1036.5,1037.699951171875,2053.0,yahoo
MOTILALOFS,5m,2026-09-25T12:10:00+05:30,1037.699951171875,1037.800048828125,1036.300048828125,1037.5,2543.0,yahoo
MOTILALOFS,5m,2026-09-25T12:15:00+05:30,1037.5,1038.300048828125,1037.0999755859375,1037.5,4214.0,yahoo
MOTILALOFS,5m,2026-09-25T12:20:00+05:30,1037.0999755859375,1037.0999755859375,1035.300048828125,1035.699951171875,3149.0,yahoo
MOTILALOFS,5m,2026-09-25T12:25:00+05:30,1035.699951171875,1035.699951171875,1035.0,1035.300048828125,2489.0,yahoo
MOTILALOFS,5m,2026-09-25T12:30:00+05:30,1035.199951171875,1037.5999755859375,1035.199951171875,1035.199951171875,8186.0,yahoo
MOTILALOFS,5m,2026-09-25T12:35:00+05:30,1035.5999755859375,1036.0999755859375,1034.5999755859375,1036.0,9765.0,yahoo
MOTILALOFS,5m,2026-09-25T12:40:00+05:30,1036.0,1036.0,1032.199951171875,1032.5,20121.0,yahoo
MOTILALOFS,5m,2026-09-25T12:45:00+05:30,1033.4000244140625,1033.4000244140625,1032.199951171875,1033.0999755859375,3794.0,yahoo
MOTILALOFS,5m,2026-09-25T12:50:00+05:30,1033.0999755859375,1033.199951171875,1031.5,1033.0,11103.0,yahoo
MOTILALOFS,5m,2026-09-25T12:55:00+05:30,1032.9000244140625,1034.0,1032.0,1034.0,3197.0,yahoo
MOTILALOFS,5m,2026-09-25T13:00:00+05:30,1034.199951171875,1034.5,1032.5999755859375,1033.0,2015.0,yahoo
MOTILALOFS,5m,2026-09-25T13:05:00+05:30,1033.0,1034.0,1032.0999755859375,1033.5,6262.0,yahoo
MOTILALOFS,5m,2026-09-25T13:10:00+05:30,1034.0,1034.4000244140625,1033.4000244140625,1033.9000244140625,2240.0,yahoo
MOTILALOFS,5m,2026-09-25T13:15:00+05:30,1033.9000244140625,1034.199951171875,1032.4000244140625,1034.199951171875,6103.0,yahoo
MOTILALOFS,5m,2026-09-25T13:20:00+05:30,1034.0999755859375,1034.699951171875,1033.199951171875,1034.0,6156.0,yahoo
MOTILALOFS,5m,2026-09-25T13:25:00+05:30,1034.0,1034.5,1033.4000244140625,1034.300048828125,2748.0,yahoo
MOTILALOFS,5m,2026-09-25T13:30:00+05:30,1033.5999755859375,1034.4000244140625,1032.199951171875,1033.0,2527.0,yahoo
MOTILALOFS,5m,2026-09-25T13:35:00+05:30,1032.5,1034.0,1030.9000244140625,1034.0,5964.0,yahoo
MOTILALOFS,5m,2026-09-25T13:40:00+05:30,1033.5,1034.199951171875,1032.300048828125,1033.800048828125,4656.0,yahoo
MOTILALOFS,5m,2026-09-25T13:45:00+05:30,1033.800048828125,1034.300048828125,1032.5,1033.4000244140625,4599.0,yahoo
MOTILALOFS,5m,2026-09-25T13:50:00+05:30,1033.0,1033.9000244140625,1032.699951171875,1032.800048828125,2822.0,yahoo
MOTILALOFS,5m,2026-09-25T13:55:00+05:30,1033.199951171875,1035.800048828125,1032.800048828125,1035.800048828125,4408.0,yahoo
MOTILALOFS,5m,2026-09-25T14:00:00+05:30,1035.800048828125,1040.0,1035.800048828125,1038.5999755859375,15000.0,yahoo
MOTILALOFS,5m,2026-09-25T14:05:00+05:30,1039.300048828125,1040.0,1037.300048828125,1037.9000244140625,5637.0,yahoo
MOTILALOFS,5m,2026-09-25T14:10:00+05:30,1037.199951171875,1038.0,1036.300048828125,1036.300048828125,5821.0,yahoo
MOTILALOFS,5m,2026-09-25T14:15:00+05:30,1036.0999755859375,1037.5,1036.0999755859375,1036.5,6531.0,yahoo
MOTILALOFS,5m,2026-09-25T14:20:00+05:30,1036.5,1036.699951171875,1034.5999755859375,1035.0,4254.0,yahoo
MOTILALOFS,5m,2026-09-25T14:25:00+05:30,1035.0,1035.9000244140625,1034.5999755859375,1034.5999755859375,1813.0,yahoo
MOTILALOFS,5m,2026-09-25T14:30:00+05:30,1034.5999755859375,1037.0999755859375,1034.5,1036.9000244140625,12073.0,yahoo
MOTILALOFS,5m,2026-09-25T14:35:00+05:30,1036.9000244140625,1038.5,1036.0,1037.5999755859375,4865.0,yahoo
MOTILALOFS,5m,2026-09-25T14:40:00+05:30,1037.5999755859375,1039.4000244140625,1036.0999755859375,1039.4000244140625,7341.0,yahoo
MOTILALOFS,5m,2026-09-25T14:45:00+05:30,1039.0,1040.5,1037.199951171875,1039.9000244140625,15238.0,yahoo
MOTILALOFS,5m,2026-09-25T14:50:00+05:30,1039.300048828125,1040.5,1038.0999755859375,1040.0,6971.0,yahoo
MOTILALOFS,5m,2026-09-25T14:55:00+05:30,1039.5999755859375,1039.9000244140625,1034.5,1035.4000244140625,16937.0,yahoo
MOTILALOFS,5m,2026-09-25T15:00:00+05:30,1034.5999755859375,1034.5999755859375,1030.4000244140625,1031.9000244140625,32665.0,yahoo
MOTILALOFS,5m,2026-09-25T15:05:00+05:30,1031.4000244140625,1033.4000244140625,1031.4000244140625,1032.199951171875,27596.0,yahoo
MOTILALOFS,5m,2026-09-25T15:10:00+05:30,1031.699951171875,1035.0,1031.5,1034.0,41333.0,yahoo
MOTILALOFS,5m,2026-09-25T15:15:00+05:30,1032.0,1032.0,1029.0,1029.0,9841.0,yahoo
NESTLEIND,5m,2026-09-25T09:15:00+05:30,1352.0,1359.800048828125,1349.199951171875,1357.0,0.0,yahoo
NESTLEIND,5m,2026-09-25T09:20:00+05:30,1356.0999755859375,1359.9000244140625,1355.699951171875,1357.0999755859375,8109.0,yahoo
NESTLEIND,5m,2026-09-25T09:25:00+05:30,1357.800048828125,1359.4000244140625,1356.0,1358.9000244140625,13184.0,yahoo
NESTLEIND,5m,2026-09-25T09:30:00+05:30,1358.9000244140625,1358.9000244140625,1356.4000244140625,1356.699951171875,5796.0,yahoo
NESTLEIND,5m,2026-09-25T09:35:00+05:30,1356.699951171875,1356.699951171875,1352.699951171875,1354.0,8828.0,yahoo
NESTLEIND,5m,2026-09-25T09:40:00+05:30,1354.300048828125,1355.0,1353.0,1354.300048828125,4788.0,yahoo
NESTLEIND,5m,2026-09-25T09:45:00+05:30,1354.300048828125,1355.9000244140625,1354.300048828125,1355.0999755859375,3102.0,yahoo
NESTLEIND,5m,2026-09-25T09:50:00+05:30,1355.0999755859375,1355.0999755859375,1351.699951171875,1352.199951171875,4163.0,yahoo
NESTLEIND,5m,2026-09-25T09:55:00+05:30,1352.0,1353.0999755859375,1351.699951171875,1352.4000244140625,2480.0,yahoo
NESTLEIND,5m,2026-09-25T10:00:00+05:30,1352.9000244140625,1355.300048828125,1352.5,1354.9000244140625,6519.0,yahoo
NESTLEIND,5m,2026-09-25T10:05:00+05:30,1354.9000244140625,1354.9000244140625,1354.0,1354.4000244140625,1927.0,yahoo
NESTLEIND,5m,2026-09-25T10:10:00+05:30,1354.199951171875,1355.0,1353.699951171875,1354.4000244140625,2549.0,yahoo
NESTLEIND,5m,2026-09-25T10:15:00+05:30,1354.4000244140625,1356.0,1354.0,1355.0,5703.0,yahoo
NESTLEIND,5m,2026-09-25T10:20:00+05:30,1355.300048828125,1355.300048828125,1352.699951171875,1354.4000244140625,2336.0,yahoo
NESTLEIND,5m,2026-09-25T10:25:00+05:30,1354.0999755859375,1355.0,1353.0,1353.199951171875,1752.0,yahoo
NESTLEIND,5m,2026-09-25T10:30:00+05:30,1353.199951171875,1354.699951171875,1351.9000244140625,1351.9000244140625,3600.0,yahoo
NESTLEIND,5m,2026-09-25T10:35:00+05:30,1352.0,1353.4000244140625,1351.699951171875,1352.699951171875,944.0,yahoo
NESTLEIND,5m,2026-09-25T10:40:00+05:30,1352.699951171875,1353.199951171875,1352.199951171875,1352.199951171875,2853.0,yahoo
NESTLEIND,5m,2026-09-25T10:45:00+05:30,1352.5999755859375,1352.699951171875,1351.0999755859375,1351.199951171875,1110.0,yahoo
NESTLEIND,5m,2026-09-25T10:50:00+05:30,1351.199951171875,1352.5,1350.699951171875,1351.0999755859375,3186.0,yahoo
NESTLEIND,5m,2026-09-25T10:55:00+05:30,1351.199951171875,1351.9000244140625,1350.9000244140625,1351.5999755859375,1895.0,yahoo
NESTLEIND,5m,2026-09-25T11:00:00+05:30,1351.5999755859375,1352.699951171875,1351.199951171875,1352.5,1144.0,yahoo
NESTLEIND,5m,2026-09-25T11:05:00+05:30,1352.4000244140625,1352.9000244140625,1352.0,1352.800048828125,2340.0,yahoo
NESTLEIND,5m,2026-09-25T11:10:00+05:30,1352.800048828125,1352.800048828125,1350.0,1350.199951171875,4022.0,yahoo
NESTLEIND,5m,2026-09-25T11:15:00+05:30,1350.300048828125,1351.4000244140625,1350.300048828125,1350.5,1558.0,yahoo
NESTLEIND,5m,2026-09-25T11:20:00+05:30,1350.9000244140625,1351.4000244140625,1349.300048828125,1349.300048828125,4789.0,yahoo
NESTLEIND,5m,2026-09-25T11:25:00+05:30,1349.300048828125,1351.199951171875,1348.5,1350.699951171875,5992.0,yahoo
NESTLEIND,5m,2026-09-25T11:30:00+05:30,1351.199951171875,1352.9000244140625,1350.9000244140625,1352.800048828125,4137.0,yahoo
NESTLEIND,5m,2026-09-25T11:35:00+05:30,1352.800048828125,1352.800048828125,1351.300048828125,1351.9000244140625,2144.0,yahoo
NESTLEIND,5m,2026-09-25T11:40:00+05:30,1351.9000244140625,1352.9000244140625,1350.9000244140625,1352.0999755859375,19322.0,yahoo
NESTLEIND,5m,2026-09-25T11:45:00+05:30,1352.0999755859375,1352.800048828125,1351.5,1352.5999755859375,1526.0,yahoo
NESTLEIND,5m,2026-09-25T11:50:00+05:30,1352.5999755859375,1354.9000244140625,1352.5999755859375,1353.800048828125,5459.0,yahoo
NESTLEIND,5m,2026-09-25T11:55:00+05:30,1353.5,1353.800048828125,1352.5,1352.9000244140625,1616.0,yahoo
NESTLEIND,5m,2026-09-25T12:00:00+05:30,1352.5999755859375,1354.300048828125,1352.5,1354.0999755859375,3624.0,yahoo
NESTLEIND,5m,2026-09-25T12:05:00+05:30,1354.0999755859375,1355.5999755859375,1353.4000244140625,1354.9000244140625,4561.0,yahoo
NESTLEIND,5m,2026-09-25T12:10:00+05:30,1354.5999755859375,1355.5,1353.5999755859375,1354.5,3181.0,yahoo
NESTLEIND,5m,2026-09-25T12:15:00+05:30,1354.5,1355.800048828125,1354.199951171875,1354.300048828125,1715.0,yahoo
NESTLEIND,5m,2026-09-25T12:20:00+05:30,1354.5999755859375,1355.0999755859375,1353.4000244140625,1354.0999755859375,2502.0,yahoo
NESTLEIND,5m,2026-09-25T12:25:00+05:30,1354.5999755859375,1356.5,1354.0,1356.300048828125,3019.0,yahoo
NESTLEIND,5m,2026-09-25T12:30:00+05:30,1356.300048828125,1356.5,1354.800048828125,1355.300048828125,1663.0,yahoo
NESTLEIND,5m,2026-09-25T12:35:00+05:30,1355.300048828125,1355.9000244140625,1353.5999755859375,1355.699951171875,2769.0,yahoo
NESTLEIND,5m,2026-09-25T12:40:00+05:30,1355.800048828125,1355.9000244140625,1355.0,1355.4000244140625,2445.0,yahoo
NESTLEIND,5m,2026-09-25T12:45:00+05:30,1355.4000244140625,1355.5,1353.9000244140625,1354.0999755859375,1941.0,yahoo
NESTLEIND,5m,2026-09-25T12:50:00+05:30,1354.5,1355.4000244140625,1353.9000244140625,1354.0,1872.0,yahoo
NESTLEIND,5m,2026-09-25T12:55:00+05:30,1354.0,1354.0,1351.5999755859375,1353.0,4632.0,yahoo
NESTLEIND,5m,2026-09-25T13:00:00+05:30,1353.300048828125,1355.5,1353.199951171875,1353.5,2825.0,yahoo
NESTLEIND,5m,2026-09-25T13:05:00+05:30,1353.5999755859375,1353.699951171875,1353.199951171875,1353.699951171875,1954.0,yahoo
NESTLEIND,5m,2026-09-25T13:10:00+05:30,1353.699951171875,1355.0,1353.4000244140625,1353.5999755859375,1985.0,yahoo
NESTLEIND,5m,2026-09-25T13:15:00+05:30,1353.9000244140625,1354.4000244140625,1352.800048828125,1353.0999755859375,3967.0,yahoo
NESTLEIND,5m,2026-09-25T13:20:00+05:30,1354.0999755859375,1355.0,1353.199951171875,1353.5,4004.0,yahoo
NESTLEIND,5m,2026-09-25T13:25:00+05:30,1353.800048828125,1353.9000244140625,1351.0,1352.0999755859375,3964.0,yahoo
NESTLEIND,5m,2026-09-25T13:30:00+05:30,1351.9000244140625,1352.0999755859375,1350.5,1351.800048828125,1177.0,yahoo
NESTLEIND,5m,2026-09-25T13:35:00+05:30,1351.800048828125,1352.800048828125,1351.300048828125,1352.300048828125,1652.0,yahoo
NESTLEIND,5m,2026-09-25T13:40:00+05:30,1352.300048828125,1352.699951171875,1351.9000244140625,1352.0999755859375,2335.0,yahoo
NESTLEIND,5m,2026-09-25T13:45:00+05:30,1352.300048828125,1353.4000244140625,1352.0,1353.4000244140625,3182.0,yahoo
NESTLEIND,5m,2026-09-25T13:50:00+05:30,1353.4000244140625,1353.4000244140625,1351.5,1352.0,5830.0,yahoo
NESTLEIND,5m,2026-09-25T13:55:00+05:30,1352.5,1353.5,1352.0,1353.5,1269.0,yahoo
NESTLEIND,5m,2026-09-25T14:00:00+05:30,1353.5,1361.0999755859375,1353.199951171875,1359.4000244140625,11792.0,yahoo
NESTLEIND,5m,2026-09-25T14:05:00+05:30,1359.699951171875,1359.699951171875,1357.199951171875,1357.300048828125,6628.0,yahoo
NESTLEIND,5m,2026-09-25T14:10:00+05:30,1357.5,1359.0999755859375,1357.199951171875,1357.9000244140625,4880.0,yahoo
NESTLEIND,5m,2026-09-25T14:15:00+05:30,1358.300048828125,1359.5999755859375,1358.300048828125,1358.4000244140625,6677.0,yahoo
NESTLEIND,5m,2026-09-25T14:20:00+05:30,1358.5,1359.0,1356.0999755859375,1357.199951171875,1206.0,yahoo
NESTLEIND,5m,2026-09-25T14:25:00+05:30,1357.699951171875,1358.0,1356.699951171875,1357.0999755859375,1772.0,yahoo
NESTLEIND,5m,2026-09-25T14:30:00+05:30,1357.5999755859375,1357.9000244140625,1356.699951171875,1356.9000244140625,1275.0,yahoo
NESTLEIND,5m,2026-09-25T14:35:00+05:30,1356.9000244140625,1359.0999755859375,1356.9000244140625,1359.0,13282.0,yahoo
NESTLEIND,5m,2026-09-25T14:40:00+05:30,1359.0,1359.0,1356.4000244140625,1357.4000244140625,5701.0,yahoo
NESTLEIND,5m,2026-09-25T14:45:00+05:30,1357.5999755859375,1359.800048828125,1357.5999755859375,1357.699951171875,3342.0,yahoo
NESTLEIND,5m,2026-09-25T14:50:00+05:30,1358.0999755859375,1358.4000244140625,1357.199951171875,1358.0,4601.0,yahoo
NESTLEIND,5m,2026-09-25T14:55:00+05:30,1358.0,1359.5999755859375,1357.5,1359.300048828125,6438.0,yahoo
NESTLEIND,5m,2026-09-25T15:00:00+05:30,1358.800048828125,1359.4000244140625,1358.800048828125,1359.0,8528.0,yahoo
NESTLEIND,5m,2026-09-25T15:05:00+05:30,1359.0,1359.9000244140625,1358.800048828125,1359.800048828125,10543.0,yahoo
NESTLEIND,5m,2026-09-25T15:10:00+05:30,1359.9000244140625,1362.0,1359.800048828125,1360.4000244140625,28874.0,yahoo
NESTLEIND,5m,2026-09-25T15:15:00+05:30,1356.9000244140625,1362.5999755859375,1356.9000244140625,1362.5999755859375,33399.0,yahoo
NIFTY50,5m,2026-09-25T09:15:00+05:30,23035.0,23104.099609375,23032.94921875,23074.30078125,0.0,yahoo
NIFTY50,5m,2026-09-25T09:20:00+05:30,23074.0,23095.25,23065.5,23083.099609375,0.0,yahoo
NIFTY50,5m,2026-09-25T09:25:00+05:30,23083.349609375,23116.650390625,23077.150390625,23116.650390625,0.0,yahoo
NIFTY50,5m,2026-09-25T09:30:00+05:30,23116.5,23121.400390625,23104.44921875,23111.44921875,0.0,yahoo
NIFTY50,5m,2026-09-25T09:35:00+05:30,23111.55078125,23112.75,23075.44921875,23077.75,0.0,yahoo
NIFTY50,5m,2026-09-25T09:40:00+05:30,23077.55078125,23079.400390625,23044.05078125,23052.599609375,0.0,yahoo
NIFTY50,5m,2026-09-25T09:45:00+05:30,23052.599609375,23063.75,23050.19921875,23051.80078125,0.0,yahoo
NIFTY50,5m,2026-09-25T09:50:00+05:30,23051.650390625,23059.94921875,23036.05078125,23046.69921875,0.0,yahoo
NIFTY50,5m,2026-09-25T09:55:00+05:30,23046.650390625,23060.849609375,23044.349609375,23059.0,0.0,yahoo
NIFTY50,5m,2026-09-25T10:00:00+05:30,23059.0,23083.0,23053.80078125,23080.75,0.0,yahoo
NIFTY50,5m,2026-09-25T10:05:00+05:30,23080.650390625,23100.5,23075.05078125,23098.75,0.0,yahoo
NIFTY50,5m,2026-09-25T10:10:00+05:30,23098.94921875,23108.5,23093.30078125,23100.599609375,0.0,yahoo
NIFTY50,5m,2026-09-25T10:15:00+05:30,23100.849609375,23106.900390625,23093.30078125,23097.80078125,0.0,yahoo
NIFTY50,5m,2026-09-25T10:20:00+05:30,23097.80078125,23106.25,23088.5,23089.150390625,0.0,yahoo
NIFTY50,5m,2026-09-25T10:25:00+05:30,23088.69921875,23098.25,23078.099609375,23085.400390625,0.0,yahoo
NIFTY50,5m,2026-09-25T10:30:00+05:30,23085.150390625,23090.25,23063.0,23063.94921875,0.0,yahoo
NIFTY50,5m,2026-09-25T10:35:00+05:30,23063.75,23076.0,23059.44921875,23070.349609375,0.0,yahoo
NIFTY50,5m,2026-09-25T10:40:00+05:30,23070.400390625,23074.55078125,23062.150390625,23065.69921875,0.0,yahoo
NIFTY50,5m,2026-09-25T10:45:00+05:30,23065.69921875,23067.099609375,23047.5,23051.400390625,0.0,yahoo
NIFTY50,5m,2026-09-25T10:50:00+05:30,23051.55078125,23063.25,23048.69921875,23060.349609375,0.0,yahoo
NIFTY50,5m,2026-09-25T10:55:00+05:30,23061.19921875,23068.30078125,23060.349609375,23063.849609375,0.0,yahoo
NIFTY50,5m,2026-09-25T11:00:00+05:30,23063.80078125,23083.599609375,23060.69921875,23077.0,0.0,yahoo
NIFTY50,5m,2026-09-25T11:05:00+05:30,23076.94921875,23091.349609375,23076.5,23087.80078125,0.0,yahoo
NIFTY50,5m,2026-09-25T11:10:00+05:30,23087.69921875,23093.5,23081.75,23091.25,0.0,yahoo
NIFTY50,5m,2026-09-25T11:15:00+05:30,23091.25,23098.25,23088.05078125,23095.44921875,0.0,yahoo
NIFTY50,5m,2026-09-25T11:20:00+05:30,23095.19921875,23104.94921875,23085.599609375,23086.150390625,0.0,yahoo
NIFTY50,5m,2026-09-25T11:25:00+05:30,23086.150390625,23087.0,23075.19921875,23077.099609375,0.0,yahoo
NIFTY50,5m,2026-09-25T11:30:00+05:30,23077.099609375,23091.150390625,23075.44921875,23083.19921875,0.0,yahoo
NIFTY50,5m,2026-09-25T11:35:00+05:30,23083.400390625,23086.599609375,23077.69921875,23084.55078125,0.0,yahoo
NIFTY50,5m,2026-09-25T11:40:00+05:30,23084.599609375,23088.400390625,23080.75,23083.69921875,0.0,yahoo
NIFTY50,5m,2026-09-25T11:45:00+05:30,23083.900390625,23089.0,23081.30078125,23083.400390625,0.0,yahoo
NIFTY50,5m,2026-09-25T11:50:00+05:30,23083.55078125,23091.599609375,23082.849609375,23087.150390625,0.0,yahoo
NIFTY50,5m,2026-09-25T11:55:00+05:30,23087.150390625,23089.05078125,23076.05078125,23076.25,0.0,yahoo
NIFTY50,5m,2026-09-25T12:00:00+05:30,23077.0,23080.44921875,23059.5,23066.25,0.0,yahoo
NIFTY50,5m,2026-09-25T12:05:00+05:30,23066.650390625,23074.80078125,23061.94921875,23074.55078125,0.0,yahoo
NIFTY50,5m,2026-09-25T12:10:00+05:30,23074.69921875,23084.80078125,23069.099609375,23082.0,0.0,yahoo
NIFTY50,5m,2026-09-25T12:15:00+05:30,23081.94921875,23083.75,23076.30078125,23079.0,0.0,yahoo
NIFTY50,5m,2026-09-25T12:20:00+05:30,23079.0,23080.19921875,23069.25,23073.849609375,0.0,yahoo
NIFTY50,5m,2026-09-25T12:25:00+05:30,23073.849609375,23084.25,23072.849609375,23082.44921875,0.0,yahoo
NIFTY50,5m,2026-09-25T12:30:00+05:30,23082.44921875,23089.849609375,23081.30078125,23081.849609375,0.0,yahoo
NIFTY50,5m,2026-09-25T12:35:00+05:30,23081.55078125,23083.94921875,23063.099609375,23073.75,0.0,yahoo
NIFTY50,5m,2026-09-25T12:40:00+05:30,23073.44921875,23073.75,23056.650390625,23056.75,0.0,yahoo
NIFTY50,5m,2026-09-25T12:45:00+05:30,23057.0,23058.69921875,23048.349609375,23048.75,0.0,yahoo
NIFTY50,5m,2026-09-25T12:50:00+05:30,23048.75,23050.19921875,23041.30078125,23042.599609375,0.0,yahoo
NIFTY50,5m,2026-09-25T12:55:00+05:30,23042.55078125,23044.849609375,23021.099609375,23040.69921875,0.0,yahoo
NIFTY50,5m,2026-09-25T13:00:00+05:30,23040.69921875,23051.900390625,23040.19921875,23043.94921875,0.0,yahoo
NIFTY50,5m,2026-09-25T13:05:00+05:30,23043.94921875,23051.44921875,23040.900390625,23051.30078125,0.0,yahoo
NIFTY50,5m,2026-09-25T13:10:00+05:30,23050.94921875,23055.44921875,23041.099609375,23043.099609375,0.0,yahoo
NIFTY50,5m,2026-09-25T13:15:00+05:30,23043.0,23045.94921875,23035.80078125,23037.5,0.0,yahoo
NIFTY50,5m,2026-09-25T13:20:00+05:30,23037.599609375,23042.650390625,23030.650390625,23032.80078125,0.0,yahoo
NIFTY50,5m,2026-09-25T13:25:00+05:30,23032.94921875,23043.349609375,23031.25,23040.44921875,0.0,yahoo
NIFTY50,5m,2026-09-25T13:30:00+05:30,23040.349609375,23042.30078125,23030.30078125,23032.44921875,0.0,yahoo
NIFTY50,5m,2026-09-25T13:35:00+05:30,23032.349609375,23042.30078125,23027.25,23036.900390625,0.0,yahoo
NIFTY50,5m,2026-09-25T13:40:00+05:30,23037.0,23047.900390625,23035.650390625,23043.150390625,0.0,yahoo
NIFTY50,5m,2026-09-25T13:45:00+05:30,23043.19921875,23054.099609375,23040.25,23044.400390625,0.0,yahoo
NIFTY50,5m,2026-09-25T13:50:00+05:30,23044.55078125,23049.25,23040.849609375,23046.55078125,0.0,yahoo
NIFTY50,5m,2026-09-25T13:55:00+05:30,23046.599609375,23063.69921875,23044.75,23063.19921875,0.0,yahoo
NIFTY50,5m,2026-09-25T14:00:00+05:30,23063.099609375,23162.55078125,23063.099609375,23152.30078125,0.0,yahoo
NIFTY50,5m,2026-09-25T14:05:00+05:30,23151.94921875,23158.150390625,23107.69921875,23111.400390625,0.0,yahoo
NIFTY50,5m,2026-09-25T14:10:00+05:30,23111.19921875,23128.05078125,23110.900390625,23116.30078125,0.0,yahoo
NIFTY50,5m,2026-09-25T14:15:00+05:30,23116.44921875,23132.599609375,23116.44921875,23124.25,0.0,yahoo
NIFTY50,5m,2026-09-25T14:20:00+05:30,23124.25,23124.599609375,23110.099609375,23112.75,0.0,yahoo
NIFTY50,5m,2026-09-25T14:25:00+05:30,23112.349609375,23128.80078125,23109.05078125,23118.900390625,0.0,yahoo
NIFTY50,5m,2026-09-25T14:30:00+05:30,23119.0,23137.0,23118.30078125,23133.19921875,0.0,yahoo
NIFTY50,5m,2026-09-25T14:35:00+05:30,23133.400390625,23138.94921875,23128.05078125,23137.80078125,0.0,yahoo
NIFTY50,5m,2026-09-25T14:40:00+05:30,23137.75,23139.150390625,23116.94921875,23122.05078125,0.0,yahoo
NIFTY50,5m,2026-09-25T14:45:00+05:30,23122.05078125,23127.30078125,23112.25,23113.55078125,0.0,yahoo
NIFTY50,5m,2026-09-25T14:50:00+05:30,23113.349609375,23123.75,23108.19921875,23123.19921875,0.0,yahoo
NIFTY50,5m,2026-09-25T14:55:00+05:30,23123.19921875,23124.44921875,23116.44921875,23123.400390625,0.0,yahoo
NIFTY50,5m,2026-09-25T15:00:00+05:30,23123.099609375,23124.69921875,23103.5,23113.55078125,0.0,yahoo
NIFTY50,5m,2026-09-25T15:05:00+05:30,23113.05078125,23120.80078125,23104.400390625,23107.900390625,0.0,yahoo
NIFTY50,5m,2026-09-25T15:10:00+05:30,23107.900390625,23130.44921875,23107.349609375,23127.599609375,0.0,yahoo
NIFTY50,5m,2026-09-25T15:15:00+05:30,23128.099609375,23128.099609375,23128.099609375,23128.099609375,0.0,yahoo
NIFTY50,5m,2026-09-25T15:20:00+05:30,23128.099609375,23128.099609375,23128.099609375,23128.099609375,0.0,yahoo
NIFTY50,5m,2026-09-25T15:25:00+05:30,23128.099609375,23140.5,23128.099609375,23140.5,0.0,yahoo
NMDC,5m,2026-09-25T09:15:00+05:30,80.69999694824219,81.04000091552734,80.55999755859375,80.73999786376953,0.0,yahoo
NMDC,5m,2026-09-25T09:20:00+05:30,80.70999908447266,80.73999786376953,80.58999633789062,80.7300033569336,177680.0,yahoo
NMDC,5m,2026-09-25T09:25:00+05:30,80.7699966430664,80.7699966430664,80.58999633789062,80.70999908447266,71742.0,yahoo
NMDC,5m,2026-09-25T09:30:00+05:30,80.69000244140625,81.06999969482422,80.69000244140625,80.94999694824219,87186.0,yahoo
NMDC,5m,2026-09-25T09:35:00+05:30,80.98999786376953,81.0,80.72000122070312,80.72000122070312,87133.0,yahoo
NMDC,5m,2026-09-25T09:40:00+05:30,80.7699966430664,80.77999877929688,80.55999755859375,80.55999755859375,64230.0,yahoo
NMDC,5m,2026-09-25T09:45:00+05:30,80.5199966430664,80.58000183105469,80.41000366210938,80.55000305175781,48379.0,yahoo
NMDC,5m,2026-09-25T09:50:00+05:30,80.55999755859375,80.5999984741211,80.5,80.58000183105469,25681.0,yahoo
NMDC,5m,2026-09-25T09:55:00+05:30,80.54000091552734,80.75,80.54000091552734,80.66999816894531,27291.0,yahoo
NMDC,5m,2026-09-25T10:00:00+05:30,80.66999816894531,80.87000274658203,80.5999984741211,80.80999755859375,625762.0,yahoo
NMDC,5m,2026-09-25T10:05:00+05:30,80.79000091552734,80.8499984741211,80.66999816894531,80.81999969482422,62702.0,yahoo
NMDC,5m,2026-09-25T10:10:00+05:30,80.8499984741211,81.0,80.79000091552734,80.9000015258789,154691.0,yahoo
NMDC,5m,2026-09-25T10:15:00+05:30,80.9000015258789,80.94000244140625,80.69999694824219,80.69999694824219,50807.0,yahoo
NMDC,5m,2026-09-25T10:20:00+05:30,80.69000244140625,80.69999694824219,80.58999633789062,80.58999633789062,62718.0,yahoo
NMDC,5m,2026-09-25T10:25:00+05:30,80.58000183105469,80.5999984741211,80.5,80.55999755859375,27837.0,yahoo
NMDC,5m,2026-09-25T10:30:00+05:30,80.55999755859375,80.55999755859375,80.36000061035156,80.36000061035156,88839.0,yahoo
NMDC,5m,2026-09-25T10:35:00+05:30,80.3499984741211,80.47000122070312,80.30000305175781,80.36000061035156,339345.0,yahoo
NMDC,5m,2026-09-25T10:40:00+05:30,80.31999969482422,80.41000366210938,80.2699966430664,80.27999877929688,53934.0,yahoo
NMDC,5m,2026-09-25T10:45:00+05:30,80.2699966430664,80.30000305175781,80.19999694824219,80.27999877929688,43943.0,yahoo
NMDC,5m,2026-09-25T10:50:00+05:30,80.27999877929688,80.33000183105469,80.23999786376953,80.29000091552734,35023.0,yahoo
NMDC,5m,2026-09-25T10:55:00+05:30,80.2699966430664,80.30000305175781,80.22000122070312,80.27999877929688,25248.0,yahoo
NMDC,5m,2026-09-25T11:00:00+05:30,80.27999877929688,80.45999908447266,80.19999694824219,80.43000030517578,308028.0,yahoo
NMDC,5m,2026-09-25T11:05:00+05:30,80.4000015258789,80.4000015258789,80.3499984741211,80.4000015258789,29914.0,yahoo
NMDC,5m,2026-09-25T11:10:00+05:30,80.37000274658203,80.38999938964844,80.29000091552734,80.3499984741211,28371.0,yahoo
NMDC,5m,2026-09-25T11:15:00+05:30,80.33000183105469,80.37000274658203,80.30999755859375,80.3499984741211,13791.0,yahoo
NMDC,5m,2026-09-25T11:20:00+05:30,80.30999755859375,80.41000366210938,80.27999877929688,80.31999969482422,30244.0,yahoo
NMDC,5m,2026-09-25T11:25:00+05:30,80.30000305175781,80.38999938964844,80.27999877929688,80.3499984741211,29897.0,yahoo
NMDC,5m,2026-09-25T11:30:00+05:30,80.3499984741211,80.38999938964844,80.31999969482422,80.3499984741211,12188.0,yahoo
NMDC,5m,2026-09-25T11:35:00+05:30,80.33999633789062,80.3499984741211,80.22000122070312,80.29000091552734,33858.0,yahoo
NMDC,5m,2026-09-25T11:40:00+05:30,80.26000213623047,80.30000305175781,80.26000213623047,80.29000091552734,9593.0,yahoo
NMDC,5m,2026-09-25T11:45:00+05:30,80.25,80.30000305175781,80.22000122070312,80.27999877929688,34850.0,yahoo
NMDC,5m,2026-09-25T11:50:00+05:30,80.25,80.2699966430664,80.22000122070312,80.23999786376953,21871.0,yahoo
NMDC,5m,2026-09-25T11:55:00+05:30,80.22000122070312,80.23999786376953,80.16000366210938,80.19999694824219,37633.0,yahoo
NMDC,5m,2026-09-25T12:00:00+05:30,80.19999694824219,80.19999694824219,80.12999725341797,80.19999694824219,52094.0,yahoo
NMDC,5m,2026-09-25T12:05:00+05:30,80.19999694824219,80.22000122070312,80.12000274658203,80.19999694824219,105851.0,yahoo
NMDC,5m,2026-09-25T12:10:00+05:30,80.19000244140625,80.2699966430664,80.18000030517578,80.25,78204.0,yahoo
NMDC,5m,2026-09-25T12:15:00+05:30,80.22000122070312,80.25,80.1500015258789,80.1500015258789,40734.0,yahoo
NMDC,5m,2026-09-25T12:20:00+05:30,80.16000366210938,80.20999908447266,80.12000274658203,80.20999908447266,22542.0,yahoo
NMDC,5m,2026-09-25T12:25:00+05:30,80.16999816894531,80.20999908447266,80.13999938964844,80.16999816894531,57621.0,yahoo
NMDC,5m,2026-09-25T12:30:00+05:30,80.1500015258789,80.19999694824219,80.12000274658203,80.12000274658203,28752.0,yahoo
NMDC,5m,2026-09-25T12:35:00+05:30,80.11000061035156,80.18000030517578,80.11000061035156,80.1500015258789,18310.0,yahoo
NMDC,5m,2026-09-25T12:40:00+05:30,80.16999816894531,80.16999816894531,80.08000183105469,80.08000183105469,135945.0,yahoo
NMDC,5m,2026-09-25T12:45:00+05:30,80.08999633789062,80.12999725341797,80.05000305175781,80.06999969482422,27169.0,yahoo
NMDC,5m,2026-09-25T12:50:00+05:30,80.06999969482422,80.06999969482422,80.01000213623047,80.02999877929688,72370.0,yahoo
NMDC,5m,2026-09-25T12:55:00+05:30,80.0199966430664,80.05999755859375,79.86000061035156,79.94999694824219,247024.0,yahoo
NMDC,5m,2026-09-25T13:00:00+05:30,79.9000015258789,79.95999908447266,79.8499984741211,79.86000061035156,65396.0,yahoo
NMDC,5m,2026-09-25T13:05:00+05:30,79.86000061035156,79.88999938964844,79.83000183105469,79.83999633789062,150815.0,yahoo
NMDC,5m,2026-09-25T13:10:00+05:30,79.81999969482422,79.91000366210938,79.80000305175781,79.83000183105469,69027.0,yahoo
NMDC,5m,2026-09-25T13:15:00+05:30,79.83000183105469,79.87000274658203,79.69000244140625,79.79000091552734,352646.0,yahoo
NMDC,5m,2026-09-25T13:20:00+05:30,79.79000091552734,79.86000061035156,79.7300033569336,79.79000091552734,95719.0,yahoo
NMDC,5m,2026-09-25T13:25:00+05:30,79.77999877929688,79.88999938964844,79.75,79.81999969482422,66451.0,yahoo
NMDC,5m,2026-09-25T13:30:00+05:30,79.8499984741211,79.8499984741211,79.80000305175781,79.83999633789062,33300.0,yahoo
NMDC,5m,2026-09-25T13:35:00+05:30,79.81999969482422,79.81999969482422,79.7300033569336,79.81999969482422,45797.0,yahoo
NMDC,5m,2026-09-25T13:40:00+05:30,79.81999969482422,79.87999725341797,79.79000091552734,79.79000091552734,166917.0,yahoo
NMDC,5m,2026-09-25T13:45:00+05:30,79.79000091552734,79.87000274658203,79.75,79.80999755859375,55280.0,yahoo
NMDC,5m,2026-09-25T13:50:00+05:30,79.80000305175781,79.81999969482422,79.75,79.80999755859375,56629.0,yahoo
NMDC,5m,2026-09-25T13:55:00+05:30,79.7699966430664,79.87999725341797,79.7699966430664,79.8499984741211,65161.0,yahoo
NMDC,5m,2026-09-25T14:00:00+05:30,79.9000015258789,80.26000213623047,79.86000061035156,80.1500015258789,117145.0,yahoo
NMDC,5m,2026-09-25T14:05:00+05:30,80.12000274658203,80.18000030517578,79.94000244140625,79.9800033569336,125117.0,yahoo
NMDC,5m,2026-09-25T14:10:00+05:30,79.93000030517578,80.02999877929688,79.83999633789062,79.83999633789062,144126.0,yahoo
NMDC,5m,2026-09-25T14:15:00+05:30,79.87000274658203,80.0199966430664,79.86000061035156,79.94000244140625,118384.0,yahoo
NMDC,5m,2026-09-25T14:20:00+05:30,79.93000030517578,79.95999908447266,79.87999725341797,79.91999816894531,80229.0,yahoo
NMDC,5m,2026-09-25T14:25:00+05:30,79.94000244140625,80.0999984741211,79.8499984741211,80.05999755859375,115116.0,yahoo
NMDC,5m,2026-09-25T14:30:00+05:30,80.05999755859375,80.12000274658203,79.94999694824219,80.0,124119.0,yahoo
NMDC,5m,2026-09-25T14:35:00+05:30,79.95999908447266,80.0,79.8499984741211,79.93000030517578,77320.0,yahoo
NMDC,5m,2026-09-25T14:40:00+05:30,79.91000366210938,79.94000244140625,79.75,79.80000305175781,101235.0,yahoo
NMDC,5m,2026-09-25T14:45:00+05:30,79.7699966430664,79.80999755859375,79.70999908447266,79.75,92020.0,yahoo
NMDC,5m,2026-09-25T14:50:00+05:30,79.72000122070312,79.7699966430664,79.66999816894531,79.7699966430664,410467.0,yahoo
NMDC,5m,2026-09-25T14:55:00+05:30,79.73999786376953,79.80000305175781,79.68000030517578,79.72000122070312,627822.0,yahoo
NMDC,5m,2026-09-25T15:00:00+05:30,79.73999786376953,79.73999786376953,79.58999633789062,79.6500015258789,403629.0,yahoo
NMDC,5m,2026-09-25T15:05:00+05:30,79.66000366210938,79.80000305175781,79.62999725341797,79.80000305175781,1088869.0,yahoo
NMDC,5m,2026-09-25T15:10:00+05:30,79.80000305175781,79.9800033569336,79.70999908447266,79.75,2170189.0,yahoo
NMDC,5m,2026-09-25T15:15:00+05:30,79.75,79.9000015258789,79.75,79.9000015258789,119760.0,yahoo
NTPC,5m,2026-09-25T09:15:00+05:30,326.20001220703125,326.8999938964844,325.8999938964844,326.0,0.0,yahoo
NTPC,5m,2026-09-25T09:20:00+05:30,326.0,326.45001220703125,325.6000061035156,325.95001220703125,76607.0,yahoo
NTPC,5m,2026-09-25T09:25:00+05:30,325.95001220703125,326.04998779296875,325.54998779296875,325.8500061035156,53545.0,yahoo
NTPC,5m,2026-09-25T09:30:00+05:30,325.8999938964844,326.0,325.6499938964844,325.8999938964844,35342.0,yahoo
NTPC,5m,2026-09-25T09:35:00+05:30,325.8999938964844,325.8999938964844,324.8500061035156,325.0,76899.0,yahoo
NTPC,5m,2026-09-25T09:40:00+05:30,324.8999938964844,325.25,324.6000061035156,325.25,80612.0,yahoo
NTPC,5m,2026-09-25T09:45:00+05:30,325.25,325.5,325.1000061035156,325.5,37847.0,yahoo
NTPC,5m,2026-09-25T09:50:00+05:30,325.45001220703125,325.79998779296875,324.6499938964844,324.95001220703125,116781.0,yahoo
NTPC,5m,2026-09-25T09:55:00+05:30,324.95001220703125,325.3500061035156,324.8999938964844,325.25,23060.0,yahoo
NTPC,5m,2026-09-25T10:00:00+05:30,325.25,325.70001220703125,325.25,325.70001220703125,20441.0,yahoo
NTPC,5m,2026-09-25T10:05:00+05:30,325.70001220703125,325.70001220703125,325.3999938964844,325.45001220703125,38233.0,yahoo
NTPC,5m,2026-09-25T10:10:00+05:30,325.3999938964844,325.95001220703125,325.3999938964844,325.70001220703125,24339.0,yahoo
NTPC,5m,2026-09-25T10:15:00+05:30,325.75,325.8500061035156,325.6499938964844,325.70001220703125,60046.0,yahoo
NTPC,5m,2026-09-25T10:20:00+05:30,325.75,325.79998779296875,325.6499938964844,325.79998779296875,16081.0,yahoo
NTPC,5m,2026-09-25T10:25:00+05:30,325.79998779296875,325.8500061035156,325.6000061035156,325.70001220703125,6811.0,yahoo
NTPC,5m,2026-09-25T10:30:00+05:30,325.70001220703125,325.79998779296875,325.20001220703125,325.20001220703125,24984.0,yahoo
NTPC,5m,2026-09-25T10:35:00+05:30,325.1000061035156,325.20001220703125,324.79998779296875,325.1000061035156,40389.0,yahoo
NTPC,5m,2026-09-25T10:40:00+05:30,325.20001220703125,325.29998779296875,325.1000061035156,325.25,17488.0,yahoo
NTPC,5m,2026-09-25T10:45:00+05:30,325.20001220703125,325.29998779296875,325.1000061035156,325.20001220703125,13749.0,yahoo
NTPC,5m,2026-09-25T10:50:00+05:30,325.20001220703125,325.45001220703125,325.20001220703125,325.29998779296875,9628.0,yahoo
NTPC,5m,2026-09-25T10:55:00+05:30,325.3999938964844,325.54998779296875,325.29998779296875,325.29998779296875,21146.0,yahoo
NTPC,5m,2026-09-25T11:00:00+05:30,325.29998779296875,325.5,325.20001220703125,325.45001220703125,15098.0,yahoo
NTPC,5m,2026-09-25T11:05:00+05:30,325.45001220703125,325.6000061035156,325.29998779296875,325.45001220703125,15937.0,yahoo
NTPC,5m,2026-09-25T11:10:00+05:30,325.45001220703125,325.5,325.29998779296875,325.45001220703125,8934.0,yahoo
NTPC,5m,2026-09-25T11:15:00+05:30,325.5,325.5,324.8500061035156,324.8500061035156,26718.0,yahoo
NTPC,5m,2026-09-25T11:20:00+05:30,324.8999938964844,325.04998779296875,324.75,324.79998779296875,20237.0,yahoo
NTPC,5m,2026-09-25T11:25:00+05:30,324.79998779296875,324.8500061035156,324.3500061035156,324.3999938964844,36754.0,yahoo
NTPC,5m,2026-09-25T11:30:00+05:30,324.3999938964844,324.6499938964844,324.3500061035156,324.6499938964844,17783.0,yahoo
NTPC,5m,2026-09-25T11:35:00+05:30,324.6499938964844,324.8500061035156,324.6499938964844,324.75,9365.0,yahoo
NTPC,5m,2026-09-25T11:40:00+05:30,324.79998779296875,325.25,324.6000061035156,325.0,26698.0,yahoo
NTPC,5m,2026-09-25T11:45:00+05:30,325.04998779296875,325.25,325.0,325.1000061035156,19089.0,yahoo
NTPC,5m,2026-09-25T11:50:00+05:30,325.04998779296875,325.20001220703125,324.8999938964844,325.0,14583.0,yahoo
NTPC,5m,2026-09-25T11:55:00+05:30,324.95001220703125,325.04998779296875,324.8500061035156,325.0,15327.0,yahoo
NTPC,5m,2026-09-25T12:00:00+05:30,325.04998779296875,325.1499938964844,324.5,324.8999938964844,284145.0,yahoo
NTPC,5m,2026-09-25T12:05:00+05:30,324.79998779296875,325.0,324.75,324.8999938964844,28676.0,yahoo
NTPC,5m,2026-09-25T12:10:00+05:30,324.8500061035156,325.25,324.8500061035156,325.20001220703125,24137.0,yahoo
NTPC,5m,2026-09-25T12:15:00+05:30,325.20001220703125,325.20001220703125,324.95001220703125,325.04998779296875,15932.0,yahoo
NTPC,5m,2026-09-25T12:20:00+05:30,325.04998779296875,325.04998779296875,324.79998779296875,324.95001220703125,13009.0,yahoo
NTPC,5m,2026-09-25T12:25:00+05:30,324.95001220703125,325.0,324.75,324.75,25530.0,yahoo
NTPC,5m,2026-09-25T12:30:00+05:30,324.8999938964844,325.0,324.70001220703125,324.8500061035156,28149.0,yahoo
NTPC,5m,2026-09-25T12:35:00+05:30,324.8500061035156,324.95001220703125,324.5,324.8500061035156,30087.0,yahoo
NTPC,5m,2026-09-25T12:40:00+05:30,324.75,324.79998779296875,324.25,324.54998779296875,43355.0,yahoo
NTPC,5m,2026-09-25T12:45:00+05:30,324.6000061035156,324.79998779296875,324.54998779296875,324.70001220703125,17410.0,yahoo
NTPC,5m,2026-09-25T12:50:00+05:30,324.70001220703125,324.75,324.5,324.6000061035156,18078.0,yahoo
NTPC,5m,2026-09-25T12:55:00+05:30,324.6499938964844,324.70001220703125,324.04998779296875,324.25,110560.0,yahoo
NTPC,5m,2026-09-25T13:00:00+05:30,324.29998779296875,324.5,324.1499938964844,324.20001220703125,40231.0,yahoo
NTPC,5m,2026-09-25T13:05:00+05:30,324.20001220703125,324.3999938964844,324.20001220703125,324.20001220703125,10919.0,yahoo
NTPC,5m,2026-09-25T13:10:00+05:30,324.29998779296875,324.29998779296875,324.0,324.04998779296875,34719.0,yahoo
NTPC,5m,2026-09-25T13:15:00+05:30,324.04998779296875,324.20001220703125,323.95001220703125,324.04998779296875,36209.0,yahoo
NTPC,5m,2026-09-25T13:20:00+05:30,324.1499938964844,324.3500061035156,323.95001220703125,323.95001220703125,37870.0,yahoo
NTPC,5m,2026-09-25T13:25:00+05:30,324.0,324.54998779296875,323.8500061035156,324.5,303718.0,yahoo
NTPC,5m,2026-09-25T13:30:00+05:30,324.5,325.04998779296875,324.5,324.70001220703125,232050.0,yahoo
NTPC,5m,2026-09-25T13:35:00+05:30,324.70001220703125,325.04998779296875,324.6499938964844,324.8999938964844,45811.0,yahoo
NTPC,5m,2026-09-25T13:40:00+05:30,325.0,325.04998779296875,324.3999938964844,324.6499938964844,67431.0,yahoo
NTPC,5m,2026-09-25T13:45:00+05:30,324.70001220703125,324.8999938964844,324.5,324.75,204467.0,yahoo
NTPC,5m,2026-09-25T13:50:00+05:30,324.75,325.04998779296875,324.6000061035156,325.04998779296875,172804.0,yahoo
NTPC,5m,2026-09-25T13:55:00+05:30,325.04998779296875,325.20001220703125,324.95001220703125,325.1000061035156,27314.0,yahoo
NTPC,5m,2026-09-25T14:00:00+05:30,325.1499938964844,326.45001220703125,325.1499938964844,326.3999938964844,120218.0,yahoo
NTPC,5m,2026-09-25T14:05:00+05:30,326.3999938964844,326.79998779296875,326.04998779296875,326.04998779296875,218446.0,yahoo
NTPC,5m,2026-09-25T14:10:00+05:30,326.1000061035156,326.3500061035156,326.0,326.1000061035156,35738.0,yahoo
NTPC,5m,2026-09-25T14:15:00+05:30,326.20001220703125,326.20001220703125,325.75,326.0,172701.0,yahoo
NTPC,5m,2026-09-25T14:20:00+05:30,326.0,326.04998779296875,325.6499938964844,325.6499938964844,187106.0,yahoo
NTPC,5m,2026-09-25T14:25:00+05:30,325.79998779296875,326.1000061035156,325.6000061035156,326.1000061035156,64948.0,yahoo
NTPC,5m,2026-09-25T14:30:00+05:30,326.04998779296875,326.54998779296875,326.04998779296875,326.5,302121.0,yahoo
NTPC,5m,2026-09-25T14:35:00+05:30,326.5,326.8500061035156,326.3999938964844,326.79998779296875,348373.0,yahoo
NTPC,5m,2026-09-25T14:40:00+05:30,326.75,326.79998779296875,326.0,326.1000061035156,239471.0,yahoo
NTPC,5m,2026-09-25T14:45:00+05:30,326.04998779296875,326.29998779296875,325.8999938964844,325.95001220703125,78111.0,yahoo
NTPC,5m,2026-09-25T14:50:00+05:30,326.0,326.04998779296875,325.6499938964844,325.8999938964844,263712.0,yahoo
NTPC,5m,2026-09-25T14:55:00+05:30,325.8999938964844,326.04998779296875,325.8500061035156,325.8999938964844,69408.0,yahoo
NTPC,5m,2026-09-25T15:00:00+05:30,325.8999938964844,326.04998779296875,325.8500061035156,326.04998779296875,162629.0,yahoo
NTPC,5m,2026-09-25T15:05:00+05:30,326.1499938964844,326.1499938964844,325.6000061035156,325.6499938964844,325651.0,yahoo
NTPC,5m,2026-09-25T15:10:00+05:30,325.70001220703125,326.3500061035156,325.6499938964844,326.20001220703125,335180.0,yahoo
NTPC,5m,2026-09-25T15:15:00+05:30,326.20001220703125,326.6000061035156,326.20001220703125,326.6000061035156,149056.0,yahoo
OBEROIRLTY,5m,2026-09-25T09:15:00+05:30,1840.4000244140625,1869.300048828125,1840.4000244140625,1857.800048828125,0.0,yahoo
OBEROIRLTY,5m,2026-09-25T09:20:00+05:30,1857.4000244140625,1861.5,1851.4000244140625,1851.4000244140625,15664.0,yahoo
OBEROIRLTY,5m,2026-09-25T09:25:00+05:30,1848.5999755859375,1854.199951171875,1847.5999755859375,1850.199951171875,9892.0,yahoo
OBEROIRLTY,5m,2026-09-25T09:30:00+05:30,1849.699951171875,1853.300048828125,1844.800048828125,1845.5,4936.0,yahoo
OBEROIRLTY,5m,2026-09-25T09:35:00+05:30,1846.300048828125,1846.300048828125,1840.0,1843.5999755859375,7180.0,yahoo
OBEROIRLTY,5m,2026-09-25T09:40:00+05:30,1843.9000244140625,1857.300048828125,1841.0999755859375,1853.0,19063.0,yahoo
OBEROIRLTY,5m,2026-09-25T09:45:00+05:30,1853.0,1855.199951171875,1850.199951171875,1852.699951171875,3388.0,yahoo
OBEROIRLTY,5m,2026-09-25T09:50:00+05:30,1851.300048828125,1853.800048828125,1850.0,1850.5999755859375,2743.0,yahoo
OBEROIRLTY,5m,2026-09-25T09:55:00+05:30,1850.699951171875,1857.4000244140625,1850.699951171875,1857.4000244140625,3414.0,yahoo
OBEROIRLTY,5m,2026-09-25T10:00:00+05:30,1857.199951171875,1860.5999755859375,1854.800048828125,1860.5999755859375,4764.0,yahoo
OBEROIRLTY,5m,2026-09-25T10:05:00+05:30,1860.5999755859375,1866.4000244140625,1859.699951171875,1865.800048828125,2644.0,yahoo
OBEROIRLTY,5m,2026-09-25T10:10:00+05:30,1865.800048828125,1865.800048828125,1863.0999755859375,1863.699951171875,6353.0,yahoo
OBEROIRLTY,5m,2026-09-25T10:15:00+05:30,1861.800048828125,1863.9000244140625,1860.4000244140625,1862.9000244140625,3582.0,yahoo
OBEROIRLTY,5m,2026-09-25T10:20:00+05:30,1862.4000244140625,1865.0,1862.0999755859375,1862.0999755859375,2103.0,yahoo
OBEROIRLTY,5m,2026-09-25T10:25:00+05:30,1862.0999755859375,1862.699951171875,1859.4000244140625,1859.5999755859375,3853.0,yahoo
OBEROIRLTY,5m,2026-09-25T10:30:00+05:30,1859.800048828125,1863.5,1859.5999755859375,1859.5999755859375,3301.0,yahoo
OBEROIRLTY,5m,2026-09-25T10:35:00+05:30,1859.5999755859375,1863.0,1859.300048828125,1863.0,2115.0,yahoo
OBEROIRLTY,5m,2026-09-25T10:40:00+05:30,1861.800048828125,1864.0,1860.0,1860.199951171875,2262.0,yahoo
OBEROIRLTY,5m,2026-09-25T10:45:00+05:30,1860.199951171875,1860.199951171875,1853.0,1856.0999755859375,7146.0,yahoo
OBEROIRLTY,5m,2026-09-25T10:50:00+05:30,1855.4000244140625,1857.0,1855.4000244140625,1856.300048828125,1932.0,yahoo
OBEROIRLTY,5m,2026-09-25T10:55:00+05:30,1858.5,1859.9000244140625,1853.800048828125,1859.0999755859375,2628.0,yahoo
OBEROIRLTY,5m,2026-09-25T11:00:00+05:30,1859.0999755859375,1863.800048828125,1859.0999755859375,1861.199951171875,1274.0,yahoo
OBEROIRLTY,5m,2026-09-25T11:05:00+05:30,1861.199951171875,1865.0999755859375,1860.800048828125,1863.5,1327.0,yahoo
OBEROIRLTY,5m,2026-09-25T11:10:00+05:30,1863.4000244140625,1866.0999755859375,1862.5,1866.0999755859375,711.0,yahoo
OBEROIRLTY,5m,2026-09-25T11:15:00+05:30,1866.9000244140625,1877.199951171875,1866.699951171875,1877.199951171875,21640.0,yahoo
OBEROIRLTY,5m,2026-09-25T11:20:00+05:30,1877.800048828125,1882.9000244140625,1863.800048828125,1870.699951171875,64635.0,yahoo
OBEROIRLTY,5m,2026-09-25T11:25:00+05:30,1871.800048828125,1875.199951171875,1870.5,1873.800048828125,9661.0,yahoo
OBEROIRLTY,5m,2026-09-25T11:30:00+05:30,1870.800048828125,1872.4000244140625,1856.4000244140625,1859.199951171875,82399.0,yahoo
OBEROIRLTY,5m,2026-09-25T11:35:00+05:30,1859.199951171875,1859.5,1856.4000244140625,1856.4000244140625,8478.0,yahoo
OBEROIRLTY,5m,2026-09-25T11:40:00+05:30,1857.199951171875,1858.300048828125,1853.5999755859375,1858.300048828125,9402.0,yahoo
OBEROIRLTY,5m,2026-09-25T11:45:00+05:30,1858.300048828125,1863.199951171875,1857.199951171875,1860.800048828125,7394.0,yahoo
OBEROIRLTY,5m,2026-09-25T11:50:00+05:30,1860.699951171875,1862.800048828125,1859.9000244140625,1861.199951171875,4377.0,yahoo
OBEROIRLTY,5m,2026-09-25T11:55:00+05:30,1860.800048828125,1864.5999755859375,1860.800048828125,1863.800048828125,7074.0,yahoo
OBEROIRLTY,5m,2026-09-25T12:00:00+05:30,1864.5,1867.4000244140625,1864.0,1867.199951171875,8515.0,yahoo
OBEROIRLTY,5m,2026-09-25T12:05:00+05:30,1866.9000244140625,1866.9000244140625,1862.199951171875,1865.5,9220.0,yahoo
OBEROIRLTY,5m,2026-09-25T12:10:00+05:30,1865.300048828125,1866.0,1862.699951171875,1864.5,5260.0,yahoo
OBEROIRLTY,5m,2026-09-25T12:15:00+05:30,1865.300048828125,1865.300048828125,1862.699951171875,1864.0,6171.0,yahoo
OBEROIRLTY,5m,2026-09-25T12:20:00+05:30,1864.0,1864.0,1861.0999755859375,1863.699951171875,5918.0,yahoo
OBEROIRLTY,5m,2026-09-25T12:25:00+05:30,1863.300048828125,1863.800048828125,1861.0999755859375,1861.800048828125,4965.0,yahoo
OBEROIRLTY,5m,2026-09-25T12:30:00+05:30,1861.699951171875,1865.0,1858.300048828125,1859.0999755859375,6755.0,yahoo
OBEROIRLTY,5m,2026-09-25T12:35:00+05:30,1859.199951171875,1859.5999755859375,1857.800048828125,1858.0999755859375,4682.0,yahoo
OBEROIRLTY,5m,2026-09-25T12:40:00+05:30,1859.5999755859375,1860.0999755859375,1855.5,1856.0,5486.0,yahoo
OBEROIRLTY,5m,2026-09-25T12:45:00+05:30,1857.0,1857.300048828125,1854.4000244140625,1855.699951171875,7218.0,yahoo
OBEROIRLTY,5m,2026-09-25T12:50:00+05:30,1855.0999755859375,1855.9000244140625,1852.5999755859375,1855.0,8293.0,yahoo
OBEROIRLTY,5m,2026-09-25T12:55:00+05:30,1854.5999755859375,1857.0999755859375,1854.5999755859375,1856.199951171875,4617.0,yahoo
OBEROIRLTY,5m,2026-09-25T13:00:00+05:30,1856.5999755859375,1857.5,1855.5,1856.5999755859375,5328.0,yahoo
OBEROIRLTY,5m,2026-09-25T13:05:00+05:30,1856.300048828125,1857.5999755859375,1855.800048828125,1856.699951171875,4588.0,yahoo
OBEROIRLTY,5m,2026-09-25T13:10:00+05:30,1856.699951171875,1858.800048828125,1855.699951171875,1856.800048828125,5391.0,yahoo
OBEROIRLTY,5m,2026-09-25T13:15:00+05:30,1857.0,1858.9000244140625,1856.0,1857.9000244140625,5271.0,yahoo
OBEROIRLTY,5m,2026-09-25T13:20:00+05:30,1857.9000244140625,1859.9000244140625,1855.5,1855.5,4914.0,yahoo
OBEROIRLTY,5m,2026-09-25T13:25:00+05:30,1855.9000244140625,1859.0999755859375,1855.4000244140625,1858.0999755859375,5484.0,yahoo
OBEROIRLTY,5m,2026-09-25T13:30:00+05:30,1858.4000244140625,1858.5,1854.4000244140625,1854.4000244140625,5452.0,yahoo
OBEROIRLTY,5m,2026-09-25T13:35:00+05:30,1855.5999755859375,1855.800048828125,1850.800048828125,1851.699951171875,10348.0,yahoo
OBEROIRLTY,5m,2026-09-25T13:40:00+05:30,1852.199951171875,1854.199951171875,1851.9000244140625,1852.4000244140625,5896.0,yahoo
OBEROIRLTY,5m,2026-09-25T13:45:00+05:30,1852.300048828125,1856.0,1851.5,1854.4000244140625,5112.0,yahoo
OBEROIRLTY,5m,2026-09-25T13:50:00+05:30,1854.9000244140625,1857.4000244140625,1852.4000244140625,1855.0999755859375,7700.0,yahoo
OBEROIRLTY,5m,2026-09-25T13:55:00+05:30,1855.5,1859.699951171875,1855.0,1859.0999755859375,4968.0,yahoo
OBEROIRLTY,5m,2026-09-25T14:00:00+05:30,1859.0,1862.199951171875,1858.4000244140625,1861.5,18731.0,yahoo
OBEROIRLTY,5m,2026-09-25T14:05:00+05:30,1862.199951171875,1862.199951171875,1856.0999755859375,1856.5,7811.0,yahoo
OBEROIRLTY,5m,2026-09-25T14:10:00+05:30,1857.199951171875,1858.800048828125,1855.9000244140625,1857.199951171875,6189.0,yahoo
OBEROIRLTY,5m,2026-09-25T14:15:00+05:30,1857.5999755859375,1859.300048828125,1856.5999755859375,1857.0999755859375,5553.0,yahoo
OBEROIRLTY,5m,2026-09-25T14:20:00+05:30,1858.199951171875,1859.4000244140625,1857.199951171875,1858.0999755859375,5801.0,yahoo
OBEROIRLTY,5m,2026-09-25T14:25:00+05:30,1858.5999755859375,1860.800048828125,1858.199951171875,1858.699951171875,6050.0,yahoo
OBEROIRLTY,5m,2026-09-25T14:30:00+05:30,1859.0,1862.9000244140625,1858.5,1862.4000244140625,8912.0,yahoo
OBEROIRLTY,5m,2026-09-25T14:35:00+05:30,1863.199951171875,1863.699951171875,1861.199951171875,1862.0999755859375,5548.0,yahoo
OBEROIRLTY,5m,2026-09-25T14:40:00+05:30,1863.0999755859375,1863.0999755859375,1859.800048828125,1859.800048828125,6020.0,yahoo
OBEROIRLTY,5m,2026-09-25T14:45:00+05:30,1860.800048828125,1862.0,1857.699951171875,1858.5999755859375,7053.0,yahoo
OBEROIRLTY,5m,2026-09-25T14:50:00+05:30,1859.300048828125,1862.300048828125,1858.0999755859375,1862.300048828125,8382.0,yahoo
OBEROIRLTY,5m,2026-09-25T14:55:00+05:30,1862.300048828125,1862.800048828125,1857.800048828125,1859.300048828125,15100.0,yahoo
OBEROIRLTY,5m,2026-09-25T15:00:00+05:30,1854.9000244140625,1855.5,1853.0,1853.4000244140625,9930.0,yahoo
OBEROIRLTY,5m,2026-09-25T15:05:00+05:30,1852.9000244140625,1858.0999755859375,1852.9000244140625,1856.699951171875,13621.0,yahoo
OBEROIRLTY,5m,2026-09-25T15:10:00+05:30,1856.699951171875,1862.9000244140625,1852.0,1860.0,14488.0,yahoo
OBEROIRLTY,5m,2026-09-25T15:15:00+05:30,1861.5999755859375,1861.5999755859375,1858.5,1858.5,3445.0,yahoo
ONGC,5m,2026-09-25T09:15:00+05:30,237.22999572753906,237.36000061035156,235.83999633789062,236.52000427246094,0.0,yahoo
ONGC,5m,2026-09-25T09:20:00+05:30,236.5,236.7100067138672,235.61000061035156,235.9499969482422,227874.0,yahoo
ONGC,5m,2026-09-25T09:25:00+05:30,235.9499969482422,236.33999633789062,235.9499969482422,236.2100067138672,136435.0,yahoo
ONGC,5m,2026-09-25T09:30:00+05:30,236.22000122070312,236.4499969482422,236.22000122070312,236.4499969482422,109460.0,yahoo
ONGC,5m,2026-09-25T09:35:00+05:30,236.38999938964844,236.5399932861328,236.25,236.4499969482422,74116.0,yahoo
ONGC,5m,2026-09-25T09:40:00+05:30,236.61000061035156,236.92999267578125,236.47999572753906,236.60000610351562,94166.0,yahoo
ONGC,5m,2026-09-25T09:45:00+05:30,236.61000061035156,236.6999969482422,236.52000427246094,236.66000366210938,78728.0,yahoo
ONGC,5m,2026-09-25T09:50:00+05:30,236.61000061035156,236.74000549316406,236.52999877929688,236.6199951171875,57625.0,yahoo
ONGC,5m,2026-09-25T09:55:00+05:30,236.64999389648438,236.67999267578125,236.36000061035156,236.4600067138672,56061.0,yahoo
ONGC,5m,2026-09-25T10:00:00+05:30,236.5,236.61000061035156,236.3800048828125,236.58999633789062,41390.0,yahoo
ONGC,5m,2026-09-25T10:05:00+05:30,236.50999450683594,236.64999389648438,236.36000061035156,236.5500030517578,44223.0,yahoo
ONGC,5m,2026-09-25T10:10:00+05:30,236.5500030517578,236.6999969482422,236.3699951171875,236.6999969482422,49820.0,yahoo
ONGC,5m,2026-09-25T10:15:00+05:30,236.5,236.63999938964844,236.42999267578125,236.5,57446.0,yahoo
ONGC,5m,2026-09-25T10:20:00+05:30,236.5,236.72999572753906,236.4600067138672,236.55999755859375,31429.0,yahoo
ONGC,5m,2026-09-25T10:25:00+05:30,236.55999755859375,236.60000610351562,236.27999877929688,236.2899932861328,36747.0,yahoo
ONGC,5m,2026-09-25T10:30:00+05:30,236.3699951171875,236.38999938964844,236.1699981689453,236.17999267578125,37437.0,yahoo
ONGC,5m,2026-09-25T10:35:00+05:30,236.19000244140625,236.25,236.0500030517578,236.0500030517578,30510.0,yahoo
ONGC,5m,2026-09-25T10:40:00+05:30,236.1199951171875,236.1699981689453,235.83999633789062,235.83999633789062,55797.0,yahoo
ONGC,5m,2026-09-25T10:45:00+05:30,235.86000061035156,236.2100067138672,235.85000610351562,236.0800018310547,40667.0,yahoo
ONGC,5m,2026-09-25T10:50:00+05:30,236.0800018310547,236.14999389648438,235.89999389648438,235.97999572753906,23099.0,yahoo
ONGC,5m,2026-09-25T10:55:00+05:30,235.97999572753906,236.1699981689453,235.8300018310547,235.9499969482422,44360.0,yahoo
ONGC,5m,2026-09-25T11:00:00+05:30,235.9499969482422,236.0500030517578,235.8800048828125,236.0,48503.0,yahoo
ONGC,5m,2026-09-25T11:05:00+05:30,236.0,236.1699981689453,235.9499969482422,236.13999938964844,24539.0,yahoo
ONGC,5m,2026-09-25T11:10:00+05:30,236.1699981689453,236.22999572753906,235.7899932861328,235.7899932861328,58670.0,yahoo
ONGC,5m,2026-09-25T11:15:00+05:30,235.7899932861328,235.97000122070312,235.6999969482422,235.88999938964844,97361.0,yahoo
ONGC,5m,2026-09-25T11:20:00+05:30,235.99000549316406,236.02999877929688,235.6999969482422,235.6999969482422,85718.0,yahoo
ONGC,5m,2026-09-25T11:25:00+05:30,235.6999969482422,235.8000030517578,235.6199951171875,235.6199951171875,28078.0,yahoo
ONGC,5m,2026-09-25T11:30:00+05:30,235.69000244140625,235.86000061035156,235.5500030517578,235.69000244140625,35057.0,yahoo
ONGC,5m,2026-09-25T11:35:00+05:30,235.6699981689453,235.80999755859375,235.60000610351562,235.6300048828125,33186.0,yahoo
ONGC,5m,2026-09-25T11:40:00+05:30,235.6300048828125,235.67999267578125,235.25,235.3000030517578,121664.0,yahoo
ONGC,5m,2026-09-25T11:45:00+05:30,235.3000030517578,235.42999267578125,235.10000610351562,235.36000061035156,81170.0,yahoo
ONGC,5m,2026-09-25T11:50:00+05:30,235.27999877929688,235.35000610351562,235.10000610351562,235.10000610351562,53909.0,yahoo
ONGC,5m,2026-09-25T11:55:00+05:30,235.10000610351562,235.16000366210938,234.9199981689453,235.00999450683594,96863.0,yahoo
ONGC,5m,2026-09-25T12:00:00+05:30,235.00999450683594,235.14999389648438,235.00999450683594,235.0800018310547,32116.0,yahoo
ONGC,5m,2026-09-25T12:05:00+05:30,235.05999755859375,235.1999969482422,234.7100067138672,234.8000030517578,65259.0,yahoo
ONGC,5m,2026-09-25T12:10:00+05:30,234.80999755859375,235.14999389648438,234.74000549316406,235.05999755859375,52584.0,yahoo
ONGC,5m,2026-09-25T12:15:00+05:30,235.13999938964844,235.25999450683594,235.0500030517578,235.11000061035156,67463.0,yahoo
ONGC,5m,2026-09-25T12:20:00+05:30,235.11000061035156,235.17999267578125,235.00999450683594,235.0500030517578,28266.0,yahoo
ONGC,5m,2026-09-25T12:25:00+05:30,235.0500030517578,235.27999877929688,235.0500030517578,235.19000244140625,25551.0,yahoo
ONGC,5m,2026-09-25T12:30:00+05:30,235.10000610351562,235.25,235.0800018310547,235.10000610351562,41020.0,yahoo
ONGC,5m,2026-09-25T12:35:00+05:30,235.10000610351562,235.22999572753906,235.02000427246094,235.19000244140625,25694.0,yahoo
ONGC,5m,2026-09-25T12:40:00+05:30,235.1999969482422,235.24000549316406,234.9499969482422,235.0,67886.0,yahoo
ONGC,5m,2026-09-25T12:45:00+05:30,235.07000732421875,235.3000030517578,235.0,235.22999572753906,30933.0,yahoo
ONGC,5m,2026-09-25T12:50:00+05:30,235.22000122070312,235.5500030517578,235.22000122070312,235.42999267578125,52017.0,yahoo
ONGC,5m,2026-09-25T12:55:00+05:30,235.5,235.5500030517578,235.42999267578125,235.47999572753906,33924.0,yahoo
ONGC,5m,2026-09-25T13:00:00+05:30,235.5,235.61000061035156,235.4600067138672,235.61000061035156,46320.0,yahoo
ONGC,5m,2026-09-25T13:05:00+05:30,235.57000732421875,235.6300048828125,235.3000030517578,235.42999267578125,53630.0,yahoo
ONGC,5m,2026-09-25T13:10:00+05:30,235.39999389648438,235.49000549316406,235.25999450683594,235.42999267578125,23829.0,yahoo
ONGC,5m,2026-09-25T13:15:00+05:30,235.38999938964844,235.5,235.35000610351562,235.49000549316406,25923.0,yahoo
ONGC,5m,2026-09-25T13:20:00+05:30,235.4499969482422,235.8000030517578,235.4499969482422,235.50999450683594,41208.0,yahoo
ONGC,5m,2026-09-25T13:25:00+05:30,235.50999450683594,235.66000366210938,235.4199981689453,235.47999572753906,26806.0,yahoo
ONGC,5m,2026-09-25T13:30:00+05:30,235.5,235.60000610351562,235.47999572753906,235.52000427246094,21314.0,yahoo
ONGC,5m,2026-09-25T13:35:00+05:30,235.52000427246094,235.69000244140625,235.52000427246094,235.66000366210938,25805.0,yahoo
ONGC,5m,2026-09-25T13:40:00+05:30,235.6699981689453,235.7899932861328,235.61000061035156,235.6699981689453,41041.0,yahoo
ONGC,5m,2026-09-25T13:45:00+05:30,235.67999267578125,235.85000610351562,235.6699981689453,235.75,18404.0,yahoo
ONGC,5m,2026-09-25T13:50:00+05:30,235.75,235.83999633789062,235.6699981689453,235.6699981689453,34093.0,yahoo
ONGC,5m,2026-09-25T13:55:00+05:30,235.6699981689453,235.75999450683594,235.66000366210938,235.6999969482422,23048.0,yahoo
ONGC,5m,2026-09-25T14:00:00+05:30,235.6999969482422,236.0500030517578,235.67999267578125,235.94000244140625,71163.0,yahoo
ONGC,5m,2026-09-25T14:05:00+05:30,235.89999389648438,235.97999572753906,235.7100067138672,235.7899932861328,52399.0,yahoo
ONGC,5m,2026-09-25T14:10:00+05:30,235.75999450683594,235.77000427246094,235.60000610351562,235.61000061035156,26609.0,yahoo
ONGC,5m,2026-09-25T14:15:00+05:30,235.61000061035156,235.72000122070312,235.60000610351562,235.69000244140625,25084.0,yahoo
ONGC,5m,2026-09-25T14:20:00+05:30,235.72000122070312,235.72999572753906,235.64999389648438,235.6699981689453,50807.0,yahoo
ONGC,5m,2026-09-25T14:25:00+05:30,235.6699981689453,235.7899932861328,235.61000061035156,235.61000061035156,59951.0,yahoo
ONGC,5m,2026-09-25T14:30:00+05:30,235.55999755859375,235.67999267578125,235.55999755859375,235.6699981689453,38678.0,yahoo
ONGC,5m,2026-09-25T14:35:00+05:30,235.63999938964844,235.74000549316406,235.58999633789062,235.6699981689453,50831.0,yahoo
ONGC,5m,2026-09-25T14:40:00+05:30,235.74000549316406,235.75,235.6300048828125,235.6699981689453,34076.0,yahoo
ONGC,5m,2026-09-25T14:45:00+05:30,235.6699981689453,235.7100067138672,235.61000061035156,235.64999389648438,66760.0,yahoo
ONGC,5m,2026-09-25T14:50:00+05:30,235.67999267578125,235.67999267578125,235.47000122070312,235.52000427246094,147894.0,yahoo
ONGC,5m,2026-09-25T14:55:00+05:30,235.5,235.55999755859375,235.41000366210938,235.4499969482422,101640.0,yahoo
ONGC,5m,2026-09-25T15:00:00+05:30,235.4600067138672,235.4600067138672,235.3000030517578,235.32000732421875,172627.0,yahoo
ONGC,5m,2026-09-25T15:05:00+05:30,235.30999755859375,235.61000061035156,235.1999969482422,235.38999938964844,244945.0,yahoo
ONGC,5m,2026-09-25T15:10:00+05:30,235.3800048828125,235.5800018310547,235.24000549316406,235.25999450683594,237203.0,yahoo
ONGC,5m,2026-09-25T15:15:00+05:30,235.25,235.86000061035156,235.25,235.86000061035156,184841.0,yahoo
PERSISTENT,5m,2026-09-25T09:15:00+05:30,5270.0,5270.0,5237.5,5238.0,0.0,yahoo
PERSISTENT,5m,2026-09-25T09:20:00+05:30,5237.0,5255.0,5230.0,5255.0,5751.0,yahoo
PERSISTENT,5m,2026-09-25T09:25:00+05:30,5254.5,5311.5,5246.5,5311.5,24033.0,yahoo
PERSISTENT,5m,2026-09-25T09:30:00+05:30,5315.5,5320.5,5300.0,5316.0,7593.0,yahoo
PERSISTENT,5m,2026-09-25T09:35:00+05:30,5318.5,5330.0,5300.0,5300.0,14293.0,yahoo
PERSISTENT,5m,2026-09-25T09:40:00+05:30,5300.0,5303.0,5280.5,5291.0,21363.0,yahoo
PERSISTENT,5m,2026-09-25T09:45:00+05:30,5293.0,5297.5,5269.5,5269.5,4531.0,yahoo
PERSISTENT,5m,2026-09-25T09:50:00+05:30,5275.0,5285.0,5268.0,5278.5,3749.0,yahoo
PERSISTENT,5m,2026-09-25T09:55:00+05:30,5278.5,5285.0,5273.5,5278.0,4045.0,yahoo
PERSISTENT,5m,2026-09-25T10:00:00+05:30,5276.5,5289.0,5275.5,5284.0,2062.0,yahoo
PERSISTENT,5m,2026-09-25T10:05:00+05:30,5284.0,5290.0,5274.0,5286.5,2429.0,yahoo
PERSISTENT,5m,2026-09-25T10:10:00+05:30,5284.0,5287.5,5273.5,5284.5,1761.0,yahoo
PERSISTENT,5m,2026-09-25T10:15:00+05:30,5282.5,5297.5,5280.0,5291.0,3290.0,yahoo
PERSISTENT,5m,2026-09-25T10:20:00+05:30,5292.0,5310.0,5292.0,5297.5,3379.0,yahoo
PERSISTENT,5m,2026-09-25T10:25:00+05:30,5297.5,5304.0,5296.0,5299.0,1337.0,yahoo
PERSISTENT,5m,2026-09-25T10:30:00+05:30,5299.0,5307.0,5297.5,5302.0,1436.0,yahoo
PERSISTENT,5m,2026-09-25T10:35:00+05:30,5300.0,5312.5,5300.0,5309.5,2593.0,yahoo
PERSISTENT,5m,2026-09-25T10:40:00+05:30,5307.0,5312.0,5302.5,5303.0,829.0,yahoo
PERSISTENT,5m,2026-09-25T10:45:00+05:30,5303.0,5308.5,5294.0,5297.0,2764.0,yahoo
PERSISTENT,5m,2026-09-25T10:50:00+05:30,5297.0,5312.0,5295.5,5310.5,2259.0,yahoo
PERSISTENT,5m,2026-09-25T10:55:00+05:30,5312.0,5345.0,5310.5,5338.5,11070.0,yahoo
PERSISTENT,5m,2026-09-25T11:00:00+05:30,5340.0,5353.0,5340.0,5349.0,18265.0,yahoo
PERSISTENT,5m,2026-09-25T11:05:00+05:30,5347.5,5350.0,5319.5,5319.5,4019.0,yahoo
PERSISTENT,5m,2026-09-25T11:10:00+05:30,5318.0,5321.5,5306.0,5311.5,5106.0,yahoo
PERSISTENT,5m,2026-09-25T11:15:00+05:30,5311.0,5317.0,5308.0,5314.5,1193.0,yahoo
PERSISTENT,5m,2026-09-25T11:20:00+05:30,5314.5,5318.5,5309.0,5313.5,1570.0,yahoo
PERSISTENT,5m,2026-09-25T11:25:00+05:30,5313.5,5323.5,5306.0,5321.5,1757.0,yahoo
PERSISTENT,5m,2026-09-25T11:30:00+05:30,5324.0,5325.5,5311.0,5316.5,1258.0,yahoo
PERSISTENT,5m,2026-09-25T11:35:00+05:30,5316.5,5316.5,5303.0,5311.5,1167.0,yahoo
PERSISTENT,5m,2026-09-25T11:40:00+05:30,5311.0,5313.0,5307.0,5308.5,730.0,yahoo
PERSISTENT,5m,2026-09-25T11:45:00+05:30,5309.5,5310.5,5303.0,5310.0,1687.0,yahoo
PERSISTENT,5m,2026-09-25T11:50:00+05:30,5307.5,5312.0,5305.0,5310.0,686.0,yahoo
PERSISTENT,5m,2026-09-25T11:55:00+05:30,5319.0,5322.0,5315.5,5316.5,1922.0,yahoo
PERSISTENT,5m,2026-09-25T12:00:00+05:30,5320.0,5321.0,5312.0,5319.0,1346.0,yahoo
PERSISTENT,5m,2026-09-25T12:05:00+05:30,5317.5,5324.5,5316.5,5321.0,1610.0,yahoo
PERSISTENT,5m,2026-09-25T12:10:00+05:30,5317.5,5323.5,5316.5,5319.0,903.0,yahoo
PERSISTENT,5m,2026-09-25T12:15:00+05:30,5317.0,5323.5,5315.0,5321.5,1115.0,yahoo
PERSISTENT,5m,2026-09-25T12:20:00+05:30,5321.5,5329.5,5319.0,5326.5,2082.0,yahoo
PERSISTENT,5m,2026-09-25T12:25:00+05:30,5325.0,5330.5,5323.5,5330.0,1061.0,yahoo
PERSISTENT,5m,2026-09-25T12:30:00+05:30,5330.0,5335.0,5327.0,5334.5,1395.0,yahoo
PERSISTENT,5m,2026-09-25T12:35:00+05:30,5334.0,5334.0,5325.0,5333.0,1780.0,yahoo
PERSISTENT,5m,2026-09-25T12:40:00+05:30,5332.0,5332.0,5322.0,5327.5,1259.0,yahoo
PERSISTENT,5m,2026-09-25T12:45:00+05:30,5325.0,5326.5,5317.5,5322.0,4674.0,yahoo
PERSISTENT,5m,2026-09-25T12:50:00+05:30,5319.5,5325.0,5319.0,5319.5,1077.0,yahoo
PERSISTENT,5m,2026-09-25T12:55:00+05:30,5319.5,5326.5,5318.0,5325.0,1685.0,yahoo
PERSISTENT,5m,2026-09-25T13:00:00+05:30,5324.5,5326.5,5322.0,5324.0,1217.0,yahoo
PERSISTENT,5m,2026-09-25T13:05:00+05:30,5321.5,5328.5,5321.5,5325.0,741.0,yahoo
PERSISTENT,5m,2026-09-25T13:10:00+05:30,5325.0,5327.0,5318.0,5319.0,1633.0,yahoo
PERSISTENT,5m,2026-09-25T13:15:00+05:30,5318.0,5325.0,5315.5,5323.5,1416.0,yahoo
PERSISTENT,5m,2026-09-25T13:20:00+05:30,5324.5,5327.0,5321.0,5324.0,857.0,yahoo
PERSISTENT,5m,2026-09-25T13:25:00+05:30,5326.0,5328.5,5321.0,5326.5,1878.0,yahoo
PERSISTENT,5m,2026-09-25T13:30:00+05:30,5328.5,5329.0,5322.5,5324.5,566.0,yahoo
PERSISTENT,5m,2026-09-25T13:35:00+05:30,5324.5,5328.5,5322.0,5327.5,446.0,yahoo
PERSISTENT,5m,2026-09-25T13:40:00+05:30,5327.0,5334.5,5325.0,5332.5,1589.0,yahoo
PERSISTENT,5m,2026-09-25T13:45:00+05:30,5332.5,5343.5,5330.0,5330.5,7247.0,yahoo
PERSISTENT,5m,2026-09-25T13:50:00+05:30,5332.5,5339.5,5328.5,5337.0,1923.0,yahoo
PERSISTENT,5m,2026-09-25T13:55:00+05:30,5337.0,5340.0,5335.0,5339.5,1358.0,yahoo
PERSISTENT,5m,2026-09-25T14:00:00+05:30,5339.5,5370.0,5339.5,5370.0,19928.0,yahoo
PERSISTENT,5m,2026-09-25T14:05:00+05:30,5371.5,5381.0,5368.0,5370.0,9413.0,yahoo
PERSISTENT,5m,2026-09-25T14:10:00+05:30,5370.0,5376.5,5367.5,5372.5,6571.0,yahoo
PERSISTENT,5m,2026-09-25T14:15:00+05:30,5371.0,5383.5,5371.0,5379.5,4969.0,yahoo
PERSISTENT,5m,2026-09-25T14:20:00+05:30,5376.0,5380.0,5358.0,5359.5,3023.0,yahoo
PERSISTENT,5m,2026-09-25T14:25:00+05:30,5359.5,5365.0,5353.0,5358.0,3864.0,yahoo
PERSISTENT,5m,2026-09-25T14:30:00+05:30,5358.0,5372.0,5357.5,5365.0,3203.0,yahoo
PERSISTENT,5m,2026-09-25T14:35:00+05:30,5365.5,5367.5,5358.0,5362.5,2085.0,yahoo
PERSISTENT,5m,2026-09-25T14:40:00+05:30,5362.0,5364.0,5349.5,5351.5,2131.0,yahoo
PERSISTENT,5m,2026-09-25T14:45:00+05:30,5353.0,5360.0,5351.0,5356.5,3193.0,yahoo
PERSISTENT,5m,2026-09-25T14:50:00+05:30,5354.0,5360.5,5351.5,5358.0,6910.0,yahoo
PERSISTENT,5m,2026-09-25T14:55:00+05:30,5359.5,5359.5,5354.5,5357.0,2660.0,yahoo
PERSISTENT,5m,2026-09-25T15:00:00+05:30,5355.5,5355.5,5347.5,5354.0,5301.0,yahoo
PERSISTENT,5m,2026-09-25T15:05:00+05:30,5354.0,5359.0,5351.5,5356.5,7180.0,yahoo
PERSISTENT,5m,2026-09-25T15:10:00+05:30,5356.5,5374.0,5356.5,5372.0,13811.0,yahoo
PNB,5m,2026-09-25T09:15:00+05:30,117.56999969482422,117.93000030517578,117.31999969482422,117.55999755859375,0.0,yahoo
PNB,5m,2026-09-25T09:20:00+05:30,117.48999786376953,117.48999786376953,117.2300033569336,117.25,281058.0,yahoo
PNB,5m,2026-09-25T09:25:00+05:30,117.30000305175781,117.3499984741211,117.0999984741211,117.0999984741211,246916.0,yahoo
PNB,5m,2026-09-25T09:30:00+05:30,117.11000061035156,117.11000061035156,116.77999877929688,116.77999877929688,267176.0,yahoo
PNB,5m,2026-09-25T09:35:00+05:30,116.77999877929688,116.87000274658203,116.5,116.5199966430664,304464.0,yahoo
PNB,5m,2026-09-25T09:40:00+05:30,116.5,116.93000030517578,116.43000030517578,116.5999984741211,305494.0,yahoo
PNB,5m,2026-09-25T09:45:00+05:30,116.63999938964844,116.72000122070312,116.52999877929688,116.55000305175781,82984.0,yahoo
PNB,5m,2026-09-25T09:50:00+05:30,116.58000183105469,116.58000183105469,116.30999755859375,116.3499984741211,195301.0,yahoo
PNB,5m,2026-09-25T09:55:00+05:30,116.3499984741211,116.43000030517578,116.30999755859375,116.33999633789062,116484.0,yahoo
PNB,5m,2026-09-25T10:00:00+05:30,116.33999633789062,116.63999938964844,116.33999633789062,116.62999725341797,69563.0,yahoo
PNB,5m,2026-09-25T10:05:00+05:30,116.55000305175781,116.93000030517578,116.44000244140625,116.81999969482422,284703.0,yahoo
PNB,5m,2026-09-25T10:10:00+05:30,116.81999969482422,116.98999786376953,116.80000305175781,116.95999908447266,152178.0,yahoo
PNB,5m,2026-09-25T10:15:00+05:30,117.0999984741211,117.0999984741211,116.87999725341797,116.93000030517578,185887.0,yahoo
PNB,5m,2026-09-25T10:20:00+05:30,116.87999725341797,116.94000244140625,116.81999969482422,116.81999969482422,122764.0,yahoo
PNB,5m,2026-09-25T10:25:00+05:30,116.8499984741211,116.91000366210938,116.80000305175781,116.8499984741211,76071.0,yahoo
PNB,5m,2026-09-25T10:30:00+05:30,116.8499984741211,116.9000015258789,116.80999755859375,116.83999633789062,24983.0,yahoo
PNB,5m,2026-09-25T10:35:00+05:30,116.80999755859375,116.87000274658203,116.76000213623047,116.87000274658203,57792.0,yahoo
PNB,5m,2026-09-25T10:40:00+05:30,116.8499984741211,116.88999938964844,116.81999969482422,116.83000183105469,97999.0,yahoo
PNB,5m,2026-09-25T10:45:00+05:30,116.83000183105469,116.87999725341797,116.80000305175781,116.87000274658203,93056.0,yahoo
PNB,5m,2026-09-25T10:50:00+05:30,116.87000274658203,116.95999908447266,116.8499984741211,116.94999694824219,95214.0,yahoo
PNB,5m,2026-09-25T10:55:00+05:30,116.93000030517578,116.97000122070312,116.87999725341797,116.94000244140625,24088.0,yahoo
PNB,5m,2026-09-25T11:00:00+05:30,116.94000244140625,117.11000061035156,116.91000366210938,117.06999969482422,210997.0,yahoo
PNB,5m,2026-09-25T11:05:00+05:30,117.06999969482422,117.25,117.06999969482422,117.19999694824219,100850.0,yahoo
PNB,5m,2026-09-25T11:10:00+05:30,117.19999694824219,117.23999786376953,117.12999725341797,117.20999908447266,56152.0,yahoo
PNB,5m,2026-09-25T11:15:00+05:30,117.19999694824219,117.27999877929688,117.04000091552734,117.08999633789062,105319.0,yahoo
PNB,5m,2026-09-25T11:20:00+05:30,117.08999633789062,117.08999633789062,116.83999633789062,116.86000061035156,65532.0,yahoo
PNB,5m,2026-09-25T11:25:00+05:30,116.86000061035156,116.9000015258789,116.83999633789062,116.88999938964844,25198.0,yahoo
PNB,5m,2026-09-25T11:30:00+05:30,116.88999938964844,117.08000183105469,116.8499984741211,116.87000274658203,159142.0,yahoo
PNB,5m,2026-09-25T11:35:00+05:30,116.87000274658203,116.93000030517578,116.83000183105469,116.91999816894531,49410.0,yahoo
PNB,5m,2026-09-25T11:40:00+05:30,116.91999816894531,116.91999816894531,116.7300033569336,116.75,36337.0,yahoo
PNB,5m,2026-09-25T11:45:00+05:30,116.77999877929688,116.83999633789062,116.7300033569336,116.80000305175781,82423.0,yahoo
PNB,5m,2026-09-25T11:50:00+05:30,116.80000305175781,116.8499984741211,116.76000213623047,116.7699966430664,62596.0,yahoo
PNB,5m,2026-09-25T11:55:00+05:30,116.7699966430664,116.80000305175781,116.69999694824219,116.69999694824219,35802.0,yahoo
PNB,5m,2026-09-25T12:00:00+05:30,116.69999694824219,116.73999786376953,116.55000305175781,116.55999755859375,49207.0,yahoo
PNB,5m,2026-09-25T12:05:00+05:30,116.56999969482422,116.6500015258789,116.55000305175781,116.61000061035156,71796.0,yahoo
PNB,5m,2026-09-25T12:10:00+05:30,116.61000061035156,116.66999816894531,116.56999969482422,116.63999938964844,42511.0,yahoo
PNB,5m,2026-09-25T12:15:00+05:30,116.6500015258789,116.70999908447266,116.55999755859375,116.6500015258789,96263.0,yahoo
PNB,5m,2026-09-25T12:20:00+05:30,116.6500015258789,116.69000244140625,116.55000305175781,116.5999984741211,78463.0,yahoo
PNB,5m,2026-09-25T12:25:00+05:30,116.5999984741211,116.62000274658203,116.55000305175781,116.56999969482422,47296.0,yahoo
PNB,5m,2026-09-25T12:30:00+05:30,116.61000061035156,116.69999694824219,116.56999969482422,116.62999725341797,95158.0,yahoo
PNB,5m,2026-09-25T12:35:00+05:30,116.62999725341797,116.6500015258789,116.55000305175781,116.55000305175781,76506.0,yahoo
PNB,5m,2026-09-25T12:40:00+05:30,116.55000305175781,116.58999633789062,116.54000091552734,116.54000091552734,13565.0,yahoo
PNB,5m,2026-09-25T12:45:00+05:30,116.54000091552734,116.62000274658203,116.5,116.5,80552.0,yahoo
PNB,5m,2026-09-25T12:50:00+05:30,116.5,116.5199966430664,116.43000030517578,116.4800033569336,79511.0,yahoo
PNB,5m,2026-09-25T12:55:00+05:30,116.5199966430664,116.52999877929688,116.3499984741211,116.48999786376953,162797.0,yahoo
PNB,5m,2026-09-25T13:00:00+05:30,116.48999786376953,116.54000091552734,116.3499984741211,116.41999816894531,56946.0,yahoo
PNB,5m,2026-09-25T13:05:00+05:30,116.4000015258789,116.45999908447266,116.3499984741211,116.3499984741211,57245.0,yahoo
PNB,5m,2026-09-25T13:10:00+05:30,116.3499984741211,116.4000015258789,116.30000305175781,116.30000305175781,65850.0,yahoo
PNB,5m,2026-09-25T13:15:00+05:30,116.33999633789062,116.45999908447266,116.2300033569336,116.37000274658203,116140.0,yahoo
PNB,5m,2026-09-25T13:20:00+05:30,116.37000274658203,116.4000015258789,116.31999969482422,116.3499984741211,20126.0,yahoo
PNB,5m,2026-09-25T13:25:00+05:30,116.3499984741211,116.38999938964844,116.30000305175781,116.37000274658203,40569.0,yahoo
PNB,5m,2026-09-25T13:30:00+05:30,116.37000274658203,116.37000274658203,116.30000305175781,116.33000183105469,14677.0,yahoo
PNB,5m,2026-09-25T13:35:00+05:30,116.33000183105469,116.33999633789062,116.25,116.29000091552734,22894.0,yahoo
PNB,5m,2026-09-25T13:40:00+05:30,116.33000183105469,116.45999908447266,116.27999877929688,116.3499984741211,46103.0,yahoo
PNB,5m,2026-09-25T13:45:00+05:30,116.3499984741211,116.4000015258789,116.30999755859375,116.33000183105469,34045.0,yahoo
PNB,5m,2026-09-25T13:50:00+05:30,116.33000183105469,116.37999725341797,116.27999877929688,116.37000274658203,45168.0,yahoo
PNB,5m,2026-09-25T13:55:00+05:30,116.31999969482422,116.55000305175781,116.31999969482422,116.55000305175781,31698.0,yahoo
PNB,5m,2026-09-25T14:00:00+05:30,116.56999969482422,116.9800033569336,116.56999969482422,116.87999725341797,242455.0,yahoo
PNB,5m,2026-09-25T14:05:00+05:30,116.83999633789062,116.94000244140625,116.56999969482422,116.5999984741211,146556.0,yahoo
PNB,5m,2026-09-25T14:10:00+05:30,116.58000183105469,116.7300033569336,116.58000183105469,116.66000366210938,52546.0,yahoo
PNB,5m,2026-09-25T14:15:00+05:30,116.6500015258789,116.88999938964844,116.6500015258789,116.72000122070312,216389.0,yahoo
PNB,5m,2026-09-25T14:20:00+05:30,116.72000122070312,116.83999633789062,116.66999816894531,116.69000244140625,61303.0,yahoo
PNB,5m,2026-09-25T14:25:00+05:30,116.7300033569336,116.81999969482422,116.66000366210938,116.69000244140625,60000.0,yahoo
PNB,5m,2026-09-25T14:30:00+05:30,116.69000244140625,116.7300033569336,116.58000183105469,116.58000183105469,62520.0,yahoo
PNB,5m,2026-09-25T14:35:00+05:30,116.58999633789062,116.6500015258789,116.54000091552734,116.61000061035156,40456.0,yahoo
PNB,5m,2026-09-25T14:40:00+05:30,116.62000274658203,116.6500015258789,116.48999786376953,116.54000091552734,86888.0,yahoo
PNB,5m,2026-09-25T14:45:00+05:30,116.54000091552734,116.54000091552734,116.4000015258789,116.4000015258789,89757.0,yahoo
PNB,5m,2026-09-25T14:50:00+05:30,116.4000015258789,116.4000015258789,116.29000091552734,116.30000305175781,90953.0,yahoo
PNB,5m,2026-09-25T14:55:00+05:30,116.30999755859375,116.4800033569336,116.30000305175781,116.41000366210938,162033.0,yahoo
PNB,5m,2026-09-25T15:00:00+05:30,116.4000015258789,116.4000015258789,116.30999755859375,116.38999938964844,139745.0,yahoo
PNB,5m,2026-09-25T15:05:00+05:30,116.4000015258789,116.43000030517578,116.27999877929688,116.30000305175781,132741.0,yahoo
PNB,5m,2026-09-25T15:10:00+05:30,116.25,116.4800033569336,116.25,116.25,333390.0,yahoo
PNB,5m,2026-09-25T15:15:00+05:30,116.25,116.5999984741211,116.25,116.5999984741211,57760.0,yahoo
POWERGRID,5m,2026-09-25T09:15:00+05:30,267.79998779296875,269.20001220703125,267.45001220703125,268.20001220703125,0.0,yahoo
POWERGRID,5m,2026-09-25T09:20:00+05:30,268.04998779296875,269.0,268.0,268.8999938964844,117726.0,yahoo
POWERGRID,5m,2026-09-25T09:25:00+05:30,268.79998779296875,269.1499938964844,268.54998779296875,269.04998779296875,96312.0,yahoo
POWERGRID,5m,2026-09-25T09:30:00+05:30,269.20001220703125,269.70001220703125,268.95001220703125,269.25,99805.0,yahoo
POWERGRID,5m,2026-09-25T09:35:00+05:30,269.1499938964844,269.20001220703125,268.3999938964844,268.70001220703125,57177.0,yahoo
POWERGRID,5m,2026-09-25T09:40:00+05:30,268.70001220703125,268.70001220703125,268.25,268.29998779296875,54253.0,yahoo
POWERGRID,5m,2026-09-25T09:45:00+05:30,268.29998779296875,268.70001220703125,268.29998779296875,268.5,40996.0,yahoo
POWERGRID,5m,2026-09-25T09:50:00+05:30,268.45001220703125,268.5,267.95001220703125,268.1000061035156,69184.0,yahoo
POWERGRID,5m,2026-09-25T09:55:00+05:30,268.1000061035156,268.45001220703125,268.04998779296875,268.29998779296875,25018.0,yahoo
POWERGRID,5m,2026-09-25T10:00:00+05:30,268.29998779296875,268.70001220703125,268.29998779296875,268.54998779296875,27765.0,yahoo
POWERGRID,5m,2026-09-25T10:05:00+05:30,268.5,268.70001220703125,268.5,268.70001220703125,21649.0,yahoo
POWERGRID,5m,2026-09-25T10:10:00+05:30,268.70001220703125,268.95001220703125,268.6499938964844,268.70001220703125,56909.0,yahoo
POWERGRID,5m,2026-09-25T10:15:00+05:30,268.75,268.95001220703125,268.6499938964844,268.75,28550.0,yahoo
POWERGRID,5m,2026-09-25T10:20:00+05:30,268.6000061035156,269.1000061035156,268.54998779296875,268.75,79655.0,yahoo
POWERGRID,5m,2026-09-25T10:25:00+05:30,268.8999938964844,269.0,268.70001220703125,268.8999938964844,48559.0,yahoo
POWERGRID,5m,2026-09-25T10:30:00+05:30,268.8999938964844,268.8999938964844,268.54998779296875,268.6499938964844,20782.0,yahoo
POWERGRID,5m,2026-09-25T10:35:00+05:30,268.6499938964844,268.6499938964844,268.45001220703125,268.6000061035156,20339.0,yahoo
POWERGRID,5m,2026-09-25T10:40:00+05:30,268.6000061035156,268.6000061035156,268.45001220703125,268.54998779296875,7343.0,yahoo
POWERGRID,5m,2026-09-25T10:45:00+05:30,268.54998779296875,268.54998779296875,268.1499938964844,268.3999938964844,15700.0,yahoo
POWERGRID,5m,2026-09-25T10:50:00+05:30,268.3500061035156,268.5,268.29998779296875,268.5,23445.0,yahoo
POWERGRID,5m,2026-09-25T10:55:00+05:30,268.5,268.6000061035156,268.20001220703125,268.25,22754.0,yahoo
POWERGRID,5m,2026-09-25T11:00:00+05:30,268.25,268.3500061035156,268.20001220703125,268.3500061035156,16541.0,yahoo
POWERGRID,5m,2026-09-25T11:05:00+05:30,268.3500061035156,268.5,268.20001220703125,268.20001220703125,21715.0,yahoo
POWERGRID,5m,2026-09-25T11:10:00+05:30,268.20001220703125,268.25,268.0,268.1000061035156,25929.0,yahoo
POWERGRID,5m,2026-09-25T11:15:00+05:30,268.04998779296875,268.45001220703125,267.95001220703125,268.1000061035156,40746.0,yahoo
POWERGRID,5m,2026-09-25T11:20:00+05:30,268.1000061035156,268.1000061035156,267.29998779296875,267.29998779296875,39280.0,yahoo
POWERGRID,5m,2026-09-25T11:25:00+05:30,267.29998779296875,267.29998779296875,267.20001220703125,267.29998779296875,30050.0,yahoo
POWERGRID,5m,2026-09-25T11:30:00+05:30,267.25,267.75,267.20001220703125,267.54998779296875,40837.0,yahoo
POWERGRID,5m,2026-09-25T11:35:00+05:30,267.70001220703125,268.1499938964844,267.5,268.0,61665.0,yahoo
POWERGRID,5m,2026-09-25T11:40:00+05:30,268.0,268.45001220703125,267.75,268.1499938964844,36998.0,yahoo
POWERGRID,5m,2026-09-25T11:45:00+05:30,268.1000061035156,268.3500061035156,268.04998779296875,268.1499938964844,38952.0,yahoo
POWERGRID,5m,2026-09-25T11:50:00+05:30,268.1499938964844,268.20001220703125,268.04998779296875,268.04998779296875,8134.0,yahoo
POWERGRID,5m,2026-09-25T11:55:00+05:30,268.1499938964844,268.3999938964844,268.0,268.1499938964844,43394.0,yahoo
POWERGRID,5m,2026-09-25T12:00:00+05:30,268.25,268.25,268.0,268.25,52043.0,yahoo
POWERGRID,5m,2026-09-25T12:05:00+05:30,268.29998779296875,268.29998779296875,268.1000061035156,268.25,32663.0,yahoo
POWERGRID,5m,2026-09-25T12:10:00+05:30,268.25,268.5,268.20001220703125,268.5,35734.0,yahoo
POWERGRID,5m,2026-09-25T12:15:00+05:30,268.45001220703125,268.45001220703125,268.1000061035156,268.1499938964844,45241.0,yahoo
POWERGRID,5m,2026-09-25T12:20:00+05:30,268.1499938964844,268.1499938964844,267.45001220703125,267.54998779296875,56886.0,yahoo
POWERGRID,5m,2026-09-25T12:25:00+05:30,267.54998779296875,267.95001220703125,267.5,267.79998779296875,39523.0,yahoo
POWERGRID,5m,2026-09-25T12:30:00+05:30,267.75,268.20001220703125,267.75,267.95001220703125,89940.0,yahoo
POWERGRID,5m,2026-09-25T12:35:00+05:30,267.8999938964844,267.95001220703125,267.5,267.6499938964844,36596.0,yahoo
POWERGRID,5m,2026-09-25T12:40:00+05:30,267.6499938964844,267.6499938964844,267.45001220703125,267.6000061035156,20219.0,yahoo
POWERGRID,5m,2026-09-25T12:45:00+05:30,267.54998779296875,267.6000061035156,267.3500061035156,267.5,14226.0,yahoo
POWERGRID,5m,2026-09-25T12:50:00+05:30,267.5,267.79998779296875,267.45001220703125,267.54998779296875,21683.0,yahoo
POWERGRID,5m,2026-09-25T12:55:00+05:30,267.6499938964844,267.6499938964844,267.20001220703125,267.5,53696.0,yahoo
POWERGRID,5m,2026-09-25T13:00:00+05:30,267.5,267.5,267.20001220703125,267.25,21991.0,yahoo
POWERGRID,5m,2026-09-25T13:05:00+05:30,267.20001220703125,267.25,267.04998779296875,267.25,35309.0,yahoo
POWERGRID,5m,2026-09-25T13:10:00+05:30,267.25,267.29998779296875,267.1499938964844,267.25,14131.0,yahoo
POWERGRID,5m,2026-09-25T13:15:00+05:30,267.20001220703125,267.20001220703125,267.0,267.1499938964844,16940.0,yahoo
POWERGRID,5m,2026-09-25T13:20:00+05:30,267.1000061035156,267.3999938964844,267.04998779296875,267.25,40501.0,yahoo
POWERGRID,5m,2026-09-25T13:25:00+05:30,267.20001220703125,267.6499938964844,267.1499938964844,267.6499938964844,49841.0,yahoo
POWERGRID,5m,2026-09-25T13:30:00+05:30,267.6499938964844,267.75,267.5,267.6000061035156,56787.0,yahoo
POWERGRID,5m,2026-09-25T13:35:00+05:30,267.6000061035156,267.70001220703125,267.5,267.70001220703125,63549.0,yahoo
POWERGRID,5m,2026-09-25T13:40:00+05:30,267.6499938964844,268.20001220703125,267.6499938964844,267.79998779296875,512952.0,yahoo
POWERGRID,5m,2026-09-25T13:45:00+05:30,267.79998779296875,267.79998779296875,267.70001220703125,267.75,16019.0,yahoo
POWERGRID,5m,2026-09-25T13:50:00+05:30,267.75,267.79998779296875,267.6000061035156,267.6499938964844,15904.0,yahoo
POWERGRID,5m,2026-09-25T13:55:00+05:30,267.6499938964844,267.8999938964844,267.6000061035156,267.8500061035156,23029.0,yahoo
POWERGRID,5m,2026-09-25T14:00:00+05:30,267.8999938964844,268.8999938964844,267.8999938964844,268.79998779296875,63790.0,yahoo
POWERGRID,5m,2026-09-25T14:05:00+05:30,268.79998779296875,269.04998779296875,268.5,268.54998779296875,248559.0,yahoo
POWERGRID,5m,2026-09-25T14:10:00+05:30,268.6000061035156,268.79998779296875,268.54998779296875,268.75,232531.0,yahoo
POWERGRID,5m,2026-09-25T14:15:00+05:30,268.75,269.04998779296875,268.3500061035156,268.5,307333.0,yahoo
POWERGRID,5m,2026-09-25T14:20:00+05:30,268.6000061035156,268.6000061035156,268.45001220703125,268.5,10031.0,yahoo
POWERGRID,5m,2026-09-25T14:25:00+05:30,268.45001220703125,269.04998779296875,268.45001220703125,269.04998779296875,171003.0,yahoo
POWERGRID,5m,2026-09-25T14:30:00+05:30,269.0,269.20001220703125,268.8999938964844,269.20001220703125,124595.0,yahoo
POWERGRID,5m,2026-09-25T14:35:00+05:30,269.20001220703125,269.29998779296875,269.1000061035156,269.29998779296875,41565.0,yahoo
POWERGRID,5m,2026-09-25T14:40:00+05:30,269.25,269.29998779296875,269.0,269.04998779296875,95563.0,yahoo
POWERGRID,5m,2026-09-25T14:45:00+05:30,269.0,269.04998779296875,268.70001220703125,268.75,191258.0,yahoo
POWERGRID,5m,2026-09-25T14:50:00+05:30,268.75,269.1000061035156,268.6499938964844,269.04998779296875,347361.0,yahoo
POWERGRID,5m,2026-09-25T14:55:00+05:30,269.04998779296875,269.1499938964844,269.0,269.1499938964844,164205.0,yahoo
POWERGRID,5m,2026-09-25T15:00:00+05:30,269.1000061035156,269.1000061035156,269.0,269.04998779296875,133424.0,yahoo
POWERGRID,5m,2026-09-25T15:05:00+05:30,269.1000061035156,269.1000061035156,268.8500061035156,268.8999938964844,381927.0,yahoo
POWERGRID,5m,2026-09-25T15:10:00+05:30,268.8999938964844,269.25,268.8999938964844,269.04998779296875,326734.0,yahoo
POWERGRID,5m,2026-09-25T15:15:00+05:30,269.3500061035156,269.5,269.3500061035156,269.5,232011.0,yahoo
RELIANCE,5m,2026-09-25T09:15:00+05:30,1215.0,1222.5,1215.0,1221.4000244140625,0.0,yahoo
RELIANCE,5m,2026-09-25T09:20:00+05:30,1221.4000244140625,1221.4000244140625,1218.5,1219.5999755859375,277996.0,yahoo
RELIANCE,5m,2026-09-25T09:25:00+05:30,1219.5999755859375,1223.5,1219.4000244140625,1223.5,245901.0,yahoo
RELIANCE,5m,2026-09-25T09:30:00+05:30,1223.800048828125,1225.699951171875,1223.800048828125,1225.4000244140625,182701.0,yahoo
RELIANCE,5m,2026-09-25T09:35:00+05:30,1225.4000244140625,1225.4000244140625,1222.5,1222.5,155470.0,yahoo
RELIANCE,5m,2026-09-25T09:40:00+05:30,1222.4000244140625,1222.5,1220.0,1220.9000244140625,195968.0,yahoo
RELIANCE,5m,2026-09-25T09:45:00+05:30,1220.9000244140625,1220.9000244140625,1220.0999755859375,1220.4000244140625,132662.0,yahoo
RELIANCE,5m,2026-09-25T09:50:00+05:30,1220.4000244140625,1220.4000244140625,1218.199951171875,1219.0999755859375,426145.0,yahoo
RELIANCE,5m,2026-09-25T09:55:00+05:30,1219.0999755859375,1221.5,1218.699951171875,1218.699951171875,159774.0,yahoo
RELIANCE,5m,2026-09-25T10:00:00+05:30,1219.0,1220.5,1217.4000244140625,1220.0,413878.0,yahoo
RELIANCE,5m,2026-09-25T10:05:00+05:30,1220.0,1221.699951171875,1219.0999755859375,1221.5,368994.0,yahoo
RELIANCE,5m,2026-09-25T10:10:00+05:30,1221.5,1222.300048828125,1220.5,1221.4000244140625,135764.0,yahoo
RELIANCE,5m,2026-09-25T10:15:00+05:30,1221.300048828125,1221.4000244140625,1219.300048828125,1219.800048828125,154026.0,yahoo
RELIANCE,5m,2026-09-25T10:20:00+05:30,1219.800048828125,1220.800048828125,1219.800048828125,1220.5999755859375,163820.0,yahoo
RELIANCE,5m,2026-09-25T10:25:00+05:30,1220.300048828125,1222.0,1220.300048828125,1222.0,148926.0,yahoo
RELIANCE,5m,2026-09-25T10:30:00+05:30,1221.800048828125,1222.9000244140625,1220.5,1220.699951171875,227648.0,yahoo
RELIANCE,5m,2026-09-25T10:35:00+05:30,1220.800048828125,1221.699951171875,1220.5,1221.4000244140625,108101.0,yahoo
RELIANCE,5m,2026-09-25T10:40:00+05:30,1221.4000244140625,1221.5,1220.0999755859375,1220.199951171875,101598.0,yahoo
RELIANCE,5m,2026-09-25T10:45:00+05:30,1220.199951171875,1220.199951171875,1217.5,1217.699951171875,117340.0,yahoo
RELIANCE,5m,2026-09-25T10:50:00+05:30,1217.800048828125,1219.5,1217.4000244140625,1218.199951171875,176819.0,yahoo
RELIANCE,5m,2026-09-25T10:55:00+05:30,1218.199951171875,1218.800048828125,1217.0,1217.5999755859375,134610.0,yahoo
RELIANCE,5m,2026-09-25T11:00:00+05:30,1217.699951171875,1219.800048828125,1217.199951171875,1219.300048828125,149221.0,yahoo
RELIANCE,5m,2026-09-25T11:05:00+05:30,1219.300048828125,1220.0,1218.699951171875,1219.5,116356.0,yahoo
RELIANCE,5m,2026-09-25T11:10:00+05:30,1219.5,1221.5,1219.4000244140625,1220.5,113887.0,yahoo
RELIANCE,5m,2026-09-25T11:15:00+05:30,1220.5999755859375,1221.5,1220.0999755859375,1221.199951171875,126767.0,yahoo
RELIANCE,5m,2026-09-25T11:20:00+05:30,1221.300048828125,1222.5,1221.199951171875,1221.199951171875,92177.0,yahoo
RELIANCE,5m,2026-09-25T11:25:00+05:30,1221.199951171875,1221.199951171875,1219.5999755859375,1220.300048828125,198434.0,yahoo
RELIANCE,5m,2026-09-25T11:30:00+05:30,1220.300048828125,1221.300048828125,1220.0,1220.5999755859375,80275.0,yahoo
RELIANCE,5m,2026-09-25T11:35:00+05:30,1220.5999755859375,1220.9000244140625,1220.5,1220.800048828125,55164.0,yahoo
RELIANCE,5m,2026-09-25T11:40:00+05:30,1220.9000244140625,1221.800048828125,1220.699951171875,1220.699951171875,84525.0,yahoo
RELIANCE,5m,2026-09-25T11:45:00+05:30,1220.699951171875,1221.0,1219.9000244140625,1220.699951171875,113577.0,yahoo
RELIANCE,5m,2026-09-25T11:50:00+05:30,1220.699951171875,1222.0,1220.5,1221.5999755859375,297934.0,yahoo
RELIANCE,5m,2026-09-25T11:55:00+05:30,1221.699951171875,1221.699951171875,1220.199951171875,1220.300048828125,108621.0,yahoo
RELIANCE,5m,2026-09-25T12:00:00+05:30,1220.300048828125,1220.699951171875,1218.0999755859375,1218.800048828125,103095.0,yahoo
RELIANCE,5m,2026-09-25T12:05:00+05:30,1218.800048828125,1219.4000244140625,1218.300048828125,1219.199951171875,55848.0,yahoo
RELIANCE,5m,2026-09-25T12:10:00+05:30,1219.199951171875,1220.0,1219.0999755859375,1219.300048828125,76336.0,yahoo
RELIANCE,5m,2026-09-25T12:15:00+05:30,1219.5999755859375,1219.699951171875,1218.5,1218.5,66172.0,yahoo
RELIANCE,5m,2026-09-25T12:20:00+05:30,1218.4000244140625,1219.0999755859375,1218.199951171875,1218.800048828125,63625.0,yahoo
RELIANCE,5m,2026-09-25T12:25:00+05:30,1218.800048828125,1219.4000244140625,1218.300048828125,1219.4000244140625,75000.0,yahoo
RELIANCE,5m,2026-09-25T12:30:00+05:30,1219.5,1219.9000244140625,1218.699951171875,1218.699951171875,57045.0,yahoo
RELIANCE,5m,2026-09-25T12:35:00+05:30,1218.699951171875,1218.699951171875,1217.800048828125,1218.4000244140625,81729.0,yahoo
RELIANCE,5m,2026-09-25T12:40:00+05:30,1218.4000244140625,1218.4000244140625,1217.0999755859375,1217.300048828125,69607.0,yahoo
RELIANCE,5m,2026-09-25T12:45:00+05:30,1217.300048828125,1217.5,1216.5999755859375,1216.699951171875,95961.0,yahoo
RELIANCE,5m,2026-09-25T12:50:00+05:30,1216.699951171875,1217.199951171875,1216.300048828125,1216.5999755859375,110083.0,yahoo
RELIANCE,5m,2026-09-25T12:55:00+05:30,1216.699951171875,1216.699951171875,1215.800048828125,1216.5,247922.0,yahoo
RELIANCE,5m,2026-09-25T13:00:00+05:30,1216.5,1217.800048828125,1216.4000244140625,1217.300048828125,77718.0,yahoo
RELIANCE,5m,2026-09-25T13:05:00+05:30,1217.300048828125,1217.300048828125,1216.0,1216.5,61173.0,yahoo
RELIANCE,5m,2026-09-25T13:10:00+05:30,1216.4000244140625,1217.9000244140625,1216.4000244140625,1216.4000244140625,134778.0,yahoo
RELIANCE,5m,2026-09-25T13:15:00+05:30,1216.4000244140625,1216.5,1215.4000244140625,1215.5,96838.0,yahoo
RELIANCE,5m,2026-09-25T13:20:00+05:30,1215.4000244140625,1216.199951171875,1215.199951171875,1215.300048828125,162562.0,yahoo
RELIANCE,5m,2026-09-25T13:25:00+05:30,1215.199951171875,1215.9000244140625,1215.199951171875,1215.5,94904.0,yahoo
RELIANCE,5m,2026-09-25T13:30:00+05:30,1215.5,1216.199951171875,1215.199951171875,1215.4000244140625,133918.0,yahoo
RELIANCE,5m,2026-09-25T13:35:00+05:30,1215.300048828125,1217.300048828125,1215.0999755859375,1216.800048828125,199911.0,yahoo
RELIANCE,5m,2026-09-25T13:40:00+05:30,1216.5,1217.5,1216.5,1217.300048828125,172069.0,yahoo
RELIANCE,5m,2026-09-25T13:45:00+05:30,1217.300048828125,1218.9000244140625,1217.300048828125,1217.800048828125,113362.0,yahoo
RELIANCE,5m,2026-09-25T13:50:00+05:30,1218.0,1218.0999755859375,1217.5999755859375,1218.0,68156.0,yahoo
RELIANCE,5m,2026-09-25T13:55:00+05:30,1218.0,1219.0,1217.300048828125,1219.0,77804.0,yahoo
RELIANCE,5m,2026-09-25T14:00:00+05:30,1219.0,1224.0,1219.0,1223.699951171875,417446.0,yahoo
RELIANCE,5m,2026-09-25T14:05:00+05:30,1223.699951171875,1224.0999755859375,1221.699951171875,1221.9000244140625,279115.0,yahoo
RELIANCE,5m,2026-09-25T14:10:00+05:30,1221.800048828125,1223.5,1221.800048828125,1223.0,186324.0,yahoo
RELIANCE,5m,2026-09-25T14:15:00+05:30,1223.0999755859375,1225.0,1223.0,1224.199951171875,158426.0,yahoo
RELIANCE,5m,2026-09-25T14:20:00+05:30,1224.199951171875,1224.199951171875,1223.300048828125,1223.800048828125,100662.0,yahoo
RELIANCE,5m,2026-09-25T14:25:00+05:30,1223.800048828125,1225.5,1223.699951171875,1225.0,289073.0,yahoo
RELIANCE,5m,2026-09-25T14:30:00+05:30,1225.0,1227.300048828125,1224.699951171875,1226.0,161376.0,yahoo
RELIANCE,5m,2026-09-25T14:35:00+05:30,1226.0,1226.199951171875,1225.699951171875,1226.0,83998.0,yahoo
RELIANCE,5m,2026-09-25T14:40:00+05:30,1226.199951171875,1226.199951171875,1224.5999755859375,1224.800048828125,131742.0,yahoo
RELIANCE,5m,2026-09-25T14:45:00+05:30,1224.800048828125,1225.0999755859375,1223.800048828125,1224.199951171875,191893.0,yahoo
RELIANCE,5m,2026-09-25T14:50:00+05:30,1224.0999755859375,1225.300048828125,1223.9000244140625,1224.800048828125,192696.0,yahoo
RELIANCE,5m,2026-09-25T14:55:00+05:30,1224.800048828125,1225.800048828125,1224.4000244140625,1225.5999755859375,171658.0,yahoo
RELIANCE,5m,2026-09-25T15:00:00+05:30,1225.5999755859375,1225.5999755859375,1223.9000244140625,1224.699951171875,455688.0,yahoo
RELIANCE,5m,2026-09-25T15:05:00+05:30,1224.9000244140625,1225.0999755859375,1223.5,1224.0,344906.0,yahoo
RELIANCE,5m,2026-09-25T15:10:00+05:30,1224.0,1226.0,1223.300048828125,1226.0,535178.0,yahoo
SAIL,5m,2026-09-25T09:15:00+05:30,184.6300048828125,185.05999755859375,183.5500030517578,183.5500030517578,0.0,yahoo
SAIL,5m,2026-09-25T09:20:00+05:30,183.50999450683594,185.1999969482422,182.80999755859375,184.8000030517578,672424.0,yahoo
SAIL,5m,2026-09-25T09:25:00+05:30,184.80999755859375,184.80999755859375,183.6199951171875,183.8300018310547,363117.0,yahoo
SAIL,5m,2026-09-25T09:30:00+05:30,183.74000549316406,184.3800048828125,183.7100067138672,184.16000366210938,118102.0,yahoo
SAIL,5m,2026-09-25T09:35:00+05:30,184.14999389648438,184.44000244140625,183.60000610351562,183.60000610351562,205460.0,yahoo
SAIL,5m,2026-09-25T09:40:00+05:30,183.6199951171875,183.6199951171875,183.1199951171875,183.13999938964844,245292.0,yahoo
SAIL,5m,2026-09-25T09:45:00+05:30,183.17999267578125,183.83999633789062,183.08999633789062,183.83999633789062,125390.0,yahoo
SAIL,5m,2026-09-25T09:50:00+05:30,183.75999450683594,184.36000061035156,183.75999450683594,183.94000244140625,219052.0,yahoo
SAIL,5m,2026-09-25T09:55:00+05:30,184.02999877929688,185.7899932861328,184.0,185.1199951171875,545454.0,yahoo
SAIL,5m,2026-09-25T10:00:00+05:30,185.22000122070312,185.39999389648438,184.92999267578125,185.39999389648438,168455.0,yahoo
SAIL,5m,2026-09-25T10:05:00+05:30,185.36000061035156,185.36000061035156,184.5399932861328,184.8000030517578,220475.0,yahoo
SAIL,5m,2026-09-25T10:10:00+05:30,184.8000030517578,185.3699951171875,184.75,185.1199951171875,218416.0,yahoo
SAIL,5m,2026-09-25T10:15:00+05:30,185.07000732421875,185.3300018310547,184.6300048828125,184.6300048828125,79955.0,yahoo
SAIL,5m,2026-09-25T10:20:00+05:30,184.69000244140625,184.77999877929688,184.3800048828125,184.3800048828125,82615.0,yahoo
SAIL,5m,2026-09-25T10:25:00+05:30,184.3699951171875,184.3699951171875,183.99000549316406,184.0500030517578,126653.0,yahoo
SAIL,5m,2026-09-25T10:30:00+05:30,184.0800018310547,184.10000610351562,183.77000427246094,183.8699951171875,47141.0,yahoo
SAIL,5m,2026-09-25T10:35:00+05:30,183.82000732421875,183.97999572753906,183.63999938964844,183.86000061035156,69643.0,yahoo
SAIL,5m,2026-09-25T10:40:00+05:30,183.86000061035156,183.86000061035156,183.60000610351562,183.6199951171875,48781.0,yahoo
SAIL,5m,2026-09-25T10:45:00+05:30,183.61000061035156,183.66000366210938,183.39999389648438,183.4600067138672,54798.0,yahoo
SAIL,5m,2026-09-25T10:50:00+05:30,183.4600067138672,183.6300048828125,183.4600067138672,183.5500030517578,23574.0,yahoo
SAIL,5m,2026-09-25T10:55:00+05:30,183.5500030517578,183.7100067138672,183.5399932861328,183.60000610351562,22935.0,yahoo
SAIL,5m,2026-09-25T11:00:00+05:30,183.69000244140625,183.89999389648438,183.5399932861328,183.86000061035156,43469.0,yahoo
SAIL,5m,2026-09-25T11:05:00+05:30,183.80999755859375,183.85000610351562,183.72000122070312,183.8300018310547,27862.0,yahoo
SAIL,5m,2026-09-25T11:10:00+05:30,183.82000732421875,183.8300018310547,183.5500030517578,183.5800018310547,26281.0,yahoo
SAIL,5m,2026-09-25T11:15:00+05:30,183.5800018310547,184.5800018310547,183.57000732421875,184.1999969482422,462354.0,yahoo
SAIL,5m,2026-09-25T11:20:00+05:30,184.14999389648438,184.38999938964844,183.97999572753906,184.22999572753906,54280.0,yahoo
SAIL,5m,2026-09-25T11:25:00+05:30,184.16000366210938,184.2899932861328,184.0399932861328,184.1699981689453,16502.0,yahoo
SAIL,5m,2026-09-25T11:30:00+05:30,184.1699981689453,184.3699951171875,184.02000427246094,184.13999938964844,59904.0,yahoo
SAIL,5m,2026-09-25T11:35:00+05:30,184.10000610351562,184.2100067138672,184.00999450683594,184.2100067138672,23136.0,yahoo
SAIL,5m,2026-09-25T11:40:00+05:30,184.2100067138672,184.22000122070312,184.00999450683594,184.2100067138672,26433.0,yahoo
SAIL,5m,2026-09-25T11:45:00+05:30,184.2100067138672,184.5399932861328,184.07000732421875,184.44000244140625,54833.0,yahoo
SAIL,5m,2026-09-25T11:50:00+05:30,184.4499969482422,184.47000122070312,184.1999969482422,184.3000030517578,52056.0,yahoo
SAIL,5m,2026-09-25T11:55:00+05:30,184.25,184.3000030517578,183.97999572753906,183.97999572753906,28342.0,yahoo
SAIL,5m,2026-09-25T12:00:00+05:30,183.9199981689453,184.11000061035156,183.77000427246094,183.8699951171875,82936.0,yahoo
SAIL,5m,2026-09-25T12:05:00+05:30,183.83999633789062,183.97999572753906,183.77999877929688,183.82000732421875,18037.0,yahoo
SAIL,5m,2026-09-25T12:10:00+05:30,183.77999877929688,183.82000732421875,183.7100067138672,183.75,14583.0,yahoo
SAIL,5m,2026-09-25T12:15:00+05:30,183.74000549316406,183.77999877929688,183.47999572753906,183.5399932861328,75668.0,yahoo
SAIL,5m,2026-09-25T12:20:00+05:30,183.5,183.75999450683594,183.5,183.74000549316406,73548.0,yahoo
SAIL,5m,2026-09-25T12:25:00+05:30,183.69000244140625,183.6999969482422,183.5399932861328,183.5500030517578,34683.0,yahoo
SAIL,5m,2026-09-25T12:30:00+05:30,183.60000610351562,183.94000244140625,183.5500030517578,183.7899932861328,25882.0,yahoo
SAIL,5m,2026-09-25T12:35:00+05:30,183.75999450683594,183.7899932861328,183.5,183.67999267578125,27765.0,yahoo
SAIL,5m,2026-09-25T12:40:00+05:30,183.61000061035156,183.75,183.60000610351562,183.7100067138672,19560.0,yahoo
SAIL,5m,2026-09-25T12:45:00+05:30,183.7100067138672,183.75999450683594,183.0399932861328,183.6999969482422,523280.0,yahoo
SAIL,5m,2026-09-25T12:50:00+05:30,183.6699981689453,183.69000244140625,183.5,183.5500030517578,17825.0,yahoo
SAIL,5m,2026-09-25T12:55:00+05:30,183.5,183.60000610351562,183.39999389648438,183.58999633789062,43065.0,yahoo
SAIL,5m,2026-09-25T13:00:00+05:30,183.55999755859375,183.58999633789062,183.5,183.52000427246094,20715.0,yahoo
SAIL,5m,2026-09-25T13:05:00+05:30,183.5,183.60000610351562,183.4199981689453,183.50999450683594,75229.0,yahoo
SAIL,5m,2026-09-25T13:10:00+05:30,183.50999450683594,183.60000610351562,183.5,183.52999877929688,17055.0,yahoo
SAIL,5m,2026-09-25T13:15:00+05:30,183.52000427246094,183.72000122070312,183.52000427246094,183.5399932861328,33646.0,yahoo
SAIL,5m,2026-09-25T13:20:00+05:30,183.52999877929688,183.72000122070312,183.5,183.52999877929688,85967.0,yahoo
SAIL,5m,2026-09-25T13:25:00+05:30,183.5,183.7100067138672,183.32000732421875,183.50999450683594,47222.0,yahoo
SAIL,5m,2026-09-25T13:30:00+05:30,183.5,183.60000610351562,183.39999389648438,183.55999755859375,34118.0,yahoo
SAIL,5m,2026-09-25T13:35:00+05:30,183.5500030517578,183.55999755859375,183.5,183.5500030517578,22862.0,yahoo
SAIL,5m,2026-09-25T13:40:00+05:30,183.50999450683594,183.6699981689453,183.50999450683594,183.61000061035156,20614.0,yahoo
SAIL,5m,2026-09-25T13:45:00+05:30,183.52999877929688,183.80999755859375,183.52999877929688,183.67999267578125,18841.0,yahoo
SAIL,5m,2026-09-25T13:50:00+05:30,183.67999267578125,183.80999755859375,183.64999389648438,183.69000244140625,18852.0,yahoo
SAIL,5m,2026-09-25T13:55:00+05:30,183.64999389648438,183.74000549316406,183.5399932861328,183.74000549316406,29010.0,yahoo
SAIL,5m,2026-09-25T14:00:00+05:30,183.74000549316406,184.47000122070312,183.74000549316406,184.4499969482422,84603.0,yahoo
SAIL,5m,2026-09-25T14:05:00+05:30,184.4600067138672,185.5800018310547,184.25,185.47000122070312,565851.0,yahoo
SAIL,5m,2026-09-25T14:10:00+05:30,185.52000427246094,185.99000549316406,185.3699951171875,185.5399932861328,285496.0,yahoo
SAIL,5m,2026-09-25T14:15:00+05:30,185.55999755859375,185.8300018310547,185.55999755859375,185.64999389648438,345408.0,yahoo
SAIL,5m,2026-09-25T14:20:00+05:30,185.5800018310547,185.64999389648438,185.22999572753906,185.39999389648438,88091.0,yahoo
SAIL,5m,2026-09-25T14:25:00+05:30,185.39999389648438,185.5500030517578,185.36000061035156,185.5500030517578,77510.0,yahoo
SAIL,5m,2026-09-25T14:30:00+05:30,185.5500030517578,185.74000549316406,185.42999267578125,185.60000610351562,81508.0,yahoo
SAIL,5m,2026-09-25T14:35:00+05:30,185.55999755859375,185.55999755859375,185.30999755859375,185.38999938964844,75973.0,yahoo
SAIL,5m,2026-09-25T14:40:00+05:30,185.35000610351562,185.49000549316406,185.14999389648438,185.49000549316406,55679.0,yahoo
SAIL,5m,2026-09-25T14:45:00+05:30,185.5,185.5,185.33999633789062,185.3800048828125,70027.0,yahoo
SAIL,5m,2026-09-25T14:50:00+05:30,185.22999572753906,185.60000610351562,185.22000122070312,185.60000610351562,145100.0,yahoo
SAIL,5m,2026-09-25T14:55:00+05:30,185.74000549316406,185.89999389648438,185.3300018310547,185.44000244140625,285117.0,yahoo
SAIL,5m,2026-09-25T15:00:00+05:30,185.44000244140625,185.6999969482422,185.3300018310547,185.66000366210938,254211.0,yahoo
SAIL,5m,2026-09-25T15:05:00+05:30,185.69000244140625,185.83999633789062,184.97999572753906,184.97999572753906,353060.0,yahoo
SAIL,5m,2026-09-25T15:10:00+05:30,184.89999389648438,185.17999267578125,184.72999572753906,184.85000610351562,390438.0,yahoo
SAIL,5m,2026-09-25T15:15:00+05:30,184.85000610351562,185.0,184.85000610351562,185.0,59071.0,yahoo
SBILIFE,5m,2026-09-25T09:15:00+05:30,1750.800048828125,1758.4000244140625,1745.5999755859375,1747.0999755859375,0.0,yahoo
SBILIFE,5m,2026-09-25T09:20:00+05:30,1747.5,1751.4000244140625,1745.0,1748.9000244140625,22634.0,yahoo
SBILIFE,5m,2026-09-25T09:25:00+05:30,1749.5999755859375,1752.0999755859375,1747.4000244140625,1750.699951171875,20945.0,yahoo
SBILIFE,5m,2026-09-25T09:30:00+05:30,1751.800048828125,1753.5999755859375,1748.5,1748.699951171875,9952.0,yahoo
SBILIFE,5m,2026-09-25T09:35:00+05:30,1749.0999755859375,1750.300048828125,1740.699951171875,1742.5,17073.0,yahoo
SBILIFE,5m,2026-09-25T09:40:00+05:30,1742.800048828125,1742.800048828125,1735.300048828125,1735.300048828125,12585.0,yahoo
SBILIFE,5m,2026-09-25T09:45:00+05:30,1735.199951171875,1738.5999755859375,1732.300048828125,1736.4000244140625,14749.0,yahoo
SBILIFE,5m,2026-09-25T09:50:00+05:30,1736.9000244140625,1737.5,1733.800048828125,1736.300048828125,17834.0,yahoo
SBILIFE,5m,2026-09-25T09:55:00+05:30,1738.0,1745.0999755859375,1737.4000244140625,1743.5999755859375,14034.0,yahoo
SBILIFE,5m,2026-09-25T10:00:00+05:30,1743.699951171875,1747.199951171875,1742.300048828125,1746.0,13424.0,yahoo
SBILIFE,5m,2026-09-25T10:05:00+05:30,1746.5,1748.5,1745.699951171875,1747.699951171875,18486.0,yahoo
SBILIFE,5m,2026-09-25T10:10:00+05:30,1748.5999755859375,1748.5999755859375,1745.5999755859375,1748.4000244140625,8429.0,yahoo
SBILIFE,5m,2026-09-25T10:15:00+05:30,1748.5999755859375,1750.0,1746.800048828125,1749.699951171875,11439.0,yahoo
SBILIFE,5m,2026-09-25T10:20:00+05:30,1749.699951171875,1755.0999755859375,1749.0,1750.0,23955.0,yahoo
SBILIFE,5m,2026-09-25T10:25:00+05:30,1750.0,1755.300048828125,1748.199951171875,1750.5999755859375,19704.0,yahoo
SBILIFE,5m,2026-09-25T10:30:00+05:30,1750.699951171875,1752.4000244140625,1745.4000244140625,1745.5999755859375,9337.0,yahoo
SBILIFE,5m,2026-09-25T10:35:00+05:30,1745.699951171875,1749.0999755859375,1745.0,1748.300048828125,5341.0,yahoo
SBILIFE,5m,2026-09-25T10:40:00+05:30,1748.800048828125,1749.5,1747.300048828125,1748.800048828125,3510.0,yahoo
SBILIFE,5m,2026-09-25T10:45:00+05:30,1748.800048828125,1749.0,1746.0999755859375,1746.300048828125,2782.0,yahoo
SBILIFE,5m,2026-09-25T10:50:00+05:30,1746.800048828125,1748.5999755859375,1745.0,1748.5999755859375,4063.0,yahoo
SBILIFE,5m,2026-09-25T10:55:00+05:30,1747.9000244140625,1748.5,1745.9000244140625,1747.699951171875,4083.0,yahoo
SBILIFE,5m,2026-09-25T11:00:00+05:30,1748.4000244140625,1748.5,1746.0,1746.699951171875,4035.0,yahoo
SBILIFE,5m,2026-09-25T11:05:00+05:30,1747.0,1751.0,1746.300048828125,1751.0,3415.0,yahoo
SBILIFE,5m,2026-09-25T11:10:00+05:30,1750.800048828125,1752.800048828125,1746.0,1749.0999755859375,7957.0,yahoo
SBILIFE,5m,2026-09-25T11:15:00+05:30,1749.5,1749.5999755859375,1745.9000244140625,1748.9000244140625,3525.0,yahoo
SBILIFE,5m,2026-09-25T11:20:00+05:30,1749.199951171875,1750.5999755859375,1746.800048828125,1746.800048828125,3007.0,yahoo
SBILIFE,5m,2026-09-25T11:25:00+05:30,1747.5,1747.5,1742.199951171875,1743.5,6105.0,yahoo
SBILIFE,5m,2026-09-25T11:30:00+05:30,1744.0,1744.5,1741.4000244140625,1741.800048828125,3873.0,yahoo
SBILIFE,5m,2026-09-25T11:35:00+05:30,1742.5999755859375,1742.800048828125,1740.800048828125,1742.4000244140625,2343.0,yahoo
SBILIFE,5m,2026-09-25T11:40:00+05:30,1742.300048828125,1744.5,1740.199951171875,1743.0999755859375,3569.0,yahoo
SBILIFE,5m,2026-09-25T11:45:00+05:30,1743.9000244140625,1744.5,1742.5999755859375,1742.9000244140625,5245.0,yahoo
SBILIFE,5m,2026-09-25T11:50:00+05:30,1743.5,1743.699951171875,1741.5999755859375,1742.4000244140625,4482.0,yahoo
SBILIFE,5m,2026-09-25T11:55:00+05:30,1742.199951171875,1743.199951171875,1740.5999755859375,1740.5999755859375,2547.0,yahoo
SBILIFE,5m,2026-09-25T12:00:00+05:30,1741.0999755859375,1742.0999755859375,1740.199951171875,1740.5,3513.0,yahoo
SBILIFE,5m,2026-09-25T12:05:00+05:30,1740.800048828125,1741.4000244140625,1739.4000244140625,1739.9000244140625,2149.0,yahoo
SBILIFE,5m,2026-09-25T12:10:00+05:30,1740.5,1742.800048828125,1739.9000244140625,1742.800048828125,3774.0,yahoo
SBILIFE,5m,2026-09-25T12:15:00+05:30,1741.199951171875,1742.9000244140625,1738.800048828125,1741.800048828125,4905.0,yahoo
SBILIFE,5m,2026-09-25T12:20:00+05:30,1740.5999755859375,1742.699951171875,1739.0,1739.699951171875,3105.0,yahoo
SBILIFE,5m,2026-09-25T12:25:00+05:30,1741.0999755859375,1743.0,1740.0,1741.4000244140625,3201.0,yahoo
SBILIFE,5m,2026-09-25T12:30:00+05:30,1741.9000244140625,1743.699951171875,1741.4000244140625,1742.300048828125,2738.0,yahoo
SBILIFE,5m,2026-09-25T12:35:00+05:30,1742.5999755859375,1743.699951171875,1740.9000244140625,1741.699951171875,3559.0,yahoo
SBILIFE,5m,2026-09-25T12:40:00+05:30,1741.5,1742.9000244140625,1740.0,1741.199951171875,4580.0,yahoo
SBILIFE,5m,2026-09-25T12:45:00+05:30,1741.199951171875,1742.5,1740.0,1741.0999755859375,4486.0,yahoo
SBILIFE,5m,2026-09-25T12:50:00+05:30,1741.0999755859375,1741.0999755859375,1739.4000244140625,1739.699951171875,5376.0,yahoo
SBILIFE,5m,2026-09-25T12:55:00+05:30,1740.0,1741.0999755859375,1737.199951171875,1738.5,6507.0,yahoo
SBILIFE,5m,2026-09-25T13:00:00+05:30,1738.5,1739.800048828125,1737.4000244140625,1739.0999755859375,5105.0,yahoo
SBILIFE,5m,2026-09-25T13:05:00+05:30,1739.0999755859375,1741.699951171875,1738.199951171875,1739.699951171875,10531.0,yahoo
SBILIFE,5m,2026-09-25T13:10:00+05:30,1739.699951171875,1740.5999755859375,1738.0,1738.0999755859375,5856.0,yahoo
SBILIFE,5m,2026-09-25T13:15:00+05:30,1738.0999755859375,1738.800048828125,1736.800048828125,1738.199951171875,6236.0,yahoo
SBILIFE,5m,2026-09-25T13:20:00+05:30,1738.300048828125,1740.800048828125,1738.0,1738.4000244140625,10828.0,yahoo
SBILIFE,5m,2026-09-25T13:25:00+05:30,1738.300048828125,1739.5999755859375,1737.300048828125,1738.300048828125,5262.0,yahoo
SBILIFE,5m,2026-09-25T13:30:00+05:30,1738.300048828125,1743.300048828125,1737.9000244140625,1741.9000244140625,16003.0,yahoo
SBILIFE,5m,2026-09-25T13:35:00+05:30,1741.800048828125,1743.4000244140625,1740.0,1741.0,22023.0,yahoo
SBILIFE,5m,2026-09-25T13:40:00+05:30,1741.0,1744.4000244140625,1740.4000244140625,1744.4000244140625,41085.0,yahoo
SBILIFE,5m,2026-09-25T13:45:00+05:30,1744.5,1749.300048828125,1744.0,1749.300048828125,30022.0,yahoo
SBILIFE,5m,2026-09-25T13:50:00+05:30,1749.300048828125,1749.5,1745.9000244140625,1747.300048828125,22569.0,yahoo
SBILIFE,5m,2026-09-25T13:55:00+05:30,1747.4000244140625,1749.5999755859375,1746.300048828125,1749.199951171875,22211.0,yahoo
SBILIFE,5m,2026-09-25T14:00:00+05:30,1749.5999755859375,1757.300048828125,1749.5999755859375,1757.300048828125,35153.0,yahoo
SBILIFE,5m,2026-09-25T14:05:00+05:30,1757.199951171875,1757.5999755859375,1751.0999755859375,1751.0999755859375,24546.0,yahoo
SBILIFE,5m,2026-09-25T14:10:00+05:30,1750.199951171875,1752.300048828125,1749.300048828125,1752.300048828125,25683.0,yahoo
SBILIFE,5m,2026-09-25T14:15:00+05:30,1751.699951171875,1752.9000244140625,1750.5,1752.5,23066.0,yahoo
SBILIFE,5m,2026-09-25T14:20:00+05:30,1752.5,1752.5,1749.699951171875,1750.199951171875,21961.0,yahoo
SBILIFE,5m,2026-09-25T14:25:00+05:30,1750.199951171875,1751.0999755859375,1747.9000244140625,1748.5999755859375,25383.0,yahoo
SBILIFE,5m,2026-09-25T14:30:00+05:30,1748.5999755859375,1749.9000244140625,1747.5999755859375,1749.9000244140625,22488.0,yahoo
SBILIFE,5m,2026-09-25T14:35:00+05:30,1749.5,1750.800048828125,1747.0999755859375,1747.5999755859375,31178.0,yahoo
SBILIFE,5m,2026-09-25T14:40:00+05:30,1747.5,1748.0999755859375,1746.0,1747.5999755859375,26232.0,yahoo
SBILIFE,5m,2026-09-25T14:45:00+05:30,1747.699951171875,1749.5,1747.4000244140625,1747.800048828125,31806.0,yahoo
SBILIFE,5m,2026-09-25T14:50:00+05:30,1747.4000244140625,1749.800048828125,1747.0999755859375,1749.5,29279.0,yahoo
SBILIFE,5m,2026-09-25T14:55:00+05:30,1749.4000244140625,1751.300048828125,1748.300048828125,1750.300048828125,36368.0,yahoo
SBILIFE,5m,2026-09-25T15:00:00+05:30,1750.0,1750.0,1745.4000244140625,1746.800048828125,19290.0,yahoo
SBILIFE,5m,2026-09-25T15:05:00+05:30,1746.9000244140625,1746.9000244140625,1740.4000244140625,1740.5999755859375,29927.0,yahoo
SBILIFE,5m,2026-09-25T15:10:00+05:30,1741.4000244140625,1746.699951171875,1741.0999755859375,1746.699951171875,36185.0,yahoo
SBILIFE,5m,2026-09-25T15:15:00+05:30,1746.699951171875,1746.699951171875,1742.0,1742.0,5023.0,yahoo
SBIN,5m,2026-09-25T09:15:00+05:30,981.0,985.7000122070312,980.5,984.0,0.0,yahoo
SBIN,5m,2026-09-25T09:20:00+05:30,983.2999877929688,984.7999877929688,983.2999877929688,983.9000244140625,85385.0,yahoo
SBIN,5m,2026-09-25T09:25:00+05:30,984.0,984.9000244140625,983.4000244140625,984.0999755859375,95625.0,yahoo
SBIN,5m,2026-09-25T09:30:00+05:30,984.0999755859375,984.0999755859375,982.7000122070312,983.5999755859375,63117.0,yahoo
SBIN,5m,2026-09-25T09:35:00+05:30,983.5999755859375,983.5999755859375,980.7999877929688,981.2000122070312,69249.0,yahoo
SBIN,5m,2026-09-25T09:40:00+05:30,981.0999755859375,983.0,980.5,982.2000122070312,101971.0,yahoo
SBIN,5m,2026-09-25T09:45:00+05:30,982.0999755859375,982.5999755859375,981.2000122070312,981.4000244140625,40501.0,yahoo
SBIN,5m,2026-09-25T09:50:00+05:30,981.2999877929688,981.4000244140625,979.4000244140625,979.7000122070312,153036.0,yahoo
SBIN,5m,2026-09-25T09:55:00+05:30,979.9000244140625,981.2999877929688,979.0999755859375,981.2999877929688,60882.0,yahoo
SBIN,5m,2026-09-25T10:00:00+05:30,981.5,981.9000244140625,980.4000244140625,981.7999877929688,49364.0,yahoo
SBIN,5m,2026-09-25T10:05:00+05:30,981.7999877929688,983.5,981.0,982.9000244140625,57946.0,yahoo
SBIN,5m,2026-09-25T10:10:00+05:30,982.9000244140625,983.4000244140625,982.0,982.5,61445.0,yahoo
SBIN,5m,2026-09-25T10:15:00+05:30,982.5,983.0,981.9000244140625,981.9000244140625,32260.0,yahoo
SBIN,5m,2026-09-25T10:20:00+05:30,981.7000122070312,982.2999877929688,981.2999877929688,981.2999877929688,16970.0,yahoo
SBIN,5m,2026-09-25T10:25:00+05:30,980.7999877929688,981.2000122070312,979.4000244140625,980.0,56990.0,yahoo
SBIN,5m,2026-09-25T10:30:00+05:30,980.0,980.7999877929688,979.2999877929688,980.0,24758.0,yahoo
SBIN,5m,2026-09-25T10:35:00+05:30,979.9000244140625,980.5999755859375,979.5,980.5,22799.0,yahoo
SBIN,5m,2026-09-25T10:40:00+05:30,980.2000122070312,980.2000122070312,979.5,979.5999755859375,26397.0,yahoo
SBIN,5m,2026-09-25T10:45:00+05:30,979.7999877929688,979.7999877929688,978.7000122070312,979.2000122070312,46974.0,yahoo
SBIN,5m,2026-09-25T10:50:00+05:30,979.2000122070312,980.0,979.0999755859375,980.0,16839.0,yahoo
SBIN,5m,2026-09-25T10:55:00+05:30,979.4000244140625,980.0,979.2999877929688,979.7999877929688,23178.0,yahoo
SBIN,5m,2026-09-25T11:00:00+05:30,979.9000244140625,980.0,979.5999755859375,980.0,51357.0,yahoo
SBIN,5m,2026-09-25T11:05:00+05:30,979.9000244140625,981.5999755859375,979.9000244140625,981.0999755859375,179917.0,yahoo
SBIN,5m,2026-09-25T11:10:00+05:30,981.0999755859375,981.7999877929688,980.4000244140625,980.7999877929688,35113.0,yahoo
SBIN,5m,2026-09-25T11:15:00+05:30,981.0,981.4000244140625,980.0,980.2999877929688,50637.0,yahoo
SBIN,5m,2026-09-25T11:20:00+05:30,980.2999877929688,980.2999877929688,979.5999755859375,979.7999877929688,43021.0,yahoo
SBIN,5m,2026-09-25T11:25:00+05:30,979.9000244140625,980.2999877929688,979.2999877929688,980.0999755859375,44990.0,yahoo
SBIN,5m,2026-09-25T11:30:00+05:30,980.0999755859375,980.7000122070312,979.5,979.5999755859375,58467.0,yahoo
SBIN,5m,2026-09-25T11:35:00+05:30,979.7000122070312,980.0999755859375,979.5,979.7999877929688,30195.0,yahoo
SBIN,5m,2026-09-25T11:40:00+05:30,980.0999755859375,980.2000122070312,979.0999755859375,979.7999877929688,38813.0,yahoo
SBIN,5m,2026-09-25T11:45:00+05:30,979.7999877929688,980.0,979.4000244140625,979.7999877929688,24762.0,yahoo
SBIN,5m,2026-09-25T11:50:00+05:30,980.0,980.5,979.7999877929688,979.7999877929688,30920.0,yahoo
SBIN,5m,2026-09-25T11:55:00+05:30,980.0,980.4000244140625,979.2000122070312,979.5999755859375,44613.0,yahoo
SBIN,5m,2026-09-25T12:00:00+05:30,979.5,980.0,978.7999877929688,979.0,37209.0,yahoo
SBIN,5m,2026-09-25T12:05:00+05:30,979.0999755859375,979.5999755859375,978.7000122070312,979.2999877929688,29247.0,yahoo
SBIN,5m,2026-09-25T12:10:00+05:30,979.2999877929688,979.7000122070312,979.0,979.5,43362.0,yahoo
SBIN,5m,2026-09-25T12:15:00+05:30,979.5999755859375,979.7000122070312,979.0,979.0,30167.0,yahoo
SBIN,5m,2026-09-25T12:20:00+05:30,979.0999755859375,979.4000244140625,978.5999755859375,979.2000122070312,40327.0,yahoo
SBIN,5m,2026-09-25T12:25:00+05:30,978.7000122070312,979.2999877929688,978.5,978.7000122070312,32728.0,yahoo
SBIN,5m,2026-09-25T12:30:00+05:30,979.0,979.9000244140625,978.7999877929688,979.4000244140625,27134.0,yahoo
SBIN,5m,2026-09-25T12:35:00+05:30,979.0,979.5,978.7999877929688,979.4000244140625,20115.0,yahoo
SBIN,5m,2026-09-25T12:40:00+05:30,979.4000244140625,980.0,979.0999755859375,979.7000122070312,24300.0,yahoo
SBIN,5m,2026-09-25T12:45:00+05:30,979.7000122070312,980.4000244140625,979.5999755859375,979.9000244140625,31191.0,yahoo
SBIN,5m,2026-09-25T12:50:00+05:30,979.9000244140625,980.0999755859375,979.5,979.9000244140625,19364.0,yahoo
SBIN,5m,2026-09-25T12:55:00+05:30,979.9000244140625,980.2000122070312,979.2000122070312,979.9000244140625,18221.0,yahoo
SBIN,5m,2026-09-25T13:00:00+05:30,979.9000244140625,980.2000122070312,978.5999755859375,978.7000122070312,28876.0,yahoo
SBIN,5m,2026-09-25T13:05:00+05:30,978.7999877929688,979.5999755859375,978.5,979.4000244140625,31316.0,yahoo
SBIN,5m,2026-09-25T13:10:00+05:30,979.5,980.5,979.5,979.7000122070312,43238.0,yahoo
SBIN,5m,2026-09-25T13:15:00+05:30,979.7000122070312,979.9000244140625,979.2000122070312,979.2000122070312,21518.0,yahoo
SBIN,5m,2026-09-25T13:20:00+05:30,979.5999755859375,979.7000122070312,978.7999877929688,979.0,20666.0,yahoo
SBIN,5m,2026-09-25T13:25:00+05:30,979.2000122070312,979.2000122070312,978.4000244140625,978.7000122070312,33939.0,yahoo
SBIN,5m,2026-09-25T13:30:00+05:30,978.7000122070312,978.7000122070312,978.0,978.0,28625.0,yahoo
SBIN,5m,2026-09-25T13:35:00+05:30,978.0999755859375,978.2999877929688,977.2000122070312,978.0999755859375,72021.0,yahoo
SBIN,5m,2026-09-25T13:40:00+05:30,978.2000122070312,978.2999877929688,977.7999877929688,978.2000122070312,34414.0,yahoo
SBIN,5m,2026-09-25T13:45:00+05:30,978.0,978.4000244140625,977.5,977.5999755859375,30916.0,yahoo
SBIN,5m,2026-09-25T13:50:00+05:30,977.5999755859375,978.2999877929688,977.4000244140625,978.0999755859375,21068.0,yahoo
SBIN,5m,2026-09-25T13:55:00+05:30,978.0999755859375,979.0,977.7000122070312,979.0,30511.0,yahoo
SBIN,5m,2026-09-25T14:00:00+05:30,979.0999755859375,983.5999755859375,979.0999755859375,983.0999755859375,165503.0,yahoo
SBIN,5m,2026-09-25T14:05:00+05:30,983.4000244140625,983.5,981.0,981.0,92554.0,yahoo
SBIN,5m,2026-09-25T14:10:00+05:30,981.2999877929688,982.0,980.2999877929688,981.0999755859375,58739.0,yahoo
SBIN,5m,2026-09-25T14:15:00+05:30,981.2999877929688,982.9000244140625,980.7999877929688,982.5,36545.0,yahoo
SBIN,5m,2026-09-25T14:20:00+05:30,982.2999877929688,982.4000244140625,981.2000122070312,981.5,75672.0,yahoo
SBIN,5m,2026-09-25T14:25:00+05:30,981.5999755859375,982.7999877929688,981.5999755859375,981.7000122070312,25559.0,yahoo
SBIN,5m,2026-09-25T14:30:00+05:30,981.9000244140625,982.0,981.0999755859375,981.2000122070312,36277.0,yahoo
SBIN,5m,2026-09-25T14:35:00+05:30,981.5999755859375,982.0,981.2000122070312,982.0,24792.0,yahoo
SBIN,5m,2026-09-25T14:40:00+05:30,981.7999877929688,982.0,981.5,981.5999755859375,29781.0,yahoo
SBIN,5m,2026-09-25T14:45:00+05:30,981.5,981.9000244140625,981.4000244140625,981.7000122070312,29679.0,yahoo
SBIN,5m,2026-09-25T14:50:00+05:30,981.5,982.2000122070312,981.5,982.2000122070312,46438.0,yahoo
SBIN,5m,2026-09-25T14:55:00+05:30,982.0,982.2999877929688,981.0,982.0,103918.0,yahoo
SBIN,5m,2026-09-25T15:00:00+05:30,982.0,982.0,980.5,981.4000244140625,61713.0,yahoo
SBIN,5m,2026-09-25T15:05:00+05:30,981.2999877929688,981.5,980.5,980.7999877929688,88942.0,yahoo
SBIN,5m,2026-09-25T15:10:00+05:30,980.2999877929688,982.0,980.2999877929688,981.7999877929688,145386.0,yahoo
SBIN,5m,2026-09-25T15:15:00+05:30,982.0,983.0,982.0,983.0,66821.0,yahoo
SENSEX,5m,2026-09-25T09:15:00+05:30,73583.4921875,73736.359375,73498.7578125,73651.5390625,0.0,yahoo
SENSEX,5m,2026-09-25T09:20:00+05:30,73659.59375,73714.5703125,73621.171875,73675.0,0.0,yahoo
SENSEX,5m,2026-09-25T09:25:00+05:30,73675.40625,73774.390625,73650.7265625,73774.390625,0.0,yahoo
SENSEX,5m,2026-09-25T09:30:00+05:30,73782.3203125,73800.8515625,73746.21875,73770.7890625,0.0,yahoo
SENSEX,5m,2026-09-25T09:35:00+05:30,73768.78125,73771.2421875,73656.1875,73661.1484375,0.0,yahoo
SENSEX,5m,2026-09-25T09:40:00+05:30,73659.9921875,73659.9921875,73561.53125,73582.703125,0.0,yahoo
SENSEX,5m,2026-09-25T09:45:00+05:30,73588.3125,73612.953125,73574.6328125,73574.6328125,0.0,yahoo
SENSEX,5m,2026-09-25T09:50:00+05:30,73574.84375,73599.6015625,73535.7734375,73568.21875,0.0,yahoo
SENSEX,5m,2026-09-25T09:55:00+05:30,73569.4765625,73604.75,73557.1015625,73598.7421875,0.0,yahoo
SENSEX,5m,2026-09-25T10:00:00+05:30,73599.9765625,73672.0,73580.421875,73666.28125,0.0,yahoo
SENSEX,5m,2026-09-25T10:05:00+05:30,73667.2421875,73734.2421875,73656.4609375,73734.2421875,0.0,yahoo
SENSEX,5m,2026-09-25T10:10:00+05:30,73735.2734375,73763.5703125,73712.140625,73740.1015625,0.0,yahoo
SENSEX,5m,2026-09-25T10:15:00+05:30,73741.203125,73756.6875,73711.7421875,73719.8671875,0.0,yahoo
SENSEX,5m,2026-09-25T10:20:00+05:30,73723.53125,73754.0390625,73697.2734375,73697.2734375,0.0,yahoo
SENSEX,5m,2026-09-25T10:25:00+05:30,73700.109375,73727.2734375,73672.1484375,73684.5703125,0.0,yahoo
SENSEX,5m,2026-09-25T10:30:00+05:30,73683.9296875,73701.7265625,73633.3671875,73633.3671875,0.0,yahoo
SENSEX,5m,2026-09-25T10:35:00+05:30,73632.6015625,73663.8984375,73615.6328125,73651.6484375,0.0,yahoo
SENSEX,5m,2026-09-25T10:40:00+05:30,73650.25,73664.9765625,73636.9609375,73649.421875,0.0,yahoo
SENSEX,5m,2026-09-25T10:45:00+05:30,73652.453125,73652.453125,73580.296875,73597.1796875,0.0,yahoo
SENSEX,5m,2026-09-25T10:50:00+05:30,73601.4921875,73634.6796875,73591.6484375,73629.3515625,0.0,yahoo
SENSEX,5m,2026-09-25T10:55:00+05:30,73625.2421875,73643.578125,73625.046875,73635.3984375,0.0,yahoo
SENSEX,5m,2026-09-25T11:00:00+05:30,73635.0390625,73712.390625,73628.3125,73695.609375,0.0,yahoo
SENSEX,5m,2026-09-25T11:05:00+05:30,73695.609375,73732.0234375,73693.59375,73710.2265625,0.0,yahoo
SENSEX,5m,2026-09-25T11:10:00+05:30,73710.3515625,73735.609375,73701.890625,73725.15625,0.0,yahoo
SENSEX,5m,2026-09-25T11:15:00+05:30,73722.4375,73760.1875,73715.953125,73746.3125,0.0,yahoo
SENSEX,5m,2026-09-25T11:20:00+05:30,73746.421875,73775.5234375,73728.2578125,73728.2578125,0.0,yahoo
SENSEX,5m,2026-09-25T11:25:00+05:30,73729.8828125,73731.8203125,73696.1171875,73701.1875,0.0,yahoo
SENSEX,5m,2026-09-25T11:30:00+05:30,73701.1875,73736.0234375,73694.5390625,73713.296875,0.0,yahoo
SENSEX,5m,2026-09-25T11:35:00+05:30,73712.203125,73724.25,73694.953125,73719.4375,0.0,yahoo
SENSEX,5m,2026-09-25T11:40:00+05:30,73719.8671875,73739.84375,73712.6484375,73732.6875,0.0,yahoo
SENSEX,5m,2026-09-25T11:45:00+05:30,73732.3203125,73737.328125,73711.90625,73715.453125,0.0,yahoo
SENSEX,5m,2026-09-25T11:50:00+05:30,73715.453125,73740.640625,73714.5234375,73737.546875,0.0,yahoo
SENSEX,5m,2026-09-25T11:55:00+05:30,73737.46875,73743.3828125,73705.0234375,73709.5078125,0.0,yahoo
SENSEX,5m,2026-09-25T12:00:00+05:30,73710.6484375,73715.5,73652.9609375,73667.6328125,0.0,yahoo
SENSEX,5m,2026-09-25T12:05:00+05:30,73666.84375,73697.921875,73661.9765625,73695.53125,0.0,yahoo
SENSEX,5m,2026-09-25T12:10:00+05:30,73694.96875,73735.4765625,73687.2421875,73722.90625,0.0,yahoo
SENSEX,5m,2026-09-25T12:15:00+05:30,73724.7265625,73729.9375,73707.6484375,73724.3203125,0.0,yahoo
SENSEX,5m,2026-09-25T12:20:00+05:30,73720.6484375,73720.6484375,73694.8203125,73702.90625,0.0,yahoo
SENSEX,5m,2026-09-25T12:25:00+05:30,73703.6015625,73727.1328125,73694.2265625,73723.9296875,0.0,yahoo
SENSEX,5m,2026-09-25T12:30:00+05:30,73723.890625,73748.6796875,73720.828125,73724.609375,0.0,yahoo
SENSEX,5m,2026-09-25T12:35:00+05:30,73725.046875,73725.046875,73663.2421875,73687.109375,0.0,yahoo
SENSEX,5m,2026-09-25T12:40:00+05:30,73684.0390625,73693.6875,73639.78125,73640.203125,0.0,yahoo
SENSEX,5m,2026-09-25T12:45:00+05:30,73643.9609375,73644.140625,73617.8671875,73617.8671875,0.0,yahoo
SENSEX,5m,2026-09-25T12:50:00+05:30,73617.8671875,73623.2890625,73593.21875,73598.0390625,0.0,yahoo
SENSEX,5m,2026-09-25T12:55:00+05:30,73598.640625,73603.203125,73537.5078125,73585.671875,0.0,yahoo
SENSEX,5m,2026-09-25T13:00:00+05:30,73585.203125,73621.203125,73581.2734375,73613.609375,0.0,yahoo
SENSEX,5m,2026-09-25T13:05:00+05:30,73612.9296875,73625.2109375,73594.0625,73624.609375,0.0,yahoo
SENSEX,5m,2026-09-25T13:10:00+05:30,73622.7265625,73644.2109375,73604.921875,73604.921875,0.0,yahoo
SENSEX,5m,2026-09-25T13:15:00+05:30,73605.5390625,73617.453125,73581.4921875,73590.7578125,0.0,yahoo
SENSEX,5m,2026-09-25T13:20:00+05:30,73587.84375,73597.40625,73569.5,73572.6875,0.0,yahoo
SENSEX,5m,2026-09-25T13:25:00+05:30,73571.3515625,73604.5234375,73568.8515625,73604.3984375,0.0,yahoo
SENSEX,5m,2026-09-25T13:30:00+05:30,73604.3984375,73604.3984375,73559.5234375,73560.703125,0.0,yahoo
SENSEX,5m,2026-09-25T13:35:00+05:30,73560.703125,73598.5234375,73558.1796875,73582.296875,0.0,yahoo
SENSEX,5m,2026-09-25T13:40:00+05:30,73583.7265625,73613.671875,73581.9609375,73604.90625,0.0,yahoo
SENSEX,5m,2026-09-25T13:45:00+05:30,73603.2578125,73632.7109375,73595.4375,73605.3203125,0.0,yahoo
SENSEX,5m,2026-09-25T13:50:00+05:30,73605.3203125,73617.15625,73592.3671875,73604.4296875,0.0,yahoo
SENSEX,5m,2026-09-25T13:55:00+05:30,73604.4296875,73654.6875,73603.1015625,73654.6875,0.0,yahoo
SENSEX,5m,2026-09-25T14:00:00+05:30,73652.8125,73966.5625,73652.8125,73952.2265625,0.0,yahoo
SENSEX,5m,2026-09-25T14:05:00+05:30,73953.1171875,73957.59375,73822.8515625,73832.6171875,0.0,yahoo
SENSEX,5m,2026-09-25T14:10:00+05:30,73832.6171875,73879.1015625,73825.328125,73852.34375,0.0,yahoo
SENSEX,5m,2026-09-25T14:15:00+05:30,73852.0390625,73885.859375,73848.4609375,73876.3671875,0.0,yahoo
SENSEX,5m,2026-09-25T14:20:00+05:30,73872.65625,73872.65625,73835.953125,73841.453125,0.0,yahoo
SENSEX,5m,2026-09-25T14:25:00+05:30,73840.3203125,73893.7109375,73833.546875,73859.6015625,0.0,yahoo
SENSEX,5m,2026-09-25T14:30:00+05:30,73859.390625,73913.546875,73858.3125,73901.140625,0.0,yahoo
SENSEX,5m,2026-09-25T14:35:00+05:30,73901.140625,73916.5,73886.109375,73915.4609375,0.0,yahoo
SENSEX,5m,2026-09-25T14:40:00+05:30,73916.0625,73917.6796875,73852.671875,73873.421875,0.0,yahoo
SENSEX,5m,2026-09-25T14:45:00+05:30,73873.3515625,73883.9765625,73834.640625,73834.640625,0.0,yahoo
SENSEX,5m,2026-09-25T14:50:00+05:30,73834.640625,73868.7734375,73820.71875,73868.7734375,0.0,yahoo
SENSEX,5m,2026-09-25T14:55:00+05:30,73867.3125,73868.4765625,73841.5078125,73865.6015625,0.0,yahoo
SENSEX,5m,2026-09-25T15:00:00+05:30,73868.8203125,73868.8203125,73806.328125,73823.8203125,0.0,yahoo
SENSEX,5m,2026-09-25T15:05:00+05:30,73827.703125,73857.453125,73809.5,73819.6171875,0.0,yahoo
SENSEX,5m,2026-09-25T15:10:00+05:30,73819.6015625,73895.40625,73815.390625,73881.4375,0.0,yahoo
SENSEX,5m,2026-09-25T15:15:00+05:30,73881.4375,73881.4375,73828.03125,73828.03125,0.0,yahoo
SENSEX,5m,2026-09-25T15:20:00+05:30,73830.8515625,74060.09375,73782.5234375,73870.5390625,0.0,yahoo
SENSEX,5m,2026-09-25T15:25:00+05:30,73871.609375,73908.2109375,73857.65625,73895.7421875,0.0,yahoo
SHRIRAMFIN,5m,2026-09-25T09:15:00+05:30,990.4000244140625,1001.5,990.4000244140625,997.5999755859375,0.0,yahoo
SHRIRAMFIN,5m,2026-09-25T09:20:00+05:30,996.5,999.9000244140625,996.2999877929688,998.5,81164.0,yahoo
SHRIRAMFIN,5m,2026-09-25T09:25:00+05:30,998.2000122070312,999.5999755859375,998.0,999.5999755859375,58504.0,yahoo
SHRIRAMFIN,5m,2026-09-25T09:30:00+05:30,999.5999755859375,1001.5999755859375,998.5,999.0,77466.0,yahoo
SHRIRAMFIN,5m,2026-09-25T09:35:00+05:30,999.0999755859375,1000.5999755859375,996.5999755859375,996.5999755859375,55647.0,yahoo
SHRIRAMFIN,5m,2026-09-25T09:40:00+05:30,996.5999755859375,996.5999755859375,994.4000244140625,995.0,54848.0,yahoo
SHRIRAMFIN,5m,2026-09-25T09:45:00+05:30,995.5,997.4000244140625,995.2000122070312,995.9000244140625,49833.0,yahoo
SHRIRAMFIN,5m,2026-09-25T09:50:00+05:30,995.7999877929688,996.5,993.7000122070312,996.2999877929688,106134.0,yahoo
SHRIRAMFIN,5m,2026-09-25T09:55:00+05:30,996.2000122070312,997.7999877929688,995.9000244140625,997.7000122070312,39260.0,yahoo
SHRIRAMFIN,5m,2026-09-25T10:00:00+05:30,997.7000122070312,999.0,996.2999877929688,998.9000244140625,52601.0,yahoo
SHRIRAMFIN,5m,2026-09-25T10:05:00+05:30,998.2999877929688,998.5999755859375,998.0,998.5999755859375,27009.0,yahoo
SHRIRAMFIN,5m,2026-09-25T10:10:00+05:30,998.5,999.5999755859375,998.2000122070312,999.0999755859375,35686.0,yahoo
SHRIRAMFIN,5m,2026-09-25T10:15:00+05:30,999.5,999.5,996.5,996.5,25337.0,yahoo
SHRIRAMFIN,5m,2026-09-25T10:20:00+05:30,996.9000244140625,998.0,996.7999877929688,997.2999877929688,26720.0,yahoo
SHRIRAMFIN,5m,2026-09-25T10:25:00+05:30,997.0999755859375,997.2000122070312,994.7999877929688,995.2000122070312,25863.0,yahoo
SHRIRAMFIN,5m,2026-09-25T10:30:00+05:30,995.9000244140625,995.9000244140625,993.5,994.0,26629.0,yahoo
SHRIRAMFIN,5m,2026-09-25T10:35:00+05:30,993.9000244140625,994.4000244140625,993.5,994.0999755859375,29683.0,yahoo
SHRIRAMFIN,5m,2026-09-25T10:40:00+05:30,994.0999755859375,995.0999755859375,993.7000122070312,994.2999877929688,18155.0,yahoo
SHRIRAMFIN,5m,2026-09-25T10:45:00+05:30,994.0,994.2000122070312,991.7000122070312,992.4000244140625,21785.0,yahoo
SHRIRAMFIN,5m,2026-09-25T10:50:00+05:30,992.2999877929688,993.0,991.9000244140625,993.0,20582.0,yahoo
SHRIRAMFIN,5m,2026-09-25T10:55:00+05:30,993.0,993.2999877929688,992.0,992.7999877929688,19285.0,yahoo
SHRIRAMFIN,5m,2026-09-25T11:00:00+05:30,992.7999877929688,994.0,992.2999877929688,993.5,23865.0,yahoo
SHRIRAMFIN,5m,2026-09-25T11:05:00+05:30,993.4000244140625,995.0,993.4000244140625,994.5999755859375,30587.0,yahoo
SHRIRAMFIN,5m,2026-09-25T11:10:00+05:30,994.5999755859375,994.7000122070312,993.5,993.7999877929688,14476.0,yahoo
SHRIRAMFIN,5m,2026-09-25T11:15:00+05:30,993.7999877929688,994.7000122070312,993.7999877929688,994.2999877929688,14663.0,yahoo
SHRIRAMFIN,5m,2026-09-25T11:20:00+05:30,994.2999877929688,994.2999877929688,993.0999755859375,993.0999755859375,15077.0,yahoo
SHRIRAMFIN,5m,2026-09-25T11:25:00+05:30,993.0999755859375,993.5,991.5,991.7000122070312,14487.0,yahoo
SHRIRAMFIN,5m,2026-09-25T11:30:00+05:30,991.5999755859375,993.4000244140625,991.5,993.0,20955.0,yahoo
SHRIRAMFIN,5m,2026-09-25T11:35:00+05:30,992.9000244140625,996.0999755859375,992.7999877929688,995.5999755859375,33673.0,yahoo
SHRIRAMFIN,5m,2026-09-25T11:40:00+05:30,995.7000122070312,996.2000122070312,994.0999755859375,995.4000244140625,50010.0,yahoo
SHRIRAMFIN,5m,2026-09-25T11:45:00+05:30,995.4000244140625,996.4000244140625,994.7999877929688,996.0999755859375,58164.0,yahoo
SHRIRAMFIN,5m,2026-09-25T11:50:00+05:30,996.0,996.4000244140625,994.5,994.7000122070312,22717.0,yahoo
SHRIRAMFIN,5m,2026-09-25T11:55:00+05:30,994.5999755859375,994.5999755859375,993.5,993.7999877929688,31288.0,yahoo
SHRIRAMFIN,5m,2026-09-25T12:00:00+05:30,993.7999877929688,994.0999755859375,993.7000122070312,994.0,20698.0,yahoo
SHRIRAMFIN,5m,2026-09-25T12:05:00+05:30,994.0999755859375,994.4000244140625,992.2999877929688,992.9000244140625,24502.0,yahoo
SHRIRAMFIN,5m,2026-09-25T12:10:00+05:30,992.7999877929688,993.9000244140625,992.5,993.9000244140625,20244.0,yahoo
SHRIRAMFIN,5m,2026-09-25T12:15:00+05:30,993.7999877929688,994.4000244140625,993.7999877929688,993.7999877929688,18424.0,yahoo
SHRIRAMFIN,5m,2026-09-25T12:20:00+05:30,993.7999877929688,993.7999877929688,992.2999877929688,992.4000244140625,11495.0,yahoo
SHRIRAMFIN,5m,2026-09-25T12:25:00+05:30,992.0999755859375,992.9000244140625,991.7000122070312,992.2999877929688,28881.0,yahoo
SHRIRAMFIN,5m,2026-09-25T12:30:00+05:30,992.2999877929688,992.7999877929688,992.0999755859375,992.4000244140625,12075.0,yahoo
SHRIRAMFIN,5m,2026-09-25T12:35:00+05:30,992.2999877929688,992.5,991.7999877929688,992.5,24116.0,yahoo
SHRIRAMFIN,5m,2026-09-25T12:40:00+05:30,992.5,992.5999755859375,992.2000122070312,992.4000244140625,15920.0,yahoo
SHRIRAMFIN,5m,2026-09-25T12:45:00+05:30,992.2999877929688,992.4000244140625,991.0999755859375,991.2000122070312,11551.0,yahoo
SHRIRAMFIN,5m,2026-09-25T12:50:00+05:30,991.2000122070312,991.2000122070312,989.7000122070312,989.7999877929688,35446.0,yahoo
SHRIRAMFIN,5m,2026-09-25T12:55:00+05:30,989.7000122070312,990.4000244140625,988.7999877929688,990.0999755859375,49595.0,yahoo
SHRIRAMFIN,5m,2026-09-25T13:00:00+05:30,990.2999877929688,991.0999755859375,990.0999755859375,990.5999755859375,20606.0,yahoo
SHRIRAMFIN,5m,2026-09-25T13:05:00+05:30,990.5999755859375,990.5999755859375,988.7999877929688,989.5,121562.0,yahoo
SHRIRAMFIN,5m,2026-09-25T13:10:00+05:30,989.5,989.5999755859375,988.2999877929688,988.2999877929688,22098.0,yahoo
SHRIRAMFIN,5m,2026-09-25T13:15:00+05:30,988.5,988.5,988.2000122070312,988.4000244140625,14386.0,yahoo
SHRIRAMFIN,5m,2026-09-25T13:20:00+05:30,988.2999877929688,988.4000244140625,986.7999877929688,987.2999877929688,28065.0,yahoo
SHRIRAMFIN,5m,2026-09-25T13:25:00+05:30,987.2999877929688,988.0,987.0,987.5,22026.0,yahoo
SHRIRAMFIN,5m,2026-09-25T13:30:00+05:30,987.5,987.9000244140625,987.5,987.7000122070312,14810.0,yahoo
SHRIRAMFIN,5m,2026-09-25T13:35:00+05:30,987.5999755859375,987.9000244140625,987.5999755859375,987.7000122070312,14186.0,yahoo
SHRIRAMFIN,5m,2026-09-25T13:40:00+05:30,987.7000122070312,987.9000244140625,987.0,987.5999755859375,17560.0,yahoo
SHRIRAMFIN,5m,2026-09-25T13:45:00+05:30,987.5999755859375,988.7999877929688,987.5999755859375,988.5,32193.0,yahoo
SHRIRAMFIN,5m,2026-09-25T13:50:00+05:30,988.5,990.0,988.4000244140625,989.9000244140625,23620.0,yahoo
SHRIRAMFIN,5m,2026-09-25T13:55:00+05:30,989.7999877929688,991.9000244140625,989.7999877929688,991.9000244140625,30429.0,yahoo
SHRIRAMFIN,5m,2026-09-25T14:00:00+05:30,992.0,999.0,992.0,998.5,73078.0,yahoo
SHRIRAMFIN,5m,2026-09-25T14:05:00+05:30,998.5,999.0,994.4000244140625,994.7999877929688,41200.0,yahoo
SHRIRAMFIN,5m,2026-09-25T14:10:00+05:30,994.7000122070312,996.0,993.9000244140625,994.0,26776.0,yahoo
SHRIRAMFIN,5m,2026-09-25T14:15:00+05:30,994.0,994.0,992.5,992.5,30910.0,yahoo
SHRIRAMFIN,5m,2026-09-25T14:20:00+05:30,993.0999755859375,993.0999755859375,990.0,990.5,27584.0,yahoo
SHRIRAMFIN,5m,2026-09-25T14:25:00+05:30,990.0999755859375,991.2000122070312,988.7000122070312,988.9000244140625,56174.0,yahoo
SHRIRAMFIN,5m,2026-09-25T14:30:00+05:30,988.7999877929688,990.5999755859375,988.2000122070312,990.5999755859375,49786.0,yahoo
SHRIRAMFIN,5m,2026-09-25T14:35:00+05:30,990.7999877929688,992.0999755859375,990.7999877929688,992.0,29186.0,yahoo
SHRIRAMFIN,5m,2026-09-25T14:40:00+05:30,992.0,992.5999755859375,990.5999755859375,991.7000122070312,33989.0,yahoo
SHRIRAMFIN,5m,2026-09-25T14:45:00+05:30,991.5999755859375,991.9000244140625,990.9000244140625,991.4000244140625,24704.0,yahoo
SHRIRAMFIN,5m,2026-09-25T14:50:00+05:30,991.5999755859375,991.7000122070312,990.9000244140625,991.0,37281.0,yahoo
SHRIRAMFIN,5m,2026-09-25T14:55:00+05:30,991.0,991.0,990.4000244140625,990.5,45916.0,yahoo
SHRIRAMFIN,5m,2026-09-25T15:00:00+05:30,990.5999755859375,990.5999755859375,988.7999877929688,990.5999755859375,62931.0,yahoo
SHRIRAMFIN,5m,2026-09-25T15:05:00+05:30,990.5999755859375,991.7000122070312,989.5,991.5,57302.0,yahoo
SHRIRAMFIN,5m,2026-09-25T15:10:00+05:30,991.5,992.5,990.2000122070312,990.7000122070312,60435.0,yahoo
SHRIRAMFIN,5m,2026-09-25T15:15:00+05:30,990.7000122070312,994.0999755859375,990.7000122070312,994.0999755859375,52381.0,yahoo
SIEMENS,5m,2026-09-25T09:15:00+05:30,3841.699951171875,3880.0,3832.5,3865.10009765625,0.0,yahoo
SIEMENS,5m,2026-09-25T09:20:00+05:30,3862.10009765625,3864.0,3845.199951171875,3847.5,2833.0,yahoo
SIEMENS,5m,2026-09-25T09:25:00+05:30,3847.199951171875,3857.199951171875,3847.199951171875,3855.300048828125,751.0,yahoo
SIEMENS,5m,2026-09-25T09:30:00+05:30,3853.199951171875,3871.0,3853.199951171875,3861.0,1328.0,yahoo
SIEMENS,5m,2026-09-25T09:35:00+05:30,3862.39990234375,3866.0,3852.5,3856.300048828125,1106.0,yahoo
SIEMENS,5m,2026-09-25T09:40:00+05:30,3849.800048828125,3849.800048828125,3840.5,3840.5,1001.0,yahoo
SIEMENS,5m,2026-09-25T09:45:00+05:30,3839.800048828125,3845.800048828125,3836.800048828125,3840.0,663.0,yahoo
SIEMENS,5m,2026-09-25T09:50:00+05:30,3839.5,3842.0,3832.60009765625,3836.89990234375,1533.0,yahoo
SIEMENS,5m,2026-09-25T09:55:00+05:30,3835.39990234375,3839.0,3834.0,3834.0,149.0,yahoo
SIEMENS,5m,2026-09-25T10:00:00+05:30,3834.0,3840.0,3834.0,3840.0,330.0,yahoo
SIEMENS,5m,2026-09-25T10:05:00+05:30,3840.5,3851.699951171875,3840.0,3845.0,1190.0,yahoo
SIEMENS,5m,2026-09-25T10:10:00+05:30,3845.0,3845.199951171875,3836.0,3836.0,630.0,yahoo
SIEMENS,5m,2026-09-25T10:15:00+05:30,3836.0,3842.39990234375,3835.60009765625,3841.10009765625,704.0,yahoo
SIEMENS,5m,2026-09-25T10:20:00+05:30,3839.0,3841.0,3834.0,3834.10009765625,865.0,yahoo
SIEMENS,5m,2026-09-25T10:25:00+05:30,3832.0,3842.0,3831.5,3835.199951171875,1920.0,yahoo
SIEMENS,5m,2026-09-25T10:30:00+05:30,3836.0,3838.699951171875,3830.5,3830.5,666.0,yahoo
SIEMENS,5m,2026-09-25T10:35:00+05:30,3830.0,3839.699951171875,3828.10009765625,3837.300048828125,1752.0,yahoo
SIEMENS,5m,2026-09-25T10:40:00+05:30,3834.199951171875,3839.5,3834.199951171875,3839.5,399.0,yahoo
SIEMENS,5m,2026-09-25T10:45:00+05:30,3837.89990234375,3845.0,3837.89990234375,3838.0,418.0,yahoo
SIEMENS,5m,2026-09-25T10:50:00+05:30,3838.0,3845.39990234375,3838.0,3841.89990234375,345.0,yahoo
SIEMENS,5m,2026-09-25T10:55:00+05:30,3840.60009765625,3847.699951171875,3840.60009765625,3845.0,485.0,yahoo
SIEMENS,5m,2026-09-25T11:00:00+05:30,3844.5,3856.5,3844.5,3849.60009765625,902.0,yahoo
SIEMENS,5m,2026-09-25T11:05:00+05:30,3849.699951171875,3861.0,3849.699951171875,3858.60009765625,1160.0,yahoo
SIEMENS,5m,2026-09-25T11:10:00+05:30,3858.300048828125,3859.199951171875,3850.89990234375,3857.10009765625,833.0,yahoo
SIEMENS,5m,2026-09-25T11:15:00+05:30,3856.60009765625,3858.199951171875,3850.89990234375,3852.5,102.0,yahoo
SIEMENS,5m,2026-09-25T11:20:00+05:30,3852.699951171875,3855.0,3850.300048828125,3854.39990234375,271.0,yahoo
SIEMENS,5m,2026-09-25T11:25:00+05:30,3851.5,3851.5,3842.60009765625,3842.800048828125,275.0,yahoo
SIEMENS,5m,2026-09-25T11:30:00+05:30,3840.800048828125,3847.60009765625,3840.60009765625,3844.39990234375,331.0,yahoo
SIEMENS,5m,2026-09-25T11:35:00+05:30,3844.10009765625,3847.39990234375,3840.800048828125,3840.800048828125,305.0,yahoo
SIEMENS,5m,2026-09-25T11:40:00+05:30,3842.39990234375,3844.39990234375,3838.60009765625,3841.5,407.0,yahoo
SIEMENS,5m,2026-09-25T11:45:00+05:30,3840.300048828125,3846.0,3838.300048828125,3846.0,614.0,yahoo
SIEMENS,5m,2026-09-25T11:50:00+05:30,3844.60009765625,3847.10009765625,3840.0,3842.39990234375,266.0,yahoo
SIEMENS,5m,2026-09-25T11:55:00+05:30,3842.5,3848.5,3842.5,3843.800048828125,178.0,yahoo
SIEMENS,5m,2026-09-25T12:00:00+05:30,3843.300048828125,3846.5,3842.10009765625,3844.39990234375,368.0,yahoo
SIEMENS,5m,2026-09-25T12:05:00+05:30,3843.89990234375,3844.39990234375,3839.300048828125,3841.199951171875,1603.0,yahoo
SIEMENS,5m,2026-09-25T12:10:00+05:30,3841.699951171875,3846.89990234375,3840.300048828125,3846.800048828125,210.0,yahoo
SIEMENS,5m,2026-09-25T12:15:00+05:30,3846.300048828125,3849.800048828125,3842.300048828125,3843.89990234375,476.0,yahoo
SIEMENS,5m,2026-09-25T12:20:00+05:30,3841.300048828125,3843.60009765625,3838.5,3841.0,132.0,yahoo
SIEMENS,5m,2026-09-25T12:25:00+05:30,3839.800048828125,3841.5,3839.5,3839.5,500.0,yahoo
SIEMENS,5m,2026-09-25T12:30:00+05:30,3839.5,3843.39990234375,3838.60009765625,3839.89990234375,160.0,yahoo
SIEMENS,5m,2026-09-25T12:35:00+05:30,3838.5,3840.800048828125,3831.10009765625,3838.60009765625,643.0,yahoo
SIEMENS,5m,2026-09-25T12:40:00+05:30,3840.10009765625,3840.10009765625,3833.199951171875,3833.199951171875,79.0,yahoo
SIEMENS,5m,2026-09-25T12:45:00+05:30,3833.0,3837.39990234375,3830.89990234375,3837.39990234375,660.0,yahoo
SIEMENS,5m,2026-09-25T12:50:00+05:30,3834.89990234375,3834.89990234375,3829.89990234375,3830.39990234375,297.0,yahoo
SIEMENS,5m,2026-09-25T12:55:00+05:30,3830.10009765625,3834.60009765625,3830.10009765625,3831.10009765625,382.0,yahoo
SIEMENS,5m,2026-09-25T13:00:00+05:30,3831.10009765625,3835.60009765625,3831.10009765625,3833.5,214.0,yahoo
SIEMENS,5m,2026-09-25T13:05:00+05:30,3833.0,3836.10009765625,3832.5,3834.0,333.0,yahoo
SIEMENS,5m,2026-09-25T13:10:00+05:30,3833.800048828125,3836.0,3833.800048828125,3835.800048828125,196.0,yahoo
SIEMENS,5m,2026-09-25T13:15:00+05:30,3835.0,3839.39990234375,3832.39990234375,3837.60009765625,1323.0,yahoo
SIEMENS,5m,2026-09-25T13:20:00+05:30,3837.60009765625,3840.5,3837.199951171875,3838.199951171875,408.0,yahoo
SIEMENS,5m,2026-09-25T13:25:00+05:30,3839.89990234375,3842.60009765625,3839.300048828125,3842.60009765625,303.0,yahoo
SIEMENS,5m,2026-09-25T13:30:00+05:30,3842.199951171875,3857.10009765625,3842.199951171875,3855.89990234375,10848.0,yahoo
SIEMENS,5m,2026-09-25T13:35:00+05:30,3855.0,3855.300048828125,3845.0,3847.300048828125,4173.0,yahoo
SIEMENS,5m,2026-09-25T13:40:00+05:30,3846.800048828125,3852.10009765625,3843.300048828125,3852.0,409.0,yahoo
SIEMENS,5m,2026-09-25T13:45:00+05:30,3849.800048828125,3856.0,3848.10009765625,3853.800048828125,241.0,yahoo
SIEMENS,5m,2026-09-25T13:50:00+05:30,3853.300048828125,3856.0,3849.5,3850.300048828125,964.0,yahoo
SIEMENS,5m,2026-09-25T13:55:00+05:30,3849.5,3861.5,3849.5,3858.39990234375,957.0,yahoo
SIEMENS,5m,2026-09-25T14:00:00+05:30,3858.699951171875,3876.10009765625,3858.699951171875,3876.10009765625,4095.0,yahoo
SIEMENS,5m,2026-09-25T14:05:00+05:30,3875.60009765625,3881.60009765625,3874.199951171875,3877.5,2383.0,yahoo
SIEMENS,5m,2026-09-25T14:10:00+05:30,3875.89990234375,3880.800048828125,3875.10009765625,3880.800048828125,475.0,yahoo
SIEMENS,5m,2026-09-25T14:15:00+05:30,3878.39990234375,3880.800048828125,3875.699951171875,3875.699951171875,803.0,yahoo
SIEMENS,5m,2026-09-25T14:20:00+05:30,3875.0,3875.0,3868.39990234375,3871.699951171875,570.0,yahoo
SIEMENS,5m,2026-09-25T14:25:00+05:30,3870.60009765625,3875.60009765625,3870.5,3871.5,393.0,yahoo
SIEMENS,5m,2026-09-25T14:30:00+05:30,3871.0,3875.89990234375,3870.300048828125,3872.60009765625,740.0,yahoo
SIEMENS,5m,2026-09-25T14:35:00+05:30,3870.5,3872.5,3869.0,3872.199951171875,459.0,yahoo
SIEMENS,5m,2026-09-25T14:40:00+05:30,3871.699951171875,3873.39990234375,3868.39990234375,3870.39990234375,669.0,yahoo
SIEMENS,5m,2026-09-25T14:45:00+05:30,3870.89990234375,3876.199951171875,3870.60009765625,3873.199951171875,1272.0,yahoo
SIEMENS,5m,2026-09-25T14:50:00+05:30,3870.10009765625,3875.39990234375,3868.39990234375,3874.199951171875,3693.0,yahoo
SIEMENS,5m,2026-09-25T14:55:00+05:30,3873.699951171875,3874.199951171875,3865.60009765625,3867.0,1655.0,yahoo
SIEMENS,5m,2026-09-25T15:00:00+05:30,3866.10009765625,3871.0,3863.60009765625,3869.89990234375,1168.0,yahoo
SIEMENS,5m,2026-09-25T15:05:00+05:30,3869.39990234375,3873.89990234375,3867.10009765625,3872.60009765625,2888.0,yahoo
SIEMENS,5m,2026-09-25T15:10:00+05:30,3871.89990234375,3877.0,3863.0,3877.0,5056.0,yahoo
SUNPHARMA,5m,2026-09-25T09:15:00+05:30,1850.4000244140625,1851.199951171875,1842.199951171875,1844.699951171875,0.0,yahoo
SUNPHARMA,5m,2026-09-25T09:20:00+05:30,1844.4000244140625,1849.0999755859375,1844.300048828125,1849.0,9257.0,yahoo
SUNPHARMA,5m,2026-09-25T09:25:00+05:30,1849.0,1853.199951171875,1849.0,1853.0,13069.0,yahoo
SUNPHARMA,5m,2026-09-25T09:30:00+05:30,1854.0,1855.800048828125,1851.9000244140625,1852.0999755859375,6716.0,yahoo
SUNPHARMA,5m,2026-09-25T09:35:00+05:30,1851.0999755859375,1854.9000244140625,1850.5,1854.9000244140625,7316.0,yahoo
SUNPHARMA,5m,2026-09-25T09:40:00+05:30,1854.4000244140625,1854.4000244140625,1851.300048828125,1851.300048828125,3058.0,yahoo
SUNPHARMA,5m,2026-09-25T09:45:00+05:30,1851.300048828125,1852.4000244140625,1849.4000244140625,1851.5,5229.0,yahoo
SUNPHARMA,5m,2026-09-25T09:50:00+05:30,1851.4000244140625,1851.5999755859375,1848.300048828125,1849.4000244140625,2429.0,yahoo
SUNPHARMA,5m,2026-09-25T09:55:00+05:30,1848.300048828125,1849.5,1846.300048828125,1849.0,8824.0,yahoo
SUNPHARMA,5m,2026-09-25T10:00:00+05:30,1848.9000244140625,1849.0,1845.300048828125,1846.0,4368.0,yahoo
SUNPHARMA,5m,2026-09-25T10:05:00+05:30,1845.5,1848.5,1845.5,1848.0999755859375,4290.0,yahoo
SUNPHARMA,5m,2026-09-25T10:10:00+05:30,1848.0,1849.5,1846.9000244140625,1847.699951171875,5134.0,yahoo
SUNPHARMA,5m,2026-09-25T10:15:00+05:30,1847.699951171875,1848.5999755859375,1847.0999755859375,1848.5999755859375,1447.0,yahoo
SUNPHARMA,5m,2026-09-25T10:20:00+05:30,1848.5999755859375,1849.800048828125,1847.0999755859375,1847.0999755859375,2424.0,yahoo
SUNPHARMA,5m,2026-09-25T10:25:00+05:30,1847.5,1848.199951171875,1844.800048828125,1844.800048828125,50300.0,yahoo
SUNPHARMA,5m,2026-09-25T10:30:00+05:30,1844.800048828125,1846.199951171875,1843.300048828125,1843.5,9279.0,yahoo
SUNPHARMA,5m,2026-09-25T10:35:00+05:30,1843.0,1844.9000244140625,1843.0,1844.0,3379.0,yahoo
SUNPHARMA,5m,2026-09-25T10:40:00+05:30,1844.800048828125,1845.9000244140625,1844.0999755859375,1845.9000244140625,2106.0,yahoo
SUNPHARMA,5m,2026-09-25T10:45:00+05:30,1845.4000244140625,1848.4000244140625,1845.199951171875,1848.300048828125,1539.0,yahoo
SUNPHARMA,5m,2026-09-25T10:50:00+05:30,1847.9000244140625,1852.0,1847.5999755859375,1851.0,5322.0,yahoo
SUNPHARMA,5m,2026-09-25T10:55:00+05:30,1851.199951171875,1853.0,1851.199951171875,1852.699951171875,4842.0,yahoo
SUNPHARMA,5m,2026-09-25T11:00:00+05:30,1852.199951171875,1853.0,1850.300048828125,1851.800048828125,4478.0,yahoo
SUNPHARMA,5m,2026-09-25T11:05:00+05:30,1851.800048828125,1854.0,1851.800048828125,1854.0,4218.0,yahoo
SUNPHARMA,5m,2026-09-25T11:10:00+05:30,1853.5,1854.800048828125,1853.5,1853.699951171875,2537.0,yahoo
SUNPHARMA,5m,2026-09-25T11:15:00+05:30,1853.9000244140625,1854.0,1852.5999755859375,1853.0,2775.0,yahoo
SUNPHARMA,5m,2026-09-25T11:20:00+05:30,1853.0,1853.300048828125,1850.9000244140625,1851.0,3769.0,yahoo
SUNPHARMA,5m,2026-09-25T11:25:00+05:30,1851.0,1851.199951171875,1848.9000244140625,1849.199951171875,2121.0,yahoo
SUNPHARMA,5m,2026-09-25T11:30:00+05:30,1849.199951171875,1850.0,1848.300048828125,1849.0,8375.0,yahoo
SUNPHARMA,5m,2026-09-25T11:35:00+05:30,1848.5,1849.0,1847.4000244140625,1847.4000244140625,1968.0,yahoo
SUNPHARMA,5m,2026-09-25T11:40:00+05:30,1848.0,1848.0,1846.5,1847.5,2397.0,yahoo
SUNPHARMA,5m,2026-09-25T11:45:00+05:30,1847.0,1851.0,1847.0,1848.5999755859375,61909.0,yahoo
SUNPHARMA,5m,2026-09-25T11:50:00+05:30,1848.0999755859375,1851.9000244140625,1848.0,1850.300048828125,49571.0,yahoo
SUNPHARMA,5m,2026-09-25T11:55:00+05:30,1850.4000244140625,1850.4000244140625,1849.0,1850.0,1962.0,yahoo
SUNPHARMA,5m,2026-09-25T12:00:00+05:30,1850.199951171875,1850.5999755859375,1849.0999755859375,1849.199951171875,5313.0,yahoo
SUNPHARMA,5m,2026-09-25T12:05:00+05:30,1849.199951171875,1849.9000244140625,1849.0,1849.199951171875,9378.0,yahoo
SUNPHARMA,5m,2026-09-25T12:10:00+05:30,1849.199951171875,1850.0,1849.0999755859375,1850.0,3222.0,yahoo
SUNPHARMA,5m,2026-09-25T12:15:00+05:30,1850.0,1850.0,1849.300048828125,1849.300048828125,1156.0,yahoo
SUNPHARMA,5m,2026-09-25T12:20:00+05:30,1850.0,1850.0,1849.300048828125,1850.0,3455.0,yahoo
SUNPHARMA,5m,2026-09-25T12:25:00+05:30,1850.0,1850.5,1849.4000244140625,1849.800048828125,9595.0,yahoo
SUNPHARMA,5m,2026-09-25T12:30:00+05:30,1849.800048828125,1850.0,1849.5,1850.0,1674.0,yahoo
SUNPHARMA,5m,2026-09-25T12:35:00+05:30,1850.0,1850.0,1849.0,1849.9000244140625,2747.0,yahoo
SUNPHARMA,5m,2026-09-25T12:40:00+05:30,1849.9000244140625,1850.0,1849.0999755859375,1850.0,2524.0,yahoo
SUNPHARMA,5m,2026-09-25T12:45:00+05:30,1850.0,1850.300048828125,1849.0,1849.4000244140625,1922.0,yahoo
SUNPHARMA,5m,2026-09-25T12:50:00+05:30,1849.4000244140625,1850.0,1849.0999755859375,1850.0,3077.0,yahoo
SUNPHARMA,5m,2026-09-25T12:55:00+05:30,1849.5999755859375,1850.0,1848.9000244140625,1849.800048828125,7348.0,yahoo
SUNPHARMA,5m,2026-09-25T13:00:00+05:30,1849.300048828125,1850.0,1849.300048828125,1849.699951171875,1918.0,yahoo
SUNPHARMA,5m,2026-09-25T13:05:00+05:30,1850.0,1850.9000244140625,1848.300048828125,1849.4000244140625,49494.0,yahoo
SUNPHARMA,5m,2026-09-25T13:10:00+05:30,1849.699951171875,1849.699951171875,1847.5,1847.699951171875,29904.0,yahoo
SUNPHARMA,5m,2026-09-25T13:15:00+05:30,1847.699951171875,1847.699951171875,1846.0,1846.300048828125,2792.0,yahoo
SUNPHARMA,5m,2026-09-25T13:20:00+05:30,1846.5999755859375,1847.0,1844.4000244140625,1844.4000244140625,4783.0,yahoo
SUNPHARMA,5m,2026-09-25T13:25:00+05:30,1844.800048828125,1846.0999755859375,1844.699951171875,1846.0,3909.0,yahoo
SUNPHARMA,5m,2026-09-25T13:30:00+05:30,1846.0,1846.5,1844.800048828125,1845.5,2777.0,yahoo
SUNPHARMA,5m,2026-09-25T13:35:00+05:30,1846.0999755859375,1846.699951171875,1844.9000244140625,1846.699951171875,4151.0,yahoo
SUNPHARMA,5m,2026-09-25T13:40:00+05:30,1846.199951171875,1847.0999755859375,1845.699951171875,1845.9000244140625,4202.0,yahoo
SUNPHARMA,5m,2026-09-25T13:45:00+05:30,1846.300048828125,1847.9000244140625,1846.0999755859375,1847.199951171875,2528.0,yahoo
SUNPHARMA,5m,2026-09-25T13:50:00+05:30,1847.5,1848.0,1846.800048828125,1847.199951171875,3073.0,yahoo
SUNPHARMA,5m,2026-09-25T13:55:00+05:30,1847.4000244140625,1848.0,1845.5,1848.0,3847.0,yahoo
SUNPHARMA,5m,2026-09-25T14:00:00+05:30,1848.0,1854.5,1848.0,1852.5,36409.0,yahoo
SUNPHARMA,5m,2026-09-25T14:05:00+05:30,1853.5,1853.5,1848.699951171875,1848.9000244140625,24650.0,yahoo
SUNPHARMA,5m,2026-09-25T14:10:00+05:30,1849.199951171875,1849.5,1848.4000244140625,1848.800048828125,2348.0,yahoo
SUNPHARMA,5m,2026-09-25T14:15:00+05:30,1848.800048828125,1849.5999755859375,1848.300048828125,1849.0,2784.0,yahoo
SUNPHARMA,5m,2026-09-25T14:20:00+05:30,1849.4000244140625,1849.5999755859375,1848.5,1849.199951171875,2273.0,yahoo
SUNPHARMA,5m,2026-09-25T14:25:00+05:30,1849.4000244140625,1850.4000244140625,1849.199951171875,1849.199951171875,2813.0,yahoo
SUNPHARMA,5m,2026-09-25T14:30:00+05:30,1849.5999755859375,1851.4000244140625,1849.199951171875,1850.699951171875,4319.0,yahoo
SUNPHARMA,5m,2026-09-25T14:35:00+05:30,1850.199951171875,1851.0,1850.0,1850.9000244140625,3728.0,yahoo
SUNPHARMA,5m,2026-09-25T14:40:00+05:30,1850.699951171875,1850.800048828125,1850.0,1850.0,2680.0,yahoo
SUNPHARMA,5m,2026-09-25T14:45:00+05:30,1850.300048828125,1851.5,1849.800048828125,1850.4000244140625,3251.0,yahoo
SUNPHARMA,5m,2026-09-25T14:50:00+05:30,1850.199951171875,1854.9000244140625,1850.199951171875,1854.9000244140625,13601.0,yahoo
SUNPHARMA,5m,2026-09-25T14:55:00+05:30,1854.9000244140625,1855.5,1852.800048828125,1854.0999755859375,24719.0,yahoo
SUNPHARMA,5m,2026-09-25T15:00:00+05:30,1853.4000244140625,1854.199951171875,1851.800048828125,1852.699951171875,16487.0,yahoo
SUNPHARMA,5m,2026-09-25T15:05:00+05:30,1852.699951171875,1853.699951171875,1850.199951171875,1852.300048828125,21133.0,yahoo
SUNPHARMA,5m,2026-09-25T15:10:00+05:30,1851.699951171875,1853.699951171875,1850.199951171875,1851.800048828125,22293.0,yahoo
SUNPHARMA,5m,2026-09-25T15:15:00+05:30,1855.9000244140625,1855.9000244140625,1852.199951171875,1852.199951171875,16666.0,yahoo
SUZLON,5m,2026-09-25T09:15:00+05:30,40.7400016784668,41.029998779296875,40.599998474121094,40.720001220703125,0.0,yahoo
SUZLON,5m,2026-09-25T09:20:00+05:30,40.63999938964844,40.63999938964844,40.40999984741211,40.47999954223633,2523170.0,yahoo
SUZLON,5m,2026-09-25T09:25:00+05:30,40.470001220703125,40.59000015258789,40.45000076293945,40.560001373291016,1262268.0,yahoo
SUZLON,5m,2026-09-25T09:30:00+05:30,40.56999969482422,40.689998626708984,40.560001373291016,40.68000030517578,1107362.0,yahoo
SUZLON,5m,2026-09-25T09:35:00+05:30,40.689998626708984,40.7400016784668,40.599998474121094,40.630001068115234,989194.0,yahoo
SUZLON,5m,2026-09-25T09:40:00+05:30,40.599998474121094,40.619998931884766,40.470001220703125,40.4900016784668,1416202.0,yahoo
SUZLON,5m,2026-09-25T09:45:00+05:30,40.470001220703125,40.5,40.40999984741211,40.45000076293945,661140.0,yahoo
SUZLON,5m,2026-09-25T09:50:00+05:30,40.45000076293945,40.470001220703125,40.349998474121094,40.400001525878906,1218409.0,yahoo
SUZLON,5m,2026-09-25T09:55:00+05:30,40.41999816894531,40.459999084472656,40.369998931884766,40.380001068115234,792245.0,yahoo
SUZLON,5m,2026-09-25T10:00:00+05:30,40.380001068115234,40.59000015258789,40.380001068115234,40.59000015258789,2103107.0,yahoo
SUZLON,5m,2026-09-25T10:05:00+05:30,40.58000183105469,40.599998474121094,40.52000045776367,40.59000015258789,680326.0,yahoo
SUZLON,5m,2026-09-25T10:10:00+05:30,40.59000015258789,40.59000015258789,40.470001220703125,40.47999954223633,671350.0,yahoo
SUZLON,5m,2026-09-25T10:15:00+05:30,40.47999954223633,40.52000045776367,40.470001220703125,40.5099983215332,315188.0,yahoo
SUZLON,5m,2026-09-25T10:20:00+05:30,40.5099983215332,40.52000045776367,40.349998474121094,40.380001068115234,951527.0,yahoo
SUZLON,5m,2026-09-25T10:25:00+05:30,40.380001068115234,40.439998626708984,40.380001068115234,40.400001525878906,350478.0,yahoo
SUZLON,5m,2026-09-25T10:30:00+05:30,40.40999984741211,40.43000030517578,40.380001068115234,40.400001525878906,334075.0,yahoo
SUZLON,5m,2026-09-25T10:35:00+05:30,40.36000061035156,40.45000076293945,40.36000061035156,40.45000076293945,262939.0,yahoo
SUZLON,5m,2026-09-25T10:40:00+05:30,40.439998626708984,40.45000076293945,40.36000061035156,40.36000061035156,266173.0,yahoo
SUZLON,5m,2026-09-25T10:45:00+05:30,40.380001068115234,40.400001525878906,40.29999923706055,40.349998474121094,884693.0,yahoo
SUZLON,5m,2026-09-25T10:50:00+05:30,40.349998474121094,40.369998931884766,40.29999923706055,40.349998474121094,369168.0,yahoo
SUZLON,5m,2026-09-25T10:55:00+05:30,40.369998931884766,40.38999938964844,40.349998474121094,40.380001068115234,251614.0,yahoo
SUZLON,5m,2026-09-25T11:00:00+05:30,40.380001068115234,40.400001525878906,40.369998931884766,40.38999938964844,618999.0,yahoo
SUZLON,5m,2026-09-25T11:05:00+05:30,40.380001068115234,40.400001525878906,40.36000061035156,40.38999938964844,323860.0,yahoo
SUZLON,5m,2026-09-25T11:10:00+05:30,40.380001068115234,40.38999938964844,40.29999923706055,40.349998474121094,448622.0,yahoo
SUZLON,5m,2026-09-25T11:15:00+05:30,40.349998474121094,40.36000061035156,40.33000183105469,40.349998474121094,373489.0,yahoo
SUZLON,5m,2026-09-25T11:20:00+05:30,40.36000061035156,40.369998931884766,40.31999969482422,40.349998474121094,358008.0,yahoo
SUZLON,5m,2026-09-25T11:25:00+05:30,40.349998474121094,40.38999938964844,40.34000015258789,40.34000015258789,542596.0,yahoo
SUZLON,5m,2026-09-25T11:30:00+05:30,40.34000015258789,40.369998931884766,40.34000015258789,40.349998474121094,311551.0,yahoo
SUZLON,5m,2026-09-25T11:35:00+05:30,40.349998474121094,40.36000061035156,40.33000183105469,40.36000061035156,383672.0,yahoo
SUZLON,5m,2026-09-25T11:40:00+05:30,40.349998474121094,40.369998931884766,40.34000015258789,40.369998931884766,304989.0,yahoo
SUZLON,5m,2026-09-25T11:45:00+05:30,40.349998474121094,40.380001068115234,40.34000015258789,40.34000015258789,364096.0,yahoo
SUZLON,5m,2026-09-25T11:50:00+05:30,40.34000015258789,40.34000015258789,40.2599983215332,40.27000045776367,923842.0,yahoo
SUZLON,5m,2026-09-25T11:55:00+05:30,40.27000045776367,40.279998779296875,40.25,40.2599983215332,642245.0,yahoo
SUZLON,5m,2026-09-25T12:00:00+05:30,40.2599983215332,40.279998779296875,40.25,40.2599983215332,291128.0,yahoo
SUZLON,5m,2026-09-25T12:05:00+05:30,40.2599983215332,40.27000045776367,40.2400016784668,40.27000045776367,422905.0,yahoo
SUZLON,5m,2026-09-25T12:10:00+05:30,40.2599983215332,40.29999923706055,40.2599983215332,40.279998779296875,230867.0,yahoo
SUZLON,5m,2026-09-25T12:15:00+05:30,40.290000915527344,40.290000915527344,40.2599983215332,40.27000045776367,206829.0,yahoo
SUZLON,5m,2026-09-25T12:20:00+05:30,40.27000045776367,40.27000045776367,40.2400016784668,40.27000045776367,464080.0,yahoo
SUZLON,5m,2026-09-25T12:25:00+05:30,40.27000045776367,40.279998779296875,40.25,40.2599983215332,224910.0,yahoo
SUZLON,5m,2026-09-25T12:30:00+05:30,40.2599983215332,40.2599983215332,40.209999084472656,40.22999954223633,535786.0,yahoo
SUZLON,5m,2026-09-25T12:35:00+05:30,40.220001220703125,40.290000915527344,40.220001220703125,40.2599983215332,426615.0,yahoo
SUZLON,5m,2026-09-25T12:40:00+05:30,40.27000045776367,40.279998779296875,40.209999084472656,40.25,417671.0,yahoo
SUZLON,5m,2026-09-25T12:45:00+05:30,40.25,40.2599983215332,40.220001220703125,40.22999954223633,202966.0,yahoo
SUZLON,5m,2026-09-25T12:50:00+05:30,40.22999954223633,40.2400016784668,40.150001525878906,40.15999984741211,752640.0,yahoo
SUZLON,5m,2026-09-25T12:55:00+05:30,40.15999984741211,40.20000076293945,40.130001068115234,40.20000076293945,880188.0,yahoo
SUZLON,5m,2026-09-25T13:00:00+05:30,40.209999084472656,40.25,40.209999084472656,40.25,465516.0,yahoo
SUZLON,5m,2026-09-25T13:05:00+05:30,40.25,40.25,40.220001220703125,40.2400016784668,162598.0,yahoo
SUZLON,5m,2026-09-25T13:10:00+05:30,40.2400016784668,40.25,40.22999954223633,40.2400016784668,214839.0,yahoo
SUZLON,5m,2026-09-25T13:15:00+05:30,40.22999954223633,40.22999954223633,40.18000030517578,40.20000076293945,271609.0,yahoo
SUZLON,5m,2026-09-25T13:20:00+05:30,40.20000076293945,40.209999084472656,40.18000030517578,40.189998626708984,400913.0,yahoo
SUZLON,5m,2026-09-25T13:25:00+05:30,40.20000076293945,40.20000076293945,40.16999816894531,40.189998626708984,327070.0,yahoo
SUZLON,5m,2026-09-25T13:30:00+05:30,40.18000030517578,40.20000076293945,40.18000030517578,40.189998626708984,165298.0,yahoo
SUZLON,5m,2026-09-25T13:35:00+05:30,40.189998626708984,40.27000045776367,40.18000030517578,40.2400016784668,833819.0,yahoo
SUZLON,5m,2026-09-25T13:40:00+05:30,40.22999954223633,40.2400016784668,40.18000030517578,40.189998626708984,411685.0,yahoo
SUZLON,5m,2026-09-25T13:45:00+05:30,40.189998626708984,40.209999084472656,40.18000030517578,40.20000076293945,345098.0,yahoo
SUZLON,5m,2026-09-25T13:50:00+05:30,40.20000076293945,40.2400016784668,40.189998626708984,40.220001220703125,617549.0,yahoo
SUZLON,5m,2026-09-25T13:55:00+05:30,40.220001220703125,40.38999938964844,40.220001220703125,40.380001068115234,915667.0,yahoo
SUZLON,5m,2026-09-25T14:00:00+05:30,40.38999938964844,40.63999938964844,40.38999938964844,40.63999938964844,1500044.0,yahoo
SUZLON,5m,2026-09-25T14:05:00+05:30,40.650001525878906,40.790000915527344,40.650001525878906,40.66999816894531,1669131.0,yahoo
SUZLON,5m,2026-09-25T14:10:00+05:30,40.66999816894531,40.70000076293945,40.56999969482422,40.61000061035156,1771842.0,yahoo
SUZLON,5m,2026-09-25T14:15:00+05:30,40.61000061035156,40.7599983215332,40.61000061035156,40.720001220703125,1397839.0,yahoo
SUZLON,5m,2026-09-25T14:20:00+05:30,40.720001220703125,40.7599983215332,40.68000030517578,40.72999954223633,562721.0,yahoo
SUZLON,5m,2026-09-25T14:25:00+05:30,40.7400016784668,40.849998474121094,40.7400016784668,40.849998474121094,1219662.0,yahoo
SUZLON,5m,2026-09-25T14:30:00+05:30,40.86000061035156,40.91999816894531,40.86000061035156,40.869998931884766,776829.0,yahoo
SUZLON,5m,2026-09-25T14:35:00+05:30,40.88999938964844,40.88999938964844,40.810001373291016,40.84000015258789,860261.0,yahoo
SUZLON,5m,2026-09-25T14:40:00+05:30,40.84000015258789,40.84000015258789,40.72999954223633,40.79999923706055,1150506.0,yahoo
SUZLON,5m,2026-09-25T14:45:00+05:30,40.79999923706055,40.810001373291016,40.75,40.790000915527344,869905.0,yahoo
SUZLON,5m,2026-09-25T14:50:00+05:30,40.779998779296875,40.779998779296875,40.75,40.77000045776367,705094.0,yahoo
SUZLON,5m,2026-09-25T14:55:00+05:30,40.790000915527344,40.810001373291016,40.7400016784668,40.77000045776367,1266172.0,yahoo
SUZLON,5m,2026-09-25T15:00:00+05:30,40.77000045776367,40.790000915527344,40.7400016784668,40.75,830498.0,yahoo
SUZLON,5m,2026-09-25T15:05:00+05:30,40.75,40.77000045776367,40.709999084472656,40.709999084472656,1454323.0,yahoo
SUZLON,5m,2026-09-25T15:10:00+05:30,40.70000076293945,40.79999923706055,40.65999984741211,40.79999923706055,3143538.0,yahoo
TATACONSUM,5m,2026-09-25T09:15:00+05:30,984.0,989.2000122070312,982.7999877929688,985.7999877929688,0.0,yahoo
TATACONSUM,5m,2026-09-25T09:20:00+05:30,985.5,986.5999755859375,984.7999877929688,984.7999877929688,6965.0,yahoo
TATACONSUM,5m,2026-09-25T09:25:00+05:30,984.7000122070312,986.7000122070312,984.5,986.2000122070312,6320.0,yahoo
TATACONSUM,5m,2026-09-25T09:30:00+05:30,986.2000122070312,986.2000122070312,984.5,985.2000122070312,5394.0,yahoo
TATACONSUM,5m,2026-09-25T09:35:00+05:30,985.0999755859375,985.9000244140625,984.4000244140625,985.9000244140625,4193.0,yahoo
TATACONSUM,5m,2026-09-25T09:40:00+05:30,986.2999877929688,986.7000122070312,985.2999877929688,985.2999877929688,4898.0,yahoo
TATACONSUM,5m,2026-09-25T09:45:00+05:30,986.0999755859375,986.5,985.5,986.2000122070312,2096.0,yahoo
TATACONSUM,5m,2026-09-25T09:50:00+05:30,986.2000122070312,986.2000122070312,983.2999877929688,984.0999755859375,5463.0,yahoo
TATACONSUM,5m,2026-09-25T09:55:00+05:30,984.0999755859375,985.2999877929688,983.2999877929688,984.7000122070312,6197.0,yahoo
TATACONSUM,5m,2026-09-25T10:00:00+05:30,985.0999755859375,987.0,985.0999755859375,986.5,2512.0,yahoo
TATACONSUM,5m,2026-09-25T10:05:00+05:30,986.9000244140625,987.5,986.2000122070312,986.4000244140625,4729.0,yahoo
TATACONSUM,5m,2026-09-25T10:10:00+05:30,986.7999877929688,986.7999877929688,986.0,986.2999877929688,2915.0,yahoo
TATACONSUM,5m,2026-09-25T10:15:00+05:30,986.2999877929688,986.5,985.7999877929688,986.5,6490.0,yahoo
TATACONSUM,5m,2026-09-25T10:20:00+05:30,986.5,986.5,985.9000244140625,986.2000122070312,3928.0,yahoo
TATACONSUM,5m,2026-09-25T10:25:00+05:30,986.2999877929688,987.5999755859375,984.5,984.7999877929688,21620.0,yahoo
TATACONSUM,5m,2026-09-25T10:30:00+05:30,984.7999877929688,985.5,984.2000122070312,984.9000244140625,3301.0,yahoo
TATACONSUM,5m,2026-09-25T10:35:00+05:30,984.9000244140625,985.2000122070312,984.2999877929688,985.0999755859375,1329.0,yahoo
TATACONSUM,5m,2026-09-25T10:40:00+05:30,985.0999755859375,985.5999755859375,984.5,984.5,8473.0,yahoo
TATACONSUM,5m,2026-09-25T10:45:00+05:30,984.9000244140625,984.9000244140625,983.5,983.7999877929688,4207.0,yahoo
TATACONSUM,5m,2026-09-25T10:50:00+05:30,984.0,984.9000244140625,983.5999755859375,983.9000244140625,2728.0,yahoo
TATACONSUM,5m,2026-09-25T10:55:00+05:30,984.0999755859375,984.2000122070312,983.5999755859375,983.7999877929688,5646.0,yahoo
TATACONSUM,5m,2026-09-25T11:00:00+05:30,984.0999755859375,984.7000122070312,983.5999755859375,984.5,3319.0,yahoo
TATACONSUM,5m,2026-09-25T11:05:00+05:30,984.5999755859375,985.4000244140625,984.5999755859375,985.2000122070312,1822.0,yahoo
TATACONSUM,5m,2026-09-25T11:10:00+05:30,985.2000122070312,985.2000122070312,984.5,984.7999877929688,1698.0,yahoo
TATACONSUM,5m,2026-09-25T11:15:00+05:30,984.7999877929688,985.2000122070312,984.2999877929688,985.0,3230.0,yahoo
TATACONSUM,5m,2026-09-25T11:20:00+05:30,985.0,985.2000122070312,983.2999877929688,983.5,24406.0,yahoo
TATACONSUM,5m,2026-09-25T11:25:00+05:30,983.7999877929688,984.0999755859375,981.7000122070312,983.5999755859375,12070.0,yahoo
TATACONSUM,5m,2026-09-25T11:30:00+05:30,983.5999755859375,984.7000122070312,983.5999755859375,984.2000122070312,2465.0,yahoo
TATACONSUM,5m,2026-09-25T11:35:00+05:30,984.0999755859375,984.9000244140625,983.9000244140625,984.7000122070312,2154.0,yahoo
TATACONSUM,5m,2026-09-25T11:40:00+05:30,984.5999755859375,985.4000244140625,984.2000122070312,985.0999755859375,2342.0,yahoo
TATACONSUM,5m,2026-09-25T11:45:00+05:30,985.0999755859375,985.2999877929688,984.5,984.7000122070312,2804.0,yahoo
TATACONSUM,5m,2026-09-25T11:50:00+05:30,984.7000122070312,985.5,984.4000244140625,985.0,8543.0,yahoo
TATACONSUM,5m,2026-09-25T11:55:00+05:30,985.0,985.0,984.0999755859375,984.2000122070312,4718.0,yahoo
TATACONSUM,5m,2026-09-25T12:00:00+05:30,984.5999755859375,984.9000244140625,983.7999877929688,984.9000244140625,6249.0,yahoo
TATACONSUM,5m,2026-09-25T12:05:00+05:30,984.5999755859375,984.9000244140625,984.0999755859375,984.5999755859375,4284.0,yahoo
TATACONSUM,5m,2026-09-25T12:10:00+05:30,984.5999755859375,984.5999755859375,983.0,983.0,39411.0,yahoo
TATACONSUM,5m,2026-09-25T12:15:00+05:30,983.5999755859375,984.2999877929688,983.0,983.5,5840.0,yahoo
TATACONSUM,5m,2026-09-25T12:20:00+05:30,983.7999877929688,983.7999877929688,982.7999877929688,982.7999877929688,4367.0,yahoo
TATACONSUM,5m,2026-09-25T12:25:00+05:30,982.7999877929688,984.0999755859375,982.7000122070312,984.0,5762.0,yahoo
TATACONSUM,5m,2026-09-25T12:30:00+05:30,984.0,984.4000244140625,983.5,984.4000244140625,3975.0,yahoo
TATACONSUM,5m,2026-09-25T12:35:00+05:30,984.4000244140625,984.5,983.2999877929688,984.2000122070312,5698.0,yahoo
TATACONSUM,5m,2026-09-25T12:40:00+05:30,983.7999877929688,984.4000244140625,983.5,983.5999755859375,4563.0,yahoo
TATACONSUM,5m,2026-09-25T12:45:00+05:30,983.5999755859375,983.5999755859375,983.0999755859375,983.0999755859375,3118.0,yahoo
TATACONSUM,5m,2026-09-25T12:50:00+05:30,983.0999755859375,984.2000122070312,983.0,983.7999877929688,5048.0,yahoo
TATACONSUM,5m,2026-09-25T12:55:00+05:30,983.7999877929688,984.2999877929688,983.2999877929688,983.7999877929688,5549.0,yahoo
TATACONSUM,5m,2026-09-25T13:00:00+05:30,984.2000122070312,984.2999877929688,983.2000122070312,983.9000244140625,3946.0,yahoo
TATACONSUM,5m,2026-09-25T13:05:00+05:30,983.9000244140625,984.0,983.2000122070312,983.5,2150.0,yahoo
TATACONSUM,5m,2026-09-25T13:10:00+05:30,983.9000244140625,984.0,983.0999755859375,983.2999877929688,3843.0,yahoo
TATACONSUM,5m,2026-09-25T13:15:00+05:30,983.2999877929688,983.5999755859375,982.9000244140625,983.2999877929688,3179.0,yahoo
TATACONSUM,5m,2026-09-25T13:20:00+05:30,983.2999877929688,983.7000122070312,982.0,982.0,7936.0,yahoo
TATACONSUM,5m,2026-09-25T13:25:00+05:30,982.4000244140625,982.4000244140625,981.5,982.2000122070312,13833.0,yahoo
TATACONSUM,5m,2026-09-25T13:30:00+05:30,982.2000122070312,983.4000244140625,982.0,983.0,15615.0,yahoo
TATACONSUM,5m,2026-09-25T13:35:00+05:30,983.0,983.0,981.5,982.0999755859375,4576.0,yahoo
TATACONSUM,5m,2026-09-25T13:40:00+05:30,982.2999877929688,982.5,981.7999877929688,982.2000122070312,5118.0,yahoo
TATACONSUM,5m,2026-09-25T13:45:00+05:30,982.2000122070312,982.2999877929688,981.7000122070312,981.7999877929688,3269.0,yahoo
TATACONSUM,5m,2026-09-25T13:50:00+05:30,981.7999877929688,982.2999877929688,981.4000244140625,982.0,8665.0,yahoo
TATACONSUM,5m,2026-09-25T13:55:00+05:30,982.0,982.5,981.7999877929688,982.5,4223.0,yahoo
TATACONSUM,5m,2026-09-25T14:00:00+05:30,982.5,983.0,980.4000244140625,983.0,184577.0,yahoo
TATACONSUM,5m,2026-09-25T14:05:00+05:30,983.0,983.0,982.2000122070312,983.0,38044.0,yahoo
TATACONSUM,5m,2026-09-25T14:10:00+05:30,982.7000122070312,983.0,982.5,982.9000244140625,34763.0,yahoo
TATACONSUM,5m,2026-09-25T14:15:00+05:30,982.9000244140625,984.4000244140625,982.7000122070312,984.2000122070312,68367.0,yahoo
TATACONSUM,5m,2026-09-25T14:20:00+05:30,984.0999755859375,984.5999755859375,983.5999755859375,984.0,5257.0,yahoo
TATACONSUM,5m,2026-09-25T14:25:00+05:30,984.2999877929688,985.0,984.0999755859375,984.4000244140625,8020.0,yahoo
TATACONSUM,5m,2026-09-25T14:30:00+05:30,984.4000244140625,985.0,983.9000244140625,984.0999755859375,6682.0,yahoo
TATACONSUM,5m,2026-09-25T14:35:00+05:30,984.0999755859375,984.4000244140625,983.5,984.0,6397.0,yahoo
TATACONSUM,5m,2026-09-25T14:40:00+05:30,984.0,984.0,981.7999877929688,982.0,21558.0,yahoo
TATACONSUM,5m,2026-09-25T14:45:00+05:30,982.2000122070312,982.5999755859375,981.7999877929688,982.5,7455.0,yahoo
TATACONSUM,5m,2026-09-25T14:50:00+05:30,982.2999877929688,982.2999877929688,981.2999877929688,981.7000122070312,10740.0,yahoo
TATACONSUM,5m,2026-09-25T14:55:00+05:30,981.4000244140625,981.7999877929688,980.5,981.7000122070312,16718.0,yahoo
TATACONSUM,5m,2026-09-25T15:00:00+05:30,981.4000244140625,982.0,980.9000244140625,981.9000244140625,28262.0,yahoo
TATACONSUM,5m,2026-09-25T15:05:00+05:30,981.7000122070312,982.7999877929688,981.5,982.7999877929688,34043.0,yahoo
TATACONSUM,5m,2026-09-25T15:10:00+05:30,982.7999877929688,982.7999877929688,980.7999877929688,982.5,37185.0,yahoo
TATACONSUM,5m,2026-09-25T15:15:00+05:30,980.0,983.2000122070312,980.0,980.0,23.0,yahoo
TATAMOTORS,5m,2026-09-25T09:15:00+05:30,439.6499938964844,444.70001220703125,439.6499938964844,440.5,0.0,yahoo
TATAMOTORS,5m,2026-09-25T09:20:00+05:30,440.29998779296875,440.6499938964844,438.6499938964844,439.20001220703125,105853.0,yahoo
TATAMOTORS,5m,2026-09-25T09:25:00+05:30,439.29998779296875,440.0,438.75,440.0,70905.0,yahoo
TATAMOTORS,5m,2026-09-25T09:30:00+05:30,439.79998779296875,440.8999938964844,439.70001220703125,440.6000061035156,91603.0,yahoo
TATAMOTORS,5m,2026-09-25T09:35:00+05:30,440.6000061035156,440.70001220703125,439.5,439.79998779296875,43755.0,yahoo
TATAMOTORS,5m,2026-09-25T09:40:00+05:30,439.8500061035156,439.8500061035156,438.54998779296875,438.75,69953.0,yahoo
TATAMOTORS,5m,2026-09-25T09:45:00+05:30,438.79998779296875,440.04998779296875,438.79998779296875,438.95001220703125,118563.0,yahoo
TATAMOTORS,5m,2026-09-25T09:50:00+05:30,438.8500061035156,438.8500061035156,438.29998779296875,438.45001220703125,38985.0,yahoo
TATAMOTORS,5m,2026-09-25T09:55:00+05:30,438.45001220703125,438.6000061035156,437.0,438.0,94465.0,yahoo
TATAMOTORS,5m,2026-09-25T10:00:00+05:30,437.79998779296875,438.45001220703125,437.29998779296875,437.8500061035156,76595.0,yahoo
TATAMOTORS,5m,2026-09-25T10:05:00+05:30,438.1499938964844,439.3999938964844,437.75,439.0,64188.0,yahoo
TATAMOTORS,5m,2026-09-25T10:10:00+05:30,439.1499938964844,439.20001220703125,438.3500061035156,438.6000061035156,35908.0,yahoo
TATAMOTORS,5m,2026-09-25T10:15:00+05:30,438.29998779296875,439.0,438.29998779296875,439.0,78054.0,yahoo
TATAMOTORS,5m,2026-09-25T10:20:00+05:30,438.79998779296875,439.0,438.1000061035156,438.1000061035156,36229.0,yahoo
TATAMOTORS,5m,2026-09-25T10:25:00+05:30,438.20001220703125,438.79998779296875,438.1000061035156,438.79998779296875,40954.0,yahoo
TATAMOTORS,5m,2026-09-25T10:30:00+05:30,438.70001220703125,438.79998779296875,437.5,437.5,35242.0,yahoo
TATAMOTORS,5m,2026-09-25T10:35:00+05:30,437.75,438.1499938964844,437.04998779296875,437.95001220703125,55583.0,yahoo
TATAMOTORS,5m,2026-09-25T10:40:00+05:30,438.0,438.45001220703125,437.5,438.29998779296875,43271.0,yahoo
TATAMOTORS,5m,2026-09-25T10:45:00+05:30,438.25,438.70001220703125,438.0,438.0,53773.0,yahoo
TATAMOTORS,5m,2026-09-25T10:50:00+05:30,438.5,438.75,438.04998779296875,438.6000061035156,30289.0,yahoo
TATAMOTORS,5m,2026-09-25T10:55:00+05:30,438.6000061035156,438.8999938964844,437.95001220703125,438.75,32548.0,yahoo
TATAMOTORS,5m,2026-09-25T11:00:00+05:30,438.75,439.45001220703125,438.3500061035156,439.1499938964844,52541.0,yahoo
TATAMOTORS,5m,2026-09-25T11:05:00+05:30,438.95001220703125,439.20001220703125,438.5,439.20001220703125,34927.0,yahoo
TATAMOTORS,5m,2026-09-25T11:10:00+05:30,439.20001220703125,439.29998779296875,438.45001220703125,438.6499938964844,38326.0,yahoo
TATAMOTORS,5m,2026-09-25T11:15:00+05:30,438.6499938964844,438.8500061035156,438.1000061035156,438.6000061035156,42130.0,yahoo
TATAMOTORS,5m,2026-09-25T11:20:00+05:30,438.6000061035156,438.75,437.79998779296875,438.04998779296875,40091.0,yahoo
TATAMOTORS,5m,2026-09-25T11:25:00+05:30,438.04998779296875,438.45001220703125,437.8500061035156,437.8500061035156,34721.0,yahoo
TATAMOTORS,5m,2026-09-25T11:30:00+05:30,437.8500061035156,439.3500061035156,437.8500061035156,438.8500061035156,71378.0,yahoo
TATAMOTORS,5m,2026-09-25T11:35:00+05:30,438.95001220703125,442.54998779296875,438.29998779296875,442.54998779296875,187841.0,yahoo
TATAMOTORS,5m,2026-09-25T11:40:00+05:30,442.3999938964844,442.5,440.25,440.25,124664.0,yahoo
TATAMOTORS,5m,2026-09-25T11:45:00+05:30,439.95001220703125,440.5,438.20001220703125,438.6000061035156,60366.0,yahoo
TATAMOTORS,5m,2026-09-25T11:50:00+05:30,438.70001220703125,439.79998779296875,438.70001220703125,439.5,38080.0,yahoo
TATAMOTORS,5m,2026-09-25T11:55:00+05:30,439.1000061035156,439.75,438.79998779296875,439.04998779296875,37056.0,yahoo
TATAMOTORS,5m,2026-09-25T12:00:00+05:30,439.04998779296875,442.79998779296875,438.75,442.70001220703125,99531.0,yahoo
TATAMOTORS,5m,2026-09-25T12:05:00+05:30,442.6499938964844,443.3500061035156,440.6499938964844,441.8999938964844,111596.0,yahoo
TATAMOTORS,5m,2026-09-25T12:10:00+05:30,442.29998779296875,442.45001220703125,441.79998779296875,441.79998779296875,42064.0,yahoo
TATAMOTORS,5m,2026-09-25T12:15:00+05:30,441.79998779296875,442.25,441.25,441.8999938964844,53587.0,yahoo
TATAMOTORS,5m,2026-09-25T12:20:00+05:30,441.8999938964844,442.20001220703125,441.5,441.79998779296875,46566.0,yahoo
TATAMOTORS,5m,2026-09-25T12:25:00+05:30,441.6000061035156,443.5,441.45001220703125,443.45001220703125,121691.0,yahoo
TATAMOTORS,5m,2026-09-25T12:30:00+05:30,443.3500061035156,443.8500061035156,442.79998779296875,443.0,72944.0,yahoo
TATAMOTORS,5m,2026-09-25T12:35:00+05:30,442.8999938964844,443.45001220703125,442.6000061035156,442.8500061035156,73803.0,yahoo
TATAMOTORS,5m,2026-09-25T12:40:00+05:30,442.75,442.8999938964844,442.1499938964844,442.6000061035156,49442.0,yahoo
TATAMOTORS,5m,2026-09-25T12:45:00+05:30,442.45001220703125,442.8999938964844,442.04998779296875,442.29998779296875,58604.0,yahoo
TATAMOTORS,5m,2026-09-25T12:50:00+05:30,442.3999938964844,443.3500061035156,441.79998779296875,443.0,62212.0,yahoo
TATAMOTORS,5m,2026-09-25T12:55:00+05:30,442.8999938964844,443.20001220703125,442.3999938964844,442.8999938964844,55624.0,yahoo
TATAMOTORS,5m,2026-09-25T13:00:00+05:30,443.0,443.79998779296875,442.20001220703125,442.70001220703125,117299.0,yahoo
TATAMOTORS,5m,2026-09-25T13:05:00+05:30,442.6000061035156,443.04998779296875,441.6000061035156,442.3999938964844,72077.0,yahoo
TATAMOTORS,5m,2026-09-25T13:10:00+05:30,442.3500061035156,442.54998779296875,442.0,442.1499938964844,40531.0,yahoo
TATAMOTORS,5m,2026-09-25T13:15:00+05:30,442.1499938964844,442.25,441.45001220703125,442.1499938964844,46315.0,yahoo
TATAMOTORS,5m,2026-09-25T13:20:00+05:30,442.1000061035156,442.29998779296875,440.0,440.0,66595.0,yahoo
TATAMOTORS,5m,2026-09-25T13:25:00+05:30,440.1000061035156,440.20001220703125,439.45001220703125,439.6499938964844,73963.0,yahoo
TATAMOTORS,5m,2026-09-25T13:30:00+05:30,439.5,440.25,439.5,439.8999938964844,34991.0,yahoo
TATAMOTORS,5m,2026-09-25T13:35:00+05:30,439.6000061035156,439.8500061035156,438.6000061035156,438.8500061035156,32096.0,yahoo
TATAMOTORS,5m,2026-09-25T13:40:00+05:30,438.8500061035156,439.3999938964844,438.54998779296875,439.29998779296875,35345.0,yahoo
TATAMOTORS,5m,2026-09-25T13:45:00+05:30,439.29998779296875,439.8999938964844,439.04998779296875,439.79998779296875,39253.0,yahoo
TATAMOTORS,5m,2026-09-25T13:50:00+05:30,439.79998779296875,441.1000061035156,439.20001220703125,440.1499938964844,312381.0,yahoo
TATAMOTORS,5m,2026-09-25T13:55:00+05:30,440.5,440.6499938964844,440.1000061035156,440.29998779296875,28967.0,yahoo
TATAMOTORS,5m,2026-09-25T14:00:00+05:30,440.54998779296875,443.3500061035156,440.54998779296875,443.1499938964844,88600.0,yahoo
TATAMOTORS,5m,2026-09-25T14:05:00+05:30,443.04998779296875,444.95001220703125,443.04998779296875,444.1000061035156,162098.0,yahoo
TATAMOTORS,5m,2026-09-25T14:10:00+05:30,444.1000061035156,444.54998779296875,443.3999938964844,443.8999938964844,66377.0,yahoo
TATAMOTORS,5m,2026-09-25T14:15:00+05:30,443.79998779296875,444.6000061035156,443.29998779296875,444.25,77166.0,yahoo
TATAMOTORS,5m,2026-09-25T14:20:00+05:30,444.25,444.45001220703125,442.04998779296875,442.29998779296875,83547.0,yahoo
TATAMOTORS,5m,2026-09-25T14:25:00+05:30,442.3999938964844,442.45001220703125,441.3999938964844,441.8999938964844,62702.0,yahoo
TATAMOTORS,5m,2026-09-25T14:30:00+05:30,441.8500061035156,442.20001220703125,441.29998779296875,442.20001220703125,62878.0,yahoo
TATAMOTORS,5m,2026-09-25T14:35:00+05:30,442.20001220703125,442.45001220703125,441.70001220703125,442.20001220703125,76444.0,yahoo
TATAMOTORS,5m,2026-09-25T14:40:00+05:30,442.20001220703125,442.20001220703125,440.1000061035156,440.6499938964844,78743.0,yahoo
TATAMOTORS,5m,2026-09-25T14:45:00+05:30,440.6000061035156,441.0,440.25,440.79998779296875,94675.0,yahoo
TATAMOTORS,5m,2026-09-25T14:50:00+05:30,440.6499938964844,441.45001220703125,440.3999938964844,441.1499938964844,62832.0,yahoo
TATAMOTORS,5m,2026-09-25T14:55:00+05:30,441.20001220703125,441.54998779296875,440.79998779296875,441.29998779296875,68073.0,yahoo
TATAMOTORS,5m,2026-09-25T15:00:00+05:30,441.29998779296875,441.6499938964844,441.0,441.29998779296875,81827.0,yahoo
TATAMOTORS,5m,2026-09-25T15:05:00+05:30,441.3500061035156,442.95001220703125,440.95001220703125,442.25,153734.0,yahoo
TATAMOTORS,5m,2026-09-25T15:10:00+05:30,442.20001220703125,443.6499938964844,442.1000061035156,443.6499938964844,122241.0,yahoo
TATAMOTORS,5m,2026-09-25T15:15:00+05:30,443.6499938964844,445.0,441.8999938964844,442.20001220703125,188953.0,yahoo
TATAMOTORS,5m,2026-09-25T15:20:00+05:30,442.29998779296875,442.45001220703125,440.0,440.1499938964844,325569.0,yahoo
TATAMOTORS,5m,2026-09-25T15:25:00+05:30,440.29998779296875,441.5,439.1499938964844,441.5,467401.0,yahoo
TATASTEEL,5m,2026-09-25T09:15:00+05:30,188.75,189.10000610351562,188.50999450683594,188.50999450683594,0.0,yahoo
TATASTEEL,5m,2026-09-25T09:20:00+05:30,188.44000244140625,188.5,188.16000366210938,188.5,347472.0,yahoo
TATASTEEL,5m,2026-09-25T09:25:00+05:30,188.57000732421875,188.57000732421875,187.91000366210938,188.25,335390.0,yahoo
TATASTEEL,5m,2026-09-25T09:30:00+05:30,188.27000427246094,190.19000244140625,188.19000244140625,190.07000732421875,1192597.0,yahoo
TATASTEEL,5m,2026-09-25T09:35:00+05:30,190.0800018310547,190.17999267578125,189.3000030517578,189.3000030517578,299335.0,yahoo
TATASTEEL,5m,2026-09-25T09:40:00+05:30,189.32000732421875,189.32000732421875,188.94000244140625,188.9499969482422,176165.0,yahoo
TATASTEEL,5m,2026-09-25T09:45:00+05:30,188.88999938964844,189.22999572753906,188.75,189.19000244140625,258124.0,yahoo
TATASTEEL,5m,2026-09-25T09:50:00+05:30,189.19000244140625,189.41000366210938,189.10000610351562,189.3000030517578,188844.0,yahoo
TATASTEEL,5m,2026-09-25T09:55:00+05:30,189.2899932861328,189.8000030517578,189.2899932861328,189.4600067138672,250732.0,yahoo
TATASTEEL,5m,2026-09-25T10:00:00+05:30,189.47000122070312,189.6300048828125,189.36000061035156,189.6300048828125,105003.0,yahoo
TATASTEEL,5m,2026-09-25T10:05:00+05:30,189.60000610351562,189.72000122070312,189.30999755859375,189.7100067138672,172114.0,yahoo
TATASTEEL,5m,2026-09-25T10:10:00+05:30,189.6999969482422,190.32000732421875,189.57000732421875,189.88999938964844,408112.0,yahoo
TATASTEEL,5m,2026-09-25T10:15:00+05:30,189.89999389648438,189.89999389648438,189.22999572753906,189.22999572753906,209687.0,yahoo
TATASTEEL,5m,2026-09-25T10:20:00+05:30,189.25999450683594,189.55999755859375,189.25999450683594,189.35000610351562,148289.0,yahoo
TATASTEEL,5m,2026-09-25T10:25:00+05:30,189.2899932861328,189.35000610351562,189.10000610351562,189.10000610351562,122565.0,yahoo
TATASTEEL,5m,2026-09-25T10:30:00+05:30,189.11000061035156,189.14999389648438,188.89999389648438,188.9199981689453,162462.0,yahoo
TATASTEEL,5m,2026-09-25T10:35:00+05:30,188.89999389648438,189.22999572753906,188.61000061035156,189.13999938964844,368195.0,yahoo
TATASTEEL,5m,2026-09-25T10:40:00+05:30,189.13999938964844,189.13999938964844,188.8000030517578,188.8000030517578,60681.0,yahoo
TATASTEEL,5m,2026-09-25T10:45:00+05:30,188.8300018310547,188.88999938964844,188.5399932861328,188.6199951171875,99627.0,yahoo
TATASTEEL,5m,2026-09-25T10:50:00+05:30,188.58999633789062,188.72999572753906,188.58999633789062,188.64999389648438,61052.0,yahoo
TATASTEEL,5m,2026-09-25T10:55:00+05:30,188.64999389648438,188.80999755859375,188.63999938964844,188.72999572753906,39539.0,yahoo
TATASTEEL,5m,2026-09-25T11:00:00+05:30,188.77999877929688,189.0800018310547,188.6999969482422,188.89999389648438,93469.0,yahoo
TATASTEEL,5m,2026-09-25T11:05:00+05:30,188.92999267578125,188.92999267578125,188.75,188.8699951171875,55527.0,yahoo
TATASTEEL,5m,2026-09-25T11:10:00+05:30,188.8300018310547,188.88999938964844,188.72999572753906,188.86000061035156,59740.0,yahoo
TATASTEEL,5m,2026-09-25T11:15:00+05:30,188.9199981689453,189.14999389648438,188.88999938964844,189.07000732421875,89404.0,yahoo
TATASTEEL,5m,2026-09-25T11:20:00+05:30,189.07000732421875,189.2100067138672,188.8699951171875,188.8699951171875,162983.0,yahoo
TATASTEEL,5m,2026-09-25T11:25:00+05:30,188.8699951171875,188.89999389648438,188.6300048828125,188.82000732421875,73533.0,yahoo
TATASTEEL,5m,2026-09-25T11:30:00+05:30,188.86000061035156,189.1199951171875,188.77999877929688,188.8000030517578,119009.0,yahoo
TATASTEEL,5m,2026-09-25T11:35:00+05:30,188.82000732421875,189.0,188.77000427246094,188.97999572753906,55563.0,yahoo
TATASTEEL,5m,2026-09-25T11:40:00+05:30,188.9600067138672,189.35000610351562,188.91000366210938,189.16000366210938,170944.0,yahoo
TATASTEEL,5m,2026-09-25T11:45:00+05:30,189.13999938964844,189.13999938964844,188.88999938964844,188.88999938964844,51020.0,yahoo
TATASTEEL,5m,2026-09-25T11:50:00+05:30,188.89999389648438,188.9499969482422,188.66000366210938,188.75,82224.0,yahoo
TATASTEEL,5m,2026-09-25T11:55:00+05:30,188.74000549316406,188.75,188.11000061035156,188.13999938964844,342334.0,yahoo
TATASTEEL,5m,2026-09-25T12:00:00+05:30,188.14999389648438,188.2899932861328,188.07000732421875,188.17999267578125,118764.0,yahoo
TATASTEEL,5m,2026-09-25T12:05:00+05:30,188.25,188.3699951171875,188.19000244140625,188.2899932861328,80632.0,yahoo
TATASTEEL,5m,2026-09-25T12:10:00+05:30,188.27999877929688,188.5,188.25999450683594,188.47999572753906,69543.0,yahoo
TATASTEEL,5m,2026-09-25T12:15:00+05:30,188.4499969482422,188.61000061035156,188.39999389648438,188.42999267578125,64660.0,yahoo
TATASTEEL,5m,2026-09-25T12:20:00+05:30,188.4499969482422,188.4499969482422,188.24000549316406,188.30999755859375,81783.0,yahoo
TATASTEEL,5m,2026-09-25T12:25:00+05:30,188.3000030517578,188.6199951171875,188.2100067138672,188.60000610351562,94208.0,yahoo
TATASTEEL,5m,2026-09-25T12:30:00+05:30,188.57000732421875,188.6199951171875,188.4600067138672,188.50999450683594,69671.0,yahoo
TATASTEEL,5m,2026-09-25T12:35:00+05:30,188.50999450683594,188.52000427246094,188.3000030517578,188.50999450683594,48859.0,yahoo
TATASTEEL,5m,2026-09-25T12:40:00+05:30,188.5,188.5500030517578,188.27999877929688,188.27999877929688,65028.0,yahoo
TATASTEEL,5m,2026-09-25T12:45:00+05:30,188.27000427246094,188.3300018310547,188.0800018310547,188.10000610351562,100742.0,yahoo
TATASTEEL,5m,2026-09-25T12:50:00+05:30,188.1300048828125,188.16000366210938,187.91000366210938,187.9600067138672,199727.0,yahoo
TATASTEEL,5m,2026-09-25T12:55:00+05:30,187.9600067138672,187.9600067138672,187.64999389648438,187.8300018310547,181339.0,yahoo
TATASTEEL,5m,2026-09-25T13:00:00+05:30,187.8699951171875,188.0,187.8000030517578,187.80999755859375,88845.0,yahoo
TATASTEEL,5m,2026-09-25T13:05:00+05:30,187.80999755859375,187.80999755859375,187.6199951171875,187.67999267578125,142384.0,yahoo
TATASTEEL,5m,2026-09-25T13:10:00+05:30,187.69000244140625,187.8300018310547,187.50999450683594,187.52999877929688,95528.0,yahoo
TATASTEEL,5m,2026-09-25T13:15:00+05:30,187.52999877929688,187.6199951171875,187.47000122070312,187.47000122070312,113704.0,yahoo
TATASTEEL,5m,2026-09-25T13:20:00+05:30,187.47000122070312,187.64999389648438,187.4499969482422,187.5500030517578,71762.0,yahoo
TATASTEEL,5m,2026-09-25T13:25:00+05:30,187.5399932861328,187.58999633789062,187.4499969482422,187.55999755859375,41534.0,yahoo
TATASTEEL,5m,2026-09-25T13:30:00+05:30,187.52000427246094,187.58999633789062,187.30999755859375,187.3699951171875,64222.0,yahoo
TATASTEEL,5m,2026-09-25T13:35:00+05:30,187.27000427246094,187.4499969482422,187.24000549316406,187.3300018310547,65764.0,yahoo
TATASTEEL,5m,2026-09-25T13:40:00+05:30,187.36000061035156,187.49000549316406,187.22000122070312,187.25999450683594,135886.0,yahoo
TATASTEEL,5m,2026-09-25T13:45:00+05:30,187.25,187.38999938964844,187.22000122070312,187.25,102002.0,yahoo
TATASTEEL,5m,2026-09-25T13:50:00+05:30,187.27000427246094,187.47999572753906,187.02999877929688,187.35000610351562,166566.0,yahoo
TATASTEEL,5m,2026-09-25T13:55:00+05:30,187.35000610351562,187.5500030517578,187.3000030517578,187.50999450683594,126985.0,yahoo
TATASTEEL,5m,2026-09-25T14:00:00+05:30,187.5399932861328,188.61000061035156,187.50999450683594,188.60000610351562,446880.0,yahoo
TATASTEEL,5m,2026-09-25T14:05:00+05:30,188.61000061035156,188.86000061035156,188.42999267578125,188.47999572753906,357778.0,yahoo
TATASTEEL,5m,2026-09-25T14:10:00+05:30,188.50999450683594,188.60000610351562,188.22999572753906,188.3000030517578,148904.0,yahoo
TATASTEEL,5m,2026-09-25T14:15:00+05:30,188.27999877929688,188.5500030517578,188.24000549316406,188.5,133946.0,yahoo
TATASTEEL,5m,2026-09-25T14:20:00+05:30,188.47000122070312,188.5,188.13999938964844,188.25,83520.0,yahoo
TATASTEEL,5m,2026-09-25T14:25:00+05:30,188.25999450683594,188.4600067138672,188.25999450683594,188.39999389648438,77544.0,yahoo
TATASTEEL,5m,2026-09-25T14:30:00+05:30,188.39999389648438,188.49000549316406,188.1300048828125,188.1300048828125,566324.0,yahoo
TATASTEEL,5m,2026-09-25T14:35:00+05:30,188.13999938964844,188.3000030517578,188.13999938964844,188.3000030517578,183718.0,yahoo
TATASTEEL,5m,2026-09-25T14:40:00+05:30,188.3000030517578,188.58999633789062,188.0399932861328,188.58999633789062,622709.0,yahoo
TATASTEEL,5m,2026-09-25T14:45:00+05:30,188.63999938964844,188.7899932861328,188.35000610351562,188.41000366210938,261523.0,yahoo
TATASTEEL,5m,2026-09-25T14:50:00+05:30,188.35000610351562,188.39999389648438,187.99000549316406,188.13999938964844,1178072.0,yahoo
TATASTEEL,5m,2026-09-25T14:55:00+05:30,188.19000244140625,188.19000244140625,188.02000427246094,188.11000061035156,326026.0,yahoo
TATASTEEL,5m,2026-09-25T15:00:00+05:30,188.16000366210938,188.16000366210938,187.94000244140625,187.9499969482422,262843.0,yahoo
TATASTEEL,5m,2026-09-25T15:05:00+05:30,187.99000549316406,188.16000366210938,187.9600067138672,187.97000122070312,571111.0,yahoo
TATASTEEL,5m,2026-09-25T15:10:00+05:30,188.00999450683594,188.30999755859375,187.66000366210938,187.97000122070312,1398793.0,yahoo
TCS,5m,2026-09-25T09:15:00+05:30,2068.0,2068.89990234375,2039.800048828125,2046.5,0.0,yahoo
TCS,5m,2026-09-25T09:20:00+05:30,2045.9000244140625,2051.300048828125,2042.0,2048.199951171875,104811.0,yahoo
TCS,5m,2026-09-25T09:25:00+05:30,2050.10009765625,2066.60009765625,2046.4000244140625,2066.60009765625,132937.0,yahoo
TCS,5m,2026-09-25T09:30:00+05:30,2066.89990234375,2071.300048828125,2060.800048828125,2071.300048828125,124129.0,yahoo
TCS,5m,2026-09-25T09:35:00+05:30,2071.300048828125,2072.0,2064.10009765625,2065.699951171875,51310.0,yahoo
TCS,5m,2026-09-25T09:40:00+05:30,2065.60009765625,2066.800048828125,2060.60009765625,2063.199951171875,51045.0,yahoo
TCS,5m,2026-09-25T09:45:00+05:30,2063.699951171875,2067.800048828125,2063.0,2065.699951171875,25321.0,yahoo
TCS,5m,2026-09-25T09:50:00+05:30,2066.0,2070.199951171875,2065.699951171875,2069.39990234375,27461.0,yahoo
TCS,5m,2026-09-25T09:55:00+05:30,2068.800048828125,2073.89990234375,2068.699951171875,2071.5,37894.0,yahoo
TCS,5m,2026-09-25T10:00:00+05:30,2071.89990234375,2078.699951171875,2070.0,2076.10009765625,46501.0,yahoo
TCS,5m,2026-09-25T10:05:00+05:30,2076.699951171875,2077.89990234375,2073.300048828125,2077.800048828125,31144.0,yahoo
TCS,5m,2026-09-25T10:10:00+05:30,2077.60009765625,2077.60009765625,2070.60009765625,2075.5,35190.0,yahoo
TCS,5m,2026-09-25T10:15:00+05:30,2075.800048828125,2078.39990234375,2073.5,2078.39990234375,20214.0,yahoo
TCS,5m,2026-09-25T10:20:00+05:30,2078.5,2082.0,2074.300048828125,2076.300048828125,35185.0,yahoo
TCS,5m,2026-09-25T10:25:00+05:30,2076.800048828125,2078.60009765625,2075.39990234375,2077.800048828125,19532.0,yahoo
TCS,5m,2026-09-25T10:30:00+05:30,2077.300048828125,2078.800048828125,2076.10009765625,2076.800048828125,16328.0,yahoo
TCS,5m,2026-09-25T10:35:00+05:30,2076.800048828125,2081.89990234375,2076.10009765625,2079.5,27799.0,yahoo
TCS,5m,2026-09-25T10:40:00+05:30,2079.60009765625,2083.0,2077.199951171875,2078.5,28134.0,yahoo
TCS,5m,2026-09-25T10:45:00+05:30,2078.60009765625,2079.800048828125,2074.39990234375,2075.199951171875,19668.0,yahoo
TCS,5m,2026-09-25T10:50:00+05:30,2076.300048828125,2078.0,2075.10009765625,2077.39990234375,10774.0,yahoo
TCS,5m,2026-09-25T10:55:00+05:30,2077.89990234375,2080.39990234375,2077.0,2080.300048828125,11631.0,yahoo
TCS,5m,2026-09-25T11:00:00+05:30,2080.300048828125,2083.0,2078.39990234375,2081.5,39585.0,yahoo
TCS,5m,2026-09-25T11:05:00+05:30,2082.60009765625,2082.800048828125,2081.0,2081.0,20248.0,yahoo
TCS,5m,2026-09-25T11:10:00+05:30,2081.0,2083.0,2080.39990234375,2082.699951171875,14483.0,yahoo
TCS,5m,2026-09-25T11:15:00+05:30,2082.5,2082.5,2078.0,2079.5,23169.0,yahoo
TCS,5m,2026-09-25T11:20:00+05:30,2079.300048828125,2080.5,2077.300048828125,2077.89990234375,18356.0,yahoo
TCS,5m,2026-09-25T11:25:00+05:30,2077.5,2080.0,2077.0,2078.10009765625,13255.0,yahoo
TCS,5m,2026-09-25T11:30:00+05:30,2078.60009765625,2080.0,2078.0,2078.5,11040.0,yahoo
TCS,5m,2026-09-25T11:35:00+05:30,2079.300048828125,2080.0,2076.199951171875,2077.699951171875,17778.0,yahoo
TCS,5m,2026-09-25T11:40:00+05:30,2078.39990234375,2083.0,2077.39990234375,2082.60009765625,26739.0,yahoo
TCS,5m,2026-09-25T11:45:00+05:30,2082.60009765625,2082.60009765625,2079.699951171875,2081.60009765625,15702.0,yahoo
TCS,5m,2026-09-25T11:50:00+05:30,2081.5,2082.89990234375,2080.0,2082.5,16056.0,yahoo
TCS,5m,2026-09-25T11:55:00+05:30,2081.89990234375,2086.0,2081.60009765625,2084.800048828125,28834.0,yahoo
TCS,5m,2026-09-25T12:00:00+05:30,2084.89990234375,2085.199951171875,2082.199951171875,2084.39990234375,22304.0,yahoo
TCS,5m,2026-09-25T12:05:00+05:30,2084.89990234375,2087.0,2084.39990234375,2086.300048828125,23920.0,yahoo
TCS,5m,2026-09-25T12:10:00+05:30,2086.300048828125,2087.39990234375,2085.0,2087.0,16089.0,yahoo
TCS,5m,2026-09-25T12:15:00+05:30,2087.60009765625,2089.199951171875,2086.5,2088.699951171875,22926.0,yahoo
TCS,5m,2026-09-25T12:20:00+05:30,2088.300048828125,2090.0,2086.60009765625,2086.89990234375,20091.0,yahoo
TCS,5m,2026-09-25T12:25:00+05:30,2087.699951171875,2090.0,2086.60009765625,2089.199951171875,19501.0,yahoo
TCS,5m,2026-09-25T12:30:00+05:30,2089.5,2090.10009765625,2088.0,2088.800048828125,19583.0,yahoo
TCS,5m,2026-09-25T12:35:00+05:30,2089.39990234375,2089.39990234375,2084.10009765625,2085.39990234375,34839.0,yahoo
TCS,5m,2026-09-25T12:40:00+05:30,2085.0,2085.0,2078.60009765625,2078.699951171875,49630.0,yahoo
TCS,5m,2026-09-25T12:45:00+05:30,2078.60009765625,2082.0,2078.0,2080.5,26376.0,yahoo
TCS,5m,2026-09-25T12:50:00+05:30,2080.89990234375,2082.699951171875,2080.0,2080.39990234375,11565.0,yahoo
TCS,5m,2026-09-25T12:55:00+05:30,2080.60009765625,2082.89990234375,2079.0,2081.5,11767.0,yahoo
TCS,5m,2026-09-25T13:00:00+05:30,2081.800048828125,2084.5,2080.800048828125,2083.199951171875,17152.0,yahoo
TCS,5m,2026-09-25T13:05:00+05:30,2083.800048828125,2084.5,2082.0,2083.0,15894.0,yahoo
TCS,5m,2026-09-25T13:10:00+05:30,2083.0,2083.89990234375,2078.60009765625,2079.300048828125,17973.0,yahoo
TCS,5m,2026-09-25T13:15:00+05:30,2080.0,2081.0,2076.0,2078.39990234375,18172.0,yahoo
TCS,5m,2026-09-25T13:20:00+05:30,2079.10009765625,2082.39990234375,2078.199951171875,2080.5,18162.0,yahoo
TCS,5m,2026-09-25T13:25:00+05:30,2081.0,2083.60009765625,2080.199951171875,2081.699951171875,17531.0,yahoo
TCS,5m,2026-09-25T13:30:00+05:30,2080.89990234375,2081.199951171875,2077.5,2079.39990234375,12701.0,yahoo
TCS,5m,2026-09-25T13:35:00+05:30,2079.300048828125,2080.0,2077.699951171875,2077.699951171875,35289.0,yahoo
TCS,5m,2026-09-25T13:40:00+05:30,2078.0,2079.300048828125,2077.0,2078.699951171875,36591.0,yahoo
TCS,5m,2026-09-25T13:45:00+05:30,2077.89990234375,2077.89990234375,2072.800048828125,2073.5,184863.0,yahoo
TCS,5m,2026-09-25T13:50:00+05:30,2073.60009765625,2075.10009765625,2073.0,2074.699951171875,19630.0,yahoo
TCS,5m,2026-09-25T13:55:00+05:30,2074.60009765625,2078.0,2074.0,2077.199951171875,21251.0,yahoo
TCS,5m,2026-09-25T14:00:00+05:30,2077.800048828125,2086.5,2077.5,2085.89990234375,69509.0,yahoo
TCS,5m,2026-09-25T14:05:00+05:30,2085.300048828125,2088.5,2078.10009765625,2079.199951171875,95182.0,yahoo
TCS,5m,2026-09-25T14:10:00+05:30,2078.10009765625,2080.0,2076.39990234375,2078.199951171875,33579.0,yahoo
TCS,5m,2026-09-25T14:15:00+05:30,2078.0,2078.800048828125,2076.10009765625,2077.0,38355.0,yahoo
TCS,5m,2026-09-25T14:20:00+05:30,2076.60009765625,2078.0,2074.89990234375,2075.800048828125,44110.0,yahoo
TCS,5m,2026-09-25T14:25:00+05:30,2075.800048828125,2077.0,2069.89990234375,2074.10009765625,137919.0,yahoo
TCS,5m,2026-09-25T14:30:00+05:30,2073.89990234375,2076.60009765625,2073.199951171875,2075.300048828125,42115.0,yahoo
TCS,5m,2026-09-25T14:35:00+05:30,2076.199951171875,2077.39990234375,2073.60009765625,2075.0,40621.0,yahoo
TCS,5m,2026-09-25T14:40:00+05:30,2075.699951171875,2076.39990234375,2072.199951171875,2073.800048828125,52278.0,yahoo
TCS,5m,2026-09-25T14:45:00+05:30,2073.800048828125,2076.300048828125,2073.0,2073.300048828125,70691.0,yahoo
TCS,5m,2026-09-25T14:50:00+05:30,2073.300048828125,2075.300048828125,2070.800048828125,2074.800048828125,56080.0,yahoo
TCS,5m,2026-09-25T14:55:00+05:30,2074.800048828125,2075.0,2071.10009765625,2073.39990234375,77842.0,yahoo
TCS,5m,2026-09-25T15:00:00+05:30,2073.60009765625,2074.89990234375,2072.60009765625,2074.0,62773.0,yahoo
TCS,5m,2026-09-25T15:05:00+05:30,2074.0,2079.0,2073.199951171875,2078.89990234375,163278.0,yahoo
TCS,5m,2026-09-25T15:10:00+05:30,2078.699951171875,2081.0,2077.10009765625,2081.0,150109.0,yahoo
TCS,5m,2026-09-25T15:15:00+05:30,2080.5,2082.0,2080.5,2082.0,44146.0,yahoo
TECHM,5m,2026-09-25T09:15:00+05:30,1540.0999755859375,1540.0999755859375,1527.5,1530.800048828125,0.0,yahoo
TECHM,5m,2026-09-25T09:20:00+05:30,1529.0,1534.199951171875,1527.300048828125,1531.5999755859375,20020.0,yahoo
TECHM,5m,2026-09-25T09:25:00+05:30,1531.5999755859375,1540.800048828125,1531.300048828125,1539.199951171875,20809.0,yahoo
TECHM,5m,2026-09-25T09:30:00+05:30,1542.0,1542.0,1537.199951171875,1540.699951171875,23478.0,yahoo
TECHM,5m,2026-09-25T09:35:00+05:30,1540.699951171875,1542.800048828125,1535.0,1536.300048828125,17530.0,yahoo
TECHM,5m,2026-09-25T09:40:00+05:30,1536.0,1538.5,1533.5,1535.9000244140625,21491.0,yahoo
TECHM,5m,2026-09-25T09:45:00+05:30,1535.800048828125,1538.199951171875,1531.800048828125,1531.800048828125,17918.0,yahoo
TECHM,5m,2026-09-25T09:50:00+05:30,1532.699951171875,1537.9000244140625,1532.699951171875,1536.4000244140625,15426.0,yahoo
TECHM,5m,2026-09-25T09:55:00+05:30,1535.800048828125,1540.0999755859375,1535.800048828125,1540.0999755859375,16720.0,yahoo
TECHM,5m,2026-09-25T10:00:00+05:30,1538.9000244140625,1543.199951171875,1537.800048828125,1543.199951171875,17343.0,yahoo
TECHM,5m,2026-09-25T10:05:00+05:30,1543.199951171875,1544.300048828125,1540.5,1541.699951171875,13852.0,yahoo
TECHM,5m,2026-09-25T10:10:00+05:30,1541.699951171875,1544.199951171875,1539.5,1543.4000244140625,10833.0,yahoo
TECHM,5m,2026-09-25T10:15:00+05:30,1542.5,1544.0,1541.300048828125,1542.800048828125,8701.0,yahoo
TECHM,5m,2026-09-25T10:20:00+05:30,1542.5999755859375,1545.5999755859375,1541.300048828125,1542.300048828125,11287.0,yahoo
TECHM,5m,2026-09-25T10:25:00+05:30,1542.0999755859375,1543.0999755859375,1540.5999755859375,1541.4000244140625,6645.0,yahoo
TECHM,5m,2026-09-25T10:30:00+05:30,1541.800048828125,1544.199951171875,1541.4000244140625,1542.0999755859375,9678.0,yahoo
TECHM,5m,2026-09-25T10:35:00+05:30,1542.699951171875,1545.800048828125,1542.300048828125,1545.0,12110.0,yahoo
TECHM,5m,2026-09-25T10:40:00+05:30,1544.5,1545.9000244140625,1544.0,1545.300048828125,16340.0,yahoo
TECHM,5m,2026-09-25T10:45:00+05:30,1545.5,1545.5,1541.9000244140625,1542.0999755859375,5106.0,yahoo
TECHM,5m,2026-09-25T10:50:00+05:30,1542.5999755859375,1544.699951171875,1542.5,1544.199951171875,10398.0,yahoo
TECHM,5m,2026-09-25T10:55:00+05:30,1544.199951171875,1546.5999755859375,1543.9000244140625,1546.300048828125,12681.0,yahoo
TECHM,5m,2026-09-25T11:00:00+05:30,1546.5999755859375,1549.300048828125,1545.9000244140625,1547.300048828125,17010.0,yahoo
TECHM,5m,2026-09-25T11:05:00+05:30,1547.300048828125,1548.0,1546.5,1547.0,4814.0,yahoo
TECHM,5m,2026-09-25T11:10:00+05:30,1547.0999755859375,1547.4000244140625,1546.0,1547.4000244140625,4883.0,yahoo
TECHM,5m,2026-09-25T11:15:00+05:30,1547.199951171875,1548.0,1546.0,1547.5999755859375,5034.0,yahoo
TECHM,5m,2026-09-25T11:20:00+05:30,1547.5999755859375,1549.0,1547.0,1547.5999755859375,6043.0,yahoo
TECHM,5m,2026-09-25T11:25:00+05:30,1547.5999755859375,1549.0,1546.300048828125,1548.0,10907.0,yahoo
TECHM,5m,2026-09-25T11:30:00+05:30,1548.699951171875,1549.0,1546.0,1546.0,5602.0,yahoo
TECHM,5m,2026-09-25T11:35:00+05:30,1546.5,1548.0,1544.5999755859375,1546.5999755859375,4678.0,yahoo
TECHM,5m,2026-09-25T11:40:00+05:30,1546.5999755859375,1549.199951171875,1546.5999755859375,1547.800048828125,5185.0,yahoo
TECHM,5m,2026-09-25T11:45:00+05:30,1547.800048828125,1548.0999755859375,1545.199951171875,1546.0,4730.0,yahoo
TECHM,5m,2026-09-25T11:50:00+05:30,1546.300048828125,1547.0,1545.0999755859375,1546.699951171875,4242.0,yahoo
TECHM,5m,2026-09-25T11:55:00+05:30,1546.9000244140625,1550.0,1546.800048828125,1548.0,9705.0,yahoo
TECHM,5m,2026-09-25T12:00:00+05:30,1547.9000244140625,1549.199951171875,1545.4000244140625,1546.300048828125,5955.0,yahoo
TECHM,5m,2026-09-25T12:05:00+05:30,1546.5,1548.5,1546.199951171875,1547.5,4221.0,yahoo
TECHM,5m,2026-09-25T12:10:00+05:30,1547.699951171875,1549.9000244140625,1546.699951171875,1549.5,6335.0,yahoo
TECHM,5m,2026-09-25T12:15:00+05:30,1549.5,1551.199951171875,1548.699951171875,1550.0,15806.0,yahoo
TECHM,5m,2026-09-25T12:20:00+05:30,1550.5,1551.699951171875,1549.5999755859375,1550.300048828125,6541.0,yahoo
TECHM,5m,2026-09-25T12:25:00+05:30,1550.300048828125,1551.800048828125,1549.699951171875,1551.800048828125,4393.0,yahoo
TECHM,5m,2026-09-25T12:30:00+05:30,1551.699951171875,1552.0,1549.5,1550.800048828125,5681.0,yahoo
TECHM,5m,2026-09-25T12:35:00+05:30,1550.9000244140625,1550.9000244140625,1548.5999755859375,1548.699951171875,4607.0,yahoo
TECHM,5m,2026-09-25T12:40:00+05:30,1549.5,1549.5,1546.699951171875,1547.800048828125,3603.0,yahoo
TECHM,5m,2026-09-25T12:45:00+05:30,1547.0999755859375,1548.9000244140625,1546.4000244140625,1548.300048828125,5567.0,yahoo
TECHM,5m,2026-09-25T12:50:00+05:30,1548.0,1548.300048828125,1547.199951171875,1547.699951171875,3720.0,yahoo
TECHM,5m,2026-09-25T12:55:00+05:30,1547.699951171875,1549.199951171875,1547.699951171875,1548.199951171875,4001.0,yahoo
TECHM,5m,2026-09-25T13:00:00+05:30,1548.5999755859375,1549.9000244140625,1547.800048828125,1549.199951171875,5047.0,yahoo
TECHM,5m,2026-09-25T13:05:00+05:30,1549.9000244140625,1551.0999755859375,1549.5,1550.300048828125,4443.0,yahoo
TECHM,5m,2026-09-25T13:10:00+05:30,1550.199951171875,1550.199951171875,1548.0,1549.0999755859375,5505.0,yahoo
TECHM,5m,2026-09-25T13:15:00+05:30,1549.199951171875,1549.699951171875,1547.300048828125,1548.0999755859375,4206.0,yahoo
TECHM,5m,2026-09-25T13:20:00+05:30,1548.0999755859375,1549.300048828125,1546.4000244140625,1546.4000244140625,4993.0,yahoo
TECHM,5m,2026-09-25T13:25:00+05:30,1547.0,1547.5,1542.5999755859375,1544.0,10008.0,yahoo
TECHM,5m,2026-09-25T13:30:00+05:30,1544.0,1544.199951171875,1541.699951171875,1542.199951171875,7273.0,yahoo
TECHM,5m,2026-09-25T13:35:00+05:30,1542.9000244140625,1545.0,1542.699951171875,1543.699951171875,3764.0,yahoo
TECHM,5m,2026-09-25T13:40:00+05:30,1543.5,1548.699951171875,1543.0,1548.699951171875,7485.0,yahoo
TECHM,5m,2026-09-25T13:45:00+05:30,1548.5999755859375,1548.699951171875,1546.5,1548.0,5513.0,yahoo
TECHM,5m,2026-09-25T13:50:00+05:30,1548.0,1548.5999755859375,1547.4000244140625,1548.0,10684.0,yahoo
TECHM,5m,2026-09-25T13:55:00+05:30,1548.0,1550.0,1547.4000244140625,1550.0,5063.0,yahoo
TECHM,5m,2026-09-25T14:00:00+05:30,1550.0,1553.0999755859375,1547.5,1553.0,81829.0,yahoo
TECHM,5m,2026-09-25T14:05:00+05:30,1552.9000244140625,1553.5,1547.5999755859375,1547.800048828125,30246.0,yahoo
TECHM,5m,2026-09-25T14:10:00+05:30,1548.199951171875,1550.0,1547.9000244140625,1548.9000244140625,9388.0,yahoo
TECHM,5m,2026-09-25T14:15:00+05:30,1549.5,1550.9000244140625,1548.4000244140625,1550.9000244140625,10290.0,yahoo
TECHM,5m,2026-09-25T14:20:00+05:30,1549.5999755859375,1550.199951171875,1548.0,1548.0,8301.0,yahoo
TECHM,5m,2026-09-25T14:25:00+05:30,1548.4000244140625,1549.9000244140625,1547.5999755859375,1549.699951171875,9994.0,yahoo
TECHM,5m,2026-09-25T14:30:00+05:30,1549.199951171875,1551.0,1548.5999755859375,1549.699951171875,9090.0,yahoo
TECHM,5m,2026-09-25T14:35:00+05:30,1549.699951171875,1549.699951171875,1546.5999755859375,1547.5999755859375,46598.0,yahoo
TECHM,5m,2026-09-25T14:40:00+05:30,1547.800048828125,1547.800048828125,1545.0,1545.4000244140625,10412.0,yahoo
TECHM,5m,2026-09-25T14:45:00+05:30,1545.4000244140625,1547.0,1545.4000244140625,1546.5,11422.0,yahoo
TECHM,5m,2026-09-25T14:50:00+05:30,1546.199951171875,1548.4000244140625,1546.0,1546.9000244140625,14156.0,yahoo
TECHM,5m,2026-09-25T14:55:00+05:30,1547.4000244140625,1547.4000244140625,1546.4000244140625,1546.699951171875,15435.0,yahoo
TECHM,5m,2026-09-25T15:00:00+05:30,1546.800048828125,1547.300048828125,1546.0,1547.0999755859375,24380.0,yahoo
TECHM,5m,2026-09-25T15:05:00+05:30,1547.0,1549.5,1547.0,1549.5,36615.0,yahoo
TECHM,5m,2026-09-25T15:10:00+05:30,1549.5,1552.0,1548.0999755859375,1550.5,45942.0,yahoo
TECHM,5m,2026-09-25T15:15:00+05:30,1550.0,1550.0,1548.0,1548.0,24397.0,yahoo
TITAN,5m,2026-09-25T09:15:00+05:30,4835.5,4844.5,4827.5,4827.5,0.0,yahoo
TITAN,5m,2026-09-25T09:20:00+05:30,4830.0,4842.5,4825.5,4838.0,8663.0,yahoo
TITAN,5m,2026-09-25T09:25:00+05:30,4838.0,4839.0,4827.5,4839.0,6848.0,yahoo
TITAN,5m,2026-09-25T09:30:00+05:30,4840.0,4845.5,4838.5,4843.0,7448.0,yahoo
TITAN,5m,2026-09-25T09:35:00+05:30,4844.0,4846.0,4836.0,4840.0,13036.0,yahoo
TITAN,5m,2026-09-25T09:40:00+05:30,4839.0,4843.0,4829.5,4829.5,9781.0,yahoo
TITAN,5m,2026-09-25T09:45:00+05:30,4831.5,4832.0,4823.0,4824.5,10792.0,yahoo
TITAN,5m,2026-09-25T09:50:00+05:30,4824.5,4830.0,4821.5,4828.5,20676.0,yahoo
TITAN,5m,2026-09-25T09:55:00+05:30,4828.5,4830.0,4823.5,4824.5,6313.0,yahoo
TITAN,5m,2026-09-25T10:00:00+05:30,4824.0,4827.0,4823.0,4826.5,1919.0,yahoo
TITAN,5m,2026-09-25T10:05:00+05:30,4826.5,4830.0,4824.0,4829.5,30540.0,yahoo
TITAN,5m,2026-09-25T10:10:00+05:30,4830.0,4830.0,4824.5,4829.5,12845.0,yahoo
TITAN,5m,2026-09-25T10:15:00+05:30,4829.0,4842.0,4828.0,4836.5,18335.0,yahoo
TITAN,5m,2026-09-25T10:20:00+05:30,4836.5,4839.0,4830.5,4833.0,2125.0,yahoo
TITAN,5m,2026-09-25T10:25:00+05:30,4832.5,4835.0,4831.0,4835.0,2313.0,yahoo
TITAN,5m,2026-09-25T10:30:00+05:30,4835.0,4841.5,4834.0,4835.0,1916.0,yahoo
TITAN,5m,2026-09-25T10:35:00+05:30,4834.0,4837.0,4830.5,4831.0,1297.0,yahoo
TITAN,5m,2026-09-25T10:40:00+05:30,4831.0,4841.5,4830.5,4832.5,4002.0,yahoo
TITAN,5m,2026-09-25T10:45:00+05:30,4833.0,4834.5,4828.0,4832.0,5125.0,yahoo
TITAN,5m,2026-09-25T10:50:00+05:30,4832.0,4837.5,4831.0,4835.5,2572.0,yahoo
TITAN,5m,2026-09-25T10:55:00+05:30,4835.5,4844.0,4835.0,4841.0,2892.0,yahoo
TITAN,5m,2026-09-25T11:00:00+05:30,4843.0,4850.0,4842.0,4847.0,4852.0,yahoo
TITAN,5m,2026-09-25T11:05:00+05:30,4847.0,4852.0,4846.0,4851.0,3320.0,yahoo
TITAN,5m,2026-09-25T11:10:00+05:30,4850.5,4851.0,4846.0,4847.0,2687.0,yahoo
TITAN,5m,2026-09-25T11:15:00+05:30,4847.0,4859.0,4846.5,4858.5,3555.0,yahoo
TITAN,5m,2026-09-25T11:20:00+05:30,4857.0,4858.5,4848.0,4848.0,2166.0,yahoo
TITAN,5m,2026-09-25T11:25:00+05:30,4849.5,4850.0,4839.5,4846.0,7531.0,yahoo
TITAN,5m,2026-09-25T11:30:00+05:30,4846.0,4847.0,4840.0,4842.0,1410.0,yahoo
TITAN,5m,2026-09-25T11:35:00+05:30,4841.0,4845.5,4841.0,4842.5,1312.0,yahoo
TITAN,5m,2026-09-25T11:40:00+05:30,4842.5,4847.0,4839.0,4839.0,3087.0,yahoo
TITAN,5m,2026-09-25T11:45:00+05:30,4841.0,4844.0,4839.0,4843.0,775.0,yahoo
TITAN,5m,2026-09-25T11:50:00+05:30,4843.0,4854.5,4843.0,4845.5,4278.0,yahoo
TITAN,5m,2026-09-25T11:55:00+05:30,4845.0,4847.5,4841.5,4845.0,1906.0,yahoo
TITAN,5m,2026-09-25T12:00:00+05:30,4845.5,4845.5,4839.0,4840.0,1440.0,yahoo
TITAN,5m,2026-09-25T12:05:00+05:30,4840.0,4845.0,4839.0,4840.5,3026.0,yahoo
TITAN,5m,2026-09-25T12:10:00+05:30,4840.5,4844.0,4838.0,4843.0,1876.0,yahoo
TITAN,5m,2026-09-25T12:15:00+05:30,4843.0,4845.0,4842.0,4842.5,1180.0,yahoo
TITAN,5m,2026-09-25T12:20:00+05:30,4844.5,4845.0,4842.0,4842.5,895.0,yahoo
TITAN,5m,2026-09-25T12:25:00+05:30,4842.5,4848.0,4842.5,4847.5,1201.0,yahoo
TITAN,5m,2026-09-25T12:30:00+05:30,4846.0,4849.5,4845.5,4845.5,1289.0,yahoo
TITAN,5m,2026-09-25T12:35:00+05:30,4847.5,4848.0,4840.5,4843.0,4829.0,yahoo
TITAN,5m,2026-09-25T12:40:00+05:30,4845.0,4845.5,4842.5,4844.0,1027.0,yahoo
TITAN,5m,2026-09-25T12:45:00+05:30,4842.5,4844.5,4840.5,4841.5,1107.0,yahoo
TITAN,5m,2026-09-25T12:50:00+05:30,4841.5,4843.0,4838.0,4839.5,984.0,yahoo
TITAN,5m,2026-09-25T12:55:00+05:30,4839.5,4842.0,4836.5,4841.0,1446.0,yahoo
TITAN,5m,2026-09-25T13:00:00+05:30,4839.0,4848.0,4839.0,4847.5,5726.0,yahoo
TITAN,5m,2026-09-25T13:05:00+05:30,4847.5,4847.5,4838.0,4839.5,7275.0,yahoo
TITAN,5m,2026-09-25T13:10:00+05:30,4839.5,4844.0,4839.0,4841.0,1331.0,yahoo
TITAN,5m,2026-09-25T13:15:00+05:30,4841.0,4842.0,4838.5,4840.0,1046.0,yahoo
TITAN,5m,2026-09-25T13:20:00+05:30,4839.0,4841.5,4836.5,4838.0,1928.0,yahoo
TITAN,5m,2026-09-25T13:25:00+05:30,4838.0,4842.0,4836.5,4842.0,3007.0,yahoo
TITAN,5m,2026-09-25T13:30:00+05:30,4841.5,4842.0,4837.5,4840.0,1427.0,yahoo
TITAN,5m,2026-09-25T13:35:00+05:30,4840.0,4846.0,4839.5,4846.0,3199.0,yahoo
TITAN,5m,2026-09-25T13:40:00+05:30,4844.0,4847.0,4843.0,4843.5,993.0,yahoo
TITAN,5m,2026-09-25T13:45:00+05:30,4843.5,4848.0,4842.0,4846.0,3583.0,yahoo
TITAN,5m,2026-09-25T13:50:00+05:30,4846.0,4847.5,4844.0,4846.5,1600.0,yahoo
TITAN,5m,2026-09-25T13:55:00+05:30,4846.0,4849.0,4846.0,4848.0,1389.0,yahoo
TITAN,5m,2026-09-25T14:00:00+05:30,4849.0,4879.5,4849.0,4876.5,8615.0,yahoo
TITAN,5m,2026-09-25T14:05:00+05:30,4876.5,4877.5,4864.0,4864.0,4222.0,yahoo
TITAN,5m,2026-09-25T14:10:00+05:30,4864.0,4869.0,4862.0,4862.0,2659.0,yahoo
TITAN,5m,2026-09-25T14:15:00+05:30,4862.0,4870.5,4862.0,4864.0,11347.0,yahoo
TITAN,5m,2026-09-25T14:20:00+05:30,4864.0,4865.0,4859.0,4861.0,2819.0,yahoo
TITAN,5m,2026-09-25T14:25:00+05:30,4859.5,4865.0,4859.5,4861.0,2614.0,yahoo
TITAN,5m,2026-09-25T14:30:00+05:30,4861.0,4868.0,4861.0,4863.0,6755.0,yahoo
TITAN,5m,2026-09-25T14:35:00+05:30,4865.0,4866.5,4863.0,4865.5,1447.0,yahoo
TITAN,5m,2026-09-25T14:40:00+05:30,4866.5,4866.5,4853.5,4863.5,8660.0,yahoo
TITAN,5m,2026-09-25T14:45:00+05:30,4863.5,4864.5,4853.0,4859.0,6118.0,yahoo
TITAN,5m,2026-09-25T14:50:00+05:30,4858.0,4860.0,4856.0,4860.0,3366.0,yahoo
TITAN,5m,2026-09-25T14:55:00+05:30,4861.5,4864.0,4857.5,4861.5,4454.0,yahoo
TITAN,5m,2026-09-25T15:00:00+05:30,4862.0,4868.0,4858.5,4865.0,10189.0,yahoo
TITAN,5m,2026-09-25T15:05:00+05:30,4865.5,4867.0,4864.5,4865.0,7645.0,yahoo
TITAN,5m,2026-09-25T15:10:00+05:30,4865.0,4884.0,4862.0,4884.0,20970.0,yahoo
TRENT,5m,2026-09-25T09:15:00+05:30,2716.0,2719.5,2697.0,2697.0,0.0,yahoo
TRENT,5m,2026-09-25T09:20:00+05:30,2697.60009765625,2705.199951171875,2696.89990234375,2697.5,9223.0,yahoo
TRENT,5m,2026-09-25T09:25:00+05:30,2699.0,2709.199951171875,2696.300048828125,2707.699951171875,5616.0,yahoo
TRENT,5m,2026-09-25T09:30:00+05:30,2707.699951171875,2709.0,2704.10009765625,2704.39990234375,2838.0,yahoo
TRENT,5m,2026-09-25T09:35:00+05:30,2704.300048828125,2704.300048828125,2694.5,2695.699951171875,6831.0,yahoo
TRENT,5m,2026-09-25T09:40:00+05:30,2695.89990234375,2699.39990234375,2693.0,2693.5,6612.0,yahoo
TRENT,5m,2026-09-25T09:45:00+05:30,2694.0,2695.5,2678.5,2679.39990234375,13188.0,yahoo
TRENT,5m,2026-09-25T09:50:00+05:30,2679.39990234375,2685.199951171875,2677.89990234375,2678.10009765625,26461.0,yahoo
TRENT,5m,2026-09-25T09:55:00+05:30,2678.199951171875,2683.10009765625,2676.5,2676.5,19418.0,yahoo
TRENT,5m,2026-09-25T10:00:00+05:30,2676.0,2677.39990234375,2667.60009765625,2670.89990234375,43405.0,yahoo
TRENT,5m,2026-09-25T10:05:00+05:30,2670.89990234375,2679.199951171875,2669.0,2678.0,28737.0,yahoo
TRENT,5m,2026-09-25T10:10:00+05:30,2678.0,2691.10009765625,2677.10009765625,2688.199951171875,52295.0,yahoo
TRENT,5m,2026-09-25T10:15:00+05:30,2688.199951171875,2691.89990234375,2682.800048828125,2684.89990234375,10105.0,yahoo
TRENT,5m,2026-09-25T10:20:00+05:30,2684.0,2686.199951171875,2680.699951171875,2681.5,5386.0,yahoo
TRENT,5m,2026-09-25T10:25:00+05:30,2682.699951171875,2687.300048828125,2681.199951171875,2685.699951171875,6503.0,yahoo
TRENT,5m,2026-09-25T10:30:00+05:30,2685.5,2687.0,2681.199951171875,2682.199951171875,3637.0,yahoo
TRENT,5m,2026-09-25T10:35:00+05:30,2682.10009765625,2686.89990234375,2680.699951171875,2686.199951171875,3407.0,yahoo
TRENT,5m,2026-09-25T10:40:00+05:30,2685.5,2690.39990234375,2685.5,2686.89990234375,5904.0,yahoo
TRENT,5m,2026-09-25T10:45:00+05:30,2686.39990234375,2687.699951171875,2683.10009765625,2686.0,10344.0,yahoo
TRENT,5m,2026-09-25T10:50:00+05:30,2686.0,2688.10009765625,2685.0,2685.199951171875,2809.0,yahoo
TRENT,5m,2026-09-25T10:55:00+05:30,2685.300048828125,2689.300048828125,2684.10009765625,2689.300048828125,2400.0,yahoo
TRENT,5m,2026-09-25T11:00:00+05:30,2687.199951171875,2694.300048828125,2686.199951171875,2693.0,8030.0,yahoo
TRENT,5m,2026-09-25T11:05:00+05:30,2692.60009765625,2693.800048828125,2690.5,2690.5,3738.0,yahoo
TRENT,5m,2026-09-25T11:10:00+05:30,2691.5,2691.5,2682.60009765625,2684.10009765625,8263.0,yahoo
TRENT,5m,2026-09-25T11:15:00+05:30,2684.10009765625,2688.800048828125,2682.300048828125,2687.0,4328.0,yahoo
TRENT,5m,2026-09-25T11:20:00+05:30,2687.0,2690.5,2686.0,2689.10009765625,10650.0,yahoo
TRENT,5m,2026-09-25T11:25:00+05:30,2688.89990234375,2688.89990234375,2686.10009765625,2686.89990234375,4460.0,yahoo
TRENT,5m,2026-09-25T11:30:00+05:30,2686.89990234375,2688.699951171875,2686.5,2686.699951171875,4613.0,yahoo
TRENT,5m,2026-09-25T11:35:00+05:30,2686.60009765625,2686.800048828125,2684.39990234375,2685.199951171875,7283.0,yahoo
TRENT,5m,2026-09-25T11:40:00+05:30,2685.5,2686.5,2684.39990234375,2686.10009765625,6414.0,yahoo
TRENT,5m,2026-09-25T11:45:00+05:30,2685.5,2686.199951171875,2671.0,2671.5,19235.0,yahoo
TRENT,5m,2026-09-25T11:50:00+05:30,2671.5,2676.60009765625,2670.5,2676.60009765625,11217.0,yahoo
TRENT,5m,2026-09-25T11:55:00+05:30,2676.10009765625,2677.800048828125,2676.10009765625,2676.60009765625,5765.0,yahoo
TRENT,5m,2026-09-25T12:00:00+05:30,2676.0,2680.199951171875,2676.0,2678.60009765625,7982.0,yahoo
TRENT,5m,2026-09-25T12:05:00+05:30,2678.60009765625,2679.800048828125,2676.800048828125,2676.89990234375,5609.0,yahoo
TRENT,5m,2026-09-25T12:10:00+05:30,2676.89990234375,2680.199951171875,2673.39990234375,2673.60009765625,8832.0,yahoo
TRENT,5m,2026-09-25T12:15:00+05:30,2674.0,2675.800048828125,2671.0,2672.0,8947.0,yahoo
TRENT,5m,2026-09-25T12:20:00+05:30,2672.0,2673.699951171875,2671.39990234375,2672.800048828125,5143.0,yahoo
TRENT,5m,2026-09-25T12:25:00+05:30,2673.699951171875,2677.0,2672.300048828125,2676.0,8991.0,yahoo
TRENT,5m,2026-09-25T12:30:00+05:30,2675.5,2675.5,2672.10009765625,2672.5,4263.0,yahoo
TRENT,5m,2026-09-25T12:35:00+05:30,2672.89990234375,2674.10009765625,2671.0,2672.5,4097.0,yahoo
TRENT,5m,2026-09-25T12:40:00+05:30,2672.60009765625,2672.800048828125,2670.10009765625,2671.300048828125,6436.0,yahoo
TRENT,5m,2026-09-25T12:45:00+05:30,2671.5,2671.5,2663.199951171875,2663.199951171875,8614.0,yahoo
TRENT,5m,2026-09-25T12:50:00+05:30,2663.199951171875,2664.39990234375,2662.300048828125,2662.300048828125,4408.0,yahoo
TRENT,5m,2026-09-25T12:55:00+05:30,2662.300048828125,2663.89990234375,2660.10009765625,2663.300048828125,10102.0,yahoo
TRENT,5m,2026-09-25T13:00:00+05:30,2662.5,2664.10009765625,2660.699951171875,2661.39990234375,5690.0,yahoo
TRENT,5m,2026-09-25T13:05:00+05:30,2661.39990234375,2662.60009765625,2660.10009765625,2661.0,2197.0,yahoo
TRENT,5m,2026-09-25T13:10:00+05:30,2661.39990234375,2663.800048828125,2659.0,2659.39990234375,6796.0,yahoo
TRENT,5m,2026-09-25T13:15:00+05:30,2659.10009765625,2663.0,2657.800048828125,2660.5,8898.0,yahoo
TRENT,5m,2026-09-25T13:20:00+05:30,2661.199951171875,2663.60009765625,2659.0,2659.300048828125,3105.0,yahoo
TRENT,5m,2026-09-25T13:25:00+05:30,2659.300048828125,2662.300048828125,2658.5,2659.800048828125,4884.0,yahoo
TRENT,5m,2026-09-25T13:30:00+05:30,2659.800048828125,2659.800048828125,2646.0,2651.0,38541.0,yahoo
TRENT,5m,2026-09-25T13:35:00+05:30,2651.0,2655.39990234375,2650.0,2651.39990234375,24104.0,yahoo
TRENT,5m,2026-09-25T13:40:00+05:30,2652.60009765625,2653.800048828125,2646.60009765625,2648.300048828125,13943.0,yahoo
TRENT,5m,2026-09-25T13:45:00+05:30,2648.5,2655.10009765625,2648.5,2651.60009765625,20389.0,yahoo
TRENT,5m,2026-09-25T13:50:00+05:30,2651.699951171875,2653.10009765625,2649.60009765625,2650.800048828125,13690.0,yahoo
TRENT,5m,2026-09-25T13:55:00+05:30,2650.800048828125,2657.0,2650.300048828125,2655.39990234375,25431.0,yahoo
TRENT,5m,2026-09-25T14:00:00+05:30,2655.39990234375,2682.199951171875,2655.39990234375,2682.199951171875,42386.0,yahoo
TRENT,5m,2026-09-25T14:05:00+05:30,2682.0,2689.0,2675.699951171875,2678.10009765625,37834.0,yahoo
TRENT,5m,2026-09-25T14:10:00+05:30,2678.0,2685.199951171875,2677.39990234375,2680.0,20298.0,yahoo
TRENT,5m,2026-09-25T14:15:00+05:30,2680.0,2683.60009765625,2677.5,2680.300048828125,26438.0,yahoo
TRENT,5m,2026-09-25T14:20:00+05:30,2680.300048828125,2683.89990234375,2677.5,2677.5,10902.0,yahoo
TRENT,5m,2026-09-25T14:25:00+05:30,2678.10009765625,2680.800048828125,2678.10009765625,2680.300048828125,9990.0,yahoo
TRENT,5m,2026-09-25T14:30:00+05:30,2680.0,2682.0,2677.5,2679.0,16804.0,yahoo
TRENT,5m,2026-09-25T14:35:00+05:30,2678.699951171875,2680.60009765625,2674.89990234375,2675.300048828125,22589.0,yahoo
TRENT,5m,2026-09-25T14:40:00+05:30,2674.800048828125,2675.800048828125,2668.5,2669.199951171875,22171.0,yahoo
TRENT,5m,2026-09-25T14:45:00+05:30,2668.699951171875,2673.60009765625,2667.300048828125,2668.10009765625,20620.0,yahoo
TRENT,5m,2026-09-25T14:50:00+05:30,2667.60009765625,2669.89990234375,2663.800048828125,2666.10009765625,38222.0,yahoo
TRENT,5m,2026-09-25T14:55:00+05:30,2667.5,2668.5,2662.800048828125,2663.199951171875,27997.0,yahoo
TRENT,5m,2026-09-25T15:00:00+05:30,2663.10009765625,2665.0,2661.0,2662.60009765625,33026.0,yahoo
TRENT,5m,2026-09-25T15:05:00+05:30,2663.300048828125,2667.89990234375,2663.300048828125,2666.0,41136.0,yahoo
TRENT,5m,2026-09-25T15:10:00+05:30,2666.0,2672.5,2664.300048828125,2669.300048828125,59787.0,yahoo
ULTRACEMCO,5m,2026-09-25T09:15:00+05:30,11068.0,11125.0,11056.0,11092.0,0.0,yahoo
ULTRACEMCO,5m,2026-09-25T09:20:00+05:30,11085.0,11101.0,11070.0,11093.0,2487.0,yahoo
ULTRACEMCO,5m,2026-09-25T09:25:00+05:30,11089.0,11091.0,11073.0,11080.0,1720.0,yahoo
ULTRACEMCO,5m,2026-09-25T09:30:00+05:30,11085.0,11091.0,11069.0,11090.0,1337.0,yahoo
ULTRACEMCO,5m,2026-09-25T09:35:00+05:30,11088.0,11091.0,11047.0,11060.0,3093.0,yahoo
ULTRACEMCO,5m,2026-09-25T09:40:00+05:30,11060.0,11060.0,11043.0,11043.0,1337.0,yahoo
ULTRACEMCO,5m,2026-09-25T09:45:00+05:30,11045.0,11080.0,11045.0,11068.0,879.0,yahoo
ULTRACEMCO,5m,2026-09-25T09:50:00+05:30,11067.0,11078.0,11065.0,11074.0,598.0,yahoo
ULTRACEMCO,5m,2026-09-25T09:55:00+05:30,11074.0,11087.0,11070.0,11077.0,911.0,yahoo
ULTRACEMCO,5m,2026-09-25T10:00:00+05:30,11084.0,11117.0,11080.0,11093.0,1464.0,yahoo
ULTRACEMCO,5m,2026-09-25T10:05:00+05:30,11096.0,11129.0,11094.0,11122.0,3375.0,yahoo
ULTRACEMCO,5m,2026-09-25T10:10:00+05:30,11120.0,11161.0,11116.0,11161.0,5680.0,yahoo
ULTRACEMCO,5m,2026-09-25T10:15:00+05:30,11167.0,11184.0,11141.0,11143.0,2926.0,yahoo
ULTRACEMCO,5m,2026-09-25T10:20:00+05:30,11142.0,11160.0,11130.0,11130.0,4106.0,yahoo
ULTRACEMCO,5m,2026-09-25T10:25:00+05:30,11125.0,11132.0,11107.0,11108.0,5071.0,yahoo
ULTRACEMCO,5m,2026-09-25T10:30:00+05:30,11107.0,11121.0,11101.0,11108.0,1829.0,yahoo
ULTRACEMCO,5m,2026-09-25T10:35:00+05:30,11100.0,11106.0,11093.0,11093.0,2409.0,yahoo
ULTRACEMCO,5m,2026-09-25T10:40:00+05:30,11093.0,11100.0,11085.0,11094.0,2228.0,yahoo
ULTRACEMCO,5m,2026-09-25T10:45:00+05:30,11095.0,11099.0,11084.0,11091.0,2030.0,yahoo
ULTRACEMCO,5m,2026-09-25T10:50:00+05:30,11091.0,11103.0,11088.0,11101.0,1791.0,yahoo
ULTRACEMCO,5m,2026-09-25T10:55:00+05:30,11101.0,11118.0,11099.0,11106.0,2102.0,yahoo
ULTRACEMCO,5m,2026-09-25T11:00:00+05:30,11103.0,11127.0,11100.0,11122.0,4707.0,yahoo
ULTRACEMCO,5m,2026-09-25T11:05:00+05:30,11122.0,11138.0,11120.0,11129.0,2134.0,yahoo
ULTRACEMCO,5m,2026-09-25T11:10:00+05:30,11127.0,11132.0,11111.0,11115.0,2113.0,yahoo
ULTRACEMCO,5m,2026-09-25T11:15:00+05:30,11115.0,11121.0,11109.0,11109.0,1381.0,yahoo
ULTRACEMCO,5m,2026-09-25T11:20:00+05:30,11111.0,11117.0,11099.0,11099.0,1407.0,yahoo
ULTRACEMCO,5m,2026-09-25T11:25:00+05:30,11103.0,11104.0,11090.0,11094.0,1457.0,yahoo
ULTRACEMCO,5m,2026-09-25T11:30:00+05:30,11095.0,11099.0,11086.0,11091.0,1842.0,yahoo
ULTRACEMCO,5m,2026-09-25T11:35:00+05:30,11090.0,11098.0,11087.0,11094.0,1420.0,yahoo
ULTRACEMCO,5m,2026-09-25T11:40:00+05:30,11094.0,11099.0,11082.0,11084.0,1520.0,yahoo
ULTRACEMCO,5m,2026-09-25T11:45:00+05:30,11083.0,11092.0,11072.0,11072.0,2172.0,yahoo
ULTRACEMCO,5m,2026-09-25T11:50:00+05:30,11073.0,11083.0,11068.0,11078.0,1985.0,yahoo
ULTRACEMCO,5m,2026-09-25T11:55:00+05:30,11080.0,11080.0,11051.0,11052.0,1864.0,yahoo
ULTRACEMCO,5m,2026-09-25T12:00:00+05:30,11051.0,11060.0,11035.0,11036.0,4084.0,yahoo
ULTRACEMCO,5m,2026-09-25T12:05:00+05:30,11036.0,11047.0,11029.0,11030.0,2567.0,yahoo
ULTRACEMCO,5m,2026-09-25T12:10:00+05:30,11030.0,11036.0,11028.0,11036.0,1372.0,yahoo
ULTRACEMCO,5m,2026-09-25T12:15:00+05:30,11036.0,11044.0,11030.0,11044.0,1496.0,yahoo
ULTRACEMCO,5m,2026-09-25T12:20:00+05:30,11042.0,11058.0,11031.0,11054.0,4548.0,yahoo
ULTRACEMCO,5m,2026-09-25T12:25:00+05:30,11050.0,11056.0,11038.0,11050.0,1694.0,yahoo
ULTRACEMCO,5m,2026-09-25T12:30:00+05:30,11050.0,11083.0,11050.0,11073.0,2171.0,yahoo
ULTRACEMCO,5m,2026-09-25T12:35:00+05:30,11075.0,11082.0,11069.0,11077.0,1809.0,yahoo
ULTRACEMCO,5m,2026-09-25T12:40:00+05:30,11075.0,11077.0,11063.0,11069.0,1468.0,yahoo
ULTRACEMCO,5m,2026-09-25T12:45:00+05:30,11068.0,11069.0,11053.0,11063.0,1540.0,yahoo
ULTRACEMCO,5m,2026-09-25T12:50:00+05:30,11061.0,11068.0,11058.0,11066.0,1046.0,yahoo
ULTRACEMCO,5m,2026-09-25T12:55:00+05:30,11066.0,11069.0,11048.0,11058.0,1436.0,yahoo
ULTRACEMCO,5m,2026-09-25T13:00:00+05:30,11058.0,11073.0,11058.0,11062.0,1605.0,yahoo
ULTRACEMCO,5m,2026-09-25T13:05:00+05:30,11062.0,11063.0,11055.0,11057.0,911.0,yahoo
ULTRACEMCO,5m,2026-09-25T13:10:00+05:30,11056.0,11072.0,11055.0,11060.0,1078.0,yahoo
ULTRACEMCO,5m,2026-09-25T13:15:00+05:30,11058.0,11067.0,11058.0,11063.0,1141.0,yahoo
ULTRACEMCO,5m,2026-09-25T13:20:00+05:30,11063.0,11067.0,11056.0,11065.0,1520.0,yahoo
ULTRACEMCO,5m,2026-09-25T13:25:00+05:30,11065.0,11067.0,11054.0,11065.0,1297.0,yahoo
ULTRACEMCO,5m,2026-09-25T13:30:00+05:30,11062.0,11063.0,11036.0,11046.0,7619.0,yahoo
ULTRACEMCO,5m,2026-09-25T13:35:00+05:30,11046.0,11053.0,11032.0,11049.0,5044.0,yahoo
ULTRACEMCO,5m,2026-09-25T13:40:00+05:30,11049.0,11057.0,11047.0,11055.0,1030.0,yahoo
ULTRACEMCO,5m,2026-09-25T13:45:00+05:30,11053.0,11083.0,11053.0,11071.0,4781.0,yahoo
ULTRACEMCO,5m,2026-09-25T13:50:00+05:30,11071.0,11084.0,11070.0,11076.0,1057.0,yahoo
ULTRACEMCO,5m,2026-09-25T13:55:00+05:30,11075.0,11097.0,11075.0,11094.0,1325.0,yahoo
ULTRACEMCO,5m,2026-09-25T14:00:00+05:30,11098.0,11169.0,11093.0,11169.0,4013.0,yahoo
ULTRACEMCO,5m,2026-09-25T14:05:00+05:30,11164.0,11182.0,11145.0,11146.0,4001.0,yahoo
ULTRACEMCO,5m,2026-09-25T14:10:00+05:30,11146.0,11157.0,11139.0,11144.0,1652.0,yahoo
ULTRACEMCO,5m,2026-09-25T14:15:00+05:30,11142.0,11157.0,11116.0,11147.0,5026.0,yahoo
ULTRACEMCO,5m,2026-09-25T14:20:00+05:30,11140.0,11145.0,11123.0,11127.0,1434.0,yahoo
ULTRACEMCO,5m,2026-09-25T14:25:00+05:30,11132.0,11140.0,11127.0,11129.0,866.0,yahoo
ULTRACEMCO,5m,2026-09-25T14:30:00+05:30,11132.0,11138.0,11128.0,11129.0,910.0,yahoo
ULTRACEMCO,5m,2026-09-25T14:35:00+05:30,11129.0,11134.0,11126.0,11131.0,1237.0,yahoo
ULTRACEMCO,5m,2026-09-25T14:40:00+05:30,11131.0,11136.0,11122.0,11129.0,1844.0,yahoo
ULTRACEMCO,5m,2026-09-25T14:45:00+05:30,11134.0,11156.0,11131.0,11147.0,5717.0,yahoo
ULTRACEMCO,5m,2026-09-25T14:50:00+05:30,11147.0,11149.0,11137.0,11142.0,4992.0,yahoo
ULTRACEMCO,5m,2026-09-25T14:55:00+05:30,11147.0,11153.0,11140.0,11153.0,5769.0,yahoo
ULTRACEMCO,5m,2026-09-25T15:00:00+05:30,11135.0,11155.0,11135.0,11153.0,7150.0,yahoo
ULTRACEMCO,5m,2026-09-25T15:05:00+05:30,11151.0,11170.0,11151.0,11155.0,6788.0,yahoo
ULTRACEMCO,5m,2026-09-25T15:10:00+05:30,11155.0,11159.0,11141.0,11155.0,10048.0,yahoo
UNITDSPR,5m,2026-09-25T09:15:00+05:30,1421.0,1437.5999755859375,1421.0,1429.199951171875,0.0,yahoo
UNITDSPR,5m,2026-09-25T09:20:00+05:30,1427.5999755859375,1428.300048828125,1423.5,1424.0,4264.0,yahoo
UNITDSPR,5m,2026-09-25T09:25:00+05:30,1423.300048828125,1426.4000244140625,1421.300048828125,1424.0999755859375,4807.0,yahoo
UNITDSPR,5m,2026-09-25T09:30:00+05:30,1424.699951171875,1429.300048828125,1424.0999755859375,1427.0999755859375,2797.0,yahoo
UNITDSPR,5m,2026-09-25T09:35:00+05:30,1427.0999755859375,1430.0,1425.199951171875,1427.5,2995.0,yahoo
UNITDSPR,5m,2026-09-25T09:40:00+05:30,1426.199951171875,1427.5,1425.699951171875,1427.199951171875,2273.0,yahoo
UNITDSPR,5m,2026-09-25T09:45:00+05:30,1427.5,1429.699951171875,1427.199951171875,1428.0,1593.0,yahoo
UNITDSPR,5m,2026-09-25T09:50:00+05:30,1428.0,1428.0,1425.5999755859375,1426.199951171875,1994.0,yahoo
UNITDSPR,5m,2026-09-25T09:55:00+05:30,1426.199951171875,1426.300048828125,1425.5,1426.300048828125,945.0,yahoo
UNITDSPR,5m,2026-09-25T10:00:00+05:30,1426.300048828125,1427.0,1424.699951171875,1425.800048828125,2542.0,yahoo
UNITDSPR,5m,2026-09-25T10:05:00+05:30,1426.5999755859375,1426.5999755859375,1425.0,1426.199951171875,1296.0,yahoo
UNITDSPR,5m,2026-09-25T10:10:00+05:30,1426.300048828125,1426.300048828125,1424.300048828125,1425.0,1916.0,yahoo
UNITDSPR,5m,2026-09-25T10:15:00+05:30,1424.0999755859375,1426.0,1424.0999755859375,1425.699951171875,1910.0,yahoo
UNITDSPR,5m,2026-09-25T10:20:00+05:30,1424.5999755859375,1426.199951171875,1424.300048828125,1426.0,806.0,yahoo
UNITDSPR,5m,2026-09-25T10:25:00+05:30,1425.699951171875,1426.199951171875,1424.199951171875,1424.9000244140625,1101.0,yahoo
UNITDSPR,5m,2026-09-25T10:30:00+05:30,1425.0,1425.0,1423.0,1423.5999755859375,473.0,yahoo
UNITDSPR,5m,2026-09-25T10:35:00+05:30,1423.5999755859375,1425.300048828125,1422.699951171875,1425.0,794.0,yahoo
UNITDSPR,5m,2026-09-25T10:40:00+05:30,1424.199951171875,1425.0,1423.4000244140625,1424.0999755859375,351.0,yahoo
UNITDSPR,5m,2026-09-25T10:45:00+05:30,1424.0,1424.0,1421.5,1422.0,450.0,yahoo
UNITDSPR,5m,2026-09-25T10:50:00+05:30,1422.0,1423.5999755859375,1422.0,1423.5999755859375,1426.0,yahoo
UNITDSPR,5m,2026-09-25T10:55:00+05:30,1423.5,1423.800048828125,1422.800048828125,1423.0,1137.0,yahoo
UNITDSPR,5m,2026-09-25T11:00:00+05:30,1423.0,1425.4000244140625,1423.0,1425.0999755859375,2013.0,yahoo
UNITDSPR,5m,2026-09-25T11:05:00+05:30,1425.0999755859375,1428.0999755859375,1424.9000244140625,1426.0999755859375,3715.0,yahoo
UNITDSPR,5m,2026-09-25T11:10:00+05:30,1425.9000244140625,1425.9000244140625,1423.800048828125,1424.699951171875,775.0,yahoo
UNITDSPR,5m,2026-09-25T11:15:00+05:30,1424.699951171875,1424.699951171875,1422.300048828125,1424.0,9336.0,yahoo
UNITDSPR,5m,2026-09-25T11:20:00+05:30,1424.0,1429.300048828125,1422.800048828125,1427.5999755859375,4677.0,yahoo
UNITDSPR,5m,2026-09-25T11:25:00+05:30,1426.9000244140625,1429.0999755859375,1426.800048828125,1428.4000244140625,994.0,yahoo
UNITDSPR,5m,2026-09-25T11:30:00+05:30,1428.4000244140625,1428.4000244140625,1427.5999755859375,1427.9000244140625,396.0,yahoo
UNITDSPR,5m,2026-09-25T11:35:00+05:30,1427.5,1431.300048828125,1427.5,1431.300048828125,18854.0,yahoo
UNITDSPR,5m,2026-09-25T11:40:00+05:30,1431.300048828125,1431.300048828125,1429.0999755859375,1430.0,912.0,yahoo
UNITDSPR,5m,2026-09-25T11:45:00+05:30,1430.0,1430.5999755859375,1428.800048828125,1430.0,7270.0,yahoo
UNITDSPR,5m,2026-09-25T11:50:00+05:30,1430.0,1430.800048828125,1428.699951171875,1429.0,35584.0,yahoo
UNITDSPR,5m,2026-09-25T11:55:00+05:30,1430.0,1430.300048828125,1428.199951171875,1429.300048828125,13543.0,yahoo
UNITDSPR,5m,2026-09-25T12:00:00+05:30,1429.300048828125,1429.300048828125,1425.0999755859375,1426.4000244140625,4912.0,yahoo
UNITDSPR,5m,2026-09-25T12:05:00+05:30,1426.5,1426.5999755859375,1424.5999755859375,1425.9000244140625,3471.0,yahoo
UNITDSPR,5m,2026-09-25T12:10:00+05:30,1426.0,1426.4000244140625,1424.5,1425.4000244140625,5661.0,yahoo
UNITDSPR,5m,2026-09-25T12:15:00+05:30,1425.4000244140625,1427.699951171875,1423.9000244140625,1427.5,5835.0,yahoo
UNITDSPR,5m,2026-09-25T12:20:00+05:30,1427.4000244140625,1427.699951171875,1424.199951171875,1426.199951171875,4685.0,yahoo
UNITDSPR,5m,2026-09-25T12:25:00+05:30,1426.4000244140625,1426.800048828125,1425.0999755859375,1426.5999755859375,3436.0,yahoo
UNITDSPR,5m,2026-09-25T12:30:00+05:30,1426.5999755859375,1427.5,1424.9000244140625,1425.699951171875,5507.0,yahoo
UNITDSPR,5m,2026-09-25T12:35:00+05:30,1425.699951171875,1426.5999755859375,1425.4000244140625,1426.4000244140625,3196.0,yahoo
UNITDSPR,5m,2026-09-25T12:40:00+05:30,1426.5999755859375,1426.5999755859375,1424.800048828125,1426.0999755859375,4913.0,yahoo
UNITDSPR,5m,2026-09-25T12:45:00+05:30,1425.4000244140625,1426.0,1423.800048828125,1424.300048828125,3461.0,yahoo
UNITDSPR,5m,2026-09-25T12:50:00+05:30,1424.5,1424.699951171875,1422.699951171875,1424.199951171875,4575.0,yahoo
UNITDSPR,5m,2026-09-25T12:55:00+05:30,1424.199951171875,1424.5,1422.5999755859375,1424.5,4655.0,yahoo
UNITDSPR,5m,2026-09-25T13:00:00+05:30,1424.4000244140625,1424.9000244140625,1423.0999755859375,1424.300048828125,3740.0,yahoo
UNITDSPR,5m,2026-09-25T13:05:00+05:30,1424.300048828125,1424.800048828125,1423.300048828125,1424.800048828125,3475.0,yahoo
UNITDSPR,5m,2026-09-25T13:10:00+05:30,1425.0,1425.0,1421.199951171875,1421.199951171875,5180.0,yahoo
UNITDSPR,5m,2026-09-25T13:15:00+05:30,1421.9000244140625,1422.199951171875,1421.0999755859375,1421.9000244140625,3759.0,yahoo
UNITDSPR,5m,2026-09-25T13:20:00+05:30,1421.9000244140625,1422.199951171875,1421.199951171875,1421.9000244140625,3326.0,yahoo
UNITDSPR,5m,2026-09-25T13:25:00+05:30,1421.9000244140625,1422.199951171875,1420.5999755859375,1422.0,4156.0,yahoo
UNITDSPR,5m,2026-09-25T13:30:00+05:30,1422.0,1422.0,1420.5999755859375,1421.800048828125,5238.0,yahoo
UNITDSPR,5m,2026-09-25T13:35:00+05:30,1421.699951171875,1422.800048828125,1421.300048828125,1422.800048828125,4784.0,yahoo
UNITDSPR,5m,2026-09-25T13:40:00+05:30,1422.800048828125,1423.699951171875,1421.699951171875,1423.0999755859375,4447.0,yahoo
UNITDSPR,5m,2026-09-25T13:45:00+05:30,1423.0,1423.5999755859375,1421.9000244140625,1423.4000244140625,4740.0,yahoo
UNITDSPR,5m,2026-09-25T13:50:00+05:30,1423.4000244140625,1424.0,1422.5,1424.0,3901.0,yahoo
UNITDSPR,5m,2026-09-25T13:55:00+05:30,1424.0,1424.5,1422.9000244140625,1424.4000244140625,4191.0,yahoo
UNITDSPR,5m,2026-09-25T14:00:00+05:30,1424.4000244140625,1429.199951171875,1424.4000244140625,1428.5,9737.0,yahoo
UNITDSPR,5m,2026-09-25T14:05:00+05:30,1428.5,1429.0999755859375,1426.699951171875,1427.5999755859375,5070.0,yahoo
UNITDSPR,5m,2026-09-25T14:10:00+05:30,1427.5999755859375,1428.800048828125,1426.4000244140625,1428.800048828125,6218.0,yahoo
UNITDSPR,5m,2026-09-25T14:15:00+05:30,1428.800048828125,1430.199951171875,1428.0999755859375,1428.699951171875,3131.0,yahoo
UNITDSPR,5m,2026-09-25T14:20:00+05:30,1428.699951171875,1429.0999755859375,1426.800048828125,1427.800048828125,5142.0,yahoo
UNITDSPR,5m,2026-09-25T14:25:00+05:30,1427.800048828125,1428.4000244140625,1426.5,1426.5999755859375,3420.0,yahoo
UNITDSPR,5m,2026-09-25T14:30:00+05:30,1426.5999755859375,1428.199951171875,1426.300048828125,1428.0,3513.0,yahoo
UNITDSPR,5m,2026-09-25T14:35:00+05:30,1427.5,1429.199951171875,1427.199951171875,1428.9000244140625,3905.0,yahoo
UNITDSPR,5m,2026-09-25T14:40:00+05:30,1428.9000244140625,1428.9000244140625,1427.199951171875,1427.4000244140625,4109.0,yahoo
UNITDSPR,5m,2026-09-25T14:45:00+05:30,1427.5,1428.199951171875,1426.5999755859375,1427.4000244140625,5120.0,yahoo
UNITDSPR,5m,2026-09-25T14:50:00+05:30,1426.300048828125,1427.0,1425.5999755859375,1426.4000244140625,10480.0,yahoo
UNITDSPR,5m,2026-09-25T14:55:00+05:30,1426.4000244140625,1426.9000244140625,1425.0,1426.4000244140625,10643.0,yahoo
UNITDSPR,5m,2026-09-25T15:00:00+05:30,1425.800048828125,1426.4000244140625,1425.0,1425.5999755859375,8326.0,yahoo
UNITDSPR,5m,2026-09-25T15:05:00+05:30,1425.9000244140625,1427.300048828125,1425.199951171875,1426.699951171875,13226.0,yahoo
UNITDSPR,5m,2026-09-25T15:10:00+05:30,1424.5999755859375,1427.0,1420.0,1423.800048828125,22968.0,yahoo
VEDL,5m,2026-09-25T09:15:00+05:30,266.0,266.5,264.3500061035156,265.29998779296875,0.0,yahoo
VEDL,5m,2026-09-25T09:20:00+05:30,265.3999938964844,265.79998779296875,265.0,265.54998779296875,138005.0,yahoo
VEDL,5m,2026-09-25T09:25:00+05:30,265.5,266.0,265.29998779296875,266.0,87002.0,yahoo
VEDL,5m,2026-09-25T09:30:00+05:30,266.0,267.1499938964844,265.8999938964844,266.95001220703125,126748.0,yahoo
VEDL,5m,2026-09-25T09:35:00+05:30,266.95001220703125,267.04998779296875,266.6000061035156,266.70001220703125,96276.0,yahoo
VEDL,5m,2026-09-25T09:40:00+05:30,266.6499938964844,266.6499938964844,266.0,266.0,48182.0,yahoo
VEDL,5m,2026-09-25T09:45:00+05:30,266.0,266.04998779296875,265.29998779296875,265.3999938964844,65277.0,yahoo
VEDL,5m,2026-09-25T09:50:00+05:30,265.29998779296875,265.6499938964844,265.29998779296875,265.45001220703125,36211.0,yahoo
VEDL,5m,2026-09-25T09:55:00+05:30,265.3500061035156,265.95001220703125,265.3500061035156,265.8500061035156,55046.0,yahoo
VEDL,5m,2026-09-25T10:00:00+05:30,265.95001220703125,266.25,265.8999938964844,266.20001220703125,86043.0,yahoo
VEDL,5m,2026-09-25T10:05:00+05:30,266.29998779296875,266.29998779296875,266.0,266.04998779296875,27463.0,yahoo
VEDL,5m,2026-09-25T10:10:00+05:30,266.04998779296875,266.95001220703125,266.04998779296875,266.6499938964844,87155.0,yahoo
VEDL,5m,2026-09-25T10:15:00+05:30,266.6499938964844,267.0,266.6499938964844,266.75,87862.0,yahoo
VEDL,5m,2026-09-25T10:20:00+05:30,266.8999938964844,267.1000061035156,266.6000061035156,266.8500061035156,115668.0,yahoo
VEDL,5m,2026-09-25T10:25:00+05:30,266.8999938964844,267.04998779296875,266.5,266.6499938964844,40883.0,yahoo
VEDL,5m,2026-09-25T10:30:00+05:30,266.6499938964844,266.6499938964844,266.1499938964844,266.20001220703125,27528.0,yahoo
VEDL,5m,2026-09-25T10:35:00+05:30,266.20001220703125,266.20001220703125,266.04998779296875,266.20001220703125,12332.0,yahoo
VEDL,5m,2026-09-25T10:40:00+05:30,266.1499938964844,266.29998779296875,265.8999938964844,265.95001220703125,55595.0,yahoo
VEDL,5m,2026-09-25T10:45:00+05:30,266.0,266.04998779296875,265.5,265.5,30660.0,yahoo
VEDL,5m,2026-09-25T10:50:00+05:30,265.5,265.8500061035156,265.5,265.8500061035156,20900.0,yahoo
VEDL,5m,2026-09-25T10:55:00+05:30,265.79998779296875,266.04998779296875,265.70001220703125,265.8999938964844,65431.0,yahoo
VEDL,5m,2026-09-25T11:00:00+05:30,265.8999938964844,266.70001220703125,265.8999938964844,266.5,108837.0,yahoo
VEDL,5m,2026-09-25T11:05:00+05:30,266.5,266.70001220703125,266.29998779296875,266.6000061035156,44570.0,yahoo
VEDL,5m,2026-09-25T11:10:00+05:30,266.6000061035156,266.6499938964844,266.45001220703125,266.5,23556.0,yahoo
VEDL,5m,2026-09-25T11:15:00+05:30,266.45001220703125,266.70001220703125,266.45001220703125,266.54998779296875,31724.0,yahoo
VEDL,5m,2026-09-25T11:20:00+05:30,266.6000061035156,266.6000061035156,266.29998779296875,266.3500061035156,16217.0,yahoo
VEDL,5m,2026-09-25T11:25:00+05:30,266.29998779296875,266.3999938964844,266.20001220703125,266.29998779296875,13167.0,yahoo
VEDL,5m,2026-09-25T11:30:00+05:30,266.29998779296875,266.3500061035156,266.1499938964844,266.1499938964844,13699.0,yahoo
VEDL,5m,2026-09-25T11:35:00+05:30,266.1000061035156,266.20001220703125,265.8500061035156,266.04998779296875,25814.0,yahoo
VEDL,5m,2026-09-25T11:40:00+05:30,266.0,266.1000061035156,265.8500061035156,265.95001220703125,11954.0,yahoo
VEDL,5m,2026-09-25T11:45:00+05:30,265.8500061035156,266.0,265.75,265.8999938964844,32226.0,yahoo
VEDL,5m,2026-09-25T11:50:00+05:30,265.8999938964844,266.1499938964844,265.8999938964844,265.8999938964844,12120.0,yahoo
VEDL,5m,2026-09-25T11:55:00+05:30,265.8999938964844,266.0,265.75,265.79998779296875,23116.0,yahoo
VEDL,5m,2026-09-25T12:00:00+05:30,265.75,265.95001220703125,265.6000061035156,265.70001220703125,27797.0,yahoo
VEDL,5m,2026-09-25T12:05:00+05:30,265.6000061035156,265.79998779296875,265.6000061035156,265.75,10210.0,yahoo
VEDL,5m,2026-09-25T12:10:00+05:30,265.75,265.8500061035156,265.70001220703125,265.70001220703125,23428.0,yahoo
VEDL,5m,2026-09-25T12:15:00+05:30,265.6499938964844,265.79998779296875,265.6499938964844,265.70001220703125,22767.0,yahoo
VEDL,5m,2026-09-25T12:20:00+05:30,265.70001220703125,265.70001220703125,265.5,265.70001220703125,39484.0,yahoo
VEDL,5m,2026-09-25T12:25:00+05:30,265.54998779296875,265.6499938964844,265.54998779296875,265.6000061035156,7900.0,yahoo
VEDL,5m,2026-09-25T12:30:00+05:30,265.54998779296875,265.75,265.54998779296875,265.70001220703125,24884.0,yahoo
VEDL,5m,2026-09-25T12:35:00+05:30,265.6499938964844,265.75,265.5,265.5,25845.0,yahoo
VEDL,5m,2026-09-25T12:40:00+05:30,265.5,265.70001220703125,265.3999938964844,265.45001220703125,24358.0,yahoo
VEDL,5m,2026-09-25T12:45:00+05:30,265.3999938964844,265.5,265.25,265.29998779296875,36903.0,yahoo
VEDL,5m,2026-09-25T12:50:00+05:30,265.29998779296875,265.3500061035156,265.20001220703125,265.29998779296875,17581.0,yahoo
VEDL,5m,2026-09-25T12:55:00+05:30,265.20001220703125,265.29998779296875,265.0,265.25,19114.0,yahoo
VEDL,5m,2026-09-25T13:00:00+05:30,265.20001220703125,265.45001220703125,265.20001220703125,265.3500061035156,16696.0,yahoo
VEDL,5m,2026-09-25T13:05:00+05:30,265.29998779296875,265.3500061035156,265.1000061035156,265.1000061035156,9604.0,yahoo
VEDL,5m,2026-09-25T13:10:00+05:30,265.1499938964844,265.3500061035156,265.1000061035156,265.20001220703125,15793.0,yahoo
VEDL,5m,2026-09-25T13:15:00+05:30,265.20001220703125,265.25,265.04998779296875,265.04998779296875,8397.0,yahoo
VEDL,5m,2026-09-25T13:20:00+05:30,265.04998779296875,265.29998779296875,265.0,265.25,32417.0,yahoo
VEDL,5m,2026-09-25T13:25:00+05:30,265.20001220703125,265.25,264.79998779296875,265.1000061035156,91643.0,yahoo
VEDL,5m,2026-09-25T13:30:00+05:30,265.1000061035156,265.25,265.04998779296875,265.1000061035156,16302.0,yahoo
VEDL,5m,2026-09-25T13:35:00+05:30,265.04998779296875,265.1000061035156,264.8999938964844,265.04998779296875,13746.0,yahoo
VEDL,5m,2026-09-25T13:40:00+05:30,265.0,265.20001220703125,264.95001220703125,265.1499938964844,16076.0,yahoo
VEDL,5m,2026-09-25T13:45:00+05:30,265.1000061035156,265.25,265.0,265.04998779296875,21964.0,yahoo
VEDL,5m,2026-09-25T13:50:00+05:30,265.04998779296875,265.25,265.04998779296875,265.1499938964844,38272.0,yahoo
VEDL,5m,2026-09-25T13:55:00+05:30,265.1000061035156,265.3500061035156,265.1000061035156,265.29998779296875,15561.0,yahoo
VEDL,5m,2026-09-25T14:00:00+05:30,265.25,266.1000061035156,265.25,266.04998779296875,81550.0,yahoo
VEDL,5m,2026-09-25T14:05:00+05:30,266.0,266.1499938964844,265.95001220703125,266.1499938964844,52855.0,yahoo
VEDL,5m,2026-09-25T14:10:00+05:30,266.1499938964844,266.1499938964844,265.95001220703125,266.04998779296875,32644.0,yahoo
VEDL,5m,2026-09-25T14:15:00+05:30,266.04998779296875,266.3500061035156,265.95001220703125,266.25,62917.0,yahoo
VEDL,5m,2026-09-25T14:20:00+05:30,266.20001220703125,266.29998779296875,265.8999938964844,265.8999938964844,23806.0,yahoo
VEDL,5m,2026-09-25T14:25:00+05:30,265.79998779296875,266.1000061035156,265.79998779296875,266.04998779296875,30004.0,yahoo
VEDL,5m,2026-09-25T14:30:00+05:30,266.1000061035156,266.1000061035156,265.8500061035156,265.95001220703125,31037.0,yahoo
VEDL,5m,2026-09-25T14:35:00+05:30,265.95001220703125,266.20001220703125,265.79998779296875,265.8999938964844,67157.0,yahoo
VEDL,5m,2026-09-25T14:40:00+05:30,265.8999938964844,265.8999938964844,265.5,265.6499938964844,58817.0,yahoo
VEDL,5m,2026-09-25T14:45:00+05:30,265.6499938964844,265.6499938964844,265.3500061035156,265.3999938964844,41557.0,yahoo
VEDL,5m,2026-09-25T14:50:00+05:30,265.3999938964844,265.3999938964844,265.20001220703125,265.3500061035156,46229.0,yahoo
VEDL,5m,2026-09-25T14:55:00+05:30,265.29998779296875,265.3500061035156,265.04998779296875,265.1000061035156,45114.0,yahoo
VEDL,5m,2026-09-25T15:00:00+05:30,265.1000061035156,265.1000061035156,264.75,264.79998779296875,94670.0,yahoo
VEDL,5m,2026-09-25T15:05:00+05:30,264.8500061035156,264.95001220703125,264.75,264.8999938964844,117702.0,yahoo
VEDL,5m,2026-09-25T15:10:00+05:30,264.95001220703125,265.79998779296875,264.70001220703125,265.79998779296875,179119.0,yahoo
VEDL,5m,2026-09-25T15:15:00+05:30,265.79998779296875,266.3500061035156,265.79998779296875,266.3500061035156,196906.0,yahoo
