event_id,arrival_time,arrival_time_display,symbol,name,interval,category,index_membership,index_tags,signal,direction,pattern,signal_candle_time,signal_candle_time_ist,signal_candle_closed_at,signal_candle_closed_at_display,signal_open,signal_high,signal_low,signal_close,c1_type,c1_time,c1_closed_at,c1_open,c1_high,c1_low,c1_close,c1_wick_body_percent,c2_type,c2_time,c2_closed_at,c2_open,c2_high,c2_low,c2_close,c2_wick_body_percent,c3_type,c3_time,c3_closed_at,c3_open,c3_high,c3_low,c3_close,c3_wick_body_percent,c4_type,c4_time,c4_closed_at,c4_open,c4_high,c4_low,c4_close,c4_wick_body_percent,c5_type,c5_time,c5_closed_at,c5_open,c5_high,c5_low,c5_close,c5_wick_body_percent,c6_type,c6_time,c6_closed_at,c6_open,c6_high,c6_low,c6_close,c6_wick_body_percent,c7_type,c7_time,c7_closed_at,c7_open,c7_high,c7_low,c7_close,c7_wick_body_percent
UNITDSPR-5m-2026-09-28T15:10:00+05:30-RED_TO_GREEN,2026-09-28T16:38:37.016312+05:30,28-09-2026 04:38:37 PM,UNITDSPR,UNITDSPR,5m,stock,N100,NIFTY 100; NIFTY 200,3 RED → GREEN,RED_TO_GREEN,R R R G,2026-09-28T15:10:00+05:30,28-09-2026 03:10:00 PM,2026-09-28T15:15:00+05:30,28-09-2026 03:15:00 PM,1412.1,1420.0,1412.1,1415.4,RED,28-09-2026 02:40:00 PM,28-09-2026 02:45:00 PM,1417.1,1417.9,1414.7,1414.7,33.33,GREEN,28-09-2026 02:45:00 PM,28-09-2026 02:50:00 PM,1414.9,1417.8,1414.6,1417.8,10.34,GREEN,28-09-2026 02:50:00 PM,28-09-2026 02:55:00 PM,1417.1,1418.9,1417.0,1417.9,137.5,RED,28-09-2026 02:55:00 PM,28-09-2026 03:00:00 PM,1418.3,1418.7,1416.9,1417.0,38.46,RED,28-09-2026 03:00:00 PM,28-09-2026 03:05:00 PM,1415.7,1415.7,1413.0,1413.4,17.39,RED,28-09-2026 03:05:00 PM,28-09-2026 03:10:00 PM,1413.1,1413.1,1411.9,1412.0,9.09,GREEN,28-09-2026 03:10:00 PM,28-09-2026 03:15:00 PM,1412.1,1420.0,1412.1,1415.4,139.39
BIOCON-5m-2026-09-28T14:40:00+05:30-RED_TO_GREEN,2026-09-28T14:45:37.480089+05:30,28-09-2026 02:45:37 PM,BIOCON,BIOCON,5m,stock,OTHER,,3 RED → GREEN,RED_TO_GREEN,R R R G,2026-09-28T14:40:00+05:30,28-09-2026 02:40:00 PM,2026-09-28T14:45:00+05:30,28-09-2026 02:45:00 PM,375.8,375.95,375.35,375.85,DOJI,28-09-2026 02:10:00 PM,28-09-2026 02:15:00 PM,378.0,378.75,377.75,378.0,,RED,28-09-2026 02:15:00 PM,28-09-2026 02:20:00 PM,378.05,378.1,376.75,377.0,28.57,GREEN,28-09-2026 02:20:00 PM,28-09-2026 02:25:00 PM,377.0,377.55,376.85,377.25,180.0,RED,28-09-2026 02:25:00 PM,28-09-2026 02:30:00 PM,377.3,377.45,376.6,376.9,112.5,RED,28-09-2026 02:30:00 PM,28-09-2026 02:35:00 PM,376.95,377.15,376.15,376.3,53.85,RED,28-09-2026 02:35:00 PM,28-09-2026 02:40:00 PM,376.3,376.3,375.5,375.75,45.45,GREEN,28-09-2026 02:40:00 PM,28-09-2026 02:45:00 PM,375.8,375.95,375.35,375.85,1100.0
SIEMENS-5m-2026-09-28T14:40:00+05:30-RED_TO_GREEN,2026-09-28T14:45:20.771766+05:30,28-09-2026 02:45:20 PM,SIEMENS,SIEMENS,5m,stock,N100,NIFTY 100; NIFTY 200,3 RED → GREEN,RED_TO_GREEN,R R R G,2026-09-28T14:40:00+05:30,28-09-2026 02:40:00 PM,2026-09-28T14:45:00+05:30,28-09-2026 02:45:00 PM,3796.8,3801.0,3795.6,3800.0,RED,28-09-2026 02:10:00 PM,28-09-2026 02:15:00 PM,3810.3,3812.0,3802.0,3802.3,25.0,RED,28-09-2026 02:15:00 PM,28-09-2026 02:20:00 PM,3797.5,3801.6,3796.0,3797.1,1300.0,GREEN,28-09-2026 02:20:00 PM,28-09-2026 02:25:00 PM,3797.2,3804.7,3797.2,3801.7,66.67,RED,28-09-2026 02:25:00 PM,28-09-2026 02:30:00 PM,3801.7,3802.1,3798.5,3798.5,12.5,RED,28-09-2026 02:30:00 PM,28-09-2026 02:35:00 PM,3800.3,3807.7,3793.4,3793.4,107.25,RED,28-09-2026 02:35:00 PM,28-09-2026 02:40:00 PM,3802.7,3802.7,3791.3,3795.9,67.65,GREEN,28-09-2026 02:40:00 PM,28-09-2026 02:45:00 PM,3796.8,3801.0,3795.6,3800.0,68.75
ONGC-5m-2026-09-28T14:40:00+05:30-RED_TO_GREEN,2026-09-28T14:45:20.658524+05:30,28-09-2026 02:45:20 PM,ONGC,ONGC,5m,stock,N50 & N100,NIFTY 50; NIFTY 100; NIFTY 200,3 RED → GREEN,RED_TO_GREEN,R R R G,2026-09-28T14:40:00+05:30,28-09-2026 02:40:00 PM,2026-09-28T14:45:00+05:30,28-09-2026 02:45:00 PM,230.27,230.35,230.15,230.28,RED,28-09-2026 02:10:00 PM,28-09-2026 02:15:00 PM,231.88,231.89,231.74,231.8,87.5,RED,28-09-2026 02:15:00 PM,28-09-2026 02:20:00 PM,231.8,231.8,230.93,231.13,29.85,RED,28-09-2026 02:20:00 PM,28-09-2026 02:25:00 PM,231.12,231.12,230.87,231.07,400.0,RED,28-09-2026 02:25:00 PM,28-09-2026 02:30:00 PM,231.01,231.19,230.89,230.89,150.0,RED,28-09-2026 02:30:00 PM,28-09-2026 02:35:00 PM,230.95,231.05,230.58,230.58,27.03,RED,28-09-2026 02:35:00 PM,28-09-2026 02:40:00 PM,230.63,230.63,230.13,230.27,38.89,GREEN,28-09-2026 02:40:00 PM,28-09-2026 02:45:00 PM,230.27,230.35,230.15,230.28,1900.0
HCLTECH-5m-2026-09-28T14:40:00+05:30-RED_TO_GREEN,2026-09-28T14:45:20.509076+05:30,28-09-2026 02:45:20 PM,HCLTECH,HCLTECH,5m,stock,N50 & N100,NIFTY 50; NIFTY 100; NIFTY 200,3 RED → GREEN,RED_TO_GREEN,R R R G,2026-09-28T14:40:00+05:30,28-09-2026 02:40:00 PM,2026-09-28T14:45:00+05:30,28-09-2026 02:45:00 PM,1251.5,1251.9,1250.2,1251.9,RED,28-09-2026 02:10:00 PM,28-09-2026 02:15:00 PM,1263.5,1264.4,1261.0,1261.8,100.0,RED,28-09-2026 02:15:00 PM,28-09-2026 02:20:00 PM,1262.2,1262.3,1258.7,1260.0,63.64,RED,28-09-2026 02:20:00 PM,28-09-2026 02:25:00 PM,1259.8,1260.6,1257.1,1257.5,52.17,RED,28-09-2026 02:25:00 PM,28-09-2026 02:30:00 PM,1257.2,1257.8,1256.4,1256.6,133.33,RED,28-09-2026 02:30:00 PM,28-09-2026 02:35:00 PM,1256.4,1257.0,1252.8,1253.3,35.48,RED,28-09-2026 02:35:00 PM,28-09-2026 02:40:00 PM,1252.8,1254.4,1250.5,1251.2,143.75,GREEN,28-09-2026 02:40:00 PM,28-09-2026 02:45:00 PM,1251.5,1251.9,1250.2,1251.9,325.0
CDSL-5m-2026-09-28T14:40:00+05:30-RED_TO_GREEN,2026-09-28T14:45:20.438018+05:30,28-09-2026 02:45:20 PM,CDSL,CDSL,5m,stock,OTHER,,3 RED → GREEN,RED_TO_GREEN,R R R G,2026-09-28T14:40:00+05:30,28-09-2026 02:40:00 PM,2026-09-28T14:45:00+05:30,28-09-2026 02:45:00 PM,1286.6,1288.3,1286.6,1288.3,RED,28-09-2026 02:10:00 PM,28-09-2026 02:15:00 PM,1295.3,1295.7,1294.6,1294.8,120.0,RED,28-09-2026 02:15:00 PM,28-09-2026 02:20:00 PM,1294.2,1294.8,1292.2,1292.9,100.0,RED,28-09-2026 02:20:00 PM,28-09-2026 02:25:00 PM,1292.9,1294.1,1292.6,1292.7,650.0,RED,28-09-2026 02:25:00 PM,28-09-2026 02:30:00 PM,1292.7,1293.1,1291.3,1291.7,80.0,RED,28-09-2026 02:30:00 PM,28-09-2026 02:35:00 PM,1291.6,1292.5,1290.5,1290.8,150.0,RED,28-09-2026 02:35:00 PM,28-09-2026 02:40:00 PM,1290.7,1290.7,1286.6,1287.1,13.89,GREEN,28-09-2026 02:40:00 PM,28-09-2026 02:45:00 PM,1286.6,1288.3,1286.6,1288.3,0.0
BSE-5m-2026-09-28T14:40:00+05:30-RED_TO_GREEN,2026-09-28T14:45:20.353928+05:30,28-09-2026 02:45:20 PM,BSE,BSE,5m,stock,OTHER,,3 RED → GREEN,RED_TO_GREEN,R R R G,2026-09-28T14:40:00+05:30,28-09-2026 02:40:00 PM,2026-09-28T14:45:00+05:30,28-09-2026 02:45:00 PM,3090.1,3096.3,3088.0,3095.1,GREEN,28-09-2026 02:10:00 PM,28-09-2026 02:15:00 PM,3118.8,3125.0,3118.0,3122.3,100.0,RED,28-09-2026 02:15:00 PM,28-09-2026 02:20:00 PM,3122.3,3124.7,3119.0,3120.7,256.25,GREEN,28-09-2026 02:20:00 PM,28-09-2026 02:25:00 PM,3120.0,3124.2,3118.0,3121.9,226.32,RED,28-09-2026 02:25:00 PM,28-09-2026 02:30:00 PM,3122.6,3123.6,3111.0,3111.0,8.62,RED,28-09-2026 02:30:00 PM,28-09-2026 02:35:00 PM,3111.4,3114.9,3096.6,3097.6,32.61,RED,28-09-2026 02:35:00 PM,28-09-2026 02:40:00 PM,3097.3,3098.4,3090.3,3090.9,26.56,GREEN,28-09-2026 02:40:00 PM,28-09-2026 02:45:00 PM,3090.1,3096.3,3088.0,3095.1,66.0
SBIN-5m-2026-09-28T14:35:00+05:30-RED_TO_GREEN,2026-09-28T14:40:24.903292+05:30,28-09-2026 02:40:24 PM,SBIN,SBIN,5m,stock,N50 & N100,NIFTY 50; NIFTY 100; NIFTY 200,3 RED → GREEN,RED_TO_GREEN,R R R G,2026-09-28T14:35:00+05:30,28-09-2026 02:35:00 PM,2026-09-28T14:40:00+05:30,28-09-2026 02:40:00 PM,956.6,957.5,956.4,957.1,RED,28-09-2026 02:05:00 PM,28-09-2026 02:10:00 PM,959.4,960.0,958.7,959.0,225.0,GREEN,28-09-2026 02:10:00 PM,28-09-2026 02:15:00 PM,959.1,959.8,958.8,959.5,150.0,RED,28-09-2026 02:15:00 PM,28-09-2026 02:20:00 PM,959.4,959.7,957.7,958.4,100.0,RED,28-09-2026 02:20:00 PM,28-09-2026 02:25:00 PM,958.6,958.9,957.7,958.0,100.0,RED,28-09-2026 02:25:00 PM,28-09-2026 02:30:00 PM,958.1,958.5,957.6,957.7,125.0,RED,28-09-2026 02:30:00 PM,28-09-2026 02:35:00 PM,957.7,957.8,956.1,956.5,41.67,GREEN,28-09-2026 02:35:00 PM,28-09-2026 02:40:00 PM,956.6,957.5,956.4,957.1,120.0
KOTAKBANK-5m-2026-09-28T14:35:00+05:30-GREEN_TO_RED,2026-09-28T14:40:24.825684+05:30,28-09-2026 02:40:24 PM,KOTAKBANK,KOTAKBANK,5m,stock,N50 & N100,NIFTY 50; NIFTY 100; NIFTY 200,3 GREEN → RED,GREEN_TO_RED,G G G R,2026-09-28T14:35:00+05:30,28-09-2026 02:35:00 PM,2026-09-28T14:40:00+05:30,28-09-2026 02:40:00 PM,402.85,403.3,402.3,402.55,RED,28-09-2026 02:05:00 PM,28-09-2026 02:10:00 PM,402.05,402.2,401.85,402.0,600.0,RED,28-09-2026 02:10:00 PM,28-09-2026 02:15:00 PM,401.85,402.15,401.7,401.75,350.0,RED,28-09-2026 02:15:00 PM,28-09-2026 02:20:00 PM,401.8,401.9,401.45,401.65,200.0,GREEN,28-09-2026 02:20:00 PM,28-09-2026 02:25:00 PM,401.75,402.1,401.75,402.0,40.0,GREEN,28-09-2026 02:25:00 PM,28-09-2026 02:30:00 PM,402.05,402.8,402.0,402.55,60.0,GREEN,28-09-2026 02:30:00 PM,28-09-2026 02:35:00 PM,402.55,403.2,402.55,402.85,116.67,RED,28-09-2026 02:35:00 PM,28-09-2026 02:40:00 PM,402.85,403.3,402.3,402.55,233.33
GRASIM-5m-2026-09-28T14:30:00+05:30-RED_TO_GREEN,2026-09-28T14:35:25.882058+05:30,28-09-2026 02:35:25 PM,GRASIM,GRASIM,5m,stock,N50 & N100,NIFTY 50; NIFTY 100; NIFTY 200,3 RED → GREEN,RED_TO_GREEN,R R R G,2026-09-28T14:30:00+05:30,28-09-2026 02:30:00 PM,2026-09-28T14:35:00+05:30,28-09-2026 02:35:00 PM,3140.5,3143.6,3139.6,3140.7,RED,28-09-2026 02:00:00 PM,28-09-2026 02:05:00 PM,3144.5,3145.8,3142.9,3144.2,866.67,GREEN,28-09-2026 02:05:00 PM,28-09-2026 02:10:00 PM,3144.2,3144.7,3142.0,3144.7,440.0,GREEN,28-09-2026 02:10:00 PM,28-09-2026 02:15:00 PM,3144.4,3149.4,3142.6,3146.9,172.0,RED,28-09-2026 02:15:00 PM,28-09-2026 02:20:00 PM,3147.0,3148.0,3140.2,3142.4,69.57,RED,28-09-2026 02:20:00 PM,28-09-2026 02:25:00 PM,3143.5,3143.7,3139.7,3139.7,5.26,RED,28-09-2026 02:25:00 PM,28-09-2026 02:30:00 PM,3140.7,3140.7,3138.5,3139.6,100.0,GREEN,28-09-2026 02:30:00 PM,28-09-2026 02:35:00 PM,3140.5,3143.6,3139.6,3140.7,1900.0
CIPLA-5m-2026-09-28T14:30:00+05:30-RED_TO_GREEN,2026-09-28T14:35:25.781757+05:30,28-09-2026 02:35:25 PM,CIPLA,CIPLA,5m,stock,N50 & N100,NIFTY 50; NIFTY 100; NIFTY 200,3 RED → GREEN,RED_TO_GREEN,R R R G,2026-09-28T14:30:00+05:30,28-09-2026 02:30:00 PM,2026-09-28T14:35:00+05:30,28-09-2026 02:35:00 PM,1388.0,1389.3,1387.6,1388.4,GREEN,28-09-2026 02:00:00 PM,28-09-2026 02:05:00 PM,1392.5,1394.6,1390.9,1394.2,117.65,RED,28-09-2026 02:05:00 PM,28-09-2026 02:10:00 PM,1393.9,1394.0,1392.0,1392.3,25.0,RED,28-09-2026 02:10:00 PM,28-09-2026 02:15:00 PM,1392.8,1393.5,1391.4,1392.2,250.0,RED,28-09-2026 02:15:00 PM,28-09-2026 02:20:00 PM,1392.2,1392.2,1390.0,1390.3,15.79,RED,28-09-2026 02:20:00 PM,28-09-2026 02:25:00 PM,1390.7,1391.2,1389.7,1390.0,114.29,RED,28-09-2026 02:25:00 PM,28-09-2026 02:30:00 PM,1389.8,1390.5,1387.5,1387.6,36.36,GREEN,28-09-2026 02:30:00 PM,28-09-2026 02:35:00 PM,1388.0,1389.3,1387.6,1388.4,325.0
TCS-5m-2026-09-28T14:25:00+05:30-RED_TO_GREEN,2026-09-28T14:30:28.377815+05:30,28-09-2026 02:30:28 PM,TCS,TCS,5m,stock,N50 & N100,NIFTY 50; NIFTY 100; NIFTY 200,3 RED → GREEN,RED_TO_GREEN,R R R G,2026-09-28T14:25:00+05:30,28-09-2026 02:25:00 PM,2026-09-28T14:30:00+05:30,28-09-2026 02:30:00 PM,2074.8,2076.9,2073.9,2076.1,GREEN,28-09-2026 01:55:00 PM,28-09-2026 02:00:00 PM,2080.1,2083.5,2079.6,2081.1,290.0,GREEN,28-09-2026 02:00:00 PM,28-09-2026 02:05:00 PM,2081.1,2084.0,2080.0,2083.1,100.0,RED,28-09-2026 02:05:00 PM,28-09-2026 02:10:00 PM,2083.4,2083.6,2081.0,2083.1,766.67,RED,28-09-2026 02:10:00 PM,28-09-2026 02:15:00 PM,2083.1,2084.7,2079.7,2080.2,72.41,RED,28-09-2026 02:15:00 PM,28-09-2026 02:20:00 PM,2080.3,2080.6,2077.4,2078.0,39.13,RED,28-09-2026 02:20:00 PM,28-09-2026 02:25:00 PM,2078.3,2078.3,2073.7,2074.4,17.95,GREEN,28-09-2026 02:25:00 PM,28-09-2026 02:30:00 PM,2074.8,2076.9,2073.9,2076.1,130.77
HINDZINC-5m-2026-09-28T14:25:00+05:30-RED_TO_GREEN,2026-09-28T14:30:28.246230+05:30,28-09-2026 02:30:28 PM,HINDZINC,HINDZINC,5m,stock,N100,NIFTY 100; NIFTY 200,3 RED → GREEN,RED_TO_GREEN,R R R G,2026-09-28T14:25:00+05:30,28-09-2026 02:25:00 PM,2026-09-28T14:30:00+05:30,28-09-2026 02:30:00 PM,570.2,570.55,569.8,570.3,GREEN,28-09-2026 01:55:00 PM,28-09-2026 02:00:00 PM,572.6,573.5,572.6,572.8,350.0,RED,28-09-2026 02:00:00 PM,28-09-2026 02:05:00 PM,572.95,573.25,572.75,572.9,900.0,RED,28-09-2026 02:05:00 PM,28-09-2026 02:10:00 PM,573.1,573.2,572.05,572.4,64.29,RED,28-09-2026 02:10:00 PM,28-09-2026 02:15:00 PM,572.4,572.95,571.5,571.75,123.08,RED,28-09-2026 02:15:00 PM,28-09-2026 02:20:00 PM,571.8,571.8,571.0,571.05,6.67,RED,28-09-2026 02:20:00 PM,28-09-2026 02:25:00 PM,571.05,571.15,570.0,570.2,35.29,GREEN,28-09-2026 02:25:00 PM,28-09-2026 02:30:00 PM,570.2,570.55,569.8,570.3,650.0
BAJAJ-AUTO-5m-2026-09-28T14:25:00+05:30-RED_TO_GREEN,2026-09-28T14:30:28.080203+05:30,28-09-2026 02:30:28 PM,BAJAJ-AUTO,BAJAJ-AUTO,5m,stock,N50 & N100,NIFTY 50; NIFTY 100; NIFTY 200,3 RED → GREEN,RED_TO_GREEN,R R R G,2026-09-28T14:25:00+05:30,28-09-2026 02:25:00 PM,2026-09-28T14:30:00+05:30,28-09-2026 02:30:00 PM,11015.0,11032.0,11012.0,11027.0,RED,28-09-2026 01:55:00 PM,28-09-2026 02:00:00 PM,11052.0,11058.0,11043.0,11051.0,1400.0,RED,28-09-2026 02:00:00 PM,28-09-2026 02:05:00 PM,11057.0,11057.0,11045.0,11051.0,100.0,GREEN,28-09-2026 02:05:00 PM,28-09-2026 02:10:00 PM,11046.0,11051.0,11041.0,11048.0,400.0,RED,28-09-2026 02:10:00 PM,28-09-2026 02:15:00 PM,11049.0,11055.0,11041.0,11043.0,133.33,RED,28-09-2026 02:15:00 PM,28-09-2026 02:20:00 PM,11043.0,11044.0,11023.0,11025.0,16.67,RED,28-09-2026 02:20:00 PM,28-09-2026 02:25:00 PM,11025.0,11029.0,11014.0,11015.0,50.0,GREEN,28-09-2026 02:25:00 PM,28-09-2026 02:30:00 PM,11015.0,11032.0,11012.0,11027.0,66.67
ULTRACEMCO-5m-2026-09-28T14:20:00+05:30-RED_TO_GREEN,2026-09-28T14:25:33.974869+05:30,28-09-2026 02:25:33 PM,ULTRACEMCO,ULTRACEMCO,5m,stock,N50 & N100,NIFTY 50; NIFTY 100; NIFTY 200,3 RED → GREEN,RED_TO_GREEN,R R R G,2026-09-28T14:20:00+05:30,28-09-2026 02:20:00 PM,2026-09-28T14:25:00+05:30,28-09-2026 02:25:00 PM,10993.0,11003.0,10983.0,11002.0,DOJI,28-09-2026 01:50:00 PM,28-09-2026 01:55:00 PM,11030.0,11031.0,11028.0,11030.0,,GREEN,28-09-2026 01:55:00 PM,28-09-2026 02:00:00 PM,11031.0,11034.0,11026.0,11034.0,166.67,GREEN,28-09-2026 02:00:00 PM,28-09-2026 02:05:00 PM,11034.0,11042.0,11031.0,11036.0,450.0,RED,28-09-2026 02:05:00 PM,28-09-2026 02:10:00 PM,11036.0,11037.0,11015.0,11022.0,57.14,RED,28-09-2026 02:10:00 PM,28-09-2026 02:15:00 PM,11020.0,11025.0,10991.0,11000.0,70.0,RED,28-09-2026 02:15:00 PM,28-09-2026 02:20:00 PM,11005.0,11009.0,10981.0,10989.0,75.0,GREEN,28-09-2026 02:20:00 PM,28-09-2026 02:25:00 PM,10993.0,11003.0,10983.0,11002.0,122.22
ICICIBANK-5m-2026-09-28T14:20:00+05:30-RED_TO_GREEN,2026-09-28T14:25:33.878506+05:30,28-09-2026 02:25:33 PM,ICICIBANK,ICICIBANK,5m,stock,N50 & N100,NIFTY 50; NIFTY 100; NIFTY 200,3 RED → GREEN,RED_TO_GREEN,R R R G,2026-09-28T14:20:00+05:30,28-09-2026 02:20:00 PM,2026-09-28T14:25:00+05:30,28-09-2026 02:25:00 PM,1304.6,1306.0,1304.6,1305.7,GREEN,28-09-2026 01:50:00 PM,28-09-2026 01:55:00 PM,1304.1,1306.0,1303.8,1305.2,100.0,GREEN,28-09-2026 01:55:00 PM,28-09-2026 02:00:00 PM,1305.3,1307.6,1305.3,1307.4,9.52,RED,28-09-2026 02:00:00 PM,28-09-2026 02:05:00 PM,1307.4,1307.7,1306.0,1306.7,142.86,RED,28-09-2026 02:05:00 PM,28-09-2026 02:10:00 PM,1306.8,1307.2,1305.9,1306.2,116.67,RED,28-09-2026 02:10:00 PM,28-09-2026 02:15:00 PM,1306.3,1306.6,1305.6,1305.7,66.67,RED,28-09-2026 02:15:00 PM,28-09-2026 02:20:00 PM,1305.8,1306.8,1304.1,1304.6,125.0,GREEN,28-09-2026 02:20:00 PM,28-09-2026 02:25:00 PM,1304.6,1306.0,1304.6,1305.7,27.27
HINDUNILVR-5m-2026-09-28T14:20:00+05:30-RED_TO_GREEN,2026-09-28T14:25:33.793400+05:30,28-09-2026 02:25:33 PM,HINDUNILVR,HINDUNILVR,5m,stock,N50 & N100,NIFTY 50; NIFTY 100; NIFTY 200,3 RED → GREEN,RED_TO_GREEN,R R R G,2026-09-28T14:20:00+05:30,28-09-2026 02:20:00 PM,2026-09-28T14:25:00+05:30,28-09-2026 02:25:00 PM,1894.2,1895.9,1894.1,1895.6,GREEN,28-09-2026 01:50:00 PM,28-09-2026 01:55:00 PM,1900.9,1902.5,1900.8,1901.8,88.89,RED,28-09-2026 01:55:00 PM,28-09-2026 02:00:00 PM,1901.6,1903.1,1901.0,1901.5,2000.0,RED,28-09-2026 02:00:00 PM,28-09-2026 02:05:00 PM,1901.5,1901.6,1900.3,1900.8,85.71,RED,28-09-2026 02:05:00 PM,28-09-2026 02:10:00 PM,1900.7,1901.0,1899.0,1899.5,66.67,RED,28-09-2026 02:10:00 PM,28-09-2026 02:15:00 PM,1899.5,1899.6,1896.2,1897.0,36.0,RED,28-09-2026 02:15:00 PM,28-09-2026 02:20:00 PM,1897.2,1898.2,1893.8,1894.9,91.3,GREEN,28-09-2026 02:20:00 PM,28-09-2026 02:25:00 PM,1894.2,1895.9,1894.1,1895.6,28.57
COALINDIA-5m-2026-09-28T14:20:00+05:30-RED_TO_GREEN,2026-09-28T14:25:33.681688+05:30,28-09-2026 02:25:33 PM,COALINDIA,COALINDIA,5m,stock,N50 & N100,NIFTY 50; NIFTY 100; NIFTY 200,3 RED → GREEN,RED_TO_GREEN,R R R G,2026-09-28T14:20:00+05:30,28-09-2026 02:20:00 PM,2026-09-28T14:25:00+05:30,28-09-2026 02:25:00 PM,424.85,425.65,424.8,425.0,GREEN,28-09-2026 01:50:00 PM,28-09-2026 01:55:00 PM,425.65,426.2,425.55,426.0,85.71,GREEN,28-09-2026 01:55:00 PM,28-09-2026 02:00:00 PM,426.05,426.5,426.0,426.5,11.11,RED,28-09-2026 02:00:00 PM,28-09-2026 02:05:00 PM,426.65,426.65,426.3,426.45,75.0,RED,28-09-2026 02:05:00 PM,28-09-2026 02:10:00 PM,426.45,426.45,426.0,426.1,28.57,RED,28-09-2026 02:10:00 PM,28-09-2026 02:15:00 PM,426.15,426.15,425.3,425.35,6.25,RED,28-09-2026 02:15:00 PM,28-09-2026 02:20:00 PM,425.35,425.35,424.75,424.8,9.09,GREEN,28-09-2026 02:20:00 PM,28-09-2026 02:25:00 PM,424.85,425.65,424.8,425.0,466.67
BEL-5m-2026-09-28T14:20:00+05:30-RED_TO_GREEN,2026-09-28T14:25:33.584524+05:30,28-09-2026 02:25:33 PM,BEL,BEL,5m,stock,N50 & N100,NIFTY 50; NIFTY 100; NIFTY 200,3 RED → GREEN,RED_TO_GREEN,R R R G,2026-09-28T14:20:00+05:30,28-09-2026 02:20:00 PM,2026-09-28T14:25:00+05:30,28-09-2026 02:25:00 PM,385.5,385.75,385.3,385.75,RED,28-09-2026 01:50:00 PM,28-09-2026 01:55:00 PM,386.65,386.7,386.4,386.4,20.0,GREEN,28-09-2026 01:55:00 PM,28-09-2026 02:00:00 PM,386.5,387.2,386.35,387.0,70.0,RED,28-09-2026 02:00:00 PM,28-09-2026 02:05:00 PM,387.15,387.15,386.45,386.6,27.27,RED,28-09-2026 02:05:00 PM,28-09-2026 02:10:00 PM,386.6,386.6,386.05,386.3,83.33,RED,28-09-2026 02:10:00 PM,28-09-2026 02:15:00 PM,386.3,386.4,385.8,385.9,50.0,RED,28-09-2026 02:15:00 PM,28-09-2026 02:20:00 PM,385.9,385.9,385.1,385.5,100.0,GREEN,28-09-2026 02:20:00 PM,28-09-2026 02:25:00 PM,385.5,385.75,385.3,385.75,80.0
COALINDIA-5m-2026-09-28T14:00:00+05:30-GREEN_TO_RED,2026-09-28T14:05:24.825715+05:30,28-09-2026 02:05:24 PM,COALINDIA,COALINDIA,5m,stock,N50 & N100,NIFTY 50; NIFTY 100; NIFTY 200,3 GREEN → RED,GREEN_TO_RED,G G G R,2026-09-28T14:00:00+05:30,28-09-2026 02:00:00 PM,2026-09-28T14:05:00+05:30,28-09-2026 02:05:00 PM,426.65,426.65,426.3,426.45,RED,28-09-2026 01:30:00 PM,28-09-2026 01:35:00 PM,425.85,425.9,425.0,425.35,80.0,RED,28-09-2026 01:35:00 PM,28-09-2026 01:40:00 PM,425.35,425.4,425.1,425.3,500.0,RED,28-09-2026 01:40:00 PM,28-09-2026 01:45:00 PM,425.2,425.35,424.9,424.95,80.0,GREEN,28-09-2026 01:45:00 PM,28-09-2026 01:50:00 PM,424.95,425.75,424.9,425.7,13.33,GREEN,28-09-2026 01:50:00 PM,28-09-2026 01:55:00 PM,425.65,426.2,425.55,426.0,85.71,GREEN,28-09-2026 01:55:00 PM,28-09-2026 02:00:00 PM,426.05,426.5,426.0,426.5,11.11,RED,28-09-2026 02:00:00 PM,28-09-2026 02:05:00 PM,426.65,426.65,426.3,426.45,75.0
TCS-5m-2026-09-28T13:55:00+05:30-RED_TO_GREEN,2026-09-28T14:00:18.820879+05:30,28-09-2026 02:00:18 PM,TCS,TCS,5m,stock,N50 & N100,NIFTY 50; NIFTY 100; NIFTY 200,3 RED → GREEN,RED_TO_GREEN,R R R G,2026-09-28T13:55:00+05:30,28-09-2026 01:55:00 PM,2026-09-28T14:00:00+05:30,28-09-2026 02:00:00 PM,2080.1,2083.5,2079.6,2081.4,RED,28-09-2026 01:25:00 PM,28-09-2026 01:30:00 PM,2090.9,2091.3,2084.0,2084.0,5.8,RED,28-09-2026 01:30:00 PM,28-09-2026 01:35:00 PM,2084.3,2085.2,2079.5,2079.6,21.28,GREEN,28-09-2026 01:35:00 PM,28-09-2026 01:40:00 PM,2079.9,2084.9,2079.3,2084.9,12.0,RED,28-09-2026 01:40:00 PM,28-09-2026 01:45:00 PM,2084.5,2085.0,2082.0,2082.7,66.67,RED,28-09-2026 01:45:00 PM,28-09-2026 01:50:00 PM,2082.8,2084.3,2081.3,2081.6,150.0,RED,28-09-2026 01:50:00 PM,28-09-2026 01:55:00 PM,2082.3,2083.0,2080.1,2080.1,31.82,GREEN,28-09-2026 01:55:00 PM,28-09-2026 02:00:00 PM,2080.1,2083.5,2079.6,2081.4,200.0
RELIANCE-5m-2026-09-28T13:55:00+05:30-RED_TO_GREEN,2026-09-28T14:00:18.756256+05:30,28-09-2026 02:00:18 PM,RELIANCE,RELIANCE,5m,stock,N50 & N100,NIFTY 50; NIFTY 100; NIFTY 200,3 RED → GREEN,RED_TO_GREEN,R R R G,2026-09-28T13:55:00+05:30,28-09-2026 01:55:00 PM,2026-09-28T14:00:00+05:30,28-09-2026 02:00:00 PM,1202.5,1203.2,1202.4,1202.9,GREEN,28-09-2026 01:25:00 PM,28-09-2026 01:30:00 PM,1204.3,1205.4,1204.2,1205.1,50.0,DOJI,28-09-2026 01:30:00 PM,28-09-2026 01:35:00 PM,1205.1,1205.4,1204.3,1205.1,,GREEN,28-09-2026 01:35:00 PM,28-09-2026 01:40:00 PM,1205.0,1205.3,1205.0,1205.2,50.0,RED,28-09-2026 01:40:00 PM,28-09-2026 01:45:00 PM,1205.2,1205.4,1204.2,1204.3,33.33,RED,28-09-2026 01:45:00 PM,28-09-2026 01:50:00 PM,1204.3,1204.3,1203.6,1203.9,75.0,RED,28-09-2026 01:50:00 PM,28-09-2026 01:55:00 PM,1203.9,1204.3,1202.5,1202.5,28.57,GREEN,28-09-2026 01:55:00 PM,28-09-2026 02:00:00 PM,1202.5,1203.2,1202.4,1202.9,100.0
LTF-5m-2026-09-28T13:55:00+05:30-RED_TO_GREEN,2026-09-28T14:00:18.644855+05:30,28-09-2026 02:00:18 PM,LTF,LTF,5m,stock,OTHER,,3 RED → GREEN,RED_TO_GREEN,R R R G,2026-09-28T13:55:00+05:30,28-09-2026 01:55:00 PM,2026-09-28T14:00:00+05:30,28-09-2026 02:00:00 PM,279.65,280.0,279.65,279.7,GREEN,28-09-2026 01:25:00 PM,28-09-2026 01:30:00 PM,280.35,280.7,280.3,280.5,166.67,RED,28-09-2026 01:30:00 PM,28-09-2026 01:35:00 PM,280.4,280.5,279.9,280.25,300.0,RED,28-09-2026 01:35:00 PM,28-09-2026 01:40:00 PM,280.25,280.65,279.95,280.2,1300.0,RED,28-09-2026 01:40:00 PM,28-09-2026 01:45:00 PM,280.3,280.45,280.05,280.1,100.0,RED,28-09-2026 01:45:00 PM,28-09-2026 01:50:00 PM,280.2,280.3,279.85,279.9,50.0,RED,28-09-2026 01:50:00 PM,28-09-2026 01:55:00 PM,279.85,280.1,279.6,279.6,100.0,GREEN,28-09-2026 01:55:00 PM,28-09-2026 02:00:00 PM,279.65,280.0,279.65,279.7,600.0
CGPOWER-5m-2026-09-28T13:55:00+05:30-RED_TO_GREEN,2026-09-28T14:00:18.578305+05:30,28-09-2026 02:00:18 PM,CGPOWER,CGPOWER,5m,stock,N100,NIFTY 100; NIFTY 200,3 RED → GREEN,RED_TO_GREEN,R R R G,2026-09-28T13:55:00+05:30,28-09-2026 01:55:00 PM,2026-09-28T14:00:00+05:30,28-09-2026 02:00:00 PM,871.0,871.6,871.0,871.2,GREEN,28-09-2026 01:25:00 PM,28-09-2026 01:30:00 PM,872.7,873.75,872.45,873.65,36.84,GREEN,28-09-2026 01:30:00 PM,28-09-2026 01:35:00 PM,873.65,874.45,873.6,873.95,183.33,GREEN,28-09-2026 01:35:00 PM,28-09-2026 01:40:00 PM,873.9,874.0,872.6,873.95,2700.0,RED,28-09-2026 01:40:00 PM,28-09-2026 01:45:00 PM,873.95,874.3,872.7,872.9,52.38,RED,28-09-2026 01:45:00 PM,28-09-2026 01:50:00 PM,873.3,873.35,871.35,871.45,8.11,RED,28-09-2026 01:50:00 PM,28-09-2026 01:55:00 PM,871.45,871.5,870.8,871.1,100.0,GREEN,28-09-2026 01:55:00 PM,28-09-2026 02:00:00 PM,871.0,871.6,871.0,871.2,200.0
SUZLON-5m-2026-09-28T13:50:00+05:30-RED_TO_GREEN,2026-09-28T13:55:31.551355+05:30,28-09-2026 01:55:31 PM,SUZLON,SUZLON,5m,stock,OTHER,,3 RED → GREEN,RED_TO_GREEN,R R R G,2026-09-28T13:50:00+05:30,28-09-2026 01:50:00 PM,2026-09-28T13:55:00+05:30,28-09-2026 01:55:00 PM,39.64,39.65,39.63,39.65,RED,28-09-2026 01:20:00 PM,28-09-2026 01:25:00 PM,39.74,39.77,39.7,39.72,250.0,GREEN,28-09-2026 01:25:00 PM,28-09-2026 01:30:00 PM,39.71,39.8,39.69,39.78,57.14,RED,28-09-2026 01:30:00 PM,28-09-2026 01:35:00 PM,39.78,39.8,39.75,39.76,150.0,RED,28-09-2026 01:35:00 PM,28-09-2026 01:40:00 PM,39.76,39.79,39.68,39.69,57.14,RED,28-09-2026 01:40:00 PM,28-09-2026 01:45:00 PM,39.68,39.69,39.63,39.65,100.0,RED,28-09-2026 01:45:00 PM,28-09-2026 01:50:00 PM,39.65,39.65,39.62,39.63,50.0,GREEN,28-09-2026 01:50:00 PM,28-09-2026 01:55:00 PM,39.64,39.65,39.63,39.65,100.0
M&M-5m-2026-09-28T13:35:00+05:30-GREEN_TO_RED,2026-09-28T13:40:24.103680+05:30,28-09-2026 01:40:24 PM,M&M,M&M,5m,stock,N50 & N100,NIFTY 50; NIFTY 100; NIFTY 200,3 GREEN → RED,GREEN_TO_RED,G G G R,2026-09-28T13:35:00+05:30,28-09-2026 01:35:00 PM,2026-09-28T13:40:00+05:30,28-09-2026 01:40:00 PM,2991.6,2993.0,2988.5,2990.3,DOJI,28-09-2026 01:05:00 PM,28-09-2026 01:10:00 PM,2981.3,2982.5,2977.9,2981.3,,GREEN,28-09-2026 01:10:00 PM,28-09-2026 01:15:00 PM,2981.6,2984.3,2981.0,2983.0,135.71,GREEN,28-09-2026 01:15:00 PM,28-09-2026 01:20:00 PM,2983.1,2985.0,2982.9,2985.0,10.53,GREEN,28-09-2026 01:20:00 PM,28-09-2026 01:25:00 PM,2984.8,2988.1,2983.7,2987.0,100.0,GREEN,28-09-2026 01:25:00 PM,28-09-2026 01:30:00 PM,2987.0,2991.0,2987.0,2990.0,33.33,GREEN,28-09-2026 01:30:00 PM,28-09-2026 01:35:00 PM,2990.1,2993.0,2990.0,2991.8,76.47,RED,28-09-2026 01:35:00 PM,28-09-2026 01:40:00 PM,2991.6,2993.0,2988.5,2990.3,246.15
INDUSINDBK-5m-2026-09-28T13:30:00+05:30-GREEN_TO_RED,2026-09-28T13:35:23.949906+05:30,28-09-2026 01:35:23 PM,INDUSINDBK,INDUSINDBK,5m,stock,N50 & N100,NIFTY 50; NIFTY 100; NIFTY 200,3 GREEN → RED,GREEN_TO_RED,G G G R,2026-09-28T13:30:00+05:30,28-09-2026 01:30:00 PM,2026-09-28T13:35:00+05:30,28-09-2026 01:35:00 PM,908.2,908.2,907.2,907.2,GREEN,28-09-2026 01:00:00 PM,28-09-2026 01:05:00 PM,902.1,903.2,901.8,902.7,133.33,GREEN,28-09-2026 01:05:00 PM,28-09-2026 01:10:00 PM,902.7,904.0,902.4,903.8,45.45,GREEN,28-09-2026 01:10:00 PM,28-09-2026 01:15:00 PM,903.7,905.0,903.6,904.5,75.0,GREEN,28-09-2026 01:15:00 PM,28-09-2026 01:20:00 PM,904.5,905.4,903.8,905.4,77.78,GREEN,28-09-2026 01:20:00 PM,28-09-2026 01:25:00 PM,905.2,907.6,905.0,907.4,18.18,GREEN,28-09-2026 01:25:00 PM,28-09-2026 01:30:00 PM,907.5,908.7,907.4,908.2,85.71,RED,28-09-2026 01:30:00 PM,28-09-2026 01:35:00 PM,908.2,908.2,907.2,907.2,0.0
BHARTIARTL-5m-2026-09-28T13:30:00+05:30-GREEN_TO_RED,2026-09-28T13:35:23.866776+05:30,28-09-2026 01:35:23 PM,BHARTIARTL,BHARTIARTL,5m,stock,N50 & N100,NIFTY 50; NIFTY 100; NIFTY 200,3 GREEN → RED,GREEN_TO_RED,G G G R,2026-09-28T13:30:00+05:30,28-09-2026 01:30:00 PM,2026-09-28T13:35:00+05:30,28-09-2026 01:35:00 PM,1778.6,1779.8,1778.1,1778.4,GREEN,28-09-2026 01:00:00 PM,28-09-2026 01:05:00 PM,1777.7,1779.9,1777.5,1778.1,500.0,RED,28-09-2026 01:05:00 PM,28-09-2026 01:10:00 PM,1778.1,1778.1,1775.2,1776.3,61.11,RED,28-09-2026 01:10:00 PM,28-09-2026 01:15:00 PM,1776.3,1777.4,1775.0,1775.1,100.0,GREEN,28-09-2026 01:15:00 PM,28-09-2026 01:20:00 PM,1775.1,1777.3,1774.4,1777.1,45.0,GREEN,28-09-2026 01:20:00 PM,28-09-2026 01:25:00 PM,1776.9,1778.2,1776.0,1778.1,83.33,GREEN,28-09-2026 01:25:00 PM,28-09-2026 01:30:00 PM,1778.1,1778.7,1777.9,1778.7,33.33,RED,28-09-2026 01:30:00 PM,28-09-2026 01:35:00 PM,1778.6,1779.8,1778.1,1778.4,750.0
ADANIENT-5m-2026-09-28T13:15:00+05:30-RED_TO_GREEN,2026-09-28T13:20:25.229545+05:30,28-09-2026 01:20:25 PM,ADANIENT,ADANIENT,5m,stock,N50 & N100,NIFTY 50; NIFTY 100; NIFTY 200,3 RED → GREEN,RED_TO_GREEN,R R R G,2026-09-28T13:15:00+05:30,28-09-2026 01:15:00 PM,2026-09-28T13:20:00+05:30,28-09-2026 01:20:00 PM,2829.0,2831.9,2828.7,2831.0,RED,28-09-2026 12:45:00 PM,28-09-2026 12:50:00 PM,2841.5,2841.6,2836.0,2836.8,19.15,RED,28-09-2026 12:50:00 PM,28-09-2026 12:55:00 PM,2836.8,2840.2,2836.1,2836.4,925.0,RED,28-09-2026 12:55:00 PM,28-09-2026 01:00:00 PM,2836.4,2836.6,2833.5,2836.0,675.0,RED,28-09-2026 01:00:00 PM,28-09-2026 01:05:00 PM,2836.0,2836.1,2830.3,2832.5,65.71,RED,28-09-2026 01:05:00 PM,28-09-2026 01:10:00 PM,2832.4,2832.5,2828.1,2828.2,4.76,RED,28-09-2026 01:10:00 PM,28-09-2026 01:15:00 PM,2832.4,2833.4,2828.6,2829.0,41.18,GREEN,28-09-2026 01:15:00 PM,28-09-2026 01:20:00 PM,2829.0,2831.9,2828.7,2831.0,60.0
JIOFIN-5m-2026-09-28T13:05:00+05:30-RED_TO_GREEN,2026-09-28T13:12:23.027278+05:30,28-09-2026 01:12:23 PM,JIOFIN,JIOFIN,5m,stock,N50 & N100,NIFTY 50; NIFTY 100; NIFTY 200,3 RED → GREEN,RED_TO_GREEN,R R R G,2026-09-28T13:05:00+05:30,28-09-2026 01:05:00 PM,2026-09-28T13:10:00+05:30,28-09-2026 01:10:00 PM,220.36,220.73,220.11,220.73,RED,28-09-2026 12:35:00 PM,28-09-2026 12:40:00 PM,222.76,222.8,222.68,222.71,140.0,GREEN,28-09-2026 12:40:00 PM,28-09-2026 12:45:00 PM,222.71,222.98,222.67,222.88,82.35,RED,28-09-2026 12:45:00 PM,28-09-2026 12:50:00 PM,222.88,222.88,222.41,222.46,11.9,RED,28-09-2026 12:50:00 PM,28-09-2026 12:55:00 PM,222.44,222.48,222.31,222.34,70.0,RED,28-09-2026 12:55:00 PM,28-09-2026 01:00:00 PM,222.4,222.47,221.67,221.91,63.27,RED,28-09-2026 01:00:00 PM,28-09-2026 01:05:00 PM,221.94,222.0,220.15,220.36,17.09,GREEN,28-09-2026 01:05:00 PM,28-09-2026 01:10:00 PM,220.36,220.73,220.11,220.73,67.57
TATAMOTORS-5m-2026-09-28T12:55:00+05:30-RED_TO_GREEN,2026-09-28T13:00:22.188183+05:30,28-09-2026 01:00:22 PM,TATAMOTORS,TATAMOTORS,5m,stock,N100,NIFTY 100; NIFTY 200,3 RED → GREEN,RED_TO_GREEN,R R R G,2026-09-28T12:55:00+05:30,28-09-2026 12:55:00 PM,2026-09-28T13:00:00+05:30,28-09-2026 01:00:00 PM,431.3,431.6,431.2,431.6,RED,28-09-2026 12:25:00 PM,28-09-2026 12:30:00 PM,432.25,432.55,432.15,432.15,300.0,GREEN,28-09-2026 12:30:00 PM,28-09-2026 12:35:00 PM,432.25,432.9,432.0,432.55,200.0,RED,28-09-2026 12:35:00 PM,28-09-2026 12:40:00 PM,432.55,432.75,431.9,432.05,70.0,RED,28-09-2026 12:40:00 PM,28-09-2026 12:45:00 PM,432.05,432.25,431.9,432.0,600.0,RED,28-09-2026 12:45:00 PM,28-09-2026 12:50:00 PM,432.05,432.05,431.65,431.8,60.0,RED,28-09-2026 12:50:00 PM,28-09-2026 12:55:00 PM,431.8,431.9,431.3,431.35,33.33,GREEN,28-09-2026 12:55:00 PM,28-09-2026 01:00:00 PM,431.3,431.6,431.2,431.6,33.33
PNB-5m-2026-09-28T12:55:00+05:30-GREEN_TO_RED,2026-09-28T13:00:22.109695+05:30,28-09-2026 01:00:22 PM,PNB,PNB,5m,stock,N100,NIFTY 100; NIFTY 200,3 GREEN → RED,GREEN_TO_RED,G G G R,2026-09-28T12:55:00+05:30,28-09-2026 12:55:00 PM,2026-09-28T13:00:00+05:30,28-09-2026 01:00:00 PM,113.5,113.53,113.34,113.45,GREEN,28-09-2026 12:25:00 PM,28-09-2026 12:30:00 PM,113.25,113.46,113.25,113.43,16.67,RED,28-09-2026 12:30:00 PM,28-09-2026 12:35:00 PM,113.45,113.46,113.25,113.26,10.53,GREEN,28-09-2026 12:35:00 PM,28-09-2026 12:40:00 PM,113.26,113.4,113.22,113.38,50.0,GREEN,28-09-2026 12:40:00 PM,28-09-2026 12:45:00 PM,113.38,113.52,113.35,113.45,142.86,GREEN,28-09-2026 12:45:00 PM,28-09-2026 12:50:00 PM,113.42,113.49,113.41,113.49,14.29,GREEN,28-09-2026 12:50:00 PM,28-09-2026 12:55:00 PM,113.49,113.52,113.4,113.51,500.0,RED,28-09-2026 12:55:00 PM,28-09-2026 01:00:00 PM,113.5,113.53,113.34,113.45,280.0
NMDC-5m-2026-09-28T12:55:00+05:30-RED_TO_GREEN,2026-09-28T13:00:22.043959+05:30,28-09-2026 01:00:22 PM,NMDC,NMDC,5m,stock,OTHER,,3 RED → GREEN,RED_TO_GREEN,R R R G,2026-09-28T12:55:00+05:30,28-09-2026 12:55:00 PM,2026-09-28T13:00:00+05:30,28-09-2026 01:00:00 PM,78.25,78.28,78.18,78.28,GREEN,28-09-2026 12:25:00 PM,28-09-2026 12:30:00 PM,78.66,78.73,78.61,78.71,140.0,RED,28-09-2026 12:30:00 PM,28-09-2026 12:35:00 PM,78.71,78.73,78.53,78.53,11.11,GREEN,28-09-2026 12:35:00 PM,28-09-2026 12:40:00 PM,78.55,78.75,78.53,78.62,214.29,RED,28-09-2026 12:40:00 PM,28-09-2026 12:45:00 PM,78.62,78.67,78.51,78.52,60.0,RED,28-09-2026 12:45:00 PM,28-09-2026 12:50:00 PM,78.51,78.52,78.34,78.35,12.5,RED,28-09-2026 12:50:00 PM,28-09-2026 12:55:00 PM,78.34,78.39,78.23,78.23,45.45,GREEN,28-09-2026 12:55:00 PM,28-09-2026 01:00:00 PM,78.25,78.28,78.18,78.28,233.33
ICICIBANK-5m-2026-09-28T12:55:00+05:30-GREEN_TO_RED,2026-09-28T13:00:21.946883+05:30,28-09-2026 01:00:21 PM,ICICIBANK,ICICIBANK,5m,stock,N50 & N100,NIFTY 50; NIFTY 100; NIFTY 200,3 GREEN → RED,GREEN_TO_RED,G G G R,2026-09-28T12:55:00+05:30,28-09-2026 12:55:00 PM,2026-09-28T13:00:00+05:30,28-09-2026 01:00:00 PM,1306.5,1306.9,1305.2,1306.0,GREEN,28-09-2026 12:25:00 PM,28-09-2026 12:30:00 PM,1302.9,1304.7,1302.7,1304.3,42.86,RED,28-09-2026 12:30:00 PM,28-09-2026 12:35:00 PM,1304.5,1305.6,1303.7,1304.0,280.0,RED,28-09-2026 12:35:00 PM,28-09-2026 12:40:00 PM,1304.0,1304.0,1303.4,1303.9,500.0,GREEN,28-09-2026 12:40:00 PM,28-09-2026 12:45:00 PM,1304.0,1304.4,1303.7,1304.3,133.33,GREEN,28-09-2026 12:45:00 PM,28-09-2026 12:50:00 PM,1304.6,1305.6,1304.1,1305.3,114.29,GREEN,28-09-2026 12:50:00 PM,28-09-2026 12:55:00 PM,1305.3,1306.9,1305.0,1306.3,90.0,RED,28-09-2026 12:55:00 PM,28-09-2026 01:00:00 PM,1306.5,1306.9,1305.2,1306.0,240.0
HDFCLIFE-5m-2026-09-28T12:55:00+05:30-RED_TO_GREEN,2026-09-28T13:00:21.882589+05:30,28-09-2026 01:00:21 PM,HDFCLIFE,HDFCLIFE,5m,stock,N50 & N100,NIFTY 50; NIFTY 100; NIFTY 200,3 RED → GREEN,RED_TO_GREEN,R R R G,2026-09-28T12:55:00+05:30,28-09-2026 12:55:00 PM,2026-09-28T13:00:00+05:30,28-09-2026 01:00:00 PM,528.1,528.6,528.05,528.35,DOJI,28-09-2026 12:25:00 PM,28-09-2026 12:30:00 PM,532.5,532.65,532.2,532.5,,RED,28-09-2026 12:30:00 PM,28-09-2026 12:35:00 PM,532.45,532.5,531.9,532.1,71.43,RED,28-09-2026 12:35:00 PM,28-09-2026 12:40:00 PM,532.1,532.1,530.3,530.5,12.5,RED,28-09-2026 12:40:00 PM,28-09-2026 12:45:00 PM,530.65,530.75,529.15,529.2,10.34,RED,28-09-2026 12:45:00 PM,28-09-2026 12:50:00 PM,529.25,529.25,528.25,528.9,185.71,RED,28-09-2026 12:50:00 PM,28-09-2026 12:55:00 PM,528.85,529.0,528.15,528.15,21.43,GREEN,28-09-2026 12:55:00 PM,28-09-2026 01:00:00 PM,528.1,528.6,528.05,528.35,120.0
BEL-5m-2026-09-28T12:55:00+05:30-RED_TO_GREEN,2026-09-28T13:00:21.792896+05:30,28-09-2026 01:00:21 PM,BEL,BEL,5m,stock,N50 & N100,NIFTY 50; NIFTY 100; NIFTY 200,3 RED → GREEN,RED_TO_GREEN,R R R G,2026-09-28T12:55:00+05:30,28-09-2026 12:55:00 PM,2026-09-28T13:00:00+05:30,28-09-2026 01:00:00 PM,386.35,387.6,386.35,387.25,GREEN,28-09-2026 12:25:00 PM,28-09-2026 12:30:00 PM,386.45,386.95,386.3,386.9,44.44,GREEN,28-09-2026 12:30:00 PM,28-09-2026 12:35:00 PM,386.9,387.15,386.5,387.1,225.0,GREEN,28-09-2026 12:35:00 PM,28-09-2026 12:40:00 PM,387.1,388.05,387.0,387.85,40.0,RED,28-09-2026 12:40:00 PM,28-09-2026 12:45:00 PM,387.85,388.05,387.3,387.4,66.67,RED,28-09-2026 12:45:00 PM,28-09-2026 12:50:00 PM,387.4,387.4,386.6,386.85,45.45,RED,28-09-2026 12:50:00 PM,28-09-2026 12:55:00 PM,386.85,386.85,386.25,386.4,33.33,GREEN,28-09-2026 12:55:00 PM,28-09-2026 01:00:00 PM,386.35,387.6,386.35,387.25,38.89
BAJAJ-AUTO-5m-2026-09-28T12:55:00+05:30-RED_TO_GREEN,2026-09-28T13:00:21.711261+05:30,28-09-2026 01:00:21 PM,BAJAJ-AUTO,BAJAJ-AUTO,5m,stock,N50 & N100,NIFTY 50; NIFTY 100; NIFTY 200,3 RED → GREEN,RED_TO_GREEN,R R R G,2026-09-28T12:55:00+05:30,28-09-2026 12:55:00 PM,2026-09-28T13:00:00+05:30,28-09-2026 01:00:00 PM,11042.0,11048.0,11040.0,11048.0,GREEN,28-09-2026 12:25:00 PM,28-09-2026 12:30:00 PM,11050.0,11060.0,11048.0,11055.0,140.0,RED,28-09-2026 12:30:00 PM,28-09-2026 12:35:00 PM,11055.0,11060.0,11042.0,11053.0,800.0,RED,28-09-2026 12:35:00 PM,28-09-2026 12:40:00 PM,11057.0,11057.0,11047.0,11052.0,100.0,RED,28-09-2026 12:40:00 PM,28-09-2026 12:45:00 PM,11052.0,11058.0,11050.0,11051.0,700.0,RED,28-09-2026 12:45:00 PM,28-09-2026 12:50:00 PM,11051.0,11060.0,11048.0,11049.0,500.0,RED,28-09-2026 12:50:00 PM,28-09-2026 12:55:00 PM,11048.0,11054.0,11040.0,11043.0,180.0,GREEN,28-09-2026 12:55:00 PM,28-09-2026 01:00:00 PM,11042.0,11048.0,11040.0,11048.0,33.33
ATHERENERG-5m-2026-09-28T12:55:00+05:30-RED_TO_GREEN,2026-09-28T13:00:21.644637+05:30,28-09-2026 01:00:21 PM,ATHERENERG,ATHERENERG,5m,stock,OTHER,,3 RED → GREEN,RED_TO_GREEN,R R R G,2026-09-28T12:55:00+05:30,28-09-2026 12:55:00 PM,2026-09-28T13:00:00+05:30,28-09-2026 01:00:00 PM,1466.5,1468.5,1466.0,1468.0,RED,28-09-2026 12:25:00 PM,28-09-2026 12:30:00 PM,1478.8,1480.1,1476.5,1477.6,200.0,RED,28-09-2026 12:30:00 PM,28-09-2026 12:35:00 PM,1478.0,1478.5,1472.1,1473.1,30.61,GREEN,28-09-2026 12:35:00 PM,28-09-2026 12:40:00 PM,1473.1,1476.1,1472.0,1475.0,115.79,RED,28-09-2026 12:40:00 PM,28-09-2026 12:45:00 PM,1475.0,1475.7,1472.3,1474.0,240.0,RED,28-09-2026 12:45:00 PM,28-09-2026 12:50:00 PM,1473.7,1474.6,1468.2,1468.8,30.61,RED,28-09-2026 12:50:00 PM,28-09-2026 12:55:00 PM,1468.5,1469.6,1465.8,1466.0,52.0,GREEN,28-09-2026 12:55:00 PM,28-09-2026 01:00:00 PM,1466.5,1468.5,1466.0,1468.0,66.67
SUZLON-5m-2026-09-28T12:50:00+05:30-RED_TO_GREEN,2026-09-28T12:55:26.853953+05:30,28-09-2026 12:55:26 PM,SUZLON,SUZLON,5m,stock,OTHER,,3 RED → GREEN,RED_TO_GREEN,R R R G,2026-09-28T12:50:00+05:30,28-09-2026 12:50:00 PM,2026-09-28T12:55:00+05:30,28-09-2026 12:55:00 PM,39.78,39.82,39.78,39.79,GREEN,28-09-2026 12:20:00 PM,28-09-2026 12:25:00 PM,39.92,39.93,39.88,39.93,400.0,GREEN,28-09-2026 12:25:00 PM,28-09-2026 12:30:00 PM,39.94,40.01,39.93,39.98,100.0,RED,28-09-2026 12:30:00 PM,28-09-2026 12:35:00 PM,40.0,40.01,39.93,39.96,100.0,RED,28-09-2026 12:35:00 PM,28-09-2026 12:40:00 PM,39.94,39.95,39.87,39.88,33.33,RED,28-09-2026 12:40:00 PM,28-09-2026 12:45:00 PM,39.88,39.91,39.84,39.85,133.33,RED,28-09-2026 12:45:00 PM,28-09-2026 12:50:00 PM,39.85,39.85,39.77,39.78,14.29,GREEN,28-09-2026 12:50:00 PM,28-09-2026 12:55:00 PM,39.78,39.82,39.78,39.79,300.0
SHRIRAMFIN-5m-2026-09-28T12:50:00+05:30-RED_TO_GREEN,2026-09-28T12:55:26.698807+05:30,28-09-2026 12:55:26 PM,SHRIRAMFIN,SHRIRAMFIN,5m,stock,N50 & N100,NIFTY 50; NIFTY 100; NIFTY 200,3 RED → GREEN,RED_TO_GREEN,R R R G,2026-09-28T12:50:00+05:30,28-09-2026 12:50:00 PM,2026-09-28T12:55:00+05:30,28-09-2026 12:55:00 PM,971.2,973.2,970.3,972.7,GREEN,28-09-2026 12:20:00 PM,28-09-2026 12:25:00 PM,973.5,974.6,973.0,973.9,300.0,GREEN,28-09-2026 12:25:00 PM,28-09-2026 12:30:00 PM,974.0,975.6,973.9,975.4,21.43,RED,28-09-2026 12:30:00 PM,28-09-2026 12:35:00 PM,975.6,975.7,974.1,974.4,33.33,RED,28-09-2026 12:35:00 PM,28-09-2026 12:40:00 PM,974.4,974.4,974.0,974.1,33.33,RED,28-09-2026 12:40:00 PM,28-09-2026 12:45:00 PM,974.1,975.0,973.8,973.9,500.0,RED,28-09-2026 12:45:00 PM,28-09-2026 12:50:00 PM,973.9,973.9,971.4,971.4,0.0,GREEN,28-09-2026 12:50:00 PM,28-09-2026 12:55:00 PM,971.2,973.2,970.3,972.7,93.33
MAXHEALTH-5m-2026-09-28T12:50:00+05:30-GREEN_TO_RED,2026-09-28T12:55:26.630510+05:30,28-09-2026 12:55:26 PM,MAXHEALTH,MAXHEALTH,5m,stock,OTHER,,3 GREEN → RED,GREEN_TO_RED,G G G R,2026-09-28T12:50:00+05:30,28-09-2026 12:50:00 PM,2026-09-28T12:55:00+05:30,28-09-2026 12:55:00 PM,1005.4,1005.4,1003.2,1005.3,GREEN,28-09-2026 12:20:00 PM,28-09-2026 12:25:00 PM,1001.3,1001.9,1001.0,1001.9,50.0,GREEN,28-09-2026 12:25:00 PM,28-09-2026 12:30:00 PM,1001.9,1002.8,1001.0,1002.8,100.0,GREEN,28-09-2026 12:30:00 PM,28-09-2026 12:35:00 PM,1002.7,1005.1,1002.7,1003.0,700.0,GREEN,28-09-2026 12:35:00 PM,28-09-2026 12:40:00 PM,1003.1,1003.6,1003.0,1003.3,200.0,GREEN,28-09-2026 12:40:00 PM,28-09-2026 12:45:00 PM,1003.8,1005.0,1003.8,1005.0,0.0,GREEN,28-09-2026 12:45:00 PM,28-09-2026 12:50:00 PM,1005.2,1005.5,1005.0,1005.4,150.0,RED,28-09-2026 12:50:00 PM,28-09-2026 12:55:00 PM,1005.4,1005.4,1003.2,1005.3,2100.0
ITC-5m-2026-09-28T12:50:00+05:30-RED_TO_GREEN,2026-09-28T12:55:26.522281+05:30,28-09-2026 12:55:26 PM,ITC,ITC,5m,stock,N50 & N100,NIFTY 50; NIFTY 100; NIFTY 200,3 RED → GREEN,RED_TO_GREEN,R R R G,2026-09-28T12:50:00+05:30,28-09-2026 12:50:00 PM,2026-09-28T12:55:00+05:30,28-09-2026 12:55:00 PM,266.0,266.25,265.95,266.2,GREEN,28-09-2026 12:20:00 PM,28-09-2026 12:25:00 PM,266.65,266.7,266.55,266.7,200.0,GREEN,28-09-2026 12:25:00 PM,28-09-2026 12:30:00 PM,266.7,266.8,266.6,266.75,300.0,RED,28-09-2026 12:30:00 PM,28-09-2026 12:35:00 PM,266.6,266.6,266.25,266.35,40.0,RED,28-09-2026 12:35:00 PM,28-09-2026 12:40:00 PM,266.35,266.45,266.25,266.3,300.0,RED,28-09-2026 12:40:00 PM,28-09-2026 12:45:00 PM,266.3,266.35,266.05,266.1,50.0,RED,28-09-2026 12:45:00 PM,28-09-2026 12:50:00 PM,266.1,266.15,265.9,266.0,150.0,GREEN,28-09-2026 12:50:00 PM,28-09-2026 12:55:00 PM,266.0,266.25,265.95,266.2,50.0
DELHIVERY-5m-2026-09-28T12:50:00+05:30-RED_TO_GREEN,2026-09-28T12:55:26.422165+05:30,28-09-2026 12:55:26 PM,DELHIVERY,DELHIVERY,5m,stock,OTHER,,3 RED → GREEN,RED_TO_GREEN,R R R G,2026-09-28T12:50:00+05:30,28-09-2026 12:50:00 PM,2026-09-28T12:55:00+05:30,28-09-2026 12:55:00 PM,406.75,407.15,406.2,407.0,RED,28-09-2026 12:20:00 PM,28-09-2026 12:25:00 PM,408.5,408.6,407.95,408.3,225.0,RED,28-09-2026 12:25:00 PM,28-09-2026 12:30:00 PM,408.5,408.5,407.65,408.0,70.0,RED,28-09-2026 12:30:00 PM,28-09-2026 12:35:00 PM,408.0,408.0,407.4,407.8,200.0,RED,28-09-2026 12:35:00 PM,28-09-2026 12:40:00 PM,407.9,408.2,407.05,407.8,1050.0,RED,28-09-2026 12:40:00 PM,28-09-2026 12:45:00 PM,407.75,407.9,406.15,406.85,94.44,RED,28-09-2026 12:45:00 PM,28-09-2026 12:50:00 PM,406.8,407.35,406.1,406.75,2400.0,GREEN,28-09-2026 12:50:00 PM,28-09-2026 12:55:00 PM,406.75,407.15,406.2,407.0,280.0
COALINDIA-5m-2026-09-28T12:50:00+05:30-GREEN_TO_RED,2026-09-28T12:55:26.325916+05:30,28-09-2026 12:55:26 PM,COALINDIA,COALINDIA,5m,stock,N50 & N100,NIFTY 50; NIFTY 100; NIFTY 200,3 GREEN → RED,GREEN_TO_RED,G G G R,2026-09-28T12:50:00+05:30,28-09-2026 12:50:00 PM,2026-09-28T12:55:00+05:30,28-09-2026 12:55:00 PM,426.45,426.45,425.2,425.45,RED,28-09-2026 12:20:00 PM,28-09-2026 12:25:00 PM,425.75,425.75,425.3,425.3,0.0,RED,28-09-2026 12:25:00 PM,28-09-2026 12:30:00 PM,425.4,425.45,425.1,425.35,600.0,RED,28-09-2026 12:30:00 PM,28-09-2026 12:35:00 PM,425.25,425.35,425.0,425.1,133.33,GREEN,28-09-2026 12:35:00 PM,28-09-2026 12:40:00 PM,425.15,425.35,425.15,425.25,100.0,GREEN,28-09-2026 12:40:00 PM,28-09-2026 12:45:00 PM,425.35,426.25,425.3,426.2,11.76,GREEN,28-09-2026 12:45:00 PM,28-09-2026 12:50:00 PM,426.45,426.5,426.2,426.5,500.0,RED,28-09-2026 12:50:00 PM,28-09-2026 12:55:00 PM,426.45,426.45,425.2,425.45,25.0
CIPLA-5m-2026-09-28T12:50:00+05:30-GREEN_TO_RED,2026-09-28T12:55:26.195089+05:30,28-09-2026 12:55:26 PM,CIPLA,CIPLA,5m,stock,N50 & N100,NIFTY 50; NIFTY 100; NIFTY 200,3 GREEN → RED,GREEN_TO_RED,G G G R,2026-09-28T12:50:00+05:30,28-09-2026 12:50:00 PM,2026-09-28T12:55:00+05:30,28-09-2026 12:55:00 PM,1389.6,1391.0,1386.5,1388.5,RED,28-09-2026 12:20:00 PM,28-09-2026 12:25:00 PM,1388.4,1388.4,1386.7,1386.7,0.0,RED,28-09-2026 12:25:00 PM,28-09-2026 12:30:00 PM,1387.0,1387.6,1386.3,1386.7,333.33,RED,28-09-2026 12:30:00 PM,28-09-2026 12:35:00 PM,1386.7,1387.0,1385.1,1385.2,26.67,GREEN,28-09-2026 12:35:00 PM,28-09-2026 12:40:00 PM,1386.0,1387.7,1385.4,1386.4,475.0,GREEN,28-09-2026 12:40:00 PM,28-09-2026 12:45:00 PM,1386.4,1387.4,1385.0,1387.4,140.0,GREEN,28-09-2026 12:45:00 PM,28-09-2026 12:50:00 PM,1387.4,1390.1,1386.5,1389.6,63.64,RED,28-09-2026 12:50:00 PM,28-09-2026 12:55:00 PM,1389.6,1391.0,1386.5,1388.5,309.09
ABB-5m-2026-09-28T12:50:00+05:30-RED_TO_GREEN,2026-09-28T12:55:26.126526+05:30,28-09-2026 12:55:26 PM,ABB,ABB,5m,stock,N100,NIFTY 100; NIFTY 200,3 RED → GREEN,RED_TO_GREEN,R R R G,2026-09-28T12:50:00+05:30,28-09-2026 12:50:00 PM,2026-09-28T12:55:00+05:30,28-09-2026 12:55:00 PM,6955.0,6965.0,6953.0,6958.5,GREEN,28-09-2026 12:20:00 PM,28-09-2026 12:25:00 PM,6956.0,6961.0,6953.0,6961.0,60.0,GREEN,28-09-2026 12:25:00 PM,28-09-2026 12:30:00 PM,6963.0,6973.0,6960.0,6967.0,225.0,GREEN,28-09-2026 12:30:00 PM,28-09-2026 12:35:00 PM,6967.0,6978.0,6961.5,6974.0,135.71,RED,28-09-2026 12:35:00 PM,28-09-2026 12:40:00 PM,6973.5,6973.5,6963.5,6968.0,81.82,RED,28-09-2026 12:40:00 PM,28-09-2026 12:45:00 PM,6969.5,6971.0,6962.0,6965.5,125.0,RED,28-09-2026 12:45:00 PM,28-09-2026 12:50:00 PM,6962.5,6962.5,6951.5,6955.5,57.14,GREEN,28-09-2026 12:50:00 PM,28-09-2026 12:55:00 PM,6955.0,6965.0,6953.0,6958.5,242.86
JSWSTEEL-5m-2026-09-28T12:45:00+05:30-RED_TO_GREEN,2026-09-28T12:50:24.084959+05:30,28-09-2026 12:50:24 PM,JSWSTEEL,JSWSTEEL,5m,stock,N50 & N100,NIFTY 50; NIFTY 100; NIFTY 200,3 RED → GREEN,RED_TO_GREEN,R R R G,2026-09-28T12:45:00+05:30,28-09-2026 12:45:00 PM,2026-09-28T12:50:00+05:30,28-09-2026 12:50:00 PM,1264.2,1265.0,1264.0,1264.8,RED,28-09-2026 12:15:00 PM,28-09-2026 12:20:00 PM,1263.3,1263.3,1262.8,1263.1,150.0,GREEN,28-09-2026 12:20:00 PM,28-09-2026 12:25:00 PM,1263.1,1264.7,1261.3,1264.7,112.5,GREEN,28-09-2026 12:25:00 PM,28-09-2026 12:30:00 PM,1264.7,1267.5,1264.4,1267.5,10.71,RED,28-09-2026 12:30:00 PM,28-09-2026 12:35:00 PM,1267.6,1267.7,1266.0,1266.2,21.43,RED,28-09-2026 12:35:00 PM,28-09-2026 12:40:00 PM,1266.2,1266.2,1263.9,1264.6,43.75,RED,28-09-2026 12:40:00 PM,28-09-2026 12:45:00 PM,1264.6,1265.7,1264.0,1264.1,240.0,GREEN,28-09-2026 12:45:00 PM,28-09-2026 12:50:00 PM,1264.2,1265.0,1264.0,1264.8,66.67
INFY-5m-2026-09-28T12:45:00+05:30-RED_TO_GREEN,2026-09-28T12:50:24.013282+05:30,28-09-2026 12:50:24 PM,INFY,INFY,5m,stock,N50 & N100,NIFTY 50; NIFTY 100; NIFTY 200,3 RED → GREEN,RED_TO_GREEN,R R R G,2026-09-28T12:45:00+05:30,28-09-2026 12:45:00 PM,2026-09-28T12:50:00+05:30,28-09-2026 12:50:00 PM,1000.1,1002.0,1000.0,1001.7,GREEN,28-09-2026 12:15:00 PM,28-09-2026 12:20:00 PM,999.9,1000.9,999.0,1000.4,280.0,DOJI,28-09-2026 12:20:00 PM,28-09-2026 12:25:00 PM,1000.4,1000.9,998.7,1000.4,,GREEN,28-09-2026 12:25:00 PM,28-09-2026 12:30:00 PM,1000.4,1001.2,999.8,1001.0,133.33,RED,28-09-2026 12:30:00 PM,28-09-2026 12:35:00 PM,1000.9,1001.0,999.4,1000.6,433.33,RED,28-09-2026 12:35:00 PM,28-09-2026 12:40:00 PM,1000.7,1001.0,1000.0,1000.5,400.0,RED,28-09-2026 12:40:00 PM,28-09-2026 12:45:00 PM,1000.5,1000.7,1000.0,1000.1,75.0,GREEN,28-09-2026 12:45:00 PM,28-09-2026 12:50:00 PM,1000.1,1002.0,1000.0,1001.7,25.0
HINDZINC-5m-2026-09-28T12:45:00+05:30-RED_TO_GREEN,2026-09-28T12:50:23.929496+05:30,28-09-2026 12:50:23 PM,HINDZINC,HINDZINC,5m,stock,N100,NIFTY 100; NIFTY 200,3 RED → GREEN,RED_TO_GREEN,R R R G,2026-09-28T12:45:00+05:30,28-09-2026 12:45:00 PM,2026-09-28T12:50:00+05:30,28-09-2026 12:50:00 PM,572.3,572.9,572.0,572.45,GREEN,28-09-2026 12:15:00 PM,28-09-2026 12:20:00 PM,575.0,575.6,574.85,575.35,114.29,RED,28-09-2026 12:20:00 PM,28-09-2026 12:25:00 PM,575.5,575.5,574.4,574.9,83.33,RED,28-09-2026 12:25:00 PM,28-09-2026 12:30:00 PM,574.85,575.0,573.55,574.0,70.59,RED,28-09-2026 12:30:00 PM,28-09-2026 12:35:00 PM,574.15,574.45,573.8,573.8,85.71,RED,28-09-2026 12:35:00 PM,28-09-2026 12:40:00 PM,573.8,574.0,572.55,572.55,16.0,RED,28-09-2026 12:40:00 PM,28-09-2026 12:45:00 PM,572.55,572.95,572.1,572.3,240.0,GREEN,28-09-2026 12:45:00 PM,28-09-2026 12:50:00 PM,572.3,572.9,572.0,572.45,500.0
HEROMOTOCO-5m-2026-09-28T12:45:00+05:30-GREEN_TO_RED,2026-09-28T12:50:23.831189+05:30,28-09-2026 12:50:23 PM,HEROMOTOCO,HEROMOTOCO,5m,stock,N50 & N100,NIFTY 50; NIFTY 100; NIFTY 200,3 GREEN → RED,GREEN_TO_RED,G G G R,2026-09-28T12:45:00+05:30,28-09-2026 12:45:00 PM,2026-09-28T12:50:00+05:30,28-09-2026 12:50:00 PM,5366.5,5368.5,5360.0,5361.5,RED,28-09-2026 12:15:00 PM,28-09-2026 12:20:00 PM,5353.0,5360.5,5345.5,5352.0,1400.0,GREEN,28-09-2026 12:20:00 PM,28-09-2026 12:25:00 PM,5353.5,5360.0,5351.0,5358.0,100.0,RED,28-09-2026 12:25:00 PM,28-09-2026 12:30:00 PM,5358.0,5360.0,5350.0,5354.5,185.71,GREEN,28-09-2026 12:30:00 PM,28-09-2026 12:35:00 PM,5355.0,5358.5,5349.5,5357.5,260.0,GREEN,28-09-2026 12:35:00 PM,28-09-2026 12:40:00 PM,5357.5,5360.5,5353.0,5359.5,275.0,GREEN,28-09-2026 12:40:00 PM,28-09-2026 12:45:00 PM,5359.5,5369.0,5358.5,5368.0,23.53,RED,28-09-2026 12:45:00 PM,28-09-2026 12:50:00 PM,5366.5,5368.5,5360.0,5361.5,70.0
HDFCBANK-5m-2026-09-28T12:45:00+05:30-RED_TO_GREEN,2026-09-28T12:50:23.690617+05:30,28-09-2026 12:50:23 PM,HDFCBANK,HDFCBANK,5m,stock,N50 & N100,NIFTY 50; NIFTY 100; NIFTY 200,3 RED → GREEN,RED_TO_GREEN,R R R G,2026-09-28T12:45:00+05:30,28-09-2026 12:45:00 PM,2026-09-28T12:50:00+05:30,28-09-2026 12:50:00 PM,721.5,722.05,721.2,721.7,RED,28-09-2026 12:15:00 PM,28-09-2026 12:20:00 PM,722.1,722.2,721.4,722.05,1500.0,GREEN,28-09-2026 12:20:00 PM,28-09-2026 12:25:00 PM,722.05,723.0,722.0,722.6,81.82,GREEN,28-09-2026 12:25:00 PM,28-09-2026 12:30:00 PM,722.8,723.2,722.35,722.9,750.0,RED,28-09-2026 12:30:00 PM,28-09-2026 12:35:00 PM,722.85,723.0,721.95,722.2,61.54,RED,28-09-2026 12:35:00 PM,28-09-2026 12:40:00 PM,722.2,722.3,721.5,721.65,45.45,RED,28-09-2026 12:40:00 PM,28-09-2026 12:45:00 PM,721.65,722.4,721.45,721.5,533.33,GREEN,28-09-2026 12:45:00 PM,28-09-2026 12:50:00 PM,721.5,722.05,721.2,721.7,325.0
HCLTECH-5m-2026-09-28T12:45:00+05:30-RED_TO_GREEN,2026-09-28T12:50:23.619634+05:30,28-09-2026 12:50:23 PM,HCLTECH,HCLTECH,5m,stock,N50 & N100,NIFTY 50; NIFTY 100; NIFTY 200,3 RED → GREEN,RED_TO_GREEN,R R R G,2026-09-28T12:45:00+05:30,28-09-2026 12:45:00 PM,2026-09-28T12:50:00+05:30,28-09-2026 12:50:00 PM,1247.7,1249.0,1247.5,1248.7,DOJI,28-09-2026 12:15:00 PM,28-09-2026 12:20:00 PM,1248.6,1249.5,1247.7,1248.6,,GREEN,28-09-2026 12:20:00 PM,28-09-2026 12:25:00 PM,1248.2,1249.3,1246.7,1249.1,188.89,GREEN,28-09-2026 12:25:00 PM,28-09-2026 12:30:00 PM,1249.1,1249.8,1248.1,1249.8,142.86,RED,28-09-2026 12:30:00 PM,28-09-2026 12:35:00 PM,1250.1,1250.1,1247.8,1248.4,35.29,RED,28-09-2026 12:35:00 PM,28-09-2026 12:40:00 PM,1248.3,1249.1,1247.4,1247.9,325.0,RED,28-09-2026 12:40:00 PM,28-09-2026 12:45:00 PM,1247.9,1249.0,1247.4,1247.7,700.0,GREEN,28-09-2026 12:45:00 PM,28-09-2026 12:50:00 PM,1247.7,1249.0,1247.5,1248.7,50.0
CANBK-5m-2026-09-28T12:45:00+05:30-RED_TO_GREEN,2026-09-28T12:50:23.560243+05:30,28-09-2026 12:50:23 PM,CANBK,CANBK,5m,stock,N100,NIFTY 100; NIFTY 200,3 RED → GREEN,RED_TO_GREEN,R R R G,2026-09-28T12:45:00+05:30,28-09-2026 12:45:00 PM,2026-09-28T12:50:00+05:30,28-09-2026 12:50:00 PM,121.72,121.79,121.65,121.73,GREEN,28-09-2026 12:15:00 PM,28-09-2026 12:20:00 PM,121.6,121.69,121.6,121.65,80.0,GREEN,28-09-2026 12:20:00 PM,28-09-2026 12:25:00 PM,121.66,121.79,121.64,121.79,15.38,GREEN,28-09-2026 12:25:00 PM,28-09-2026 12:30:00 PM,121.73,121.94,121.73,121.94,0.0,RED,28-09-2026 12:30:00 PM,28-09-2026 12:35:00 PM,121.94,121.95,121.8,121.8,7.14,RED,28-09-2026 12:35:00 PM,28-09-2026 12:40:00 PM,121.81,121.83,121.75,121.79,300.0,RED,28-09-2026 12:40:00 PM,28-09-2026 12:45:00 PM,121.76,121.82,121.69,121.72,225.0,GREEN,28-09-2026 12:45:00 PM,28-09-2026 12:50:00 PM,121.72,121.79,121.65,121.73,1300.0
SENSEX-5m-2026-09-28T12:30:00+05:30-GREEN_TO_RED,2026-09-28T12:46:27.397890+05:30,28-09-2026 12:46:27 PM,SENSEX,SENSEX,5m,index,INDEX,SENSEX,3 GREEN → RED,GREEN_TO_RED,G G G R,2026-09-28T12:30:00+05:30,28-09-2026 12:30:00 PM,2026-09-28T12:35:00+05:30,28-09-2026 12:35:00 PM,72989.19,72990.15,72975.4,72979.27,RED,28-09-2026 12:00:00 PM,28-09-2026 12:05:00 PM,72903.72,72936.09,72897.39,72900.68,1173.03,GREEN,28-09-2026 12:05:00 PM,28-09-2026 12:10:00 PM,72899.77,72951.93,72896.31,72928.85,91.27,RED,28-09-2026 12:10:00 PM,28-09-2026 12:15:00 PM,72927.82,72932.74,72912.92,72923.54,363.08,GREEN,28-09-2026 12:15:00 PM,28-09-2026 12:20:00 PM,72927.02,72937.81,72898.23,72936.39,322.41,GREEN,28-09-2026 12:20:00 PM,28-09-2026 12:25:00 PM,72937.34,72961.33,72919.87,72961.33,72.82,GREEN,28-09-2026 12:25:00 PM,28-09-2026 12:30:00 PM,72961.68,72990.63,72959.35,72988.57,16.33,RED,28-09-2026 12:30:00 PM,28-09-2026 12:35:00 PM,72989.19,72990.15,72975.4,72979.27,48.69
CDSL-5m-2026-09-28T12:40:00+05:30-RED_TO_GREEN,2026-09-28T12:45:34.313649+05:30,28-09-2026 12:45:34 PM,CDSL,CDSL,5m,stock,OTHER,,3 RED → GREEN,RED_TO_GREEN,R R R G,2026-09-28T12:40:00+05:30,28-09-2026 12:40:00 PM,2026-09-28T12:45:00+05:30,28-09-2026 12:45:00 PM,1299.4,1300.4,1299.1,1300.0,GREEN,28-09-2026 12:10:00 PM,28-09-2026 12:15:00 PM,1300.6,1301.2,1299.7,1301.2,150.0,GREEN,28-09-2026 12:15:00 PM,28-09-2026 12:20:00 PM,1300.5,1301.6,1300.5,1301.5,10.0,GREEN,28-09-2026 12:20:00 PM,28-09-2026 12:25:00 PM,1301.5,1302.0,1300.6,1302.0,180.0,RED,28-09-2026 12:25:00 PM,28-09-2026 12:30:00 PM,1302.0,1302.3,1300.4,1301.6,375.0,RED,28-09-2026 12:30:00 PM,28-09-2026 12:35:00 PM,1301.6,1302.0,1300.1,1300.9,171.43,RED,28-09-2026 12:35:00 PM,28-09-2026 12:40:00 PM,1300.1,1300.6,1298.7,1299.3,137.5,GREEN,28-09-2026 12:40:00 PM,28-09-2026 12:45:00 PM,1299.4,1300.4,1299.1,1300.0,116.67
BHARTIARTL-5m-2026-09-28T12:40:00+05:30-RED_TO_GREEN,2026-09-28T12:45:34.259422+05:30,28-09-2026 12:45:34 PM,BHARTIARTL,BHARTIARTL,5m,stock,N50 & N100,NIFTY 50; NIFTY 100; NIFTY 200,3 RED → GREEN,RED_TO_GREEN,R R R G,2026-09-28T12:40:00+05:30,28-09-2026 12:40:00 PM,2026-09-28T12:45:00+05:30,28-09-2026 12:45:00 PM,1775.3,1777.3,1775.1,1777.3,GREEN,28-09-2026 12:10:00 PM,28-09-2026 12:15:00 PM,1777.1,1779.0,1777.0,1778.2,81.82,RED,28-09-2026 12:15:00 PM,28-09-2026 12:20:00 PM,1778.4,1779.5,1777.7,1778.1,500.0,RED,28-09-2026 12:20:00 PM,28-09-2026 12:25:00 PM,1778.2,1778.3,1777.2,1778.0,450.0,RED,28-09-2026 12:25:00 PM,28-09-2026 12:30:00 PM,1778.0,1778.5,1776.9,1777.6,300.0,RED,28-09-2026 12:30:00 PM,28-09-2026 12:35:00 PM,1777.5,1778.0,1775.3,1775.4,28.57,RED,28-09-2026 12:35:00 PM,28-09-2026 12:40:00 PM,1775.4,1775.8,1773.8,1775.3,1900.0,GREEN,28-09-2026 12:40:00 PM,28-09-2026 12:45:00 PM,1775.3,1777.3,1775.1,1777.3,10.0
BEL-5m-2026-09-28T12:40:00+05:30-GREEN_TO_RED,2026-09-28T12:45:34.219011+05:30,28-09-2026 12:45:34 PM,BEL,BEL,5m,stock,N50 & N100,NIFTY 50; NIFTY 100; NIFTY 200,3 GREEN → RED,GREEN_TO_RED,G G G R,2026-09-28T12:40:00+05:30,28-09-2026 12:40:00 PM,2026-09-28T12:45:00+05:30,28-09-2026 12:45:00 PM,387.85,388.05,387.3,387.4,GREEN,28-09-2026 12:10:00 PM,28-09-2026 12:15:00 PM,384.95,385.1,384.4,385.05,600.0,GREEN,28-09-2026 12:15:00 PM,28-09-2026 12:20:00 PM,385.1,385.45,385.0,385.35,80.0,GREEN,28-09-2026 12:20:00 PM,28-09-2026 12:25:00 PM,385.35,386.6,385.25,386.35,35.0,GREEN,28-09-2026 12:25:00 PM,28-09-2026 12:30:00 PM,386.45,386.95,386.3,386.9,44.44,GREEN,28-09-2026 12:30:00 PM,28-09-2026 12:35:00 PM,386.9,387.15,386.5,387.1,225.0,GREEN,28-09-2026 12:35:00 PM,28-09-2026 12:40:00 PM,387.1,388.05,387.0,387.85,40.0,RED,28-09-2026 12:40:00 PM,28-09-2026 12:45:00 PM,387.85,388.05,387.3,387.4,66.67
ASIANPAINT-5m-2026-09-28T12:40:00+05:30-RED_TO_GREEN,2026-09-28T12:45:34.189302+05:30,28-09-2026 12:45:34 PM,ASIANPAINT,ASIANPAINT,5m,stock,N50 & N100,NIFTY 50; NIFTY 100; NIFTY 200,3 RED → GREEN,RED_TO_GREEN,R R R G,2026-09-28T12:40:00+05:30,28-09-2026 12:40:00 PM,2026-09-28T12:45:00+05:30,28-09-2026 12:45:00 PM,2425.7,2428.4,2425.7,2427.9,GREEN,28-09-2026 12:10:00 PM,28-09-2026 12:15:00 PM,2424.4,2429.1,2422.8,2428.9,40.0,GREEN,28-09-2026 12:15:00 PM,28-09-2026 12:20:00 PM,2428.7,2429.7,2428.0,2429.5,112.5,RED,28-09-2026 12:20:00 PM,28-09-2026 12:25:00 PM,2429.5,2429.6,2425.3,2428.9,616.67,RED,28-09-2026 12:25:00 PM,28-09-2026 12:30:00 PM,2428.0,2429.6,2426.1,2427.5,600.0,RED,28-09-2026 12:30:00 PM,28-09-2026 12:35:00 PM,2427.5,2428.7,2426.2,2426.7,212.5,RED,28-09-2026 12:35:00 PM,28-09-2026 12:40:00 PM,2426.7,2426.7,2424.0,2425.7,170.0,GREEN,28-09-2026 12:40:00 PM,28-09-2026 12:45:00 PM,2425.7,2428.4,2425.7,2427.9,22.73
NTPC-5m-2026-09-28T12:40:00+05:30-GREEN_TO_RED,2026-09-28T12:45:03.625216+05:30,28-09-2026 12:45:03 PM,NTPC,NTPC,5m,stock,N50 & N100,NIFTY 50; NIFTY 100; NIFTY 200,3 GREEN → RED,GREEN_TO_RED,G G G R,2026-09-28T12:40:00+05:30,28-09-2026 12:40:00 PM,2026-09-28T12:45:00+05:30,28-09-2026 12:45:00 PM,323.2,323.2,322.8,322.8,RED,28-09-2026 12:10:00 PM,28-09-2026 12:15:00 PM,323.05,323.05,322.6,323.0,800.0,RED,28-09-2026 12:15:00 PM,28-09-2026 12:20:00 PM,323.0,323.05,322.6,322.85,200.0,RED,28-09-2026 12:20:00 PM,28-09-2026 12:25:00 PM,322.9,322.9,322.45,322.6,50.0,GREEN,28-09-2026 12:25:00 PM,28-09-2026 12:30:00 PM,322.6,323.0,322.6,322.85,60.0,GREEN,28-09-2026 12:30:00 PM,28-09-2026 12:35:00 PM,322.85,323.05,322.85,322.95,100.0,GREEN,28-09-2026 12:35:00 PM,28-09-2026 12:40:00 PM,322.9,323.2,322.8,323.0,300.0,RED,28-09-2026 12:40:00 PM,28-09-2026 12:45:00 PM,323.2,323.2,322.8,322.8,0.0
LUPIN-5m-2026-09-28T12:40:00+05:30-GREEN_TO_RED,2026-09-28T12:45:03.553434+05:30,28-09-2026 12:45:03 PM,LUPIN,LUPIN,5m,stock,OTHER,,3 GREEN → RED,GREEN_TO_RED,G G G R,2026-09-28T12:40:00+05:30,28-09-2026 12:40:00 PM,2026-09-28T12:45:00+05:30,28-09-2026 12:45:00 PM,2068.3,2068.3,2067.0,2067.4,RED,28-09-2026 12:10:00 PM,28-09-2026 12:15:00 PM,2065.2,2065.7,2063.6,2063.6,31.25,GREEN,28-09-2026 12:15:00 PM,28-09-2026 12:20:00 PM,2063.6,2066.0,2063.0,2065.4,66.67,RED,28-09-2026 12:20:00 PM,28-09-2026 12:25:00 PM,2065.4,2065.4,2063.1,2063.9,53.33,GREEN,28-09-2026 12:25:00 PM,28-09-2026 12:30:00 PM,2063.9,2067.5,2063.3,2067.4,20.0,GREEN,28-09-2026 12:30:00 PM,28-09-2026 12:35:00 PM,2067.4,2068.0,2066.7,2068.0,116.67,GREEN,28-09-2026 12:35:00 PM,28-09-2026 12:40:00 PM,2068.0,2070.0,2067.5,2068.3,733.33,RED,28-09-2026 12:40:00 PM,28-09-2026 12:45:00 PM,2068.3,2068.3,2067.0,2067.4,44.44
NESTLEIND-5m-2026-09-28T12:35:00+05:30-GREEN_TO_RED,2026-09-28T12:40:21.720307+05:30,28-09-2026 12:40:21 PM,NESTLEIND,NESTLEIND,5m,stock,N50 & N100,NIFTY 50; NIFTY 100; NIFTY 200,3 GREEN → RED,GREEN_TO_RED,G G G R,2026-09-28T12:35:00+05:30,28-09-2026 12:35:00 PM,2026-09-28T12:40:00+05:30,28-09-2026 12:40:00 PM,1355.9,1355.9,1355.0,1355.1,RED,28-09-2026 12:05:00 PM,28-09-2026 12:10:00 PM,1356.3,1356.3,1354.8,1355.1,25.0,DOJI,28-09-2026 12:10:00 PM,28-09-2026 12:15:00 PM,1355.1,1355.7,1354.9,1355.1,,RED,28-09-2026 12:15:00 PM,28-09-2026 12:20:00 PM,1355.1,1355.1,1354.1,1354.1,0.0,GREEN,28-09-2026 12:20:00 PM,28-09-2026 12:25:00 PM,1354.6,1355.0,1354.2,1354.8,300.0,GREEN,28-09-2026 12:25:00 PM,28-09-2026 12:30:00 PM,1354.8,1355.4,1354.4,1355.1,233.33,GREEN,28-09-2026 12:30:00 PM,28-09-2026 12:35:00 PM,1355.0,1355.9,1354.6,1355.5,160.0,RED,28-09-2026 12:35:00 PM,28-09-2026 12:40:00 PM,1355.9,1355.9,1355.0,1355.1,12.5
INDUSINDBK-5m-2026-09-28T12:35:00+05:30-GREEN_TO_RED,2026-09-28T12:40:21.586469+05:30,28-09-2026 12:40:21 PM,INDUSINDBK,INDUSINDBK,5m,stock,N50 & N100,NIFTY 50; NIFTY 100; NIFTY 200,3 GREEN → RED,GREEN_TO_RED,G G G R,2026-09-28T12:35:00+05:30,28-09-2026 12:35:00 PM,2026-09-28T12:40:00+05:30,28-09-2026 12:40:00 PM,901.4,901.4,898.8,899.1,GREEN,28-09-2026 12:05:00 PM,28-09-2026 12:10:00 PM,894.0,895.2,893.7,894.6,150.0,GREEN,28-09-2026 12:10:00 PM,28-09-2026 12:15:00 PM,894.6,896.6,894.4,896.4,22.22,GREEN,28-09-2026 12:15:00 PM,28-09-2026 12:20:00 PM,896.4,899.3,896.3,899.2,7.14,GREEN,28-09-2026 12:20:00 PM,28-09-2026 12:25:00 PM,899.2,899.3,898.2,899.3,1000.0,GREEN,28-09-2026 12:25:00 PM,28-09-2026 12:30:00 PM,898.7,899.8,898.6,899.8,9.09,GREEN,28-09-2026 12:30:00 PM,28-09-2026 12:35:00 PM,899.8,901.4,899.6,901.4,12.5,RED,28-09-2026 12:35:00 PM,28-09-2026 12:40:00 PM,901.4,901.4,898.8,899.1,13.04
COALINDIA-5m-2026-09-28T12:35:00+05:30-RED_TO_GREEN,2026-09-28T12:40:21.484103+05:30,28-09-2026 12:40:21 PM,COALINDIA,COALINDIA,5m,stock,N50 & N100,NIFTY 50; NIFTY 100; NIFTY 200,3 RED → GREEN,RED_TO_GREEN,R R R G,2026-09-28T12:35:00+05:30,28-09-2026 12:35:00 PM,2026-09-28T12:40:00+05:30,28-09-2026 12:40:00 PM,425.15,425.35,425.15,425.25,RED,28-09-2026 12:05:00 PM,28-09-2026 12:10:00 PM,426.15,426.15,425.55,425.7,33.33,RED,28-09-2026 12:10:00 PM,28-09-2026 12:15:00 PM,425.7,426.3,425.5,425.65,1500.0,GREEN,28-09-2026 12:15:00 PM,28-09-2026 12:20:00 PM,425.65,426.0,425.25,425.7,1400.0,RED,28-09-2026 12:20:00 PM,28-09-2026 12:25:00 PM,425.75,425.75,425.3,425.3,0.0,RED,28-09-2026 12:25:00 PM,28-09-2026 12:30:00 PM,425.4,425.45,425.1,425.35,600.0,RED,28-09-2026 12:30:00 PM,28-09-2026 12:35:00 PM,425.25,425.35,425.0,425.1,133.33,GREEN,28-09-2026 12:35:00 PM,28-09-2026 12:40:00 PM,425.15,425.35,425.15,425.25,100.0
CIPLA-5m-2026-09-28T12:35:00+05:30-RED_TO_GREEN,2026-09-28T12:40:21.365556+05:30,28-09-2026 12:40:21 PM,CIPLA,CIPLA,5m,stock,N50 & N100,NIFTY 50; NIFTY 100; NIFTY 200,3 RED → GREEN,RED_TO_GREEN,R R R G,2026-09-28T12:35:00+05:30,28-09-2026 12:35:00 PM,2026-09-28T12:40:00+05:30,28-09-2026 12:40:00 PM,1386.0,1387.7,1385.4,1386.4,RED,28-09-2026 12:05:00 PM,28-09-2026 12:10:00 PM,1388.4,1389.1,1386.7,1387.6,200.0,GREEN,28-09-2026 12:10:00 PM,28-09-2026 12:15:00 PM,1388.1,1389.1,1387.6,1388.6,200.0,RED,28-09-2026 12:15:00 PM,28-09-2026 12:20:00 PM,1388.5,1388.5,1385.0,1388.4,3400.0,RED,28-09-2026 12:20:00 PM,28-09-2026 12:25:00 PM,1388.4,1388.4,1386.7,1386.7,0.0,RED,28-09-2026 12:25:00 PM,28-09-2026 12:30:00 PM,1387.0,1387.6,1386.3,1386.7,333.33,RED,28-09-2026 12:30:00 PM,28-09-2026 12:35:00 PM,1386.7,1387.0,1385.1,1385.2,26.67,GREEN,28-09-2026 12:35:00 PM,28-09-2026 12:40:00 PM,1386.0,1387.7,1385.4,1386.4,475.0
BSE-5m-2026-09-28T12:35:00+05:30-RED_TO_GREEN,2026-09-28T12:40:21.302685+05:30,28-09-2026 12:40:21 PM,BSE,BSE,5m,stock,OTHER,,3 RED → GREEN,RED_TO_GREEN,R R R G,2026-09-28T12:35:00+05:30,28-09-2026 12:35:00 PM,2026-09-28T12:40:00+05:30,28-09-2026 12:40:00 PM,3150.5,3155.0,3149.9,3153.0,GREEN,28-09-2026 12:05:00 PM,28-09-2026 12:10:00 PM,3150.0,3159.0,3150.0,3158.2,9.76,RED,28-09-2026 12:10:00 PM,28-09-2026 12:15:00 PM,3158.0,3159.5,3155.9,3157.2,350.0,RED,28-09-2026 12:15:00 PM,28-09-2026 12:20:00 PM,3158.0,3158.2,3152.9,3152.9,3.92,RED,28-09-2026 12:20:00 PM,28-09-2026 12:25:00 PM,3153.8,3156.7,3151.1,3152.2,250.0,RED,28-09-2026 12:25:00 PM,28-09-2026 12:30:00 PM,3152.2,3153.8,3148.1,3151.4,612.5,RED,28-09-2026 12:30:00 PM,28-09-2026 12:35:00 PM,3151.7,3152.8,3150.0,3150.2,86.67,GREEN,28-09-2026 12:35:00 PM,28-09-2026 12:40:00 PM,3150.5,3155.0,3149.9,3153.0,104.0
ABB-5m-2026-09-28T12:35:00+05:30-GREEN_TO_RED,2026-09-28T12:40:21.244612+05:30,28-09-2026 12:40:21 PM,ABB,ABB,5m,stock,N100,NIFTY 100; NIFTY 200,3 GREEN → RED,GREEN_TO_RED,G G G R,2026-09-28T12:35:00+05:30,28-09-2026 12:35:00 PM,2026-09-28T12:40:00+05:30,28-09-2026 12:40:00 PM,6973.5,6973.5,6963.5,6968.0,GREEN,28-09-2026 12:05:00 PM,28-09-2026 12:10:00 PM,6955.0,6964.0,6954.0,6958.5,185.71,RED,28-09-2026 12:10:00 PM,28-09-2026 12:15:00 PM,6956.5,6960.0,6951.0,6955.5,800.0,GREEN,28-09-2026 12:15:00 PM,28-09-2026 12:20:00 PM,6955.0,6956.5,6949.0,6956.5,400.0,GREEN,28-09-2026 12:20:00 PM,28-09-2026 12:25:00 PM,6956.0,6961.0,6953.0,6961.0,60.0,GREEN,28-09-2026 12:25:00 PM,28-09-2026 12:30:00 PM,6963.0,6973.0,6960.0,6967.0,225.0,GREEN,28-09-2026 12:30:00 PM,28-09-2026 12:35:00 PM,6967.0,6978.0,6961.5,6974.0,135.71,RED,28-09-2026 12:35:00 PM,28-09-2026 12:40:00 PM,6973.5,6973.5,6963.5,6968.0,81.82
BANKNIFTY-5m-2026-09-28T12:30:00+05:30-GREEN_TO_RED,2026-09-28T12:35:31.995784+05:30,28-09-2026 12:35:31 PM,BANKNIFTY,BANK NIFTY,5m,index,INDEX,NIFTY BANK,3 GREEN → RED,GREEN_TO_RED,G G G R,2026-09-28T12:30:00+05:30,28-09-2026 12:30:00 PM,2026-09-28T12:35:00+05:30,28-09-2026 12:35:00 PM,54641.7,54651.85,54594.6,54611.4,RED,28-09-2026 12:00:00 PM,28-09-2026 12:05:00 PM,54598.05,54610.65,54568.8,54576.9,97.87,GREEN,28-09-2026 12:05:00 PM,28-09-2026 12:10:00 PM,54575.55,54616.25,54569.3,54592.8,172.17,GREEN,28-09-2026 12:10:00 PM,28-09-2026 12:15:00 PM,54591.8,54614.4,54572.75,54592.0,20725.0,GREEN,28-09-2026 12:15:00 PM,28-09-2026 12:20:00 PM,54594.25,54598.85,54563.55,54596.7,1340.82,GREEN,28-09-2026 12:20:00 PM,28-09-2026 12:25:00 PM,54596.85,54610.1,54578.45,54608.75,165.97,GREEN,28-09-2026 12:25:00 PM,28-09-2026 12:30:00 PM,54608.1,54647.7,54599.95,54642.85,37.41,RED,28-09-2026 12:30:00 PM,28-09-2026 12:35:00 PM,54641.7,54651.85,54594.6,54611.4,88.94
NIFTY50-5m-2026-09-28T12:30:00+05:30-GREEN_TO_RED,2026-09-28T12:35:31.909660+05:30,28-09-2026 12:35:31 PM,NIFTY50,NIFTY 50,5m,index,INDEX,NIFTY 50; NIFTY 100; NIFTY 200,3 GREEN → RED,GREEN_TO_RED,G G G R,2026-09-28T12:30:00+05:30,28-09-2026 12:30:00 PM,2026-09-28T12:35:00+05:30,28-09-2026 12:35:00 PM,22853.8,22855.35,22835.5,22838.8,RED,28-09-2026 12:00:00 PM,28-09-2026 12:05:00 PM,22826.35,22835.65,22822.45,22823.85,428.0,GREEN,28-09-2026 12:05:00 PM,28-09-2026 12:10:00 PM,22823.85,22838.1,22822.55,22832.35,82.94,GREEN,28-09-2026 12:10:00 PM,28-09-2026 12:15:00 PM,22832.3,22835.0,22827.55,22834.3,272.5,GREEN,28-09-2026 12:15:00 PM,28-09-2026 12:20:00 PM,22834.15,22837.3,22824.8,22836.45,443.48,GREEN,28-09-2026 12:20:00 PM,28-09-2026 12:25:00 PM,22836.4,22843.9,22830.15,22843.9,83.33,GREEN,28-09-2026 12:25:00 PM,28-09-2026 12:30:00 PM,22844.0,22855.45,22840.85,22854.1,44.55,RED,28-09-2026 12:30:00 PM,28-09-2026 12:35:00 PM,22853.8,22855.35,22835.5,22838.8,32.33
VEDL-5m-2026-09-28T12:30:00+05:30-GREEN_TO_RED,2026-09-28T12:35:11.731602+05:30,28-09-2026 12:35:11 PM,VEDL,VEDL,5m,stock,N100,NIFTY 100; NIFTY 200,3 GREEN → RED,GREEN_TO_RED,G G G R,2026-09-28T12:30:00+05:30,28-09-2026 12:30:00 PM,2026-09-28T12:35:00+05:30,28-09-2026 12:35:00 PM,261.7,261.8,261.45,261.55,GREEN,28-09-2026 12:00:00 PM,28-09-2026 12:05:00 PM,261.25,261.65,261.25,261.4,166.67,RED,28-09-2026 12:05:00 PM,28-09-2026 12:10:00 PM,261.45,261.5,261.25,261.3,66.67,GREEN,28-09-2026 12:10:00 PM,28-09-2026 12:15:00 PM,261.25,261.6,261.2,261.55,33.33,GREEN,28-09-2026 12:15:00 PM,28-09-2026 12:20:00 PM,261.55,261.6,261.25,261.6,600.0,GREEN,28-09-2026 12:20:00 PM,28-09-2026 12:25:00 PM,261.55,261.6,261.25,261.6,600.0,GREEN,28-09-2026 12:25:00 PM,28-09-2026 12:30:00 PM,261.6,261.8,261.5,261.8,50.0,RED,28-09-2026 12:30:00 PM,28-09-2026 12:35:00 PM,261.7,261.8,261.45,261.55,133.33
TECHM-5m-2026-09-28T12:30:00+05:30-GREEN_TO_RED,2026-09-28T12:35:11.683357+05:30,28-09-2026 12:35:11 PM,TECHM,TECHM,5m,stock,N50 & N100,NIFTY 50; NIFTY 100; NIFTY 200,3 GREEN → RED,GREEN_TO_RED,G G G R,2026-09-28T12:30:00+05:30,28-09-2026 12:30:00 PM,2026-09-28T12:35:00+05:30,28-09-2026 12:35:00 PM,1548.2,1548.2,1545.2,1545.2,GREEN,28-09-2026 12:00:00 PM,28-09-2026 12:05:00 PM,1541.4,1542.8,1540.3,1542.3,177.78,GREEN,28-09-2026 12:05:00 PM,28-09-2026 12:10:00 PM,1542.4,1544.4,1542.0,1543.7,84.62,GREEN,28-09-2026 12:10:00 PM,28-09-2026 12:15:00 PM,1543.8,1545.9,1543.3,1545.6,44.44,GREEN,28-09-2026 12:15:00 PM,28-09-2026 12:20:00 PM,1545.6,1547.6,1545.0,1546.1,420.0,GREEN,28-09-2026 12:20:00 PM,28-09-2026 12:25:00 PM,1546.1,1547.7,1545.0,1546.3,1250.0,GREEN,28-09-2026 12:25:00 PM,28-09-2026 12:30:00 PM,1546.7,1547.9,1546.7,1547.8,9.09,RED,28-09-2026 12:30:00 PM,28-09-2026 12:35:00 PM,1548.2,1548.2,1545.2,1545.2,0.0
TCS-5m-2026-09-28T12:30:00+05:30-GREEN_TO_RED,2026-09-28T12:35:11.612777+05:30,28-09-2026 12:35:11 PM,TCS,TCS,5m,stock,N50 & N100,NIFTY 50; NIFTY 100; NIFTY 200,3 GREEN → RED,GREEN_TO_RED,G G G R,2026-09-28T12:30:00+05:30,28-09-2026 12:30:00 PM,2026-09-28T12:35:00+05:30,28-09-2026 12:35:00 PM,2078.2,2078.7,2074.1,2076.8,GREEN,28-09-2026 12:00:00 PM,28-09-2026 12:05:00 PM,2066.4,2070.9,2066.2,2069.1,74.07,GREEN,28-09-2026 12:05:00 PM,28-09-2026 12:10:00 PM,2069.0,2074.9,2068.9,2074.3,13.21,GREEN,28-09-2026 12:10:00 PM,28-09-2026 12:15:00 PM,2074.5,2075.4,2072.0,2074.8,1033.33,GREEN,28-09-2026 12:15:00 PM,28-09-2026 12:20:00 PM,2075.0,2076.2,2071.4,2075.5,860.0,GREEN,28-09-2026 12:20:00 PM,28-09-2026 12:25:00 PM,2075.3,2076.3,2073.2,2075.5,1450.0,GREEN,28-09-2026 12:25:00 PM,28-09-2026 12:30:00 PM,2075.5,2078.5,2075.3,2078.2,18.52,RED,28-09-2026 12:30:00 PM,28-09-2026 12:35:00 PM,2078.2,2078.7,2074.1,2076.8,228.57
MOTILALOFS-5m-2026-09-28T12:30:00+05:30-GREEN_TO_RED,2026-09-28T12:35:11.531315+05:30,28-09-2026 12:35:11 PM,MOTILALOFS,MOTILALOFS,5m,stock,OTHER,,3 GREEN → RED,GREEN_TO_RED,G G G R,2026-09-28T12:30:00+05:30,28-09-2026 12:30:00 PM,2026-09-28T12:35:00+05:30,28-09-2026 12:35:00 PM,1017.8,1018.0,1016.4,1016.4,GREEN,28-09-2026 12:00:00 PM,28-09-2026 12:05:00 PM,1015.5,1016.0,1015.2,1015.8,166.67,GREEN,28-09-2026 12:05:00 PM,28-09-2026 12:10:00 PM,1015.8,1016.8,1015.3,1016.5,114.29,RED,28-09-2026 12:10:00 PM,28-09-2026 12:15:00 PM,1016.4,1016.6,1014.1,1015.1,92.31,GREEN,28-09-2026 12:15:00 PM,28-09-2026 12:20:00 PM,1015.2,1015.8,1014.7,1015.5,266.67,GREEN,28-09-2026 12:20:00 PM,28-09-2026 12:25:00 PM,1015.6,1015.9,1014.6,1015.9,333.33,GREEN,28-09-2026 12:25:00 PM,28-09-2026 12:30:00 PM,1015.9,1017.8,1015.9,1017.8,0.0,RED,28-09-2026 12:30:00 PM,28-09-2026 12:35:00 PM,1017.8,1018.0,1016.4,1016.4,14.29
M&M-5m-2026-09-28T12:30:00+05:30-GREEN_TO_RED,2026-09-28T12:35:11.446599+05:30,28-09-2026 12:35:11 PM,M&M,M&M,5m,stock,N50 & N100,NIFTY 50; NIFTY 100; NIFTY 200,3 GREEN → RED,GREEN_TO_RED,G G G R,2026-09-28T12:30:00+05:30,28-09-2026 12:30:00 PM,2026-09-28T12:35:00+05:30,28-09-2026 12:35:00 PM,2989.9,2992.4,2989.2,2989.7,RED,28-09-2026 12:00:00 PM,28-09-2026 12:05:00 PM,2987.3,2987.3,2983.0,2983.6,16.22,RED,28-09-2026 12:05:00 PM,28-09-2026 12:10:00 PM,2983.7,2984.9,2983.0,2983.0,171.43,RED,28-09-2026 12:10:00 PM,28-09-2026 12:15:00 PM,2983.3,2983.3,2981.1,2981.1,0.0,GREEN,28-09-2026 12:15:00 PM,28-09-2026 12:20:00 PM,2981.1,2987.8,2980.7,2986.8,24.56,GREEN,28-09-2026 12:20:00 PM,28-09-2026 12:25:00 PM,2987.1,2988.3,2985.8,2988.0,177.78,GREEN,28-09-2026 12:25:00 PM,28-09-2026 12:30:00 PM,2988.0,2989.9,2987.1,2989.2,133.33,RED,28-09-2026 12:30:00 PM,28-09-2026 12:35:00 PM,2989.9,2992.4,2989.2,2989.7,1500.0
ITC-5m-2026-09-28T12:30:00+05:30-GREEN_TO_RED,2026-09-28T12:35:11.375684+05:30,28-09-2026 12:35:11 PM,ITC,ITC,5m,stock,N50 & N100,NIFTY 50; NIFTY 100; NIFTY 200,3 GREEN → RED,GREEN_TO_RED,G G G R,2026-09-28T12:30:00+05:30,28-09-2026 12:30:00 PM,2026-09-28T12:35:00+05:30,28-09-2026 12:35:00 PM,266.6,266.6,266.25,266.35,DOJI,28-09-2026 12:00:00 PM,28-09-2026 12:05:00 PM,266.5,266.55,266.3,266.5,,RED,28-09-2026 12:05:00 PM,28-09-2026 12:10:00 PM,266.4,266.5,266.2,266.2,50.0,GREEN,28-09-2026 12:10:00 PM,28-09-2026 12:15:00 PM,266.25,266.6,266.25,266.6,0.0,GREEN,28-09-2026 12:15:00 PM,28-09-2026 12:20:00 PM,266.6,266.65,266.45,266.65,300.0,GREEN,28-09-2026 12:20:00 PM,28-09-2026 12:25:00 PM,266.65,266.7,266.55,266.7,200.0,GREEN,28-09-2026 12:25:00 PM,28-09-2026 12:30:00 PM,266.7,266.8,266.6,266.75,300.0,RED,28-09-2026 12:30:00 PM,28-09-2026 12:35:00 PM,266.6,266.6,266.25,266.35,40.0
HINDALCO-5m-2026-09-28T12:30:00+05:30-GREEN_TO_RED,2026-09-28T12:35:11.307158+05:30,28-09-2026 12:35:11 PM,HINDALCO,HINDALCO,5m,stock,N50 & N100,NIFTY 50; NIFTY 100; NIFTY 200,3 GREEN → RED,GREEN_TO_RED,G G G R,2026-09-28T12:30:00+05:30,28-09-2026 12:30:00 PM,2026-09-28T12:35:00+05:30,28-09-2026 12:35:00 PM,963.2,963.7,962.5,962.6,RED,28-09-2026 12:00:00 PM,28-09-2026 12:05:00 PM,961.3,961.8,960.9,961.0,200.0,RED,28-09-2026 12:05:00 PM,28-09-2026 12:10:00 PM,961.1,961.6,960.6,960.6,100.0,GREEN,28-09-2026 12:10:00 PM,28-09-2026 12:15:00 PM,961.0,961.7,960.7,961.3,233.33,GREEN,28-09-2026 12:15:00 PM,28-09-2026 12:20:00 PM,961.3,961.9,961.0,961.8,80.0,GREEN,28-09-2026 12:20:00 PM,28-09-2026 12:25:00 PM,961.8,962.5,961.5,962.5,42.86,GREEN,28-09-2026 12:25:00 PM,28-09-2026 12:30:00 PM,962.5,963.2,962.1,963.2,57.14,RED,28-09-2026 12:30:00 PM,28-09-2026 12:35:00 PM,963.2,963.7,962.5,962.6,100.0
ETERNAL-5m-2026-09-28T12:30:00+05:30-GREEN_TO_RED,2026-09-28T12:35:11.234667+05:30,28-09-2026 12:35:11 PM,ETERNAL,ETERNAL,5m,stock,N50 & N100,NIFTY 50; NIFTY 100; NIFTY 200,3 GREEN → RED,GREEN_TO_RED,G G G R,2026-09-28T12:30:00+05:30,28-09-2026 12:30:00 PM,2026-09-28T12:35:00+05:30,28-09-2026 12:35:00 PM,330.3,330.65,330.0,330.0,RED,28-09-2026 12:00:00 PM,28-09-2026 12:05:00 PM,330.35,331.05,329.85,329.85,140.0,GREEN,28-09-2026 12:05:00 PM,28-09-2026 12:10:00 PM,329.85,330.25,329.75,330.0,233.33,RED,28-09-2026 12:10:00 PM,28-09-2026 12:15:00 PM,330.0,330.0,328.75,329.25,66.67,GREEN,28-09-2026 12:15:00 PM,28-09-2026 12:20:00 PM,329.25,329.65,329.1,329.5,120.0,GREEN,28-09-2026 12:20:00 PM,28-09-2026 12:25:00 PM,329.55,330.0,329.45,329.95,37.5,GREEN,28-09-2026 12:25:00 PM,28-09-2026 12:30:00 PM,329.9,330.45,329.9,330.45,0.0,RED,28-09-2026 12:30:00 PM,28-09-2026 12:35:00 PM,330.3,330.65,330.0,330.0,116.67
DLF-5m-2026-09-28T12:30:00+05:30-GREEN_TO_RED,2026-09-28T12:35:11.161268+05:30,28-09-2026 12:35:11 PM,DLF,DLF,5m,stock,N100,NIFTY 100; NIFTY 200,3 GREEN → RED,GREEN_TO_RED,G G G R,2026-09-28T12:30:00+05:30,28-09-2026 12:30:00 PM,2026-09-28T12:35:00+05:30,28-09-2026 12:35:00 PM,670.6,670.8,669.95,670.55,RED,28-09-2026 12:00:00 PM,28-09-2026 12:05:00 PM,667.7,668.45,667.5,667.5,375.0,GREEN,28-09-2026 12:05:00 PM,28-09-2026 12:10:00 PM,667.45,668.45,667.35,668.25,37.5,RED,28-09-2026 12:10:00 PM,28-09-2026 12:15:00 PM,668.2,668.2,667.75,667.8,12.5,GREEN,28-09-2026 12:15:00 PM,28-09-2026 12:20:00 PM,667.8,668.4,667.7,668.25,55.56,GREEN,28-09-2026 12:20:00 PM,28-09-2026 12:25:00 PM,668.25,669.5,667.85,669.5,32.0,GREEN,28-09-2026 12:25:00 PM,28-09-2026 12:30:00 PM,669.6,670.75,669.6,670.6,15.0,RED,28-09-2026 12:30:00 PM,28-09-2026 12:35:00 PM,670.6,670.8,669.95,670.55,1600.0
CGPOWER-5m-2026-09-28T12:30:00+05:30-GREEN_TO_RED,2026-09-28T12:35:11.124653+05:30,28-09-2026 12:35:11 PM,CGPOWER,CGPOWER,5m,stock,N100,NIFTY 100; NIFTY 200,3 GREEN → RED,GREEN_TO_RED,G G G R,2026-09-28T12:30:00+05:30,28-09-2026 12:30:00 PM,2026-09-28T12:35:00+05:30,28-09-2026 12:35:00 PM,876.7,876.95,875.3,876.4,RED,28-09-2026 12:00:00 PM,28-09-2026 12:05:00 PM,872.95,873.25,871.95,871.95,30.0,GREEN,28-09-2026 12:05:00 PM,28-09-2026 12:10:00 PM,871.95,872.6,871.65,872.5,72.73,RED,28-09-2026 12:10:00 PM,28-09-2026 12:15:00 PM,872.5,872.5,871.15,871.85,107.69,GREEN,28-09-2026 12:15:00 PM,28-09-2026 12:20:00 PM,871.6,873.5,871.25,873.25,36.36,GREEN,28-09-2026 12:20:00 PM,28-09-2026 12:25:00 PM,873.25,874.4,873.0,874.4,21.74,GREEN,28-09-2026 12:25:00 PM,28-09-2026 12:30:00 PM,874.4,876.7,874.15,876.7,10.87,RED,28-09-2026 12:30:00 PM,28-09-2026 12:35:00 PM,876.7,876.95,875.3,876.4,450.0
CANBK-5m-2026-09-28T12:30:00+05:30-GREEN_TO_RED,2026-09-28T12:35:11.070653+05:30,28-09-2026 12:35:11 PM,CANBK,CANBK,5m,stock,N100,NIFTY 100; NIFTY 200,3 GREEN → RED,GREEN_TO_RED,G G G R,2026-09-28T12:30:00+05:30,28-09-2026 12:30:00 PM,2026-09-28T12:35:00+05:30,28-09-2026 12:35:00 PM,121.94,121.95,121.8,121.8,GREEN,28-09-2026 12:00:00 PM,28-09-2026 12:05:00 PM,121.43,121.6,121.43,121.54,54.55,GREEN,28-09-2026 12:05:00 PM,28-09-2026 12:10:00 PM,121.54,121.77,121.53,121.66,100.0,RED,28-09-2026 12:10:00 PM,28-09-2026 12:15:00 PM,121.66,121.7,121.55,121.6,150.0,GREEN,28-09-2026 12:15:00 PM,28-09-2026 12:20:00 PM,121.6,121.69,121.6,121.65,80.0,GREEN,28-09-2026 12:20:00 PM,28-09-2026 12:25:00 PM,121.66,121.79,121.64,121.79,15.38,GREEN,28-09-2026 12:25:00 PM,28-09-2026 12:30:00 PM,121.73,121.94,121.73,121.94,0.0,RED,28-09-2026 12:30:00 PM,28-09-2026 12:35:00 PM,121.94,121.95,121.8,121.8,7.14
BAJFINANCE-5m-2026-09-28T12:30:00+05:30-GREEN_TO_RED,2026-09-28T12:35:10.997154+05:30,28-09-2026 12:35:10 PM,BAJFINANCE,BAJFINANCE,5m,stock,N50 & N100,NIFTY 50; NIFTY 100; NIFTY 200,3 GREEN → RED,GREEN_TO_RED,G G G R,2026-09-28T12:30:00+05:30,28-09-2026 12:30:00 PM,2026-09-28T12:35:00+05:30,28-09-2026 12:35:00 PM,981.9,981.9,980.5,980.8,RED,28-09-2026 12:00:00 PM,28-09-2026 12:05:00 PM,980.4,980.6,979.4,979.9,140.0,GREEN,28-09-2026 12:05:00 PM,28-09-2026 12:10:00 PM,979.8,980.7,979.7,980.5,42.86,RED,28-09-2026 12:10:00 PM,28-09-2026 12:15:00 PM,980.6,980.9,980.4,980.5,400.0,GREEN,28-09-2026 12:15:00 PM,28-09-2026 12:20:00 PM,980.3,980.9,980.2,980.9,16.67,GREEN,28-09-2026 12:20:00 PM,28-09-2026 12:25:00 PM,980.9,981.5,980.4,981.3,175.0,GREEN,28-09-2026 12:25:00 PM,28-09-2026 12:30:00 PM,981.3,982.0,981.3,982.0,0.0,RED,28-09-2026 12:30:00 PM,28-09-2026 12:35:00 PM,981.9,981.9,980.5,980.8,27.27
AXISBANK-5m-2026-09-28T12:30:00+05:30-GREEN_TO_RED,2026-09-28T12:35:10.949992+05:30,28-09-2026 12:35:10 PM,AXISBANK,AXISBANK,5m,stock,N50 & N100,NIFTY 50; NIFTY 100; NIFTY 200,3 GREEN → RED,GREEN_TO_RED,G G G R,2026-09-28T12:30:00+05:30,28-09-2026 12:30:00 PM,2026-09-28T12:35:00+05:30,28-09-2026 12:35:00 PM,1210.1,1210.1,1208.6,1208.7,RED,28-09-2026 12:00:00 PM,28-09-2026 12:05:00 PM,1209.1,1209.6,1207.6,1208.0,81.82,GREEN,28-09-2026 12:05:00 PM,28-09-2026 12:10:00 PM,1208.0,1208.8,1207.9,1208.6,50.0,RED,28-09-2026 12:10:00 PM,28-09-2026 12:15:00 PM,1208.5,1208.8,1206.4,1207.6,166.67,GREEN,28-09-2026 12:15:00 PM,28-09-2026 12:20:00 PM,1207.5,1208.9,1206.6,1208.9,64.29,GREEN,28-09-2026 12:20:00 PM,28-09-2026 12:25:00 PM,1208.9,1209.5,1208.0,1209.3,275.0,GREEN,28-09-2026 12:25:00 PM,28-09-2026 12:30:00 PM,1209.5,1210.0,1208.3,1209.8,466.67,RED,28-09-2026 12:30:00 PM,28-09-2026 12:35:00 PM,1210.1,1210.1,1208.6,1208.7,7.14
ADANIENT-5m-2026-09-28T12:30:00+05:30-GREEN_TO_RED,2026-09-28T12:35:10.903225+05:30,28-09-2026 12:35:10 PM,ADANIENT,ADANIENT,5m,stock,N50 & N100,NIFTY 50; NIFTY 100; NIFTY 200,3 GREEN → RED,GREEN_TO_RED,G G G R,2026-09-28T12:30:00+05:30,28-09-2026 12:30:00 PM,2026-09-28T12:35:00+05:30,28-09-2026 12:35:00 PM,2843.0,2843.4,2838.6,2841.3,GREEN,28-09-2026 12:00:00 PM,28-09-2026 12:05:00 PM,2836.0,2840.1,2835.8,2836.1,4200.0,GREEN,28-09-2026 12:05:00 PM,28-09-2026 12:10:00 PM,2836.3,2841.4,2836.3,2838.1,183.33,GREEN,28-09-2026 12:10:00 PM,28-09-2026 12:15:00 PM,2838.6,2841.2,2838.1,2839.0,675.0,GREEN,28-09-2026 12:15:00 PM,28-09-2026 12:20:00 PM,2839.2,2839.5,2837.0,2839.3,2400.0,GREEN,28-09-2026 12:20:00 PM,28-09-2026 12:25:00 PM,2839.3,2841.6,2838.0,2840.7,157.14,GREEN,28-09-2026 12:25:00 PM,28-09-2026 12:30:00 PM,2841.0,2843.4,2839.8,2843.0,80.0,RED,28-09-2026 12:30:00 PM,28-09-2026 12:35:00 PM,2843.0,2843.4,2838.6,2841.3,182.35
TRENT-5m-2026-09-28T12:25:00+05:30-GREEN_TO_RED,2026-09-28T12:30:19.839800+05:30,28-09-2026 12:30:19 PM,TRENT,TRENT,5m,stock,N50 & N100,NIFTY 50; NIFTY 100; NIFTY 200,3 GREEN → RED,GREEN_TO_RED,G G G R,2026-09-28T12:25:00+05:30,28-09-2026 12:25:00 PM,2026-09-28T12:30:00+05:30,28-09-2026 12:30:00 PM,2636.5,2636.9,2634.3,2636.4,GREEN,28-09-2026 11:55:00 AM,28-09-2026 12:00:00 PM,2627.0,2627.8,2624.5,2627.4,725.0,GREEN,28-09-2026 12:00:00 PM,28-09-2026 12:05:00 PM,2626.4,2631.8,2626.0,2629.0,123.08,GREEN,28-09-2026 12:05:00 PM,28-09-2026 12:10:00 PM,2629.8,2631.9,2627.0,2631.4,206.25,GREEN,28-09-2026 12:10:00 PM,28-09-2026 12:15:00 PM,2631.8,2634.0,2630.4,2632.1,1100.0,GREEN,28-09-2026 12:15:00 PM,28-09-2026 12:20:00 PM,2632.1,2634.5,2630.2,2633.2,290.91,GREEN,28-09-2026 12:20:00 PM,28-09-2026 12:25:00 PM,2634.1,2636.1,2631.9,2636.1,110.0,RED,28-09-2026 12:25:00 PM,28-09-2026 12:30:00 PM,2636.5,2636.9,2634.3,2636.4,2500.0
SIEMENS-5m-2026-09-28T12:25:00+05:30-RED_TO_GREEN,2026-09-28T12:30:19.768205+05:30,28-09-2026 12:30:19 PM,SIEMENS,SIEMENS,5m,stock,N100,NIFTY 100; NIFTY 200,3 RED → GREEN,RED_TO_GREEN,R R R G,2026-09-28T12:25:00+05:30,28-09-2026 12:25:00 PM,2026-09-28T12:30:00+05:30,28-09-2026 12:30:00 PM,3803.1,3808.0,3802.9,3807.7,GREEN,28-09-2026 11:55:00 AM,28-09-2026 12:00:00 PM,3798.0,3801.8,3797.5,3801.8,13.16,RED,28-09-2026 12:00:00 PM,28-09-2026 12:05:00 PM,3803.4,3803.4,3797.9,3799.2,30.95,GREEN,28-09-2026 12:05:00 PM,28-09-2026 12:10:00 PM,3799.0,3808.8,3799.0,3805.9,42.03,RED,28-09-2026 12:10:00 PM,28-09-2026 12:15:00 PM,3807.7,3810.2,3804.0,3804.0,67.57,RED,28-09-2026 12:15:00 PM,28-09-2026 12:20:00 PM,3805.4,3806.8,3802.1,3803.1,104.35,RED,28-09-2026 12:20:00 PM,28-09-2026 12:25:00 PM,3804.0,3805.8,3802.0,3803.1,322.22,GREEN,28-09-2026 12:25:00 PM,28-09-2026 12:30:00 PM,3803.1,3808.0,3802.9,3807.7,10.87
POWERGRID-5m-2026-09-28T12:25:00+05:30-GREEN_TO_RED,2026-09-28T12:30:19.718570+05:30,28-09-2026 12:30:19 PM,POWERGRID,POWERGRID,5m,stock,N50 & N100,NIFTY 50; NIFTY 100; NIFTY 200,3 GREEN → RED,GREEN_TO_RED,G G G R,2026-09-28T12:25:00+05:30,28-09-2026 12:25:00 PM,2026-09-28T12:30:00+05:30,28-09-2026 12:30:00 PM,266.0,266.05,265.7,265.85,RED,28-09-2026 11:55:00 AM,28-09-2026 12:00:00 PM,266.15,266.15,265.55,265.55,0.0,RED,28-09-2026 12:00:00 PM,28-09-2026 12:05:00 PM,265.6,266.0,265.5,265.5,400.0,GREEN,28-09-2026 12:05:00 PM,28-09-2026 12:10:00 PM,265.4,265.95,265.35,265.6,200.0,GREEN,28-09-2026 12:10:00 PM,28-09-2026 12:15:00 PM,265.65,265.75,265.45,265.7,500.0,GREEN,28-09-2026 12:15:00 PM,28-09-2026 12:20:00 PM,265.7,265.9,265.6,265.85,100.0,GREEN,28-09-2026 12:20:00 PM,28-09-2026 12:25:00 PM,265.85,266.1,265.65,266.05,125.0,RED,28-09-2026 12:25:00 PM,28-09-2026 12:30:00 PM,266.0,266.05,265.7,265.85,133.33
NTPC-5m-2026-09-28T12:25:00+05:30-RED_TO_GREEN,2026-09-28T12:30:19.665062+05:30,28-09-2026 12:30:19 PM,NTPC,NTPC,5m,stock,N50 & N100,NIFTY 50; NIFTY 100; NIFTY 200,3 RED → GREEN,RED_TO_GREEN,R R R G,2026-09-28T12:25:00+05:30,28-09-2026 12:25:00 PM,2026-09-28T12:30:00+05:30,28-09-2026 12:30:00 PM,322.6,323.0,322.6,322.85,DOJI,28-09-2026 11:55:00 AM,28-09-2026 12:00:00 PM,323.0,323.05,322.95,323.0,,RED,28-09-2026 12:00:00 PM,28-09-2026 12:05:00 PM,323.0,323.05,322.5,322.65,57.14,GREEN,28-09-2026 12:05:00 PM,28-09-2026 12:10:00 PM,322.5,323.05,322.5,323.0,10.0,RED,28-09-2026 12:10:00 PM,28-09-2026 12:15:00 PM,323.05,323.05,322.6,323.0,800.0,RED,28-09-2026 12:15:00 PM,28-09-2026 12:20:00 PM,323.0,323.05,322.6,322.85,200.0,RED,28-09-2026 12:20:00 PM,28-09-2026 12:25:00 PM,322.9,322.9,322.45,322.6,50.0,GREEN,28-09-2026 12:25:00 PM,28-09-2026 12:30:00 PM,322.6,323.0,322.6,322.85,60.0
ICICIBANK-5m-2026-09-28T12:25:00+05:30-RED_TO_GREEN,2026-09-28T12:30:19.612200+05:30,28-09-2026 12:30:19 PM,ICICIBANK,ICICIBANK,5m,stock,N50 & N100,NIFTY 50; NIFTY 100; NIFTY 200,3 RED → GREEN,RED_TO_GREEN,R R R G,2026-09-28T12:25:00+05:30,28-09-2026 12:25:00 PM,2026-09-28T12:30:00+05:30,28-09-2026 12:30:00 PM,1302.9,1304.7,1302.7,1304.3,DOJI,28-09-2026 11:55:00 AM,28-09-2026 12:00:00 PM,1307.6,1307.7,1306.4,1307.6,,RED,28-09-2026 12:00:00 PM,28-09-2026 12:05:00 PM,1307.6,1307.6,1306.7,1306.7,0.0,RED,28-09-2026 12:05:00 PM,28-09-2026 12:10:00 PM,1306.7,1308.0,1305.1,1305.2,93.33,RED,28-09-2026 12:10:00 PM,28-09-2026 12:15:00 PM,1305.4,1305.9,1303.3,1303.8,62.5,RED,28-09-2026 12:15:00 PM,28-09-2026 12:20:00 PM,1303.4,1303.6,1302.4,1303.1,300.0,RED,28-09-2026 12:20:00 PM,28-09-2026 12:25:00 PM,1303.1,1303.1,1302.1,1302.9,400.0,GREEN,28-09-2026 12:25:00 PM,28-09-2026 12:30:00 PM,1302.9,1304.7,1302.7,1304.3,42.86
CDSL-5m-2026-09-28T12:25:00+05:30-GREEN_TO_RED,2026-09-28T12:30:19.544112+05:30,28-09-2026 12:30:19 PM,CDSL,CDSL,5m,stock,OTHER,,3 GREEN → RED,GREEN_TO_RED,G G G R,2026-09-28T12:25:00+05:30,28-09-2026 12:25:00 PM,2026-09-28T12:30:00+05:30,28-09-2026 12:30:00 PM,1302.0,1302.3,1300.4,1301.6,RED,28-09-2026 11:55:00 AM,28-09-2026 12:00:00 PM,1299.6,1299.6,1297.0,1298.5,136.36,GREEN,28-09-2026 12:00:00 PM,28-09-2026 12:05:00 PM,1298.5,1300.0,1298.1,1299.0,280.0,GREEN,28-09-2026 12:05:00 PM,28-09-2026 12:10:00 PM,1299.1,1300.7,1298.3,1300.7,50.0,GREEN,28-09-2026 12:10:00 PM,28-09-2026 12:15:00 PM,1300.6,1301.2,1299.7,1301.2,150.0,GREEN,28-09-2026 12:15:00 PM,28-09-2026 12:20:00 PM,1300.5,1301.6,1300.5,1301.5,10.0,GREEN,28-09-2026 12:20:00 PM,28-09-2026 12:25:00 PM,1301.5,1302.0,1300.6,1302.0,180.0,RED,28-09-2026 12:25:00 PM,28-09-2026 12:30:00 PM,1302.0,1302.3,1300.4,1301.6,375.0
ADANIPORTS-5m-2026-09-28T12:25:00+05:30-RED_TO_GREEN,2026-09-28T12:30:19.076406+05:30,28-09-2026 12:30:19 PM,ADANIPORTS,ADANIPORTS,5m,stock,N50 & N100,NIFTY 50; NIFTY 100; NIFTY 200,3 RED → GREEN,RED_TO_GREEN,R R R G,2026-09-28T12:25:00+05:30,28-09-2026 12:25:00 PM,2026-09-28T12:30:00+05:30,28-09-2026 12:30:00 PM,1741.4,1742.4,1740.2,1742.0,DOJI,28-09-2026 11:55:00 AM,28-09-2026 12:00:00 PM,1744.7,1745.0,1742.5,1744.7,,RED,28-09-2026 12:00:00 PM,28-09-2026 12:05:00 PM,1744.5,1745.0,1742.3,1742.3,22.73,GREEN,28-09-2026 12:05:00 PM,28-09-2026 12:10:00 PM,1743.0,1744.5,1742.6,1743.1,1800.0,RED,28-09-2026 12:10:00 PM,28-09-2026 12:15:00 PM,1743.4,1743.7,1742.0,1743.0,325.0,RED,28-09-2026 12:15:00 PM,28-09-2026 12:20:00 PM,1743.0,1743.0,1739.9,1741.7,138.46,RED,28-09-2026 12:20:00 PM,28-09-2026 12:25:00 PM,1741.9,1742.0,1739.5,1741.5,525.0,GREEN,28-09-2026 12:25:00 PM,28-09-2026 12:30:00 PM,1741.4,1742.4,1740.2,1742.0,266.67
SAIL-5m-2026-09-28T12:20:00+05:30-RED_TO_GREEN,2026-09-28T12:28:49.448909+05:30,28-09-2026 12:28:49 PM,SAIL,SAIL,5m,stock,OTHER,,3 RED → GREEN,RED_TO_GREEN,R R R G,2026-09-28T12:20:00+05:30,28-09-2026 12:20:00 PM,2026-09-28T12:25:00+05:30,28-09-2026 12:25:00 PM,183.9,183.98,183.82,183.98,RED,28-09-2026 11:50:00 AM,28-09-2026 11:55:00 AM,184.41,184.42,184.05,184.27,164.29,RED,28-09-2026 11:55:00 AM,28-09-2026 12:00:00 PM,184.24,184.24,184.02,184.16,175.0,GREEN,28-09-2026 12:00:00 PM,28-09-2026 12:05:00 PM,184.2,184.32,184.15,184.24,325.0,RED,28-09-2026 12:05:00 PM,28-09-2026 12:10:00 PM,184.23,184.37,183.75,183.94,113.79,RED,28-09-2026 12:10:00 PM,28-09-2026 12:15:00 PM,183.93,184.18,183.79,183.9,1200.0,RED,28-09-2026 12:15:00 PM,28-09-2026 12:20:00 PM,183.96,183.97,183.81,183.9,166.67,GREEN,28-09-2026 12:20:00 PM,28-09-2026 12:25:00 PM,183.9,183.98,183.82,183.98,100.0
NMDC-5m-2026-09-28T12:20:00+05:30-RED_TO_GREEN,2026-09-28T12:28:49.304007+05:30,28-09-2026 12:28:49 PM,NMDC,NMDC,5m,stock,OTHER,,3 RED → GREEN,RED_TO_GREEN,R R R G,2026-09-28T12:20:00+05:30,28-09-2026 12:20:00 PM,2026-09-28T12:25:00+05:30,28-09-2026 12:25:00 PM,78.61,78.63,78.52,78.62,DOJI,28-09-2026 11:50:00 AM,28-09-2026 11:55:00 AM,78.85,78.88,78.8,78.85,,RED,28-09-2026 11:55:00 AM,28-09-2026 12:00:00 PM,78.88,78.88,78.8,78.85,166.67,RED,28-09-2026 12:00:00 PM,28-09-2026 12:05:00 PM,78.82,78.85,78.7,78.76,150.0,RED,28-09-2026 12:05:00 PM,28-09-2026 12:10:00 PM,78.73,78.8,78.67,78.67,116.67,RED,28-09-2026 12:10:00 PM,28-09-2026 12:15:00 PM,78.67,78.67,78.56,78.58,22.22,RED,28-09-2026 12:15:00 PM,28-09-2026 12:20:00 PM,78.59,78.62,78.53,78.58,800.0,GREEN,28-09-2026 12:20:00 PM,28-09-2026 12:25:00 PM,78.61,78.63,78.52,78.62,1000.0
KOTAKBANK-5m-2026-09-28T12:20:00+05:30-GREEN_TO_RED,2026-09-28T12:28:49.192085+05:30,28-09-2026 12:28:49 PM,KOTAKBANK,KOTAKBANK,5m,stock,N50 & N100,NIFTY 50; NIFTY 100; NIFTY 200,3 GREEN → RED,GREEN_TO_RED,G G G R,2026-09-28T12:20:00+05:30,28-09-2026 12:20:00 PM,2026-09-28T12:25:00+05:30,28-09-2026 12:25:00 PM,400.65,400.65,400.05,400.35,GREEN,28-09-2026 11:50:00 AM,28-09-2026 11:55:00 AM,398.25,399.2,397.85,398.9,107.69,GREEN,28-09-2026 11:55:00 AM,28-09-2026 12:00:00 PM,398.9,400.15,398.8,400.0,22.73,RED,28-09-2026 12:00:00 PM,28-09-2026 12:05:00 PM,400.15,400.15,399.25,399.75,125.0,GREEN,28-09-2026 12:05:00 PM,28-09-2026 12:10:00 PM,399.7,400.6,399.65,399.8,850.0,GREEN,28-09-2026 12:10:00 PM,28-09-2026 12:15:00 PM,399.8,400.15,399.55,400.15,71.43,GREEN,28-09-2026 12:15:00 PM,28-09-2026 12:20:00 PM,400.05,400.75,399.95,400.65,33.33,RED,28-09-2026 12:20:00 PM,28-09-2026 12:25:00 PM,400.65,400.65,400.05,400.35,100.0
JIOFIN-5m-2026-09-28T12:20:00+05:30-RED_TO_GREEN,2026-09-28T12:28:49.016572+05:30,28-09-2026 12:28:49 PM,JIOFIN,JIOFIN,5m,stock,N50 & N100,NIFTY 50; NIFTY 100; NIFTY 200,3 RED → GREEN,RED_TO_GREEN,R R R G,2026-09-28T12:20:00+05:30,28-09-2026 12:20:00 PM,2026-09-28T12:25:00+05:30,28-09-2026 12:25:00 PM,222.97,223.1,222.91,223.09,RED,28-09-2026 11:50:00 AM,28-09-2026 11:55:00 AM,223.64,223.65,223.51,223.52,16.67,RED,28-09-2026 11:55:00 AM,28-09-2026 12:00:00 PM,223.46,223.46,223.07,223.1,8.33,RED,28-09-2026 12:00:00 PM,28-09-2026 12:05:00 PM,223.13,223.23,223.02,223.02,90.91,RED,28-09-2026 12:05:00 PM,28-09-2026 12:10:00 PM,223.02,223.09,222.87,223.01,2100.0,RED,28-09-2026 12:10:00 PM,28-09-2026 12:15:00 PM,223.01,223.07,222.94,222.97,225.0,RED,28-09-2026 12:15:00 PM,28-09-2026 12:20:00 PM,222.99,222.99,222.85,222.97,600.0,GREEN,28-09-2026 12:20:00 PM,28-09-2026 12:25:00 PM,222.97,223.1,222.91,223.09,58.33
HINDZINC-5m-2026-09-28T12:20:00+05:30-GREEN_TO_RED,2026-09-28T12:28:48.889738+05:30,28-09-2026 12:28:48 PM,HINDZINC,HINDZINC,5m,stock,N100,NIFTY 100; NIFTY 200,3 GREEN → RED,GREEN_TO_RED,G G G R,2026-09-28T12:20:00+05:30,28-09-2026 12:20:00 PM,2026-09-28T12:25:00+05:30,28-09-2026 12:25:00 PM,575.5,575.5,574.4,574.9,RED,28-09-2026 11:50:00 AM,28-09-2026 11:55:00 AM,577.85,577.85,575.1,575.65,25.0,RED,28-09-2026 11:55:00 AM,28-09-2026 12:00:00 PM,575.65,576.1,574.35,575.2,288.89,RED,28-09-2026 12:00:00 PM,28-09-2026 12:05:00 PM,575.2,575.5,574.7,574.75,77.78,GREEN,28-09-2026 12:05:00 PM,28-09-2026 12:10:00 PM,574.55,575.3,574.55,575.0,66.67,GREEN,28-09-2026 12:10:00 PM,28-09-2026 12:15:00 PM,574.75,575.1,574.7,574.95,100.0,GREEN,28-09-2026 12:15:00 PM,28-09-2026 12:20:00 PM,575.0,575.6,574.85,575.35,114.29,RED,28-09-2026 12:20:00 PM,28-09-2026 12:25:00 PM,575.5,575.5,574.4,574.9,83.33
GODFRYPHLP-5m-2026-09-28T12:20:00+05:30-GREEN_TO_RED,2026-09-28T12:28:48.796642+05:30,28-09-2026 12:28:48 PM,GODFRYPHLP,GODFRYPHLP,5m,stock,OTHER,,3 GREEN → RED,GREEN_TO_RED,G G G R,2026-09-28T12:20:00+05:30,28-09-2026 12:20:00 PM,2026-09-28T12:25:00+05:30,28-09-2026 12:25:00 PM,1950.0,1950.0,1946.4,1947.2,GREEN,28-09-2026 11:50:00 AM,28-09-2026 11:55:00 AM,1944.0,1945.7,1944.0,1945.4,21.43,RED,28-09-2026 11:55:00 AM,28-09-2026 12:00:00 PM,1945.0,1945.2,1941.5,1943.6,164.29,GREEN,28-09-2026 12:00:00 PM,28-09-2026 12:05:00 PM,1944.0,1956.0,1944.0,1946.9,313.79,GREEN,28-09-2026 12:05:00 PM,28-09-2026 12:10:00 PM,1946.1,1949.8,1946.1,1949.8,0.0,GREEN,28-09-2026 12:10:00 PM,28-09-2026 12:15:00 PM,1948.8,1949.8,1948.8,1949.7,11.11,GREEN,28-09-2026 12:15:00 PM,28-09-2026 12:20:00 PM,1949.7,1951.0,1949.4,1951.0,23.08,RED,28-09-2026 12:20:00 PM,28-09-2026 12:25:00 PM,1950.0,1950.0,1946.4,1947.2,28.57
EICHERMOT-5m-2026-09-28T12:20:00+05:30-GREEN_TO_RED,2026-09-28T12:28:48.698869+05:30,28-09-2026 12:28:48 PM,EICHERMOT,EICHERMOT,5m,stock,N50 & N100,NIFTY 50; NIFTY 100; NIFTY 200,3 GREEN → RED,GREEN_TO_RED,G G G R,2026-09-28T12:20:00+05:30,28-09-2026 12:20:00 PM,2026-09-28T12:25:00+05:30,28-09-2026 12:25:00 PM,7230.5,7234.5,7225.0,7229.0,GREEN,28-09-2026 11:50:00 AM,28-09-2026 11:55:00 AM,7221.5,7239.0,7217.5,7228.0,230.77,DOJI,28-09-2026 11:55:00 AM,28-09-2026 12:00:00 PM,7228.0,7230.0,7224.5,7228.0,,RED,28-09-2026 12:00:00 PM,28-09-2026 12:05:00 PM,7226.5,7230.5,7221.5,7222.5,125.0,GREEN,28-09-2026 12:05:00 PM,28-09-2026 12:10:00 PM,7223.0,7233.5,7222.5,7230.5,46.67,GREEN,28-09-2026 12:10:00 PM,28-09-2026 12:15:00 PM,7230.5,7232.0,7224.0,7231.5,700.0,GREEN,28-09-2026 12:15:00 PM,28-09-2026 12:20:00 PM,7230.5,7234.5,7230.0,7231.0,800.0,RED,28-09-2026 12:20:00 PM,28-09-2026 12:25:00 PM,7230.5,7234.5,7225.0,7229.0,533.33
ATHERENERG-5m-2026-09-28T12:20:00+05:30-RED_TO_GREEN,2026-09-28T12:28:48.647901+05:30,28-09-2026 12:28:48 PM,ATHERENERG,ATHERENERG,5m,stock,OTHER,,3 RED → GREEN,RED_TO_GREEN,R R R G,2026-09-28T12:20:00+05:30,28-09-2026 12:20:00 PM,2026-09-28T12:25:00+05:30,28-09-2026 12:25:00 PM,1476.6,1479.0,1476.6,1478.8,GREEN,28-09-2026 11:50:00 AM,28-09-2026 11:55:00 AM,1480.1,1482.9,1477.1,1482.0,205.26,RED,28-09-2026 11:55:00 AM,28-09-2026 12:00:00 PM,1483.0,1483.0,1480.0,1481.9,172.73,DOJI,28-09-2026 12:00:00 PM,28-09-2026 12:05:00 PM,1482.0,1482.6,1480.1,1482.0,,RED,28-09-2026 12:05:00 PM,28-09-2026 12:10:00 PM,1482.0,1484.0,1479.4,1480.8,283.33,RED,28-09-2026 12:10:00 PM,28-09-2026 12:15:00 PM,1480.9,1481.1,1476.7,1479.2,158.82,RED,28-09-2026 12:15:00 PM,28-09-2026 12:20:00 PM,1479.8,1479.9,1475.5,1477.0,57.14,GREEN,28-09-2026 12:20:00 PM,28-09-2026 12:25:00 PM,1476.6,1479.0,1476.6,1478.8,9.09
UNITDSPR-5m-2026-09-28T11:30:00+05:30-GREEN_TO_RED,2026-09-28T11:35:24.137605+05:30,28-09-2026 11:35:24 AM,UNITDSPR,UNITDSPR,5m,stock,N100,NIFTY 100; NIFTY 200,3 GREEN → RED,GREEN_TO_RED,G G G R,2026-09-28T11:30:00+05:30,28-09-2026 11:30:00 AM,2026-09-28T11:35:00+05:30,28-09-2026 11:35:00 AM,1419.7,1419.8,1417.7,1417.9,RED,28-09-2026 11:00:00 AM,28-09-2026 11:05:00 AM,1414.6,1414.7,1412.6,1413.8,162.5,GREEN,28-09-2026 11:05:00 AM,28-09-2026 11:10:00 AM,1412.7,1413.7,1411.9,1413.5,125.0,GREEN,28-09-2026 11:10:00 AM,28-09-2026 11:15:00 AM,1413.6,1415.9,1412.8,1414.0,675.0,GREEN,28-09-2026 11:15:00 AM,28-09-2026 11:20:00 AM,1414.0,1416.2,1412.8,1415.8,88.89,GREEN,28-09-2026 11:20:00 AM,28-09-2026 11:25:00 AM,1415.9,1419.4,1414.7,1418.9,56.67,GREEN,28-09-2026 11:25:00 AM,28-09-2026 11:30:00 AM,1419.2,1419.8,1418.4,1419.8,133.33,RED,28-09-2026 11:30:00 AM,28-09-2026 11:35:00 AM,1419.7,1419.8,1417.7,1417.9,16.67
OBEROIRLTY-5m-2026-09-28T11:30:00+05:30-RED_TO_GREEN,2026-09-28T11:35:24.052098+05:30,28-09-2026 11:35:24 AM,OBEROIRLTY,OBEROIRLTY,5m,stock,OTHER,,3 RED → GREEN,RED_TO_GREEN,R R R G,2026-09-28T11:30:00+05:30,28-09-2026 11:30:00 AM,2026-09-28T11:35:00+05:30,28-09-2026 11:35:00 AM,1838.4,1842.5,1837.1,1841.3,GREEN,28-09-2026 11:00:00 AM,28-09-2026 11:05:00 AM,1840.8,1843.1,1839.2,1841.3,680.0,RED,28-09-2026 11:05:00 AM,28-09-2026 11:10:00 AM,1839.3,1841.3,1839.0,1839.0,666.67,GREEN,28-09-2026 11:10:00 AM,28-09-2026 11:15:00 AM,1839.7,1842.1,1838.8,1841.3,106.25,RED,28-09-2026 11:15:00 AM,28-09-2026 11:20:00 AM,1841.3,1842.0,1838.3,1839.8,146.67,RED,28-09-2026 11:20:00 AM,28-09-2026 11:25:00 AM,1839.9,1839.9,1837.4,1837.4,0.0,RED,28-09-2026 11:25:00 AM,28-09-2026 11:30:00 AM,1838.0,1838.5,1836.1,1837.6,500.0,GREEN,28-09-2026 11:30:00 AM,28-09-2026 11:35:00 AM,1838.4,1842.5,1837.1,1841.3,86.21
HINDUNILVR-5m-2026-09-28T11:30:00+05:30-GREEN_TO_RED,2026-09-28T11:35:23.964843+05:30,28-09-2026 11:35:23 AM,HINDUNILVR,HINDUNILVR,5m,stock,N50 & N100,NIFTY 50; NIFTY 100; NIFTY 200,3 GREEN → RED,GREEN_TO_RED,G G G R,2026-09-28T11:30:00+05:30,28-09-2026 11:30:00 AM,2026-09-28T11:35:00+05:30,28-09-2026 11:35:00 AM,1906.0,1906.6,1905.0,1905.1,RED,28-09-2026 11:00:00 AM,28-09-2026 11:05:00 AM,1903.4,1903.4,1901.8,1901.8,0.0,DOJI,28-09-2026 11:05:00 AM,28-09-2026 11:10:00 AM,1901.8,1902.5,1901.2,1901.8,,RED,28-09-2026 11:10:00 AM,28-09-2026 11:15:00 AM,1901.6,1901.8,1901.1,1901.3,133.33,GREEN,28-09-2026 11:15:00 AM,28-09-2026 11:20:00 AM,1901.8,1905.0,1900.7,1903.6,138.89,GREEN,28-09-2026 11:20:00 AM,28-09-2026 11:25:00 AM,1903.3,1904.7,1903.3,1903.9,133.33,GREEN,28-09-2026 11:25:00 AM,28-09-2026 11:30:00 AM,1903.9,1906.0,1903.5,1905.8,31.58,RED,28-09-2026 11:30:00 AM,28-09-2026 11:35:00 AM,1906.0,1906.6,1905.0,1905.1,77.78
CANBK-5m-2026-09-28T11:30:00+05:30-GREEN_TO_RED,2026-09-28T11:35:23.878783+05:30,28-09-2026 11:35:23 AM,CANBK,CANBK,5m,stock,N100,NIFTY 100; NIFTY 200,3 GREEN → RED,GREEN_TO_RED,G G G R,2026-09-28T11:30:00+05:30,28-09-2026 11:30:00 AM,2026-09-28T11:35:00+05:30,28-09-2026 11:35:00 AM,121.77,121.88,121.58,121.58,RED,28-09-2026 11:00:00 AM,28-09-2026 11:05:00 AM,121.71,121.71,121.5,121.54,23.53,RED,28-09-2026 11:05:00 AM,28-09-2026 11:10:00 AM,121.54,121.65,121.5,121.5,275.0,RED,28-09-2026 11:10:00 AM,28-09-2026 11:15:00 AM,121.54,121.54,121.38,121.42,33.33,GREEN,28-09-2026 11:15:00 AM,28-09-2026 11:20:00 AM,121.42,121.5,121.38,121.45,300.0,GREEN,28-09-2026 11:20:00 AM,28-09-2026 11:25:00 AM,121.45,121.58,121.45,121.54,44.44,GREEN,28-09-2026 11:25:00 AM,28-09-2026 11:30:00 AM,121.54,121.74,121.5,121.73,26.32,RED,28-09-2026 11:30:00 AM,28-09-2026 11:35:00 AM,121.77,121.88,121.58,121.58,57.89
BANKBARODA-5m-2026-09-28T11:30:00+05:30-GREEN_TO_RED,2026-09-28T11:35:23.834411+05:30,28-09-2026 11:35:23 AM,BANKBARODA,BANKBARODA,5m,stock,N100,NIFTY 100; NIFTY 200,3 GREEN → RED,GREEN_TO_RED,G G G R,2026-09-28T11:30:00+05:30,28-09-2026 11:30:00 AM,2026-09-28T11:35:00+05:30,28-09-2026 11:35:00 AM,230.27,230.37,229.89,229.93,RED,28-09-2026 11:00:00 AM,28-09-2026 11:05:00 AM,230.7,230.7,230.13,230.13,0.0,RED,28-09-2026 11:05:00 AM,28-09-2026 11:10:00 AM,230.12,230.28,230.0,230.0,133.33,RED,28-09-2026 11:10:00 AM,28-09-2026 11:15:00 AM,230.05,230.06,229.71,229.85,75.0,GREEN,28-09-2026 11:15:00 AM,28-09-2026 11:20:00 AM,229.85,229.98,229.73,229.98,92.31,GREEN,28-09-2026 11:20:00 AM,28-09-2026 11:25:00 AM,229.98,230.13,229.9,230.11,76.92,GREEN,28-09-2026 11:25:00 AM,28-09-2026 11:30:00 AM,230.1,230.28,230.0,230.24,100.0,RED,28-09-2026 11:30:00 AM,28-09-2026 11:35:00 AM,230.27,230.37,229.89,229.93,41.18
TCS-5m-2026-09-28T11:25:00+05:30-RED_TO_GREEN,2026-09-28T11:30:26.068766+05:30,28-09-2026 11:30:26 AM,TCS,TCS,5m,stock,N50 & N100,NIFTY 50; NIFTY 100; NIFTY 200,3 RED → GREEN,RED_TO_GREEN,R R R G,2026-09-28T11:25:00+05:30,28-09-2026 11:25:00 AM,2026-09-28T11:30:00+05:30,28-09-2026 11:30:00 AM,2056.2,2061.3,2056.0,2059.9,GREEN,28-09-2026 10:55:00 AM,28-09-2026 11:00:00 AM,2060.5,2062.9,2058.3,2062.0,206.67,RED,28-09-2026 11:00:00 AM,28-09-2026 11:05:00 AM,2062.1,2062.1,2057.8,2058.0,4.88,GREEN,28-09-2026 11:05:00 AM,28-09-2026 11:10:00 AM,2057.9,2061.2,2057.9,2059.2,153.85,RED,28-09-2026 11:10:00 AM,28-09-2026 11:15:00 AM,2059.3,2060.5,2056.0,2058.0,246.15,RED,28-09-2026 11:15:00 AM,28-09-2026 11:20:00 AM,2057.8,2059.2,2056.8,2057.0,200.0,RED,28-09-2026 11:20:00 AM,28-09-2026 11:25:00 AM,2057.1,2059.0,2055.4,2056.0,227.27,GREEN,28-09-2026 11:25:00 AM,28-09-2026 11:30:00 AM,2056.2,2061.3,2056.0,2059.9,43.24
SUNPHARMA-5m-2026-09-28T11:25:00+05:30-RED_TO_GREEN,2026-09-28T11:30:25.969974+05:30,28-09-2026 11:30:25 AM,SUNPHARMA,SUNPHARMA,5m,stock,N50 & N100,NIFTY 50; NIFTY 100; NIFTY 200,3 RED → GREEN,RED_TO_GREEN,R R R G,2026-09-28T11:25:00+05:30,28-09-2026 11:25:00 AM,2026-09-28T11:30:00+05:30,28-09-2026 11:30:00 AM,1844.0,1844.8,1842.1,1844.5,GREEN,28-09-2026 10:55:00 AM,28-09-2026 11:00:00 AM,1844.3,1846.6,1843.7,1844.8,480.0,RED,28-09-2026 11:00:00 AM,28-09-2026 11:05:00 AM,1844.1,1844.8,1842.9,1843.2,111.11,GREEN,28-09-2026 11:05:00 AM,28-09-2026 11:10:00 AM,1843.1,1845.1,1842.4,1844.1,170.0,RED,28-09-2026 11:10:00 AM,28-09-2026 11:15:00 AM,1844.6,1844.6,1843.0,1844.0,166.67,RED,28-09-2026 11:15:00 AM,28-09-2026 11:20:00 AM,1843.6,1844.3,1843.0,1843.0,116.67,RED,28-09-2026 11:20:00 AM,28-09-2026 11:25:00 AM,1844.0,1844.5,1842.8,1843.8,750.0,GREEN,28-09-2026 11:25:00 AM,28-09-2026 11:30:00 AM,1844.0,1844.8,1842.1,1844.5,440.0
SHRIRAMFIN-5m-2026-09-28T11:25:00+05:30-RED_TO_GREEN,2026-09-28T11:30:25.869030+05:30,28-09-2026 11:30:25 AM,SHRIRAMFIN,SHRIRAMFIN,5m,stock,N50 & N100,NIFTY 50; NIFTY 100; NIFTY 200,3 RED → GREEN,RED_TO_GREEN,R R R G,2026-09-28T11:25:00+05:30,28-09-2026 11:25:00 AM,2026-09-28T11:30:00+05:30,28-09-2026 11:30:00 AM,974.0,975.3,973.9,974.8,DOJI,28-09-2026 10:55:00 AM,28-09-2026 11:00:00 AM,977.9,978.5,977.5,977.9,,RED,28-09-2026 11:00:00 AM,28-09-2026 11:05:00 AM,978.0,978.0,977.0,977.1,11.11,RED,28-09-2026 11:05:00 AM,28-09-2026 11:10:00 AM,977.1,977.1,975.9,976.3,50.0,RED,28-09-2026 11:10:00 AM,28-09-2026 11:15:00 AM,976.1,976.4,975.6,976.0,700.0,RED,28-09-2026 11:15:00 AM,28-09-2026 11:20:00 AM,976.1,976.5,974.4,975.1,110.0,RED,28-09-2026 11:20:00 AM,28-09-2026 11:25:00 AM,975.1,975.3,973.9,973.9,16.67,GREEN,28-09-2026 11:25:00 AM,28-09-2026 11:30:00 AM,974.0,975.3,973.9,974.8,75.0
PERSISTENT-5m-2026-09-28T11:25:00+05:30-RED_TO_GREEN,2026-09-28T11:30:25.798956+05:30,28-09-2026 11:30:25 AM,PERSISTENT,PERSISTENT,5m,stock,OTHER,,3 RED → GREEN,RED_TO_GREEN,R R R G,2026-09-28T11:25:00+05:30,28-09-2026 11:25:00 AM,2026-09-28T11:30:00+05:30,28-09-2026 11:30:00 AM,5295.5,5306.0,5295.0,5304.5,RED,28-09-2026 10:55:00 AM,28-09-2026 11:00:00 AM,5312.0,5315.0,5307.5,5310.0,275.0,RED,28-09-2026 11:00:00 AM,28-09-2026 11:05:00 AM,5310.0,5310.0,5300.5,5304.0,58.33,RED,28-09-2026 11:05:00 AM,28-09-2026 11:10:00 AM,5304.0,5306.0,5297.0,5303.5,1700.0,RED,28-09-2026 11:10:00 AM,28-09-2026 11:15:00 AM,5304.5,5306.0,5297.5,5303.5,750.0,RED,28-09-2026 11:15:00 AM,28-09-2026 11:20:00 AM,5303.5,5303.5,5298.0,5298.0,0.0,RED,28-09-2026 11:20:00 AM,28-09-2026 11:25:00 AM,5298.5,5303.5,5295.0,5295.0,142.86,GREEN,28-09-2026 11:25:00 AM,28-09-2026 11:30:00 AM,5295.5,5306.0,5295.0,5304.5,22.22
MOTILALOFS-5m-2026-09-28T11:25:00+05:30-RED_TO_GREEN,2026-09-28T11:30:25.710103+05:30,28-09-2026 11:30:25 AM,MOTILALOFS,MOTILALOFS,5m,stock,OTHER,,3 RED → GREEN,RED_TO_GREEN,R R R G,2026-09-28T11:25:00+05:30,28-09-2026 11:25:00 AM,2026-09-28T11:30:00+05:30,28-09-2026 11:30:00 AM,1015.0,1016.4,1014.5,1016.0,GREEN,28-09-2026 10:55:00 AM,28-09-2026 11:00:00 AM,1012.9,1018.5,1012.9,1016.6,51.35,GREEN,28-09-2026 11:00:00 AM,28-09-2026 11:05:00 AM,1015.8,1017.9,1015.8,1016.8,110.0,RED,28-09-2026 11:05:00 AM,28-09-2026 11:10:00 AM,1016.7,1016.7,1015.8,1016.4,200.0,RED,28-09-2026 11:10:00 AM,28-09-2026 11:15:00 AM,1017.0,1017.3,1015.1,1015.2,22.22,RED,28-09-2026 11:15:00 AM,28-09-2026 11:20:00 AM,1015.8,1016.4,1014.2,1015.7,2100.0,RED,28-09-2026 11:20:00 AM,28-09-2026 11:25:00 AM,1016.0,1016.0,1014.3,1015.0,70.0,GREEN,28-09-2026 11:25:00 AM,28-09-2026 11:30:00 AM,1015.0,1016.4,1014.5,1016.0,90.0
MAXHEALTH-5m-2026-09-28T11:25:00+05:30-RED_TO_GREEN,2026-09-28T11:30:25.620967+05:30,28-09-2026 11:30:25 AM,MAXHEALTH,MAXHEALTH,5m,stock,OTHER,,3 RED → GREEN,RED_TO_GREEN,R R R G,2026-09-28T11:25:00+05:30,28-09-2026 11:25:00 AM,2026-09-28T11:30:00+05:30,28-09-2026 11:30:00 AM,995.2,996.2,994.8,996.0,RED,28-09-2026 10:55:00 AM,28-09-2026 11:00:00 AM,1000.4,1000.6,997.0,998.3,71.43,DOJI,28-09-2026 11:00:00 AM,28-09-2026 11:05:00 AM,998.9,999.2,998.4,998.9,,GREEN,28-09-2026 11:05:00 AM,28-09-2026 11:10:00 AM,998.8,999.3,998.3,999.1,233.33,RED,28-09-2026 11:10:00 AM,28-09-2026 11:15:00 AM,999.0,999.0,995.8,997.6,128.57,RED,28-09-2026 11:15:00 AM,28-09-2026 11:20:00 AM,997.4,998.4,995.1,995.3,57.14,RED,28-09-2026 11:20:00 AM,28-09-2026 11:25:00 AM,995.3,995.6,994.7,995.2,800.0,GREEN,28-09-2026 11:25:00 AM,28-09-2026 11:30:00 AM,995.2,996.2,994.8,996.0,75.0
MARUTI-5m-2026-09-28T11:25:00+05:30-RED_TO_GREEN,2026-09-28T11:30:25.554072+05:30,28-09-2026 11:30:25 AM,MARUTI,MARUTI,5m,stock,N50 & N100,NIFTY 50; NIFTY 100; NIFTY 200,3 RED → GREEN,RED_TO_GREEN,R R R G,2026-09-28T11:25:00+05:30,28-09-2026 11:25:00 AM,2026-09-28T11:30:00+05:30,28-09-2026 11:30:00 AM,11956.0,11964.0,11952.0,11964.0,DOJI,28-09-2026 10:55:00 AM,28-09-2026 11:00:00 AM,12015.0,12020.0,12010.0,12015.0,,RED,28-09-2026 11:00:00 AM,28-09-2026 11:05:00 AM,12015.0,12015.0,11992.0,11996.0,21.05,RED,28-09-2026 11:05:00 AM,28-09-2026 11:10:00 AM,11992.0,12005.0,11989.0,11991.0,1500.0,RED,28-09-2026 11:10:00 AM,28-09-2026 11:15:00 AM,11991.0,11991.0,11965.0,11968.0,13.04,RED,28-09-2026 11:15:00 AM,28-09-2026 11:20:00 AM,11973.0,11976.0,11965.0,11967.0,83.33,RED,28-09-2026 11:20:00 AM,28-09-2026 11:25:00 AM,11969.0,11970.0,11953.0,11956.0,30.77,GREEN,28-09-2026 11:25:00 AM,28-09-2026 11:30:00 AM,11956.0,11964.0,11952.0,11964.0,50.0
M&M-5m-2026-09-28T11:25:00+05:30-RED_TO_GREEN,2026-09-28T11:30:25.496190+05:30,28-09-2026 11:30:25 AM,M&M,M&M,5m,stock,N50 & N100,NIFTY 50; NIFTY 100; NIFTY 200,3 RED → GREEN,RED_TO_GREEN,R R R G,2026-09-28T11:25:00+05:30,28-09-2026 11:25:00 AM,2026-09-28T11:30:00+05:30,28-09-2026 11:30:00 AM,2990.0,2992.3,2989.5,2990.2,RED,28-09-2026 10:55:00 AM,28-09-2026 11:00:00 AM,3001.4,3001.5,2999.8,2999.9,13.33,RED,28-09-2026 11:00:00 AM,28-09-2026 11:05:00 AM,2999.6,2999.6,2995.0,2995.3,6.98,GREEN,28-09-2026 11:05:00 AM,28-09-2026 11:10:00 AM,2995.2,2997.5,2992.5,2995.7,900.0,RED,28-09-2026 11:10:00 AM,28-09-2026 11:15:00 AM,2996.2,2996.2,2994.1,2995.0,75.0,RED,28-09-2026 11:15:00 AM,28-09-2026 11:20:00 AM,2995.0,2997.7,2990.0,2991.4,113.89,RED,28-09-2026 11:20:00 AM,28-09-2026 11:25:00 AM,2991.5,2992.0,2988.5,2988.8,29.63,GREEN,28-09-2026 11:25:00 AM,28-09-2026 11:30:00 AM,2990.0,2992.3,2989.5,2990.2,1300.0
LTF-5m-2026-09-28T11:25:00+05:30-RED_TO_GREEN,2026-09-28T11:30:25.364877+05:30,28-09-2026 11:30:25 AM,LTF,LTF,5m,stock,OTHER,,3 RED → GREEN,RED_TO_GREEN,R R R G,2026-09-28T11:25:00+05:30,28-09-2026 11:25:00 AM,2026-09-28T11:30:00+05:30,28-09-2026 11:30:00 AM,278.85,279.7,278.75,279.35,GREEN,28-09-2026 10:55:00 AM,28-09-2026 11:00:00 AM,280.0,280.25,279.95,280.1,200.0,RED,28-09-2026 11:00:00 AM,28-09-2026 11:05:00 AM,280.15,280.6,279.8,279.9,220.0,RED,28-09-2026 11:05:00 AM,28-09-2026 11:10:00 AM,279.75,279.85,279.45,279.7,700.0,RED,28-09-2026 11:10:00 AM,28-09-2026 11:15:00 AM,279.7,279.7,279.2,279.35,42.86,RED,28-09-2026 11:15:00 AM,28-09-2026 11:20:00 AM,279.35,279.45,279.1,279.2,133.33,RED,28-09-2026 11:20:00 AM,28-09-2026 11:25:00 AM,279.2,279.3,278.8,278.9,66.67,GREEN,28-09-2026 11:25:00 AM,28-09-2026 11:30:00 AM,278.85,279.7,278.75,279.35,90.0
GODFRYPHLP-5m-2026-09-28T11:25:00+05:30-RED_TO_GREEN,2026-09-28T11:30:25.265060+05:30,28-09-2026 11:30:25 AM,GODFRYPHLP,GODFRYPHLP,5m,stock,OTHER,,3 RED → GREEN,RED_TO_GREEN,R R R G,2026-09-28T11:25:00+05:30,28-09-2026 11:25:00 AM,2026-09-28T11:30:00+05:30,28-09-2026 11:30:00 AM,1941.1,1942.1,1940.3,1942.1,RED,28-09-2026 10:55:00 AM,28-09-2026 11:00:00 AM,1945.0,1945.2,1942.0,1942.5,28.0,GREEN,28-09-2026 11:00:00 AM,28-09-2026 11:05:00 AM,1942.5,1947.6,1942.5,1946.9,15.91,GREEN,28-09-2026 11:05:00 AM,28-09-2026 11:10:00 AM,1946.7,1947.6,1945.6,1947.5,150.0,RED,28-09-2026 11:10:00 AM,28-09-2026 11:15:00 AM,1947.5,1947.8,1945.1,1946.2,107.69,RED,28-09-2026 11:15:00 AM,28-09-2026 11:20:00 AM,1947.0,1947.6,1945.3,1946.5,360.0,RED,28-09-2026 11:20:00 AM,28-09-2026 11:25:00 AM,1946.8,1946.8,1941.1,1941.1,0.0,GREEN,28-09-2026 11:25:00 AM,28-09-2026 11:30:00 AM,1941.1,1942.1,1940.3,1942.1,80.0
EICHERMOT-5m-2026-09-28T11:25:00+05:30-RED_TO_GREEN,2026-09-28T11:30:25.139589+05:30,28-09-2026 11:30:25 AM,EICHERMOT,EICHERMOT,5m,stock,N50 & N100,NIFTY 50; NIFTY 100; NIFTY 200,3 RED → GREEN,RED_TO_GREEN,R R R G,2026-09-28T11:25:00+05:30,28-09-2026 11:25:00 AM,2026-09-28T11:30:00+05:30,28-09-2026 11:30:00 AM,7230.0,7239.5,7229.5,7239.5,RED,28-09-2026 10:55:00 AM,28-09-2026 11:00:00 AM,7260.5,7266.0,7255.0,7256.0,144.44,RED,28-09-2026 11:00:00 AM,28-09-2026 11:05:00 AM,7256.5,7258.0,7244.0,7246.5,40.0,RED,28-09-2026 11:05:00 AM,28-09-2026 11:10:00 AM,7246.0,7254.0,7242.5,7243.5,360.0,RED,28-09-2026 11:10:00 AM,28-09-2026 11:15:00 AM,7241.0,7243.5,7233.0,7237.5,200.0,RED,28-09-2026 11:15:00 AM,28-09-2026 11:20:00 AM,7239.0,7240.5,7229.0,7236.0,283.33,RED,28-09-2026 11:20:00 AM,28-09-2026 11:25:00 AM,7236.5,7240.0,7222.0,7229.0,140.0,GREEN,28-09-2026 11:25:00 AM,28-09-2026 11:30:00 AM,7230.0,7239.5,7229.5,7239.5,5.26
DLF-5m-2026-09-28T11:25:00+05:30-RED_TO_GREEN,2026-09-28T11:30:25.017215+05:30,28-09-2026 11:30:25 AM,DLF,DLF,5m,stock,N100,NIFTY 100; NIFTY 200,3 RED → GREEN,RED_TO_GREEN,R R R G,2026-09-28T11:25:00+05:30,28-09-2026 11:25:00 AM,2026-09-28T11:30:00+05:30,28-09-2026 11:30:00 AM,666.85,667.85,666.55,667.45,RED,28-09-2026 10:55:00 AM,28-09-2026 11:00:00 AM,668.75,668.8,668.15,668.25,30.0,GREEN,28-09-2026 11:00:00 AM,28-09-2026 11:05:00 AM,668.15,668.7,667.65,668.2,2000.0,GREEN,28-09-2026 11:05:00 AM,28-09-2026 11:10:00 AM,668.15,668.85,667.9,668.55,137.5,RED,28-09-2026 11:10:00 AM,28-09-2026 11:15:00 AM,668.55,668.6,667.95,668.1,44.44,RED,28-09-2026 11:15:00 AM,28-09-2026 11:20:00 AM,668.1,668.55,666.75,667.2,100.0,RED,28-09-2026 11:20:00 AM,28-09-2026 11:25:00 AM,666.95,667.7,666.5,666.9,2300.0,GREEN,28-09-2026 11:25:00 AM,28-09-2026 11:30:00 AM,666.85,667.85,666.55,667.45,116.67
COALINDIA-5m-2026-09-28T11:25:00+05:30-RED_TO_GREEN,2026-09-28T11:30:24.938869+05:30,28-09-2026 11:30:24 AM,COALINDIA,COALINDIA,5m,stock,N50 & N100,NIFTY 50; NIFTY 100; NIFTY 200,3 RED → GREEN,RED_TO_GREEN,R R R G,2026-09-28T11:25:00+05:30,28-09-2026 11:25:00 AM,2026-09-28T11:30:00+05:30,28-09-2026 11:30:00 AM,425.95,426.05,425.65,426.0,RED,28-09-2026 10:55:00 AM,28-09-2026 11:00:00 AM,427.85,427.95,427.1,427.25,41.67,GREEN,28-09-2026 11:00:00 AM,28-09-2026 11:05:00 AM,427.2,427.4,427.0,427.3,300.0,GREEN,28-09-2026 11:05:00 AM,28-09-2026 11:10:00 AM,427.3,427.75,426.9,427.5,325.0,RED,28-09-2026 11:10:00 AM,28-09-2026 11:15:00 AM,427.5,427.65,426.7,426.75,26.67,RED,28-09-2026 11:15:00 AM,28-09-2026 11:20:00 AM,426.8,426.8,425.8,425.85,5.26,RED,28-09-2026 11:20:00 AM,28-09-2026 11:25:00 AM,425.95,426.35,425.65,425.9,1300.0,GREEN,28-09-2026 11:25:00 AM,28-09-2026 11:30:00 AM,425.95,426.05,425.65,426.0,700.0
CIPLA-5m-2026-09-28T11:25:00+05:30-RED_TO_GREEN,2026-09-28T11:30:24.888665+05:30,28-09-2026 11:30:24 AM,CIPLA,CIPLA,5m,stock,N50 & N100,NIFTY 50; NIFTY 100; NIFTY 200,3 RED → GREEN,RED_TO_GREEN,R R R G,2026-09-28T11:25:00+05:30,28-09-2026 11:25:00 AM,2026-09-28T11:30:00+05:30,28-09-2026 11:30:00 AM,1387.8,1388.7,1387.0,1388.2,GREEN,28-09-2026 10:55:00 AM,28-09-2026 11:00:00 AM,1391.0,1392.2,1390.6,1391.6,166.67,RED,28-09-2026 11:00:00 AM,28-09-2026 11:05:00 AM,1391.4,1391.6,1389.0,1389.0,8.33,RED,28-09-2026 11:05:00 AM,28-09-2026 11:10:00 AM,1389.8,1390.0,1388.2,1389.4,350.0,RED,28-09-2026 11:10:00 AM,28-09-2026 11:15:00 AM,1389.3,1389.4,1387.9,1388.5,87.5,RED,28-09-2026 11:15:00 AM,28-09-2026 11:20:00 AM,1389.0,1389.1,1387.8,1388.5,160.0,RED,28-09-2026 11:20:00 AM,28-09-2026 11:25:00 AM,1388.4,1388.4,1387.2,1387.2,0.0,GREEN,28-09-2026 11:25:00 AM,28-09-2026 11:30:00 AM,1387.8,1388.7,1387.0,1388.2,325.0
BSE-5m-2026-09-28T11:25:00+05:30-RED_TO_GREEN,2026-09-28T11:30:24.837710+05:30,28-09-2026 11:30:24 AM,BSE,BSE,5m,stock,OTHER,,3 RED → GREEN,RED_TO_GREEN,R R R G,2026-09-28T11:25:00+05:30,28-09-2026 11:25:00 AM,2026-09-28T11:30:00+05:30,28-09-2026 11:30:00 AM,3151.6,3155.0,3151.4,3152.0,GREEN,28-09-2026 10:55:00 AM,28-09-2026 11:00:00 AM,3164.6,3173.1,3164.2,3167.0,270.83,RED,28-09-2026 11:00:00 AM,28-09-2026 11:05:00 AM,3167.6,3167.7,3160.4,3161.5,19.67,RED,28-09-2026 11:05:00 AM,28-09-2026 11:10:00 AM,3161.5,3161.6,3155.3,3159.4,200.0,RED,28-09-2026 11:10:00 AM,28-09-2026 11:15:00 AM,3159.4,3161.6,3157.0,3158.5,411.11,RED,28-09-2026 11:15:00 AM,28-09-2026 11:20:00 AM,3158.8,3160.5,3151.5,3154.0,87.5,RED,28-09-2026 11:20:00 AM,28-09-2026 11:25:00 AM,3154.0,3155.9,3151.3,3151.5,84.0,GREEN,28-09-2026 11:25:00 AM,28-09-2026 11:30:00 AM,3151.6,3155.0,3151.4,3152.0,800.0
BEL-5m-2026-09-28T11:25:00+05:30-RED_TO_GREEN,2026-09-28T11:30:24.770063+05:30,28-09-2026 11:30:24 AM,BEL,BEL,5m,stock,N50 & N100,NIFTY 50; NIFTY 100; NIFTY 200,3 RED → GREEN,RED_TO_GREEN,R R R G,2026-09-28T11:25:00+05:30,28-09-2026 11:25:00 AM,2026-09-28T11:30:00+05:30,28-09-2026 11:30:00 AM,384.65,385.0,384.4,384.85,GREEN,28-09-2026 10:55:00 AM,28-09-2026 11:00:00 AM,385.85,386.1,385.8,385.9,500.0,RED,28-09-2026 11:00:00 AM,28-09-2026 11:05:00 AM,385.85,385.95,385.65,385.7,100.0,DOJI,28-09-2026 11:05:00 AM,28-09-2026 11:10:00 AM,385.65,386.0,385.6,385.65,,RED,28-09-2026 11:10:00 AM,28-09-2026 11:15:00 AM,385.6,385.7,385.3,385.35,60.0,RED,28-09-2026 11:15:00 AM,28-09-2026 11:20:00 AM,385.4,385.5,384.4,384.6,37.5,RED,28-09-2026 11:20:00 AM,28-09-2026 11:25:00 AM,384.6,384.75,384.4,384.55,600.0,GREEN,28-09-2026 11:25:00 AM,28-09-2026 11:30:00 AM,384.65,385.0,384.4,384.85,200.0
BAJAJ-AUTO-5m-2026-09-28T11:25:00+05:30-RED_TO_GREEN,2026-09-28T11:30:24.686389+05:30,28-09-2026 11:30:24 AM,BAJAJ-AUTO,BAJAJ-AUTO,5m,stock,N50 & N100,NIFTY 50; NIFTY 100; NIFTY 200,3 RED → GREEN,RED_TO_GREEN,R R R G,2026-09-28T11:25:00+05:30,28-09-2026 11:25:00 AM,2026-09-28T11:30:00+05:30,28-09-2026 11:30:00 AM,11052.0,11060.0,11051.0,11060.0,RED,28-09-2026 10:55:00 AM,28-09-2026 11:00:00 AM,11127.0,11128.0,11115.0,11119.0,62.5,RED,28-09-2026 11:00:00 AM,28-09-2026 11:05:00 AM,11119.0,11119.0,11085.0,11092.0,25.93,DOJI,28-09-2026 11:05:00 AM,28-09-2026 11:10:00 AM,11093.0,11098.0,11086.0,11093.0,,RED,28-09-2026 11:10:00 AM,28-09-2026 11:15:00 AM,11092.0,11094.0,11067.0,11072.0,35.0,RED,28-09-2026 11:15:00 AM,28-09-2026 11:20:00 AM,11071.0,11072.0,11048.0,11062.0,166.67,RED,28-09-2026 11:20:00 AM,28-09-2026 11:25:00 AM,11061.0,11070.0,11050.0,11050.0,81.82,GREEN,28-09-2026 11:25:00 AM,28-09-2026 11:30:00 AM,11052.0,11060.0,11051.0,11060.0,12.5
360ONE-5m-2026-09-28T11:25:00+05:30-RED_TO_GREEN,2026-09-28T11:30:24.622356+05:30,28-09-2026 11:30:24 AM,360ONE,360ONE,5m,stock,OTHER,,3 RED → GREEN,RED_TO_GREEN,R R R G,2026-09-28T11:25:00+05:30,28-09-2026 11:25:00 AM,2026-09-28T11:30:00+05:30,28-09-2026 11:30:00 AM,1054.0,1054.9,1053.0,1054.5,RED,28-09-2026 10:55:00 AM,28-09-2026 11:00:00 AM,1055.4,1056.0,1053.9,1054.7,200.0,RED,28-09-2026 11:00:00 AM,28-09-2026 11:05:00 AM,1054.2,1054.6,1053.4,1054.1,1100.0,GREEN,28-09-2026 11:05:00 AM,28-09-2026 11:10:00 AM,1053.6,1059.9,1053.2,1059.7,9.84,RED,28-09-2026 11:10:00 AM,28-09-2026 11:15:00 AM,1059.3,1060.0,1055.3,1058.0,261.54,RED,28-09-2026 11:15:00 AM,28-09-2026 11:20:00 AM,1057.3,1058.0,1055.8,1055.8,46.67,RED,28-09-2026 11:20:00 AM,28-09-2026 11:25:00 AM,1056.5,1056.7,1053.5,1053.7,14.29,GREEN,28-09-2026 11:25:00 AM,28-09-2026 11:30:00 AM,1054.0,1054.9,1053.0,1054.5,280.0
NIFTY50-5m-2026-09-28T11:25:00+05:30-RED_TO_GREEN,2026-09-28T11:30:24.559609+05:30,28-09-2026 11:30:24 AM,NIFTY50,NIFTY 50,5m,index,INDEX,NIFTY 50; NIFTY 100; NIFTY 200,3 RED → GREEN,RED_TO_GREEN,R R R G,2026-09-28T11:25:00+05:30,28-09-2026 11:25:00 AM,2026-09-28T11:30:00+05:30,28-09-2026 11:30:00 AM,22810.6,22833.6,22810.6,22830.05,GREEN,28-09-2026 10:55:00 AM,28-09-2026 11:00:00 AM,22828.0,22845.55,22828.0,22838.9,61.01,RED,28-09-2026 11:00:00 AM,28-09-2026 11:05:00 AM,22838.85,22840.0,22823.35,22824.0,12.12,GREEN,28-09-2026 11:05:00 AM,28-09-2026 11:10:00 AM,22824.0,22830.4,22820.8,22824.85,1029.41,RED,28-09-2026 11:10:00 AM,28-09-2026 11:15:00 AM,22824.85,22828.45,22815.45,22820.8,220.99,RED,28-09-2026 11:15:00 AM,28-09-2026 11:20:00 AM,22820.7,22824.5,22807.65,22818.05,535.85,RED,28-09-2026 11:20:00 AM,28-09-2026 11:25:00 AM,22818.2,22823.25,22808.9,22810.65,90.07,GREEN,28-09-2026 11:25:00 AM,28-09-2026 11:30:00 AM,22810.6,22833.6,22810.6,22830.05,18.25
TECHM-5m-2026-09-28T11:20:00+05:30-RED_TO_GREEN,2026-09-28T11:25:31.109588+05:30,28-09-2026 11:25:31 AM,TECHM,TECHM,5m,stock,N50 & N100,NIFTY 50; NIFTY 100; NIFTY 200,3 RED → GREEN,RED_TO_GREEN,R R R G,2026-09-28T11:20:00+05:30,28-09-2026 11:20:00 AM,2026-09-28T11:25:00+05:30,28-09-2026 11:25:00 AM,1530.5,1530.9,1529.7,1530.7,GREEN,28-09-2026 10:50:00 AM,28-09-2026 10:55:00 AM,1529.5,1532.2,1529.5,1531.4,42.11,GREEN,28-09-2026 10:55:00 AM,28-09-2026 11:00:00 AM,1531.5,1535.7,1531.0,1533.9,95.83,RED,28-09-2026 11:00:00 AM,28-09-2026 11:05:00 AM,1533.9,1534.3,1532.1,1533.6,633.33,RED,28-09-2026 11:05:00 AM,28-09-2026 11:10:00 AM,1533.1,1534.6,1531.4,1532.0,190.91,RED,28-09-2026 11:10:00 AM,28-09-2026 11:15:00 AM,1531.8,1532.0,1530.3,1531.3,240.0,RED,28-09-2026 11:15:00 AM,28-09-2026 11:20:00 AM,1531.1,1531.1,1529.9,1530.0,9.09,GREEN,28-09-2026 11:20:00 AM,28-09-2026 11:25:00 AM,1530.5,1530.9,1529.7,1530.7,500.0
NESTLEIND-5m-2026-09-28T11:20:00+05:30-GREEN_TO_RED,2026-09-28T11:25:31.047046+05:30,28-09-2026 11:25:31 AM,NESTLEIND,NESTLEIND,5m,stock,N50 & N100,NIFTY 50; NIFTY 100; NIFTY 200,3 GREEN → RED,GREEN_TO_RED,G G G R,2026-09-28T11:20:00+05:30,28-09-2026 11:20:00 AM,2026-09-28T11:25:00+05:30,28-09-2026 11:25:00 AM,1351.5,1351.8,1350.0,1350.4,RED,28-09-2026 10:50:00 AM,28-09-2026 10:55:00 AM,1346.1,1346.1,1344.9,1345.4,71.43,GREEN,28-09-2026 10:55:00 AM,28-09-2026 11:00:00 AM,1345.4,1346.5,1344.6,1346.5,72.73,GREEN,28-09-2026 11:00:00 AM,28-09-2026 11:05:00 AM,1346.5,1349.0,1344.2,1346.6,4700.0,GREEN,28-09-2026 11:05:00 AM,28-09-2026 11:10:00 AM,1347.0,1347.9,1346.6,1347.4,225.0,GREEN,28-09-2026 11:10:00 AM,28-09-2026 11:15:00 AM,1347.3,1350.5,1346.9,1350.2,24.14,GREEN,28-09-2026 11:15:00 AM,28-09-2026 11:20:00 AM,1350.5,1353.0,1349.7,1351.2,371.43,RED,28-09-2026 11:20:00 AM,28-09-2026 11:25:00 AM,1351.5,1351.8,1350.0,1350.4,63.64
HINDPETRO-5m-2026-09-28T11:20:00+05:30-RED_TO_GREEN,2026-09-28T11:25:30.992096+05:30,28-09-2026 11:25:30 AM,HINDPETRO,HINDPETRO,5m,stock,OTHER,,3 RED → GREEN,RED_TO_GREEN,R R R G,2026-09-28T11:20:00+05:30,28-09-2026 11:20:00 AM,2026-09-28T11:25:00+05:30,28-09-2026 11:25:00 AM,345.15,345.3,345.15,345.25,GREEN,28-09-2026 10:50:00 AM,28-09-2026 10:55:00 AM,345.6,345.85,345.6,345.75,66.67,GREEN,28-09-2026 10:55:00 AM,28-09-2026 11:00:00 AM,345.65,346.0,345.65,345.9,40.0,RED,28-09-2026 11:00:00 AM,28-09-2026 11:05:00 AM,345.95,345.95,345.55,345.55,0.0,RED,28-09-2026 11:05:00 AM,28-09-2026 11:10:00 AM,345.55,345.6,345.5,345.5,100.0,RED,28-09-2026 11:10:00 AM,28-09-2026 11:15:00 AM,345.55,345.55,345.45,345.5,100.0,RED,28-09-2026 11:15:00 AM,28-09-2026 11:20:00 AM,345.5,345.5,345.0,345.2,66.67,GREEN,28-09-2026 11:20:00 AM,28-09-2026 11:25:00 AM,345.15,345.3,345.15,345.25,50.0
DRREDDY-5m-2026-09-28T11:20:00+05:30-GREEN_TO_RED,2026-09-28T11:25:30.928950+05:30,28-09-2026 11:25:30 AM,DRREDDY,DRREDDY,5m,stock,N50 & N100,NIFTY 50; NIFTY 100; NIFTY 200,3 GREEN → RED,GREEN_TO_RED,G G G R,2026-09-28T11:20:00+05:30,28-09-2026 11:20:00 AM,2026-09-28T11:25:00+05:30,28-09-2026 11:25:00 AM,1218.7,1219.2,1217.6,1218.4,GREEN,28-09-2026 10:50:00 AM,28-09-2026 10:55:00 AM,1216.1,1217.2,1216.0,1216.9,50.0,GREEN,28-09-2026 10:55:00 AM,28-09-2026 11:00:00 AM,1216.8,1217.6,1216.5,1217.1,266.67,RED,28-09-2026 11:00:00 AM,28-09-2026 11:05:00 AM,1217.1,1217.1,1214.8,1215.1,15.0,GREEN,28-09-2026 11:05:00 AM,28-09-2026 11:10:00 AM,1215.2,1218.0,1215.2,1216.8,75.0,GREEN,28-09-2026 11:10:00 AM,28-09-2026 11:15:00 AM,1216.8,1219.5,1216.1,1218.6,88.89,GREEN,28-09-2026 11:15:00 AM,28-09-2026 11:20:00 AM,1218.4,1218.7,1216.5,1218.7,633.33,RED,28-09-2026 11:20:00 AM,28-09-2026 11:25:00 AM,1218.7,1219.2,1217.6,1218.4,433.33
BIOCON-5m-2026-09-28T11:20:00+05:30-RED_TO_GREEN,2026-09-28T11:25:30.883597+05:30,28-09-2026 11:25:30 AM,BIOCON,BIOCON,5m,stock,OTHER,,3 RED → GREEN,RED_TO_GREEN,R R R G,2026-09-28T11:20:00+05:30,28-09-2026 11:20:00 AM,2026-09-28T11:25:00+05:30,28-09-2026 11:25:00 AM,376.8,377.3,376.8,377.0,GREEN,28-09-2026 10:50:00 AM,28-09-2026 10:55:00 AM,378.5,378.7,378.3,378.6,300.0,DOJI,28-09-2026 10:55:00 AM,28-09-2026 11:00:00 AM,378.5,378.9,378.5,378.5,,RED,28-09-2026 11:00:00 AM,28-09-2026 11:05:00 AM,378.6,378.6,378.25,378.45,133.33,RED,28-09-2026 11:05:00 AM,28-09-2026 11:10:00 AM,378.45,378.45,377.9,377.95,10.0,RED,28-09-2026 11:10:00 AM,28-09-2026 11:15:00 AM,378.1,378.15,376.35,377.3,125.0,RED,28-09-2026 11:15:00 AM,28-09-2026 11:20:00 AM,377.3,377.6,376.65,376.8,90.0,GREEN,28-09-2026 11:20:00 AM,28-09-2026 11:25:00 AM,376.8,377.3,376.8,377.0,150.0
APOLLOHOSP-5m-2026-09-28T11:20:00+05:30-RED_TO_GREEN,2026-09-28T11:25:30.823904+05:30,28-09-2026 11:25:30 AM,APOLLOHOSP,APOLLOHOSP,5m,stock,N50 & N100,NIFTY 50; NIFTY 100; NIFTY 200,3 RED → GREEN,RED_TO_GREEN,R R R G,2026-09-28T11:20:00+05:30,28-09-2026 11:20:00 AM,2026-09-28T11:25:00+05:30,28-09-2026 11:25:00 AM,8860.0,8865.0,8853.5,8863.0,GREEN,28-09-2026 10:50:00 AM,28-09-2026 10:55:00 AM,8872.5,8880.0,8871.0,8875.5,200.0,RED,28-09-2026 10:55:00 AM,28-09-2026 11:00:00 AM,8875.5,8876.5,8864.5,8873.5,500.0,GREEN,28-09-2026 11:00:00 AM,28-09-2026 11:05:00 AM,8866.5,8877.0,8866.5,8874.5,31.25,RED,28-09-2026 11:05:00 AM,28-09-2026 11:10:00 AM,8874.5,8874.5,8864.5,8869.5,100.0,RED,28-09-2026 11:10:00 AM,28-09-2026 11:15:00 AM,8869.0,8870.0,8860.0,8867.0,400.0,RED,28-09-2026 11:15:00 AM,28-09-2026 11:20:00 AM,8867.0,8871.0,8860.0,8863.0,175.0,GREEN,28-09-2026 11:20:00 AM,28-09-2026 11:25:00 AM,8860.0,8865.0,8853.5,8863.0,283.33
ATHERENERG-5m-2026-09-28T11:20:00+05:30-RED_TO_GREEN,2026-09-28T11:25:30.792483+05:30,28-09-2026 11:25:30 AM,ATHERENERG,ATHERENERG,5m,stock,OTHER,,3 RED → GREEN,RED_TO_GREEN,R R R G,2026-09-28T11:20:00+05:30,28-09-2026 11:20:00 AM,2026-09-28T11:25:00+05:30,28-09-2026 11:25:00 AM,1473.8,1476.0,1472.2,1474.9,RED,28-09-2026 10:50:00 AM,28-09-2026 10:55:00 AM,1488.6,1489.4,1486.7,1487.5,145.45,GREEN,28-09-2026 10:55:00 AM,28-09-2026 11:00:00 AM,1487.0,1488.8,1487.0,1487.4,350.0,RED,28-09-2026 11:00:00 AM,28-09-2026 11:05:00 AM,1488.0,1488.7,1484.2,1484.2,18.42,RED,28-09-2026 11:05:00 AM,28-09-2026 11:10:00 AM,1484.8,1485.1,1481.1,1482.1,48.15,RED,28-09-2026 11:10:00 AM,28-09-2026 11:15:00 AM,1482.6,1483.1,1475.0,1476.5,32.79,RED,28-09-2026 11:15:00 AM,28-09-2026 11:20:00 AM,1476.5,1476.5,1472.0,1473.0,28.57,GREEN,28-09-2026 11:20:00 AM,28-09-2026 11:25:00 AM,1473.8,1476.0,1472.2,1474.9,245.45
SIEMENS-5m-2026-09-28T11:15:00+05:30-RED_TO_GREEN,2026-09-28T11:20:24.136193+05:30,28-09-2026 11:20:24 AM,SIEMENS,SIEMENS,5m,stock,N100,NIFTY 100; NIFTY 200,3 RED → GREEN,RED_TO_GREEN,R R R G,2026-09-28T11:15:00+05:30,28-09-2026 11:15:00 AM,2026-09-28T11:20:00+05:30,28-09-2026 11:20:00 AM,3801.8,3809.0,3798.0,3809.0,GREEN,28-09-2026 10:45:00 AM,28-09-2026 10:50:00 AM,3808.8,3813.0,3808.7,3808.9,4200.0,GREEN,28-09-2026 10:50:00 AM,28-09-2026 10:55:00 AM,3808.7,3817.7,3808.7,3816.1,21.62,GREEN,28-09-2026 10:55:00 AM,28-09-2026 11:00:00 AM,3814.0,3823.3,3814.0,3821.2,29.17,RED,28-09-2026 11:00:00 AM,28-09-2026 11:05:00 AM,3822.9,3823.0,3817.0,3817.0,1.69,RED,28-09-2026 11:05:00 AM,28-09-2026 11:10:00 AM,3814.1,3814.1,3808.0,3808.8,15.09,RED,28-09-2026 11:10:00 AM,28-09-2026 11:15:00 AM,3808.8,3809.2,3801.0,3801.8,17.14,GREEN,28-09-2026 11:15:00 AM,28-09-2026 11:20:00 AM,3801.8,3809.0,3798.0,3809.0,52.78
JSWSTEEL-5m-2026-09-28T11:15:00+05:30-GREEN_TO_RED,2026-09-28T11:20:24.079540+05:30,28-09-2026 11:20:24 AM,JSWSTEEL,JSWSTEEL,5m,stock,N50 & N100,NIFTY 50; NIFTY 100; NIFTY 200,3 GREEN → RED,GREEN_TO_RED,G G G R,2026-09-28T11:15:00+05:30,28-09-2026 11:15:00 AM,2026-09-28T11:20:00+05:30,28-09-2026 11:20:00 AM,1269.5,1269.5,1267.7,1268.4,GREEN,28-09-2026 10:45:00 AM,28-09-2026 10:50:00 AM,1264.3,1266.3,1264.3,1264.8,300.0,GREEN,28-09-2026 10:50:00 AM,28-09-2026 10:55:00 AM,1264.5,1265.0,1263.5,1265.0,200.0,GREEN,28-09-2026 10:55:00 AM,28-09-2026 11:00:00 AM,1265.0,1267.4,1264.8,1266.6,62.5,GREEN,28-09-2026 11:00:00 AM,28-09-2026 11:05:00 AM,1266.9,1268.3,1266.0,1268.2,76.92,GREEN,28-09-2026 11:05:00 AM,28-09-2026 11:10:00 AM,1267.3,1269.3,1267.1,1268.7,57.14,GREEN,28-09-2026 11:10:00 AM,28-09-2026 11:15:00 AM,1268.7,1269.8,1268.4,1269.6,55.56,RED,28-09-2026 11:15:00 AM,28-09-2026 11:20:00 AM,1269.5,1269.5,1267.7,1268.4,63.64
JIOFIN-5m-2026-09-28T11:15:00+05:30-RED_TO_GREEN,2026-09-28T11:20:24.023450+05:30,28-09-2026 11:20:24 AM,JIOFIN,JIOFIN,5m,stock,N50 & N100,NIFTY 50; NIFTY 100; NIFTY 200,3 RED → GREEN,RED_TO_GREEN,R R R G,2026-09-28T11:15:00+05:30,28-09-2026 11:15:00 AM,2026-09-28T11:20:00+05:30,28-09-2026 11:20:00 AM,223.21,223.27,223.12,223.24,RED,28-09-2026 10:45:00 AM,28-09-2026 10:50:00 AM,223.95,223.96,223.78,223.82,38.46,GREEN,28-09-2026 10:50:00 AM,28-09-2026 10:55:00 AM,223.83,224.05,223.75,223.99,87.5,GREEN,28-09-2026 10:55:00 AM,28-09-2026 11:00:00 AM,224.0,224.19,224.0,224.15,26.67,RED,28-09-2026 11:00:00 AM,28-09-2026 11:05:00 AM,224.17,224.17,223.65,223.73,18.18,RED,28-09-2026 11:05:00 AM,28-09-2026 11:10:00 AM,223.73,223.75,223.57,223.65,125.0,RED,28-09-2026 11:10:00 AM,28-09-2026 11:15:00 AM,223.67,223.67,223.11,223.21,21.74,GREEN,28-09-2026 11:15:00 AM,28-09-2026 11:20:00 AM,223.21,223.27,223.12,223.24,400.0
INDUSINDBK-5m-2026-09-28T11:15:00+05:30-RED_TO_GREEN,2026-09-28T11:20:23.966489+05:30,28-09-2026 11:20:23 AM,INDUSINDBK,INDUSINDBK,5m,stock,N50 & N100,NIFTY 50; NIFTY 100; NIFTY 200,3 RED → GREEN,RED_TO_GREEN,R R R G,2026-09-28T11:15:00+05:30,28-09-2026 11:15:00 AM,2026-09-28T11:20:00+05:30,28-09-2026 11:20:00 AM,891.3,891.8,890.6,891.6,DOJI,28-09-2026 10:45:00 AM,28-09-2026 10:50:00 AM,893.4,894.9,893.3,893.4,,RED,28-09-2026 10:50:00 AM,28-09-2026 10:55:00 AM,893.4,893.6,892.6,893.1,233.33,GREEN,28-09-2026 10:55:00 AM,28-09-2026 11:00:00 AM,893.1,894.5,893.0,893.7,150.0,RED,28-09-2026 11:00:00 AM,28-09-2026 11:05:00 AM,893.7,893.7,892.2,892.8,66.67,RED,28-09-2026 11:05:00 AM,28-09-2026 11:10:00 AM,893.0,893.1,891.5,891.8,33.33,RED,28-09-2026 11:10:00 AM,28-09-2026 11:15:00 AM,891.7,891.9,889.7,891.4,633.33,GREEN,28-09-2026 11:15:00 AM,28-09-2026 11:20:00 AM,891.3,891.8,890.6,891.6,300.0
ICICIBANK-5m-2026-09-28T11:15:00+05:30-RED_TO_GREEN,2026-09-28T11:20:23.920885+05:30,28-09-2026 11:20:23 AM,ICICIBANK,ICICIBANK,5m,stock,N50 & N100,NIFTY 50; NIFTY 100; NIFTY 200,3 RED → GREEN,RED_TO_GREEN,R R R G,2026-09-28T11:15:00+05:30,28-09-2026 11:15:00 AM,2026-09-28T11:20:00+05:30,28-09-2026 11:20:00 AM,1303.6,1304.0,1302.3,1303.7,RED,28-09-2026 10:45:00 AM,28-09-2026 10:50:00 AM,1303.9,1304.8,1303.3,1303.3,150.0,GREEN,28-09-2026 10:50:00 AM,28-09-2026 10:55:00 AM,1303.3,1304.2,1302.7,1304.2,66.67,GREEN,28-09-2026 10:55:00 AM,28-09-2026 11:00:00 AM,1304.3,1305.9,1304.3,1305.0,128.57,RED,28-09-2026 11:00:00 AM,28-09-2026 11:05:00 AM,1305.0,1305.0,1303.2,1304.3,157.14,RED,28-09-2026 11:05:00 AM,28-09-2026 11:10:00 AM,1304.3,1304.7,1303.7,1303.9,150.0,RED,28-09-2026 11:10:00 AM,28-09-2026 11:15:00 AM,1303.9,1303.9,1302.9,1303.7,400.0,GREEN,28-09-2026 11:15:00 AM,28-09-2026 11:20:00 AM,1303.6,1304.0,1302.3,1303.7,1600.0
HDFCBANK-5m-2026-09-28T11:15:00+05:30-RED_TO_GREEN,2026-09-28T11:20:23.854517+05:30,28-09-2026 11:20:23 AM,HDFCBANK,HDFCBANK,5m,stock,N50 & N100,NIFTY 50; NIFTY 100; NIFTY 200,3 RED → GREEN,RED_TO_GREEN,R R R G,2026-09-28T11:15:00+05:30,28-09-2026 11:15:00 AM,2026-09-28T11:20:00+05:30,28-09-2026 11:20:00 AM,720.2,721.3,720.0,721.05,RED,28-09-2026 10:45:00 AM,28-09-2026 10:50:00 AM,722.0,722.25,721.2,721.25,40.0,RED,28-09-2026 10:50:00 AM,28-09-2026 10:55:00 AM,721.25,721.25,720.05,720.85,200.0,GREEN,28-09-2026 10:55:00 AM,28-09-2026 11:00:00 AM,720.8,721.55,720.8,721.35,36.36,RED,28-09-2026 11:00:00 AM,28-09-2026 11:05:00 AM,721.35,721.35,720.45,720.5,5.88,RED,28-09-2026 11:05:00 AM,28-09-2026 11:10:00 AM,720.6,720.8,720.1,720.5,600.0,RED,28-09-2026 11:10:00 AM,28-09-2026 11:15:00 AM,720.5,720.5,720.0,720.1,25.0,GREEN,28-09-2026 11:15:00 AM,28-09-2026 11:20:00 AM,720.2,721.3,720.0,721.05,52.94
HCLTECH-5m-2026-09-28T11:15:00+05:30-RED_TO_GREEN,2026-09-28T11:20:23.783215+05:30,28-09-2026 11:20:23 AM,HCLTECH,HCLTECH,5m,stock,N50 & N100,NIFTY 50; NIFTY 100; NIFTY 200,3 RED → GREEN,RED_TO_GREEN,R R R G,2026-09-28T11:15:00+05:30,28-09-2026 11:15:00 AM,2026-09-28T11:20:00+05:30,28-09-2026 11:20:00 AM,1242.7,1244.0,1242.0,1244.0,GREEN,28-09-2026 10:45:00 AM,28-09-2026 10:50:00 AM,1249.8,1251.1,1249.5,1250.5,128.57,GREEN,28-09-2026 10:50:00 AM,28-09-2026 10:55:00 AM,1250.1,1251.5,1250.0,1250.2,1400.0,DOJI,28-09-2026 10:55:00 AM,28-09-2026 11:00:00 AM,1249.9,1250.0,1248.0,1249.9,,RED,28-09-2026 11:00:00 AM,28-09-2026 11:05:00 AM,1249.9,1250.0,1248.0,1248.3,25.0,RED,28-09-2026 11:05:00 AM,28-09-2026 11:10:00 AM,1248.9,1249.1,1247.2,1248.0,111.11,RED,28-09-2026 11:10:00 AM,28-09-2026 11:15:00 AM,1248.0,1248.3,1242.8,1242.8,5.77,GREEN,28-09-2026 11:15:00 AM,28-09-2026 11:20:00 AM,1242.7,1244.0,1242.0,1244.0,53.85
CGPOWER-5m-2026-09-28T11:15:00+05:30-RED_TO_GREEN,2026-09-28T11:20:23.719229+05:30,28-09-2026 11:20:23 AM,CGPOWER,CGPOWER,5m,stock,N100,NIFTY 100; NIFTY 200,3 RED → GREEN,RED_TO_GREEN,R R R G,2026-09-28T11:15:00+05:30,28-09-2026 11:15:00 AM,2026-09-28T11:20:00+05:30,28-09-2026 11:20:00 AM,873.2,874.9,872.05,874.0,RED,28-09-2026 10:45:00 AM,28-09-2026 10:50:00 AM,874.65,874.8,874.05,874.5,400.0,GREEN,28-09-2026 10:50:00 AM,28-09-2026 10:55:00 AM,874.3,876.35,874.3,876.35,0.0,DOJI,28-09-2026 10:55:00 AM,28-09-2026 11:00:00 AM,876.3,876.45,875.7,876.3,,RED,28-09-2026 11:00:00 AM,28-09-2026 11:05:00 AM,876.3,876.3,874.85,874.85,0.0,RED,28-09-2026 11:05:00 AM,28-09-2026 11:10:00 AM,874.6,874.6,874.0,874.35,140.0,RED,28-09-2026 11:10:00 AM,28-09-2026 11:15:00 AM,874.25,874.4,873.0,873.2,33.33,GREEN,28-09-2026 11:15:00 AM,28-09-2026 11:20:00 AM,873.2,874.9,872.05,874.0,256.25
CDSL-5m-2026-09-28T11:15:00+05:30-RED_TO_GREEN,2026-09-28T11:20:23.668005+05:30,28-09-2026 11:20:23 AM,CDSL,CDSL,5m,stock,OTHER,,3 RED → GREEN,RED_TO_GREEN,R R R G,2026-09-28T11:15:00+05:30,28-09-2026 11:15:00 AM,2026-09-28T11:20:00+05:30,28-09-2026 11:20:00 AM,1299.4,1300.8,1298.5,1300.5,RED,28-09-2026 10:45:00 AM,28-09-2026 10:50:00 AM,1300.1,1301.5,1299.3,1299.3,175.0,GREEN,28-09-2026 10:50:00 AM,28-09-2026 10:55:00 AM,1299.9,1300.0,1298.0,1300.0,1900.0,GREEN,28-09-2026 10:55:00 AM,28-09-2026 11:00:00 AM,1300.0,1301.9,1299.5,1301.4,71.43,RED,28-09-2026 11:00:00 AM,28-09-2026 11:05:00 AM,1301.3,1301.5,1299.4,1300.9,425.0,RED,28-09-2026 11:05:00 AM,28-09-2026 11:10:00 AM,1300.6,1300.7,1298.5,1299.9,214.29,RED,28-09-2026 11:10:00 AM,28-09-2026 11:15:00 AM,1300.0,1300.5,1298.9,1299.4,166.67,GREEN,28-09-2026 11:15:00 AM,28-09-2026 11:20:00 AM,1299.4,1300.8,1298.5,1300.5,109.09
CANBK-5m-2026-09-28T11:15:00+05:30-RED_TO_GREEN,2026-09-28T11:20:23.608695+05:30,28-09-2026 11:20:23 AM,CANBK,CANBK,5m,stock,N100,NIFTY 100; NIFTY 200,3 RED → GREEN,RED_TO_GREEN,R R R G,2026-09-28T11:15:00+05:30,28-09-2026 11:15:00 AM,2026-09-28T11:20:00+05:30,28-09-2026 11:20:00 AM,121.42,121.5,121.38,121.45,RED,28-09-2026 10:45:00 AM,28-09-2026 10:50:00 AM,121.49,121.55,121.42,121.42,85.71,GREEN,28-09-2026 10:50:00 AM,28-09-2026 10:55:00 AM,121.43,121.53,121.41,121.53,20.0,GREEN,28-09-2026 10:55:00 AM,28-09-2026 11:00:00 AM,121.53,121.75,121.53,121.73,10.0,RED,28-09-2026 11:00:00 AM,28-09-2026 11:05:00 AM,121.71,121.71,121.5,121.54,23.53,RED,28-09-2026 11:05:00 AM,28-09-2026 11:10:00 AM,121.54,121.65,121.5,121.5,275.0,RED,28-09-2026 11:10:00 AM,28-09-2026 11:15:00 AM,121.54,121.54,121.38,121.42,33.33,GREEN,28-09-2026 11:15:00 AM,28-09-2026 11:20:00 AM,121.42,121.5,121.38,121.45,300.0
BHARTIARTL-5m-2026-09-28T11:15:00+05:30-GREEN_TO_RED,2026-09-28T11:20:23.551467+05:30,28-09-2026 11:20:23 AM,BHARTIARTL,BHARTIARTL,5m,stock,N50 & N100,NIFTY 50; NIFTY 100; NIFTY 200,3 GREEN → RED,GREEN_TO_RED,G G G R,2026-09-28T11:15:00+05:30,28-09-2026 11:15:00 AM,2026-09-28T11:20:00+05:30,28-09-2026 11:20:00 AM,1775.9,1776.2,1774.5,1775.2,RED,28-09-2026 10:45:00 AM,28-09-2026 10:50:00 AM,1773.1,1773.3,1770.1,1771.5,100.0,RED,28-09-2026 10:50:00 AM,28-09-2026 10:55:00 AM,1771.5,1771.9,1769.4,1770.2,92.31,RED,28-09-2026 10:55:00 AM,28-09-2026 11:00:00 AM,1770.4,1771.1,1769.9,1770.3,1100.0,GREEN,28-09-2026 11:00:00 AM,28-09-2026 11:05:00 AM,1770.3,1772.0,1769.7,1771.1,187.5,GREEN,28-09-2026 11:05:00 AM,28-09-2026 11:10:00 AM,1771.4,1773.8,1771.0,1773.2,55.56,GREEN,28-09-2026 11:10:00 AM,28-09-2026 11:15:00 AM,1773.6,1777.1,1773.6,1775.9,52.17,RED,28-09-2026 11:15:00 AM,28-09-2026 11:20:00 AM,1775.9,1776.2,1774.5,1775.2,142.86
BANKBARODA-5m-2026-09-28T11:15:00+05:30-RED_TO_GREEN,2026-09-28T11:20:23.486055+05:30,28-09-2026 11:20:23 AM,BANKBARODA,BANKBARODA,5m,stock,N100,NIFTY 100; NIFTY 200,3 RED → GREEN,RED_TO_GREEN,R R R G,2026-09-28T11:15:00+05:30,28-09-2026 11:15:00 AM,2026-09-28T11:20:00+05:30,28-09-2026 11:20:00 AM,229.85,229.98,229.73,229.98,GREEN,28-09-2026 10:45:00 AM,28-09-2026 10:50:00 AM,230.27,230.54,230.15,230.34,457.14,GREEN,28-09-2026 10:50:00 AM,28-09-2026 10:55:00 AM,230.36,230.62,230.34,230.62,7.69,GREEN,28-09-2026 10:55:00 AM,28-09-2026 11:00:00 AM,230.61,230.81,230.59,230.71,120.0,RED,28-09-2026 11:00:00 AM,28-09-2026 11:05:00 AM,230.7,230.7,230.13,230.13,0.0,RED,28-09-2026 11:05:00 AM,28-09-2026 11:10:00 AM,230.12,230.28,230.0,230.0,133.33,RED,28-09-2026 11:10:00 AM,28-09-2026 11:15:00 AM,230.05,230.06,229.71,229.85,75.0,GREEN,28-09-2026 11:15:00 AM,28-09-2026 11:20:00 AM,229.85,229.98,229.73,229.98,92.31
ABB-5m-2026-09-28T11:15:00+05:30-RED_TO_GREEN,2026-09-28T11:20:23.423110+05:30,28-09-2026 11:20:23 AM,ABB,ABB,5m,stock,N100,NIFTY 100; NIFTY 200,3 RED → GREEN,RED_TO_GREEN,R R R G,2026-09-28T11:15:00+05:30,28-09-2026 11:15:00 AM,2026-09-28T11:20:00+05:30,28-09-2026 11:20:00 AM,6952.5,6963.5,6950.0,6961.0,RED,28-09-2026 10:45:00 AM,28-09-2026 10:50:00 AM,6948.5,6952.5,6947.0,6948.0,1000.0,GREEN,28-09-2026 10:50:00 AM,28-09-2026 10:55:00 AM,6951.0,6960.0,6947.5,6958.0,78.57,GREEN,28-09-2026 10:55:00 AM,28-09-2026 11:00:00 AM,6955.5,6993.5,6952.5,6992.0,12.33,RED,28-09-2026 11:00:00 AM,28-09-2026 11:05:00 AM,6990.0,6995.0,6988.5,6989.5,1200.0,RED,28-09-2026 11:05:00 AM,28-09-2026 11:10:00 AM,6983.5,6983.5,6953.0,6961.0,35.56,RED,28-09-2026 11:10:00 AM,28-09-2026 11:15:00 AM,6958.0,6961.0,6942.5,6948.5,94.74,GREEN,28-09-2026 11:15:00 AM,28-09-2026 11:20:00 AM,6952.5,6963.5,6950.0,6961.0,58.82
BANKNIFTY-5m-2026-09-28T11:15:00+05:30-RED_TO_GREEN,2026-09-28T11:20:23.375547+05:30,28-09-2026 11:20:23 AM,BANKNIFTY,BANK NIFTY,5m,index,INDEX,NIFTY BANK,3 RED → GREEN,RED_TO_GREEN,R R R G,2026-09-28T11:15:00+05:30,28-09-2026 11:15:00 AM,2026-09-28T11:20:00+05:30,28-09-2026 11:20:00 AM,54520.65,54552.6,54494.4,54546.9,RED,28-09-2026 10:45:00 AM,28-09-2026 10:50:00 AM,54568.7,54587.15,54544.3,54552.3,161.28,GREEN,28-09-2026 10:50:00 AM,28-09-2026 10:55:00 AM,54551.6,54580.8,54539.4,54576.5,66.27,GREEN,28-09-2026 10:55:00 AM,28-09-2026 11:00:00 AM,54576.5,54626.15,54576.5,54604.25,78.92,RED,28-09-2026 11:00:00 AM,28-09-2026 11:05:00 AM,54604.75,54607.85,54555.7,54562.5,23.43,RED,28-09-2026 11:05:00 AM,28-09-2026 11:10:00 AM,54564.55,54571.95,54519.85,54532.05,60.31,RED,28-09-2026 11:10:00 AM,28-09-2026 11:15:00 AM,54531.75,54532.75,54508.25,54519.85,105.88,GREEN,28-09-2026 11:15:00 AM,28-09-2026 11:20:00 AM,54520.65,54552.6,54494.4,54546.9,121.71
TATAMOTORS-5m-2026-09-28T11:10:00+05:30-RED_TO_GREEN,2026-09-28T11:15:15.610367+05:30,28-09-2026 11:15:15 AM,TATAMOTORS,TATAMOTORS,5m,stock,N100,NIFTY 100; NIFTY 200,3 RED → GREEN,RED_TO_GREEN,R R R G,2026-09-28T11:10:00+05:30,28-09-2026 11:10:00 AM,2026-09-28T11:15:00+05:30,28-09-2026 11:15:00 AM,432.4,432.6,432.05,432.55,GREEN,28-09-2026 10:40:00 AM,28-09-2026 10:45:00 AM,433.85,435.6,433.85,435.05,45.83,RED,28-09-2026 10:45:00 AM,28-09-2026 10:50:00 AM,435.05,435.05,434.0,434.05,5.0,RED,28-09-2026 10:50:00 AM,28-09-2026 10:55:00 AM,434.05,434.2,433.0,433.5,118.18,RED,28-09-2026 10:55:00 AM,28-09-2026 11:00:00 AM,433.5,433.6,433.2,433.45,700.0,RED,28-09-2026 11:00:00 AM,28-09-2026 11:05:00 AM,433.5,433.55,432.4,432.55,21.05,RED,28-09-2026 11:05:00 AM,28-09-2026 11:10:00 AM,432.6,432.75,432.4,432.4,75.0,GREEN,28-09-2026 11:10:00 AM,28-09-2026 11:15:00 AM,432.4,432.6,432.05,432.55,266.67
LUPIN-5m-2026-09-28T11:10:00+05:30-RED_TO_GREEN,2026-09-28T11:15:15.545820+05:30,28-09-2026 11:15:15 AM,LUPIN,LUPIN,5m,stock,OTHER,,3 RED → GREEN,RED_TO_GREEN,R R R G,2026-09-28T11:10:00+05:30,28-09-2026 11:10:00 AM,2026-09-28T11:15:00+05:30,28-09-2026 11:15:00 AM,2063.7,2064.8,2063.3,2064.7,GREEN,28-09-2026 10:40:00 AM,28-09-2026 10:45:00 AM,2068.6,2070.3,2068.1,2069.5,144.44,RED,28-09-2026 10:45:00 AM,28-09-2026 10:50:00 AM,2067.8,2067.8,2063.9,2064.6,21.87,GREEN,28-09-2026 10:50:00 AM,28-09-2026 10:55:00 AM,2064.0,2067.6,2063.2,2066.4,83.33,RED,28-09-2026 10:55:00 AM,28-09-2026 11:00:00 AM,2066.4,2068.8,2065.1,2066.0,825.0,RED,28-09-2026 11:00:00 AM,28-09-2026 11:05:00 AM,2066.9,2067.7,2066.0,2066.2,142.86,RED,28-09-2026 11:05:00 AM,28-09-2026 11:10:00 AM,2066.6,2066.6,2063.7,2063.7,0.0,GREEN,28-09-2026 11:10:00 AM,28-09-2026 11:15:00 AM,2063.7,2064.8,2063.3,2064.7,50.0
JSWENERGY-5m-2026-09-28T11:10:00+05:30-GREEN_TO_RED,2026-09-28T11:15:15.482702+05:30,28-09-2026 11:15:15 AM,JSWENERGY,JSWENERGY,5m,stock,OTHER,,3 GREEN → RED,GREEN_TO_RED,G G G R,2026-09-28T11:10:00+05:30,28-09-2026 11:10:00 AM,2026-09-28T11:15:00+05:30,28-09-2026 11:15:00 AM,497.75,497.75,497.1,497.15,RED,28-09-2026 10:40:00 AM,28-09-2026 10:45:00 AM,497.0,497.25,496.55,496.9,600.0,GREEN,28-09-2026 10:45:00 AM,28-09-2026 10:50:00 AM,496.9,497.5,496.75,497.25,114.29,GREEN,28-09-2026 10:50:00 AM,28-09-2026 10:55:00 AM,497.0,497.55,497.0,497.25,120.0,GREEN,28-09-2026 10:55:00 AM,28-09-2026 11:00:00 AM,497.35,497.8,497.35,497.5,200.0,GREEN,28-09-2026 11:00:00 AM,28-09-2026 11:05:00 AM,497.5,497.85,497.5,497.6,250.0,GREEN,28-09-2026 11:05:00 AM,28-09-2026 11:10:00 AM,497.65,498.0,497.25,497.85,275.0,RED,28-09-2026 11:10:00 AM,28-09-2026 11:15:00 AM,497.75,497.75,497.1,497.15,8.33
HEROMOTOCO-5m-2026-09-28T11:10:00+05:30-RED_TO_GREEN,2026-09-28T11:15:15.421582+05:30,28-09-2026 11:15:15 AM,HEROMOTOCO,HEROMOTOCO,5m,stock,N50 & N100,NIFTY 50; NIFTY 100; NIFTY 200,3 RED → GREEN,RED_TO_GREEN,R R R G,2026-09-28T11:10:00+05:30,28-09-2026 11:10:00 AM,2026-09-28T11:15:00+05:30,28-09-2026 11:15:00 AM,5310.5,5314.5,5310.5,5312.0,RED,28-09-2026 10:40:00 AM,28-09-2026 10:45:00 AM,5341.0,5342.5,5338.0,5338.5,80.0,RED,28-09-2026 10:45:00 AM,28-09-2026 10:50:00 AM,5338.5,5338.5,5332.0,5336.0,160.0,RED,28-09-2026 10:50:00 AM,28-09-2026 10:55:00 AM,5336.0,5337.5,5326.0,5331.5,155.56,RED,28-09-2026 10:55:00 AM,28-09-2026 11:00:00 AM,5331.5,5332.5,5325.0,5327.0,66.67,RED,28-09-2026 11:00:00 AM,28-09-2026 11:05:00 AM,5326.5,5326.5,5315.0,5317.5,27.78,RED,28-09-2026 11:05:00 AM,28-09-2026 11:10:00 AM,5317.5,5320.0,5310.0,5310.5,42.86,GREEN,28-09-2026 11:10:00 AM,28-09-2026 11:15:00 AM,5310.5,5314.5,5310.5,5312.0,166.67
ASIANPAINT-5m-2026-09-28T11:10:00+05:30-RED_TO_GREEN,2026-09-28T11:15:15.392704+05:30,28-09-2026 11:15:15 AM,ASIANPAINT,ASIANPAINT,5m,stock,N50 & N100,NIFTY 50; NIFTY 100; NIFTY 200,3 RED → GREEN,RED_TO_GREEN,R R R G,2026-09-28T11:10:00+05:30,28-09-2026 11:10:00 AM,2026-09-28T11:15:00+05:30,28-09-2026 11:15:00 AM,2417.3,2424.6,2417.1,2424.4,GREEN,28-09-2026 10:40:00 AM,28-09-2026 10:45:00 AM,2424.1,2426.0,2423.2,2424.6,460.0,RED,28-09-2026 10:45:00 AM,28-09-2026 10:50:00 AM,2424.6,2424.7,2423.7,2424.0,66.67,DOJI,28-09-2026 10:50:00 AM,28-09-2026 10:55:00 AM,2424.0,2424.2,2424.0,2424.0,,RED,28-09-2026 10:55:00 AM,28-09-2026 11:00:00 AM,2424.0,2424.1,2414.3,2417.8,58.06,RED,28-09-2026 11:00:00 AM,28-09-2026 11:05:00 AM,2417.8,2418.2,2416.9,2417.6,550.0,RED,28-09-2026 11:05:00 AM,28-09-2026 11:10:00 AM,2417.6,2418.5,2415.6,2417.3,866.67,GREEN,28-09-2026 11:10:00 AM,28-09-2026 11:15:00 AM,2417.3,2424.6,2417.1,2424.4,5.63
TRENT-5m-2026-09-28T11:05:00+05:30-GREEN_TO_RED,2026-09-28T11:10:15.043867+05:30,28-09-2026 11:10:15 AM,TRENT,TRENT,5m,stock,N50 & N100,NIFTY 50; NIFTY 100; NIFTY 200,3 GREEN → RED,GREEN_TO_RED,G G G R,2026-09-28T11:05:00+05:30,28-09-2026 11:05:00 AM,2026-09-28T11:10:00+05:30,28-09-2026 11:10:00 AM,2636.0,2636.4,2628.6,2629.9,GREEN,28-09-2026 10:35:00 AM,28-09-2026 10:40:00 AM,2619.7,2624.6,2619.7,2622.6,68.97,RED,28-09-2026 10:40:00 AM,28-09-2026 10:45:00 AM,2623.7,2625.0,2622.3,2623.3,575.0,GREEN,28-09-2026 10:45:00 AM,28-09-2026 10:50:00 AM,2623.3,2628.2,2622.2,2624.9,275.0,GREEN,28-09-2026 10:50:00 AM,28-09-2026 10:55:00 AM,2625.8,2629.5,2625.0,2628.6,60.71,GREEN,28-09-2026 10:55:00 AM,28-09-2026 11:00:00 AM,2629.4,2630.2,2628.4,2629.6,800.0,GREEN,28-09-2026 11:00:00 AM,28-09-2026 11:05:00 AM,2628.7,2639.2,2627.2,2636.1,62.16,RED,28-09-2026 11:05:00 AM,28-09-2026 11:10:00 AM,2636.0,2636.4,2628.6,2629.9,27.87
OBEROIRLTY-5m-2026-09-28T11:05:00+05:30-GREEN_TO_RED,2026-09-28T11:10:15.000901+05:30,28-09-2026 11:10:15 AM,OBEROIRLTY,OBEROIRLTY,5m,stock,OTHER,,3 GREEN → RED,GREEN_TO_RED,G G G R,2026-09-28T11:05:00+05:30,28-09-2026 11:05:00 AM,2026-09-28T11:10:00+05:30,28-09-2026 11:10:00 AM,1839.3,1841.3,1839.0,1839.0,GREEN,28-09-2026 10:35:00 AM,28-09-2026 10:40:00 AM,1835.4,1839.7,1834.6,1838.0,96.15,RED,28-09-2026 10:40:00 AM,28-09-2026 10:45:00 AM,1838.6,1841.0,1837.7,1838.4,1550.0,RED,28-09-2026 10:45:00 AM,28-09-2026 10:50:00 AM,1839.0,1840.0,1837.0,1837.8,150.0,GREEN,28-09-2026 10:50:00 AM,28-09-2026 10:55:00 AM,1837.1,1839.1,1837.1,1839.0,5.26,GREEN,28-09-2026 10:55:00 AM,28-09-2026 11:00:00 AM,1839.8,1841.9,1838.9,1841.5,76.47,GREEN,28-09-2026 11:00:00 AM,28-09-2026 11:05:00 AM,1840.8,1843.1,1839.2,1841.3,680.0,RED,28-09-2026 11:05:00 AM,28-09-2026 11:10:00 AM,1839.3,1841.3,1839.0,1839.0,666.67
MOTILALOFS-5m-2026-09-28T11:05:00+05:30-GREEN_TO_RED,2026-09-28T11:10:14.949335+05:30,28-09-2026 11:10:14 AM,MOTILALOFS,MOTILALOFS,5m,stock,OTHER,,3 GREEN → RED,GREEN_TO_RED,G G G R,2026-09-28T11:05:00+05:30,28-09-2026 11:05:00 AM,2026-09-28T11:10:00+05:30,28-09-2026 11:10:00 AM,1016.7,1016.7,1015.8,1016.4,RED,28-09-2026 10:35:00 AM,28-09-2026 10:40:00 AM,1012.0,1014.4,1010.3,1010.7,215.38,GREEN,28-09-2026 10:40:00 AM,28-09-2026 10:45:00 AM,1010.5,1013.1,1010.0,1012.3,72.22,RED,28-09-2026 10:45:00 AM,28-09-2026 10:50:00 AM,1012.9,1014.1,1011.2,1012.2,314.29,GREEN,28-09-2026 10:50:00 AM,28-09-2026 10:55:00 AM,1011.5,1013.0,1011.2,1012.8,38.46,GREEN,28-09-2026 10:55:00 AM,28-09-2026 11:00:00 AM,1012.9,1018.5,1012.9,1016.6,51.35,GREEN,28-09-2026 11:00:00 AM,28-09-2026 11:05:00 AM,1015.8,1017.9,1015.8,1016.8,110.0,RED,28-09-2026 11:05:00 AM,28-09-2026 11:10:00 AM,1016.7,1016.7,1015.8,1016.4,200.0
M&M-5m-2026-09-28T11:05:00+05:30-RED_TO_GREEN,2026-09-28T11:10:14.898520+05:30,28-09-2026 11:10:14 AM,M&M,M&M,5m,stock,N50 & N100,NIFTY 50; NIFTY 100; NIFTY 200,3 RED → GREEN,RED_TO_GREEN,R R R G,2026-09-28T11:05:00+05:30,28-09-2026 11:05:00 AM,2026-09-28T11:10:00+05:30,28-09-2026 11:10:00 AM,2995.2,2997.5,2992.5,2995.7,RED,28-09-2026 10:35:00 AM,28-09-2026 10:40:00 AM,3000.6,3001.5,2998.7,3000.1,460.0,GREEN,28-09-2026 10:40:00 AM,28-09-2026 10:45:00 AM,3000.1,3003.0,2998.3,3000.6,840.0,GREEN,28-09-2026 10:45:00 AM,28-09-2026 10:50:00 AM,3000.6,3004.4,3000.6,3002.1,153.33,RED,28-09-2026 10:50:00 AM,28-09-2026 10:55:00 AM,3002.5,3002.5,2999.4,3000.8,82.35,RED,28-09-2026 10:55:00 AM,28-09-2026 11:00:00 AM,3001.4,3001.5,2999.8,2999.9,13.33,RED,28-09-2026 11:00:00 AM,28-09-2026 11:05:00 AM,2999.6,2999.6,2995.0,2995.3,6.98,GREEN,28-09-2026 11:05:00 AM,28-09-2026 11:10:00 AM,2995.2,2997.5,2992.5,2995.7,900.0
AXISBANK-5m-2026-09-28T11:05:00+05:30-GREEN_TO_RED,2026-09-28T11:10:14.860302+05:30,28-09-2026 11:10:14 AM,AXISBANK,AXISBANK,5m,stock,N50 & N100,NIFTY 50; NIFTY 100; NIFTY 200,3 GREEN → RED,GREEN_TO_RED,G G G R,2026-09-28T11:05:00+05:30,28-09-2026 11:05:00 AM,2026-09-28T11:10:00+05:30,28-09-2026 11:10:00 AM,1210.2,1210.3,1209.0,1209.6,RED,28-09-2026 10:35:00 AM,28-09-2026 10:40:00 AM,1210.3,1212.2,1209.5,1209.7,350.0,RED,28-09-2026 10:40:00 AM,28-09-2026 10:45:00 AM,1209.6,1210.2,1207.6,1209.0,333.33,RED,28-09-2026 10:45:00 AM,28-09-2026 10:50:00 AM,1209.0,1209.0,1206.9,1207.0,5.0,GREEN,28-09-2026 10:50:00 AM,28-09-2026 10:55:00 AM,1207.0,1209.2,1206.9,1209.2,4.55,GREEN,28-09-2026 10:55:00 AM,28-09-2026 11:00:00 AM,1209.2,1211.2,1209.1,1209.3,2000.0,GREEN,28-09-2026 11:00:00 AM,28-09-2026 11:05:00 AM,1209.3,1211.0,1209.3,1210.2,88.89,RED,28-09-2026 11:05:00 AM,28-09-2026 11:10:00 AM,1210.2,1210.3,1209.0,1209.6,116.67
ABCAPITAL-5m-2026-09-28T11:05:00+05:30-GREEN_TO_RED,2026-09-28T11:10:14.805670+05:30,28-09-2026 11:10:14 AM,ABCAPITAL,ABCAPITAL,5m,stock,OTHER,,3 GREEN → RED,GREEN_TO_RED,G G G R,2026-09-28T11:05:00+05:30,28-09-2026 11:05:00 AM,2026-09-28T11:10:00+05:30,28-09-2026 11:10:00 AM,383.9,384.2,383.1,383.4,RED,28-09-2026 10:35:00 AM,28-09-2026 10:40:00 AM,382.65,383.05,382.25,382.3,128.57,GREEN,28-09-2026 10:40:00 AM,28-09-2026 10:45:00 AM,382.3,383.35,382.0,382.85,145.45,GREEN,28-09-2026 10:45:00 AM,28-09-2026 10:50:00 AM,383.05,383.45,382.85,383.35,100.0,GREEN,28-09-2026 10:50:00 AM,28-09-2026 10:55:00 AM,383.4,383.7,383.25,383.5,350.0,GREEN,28-09-2026 10:55:00 AM,28-09-2026 11:00:00 AM,383.55,384.2,383.55,384.15,8.33,GREEN,28-09-2026 11:00:00 AM,28-09-2026 11:05:00 AM,383.9,384.4,383.85,384.1,175.0,RED,28-09-2026 11:05:00 AM,28-09-2026 11:10:00 AM,383.9,384.2,383.1,383.4,120.0
360ONE-5m-2026-09-28T11:05:00+05:30-RED_TO_GREEN,2026-09-28T11:10:14.772389+05:30,28-09-2026 11:10:14 AM,360ONE,360ONE,5m,stock,OTHER,,3 RED → GREEN,RED_TO_GREEN,R R R G,2026-09-28T11:05:00+05:30,28-09-2026 11:05:00 AM,2026-09-28T11:10:00+05:30,28-09-2026 11:10:00 AM,1053.6,1059.9,1053.2,1059.7,RED,28-09-2026 10:35:00 AM,28-09-2026 10:40:00 AM,1057.6,1059.0,1056.2,1056.8,250.0,GREEN,28-09-2026 10:40:00 AM,28-09-2026 10:45:00 AM,1057.0,1058.1,1056.9,1057.7,71.43,RED,28-09-2026 10:45:00 AM,28-09-2026 10:50:00 AM,1057.7,1058.3,1056.7,1056.7,60.0,RED,28-09-2026 10:50:00 AM,28-09-2026 10:55:00 AM,1056.7,1056.7,1054.2,1055.4,92.31,RED,28-09-2026 10:55:00 AM,28-09-2026 11:00:00 AM,1055.4,1056.0,1053.9,1054.7,200.0,RED,28-09-2026 11:00:00 AM,28-09-2026 11:05:00 AM,1054.2,1054.6,1053.4,1054.1,1100.0,GREEN,28-09-2026 11:05:00 AM,28-09-2026 11:10:00 AM,1053.6,1059.9,1053.2,1059.7,9.84
SENSEX-5m-2026-09-28T10:50:00+05:30-RED_TO_GREEN,2026-09-28T11:06:14.267720+05:30,28-09-2026 11:06:14 AM,SENSEX,SENSEX,5m,index,INDEX,SENSEX,3 RED → GREEN,RED_TO_GREEN,R R R G,2026-09-28T10:50:00+05:30,28-09-2026 10:50:00 AM,2026-09-28T10:55:00+05:30,28-09-2026 10:55:00 AM,72867.51,72871.19,72856.02,72871.19,RED,28-09-2026 10:20:00 AM,28-09-2026 10:25:00 AM,72963.66,72999.89,72930.86,72933.56,129.34,GREEN,28-09-2026 10:25:00 AM,28-09-2026 10:30:00 AM,72936.14,72954.16,72922.15,72954.16,77.64,RED,28-09-2026 10:30:00 AM,28-09-2026 10:35:00 AM,72954.43,72976.28,72933.68,72945.29,366.08,RED,28-09-2026 10:35:00 AM,28-09-2026 10:40:00 AM,72942.63,72972.27,72901.4,72903.41,80.7,RED,28-09-2026 10:40:00 AM,28-09-2026 10:45:00 AM,72903.27,72914.45,72870.32,72895.76,487.62,RED,28-09-2026 10:45:00 AM,28-09-2026 10:50:00 AM,72896.29,72910.52,72861.3,72865.92,62.07,GREEN,28-09-2026 10:50:00 AM,28-09-2026 10:55:00 AM,72867.51,72871.19,72856.02,72871.19,312.23
TECHM-5m-2026-09-28T11:00:00+05:30-GREEN_TO_RED,2026-09-28T11:05:15.592567+05:30,28-09-2026 11:05:15 AM,TECHM,TECHM,5m,stock,N50 & N100,NIFTY 50; NIFTY 100; NIFTY 200,3 GREEN → RED,GREEN_TO_RED,G G G R,2026-09-28T11:00:00+05:30,28-09-2026 11:00:00 AM,2026-09-28T11:05:00+05:30,28-09-2026 11:05:00 AM,1533.9,1534.3,1532.1,1533.6,RED,28-09-2026 10:30:00 AM,28-09-2026 10:35:00 AM,1528.2,1529.8,1527.9,1528.1,1800.0,RED,28-09-2026 10:35:00 AM,28-09-2026 10:40:00 AM,1528.1,1529.4,1526.8,1527.7,550.0,RED,28-09-2026 10:40:00 AM,28-09-2026 10:45:00 AM,1527.7,1528.1,1527.1,1527.3,150.0,GREEN,28-09-2026 10:45:00 AM,28-09-2026 10:50:00 AM,1527.1,1528.9,1527.1,1528.9,0.0,GREEN,28-09-2026 10:50:00 AM,28-09-2026 10:55:00 AM,1529.5,1532.2,1529.5,1531.4,42.11,GREEN,28-09-2026 10:55:00 AM,28-09-2026 11:00:00 AM,1531.5,1535.7,1531.0,1533.9,95.83,RED,28-09-2026 11:00:00 AM,28-09-2026 11:05:00 AM,1533.9,1534.3,1532.1,1533.6,633.33
TCS-5m-2026-09-28T11:00:00+05:30-GREEN_TO_RED,2026-09-28T11:05:15.544930+05:30,28-09-2026 11:05:15 AM,TCS,TCS,5m,stock,N50 & N100,NIFTY 50; NIFTY 100; NIFTY 200,3 GREEN → RED,GREEN_TO_RED,G G G R,2026-09-28T11:00:00+05:30,28-09-2026 11:00:00 AM,2026-09-28T11:05:00+05:30,28-09-2026 11:05:00 AM,2062.1,2062.1,2057.8,2058.0,DOJI,28-09-2026 10:30:00 AM,28-09-2026 10:35:00 AM,2059.7,2061.1,2059.0,2059.7,,RED,28-09-2026 10:35:00 AM,28-09-2026 10:40:00 AM,2060.6,2062.0,2053.1,2055.8,85.42,RED,28-09-2026 10:40:00 AM,28-09-2026 10:45:00 AM,2055.3,2056.7,2051.0,2055.0,1800.0,GREEN,28-09-2026 10:45:00 AM,28-09-2026 10:50:00 AM,2055.2,2057.9,2054.5,2057.5,47.83,GREEN,28-09-2026 10:50:00 AM,28-09-2026 10:55:00 AM,2057.5,2060.7,2056.7,2060.0,60.0,GREEN,28-09-2026 10:55:00 AM,28-09-2026 11:00:00 AM,2060.5,2062.9,2058.3,2062.0,206.67,RED,28-09-2026 11:00:00 AM,28-09-2026 11:05:00 AM,2062.1,2062.1,2057.8,2058.0,4.88
SIEMENS-5m-2026-09-28T11:00:00+05:30-GREEN_TO_RED,2026-09-28T11:05:15.490323+05:30,28-09-2026 11:05:15 AM,SIEMENS,SIEMENS,5m,stock,N100,NIFTY 100; NIFTY 200,3 GREEN → RED,GREEN_TO_RED,G G G R,2026-09-28T11:00:00+05:30,28-09-2026 11:00:00 AM,2026-09-28T11:05:00+05:30,28-09-2026 11:05:00 AM,3822.9,3823.0,3817.0,3817.0,RED,28-09-2026 10:30:00 AM,28-09-2026 10:35:00 AM,3810.5,3812.9,3809.7,3810.3,1500.0,RED,28-09-2026 10:35:00 AM,28-09-2026 10:40:00 AM,3811.6,3817.1,3810.0,3810.7,688.89,RED,28-09-2026 10:40:00 AM,28-09-2026 10:45:00 AM,3810.0,3812.5,3807.3,3807.6,116.67,GREEN,28-09-2026 10:45:00 AM,28-09-2026 10:50:00 AM,3808.8,3813.0,3808.7,3808.9,4200.0,GREEN,28-09-2026 10:50:00 AM,28-09-2026 10:55:00 AM,3808.7,3817.7,3808.7,3816.1,21.62,GREEN,28-09-2026 10:55:00 AM,28-09-2026 11:00:00 AM,3814.0,3823.3,3814.0,3821.2,29.17,RED,28-09-2026 11:00:00 AM,28-09-2026 11:05:00 AM,3822.9,3823.0,3817.0,3817.0,1.69
SAIL-5m-2026-09-28T11:00:00+05:30-GREEN_TO_RED,2026-09-28T11:05:15.418938+05:30,28-09-2026 11:05:15 AM,SAIL,SAIL,5m,stock,OTHER,,3 GREEN → RED,GREEN_TO_RED,G G G R,2026-09-28T11:00:00+05:30,28-09-2026 11:00:00 AM,2026-09-28T11:05:00+05:30,28-09-2026 11:05:00 AM,184.1,184.1,183.76,183.76,RED,28-09-2026 10:30:00 AM,28-09-2026 10:35:00 AM,183.59,183.73,183.3,183.4,126.32,RED,28-09-2026 10:35:00 AM,28-09-2026 10:40:00 AM,183.44,183.53,183.2,183.2,37.5,RED,28-09-2026 10:40:00 AM,28-09-2026 10:45:00 AM,183.37,183.5,183.25,183.35,1150.0,GREEN,28-09-2026 10:45:00 AM,28-09-2026 10:50:00 AM,183.34,183.81,183.28,183.48,278.57,GREEN,28-09-2026 10:50:00 AM,28-09-2026 10:55:00 AM,183.47,183.98,183.44,183.98,5.88,GREEN,28-09-2026 10:55:00 AM,28-09-2026 11:00:00 AM,183.99,184.2,183.94,184.1,136.36,RED,28-09-2026 11:00:00 AM,28-09-2026 11:05:00 AM,184.1,184.1,183.76,183.76,0.0
PNB-5m-2026-09-28T11:00:00+05:30-GREEN_TO_RED,2026-09-28T11:05:15.361098+05:30,28-09-2026 11:05:15 AM,PNB,PNB,5m,stock,N100,NIFTY 100; NIFTY 200,3 GREEN → RED,GREEN_TO_RED,G G G R,2026-09-28T11:00:00+05:30,28-09-2026 11:00:00 AM,2026-09-28T11:05:00+05:30,28-09-2026 11:05:00 AM,113.94,113.94,113.75,113.75,RED,28-09-2026 10:30:00 AM,28-09-2026 10:35:00 AM,113.82,113.86,113.78,113.79,166.67,RED,28-09-2026 10:35:00 AM,28-09-2026 10:40:00 AM,113.78,113.79,113.67,113.68,20.0,RED,28-09-2026 10:40:00 AM,28-09-2026 10:45:00 AM,113.65,113.67,113.54,113.61,225.0,GREEN,28-09-2026 10:45:00 AM,28-09-2026 10:50:00 AM,113.65,113.75,113.62,113.69,225.0,GREEN,28-09-2026 10:50:00 AM,28-09-2026 10:55:00 AM,113.69,113.82,113.66,113.8,45.45,GREEN,28-09-2026 10:55:00 AM,28-09-2026 11:00:00 AM,113.8,113.99,113.8,113.94,35.71,RED,28-09-2026 11:00:00 AM,28-09-2026 11:05:00 AM,113.94,113.94,113.75,113.75,0.0
GRASIM-5m-2026-09-28T11:00:00+05:30-GREEN_TO_RED,2026-09-28T11:05:15.317644+05:30,28-09-2026 11:05:15 AM,GRASIM,GRASIM,5m,stock,N50 & N100,NIFTY 50; NIFTY 100; NIFTY 200,3 GREEN → RED,GREEN_TO_RED,G G G R,2026-09-28T11:00:00+05:30,28-09-2026 11:00:00 AM,2026-09-28T11:05:00+05:30,28-09-2026 11:05:00 AM,3156.0,3156.0,3146.1,3147.6,RED,28-09-2026 10:30:00 AM,28-09-2026 10:35:00 AM,3145.1,3146.5,3143.1,3143.3,88.89,DOJI,28-09-2026 10:35:00 AM,28-09-2026 10:40:00 AM,3143.3,3145.7,3143.0,3143.3,,RED,28-09-2026 10:40:00 AM,28-09-2026 10:45:00 AM,3143.3,3143.3,3140.0,3140.1,3.12,GREEN,28-09-2026 10:45:00 AM,28-09-2026 10:50:00 AM,3140.5,3150.0,3140.5,3146.7,53.23,GREEN,28-09-2026 10:50:00 AM,28-09-2026 10:55:00 AM,3147.6,3150.3,3146.1,3149.7,100.0,GREEN,28-09-2026 10:55:00 AM,28-09-2026 11:00:00 AM,3149.7,3157.4,3148.3,3156.0,44.44,RED,28-09-2026 11:00:00 AM,28-09-2026 11:05:00 AM,3156.0,3156.0,3146.1,3147.6,17.86
DRREDDY-5m-2026-09-28T11:00:00+05:30-GREEN_TO_RED,2026-09-28T11:05:15.259718+05:30,28-09-2026 11:05:15 AM,DRREDDY,DRREDDY,5m,stock,N50 & N100,NIFTY 50; NIFTY 100; NIFTY 200,3 GREEN → RED,GREEN_TO_RED,G G G R,2026-09-28T11:00:00+05:30,28-09-2026 11:00:00 AM,2026-09-28T11:05:00+05:30,28-09-2026 11:05:00 AM,1217.1,1217.1,1214.8,1215.1,RED,28-09-2026 10:30:00 AM,28-09-2026 10:35:00 AM,1218.1,1218.4,1217.3,1217.3,37.5,RED,28-09-2026 10:35:00 AM,28-09-2026 10:40:00 AM,1217.3,1217.7,1215.8,1217.1,850.0,RED,28-09-2026 10:40:00 AM,28-09-2026 10:45:00 AM,1217.1,1217.1,1215.3,1215.3,0.0,GREEN,28-09-2026 10:45:00 AM,28-09-2026 10:50:00 AM,1215.4,1216.3,1215.0,1216.1,85.71,GREEN,28-09-2026 10:50:00 AM,28-09-2026 10:55:00 AM,1216.1,1217.2,1216.0,1216.9,50.0,GREEN,28-09-2026 10:55:00 AM,28-09-2026 11:00:00 AM,1216.8,1217.6,1216.5,1217.1,266.67,RED,28-09-2026 11:00:00 AM,28-09-2026 11:05:00 AM,1217.1,1217.1,1214.8,1215.1,15.0
BSE-5m-2026-09-28T11:00:00+05:30-GREEN_TO_RED,2026-09-28T11:05:15.204639+05:30,28-09-2026 11:05:15 AM,BSE,BSE,5m,stock,OTHER,,3 GREEN → RED,GREEN_TO_RED,G G G R,2026-09-28T11:00:00+05:30,28-09-2026 11:00:00 AM,2026-09-28T11:05:00+05:30,28-09-2026 11:05:00 AM,3167.6,3167.7,3160.4,3161.5,RED,28-09-2026 10:30:00 AM,28-09-2026 10:35:00 AM,3154.3,3157.0,3148.4,3150.0,100.0,RED,28-09-2026 10:35:00 AM,28-09-2026 10:40:00 AM,3150.2,3154.9,3148.6,3149.7,1160.0,GREEN,28-09-2026 10:40:00 AM,28-09-2026 10:45:00 AM,3149.0,3165.0,3145.0,3159.2,96.08,GREEN,28-09-2026 10:45:00 AM,28-09-2026 10:50:00 AM,3159.2,3172.5,3158.2,3160.4,1091.67,GREEN,28-09-2026 10:50:00 AM,28-09-2026 10:55:00 AM,3160.0,3167.5,3157.0,3165.9,77.97,GREEN,28-09-2026 10:55:00 AM,28-09-2026 11:00:00 AM,3164.6,3173.1,3164.2,3167.0,270.83,RED,28-09-2026 11:00:00 AM,28-09-2026 11:05:00 AM,3167.6,3167.7,3160.4,3161.5,19.67
BHARTIARTL-5m-2026-09-28T11:00:00+05:30-RED_TO_GREEN,2026-09-28T11:05:15.138864+05:30,28-09-2026 11:05:15 AM,BHARTIARTL,BHARTIARTL,5m,stock,N50 & N100,NIFTY 50; NIFTY 100; NIFTY 200,3 RED → GREEN,RED_TO_GREEN,R R R G,2026-09-28T11:00:00+05:30,28-09-2026 11:00:00 AM,2026-09-28T11:05:00+05:30,28-09-2026 11:05:00 AM,1770.3,1772.0,1769.7,1771.1,RED,28-09-2026 10:30:00 AM,28-09-2026 10:35:00 AM,1774.1,1774.3,1771.9,1772.0,14.29,RED,28-09-2026 10:35:00 AM,28-09-2026 10:40:00 AM,1771.8,1772.7,1771.0,1771.2,183.33,GREEN,28-09-2026 10:40:00 AM,28-09-2026 10:45:00 AM,1771.2,1773.1,1771.2,1773.1,0.0,RED,28-09-2026 10:45:00 AM,28-09-2026 10:50:00 AM,1773.1,1773.3,1770.1,1771.5,100.0,RED,28-09-2026 10:50:00 AM,28-09-2026 10:55:00 AM,1771.5,1771.9,1769.4,1770.2,92.31,RED,28-09-2026 10:55:00 AM,28-09-2026 11:00:00 AM,1770.4,1771.1,1769.9,1770.3,1100.0,GREEN,28-09-2026 11:00:00 AM,28-09-2026 11:05:00 AM,1770.3,1772.0,1769.7,1771.1,187.5
BANKBARODA-5m-2026-09-28T11:00:00+05:30-GREEN_TO_RED,2026-09-28T11:05:15.078900+05:30,28-09-2026 11:05:15 AM,BANKBARODA,BANKBARODA,5m,stock,N100,NIFTY 100; NIFTY 200,3 GREEN → RED,GREEN_TO_RED,G G G R,2026-09-28T11:00:00+05:30,28-09-2026 11:00:00 AM,2026-09-28T11:05:00+05:30,28-09-2026 11:05:00 AM,230.7,230.7,230.13,230.13,RED,28-09-2026 10:30:00 AM,28-09-2026 10:35:00 AM,230.99,230.99,230.71,230.75,16.67,RED,28-09-2026 10:35:00 AM,28-09-2026 10:40:00 AM,230.72,230.79,230.48,230.48,29.17,RED,28-09-2026 10:40:00 AM,28-09-2026 10:45:00 AM,230.57,230.57,230.25,230.27,6.67,GREEN,28-09-2026 10:45:00 AM,28-09-2026 10:50:00 AM,230.27,230.54,230.15,230.34,457.14,GREEN,28-09-2026 10:50:00 AM,28-09-2026 10:55:00 AM,230.36,230.62,230.34,230.62,7.69,GREEN,28-09-2026 10:55:00 AM,28-09-2026 11:00:00 AM,230.61,230.81,230.59,230.71,120.0,RED,28-09-2026 11:00:00 AM,28-09-2026 11:05:00 AM,230.7,230.7,230.13,230.13,0.0
BAJFINANCE-5m-2026-09-28T11:00:00+05:30-GREEN_TO_RED,2026-09-28T11:05:15.052078+05:30,28-09-2026 11:05:15 AM,BAJFINANCE,BAJFINANCE,5m,stock,N50 & N100,NIFTY 50; NIFTY 100; NIFTY 200,3 GREEN → RED,GREEN_TO_RED,G G G R,2026-09-28T11:00:00+05:30,28-09-2026 11:00:00 AM,2026-09-28T11:05:00+05:30,28-09-2026 11:05:00 AM,978.2,978.2,976.2,976.4,RED,28-09-2026 10:30:00 AM,28-09-2026 10:35:00 AM,979.7,980.6,979.2,979.2,180.0,RED,28-09-2026 10:35:00 AM,28-09-2026 10:40:00 AM,979.2,979.6,976.0,976.1,16.13,GREEN,28-09-2026 10:40:00 AM,28-09-2026 10:45:00 AM,976.3,976.9,974.6,976.5,1050.0,GREEN,28-09-2026 10:45:00 AM,28-09-2026 10:50:00 AM,976.5,977.2,975.2,976.6,1900.0,GREEN,28-09-2026 10:50:00 AM,28-09-2026 10:55:00 AM,976.6,977.6,976.6,977.6,0.0,GREEN,28-09-2026 10:55:00 AM,28-09-2026 11:00:00 AM,977.6,978.4,977.6,978.1,60.0,RED,28-09-2026 11:00:00 AM,28-09-2026 11:05:00 AM,978.2,978.2,976.2,976.4,11.11
SENSEX-5m-2026-09-28T10:45:00+05:30-RED_TO_GREEN,2026-09-28T11:01:14.888087+05:30,28-09-2026 11:01:14 AM,SENSEX,SENSEX,5m,index,INDEX,SENSEX,3 RED → GREEN,RED_TO_GREEN,R R R G,2026-09-28T10:45:00+05:30,28-09-2026 10:45:00 AM,2026-09-28T10:50:00+05:30,28-09-2026 10:50:00 AM,72896.29,72907.95,72885.28,72902.14,RED,28-09-2026 10:15:00 AM,28-09-2026 10:20:00 AM,73017.79,73018.49,72923.93,72959.61,62.53,RED,28-09-2026 10:20:00 AM,28-09-2026 10:25:00 AM,72963.66,72999.89,72930.86,72933.56,129.34,GREEN,28-09-2026 10:25:00 AM,28-09-2026 10:30:00 AM,72936.14,72954.16,72922.15,72954.16,77.64,RED,28-09-2026 10:30:00 AM,28-09-2026 10:35:00 AM,72954.43,72976.28,72933.68,72945.29,366.08,RED,28-09-2026 10:35:00 AM,28-09-2026 10:40:00 AM,72942.63,72972.27,72901.4,72903.41,80.7,RED,28-09-2026 10:40:00 AM,28-09-2026 10:45:00 AM,72903.27,72914.45,72870.32,72895.76,487.62,GREEN,28-09-2026 10:45:00 AM,28-09-2026 10:50:00 AM,72896.29,72907.95,72885.28,72902.14,287.52
NESTLEIND-5m-2026-09-28T10:55:00+05:30-RED_TO_GREEN,2026-09-28T11:00:14.321436+05:30,28-09-2026 11:00:14 AM,NESTLEIND,NESTLEIND,5m,stock,N50 & N100,NIFTY 50; NIFTY 100; NIFTY 200,3 RED → GREEN,RED_TO_GREEN,R R R G,2026-09-28T10:55:00+05:30,28-09-2026 10:55:00 AM,2026-09-28T11:00:00+05:30,28-09-2026 11:00:00 AM,1345.4,1346.5,1344.6,1346.5,GREEN,28-09-2026 10:25:00 AM,28-09-2026 10:30:00 AM,1347.6,1348.9,1347.1,1348.3,157.14,RED,28-09-2026 10:30:00 AM,28-09-2026 10:35:00 AM,1348.3,1348.8,1347.7,1348.2,1000.0,RED,28-09-2026 10:35:00 AM,28-09-2026 10:40:00 AM,1348.2,1348.7,1347.2,1347.6,150.0,RED,28-09-2026 10:40:00 AM,28-09-2026 10:45:00 AM,1347.7,1348.2,1347.4,1347.5,300.0,RED,28-09-2026 10:45:00 AM,28-09-2026 10:50:00 AM,1347.6,1347.6,1344.2,1346.1,126.67,RED,28-09-2026 10:50:00 AM,28-09-2026 10:55:00 AM,1346.1,1346.1,1344.9,1345.4,71.43,GREEN,28-09-2026 10:55:00 AM,28-09-2026 11:00:00 AM,1345.4,1346.5,1344.6,1346.5,72.73
HINDUNILVR-5m-2026-09-28T10:55:00+05:30-RED_TO_GREEN,2026-09-28T11:00:14.299159+05:30,28-09-2026 11:00:14 AM,HINDUNILVR,HINDUNILVR,5m,stock,N50 & N100,NIFTY 50; NIFTY 100; NIFTY 200,3 RED → GREEN,RED_TO_GREEN,R R R G,2026-09-28T10:55:00+05:30,28-09-2026 10:55:00 AM,2026-09-28T11:00:00+05:30,28-09-2026 11:00:00 AM,1901.8,1904.5,1901.3,1903.4,GREEN,28-09-2026 10:25:00 AM,28-09-2026 10:30:00 AM,1909.8,1911.5,1908.8,1910.5,285.71,DOJI,28-09-2026 10:30:00 AM,28-09-2026 10:35:00 AM,1910.5,1911.2,1908.6,1910.5,,RED,28-09-2026 10:35:00 AM,28-09-2026 10:40:00 AM,1910.5,1910.6,1909.9,1910.1,75.0,RED,28-09-2026 10:40:00 AM,28-09-2026 10:45:00 AM,1910.1,1910.6,1908.5,1910.0,2000.0,RED,28-09-2026 10:45:00 AM,28-09-2026 10:50:00 AM,1910.0,1910.1,1902.2,1902.7,8.22,RED,28-09-2026 10:50:00 AM,28-09-2026 10:55:00 AM,1902.5,1903.3,1901.9,1902.0,180.0,GREEN,28-09-2026 10:55:00 AM,28-09-2026 11:00:00 AM,1901.8,1904.5,1901.3,1903.4,100.0
TITAN-5m-2026-09-28T10:50:00+05:30-GREEN_TO_RED,2026-09-28T10:55:23.399914+05:30,28-09-2026 10:55:23 AM,TITAN,TITAN,5m,stock,N50 & N100,NIFTY 50; NIFTY 100; NIFTY 200,3 GREEN → RED,GREEN_TO_RED,G G G R,2026-09-28T10:50:00+05:30,28-09-2026 10:50:00 AM,2026-09-28T10:55:00+05:30,28-09-2026 10:55:00 AM,4832.0,4839.0,4828.5,4830.5,RED,28-09-2026 10:20:00 AM,28-09-2026 10:25:00 AM,4829.0,4831.0,4825.5,4825.5,57.14,RED,28-09-2026 10:25:00 AM,28-09-2026 10:30:00 AM,4826.0,4827.0,4820.5,4822.5,85.71,RED,28-09-2026 10:30:00 AM,28-09-2026 10:35:00 AM,4822.5,4823.0,4820.5,4822.0,400.0,GREEN,28-09-2026 10:35:00 AM,28-09-2026 10:40:00 AM,4822.5,4824.5,4821.5,4824.0,100.0,GREEN,28-09-2026 10:40:00 AM,28-09-2026 10:45:00 AM,4823.5,4829.0,4823.0,4828.5,20.0,GREEN,28-09-2026 10:45:00 AM,28-09-2026 10:50:00 AM,4826.5,4830.5,4826.5,4830.5,0.0,RED,28-09-2026 10:50:00 AM,28-09-2026 10:55:00 AM,4832.0,4839.0,4828.5,4830.5,600.0
TATASTEEL-5m-2026-09-28T10:50:00+05:30-GREEN_TO_RED,2026-09-28T10:55:23.336468+05:30,28-09-2026 10:55:23 AM,TATASTEEL,TATASTEEL,5m,stock,N50 & N100,NIFTY 50; NIFTY 100; NIFTY 200,3 GREEN → RED,GREEN_TO_RED,G G G R,2026-09-28T10:50:00+05:30,28-09-2026 10:50:00 AM,2026-09-28T10:55:00+05:30,28-09-2026 10:55:00 AM,187.59,187.64,187.02,187.25,RED,28-09-2026 10:20:00 AM,28-09-2026 10:25:00 AM,187.76,187.8,187.31,187.31,8.89,RED,28-09-2026 10:25:00 AM,28-09-2026 10:30:00 AM,187.32,187.38,187.04,187.05,25.93,GREEN,28-09-2026 10:30:00 AM,28-09-2026 10:35:00 AM,187.1,187.3,187.07,187.2,130.0,GREEN,28-09-2026 10:35:00 AM,28-09-2026 10:40:00 AM,187.2,187.34,187.13,187.24,425.0,GREEN,28-09-2026 10:40:00 AM,28-09-2026 10:45:00 AM,187.34,187.46,187.22,187.4,300.0,GREEN,28-09-2026 10:45:00 AM,28-09-2026 10:50:00 AM,187.4,187.93,187.36,187.56,256.25,RED,28-09-2026 10:50:00 AM,28-09-2026 10:55:00 AM,187.59,187.64,187.02,187.25,82.35
TATACONSUM-5m-2026-09-28T10:50:00+05:30-RED_TO_GREEN,2026-09-28T10:55:23.268223+05:30,28-09-2026 10:55:23 AM,TATACONSUM,TATACONSUM,5m,stock,N50 & N100,NIFTY 50; NIFTY 100; NIFTY 200,3 RED → GREEN,RED_TO_GREEN,R R R G,2026-09-28T10:50:00+05:30,28-09-2026 10:50:00 AM,2026-09-28T10:55:00+05:30,28-09-2026 10:55:00 AM,959.4,960.9,959.4,959.9,RED,28-09-2026 10:20:00 AM,28-09-2026 10:25:00 AM,963.2,963.3,961.7,961.9,23.08,GREEN,28-09-2026 10:25:00 AM,28-09-2026 10:30:00 AM,961.9,962.7,961.5,962.3,200.0,GREEN,28-09-2026 10:30:00 AM,28-09-2026 10:35:00 AM,962.2,963.2,961.8,962.7,180.0,RED,28-09-2026 10:35:00 AM,28-09-2026 10:40:00 AM,962.6,963.3,961.9,962.2,250.0,RED,28-09-2026 10:40:00 AM,28-09-2026 10:45:00 AM,962.2,962.2,961.3,961.4,12.5,RED,28-09-2026 10:45:00 AM,28-09-2026 10:50:00 AM,962.0,962.0,959.1,959.4,11.54,GREEN,28-09-2026 10:50:00 AM,28-09-2026 10:55:00 AM,959.4,960.9,959.4,959.9,200.0
RELIANCE-5m-2026-09-28T10:50:00+05:30-RED_TO_GREEN,2026-09-28T10:55:23.194824+05:30,28-09-2026 10:55:23 AM,RELIANCE,RELIANCE,5m,stock,N50 & N100,NIFTY 50; NIFTY 100; NIFTY 200,3 RED → GREEN,RED_TO_GREEN,R R R G,2026-09-28T10:50:00+05:30,28-09-2026 10:50:00 AM,2026-09-28T10:55:00+05:30,28-09-2026 10:55:00 AM,1207.3,1208.0,1207.1,1207.9,RED,28-09-2026 10:20:00 AM,28-09-2026 10:25:00 AM,1210.6,1210.8,1209.0,1209.7,100.0,DOJI,28-09-2026 10:25:00 AM,28-09-2026 10:30:00 AM,1209.7,1209.8,1209.1,1209.7,,DOJI,28-09-2026 10:30:00 AM,28-09-2026 10:35:00 AM,1209.7,1210.6,1209.5,1209.7,,RED,28-09-2026 10:35:00 AM,28-09-2026 10:40:00 AM,1209.5,1210.0,1207.4,1207.8,52.94,RED,28-09-2026 10:40:00 AM,28-09-2026 10:45:00 AM,1208.0,1208.4,1206.5,1207.5,280.0,RED,28-09-2026 10:45:00 AM,28-09-2026 10:50:00 AM,1207.5,1208.0,1207.1,1207.3,350.0,GREEN,28-09-2026 10:50:00 AM,28-09-2026 10:55:00 AM,1207.3,1208.0,1207.1,1207.9,50.0
JIOFIN-5m-2026-09-28T10:50:00+05:30-RED_TO_GREEN,2026-09-28T10:55:23.087894+05:30,28-09-2026 10:55:23 AM,JIOFIN,JIOFIN,5m,stock,N50 & N100,NIFTY 50; NIFTY 100; NIFTY 200,3 RED → GREEN,RED_TO_GREEN,R R R G,2026-09-28T10:50:00+05:30,28-09-2026 10:50:00 AM,2026-09-28T10:55:00+05:30,28-09-2026 10:55:00 AM,223.83,224.05,223.75,223.99,RED,28-09-2026 10:20:00 AM,28-09-2026 10:25:00 AM,224.13,224.16,223.98,224.01,50.0,GREEN,28-09-2026 10:25:00 AM,28-09-2026 10:30:00 AM,224.0,224.14,223.87,224.13,107.69,RED,28-09-2026 10:30:00 AM,28-09-2026 10:35:00 AM,224.13,224.15,223.98,224.1,466.67,RED,28-09-2026 10:35:00 AM,28-09-2026 10:40:00 AM,224.1,224.1,223.94,223.97,23.08,RED,28-09-2026 10:40:00 AM,28-09-2026 10:45:00 AM,223.99,224.03,223.7,223.95,725.0,RED,28-09-2026 10:45:00 AM,28-09-2026 10:50:00 AM,223.95,223.96,223.78,223.82,38.46,GREEN,28-09-2026 10:50:00 AM,28-09-2026 10:55:00 AM,223.83,224.05,223.75,223.99,87.5
ICICIBANK-5m-2026-09-28T10:50:00+05:30-RED_TO_GREEN,2026-09-28T10:55:22.958721+05:30,28-09-2026 10:55:22 AM,ICICIBANK,ICICIBANK,5m,stock,N50 & N100,NIFTY 50; NIFTY 100; NIFTY 200,3 RED → GREEN,RED_TO_GREEN,R R R G,2026-09-28T10:50:00+05:30,28-09-2026 10:50:00 AM,2026-09-28T10:55:00+05:30,28-09-2026 10:55:00 AM,1303.3,1304.2,1302.7,1304.2,GREEN,28-09-2026 10:20:00 AM,28-09-2026 10:25:00 AM,1303.5,1305.3,1303.4,1304.9,35.71,GREEN,28-09-2026 10:25:00 AM,28-09-2026 10:30:00 AM,1304.9,1306.7,1304.5,1305.8,144.44,DOJI,28-09-2026 10:30:00 AM,28-09-2026 10:35:00 AM,1305.8,1305.9,1304.9,1305.8,,RED,28-09-2026 10:35:00 AM,28-09-2026 10:40:00 AM,1305.8,1306.5,1304.3,1304.3,46.67,RED,28-09-2026 10:40:00 AM,28-09-2026 10:45:00 AM,1304.3,1305.0,1303.3,1303.9,325.0,RED,28-09-2026 10:45:00 AM,28-09-2026 10:50:00 AM,1303.9,1304.8,1303.3,1303.3,150.0,GREEN,28-09-2026 10:50:00 AM,28-09-2026 10:55:00 AM,1303.3,1304.2,1302.7,1304.2,66.67
HINDPETRO-5m-2026-09-28T10:50:00+05:30-RED_TO_GREEN,2026-09-28T10:55:22.859051+05:30,28-09-2026 10:55:22 AM,HINDPETRO,HINDPETRO,5m,stock,OTHER,,3 RED → GREEN,RED_TO_GREEN,R R R G,2026-09-28T10:50:00+05:30,28-09-2026 10:50:00 AM,2026-09-28T10:55:00+05:30,28-09-2026 10:55:00 AM,345.6,345.85,345.6,345.75,GREEN,28-09-2026 10:20:00 AM,28-09-2026 10:25:00 AM,345.5,346.4,345.35,346.4,16.67,RED,28-09-2026 10:25:00 AM,28-09-2026 10:30:00 AM,346.1,346.3,345.45,345.8,183.33,GREEN,28-09-2026 10:30:00 AM,28-09-2026 10:35:00 AM,345.9,346.2,345.75,346.2,50.0,RED,28-09-2026 10:35:00 AM,28-09-2026 10:40:00 AM,346.1,346.25,345.75,345.75,42.86,RED,28-09-2026 10:40:00 AM,28-09-2026 10:45:00 AM,345.75,345.95,345.5,345.65,350.0,RED,28-09-2026 10:45:00 AM,28-09-2026 10:50:00 AM,345.65,345.8,345.5,345.6,500.0,GREEN,28-09-2026 10:50:00 AM,28-09-2026 10:55:00 AM,345.6,345.85,345.6,345.75,66.67
ETERNAL-5m-2026-09-28T10:50:00+05:30-RED_TO_GREEN,2026-09-28T10:55:22.779566+05:30,28-09-2026 10:55:22 AM,ETERNAL,ETERNAL,5m,stock,N50 & N100,NIFTY 50; NIFTY 100; NIFTY 200,3 RED → GREEN,RED_TO_GREEN,R R R G,2026-09-28T10:50:00+05:30,28-09-2026 10:50:00 AM,2026-09-28T10:55:00+05:30,28-09-2026 10:55:00 AM,330.55,331.2,330.55,331.15,RED,28-09-2026 10:20:00 AM,28-09-2026 10:25:00 AM,331.75,331.85,331.3,331.3,22.22,GREEN,28-09-2026 10:25:00 AM,28-09-2026 10:30:00 AM,331.3,331.6,331.1,331.6,66.67,GREEN,28-09-2026 10:30:00 AM,28-09-2026 10:35:00 AM,331.6,331.95,331.55,331.9,33.33,RED,28-09-2026 10:35:00 AM,28-09-2026 10:40:00 AM,332.0,332.4,331.65,331.65,114.29,RED,28-09-2026 10:40:00 AM,28-09-2026 10:45:00 AM,331.7,331.95,330.6,330.7,35.0,RED,28-09-2026 10:45:00 AM,28-09-2026 10:50:00 AM,330.65,330.95,330.2,330.55,650.0,GREEN,28-09-2026 10:50:00 AM,28-09-2026 10:55:00 AM,330.55,331.2,330.55,331.15,8.33
EICHERMOT-5m-2026-09-28T10:50:00+05:30-GREEN_TO_RED,2026-09-28T10:55:22.710325+05:30,28-09-2026 10:55:22 AM,EICHERMOT,EICHERMOT,5m,stock,N50 & N100,NIFTY 50; NIFTY 100; NIFTY 200,3 GREEN → RED,GREEN_TO_RED,G G G R,2026-09-28T10:50:00+05:30,28-09-2026 10:50:00 AM,2026-09-28T10:55:00+05:30,28-09-2026 10:55:00 AM,7267.0,7267.0,7258.0,7260.5,RED,28-09-2026 10:20:00 AM,28-09-2026 10:25:00 AM,7267.5,7273.0,7252.0,7252.0,35.48,GREEN,28-09-2026 10:25:00 AM,28-09-2026 10:30:00 AM,7252.5,7255.5,7250.0,7253.5,450.0,RED,28-09-2026 10:30:00 AM,28-09-2026 10:35:00 AM,7253.0,7255.5,7241.0,7241.0,20.83,GREEN,28-09-2026 10:35:00 AM,28-09-2026 10:40:00 AM,7241.0,7257.5,7241.0,7255.0,17.86,GREEN,28-09-2026 10:40:00 AM,28-09-2026 10:45:00 AM,7255.5,7264.5,7254.5,7260.5,100.0,GREEN,28-09-2026 10:45:00 AM,28-09-2026 10:50:00 AM,7261.5,7268.5,7258.5,7266.5,100.0,RED,28-09-2026 10:50:00 AM,28-09-2026 10:55:00 AM,7267.0,7267.0,7258.0,7260.5,38.46
CDSL-5m-2026-09-28T10:50:00+05:30-RED_TO_GREEN,2026-09-28T10:55:22.633601+05:30,28-09-2026 10:55:22 AM,CDSL,CDSL,5m,stock,OTHER,,3 RED → GREEN,RED_TO_GREEN,R R R G,2026-09-28T10:50:00+05:30,28-09-2026 10:50:00 AM,2026-09-28T10:55:00+05:30,28-09-2026 10:55:00 AM,1299.9,1300.0,1298.0,1300.0,RED,28-09-2026 10:20:00 AM,28-09-2026 10:25:00 AM,1302.0,1302.0,1300.6,1301.0,40.0,DOJI,28-09-2026 10:25:00 AM,28-09-2026 10:30:00 AM,1301.0,1301.5,1300.3,1301.0,,GREEN,28-09-2026 10:30:00 AM,28-09-2026 10:35:00 AM,1301.0,1304.1,1300.9,1302.4,128.57,RED,28-09-2026 10:35:00 AM,28-09-2026 10:40:00 AM,1302.4,1304.5,1302.0,1302.3,2400.0,RED,28-09-2026 10:40:00 AM,28-09-2026 10:45:00 AM,1303.0,1303.1,1298.8,1299.7,30.3,RED,28-09-2026 10:45:00 AM,28-09-2026 10:50:00 AM,1300.1,1301.5,1299.3,1299.3,175.0,GREEN,28-09-2026 10:50:00 AM,28-09-2026 10:55:00 AM,1299.9,1300.0,1298.0,1300.0,1900.0
BEL-5m-2026-09-28T10:50:00+05:30-RED_TO_GREEN,2026-09-28T10:55:22.565175+05:30,28-09-2026 10:55:22 AM,BEL,BEL,5m,stock,N50 & N100,NIFTY 50; NIFTY 100; NIFTY 200,3 RED → GREEN,RED_TO_GREEN,R R R G,2026-09-28T10:50:00+05:30,28-09-2026 10:50:00 AM,2026-09-28T10:55:00+05:30,28-09-2026 10:55:00 AM,385.65,386.15,385.5,385.9,RED,28-09-2026 10:20:00 AM,28-09-2026 10:25:00 AM,387.3,387.3,387.1,387.15,33.33,RED,28-09-2026 10:25:00 AM,28-09-2026 10:30:00 AM,387.15,387.15,386.8,386.8,0.0,RED,28-09-2026 10:30:00 AM,28-09-2026 10:35:00 AM,387.0,387.3,386.75,386.75,120.0,RED,28-09-2026 10:35:00 AM,28-09-2026 10:40:00 AM,386.8,386.95,386.55,386.55,60.0,RED,28-09-2026 10:40:00 AM,28-09-2026 10:45:00 AM,386.7,386.7,386.05,386.1,8.33,RED,28-09-2026 10:45:00 AM,28-09-2026 10:50:00 AM,386.05,386.15,385.4,385.65,87.5,GREEN,28-09-2026 10:50:00 AM,28-09-2026 10:55:00 AM,385.65,386.15,385.5,385.9,160.0
BANKINDIA-5m-2026-09-28T10:50:00+05:30-RED_TO_GREEN,2026-09-28T10:55:22.500877+05:30,28-09-2026 10:55:22 AM,BANKINDIA,BANKINDIA,5m,stock,OTHER,,3 RED → GREEN,RED_TO_GREEN,R R R G,2026-09-28T10:50:00+05:30,28-09-2026 10:50:00 AM,2026-09-28T10:55:00+05:30,28-09-2026 10:55:00 AM,132.16,132.42,132.13,132.4,RED,28-09-2026 10:20:00 AM,28-09-2026 10:25:00 AM,133.38,133.53,133.14,133.2,116.67,RED,28-09-2026 10:25:00 AM,28-09-2026 10:30:00 AM,133.18,133.22,132.93,132.93,16.0,RED,28-09-2026 10:30:00 AM,28-09-2026 10:35:00 AM,132.96,133.1,132.85,132.89,257.14,RED,28-09-2026 10:35:00 AM,28-09-2026 10:40:00 AM,132.89,132.93,132.58,132.58,12.9,RED,28-09-2026 10:40:00 AM,28-09-2026 10:45:00 AM,132.54,132.56,132.19,132.19,5.71,RED,28-09-2026 10:45:00 AM,28-09-2026 10:50:00 AM,132.18,132.25,132.04,132.12,250.0,GREEN,28-09-2026 10:50:00 AM,28-09-2026 10:55:00 AM,132.16,132.42,132.13,132.4,20.83
AXISBANK-5m-2026-09-28T10:50:00+05:30-RED_TO_GREEN,2026-09-28T10:55:22.455869+05:30,28-09-2026 10:55:22 AM,AXISBANK,AXISBANK,5m,stock,N50 & N100,NIFTY 50; NIFTY 100; NIFTY 200,3 RED → GREEN,RED_TO_GREEN,R R R G,2026-09-28T10:50:00+05:30,28-09-2026 10:50:00 AM,2026-09-28T10:55:00+05:30,28-09-2026 10:55:00 AM,1207.0,1209.2,1206.9,1209.2,RED,28-09-2026 10:20:00 AM,28-09-2026 10:25:00 AM,1211.1,1211.8,1209.2,1209.6,73.33,GREEN,28-09-2026 10:25:00 AM,28-09-2026 10:30:00 AM,1209.6,1210.0,1208.3,1210.0,325.0,GREEN,28-09-2026 10:30:00 AM,28-09-2026 10:35:00 AM,1210.0,1211.8,1209.9,1210.2,850.0,RED,28-09-2026 10:35:00 AM,28-09-2026 10:40:00 AM,1210.3,1212.2,1209.5,1209.7,350.0,RED,28-09-2026 10:40:00 AM,28-09-2026 10:45:00 AM,1209.6,1210.2,1207.6,1209.0,333.33,RED,28-09-2026 10:45:00 AM,28-09-2026 10:50:00 AM,1209.0,1209.0,1206.9,1207.0,5.0,GREEN,28-09-2026 10:50:00 AM,28-09-2026 10:55:00 AM,1207.0,1209.2,1206.9,1209.2,4.55
ATHERENERG-5m-2026-09-28T10:50:00+05:30-GREEN_TO_RED,2026-09-28T10:55:22.395789+05:30,28-09-2026 10:55:22 AM,ATHERENERG,ATHERENERG,5m,stock,OTHER,,3 GREEN → RED,GREEN_TO_RED,G G G R,2026-09-28T10:50:00+05:30,28-09-2026 10:50:00 AM,2026-09-28T10:55:00+05:30,28-09-2026 10:55:00 AM,1488.6,1489.4,1486.7,1487.5,GREEN,28-09-2026 10:20:00 AM,28-09-2026 10:25:00 AM,1489.2,1490.6,1486.6,1489.8,566.67,RED,28-09-2026 10:25:00 AM,28-09-2026 10:30:00 AM,1489.1,1489.5,1485.7,1486.6,52.0,RED,28-09-2026 10:30:00 AM,28-09-2026 10:35:00 AM,1486.0,1486.3,1478.5,1484.0,290.0,GREEN,28-09-2026 10:35:00 AM,28-09-2026 10:40:00 AM,1483.6,1487.7,1483.2,1486.7,45.16,GREEN,28-09-2026 10:40:00 AM,28-09-2026 10:45:00 AM,1485.7,1488.5,1484.4,1488.5,46.43,GREEN,28-09-2026 10:45:00 AM,28-09-2026 10:50:00 AM,1488.8,1491.0,1485.6,1489.6,575.0,RED,28-09-2026 10:50:00 AM,28-09-2026 10:55:00 AM,1488.6,1489.4,1486.7,1487.5,145.45
BANKNIFTY-5m-2026-09-28T10:50:00+05:30-RED_TO_GREEN,2026-09-28T10:55:22.313880+05:30,28-09-2026 10:55:22 AM,BANKNIFTY,BANK NIFTY,5m,index,INDEX,NIFTY BANK,3 RED → GREEN,RED_TO_GREEN,R R R G,2026-09-28T10:50:00+05:30,28-09-2026 10:50:00 AM,2026-09-28T10:55:00+05:30,28-09-2026 10:55:00 AM,54551.6,54580.8,54539.4,54576.5,RED,28-09-2026 10:20:00 AM,28-09-2026 10:25:00 AM,54638.55,54671.6,54609.75,54622.35,281.79,GREEN,28-09-2026 10:25:00 AM,28-09-2026 10:30:00 AM,54622.75,54640.1,54583.85,54631.25,561.76,RED,28-09-2026 10:30:00 AM,28-09-2026 10:35:00 AM,54631.25,54650.85,54614.25,54620.9,253.62,RED,28-09-2026 10:35:00 AM,28-09-2026 10:40:00 AM,54620.65,54641.25,54586.35,54589.15,74.29,RED,28-09-2026 10:40:00 AM,28-09-2026 10:45:00 AM,54589.0,54599.65,54553.3,54567.8,118.63,RED,28-09-2026 10:45:00 AM,28-09-2026 10:50:00 AM,54568.7,54587.15,54544.3,54552.3,161.28,GREEN,28-09-2026 10:50:00 AM,28-09-2026 10:55:00 AM,54551.6,54580.8,54539.4,54576.5,66.27
NIFTY50-5m-2026-09-28T10:50:00+05:30-RED_TO_GREEN,2026-09-28T10:55:22.275131+05:30,28-09-2026 10:55:22 AM,NIFTY50,NIFTY 50,5m,index,INDEX,NIFTY 50; NIFTY 100; NIFTY 200,3 RED → GREEN,RED_TO_GREEN,R R R G,2026-09-28T10:50:00+05:30,28-09-2026 10:50:00 AM,2026-09-28T10:55:00+05:30,28-09-2026 10:55:00 AM,22822.85,22829.95,22819.8,22827.8,RED,28-09-2026 10:20:00 AM,28-09-2026 10:25:00 AM,22851.5,22860.3,22836.25,22838.25,81.51,GREEN,28-09-2026 10:25:00 AM,28-09-2026 10:30:00 AM,22838.2,22843.85,22833.8,22842.7,123.33,RED,28-09-2026 10:30:00 AM,28-09-2026 10:35:00 AM,22842.95,22851.65,22839.75,22841.9,1033.33,RED,28-09-2026 10:35:00 AM,28-09-2026 10:40:00 AM,22841.75,22852.7,22829.4,22830.75,111.82,RED,28-09-2026 10:40:00 AM,28-09-2026 10:45:00 AM,22830.55,22835.9,22820.4,22827.1,349.28,RED,28-09-2026 10:45:00 AM,28-09-2026 10:50:00 AM,22827.25,22834.1,22821.5,22823.15,207.32,GREEN,28-09-2026 10:50:00 AM,28-09-2026 10:55:00 AM,22822.85,22829.95,22819.8,22827.8,105.05
UNITDSPR-5m-2026-09-28T10:45:00+05:30-GREEN_TO_RED,2026-09-28T10:50:20.605059+05:30,28-09-2026 10:50:20 AM,UNITDSPR,UNITDSPR,5m,stock,N100,NIFTY 100; NIFTY 200,3 GREEN → RED,GREEN_TO_RED,G G G R,2026-09-28T10:45:00+05:30,28-09-2026 10:45:00 AM,2026-09-28T10:50:00+05:30,28-09-2026 10:50:00 AM,1415.2,1415.2,1413.1,1414.0,GREEN,28-09-2026 10:15:00 AM,28-09-2026 10:20:00 AM,1413.6,1416.6,1413.5,1415.7,47.62,RED,28-09-2026 10:20:00 AM,28-09-2026 10:25:00 AM,1414.4,1415.1,1413.1,1413.1,53.85,RED,28-09-2026 10:25:00 AM,28-09-2026 10:30:00 AM,1413.1,1413.2,1411.8,1412.4,100.0,GREEN,28-09-2026 10:30:00 AM,28-09-2026 10:35:00 AM,1411.5,1414.6,1411.5,1414.0,24.0,GREEN,28-09-2026 10:35:00 AM,28-09-2026 10:40:00 AM,1414.0,1415.4,1413.9,1414.3,400.0,GREEN,28-09-2026 10:40:00 AM,28-09-2026 10:45:00 AM,1414.4,1415.1,1413.6,1415.1,114.29,RED,28-09-2026 10:45:00 AM,28-09-2026 10:50:00 AM,1415.2,1415.2,1413.1,1414.0,75.0
TECHM-5m-2026-09-28T10:45:00+05:30-RED_TO_GREEN,2026-09-28T10:50:20.572814+05:30,28-09-2026 10:50:20 AM,TECHM,TECHM,5m,stock,N50 & N100,NIFTY 50; NIFTY 100; NIFTY 200,3 RED → GREEN,RED_TO_GREEN,R R R G,2026-09-28T10:45:00+05:30,28-09-2026 10:45:00 AM,2026-09-28T10:50:00+05:30,28-09-2026 10:50:00 AM,1527.1,1528.9,1527.1,1528.9,RED,28-09-2026 10:15:00 AM,28-09-2026 10:20:00 AM,1538.3,1538.7,1532.1,1533.7,43.48,RED,28-09-2026 10:20:00 AM,28-09-2026 10:25:00 AM,1533.7,1533.9,1530.7,1530.7,6.67,RED,28-09-2026 10:25:00 AM,28-09-2026 10:30:00 AM,1531.4,1531.4,1528.0,1528.4,13.33,RED,28-09-2026 10:30:00 AM,28-09-2026 10:35:00 AM,1528.2,1529.8,1527.9,1528.1,1800.0,RED,28-09-2026 10:35:00 AM,28-09-2026 10:40:00 AM,1528.1,1529.4,1526.8,1527.7,550.0,RED,28-09-2026 10:40:00 AM,28-09-2026 10:45:00 AM,1527.7,1528.1,1527.1,1527.3,150.0,GREEN,28-09-2026 10:45:00 AM,28-09-2026 10:50:00 AM,1527.1,1528.9,1527.1,1528.9,0.0
SIEMENS-5m-2026-09-28T10:45:00+05:30-RED_TO_GREEN,2026-09-28T10:50:20.534298+05:30,28-09-2026 10:50:20 AM,SIEMENS,SIEMENS,5m,stock,N100,NIFTY 100; NIFTY 200,3 RED → GREEN,RED_TO_GREEN,R R R G,2026-09-28T10:45:00+05:30,28-09-2026 10:45:00 AM,2026-09-28T10:50:00+05:30,28-09-2026 10:50:00 AM,3808.8,3813.0,3808.8,3808.9,RED,28-09-2026 10:15:00 AM,28-09-2026 10:20:00 AM,3827.0,3828.2,3817.0,3821.0,86.67,RED,28-09-2026 10:20:00 AM,28-09-2026 10:25:00 AM,3821.0,3822.5,3808.9,3808.9,12.4,GREEN,28-09-2026 10:25:00 AM,28-09-2026 10:30:00 AM,3808.0,3810.8,3805.7,3810.8,82.14,RED,28-09-2026 10:30:00 AM,28-09-2026 10:35:00 AM,3810.5,3812.9,3809.7,3810.3,1500.0,RED,28-09-2026 10:35:00 AM,28-09-2026 10:40:00 AM,3811.6,3817.1,3810.0,3810.7,688.89,RED,28-09-2026 10:40:00 AM,28-09-2026 10:45:00 AM,3810.0,3812.5,3807.3,3807.6,116.67,GREEN,28-09-2026 10:45:00 AM,28-09-2026 10:50:00 AM,3808.8,3813.0,3808.8,3808.9,4100.0
SAIL-5m-2026-09-28T10:45:00+05:30-RED_TO_GREEN,2026-09-28T10:50:20.495297+05:30,28-09-2026 10:50:20 AM,SAIL,SAIL,5m,stock,OTHER,,3 RED → GREEN,RED_TO_GREEN,R R R G,2026-09-28T10:45:00+05:30,28-09-2026 10:45:00 AM,2026-09-28T10:50:00+05:30,28-09-2026 10:50:00 AM,183.34,183.81,183.28,183.48,GREEN,28-09-2026 10:15:00 AM,28-09-2026 10:20:00 AM,184.24,184.41,184.1,184.33,244.44,RED,28-09-2026 10:20:00 AM,28-09-2026 10:25:00 AM,184.33,184.53,183.9,183.9,46.51,RED,28-09-2026 10:25:00 AM,28-09-2026 10:30:00 AM,183.8,183.91,183.51,183.6,100.0,RED,28-09-2026 10:30:00 AM,28-09-2026 10:35:00 AM,183.59,183.73,183.3,183.4,126.32,RED,28-09-2026 10:35:00 AM,28-09-2026 10:40:00 AM,183.44,183.53,183.2,183.2,37.5,RED,28-09-2026 10:40:00 AM,28-09-2026 10:45:00 AM,183.37,183.5,183.25,183.35,1150.0,GREEN,28-09-2026 10:45:00 AM,28-09-2026 10:50:00 AM,183.34,183.81,183.28,183.48,278.57
PNB-5m-2026-09-28T10:45:00+05:30-RED_TO_GREEN,2026-09-28T10:50:20.455030+05:30,28-09-2026 10:50:20 AM,PNB,PNB,5m,stock,N100,NIFTY 100; NIFTY 200,3 RED → GREEN,RED_TO_GREEN,R R R G,2026-09-28T10:45:00+05:30,28-09-2026 10:45:00 AM,2026-09-28T10:50:00+05:30,28-09-2026 10:50:00 AM,113.65,113.75,113.62,113.69,GREEN,28-09-2026 10:15:00 AM,28-09-2026 10:20:00 AM,113.86,113.9,113.79,113.9,175.0,GREEN,28-09-2026 10:20:00 AM,28-09-2026 10:25:00 AM,113.9,114.08,113.9,113.97,157.14,RED,28-09-2026 10:25:00 AM,28-09-2026 10:30:00 AM,114.0,114.0,113.76,113.82,33.33,RED,28-09-2026 10:30:00 AM,28-09-2026 10:35:00 AM,113.82,113.86,113.78,113.79,166.67,RED,28-09-2026 10:35:00 AM,28-09-2026 10:40:00 AM,113.78,113.79,113.67,113.68,20.0,RED,28-09-2026 10:40:00 AM,28-09-2026 10:45:00 AM,113.65,113.67,113.54,113.61,225.0,GREEN,28-09-2026 10:45:00 AM,28-09-2026 10:50:00 AM,113.65,113.75,113.62,113.69,225.0
ONGC-5m-2026-09-28T10:45:00+05:30-RED_TO_GREEN,2026-09-28T10:50:20.387146+05:30,28-09-2026 10:50:20 AM,ONGC,ONGC,5m,stock,N50 & N100,NIFTY 50; NIFTY 100; NIFTY 200,3 RED → GREEN,RED_TO_GREEN,R R R G,2026-09-28T10:45:00+05:30,28-09-2026 10:45:00 AM,2026-09-28T10:50:00+05:30,28-09-2026 10:50:00 AM,232.87,233.15,232.87,232.88,RED,28-09-2026 10:15:00 AM,28-09-2026 10:20:00 AM,234.03,234.03,233.58,233.76,66.67,RED,28-09-2026 10:20:00 AM,28-09-2026 10:25:00 AM,233.74,233.75,233.4,233.42,9.37,RED,28-09-2026 10:25:00 AM,28-09-2026 10:30:00 AM,233.41,233.43,233.01,233.18,82.61,RED,28-09-2026 10:30:00 AM,28-09-2026 10:35:00 AM,233.18,233.21,232.87,233.1,325.0,RED,28-09-2026 10:35:00 AM,28-09-2026 10:40:00 AM,233.1,233.15,233.0,233.05,200.0,RED,28-09-2026 10:40:00 AM,28-09-2026 10:45:00 AM,233.04,233.04,232.8,232.88,50.0,GREEN,28-09-2026 10:45:00 AM,28-09-2026 10:50:00 AM,232.87,233.15,232.87,232.88,2700.0
NTPC-5m-2026-09-28T10:45:00+05:30-GREEN_TO_RED,2026-09-28T10:50:20.333139+05:30,28-09-2026 10:50:20 AM,NTPC,NTPC,5m,stock,N50 & N100,NIFTY 50; NIFTY 100; NIFTY 200,3 GREEN → RED,GREEN_TO_RED,G G G R,2026-09-28T10:45:00+05:30,28-09-2026 10:45:00 AM,2026-09-28T10:50:00+05:30,28-09-2026 10:50:00 AM,322.25,322.45,322.05,322.1,RED,28-09-2026 10:15:00 AM,28-09-2026 10:20:00 AM,322.6,322.75,322.1,322.1,30.0,RED,28-09-2026 10:20:00 AM,28-09-2026 10:25:00 AM,322.25,322.25,321.55,321.55,0.0,RED,28-09-2026 10:25:00 AM,28-09-2026 10:30:00 AM,321.7,321.9,321.6,321.65,500.0,GREEN,28-09-2026 10:30:00 AM,28-09-2026 10:35:00 AM,321.6,321.9,321.6,321.9,0.0,GREEN,28-09-2026 10:35:00 AM,28-09-2026 10:40:00 AM,321.75,322.15,321.75,322.1,14.29,GREEN,28-09-2026 10:40:00 AM,28-09-2026 10:45:00 AM,322.1,322.2,321.9,322.2,200.0,RED,28-09-2026 10:45:00 AM,28-09-2026 10:50:00 AM,322.25,322.45,322.05,322.1,166.67
INFY-5m-2026-09-28T10:45:00+05:30-RED_TO_GREEN,2026-09-28T10:50:20.285619+05:30,28-09-2026 10:50:20 AM,INFY,INFY,5m,stock,N50 & N100,NIFTY 50; NIFTY 100; NIFTY 200,3 RED → GREEN,RED_TO_GREEN,R R R G,2026-09-28T10:45:00+05:30,28-09-2026 10:45:00 AM,2026-09-28T10:50:00+05:30,28-09-2026 10:50:00 AM,988.3,988.8,988.0,988.6,DOJI,28-09-2026 10:15:00 AM,28-09-2026 10:20:00 AM,991.8,992.2,990.5,991.8,,GREEN,28-09-2026 10:20:00 AM,28-09-2026 10:25:00 AM,991.8,993.4,991.7,993.0,41.67,RED,28-09-2026 10:25:00 AM,28-09-2026 10:30:00 AM,993.0,993.0,991.7,992.5,160.0,RED,28-09-2026 10:30:00 AM,28-09-2026 10:35:00 AM,992.7,993.3,992.0,992.6,1200.0,RED,28-09-2026 10:35:00 AM,28-09-2026 10:40:00 AM,992.7,993.2,988.7,989.7,50.0,RED,28-09-2026 10:40:00 AM,28-09-2026 10:45:00 AM,989.6,989.9,986.6,988.3,153.85,GREEN,28-09-2026 10:45:00 AM,28-09-2026 10:50:00 AM,988.3,988.8,988.0,988.6,166.67
DRREDDY-5m-2026-09-28T10:45:00+05:30-RED_TO_GREEN,2026-09-28T10:50:20.234173+05:30,28-09-2026 10:50:20 AM,DRREDDY,DRREDDY,5m,stock,N50 & N100,NIFTY 50; NIFTY 100; NIFTY 200,3 RED → GREEN,RED_TO_GREEN,R R R G,2026-09-28T10:45:00+05:30,28-09-2026 10:45:00 AM,2026-09-28T10:50:00+05:30,28-09-2026 10:50:00 AM,1215.4,1216.3,1215.0,1216.1,GREEN,28-09-2026 10:15:00 AM,28-09-2026 10:20:00 AM,1216.6,1217.3,1215.3,1216.7,1900.0,GREEN,28-09-2026 10:20:00 AM,28-09-2026 10:25:00 AM,1216.7,1218.4,1216.7,1217.0,466.67,GREEN,28-09-2026 10:25:00 AM,28-09-2026 10:30:00 AM,1217.3,1218.3,1216.5,1218.0,157.14,RED,28-09-2026 10:30:00 AM,28-09-2026 10:35:00 AM,1218.1,1218.4,1217.3,1217.3,37.5,RED,28-09-2026 10:35:00 AM,28-09-2026 10:40:00 AM,1217.3,1217.7,1215.8,1217.1,850.0,RED,28-09-2026 10:40:00 AM,28-09-2026 10:45:00 AM,1217.1,1217.1,1215.3,1215.3,0.0,GREEN,28-09-2026 10:45:00 AM,28-09-2026 10:50:00 AM,1215.4,1216.3,1215.0,1216.1,85.71
DELHIVERY-5m-2026-09-28T10:45:00+05:30-GREEN_TO_RED,2026-09-28T10:50:20.194739+05:30,28-09-2026 10:50:20 AM,DELHIVERY,DELHIVERY,5m,stock,OTHER,,3 GREEN → RED,GREEN_TO_RED,G G G R,2026-09-28T10:45:00+05:30,28-09-2026 10:45:00 AM,2026-09-28T10:50:00+05:30,28-09-2026 10:50:00 AM,410.8,411.0,410.6,410.7,RED,28-09-2026 10:15:00 AM,28-09-2026 10:20:00 AM,411.35,411.45,409.55,409.55,5.56,RED,28-09-2026 10:20:00 AM,28-09-2026 10:25:00 AM,409.7,409.95,409.1,409.35,142.86,RED,28-09-2026 10:25:00 AM,28-09-2026 10:30:00 AM,409.6,409.75,409.2,409.4,175.0,GREEN,28-09-2026 10:30:00 AM,28-09-2026 10:35:00 AM,409.4,409.85,409.4,409.6,125.0,GREEN,28-09-2026 10:35:00 AM,28-09-2026 10:40:00 AM,409.6,410.9,409.35,410.9,19.23,GREEN,28-09-2026 10:40:00 AM,28-09-2026 10:45:00 AM,410.7,410.95,410.4,410.75,1000.0,RED,28-09-2026 10:45:00 AM,28-09-2026 10:50:00 AM,410.8,411.0,410.6,410.7,300.0
BANKBARODA-5m-2026-09-28T10:45:00+05:30-RED_TO_GREEN,2026-09-28T10:50:20.155741+05:30,28-09-2026 10:50:20 AM,BANKBARODA,BANKBARODA,5m,stock,N100,NIFTY 100; NIFTY 200,3 RED → GREEN,RED_TO_GREEN,R R R G,2026-09-28T10:45:00+05:30,28-09-2026 10:45:00 AM,2026-09-28T10:50:00+05:30,28-09-2026 10:50:00 AM,230.27,230.54,230.15,230.34,RED,28-09-2026 10:15:00 AM,28-09-2026 10:20:00 AM,231.01,231.12,230.74,230.95,533.33,GREEN,28-09-2026 10:20:00 AM,28-09-2026 10:25:00 AM,231.0,231.1,230.91,231.03,533.33,RED,28-09-2026 10:25:00 AM,28-09-2026 10:30:00 AM,231.03,231.03,230.78,230.96,257.14,RED,28-09-2026 10:30:00 AM,28-09-2026 10:35:00 AM,230.99,230.99,230.71,230.75,16.67,RED,28-09-2026 10:35:00 AM,28-09-2026 10:40:00 AM,230.72,230.79,230.48,230.48,29.17,RED,28-09-2026 10:40:00 AM,28-09-2026 10:45:00 AM,230.57,230.57,230.25,230.27,6.67,GREEN,28-09-2026 10:45:00 AM,28-09-2026 10:50:00 AM,230.27,230.54,230.15,230.34,457.14
ABB-5m-2026-09-28T10:45:00+05:30-GREEN_TO_RED,2026-09-28T10:50:20.131344+05:30,28-09-2026 10:50:20 AM,ABB,ABB,5m,stock,N100,NIFTY 100; NIFTY 200,3 GREEN → RED,GREEN_TO_RED,G G G R,2026-09-28T10:45:00+05:30,28-09-2026 10:45:00 AM,2026-09-28T10:50:00+05:30,28-09-2026 10:50:00 AM,6948.5,6952.5,6947.0,6948.0,RED,28-09-2026 10:15:00 AM,28-09-2026 10:20:00 AM,6959.0,6959.0,6940.0,6947.0,58.33,RED,28-09-2026 10:20:00 AM,28-09-2026 10:25:00 AM,6943.0,6945.5,6921.5,6921.5,11.63,GREEN,28-09-2026 10:25:00 AM,28-09-2026 10:30:00 AM,6925.0,6933.0,6920.0,6929.0,225.0,GREEN,28-09-2026 10:30:00 AM,28-09-2026 10:35:00 AM,6932.0,6937.5,6929.0,6935.0,183.33,GREEN,28-09-2026 10:35:00 AM,28-09-2026 10:40:00 AM,6935.0,6952.5,6934.5,6947.5,44.0,GREEN,28-09-2026 10:40:00 AM,28-09-2026 10:45:00 AM,6948.5,6952.5,6944.5,6950.0,433.33,RED,28-09-2026 10:45:00 AM,28-09-2026 10:50:00 AM,6948.5,6952.5,6947.0,6948.0,1000.0
MCX-5m-2026-09-28T10:40:00+05:30-RED_TO_GREEN,2026-09-28T10:45:12.388356+05:30,28-09-2026 10:45:12 AM,MCX,MCX,5m,stock,OTHER,,3 RED → GREEN,RED_TO_GREEN,R R R G,2026-09-28T10:40:00+05:30,28-09-2026 10:40:00 AM,2026-09-28T10:45:00+05:30,28-09-2026 10:45:00 AM,3288.7,3296.3,3286.1,3294.0,GREEN,28-09-2026 10:10:00 AM,28-09-2026 10:15:00 AM,3302.0,3321.0,3302.0,3310.0,137.5,RED,28-09-2026 10:15:00 AM,28-09-2026 10:20:00 AM,3310.0,3316.1,3303.4,3308.4,693.75,GREEN,28-09-2026 10:20:00 AM,28-09-2026 10:25:00 AM,3307.4,3314.4,3306.1,3308.7,538.46,RED,28-09-2026 10:25:00 AM,28-09-2026 10:30:00 AM,3308.3,3311.8,3305.2,3306.6,288.24,RED,28-09-2026 10:30:00 AM,28-09-2026 10:35:00 AM,3307.0,3310.5,3299.0,3301.4,105.36,RED,28-09-2026 10:35:00 AM,28-09-2026 10:40:00 AM,3301.4,3307.8,3286.6,3287.5,52.52,GREEN,28-09-2026 10:40:00 AM,28-09-2026 10:45:00 AM,3288.7,3296.3,3286.1,3294.0,92.45
MAXHEALTH-5m-2026-09-28T10:40:00+05:30-GREEN_TO_RED,2026-09-28T10:45:12.324757+05:30,28-09-2026 10:45:12 AM,MAXHEALTH,MAXHEALTH,5m,stock,OTHER,,3 GREEN → RED,GREEN_TO_RED,G G G R,2026-09-28T10:40:00+05:30,28-09-2026 10:40:00 AM,2026-09-28T10:45:00+05:30,28-09-2026 10:45:00 AM,999.6,1001.2,999.3,999.5,RED,28-09-2026 10:10:00 AM,28-09-2026 10:15:00 AM,1002.2,1002.6,999.4,999.4,14.29,RED,28-09-2026 10:15:00 AM,28-09-2026 10:20:00 AM,999.7,1000.9,998.5,999.3,500.0,RED,28-09-2026 10:20:00 AM,28-09-2026 10:25:00 AM,998.9,998.9,997.1,997.5,28.57,GREEN,28-09-2026 10:25:00 AM,28-09-2026 10:30:00 AM,998.1,998.7,996.9,998.4,500.0,GREEN,28-09-2026 10:30:00 AM,28-09-2026 10:35:00 AM,998.2,999.8,998.2,998.9,128.57,GREEN,28-09-2026 10:35:00 AM,28-09-2026 10:40:00 AM,999.0,1001.2,999.0,999.7,214.29,RED,28-09-2026 10:40:00 AM,28-09-2026 10:45:00 AM,999.6,1001.2,999.3,999.5,1800.0
BSE-5m-2026-09-28T10:40:00+05:30-RED_TO_GREEN,2026-09-28T10:45:12.295712+05:30,28-09-2026 10:45:12 AM,BSE,BSE,5m,stock,OTHER,,3 RED → GREEN,RED_TO_GREEN,R R R G,2026-09-28T10:40:00+05:30,28-09-2026 10:40:00 AM,2026-09-28T10:45:00+05:30,28-09-2026 10:45:00 AM,3149.0,3165.0,3145.0,3158.7,GREEN,28-09-2026 10:10:00 AM,28-09-2026 10:15:00 AM,3142.0,3159.3,3141.2,3152.5,72.38,GREEN,28-09-2026 10:15:00 AM,28-09-2026 10:20:00 AM,3152.5,3163.3,3152.1,3158.8,77.78,GREEN,28-09-2026 10:20:00 AM,28-09-2026 10:25:00 AM,3157.5,3169.8,3156.4,3158.0,2580.0,RED,28-09-2026 10:25:00 AM,28-09-2026 10:30:00 AM,3158.1,3161.0,3151.3,3154.3,155.26,RED,28-09-2026 10:30:00 AM,28-09-2026 10:35:00 AM,3154.3,3157.0,3148.4,3150.0,100.0,RED,28-09-2026 10:35:00 AM,28-09-2026 10:40:00 AM,3150.2,3154.9,3148.6,3149.7,1160.0,GREEN,28-09-2026 10:40:00 AM,28-09-2026 10:45:00 AM,3149.0,3165.0,3145.0,3158.7,106.19
ULTRACEMCO-5m-2026-09-28T10:35:00+05:30-RED_TO_GREEN,2026-09-28T10:40:19.731107+05:30,28-09-2026 10:40:19 AM,ULTRACEMCO,ULTRACEMCO,5m,stock,N50 & N100,NIFTY 50; NIFTY 100; NIFTY 200,3 RED → GREEN,RED_TO_GREEN,R R R G,2026-09-28T10:35:00+05:30,28-09-2026 10:35:00 AM,2026-09-28T10:40:00+05:30,28-09-2026 10:40:00 AM,10993.0,11016.0,10993.0,11014.0,RED,28-09-2026 10:05:00 AM,28-09-2026 10:10:00 AM,11066.0,11067.0,11057.0,11060.0,66.67,RED,28-09-2026 10:10:00 AM,28-09-2026 10:15:00 AM,11061.0,11066.0,11054.0,11058.0,300.0,RED,28-09-2026 10:15:00 AM,28-09-2026 10:20:00 AM,11057.0,11058.0,11029.0,11030.0,7.41,RED,28-09-2026 10:20:00 AM,28-09-2026 10:25:00 AM,11032.0,11032.0,11008.0,11019.0,84.62,RED,28-09-2026 10:25:00 AM,28-09-2026 10:30:00 AM,11021.0,11026.0,11000.0,11009.0,116.67,RED,28-09-2026 10:30:00 AM,28-09-2026 10:35:00 AM,11005.0,11011.0,10986.0,10992.0,92.31,GREEN,28-09-2026 10:35:00 AM,28-09-2026 10:40:00 AM,10993.0,11016.0,10993.0,11014.0,9.52
TITAN-5m-2026-09-28T10:35:00+05:30-RED_TO_GREEN,2026-09-28T10:40:19.639204+05:30,28-09-2026 10:40:19 AM,TITAN,TITAN,5m,stock,N50 & N100,NIFTY 50; NIFTY 100; NIFTY 200,3 RED → GREEN,RED_TO_GREEN,R R R G,2026-09-28T10:35:00+05:30,28-09-2026 10:35:00 AM,2026-09-28T10:40:00+05:30,28-09-2026 10:40:00 AM,4822.5,4824.5,4821.5,4824.0,RED,28-09-2026 10:05:00 AM,28-09-2026 10:10:00 AM,4834.5,4835.5,4828.0,4834.0,1400.0,RED,28-09-2026 10:10:00 AM,28-09-2026 10:15:00 AM,4834.0,4834.5,4827.0,4829.0,50.0,GREEN,28-09-2026 10:15:00 AM,28-09-2026 10:20:00 AM,4829.0,4831.0,4825.0,4830.0,500.0,RED,28-09-2026 10:20:00 AM,28-09-2026 10:25:00 AM,4829.0,4831.0,4825.5,4825.5,57.14,RED,28-09-2026 10:25:00 AM,28-09-2026 10:30:00 AM,4826.0,4827.0,4820.5,4822.5,85.71,RED,28-09-2026 10:30:00 AM,28-09-2026 10:35:00 AM,4822.5,4823.0,4820.5,4822.0,400.0,GREEN,28-09-2026 10:35:00 AM,28-09-2026 10:40:00 AM,4822.5,4824.5,4821.5,4824.0,100.0
JSWSTEEL-5m-2026-09-28T10:35:00+05:30-RED_TO_GREEN,2026-09-28T10:40:19.558082+05:30,28-09-2026 10:40:19 AM,JSWSTEEL,JSWSTEEL,5m,stock,N50 & N100,NIFTY 50; NIFTY 100; NIFTY 200,3 RED → GREEN,RED_TO_GREEN,R R R G,2026-09-28T10:35:00+05:30,28-09-2026 10:35:00 AM,2026-09-28T10:40:00+05:30,28-09-2026 10:40:00 AM,1264.1,1265.4,1263.5,1264.4,RED,28-09-2026 10:05:00 AM,28-09-2026 10:10:00 AM,1272.5,1272.6,1269.3,1270.2,43.48,RED,28-09-2026 10:10:00 AM,28-09-2026 10:15:00 AM,1270.1,1270.2,1267.8,1269.0,118.18,GREEN,28-09-2026 10:15:00 AM,28-09-2026 10:20:00 AM,1268.7,1269.8,1268.6,1269.4,71.43,RED,28-09-2026 10:20:00 AM,28-09-2026 10:25:00 AM,1269.3,1269.9,1268.3,1268.3,60.0,RED,28-09-2026 10:25:00 AM,28-09-2026 10:30:00 AM,1268.6,1268.8,1266.5,1266.5,9.52,RED,28-09-2026 10:30:00 AM,28-09-2026 10:35:00 AM,1266.6,1267.0,1263.6,1264.2,41.67,GREEN,28-09-2026 10:35:00 AM,28-09-2026 10:40:00 AM,1264.1,1265.4,1263.5,1264.4,533.33
CANBK-5m-2026-09-28T10:35:00+05:30-RED_TO_GREEN,2026-09-28T10:40:19.507926+05:30,28-09-2026 10:40:19 AM,CANBK,CANBK,5m,stock,N100,NIFTY 100; NIFTY 200,3 RED → GREEN,RED_TO_GREEN,R R R G,2026-09-28T10:35:00+05:30,28-09-2026 10:35:00 AM,2026-09-28T10:40:00+05:30,28-09-2026 10:40:00 AM,121.64,121.75,121.64,121.69,RED,28-09-2026 10:05:00 AM,28-09-2026 10:10:00 AM,122.46,122.47,122.05,122.08,10.53,GREEN,28-09-2026 10:10:00 AM,28-09-2026 10:15:00 AM,122.01,122.12,121.9,122.02,2100.0,RED,28-09-2026 10:15:00 AM,28-09-2026 10:20:00 AM,121.98,121.99,121.8,121.88,90.0,RED,28-09-2026 10:20:00 AM,28-09-2026 10:25:00 AM,121.95,121.96,121.77,121.77,5.56,RED,28-09-2026 10:25:00 AM,28-09-2026 10:30:00 AM,121.75,121.76,121.61,121.67,87.5,RED,28-09-2026 10:30:00 AM,28-09-2026 10:35:00 AM,121.68,121.8,121.64,121.64,300.0,GREEN,28-09-2026 10:35:00 AM,28-09-2026 10:40:00 AM,121.64,121.75,121.64,121.69,120.0
TRENT-5m-2026-09-28T10:30:00+05:30-RED_TO_GREEN,2026-09-28T10:37:50.088646+05:30,28-09-2026 10:37:50 AM,TRENT,TRENT,5m,stock,N50 & N100,NIFTY 50; NIFTY 100; NIFTY 200,3 RED → GREEN,RED_TO_GREEN,R R R G,2026-09-28T10:30:00+05:30,28-09-2026 10:30:00 AM,2026-09-28T10:35:00+05:30,28-09-2026 10:35:00 AM,2619.2,2621.8,2619.0,2621.1,GREEN,28-09-2026 10:00:00 AM,28-09-2026 10:05:00 AM,2628.5,2633.1,2624.7,2629.5,740.0,GREEN,28-09-2026 10:05:00 AM,28-09-2026 10:10:00 AM,2629.9,2631.6,2628.0,2630.0,3500.0,RED,28-09-2026 10:10:00 AM,28-09-2026 10:15:00 AM,2630.5,2633.8,2629.1,2629.9,683.33,RED,28-09-2026 10:15:00 AM,28-09-2026 10:20:00 AM,2629.9,2629.9,2624.0,2626.2,59.46,RED,28-09-2026 10:20:00 AM,28-09-2026 10:25:00 AM,2625.6,2626.6,2621.4,2622.2,52.94,RED,28-09-2026 10:25:00 AM,28-09-2026 10:30:00 AM,2622.3,2623.6,2617.0,2617.8,46.67,GREEN,28-09-2026 10:30:00 AM,28-09-2026 10:35:00 AM,2619.2,2621.8,2619.0,2621.1,47.37
OBEROIRLTY-5m-2026-09-28T10:30:00+05:30-RED_TO_GREEN,2026-09-28T10:37:50.059239+05:30,28-09-2026 10:37:50 AM,OBEROIRLTY,OBEROIRLTY,5m,stock,OTHER,,3 RED → GREEN,RED_TO_GREEN,R R R G,2026-09-28T10:30:00+05:30,28-09-2026 10:30:00 AM,2026-09-28T10:35:00+05:30,28-09-2026 10:35:00 AM,1833.9,1836.3,1833.9,1834.5,GREEN,28-09-2026 10:00:00 AM,28-09-2026 10:05:00 AM,1837.3,1839.8,1835.4,1838.3,340.0,RED,28-09-2026 10:05:00 AM,28-09-2026 10:10:00 AM,1839.9,1839.9,1836.1,1836.1,0.0,GREEN,28-09-2026 10:10:00 AM,28-09-2026 10:15:00 AM,1836.7,1838.7,1836.0,1838.0,107.69,RED,28-09-2026 10:15:00 AM,28-09-2026 10:20:00 AM,1837.2,1837.8,1834.6,1836.9,966.67,RED,28-09-2026 10:20:00 AM,28-09-2026 10:25:00 AM,1836.2,1838.1,1832.9,1832.9,57.58,RED,28-09-2026 10:25:00 AM,28-09-2026 10:30:00 AM,1833.6,1834.5,1832.7,1833.2,350.0,GREEN,28-09-2026 10:30:00 AM,28-09-2026 10:35:00 AM,1833.9,1836.3,1833.9,1834.5,300.0
NTPC-5m-2026-09-28T10:30:00+05:30-RED_TO_GREEN,2026-09-28T10:37:50.022576+05:30,28-09-2026 10:37:50 AM,NTPC,NTPC,5m,stock,N50 & N100,NIFTY 50; NIFTY 100; NIFTY 200,3 RED → GREEN,RED_TO_GREEN,R R R G,2026-09-28T10:30:00+05:30,28-09-2026 10:30:00 AM,2026-09-28T10:35:00+05:30,28-09-2026 10:35:00 AM,321.6,321.9,321.6,321.9,RED,28-09-2026 10:00:00 AM,28-09-2026 10:05:00 AM,322.9,322.9,322.45,322.45,0.0,RED,28-09-2026 10:05:00 AM,28-09-2026 10:10:00 AM,322.55,322.9,322.35,322.5,1000.0,GREEN,28-09-2026 10:10:00 AM,28-09-2026 10:15:00 AM,322.5,322.85,322.35,322.75,100.0,RED,28-09-2026 10:15:00 AM,28-09-2026 10:20:00 AM,322.6,322.75,322.1,322.1,30.0,RED,28-09-2026 10:20:00 AM,28-09-2026 10:25:00 AM,322.25,322.25,321.55,321.55,0.0,RED,28-09-2026 10:25:00 AM,28-09-2026 10:30:00 AM,321.7,321.9,321.6,321.65,500.0,GREEN,28-09-2026 10:30:00 AM,28-09-2026 10:35:00 AM,321.6,321.9,321.6,321.9,0.0
JSWENERGY-5m-2026-09-28T10:30:00+05:30-RED_TO_GREEN,2026-09-28T10:37:49.983492+05:30,28-09-2026 10:37:49 AM,JSWENERGY,JSWENERGY,5m,stock,OTHER,,3 RED → GREEN,RED_TO_GREEN,R R R G,2026-09-28T10:30:00+05:30,28-09-2026 10:30:00 AM,2026-09-28T10:35:00+05:30,28-09-2026 10:35:00 AM,496.25,497.0,496.2,497.0,RED,28-09-2026 10:00:00 AM,28-09-2026 10:05:00 AM,499.3,499.3,498.7,498.95,71.43,RED,28-09-2026 10:05:00 AM,28-09-2026 10:10:00 AM,498.95,498.95,497.25,497.5,17.24,GREEN,28-09-2026 10:10:00 AM,28-09-2026 10:15:00 AM,497.25,497.75,497.0,497.35,650.0,RED,28-09-2026 10:15:00 AM,28-09-2026 10:20:00 AM,497.2,497.35,496.5,496.6,41.67,RED,28-09-2026 10:20:00 AM,28-09-2026 10:25:00 AM,496.7,497.0,496.25,496.3,87.5,RED,28-09-2026 10:25:00 AM,28-09-2026 10:30:00 AM,496.45,496.75,496.0,496.05,87.5,GREEN,28-09-2026 10:30:00 AM,28-09-2026 10:35:00 AM,496.25,497.0,496.2,497.0,6.67
HINDZINC-5m-2026-09-28T10:30:00+05:30-RED_TO_GREEN,2026-09-28T10:37:49.932237+05:30,28-09-2026 10:37:49 AM,HINDZINC,HINDZINC,5m,stock,N100,NIFTY 100; NIFTY 200,3 RED → GREEN,RED_TO_GREEN,R R R G,2026-09-28T10:30:00+05:30,28-09-2026 10:30:00 AM,2026-09-28T10:35:00+05:30,28-09-2026 10:35:00 AM,577.9,578.8,577.9,578.05,RED,28-09-2026 10:00:00 AM,28-09-2026 10:05:00 AM,578.45,579.0,577.95,578.1,200.0,GREEN,28-09-2026 10:05:00 AM,28-09-2026 10:10:00 AM,578.35,578.7,577.5,578.4,2300.0,GREEN,28-09-2026 10:10:00 AM,28-09-2026 10:15:00 AM,578.35,579.0,578.2,578.85,60.0,RED,28-09-2026 10:15:00 AM,28-09-2026 10:20:00 AM,578.65,579.15,578.45,578.6,1300.0,RED,28-09-2026 10:20:00 AM,28-09-2026 10:25:00 AM,578.7,578.95,578.0,578.25,111.11,RED,28-09-2026 10:25:00 AM,28-09-2026 10:30:00 AM,578.2,578.2,577.8,578.0,100.0,GREEN,28-09-2026 10:30:00 AM,28-09-2026 10:35:00 AM,577.9,578.8,577.9,578.05,500.0
HEROMOTOCO-5m-2026-09-28T10:30:00+05:30-RED_TO_GREEN,2026-09-28T10:37:49.892085+05:30,28-09-2026 10:37:49 AM,HEROMOTOCO,HEROMOTOCO,5m,stock,N50 & N100,NIFTY 50; NIFTY 100; NIFTY 200,3 RED → GREEN,RED_TO_GREEN,R R R G,2026-09-28T10:30:00+05:30,28-09-2026 10:30:00 AM,2026-09-28T10:35:00+05:30,28-09-2026 10:35:00 AM,5334.0,5343.5,5334.0,5342.0,GREEN,28-09-2026 10:00:00 AM,28-09-2026 10:05:00 AM,5346.0,5352.0,5344.0,5347.5,433.33,RED,28-09-2026 10:05:00 AM,28-09-2026 10:10:00 AM,5347.5,5347.5,5334.0,5334.0,0.0,GREEN,28-09-2026 10:10:00 AM,28-09-2026 10:15:00 AM,5334.5,5345.5,5334.5,5338.0,214.29,RED,28-09-2026 10:15:00 AM,28-09-2026 10:20:00 AM,5340.0,5340.0,5332.0,5334.5,45.45,RED,28-09-2026 10:20:00 AM,28-09-2026 10:25:00 AM,5334.5,5337.0,5331.5,5334.0,1000.0,RED,28-09-2026 10:25:00 AM,28-09-2026 10:30:00 AM,5336.5,5347.5,5331.5,5334.0,540.0,GREEN,28-09-2026 10:30:00 AM,28-09-2026 10:35:00 AM,5334.0,5343.5,5334.0,5342.0,18.75
HDFCLIFE-5m-2026-09-28T10:30:00+05:30-RED_TO_GREEN,2026-09-28T10:37:49.847325+05:30,28-09-2026 10:37:49 AM,HDFCLIFE,HDFCLIFE,5m,stock,N50 & N100,NIFTY 50; NIFTY 100; NIFTY 200,3 RED → GREEN,RED_TO_GREEN,R R R G,2026-09-28T10:30:00+05:30,28-09-2026 10:30:00 AM,2026-09-28T10:35:00+05:30,28-09-2026 10:35:00 AM,527.8,528.6,527.55,528.15,GREEN,28-09-2026 10:00:00 AM,28-09-2026 10:05:00 AM,529.0,530.1,528.6,529.75,100.0,RED,28-09-2026 10:05:00 AM,28-09-2026 10:10:00 AM,529.75,529.75,529.15,529.15,0.0,GREEN,28-09-2026 10:10:00 AM,28-09-2026 10:15:00 AM,529.1,530.25,529.05,530.05,26.32,RED,28-09-2026 10:15:00 AM,28-09-2026 10:20:00 AM,530.05,530.05,528.45,528.95,45.45,RED,28-09-2026 10:20:00 AM,28-09-2026 10:25:00 AM,528.95,529.0,528.3,528.6,100.0,RED,28-09-2026 10:25:00 AM,28-09-2026 10:30:00 AM,528.55,528.6,527.4,527.75,50.0,GREEN,28-09-2026 10:30:00 AM,28-09-2026 10:35:00 AM,527.8,528.6,527.55,528.15,200.0
HCLTECH-5m-2026-09-28T10:30:00+05:30-RED_TO_GREEN,2026-09-28T10:37:49.809797+05:30,28-09-2026 10:37:49 AM,HCLTECH,HCLTECH,5m,stock,N50 & N100,NIFTY 50; NIFTY 100; NIFTY 200,3 RED → GREEN,RED_TO_GREEN,R R R G,2026-09-28T10:30:00+05:30,28-09-2026 10:30:00 AM,2026-09-28T10:35:00+05:30,28-09-2026 10:35:00 AM,1250.2,1251.2,1250.0,1250.6,RED,28-09-2026 10:00:00 AM,28-09-2026 10:05:00 AM,1250.5,1250.6,1248.5,1249.6,133.33,GREEN,28-09-2026 10:05:00 AM,28-09-2026 10:10:00 AM,1249.9,1251.7,1249.2,1251.5,56.25,GREEN,28-09-2026 10:10:00 AM,28-09-2026 10:15:00 AM,1251.6,1252.9,1250.4,1252.0,525.0,RED,28-09-2026 10:15:00 AM,28-09-2026 10:20:00 AM,1252.0,1252.5,1249.0,1251.1,288.89,RED,28-09-2026 10:20:00 AM,28-09-2026 10:25:00 AM,1251.7,1252.4,1250.5,1251.5,850.0,RED,28-09-2026 10:25:00 AM,28-09-2026 10:30:00 AM,1251.3,1251.6,1249.5,1250.2,90.91,GREEN,28-09-2026 10:30:00 AM,28-09-2026 10:35:00 AM,1250.2,1251.2,1250.0,1250.6,200.0
DRREDDY-5m-2026-09-28T10:30:00+05:30-GREEN_TO_RED,2026-09-28T10:37:49.683633+05:30,28-09-2026 10:37:49 AM,DRREDDY,DRREDDY,5m,stock,N50 & N100,NIFTY 50; NIFTY 100; NIFTY 200,3 GREEN → RED,GREEN_TO_RED,G G G R,2026-09-28T10:30:00+05:30,28-09-2026 10:30:00 AM,2026-09-28T10:35:00+05:30,28-09-2026 10:35:00 AM,1218.1,1218.4,1217.3,1217.3,GREEN,28-09-2026 10:00:00 AM,28-09-2026 10:05:00 AM,1217.8,1219.2,1217.4,1218.8,80.0,RED,28-09-2026 10:05:00 AM,28-09-2026 10:10:00 AM,1218.9,1219.0,1216.3,1216.9,35.0,RED,28-09-2026 10:10:00 AM,28-09-2026 10:15:00 AM,1216.9,1217.0,1216.0,1216.1,25.0,GREEN,28-09-2026 10:15:00 AM,28-09-2026 10:20:00 AM,1216.6,1217.3,1215.3,1216.7,1900.0,GREEN,28-09-2026 10:20:00 AM,28-09-2026 10:25:00 AM,1216.7,1218.4,1216.7,1217.0,466.67,GREEN,28-09-2026 10:25:00 AM,28-09-2026 10:30:00 AM,1217.3,1218.3,1216.5,1218.0,157.14,RED,28-09-2026 10:30:00 AM,28-09-2026 10:35:00 AM,1218.1,1218.4,1217.3,1217.3,37.5
DELHIVERY-5m-2026-09-28T10:30:00+05:30-RED_TO_GREEN,2026-09-28T10:37:49.647285+05:30,28-09-2026 10:37:49 AM,DELHIVERY,DELHIVERY,5m,stock,OTHER,,3 RED → GREEN,RED_TO_GREEN,R R R G,2026-09-28T10:30:00+05:30,28-09-2026 10:30:00 AM,2026-09-28T10:35:00+05:30,28-09-2026 10:35:00 AM,409.4,409.85,409.4,409.6,RED,28-09-2026 10:00:00 AM,28-09-2026 10:05:00 AM,411.2,411.3,410.55,410.75,66.67,GREEN,28-09-2026 10:05:00 AM,28-09-2026 10:10:00 AM,410.75,411.4,409.8,411.25,220.0,GREEN,28-09-2026 10:10:00 AM,28-09-2026 10:15:00 AM,411.2,411.6,411.0,411.55,71.43,RED,28-09-2026 10:15:00 AM,28-09-2026 10:20:00 AM,411.35,411.45,409.55,409.55,5.56,RED,28-09-2026 10:20:00 AM,28-09-2026 10:25:00 AM,409.7,409.95,409.1,409.35,142.86,RED,28-09-2026 10:25:00 AM,28-09-2026 10:30:00 AM,409.6,409.75,409.2,409.4,175.0,GREEN,28-09-2026 10:30:00 AM,28-09-2026 10:35:00 AM,409.4,409.85,409.4,409.6,125.0
CIPLA-5m-2026-09-28T10:30:00+05:30-RED_TO_GREEN,2026-09-28T10:37:49.616013+05:30,28-09-2026 10:37:49 AM,CIPLA,CIPLA,5m,stock,N50 & N100,NIFTY 50; NIFTY 100; NIFTY 200,3 RED → GREEN,RED_TO_GREEN,R R R G,2026-09-28T10:30:00+05:30,28-09-2026 10:30:00 AM,2026-09-28T10:35:00+05:30,28-09-2026 10:35:00 AM,1385.0,1386.1,1384.6,1385.6,RED,28-09-2026 10:00:00 AM,28-09-2026 10:05:00 AM,1390.9,1392.0,1390.3,1390.5,325.0,RED,28-09-2026 10:05:00 AM,28-09-2026 10:10:00 AM,1392.0,1392.8,1390.6,1390.6,57.14,RED,28-09-2026 10:10:00 AM,28-09-2026 10:15:00 AM,1390.5,1391.2,1389.0,1389.7,175.0,RED,28-09-2026 10:15:00 AM,28-09-2026 10:20:00 AM,1389.8,1389.8,1386.0,1386.0,0.0,RED,28-09-2026 10:20:00 AM,28-09-2026 10:25:00 AM,1387.1,1387.1,1384.3,1384.7,16.67,RED,28-09-2026 10:25:00 AM,28-09-2026 10:30:00 AM,1384.7,1385.4,1384.1,1384.6,1200.0,GREEN,28-09-2026 10:30:00 AM,28-09-2026 10:35:00 AM,1385.0,1386.1,1384.6,1385.6,150.0
BIOCON-5m-2026-09-28T10:30:00+05:30-RED_TO_GREEN,2026-09-28T10:37:49.578561+05:30,28-09-2026 10:37:49 AM,BIOCON,BIOCON,5m,stock,OTHER,,3 RED → GREEN,RED_TO_GREEN,R R R G,2026-09-28T10:30:00+05:30,28-09-2026 10:30:00 AM,2026-09-28T10:35:00+05:30,28-09-2026 10:35:00 AM,378.05,378.85,378.05,378.3,GREEN,28-09-2026 10:00:00 AM,28-09-2026 10:05:00 AM,376.65,379.65,376.35,378.9,46.67,RED,28-09-2026 10:05:00 AM,28-09-2026 10:10:00 AM,378.65,379.25,378.5,378.6,1400.0,RED,28-09-2026 10:10:00 AM,28-09-2026 10:15:00 AM,378.5,378.7,378.2,378.2,66.67,RED,28-09-2026 10:15:00 AM,28-09-2026 10:20:00 AM,378.15,378.4,377.8,378.0,300.0,RED,28-09-2026 10:20:00 AM,28-09-2026 10:25:00 AM,378.25,378.4,378.1,378.2,500.0,RED,28-09-2026 10:25:00 AM,28-09-2026 10:30:00 AM,378.15,378.2,377.9,378.1,500.0,GREEN,28-09-2026 10:30:00 AM,28-09-2026 10:35:00 AM,378.05,378.85,378.05,378.3,220.0
ADANIPORTS-5m-2026-09-28T10:30:00+05:30-RED_TO_GREEN,2026-09-28T10:37:49.561379+05:30,28-09-2026 10:37:49 AM,ADANIPORTS,ADANIPORTS,5m,stock,N50 & N100,NIFTY 50; NIFTY 100; NIFTY 200,3 RED → GREEN,RED_TO_GREEN,R R R G,2026-09-28T10:30:00+05:30,28-09-2026 10:30:00 AM,2026-09-28T10:35:00+05:30,28-09-2026 10:35:00 AM,1760.2,1761.9,1758.8,1760.6,GREEN,28-09-2026 10:00:00 AM,28-09-2026 10:05:00 AM,1771.3,1772.6,1770.7,1771.6,533.33,RED,28-09-2026 10:05:00 AM,28-09-2026 10:10:00 AM,1771.6,1771.7,1767.0,1767.4,11.9,GREEN,28-09-2026 10:10:00 AM,28-09-2026 10:15:00 AM,1766.6,1771.7,1766.6,1770.0,50.0,RED,28-09-2026 10:15:00 AM,28-09-2026 10:20:00 AM,1770.1,1770.1,1765.3,1766.3,26.32,RED,28-09-2026 10:20:00 AM,28-09-2026 10:25:00 AM,1766.3,1766.6,1761.7,1761.7,6.52,RED,28-09-2026 10:25:00 AM,28-09-2026 10:30:00 AM,1762.6,1762.6,1760.1,1760.2,4.17,GREEN,28-09-2026 10:30:00 AM,28-09-2026 10:35:00 AM,1760.2,1761.9,1758.8,1760.6,675.0
SENSEX-5m-2026-09-28T09:45:00+05:30-RED_TO_GREEN,2026-09-28T10:01:15.919608+05:30,28-09-2026 10:01:15 AM,SENSEX,SENSEX,5m,index,INDEX,SENSEX,3 RED → GREEN,RED_TO_GREEN,R R R G,2026-09-28T09:45:00+05:30,28-09-2026 09:45:00 AM,2026-09-28T09:50:00+05:30,28-09-2026 09:50:00 AM,72988.52,73018.52,72982.66,73014.02,RED,28-09-2026 09:15:00 AM,28-09-2026 09:20:00 AM,73740.85,73740.85,73295.82,73311.26,3.59,RED,28-09-2026 09:20:00 AM,28-09-2026 09:25:00 AM,73319.27,73319.27,73194.04,73244.43,67.33,RED,28-09-2026 09:25:00 AM,28-09-2026 09:30:00 AM,73243.12,73243.12,73156.66,73171.1,20.05,RED,28-09-2026 09:30:00 AM,28-09-2026 09:35:00 AM,73171.81,73176.4,73105.23,73119.03,34.84,RED,28-09-2026 09:35:00 AM,28-09-2026 09:40:00 AM,73119.34,73121.94,73000.91,73019.17,20.82,RED,28-09-2026 09:40:00 AM,28-09-2026 09:45:00 AM,73014.21,73046.3,72982.44,72992.57,195.1,GREEN,28-09-2026 09:45:00 AM,28-09-2026 09:50:00 AM,72988.52,73018.52,72982.66,73014.02,40.63
VEDL-5m-2026-09-28T09:55:00+05:30-GREEN_TO_RED,2026-09-28T10:00:15.136164+05:30,28-09-2026 10:00:15 AM,VEDL,VEDL,5m,stock,N100,NIFTY 100; NIFTY 200,3 GREEN → RED,GREEN_TO_RED,G G G R,2026-09-28T09:55:00+05:30,28-09-2026 09:55:00 AM,2026-09-28T10:00:00+05:30,28-09-2026 10:00:00 AM,261.35,261.4,261.0,261.1,GREEN,28-09-2026 09:25:00 AM,28-09-2026 09:30:00 AM,259.45,259.5,258.25,259.5,2400.0,RED,28-09-2026 09:30:00 AM,28-09-2026 09:35:00 AM,259.45,259.55,258.9,259.15,116.67,DOJI,28-09-2026 09:35:00 AM,28-09-2026 09:40:00 AM,259.05,259.75,258.75,259.05,,GREEN,28-09-2026 09:40:00 AM,28-09-2026 09:45:00 AM,258.95,259.55,258.25,259.1,766.67,GREEN,28-09-2026 09:45:00 AM,28-09-2026 09:50:00 AM,259.1,261.0,259.1,260.55,31.03,GREEN,28-09-2026 09:50:00 AM,28-09-2026 09:55:00 AM,260.6,261.5,260.45,261.35,40.0,RED,28-09-2026 09:55:00 AM,28-09-2026 10:00:00 AM,261.35,261.4,261.0,261.1,60.0
TCS-5m-2026-09-28T09:55:00+05:30-RED_TO_GREEN,2026-09-28T10:00:15.090700+05:30,28-09-2026 10:00:15 AM,TCS,TCS,5m,stock,N50 & N100,NIFTY 50; NIFTY 100; NIFTY 200,3 RED → GREEN,RED_TO_GREEN,R R R G,2026-09-28T09:55:00+05:30,28-09-2026 09:55:00 AM,2026-09-28T10:00:00+05:30,28-09-2026 10:00:00 AM,2059.2,2064.5,2059.0,2061.4,RED,28-09-2026 09:25:00 AM,28-09-2026 09:30:00 AM,2090.3,2091.4,2080.8,2082.6,37.66,GREEN,28-09-2026 09:30:00 AM,28-09-2026 09:35:00 AM,2081.6,2087.1,2081.0,2086.6,22.0,RED,28-09-2026 09:35:00 AM,28-09-2026 09:40:00 AM,2086.2,2086.5,2080.2,2080.2,5.0,RED,28-09-2026 09:40:00 AM,28-09-2026 09:45:00 AM,2080.5,2080.5,2061.1,2063.6,14.79,RED,28-09-2026 09:45:00 AM,28-09-2026 09:50:00 AM,2063.9,2068.4,2061.5,2062.0,263.16,RED,28-09-2026 09:50:00 AM,28-09-2026 09:55:00 AM,2062.6,2064.4,2056.5,2059.2,132.35,GREEN,28-09-2026 09:55:00 AM,28-09-2026 10:00:00 AM,2059.2,2064.5,2059.0,2061.4,150.0
LT-5m-2026-09-28T09:55:00+05:30-GREEN_TO_RED,2026-09-28T10:00:15.038773+05:30,28-09-2026 10:00:15 AM,LT,LT,5m,stock,N50 & N100,NIFTY 50; NIFTY 100; NIFTY 200,3 GREEN → RED,GREEN_TO_RED,G G G R,2026-09-28T09:55:00+05:30,28-09-2026 09:55:00 AM,2026-09-28T10:00:00+05:30,28-09-2026 10:00:00 AM,3836.4,3841.2,3835.9,3836.0,RED,28-09-2026 09:25:00 AM,28-09-2026 09:30:00 AM,3834.1,3835.0,3829.4,3830.4,51.35,RED,28-09-2026 09:30:00 AM,28-09-2026 09:35:00 AM,3831.0,3831.7,3828.0,3828.6,54.17,RED,28-09-2026 09:35:00 AM,28-09-2026 09:40:00 AM,3829.0,3830.4,3824.3,3825.5,74.29,GREEN,28-09-2026 09:40:00 AM,28-09-2026 09:45:00 AM,3827.2,3835.0,3825.5,3832.7,72.73,GREEN,28-09-2026 09:45:00 AM,28-09-2026 09:50:00 AM,3833.0,3838.3,3831.5,3834.2,466.67,GREEN,28-09-2026 09:50:00 AM,28-09-2026 09:55:00 AM,3834.2,3838.0,3832.0,3836.4,172.73,RED,28-09-2026 09:55:00 AM,28-09-2026 10:00:00 AM,3836.4,3841.2,3835.9,3836.0,1225.0
JSWSTEEL-5m-2026-09-28T09:55:00+05:30-GREEN_TO_RED,2026-09-28T10:00:14.989996+05:30,28-09-2026 10:00:14 AM,JSWSTEEL,JSWSTEEL,5m,stock,N50 & N100,NIFTY 50; NIFTY 100; NIFTY 200,3 GREEN → RED,GREEN_TO_RED,G G G R,2026-09-28T09:55:00+05:30,28-09-2026 09:55:00 AM,2026-09-28T10:00:00+05:30,28-09-2026 10:00:00 AM,1272.8,1273.8,1272.4,1272.4,RED,28-09-2026 09:25:00 AM,28-09-2026 09:30:00 AM,1267.0,1267.8,1265.8,1265.8,66.67,RED,28-09-2026 09:30:00 AM,28-09-2026 09:35:00 AM,1266.3,1267.0,1265.1,1265.3,90.0,RED,28-09-2026 09:35:00 AM,28-09-2026 09:40:00 AM,1265.6,1265.6,1261.5,1263.3,78.26,GREEN,28-09-2026 09:40:00 AM,28-09-2026 09:45:00 AM,1263.7,1268.3,1263.3,1268.0,16.28,GREEN,28-09-2026 09:45:00 AM,28-09-2026 09:50:00 AM,1268.0,1272.8,1268.0,1272.2,14.29,GREEN,28-09-2026 09:50:00 AM,28-09-2026 09:55:00 AM,1272.0,1272.8,1271.5,1272.2,550.0,RED,28-09-2026 09:55:00 AM,28-09-2026 10:00:00 AM,1272.8,1273.8,1272.4,1272.4,250.0
HINDZINC-5m-2026-09-28T09:55:00+05:30-GREEN_TO_RED,2026-09-28T10:00:14.940488+05:30,28-09-2026 10:00:14 AM,HINDZINC,HINDZINC,5m,stock,N100,NIFTY 100; NIFTY 200,3 GREEN → RED,GREEN_TO_RED,G G G R,2026-09-28T09:55:00+05:30,28-09-2026 09:55:00 AM,2026-09-28T10:00:00+05:30,28-09-2026 10:00:00 AM,579.15,579.4,578.15,578.15,GREEN,28-09-2026 09:25:00 AM,28-09-2026 09:30:00 AM,575.95,578.15,575.85,578.05,9.52,RED,28-09-2026 09:30:00 AM,28-09-2026 09:35:00 AM,577.75,577.9,576.3,576.5,28.0,GREEN,28-09-2026 09:35:00 AM,28-09-2026 09:40:00 AM,576.35,576.7,575.9,576.4,1500.0,GREEN,28-09-2026 09:40:00 AM,28-09-2026 09:45:00 AM,576.05,577.4,575.4,576.7,207.69,GREEN,28-09-2026 09:45:00 AM,28-09-2026 09:50:00 AM,576.7,578.95,576.7,578.7,12.5,GREEN,28-09-2026 09:50:00 AM,28-09-2026 09:55:00 AM,578.65,579.2,578.0,579.05,200.0,RED,28-09-2026 09:55:00 AM,28-09-2026 10:00:00 AM,579.15,579.4,578.15,578.15,25.0
ETERNAL-5m-2026-09-28T09:55:00+05:30-GREEN_TO_RED,2026-09-28T10:00:14.869225+05:30,28-09-2026 10:00:14 AM,ETERNAL,ETERNAL,5m,stock,N50 & N100,NIFTY 50; NIFTY 100; NIFTY 200,3 GREEN → RED,GREEN_TO_RED,G G G R,2026-09-28T09:55:00+05:30,28-09-2026 09:55:00 AM,2026-09-28T10:00:00+05:30,28-09-2026 10:00:00 AM,332.45,332.85,332.2,332.2,RED,28-09-2026 09:25:00 AM,28-09-2026 09:30:00 AM,331.7,331.7,330.75,330.95,26.67,GREEN,28-09-2026 09:30:00 AM,28-09-2026 09:35:00 AM,331.05,331.2,330.75,331.2,200.0,DOJI,28-09-2026 09:35:00 AM,28-09-2026 09:40:00 AM,331.15,331.5,330.55,331.15,,GREEN,28-09-2026 09:40:00 AM,28-09-2026 09:45:00 AM,331.0,331.35,330.95,331.1,300.0,GREEN,28-09-2026 09:45:00 AM,28-09-2026 09:50:00 AM,331.05,332.45,330.95,332.45,7.14,GREEN,28-09-2026 09:50:00 AM,28-09-2026 09:55:00 AM,332.35,332.65,332.35,332.5,100.0,RED,28-09-2026 09:55:00 AM,28-09-2026 10:00:00 AM,332.45,332.85,332.2,332.2,160.0
DRREDDY-5m-2026-09-28T09:55:00+05:30-GREEN_TO_RED,2026-09-28T10:00:14.804676+05:30,28-09-2026 10:00:14 AM,DRREDDY,DRREDDY,5m,stock,N50 & N100,NIFTY 50; NIFTY 100; NIFTY 200,3 GREEN → RED,GREEN_TO_RED,G G G R,2026-09-28T09:55:00+05:30,28-09-2026 09:55:00 AM,2026-09-28T10:00:00+05:30,28-09-2026 10:00:00 AM,1218.8,1219.2,1216.1,1217.8,DOJI,28-09-2026 09:25:00 AM,28-09-2026 09:30:00 AM,1215.0,1216.4,1213.9,1215.0,,RED,28-09-2026 09:30:00 AM,28-09-2026 09:35:00 AM,1215.0,1215.0,1211.8,1213.5,113.33,RED,28-09-2026 09:35:00 AM,28-09-2026 09:40:00 AM,1213.3,1213.3,1210.3,1210.4,3.45,GREEN,28-09-2026 09:40:00 AM,28-09-2026 09:45:00 AM,1210.7,1212.8,1210.2,1212.4,52.94,GREEN,28-09-2026 09:45:00 AM,28-09-2026 09:50:00 AM,1212.7,1214.2,1211.0,1213.8,190.91,GREEN,28-09-2026 09:50:00 AM,28-09-2026 09:55:00 AM,1213.8,1220.8,1212.1,1218.8,74.0,RED,28-09-2026 09:55:00 AM,28-09-2026 10:00:00 AM,1218.8,1219.2,1216.1,1217.8,210.0
BANKINDIA-5m-2026-09-28T09:55:00+05:30-RED_TO_GREEN,2026-09-28T10:00:14.736228+05:30,28-09-2026 10:00:14 AM,BANKINDIA,BANKINDIA,5m,stock,OTHER,,3 RED → GREEN,RED_TO_GREEN,R R R G,2026-09-28T09:55:00+05:30,28-09-2026 09:55:00 AM,2026-09-28T10:00:00+05:30,28-09-2026 10:00:00 AM,133.71,134.15,133.71,134.0,RED,28-09-2026 09:25:00 AM,28-09-2026 09:30:00 AM,135.19,135.21,134.94,135.15,575.0,RED,28-09-2026 09:30:00 AM,28-09-2026 09:35:00 AM,135.13,135.18,134.61,134.63,14.0,RED,28-09-2026 09:35:00 AM,28-09-2026 09:40:00 AM,134.69,134.72,134.32,134.34,14.29,RED,28-09-2026 09:40:00 AM,28-09-2026 09:45:00 AM,134.36,134.62,134.14,134.19,182.35,RED,28-09-2026 09:45:00 AM,28-09-2026 09:50:00 AM,134.18,134.28,133.91,134.17,3600.0,RED,28-09-2026 09:50:00 AM,28-09-2026 09:55:00 AM,134.14,134.18,133.69,133.71,13.95,GREEN,28-09-2026 09:55:00 AM,28-09-2026 10:00:00 AM,133.71,134.15,133.71,134.0,51.72
ADANIPORTS-5m-2026-09-28T09:55:00+05:30-GREEN_TO_RED,2026-09-28T10:00:14.693840+05:30,28-09-2026 10:00:14 AM,ADANIPORTS,ADANIPORTS,5m,stock,N50 & N100,NIFTY 50; NIFTY 100; NIFTY 200,3 GREEN → RED,GREEN_TO_RED,G G G R,2026-09-28T09:55:00+05:30,28-09-2026 09:55:00 AM,2026-09-28T10:00:00+05:30,28-09-2026 10:00:00 AM,1771.9,1774.0,1771.0,1771.0,RED,28-09-2026 09:25:00 AM,28-09-2026 09:30:00 AM,1777.5,1777.7,1771.0,1773.1,52.27,RED,28-09-2026 09:30:00 AM,28-09-2026 09:35:00 AM,1773.4,1775.0,1769.0,1770.0,76.47,RED,28-09-2026 09:35:00 AM,28-09-2026 09:40:00 AM,1770.5,1770.5,1765.8,1768.6,147.37,GREEN,28-09-2026 09:40:00 AM,28-09-2026 09:45:00 AM,1768.3,1771.6,1768.2,1769.0,385.71,GREEN,28-09-2026 09:45:00 AM,28-09-2026 09:50:00 AM,1768.9,1772.1,1767.1,1770.4,233.33,GREEN,28-09-2026 09:50:00 AM,28-09-2026 09:55:00 AM,1770.5,1774.0,1770.5,1771.5,250.0,RED,28-09-2026 09:55:00 AM,28-09-2026 10:00:00 AM,1771.9,1774.0,1771.0,1771.0,233.33
SENSEX-5m-2026-09-28T09:40:00+05:30-RED_TO_GREEN,2026-09-28T09:57:12.734292+05:30,28-09-2026 09:57:12 AM,SENSEX,SENSEX,5m,index,INDEX,SENSEX,3 RED → GREEN,RED_TO_GREEN,R R R G,2026-09-28T09:40:00+05:30,28-09-2026 09:40:00 AM,2026-09-28T09:45:00+05:30,28-09-2026 09:45:00 AM,73014.21,73046.3,72999.64,73033.23,GREEN,25-09-2026 03:25:00 PM,25-09-2026 03:30:00 PM,73871.61,73908.21,73857.66,73895.74,109.49,RED,28-09-2026 09:15:00 AM,28-09-2026 09:20:00 AM,73740.85,73740.85,73295.82,73311.26,3.59,RED,28-09-2026 09:20:00 AM,28-09-2026 09:25:00 AM,73319.27,73319.27,73194.04,73244.43,67.33,RED,28-09-2026 09:25:00 AM,28-09-2026 09:30:00 AM,73243.12,73243.12,73156.66,73171.1,20.05,RED,28-09-2026 09:30:00 AM,28-09-2026 09:35:00 AM,73171.81,73176.4,73105.23,73119.03,34.84,RED,28-09-2026 09:35:00 AM,28-09-2026 09:40:00 AM,73119.34,73121.94,73000.91,73019.17,20.82,GREEN,28-09-2026 09:40:00 AM,28-09-2026 09:45:00 AM,73014.21,73046.3,72999.64,73033.23,145.32
TRENT-5m-2026-09-28T09:50:00+05:30-RED_TO_GREEN,2026-09-28T09:55:15.658936+05:30,28-09-2026 09:55:15 AM,TRENT,TRENT,5m,stock,N50 & N100,NIFTY 50; NIFTY 100; NIFTY 200,3 RED → GREEN,RED_TO_GREEN,R R R G,2026-09-28T09:50:00+05:30,28-09-2026 09:50:00 AM,2026-09-28T09:55:00+05:30,28-09-2026 09:55:00 AM,2625.4,2631.0,2624.8,2626.7,GREEN,28-09-2026 09:20:00 AM,28-09-2026 09:25:00 AM,2642.9,2648.8,2641.3,2646.0,141.94,RED,28-09-2026 09:25:00 AM,28-09-2026 09:30:00 AM,2646.0,2647.4,2642.8,2645.6,1050.0,RED,28-09-2026 09:30:00 AM,28-09-2026 09:35:00 AM,2646.8,2649.9,2643.1,2646.1,871.43,RED,28-09-2026 09:35:00 AM,28-09-2026 09:40:00 AM,2646.9,2648.5,2626.9,2627.7,12.5,RED,28-09-2026 09:40:00 AM,28-09-2026 09:45:00 AM,2628.6,2628.9,2619.9,2627.5,718.18,RED,28-09-2026 09:45:00 AM,28-09-2026 09:50:00 AM,2628.0,2629.5,2623.3,2625.4,138.46,GREEN,28-09-2026 09:50:00 AM,28-09-2026 09:55:00 AM,2625.4,2631.0,2624.8,2626.7,376.92
TATAMOTORS-5m-2026-09-28T09:50:00+05:30-GREEN_TO_RED,2026-09-28T09:55:15.618225+05:30,28-09-2026 09:55:15 AM,TATAMOTORS,TATAMOTORS,5m,stock,N100,NIFTY 100; NIFTY 200,3 GREEN → RED,GREEN_TO_RED,G G G R,2026-09-28T09:50:00+05:30,28-09-2026 09:50:00 AM,2026-09-28T09:55:00+05:30,28-09-2026 09:55:00 AM,434.35,434.35,433.1,433.7,RED,28-09-2026 09:20:00 AM,28-09-2026 09:25:00 AM,433.85,434.35,432.25,433.45,425.0,RED,28-09-2026 09:25:00 AM,28-09-2026 09:30:00 AM,433.65,433.95,432.9,433.05,75.0,RED,28-09-2026 09:30:00 AM,28-09-2026 09:35:00 AM,433.1,433.3,432.5,432.6,60.0,GREEN,28-09-2026 09:35:00 AM,28-09-2026 09:40:00 AM,432.75,433.9,432.1,433.05,500.0,GREEN,28-09-2026 09:40:00 AM,28-09-2026 09:45:00 AM,433.0,434.2,433.0,433.65,84.62,GREEN,28-09-2026 09:45:00 AM,28-09-2026 09:50:00 AM,433.65,434.3,433.3,434.3,53.85,RED,28-09-2026 09:50:00 AM,28-09-2026 09:55:00 AM,434.35,434.35,433.1,433.7,92.31
TATACONSUM-5m-2026-09-28T09:50:00+05:30-RED_TO_GREEN,2026-09-28T09:55:15.579780+05:30,28-09-2026 09:55:15 AM,TATACONSUM,TATACONSUM,5m,stock,N50 & N100,NIFTY 50; NIFTY 100; NIFTY 200,3 RED → GREEN,RED_TO_GREEN,R R R G,2026-09-28T09:50:00+05:30,28-09-2026 09:50:00 AM,2026-09-28T09:55:00+05:30,28-09-2026 09:55:00 AM,962.6,964.0,962.0,963.5,GREEN,28-09-2026 09:20:00 AM,28-09-2026 09:25:00 AM,971.2,973.2,970.9,971.8,283.33,RED,28-09-2026 09:25:00 AM,28-09-2026 09:30:00 AM,972.0,973.2,971.8,971.8,600.0,RED,28-09-2026 09:30:00 AM,28-09-2026 09:35:00 AM,972.0,972.5,969.3,969.3,18.52,RED,28-09-2026 09:35:00 AM,28-09-2026 09:40:00 AM,969.8,970.0,967.0,967.7,42.86,RED,28-09-2026 09:40:00 AM,28-09-2026 09:45:00 AM,967.7,967.7,963.3,964.5,37.5,RED,28-09-2026 09:45:00 AM,28-09-2026 09:50:00 AM,964.3,964.9,962.0,962.6,70.59,GREEN,28-09-2026 09:50:00 AM,28-09-2026 09:55:00 AM,962.6,964.0,962.0,963.5,122.22
POWERGRID-5m-2026-09-28T09:50:00+05:30-RED_TO_GREEN,2026-09-28T09:55:15.543836+05:30,28-09-2026 09:55:15 AM,POWERGRID,POWERGRID,5m,stock,N50 & N100,NIFTY 50; NIFTY 100; NIFTY 200,3 RED → GREEN,RED_TO_GREEN,R R R G,2026-09-28T09:50:00+05:30,28-09-2026 09:50:00 AM,2026-09-28T09:55:00+05:30,28-09-2026 09:55:00 AM,265.9,266.15,265.85,266.0,RED,28-09-2026 09:20:00 AM,28-09-2026 09:25:00 AM,267.2,267.3,266.5,266.55,23.08,GREEN,28-09-2026 09:25:00 AM,28-09-2026 09:30:00 AM,266.6,266.8,266.4,266.8,100.0,RED,28-09-2026 09:30:00 AM,28-09-2026 09:35:00 AM,266.8,266.85,266.4,266.6,125.0,RED,28-09-2026 09:35:00 AM,28-09-2026 09:40:00 AM,266.55,266.6,266.1,266.35,150.0,RED,28-09-2026 09:40:00 AM,28-09-2026 09:45:00 AM,266.4,266.4,265.95,265.95,0.0,RED,28-09-2026 09:45:00 AM,28-09-2026 09:50:00 AM,265.95,265.95,265.75,265.9,300.0,GREEN,28-09-2026 09:50:00 AM,28-09-2026 09:55:00 AM,265.9,266.15,265.85,266.0,200.0
NESTLEIND-5m-2026-09-28T09:50:00+05:30-GREEN_TO_RED,2026-09-28T09:55:15.512050+05:30,28-09-2026 09:55:15 AM,NESTLEIND,NESTLEIND,5m,stock,N50 & N100,NIFTY 50; NIFTY 100; NIFTY 200,3 GREEN → RED,GREEN_TO_RED,G G G R,2026-09-28T09:50:00+05:30,28-09-2026 09:50:00 AM,2026-09-28T09:55:00+05:30,28-09-2026 09:55:00 AM,1350.8,1350.9,1350.0,1350.7,RED,28-09-2026 09:20:00 AM,28-09-2026 09:25:00 AM,1348.1,1348.1,1345.5,1346.7,85.71,GREEN,28-09-2026 09:25:00 AM,28-09-2026 09:30:00 AM,1346.7,1349.6,1345.6,1349.6,37.93,RED,28-09-2026 09:30:00 AM,28-09-2026 09:35:00 AM,1349.0,1349.7,1346.2,1348.3,400.0,GREEN,28-09-2026 09:35:00 AM,28-09-2026 09:40:00 AM,1348.3,1349.3,1346.9,1349.1,200.0,GREEN,28-09-2026 09:40:00 AM,28-09-2026 09:45:00 AM,1349.3,1350.4,1348.9,1350.2,66.67,GREEN,28-09-2026 09:45:00 AM,28-09-2026 09:50:00 AM,1349.5,1352.2,1349.5,1351.3,50.0,RED,28-09-2026 09:50:00 AM,28-09-2026 09:55:00 AM,1350.8,1350.9,1350.0,1350.7,800.0
LTF-5m-2026-09-28T09:50:00+05:30-GREEN_TO_RED,2026-09-28T09:55:15.478255+05:30,28-09-2026 09:55:15 AM,LTF,LTF,5m,stock,OTHER,,3 GREEN → RED,GREEN_TO_RED,G G G R,2026-09-28T09:50:00+05:30,28-09-2026 09:50:00 AM,2026-09-28T09:55:00+05:30,28-09-2026 09:55:00 AM,280.8,280.8,279.6,280.5,RED,28-09-2026 09:20:00 AM,28-09-2026 09:25:00 AM,280.45,280.9,280.05,280.3,466.67,RED,28-09-2026 09:25:00 AM,28-09-2026 09:30:00 AM,280.25,280.25,279.15,279.3,15.79,RED,28-09-2026 09:30:00 AM,28-09-2026 09:35:00 AM,279.3,279.75,278.4,278.4,50.0,GREEN,28-09-2026 09:35:00 AM,28-09-2026 09:40:00 AM,278.55,279.2,278.0,278.75,500.0,GREEN,28-09-2026 09:40:00 AM,28-09-2026 09:45:00 AM,278.95,280.25,278.75,279.7,100.0,GREEN,28-09-2026 09:45:00 AM,28-09-2026 09:50:00 AM,279.95,281.4,279.5,281.1,65.22,RED,28-09-2026 09:50:00 AM,28-09-2026 09:55:00 AM,280.8,280.8,279.6,280.5,300.0
JSWENERGY-5m-2026-09-28T09:50:00+05:30-RED_TO_GREEN,2026-09-28T09:55:15.448244+05:30,28-09-2026 09:55:15 AM,JSWENERGY,JSWENERGY,5m,stock,OTHER,,3 RED → GREEN,RED_TO_GREEN,R R R G,2026-09-28T09:50:00+05:30,28-09-2026 09:50:00 AM,2026-09-28T09:55:00+05:30,28-09-2026 09:55:00 AM,498.8,499.45,498.7,498.95,RED,28-09-2026 09:20:00 AM,28-09-2026 09:25:00 AM,502.7,502.9,501.55,502.0,92.86,RED,28-09-2026 09:25:00 AM,28-09-2026 09:30:00 AM,501.8,502.15,500.9,501.35,177.78,RED,28-09-2026 09:30:00 AM,28-09-2026 09:35:00 AM,501.3,501.45,499.5,499.5,8.33,RED,28-09-2026 09:35:00 AM,28-09-2026 09:40:00 AM,499.75,500.0,498.9,499.55,450.0,RED,28-09-2026 09:40:00 AM,28-09-2026 09:45:00 AM,499.55,499.95,499.2,499.2,114.29,RED,28-09-2026 09:45:00 AM,28-09-2026 09:50:00 AM,499.25,499.25,498.6,498.8,44.44,GREEN,28-09-2026 09:50:00 AM,28-09-2026 09:55:00 AM,498.8,499.45,498.7,498.95,400.0
CIPLA-5m-2026-09-28T09:50:00+05:30-RED_TO_GREEN,2026-09-28T09:55:15.359782+05:30,28-09-2026 09:55:15 AM,CIPLA,CIPLA,5m,stock,N50 & N100,NIFTY 50; NIFTY 100; NIFTY 200,3 RED → GREEN,RED_TO_GREEN,R R R G,2026-09-28T09:50:00+05:30,28-09-2026 09:50:00 AM,2026-09-28T09:55:00+05:30,28-09-2026 09:55:00 AM,1391.9,1394.1,1391.1,1392.9,GREEN,28-09-2026 09:20:00 AM,28-09-2026 09:25:00 AM,1393.8,1395.5,1391.5,1394.9,263.64,RED,28-09-2026 09:25:00 AM,28-09-2026 09:30:00 AM,1395.0,1397.3,1394.9,1394.9,2300.0,GREEN,28-09-2026 09:30:00 AM,28-09-2026 09:35:00 AM,1394.1,1395.8,1393.2,1395.5,85.71,RED,28-09-2026 09:35:00 AM,28-09-2026 09:40:00 AM,1396.0,1396.0,1393.9,1393.9,0.0,RED,28-09-2026 09:40:00 AM,28-09-2026 09:45:00 AM,1394.1,1394.7,1391.8,1392.5,81.25,RED,28-09-2026 09:45:00 AM,28-09-2026 09:50:00 AM,1392.8,1393.3,1389.3,1391.0,122.22,GREEN,28-09-2026 09:50:00 AM,28-09-2026 09:55:00 AM,1391.9,1394.1,1391.1,1392.9,200.0
BAJFINANCE-5m-2026-09-28T09:50:00+05:30-RED_TO_GREEN,2026-09-28T09:55:15.341260+05:30,28-09-2026 09:55:15 AM,BAJFINANCE,BAJFINANCE,5m,stock,N50 & N100,NIFTY 50; NIFTY 100; NIFTY 200,3 RED → GREEN,RED_TO_GREEN,R R R G,2026-09-28T09:50:00+05:30,28-09-2026 09:50:00 AM,2026-09-28T09:55:00+05:30,28-09-2026 09:55:00 AM,977.9,978.6,977.3,978.4,RED,28-09-2026 09:20:00 AM,28-09-2026 09:25:00 AM,982.9,983.4,979.5,979.7,21.88,RED,28-09-2026 09:25:00 AM,28-09-2026 09:30:00 AM,979.4,980.3,978.6,978.8,183.33,GREEN,28-09-2026 09:30:00 AM,28-09-2026 09:35:00 AM,978.7,981.0,977.4,979.4,414.29,RED,28-09-2026 09:35:00 AM,28-09-2026 09:40:00 AM,979.5,980.2,978.0,979.4,2100.0,RED,28-09-2026 09:40:00 AM,28-09-2026 09:45:00 AM,979.6,980.0,977.9,978.3,61.54,RED,28-09-2026 09:45:00 AM,28-09-2026 09:50:00 AM,978.3,978.9,976.8,977.8,320.0,GREEN,28-09-2026 09:50:00 AM,28-09-2026 09:55:00 AM,977.9,978.6,977.3,978.4,160.0
SUZLON-5m-2026-09-28T09:45:00+05:30-RED_TO_GREEN,2026-09-28T09:50:12.732052+05:30,28-09-2026 09:50:12 AM,SUZLON,SUZLON,5m,stock,OTHER,,3 RED → GREEN,RED_TO_GREEN,R R R G,2026-09-28T09:45:00+05:30,28-09-2026 09:45:00 AM,2026-09-28T09:50:00+05:30,28-09-2026 09:50:00 AM,40.04,40.15,40.02,40.14,RED,28-09-2026 09:15:00 AM,28-09-2026 09:20:00 AM,40.85,40.88,40.39,40.45,22.5,RED,28-09-2026 09:20:00 AM,28-09-2026 09:25:00 AM,40.46,40.47,40.31,40.32,14.29,GREEN,28-09-2026 09:25:00 AM,28-09-2026 09:30:00 AM,40.32,40.37,40.31,40.35,100.0,RED,28-09-2026 09:30:00 AM,28-09-2026 09:35:00 AM,40.37,40.39,40.17,40.19,22.22,RED,28-09-2026 09:35:00 AM,28-09-2026 09:40:00 AM,40.24,40.24,40.05,40.07,11.76,RED,28-09-2026 09:40:00 AM,28-09-2026 09:45:00 AM,40.06,40.11,40.01,40.05,900.0,GREEN,28-09-2026 09:45:00 AM,28-09-2026 09:50:00 AM,40.04,40.15,40.02,40.14,30.0
SBIN-5m-2026-09-28T09:45:00+05:30-RED_TO_GREEN,2026-09-28T09:50:12.697038+05:30,28-09-2026 09:50:12 AM,SBIN,SBIN,5m,stock,N50 & N100,NIFTY 50; NIFTY 100; NIFTY 200,3 RED → GREEN,RED_TO_GREEN,R R R G,2026-09-28T09:45:00+05:30,28-09-2026 09:45:00 AM,2026-09-28T09:50:00+05:30,28-09-2026 09:50:00 AM,966.7,968.1,966.4,967.7,RED,28-09-2026 09:15:00 AM,28-09-2026 09:20:00 AM,981.0,981.0,975.1,975.5,7.27,RED,28-09-2026 09:20:00 AM,28-09-2026 09:25:00 AM,975.1,975.1,973.4,974.1,70.0,RED,28-09-2026 09:25:00 AM,28-09-2026 09:30:00 AM,974.7,974.7,972.4,972.8,21.05,RED,28-09-2026 09:30:00 AM,28-09-2026 09:35:00 AM,972.7,972.8,970.1,970.5,22.73,RED,28-09-2026 09:35:00 AM,28-09-2026 09:40:00 AM,970.9,970.9,967.8,968.4,24.0,RED,28-09-2026 09:40:00 AM,28-09-2026 09:45:00 AM,968.7,970.4,966.2,966.7,110.0,GREEN,28-09-2026 09:45:00 AM,28-09-2026 09:50:00 AM,966.7,968.1,966.4,967.7,70.0
OBEROIRLTY-5m-2026-09-28T09:45:00+05:30-RED_TO_GREEN,2026-09-28T09:50:12.674113+05:30,28-09-2026 09:50:12 AM,OBEROIRLTY,OBEROIRLTY,5m,stock,OTHER,,3 RED → GREEN,RED_TO_GREEN,R R R G,2026-09-28T09:45:00+05:30,28-09-2026 09:45:00 AM,2026-09-28T09:50:00+05:30,28-09-2026 09:50:00 AM,1825.3,1830.8,1825.2,1828.5,RED,28-09-2026 09:15:00 AM,28-09-2026 09:20:00 AM,1850.0,1850.0,1839.9,1847.1,248.28,RED,28-09-2026 09:20:00 AM,28-09-2026 09:25:00 AM,1847.1,1847.1,1842.2,1844.6,96.0,RED,28-09-2026 09:25:00 AM,28-09-2026 09:30:00 AM,1843.9,1844.0,1838.7,1839.9,32.5,RED,28-09-2026 09:30:00 AM,28-09-2026 09:35:00 AM,1841.0,1842.6,1835.4,1835.9,41.18,RED,28-09-2026 09:35:00 AM,28-09-2026 09:40:00 AM,1836.8,1836.8,1829.2,1831.4,40.74,RED,28-09-2026 09:40:00 AM,28-09-2026 09:45:00 AM,1831.6,1833.7,1826.3,1826.3,39.62,GREEN,28-09-2026 09:45:00 AM,28-09-2026 09:50:00 AM,1825.3,1830.8,1825.2,1828.5,75.0
ITC-5m-2026-09-28T09:45:00+05:30-RED_TO_GREEN,2026-09-28T09:50:12.646857+05:30,28-09-2026 09:50:12 AM,ITC,ITC,5m,stock,N50 & N100,NIFTY 50; NIFTY 100; NIFTY 200,3 RED → GREEN,RED_TO_GREEN,R R R G,2026-09-28T09:45:00+05:30,28-09-2026 09:45:00 AM,2026-09-28T09:50:00+05:30,28-09-2026 09:50:00 AM,266.55,267.1,266.55,267.05,RED,28-09-2026 09:15:00 AM,28-09-2026 09:20:00 AM,269.3,269.3,267.65,267.8,10.0,RED,28-09-2026 09:20:00 AM,28-09-2026 09:25:00 AM,267.85,267.85,267.15,267.3,27.27,GREEN,28-09-2026 09:25:00 AM,28-09-2026 09:30:00 AM,267.3,267.4,267.15,267.35,400.0,RED,28-09-2026 09:30:00 AM,28-09-2026 09:35:00 AM,267.3,267.35,267.0,267.0,16.67,RED,28-09-2026 09:35:00 AM,28-09-2026 09:40:00 AM,267.15,267.25,266.95,267.1,500.0,RED,28-09-2026 09:40:00 AM,28-09-2026 09:45:00 AM,267.1,267.35,266.55,266.6,60.0,GREEN,28-09-2026 09:45:00 AM,28-09-2026 09:50:00 AM,266.55,267.1,266.55,267.05,10.0
HINDPETRO-5m-2026-09-28T09:45:00+05:30-RED_TO_GREEN,2026-09-28T09:50:12.619333+05:30,28-09-2026 09:50:12 AM,HINDPETRO,HINDPETRO,5m,stock,OTHER,,3 RED → GREEN,RED_TO_GREEN,R R R G,2026-09-28T09:45:00+05:30,28-09-2026 09:45:00 AM,2026-09-28T09:50:00+05:30,28-09-2026 09:50:00 AM,344.6,345.8,344.6,345.7,RED,28-09-2026 09:15:00 AM,28-09-2026 09:20:00 AM,348.2,348.25,347.1,347.4,43.75,RED,28-09-2026 09:20:00 AM,28-09-2026 09:25:00 AM,347.45,347.45,346.8,347.0,44.44,RED,28-09-2026 09:25:00 AM,28-09-2026 09:30:00 AM,347.0,347.0,346.0,346.4,66.67,RED,28-09-2026 09:30:00 AM,28-09-2026 09:35:00 AM,346.4,346.9,345.95,345.95,111.11,RED,28-09-2026 09:35:00 AM,28-09-2026 09:40:00 AM,345.95,345.95,344.5,344.6,7.41,RED,28-09-2026 09:40:00 AM,28-09-2026 09:45:00 AM,344.65,344.9,344.4,344.6,900.0,GREEN,28-09-2026 09:45:00 AM,28-09-2026 09:50:00 AM,344.6,345.8,344.6,345.7,9.09
HDFCLIFE-5m-2026-09-28T09:45:00+05:30-RED_TO_GREEN,2026-09-28T09:50:12.592148+05:30,28-09-2026 09:50:12 AM,HDFCLIFE,HDFCLIFE,5m,stock,N50 & N100,NIFTY 50; NIFTY 100; NIFTY 200,3 RED → GREEN,RED_TO_GREEN,R R R G,2026-09-28T09:45:00+05:30,28-09-2026 09:45:00 AM,2026-09-28T09:50:00+05:30,28-09-2026 09:50:00 AM,529.15,530.75,528.8,530.35,GREEN,28-09-2026 09:15:00 AM,28-09-2026 09:20:00 AM,527.2,530.8,526.2,530.7,31.43,GREEN,28-09-2026 09:20:00 AM,28-09-2026 09:25:00 AM,530.85,531.7,529.45,531.5,246.15,GREEN,28-09-2026 09:25:00 AM,28-09-2026 09:30:00 AM,531.25,532.7,531.25,531.95,107.14,RED,28-09-2026 09:30:00 AM,28-09-2026 09:35:00 AM,532.6,533.05,529.95,530.05,21.57,RED,28-09-2026 09:35:00 AM,28-09-2026 09:40:00 AM,529.8,530.5,528.45,529.6,925.0,RED,28-09-2026 09:40:00 AM,28-09-2026 09:45:00 AM,529.6,529.8,528.85,529.15,111.11,GREEN,28-09-2026 09:45:00 AM,28-09-2026 09:50:00 AM,529.15,530.75,528.8,530.35,62.5
GRASIM-5m-2026-09-28T09:45:00+05:30-RED_TO_GREEN,2026-09-28T09:50:12.556257+05:30,28-09-2026 09:50:12 AM,GRASIM,GRASIM,5m,stock,N50 & N100,NIFTY 50; NIFTY 100; NIFTY 200,3 RED → GREEN,RED_TO_GREEN,R R R G,2026-09-28T09:45:00+05:30,28-09-2026 09:45:00 AM,2026-09-28T09:50:00+05:30,28-09-2026 09:50:00 AM,3152.4,3157.9,3152.4,3157.9,RED,28-09-2026 09:15:00 AM,28-09-2026 09:20:00 AM,3161.1,3161.1,3149.9,3156.2,128.57,GREEN,28-09-2026 09:20:00 AM,28-09-2026 09:25:00 AM,3158.8,3166.6,3158.4,3163.9,60.78,RED,28-09-2026 09:25:00 AM,28-09-2026 09:30:00 AM,3163.5,3164.8,3160.6,3161.2,82.61,RED,28-09-2026 09:30:00 AM,28-09-2026 09:35:00 AM,3162.1,3165.0,3158.6,3158.6,82.86,RED,28-09-2026 09:35:00 AM,28-09-2026 09:40:00 AM,3159.0,3159.0,3154.5,3154.5,0.0,RED,28-09-2026 09:40:00 AM,28-09-2026 09:45:00 AM,3154.2,3156.4,3151.1,3151.4,89.29,GREEN,28-09-2026 09:45:00 AM,28-09-2026 09:50:00 AM,3152.4,3157.9,3152.4,3157.9,0.0
GODFRYPHLP-5m-2026-09-28T09:45:00+05:30-RED_TO_GREEN,2026-09-28T09:50:12.517382+05:30,28-09-2026 09:50:12 AM,GODFRYPHLP,GODFRYPHLP,5m,stock,OTHER,,3 RED → GREEN,RED_TO_GREEN,R R R G,2026-09-28T09:45:00+05:30,28-09-2026 09:45:00 AM,2026-09-28T09:50:00+05:30,28-09-2026 09:50:00 AM,1939.6,1944.0,1938.6,1943.8,RED,28-09-2026 09:15:00 AM,28-09-2026 09:20:00 AM,1969.4,1969.4,1939.5,1939.5,0.0,GREEN,28-09-2026 09:20:00 AM,28-09-2026 09:25:00 AM,1938.0,1941.6,1936.0,1940.9,93.1,GREEN,28-09-2026 09:25:00 AM,28-09-2026 09:30:00 AM,1940.0,1945.0,1938.5,1944.6,41.3,RED,28-09-2026 09:30:00 AM,28-09-2026 09:35:00 AM,1944.9,1945.4,1939.1,1942.8,200.0,RED,28-09-2026 09:35:00 AM,28-09-2026 09:40:00 AM,1943.8,1943.8,1938.0,1940.2,61.11,RED,28-09-2026 09:40:00 AM,28-09-2026 09:45:00 AM,1940.2,1943.2,1938.3,1939.0,308.33,GREEN,28-09-2026 09:45:00 AM,28-09-2026 09:50:00 AM,1939.6,1944.0,1938.6,1943.8,28.57
DLF-5m-2026-09-28T09:45:00+05:30-RED_TO_GREEN,2026-09-28T09:50:12.482645+05:30,28-09-2026 09:50:12 AM,DLF,DLF,5m,stock,N100,NIFTY 100; NIFTY 200,3 RED → GREEN,RED_TO_GREEN,R R R G,2026-09-28T09:45:00+05:30,28-09-2026 09:45:00 AM,2026-09-28T09:50:00+05:30,28-09-2026 09:50:00 AM,665.65,667.8,665.65,666.35,RED,28-09-2026 09:15:00 AM,28-09-2026 09:20:00 AM,675.6,675.6,671.7,671.7,0.0,RED,28-09-2026 09:20:00 AM,28-09-2026 09:25:00 AM,671.8,672.05,670.8,671.0,56.25,RED,28-09-2026 09:25:00 AM,28-09-2026 09:30:00 AM,671.45,671.45,668.75,668.75,0.0,RED,28-09-2026 09:30:00 AM,28-09-2026 09:35:00 AM,668.6,669.15,665.7,666.55,68.29,RED,28-09-2026 09:35:00 AM,28-09-2026 09:40:00 AM,666.95,666.95,665.95,666.2,33.33,RED,28-09-2026 09:40:00 AM,28-09-2026 09:45:00 AM,665.95,667.45,665.65,665.65,500.0,GREEN,28-09-2026 09:45:00 AM,28-09-2026 09:50:00 AM,665.65,667.8,665.65,666.35,207.14
CDSL-5m-2026-09-28T09:45:00+05:30-RED_TO_GREEN,2026-09-28T09:50:12.459529+05:30,28-09-2026 09:50:12 AM,CDSL,CDSL,5m,stock,OTHER,,3 RED → GREEN,RED_TO_GREEN,R R R G,2026-09-28T09:45:00+05:30,28-09-2026 09:45:00 AM,2026-09-28T09:50:00+05:30,28-09-2026 09:50:00 AM,1294.3,1299.4,1294.3,1298.5,RED,28-09-2026 09:15:00 AM,28-09-2026 09:20:00 AM,1317.0,1317.0,1306.6,1309.6,40.54,GREEN,28-09-2026 09:20:00 AM,28-09-2026 09:25:00 AM,1309.0,1312.0,1308.8,1309.9,255.56,RED,28-09-2026 09:25:00 AM,28-09-2026 09:30:00 AM,1310.0,1310.0,1305.0,1305.0,0.0,RED,28-09-2026 09:30:00 AM,28-09-2026 09:35:00 AM,1305.0,1305.8,1300.8,1301.9,61.29,RED,28-09-2026 09:35:00 AM,28-09-2026 09:40:00 AM,1301.9,1302.8,1295.4,1296.3,32.14,RED,28-09-2026 09:40:00 AM,28-09-2026 09:45:00 AM,1296.3,1299.4,1294.7,1294.8,213.33,GREEN,28-09-2026 09:45:00 AM,28-09-2026 09:50:00 AM,1294.3,1299.4,1294.3,1298.5,21.43
BANKBARODA-5m-2026-09-28T09:45:00+05:30-RED_TO_GREEN,2026-09-28T09:50:12.428283+05:30,28-09-2026 09:50:12 AM,BANKBARODA,BANKBARODA,5m,stock,N100,NIFTY 100; NIFTY 200,3 RED → GREEN,RED_TO_GREEN,R R R G,2026-09-28T09:45:00+05:30,28-09-2026 09:45:00 AM,2026-09-28T09:50:00+05:30,28-09-2026 09:50:00 AM,231.71,231.94,231.62,231.75,RED,28-09-2026 09:15:00 AM,28-09-2026 09:20:00 AM,234.94,234.94,232.91,232.94,1.5,RED,28-09-2026 09:20:00 AM,28-09-2026 09:25:00 AM,232.84,232.9,232.24,232.44,65.0,RED,28-09-2026 09:25:00 AM,28-09-2026 09:30:00 AM,232.4,232.46,232.29,232.39,1600.0,RED,28-09-2026 09:30:00 AM,28-09-2026 09:35:00 AM,232.39,232.39,232.03,232.03,0.0,RED,28-09-2026 09:35:00 AM,28-09-2026 09:40:00 AM,232.03,232.03,231.7,231.73,10.0,RED,28-09-2026 09:40:00 AM,28-09-2026 09:45:00 AM,231.72,232.08,231.6,231.71,4700.0,GREEN,28-09-2026 09:45:00 AM,28-09-2026 09:50:00 AM,231.71,231.94,231.62,231.75,700.0
BANKNIFTY-5m-2026-09-28T09:45:00+05:30-RED_TO_GREEN,2026-09-28T09:50:12.401548+05:30,28-09-2026 09:50:12 AM,BANKNIFTY,BANK NIFTY,5m,index,INDEX,NIFTY BANK,3 RED → GREEN,RED_TO_GREEN,R R R G,2026-09-28T09:45:00+05:30,28-09-2026 09:45:00 AM,2026-09-28T09:50:00+05:30,28-09-2026 09:50:00 AM,54707.8,54767.55,54705.55,54739.0,RED,28-09-2026 09:15:00 AM,28-09-2026 09:20:00 AM,55386.65,55386.65,54941.45,54942.0,0.12,RED,28-09-2026 09:20:00 AM,28-09-2026 09:25:00 AM,54941.4,54957.15,54870.45,54924.45,411.5,RED,28-09-2026 09:25:00 AM,28-09-2026 09:30:00 AM,54927.3,54930.35,54854.4,54906.3,261.67,RED,28-09-2026 09:30:00 AM,28-09-2026 09:35:00 AM,54906.3,54912.3,54800.5,54814.85,22.25,RED,28-09-2026 09:35:00 AM,28-09-2026 09:40:00 AM,54818.05,54820.55,54698.4,54716.05,19.75,RED,28-09-2026 09:40:00 AM,28-09-2026 09:45:00 AM,54717.55,54764.35,54698.7,54705.0,423.11,GREEN,28-09-2026 09:45:00 AM,28-09-2026 09:50:00 AM,54707.8,54767.55,54705.55,54739.0,98.72
NIFTY50-5m-2026-09-28T09:45:00+05:30-RED_TO_GREEN,2026-09-28T09:50:12.389010+05:30,28-09-2026 09:50:12 AM,NIFTY50,NIFTY 50,5m,index,INDEX,NIFTY 50; NIFTY 100; NIFTY 200,3 RED → GREEN,RED_TO_GREEN,R R R G,2026-09-28T09:45:00+05:30,28-09-2026 09:45:00 AM,2026-09-28T09:50:00+05:30,28-09-2026 09:50:00 AM,22857.4,22878.6,22856.3,22873.85,RED,28-09-2026 09:15:00 AM,28-09-2026 09:20:00 AM,23064.9,23079.75,22946.95,22950.1,15.68,RED,28-09-2026 09:20:00 AM,28-09-2026 09:25:00 AM,22949.5,22951.8,22914.45,22926.65,63.46,RED,28-09-2026 09:25:00 AM,28-09-2026 09:30:00 AM,22926.5,22928.7,22905.25,22908.95,33.62,RED,28-09-2026 09:30:00 AM,28-09-2026 09:35:00 AM,22908.6,22912.1,22889.3,22893.4,50.0,RED,28-09-2026 09:35:00 AM,28-09-2026 09:40:00 AM,22893.25,22895.75,22856.05,22861.55,25.24,RED,28-09-2026 09:40:00 AM,28-09-2026 09:45:00 AM,22861.45,22873.7,22855.45,22856.45,265.0,GREEN,28-09-2026 09:45:00 AM,28-09-2026 09:50:00 AM,22857.4,22878.6,22856.3,22873.85,35.56
SUNPHARMA-5m-2026-09-28T09:40:00+05:30-RED_TO_GREEN,2026-09-28T09:45:24.078249+05:30,28-09-2026 09:45:24 AM,SUNPHARMA,SUNPHARMA,5m,stock,N50 & N100,NIFTY 50; NIFTY 100; NIFTY 200,3 RED → GREEN,RED_TO_GREEN,R R R G,2026-09-28T09:40:00+05:30,28-09-2026 09:40:00 AM,2026-09-28T09:45:00+05:30,28-09-2026 09:45:00 AM,1844.1,1846.6,1843.0,1845.0,RED,25-09-2026 03:15:00 PM,25-09-2026 03:20:00 PM,1855.9,1855.9,1852.2,1852.2,0.0,RED,28-09-2026 09:15:00 AM,28-09-2026 09:20:00 AM,1849.7,1855.0,1843.5,1844.4,116.98,GREEN,28-09-2026 09:20:00 AM,28-09-2026 09:25:00 AM,1845.2,1849.3,1844.6,1847.7,88.0,RED,28-09-2026 09:25:00 AM,28-09-2026 09:30:00 AM,1849.0,1849.5,1847.4,1847.4,31.25,RED,28-09-2026 09:30:00 AM,28-09-2026 09:35:00 AM,1848.3,1848.7,1845.9,1846.8,86.67,RED,28-09-2026 09:35:00 AM,28-09-2026 09:40:00 AM,1846.3,1847.4,1843.1,1844.1,95.45,GREEN,28-09-2026 09:40:00 AM,28-09-2026 09:45:00 AM,1844.1,1846.6,1843.0,1845.0,300.0
SIEMENS-5m-2026-09-28T09:40:00+05:30-RED_TO_GREEN,2026-09-28T09:45:24.041623+05:30,28-09-2026 09:45:24 AM,SIEMENS,SIEMENS,5m,stock,N100,NIFTY 100; NIFTY 200,3 RED → GREEN,RED_TO_GREEN,R R R G,2026-09-28T09:40:00+05:30,28-09-2026 09:40:00 AM,2026-09-28T09:45:00+05:30,28-09-2026 09:45:00 AM,3799.3,3805.4,3792.1,3804.1,GREEN,25-09-2026 03:10:00 PM,25-09-2026 03:15:00 PM,3871.9,3877.0,3863.0,3877.0,174.51,RED,28-09-2026 09:15:00 AM,28-09-2026 09:20:00 AM,3862.3,3862.3,3820.0,3822.6,6.55,RED,28-09-2026 09:20:00 AM,28-09-2026 09:25:00 AM,3820.0,3820.4,3812.0,3814.4,50.0,RED,28-09-2026 09:25:00 AM,28-09-2026 09:30:00 AM,3816.3,3819.5,3812.5,3813.5,150.0,RED,28-09-2026 09:30:00 AM,28-09-2026 09:35:00 AM,3813.1,3819.9,3807.0,3807.6,134.55,RED,28-09-2026 09:35:00 AM,28-09-2026 09:40:00 AM,3807.8,3810.3,3799.3,3799.3,29.41,GREEN,28-09-2026 09:40:00 AM,28-09-2026 09:45:00 AM,3799.3,3805.4,3792.1,3804.1,177.08
SHRIRAMFIN-5m-2026-09-28T09:40:00+05:30-RED_TO_GREEN,2026-09-28T09:45:24.008953+05:30,28-09-2026 09:45:24 AM,SHRIRAMFIN,SHRIRAMFIN,5m,stock,N50 & N100,NIFTY 50; NIFTY 100; NIFTY 200,3 RED → GREEN,RED_TO_GREEN,R R R G,2026-09-28T09:40:00+05:30,28-09-2026 09:40:00 AM,2026-09-28T09:45:00+05:30,28-09-2026 09:45:00 AM,976.2,979.8,975.5,978.5,GREEN,25-09-2026 03:15:00 PM,25-09-2026 03:20:00 PM,990.7,994.1,990.7,994.1,0.0,RED,28-09-2026 09:15:00 AM,28-09-2026 09:20:00 AM,991.3,991.3,979.3,983.3,50.0,RED,28-09-2026 09:20:00 AM,28-09-2026 09:25:00 AM,982.6,982.7,980.7,981.0,25.0,RED,28-09-2026 09:25:00 AM,28-09-2026 09:30:00 AM,980.0,980.3,978.8,978.9,36.36,RED,28-09-2026 09:30:00 AM,28-09-2026 09:35:00 AM,978.9,979.5,976.5,976.7,36.36,RED,28-09-2026 09:35:00 AM,28-09-2026 09:40:00 AM,977.2,977.2,975.6,976.5,128.57,GREEN,28-09-2026 09:40:00 AM,28-09-2026 09:45:00 AM,976.2,979.8,975.5,978.5,86.96
SAIL-5m-2026-09-28T09:40:00+05:30-RED_TO_GREEN,2026-09-28T09:45:23.975007+05:30,28-09-2026 09:45:23 AM,SAIL,SAIL,5m,stock,OTHER,,3 RED → GREEN,RED_TO_GREEN,R R R G,2026-09-28T09:40:00+05:30,28-09-2026 09:40:00 AM,2026-09-28T09:45:00+05:30,28-09-2026 09:45:00 AM,183.08,183.65,182.76,183.57,GREEN,25-09-2026 03:15:00 PM,25-09-2026 03:20:00 PM,184.85,185.0,184.85,185.0,0.0,RED,28-09-2026 09:15:00 AM,28-09-2026 09:20:00 AM,185.19,185.87,183.55,183.77,63.38,RED,28-09-2026 09:20:00 AM,28-09-2026 09:25:00 AM,183.7,184.09,183.6,183.6,390.0,RED,28-09-2026 09:25:00 AM,28-09-2026 09:30:00 AM,183.7,183.72,183.32,183.59,263.64,RED,28-09-2026 09:30:00 AM,28-09-2026 09:35:00 AM,183.58,183.58,183.24,183.29,17.24,RED,28-09-2026 09:35:00 AM,28-09-2026 09:40:00 AM,183.29,183.37,182.94,183.09,115.0,GREEN,28-09-2026 09:40:00 AM,28-09-2026 09:45:00 AM,183.08,183.65,182.76,183.57,81.63
PNB-5m-2026-09-28T09:40:00+05:30-RED_TO_GREEN,2026-09-28T09:45:23.943847+05:30,28-09-2026 09:45:23 AM,PNB,PNB,5m,stock,N100,NIFTY 100; NIFTY 200,3 RED → GREEN,RED_TO_GREEN,R R R G,2026-09-28T09:40:00+05:30,28-09-2026 09:40:00 AM,2026-09-28T09:45:00+05:30,28-09-2026 09:45:00 AM,114.35,114.61,114.31,114.42,GREEN,25-09-2026 03:15:00 PM,25-09-2026 03:20:00 PM,116.25,116.6,116.25,116.6,0.0,RED,28-09-2026 09:15:00 AM,28-09-2026 09:20:00 AM,116.39,116.39,115.21,115.21,0.0,RED,28-09-2026 09:20:00 AM,28-09-2026 09:25:00 AM,115.16,115.19,114.97,115.07,144.44,RED,28-09-2026 09:25:00 AM,28-09-2026 09:30:00 AM,115.09,115.09,114.96,115.01,62.5,RED,28-09-2026 09:30:00 AM,28-09-2026 09:35:00 AM,115.01,115.01,114.66,114.71,16.67,RED,28-09-2026 09:35:00 AM,28-09-2026 09:40:00 AM,114.65,114.65,114.31,114.31,0.0,GREEN,28-09-2026 09:40:00 AM,28-09-2026 09:45:00 AM,114.35,114.61,114.31,114.42,328.57
ONGC-5m-2026-09-28T09:40:00+05:30-GREEN_TO_RED,2026-09-28T09:45:23.917622+05:30,28-09-2026 09:45:23 AM,ONGC,ONGC,5m,stock,N50 & N100,NIFTY 50; NIFTY 100; NIFTY 200,3 GREEN → RED,GREEN_TO_RED,G G G R,2026-09-28T09:40:00+05:30,28-09-2026 09:40:00 AM,2026-09-28T09:45:00+05:30,28-09-2026 09:45:00 AM,234.08,234.08,233.7,233.86,GREEN,25-09-2026 03:15:00 PM,25-09-2026 03:20:00 PM,235.25,235.86,235.25,235.86,0.0,RED,28-09-2026 09:15:00 AM,28-09-2026 09:20:00 AM,235.5,235.5,234.13,234.22,7.03,RED,28-09-2026 09:20:00 AM,28-09-2026 09:25:00 AM,234.05,234.05,233.23,233.4,26.15,GREEN,28-09-2026 09:25:00 AM,28-09-2026 09:30:00 AM,233.4,233.91,233.31,233.91,17.65,GREEN,28-09-2026 09:30:00 AM,28-09-2026 09:35:00 AM,233.91,234.13,233.77,234.01,260.0,GREEN,28-09-2026 09:35:00 AM,28-09-2026 09:40:00 AM,233.95,234.64,233.87,234.18,234.78,RED,28-09-2026 09:40:00 AM,28-09-2026 09:45:00 AM,234.08,234.08,233.7,233.86,72.73
NMDC-5m-2026-09-28T09:40:00+05:30-RED_TO_GREEN,2026-09-28T09:45:23.886313+05:30,28-09-2026 09:45:23 AM,NMDC,NMDC,5m,stock,OTHER,,3 RED → GREEN,RED_TO_GREEN,R R R G,2026-09-28T09:40:00+05:30,28-09-2026 09:40:00 AM,2026-09-28T09:45:00+05:30,28-09-2026 09:45:00 AM,79.08,79.26,78.95,79.21,GREEN,25-09-2026 03:15:00 PM,25-09-2026 03:20:00 PM,79.75,79.9,79.75,79.9,0.0,RED,28-09-2026 09:15:00 AM,28-09-2026 09:20:00 AM,80.52,80.8,80.13,80.18,97.06,RED,28-09-2026 09:20:00 AM,28-09-2026 09:25:00 AM,80.14,80.17,79.96,79.99,40.0,RED,28-09-2026 09:25:00 AM,28-09-2026 09:30:00 AM,79.99,79.99,79.39,79.46,13.21,RED,28-09-2026 09:30:00 AM,28-09-2026 09:35:00 AM,79.5,79.5,79.27,79.29,9.52,RED,28-09-2026 09:35:00 AM,28-09-2026 09:40:00 AM,79.31,79.31,79.1,79.13,16.67,GREEN,28-09-2026 09:40:00 AM,28-09-2026 09:45:00 AM,79.08,79.26,78.95,79.21,138.46
M&M-5m-2026-09-28T09:40:00+05:30-RED_TO_GREEN,2026-09-28T09:45:23.854442+05:30,28-09-2026 09:45:23 AM,M&M,M&M,5m,stock,N50 & N100,NIFTY 50; NIFTY 100; NIFTY 200,3 RED → GREEN,RED_TO_GREEN,R R R G,2026-09-28T09:40:00+05:30,28-09-2026 09:40:00 AM,2026-09-28T09:45:00+05:30,28-09-2026 09:45:00 AM,2987.6,2994.8,2987.5,2992.3,GREEN,25-09-2026 03:10:00 PM,25-09-2026 03:15:00 PM,3033.6,3035.0,3030.0,3035.0,257.14,RED,28-09-2026 09:15:00 AM,28-09-2026 09:20:00 AM,3017.6,3019.7,3001.1,3004.2,38.81,RED,28-09-2026 09:20:00 AM,28-09-2026 09:25:00 AM,3004.0,3004.0,2996.3,2998.0,28.33,RED,28-09-2026 09:25:00 AM,28-09-2026 09:30:00 AM,2997.6,2997.6,2990.9,2991.4,8.06,RED,28-09-2026 09:30:00 AM,28-09-2026 09:35:00 AM,2992.4,2993.9,2990.7,2990.7,88.24,RED,28-09-2026 09:35:00 AM,28-09-2026 09:40:00 AM,2990.9,2991.0,2986.3,2988.1,67.86,GREEN,28-09-2026 09:40:00 AM,28-09-2026 09:45:00 AM,2987.6,2994.8,2987.5,2992.3,55.32
LUPIN-5m-2026-09-28T09:40:00+05:30-RED_TO_GREEN,2026-09-28T09:45:23.828372+05:30,28-09-2026 09:45:23 AM,LUPIN,LUPIN,5m,stock,OTHER,,3 RED → GREEN,RED_TO_GREEN,R R R G,2026-09-28T09:40:00+05:30,28-09-2026 09:40:00 AM,2026-09-28T09:45:00+05:30,28-09-2026 09:45:00 AM,2079.3,2083.8,2077.9,2082.8,GREEN,25-09-2026 03:15:00 PM,25-09-2026 03:20:00 PM,2085.5,2092.0,2085.5,2092.0,0.0,RED,28-09-2026 09:15:00 AM,28-09-2026 09:20:00 AM,2087.9,2096.0,2079.6,2083.1,241.67,GREEN,28-09-2026 09:20:00 AM,28-09-2026 09:25:00 AM,2083.0,2087.9,2081.6,2085.5,152.0,RED,28-09-2026 09:25:00 AM,28-09-2026 09:30:00 AM,2085.0,2089.4,2083.8,2083.9,409.09,RED,28-09-2026 09:30:00 AM,28-09-2026 09:35:00 AM,2083.9,2086.4,2082.0,2083.0,388.89,RED,28-09-2026 09:35:00 AM,28-09-2026 09:40:00 AM,2082.4,2083.2,2078.6,2078.6,21.05,GREEN,28-09-2026 09:40:00 AM,28-09-2026 09:45:00 AM,2079.3,2083.8,2077.9,2082.8,68.57
LT-5m-2026-09-28T09:40:00+05:30-RED_TO_GREEN,2026-09-28T09:45:23.814406+05:30,28-09-2026 09:45:23 AM,LT,LT,5m,stock,N50 & N100,NIFTY 50; NIFTY 100; NIFTY 200,3 RED → GREEN,RED_TO_GREEN,R R R G,2026-09-28T09:40:00+05:30,28-09-2026 09:40:00 AM,2026-09-28T09:45:00+05:30,28-09-2026 09:45:00 AM,3827.2,3835.0,3825.5,3832.7,GREEN,25-09-2026 03:10:00 PM,25-09-2026 03:15:00 PM,3870.2,3879.0,3870.2,3876.2,46.67,RED,28-09-2026 09:15:00 AM,28-09-2026 09:20:00 AM,3848.0,3855.9,3839.6,3846.7,1153.85,RED,28-09-2026 09:20:00 AM,28-09-2026 09:25:00 AM,3846.7,3847.2,3835.2,3837.6,31.87,RED,28-09-2026 09:25:00 AM,28-09-2026 09:30:00 AM,3834.1,3835.0,3829.4,3830.4,51.35,RED,28-09-2026 09:30:00 AM,28-09-2026 09:35:00 AM,3831.0,3831.7,3828.0,3828.6,54.17,RED,28-09-2026 09:35:00 AM,28-09-2026 09:40:00 AM,3829.0,3830.4,3824.3,3825.5,74.29,GREEN,28-09-2026 09:40:00 AM,28-09-2026 09:45:00 AM,3827.2,3835.0,3825.5,3832.7,72.73
JSWSTEEL-5m-2026-09-28T09:40:00+05:30-RED_TO_GREEN,2026-09-28T09:45:23.799518+05:30,28-09-2026 09:45:23 AM,JSWSTEEL,JSWSTEEL,5m,stock,N50 & N100,NIFTY 50; NIFTY 100; NIFTY 200,3 RED → GREEN,RED_TO_GREEN,R R R G,2026-09-28T09:40:00+05:30,28-09-2026 09:40:00 AM,2026-09-28T09:45:00+05:30,28-09-2026 09:45:00 AM,1263.7,1268.3,1263.3,1268.0,GREEN,25-09-2026 03:15:00 PM,25-09-2026 03:20:00 PM,1270.6,1277.0,1270.6,1277.0,0.0,RED,28-09-2026 09:15:00 AM,28-09-2026 09:20:00 AM,1276.6,1276.6,1266.1,1269.7,52.17,RED,28-09-2026 09:20:00 AM,28-09-2026 09:25:00 AM,1269.1,1269.9,1266.9,1267.1,50.0,RED,28-09-2026 09:25:00 AM,28-09-2026 09:30:00 AM,1267.0,1267.8,1265.8,1265.8,66.67,RED,28-09-2026 09:30:00 AM,28-09-2026 09:35:00 AM,1266.3,1267.0,1265.1,1265.3,90.0,RED,28-09-2026 09:35:00 AM,28-09-2026 09:40:00 AM,1265.6,1265.6,1261.5,1263.3,78.26,GREEN,28-09-2026 09:40:00 AM,28-09-2026 09:45:00 AM,1263.7,1268.3,1263.3,1268.0,16.28
JIOFIN-5m-2026-09-28T09:40:00+05:30-RED_TO_GREEN,2026-09-28T09:45:23.783516+05:30,28-09-2026 09:45:23 AM,JIOFIN,JIOFIN,5m,stock,N50 & N100,NIFTY 50; NIFTY 100; NIFTY 200,3 RED → GREEN,RED_TO_GREEN,R R R G,2026-09-28T09:40:00+05:30,28-09-2026 09:40:00 AM,2026-09-28T09:45:00+05:30,28-09-2026 09:45:00 AM,223.05,223.76,223.0,223.59,GREEN,25-09-2026 03:15:00 PM,25-09-2026 03:20:00 PM,226.88,227.0,226.88,227.0,0.0,RED,28-09-2026 09:15:00 AM,28-09-2026 09:20:00 AM,226.8,226.8,225.17,225.17,0.0,RED,28-09-2026 09:20:00 AM,28-09-2026 09:25:00 AM,225.13,225.13,224.88,224.89,4.17,RED,28-09-2026 09:25:00 AM,28-09-2026 09:30:00 AM,224.84,224.84,224.19,224.2,1.56,RED,28-09-2026 09:30:00 AM,28-09-2026 09:35:00 AM,224.2,224.25,223.79,223.85,31.43,RED,28-09-2026 09:35:00 AM,28-09-2026 09:40:00 AM,223.9,223.93,222.6,223.05,56.47,GREEN,28-09-2026 09:40:00 AM,28-09-2026 09:45:00 AM,223.05,223.76,223.0,223.59,40.74
ICICIBANK-5m-2026-09-28T09:40:00+05:30-RED_TO_GREEN,2026-09-28T09:45:23.768170+05:30,28-09-2026 09:45:23 AM,ICICIBANK,ICICIBANK,5m,stock,N50 & N100,NIFTY 50; NIFTY 100; NIFTY 200,3 RED → GREEN,RED_TO_GREEN,R R R G,2026-09-28T09:40:00+05:30,28-09-2026 09:40:00 AM,2026-09-28T09:45:00+05:30,28-09-2026 09:45:00 AM,1307.1,1309.7,1307.1,1308.8,RED,25-09-2026 03:15:00 PM,25-09-2026 03:20:00 PM,1327.7,1327.7,1326.8,1326.8,0.0,RED,28-09-2026 09:15:00 AM,28-09-2026 09:20:00 AM,1322.0,1322.0,1312.6,1315.0,34.29,RED,28-09-2026 09:20:00 AM,28-09-2026 09:25:00 AM,1316.0,1316.0,1313.9,1314.6,50.0,RED,28-09-2026 09:25:00 AM,28-09-2026 09:30:00 AM,1314.6,1314.6,1312.3,1312.5,9.52,RED,28-09-2026 09:30:00 AM,28-09-2026 09:35:00 AM,1312.6,1312.6,1309.2,1309.8,21.43,RED,28-09-2026 09:35:00 AM,28-09-2026 09:40:00 AM,1309.8,1309.8,1306.5,1306.9,13.79,GREEN,28-09-2026 09:40:00 AM,28-09-2026 09:45:00 AM,1307.1,1309.7,1307.1,1308.8,52.94
HINDUNILVR-5m-2026-09-28T09:40:00+05:30-RED_TO_GREEN,2026-09-28T09:45:23.751765+05:30,28-09-2026 09:45:23 AM,HINDUNILVR,HINDUNILVR,5m,stock,N50 & N100,NIFTY 50; NIFTY 100; NIFTY 200,3 RED → GREEN,RED_TO_GREEN,R R R G,2026-09-28T09:40:00+05:30,28-09-2026 09:40:00 AM,2026-09-28T09:45:00+05:30,28-09-2026 09:45:00 AM,1908.7,1910.0,1908.5,1909.7,GREEN,25-09-2026 03:15:00 PM,25-09-2026 03:20:00 PM,1935.0,1942.9,1935.0,1942.9,0.0,RED,28-09-2026 09:15:00 AM,28-09-2026 09:20:00 AM,1933.2,1933.2,1916.4,1916.7,1.82,RED,28-09-2026 09:20:00 AM,28-09-2026 09:25:00 AM,1917.3,1917.5,1913.4,1915.8,173.33,RED,28-09-2026 09:25:00 AM,28-09-2026 09:30:00 AM,1915.3,1915.3,1913.8,1914.5,87.5,RED,28-09-2026 09:30:00 AM,28-09-2026 09:35:00 AM,1914.5,1914.5,1909.9,1910.1,4.55,RED,28-09-2026 09:35:00 AM,28-09-2026 09:40:00 AM,1909.6,1910.3,1907.8,1908.7,177.78,GREEN,28-09-2026 09:40:00 AM,28-09-2026 09:45:00 AM,1908.7,1910.0,1908.5,1909.7,50.0
HINDALCO-5m-2026-09-28T09:40:00+05:30-RED_TO_GREEN,2026-09-28T09:45:23.727743+05:30,28-09-2026 09:45:23 AM,HINDALCO,HINDALCO,5m,stock,N50 & N100,NIFTY 50; NIFTY 100; NIFTY 200,3 RED → GREEN,RED_TO_GREEN,R R R G,2026-09-28T09:40:00+05:30,28-09-2026 09:40:00 AM,2026-09-28T09:45:00+05:30,28-09-2026 09:45:00 AM,951.9,956.8,951.2,954.9,RED,25-09-2026 03:15:00 PM,25-09-2026 03:20:00 PM,977.7,977.7,977.0,977.0,0.0,RED,28-09-2026 09:15:00 AM,28-09-2026 09:20:00 AM,966.6,966.6,957.2,958.5,16.05,RED,28-09-2026 09:20:00 AM,28-09-2026 09:25:00 AM,958.5,958.9,954.7,955.0,20.0,RED,28-09-2026 09:25:00 AM,28-09-2026 09:30:00 AM,954.7,956.4,953.5,954.6,2800.0,RED,28-09-2026 09:30:00 AM,28-09-2026 09:35:00 AM,954.5,954.9,952.1,953.4,154.55,RED,28-09-2026 09:35:00 AM,28-09-2026 09:40:00 AM,954.2,954.4,951.7,952.5,58.82,GREEN,28-09-2026 09:40:00 AM,28-09-2026 09:45:00 AM,951.9,956.8,951.2,954.9,86.67
HEROMOTOCO-5m-2026-09-28T09:40:00+05:30-RED_TO_GREEN,2026-09-28T09:45:23.697959+05:30,28-09-2026 09:45:23 AM,HEROMOTOCO,HEROMOTOCO,5m,stock,N50 & N100,NIFTY 50; NIFTY 100; NIFTY 200,3 RED → GREEN,RED_TO_GREEN,R R R G,2026-09-28T09:40:00+05:30,28-09-2026 09:40:00 AM,2026-09-28T09:45:00+05:30,28-09-2026 09:45:00 AM,5340.5,5354.5,5340.0,5347.0,GREEN,25-09-2026 03:15:00 PM,25-09-2026 03:20:00 PM,5357.0,5360.0,5357.0,5360.0,0.0,RED,28-09-2026 09:15:00 AM,28-09-2026 09:20:00 AM,5353.0,5373.0,5330.0,5352.0,4200.0,RED,28-09-2026 09:20:00 AM,28-09-2026 09:25:00 AM,5350.5,5351.0,5337.0,5345.0,154.55,RED,28-09-2026 09:25:00 AM,28-09-2026 09:30:00 AM,5342.5,5342.5,5335.0,5341.0,400.0,RED,28-09-2026 09:30:00 AM,28-09-2026 09:35:00 AM,5343.0,5344.5,5336.5,5342.0,700.0,RED,28-09-2026 09:35:00 AM,28-09-2026 09:40:00 AM,5343.0,5344.5,5335.5,5340.0,200.0,GREEN,28-09-2026 09:40:00 AM,28-09-2026 09:45:00 AM,5340.5,5354.5,5340.0,5347.0,123.08
EICHERMOT-5m-2026-09-28T09:40:00+05:30-RED_TO_GREEN,2026-09-28T09:45:23.681346+05:30,28-09-2026 09:45:23 AM,EICHERMOT,EICHERMOT,5m,stock,N50 & N100,NIFTY 50; NIFTY 100; NIFTY 200,3 RED → GREEN,RED_TO_GREEN,R R R G,2026-09-28T09:40:00+05:30,28-09-2026 09:40:00 AM,2026-09-28T09:45:00+05:30,28-09-2026 09:45:00 AM,7276.0,7290.5,7274.5,7284.0,GREEN,25-09-2026 03:15:00 PM,25-09-2026 03:20:00 PM,7357.5,7360.0,7357.5,7360.0,0.0,RED,28-09-2026 09:15:00 AM,28-09-2026 09:20:00 AM,7309.5,7316.5,7289.0,7306.5,816.67,RED,28-09-2026 09:20:00 AM,28-09-2026 09:25:00 AM,7305.0,7306.0,7287.0,7293.0,58.33,RED,28-09-2026 09:25:00 AM,28-09-2026 09:30:00 AM,7290.5,7290.5,7282.0,7289.5,750.0,RED,28-09-2026 09:30:00 AM,28-09-2026 09:35:00 AM,7291.5,7291.5,7276.5,7279.5,25.0,RED,28-09-2026 09:35:00 AM,28-09-2026 09:40:00 AM,7281.5,7283.5,7271.0,7275.0,92.31,GREEN,28-09-2026 09:40:00 AM,28-09-2026 09:45:00 AM,7276.0,7290.5,7274.5,7284.0,100.0
CANBK-5m-2026-09-28T09:40:00+05:30-RED_TO_GREEN,2026-09-28T09:45:23.654720+05:30,28-09-2026 09:45:23 AM,CANBK,CANBK,5m,stock,N100,NIFTY 100; NIFTY 200,3 RED → GREEN,RED_TO_GREEN,R R R G,2026-09-28T09:40:00+05:30,28-09-2026 09:40:00 AM,2026-09-28T09:45:00+05:30,28-09-2026 09:45:00 AM,122.3,122.65,122.3,122.55,GREEN,25-09-2026 03:15:00 PM,25-09-2026 03:20:00 PM,124.9,124.99,124.9,124.99,0.0,RED,28-09-2026 09:15:00 AM,28-09-2026 09:20:00 AM,124.31,124.31,123.31,123.31,0.0,GREEN,28-09-2026 09:20:00 AM,28-09-2026 09:25:00 AM,123.25,123.33,123.07,123.28,766.67,RED,28-09-2026 09:25:00 AM,28-09-2026 09:30:00 AM,123.23,123.23,122.99,122.99,0.0,RED,28-09-2026 09:30:00 AM,28-09-2026 09:35:00 AM,122.95,123.01,122.65,122.68,33.33,RED,28-09-2026 09:35:00 AM,28-09-2026 09:40:00 AM,122.69,122.69,122.3,122.3,0.0,GREEN,28-09-2026 09:40:00 AM,28-09-2026 09:45:00 AM,122.3,122.65,122.3,122.55,40.0
BIOCON-5m-2026-09-28T09:40:00+05:30-RED_TO_GREEN,2026-09-28T09:45:23.635804+05:30,28-09-2026 09:45:23 AM,BIOCON,BIOCON,5m,stock,OTHER,,3 RED → GREEN,RED_TO_GREEN,R R R G,2026-09-28T09:40:00+05:30,28-09-2026 09:40:00 AM,2026-09-28T09:45:00+05:30,28-09-2026 09:45:00 AM,375.4,376.3,375.1,375.95,GREEN,25-09-2026 03:15:00 PM,25-09-2026 03:20:00 PM,381.0,382.15,381.0,382.15,0.0,RED,28-09-2026 09:15:00 AM,28-09-2026 09:20:00 AM,381.1,381.1,377.75,377.9,4.69,RED,28-09-2026 09:20:00 AM,28-09-2026 09:25:00 AM,377.8,377.8,376.85,377.25,72.73,RED,28-09-2026 09:25:00 AM,28-09-2026 09:30:00 AM,377.6,377.6,376.5,376.5,0.0,RED,28-09-2026 09:30:00 AM,28-09-2026 09:35:00 AM,376.65,376.7,376.1,376.15,20.0,RED,28-09-2026 09:35:00 AM,28-09-2026 09:40:00 AM,376.15,376.25,375.5,375.5,15.38,GREEN,28-09-2026 09:40:00 AM,28-09-2026 09:45:00 AM,375.4,376.3,375.1,375.95,118.18
BHARTIARTL-5m-2026-09-28T09:40:00+05:30-RED_TO_GREEN,2026-09-28T09:45:23.604086+05:30,28-09-2026 09:45:23 AM,BHARTIARTL,BHARTIARTL,5m,stock,N50 & N100,NIFTY 50; NIFTY 100; NIFTY 200,3 RED → GREEN,RED_TO_GREEN,R R R G,2026-09-28T09:40:00+05:30,28-09-2026 09:40:00 AM,2026-09-28T09:45:00+05:30,28-09-2026 09:45:00 AM,1765.4,1768.4,1765.4,1768.4,RED,25-09-2026 03:15:00 PM,25-09-2026 03:20:00 PM,1789.0,1789.0,1785.4,1785.4,0.0,RED,28-09-2026 09:15:00 AM,28-09-2026 09:20:00 AM,1774.8,1775.1,1765.2,1769.5,86.79,GREEN,28-09-2026 09:20:00 AM,28-09-2026 09:25:00 AM,1769.6,1770.4,1766.0,1769.7,4300.0,RED,28-09-2026 09:25:00 AM,28-09-2026 09:30:00 AM,1769.7,1771.0,1768.7,1769.2,360.0,RED,28-09-2026 09:30:00 AM,28-09-2026 09:35:00 AM,1769.3,1769.3,1766.6,1766.7,3.85,RED,28-09-2026 09:35:00 AM,28-09-2026 09:40:00 AM,1766.6,1766.6,1763.7,1765.4,141.67,GREEN,28-09-2026 09:40:00 AM,28-09-2026 09:45:00 AM,1765.4,1768.4,1765.4,1768.4,0.0
BEL-5m-2026-09-28T09:40:00+05:30-RED_TO_GREEN,2026-09-28T09:45:23.571494+05:30,28-09-2026 09:45:23 AM,BEL,BEL,5m,stock,N50 & N100,NIFTY 50; NIFTY 100; NIFTY 200,3 RED → GREEN,RED_TO_GREEN,R R R G,2026-09-28T09:40:00+05:30,28-09-2026 09:40:00 AM,2026-09-28T09:45:00+05:30,28-09-2026 09:45:00 AM,387.45,388.0,387.1,388.0,GREEN,25-09-2026 03:15:00 PM,25-09-2026 03:20:00 PM,392.7,393.55,392.7,393.55,0.0,RED,28-09-2026 09:15:00 AM,28-09-2026 09:20:00 AM,393.0,393.1,388.5,388.5,2.22,RED,28-09-2026 09:20:00 AM,28-09-2026 09:25:00 AM,388.35,388.35,387.25,388.2,633.33,RED,28-09-2026 09:25:00 AM,28-09-2026 09:30:00 AM,388.2,388.2,387.8,388.0,100.0,RED,28-09-2026 09:30:00 AM,28-09-2026 09:35:00 AM,388.1,388.2,387.5,387.5,16.67,RED,28-09-2026 09:35:00 AM,28-09-2026 09:40:00 AM,387.5,387.5,387.1,387.45,700.0,GREEN,28-09-2026 09:40:00 AM,28-09-2026 09:45:00 AM,387.45,388.0,387.1,388.0,63.64
BAJAJFINSV-5m-2026-09-28T09:40:00+05:30-RED_TO_GREEN,2026-09-28T09:45:23.544257+05:30,28-09-2026 09:45:23 AM,BAJAJFINSV,BAJAJFINSV,5m,stock,N50 & N100,NIFTY 50; NIFTY 100; NIFTY 200,3 RED → GREEN,RED_TO_GREEN,R R R G,2026-09-28T09:40:00+05:30,28-09-2026 09:40:00 AM,2026-09-28T09:45:00+05:30,28-09-2026 09:45:00 AM,1741.6,1748.2,1740.6,1746.7,GREEN,25-09-2026 03:15:00 PM,25-09-2026 03:20:00 PM,1770.0,1771.0,1770.0,1771.0,0.0,RED,28-09-2026 09:15:00 AM,28-09-2026 09:20:00 AM,1768.8,1768.8,1750.0,1751.9,11.24,RED,28-09-2026 09:20:00 AM,28-09-2026 09:25:00 AM,1751.9,1752.4,1748.2,1748.4,20.0,RED,28-09-2026 09:25:00 AM,28-09-2026 09:30:00 AM,1747.4,1748.0,1744.4,1744.4,20.0,RED,28-09-2026 09:30:00 AM,28-09-2026 09:35:00 AM,1744.0,1745.0,1742.6,1743.0,140.0,RED,28-09-2026 09:35:00 AM,28-09-2026 09:40:00 AM,1744.0,1744.0,1739.7,1741.0,43.33,GREEN,28-09-2026 09:40:00 AM,28-09-2026 09:45:00 AM,1741.6,1748.2,1740.6,1746.7,49.02
AXISBANK-5m-2026-09-28T09:40:00+05:30-RED_TO_GREEN,2026-09-28T09:45:23.520973+05:30,28-09-2026 09:45:23 AM,AXISBANK,AXISBANK,5m,stock,N50 & N100,NIFTY 50; NIFTY 100; NIFTY 200,3 RED → GREEN,RED_TO_GREEN,R R R G,2026-09-28T09:40:00+05:30,28-09-2026 09:40:00 AM,2026-09-28T09:45:00+05:30,28-09-2026 09:45:00 AM,1210.1,1212.4,1210.1,1212.0,GREEN,25-09-2026 03:10:00 PM,25-09-2026 03:15:00 PM,1221.0,1222.4,1220.0,1222.4,71.43,GREEN,28-09-2026 09:15:00 AM,28-09-2026 09:20:00 AM,1210.2,1217.5,1210.2,1212.5,217.39,GREEN,28-09-2026 09:20:00 AM,28-09-2026 09:25:00 AM,1212.2,1217.4,1209.0,1215.2,180.0,RED,28-09-2026 09:25:00 AM,28-09-2026 09:30:00 AM,1215.2,1215.2,1211.4,1212.8,58.33,RED,28-09-2026 09:30:00 AM,28-09-2026 09:35:00 AM,1212.7,1213.0,1210.1,1210.6,38.1,RED,28-09-2026 09:35:00 AM,28-09-2026 09:40:00 AM,1211.0,1211.0,1208.1,1210.1,222.22,GREEN,28-09-2026 09:40:00 AM,28-09-2026 09:45:00 AM,1210.1,1212.4,1210.1,1212.0,21.05
ADANIPORTS-5m-2026-09-28T09:40:00+05:30-RED_TO_GREEN,2026-09-28T09:45:23.491829+05:30,28-09-2026 09:45:23 AM,ADANIPORTS,ADANIPORTS,5m,stock,N50 & N100,NIFTY 50; NIFTY 100; NIFTY 200,3 RED → GREEN,RED_TO_GREEN,R R R G,2026-09-28T09:40:00+05:30,28-09-2026 09:40:00 AM,2026-09-28T09:45:00+05:30,28-09-2026 09:45:00 AM,1768.3,1771.6,1768.2,1769.0,RED,25-09-2026 03:15:00 PM,25-09-2026 03:20:00 PM,1790.0,1790.0,1788.0,1788.0,0.0,RED,28-09-2026 09:15:00 AM,28-09-2026 09:20:00 AM,1791.8,1791.8,1777.4,1777.7,2.13,DOJI,28-09-2026 09:20:00 AM,28-09-2026 09:25:00 AM,1777.0,1777.6,1774.0,1777.0,,RED,28-09-2026 09:25:00 AM,28-09-2026 09:30:00 AM,1777.5,1777.7,1771.0,1773.1,52.27,RED,28-09-2026 09:30:00 AM,28-09-2026 09:35:00 AM,1773.4,1775.0,1769.0,1770.0,76.47,RED,28-09-2026 09:35:00 AM,28-09-2026 09:40:00 AM,1770.5,1770.5,1765.8,1768.6,147.37,GREEN,28-09-2026 09:40:00 AM,28-09-2026 09:45:00 AM,1768.3,1771.6,1768.2,1769.0,385.71
ABB-5m-2026-09-28T09:40:00+05:30-RED_TO_GREEN,2026-09-28T09:45:23.462385+05:30,28-09-2026 09:45:23 AM,ABB,ABB,5m,stock,N100,NIFTY 100; NIFTY 200,3 RED → GREEN,RED_TO_GREEN,R R R G,2026-09-28T09:40:00+05:30,28-09-2026 09:40:00 AM,2026-09-28T09:45:00+05:30,28-09-2026 09:45:00 AM,6919.0,6936.5,6911.0,6925.0,GREEN,25-09-2026 03:15:00 PM,25-09-2026 03:20:00 PM,7050.0,7052.5,7050.0,7052.5,0.0,RED,28-09-2026 09:15:00 AM,28-09-2026 09:20:00 AM,7027.0,7027.0,6950.0,6953.5,4.76,RED,28-09-2026 09:20:00 AM,28-09-2026 09:25:00 AM,6953.5,6959.0,6941.0,6949.0,300.0,RED,28-09-2026 09:25:00 AM,28-09-2026 09:30:00 AM,6946.0,6948.0,6933.0,6939.0,114.29,RED,28-09-2026 09:30:00 AM,28-09-2026 09:35:00 AM,6939.0,6948.5,6931.5,6933.0,183.33,RED,28-09-2026 09:35:00 AM,28-09-2026 09:40:00 AM,6940.0,6941.5,6918.5,6918.5,6.98,GREEN,28-09-2026 09:40:00 AM,28-09-2026 09:45:00 AM,6919.0,6936.5,6911.0,6925.0,325.0
ABCAPITAL-5m-2026-09-28T09:40:00+05:30-RED_TO_GREEN,2026-09-28T09:45:23.457001+05:30,28-09-2026 09:45:23 AM,ABCAPITAL,ABCAPITAL,5m,stock,OTHER,,3 RED → GREEN,RED_TO_GREEN,R R R G,2026-09-28T09:40:00+05:30,28-09-2026 09:40:00 AM,2026-09-28T09:45:00+05:30,28-09-2026 09:45:00 AM,381.25,382.25,381.25,381.95,RED,25-09-2026 03:15:00 PM,25-09-2026 03:20:00 PM,390.75,390.75,390.0,390.0,0.0,RED,28-09-2026 09:15:00 AM,28-09-2026 09:20:00 AM,388.7,388.7,382.9,384.0,23.4,RED,28-09-2026 09:20:00 AM,28-09-2026 09:25:00 AM,384.0,384.05,382.55,382.8,25.0,RED,28-09-2026 09:25:00 AM,28-09-2026 09:30:00 AM,382.6,382.8,382.0,382.2,100.0,RED,28-09-2026 09:30:00 AM,28-09-2026 09:35:00 AM,382.2,382.7,381.65,381.7,110.0,RED,28-09-2026 09:35:00 AM,28-09-2026 09:40:00 AM,381.55,381.55,380.8,381.2,114.29,GREEN,28-09-2026 09:40:00 AM,28-09-2026 09:45:00 AM,381.25,382.25,381.25,381.95,42.86
MOTILALOFS-5m-2026-09-28T09:35:00+05:30-RED_TO_GREEN,2026-09-28T09:40:22.420566+05:30,28-09-2026 09:40:22 AM,MOTILALOFS,MOTILALOFS,5m,stock,OTHER,,3 RED → GREEN,RED_TO_GREEN,R R R G,2026-09-28T09:35:00+05:30,28-09-2026 09:35:00 AM,2026-09-28T09:40:00+05:30,28-09-2026 09:40:00 AM,1001.9,1004.1,999.9,1003.4,GREEN,25-09-2026 03:10:00 PM,25-09-2026 03:15:00 PM,1031.7,1035.0,1031.5,1034.0,52.17,RED,25-09-2026 03:15:00 PM,25-09-2026 03:20:00 PM,1032.0,1032.0,1029.0,1029.0,0.0,RED,28-09-2026 09:15:00 AM,28-09-2026 09:20:00 AM,1027.0,1027.0,1011.1,1011.1,0.0,RED,28-09-2026 09:20:00 AM,28-09-2026 09:25:00 AM,1011.2,1012.4,1008.2,1008.8,75.0,RED,28-09-2026 09:25:00 AM,28-09-2026 09:30:00 AM,1008.0,1008.5,1004.5,1005.1,37.93,RED,28-09-2026 09:30:00 AM,28-09-2026 09:35:00 AM,1005.3,1006.8,1001.3,1002.6,103.7,GREEN,28-09-2026 09:35:00 AM,28-09-2026 09:40:00 AM,1001.9,1004.1,999.9,1003.4,180.0
MAXHEALTH-5m-2026-09-28T09:35:00+05:30-RED_TO_GREEN,2026-09-28T09:40:22.403069+05:30,28-09-2026 09:40:22 AM,MAXHEALTH,MAXHEALTH,5m,stock,OTHER,,3 RED → GREEN,RED_TO_GREEN,R R R G,2026-09-28T09:35:00+05:30,28-09-2026 09:35:00 AM,2026-09-28T09:40:00+05:30,28-09-2026 09:40:00 AM,992.0,992.8,989.5,992.2,GREEN,25-09-2026 03:05:00 PM,25-09-2026 03:10:00 PM,1013.3,1015.3,1013.0,1014.0,228.57,RED,25-09-2026 03:10:00 PM,25-09-2026 03:15:00 PM,1014.1,1016.0,1013.4,1014.0,2500.0,RED,28-09-2026 09:15:00 AM,28-09-2026 09:20:00 AM,1009.7,1010.8,998.1,998.5,13.39,RED,28-09-2026 09:20:00 AM,28-09-2026 09:25:00 AM,999.4,999.4,992.5,993.4,15.0,RED,28-09-2026 09:25:00 AM,28-09-2026 09:30:00 AM,993.5,994.5,991.5,992.5,200.0,RED,28-09-2026 09:30:00 AM,28-09-2026 09:35:00 AM,992.3,992.8,991.3,992.1,650.0,GREEN,28-09-2026 09:35:00 AM,28-09-2026 09:40:00 AM,992.0,992.8,989.5,992.2,1550.0
LTF-5m-2026-09-28T09:35:00+05:30-RED_TO_GREEN,2026-09-28T09:40:22.382090+05:30,28-09-2026 09:40:22 AM,LTF,LTF,5m,stock,OTHER,,3 RED → GREEN,RED_TO_GREEN,R R R G,2026-09-28T09:35:00+05:30,28-09-2026 09:35:00 AM,2026-09-28T09:40:00+05:30,28-09-2026 09:40:00 AM,278.55,279.2,278.0,278.75,GREEN,25-09-2026 03:10:00 PM,25-09-2026 03:15:00 PM,283.6,284.2,283.55,283.95,85.71,DOJI,25-09-2026 03:15:00 PM,25-09-2026 03:20:00 PM,284.0,284.0,284.0,284.0,,RED,28-09-2026 09:15:00 AM,28-09-2026 09:20:00 AM,283.0,283.0,280.45,280.45,0.0,RED,28-09-2026 09:20:00 AM,28-09-2026 09:25:00 AM,280.45,280.9,280.05,280.3,466.67,RED,28-09-2026 09:25:00 AM,28-09-2026 09:30:00 AM,280.25,280.25,279.15,279.3,15.79,RED,28-09-2026 09:30:00 AM,28-09-2026 09:35:00 AM,279.3,279.75,278.4,278.4,50.0,GREEN,28-09-2026 09:35:00 AM,28-09-2026 09:40:00 AM,278.55,279.2,278.0,278.75,500.0
CGPOWER-5m-2026-09-28T09:35:00+05:30-RED_TO_GREEN,2026-09-28T09:40:22.375677+05:30,28-09-2026 09:40:22 AM,CGPOWER,CGPOWER,5m,stock,N100,NIFTY 100; NIFTY 200,3 RED → GREEN,RED_TO_GREEN,R R R G,2026-09-28T09:35:00+05:30,28-09-2026 09:35:00 AM,2026-09-28T09:40:00+05:30,28-09-2026 09:40:00 AM,870.5,872.0,869.55,871.2,RED,25-09-2026 03:10:00 PM,25-09-2026 03:15:00 PM,886.05,886.9,886.0,886.0,1700.0,DOJI,25-09-2026 03:15:00 PM,25-09-2026 03:20:00 PM,886.0,886.0,886.0,886.0,,RED,28-09-2026 09:15:00 AM,28-09-2026 09:20:00 AM,882.8,882.8,874.0,874.1,1.15,RED,28-09-2026 09:20:00 AM,28-09-2026 09:25:00 AM,874.5,874.5,871.8,873.25,116.0,RED,28-09-2026 09:25:00 AM,28-09-2026 09:30:00 AM,872.55,873.3,871.1,871.9,238.46,RED,28-09-2026 09:30:00 AM,28-09-2026 09:35:00 AM,871.8,872.8,870.0,870.2,75.0,GREEN,28-09-2026 09:35:00 AM,28-09-2026 09:40:00 AM,870.5,872.0,869.55,871.2,250.0
TATASTEEL-5m-2026-09-28T09:35:00+05:30-RED_TO_GREEN,2026-09-28T09:40:04.464699+05:30,28-09-2026 09:40:04 AM,TATASTEEL,TATASTEEL,5m,stock,N50 & N100,NIFTY 50; NIFTY 100; NIFTY 200,3 RED → GREEN,RED_TO_GREEN,R R R G,2026-09-28T09:35:00+05:30,28-09-2026 09:35:00 AM,2026-09-28T09:40:00+05:30,28-09-2026 09:40:00 AM,186.17,186.45,185.8,186.45,RED,25-09-2026 03:05:00 PM,25-09-2026 03:10:00 PM,187.99,188.16,187.96,187.97,900.0,RED,25-09-2026 03:10:00 PM,25-09-2026 03:15:00 PM,188.01,188.31,187.66,187.97,1525.0,RED,28-09-2026 09:15:00 AM,28-09-2026 09:20:00 AM,187.6,188.58,186.88,187.41,794.74,RED,28-09-2026 09:20:00 AM,28-09-2026 09:25:00 AM,187.3,187.38,186.8,186.8,16.0,RED,28-09-2026 09:25:00 AM,28-09-2026 09:30:00 AM,186.8,186.8,186.4,186.5,33.33,RED,28-09-2026 09:30:00 AM,28-09-2026 09:35:00 AM,186.45,186.46,186.14,186.2,28.0,GREEN,28-09-2026 09:35:00 AM,28-09-2026 09:40:00 AM,186.17,186.45,185.8,186.45,132.14
TATAMOTORS-5m-2026-09-28T09:35:00+05:30-RED_TO_GREEN,2026-09-28T09:40:04.425777+05:30,28-09-2026 09:40:04 AM,TATAMOTORS,TATAMOTORS,5m,stock,N100,NIFTY 100; NIFTY 200,3 RED → GREEN,RED_TO_GREEN,R R R G,2026-09-28T09:35:00+05:30,28-09-2026 09:35:00 AM,2026-09-28T09:40:00+05:30,28-09-2026 09:40:00 AM,432.75,433.15,432.1,433.0,RED,25-09-2026 03:20:00 PM,25-09-2026 03:25:00 PM,442.3,442.45,440.0,440.15,13.95,GREEN,25-09-2026 03:25:00 PM,25-09-2026 03:30:00 PM,440.3,441.5,439.15,441.5,95.83,RED,28-09-2026 09:15:00 AM,28-09-2026 09:20:00 AM,441.0,441.0,433.65,433.7,0.68,RED,28-09-2026 09:20:00 AM,28-09-2026 09:25:00 AM,433.85,434.35,432.25,433.45,425.0,RED,28-09-2026 09:25:00 AM,28-09-2026 09:30:00 AM,433.65,433.95,432.9,433.05,75.0,RED,28-09-2026 09:30:00 AM,28-09-2026 09:35:00 AM,433.1,433.3,432.5,432.6,60.0,GREEN,28-09-2026 09:35:00 AM,28-09-2026 09:40:00 AM,432.75,433.15,432.1,433.0,320.0
TECHM-5m-2026-09-28T09:30:00+05:30-RED_TO_GREEN,2026-09-28T09:38:08.493571+05:30,28-09-2026 09:38:08 AM,TECHM,TECHM,5m,stock,N50 & N100,NIFTY 50; NIFTY 100; NIFTY 200,3 RED → GREEN,RED_TO_GREEN,R R R G,2026-09-28T09:30:00+05:30,28-09-2026 09:30:00 AM,2026-09-28T09:35:00+05:30,28-09-2026 09:35:00 AM,1543.5,1545.2,1543.5,1544.3,GREEN,25-09-2026 03:05:00 PM,25-09-2026 03:10:00 PM,1547.0,1549.5,1547.0,1549.5,0.0,GREEN,25-09-2026 03:10:00 PM,25-09-2026 03:15:00 PM,1549.5,1552.0,1548.1,1550.5,290.0,RED,25-09-2026 03:15:00 PM,25-09-2026 03:20:00 PM,1550.0,1550.0,1548.0,1548.0,0.0,RED,28-09-2026 09:15:00 AM,28-09-2026 09:20:00 AM,1550.5,1557.0,1545.1,1548.7,561.11,RED,28-09-2026 09:20:00 AM,28-09-2026 09:25:00 AM,1549.0,1549.0,1544.0,1546.3,85.19,RED,28-09-2026 09:25:00 AM,28-09-2026 09:30:00 AM,1545.3,1547.1,1542.7,1543.5,144.44,GREEN,28-09-2026 09:30:00 AM,28-09-2026 09:35:00 AM,1543.5,1545.2,1543.5,1544.3,112.5
TCS-5m-2026-09-28T09:30:00+05:30-RED_TO_GREEN,2026-09-28T09:38:08.451048+05:30,28-09-2026 09:38:08 AM,TCS,TCS,5m,stock,N50 & N100,NIFTY 50; NIFTY 100; NIFTY 200,3 RED → GREEN,RED_TO_GREEN,R R R G,2026-09-28T09:30:00+05:30,28-09-2026 09:30:00 AM,2026-09-28T09:35:00+05:30,28-09-2026 09:35:00 AM,2081.6,2087.1,2081.0,2086.6,GREEN,25-09-2026 03:05:00 PM,25-09-2026 03:10:00 PM,2074.0,2079.0,2073.2,2078.9,18.37,GREEN,25-09-2026 03:10:00 PM,25-09-2026 03:15:00 PM,2078.7,2081.0,2077.1,2081.0,69.57,GREEN,25-09-2026 03:15:00 PM,25-09-2026 03:20:00 PM,2080.5,2082.0,2080.5,2082.0,0.0,RED,28-09-2026 09:15:00 AM,28-09-2026 09:20:00 AM,2097.0,2098.9,2085.2,2093.2,260.53,RED,28-09-2026 09:20:00 AM,28-09-2026 09:25:00 AM,2093.5,2093.5,2083.3,2090.0,191.43,RED,28-09-2026 09:25:00 AM,28-09-2026 09:30:00 AM,2090.3,2091.4,2080.8,2082.6,37.66,GREEN,28-09-2026 09:30:00 AM,28-09-2026 09:35:00 AM,2081.6,2087.1,2081.0,2086.6,22.0
PERSISTENT-5m-2026-09-28T09:30:00+05:30-RED_TO_GREEN,2026-09-28T09:38:08.397874+05:30,28-09-2026 09:38:08 AM,PERSISTENT,PERSISTENT,5m,stock,OTHER,,3 RED → GREEN,RED_TO_GREEN,R R R G,2026-09-28T09:30:00+05:30,28-09-2026 09:30:00 AM,2026-09-28T09:35:00+05:30,28-09-2026 09:35:00 AM,5315.0,5335.0,5315.0,5329.0,RED,25-09-2026 03:00:00 PM,25-09-2026 03:05:00 PM,5355.5,5355.5,5347.5,5354.0,433.33,GREEN,25-09-2026 03:05:00 PM,25-09-2026 03:10:00 PM,5354.0,5359.0,5351.5,5356.5,200.0,GREEN,25-09-2026 03:10:00 PM,25-09-2026 03:15:00 PM,5356.5,5374.0,5356.5,5372.0,12.9,RED,28-09-2026 09:15:00 AM,28-09-2026 09:20:00 AM,5354.5,5374.5,5330.0,5336.0,140.54,RED,28-09-2026 09:20:00 AM,28-09-2026 09:25:00 AM,5336.5,5338.5,5314.0,5322.0,68.97,RED,28-09-2026 09:25:00 AM,28-09-2026 09:30:00 AM,5322.0,5323.0,5312.0,5315.5,69.23,GREEN,28-09-2026 09:30:00 AM,28-09-2026 09:35:00 AM,5315.0,5335.0,5315.0,5329.0,42.86
KOTAKBANK-5m-2026-09-28T09:30:00+05:30-RED_TO_GREEN,2026-09-28T09:38:08.313429+05:30,28-09-2026 09:38:08 AM,KOTAKBANK,KOTAKBANK,5m,stock,N50 & N100,NIFTY 50; NIFTY 100; NIFTY 200,3 RED → GREEN,RED_TO_GREEN,R R R G,2026-09-28T09:30:00+05:30,28-09-2026 09:30:00 AM,2026-09-28T09:35:00+05:30,28-09-2026 09:35:00 AM,396.9,397.45,396.65,397.1,GREEN,25-09-2026 03:00:00 PM,25-09-2026 03:05:00 PM,401.9,402.15,401.8,402.0,250.0,RED,25-09-2026 03:05:00 PM,25-09-2026 03:10:00 PM,401.95,402.0,401.55,401.85,350.0,GREEN,25-09-2026 03:10:00 PM,25-09-2026 03:15:00 PM,401.85,404.0,401.7,404.0,6.98,RED,28-09-2026 09:15:00 AM,28-09-2026 09:20:00 AM,402.0,402.0,397.95,398.1,3.85,RED,28-09-2026 09:20:00 AM,28-09-2026 09:25:00 AM,398.1,398.1,397.3,398.05,1500.0,RED,28-09-2026 09:25:00 AM,28-09-2026 09:30:00 AM,398.0,398.0,396.65,397.05,42.11,GREEN,28-09-2026 09:30:00 AM,28-09-2026 09:35:00 AM,396.9,397.45,396.65,397.1,300.0
HDFCLIFE-5m-2026-09-28T09:30:00+05:30-GREEN_TO_RED,2026-09-28T09:38:08.284728+05:30,28-09-2026 09:38:08 AM,HDFCLIFE,HDFCLIFE,5m,stock,N50 & N100,NIFTY 50; NIFTY 100; NIFTY 200,3 GREEN → RED,GREEN_TO_RED,G G G R,2026-09-28T09:30:00+05:30,28-09-2026 09:30:00 AM,2026-09-28T09:35:00+05:30,28-09-2026 09:35:00 AM,532.6,533.05,529.95,530.05,GREEN,25-09-2026 03:05:00 PM,25-09-2026 03:10:00 PM,528.8,529.35,528.7,528.85,1200.0,GREEN,25-09-2026 03:10:00 PM,25-09-2026 03:15:00 PM,529.05,530.65,528.7,530.2,69.57,GREEN,25-09-2026 03:15:00 PM,25-09-2026 03:20:00 PM,528.7,531.0,528.7,531.0,0.0,GREEN,28-09-2026 09:15:00 AM,28-09-2026 09:20:00 AM,527.2,530.8,526.2,530.7,31.43,GREEN,28-09-2026 09:20:00 AM,28-09-2026 09:25:00 AM,530.85,531.7,529.45,531.5,246.15,GREEN,28-09-2026 09:25:00 AM,28-09-2026 09:30:00 AM,531.25,532.7,531.25,531.95,107.14,RED,28-09-2026 09:30:00 AM,28-09-2026 09:35:00 AM,532.6,533.05,529.95,530.05,21.57
BAJFINANCE-5m-2026-09-28T09:30:00+05:30-RED_TO_GREEN,2026-09-28T09:38:08.183090+05:30,28-09-2026 09:38:08 AM,BAJFINANCE,BAJFINANCE,5m,stock,N50 & N100,NIFTY 50; NIFTY 100; NIFTY 200,3 RED → GREEN,RED_TO_GREEN,R R R G,2026-09-28T09:30:00+05:30,28-09-2026 09:30:00 AM,2026-09-28T09:35:00+05:30,28-09-2026 09:35:00 AM,978.7,981.0,977.4,979.4,DOJI,25-09-2026 03:05:00 PM,25-09-2026 03:10:00 PM,995.0,995.1,994.1,995.0,,GREEN,25-09-2026 03:10:00 PM,25-09-2026 03:15:00 PM,995.2,997.2,995.0,997.0,22.22,RED,25-09-2026 03:15:00 PM,25-09-2026 03:20:00 PM,997.0,997.0,996.9,996.9,0.0,RED,28-09-2026 09:15:00 AM,28-09-2026 09:20:00 AM,992.0,992.0,981.2,982.4,12.5,RED,28-09-2026 09:20:00 AM,28-09-2026 09:25:00 AM,982.9,983.4,979.5,979.7,21.88,RED,28-09-2026 09:25:00 AM,28-09-2026 09:30:00 AM,979.4,980.3,978.6,978.8,183.33,GREEN,28-09-2026 09:30:00 AM,28-09-2026 09:35:00 AM,978.7,981.0,977.4,979.4,414.29
BAJAJ-AUTO-5m-2026-09-28T09:30:00+05:30-RED_TO_GREEN,2026-09-28T09:38:08.177916+05:30,28-09-2026 09:38:08 AM,BAJAJ-AUTO,BAJAJ-AUTO,5m,stock,N50 & N100,NIFTY 50; NIFTY 100; NIFTY 200,3 RED → GREEN,RED_TO_GREEN,R R R G,2026-09-28T09:30:00+05:30,28-09-2026 09:30:00 AM,2026-09-28T09:35:00+05:30,28-09-2026 09:35:00 AM,11168.0,11176.0,11163.0,11170.0,GREEN,25-09-2026 03:05:00 PM,25-09-2026 03:10:00 PM,11291.0,11298.0,11288.0,11292.0,900.0,GREEN,25-09-2026 03:10:00 PM,25-09-2026 03:15:00 PM,11291.0,11305.0,11290.0,11295.0,275.0,RED,25-09-2026 03:15:00 PM,25-09-2026 03:20:00 PM,11305.0,11305.0,11281.0,11281.0,0.0,RED,28-09-2026 09:15:00 AM,28-09-2026 09:20:00 AM,11231.0,11254.0,11183.0,11202.0,144.83,RED,28-09-2026 09:20:00 AM,28-09-2026 09:25:00 AM,11206.0,11207.0,11180.0,11180.0,3.85,RED,28-09-2026 09:25:00 AM,28-09-2026 09:30:00 AM,11176.0,11183.0,11161.0,11166.0,120.0,GREEN,28-09-2026 09:30:00 AM,28-09-2026 09:35:00 AM,11168.0,11176.0,11163.0,11170.0,550.0
