symbol,interval,timestamp,open,high,low,close,volume,source
360ONE,5m,2026-09-11T09:15:00+05:30,1089.300048828125,1089.300048828125,1076.0,1079.4000244140625,0.0,yahoo
360ONE,5m,2026-09-11T09:20:00+05:30,1078.699951171875,1078.699951171875,1073.300048828125,1075.800048828125,12202.0,yahoo
360ONE,5m,2026-09-11T09:25:00+05:30,1075.699951171875,1075.699951171875,1070.0,1070.4000244140625,27292.0,yahoo
360ONE,5m,2026-09-11T09:30:00+05:30,1070.5,1074.0,1070.5,1073.5999755859375,11464.0,yahoo
360ONE,5m,2026-09-11T09:35:00+05:30,1073.300048828125,1074.300048828125,1070.5,1070.5,6961.0,yahoo
360ONE,5m,2026-09-11T09:40:00+05:30,1070.300048828125,1071.4000244140625,1069.800048828125,1070.699951171875,6461.0,yahoo
360ONE,5m,2026-09-11T09:45:00+05:30,1071.0,1071.0,1069.0,1070.4000244140625,14676.0,yahoo
360ONE,5m,2026-09-11T09:50:00+05:30,1070.0999755859375,1070.9000244140625,1068.0999755859375,1069.0999755859375,13635.0,yahoo
360ONE,5m,2026-09-11T09:55:00+05:30,1068.699951171875,1070.0,1066.199951171875,1068.0,17309.0,yahoo
360ONE,5m,2026-09-11T10:00:00+05:30,1068.5999755859375,1073.4000244140625,1068.5999755859375,1072.0,16598.0,yahoo
360ONE,5m,2026-09-11T10:05:00+05:30,1072.300048828125,1073.4000244140625,1071.199951171875,1072.5,24070.0,yahoo
360ONE,5m,2026-09-11T10:10:00+05:30,1072.0,1075.300048828125,1071.9000244140625,1075.0999755859375,9666.0,yahoo
360ONE,5m,2026-09-11T10:15:00+05:30,1075.0999755859375,1077.699951171875,1074.5999755859375,1076.199951171875,7971.0,yahoo
360ONE,5m,2026-09-11T10:20:00+05:30,1076.5999755859375,1078.699951171875,1076.199951171875,1077.800048828125,5002.0,yahoo
360ONE,5m,2026-09-11T10:25:00+05:30,1077.5,1077.5,1072.0999755859375,1072.800048828125,6273.0,yahoo
360ONE,5m,2026-09-11T10:30:00+05:30,1072.0,1073.199951171875,1071.699951171875,1072.5999755859375,3712.0,yahoo
360ONE,5m,2026-09-11T10:35:00+05:30,1071.699951171875,1074.800048828125,1071.699951171875,1074.800048828125,4752.0,yahoo
360ONE,5m,2026-09-11T10:40:00+05:30,1074.300048828125,1076.4000244140625,1073.5999755859375,1076.300048828125,20306.0,yahoo
360ONE,5m,2026-09-11T10:45:00+05:30,1076.199951171875,1077.5,1074.4000244140625,1077.5,6319.0,yahoo
360ONE,5m,2026-09-11T10:50:00+05:30,1077.0,1077.0,1071.699951171875,1072.699951171875,3748.0,yahoo
360ONE,5m,2026-09-11T10:55:00+05:30,1072.699951171875,1072.699951171875,1070.0,1070.5,1754.0,yahoo
360ONE,5m,2026-09-11T11:00:00+05:30,1070.0999755859375,1075.0999755859375,1070.0999755859375,1074.0,4442.0,yahoo
360ONE,5m,2026-09-11T11:05:00+05:30,1074.0,1075.699951171875,1073.4000244140625,1075.199951171875,6714.0,yahoo
360ONE,5m,2026-09-11T11:10:00+05:30,1075.699951171875,1082.5999755859375,1075.199951171875,1081.699951171875,7333.0,yahoo
360ONE,5m,2026-09-11T11:15:00+05:30,1082.0999755859375,1084.0,1080.4000244140625,1083.5,6285.0,yahoo
360ONE,5m,2026-09-11T11:20:00+05:30,1083.5,1084.300048828125,1082.699951171875,1083.5,7344.0,yahoo
360ONE,5m,2026-09-11T11:25:00+05:30,1083.5,1083.9000244140625,1081.5999755859375,1082.699951171875,4894.0,yahoo
360ONE,5m,2026-09-11T11:30:00+05:30,1082.4000244140625,1083.300048828125,1081.4000244140625,1082.9000244140625,12579.0,yahoo
360ONE,5m,2026-09-11T11:35:00+05:30,1082.5,1083.300048828125,1081.4000244140625,1081.9000244140625,5510.0,yahoo
360ONE,5m,2026-09-11T11:40:00+05:30,1082.0999755859375,1084.0,1082.0999755859375,1083.800048828125,3806.0,yahoo
360ONE,5m,2026-09-11T11:45:00+05:30,1083.9000244140625,1084.0,1082.199951171875,1082.5999755859375,1520.0,yahoo
360ONE,5m,2026-09-11T11:50:00+05:30,1082.699951171875,1082.9000244140625,1081.4000244140625,1082.4000244140625,2454.0,yahoo
360ONE,5m,2026-09-11T11:55:00+05:30,1082.699951171875,1083.699951171875,1082.0,1083.699951171875,5584.0,yahoo
360ONE,5m,2026-09-11T12:00:00+05:30,1083.5999755859375,1083.9000244140625,1082.9000244140625,1083.300048828125,1327.0,yahoo
360ONE,5m,2026-09-11T12:05:00+05:30,1083.300048828125,1083.800048828125,1082.5999755859375,1083.4000244140625,2238.0,yahoo
360ONE,5m,2026-09-11T12:10:00+05:30,1083.4000244140625,1083.4000244140625,1081.800048828125,1082.300048828125,1220.0,yahoo
360ONE,5m,2026-09-11T12:15:00+05:30,1082.300048828125,1084.0,1082.0,1083.5999755859375,1923.0,yahoo
360ONE,5m,2026-09-11T12:20:00+05:30,1083.9000244140625,1085.800048828125,1083.0999755859375,1084.9000244140625,17698.0,yahoo
360ONE,5m,2026-09-11T12:25:00+05:30,1085.4000244140625,1085.4000244140625,1083.800048828125,1084.9000244140625,2808.0,yahoo
360ONE,5m,2026-09-11T12:30:00+05:30,1084.800048828125,1085.800048828125,1084.300048828125,1085.199951171875,1982.0,yahoo
360ONE,5m,2026-09-11T12:35:00+05:30,1085.300048828125,1087.0,1085.300048828125,1086.300048828125,1516.0,yahoo
360ONE,5m,2026-09-11T12:40:00+05:30,1087.0999755859375,1088.4000244140625,1086.199951171875,1087.800048828125,1287.0,yahoo
360ONE,5m,2026-09-11T12:45:00+05:30,1087.800048828125,1090.0,1086.699951171875,1089.800048828125,2948.0,yahoo
360ONE,5m,2026-09-11T12:50:00+05:30,1089.300048828125,1092.4000244140625,1089.300048828125,1091.800048828125,7124.0,yahoo
360ONE,5m,2026-09-11T12:55:00+05:30,1092.0,1092.699951171875,1092.0,1092.699951171875,3525.0,yahoo
360ONE,5m,2026-09-11T13:00:00+05:30,1092.699951171875,1093.5999755859375,1091.699951171875,1091.699951171875,11740.0,yahoo
360ONE,5m,2026-09-11T13:05:00+05:30,1091.0999755859375,1091.5999755859375,1088.5,1091.5,24264.0,yahoo
360ONE,5m,2026-09-11T13:10:00+05:30,1091.5,1092.0,1090.300048828125,1091.9000244140625,13537.0,yahoo
360ONE,5m,2026-09-11T13:15:00+05:30,1091.9000244140625,1092.699951171875,1091.699951171875,1092.699951171875,6026.0,yahoo
360ONE,5m,2026-09-11T13:20:00+05:30,1093.0,1093.300048828125,1092.0,1093.0999755859375,5077.0,yahoo
360ONE,5m,2026-09-11T13:25:00+05:30,1093.0999755859375,1093.199951171875,1092.4000244140625,1093.0,6046.0,yahoo
360ONE,5m,2026-09-11T13:30:00+05:30,1093.0,1094.0,1092.300048828125,1093.300048828125,5111.0,yahoo
360ONE,5m,2026-09-11T13:35:00+05:30,1093.199951171875,1094.0999755859375,1092.5,1093.4000244140625,8905.0,yahoo
360ONE,5m,2026-09-11T13:40:00+05:30,1093.5,1094.4000244140625,1091.5,1093.0,27120.0,yahoo
360ONE,5m,2026-09-11T13:45:00+05:30,1093.0,1096.0,1093.0,1095.800048828125,36427.0,yahoo
360ONE,5m,2026-09-11T13:50:00+05:30,1095.5,1096.4000244140625,1094.800048828125,1095.9000244140625,9762.0,yahoo
360ONE,5m,2026-09-11T13:55:00+05:30,1095.5999755859375,1097.4000244140625,1095.5999755859375,1095.5999755859375,10108.0,yahoo
360ONE,5m,2026-09-11T14:00:00+05:30,1095.699951171875,1097.300048828125,1095.4000244140625,1096.5999755859375,13842.0,yahoo
360ONE,5m,2026-09-11T14:05:00+05:30,1096.5999755859375,1098.199951171875,1095.0,1095.0,32496.0,yahoo
360ONE,5m,2026-09-11T14:10:00+05:30,1095.0,1096.699951171875,1094.9000244140625,1096.699951171875,22705.0,yahoo
360ONE,5m,2026-09-11T14:15:00+05:30,1096.5,1097.199951171875,1094.9000244140625,1096.800048828125,22134.0,yahoo
360ONE,5m,2026-09-11T14:20:00+05:30,1096.800048828125,1097.9000244140625,1096.5,1097.9000244140625,11382.0,yahoo
360ONE,5m,2026-09-11T14:25:00+05:30,1097.9000244140625,1098.300048828125,1097.0,1097.699951171875,12639.0,yahoo
360ONE,5m,2026-09-11T14:30:00+05:30,1097.0,1097.199951171875,1095.199951171875,1095.699951171875,10526.0,yahoo
360ONE,5m,2026-09-11T14:35:00+05:30,1095.699951171875,1096.800048828125,1095.0,1096.800048828125,18703.0,yahoo
360ONE,5m,2026-09-11T14:40:00+05:30,1096.699951171875,1098.0,1096.699951171875,1097.5,8721.0,yahoo
360ONE,5m,2026-09-11T14:45:00+05:30,1097.699951171875,1097.699951171875,1093.800048828125,1094.699951171875,25432.0,yahoo
360ONE,5m,2026-09-11T14:50:00+05:30,1094.4000244140625,1096.199951171875,1094.0999755859375,1096.0,12142.0,yahoo
360ONE,5m,2026-09-11T14:55:00+05:30,1096.0,1096.4000244140625,1093.699951171875,1094.699951171875,27757.0,yahoo
360ONE,5m,2026-09-11T15:00:00+05:30,1094.699951171875,1095.800048828125,1093.0999755859375,1093.5999755859375,28452.0,yahoo
360ONE,5m,2026-09-11T15:05:00+05:30,1094.0999755859375,1094.0999755859375,1092.0999755859375,1093.0,25440.0,yahoo
360ONE,5m,2026-09-11T15:10:00+05:30,1093.0999755859375,1096.5999755859375,1091.5,1093.0,27318.0,yahoo
360ONE,5m,2026-09-11T15:15:00+05:30,1093.0,1093.0,1091.0,1091.0,5225.0,yahoo
ABB,5m,2026-09-11T09:15:00+05:30,7245.0,7266.0,7205.0,7225.0,0.0,yahoo
ABB,5m,2026-09-11T09:20:00+05:30,7217.5,7217.5,7194.5,7210.0,2826.0,yahoo
ABB,5m,2026-09-11T09:25:00+05:30,7212.5,7218.5,7183.0,7185.5,6559.0,yahoo
ABB,5m,2026-09-11T09:30:00+05:30,7184.0,7197.0,7178.0,7197.0,1993.0,yahoo
ABB,5m,2026-09-11T09:35:00+05:30,7195.0,7202.0,7185.0,7187.0,1860.0,yahoo
ABB,5m,2026-09-11T09:40:00+05:30,7187.0,7189.0,7179.0,7179.0,6192.0,yahoo
ABB,5m,2026-09-11T09:45:00+05:30,7174.5,7216.5,7174.5,7210.5,2609.0,yahoo
ABB,5m,2026-09-11T09:50:00+05:30,7212.5,7242.0,7212.5,7234.0,2621.0,yahoo
ABB,5m,2026-09-11T09:55:00+05:30,7232.0,7251.5,7231.0,7250.0,2594.0,yahoo
ABB,5m,2026-09-11T10:00:00+05:30,7252.0,7278.0,7252.0,7275.5,4198.0,yahoo
ABB,5m,2026-09-11T10:05:00+05:30,7274.5,7297.5,7272.0,7297.5,2298.0,yahoo
ABB,5m,2026-09-11T10:10:00+05:30,7296.5,7319.0,7296.0,7315.0,4637.0,yahoo
ABB,5m,2026-09-11T10:15:00+05:30,7315.5,7324.0,7290.5,7300.0,3607.0,yahoo
ABB,5m,2026-09-11T10:20:00+05:30,7304.0,7309.5,7290.0,7294.0,1407.0,yahoo
ABB,5m,2026-09-11T10:25:00+05:30,7296.0,7297.5,7281.0,7285.0,1494.0,yahoo
ABB,5m,2026-09-11T10:30:00+05:30,7283.0,7283.5,7254.0,7274.0,3636.0,yahoo
ABB,5m,2026-09-11T10:35:00+05:30,7276.0,7282.0,7268.0,7281.5,874.0,yahoo
ABB,5m,2026-09-11T10:40:00+05:30,7281.5,7294.0,7281.5,7292.5,867.0,yahoo
ABB,5m,2026-09-11T10:45:00+05:30,7291.5,7297.0,7288.0,7289.0,351.0,yahoo
ABB,5m,2026-09-11T10:50:00+05:30,7289.0,7289.0,7283.5,7284.0,306.0,yahoo
ABB,5m,2026-09-11T10:55:00+05:30,7284.0,7289.0,7279.0,7279.0,605.0,yahoo
ABB,5m,2026-09-11T11:00:00+05:30,7283.0,7283.5,7251.5,7258.0,2777.0,yahoo
ABB,5m,2026-09-11T11:05:00+05:30,7258.0,7258.0,7238.0,7250.0,2238.0,yahoo
ABB,5m,2026-09-11T11:10:00+05:30,7250.0,7276.0,7250.0,7275.5,5078.0,yahoo
ABB,5m,2026-09-11T11:15:00+05:30,7275.0,7277.0,7265.0,7271.0,556.0,yahoo
ABB,5m,2026-09-11T11:20:00+05:30,7274.0,7279.5,7270.0,7277.0,407.0,yahoo
ABB,5m,2026-09-11T11:25:00+05:30,7277.0,7278.0,7269.0,7271.0,440.0,yahoo
ABB,5m,2026-09-11T11:30:00+05:30,7272.0,7277.5,7266.5,7267.5,5944.0,yahoo
ABB,5m,2026-09-11T11:35:00+05:30,7271.0,7283.5,7269.5,7272.0,2557.0,yahoo
ABB,5m,2026-09-11T11:40:00+05:30,7272.0,7277.0,7268.5,7275.5,498.0,yahoo
ABB,5m,2026-09-11T11:45:00+05:30,7276.0,7280.0,7267.0,7271.5,1461.0,yahoo
ABB,5m,2026-09-11T11:50:00+05:30,7271.5,7278.0,7271.5,7277.5,425.0,yahoo
ABB,5m,2026-09-11T11:55:00+05:30,7279.0,7291.5,7277.5,7291.5,1453.0,yahoo
ABB,5m,2026-09-11T12:00:00+05:30,7291.5,7299.0,7282.0,7285.5,1154.0,yahoo
ABB,5m,2026-09-11T12:05:00+05:30,7285.5,7289.0,7281.5,7281.5,176.0,yahoo
ABB,5m,2026-09-11T12:10:00+05:30,7286.0,7286.0,7273.5,7279.0,543.0,yahoo
ABB,5m,2026-09-11T12:15:00+05:30,7282.0,7290.5,7276.0,7288.0,865.0,yahoo
ABB,5m,2026-09-11T12:20:00+05:30,7288.0,7290.0,7278.0,7281.0,310.0,yahoo
ABB,5m,2026-09-11T12:25:00+05:30,7283.0,7288.5,7280.0,7286.0,219.0,yahoo
ABB,5m,2026-09-11T12:30:00+05:30,7288.0,7289.0,7283.0,7285.0,293.0,yahoo
ABB,5m,2026-09-11T12:35:00+05:30,7289.0,7289.0,7284.0,7285.0,256.0,yahoo
ABB,5m,2026-09-11T12:40:00+05:30,7285.0,7289.0,7285.0,7289.0,231.0,yahoo
ABB,5m,2026-09-11T12:45:00+05:30,7289.0,7289.0,7270.0,7276.5,1310.0,yahoo
ABB,5m,2026-09-11T12:50:00+05:30,7280.5,7286.5,7277.0,7286.5,2341.0,yahoo
ABB,5m,2026-09-11T12:55:00+05:30,7292.5,7306.0,7292.0,7304.0,6535.0,yahoo
ABB,5m,2026-09-11T13:00:00+05:30,7304.0,7306.0,7297.0,7297.5,826.0,yahoo
ABB,5m,2026-09-11T13:05:00+05:30,7297.5,7300.0,7286.5,7286.5,4532.0,yahoo
ABB,5m,2026-09-11T13:10:00+05:30,7287.0,7298.5,7286.5,7296.5,3790.0,yahoo
ABB,5m,2026-09-11T13:15:00+05:30,7296.5,7297.5,7291.0,7293.5,156.0,yahoo
ABB,5m,2026-09-11T13:20:00+05:30,7293.5,7295.0,7285.5,7287.5,2134.0,yahoo
ABB,5m,2026-09-11T13:25:00+05:30,7288.0,7290.0,7285.0,7288.5,3545.0,yahoo
ABB,5m,2026-09-11T13:30:00+05:30,7289.0,7300.0,7287.0,7296.0,4144.0,yahoo
ABB,5m,2026-09-11T13:35:00+05:30,7296.0,7297.5,7286.0,7286.0,1130.0,yahoo
ABB,5m,2026-09-11T13:40:00+05:30,7287.0,7288.0,7272.5,7279.0,1038.0,yahoo
ABB,5m,2026-09-11T13:45:00+05:30,7276.0,7282.5,7271.5,7273.5,8445.0,yahoo
ABB,5m,2026-09-11T13:50:00+05:30,7273.5,7288.5,7273.5,7282.5,1450.0,yahoo
ABB,5m,2026-09-11T13:55:00+05:30,7286.0,7291.5,7280.5,7285.0,3101.0,yahoo
ABB,5m,2026-09-11T14:00:00+05:30,7283.0,7296.5,7283.0,7296.0,792.0,yahoo
ABB,5m,2026-09-11T14:05:00+05:30,7295.0,7298.5,7281.0,7281.0,1351.0,yahoo
ABB,5m,2026-09-11T14:10:00+05:30,7282.5,7283.0,7280.0,7281.0,340.0,yahoo
ABB,5m,2026-09-11T14:15:00+05:30,7280.5,7285.0,7280.5,7285.0,372.0,yahoo
ABB,5m,2026-09-11T14:20:00+05:30,7285.0,7297.5,7283.0,7292.0,8312.0,yahoo
ABB,5m,2026-09-11T14:25:00+05:30,7285.0,7303.0,7285.0,7295.5,2626.0,yahoo
ABB,5m,2026-09-11T14:30:00+05:30,7298.0,7301.5,7260.0,7260.0,8796.0,yahoo
ABB,5m,2026-09-11T14:35:00+05:30,7260.0,7265.0,7253.0,7256.5,1834.0,yahoo
ABB,5m,2026-09-11T14:40:00+05:30,7257.0,7257.5,7253.0,7255.0,1020.0,yahoo
ABB,5m,2026-09-11T14:45:00+05:30,7255.0,7255.5,7236.0,7239.0,1735.0,yahoo
ABB,5m,2026-09-11T14:50:00+05:30,7238.0,7243.5,7228.5,7238.5,8278.0,yahoo
ABB,5m,2026-09-11T14:55:00+05:30,7239.5,7240.0,7226.0,7226.0,4943.0,yahoo
ABB,5m,2026-09-11T15:00:00+05:30,7229.5,7237.0,7221.0,7232.0,4891.0,yahoo
ABB,5m,2026-09-11T15:05:00+05:30,7232.0,7249.5,7232.0,7242.0,4649.0,yahoo
ABB,5m,2026-09-11T15:10:00+05:30,7242.5,7274.0,7240.0,7274.0,11277.0,yahoo
ABCAPITAL,5m,2026-09-11T09:15:00+05:30,394.0,394.3999938964844,392.20001220703125,394.3999938964844,0.0,yahoo
ABCAPITAL,5m,2026-09-11T09:20:00+05:30,394.1000061035156,394.20001220703125,392.79998779296875,394.04998779296875,64922.0,yahoo
ABCAPITAL,5m,2026-09-11T09:25:00+05:30,393.8999938964844,394.1000061035156,392.3999938964844,392.8999938964844,34136.0,yahoo
ABCAPITAL,5m,2026-09-11T09:30:00+05:30,392.8999938964844,393.0,391.54998779296875,392.20001220703125,68578.0,yahoo
ABCAPITAL,5m,2026-09-11T09:35:00+05:30,392.1499938964844,392.20001220703125,391.20001220703125,391.5,24207.0,yahoo
ABCAPITAL,5m,2026-09-11T09:40:00+05:30,391.45001220703125,392.04998779296875,391.0,391.3500061035156,28015.0,yahoo
ABCAPITAL,5m,2026-09-11T09:45:00+05:30,391.3500061035156,391.8999938964844,391.3500061035156,391.75,22886.0,yahoo
ABCAPITAL,5m,2026-09-11T09:50:00+05:30,391.8500061035156,392.1499938964844,391.1000061035156,391.70001220703125,34151.0,yahoo
ABCAPITAL,5m,2026-09-11T09:55:00+05:30,391.6000061035156,392.1000061035156,391.54998779296875,392.0,12232.0,yahoo
ABCAPITAL,5m,2026-09-11T10:00:00+05:30,392.0,393.3500061035156,391.95001220703125,393.3500061035156,21340.0,yahoo
ABCAPITAL,5m,2026-09-11T10:05:00+05:30,393.1000061035156,393.6000061035156,392.95001220703125,393.54998779296875,14085.0,yahoo
ABCAPITAL,5m,2026-09-11T10:10:00+05:30,393.5,393.79998779296875,393.1499938964844,393.70001220703125,17695.0,yahoo
ABCAPITAL,5m,2026-09-11T10:15:00+05:30,393.8500061035156,393.8500061035156,393.3999938964844,393.3999938964844,9660.0,yahoo
ABCAPITAL,5m,2026-09-11T10:20:00+05:30,393.45001220703125,394.1499938964844,393.3500061035156,393.8500061035156,21897.0,yahoo
ABCAPITAL,5m,2026-09-11T10:25:00+05:30,393.6000061035156,393.75,392.6000061035156,392.6499938964844,16083.0,yahoo
ABCAPITAL,5m,2026-09-11T10:30:00+05:30,392.6499938964844,392.95001220703125,392.20001220703125,392.6499938964844,28852.0,yahoo
ABCAPITAL,5m,2026-09-11T10:35:00+05:30,392.6499938964844,393.3999938964844,392.6499938964844,392.8999938964844,12397.0,yahoo
ABCAPITAL,5m,2026-09-11T10:40:00+05:30,393.0,393.70001220703125,393.0,393.70001220703125,8083.0,yahoo
ABCAPITAL,5m,2026-09-11T10:45:00+05:30,393.45001220703125,393.54998779296875,393.04998779296875,393.54998779296875,6444.0,yahoo
ABCAPITAL,5m,2026-09-11T10:50:00+05:30,393.3999938964844,393.5,393.0,393.25,8582.0,yahoo
ABCAPITAL,5m,2026-09-11T10:55:00+05:30,393.25,393.45001220703125,393.0,393.1499938964844,7554.0,yahoo
ABCAPITAL,5m,2026-09-11T11:00:00+05:30,393.1499938964844,393.75,393.1499938964844,393.20001220703125,12512.0,yahoo
ABCAPITAL,5m,2026-09-11T11:05:00+05:30,393.29998779296875,393.3999938964844,392.20001220703125,392.79998779296875,67038.0,yahoo
ABCAPITAL,5m,2026-09-11T11:10:00+05:30,392.75,393.75,392.75,393.5,12110.0,yahoo
ABCAPITAL,5m,2026-09-11T11:15:00+05:30,393.5,394.0,393.1499938964844,393.70001220703125,14515.0,yahoo
ABCAPITAL,5m,2026-09-11T11:20:00+05:30,393.70001220703125,393.70001220703125,393.1000061035156,393.1499938964844,8775.0,yahoo
ABCAPITAL,5m,2026-09-11T11:25:00+05:30,393.1499938964844,393.20001220703125,392.45001220703125,392.70001220703125,11176.0,yahoo
ABCAPITAL,5m,2026-09-11T11:30:00+05:30,392.45001220703125,392.70001220703125,392.3999938964844,392.6000061035156,12704.0,yahoo
ABCAPITAL,5m,2026-09-11T11:35:00+05:30,392.6499938964844,393.1000061035156,392.45001220703125,393.0,12056.0,yahoo
ABCAPITAL,5m,2026-09-11T11:40:00+05:30,392.75,393.3500061035156,392.75,393.25,5938.0,yahoo
ABCAPITAL,5m,2026-09-11T11:45:00+05:30,393.20001220703125,393.8999938964844,393.1499938964844,393.45001220703125,10072.0,yahoo
ABCAPITAL,5m,2026-09-11T11:50:00+05:30,393.6000061035156,393.6499938964844,393.1499938964844,393.6000061035156,7546.0,yahoo
ABCAPITAL,5m,2026-09-11T11:55:00+05:30,393.6000061035156,394.45001220703125,393.6000061035156,394.45001220703125,9700.0,yahoo
ABCAPITAL,5m,2026-09-11T12:00:00+05:30,394.3999938964844,394.79998779296875,394.3999938964844,394.5,11882.0,yahoo
ABCAPITAL,5m,2026-09-11T12:05:00+05:30,394.45001220703125,394.5,394.04998779296875,394.20001220703125,7346.0,yahoo
ABCAPITAL,5m,2026-09-11T12:10:00+05:30,394.1499938964844,394.29998779296875,393.6499938964844,393.8500061035156,18241.0,yahoo
ABCAPITAL,5m,2026-09-11T12:15:00+05:30,393.79998779296875,394.3500061035156,393.6000061035156,394.0,13028.0,yahoo
ABCAPITAL,5m,2026-09-11T12:20:00+05:30,394.04998779296875,394.1499938964844,392.6499938964844,393.04998779296875,49382.0,yahoo
ABCAPITAL,5m,2026-09-11T12:25:00+05:30,392.79998779296875,393.04998779296875,392.6499938964844,392.95001220703125,17613.0,yahoo
ABCAPITAL,5m,2026-09-11T12:30:00+05:30,393.0,393.79998779296875,392.95001220703125,393.75,45241.0,yahoo
ABCAPITAL,5m,2026-09-11T12:35:00+05:30,393.54998779296875,394.6000061035156,393.5,394.5,22198.0,yahoo
ABCAPITAL,5m,2026-09-11T12:40:00+05:30,394.45001220703125,395.3500061035156,394.3999938964844,394.6499938964844,37849.0,yahoo
ABCAPITAL,5m,2026-09-11T12:45:00+05:30,394.6499938964844,394.8999938964844,394.5,394.75,5648.0,yahoo
ABCAPITAL,5m,2026-09-11T12:50:00+05:30,394.75,395.3999938964844,394.75,395.20001220703125,8138.0,yahoo
ABCAPITAL,5m,2026-09-11T12:55:00+05:30,395.25,395.70001220703125,395.0,395.70001220703125,9218.0,yahoo
ABCAPITAL,5m,2026-09-11T13:00:00+05:30,395.70001220703125,395.70001220703125,393.70001220703125,394.0,26582.0,yahoo
ABCAPITAL,5m,2026-09-11T13:05:00+05:30,393.95001220703125,394.0,393.6499938964844,393.95001220703125,9595.0,yahoo
ABCAPITAL,5m,2026-09-11T13:10:00+05:30,393.95001220703125,394.5,393.70001220703125,394.45001220703125,12377.0,yahoo
ABCAPITAL,5m,2026-09-11T13:15:00+05:30,394.3999938964844,394.5,393.95001220703125,393.95001220703125,6168.0,yahoo
ABCAPITAL,5m,2026-09-11T13:20:00+05:30,394.0,394.25,393.8500061035156,394.20001220703125,9003.0,yahoo
ABCAPITAL,5m,2026-09-11T13:25:00+05:30,394.25,394.5,393.3500061035156,393.6000061035156,23201.0,yahoo
ABCAPITAL,5m,2026-09-11T13:30:00+05:30,393.6000061035156,393.95001220703125,393.5,393.8500061035156,22934.0,yahoo
ABCAPITAL,5m,2026-09-11T13:35:00+05:30,393.8999938964844,393.8999938964844,393.3500061035156,393.5,11551.0,yahoo
ABCAPITAL,5m,2026-09-11T13:40:00+05:30,393.54998779296875,393.79998779296875,392.8500061035156,393.5,25664.0,yahoo
ABCAPITAL,5m,2026-09-11T13:45:00+05:30,393.5,393.75,393.1499938964844,393.70001220703125,6561.0,yahoo
ABCAPITAL,5m,2026-09-11T13:50:00+05:30,393.75,394.1499938964844,393.29998779296875,393.6499938964844,17199.0,yahoo
ABCAPITAL,5m,2026-09-11T13:55:00+05:30,393.6499938964844,394.04998779296875,393.6000061035156,393.95001220703125,10001.0,yahoo
ABCAPITAL,5m,2026-09-11T14:00:00+05:30,393.8999938964844,394.79998779296875,393.75,394.6000061035156,14622.0,yahoo
ABCAPITAL,5m,2026-09-11T14:05:00+05:30,394.8500061035156,394.8500061035156,393.95001220703125,394.1499938964844,6263.0,yahoo
ABCAPITAL,5m,2026-09-11T14:10:00+05:30,394.04998779296875,394.25,393.8999938964844,394.25,8186.0,yahoo
ABCAPITAL,5m,2026-09-11T14:15:00+05:30,394.25,394.3999938964844,394.1000061035156,394.3999938964844,5858.0,yahoo
ABCAPITAL,5m,2026-09-11T14:20:00+05:30,394.45001220703125,394.8500061035156,394.20001220703125,394.79998779296875,22610.0,yahoo
ABCAPITAL,5m,2026-09-11T14:25:00+05:30,394.79998779296875,395.6000061035156,394.79998779296875,395.1000061035156,28436.0,yahoo
ABCAPITAL,5m,2026-09-11T14:30:00+05:30,395.20001220703125,396.0,395.0,395.20001220703125,31545.0,yahoo
ABCAPITAL,5m,2026-09-11T14:35:00+05:30,395.3500061035156,395.54998779296875,394.8500061035156,395.3500061035156,14965.0,yahoo
ABCAPITAL,5m,2026-09-11T14:40:00+05:30,395.3500061035156,395.75,395.29998779296875,395.70001220703125,23308.0,yahoo
ABCAPITAL,5m,2026-09-11T14:45:00+05:30,395.6499938964844,395.6499938964844,394.6000061035156,394.75,24689.0,yahoo
ABCAPITAL,5m,2026-09-11T14:50:00+05:30,394.79998779296875,395.29998779296875,394.70001220703125,395.29998779296875,20083.0,yahoo
ABCAPITAL,5m,2026-09-11T14:55:00+05:30,395.29998779296875,395.29998779296875,394.8999938964844,395.1000061035156,19768.0,yahoo
ABCAPITAL,5m,2026-09-11T15:00:00+05:30,394.95001220703125,394.95001220703125,394.5,394.5,30001.0,yahoo
ABCAPITAL,5m,2026-09-11T15:05:00+05:30,394.70001220703125,395.1000061035156,394.3999938964844,395.04998779296875,47830.0,yahoo
ABCAPITAL,5m,2026-09-11T15:10:00+05:30,394.95001220703125,395.25,394.29998779296875,395.0,91339.0,yahoo
ABCAPITAL,5m,2026-09-11T15:15:00+05:30,395.20001220703125,395.20001220703125,395.0,395.0,40192.0,yahoo
ADANIENT,5m,2026-09-11T09:15:00+05:30,3040.0,3044.800048828125,3014.89990234375,3016.800048828125,0.0,yahoo
ADANIENT,5m,2026-09-11T09:20:00+05:30,3014.89990234375,3026.39990234375,3010.0,3022.699951171875,68626.0,yahoo
ADANIENT,5m,2026-09-11T09:25:00+05:30,3022.5,3026.0,3015.5,3016.300048828125,24548.0,yahoo
ADANIENT,5m,2026-09-11T09:30:00+05:30,3016.5,3027.0,3014.300048828125,3025.699951171875,50240.0,yahoo
ADANIENT,5m,2026-09-11T09:35:00+05:30,3025.300048828125,3031.300048828125,3024.199951171875,3029.39990234375,28909.0,yahoo
ADANIENT,5m,2026-09-11T09:40:00+05:30,3029.699951171875,3033.0,3027.10009765625,3028.0,18052.0,yahoo
ADANIENT,5m,2026-09-11T09:45:00+05:30,3029.0,3035.0,3027.300048828125,3035.0,12517.0,yahoo
ADANIENT,5m,2026-09-11T09:50:00+05:30,3034.199951171875,3034.199951171875,3031.39990234375,3032.199951171875,14699.0,yahoo
ADANIENT,5m,2026-09-11T09:55:00+05:30,3032.699951171875,3035.89990234375,3024.300048828125,3026.5,34729.0,yahoo
ADANIENT,5m,2026-09-11T10:00:00+05:30,3026.60009765625,3030.0,3020.5,3025.5,27909.0,yahoo
ADANIENT,5m,2026-09-11T10:05:00+05:30,3025.0,3028.0,3022.60009765625,3023.5,12964.0,yahoo
ADANIENT,5m,2026-09-11T10:10:00+05:30,3025.199951171875,3029.60009765625,3023.5,3028.0,15940.0,yahoo
ADANIENT,5m,2026-09-11T10:15:00+05:30,3028.0,3028.60009765625,3024.800048828125,3025.800048828125,12475.0,yahoo
ADANIENT,5m,2026-09-11T10:20:00+05:30,3025.800048828125,3027.10009765625,3024.60009765625,3025.5,8278.0,yahoo
ADANIENT,5m,2026-09-11T10:25:00+05:30,3025.699951171875,3025.699951171875,3000.0,3011.699951171875,91844.0,yahoo
ADANIENT,5m,2026-09-11T10:30:00+05:30,3011.699951171875,3021.300048828125,3010.0,3020.10009765625,20044.0,yahoo
ADANIENT,5m,2026-09-11T10:35:00+05:30,3021.10009765625,3022.5,3018.699951171875,3022.0,19001.0,yahoo
ADANIENT,5m,2026-09-11T10:40:00+05:30,3022.300048828125,3024.5,3021.0,3024.300048828125,10090.0,yahoo
ADANIENT,5m,2026-09-11T10:45:00+05:30,3024.300048828125,3025.0,3020.39990234375,3020.60009765625,18261.0,yahoo
ADANIENT,5m,2026-09-11T10:50:00+05:30,3020.10009765625,3021.199951171875,3017.699951171875,3018.199951171875,8334.0,yahoo
ADANIENT,5m,2026-09-11T10:55:00+05:30,3019.0,3020.0,3017.300048828125,3019.0,11337.0,yahoo
ADANIENT,5m,2026-09-11T11:00:00+05:30,3019.300048828125,3021.300048828125,3012.199951171875,3017.0,22700.0,yahoo
ADANIENT,5m,2026-09-11T11:05:00+05:30,3018.199951171875,3020.0,3015.199951171875,3019.0,11672.0,yahoo
ADANIENT,5m,2026-09-11T11:10:00+05:30,3018.10009765625,3025.39990234375,3018.0,3025.199951171875,49226.0,yahoo
ADANIENT,5m,2026-09-11T11:15:00+05:30,3024.800048828125,3034.800048828125,3019.5,3034.0,55393.0,yahoo
ADANIENT,5m,2026-09-11T11:20:00+05:30,3034.89990234375,3036.0,3029.10009765625,3031.10009765625,7718.0,yahoo
ADANIENT,5m,2026-09-11T11:25:00+05:30,3031.10009765625,3031.300048828125,3025.0,3026.0,13225.0,yahoo
ADANIENT,5m,2026-09-11T11:30:00+05:30,3026.0,3026.199951171875,3022.0,3025.0,54422.0,yahoo
ADANIENT,5m,2026-09-11T11:35:00+05:30,3025.0,3025.699951171875,3021.0,3024.5,35362.0,yahoo
ADANIENT,5m,2026-09-11T11:40:00+05:30,3024.10009765625,3025.5,3021.60009765625,3024.800048828125,10569.0,yahoo
ADANIENT,5m,2026-09-11T11:45:00+05:30,3025.0,3029.60009765625,3023.699951171875,3027.199951171875,43576.0,yahoo
ADANIENT,5m,2026-09-11T11:50:00+05:30,3028.300048828125,3029.300048828125,3025.39990234375,3029.199951171875,3738.0,yahoo
ADANIENT,5m,2026-09-11T11:55:00+05:30,3029.199951171875,3029.199951171875,3025.5,3027.10009765625,2926.0,yahoo
ADANIENT,5m,2026-09-11T12:00:00+05:30,3027.60009765625,3030.0,3027.10009765625,3029.89990234375,6687.0,yahoo
ADANIENT,5m,2026-09-11T12:05:00+05:30,3027.60009765625,3034.0,3026.89990234375,3032.699951171875,12469.0,yahoo
ADANIENT,5m,2026-09-11T12:10:00+05:30,3033.39990234375,3033.39990234375,3026.10009765625,3029.699951171875,14864.0,yahoo
ADANIENT,5m,2026-09-11T12:15:00+05:30,3030.199951171875,3033.60009765625,3029.0,3032.39990234375,7840.0,yahoo
ADANIENT,5m,2026-09-11T12:20:00+05:30,3032.60009765625,3036.10009765625,3030.199951171875,3036.10009765625,10370.0,yahoo
ADANIENT,5m,2026-09-11T12:25:00+05:30,3035.699951171875,3035.699951171875,3032.0,3033.10009765625,8741.0,yahoo
ADANIENT,5m,2026-09-11T12:30:00+05:30,3033.39990234375,3035.800048828125,3031.300048828125,3032.800048828125,6728.0,yahoo
ADANIENT,5m,2026-09-11T12:35:00+05:30,3032.800048828125,3034.300048828125,3031.800048828125,3032.10009765625,5954.0,yahoo
ADANIENT,5m,2026-09-11T12:40:00+05:30,3032.699951171875,3034.0,3030.300048828125,3033.89990234375,4409.0,yahoo
ADANIENT,5m,2026-09-11T12:45:00+05:30,3033.10009765625,3034.5,3031.300048828125,3032.800048828125,5435.0,yahoo
ADANIENT,5m,2026-09-11T12:50:00+05:30,3032.0,3034.89990234375,3031.0,3034.300048828125,5615.0,yahoo
ADANIENT,5m,2026-09-11T12:55:00+05:30,3034.300048828125,3035.699951171875,3033.0,3033.10009765625,6250.0,yahoo
ADANIENT,5m,2026-09-11T13:00:00+05:30,3033.300048828125,3033.300048828125,3029.699951171875,3030.89990234375,3580.0,yahoo
ADANIENT,5m,2026-09-11T13:05:00+05:30,3030.800048828125,3030.800048828125,3029.0,3029.0,7560.0,yahoo
ADANIENT,5m,2026-09-11T13:10:00+05:30,3029.10009765625,3031.0,3028.199951171875,3030.800048828125,5167.0,yahoo
ADANIENT,5m,2026-09-11T13:15:00+05:30,3030.800048828125,3032.10009765625,3029.0,3030.60009765625,4411.0,yahoo
ADANIENT,5m,2026-09-11T13:20:00+05:30,3030.39990234375,3031.199951171875,3027.5,3030.89990234375,15526.0,yahoo
ADANIENT,5m,2026-09-11T13:25:00+05:30,3031.0,3032.5,3029.5,3031.800048828125,5854.0,yahoo
ADANIENT,5m,2026-09-11T13:30:00+05:30,3031.39990234375,3036.0,3030.5,3032.0,7238.0,yahoo
ADANIENT,5m,2026-09-11T13:35:00+05:30,3032.5,3033.800048828125,3031.0,3031.60009765625,8261.0,yahoo
ADANIENT,5m,2026-09-11T13:40:00+05:30,3031.699951171875,3032.800048828125,3026.10009765625,3031.300048828125,14806.0,yahoo
ADANIENT,5m,2026-09-11T13:45:00+05:30,3031.300048828125,3033.800048828125,3030.0,3031.5,3717.0,yahoo
ADANIENT,5m,2026-09-11T13:50:00+05:30,3032.0,3036.699951171875,3031.89990234375,3034.199951171875,50273.0,yahoo
ADANIENT,5m,2026-09-11T13:55:00+05:30,3034.60009765625,3042.0,3034.0,3038.199951171875,28956.0,yahoo
ADANIENT,5m,2026-09-11T14:00:00+05:30,3037.39990234375,3057.5,3035.300048828125,3057.5,77684.0,yahoo
ADANIENT,5m,2026-09-11T14:05:00+05:30,3058.800048828125,3058.800048828125,3046.0,3047.89990234375,29043.0,yahoo
ADANIENT,5m,2026-09-11T14:10:00+05:30,3047.800048828125,3049.800048828125,3045.5,3049.800048828125,23951.0,yahoo
ADANIENT,5m,2026-09-11T14:15:00+05:30,3049.800048828125,3051.60009765625,3048.10009765625,3050.0,14893.0,yahoo
ADANIENT,5m,2026-09-11T14:20:00+05:30,3050.0,3054.199951171875,3047.60009765625,3052.699951171875,49962.0,yahoo
ADANIENT,5m,2026-09-11T14:25:00+05:30,3052.699951171875,3054.60009765625,3051.699951171875,3054.39990234375,20781.0,yahoo
ADANIENT,5m,2026-09-11T14:30:00+05:30,3054.39990234375,3057.300048828125,3051.0,3051.39990234375,97374.0,yahoo
ADANIENT,5m,2026-09-11T14:35:00+05:30,3051.10009765625,3055.60009765625,3050.0,3052.699951171875,24622.0,yahoo
ADANIENT,5m,2026-09-11T14:40:00+05:30,3052.699951171875,3054.699951171875,3051.699951171875,3054.699951171875,9893.0,yahoo
ADANIENT,5m,2026-09-11T14:45:00+05:30,3054.5,3054.60009765625,3044.0,3045.39990234375,23984.0,yahoo
ADANIENT,5m,2026-09-11T14:50:00+05:30,3044.5,3051.89990234375,3044.5,3051.800048828125,23584.0,yahoo
ADANIENT,5m,2026-09-11T14:55:00+05:30,3051.800048828125,3055.0,3047.300048828125,3047.699951171875,44067.0,yahoo
ADANIENT,5m,2026-09-11T15:00:00+05:30,3047.10009765625,3051.10009765625,3045.0,3050.800048828125,63184.0,yahoo
ADANIENT,5m,2026-09-11T15:05:00+05:30,3050.800048828125,3055.699951171875,3048.699951171875,3053.60009765625,34301.0,yahoo
ADANIENT,5m,2026-09-11T15:10:00+05:30,3054.199951171875,3064.89990234375,3054.199951171875,3060.0,59371.0,yahoo
ADANIENT,5m,2026-09-11T15:15:00+05:30,3061.0,3061.0,3060.0,3060.0,52583.0,yahoo
ADANIPORTS,5m,2026-09-11T09:15:00+05:30,1756.0,1761.0,1753.199951171875,1755.0,0.0,yahoo
ADANIPORTS,5m,2026-09-11T09:20:00+05:30,1754.0,1759.9000244140625,1752.5999755859375,1759.800048828125,49428.0,yahoo
ADANIPORTS,5m,2026-09-11T09:25:00+05:30,1759.5,1763.5,1752.5999755859375,1753.5,84739.0,yahoo
ADANIPORTS,5m,2026-09-11T09:30:00+05:30,1753.5,1758.0,1753.0999755859375,1756.0,40374.0,yahoo
ADANIPORTS,5m,2026-09-11T09:35:00+05:30,1757.199951171875,1759.5,1756.0999755859375,1758.0999755859375,22824.0,yahoo
ADANIPORTS,5m,2026-09-11T09:40:00+05:30,1758.0999755859375,1758.800048828125,1756.0999755859375,1756.199951171875,20316.0,yahoo
ADANIPORTS,5m,2026-09-11T09:45:00+05:30,1756.199951171875,1758.800048828125,1756.0,1758.5,24269.0,yahoo
ADANIPORTS,5m,2026-09-11T09:50:00+05:30,1758.5999755859375,1760.199951171875,1756.5,1756.5,31381.0,yahoo
ADANIPORTS,5m,2026-09-11T09:55:00+05:30,1756.9000244140625,1759.9000244140625,1755.0,1755.9000244140625,114100.0,yahoo
ADANIPORTS,5m,2026-09-11T10:00:00+05:30,1755.9000244140625,1758.9000244140625,1755.0,1757.9000244140625,39501.0,yahoo
ADANIPORTS,5m,2026-09-11T10:05:00+05:30,1757.5,1758.0,1756.0,1757.5,11005.0,yahoo
ADANIPORTS,5m,2026-09-11T10:10:00+05:30,1757.5,1758.4000244140625,1756.800048828125,1758.300048828125,10440.0,yahoo
ADANIPORTS,5m,2026-09-11T10:15:00+05:30,1757.4000244140625,1767.0,1756.5,1759.699951171875,54695.0,yahoo
ADANIPORTS,5m,2026-09-11T10:20:00+05:30,1760.5999755859375,1762.699951171875,1758.0999755859375,1758.5999755859375,47444.0,yahoo
ADANIPORTS,5m,2026-09-11T10:25:00+05:30,1758.5999755859375,1758.5999755859375,1753.4000244140625,1755.0,37611.0,yahoo
ADANIPORTS,5m,2026-09-11T10:30:00+05:30,1755.0,1757.0999755859375,1753.4000244140625,1756.9000244140625,8017.0,yahoo
ADANIPORTS,5m,2026-09-11T10:35:00+05:30,1756.4000244140625,1757.5,1755.0,1756.0999755859375,15896.0,yahoo
ADANIPORTS,5m,2026-09-11T10:40:00+05:30,1755.5,1757.800048828125,1755.5,1757.699951171875,7261.0,yahoo
ADANIPORTS,5m,2026-09-11T10:45:00+05:30,1757.699951171875,1758.199951171875,1754.0,1754.0,18655.0,yahoo
ADANIPORTS,5m,2026-09-11T10:50:00+05:30,1755.5,1756.0,1752.0,1752.699951171875,72957.0,yahoo
ADANIPORTS,5m,2026-09-11T10:55:00+05:30,1752.699951171875,1752.800048828125,1751.0999755859375,1752.0,15292.0,yahoo
ADANIPORTS,5m,2026-09-11T11:00:00+05:30,1751.9000244140625,1753.699951171875,1751.5999755859375,1752.300048828125,14838.0,yahoo
ADANIPORTS,5m,2026-09-11T11:05:00+05:30,1752.300048828125,1755.0,1752.0,1754.5999755859375,10681.0,yahoo
ADANIPORTS,5m,2026-09-11T11:10:00+05:30,1754.5999755859375,1757.0,1753.5999755859375,1756.800048828125,9203.0,yahoo
ADANIPORTS,5m,2026-09-11T11:15:00+05:30,1756.800048828125,1759.0,1755.0999755859375,1758.5,10990.0,yahoo
ADANIPORTS,5m,2026-09-11T11:20:00+05:30,1758.4000244140625,1758.5,1755.4000244140625,1756.5,6901.0,yahoo
ADANIPORTS,5m,2026-09-11T11:25:00+05:30,1756.4000244140625,1756.5,1755.0,1755.5999755859375,11161.0,yahoo
ADANIPORTS,5m,2026-09-11T11:30:00+05:30,1755.0999755859375,1756.4000244140625,1755.0,1755.199951171875,8987.0,yahoo
ADANIPORTS,5m,2026-09-11T11:35:00+05:30,1755.0999755859375,1756.5,1755.0,1755.800048828125,8444.0,yahoo
ADANIPORTS,5m,2026-09-11T11:40:00+05:30,1755.4000244140625,1757.300048828125,1755.0,1757.199951171875,11631.0,yahoo
ADANIPORTS,5m,2026-09-11T11:45:00+05:30,1757.199951171875,1758.0,1756.0,1756.800048828125,6468.0,yahoo
ADANIPORTS,5m,2026-09-11T11:50:00+05:30,1756.5,1756.9000244140625,1755.4000244140625,1756.9000244140625,7356.0,yahoo
ADANIPORTS,5m,2026-09-11T11:55:00+05:30,1756.699951171875,1756.9000244140625,1755.0,1756.5999755859375,10065.0,yahoo
ADANIPORTS,5m,2026-09-11T12:00:00+05:30,1756.300048828125,1756.9000244140625,1755.699951171875,1756.5,5153.0,yahoo
ADANIPORTS,5m,2026-09-11T12:05:00+05:30,1756.4000244140625,1757.0,1755.5999755859375,1756.9000244140625,8877.0,yahoo
ADANIPORTS,5m,2026-09-11T12:10:00+05:30,1756.9000244140625,1756.9000244140625,1755.4000244140625,1756.5999755859375,8718.0,yahoo
ADANIPORTS,5m,2026-09-11T12:15:00+05:30,1756.699951171875,1759.5,1756.0,1759.5,6988.0,yahoo
ADANIPORTS,5m,2026-09-11T12:20:00+05:30,1759.5,1761.300048828125,1758.300048828125,1761.300048828125,8530.0,yahoo
ADANIPORTS,5m,2026-09-11T12:25:00+05:30,1761.5999755859375,1761.5999755859375,1759.5,1761.5999755859375,11049.0,yahoo
ADANIPORTS,5m,2026-09-11T12:30:00+05:30,1761.5999755859375,1761.5999755859375,1758.9000244140625,1759.800048828125,8125.0,yahoo
ADANIPORTS,5m,2026-09-11T12:35:00+05:30,1759.800048828125,1760.800048828125,1759.5,1759.9000244140625,6145.0,yahoo
ADANIPORTS,5m,2026-09-11T12:40:00+05:30,1759.800048828125,1761.0,1759.199951171875,1760.0999755859375,6754.0,yahoo
ADANIPORTS,5m,2026-09-11T12:45:00+05:30,1760.0999755859375,1760.699951171875,1759.5999755859375,1760.5,6296.0,yahoo
ADANIPORTS,5m,2026-09-11T12:50:00+05:30,1760.5999755859375,1760.5999755859375,1759.300048828125,1759.699951171875,6612.0,yahoo
ADANIPORTS,5m,2026-09-11T12:55:00+05:30,1759.699951171875,1761.0,1759.4000244140625,1760.4000244140625,8669.0,yahoo
ADANIPORTS,5m,2026-09-11T13:00:00+05:30,1759.9000244140625,1761.199951171875,1759.4000244140625,1759.800048828125,7963.0,yahoo
ADANIPORTS,5m,2026-09-11T13:05:00+05:30,1759.9000244140625,1761.0,1758.800048828125,1759.5999755859375,13122.0,yahoo
ADANIPORTS,5m,2026-09-11T13:10:00+05:30,1759.5999755859375,1761.0,1759.4000244140625,1760.699951171875,6994.0,yahoo
ADANIPORTS,5m,2026-09-11T13:15:00+05:30,1760.699951171875,1761.0,1759.199951171875,1759.9000244140625,7006.0,yahoo
ADANIPORTS,5m,2026-09-11T13:20:00+05:30,1760.199951171875,1761.5,1759.0,1761.4000244140625,6953.0,yahoo
ADANIPORTS,5m,2026-09-11T13:25:00+05:30,1761.5,1762.4000244140625,1759.9000244140625,1761.5999755859375,25434.0,yahoo
ADANIPORTS,5m,2026-09-11T13:30:00+05:30,1761.699951171875,1764.0,1761.5999755859375,1762.199951171875,9979.0,yahoo
ADANIPORTS,5m,2026-09-11T13:35:00+05:30,1762.5,1763.5,1761.800048828125,1762.9000244140625,13121.0,yahoo
ADANIPORTS,5m,2026-09-11T13:40:00+05:30,1763.300048828125,1763.9000244140625,1758.699951171875,1761.5999755859375,32760.0,yahoo
ADANIPORTS,5m,2026-09-11T13:45:00+05:30,1761.5999755859375,1762.5,1760.5999755859375,1761.5,9548.0,yahoo
ADANIPORTS,5m,2026-09-11T13:50:00+05:30,1761.5999755859375,1764.0,1760.0,1762.5999755859375,26172.0,yahoo
ADANIPORTS,5m,2026-09-11T13:55:00+05:30,1763.0,1764.800048828125,1762.5999755859375,1763.5,10912.0,yahoo
ADANIPORTS,5m,2026-09-11T14:00:00+05:30,1763.5,1770.800048828125,1762.9000244140625,1770.4000244140625,36425.0,yahoo
ADANIPORTS,5m,2026-09-11T14:05:00+05:30,1770.800048828125,1771.4000244140625,1766.300048828125,1766.300048828125,26762.0,yahoo
ADANIPORTS,5m,2026-09-11T14:10:00+05:30,1766.300048828125,1767.699951171875,1765.0999755859375,1767.300048828125,12741.0,yahoo
ADANIPORTS,5m,2026-09-11T14:15:00+05:30,1767.800048828125,1768.5,1766.5999755859375,1767.300048828125,11137.0,yahoo
ADANIPORTS,5m,2026-09-11T14:20:00+05:30,1767.0999755859375,1771.4000244140625,1767.0999755859375,1771.4000244140625,19189.0,yahoo
ADANIPORTS,5m,2026-09-11T14:25:00+05:30,1771.800048828125,1771.800048828125,1770.0,1770.699951171875,15776.0,yahoo
ADANIPORTS,5m,2026-09-11T14:30:00+05:30,1770.9000244140625,1771.199951171875,1768.9000244140625,1769.0,12353.0,yahoo
ADANIPORTS,5m,2026-09-11T14:35:00+05:30,1769.0,1770.5999755859375,1768.4000244140625,1769.9000244140625,22833.0,yahoo
ADANIPORTS,5m,2026-09-11T14:40:00+05:30,1769.800048828125,1770.199951171875,1768.5,1769.5,13191.0,yahoo
ADANIPORTS,5m,2026-09-11T14:45:00+05:30,1769.0,1769.0,1767.0,1767.4000244140625,12945.0,yahoo
ADANIPORTS,5m,2026-09-11T14:50:00+05:30,1767.4000244140625,1769.5999755859375,1767.300048828125,1769.300048828125,15159.0,yahoo
ADANIPORTS,5m,2026-09-11T14:55:00+05:30,1769.4000244140625,1770.5999755859375,1768.699951171875,1769.199951171875,37071.0,yahoo
ADANIPORTS,5m,2026-09-11T15:00:00+05:30,1769.5,1769.5,1766.0,1766.300048828125,29770.0,yahoo
ADANIPORTS,5m,2026-09-11T15:05:00+05:30,1766.5999755859375,1767.5,1764.9000244140625,1765.4000244140625,63021.0,yahoo
ADANIPORTS,5m,2026-09-11T15:10:00+05:30,1765.5,1767.5,1764.699951171875,1766.699951171875,45303.0,yahoo
ADANIPORTS,5m,2026-09-11T15:15:00+05:30,1767.5,1767.5,1764.5999755859375,1764.5999755859375,78765.0,yahoo
APOLLOHOSP,5m,2026-09-11T09:15:00+05:30,8811.0,8877.5,8806.0,8857.5,0.0,yahoo
APOLLOHOSP,5m,2026-09-11T09:20:00+05:30,8857.5,8861.5,8852.0,8858.0,3726.0,yahoo
APOLLOHOSP,5m,2026-09-11T09:25:00+05:30,8859.0,8859.0,8840.0,8844.5,1235.0,yahoo
APOLLOHOSP,5m,2026-09-11T09:30:00+05:30,8844.5,8849.0,8835.0,8835.0,2664.0,yahoo
APOLLOHOSP,5m,2026-09-11T09:35:00+05:30,8834.0,8845.5,8830.0,8839.0,1547.0,yahoo
APOLLOHOSP,5m,2026-09-11T09:40:00+05:30,8836.5,8839.5,8826.5,8834.5,1482.0,yahoo
APOLLOHOSP,5m,2026-09-11T09:45:00+05:30,8834.5,8834.5,8820.0,8822.0,2375.0,yahoo
APOLLOHOSP,5m,2026-09-11T09:50:00+05:30,8826.0,8839.0,8823.5,8834.0,809.0,yahoo
APOLLOHOSP,5m,2026-09-11T09:55:00+05:30,8825.0,8836.0,8825.0,8833.5,3023.0,yahoo
APOLLOHOSP,5m,2026-09-11T10:00:00+05:30,8833.5,8838.5,8831.5,8835.0,1619.0,yahoo
APOLLOHOSP,5m,2026-09-11T10:05:00+05:30,8835.0,8849.5,8834.0,8843.5,1478.0,yahoo
APOLLOHOSP,5m,2026-09-11T10:10:00+05:30,8843.5,8848.0,8837.0,8847.0,962.0,yahoo
APOLLOHOSP,5m,2026-09-11T10:15:00+05:30,8847.0,8850.0,8843.5,8849.0,1301.0,yahoo
APOLLOHOSP,5m,2026-09-11T10:20:00+05:30,8849.5,8863.5,8849.0,8862.5,3013.0,yahoo
APOLLOHOSP,5m,2026-09-11T10:25:00+05:30,8860.5,8862.5,8852.0,8858.0,1447.0,yahoo
APOLLOHOSP,5m,2026-09-11T10:30:00+05:30,8857.0,8883.5,8856.5,8871.5,2933.0,yahoo
APOLLOHOSP,5m,2026-09-11T10:35:00+05:30,8871.5,8884.0,8863.5,8882.0,2072.0,yahoo
APOLLOHOSP,5m,2026-09-11T10:40:00+05:30,8884.0,8904.5,8883.5,8901.5,3737.0,yahoo
APOLLOHOSP,5m,2026-09-11T10:45:00+05:30,8901.5,8905.0,8887.0,8894.5,1738.0,yahoo
APOLLOHOSP,5m,2026-09-11T10:50:00+05:30,8894.5,8894.5,8884.5,8887.5,1696.0,yahoo
APOLLOHOSP,5m,2026-09-11T10:55:00+05:30,8887.5,8894.0,8884.5,8890.0,1145.0,yahoo
APOLLOHOSP,5m,2026-09-11T11:00:00+05:30,8890.0,8908.0,8890.0,8898.0,2306.0,yahoo
APOLLOHOSP,5m,2026-09-11T11:05:00+05:30,8894.0,8909.5,8887.5,8909.5,1715.0,yahoo
APOLLOHOSP,5m,2026-09-11T11:10:00+05:30,8910.0,8922.5,8910.0,8918.5,2909.0,yahoo
APOLLOHOSP,5m,2026-09-11T11:15:00+05:30,8920.0,8922.5,8912.5,8922.5,1751.0,yahoo
APOLLOHOSP,5m,2026-09-11T11:20:00+05:30,8919.5,8926.5,8915.5,8923.0,5815.0,yahoo
APOLLOHOSP,5m,2026-09-11T11:25:00+05:30,8920.0,8924.0,8914.0,8921.0,8257.0,yahoo
APOLLOHOSP,5m,2026-09-11T11:30:00+05:30,8917.0,8924.0,8916.5,8918.5,2097.0,yahoo
APOLLOHOSP,5m,2026-09-11T11:35:00+05:30,8922.0,8934.5,8919.5,8934.5,2837.0,yahoo
APOLLOHOSP,5m,2026-09-11T11:40:00+05:30,8935.0,8936.0,8927.0,8930.0,2290.0,yahoo
APOLLOHOSP,5m,2026-09-11T11:45:00+05:30,8931.0,8933.5,8923.5,8925.5,1375.0,yahoo
APOLLOHOSP,5m,2026-09-11T11:50:00+05:30,8929.0,8933.5,8925.5,8931.5,964.0,yahoo
APOLLOHOSP,5m,2026-09-11T11:55:00+05:30,8932.0,8934.0,8926.5,8931.0,1571.0,yahoo
APOLLOHOSP,5m,2026-09-11T12:00:00+05:30,8928.0,8932.0,8925.0,8930.0,1695.0,yahoo
APOLLOHOSP,5m,2026-09-11T12:05:00+05:30,8931.5,8934.0,8924.5,8930.0,1246.0,yahoo
APOLLOHOSP,5m,2026-09-11T12:10:00+05:30,8930.0,8943.5,8929.0,8936.5,4620.0,yahoo
APOLLOHOSP,5m,2026-09-11T12:15:00+05:30,8936.0,8937.0,8930.0,8930.0,2799.0,yahoo
APOLLOHOSP,5m,2026-09-11T12:20:00+05:30,8931.5,8937.0,8921.0,8924.5,1914.0,yahoo
APOLLOHOSP,5m,2026-09-11T12:25:00+05:30,8924.5,8937.0,8924.5,8933.5,5142.0,yahoo
APOLLOHOSP,5m,2026-09-11T12:30:00+05:30,8933.5,8938.5,8933.5,8938.5,4246.0,yahoo
APOLLOHOSP,5m,2026-09-11T12:35:00+05:30,8939.0,8945.0,8938.0,8945.0,3470.0,yahoo
APOLLOHOSP,5m,2026-09-11T12:40:00+05:30,8945.0,8949.0,8939.0,8946.5,2690.0,yahoo
APOLLOHOSP,5m,2026-09-11T12:45:00+05:30,8946.5,8948.5,8936.5,8938.5,4167.0,yahoo
APOLLOHOSP,5m,2026-09-11T12:50:00+05:30,8940.0,8940.0,8932.5,8938.5,2151.0,yahoo
APOLLOHOSP,5m,2026-09-11T12:55:00+05:30,8938.5,8941.0,8930.0,8934.0,2130.0,yahoo
APOLLOHOSP,5m,2026-09-11T13:00:00+05:30,8939.0,8940.0,8937.0,8940.0,1588.0,yahoo
APOLLOHOSP,5m,2026-09-11T13:05:00+05:30,8940.0,8940.0,8939.5,8940.0,1279.0,yahoo
APOLLOHOSP,5m,2026-09-11T13:10:00+05:30,8940.0,8940.0,8934.0,8939.5,2173.0,yahoo
APOLLOHOSP,5m,2026-09-11T13:15:00+05:30,8940.0,8946.5,8939.5,8940.5,2239.0,yahoo
APOLLOHOSP,5m,2026-09-11T13:20:00+05:30,8940.5,8940.5,8934.5,8940.0,1570.0,yahoo
APOLLOHOSP,5m,2026-09-11T13:25:00+05:30,8940.0,8940.5,8939.5,8940.0,1336.0,yahoo
APOLLOHOSP,5m,2026-09-11T13:30:00+05:30,8940.0,8940.0,8939.5,8940.0,1281.0,yahoo
APOLLOHOSP,5m,2026-09-11T13:35:00+05:30,8939.5,8939.5,8930.0,8934.0,1873.0,yahoo
APOLLOHOSP,5m,2026-09-11T13:40:00+05:30,8934.0,8939.5,8916.0,8924.0,4103.0,yahoo
APOLLOHOSP,5m,2026-09-11T13:45:00+05:30,8923.5,8927.5,8919.0,8923.5,1489.0,yahoo
APOLLOHOSP,5m,2026-09-11T13:50:00+05:30,8923.5,8930.0,8916.5,8924.5,3604.0,yahoo
APOLLOHOSP,5m,2026-09-11T13:55:00+05:30,8924.0,8928.5,8916.0,8919.5,3903.0,yahoo
APOLLOHOSP,5m,2026-09-11T14:00:00+05:30,8919.5,8930.5,8918.5,8926.5,2006.0,yahoo
APOLLOHOSP,5m,2026-09-11T14:05:00+05:30,8928.5,8932.0,8918.0,8920.0,2576.0,yahoo
APOLLOHOSP,5m,2026-09-11T14:10:00+05:30,8920.0,8929.5,8916.0,8919.0,2049.0,yahoo
APOLLOHOSP,5m,2026-09-11T14:15:00+05:30,8920.0,8924.5,8908.5,8908.5,2719.0,yahoo
APOLLOHOSP,5m,2026-09-11T14:20:00+05:30,8913.0,8918.5,8907.5,8918.5,934.0,yahoo
APOLLOHOSP,5m,2026-09-11T14:25:00+05:30,8916.5,8918.0,8911.0,8917.0,1225.0,yahoo
APOLLOHOSP,5m,2026-09-11T14:30:00+05:30,8916.0,8919.5,8910.0,8913.5,1305.0,yahoo
APOLLOHOSP,5m,2026-09-11T14:35:00+05:30,8913.0,8915.5,8907.0,8913.5,1741.0,yahoo
APOLLOHOSP,5m,2026-09-11T14:40:00+05:30,8914.0,8915.5,8903.0,8905.0,2553.0,yahoo
APOLLOHOSP,5m,2026-09-11T14:45:00+05:30,8905.0,8908.0,8889.0,8894.0,2780.0,yahoo
APOLLOHOSP,5m,2026-09-11T14:50:00+05:30,8894.0,8896.5,8884.0,8888.5,3114.0,yahoo
APOLLOHOSP,5m,2026-09-11T14:55:00+05:30,8888.5,8898.0,8888.0,8888.0,5834.0,yahoo
APOLLOHOSP,5m,2026-09-11T15:00:00+05:30,8890.0,8891.0,8875.5,8876.0,3930.0,yahoo
APOLLOHOSP,5m,2026-09-11T15:05:00+05:30,8877.0,8882.5,8871.5,8882.5,3593.0,yahoo
APOLLOHOSP,5m,2026-09-11T15:10:00+05:30,8881.0,8881.5,8836.0,8836.0,18796.0,yahoo
ASIANPAINT,5m,2026-09-11T09:15:00+05:30,2452.10009765625,2469.300048828125,2450.699951171875,2469.300048828125,0.0,yahoo
ASIANPAINT,5m,2026-09-11T09:20:00+05:30,2467.39990234375,2467.39990234375,2461.699951171875,2465.300048828125,7283.0,yahoo
ASIANPAINT,5m,2026-09-11T09:25:00+05:30,2465.300048828125,2466.199951171875,2461.89990234375,2464.300048828125,9306.0,yahoo
ASIANPAINT,5m,2026-09-11T09:30:00+05:30,2464.300048828125,2468.800048828125,2461.699951171875,2464.199951171875,13389.0,yahoo
ASIANPAINT,5m,2026-09-11T09:35:00+05:30,2464.300048828125,2464.39990234375,2461.60009765625,2462.0,3159.0,yahoo
ASIANPAINT,5m,2026-09-11T09:40:00+05:30,2462.0,2462.60009765625,2453.800048828125,2455.39990234375,12042.0,yahoo
ASIANPAINT,5m,2026-09-11T09:45:00+05:30,2455.60009765625,2455.89990234375,2453.300048828125,2453.300048828125,4429.0,yahoo
ASIANPAINT,5m,2026-09-11T09:50:00+05:30,2453.60009765625,2455.89990234375,2453.60009765625,2454.89990234375,4329.0,yahoo
ASIANPAINT,5m,2026-09-11T09:55:00+05:30,2454.800048828125,2456.39990234375,2454.300048828125,2455.5,4538.0,yahoo
ASIANPAINT,5m,2026-09-11T10:00:00+05:30,2455.39990234375,2456.5,2454.800048828125,2456.5,3631.0,yahoo
ASIANPAINT,5m,2026-09-11T10:05:00+05:30,2456.5,2457.10009765625,2453.89990234375,2456.5,15621.0,yahoo
ASIANPAINT,5m,2026-09-11T10:10:00+05:30,2456.5,2458.10009765625,2456.0,2458.10009765625,3066.0,yahoo
ASIANPAINT,5m,2026-09-11T10:15:00+05:30,2458.10009765625,2462.800048828125,2457.5,2460.89990234375,31385.0,yahoo
ASIANPAINT,5m,2026-09-11T10:20:00+05:30,2461.0,2461.60009765625,2458.0,2458.0,2981.0,yahoo
ASIANPAINT,5m,2026-09-11T10:25:00+05:30,2458.0,2458.0,2448.699951171875,2448.89990234375,11067.0,yahoo
ASIANPAINT,5m,2026-09-11T10:30:00+05:30,2448.89990234375,2449.60009765625,2444.300048828125,2445.699951171875,15261.0,yahoo
ASIANPAINT,5m,2026-09-11T10:35:00+05:30,2447.0,2449.0,2446.0,2448.5,3628.0,yahoo
ASIANPAINT,5m,2026-09-11T10:40:00+05:30,2448.5,2449.5,2446.699951171875,2448.10009765625,5632.0,yahoo
ASIANPAINT,5m,2026-09-11T10:45:00+05:30,2448.60009765625,2449.0,2447.0,2448.0,2844.0,yahoo
ASIANPAINT,5m,2026-09-11T10:50:00+05:30,2448.10009765625,2448.39990234375,2443.199951171875,2443.199951171875,6314.0,yahoo
ASIANPAINT,5m,2026-09-11T10:55:00+05:30,2444.0,2445.60009765625,2443.300048828125,2445.60009765625,2860.0,yahoo
ASIANPAINT,5m,2026-09-11T11:00:00+05:30,2445.60009765625,2447.10009765625,2445.39990234375,2446.5,3448.0,yahoo
ASIANPAINT,5m,2026-09-11T11:05:00+05:30,2446.10009765625,2447.800048828125,2444.800048828125,2447.39990234375,13382.0,yahoo
ASIANPAINT,5m,2026-09-11T11:10:00+05:30,2447.0,2449.5,2445.800048828125,2448.89990234375,2689.0,yahoo
ASIANPAINT,5m,2026-09-11T11:15:00+05:30,2449.5,2453.0,2449.0,2452.5,6824.0,yahoo
ASIANPAINT,5m,2026-09-11T11:20:00+05:30,2453.0,2454.89990234375,2451.699951171875,2454.5,3568.0,yahoo
ASIANPAINT,5m,2026-09-11T11:25:00+05:30,2455.0,2466.800048828125,2454.5,2463.60009765625,13412.0,yahoo
ASIANPAINT,5m,2026-09-11T11:30:00+05:30,2463.89990234375,2464.300048828125,2460.0,2463.60009765625,4601.0,yahoo
ASIANPAINT,5m,2026-09-11T11:35:00+05:30,2463.10009765625,2463.699951171875,2460.5,2461.5,2186.0,yahoo
ASIANPAINT,5m,2026-09-11T11:40:00+05:30,2461.5,2461.5,2458.39990234375,2460.89990234375,4948.0,yahoo
ASIANPAINT,5m,2026-09-11T11:45:00+05:30,2460.89990234375,2462.300048828125,2458.0,2458.699951171875,3557.0,yahoo
ASIANPAINT,5m,2026-09-11T11:50:00+05:30,2459.0,2459.800048828125,2457.39990234375,2459.10009765625,2570.0,yahoo
ASIANPAINT,5m,2026-09-11T11:55:00+05:30,2459.5,2463.800048828125,2457.800048828125,2460.0,8319.0,yahoo
ASIANPAINT,5m,2026-09-11T12:00:00+05:30,2460.699951171875,2461.39990234375,2457.0,2460.199951171875,22136.0,yahoo
ASIANPAINT,5m,2026-09-11T12:05:00+05:30,2461.10009765625,2462.0,2459.300048828125,2461.0,7092.0,yahoo
ASIANPAINT,5m,2026-09-11T12:10:00+05:30,2461.199951171875,2462.0,2457.300048828125,2457.300048828125,3340.0,yahoo
ASIANPAINT,5m,2026-09-11T12:15:00+05:30,2457.300048828125,2459.800048828125,2457.10009765625,2458.60009765625,2468.0,yahoo
ASIANPAINT,5m,2026-09-11T12:20:00+05:30,2458.60009765625,2459.0,2456.199951171875,2458.0,3421.0,yahoo
ASIANPAINT,5m,2026-09-11T12:25:00+05:30,2458.0,2458.0,2456.0,2456.60009765625,2046.0,yahoo
ASIANPAINT,5m,2026-09-11T12:30:00+05:30,2457.300048828125,2459.0,2456.60009765625,2458.199951171875,3459.0,yahoo
ASIANPAINT,5m,2026-09-11T12:35:00+05:30,2458.800048828125,2458.89990234375,2456.0,2456.300048828125,3153.0,yahoo
ASIANPAINT,5m,2026-09-11T12:40:00+05:30,2456.800048828125,2459.0,2456.300048828125,2458.300048828125,4672.0,yahoo
ASIANPAINT,5m,2026-09-11T12:45:00+05:30,2458.5,2459.0,2456.89990234375,2458.0,3348.0,yahoo
ASIANPAINT,5m,2026-09-11T12:50:00+05:30,2459.0,2461.800048828125,2457.0,2461.300048828125,4527.0,yahoo
ASIANPAINT,5m,2026-09-11T12:55:00+05:30,2461.800048828125,2465.0,2459.89990234375,2464.89990234375,5158.0,yahoo
ASIANPAINT,5m,2026-09-11T13:00:00+05:30,2465.0,2466.39990234375,2463.5,2466.0,8687.0,yahoo
ASIANPAINT,5m,2026-09-11T13:05:00+05:30,2465.300048828125,2467.10009765625,2464.0,2465.800048828125,5462.0,yahoo
ASIANPAINT,5m,2026-09-11T13:10:00+05:30,2465.39990234375,2467.300048828125,2464.39990234375,2467.300048828125,3720.0,yahoo
ASIANPAINT,5m,2026-09-11T13:15:00+05:30,2467.699951171875,2468.39990234375,2465.10009765625,2466.60009765625,4778.0,yahoo
ASIANPAINT,5m,2026-09-11T13:20:00+05:30,2466.800048828125,2466.800048828125,2465.0,2466.5,2824.0,yahoo
ASIANPAINT,5m,2026-09-11T13:25:00+05:30,2466.5,2467.5,2465.10009765625,2466.5,4862.0,yahoo
ASIANPAINT,5m,2026-09-11T13:30:00+05:30,2466.60009765625,2466.60009765625,2463.800048828125,2465.0,5398.0,yahoo
ASIANPAINT,5m,2026-09-11T13:35:00+05:30,2465.39990234375,2466.300048828125,2465.0,2465.60009765625,4184.0,yahoo
ASIANPAINT,5m,2026-09-11T13:40:00+05:30,2465.60009765625,2465.800048828125,2457.199951171875,2462.300048828125,12961.0,yahoo
ASIANPAINT,5m,2026-09-11T13:45:00+05:30,2462.39990234375,2465.0,2460.5,2463.699951171875,10251.0,yahoo
ASIANPAINT,5m,2026-09-11T13:50:00+05:30,2463.699951171875,2465.89990234375,2461.89990234375,2462.89990234375,11704.0,yahoo
ASIANPAINT,5m,2026-09-11T13:55:00+05:30,2463.300048828125,2465.60009765625,2462.89990234375,2463.0,3233.0,yahoo
ASIANPAINT,5m,2026-09-11T14:00:00+05:30,2463.10009765625,2467.39990234375,2462.39990234375,2467.39990234375,4000.0,yahoo
ASIANPAINT,5m,2026-09-11T14:05:00+05:30,2467.699951171875,2468.300048828125,2465.10009765625,2466.89990234375,5569.0,yahoo
ASIANPAINT,5m,2026-09-11T14:10:00+05:30,2467.0,2467.60009765625,2465.10009765625,2466.60009765625,3915.0,yahoo
ASIANPAINT,5m,2026-09-11T14:15:00+05:30,2466.60009765625,2468.0,2465.0,2466.60009765625,8052.0,yahoo
ASIANPAINT,5m,2026-09-11T14:20:00+05:30,2466.89990234375,2467.800048828125,2465.199951171875,2467.800048828125,3988.0,yahoo
ASIANPAINT,5m,2026-09-11T14:25:00+05:30,2467.800048828125,2468.300048828125,2466.89990234375,2468.0,4210.0,yahoo
ASIANPAINT,5m,2026-09-11T14:30:00+05:30,2468.0,2470.0,2467.5,2468.5,35154.0,yahoo
ASIANPAINT,5m,2026-09-11T14:35:00+05:30,2468.5,2469.0,2466.800048828125,2468.10009765625,3848.0,yahoo
ASIANPAINT,5m,2026-09-11T14:40:00+05:30,2468.5,2469.60009765625,2467.5,2469.0,3677.0,yahoo
ASIANPAINT,5m,2026-09-11T14:45:00+05:30,2469.199951171875,2469.300048828125,2461.699951171875,2462.5,10852.0,yahoo
ASIANPAINT,5m,2026-09-11T14:50:00+05:30,2462.5,2465.0,2461.5,2464.300048828125,4421.0,yahoo
ASIANPAINT,5m,2026-09-11T14:55:00+05:30,2465.0,2465.0,2461.89990234375,2463.5,9311.0,yahoo
ASIANPAINT,5m,2026-09-11T15:00:00+05:30,2463.39990234375,2464.699951171875,2459.800048828125,2464.10009765625,32855.0,yahoo
ASIANPAINT,5m,2026-09-11T15:05:00+05:30,2464.0,2467.0,2464.0,2466.39990234375,26713.0,yahoo
ASIANPAINT,5m,2026-09-11T15:10:00+05:30,2465.89990234375,2468.89990234375,2459.199951171875,2467.300048828125,29659.0,yahoo
ASIANPAINT,5m,2026-09-11T15:15:00+05:30,2467.699951171875,2472.5,2467.699951171875,2472.5,38692.0,yahoo
ATHERENERG,5m,2026-09-11T09:15:00+05:30,1655.0999755859375,1655.0999755859375,1615.699951171875,1628.4000244140625,0.0,yahoo
ATHERENERG,5m,2026-09-11T09:20:00+05:30,1628.0999755859375,1659.5999755859375,1621.800048828125,1653.5999755859375,256553.0,yahoo
ATHERENERG,5m,2026-09-11T09:25:00+05:30,1653.5,1667.4000244140625,1647.5999755859375,1657.800048828125,252545.0,yahoo
ATHERENERG,5m,2026-09-11T09:30:00+05:30,1657.5,1660.0,1642.0999755859375,1659.9000244140625,200904.0,yahoo
ATHERENERG,5m,2026-09-11T09:35:00+05:30,1659.9000244140625,1664.300048828125,1656.0,1661.5999755859375,153418.0,yahoo
ATHERENERG,5m,2026-09-11T09:40:00+05:30,1661.199951171875,1664.800048828125,1659.0,1663.800048828125,101871.0,yahoo
ATHERENERG,5m,2026-09-11T09:45:00+05:30,1663.800048828125,1667.9000244140625,1659.4000244140625,1667.300048828125,157590.0,yahoo
ATHERENERG,5m,2026-09-11T09:50:00+05:30,1667.300048828125,1672.0,1653.0999755859375,1656.9000244140625,298426.0,yahoo
ATHERENERG,5m,2026-09-11T09:55:00+05:30,1656.9000244140625,1661.800048828125,1648.199951171875,1654.0,161414.0,yahoo
ATHERENERG,5m,2026-09-11T10:00:00+05:30,1654.0,1666.699951171875,1653.800048828125,1664.300048828125,130518.0,yahoo
ATHERENERG,5m,2026-09-11T10:05:00+05:30,1664.199951171875,1665.5,1658.0,1662.0999755859375,72418.0,yahoo
ATHERENERG,5m,2026-09-11T10:10:00+05:30,1662.0999755859375,1662.300048828125,1656.199951171875,1657.9000244140625,64196.0,yahoo
ATHERENERG,5m,2026-09-11T10:15:00+05:30,1658.4000244140625,1660.0,1656.0,1659.4000244140625,36399.0,yahoo
ATHERENERG,5m,2026-09-11T10:20:00+05:30,1659.699951171875,1661.0,1656.199951171875,1660.800048828125,32268.0,yahoo
ATHERENERG,5m,2026-09-11T10:25:00+05:30,1660.9000244140625,1661.699951171875,1657.0999755859375,1658.5,40657.0,yahoo
ATHERENERG,5m,2026-09-11T10:30:00+05:30,1658.0,1659.4000244140625,1656.5999755859375,1659.199951171875,24352.0,yahoo
ATHERENERG,5m,2026-09-11T10:35:00+05:30,1659.199951171875,1661.300048828125,1658.0999755859375,1658.199951171875,33904.0,yahoo
ATHERENERG,5m,2026-09-11T10:40:00+05:30,1658.300048828125,1666.0,1657.199951171875,1665.0,76168.0,yahoo
ATHERENERG,5m,2026-09-11T10:45:00+05:30,1665.800048828125,1671.9000244140625,1664.9000244140625,1668.0,165186.0,yahoo
ATHERENERG,5m,2026-09-11T10:50:00+05:30,1668.0999755859375,1669.5,1666.4000244140625,1667.5,45565.0,yahoo
ATHERENERG,5m,2026-09-11T10:55:00+05:30,1667.5,1668.4000244140625,1663.199951171875,1666.199951171875,61473.0,yahoo
ATHERENERG,5m,2026-09-11T11:00:00+05:30,1665.4000244140625,1669.9000244140625,1662.0,1663.5999755859375,53938.0,yahoo
ATHERENERG,5m,2026-09-11T11:05:00+05:30,1663.5999755859375,1664.0,1651.4000244140625,1655.0,230098.0,yahoo
ATHERENERG,5m,2026-09-11T11:10:00+05:30,1655.0,1661.0999755859375,1654.5,1660.0,57809.0,yahoo
ATHERENERG,5m,2026-09-11T11:15:00+05:30,1659.199951171875,1661.5999755859375,1655.0,1655.0,44812.0,yahoo
ATHERENERG,5m,2026-09-11T11:20:00+05:30,1654.699951171875,1661.4000244140625,1653.4000244140625,1653.5999755859375,102327.0,yahoo
ATHERENERG,5m,2026-09-11T11:25:00+05:30,1653.800048828125,1656.5999755859375,1653.0,1655.4000244140625,20056.0,yahoo
ATHERENERG,5m,2026-09-11T11:30:00+05:30,1656.0,1657.0,1654.0,1657.0,17444.0,yahoo
ATHERENERG,5m,2026-09-11T11:35:00+05:30,1657.0,1657.800048828125,1654.0,1654.5,18522.0,yahoo
ATHERENERG,5m,2026-09-11T11:40:00+05:30,1654.9000244140625,1659.800048828125,1654.0999755859375,1658.0,17004.0,yahoo
ATHERENERG,5m,2026-09-11T11:45:00+05:30,1658.0,1663.0999755859375,1657.4000244140625,1661.5,34725.0,yahoo
ATHERENERG,5m,2026-09-11T11:50:00+05:30,1661.199951171875,1669.300048828125,1660.5,1668.0,82847.0,yahoo
ATHERENERG,5m,2026-09-11T11:55:00+05:30,1669.0,1669.0999755859375,1663.0,1666.0,38027.0,yahoo
ATHERENERG,5m,2026-09-11T12:00:00+05:30,1666.0,1666.0,1660.699951171875,1665.0,35692.0,yahoo
ATHERENERG,5m,2026-09-11T12:05:00+05:30,1664.9000244140625,1666.5999755859375,1663.9000244140625,1664.5999755859375,16787.0,yahoo
ATHERENERG,5m,2026-09-11T12:10:00+05:30,1661.800048828125,1664.9000244140625,1661.5,1663.0,45223.0,yahoo
ATHERENERG,5m,2026-09-11T12:15:00+05:30,1663.0,1666.5,1663.0,1666.0,18542.0,yahoo
ATHERENERG,5m,2026-09-11T12:20:00+05:30,1666.5,1673.0,1666.4000244140625,1669.5999755859375,143172.0,yahoo
ATHERENERG,5m,2026-09-11T12:25:00+05:30,1669.699951171875,1669.9000244140625,1665.699951171875,1666.0,32928.0,yahoo
ATHERENERG,5m,2026-09-11T12:30:00+05:30,1666.699951171875,1667.5999755859375,1661.199951171875,1661.5,37071.0,yahoo
ATHERENERG,5m,2026-09-11T12:35:00+05:30,1662.0999755859375,1665.4000244140625,1659.0,1659.5,34298.0,yahoo
ATHERENERG,5m,2026-09-11T12:40:00+05:30,1659.199951171875,1659.4000244140625,1653.5,1657.0,72907.0,yahoo
ATHERENERG,5m,2026-09-11T12:45:00+05:30,1657.5,1660.0,1657.0999755859375,1658.5,28444.0,yahoo
ATHERENERG,5m,2026-09-11T12:50:00+05:30,1659.0999755859375,1662.0,1658.5,1660.0999755859375,22302.0,yahoo
ATHERENERG,5m,2026-09-11T12:55:00+05:30,1660.699951171875,1662.4000244140625,1660.0,1660.0,23759.0,yahoo
ATHERENERG,5m,2026-09-11T13:00:00+05:30,1660.0,1660.0,1656.0,1657.199951171875,30822.0,yahoo
ATHERENERG,5m,2026-09-11T13:05:00+05:30,1657.199951171875,1659.4000244140625,1656.300048828125,1658.199951171875,20441.0,yahoo
ATHERENERG,5m,2026-09-11T13:10:00+05:30,1658.300048828125,1659.800048828125,1656.5999755859375,1657.300048828125,15717.0,yahoo
ATHERENERG,5m,2026-09-11T13:15:00+05:30,1657.300048828125,1658.5999755859375,1656.5,1656.5,11047.0,yahoo
ATHERENERG,5m,2026-09-11T13:20:00+05:30,1657.0,1657.0,1647.199951171875,1651.800048828125,100410.0,yahoo
ATHERENERG,5m,2026-09-11T13:25:00+05:30,1651.699951171875,1652.0,1648.5999755859375,1649.4000244140625,20134.0,yahoo
ATHERENERG,5m,2026-09-11T13:30:00+05:30,1649.199951171875,1655.9000244140625,1649.0,1654.699951171875,51107.0,yahoo
ATHERENERG,5m,2026-09-11T13:35:00+05:30,1654.5,1656.800048828125,1649.0999755859375,1650.199951171875,51829.0,yahoo
ATHERENERG,5m,2026-09-11T13:40:00+05:30,1650.199951171875,1654.4000244140625,1648.5999755859375,1654.0,27813.0,yahoo
ATHERENERG,5m,2026-09-11T13:45:00+05:30,1654.0,1656.0,1653.5999755859375,1655.9000244140625,25856.0,yahoo
ATHERENERG,5m,2026-09-11T13:50:00+05:30,1655.9000244140625,1656.0,1652.300048828125,1654.0,11448.0,yahoo
ATHERENERG,5m,2026-09-11T13:55:00+05:30,1654.0,1656.800048828125,1653.5999755859375,1656.800048828125,14013.0,yahoo
ATHERENERG,5m,2026-09-11T14:00:00+05:30,1656.800048828125,1656.800048828125,1654.5999755859375,1655.5999755859375,12994.0,yahoo
ATHERENERG,5m,2026-09-11T14:05:00+05:30,1655.5999755859375,1656.5,1655.0,1655.5999755859375,10358.0,yahoo
ATHERENERG,5m,2026-09-11T14:10:00+05:30,1656.0,1657.0,1655.5,1656.5,19781.0,yahoo
ATHERENERG,5m,2026-09-11T14:15:00+05:30,1656.800048828125,1658.4000244140625,1656.0,1658.0999755859375,24194.0,yahoo
ATHERENERG,5m,2026-09-11T14:20:00+05:30,1658.4000244140625,1658.4000244140625,1656.0999755859375,1657.0,17002.0,yahoo
ATHERENERG,5m,2026-09-11T14:25:00+05:30,1657.0,1657.300048828125,1656.300048828125,1657.0999755859375,7825.0,yahoo
ATHERENERG,5m,2026-09-11T14:30:00+05:30,1656.5999755859375,1659.300048828125,1656.5999755859375,1657.300048828125,16790.0,yahoo
ATHERENERG,5m,2026-09-11T14:35:00+05:30,1657.5,1659.0,1657.199951171875,1657.699951171875,20722.0,yahoo
ATHERENERG,5m,2026-09-11T14:40:00+05:30,1657.800048828125,1658.5,1654.5999755859375,1654.5999755859375,19812.0,yahoo
ATHERENERG,5m,2026-09-11T14:45:00+05:30,1654.5999755859375,1654.800048828125,1652.300048828125,1654.300048828125,29016.0,yahoo
ATHERENERG,5m,2026-09-11T14:50:00+05:30,1654.4000244140625,1658.199951171875,1654.300048828125,1658.0,65727.0,yahoo
ATHERENERG,5m,2026-09-11T14:55:00+05:30,1657.5,1659.0,1657.0999755859375,1658.0,34950.0,yahoo
ATHERENERG,5m,2026-09-11T15:00:00+05:30,1656.4000244140625,1656.4000244140625,1650.5,1651.0,60467.0,yahoo
ATHERENERG,5m,2026-09-11T15:05:00+05:30,1651.0,1653.699951171875,1649.9000244140625,1651.0999755859375,78281.0,yahoo
ATHERENERG,5m,2026-09-11T15:10:00+05:30,1651.800048828125,1657.0,1648.0999755859375,1656.0,127457.0,yahoo
ATHERENERG,5m,2026-09-11T15:15:00+05:30,1656.0,1656.0,1656.0,1656.0,13202.0,yahoo
AXISBANK,5m,2026-09-11T09:15:00+05:30,1230.0999755859375,1235.800048828125,1229.9000244140625,1233.0,0.0,yahoo
AXISBANK,5m,2026-09-11T09:20:00+05:30,1233.0,1235.199951171875,1232.4000244140625,1235.199951171875,58754.0,yahoo
AXISBANK,5m,2026-09-11T09:25:00+05:30,1234.9000244140625,1241.0,1234.9000244140625,1239.300048828125,246746.0,yahoo
AXISBANK,5m,2026-09-11T09:30:00+05:30,1239.0,1239.0,1234.0,1234.5,68243.0,yahoo
AXISBANK,5m,2026-09-11T09:35:00+05:30,1234.5999755859375,1238.5999755859375,1234.0999755859375,1238.300048828125,25513.0,yahoo
AXISBANK,5m,2026-09-11T09:40:00+05:30,1237.800048828125,1238.199951171875,1236.9000244140625,1238.199951171875,32957.0,yahoo
AXISBANK,5m,2026-09-11T09:45:00+05:30,1238.300048828125,1238.300048828125,1236.5999755859375,1237.0,29130.0,yahoo
AXISBANK,5m,2026-09-11T09:50:00+05:30,1237.0,1237.4000244140625,1235.800048828125,1237.0,27370.0,yahoo
AXISBANK,5m,2026-09-11T09:55:00+05:30,1237.0,1239.5999755859375,1237.0,1237.800048828125,40971.0,yahoo
AXISBANK,5m,2026-09-11T10:00:00+05:30,1237.699951171875,1239.300048828125,1237.0,1239.0999755859375,39747.0,yahoo
AXISBANK,5m,2026-09-11T10:05:00+05:30,1238.699951171875,1240.0,1238.5,1240.0,36336.0,yahoo
AXISBANK,5m,2026-09-11T10:10:00+05:30,1239.800048828125,1242.0,1239.199951171875,1242.0,59955.0,yahoo
AXISBANK,5m,2026-09-11T10:15:00+05:30,1242.699951171875,1244.5999755859375,1240.5,1240.9000244140625,58981.0,yahoo
AXISBANK,5m,2026-09-11T10:20:00+05:30,1240.9000244140625,1246.800048828125,1240.800048828125,1246.0999755859375,48266.0,yahoo
AXISBANK,5m,2026-09-11T10:25:00+05:30,1246.0,1246.4000244140625,1244.0,1244.9000244140625,45028.0,yahoo
AXISBANK,5m,2026-09-11T10:30:00+05:30,1245.0,1246.300048828125,1244.0999755859375,1246.0,40380.0,yahoo
AXISBANK,5m,2026-09-11T10:35:00+05:30,1246.0,1246.199951171875,1244.199951171875,1245.699951171875,40967.0,yahoo
AXISBANK,5m,2026-09-11T10:40:00+05:30,1245.699951171875,1245.800048828125,1243.4000244140625,1244.300048828125,99012.0,yahoo
AXISBANK,5m,2026-09-11T10:45:00+05:30,1244.4000244140625,1245.4000244140625,1243.300048828125,1244.0,44497.0,yahoo
AXISBANK,5m,2026-09-11T10:50:00+05:30,1244.0,1244.0,1241.5999755859375,1242.0,171223.0,yahoo
AXISBANK,5m,2026-09-11T10:55:00+05:30,1242.0,1242.0,1240.5,1240.699951171875,29225.0,yahoo
AXISBANK,5m,2026-09-11T11:00:00+05:30,1240.199951171875,1241.4000244140625,1239.699951171875,1240.800048828125,50739.0,yahoo
AXISBANK,5m,2026-09-11T11:05:00+05:30,1240.800048828125,1242.4000244140625,1239.300048828125,1242.4000244140625,24235.0,yahoo
AXISBANK,5m,2026-09-11T11:10:00+05:30,1242.0,1247.199951171875,1242.0,1246.4000244140625,35409.0,yahoo
AXISBANK,5m,2026-09-11T11:15:00+05:30,1246.9000244140625,1247.4000244140625,1244.800048828125,1245.699951171875,21953.0,yahoo
AXISBANK,5m,2026-09-11T11:20:00+05:30,1245.9000244140625,1246.800048828125,1245.0999755859375,1245.699951171875,22797.0,yahoo
AXISBANK,5m,2026-09-11T11:25:00+05:30,1246.300048828125,1246.300048828125,1244.4000244140625,1244.9000244140625,19101.0,yahoo
AXISBANK,5m,2026-09-11T11:30:00+05:30,1244.9000244140625,1245.300048828125,1244.4000244140625,1245.199951171875,20630.0,yahoo
AXISBANK,5m,2026-09-11T11:35:00+05:30,1245.199951171875,1247.300048828125,1244.5,1245.800048828125,21693.0,yahoo
AXISBANK,5m,2026-09-11T11:40:00+05:30,1245.699951171875,1246.699951171875,1245.199951171875,1246.199951171875,29744.0,yahoo
AXISBANK,5m,2026-09-11T11:45:00+05:30,1246.5,1246.5999755859375,1244.0,1244.5,21768.0,yahoo
AXISBANK,5m,2026-09-11T11:50:00+05:30,1244.5999755859375,1244.800048828125,1243.0,1244.699951171875,26980.0,yahoo
AXISBANK,5m,2026-09-11T11:55:00+05:30,1244.800048828125,1246.0,1243.9000244140625,1246.0,28613.0,yahoo
AXISBANK,5m,2026-09-11T12:00:00+05:30,1246.0999755859375,1247.0,1245.5999755859375,1246.5999755859375,24366.0,yahoo
AXISBANK,5m,2026-09-11T12:05:00+05:30,1246.800048828125,1247.0999755859375,1245.800048828125,1246.5999755859375,27002.0,yahoo
AXISBANK,5m,2026-09-11T12:10:00+05:30,1246.0999755859375,1246.5999755859375,1245.199951171875,1246.300048828125,32989.0,yahoo
AXISBANK,5m,2026-09-11T12:15:00+05:30,1246.300048828125,1247.0,1245.5999755859375,1247.0,24547.0,yahoo
AXISBANK,5m,2026-09-11T12:20:00+05:30,1247.199951171875,1247.800048828125,1246.199951171875,1247.699951171875,28262.0,yahoo
AXISBANK,5m,2026-09-11T12:25:00+05:30,1247.699951171875,1247.699951171875,1246.5,1246.9000244140625,19272.0,yahoo
AXISBANK,5m,2026-09-11T12:30:00+05:30,1246.9000244140625,1247.0999755859375,1246.0999755859375,1246.800048828125,24745.0,yahoo
AXISBANK,5m,2026-09-11T12:35:00+05:30,1246.800048828125,1249.0,1246.5999755859375,1247.9000244140625,41416.0,yahoo
AXISBANK,5m,2026-09-11T12:40:00+05:30,1247.9000244140625,1250.5999755859375,1247.0999755859375,1249.9000244140625,54540.0,yahoo
AXISBANK,5m,2026-09-11T12:45:00+05:30,1249.9000244140625,1250.5999755859375,1248.0999755859375,1250.5,83613.0,yahoo
AXISBANK,5m,2026-09-11T12:50:00+05:30,1250.5,1251.0999755859375,1249.5999755859375,1250.4000244140625,34136.0,yahoo
AXISBANK,5m,2026-09-11T12:55:00+05:30,1250.4000244140625,1251.5,1250.0,1250.699951171875,44157.0,yahoo
AXISBANK,5m,2026-09-11T13:00:00+05:30,1250.699951171875,1250.699951171875,1247.4000244140625,1247.4000244140625,48615.0,yahoo
AXISBANK,5m,2026-09-11T13:05:00+05:30,1247.4000244140625,1249.0,1246.0999755859375,1248.0,159110.0,yahoo
AXISBANK,5m,2026-09-11T13:10:00+05:30,1247.9000244140625,1249.4000244140625,1246.199951171875,1249.4000244140625,66980.0,yahoo
AXISBANK,5m,2026-09-11T13:15:00+05:30,1249.4000244140625,1249.5,1248.699951171875,1249.300048828125,62431.0,yahoo
AXISBANK,5m,2026-09-11T13:20:00+05:30,1249.300048828125,1250.199951171875,1249.0,1250.0,48985.0,yahoo
AXISBANK,5m,2026-09-11T13:25:00+05:30,1250.0999755859375,1250.5999755859375,1249.4000244140625,1250.300048828125,25511.0,yahoo
AXISBANK,5m,2026-09-11T13:30:00+05:30,1250.4000244140625,1250.699951171875,1249.199951171875,1249.4000244140625,24590.0,yahoo
AXISBANK,5m,2026-09-11T13:35:00+05:30,1249.4000244140625,1249.4000244140625,1246.0,1246.9000244140625,117553.0,yahoo
AXISBANK,5m,2026-09-11T13:40:00+05:30,1247.0,1247.199951171875,1245.300048828125,1246.0,35553.0,yahoo
AXISBANK,5m,2026-09-11T13:45:00+05:30,1246.0,1246.0,1243.300048828125,1244.300048828125,106529.0,yahoo
AXISBANK,5m,2026-09-11T13:50:00+05:30,1244.699951171875,1247.800048828125,1244.300048828125,1245.0,36345.0,yahoo
AXISBANK,5m,2026-09-11T13:55:00+05:30,1245.0,1247.199951171875,1245.0,1246.800048828125,56378.0,yahoo
AXISBANK,5m,2026-09-11T14:00:00+05:30,1246.800048828125,1249.5,1246.0999755859375,1248.199951171875,48526.0,yahoo
AXISBANK,5m,2026-09-11T14:05:00+05:30,1248.199951171875,1248.199951171875,1246.199951171875,1246.300048828125,35560.0,yahoo
AXISBANK,5m,2026-09-11T14:10:00+05:30,1246.5999755859375,1248.800048828125,1246.199951171875,1248.300048828125,28661.0,yahoo
AXISBANK,5m,2026-09-11T14:15:00+05:30,1248.300048828125,1248.9000244140625,1247.300048828125,1248.4000244140625,40973.0,yahoo
AXISBANK,5m,2026-09-11T14:20:00+05:30,1248.0,1249.699951171875,1247.4000244140625,1248.9000244140625,146834.0,yahoo
AXISBANK,5m,2026-09-11T14:25:00+05:30,1249.0,1249.5,1247.199951171875,1247.699951171875,26091.0,yahoo
AXISBANK,5m,2026-09-11T14:30:00+05:30,1247.699951171875,1248.5,1246.800048828125,1247.5999755859375,28368.0,yahoo
AXISBANK,5m,2026-09-11T14:35:00+05:30,1247.699951171875,1249.5999755859375,1247.199951171875,1249.300048828125,34606.0,yahoo
AXISBANK,5m,2026-09-11T14:40:00+05:30,1249.0,1250.5,1248.5,1250.199951171875,103619.0,yahoo
AXISBANK,5m,2026-09-11T14:45:00+05:30,1250.199951171875,1252.0,1249.5999755859375,1251.9000244140625,147284.0,yahoo
AXISBANK,5m,2026-09-11T14:50:00+05:30,1251.5,1252.800048828125,1250.5999755859375,1250.5999755859375,143130.0,yahoo
AXISBANK,5m,2026-09-11T14:55:00+05:30,1250.5999755859375,1251.300048828125,1249.9000244140625,1250.5999755859375,81134.0,yahoo
AXISBANK,5m,2026-09-11T15:00:00+05:30,1250.199951171875,1250.4000244140625,1248.0999755859375,1248.4000244140625,56028.0,yahoo
AXISBANK,5m,2026-09-11T15:05:00+05:30,1248.199951171875,1249.9000244140625,1248.0999755859375,1249.9000244140625,79847.0,yahoo
AXISBANK,5m,2026-09-11T15:10:00+05:30,1250.199951171875,1251.300048828125,1249.699951171875,1251.0,320326.0,yahoo
AXISBANK,5m,2026-09-11T15:15:00+05:30,1251.0999755859375,1251.0999755859375,1246.0,1246.0,218150.0,yahoo
BAJAJ-AUTO,5m,2026-09-11T09:15:00+05:30,11640.0,11640.0,11547.0,11556.0,0.0,yahoo
BAJAJ-AUTO,5m,2026-09-11T09:20:00+05:30,11556.0,11579.0,11530.0,11573.0,6385.0,yahoo
BAJAJ-AUTO,5m,2026-09-11T09:25:00+05:30,11570.0,11584.0,11570.0,11574.0,3164.0,yahoo
BAJAJ-AUTO,5m,2026-09-11T09:30:00+05:30,11571.0,11610.0,11570.0,11610.0,2958.0,yahoo
BAJAJ-AUTO,5m,2026-09-11T09:35:00+05:30,11606.0,11633.0,11603.0,11608.0,6914.0,yahoo
BAJAJ-AUTO,5m,2026-09-11T09:40:00+05:30,11614.0,11614.0,11596.0,11611.0,2715.0,yahoo
BAJAJ-AUTO,5m,2026-09-11T09:45:00+05:30,11609.0,11616.0,11598.0,11605.0,2464.0,yahoo
BAJAJ-AUTO,5m,2026-09-11T09:50:00+05:30,11605.0,11610.0,11600.0,11600.0,1413.0,yahoo
BAJAJ-AUTO,5m,2026-09-11T09:55:00+05:30,11603.0,11610.0,11599.0,11608.0,1414.0,yahoo
BAJAJ-AUTO,5m,2026-09-11T10:00:00+05:30,11611.0,11614.0,11606.0,11614.0,1228.0,yahoo
BAJAJ-AUTO,5m,2026-09-11T10:05:00+05:30,11613.0,11669.0,11613.0,11669.0,6330.0,yahoo
BAJAJ-AUTO,5m,2026-09-11T10:10:00+05:30,11669.0,11670.0,11651.0,11652.0,1840.0,yahoo
BAJAJ-AUTO,5m,2026-09-11T10:15:00+05:30,11664.0,11665.0,11651.0,11655.0,1181.0,yahoo
BAJAJ-AUTO,5m,2026-09-11T10:20:00+05:30,11657.0,11689.0,11652.0,11682.0,2008.0,yahoo
BAJAJ-AUTO,5m,2026-09-11T10:25:00+05:30,11683.0,11687.0,11663.0,11663.0,1419.0,yahoo
BAJAJ-AUTO,5m,2026-09-11T10:30:00+05:30,11661.0,11676.0,11661.0,11676.0,1828.0,yahoo
BAJAJ-AUTO,5m,2026-09-11T10:35:00+05:30,11671.0,11689.0,11661.0,11668.0,2013.0,yahoo
BAJAJ-AUTO,5m,2026-09-11T10:40:00+05:30,11663.0,11680.0,11662.0,11675.0,1178.0,yahoo
BAJAJ-AUTO,5m,2026-09-11T10:45:00+05:30,11675.0,11694.0,11670.0,11683.0,2755.0,yahoo
BAJAJ-AUTO,5m,2026-09-11T10:50:00+05:30,11685.0,11685.0,11654.0,11659.0,4201.0,yahoo
BAJAJ-AUTO,5m,2026-09-11T10:55:00+05:30,11655.0,11659.0,11642.0,11656.0,12714.0,yahoo
BAJAJ-AUTO,5m,2026-09-11T11:00:00+05:30,11658.0,11671.0,11653.0,11657.0,2202.0,yahoo
BAJAJ-AUTO,5m,2026-09-11T11:05:00+05:30,11656.0,11666.0,11650.0,11662.0,3455.0,yahoo
BAJAJ-AUTO,5m,2026-09-11T11:10:00+05:30,11663.0,11695.0,11662.0,11685.0,3507.0,yahoo
BAJAJ-AUTO,5m,2026-09-11T11:15:00+05:30,11683.0,11687.0,11668.0,11668.0,1202.0,yahoo
BAJAJ-AUTO,5m,2026-09-11T11:20:00+05:30,11669.0,11680.0,11668.0,11679.0,1219.0,yahoo
BAJAJ-AUTO,5m,2026-09-11T11:25:00+05:30,11680.0,11689.0,11673.0,11677.0,1487.0,yahoo
BAJAJ-AUTO,5m,2026-09-11T11:30:00+05:30,11674.0,11683.0,11669.0,11676.0,2202.0,yahoo
BAJAJ-AUTO,5m,2026-09-11T11:35:00+05:30,11677.0,11680.0,11673.0,11680.0,804.0,yahoo
BAJAJ-AUTO,5m,2026-09-11T11:40:00+05:30,11676.0,11686.0,11675.0,11682.0,762.0,yahoo
BAJAJ-AUTO,5m,2026-09-11T11:45:00+05:30,11682.0,11689.0,11680.0,11680.0,1380.0,yahoo
BAJAJ-AUTO,5m,2026-09-11T11:50:00+05:30,11679.0,11687.0,11672.0,11686.0,1113.0,yahoo
BAJAJ-AUTO,5m,2026-09-11T11:55:00+05:30,11687.0,11687.0,11674.0,11686.0,627.0,yahoo
BAJAJ-AUTO,5m,2026-09-11T12:00:00+05:30,11683.0,11690.0,11675.0,11680.0,849.0,yahoo
BAJAJ-AUTO,5m,2026-09-11T12:05:00+05:30,11685.0,11685.0,11677.0,11677.0,481.0,yahoo
BAJAJ-AUTO,5m,2026-09-11T12:10:00+05:30,11682.0,11686.0,11675.0,11679.0,1483.0,yahoo
BAJAJ-AUTO,5m,2026-09-11T12:15:00+05:30,11684.0,11684.0,11670.0,11674.0,5393.0,yahoo
BAJAJ-AUTO,5m,2026-09-11T12:20:00+05:30,11674.0,11679.0,11673.0,11678.0,731.0,yahoo
BAJAJ-AUTO,5m,2026-09-11T12:25:00+05:30,11678.0,11678.0,11657.0,11665.0,2025.0,yahoo
BAJAJ-AUTO,5m,2026-09-11T12:30:00+05:30,11665.0,11679.0,11659.0,11675.0,10891.0,yahoo
BAJAJ-AUTO,5m,2026-09-11T12:35:00+05:30,11675.0,11675.0,11663.0,11673.0,656.0,yahoo
BAJAJ-AUTO,5m,2026-09-11T12:40:00+05:30,11675.0,11679.0,11667.0,11673.0,3793.0,yahoo
BAJAJ-AUTO,5m,2026-09-11T12:45:00+05:30,11671.0,11672.0,11659.0,11667.0,890.0,yahoo
BAJAJ-AUTO,5m,2026-09-11T12:50:00+05:30,11669.0,11670.0,11659.0,11670.0,1043.0,yahoo
BAJAJ-AUTO,5m,2026-09-11T12:55:00+05:30,11670.0,11672.0,11666.0,11672.0,1386.0,yahoo
BAJAJ-AUTO,5m,2026-09-11T13:00:00+05:30,11670.0,11672.0,11659.0,11659.0,1409.0,yahoo
BAJAJ-AUTO,5m,2026-09-11T13:05:00+05:30,11659.0,11660.0,11650.0,11655.0,2374.0,yahoo
BAJAJ-AUTO,5m,2026-09-11T13:10:00+05:30,11655.0,11667.0,11652.0,11661.0,4789.0,yahoo
BAJAJ-AUTO,5m,2026-09-11T13:15:00+05:30,11662.0,11677.0,11661.0,11665.0,4081.0,yahoo
BAJAJ-AUTO,5m,2026-09-11T13:20:00+05:30,11666.0,11669.0,11661.0,11665.0,1917.0,yahoo
BAJAJ-AUTO,5m,2026-09-11T13:25:00+05:30,11667.0,11670.0,11660.0,11662.0,778.0,yahoo
BAJAJ-AUTO,5m,2026-09-11T13:30:00+05:30,11665.0,11693.0,11663.0,11676.0,3109.0,yahoo
BAJAJ-AUTO,5m,2026-09-11T13:35:00+05:30,11675.0,11680.0,11668.0,11668.0,1177.0,yahoo
BAJAJ-AUTO,5m,2026-09-11T13:40:00+05:30,11669.0,11677.0,11660.0,11666.0,9576.0,yahoo
BAJAJ-AUTO,5m,2026-09-11T13:45:00+05:30,11666.0,11680.0,11664.0,11675.0,1254.0,yahoo
BAJAJ-AUTO,5m,2026-09-11T13:50:00+05:30,11674.0,11692.0,11671.0,11686.0,887.0,yahoo
BAJAJ-AUTO,5m,2026-09-11T13:55:00+05:30,11685.0,11723.0,11680.0,11711.0,3252.0,yahoo
BAJAJ-AUTO,5m,2026-09-11T14:00:00+05:30,11711.0,11723.0,11703.0,11713.0,1480.0,yahoo
BAJAJ-AUTO,5m,2026-09-11T14:05:00+05:30,11711.0,11717.0,11693.0,11693.0,2292.0,yahoo
BAJAJ-AUTO,5m,2026-09-11T14:10:00+05:30,11693.0,11708.0,11691.0,11696.0,1113.0,yahoo
BAJAJ-AUTO,5m,2026-09-11T14:15:00+05:30,11696.0,11706.0,11695.0,11696.0,851.0,yahoo
BAJAJ-AUTO,5m,2026-09-11T14:20:00+05:30,11696.0,11700.0,11680.0,11684.0,891.0,yahoo
BAJAJ-AUTO,5m,2026-09-11T14:25:00+05:30,11687.0,11689.0,11670.0,11671.0,1108.0,yahoo
BAJAJ-AUTO,5m,2026-09-11T14:30:00+05:30,11672.0,11682.0,11672.0,11678.0,2896.0,yahoo
BAJAJ-AUTO,5m,2026-09-11T14:35:00+05:30,11673.0,11680.0,11671.0,11678.0,1794.0,yahoo
BAJAJ-AUTO,5m,2026-09-11T14:40:00+05:30,11678.0,11678.0,11663.0,11670.0,2336.0,yahoo
BAJAJ-AUTO,5m,2026-09-11T14:45:00+05:30,11665.0,11669.0,11653.0,11653.0,2151.0,yahoo
BAJAJ-AUTO,5m,2026-09-11T14:50:00+05:30,11653.0,11657.0,11643.0,11653.0,3762.0,yahoo
BAJAJ-AUTO,5m,2026-09-11T14:55:00+05:30,11652.0,11652.0,11637.0,11637.0,3598.0,yahoo
BAJAJ-AUTO,5m,2026-09-11T15:00:00+05:30,11642.0,11642.0,11629.0,11634.0,4233.0,yahoo
BAJAJ-AUTO,5m,2026-09-11T15:05:00+05:30,11630.0,11637.0,11628.0,11631.0,7171.0,yahoo
BAJAJ-AUTO,5m,2026-09-11T15:10:00+05:30,11630.0,11678.0,11624.0,11678.0,18593.0,yahoo
BAJAJFINSV,5m,2026-09-11T09:15:00+05:30,1916.5,1919.4000244140625,1905.0999755859375,1909.300048828125,0.0,yahoo
BAJAJFINSV,5m,2026-09-11T09:20:00+05:30,1908.0999755859375,1908.0999755859375,1903.0,1905.0,10450.0,yahoo
BAJAJFINSV,5m,2026-09-11T09:25:00+05:30,1906.300048828125,1907.5,1904.0,1905.300048828125,13034.0,yahoo
BAJAJFINSV,5m,2026-09-11T09:30:00+05:30,1905.0,1905.4000244140625,1897.199951171875,1901.0,16521.0,yahoo
BAJAJFINSV,5m,2026-09-11T09:35:00+05:30,1901.0,1902.0999755859375,1897.0,1897.0999755859375,8025.0,yahoo
BAJAJFINSV,5m,2026-09-11T09:40:00+05:30,1897.800048828125,1898.5999755859375,1895.4000244140625,1897.0999755859375,4407.0,yahoo
BAJAJFINSV,5m,2026-09-11T09:45:00+05:30,1897.800048828125,1901.300048828125,1897.0999755859375,1901.0999755859375,2736.0,yahoo
BAJAJFINSV,5m,2026-09-11T09:50:00+05:30,1901.0999755859375,1902.5999755859375,1900.5,1902.199951171875,2600.0,yahoo
BAJAJFINSV,5m,2026-09-11T09:55:00+05:30,1902.199951171875,1906.0,1902.199951171875,1905.0,8964.0,yahoo
BAJAJFINSV,5m,2026-09-11T10:00:00+05:30,1905.0,1908.300048828125,1904.4000244140625,1908.0,5186.0,yahoo
BAJAJFINSV,5m,2026-09-11T10:05:00+05:30,1908.0,1909.800048828125,1906.5999755859375,1909.5999755859375,3312.0,yahoo
BAJAJFINSV,5m,2026-09-11T10:10:00+05:30,1909.800048828125,1910.5999755859375,1908.5,1909.699951171875,2643.0,yahoo
BAJAJFINSV,5m,2026-09-11T10:15:00+05:30,1909.4000244140625,1911.800048828125,1909.4000244140625,1910.5,3266.0,yahoo
BAJAJFINSV,5m,2026-09-11T10:20:00+05:30,1909.800048828125,1912.9000244140625,1908.9000244140625,1911.699951171875,3381.0,yahoo
BAJAJFINSV,5m,2026-09-11T10:25:00+05:30,1911.0,1911.699951171875,1906.5,1908.199951171875,2304.0,yahoo
BAJAJFINSV,5m,2026-09-11T10:30:00+05:30,1908.0,1909.0,1906.800048828125,1909.0,2437.0,yahoo
BAJAJFINSV,5m,2026-09-11T10:35:00+05:30,1908.9000244140625,1911.4000244140625,1908.9000244140625,1910.5999755859375,1099.0,yahoo
BAJAJFINSV,5m,2026-09-11T10:40:00+05:30,1910.9000244140625,1912.5999755859375,1910.0,1912.300048828125,1988.0,yahoo
BAJAJFINSV,5m,2026-09-11T10:45:00+05:30,1912.5999755859375,1912.9000244140625,1903.4000244140625,1904.5999755859375,22503.0,yahoo
BAJAJFINSV,5m,2026-09-11T10:50:00+05:30,1904.5999755859375,1904.5999755859375,1900.9000244140625,1901.699951171875,3314.0,yahoo
BAJAJFINSV,5m,2026-09-11T10:55:00+05:30,1901.699951171875,1902.300048828125,1900.800048828125,1901.0,2693.0,yahoo
BAJAJFINSV,5m,2026-09-11T11:00:00+05:30,1901.0,1902.300048828125,1898.199951171875,1898.699951171875,11376.0,yahoo
BAJAJFINSV,5m,2026-09-11T11:05:00+05:30,1898.0,1899.5999755859375,1897.0,1899.4000244140625,1503.0,yahoo
BAJAJFINSV,5m,2026-09-11T11:10:00+05:30,1899.4000244140625,1905.0999755859375,1899.4000244140625,1905.0999755859375,16817.0,yahoo
BAJAJFINSV,5m,2026-09-11T11:15:00+05:30,1905.199951171875,1910.0,1900.699951171875,1908.0999755859375,57202.0,yahoo
BAJAJFINSV,5m,2026-09-11T11:20:00+05:30,1907.9000244140625,1909.4000244140625,1905.800048828125,1907.699951171875,9227.0,yahoo
BAJAJFINSV,5m,2026-09-11T11:25:00+05:30,1906.9000244140625,1907.5999755859375,1902.300048828125,1903.5999755859375,4722.0,yahoo
BAJAJFINSV,5m,2026-09-11T11:30:00+05:30,1903.5999755859375,1905.199951171875,1903.5999755859375,1903.9000244140625,3800.0,yahoo
BAJAJFINSV,5m,2026-09-11T11:35:00+05:30,1904.300048828125,1905.0,1903.300048828125,1904.0999755859375,2705.0,yahoo
BAJAJFINSV,5m,2026-09-11T11:40:00+05:30,1903.300048828125,1904.300048828125,1902.0,1902.699951171875,18003.0,yahoo
BAJAJFINSV,5m,2026-09-11T11:45:00+05:30,1903.4000244140625,1903.5,1901.5,1902.300048828125,22378.0,yahoo
BAJAJFINSV,5m,2026-09-11T11:50:00+05:30,1902.5,1902.5,1898.800048828125,1899.9000244140625,5375.0,yahoo
BAJAJFINSV,5m,2026-09-11T11:55:00+05:30,1899.9000244140625,1901.4000244140625,1898.199951171875,1899.5999755859375,9253.0,yahoo
BAJAJFINSV,5m,2026-09-11T12:00:00+05:30,1900.0,1903.4000244140625,1899.9000244140625,1902.0,9542.0,yahoo
BAJAJFINSV,5m,2026-09-11T12:05:00+05:30,1901.800048828125,1902.699951171875,1901.0999755859375,1902.5,1676.0,yahoo
BAJAJFINSV,5m,2026-09-11T12:10:00+05:30,1902.5,1903.5,1901.300048828125,1902.5,1950.0,yahoo
BAJAJFINSV,5m,2026-09-11T12:15:00+05:30,1902.4000244140625,1902.4000244140625,1901.5,1902.0,5250.0,yahoo
BAJAJFINSV,5m,2026-09-11T12:20:00+05:30,1902.0,1902.0,1900.4000244140625,1900.9000244140625,4145.0,yahoo
BAJAJFINSV,5m,2026-09-11T12:25:00+05:30,1900.9000244140625,1904.5,1900.4000244140625,1902.0,32831.0,yahoo
BAJAJFINSV,5m,2026-09-11T12:30:00+05:30,1901.9000244140625,1904.5,1901.9000244140625,1904.300048828125,16455.0,yahoo
BAJAJFINSV,5m,2026-09-11T12:35:00+05:30,1904.4000244140625,1905.0,1901.800048828125,1904.4000244140625,28202.0,yahoo
BAJAJFINSV,5m,2026-09-11T12:40:00+05:30,1904.4000244140625,1908.0,1903.0,1906.199951171875,6433.0,yahoo
BAJAJFINSV,5m,2026-09-11T12:45:00+05:30,1906.199951171875,1906.800048828125,1904.5,1904.699951171875,3537.0,yahoo
BAJAJFINSV,5m,2026-09-11T12:50:00+05:30,1904.5999755859375,1905.0,1904.0,1905.0,1878.0,yahoo
BAJAJFINSV,5m,2026-09-11T12:55:00+05:30,1905.0,1906.5,1904.300048828125,1906.199951171875,24708.0,yahoo
BAJAJFINSV,5m,2026-09-11T13:00:00+05:30,1905.699951171875,1906.199951171875,1902.199951171875,1903.0999755859375,1554.0,yahoo
BAJAJFINSV,5m,2026-09-11T13:05:00+05:30,1902.199951171875,1902.800048828125,1901.5,1902.699951171875,2985.0,yahoo
BAJAJFINSV,5m,2026-09-11T13:10:00+05:30,1902.199951171875,1904.5,1901.9000244140625,1904.5,2139.0,yahoo
BAJAJFINSV,5m,2026-09-11T13:15:00+05:30,1904.5,1905.0,1903.0,1903.4000244140625,1660.0,yahoo
BAJAJFINSV,5m,2026-09-11T13:20:00+05:30,1903.4000244140625,1904.0,1903.0,1904.0,11063.0,yahoo
BAJAJFINSV,5m,2026-09-11T13:25:00+05:30,1904.5999755859375,1906.5,1903.0,1905.0999755859375,4676.0,yahoo
BAJAJFINSV,5m,2026-09-11T13:30:00+05:30,1905.0999755859375,1905.9000244140625,1904.199951171875,1904.699951171875,1446.0,yahoo
BAJAJFINSV,5m,2026-09-11T13:35:00+05:30,1904.800048828125,1904.800048828125,1902.0999755859375,1902.5999755859375,1965.0,yahoo
BAJAJFINSV,5m,2026-09-11T13:40:00+05:30,1902.5999755859375,1903.699951171875,1900.0,1901.0999755859375,2450.0,yahoo
BAJAJFINSV,5m,2026-09-11T13:45:00+05:30,1901.5999755859375,1903.0999755859375,1900.199951171875,1902.0,2436.0,yahoo
BAJAJFINSV,5m,2026-09-11T13:50:00+05:30,1902.0,1906.5999755859375,1901.5,1904.4000244140625,3624.0,yahoo
BAJAJFINSV,5m,2026-09-11T13:55:00+05:30,1904.0999755859375,1906.199951171875,1903.800048828125,1905.800048828125,3853.0,yahoo
BAJAJFINSV,5m,2026-09-11T14:00:00+05:30,1905.800048828125,1909.9000244140625,1904.699951171875,1909.5,4984.0,yahoo
BAJAJFINSV,5m,2026-09-11T14:05:00+05:30,1909.0999755859375,1909.4000244140625,1904.9000244140625,1905.5,3310.0,yahoo
BAJAJFINSV,5m,2026-09-11T14:10:00+05:30,1905.800048828125,1907.800048828125,1905.0,1907.4000244140625,2996.0,yahoo
BAJAJFINSV,5m,2026-09-11T14:15:00+05:30,1907.4000244140625,1908.5,1906.199951171875,1907.699951171875,3988.0,yahoo
BAJAJFINSV,5m,2026-09-11T14:20:00+05:30,1908.199951171875,1909.0,1906.5999755859375,1909.0,4943.0,yahoo
BAJAJFINSV,5m,2026-09-11T14:25:00+05:30,1909.0,1910.0,1908.300048828125,1909.199951171875,3548.0,yahoo
BAJAJFINSV,5m,2026-09-11T14:30:00+05:30,1909.199951171875,1922.5999755859375,1908.5,1918.199951171875,93566.0,yahoo
BAJAJFINSV,5m,2026-09-11T14:35:00+05:30,1918.199951171875,1920.0,1917.300048828125,1918.5,3210.0,yahoo
BAJAJFINSV,5m,2026-09-11T14:40:00+05:30,1918.5,1926.0,1917.800048828125,1924.0,66137.0,yahoo
BAJAJFINSV,5m,2026-09-11T14:45:00+05:30,1924.0,1924.4000244140625,1919.300048828125,1919.699951171875,4384.0,yahoo
BAJAJFINSV,5m,2026-09-11T14:50:00+05:30,1920.0999755859375,1920.800048828125,1917.5999755859375,1918.9000244140625,4560.0,yahoo
BAJAJFINSV,5m,2026-09-11T14:55:00+05:30,1918.9000244140625,1918.9000244140625,1916.300048828125,1917.4000244140625,6046.0,yahoo
BAJAJFINSV,5m,2026-09-11T15:00:00+05:30,1916.9000244140625,1917.9000244140625,1915.800048828125,1917.9000244140625,6124.0,yahoo
BAJAJFINSV,5m,2026-09-11T15:05:00+05:30,1918.0,1921.9000244140625,1916.9000244140625,1920.5999755859375,21237.0,yahoo
BAJAJFINSV,5m,2026-09-11T15:10:00+05:30,1920.300048828125,1924.300048828125,1920.300048828125,1923.0999755859375,24110.0,yahoo
BAJAJFINSV,5m,2026-09-11T15:15:00+05:30,1924.0,1924.0,1913.5,1913.5,22624.0,yahoo
BAJFINANCE,5m,2026-09-11T09:15:00+05:30,1027.5,1031.800048828125,1019.9000244140625,1022.7999877929688,0.0,yahoo
BAJFINANCE,5m,2026-09-11T09:20:00+05:30,1022.5,1022.5,1019.2999877929688,1020.5,118790.0,yahoo
BAJFINANCE,5m,2026-09-11T09:25:00+05:30,1020.5999755859375,1022.2000122070312,1020.5999755859375,1022.0,82638.0,yahoo
BAJFINANCE,5m,2026-09-11T09:30:00+05:30,1021.7000122070312,1022.2000122070312,1018.5,1019.5999755859375,131931.0,yahoo
BAJFINANCE,5m,2026-09-11T09:35:00+05:30,1019.5999755859375,1021.0,1018.0999755859375,1019.2999877929688,45821.0,yahoo
BAJFINANCE,5m,2026-09-11T09:40:00+05:30,1018.4000244140625,1018.7000122070312,1015.4000244140625,1016.5999755859375,60928.0,yahoo
BAJFINANCE,5m,2026-09-11T09:45:00+05:30,1016.5999755859375,1016.7999877929688,1015.0999755859375,1016.4000244140625,38632.0,yahoo
BAJFINANCE,5m,2026-09-11T09:50:00+05:30,1017.0,1019.0,1016.9000244140625,1019.0,80808.0,yahoo
BAJFINANCE,5m,2026-09-11T09:55:00+05:30,1018.5999755859375,1020.9000244140625,1018.5999755859375,1020.4000244140625,58407.0,yahoo
BAJFINANCE,5m,2026-09-11T10:00:00+05:30,1020.4000244140625,1024.5,1020.2999877929688,1023.7000122070312,71024.0,yahoo
BAJFINANCE,5m,2026-09-11T10:05:00+05:30,1023.7000122070312,1025.800048828125,1023.0,1025.800048828125,57523.0,yahoo
BAJFINANCE,5m,2026-09-11T10:10:00+05:30,1026.0,1027.0,1024.5,1027.0,115177.0,yahoo
BAJFINANCE,5m,2026-09-11T10:15:00+05:30,1027.300048828125,1028.5999755859375,1025.5999755859375,1025.5999755859375,38780.0,yahoo
BAJFINANCE,5m,2026-09-11T10:20:00+05:30,1026.199951171875,1027.699951171875,1026.0,1026.0999755859375,21444.0,yahoo
BAJFINANCE,5m,2026-09-11T10:25:00+05:30,1026.0,1026.4000244140625,1025.4000244140625,1025.5,23968.0,yahoo
BAJFINANCE,5m,2026-09-11T10:30:00+05:30,1025.300048828125,1026.300048828125,1025.0999755859375,1026.300048828125,21841.0,yahoo
BAJFINANCE,5m,2026-09-11T10:35:00+05:30,1026.0999755859375,1026.9000244140625,1025.699951171875,1026.9000244140625,16725.0,yahoo
BAJFINANCE,5m,2026-09-11T10:40:00+05:30,1026.9000244140625,1027.5999755859375,1026.0,1027.5999755859375,17485.0,yahoo
BAJFINANCE,5m,2026-09-11T10:45:00+05:30,1027.5,1028.300048828125,1026.0,1026.300048828125,21787.0,yahoo
BAJFINANCE,5m,2026-09-11T10:50:00+05:30,1026.300048828125,1026.300048828125,1024.5,1024.9000244140625,108652.0,yahoo
BAJFINANCE,5m,2026-09-11T10:55:00+05:30,1024.800048828125,1025.0999755859375,1023.5999755859375,1023.5999755859375,26124.0,yahoo
BAJFINANCE,5m,2026-09-11T11:00:00+05:30,1024.0999755859375,1024.5,1023.4000244140625,1023.9000244140625,25406.0,yahoo
BAJFINANCE,5m,2026-09-11T11:05:00+05:30,1023.9000244140625,1024.699951171875,1023.2999877929688,1023.9000244140625,19590.0,yahoo
BAJFINANCE,5m,2026-09-11T11:10:00+05:30,1023.4000244140625,1028.0,1023.4000244140625,1028.0,41384.0,yahoo
BAJFINANCE,5m,2026-09-11T11:15:00+05:30,1027.699951171875,1029.0,1026.699951171875,1029.0,56560.0,yahoo
BAJFINANCE,5m,2026-09-11T11:20:00+05:30,1029.0999755859375,1029.0999755859375,1026.699951171875,1027.800048828125,36158.0,yahoo
BAJFINANCE,5m,2026-09-11T11:25:00+05:30,1027.800048828125,1028.0,1025.699951171875,1027.5999755859375,50438.0,yahoo
BAJFINANCE,5m,2026-09-11T11:30:00+05:30,1027.300048828125,1029.5999755859375,1026.699951171875,1027.5999755859375,79072.0,yahoo
BAJFINANCE,5m,2026-09-11T11:35:00+05:30,1027.5999755859375,1028.0,1026.4000244140625,1027.0,78475.0,yahoo
BAJFINANCE,5m,2026-09-11T11:40:00+05:30,1026.5,1028.5999755859375,1026.4000244140625,1028.5,33497.0,yahoo
BAJFINANCE,5m,2026-09-11T11:45:00+05:30,1028.5,1028.9000244140625,1026.199951171875,1026.4000244140625,77364.0,yahoo
BAJFINANCE,5m,2026-09-11T11:50:00+05:30,1026.300048828125,1026.300048828125,1024.800048828125,1025.699951171875,41121.0,yahoo
BAJFINANCE,5m,2026-09-11T11:55:00+05:30,1025.5999755859375,1027.0,1025.0,1026.800048828125,33092.0,yahoo
BAJFINANCE,5m,2026-09-11T12:00:00+05:30,1026.800048828125,1028.0999755859375,1026.4000244140625,1027.5,102562.0,yahoo
BAJFINANCE,5m,2026-09-11T12:05:00+05:30,1027.699951171875,1027.800048828125,1025.800048828125,1026.199951171875,134481.0,yahoo
BAJFINANCE,5m,2026-09-11T12:10:00+05:30,1027.0,1027.5,1026.199951171875,1026.800048828125,48290.0,yahoo
BAJFINANCE,5m,2026-09-11T12:15:00+05:30,1026.9000244140625,1027.4000244140625,1026.199951171875,1027.0,164996.0,yahoo
BAJFINANCE,5m,2026-09-11T12:20:00+05:30,1027.0,1027.9000244140625,1026.199951171875,1027.5999755859375,32306.0,yahoo
BAJFINANCE,5m,2026-09-11T12:25:00+05:30,1027.5999755859375,1028.5999755859375,1027.0999755859375,1028.4000244140625,43580.0,yahoo
BAJFINANCE,5m,2026-09-11T12:30:00+05:30,1028.4000244140625,1028.5,1026.9000244140625,1027.199951171875,50048.0,yahoo
BAJFINANCE,5m,2026-09-11T12:35:00+05:30,1027.0,1028.5,1027.0,1027.699951171875,37832.0,yahoo
BAJFINANCE,5m,2026-09-11T12:40:00+05:30,1027.5,1031.4000244140625,1027.4000244140625,1030.0,178988.0,yahoo
BAJFINANCE,5m,2026-09-11T12:45:00+05:30,1030.300048828125,1030.5,1028.9000244140625,1029.5,38332.0,yahoo
BAJFINANCE,5m,2026-09-11T12:50:00+05:30,1029.5999755859375,1030.4000244140625,1029.199951171875,1029.4000244140625,24330.0,yahoo
BAJFINANCE,5m,2026-09-11T12:55:00+05:30,1029.9000244140625,1030.5,1029.4000244140625,1030.300048828125,30486.0,yahoo
BAJFINANCE,5m,2026-09-11T13:00:00+05:30,1030.199951171875,1030.199951171875,1028.300048828125,1028.5,122541.0,yahoo
BAJFINANCE,5m,2026-09-11T13:05:00+05:30,1028.300048828125,1029.5999755859375,1027.9000244140625,1028.5999755859375,41500.0,yahoo
BAJFINANCE,5m,2026-09-11T13:10:00+05:30,1028.800048828125,1029.699951171875,1028.5,1029.5999755859375,35979.0,yahoo
BAJFINANCE,5m,2026-09-11T13:15:00+05:30,1029.699951171875,1031.300048828125,1029.0999755859375,1030.699951171875,69396.0,yahoo
BAJFINANCE,5m,2026-09-11T13:20:00+05:30,1030.0999755859375,1031.0,1030.0,1030.699951171875,34104.0,yahoo
BAJFINANCE,5m,2026-09-11T13:25:00+05:30,1030.800048828125,1033.800048828125,1030.4000244140625,1030.5999755859375,118955.0,yahoo
BAJFINANCE,5m,2026-09-11T13:30:00+05:30,1030.699951171875,1031.5,1030.0,1030.0999755859375,60467.0,yahoo
BAJFINANCE,5m,2026-09-11T13:35:00+05:30,1030.0999755859375,1030.5999755859375,1028.4000244140625,1028.699951171875,100161.0,yahoo
BAJFINANCE,5m,2026-09-11T13:40:00+05:30,1028.5,1029.5999755859375,1027.0,1029.0,109673.0,yahoo
BAJFINANCE,5m,2026-09-11T13:45:00+05:30,1028.5999755859375,1029.9000244140625,1027.5,1028.5,78222.0,yahoo
BAJFINANCE,5m,2026-09-11T13:50:00+05:30,1028.199951171875,1030.699951171875,1028.0999755859375,1029.0999755859375,64876.0,yahoo
BAJFINANCE,5m,2026-09-11T13:55:00+05:30,1029.0999755859375,1030.4000244140625,1029.0,1029.199951171875,39641.0,yahoo
BAJFINANCE,5m,2026-09-11T14:00:00+05:30,1029.199951171875,1033.699951171875,1029.199951171875,1033.4000244140625,144080.0,yahoo
BAJFINANCE,5m,2026-09-11T14:05:00+05:30,1033.199951171875,1033.5999755859375,1029.199951171875,1029.199951171875,39121.0,yahoo
BAJFINANCE,5m,2026-09-11T14:10:00+05:30,1029.300048828125,1029.9000244140625,1028.800048828125,1029.9000244140625,41879.0,yahoo
BAJFINANCE,5m,2026-09-11T14:15:00+05:30,1030.199951171875,1031.0,1029.699951171875,1030.5,56915.0,yahoo
BAJFINANCE,5m,2026-09-11T14:20:00+05:30,1030.5,1031.5,1029.5999755859375,1031.199951171875,134616.0,yahoo
BAJFINANCE,5m,2026-09-11T14:25:00+05:30,1031.199951171875,1032.5,1031.0999755859375,1031.300048828125,75312.0,yahoo
BAJFINANCE,5m,2026-09-11T14:30:00+05:30,1031.699951171875,1032.9000244140625,1031.0,1031.9000244140625,34379.0,yahoo
BAJFINANCE,5m,2026-09-11T14:35:00+05:30,1031.800048828125,1032.199951171875,1031.199951171875,1031.699951171875,35131.0,yahoo
BAJFINANCE,5m,2026-09-11T14:40:00+05:30,1031.5999755859375,1033.0,1031.5999755859375,1032.4000244140625,113352.0,yahoo
BAJFINANCE,5m,2026-09-11T14:45:00+05:30,1031.800048828125,1031.800048828125,1029.699951171875,1030.699951171875,51415.0,yahoo
BAJFINANCE,5m,2026-09-11T14:50:00+05:30,1031.0,1031.199951171875,1030.4000244140625,1031.0999755859375,59171.0,yahoo
BAJFINANCE,5m,2026-09-11T14:55:00+05:30,1031.0999755859375,1033.199951171875,1030.5999755859375,1032.9000244140625,139462.0,yahoo
BAJFINANCE,5m,2026-09-11T15:00:00+05:30,1032.800048828125,1032.800048828125,1031.4000244140625,1031.800048828125,111842.0,yahoo
BAJFINANCE,5m,2026-09-11T15:05:00+05:30,1031.9000244140625,1033.199951171875,1031.800048828125,1032.9000244140625,142703.0,yahoo
BAJFINANCE,5m,2026-09-11T15:10:00+05:30,1032.5,1035.0,1032.300048828125,1035.0,157935.0,yahoo
BAJFINANCE,5m,2026-09-11T15:15:00+05:30,1035.0,1035.0,1034.5,1034.5,312147.0,yahoo
BANDHANBNK,5m,2026-09-11T09:15:00+05:30,171.75,172.47999572753906,171.1999969482422,171.5,0.0,yahoo
BANDHANBNK,5m,2026-09-11T09:20:00+05:30,171.5399932861328,171.7100067138672,170.89999389648438,171.7100067138672,300690.0,yahoo
BANDHANBNK,5m,2026-09-11T09:25:00+05:30,171.77000427246094,172.57000732421875,171.75999450683594,172.41000366210938,1418149.0,yahoo
BANDHANBNK,5m,2026-09-11T09:30:00+05:30,172.39999389648438,172.99000549316406,172.1999969482422,172.9199981689453,302547.0,yahoo
BANDHANBNK,5m,2026-09-11T09:35:00+05:30,172.9199981689453,172.97999572753906,172.41000366210938,172.41000366210938,116302.0,yahoo
BANDHANBNK,5m,2026-09-11T09:40:00+05:30,172.49000549316406,173.57000732421875,172.42999267578125,173.22000122070312,564230.0,yahoo
BANDHANBNK,5m,2026-09-11T09:45:00+05:30,173.13999938964844,173.25,172.91000366210938,173.00999450683594,217254.0,yahoo
BANDHANBNK,5m,2026-09-11T09:50:00+05:30,173.10000610351562,173.63999938964844,173.0399932861328,173.27999877929688,494506.0,yahoo
BANDHANBNK,5m,2026-09-11T09:55:00+05:30,173.1999969482422,173.6199951171875,172.5,172.97000122070312,1704335.0,yahoo
BANDHANBNK,5m,2026-09-11T10:00:00+05:30,172.9499969482422,173.08999633789062,172.74000549316406,173.00999450683594,113912.0,yahoo
BANDHANBNK,5m,2026-09-11T10:05:00+05:30,172.94000244140625,176.0800018310547,172.94000244140625,175.38999938964844,2397743.0,yahoo
BANDHANBNK,5m,2026-09-11T10:10:00+05:30,175.38999938964844,175.75,174.66000366210938,175.69000244140625,762751.0,yahoo
BANDHANBNK,5m,2026-09-11T10:15:00+05:30,175.69000244140625,175.8000030517578,175.08999633789062,175.60000610351562,304361.0,yahoo
BANDHANBNK,5m,2026-09-11T10:20:00+05:30,175.5399932861328,175.88999938964844,175.02999877929688,175.5,833363.0,yahoo
BANDHANBNK,5m,2026-09-11T10:25:00+05:30,175.5,175.5,174.5399932861328,174.63999938964844,177444.0,yahoo
BANDHANBNK,5m,2026-09-11T10:30:00+05:30,174.63999938964844,176.0,174.5,175.85000610351562,756840.0,yahoo
BANDHANBNK,5m,2026-09-11T10:35:00+05:30,175.8000030517578,177.83999633789062,175.8000030517578,177.0500030517578,2258978.0,yahoo
BANDHANBNK,5m,2026-09-11T10:40:00+05:30,177.0399932861328,177.5399932861328,177.0399932861328,177.3300018310547,874005.0,yahoo
BANDHANBNK,5m,2026-09-11T10:45:00+05:30,177.19000244140625,177.57000732421875,177.02999877929688,177.47000122070312,607283.0,yahoo
BANDHANBNK,5m,2026-09-11T10:50:00+05:30,177.47000122070312,177.72000122070312,177.16000366210938,177.24000549316406,317590.0,yahoo
BANDHANBNK,5m,2026-09-11T10:55:00+05:30,177.24000549316406,177.24000549316406,176.85000610351562,176.89999389648438,193089.0,yahoo
BANDHANBNK,5m,2026-09-11T11:00:00+05:30,177.00999450683594,177.27999877929688,176.9199981689453,177.10000610351562,180244.0,yahoo
BANDHANBNK,5m,2026-09-11T11:05:00+05:30,177.10000610351562,177.75,177.02000427246094,177.60000610351562,761265.0,yahoo
BANDHANBNK,5m,2026-09-11T11:10:00+05:30,178.10000610351562,178.19000244140625,177.7899932861328,178.1300048828125,906084.0,yahoo
BANDHANBNK,5m,2026-09-11T11:15:00+05:30,178.10000610351562,178.38999938964844,178.0399932861328,178.38999938964844,593531.0,yahoo
BANDHANBNK,5m,2026-09-11T11:20:00+05:30,178.3300018310547,178.4600067138672,177.75999450683594,177.85000610351562,382922.0,yahoo
BANDHANBNK,5m,2026-09-11T11:25:00+05:30,177.8000030517578,177.8000030517578,176.97000122070312,177.08999633789062,304485.0,yahoo
BANDHANBNK,5m,2026-09-11T11:30:00+05:30,176.97000122070312,177.3800048828125,176.50999450683594,177.3000030517578,284697.0,yahoo
BANDHANBNK,5m,2026-09-11T11:35:00+05:30,177.3000030517578,177.41000366210938,177.0,177.1199951171875,105973.0,yahoo
BANDHANBNK,5m,2026-09-11T11:40:00+05:30,177.07000732421875,177.22000122070312,176.80999755859375,177.1999969482422,141240.0,yahoo
BANDHANBNK,5m,2026-09-11T11:45:00+05:30,177.24000549316406,177.25,176.80999755859375,176.89999389648438,57471.0,yahoo
BANDHANBNK,5m,2026-09-11T11:50:00+05:30,176.85000610351562,176.89999389648438,176.52000427246094,176.66000366210938,128434.0,yahoo
BANDHANBNK,5m,2026-09-11T11:55:00+05:30,176.6699981689453,177.4499969482422,176.58999633789062,177.1300048828125,279648.0,yahoo
BANDHANBNK,5m,2026-09-11T12:00:00+05:30,176.97999572753906,177.1699981689453,176.89999389648438,176.9600067138672,53636.0,yahoo
BANDHANBNK,5m,2026-09-11T12:05:00+05:30,176.89999389648438,177.0,176.5500030517578,176.5500030517578,91543.0,yahoo
BANDHANBNK,5m,2026-09-11T12:10:00+05:30,176.74000549316406,176.80999755859375,176.55999755859375,176.72000122070312,108665.0,yahoo
BANDHANBNK,5m,2026-09-11T12:15:00+05:30,176.64999389648438,176.66000366210938,176.39999389648438,176.42999267578125,44870.0,yahoo
BANDHANBNK,5m,2026-09-11T12:20:00+05:30,176.42999267578125,176.8699951171875,176.42999267578125,176.75,43538.0,yahoo
BANDHANBNK,5m,2026-09-11T12:25:00+05:30,176.75,177.00999450683594,176.6999969482422,177.00999450683594,47721.0,yahoo
BANDHANBNK,5m,2026-09-11T12:30:00+05:30,177.08999633789062,177.61000061035156,176.97000122070312,177.61000061035156,171428.0,yahoo
BANDHANBNK,5m,2026-09-11T12:35:00+05:30,177.63999938964844,178.3000030517578,177.5,177.77000427246094,637694.0,yahoo
BANDHANBNK,5m,2026-09-11T12:40:00+05:30,177.85000610351562,178.25,177.7899932861328,178.24000549316406,204749.0,yahoo
BANDHANBNK,5m,2026-09-11T12:45:00+05:30,178.27999877929688,178.27999877929688,177.72999572753906,178.16000366210938,135017.0,yahoo
BANDHANBNK,5m,2026-09-11T12:50:00+05:30,178.24000549316406,178.3000030517578,177.92999267578125,177.92999267578125,129745.0,yahoo
BANDHANBNK,5m,2026-09-11T12:55:00+05:30,177.94000244140625,178.10000610351562,177.80999755859375,177.80999755859375,79127.0,yahoo
BANDHANBNK,5m,2026-09-11T13:00:00+05:30,177.8300018310547,177.8300018310547,177.61000061035156,177.6699981689453,37047.0,yahoo
BANDHANBNK,5m,2026-09-11T13:05:00+05:30,177.64999389648438,177.6999969482422,177.44000244140625,177.52000427246094,84324.0,yahoo
BANDHANBNK,5m,2026-09-11T13:10:00+05:30,177.5,177.6300048828125,177.3000030517578,177.5,112184.0,yahoo
BANDHANBNK,5m,2026-09-11T13:15:00+05:30,177.5,177.64999389648438,177.25,177.30999755859375,53210.0,yahoo
BANDHANBNK,5m,2026-09-11T13:20:00+05:30,177.27999877929688,177.39999389648438,177.22999572753906,177.30999755859375,32074.0,yahoo
BANDHANBNK,5m,2026-09-11T13:25:00+05:30,177.33999633789062,177.89999389648438,177.25,177.89999389648438,167022.0,yahoo
BANDHANBNK,5m,2026-09-11T13:30:00+05:30,177.8000030517578,177.92999267578125,177.52999877929688,177.57000732421875,114189.0,yahoo
BANDHANBNK,5m,2026-09-11T13:35:00+05:30,177.55999755859375,177.72000122070312,177.35000610351562,177.5399932861328,64056.0,yahoo
BANDHANBNK,5m,2026-09-11T13:40:00+05:30,177.52000427246094,177.75,177.4199981689453,177.75,144511.0,yahoo
BANDHANBNK,5m,2026-09-11T13:45:00+05:30,177.6999969482422,177.8000030517578,177.60000610351562,177.72000122070312,136344.0,yahoo
BANDHANBNK,5m,2026-09-11T13:50:00+05:30,177.67999267578125,177.82000732421875,177.60000610351562,177.60000610351562,69379.0,yahoo
BANDHANBNK,5m,2026-09-11T13:55:00+05:30,177.6199951171875,178.0,177.60000610351562,177.8699951171875,56573.0,yahoo
BANDHANBNK,5m,2026-09-11T14:00:00+05:30,177.82000732421875,178.14999389648438,177.8000030517578,178.1199951171875,151706.0,yahoo
BANDHANBNK,5m,2026-09-11T14:05:00+05:30,178.1199951171875,178.1199951171875,177.8300018310547,177.89999389648438,110271.0,yahoo
BANDHANBNK,5m,2026-09-11T14:10:00+05:30,177.88999938964844,178.0500030517578,177.7100067138672,177.99000549316406,98976.0,yahoo
BANDHANBNK,5m,2026-09-11T14:15:00+05:30,178.0,178.02000427246094,177.55999755859375,177.8000030517578,149955.0,yahoo
BANDHANBNK,5m,2026-09-11T14:20:00+05:30,177.80999755859375,178.02999877929688,177.75999450683594,177.99000549316406,84399.0,yahoo
BANDHANBNK,5m,2026-09-11T14:25:00+05:30,178.0,178.25,177.92999267578125,178.25,168553.0,yahoo
BANDHANBNK,5m,2026-09-11T14:30:00+05:30,178.1999969482422,178.27000427246094,177.8699951171875,177.9499969482422,244578.0,yahoo
BANDHANBNK,5m,2026-09-11T14:35:00+05:30,177.92999267578125,178.10000610351562,177.52000427246094,177.52000427246094,274113.0,yahoo
BANDHANBNK,5m,2026-09-11T14:40:00+05:30,177.60000610351562,177.75,177.55999755859375,177.67999267578125,52024.0,yahoo
BANDHANBNK,5m,2026-09-11T14:45:00+05:30,177.69000244140625,177.69000244140625,177.25,177.33999633789062,184900.0,yahoo
BANDHANBNK,5m,2026-09-11T14:50:00+05:30,177.2899932861328,177.49000549316406,177.2899932861328,177.4199981689453,97750.0,yahoo
BANDHANBNK,5m,2026-09-11T14:55:00+05:30,177.41000366210938,177.5,177.30999755859375,177.4199981689453,96879.0,yahoo
BANDHANBNK,5m,2026-09-11T15:00:00+05:30,177.39999389648438,177.7100067138672,177.24000549316406,177.2899932861328,314997.0,yahoo
BANDHANBNK,5m,2026-09-11T15:05:00+05:30,177.24000549316406,177.24000549316406,176.9199981689453,176.9199981689453,452044.0,yahoo
BANDHANBNK,5m,2026-09-11T15:10:00+05:30,177.0399932861328,177.75,177.0,177.02000427246094,581077.0,yahoo
BANDHANBNK,5m,2026-09-11T15:15:00+05:30,177.0,177.0,176.52000427246094,176.52000427246094,55583.0,yahoo
BANKBARODA,5m,2026-09-11T09:15:00+05:30,235.8800048828125,235.8800048828125,234.39999389648438,235.52999877929688,0.0,yahoo
BANKBARODA,5m,2026-09-11T09:20:00+05:30,235.39999389648438,235.74000549316406,235.39999389648438,235.67999267578125,85766.0,yahoo
BANKBARODA,5m,2026-09-11T09:25:00+05:30,235.63999938964844,236.2100067138672,235.63999938964844,235.99000549316406,94679.0,yahoo
BANKBARODA,5m,2026-09-11T09:30:00+05:30,236.0800018310547,236.0800018310547,235.55999755859375,235.6999969482422,42101.0,yahoo
BANKBARODA,5m,2026-09-11T09:35:00+05:30,235.6999969482422,235.89999389648438,235.66000366210938,235.75,23486.0,yahoo
BANKBARODA,5m,2026-09-11T09:40:00+05:30,235.64999389648438,235.8000030517578,235.6199951171875,235.66000366210938,25374.0,yahoo
BANKBARODA,5m,2026-09-11T09:45:00+05:30,235.69000244140625,235.85000610351562,235.6199951171875,235.80999755859375,20078.0,yahoo
BANKBARODA,5m,2026-09-11T09:50:00+05:30,235.77000427246094,235.9499969482422,235.74000549316406,235.80999755859375,25589.0,yahoo
BANKBARODA,5m,2026-09-11T09:55:00+05:30,235.82000732421875,236.0,235.7100067138672,235.77000427246094,39071.0,yahoo
BANKBARODA,5m,2026-09-11T10:00:00+05:30,235.64999389648438,235.8000030517578,235.63999938964844,235.75,26375.0,yahoo
BANKBARODA,5m,2026-09-11T10:05:00+05:30,235.75999450683594,236.5,235.75,236.41000366210938,99425.0,yahoo
BANKBARODA,5m,2026-09-11T10:10:00+05:30,236.3699951171875,236.57000732421875,236.3000030517578,236.49000549316406,60962.0,yahoo
BANKBARODA,5m,2026-09-11T10:15:00+05:30,236.49000549316406,236.60000610351562,236.3800048828125,236.47999572753906,25364.0,yahoo
BANKBARODA,5m,2026-09-11T10:20:00+05:30,236.47000122070312,236.9499969482422,236.39999389648438,236.72000122070312,67768.0,yahoo
BANKBARODA,5m,2026-09-11T10:25:00+05:30,236.64999389648438,236.6699981689453,236.3000030517578,236.3300018310547,40107.0,yahoo
BANKBARODA,5m,2026-09-11T10:30:00+05:30,236.14999389648438,236.36000061035156,236.1199951171875,236.27999877929688,27240.0,yahoo
BANKBARODA,5m,2026-09-11T10:35:00+05:30,236.27999877929688,236.49000549316406,236.27999877929688,236.4499969482422,14662.0,yahoo
BANKBARODA,5m,2026-09-11T10:40:00+05:30,236.49000549316406,236.64999389648438,236.3800048828125,236.63999938964844,28369.0,yahoo
BANKBARODA,5m,2026-09-11T10:45:00+05:30,236.66000366210938,236.82000732421875,236.39999389648438,236.47999572753906,10181.0,yahoo
BANKBARODA,5m,2026-09-11T10:50:00+05:30,236.3000030517578,236.4199981689453,236.16000366210938,236.1699981689453,35149.0,yahoo
BANKBARODA,5m,2026-09-11T10:55:00+05:30,236.1300048828125,236.17999267578125,236.00999450683594,236.0800018310547,24471.0,yahoo
BANKBARODA,5m,2026-09-11T11:00:00+05:30,236.1199951171875,236.3300018310547,236.0500030517578,236.10000610351562,21783.0,yahoo
BANKBARODA,5m,2026-09-11T11:05:00+05:30,236.10000610351562,236.2899932861328,236.00999450683594,236.17999267578125,21737.0,yahoo
BANKBARODA,5m,2026-09-11T11:10:00+05:30,236.27000427246094,237.08999633789062,236.17999267578125,236.92999267578125,35560.0,yahoo
BANKBARODA,5m,2026-09-11T11:15:00+05:30,236.92999267578125,237.02999877929688,236.6999969482422,236.77000427246094,36235.0,yahoo
BANKBARODA,5m,2026-09-11T11:20:00+05:30,236.77000427246094,236.86000061035156,236.5,236.85000610351562,15950.0,yahoo
BANKBARODA,5m,2026-09-11T11:25:00+05:30,236.85000610351562,236.85000610351562,236.41000366210938,236.50999450683594,31112.0,yahoo
BANKBARODA,5m,2026-09-11T11:30:00+05:30,236.50999450683594,236.69000244140625,236.41000366210938,236.5,7764.0,yahoo
BANKBARODA,5m,2026-09-11T11:35:00+05:30,236.4499969482422,236.50999450683594,236.3000030517578,236.38999938964844,16520.0,yahoo
BANKBARODA,5m,2026-09-11T11:40:00+05:30,236.35000610351562,236.64999389648438,236.35000610351562,236.60000610351562,14094.0,yahoo
BANKBARODA,5m,2026-09-11T11:45:00+05:30,236.5800018310547,236.5800018310547,236.0,236.3699951171875,168899.0,yahoo
BANKBARODA,5m,2026-09-11T11:50:00+05:30,236.3699951171875,236.50999450683594,236.27000427246094,236.44000244140625,22669.0,yahoo
BANKBARODA,5m,2026-09-11T11:55:00+05:30,236.39999389648438,236.6199951171875,236.35000610351562,236.6199951171875,14596.0,yahoo
BANKBARODA,5m,2026-09-11T12:00:00+05:30,236.60000610351562,236.60000610351562,236.10000610351562,236.3699951171875,110820.0,yahoo
BANKBARODA,5m,2026-09-11T12:05:00+05:30,236.36000061035156,236.55999755859375,236.33999633789062,236.41000366210938,32984.0,yahoo
BANKBARODA,5m,2026-09-11T12:10:00+05:30,236.4199981689453,236.49000549316406,236.25,236.33999633789062,22853.0,yahoo
BANKBARODA,5m,2026-09-11T12:15:00+05:30,236.41000366210938,236.49000549316406,236.2100067138672,236.47999572753906,11131.0,yahoo
BANKBARODA,5m,2026-09-11T12:20:00+05:30,236.47000122070312,236.5500030517578,236.33999633789062,236.5500030517578,11992.0,yahoo
BANKBARODA,5m,2026-09-11T12:25:00+05:30,236.52000427246094,236.60000610351562,236.17999267578125,236.32000732421875,79836.0,yahoo
BANKBARODA,5m,2026-09-11T12:30:00+05:30,236.3699951171875,236.6199951171875,236.32000732421875,236.60000610351562,21173.0,yahoo
BANKBARODA,5m,2026-09-11T12:35:00+05:30,236.55999755859375,236.7899932861328,236.55999755859375,236.6999969482422,21825.0,yahoo
BANKBARODA,5m,2026-09-11T12:40:00+05:30,236.8000030517578,237.10000610351562,236.57000732421875,236.92999267578125,78347.0,yahoo
BANKBARODA,5m,2026-09-11T12:45:00+05:30,236.86000061035156,236.9600067138672,236.74000549316406,236.9600067138672,14539.0,yahoo
BANKBARODA,5m,2026-09-11T12:50:00+05:30,236.9600067138672,237.5500030517578,236.94000244140625,237.35000610351562,35153.0,yahoo
BANKBARODA,5m,2026-09-11T12:55:00+05:30,237.35000610351562,237.5399932861328,237.25,237.3699951171875,39133.0,yahoo
BANKBARODA,5m,2026-09-11T13:00:00+05:30,237.32000732421875,237.3699951171875,237.0399932861328,237.0800018310547,25590.0,yahoo
BANKBARODA,5m,2026-09-11T13:05:00+05:30,237.0399932861328,237.13999938964844,237.0399932861328,237.0500030517578,11770.0,yahoo
BANKBARODA,5m,2026-09-11T13:10:00+05:30,237.10000610351562,237.27000427246094,237.0,237.19000244140625,17752.0,yahoo
BANKBARODA,5m,2026-09-11T13:15:00+05:30,237.25,237.32000732421875,237.0,237.08999633789062,14855.0,yahoo
BANKBARODA,5m,2026-09-11T13:20:00+05:30,237.10000610351562,237.1999969482422,236.75,236.75,130568.0,yahoo
BANKBARODA,5m,2026-09-11T13:25:00+05:30,236.75,236.75,236.39999389648438,236.67999267578125,213332.0,yahoo
BANKBARODA,5m,2026-09-11T13:30:00+05:30,236.67999267578125,236.6999969482422,236.38999938964844,236.5500030517578,220053.0,yahoo
BANKBARODA,5m,2026-09-11T13:35:00+05:30,236.6199951171875,236.64999389648438,236.42999267578125,236.52000427246094,52323.0,yahoo
BANKBARODA,5m,2026-09-11T13:40:00+05:30,236.52000427246094,236.8300018310547,236.35000610351562,236.75,45495.0,yahoo
BANKBARODA,5m,2026-09-11T13:45:00+05:30,236.8300018310547,237.0500030517578,236.75,236.8699951171875,31547.0,yahoo
BANKBARODA,5m,2026-09-11T13:50:00+05:30,236.9199981689453,237.0500030517578,236.5,236.55999755859375,572805.0,yahoo
BANKBARODA,5m,2026-09-11T13:55:00+05:30,236.58999633789062,237.0,236.39999389648438,236.5,587801.0,yahoo
BANKBARODA,5m,2026-09-11T14:00:00+05:30,236.52000427246094,236.77000427246094,236.32000732421875,236.75999450683594,81910.0,yahoo
BANKBARODA,5m,2026-09-11T14:05:00+05:30,236.75999450683594,236.8000030517578,235.99000549316406,236.60000610351562,909706.0,yahoo
BANKBARODA,5m,2026-09-11T14:10:00+05:30,236.58999633789062,237.0500030517578,236.55999755859375,236.91000366210938,121952.0,yahoo
BANKBARODA,5m,2026-09-11T14:15:00+05:30,236.97000122070312,237.11000061035156,236.75999450683594,237.10000610351562,134483.0,yahoo
BANKBARODA,5m,2026-09-11T14:20:00+05:30,237.02000427246094,237.10000610351562,236.8300018310547,236.97999572753906,108869.0,yahoo
BANKBARODA,5m,2026-09-11T14:25:00+05:30,236.97999572753906,237.1699981689453,236.72000122070312,237.1699981689453,75163.0,yahoo
BANKBARODA,5m,2026-09-11T14:30:00+05:30,237.1999969482422,237.5500030517578,237.14999389648438,237.1999969482422,98667.0,yahoo
BANKBARODA,5m,2026-09-11T14:35:00+05:30,237.11000061035156,237.35000610351562,237.10000610351562,237.17999267578125,54159.0,yahoo
BANKBARODA,5m,2026-09-11T14:40:00+05:30,237.1999969482422,237.32000732421875,236.85000610351562,236.8800048828125,88780.0,yahoo
BANKBARODA,5m,2026-09-11T14:45:00+05:30,236.8800048828125,236.94000244140625,236.52000427246094,236.60000610351562,90469.0,yahoo
BANKBARODA,5m,2026-09-11T14:50:00+05:30,236.6300048828125,236.72999572753906,236.5,236.72999572753906,207953.0,yahoo
BANKBARODA,5m,2026-09-11T14:55:00+05:30,236.72999572753906,236.77000427246094,236.49000549316406,236.74000549316406,205726.0,yahoo
BANKBARODA,5m,2026-09-11T15:00:00+05:30,236.7100067138672,236.7899932861328,236.52999877929688,236.67999267578125,182429.0,yahoo
BANKBARODA,5m,2026-09-11T15:05:00+05:30,236.69000244140625,236.94000244140625,236.64999389648438,236.80999755859375,143562.0,yahoo
BANKBARODA,5m,2026-09-11T15:10:00+05:30,236.8000030517578,237.13999938964844,236.6699981689453,236.9499969482422,268588.0,yahoo
BANKBARODA,5m,2026-09-11T15:15:00+05:30,236.83999633789062,238.1300048828125,236.83999633789062,238.1300048828125,337952.0,yahoo
BANKINDIA,5m,2026-09-11T09:15:00+05:30,139.7100067138672,139.7100067138672,137.49000549316406,138.61000061035156,0.0,yahoo
BANKINDIA,5m,2026-09-11T09:20:00+05:30,138.5,138.6199951171875,138.3800048828125,138.6199951171875,115958.0,yahoo
BANKINDIA,5m,2026-09-11T09:25:00+05:30,138.5800018310547,138.99000549316406,138.5500030517578,138.6999969482422,154348.0,yahoo
BANKINDIA,5m,2026-09-11T09:30:00+05:30,138.74000549316406,138.8000030517578,138.5500030517578,138.69000244140625,76685.0,yahoo
BANKINDIA,5m,2026-09-11T09:35:00+05:30,138.6999969482422,138.89999389648438,138.64999389648438,138.75999450683594,31195.0,yahoo
BANKINDIA,5m,2026-09-11T09:40:00+05:30,138.72000122070312,138.75,138.5500030517578,138.63999938964844,77467.0,yahoo
BANKINDIA,5m,2026-09-11T09:45:00+05:30,138.6199951171875,138.72999572753906,138.5500030517578,138.69000244140625,44560.0,yahoo
BANKINDIA,5m,2026-09-11T09:50:00+05:30,138.74000549316406,138.83999633789062,138.63999938964844,138.67999267578125,33621.0,yahoo
BANKINDIA,5m,2026-09-11T09:55:00+05:30,138.64999389648438,138.8699951171875,138.6199951171875,138.6999969482422,34651.0,yahoo
BANKINDIA,5m,2026-09-11T10:00:00+05:30,138.72999572753906,138.89999389648438,138.6199951171875,138.88999938964844,67737.0,yahoo
BANKINDIA,5m,2026-09-11T10:05:00+05:30,138.8300018310547,139.13999938964844,138.8000030517578,139.10000610351562,35090.0,yahoo
BANKINDIA,5m,2026-09-11T10:10:00+05:30,139.11000061035156,139.1999969482422,139.00999450683594,139.13999938964844,33233.0,yahoo
BANKINDIA,5m,2026-09-11T10:15:00+05:30,139.08999633789062,139.22000122070312,139.08999633789062,139.22000122070312,16165.0,yahoo
BANKINDIA,5m,2026-09-11T10:20:00+05:30,139.22000122070312,139.41000366210938,139.2100067138672,139.3800048828125,21097.0,yahoo
BANKINDIA,5m,2026-09-11T10:25:00+05:30,139.35000610351562,139.35000610351562,139.13999938964844,139.19000244140625,25836.0,yahoo
BANKINDIA,5m,2026-09-11T10:30:00+05:30,139.13999938964844,139.1999969482422,139.0500030517578,139.1699981689453,33714.0,yahoo
BANKINDIA,5m,2026-09-11T10:35:00+05:30,139.14999389648438,139.14999389648438,139.0500030517578,139.08999633789062,9262.0,yahoo
BANKINDIA,5m,2026-09-11T10:40:00+05:30,139.13999938964844,139.16000366210938,139.05999755859375,139.1300048828125,9965.0,yahoo
BANKINDIA,5m,2026-09-11T10:45:00+05:30,139.14999389648438,139.2899932861328,139.0,139.05999755859375,38400.0,yahoo
BANKINDIA,5m,2026-09-11T10:50:00+05:30,139.07000732421875,139.07000732421875,138.8000030517578,138.85000610351562,13016.0,yahoo
BANKINDIA,5m,2026-09-11T10:55:00+05:30,138.85000610351562,138.85000610351562,138.7100067138672,138.7899932861328,45746.0,yahoo
BANKINDIA,5m,2026-09-11T11:00:00+05:30,138.7899932861328,138.85000610351562,138.72000122070312,138.8000030517578,25742.0,yahoo
BANKINDIA,5m,2026-09-11T11:05:00+05:30,138.8000030517578,138.89999389648438,138.8000030517578,138.83999633789062,7402.0,yahoo
BANKINDIA,5m,2026-09-11T11:10:00+05:30,138.91000366210938,139.44000244140625,138.89999389648438,139.3800048828125,45163.0,yahoo
BANKINDIA,5m,2026-09-11T11:15:00+05:30,139.3800048828125,139.60000610351562,139.25,139.3699951171875,57182.0,yahoo
BANKINDIA,5m,2026-09-11T11:20:00+05:30,139.3800048828125,139.4199981689453,139.0399932861328,139.32000732421875,27941.0,yahoo
BANKINDIA,5m,2026-09-11T11:25:00+05:30,139.3000030517578,139.3000030517578,138.8800048828125,138.99000549316406,97850.0,yahoo
BANKINDIA,5m,2026-09-11T11:30:00+05:30,138.9499969482422,138.9499969482422,138.74000549316406,138.77000427246094,164324.0,yahoo
BANKINDIA,5m,2026-09-11T11:35:00+05:30,138.80999755859375,138.8699951171875,138.64999389648438,138.7100067138672,26327.0,yahoo
BANKINDIA,5m,2026-09-11T11:40:00+05:30,138.72999572753906,138.99000549316406,138.72999572753906,138.99000549316406,26869.0,yahoo
BANKINDIA,5m,2026-09-11T11:45:00+05:30,138.97999572753906,139.0500030517578,138.83999633789062,138.9199981689453,14217.0,yahoo
BANKINDIA,5m,2026-09-11T11:50:00+05:30,138.92999267578125,138.92999267578125,138.7899932861328,138.8000030517578,20714.0,yahoo
BANKINDIA,5m,2026-09-11T11:55:00+05:30,138.8000030517578,138.9499969482422,138.72999572753906,138.8300018310547,118693.0,yahoo
BANKINDIA,5m,2026-09-11T12:00:00+05:30,138.8699951171875,138.9499969482422,138.83999633789062,138.89999389648438,17173.0,yahoo
BANKINDIA,5m,2026-09-11T12:05:00+05:30,138.89999389648438,138.9499969482422,138.85000610351562,138.9199981689453,11215.0,yahoo
BANKINDIA,5m,2026-09-11T12:10:00+05:30,138.9199981689453,138.9199981689453,138.27000427246094,138.4499969482422,174246.0,yahoo
BANKINDIA,5m,2026-09-11T12:15:00+05:30,138.4499969482422,138.5399932861328,138.3000030517578,138.50999450683594,36274.0,yahoo
BANKINDIA,5m,2026-09-11T12:20:00+05:30,138.50999450683594,138.75,138.50999450683594,138.75,16434.0,yahoo
BANKINDIA,5m,2026-09-11T12:25:00+05:30,138.72999572753906,138.8000030517578,138.63999938964844,138.74000549316406,8652.0,yahoo
BANKINDIA,5m,2026-09-11T12:30:00+05:30,138.74000549316406,138.89999389648438,138.74000549316406,138.88999938964844,10942.0,yahoo
BANKINDIA,5m,2026-09-11T12:35:00+05:30,138.8699951171875,139.0500030517578,138.8699951171875,139.0500030517578,12930.0,yahoo
BANKINDIA,5m,2026-09-11T12:40:00+05:30,139.05999755859375,139.2899932861328,139.0,139.1999969482422,45693.0,yahoo
BANKINDIA,5m,2026-09-11T12:45:00+05:30,139.1999969482422,139.25,139.16000366210938,139.24000549316406,29370.0,yahoo
BANKINDIA,5m,2026-09-11T12:50:00+05:30,139.24000549316406,139.8000030517578,139.24000549316406,139.55999755859375,106693.0,yahoo
BANKINDIA,5m,2026-09-11T12:55:00+05:30,139.60000610351562,139.6999969482422,139.5500030517578,139.67999267578125,21549.0,yahoo
BANKINDIA,5m,2026-09-11T13:00:00+05:30,139.67999267578125,139.67999267578125,139.47999572753906,139.52999877929688,25636.0,yahoo
BANKINDIA,5m,2026-09-11T13:05:00+05:30,139.5,139.5,139.38999938964844,139.39999389648438,32965.0,yahoo
BANKINDIA,5m,2026-09-11T13:10:00+05:30,139.42999267578125,139.60000610351562,139.39999389648438,139.60000610351562,66303.0,yahoo
BANKINDIA,5m,2026-09-11T13:15:00+05:30,139.63999938964844,139.63999938964844,139.4199981689453,139.4199981689453,19139.0,yahoo
BANKINDIA,5m,2026-09-11T13:20:00+05:30,139.49000549316406,139.49000549316406,139.38999938964844,139.49000549316406,8151.0,yahoo
BANKINDIA,5m,2026-09-11T13:25:00+05:30,139.42999267578125,139.49000549316406,139.3300018310547,139.47999572753906,14589.0,yahoo
BANKINDIA,5m,2026-09-11T13:30:00+05:30,139.5,139.5399932861328,139.47000122070312,139.5,16299.0,yahoo
BANKINDIA,5m,2026-09-11T13:35:00+05:30,139.5,139.5399932861328,139.41000366210938,139.5,20505.0,yahoo
BANKINDIA,5m,2026-09-11T13:40:00+05:30,139.5,139.52000427246094,139.19000244140625,139.39999389648438,31840.0,yahoo
BANKINDIA,5m,2026-09-11T13:45:00+05:30,139.39999389648438,139.42999267578125,139.22999572753906,139.3699951171875,11027.0,yahoo
BANKINDIA,5m,2026-09-11T13:50:00+05:30,139.3699951171875,139.63999938964844,139.35000610351562,139.5,16125.0,yahoo
BANKINDIA,5m,2026-09-11T13:55:00+05:30,139.47999572753906,139.6999969482422,139.42999267578125,139.5800018310547,20406.0,yahoo
BANKINDIA,5m,2026-09-11T14:00:00+05:30,139.63999938964844,139.8000030517578,139.5800018310547,139.72000122070312,51414.0,yahoo
BANKINDIA,5m,2026-09-11T14:05:00+05:30,139.72000122070312,139.75,139.60000610351562,139.7100067138672,18747.0,yahoo
BANKINDIA,5m,2026-09-11T14:10:00+05:30,139.6999969482422,139.77999877929688,139.64999389648438,139.77000427246094,28613.0,yahoo
BANKINDIA,5m,2026-09-11T14:15:00+05:30,139.77999877929688,139.8000030517578,139.72999572753906,139.75999450683594,30025.0,yahoo
BANKINDIA,5m,2026-09-11T14:20:00+05:30,139.75999450683594,139.8000030517578,139.6999969482422,139.8000030517578,16072.0,yahoo
BANKINDIA,5m,2026-09-11T14:25:00+05:30,139.77000427246094,139.9499969482422,139.75,139.94000244140625,74525.0,yahoo
BANKINDIA,5m,2026-09-11T14:30:00+05:30,139.9499969482422,140.10000610351562,139.86000061035156,139.86000061035156,104136.0,yahoo
BANKINDIA,5m,2026-09-11T14:35:00+05:30,139.89999389648438,139.97999572753906,139.77999877929688,139.9199981689453,38987.0,yahoo
BANKINDIA,5m,2026-09-11T14:40:00+05:30,139.94000244140625,140.0,139.89999389648438,139.89999389648438,24824.0,yahoo
BANKINDIA,5m,2026-09-11T14:45:00+05:30,139.94000244140625,139.94000244140625,139.77000427246094,139.85000610351562,22115.0,yahoo
BANKINDIA,5m,2026-09-11T14:50:00+05:30,139.85000610351562,139.9199981689453,139.8000030517578,139.8800048828125,30640.0,yahoo
BANKINDIA,5m,2026-09-11T14:55:00+05:30,139.8800048828125,139.91000366210938,139.75,139.91000366210938,59578.0,yahoo
BANKINDIA,5m,2026-09-11T15:00:00+05:30,139.88999938964844,139.88999938964844,139.64999389648438,139.75,62459.0,yahoo
BANKINDIA,5m,2026-09-11T15:05:00+05:30,139.77999877929688,139.8699951171875,139.66000366210938,139.8300018310547,76707.0,yahoo
BANKINDIA,5m,2026-09-11T15:10:00+05:30,139.75,139.9499969482422,139.6999969482422,139.6999969482422,110117.0,yahoo
BANKINDIA,5m,2026-09-11T15:15:00+05:30,139.6999969482422,140.0,139.6999969482422,140.0,737556.0,yahoo
BANKNIFTY,5m,2026-09-11T09:15:00+05:30,55970.1484375,55970.1484375,55702.6484375,55777.5,0.0,yahoo
BANKNIFTY,5m,2026-09-11T09:20:00+05:30,55777.05078125,55827.5,55742.80078125,55822.80078125,0.0,yahoo
BANKNIFTY,5m,2026-09-11T09:25:00+05:30,55822.80078125,55949.25,55807.8515625,55927.19921875,0.0,yahoo
BANKNIFTY,5m,2026-09-11T09:30:00+05:30,55924.8515625,55934.05078125,55857.25,55874.6015625,0.0,yahoo
BANKNIFTY,5m,2026-09-11T09:35:00+05:30,55876.1484375,55885.6015625,55856.8984375,55870.5,0.0,yahoo
BANKNIFTY,5m,2026-09-11T09:40:00+05:30,55872.6015625,55889.69921875,55830.6015625,55877.55078125,0.0,yahoo
BANKNIFTY,5m,2026-09-11T09:45:00+05:30,55878.69921875,55885.69921875,55826.8515625,55843.19921875,0.0,yahoo
BANKNIFTY,5m,2026-09-11T09:50:00+05:30,55845.44921875,55871.75,55827.8515625,55862.6015625,0.0,yahoo
BANKNIFTY,5m,2026-09-11T09:55:00+05:30,55863.19921875,55925.6484375,55859.25,55908.3984375,0.0,yahoo
BANKNIFTY,5m,2026-09-11T10:00:00+05:30,55906.6015625,55972.1484375,55890.3515625,55953.8984375,0.0,yahoo
BANKNIFTY,5m,2026-09-11T10:05:00+05:30,55957.30078125,55988.25,55950.3515625,55981.3984375,0.0,yahoo
BANKNIFTY,5m,2026-09-11T10:10:00+05:30,55980.69921875,56024.8515625,55968.30078125,56022.25,0.0,yahoo
BANKNIFTY,5m,2026-09-11T10:15:00+05:30,56022.0,56036.44921875,56004.8984375,56016.8515625,0.0,yahoo
BANKNIFTY,5m,2026-09-11T10:20:00+05:30,56020.6015625,56092.44921875,56010.5,56050.1015625,0.0,yahoo
BANKNIFTY,5m,2026-09-11T10:25:00+05:30,56055.30078125,56055.30078125,55975.6015625,55982.05078125,0.0,yahoo
BANKNIFTY,5m,2026-09-11T10:30:00+05:30,55981.05078125,56000.94921875,55954.5,55991.69921875,0.0,yahoo
BANKNIFTY,5m,2026-09-11T10:35:00+05:30,55992.94921875,56038.44921875,55988.1015625,56033.3984375,0.0,yahoo
BANKNIFTY,5m,2026-09-11T10:40:00+05:30,56034.5,56043.3984375,56019.0,56041.1484375,0.0,yahoo
BANKNIFTY,5m,2026-09-11T10:45:00+05:30,56045.05078125,56075.3515625,56002.5,56007.94921875,0.0,yahoo
BANKNIFTY,5m,2026-09-11T10:50:00+05:30,56010.19921875,56010.19921875,55968.30078125,55976.19921875,0.0,yahoo
BANKNIFTY,5m,2026-09-11T10:55:00+05:30,55977.19921875,55981.0,55947.69921875,55957.94921875,0.0,yahoo
BANKNIFTY,5m,2026-09-11T11:00:00+05:30,55958.44921875,55997.1015625,55952.05078125,55974.75,0.0,yahoo
BANKNIFTY,5m,2026-09-11T11:05:00+05:30,55976.6484375,56041.6484375,55963.69921875,56040.44921875,0.0,yahoo
BANKNIFTY,5m,2026-09-11T11:10:00+05:30,56043.0,56220.3515625,56035.30078125,56203.05078125,0.0,yahoo
BANKNIFTY,5m,2026-09-11T11:15:00+05:30,56202.30078125,56241.1484375,56142.3515625,56191.6484375,0.0,yahoo
BANKNIFTY,5m,2026-09-11T11:20:00+05:30,56195.1484375,56262.75,56157.5,56236.8984375,0.0,yahoo
BANKNIFTY,5m,2026-09-11T11:25:00+05:30,56243.25,56245.5,56174.0,56174.5,0.0,yahoo
BANKNIFTY,5m,2026-09-11T11:30:00+05:30,56176.25,56198.55078125,56148.25,56189.6484375,0.0,yahoo
BANKNIFTY,5m,2026-09-11T11:35:00+05:30,56190.19921875,56210.1484375,56159.1484375,56159.5,0.0,yahoo
BANKNIFTY,5m,2026-09-11T11:40:00+05:30,56162.19921875,56217.69921875,56157.8515625,56209.3984375,0.0,yahoo
BANKNIFTY,5m,2026-09-11T11:45:00+05:30,56207.6015625,56230.0,56178.8984375,56187.1015625,0.0,yahoo
BANKNIFTY,5m,2026-09-11T11:50:00+05:30,56190.55078125,56207.0,56154.8515625,56176.1484375,0.0,yahoo
BANKNIFTY,5m,2026-09-11T11:55:00+05:30,56178.5,56195.94921875,56142.25,56165.6015625,0.0,yahoo
BANKNIFTY,5m,2026-09-11T12:00:00+05:30,56169.3515625,56188.80078125,56144.80078125,56144.94921875,0.0,yahoo
BANKNIFTY,5m,2026-09-11T12:05:00+05:30,56151.1015625,56164.19921875,56129.75,56134.19921875,0.0,yahoo
BANKNIFTY,5m,2026-09-11T12:10:00+05:30,56136.80078125,56140.25,56073.8984375,56095.25,0.0,yahoo
BANKNIFTY,5m,2026-09-11T12:15:00+05:30,56099.6015625,56121.8515625,56075.5,56117.75,0.0,yahoo
BANKNIFTY,5m,2026-09-11T12:20:00+05:30,56123.80078125,56162.80078125,56110.05078125,56158.05078125,0.0,yahoo
BANKNIFTY,5m,2026-09-11T12:25:00+05:30,56161.8984375,56165.05078125,56132.44921875,56141.8984375,0.0,yahoo
BANKNIFTY,5m,2026-09-11T12:30:00+05:30,56140.6484375,56192.75,56136.75,56183.25,0.0,yahoo
BANKNIFTY,5m,2026-09-11T12:35:00+05:30,56187.8984375,56251.80078125,56176.3515625,56211.94921875,0.0,yahoo
BANKNIFTY,5m,2026-09-11T12:40:00+05:30,56215.6484375,56263.1484375,56198.80078125,56234.80078125,0.0,yahoo
BANKNIFTY,5m,2026-09-11T12:45:00+05:30,56237.3984375,56249.0,56210.6015625,56246.6015625,0.0,yahoo
BANKNIFTY,5m,2026-09-11T12:50:00+05:30,56247.69921875,56309.25,56234.3984375,56281.1484375,0.0,yahoo
BANKNIFTY,5m,2026-09-11T12:55:00+05:30,56281.94921875,56309.30078125,56271.6484375,56288.6015625,0.0,yahoo
BANKNIFTY,5m,2026-09-11T13:00:00+05:30,56291.80078125,56294.1484375,56213.44921875,56216.69921875,0.0,yahoo
BANKNIFTY,5m,2026-09-11T13:05:00+05:30,56216.1484375,56227.5,56193.69921875,56200.19921875,0.0,yahoo
BANKNIFTY,5m,2026-09-11T13:10:00+05:30,56201.3515625,56237.44921875,56171.6484375,56229.3984375,0.0,yahoo
BANKNIFTY,5m,2026-09-11T13:15:00+05:30,56230.6484375,56245.19921875,56205.5,56210.55078125,0.0,yahoo
BANKNIFTY,5m,2026-09-11T13:20:00+05:30,56212.69921875,56259.44921875,56198.0,56255.3515625,0.0,yahoo
BANKNIFTY,5m,2026-09-11T13:25:00+05:30,56257.05078125,56339.30078125,56234.05078125,56334.1015625,0.0,yahoo
BANKNIFTY,5m,2026-09-11T13:30:00+05:30,56336.75,56357.05078125,56303.1015625,56348.6015625,0.0,yahoo
BANKNIFTY,5m,2026-09-11T13:35:00+05:30,56351.05078125,56351.05078125,56290.5,56292.94921875,0.0,yahoo
BANKNIFTY,5m,2026-09-11T13:40:00+05:30,56295.3515625,56336.1484375,56234.3515625,56324.94921875,0.0,yahoo
BANKNIFTY,5m,2026-09-11T13:45:00+05:30,56328.05078125,56352.3984375,56263.25,56350.25,0.0,yahoo
BANKNIFTY,5m,2026-09-11T13:50:00+05:30,56350.25,56466.3515625,56346.5,56353.19921875,0.0,yahoo
BANKNIFTY,5m,2026-09-11T13:55:00+05:30,56354.1484375,56496.30078125,56348.3515625,56477.3984375,0.0,yahoo
BANKNIFTY,5m,2026-09-11T14:00:00+05:30,56478.80078125,56625.6484375,56445.94921875,56586.3984375,0.0,yahoo
BANKNIFTY,5m,2026-09-11T14:05:00+05:30,56590.55078125,56592.6015625,56489.69921875,56524.80078125,0.0,yahoo
BANKNIFTY,5m,2026-09-11T14:10:00+05:30,56531.05078125,56551.80078125,56506.75,56547.44921875,0.0,yahoo
BANKNIFTY,5m,2026-09-11T14:15:00+05:30,56550.25,56559.3984375,56465.80078125,56474.30078125,0.0,yahoo
BANKNIFTY,5m,2026-09-11T14:20:00+05:30,56470.8984375,56519.1484375,56461.25,56517.19921875,0.0,yahoo
BANKNIFTY,5m,2026-09-11T14:25:00+05:30,56514.30078125,56555.8515625,56503.75,56544.3515625,0.0,yahoo
BANKNIFTY,5m,2026-09-11T14:30:00+05:30,56544.44921875,56583.1484375,56524.80078125,56559.25,0.0,yahoo
BANKNIFTY,5m,2026-09-11T14:35:00+05:30,56561.25,56632.19921875,56538.19921875,56580.3984375,0.0,yahoo
BANKNIFTY,5m,2026-09-11T14:40:00+05:30,56584.30078125,56615.5,56558.1015625,56599.6484375,0.0,yahoo
BANKNIFTY,5m,2026-09-11T14:45:00+05:30,56596.8515625,56626.75,56575.6015625,56615.6015625,0.0,yahoo
BANKNIFTY,5m,2026-09-11T14:50:00+05:30,56615.05078125,56639.44921875,56584.8984375,56596.94921875,0.0,yahoo
BANKNIFTY,5m,2026-09-11T14:55:00+05:30,56597.6015625,56625.8515625,56573.3515625,56580.05078125,0.0,yahoo
BANKNIFTY,5m,2026-09-11T15:00:00+05:30,56577.55078125,56611.3984375,56525.19921875,56533.0,0.0,yahoo
BANKNIFTY,5m,2026-09-11T15:05:00+05:30,56538.55078125,56593.80078125,56503.19921875,56586.3515625,0.0,yahoo
BANKNIFTY,5m,2026-09-11T15:10:00+05:30,56583.75,56645.25,56579.0,56625.8984375,0.0,yahoo
BANKNIFTY,5m,2026-09-11T15:15:00+05:30,56625.8984375,56625.8984375,56625.8984375,56625.8984375,0.0,yahoo
BANKNIFTY,5m,2026-09-11T15:20:00+05:30,56625.8984375,56625.8984375,56625.8984375,56625.8984375,0.0,yahoo
BANKNIFTY,5m,2026-09-11T15:25:00+05:30,56625.8984375,56625.8984375,56606.55078125,56606.55078125,0.0,yahoo
BEL,5m,2026-09-11T09:15:00+05:30,400.8500061035156,402.6499938964844,399.75,402.6499938964844,0.0,yahoo
BEL,5m,2026-09-11T09:20:00+05:30,402.25,402.3999938964844,401.75,402.3999938964844,191099.0,yahoo
BEL,5m,2026-09-11T09:25:00+05:30,402.3999938964844,402.95001220703125,401.54998779296875,401.54998779296875,132646.0,yahoo
BEL,5m,2026-09-11T09:30:00+05:30,401.5,401.79998779296875,400.8999938964844,401.5,182202.0,yahoo
BEL,5m,2026-09-11T09:35:00+05:30,401.54998779296875,401.70001220703125,401.1000061035156,401.29998779296875,135741.0,yahoo
BEL,5m,2026-09-11T09:40:00+05:30,401.5,401.54998779296875,400.8500061035156,401.0,113132.0,yahoo
BEL,5m,2026-09-11T09:45:00+05:30,400.8500061035156,401.3500061035156,400.8500061035156,401.3500061035156,112112.0,yahoo
BEL,5m,2026-09-11T09:50:00+05:30,401.5,401.8500061035156,401.20001220703125,401.3999938964844,100480.0,yahoo
BEL,5m,2026-09-11T09:55:00+05:30,401.25,401.79998779296875,401.25,401.6499938964844,77061.0,yahoo
BEL,5m,2026-09-11T10:00:00+05:30,401.75,402.3999938964844,401.75,402.04998779296875,94679.0,yahoo
BEL,5m,2026-09-11T10:05:00+05:30,402.0,402.1000061035156,401.54998779296875,401.8500061035156,109265.0,yahoo
BEL,5m,2026-09-11T10:10:00+05:30,401.8999938964844,403.20001220703125,401.8999938964844,403.1000061035156,135528.0,yahoo
BEL,5m,2026-09-11T10:15:00+05:30,403.1499938964844,403.20001220703125,402.8500061035156,402.8999938964844,113616.0,yahoo
BEL,5m,2026-09-11T10:20:00+05:30,403.0,403.20001220703125,402.79998779296875,403.0,46428.0,yahoo
BEL,5m,2026-09-11T10:25:00+05:30,403.1000061035156,403.1000061035156,402.29998779296875,402.54998779296875,61274.0,yahoo
BEL,5m,2026-09-11T10:30:00+05:30,402.5,402.6000061035156,402.3500061035156,402.5,45180.0,yahoo
BEL,5m,2026-09-11T10:35:00+05:30,402.5,402.8999938964844,402.5,402.75,51758.0,yahoo
BEL,5m,2026-09-11T10:40:00+05:30,402.75,403.20001220703125,402.6000061035156,403.20001220703125,56258.0,yahoo
BEL,5m,2026-09-11T10:45:00+05:30,403.20001220703125,403.3999938964844,402.70001220703125,402.8500061035156,66963.0,yahoo
BEL,5m,2026-09-11T10:50:00+05:30,402.8500061035156,402.8500061035156,402.20001220703125,402.3500061035156,71759.0,yahoo
BEL,5m,2026-09-11T10:55:00+05:30,402.20001220703125,402.45001220703125,401.79998779296875,401.8999938964844,117061.0,yahoo
BEL,5m,2026-09-11T11:00:00+05:30,401.8999938964844,402.45001220703125,401.8999938964844,402.20001220703125,61311.0,yahoo
BEL,5m,2026-09-11T11:05:00+05:30,402.25,402.70001220703125,402.20001220703125,402.6499938964844,52465.0,yahoo
BEL,5m,2026-09-11T11:10:00+05:30,402.70001220703125,403.29998779296875,402.6000061035156,403.04998779296875,49467.0,yahoo
BEL,5m,2026-09-11T11:15:00+05:30,403.04998779296875,403.3999938964844,402.8999938964844,403.20001220703125,76022.0,yahoo
BEL,5m,2026-09-11T11:20:00+05:30,403.29998779296875,403.5,403.1499938964844,403.3500061035156,145295.0,yahoo
BEL,5m,2026-09-11T11:25:00+05:30,403.3500061035156,403.45001220703125,403.0,403.1499938964844,82992.0,yahoo
BEL,5m,2026-09-11T11:30:00+05:30,403.1499938964844,403.3999938964844,403.0,403.1000061035156,64501.0,yahoo
BEL,5m,2026-09-11T11:35:00+05:30,403.04998779296875,403.6000061035156,403.0,403.3500061035156,175312.0,yahoo
BEL,5m,2026-09-11T11:40:00+05:30,403.1499938964844,403.70001220703125,403.0,403.6499938964844,38266.0,yahoo
BEL,5m,2026-09-11T11:45:00+05:30,403.70001220703125,403.8500061035156,403.1000061035156,403.25,58605.0,yahoo
BEL,5m,2026-09-11T11:50:00+05:30,403.25,403.5,403.1000061035156,403.5,57481.0,yahoo
BEL,5m,2026-09-11T11:55:00+05:30,403.5,403.70001220703125,403.29998779296875,403.6000061035156,35321.0,yahoo
BEL,5m,2026-09-11T12:00:00+05:30,403.54998779296875,404.1499938964844,403.3999938964844,404.0,182101.0,yahoo
BEL,5m,2026-09-11T12:05:00+05:30,403.95001220703125,404.0,403.6000061035156,403.95001220703125,68754.0,yahoo
BEL,5m,2026-09-11T12:10:00+05:30,404.0,404.0,403.6000061035156,403.6000061035156,34793.0,yahoo
BEL,5m,2026-09-11T12:15:00+05:30,403.79998779296875,403.8500061035156,403.6000061035156,403.70001220703125,25001.0,yahoo
BEL,5m,2026-09-11T12:20:00+05:30,403.75,404.1000061035156,403.45001220703125,404.04998779296875,57106.0,yahoo
BEL,5m,2026-09-11T12:25:00+05:30,404.1000061035156,404.25,404.04998779296875,404.1499938964844,31406.0,yahoo
BEL,5m,2026-09-11T12:30:00+05:30,404.1499938964844,404.29998779296875,404.04998779296875,404.25,26309.0,yahoo
BEL,5m,2026-09-11T12:35:00+05:30,404.29998779296875,404.3999938964844,404.0,404.3999938964844,49081.0,yahoo
BEL,5m,2026-09-11T12:40:00+05:30,404.6000061035156,404.6000061035156,404.1000061035156,404.29998779296875,42882.0,yahoo
BEL,5m,2026-09-11T12:45:00+05:30,404.29998779296875,404.3500061035156,404.04998779296875,404.29998779296875,21314.0,yahoo
BEL,5m,2026-09-11T12:50:00+05:30,404.3500061035156,404.45001220703125,404.0,404.1000061035156,52615.0,yahoo
BEL,5m,2026-09-11T12:55:00+05:30,404.1499938964844,404.29998779296875,403.79998779296875,404.29998779296875,56017.0,yahoo
BEL,5m,2026-09-11T13:00:00+05:30,404.29998779296875,404.29998779296875,403.79998779296875,403.79998779296875,84584.0,yahoo
BEL,5m,2026-09-11T13:05:00+05:30,403.8500061035156,404.1000061035156,403.8500061035156,404.04998779296875,175412.0,yahoo
BEL,5m,2026-09-11T13:10:00+05:30,404.0,404.70001220703125,404.0,404.54998779296875,99093.0,yahoo
BEL,5m,2026-09-11T13:15:00+05:30,404.54998779296875,404.6499938964844,404.1499938964844,404.6000061035156,50375.0,yahoo
BEL,5m,2026-09-11T13:20:00+05:30,404.6499938964844,404.6499938964844,404.3999938964844,404.45001220703125,27667.0,yahoo
BEL,5m,2026-09-11T13:25:00+05:30,404.5,404.54998779296875,404.29998779296875,404.3500061035156,28009.0,yahoo
BEL,5m,2026-09-11T13:30:00+05:30,404.3500061035156,404.3500061035156,403.70001220703125,403.8999938964844,72611.0,yahoo
BEL,5m,2026-09-11T13:35:00+05:30,403.8999938964844,404.3500061035156,403.75,403.8500061035156,195031.0,yahoo
BEL,5m,2026-09-11T13:40:00+05:30,404.1000061035156,404.1000061035156,403.1499938964844,403.5,85848.0,yahoo
BEL,5m,2026-09-11T13:45:00+05:30,403.5,403.70001220703125,403.29998779296875,403.70001220703125,23321.0,yahoo
BEL,5m,2026-09-11T13:50:00+05:30,403.70001220703125,404.5,403.54998779296875,404.1499938964844,146521.0,yahoo
BEL,5m,2026-09-11T13:55:00+05:30,404.1499938964844,404.45001220703125,404.04998779296875,404.25,36758.0,yahoo
BEL,5m,2026-09-11T14:00:00+05:30,404.3500061035156,404.70001220703125,404.25,404.6000061035156,42505.0,yahoo
BEL,5m,2026-09-11T14:05:00+05:30,404.6000061035156,404.6000061035156,404.20001220703125,404.25,46392.0,yahoo
BEL,5m,2026-09-11T14:10:00+05:30,404.25,404.75,404.1499938964844,404.5,182790.0,yahoo
BEL,5m,2026-09-11T14:15:00+05:30,404.5,405.1499938964844,404.5,405.04998779296875,100307.0,yahoo
BEL,5m,2026-09-11T14:20:00+05:30,405.04998779296875,405.29998779296875,404.8500061035156,405.20001220703125,57712.0,yahoo
BEL,5m,2026-09-11T14:25:00+05:30,405.20001220703125,405.29998779296875,405.1000061035156,405.1499938964844,53061.0,yahoo
BEL,5m,2026-09-11T14:30:00+05:30,405.25,405.29998779296875,404.6499938964844,404.75,75445.0,yahoo
BEL,5m,2026-09-11T14:35:00+05:30,404.70001220703125,404.70001220703125,404.1499938964844,404.54998779296875,89794.0,yahoo
BEL,5m,2026-09-11T14:40:00+05:30,404.6499938964844,404.70001220703125,404.3999938964844,404.5,48361.0,yahoo
BEL,5m,2026-09-11T14:45:00+05:30,404.6000061035156,404.6000061035156,404.1000061035156,404.20001220703125,70418.0,yahoo
BEL,5m,2026-09-11T14:50:00+05:30,404.25,404.6000061035156,404.1000061035156,404.5,201606.0,yahoo
BEL,5m,2026-09-11T14:55:00+05:30,404.54998779296875,404.79998779296875,404.5,404.70001220703125,148089.0,yahoo
BEL,5m,2026-09-11T15:00:00+05:30,404.54998779296875,404.54998779296875,404.0,404.29998779296875,232577.0,yahoo
BEL,5m,2026-09-11T15:05:00+05:30,404.20001220703125,404.20001220703125,403.6499938964844,403.6499938964844,279801.0,yahoo
BEL,5m,2026-09-11T15:10:00+05:30,403.75,404.29998779296875,403.54998779296875,404.25,303959.0,yahoo
BEL,5m,2026-09-11T15:15:00+05:30,404.3500061035156,404.3500061035156,404.3500061035156,404.3500061035156,503372.0,yahoo
BHARTIARTL,5m,2026-09-11T09:15:00+05:30,1832.0,1841.4000244140625,1831.300048828125,1840.5999755859375,0.0,yahoo
BHARTIARTL,5m,2026-09-11T09:20:00+05:30,1840.5999755859375,1844.699951171875,1840.0,1843.699951171875,90523.0,yahoo
BHARTIARTL,5m,2026-09-11T09:25:00+05:30,1843.0999755859375,1845.300048828125,1839.0,1839.0,95283.0,yahoo
BHARTIARTL,5m,2026-09-11T09:30:00+05:30,1838.9000244140625,1846.699951171875,1838.9000244140625,1846.4000244140625,74778.0,yahoo
BHARTIARTL,5m,2026-09-11T09:35:00+05:30,1846.5999755859375,1847.699951171875,1846.0,1846.199951171875,59819.0,yahoo
BHARTIARTL,5m,2026-09-11T09:40:00+05:30,1846.199951171875,1846.5999755859375,1842.9000244140625,1842.9000244140625,33677.0,yahoo
BHARTIARTL,5m,2026-09-11T09:45:00+05:30,1843.199951171875,1845.5999755859375,1842.699951171875,1845.5999755859375,36450.0,yahoo
BHARTIARTL,5m,2026-09-11T09:50:00+05:30,1845.5999755859375,1846.0,1842.699951171875,1845.199951171875,44136.0,yahoo
BHARTIARTL,5m,2026-09-11T09:55:00+05:30,1845.199951171875,1851.0,1845.199951171875,1850.9000244140625,89091.0,yahoo
BHARTIARTL,5m,2026-09-11T10:00:00+05:30,1850.9000244140625,1851.0999755859375,1848.0999755859375,1850.0,60628.0,yahoo
BHARTIARTL,5m,2026-09-11T10:05:00+05:30,1850.300048828125,1850.300048828125,1847.4000244140625,1848.800048828125,34517.0,yahoo
BHARTIARTL,5m,2026-09-11T10:10:00+05:30,1848.800048828125,1851.0,1848.0,1849.0,86333.0,yahoo
BHARTIARTL,5m,2026-09-11T10:15:00+05:30,1849.0,1849.4000244140625,1845.800048828125,1846.0,55455.0,yahoo
BHARTIARTL,5m,2026-09-11T10:20:00+05:30,1846.0999755859375,1847.4000244140625,1846.0,1847.0,43684.0,yahoo
BHARTIARTL,5m,2026-09-11T10:25:00+05:30,1847.0999755859375,1847.9000244140625,1845.699951171875,1846.0,39165.0,yahoo
BHARTIARTL,5m,2026-09-11T10:30:00+05:30,1846.4000244140625,1848.5999755859375,1846.199951171875,1846.199951171875,29176.0,yahoo
BHARTIARTL,5m,2026-09-11T10:35:00+05:30,1846.300048828125,1846.699951171875,1845.0999755859375,1845.5,55954.0,yahoo
BHARTIARTL,5m,2026-09-11T10:40:00+05:30,1845.9000244140625,1845.9000244140625,1842.9000244140625,1843.199951171875,35062.0,yahoo
BHARTIARTL,5m,2026-09-11T10:45:00+05:30,1843.5,1846.300048828125,1843.5,1845.9000244140625,28849.0,yahoo
BHARTIARTL,5m,2026-09-11T10:50:00+05:30,1846.0999755859375,1846.5999755859375,1844.0,1846.0,100801.0,yahoo
BHARTIARTL,5m,2026-09-11T10:55:00+05:30,1846.4000244140625,1846.4000244140625,1842.800048828125,1845.199951171875,91354.0,yahoo
BHARTIARTL,5m,2026-09-11T11:00:00+05:30,1845.199951171875,1846.5999755859375,1844.699951171875,1846.199951171875,74876.0,yahoo
BHARTIARTL,5m,2026-09-11T11:05:00+05:30,1846.199951171875,1847.4000244140625,1844.5,1846.0,56087.0,yahoo
BHARTIARTL,5m,2026-09-11T11:10:00+05:30,1846.0,1847.9000244140625,1844.199951171875,1847.9000244140625,50342.0,yahoo
BHARTIARTL,5m,2026-09-11T11:15:00+05:30,1848.300048828125,1848.300048828125,1846.5,1847.5,50072.0,yahoo
BHARTIARTL,5m,2026-09-11T11:20:00+05:30,1847.5,1848.199951171875,1846.5999755859375,1847.699951171875,40465.0,yahoo
BHARTIARTL,5m,2026-09-11T11:25:00+05:30,1847.9000244140625,1852.0,1847.800048828125,1850.199951171875,99396.0,yahoo
BHARTIARTL,5m,2026-09-11T11:30:00+05:30,1849.699951171875,1849.699951171875,1846.300048828125,1847.5,49214.0,yahoo
BHARTIARTL,5m,2026-09-11T11:35:00+05:30,1847.5,1848.699951171875,1847.0,1848.300048828125,20297.0,yahoo
BHARTIARTL,5m,2026-09-11T11:40:00+05:30,1848.5999755859375,1849.9000244140625,1848.199951171875,1849.300048828125,26050.0,yahoo
BHARTIARTL,5m,2026-09-11T11:45:00+05:30,1849.300048828125,1850.0,1847.4000244140625,1847.699951171875,58569.0,yahoo
BHARTIARTL,5m,2026-09-11T11:50:00+05:30,1847.699951171875,1848.0,1845.5999755859375,1847.4000244140625,26995.0,yahoo
BHARTIARTL,5m,2026-09-11T11:55:00+05:30,1847.4000244140625,1849.0,1846.5999755859375,1847.699951171875,75546.0,yahoo
BHARTIARTL,5m,2026-09-11T12:00:00+05:30,1847.699951171875,1848.300048828125,1846.0,1846.0,57297.0,yahoo
BHARTIARTL,5m,2026-09-11T12:05:00+05:30,1845.5999755859375,1846.199951171875,1844.4000244140625,1844.4000244140625,24564.0,yahoo
BHARTIARTL,5m,2026-09-11T12:10:00+05:30,1844.0,1844.800048828125,1842.0999755859375,1843.699951171875,45456.0,yahoo
BHARTIARTL,5m,2026-09-11T12:15:00+05:30,1843.699951171875,1845.5,1843.300048828125,1845.199951171875,15299.0,yahoo
BHARTIARTL,5m,2026-09-11T12:20:00+05:30,1845.199951171875,1845.9000244140625,1844.199951171875,1844.800048828125,24235.0,yahoo
BHARTIARTL,5m,2026-09-11T12:25:00+05:30,1845.0,1846.0,1844.5999755859375,1845.199951171875,35904.0,yahoo
BHARTIARTL,5m,2026-09-11T12:30:00+05:30,1845.199951171875,1847.199951171875,1845.0999755859375,1845.699951171875,25465.0,yahoo
BHARTIARTL,5m,2026-09-11T12:35:00+05:30,1845.699951171875,1845.9000244140625,1842.699951171875,1842.699951171875,46531.0,yahoo
BHARTIARTL,5m,2026-09-11T12:40:00+05:30,1842.800048828125,1843.5999755859375,1842.0999755859375,1843.0999755859375,34809.0,yahoo
BHARTIARTL,5m,2026-09-11T12:45:00+05:30,1842.800048828125,1842.9000244140625,1841.300048828125,1842.0999755859375,36872.0,yahoo
BHARTIARTL,5m,2026-09-11T12:50:00+05:30,1842.199951171875,1842.199951171875,1840.5,1842.0999755859375,23960.0,yahoo
BHARTIARTL,5m,2026-09-11T12:55:00+05:30,1841.9000244140625,1842.199951171875,1840.5,1841.300048828125,34462.0,yahoo
BHARTIARTL,5m,2026-09-11T13:00:00+05:30,1841.300048828125,1842.0,1840.5999755859375,1841.300048828125,23836.0,yahoo
BHARTIARTL,5m,2026-09-11T13:05:00+05:30,1841.199951171875,1844.0,1841.0,1842.800048828125,35047.0,yahoo
BHARTIARTL,5m,2026-09-11T13:10:00+05:30,1843.300048828125,1844.0,1842.300048828125,1842.5999755859375,38713.0,yahoo
BHARTIARTL,5m,2026-09-11T13:15:00+05:30,1843.0,1843.4000244140625,1841.800048828125,1842.0999755859375,38390.0,yahoo
BHARTIARTL,5m,2026-09-11T13:20:00+05:30,1842.0999755859375,1843.5,1841.800048828125,1842.5999755859375,26967.0,yahoo
BHARTIARTL,5m,2026-09-11T13:25:00+05:30,1842.5999755859375,1843.0999755859375,1841.300048828125,1842.5,52927.0,yahoo
BHARTIARTL,5m,2026-09-11T13:30:00+05:30,1842.5,1842.9000244140625,1841.800048828125,1842.4000244140625,17257.0,yahoo
BHARTIARTL,5m,2026-09-11T13:35:00+05:30,1842.300048828125,1843.199951171875,1840.800048828125,1841.4000244140625,66233.0,yahoo
BHARTIARTL,5m,2026-09-11T13:40:00+05:30,1841.9000244140625,1842.4000244140625,1840.300048828125,1842.4000244140625,31657.0,yahoo
BHARTIARTL,5m,2026-09-11T13:45:00+05:30,1841.800048828125,1842.5,1841.0,1842.5,31935.0,yahoo
BHARTIARTL,5m,2026-09-11T13:50:00+05:30,1842.5,1842.5,1840.300048828125,1840.4000244140625,55663.0,yahoo
BHARTIARTL,5m,2026-09-11T13:55:00+05:30,1840.5,1842.800048828125,1839.300048828125,1839.300048828125,55334.0,yahoo
BHARTIARTL,5m,2026-09-11T14:00:00+05:30,1839.5999755859375,1842.0,1839.0,1839.800048828125,39194.0,yahoo
BHARTIARTL,5m,2026-09-11T14:05:00+05:30,1839.800048828125,1841.800048828125,1839.5999755859375,1840.699951171875,31546.0,yahoo
BHARTIARTL,5m,2026-09-11T14:10:00+05:30,1840.5999755859375,1841.199951171875,1840.199951171875,1841.0,25369.0,yahoo
BHARTIARTL,5m,2026-09-11T14:15:00+05:30,1841.0,1841.300048828125,1840.4000244140625,1841.300048828125,26461.0,yahoo
BHARTIARTL,5m,2026-09-11T14:20:00+05:30,1841.300048828125,1842.800048828125,1840.9000244140625,1842.0,40365.0,yahoo
BHARTIARTL,5m,2026-09-11T14:25:00+05:30,1842.300048828125,1842.5999755859375,1840.9000244140625,1841.4000244140625,110449.0,yahoo
BHARTIARTL,5m,2026-09-11T14:30:00+05:30,1841.5,1842.9000244140625,1841.0,1841.800048828125,69253.0,yahoo
BHARTIARTL,5m,2026-09-11T14:35:00+05:30,1841.5999755859375,1842.0999755859375,1839.699951171875,1840.199951171875,40355.0,yahoo
BHARTIARTL,5m,2026-09-11T14:40:00+05:30,1840.4000244140625,1843.5,1840.199951171875,1843.5,116292.0,yahoo
BHARTIARTL,5m,2026-09-11T14:45:00+05:30,1843.5,1843.5,1840.5,1841.0,45942.0,yahoo
BHARTIARTL,5m,2026-09-11T14:50:00+05:30,1841.199951171875,1842.9000244140625,1840.5,1841.699951171875,35143.0,yahoo
BHARTIARTL,5m,2026-09-11T14:55:00+05:30,1841.5999755859375,1842.0999755859375,1841.0999755859375,1841.4000244140625,58228.0,yahoo
BHARTIARTL,5m,2026-09-11T15:00:00+05:30,1840.5999755859375,1840.5999755859375,1837.5999755859375,1837.5999755859375,57368.0,yahoo
BHARTIARTL,5m,2026-09-11T15:05:00+05:30,1838.0,1838.9000244140625,1837.4000244140625,1838.4000244140625,70661.0,yahoo
BHARTIARTL,5m,2026-09-11T15:10:00+05:30,1838.4000244140625,1841.0,1833.9000244140625,1841.0,94033.0,yahoo
BHARTIARTL,5m,2026-09-11T15:15:00+05:30,1841.0,1841.0,1831.0999755859375,1831.0999755859375,392682.0,yahoo
BIOCON,5m,2026-09-11T09:15:00+05:30,390.5,390.5,386.5,386.8999938964844,0.0,yahoo
BIOCON,5m,2026-09-11T09:20:00+05:30,386.95001220703125,386.95001220703125,385.54998779296875,385.95001220703125,42915.0,yahoo
BIOCON,5m,2026-09-11T09:25:00+05:30,386.1000061035156,386.75,385.54998779296875,385.79998779296875,31468.0,yahoo
BIOCON,5m,2026-09-11T09:30:00+05:30,385.75,387.1499938964844,385.70001220703125,386.6499938964844,37371.0,yahoo
BIOCON,5m,2026-09-11T09:35:00+05:30,386.6499938964844,387.6499938964844,386.04998779296875,386.1000061035156,37301.0,yahoo
BIOCON,5m,2026-09-11T09:40:00+05:30,386.0,386.20001220703125,385.25,385.75,54611.0,yahoo
BIOCON,5m,2026-09-11T09:45:00+05:30,385.70001220703125,385.95001220703125,385.5,385.5,29257.0,yahoo
BIOCON,5m,2026-09-11T09:50:00+05:30,385.5,385.70001220703125,385.5,385.5,16112.0,yahoo
BIOCON,5m,2026-09-11T09:55:00+05:30,385.45001220703125,385.6000061035156,385.20001220703125,385.20001220703125,26401.0,yahoo
BIOCON,5m,2026-09-11T10:00:00+05:30,385.1499938964844,385.54998779296875,384.8999938964844,385.1000061035156,25944.0,yahoo
BIOCON,5m,2026-09-11T10:05:00+05:30,385.1499938964844,385.3999938964844,385.0,385.29998779296875,18613.0,yahoo
BIOCON,5m,2026-09-11T10:10:00+05:30,385.25,385.70001220703125,384.8999938964844,385.54998779296875,49706.0,yahoo
BIOCON,5m,2026-09-11T10:15:00+05:30,385.54998779296875,386.29998779296875,385.45001220703125,386.29998779296875,26892.0,yahoo
BIOCON,5m,2026-09-11T10:20:00+05:30,386.1000061035156,386.3500061035156,385.5,385.6499938964844,18622.0,yahoo
BIOCON,5m,2026-09-11T10:25:00+05:30,385.6499938964844,385.79998779296875,385.0,385.3500061035156,48248.0,yahoo
BIOCON,5m,2026-09-11T10:30:00+05:30,385.3500061035156,385.54998779296875,385.04998779296875,385.54998779296875,17013.0,yahoo
BIOCON,5m,2026-09-11T10:35:00+05:30,385.54998779296875,386.3500061035156,385.3999938964844,386.1000061035156,26521.0,yahoo
BIOCON,5m,2026-09-11T10:40:00+05:30,386.1000061035156,386.70001220703125,385.8500061035156,386.54998779296875,30093.0,yahoo
BIOCON,5m,2026-09-11T10:45:00+05:30,386.8500061035156,388.6499938964844,386.8500061035156,388.29998779296875,335210.0,yahoo
BIOCON,5m,2026-09-11T10:50:00+05:30,388.25,388.29998779296875,387.04998779296875,387.20001220703125,24065.0,yahoo
BIOCON,5m,2026-09-11T10:55:00+05:30,387.20001220703125,387.3500061035156,386.3999938964844,386.75,35173.0,yahoo
BIOCON,5m,2026-09-11T11:00:00+05:30,386.95001220703125,387.45001220703125,386.75,387.1499938964844,17479.0,yahoo
BIOCON,5m,2026-09-11T11:05:00+05:30,387.04998779296875,387.3500061035156,387.0,387.29998779296875,8272.0,yahoo
BIOCON,5m,2026-09-11T11:10:00+05:30,387.29998779296875,387.8999938964844,387.29998779296875,387.75,14948.0,yahoo
BIOCON,5m,2026-09-11T11:15:00+05:30,387.8500061035156,387.95001220703125,387.5,387.75,15230.0,yahoo
BIOCON,5m,2026-09-11T11:20:00+05:30,387.6000061035156,387.70001220703125,387.1000061035156,387.1499938964844,10792.0,yahoo
BIOCON,5m,2026-09-11T11:25:00+05:30,387.0,387.1499938964844,386.5,386.70001220703125,20569.0,yahoo
BIOCON,5m,2026-09-11T11:30:00+05:30,386.3999938964844,386.8500061035156,386.25,386.70001220703125,30707.0,yahoo
BIOCON,5m,2026-09-11T11:35:00+05:30,386.6499938964844,389.25,386.6000061035156,388.6000061035156,93464.0,yahoo
BIOCON,5m,2026-09-11T11:40:00+05:30,389.20001220703125,389.54998779296875,388.8500061035156,389.3999938964844,48637.0,yahoo
BIOCON,5m,2026-09-11T11:45:00+05:30,389.25,392.79998779296875,388.8999938964844,392.79998779296875,177883.0,yahoo
BIOCON,5m,2026-09-11T11:50:00+05:30,393.0,395.70001220703125,391.8999938964844,395.04998779296875,283172.0,yahoo
BIOCON,5m,2026-09-11T11:55:00+05:30,395.25,396.3500061035156,393.70001220703125,395.5,87703.0,yahoo
BIOCON,5m,2026-09-11T12:00:00+05:30,395.45001220703125,395.45001220703125,394.20001220703125,394.45001220703125,53726.0,yahoo
BIOCON,5m,2026-09-11T12:05:00+05:30,394.29998779296875,395.29998779296875,394.25,394.8500061035156,47289.0,yahoo
BIOCON,5m,2026-09-11T12:10:00+05:30,394.6499938964844,395.3500061035156,394.3500061035156,394.75,28916.0,yahoo
BIOCON,5m,2026-09-11T12:15:00+05:30,394.75,396.20001220703125,394.3999938964844,396.20001220703125,74891.0,yahoo
BIOCON,5m,2026-09-11T12:20:00+05:30,396.1000061035156,396.1000061035156,395.1000061035156,395.3500061035156,21528.0,yahoo
BIOCON,5m,2026-09-11T12:25:00+05:30,395.29998779296875,395.3999938964844,394.6499938964844,394.8500061035156,37278.0,yahoo
BIOCON,5m,2026-09-11T12:30:00+05:30,394.70001220703125,396.8500061035156,394.70001220703125,396.0,234350.0,yahoo
BIOCON,5m,2026-09-11T12:35:00+05:30,396.0,396.0,395.1499938964844,395.6000061035156,24297.0,yahoo
BIOCON,5m,2026-09-11T12:40:00+05:30,395.45001220703125,395.6000061035156,395.25,395.45001220703125,14775.0,yahoo
BIOCON,5m,2026-09-11T12:45:00+05:30,395.3999938964844,395.45001220703125,394.8999938964844,395.1000061035156,15356.0,yahoo
BIOCON,5m,2026-09-11T12:50:00+05:30,395.1000061035156,395.29998779296875,394.79998779296875,394.95001220703125,20322.0,yahoo
BIOCON,5m,2026-09-11T12:55:00+05:30,394.95001220703125,395.25,394.5,394.5,32641.0,yahoo
BIOCON,5m,2026-09-11T13:00:00+05:30,394.54998779296875,394.54998779296875,393.6499938964844,393.8500061035156,44419.0,yahoo
BIOCON,5m,2026-09-11T13:05:00+05:30,393.79998779296875,394.70001220703125,393.70001220703125,393.95001220703125,76452.0,yahoo
BIOCON,5m,2026-09-11T13:10:00+05:30,394.1499938964844,394.25,393.79998779296875,394.0,68985.0,yahoo
BIOCON,5m,2026-09-11T13:15:00+05:30,394.0,394.1499938964844,392.95001220703125,393.20001220703125,32157.0,yahoo
BIOCON,5m,2026-09-11T13:20:00+05:30,393.20001220703125,393.3500061035156,393.04998779296875,393.25,11399.0,yahoo
BIOCON,5m,2026-09-11T13:25:00+05:30,393.6000061035156,394.54998779296875,393.5,394.3500061035156,118995.0,yahoo
BIOCON,5m,2026-09-11T13:30:00+05:30,394.3999938964844,394.8500061035156,394.04998779296875,394.45001220703125,39091.0,yahoo
BIOCON,5m,2026-09-11T13:35:00+05:30,394.3999938964844,394.3999938964844,393.75,393.95001220703125,24490.0,yahoo
BIOCON,5m,2026-09-11T13:40:00+05:30,393.8999938964844,393.95001220703125,393.3500061035156,393.6499938964844,16792.0,yahoo
BIOCON,5m,2026-09-11T13:45:00+05:30,393.6000061035156,393.95001220703125,393.54998779296875,393.6499938964844,15363.0,yahoo
BIOCON,5m,2026-09-11T13:50:00+05:30,393.6000061035156,393.79998779296875,393.1000061035156,393.1499938964844,24321.0,yahoo
BIOCON,5m,2026-09-11T13:55:00+05:30,393.1000061035156,393.6499938964844,392.8999938964844,392.8999938964844,35512.0,yahoo
BIOCON,5m,2026-09-11T14:00:00+05:30,392.95001220703125,394.29998779296875,392.79998779296875,393.8999938964844,116364.0,yahoo
BIOCON,5m,2026-09-11T14:05:00+05:30,394.5,394.6000061035156,393.3999938964844,393.45001220703125,41488.0,yahoo
BIOCON,5m,2026-09-11T14:10:00+05:30,393.45001220703125,393.79998779296875,393.20001220703125,393.54998779296875,21843.0,yahoo
BIOCON,5m,2026-09-11T14:15:00+05:30,393.5,393.6499938964844,393.25,393.25,35951.0,yahoo
BIOCON,5m,2026-09-11T14:20:00+05:30,393.04998779296875,393.25,392.8500061035156,393.1499938964844,23576.0,yahoo
BIOCON,5m,2026-09-11T14:25:00+05:30,393.1000061035156,393.1000061035156,392.6499938964844,392.95001220703125,23139.0,yahoo
BIOCON,5m,2026-09-11T14:30:00+05:30,392.8999938964844,393.20001220703125,392.8999938964844,392.8999938964844,15689.0,yahoo
BIOCON,5m,2026-09-11T14:35:00+05:30,392.8999938964844,393.1499938964844,392.79998779296875,393.0,36628.0,yahoo
BIOCON,5m,2026-09-11T14:40:00+05:30,393.0,393.0,392.3500061035156,392.3500061035156,29673.0,yahoo
BIOCON,5m,2026-09-11T14:45:00+05:30,392.3500061035156,392.3999938964844,392.0,392.04998779296875,31575.0,yahoo
BIOCON,5m,2026-09-11T14:50:00+05:30,392.1000061035156,392.1499938964844,391.79998779296875,391.8999938964844,29919.0,yahoo
BIOCON,5m,2026-09-11T14:55:00+05:30,391.8999938964844,391.8999938964844,391.6499938964844,391.75,30815.0,yahoo
BIOCON,5m,2026-09-11T15:00:00+05:30,391.75,391.8500061035156,391.20001220703125,391.6499938964844,52894.0,yahoo
BIOCON,5m,2026-09-11T15:05:00+05:30,391.6499938964844,392.29998779296875,391.45001220703125,392.29998779296875,109609.0,yahoo
BIOCON,5m,2026-09-11T15:10:00+05:30,392.29998779296875,392.8500061035156,391.75,391.75,84507.0,yahoo
BIOCON,5m,2026-09-11T15:15:00+05:30,391.5,391.5,390.6499938964844,390.6499938964844,25607.0,yahoo
BSE,5m,2026-09-11T09:15:00+05:30,3279.10009765625,3279.10009765625,3218.5,3227.39990234375,0.0,yahoo
BSE,5m,2026-09-11T09:20:00+05:30,3226.199951171875,3226.199951171875,3195.0,3211.0,241344.0,yahoo
BSE,5m,2026-09-11T09:25:00+05:30,3210.300048828125,3216.199951171875,3205.0,3206.60009765625,116136.0,yahoo
BSE,5m,2026-09-11T09:30:00+05:30,3206.5,3215.199951171875,3203.300048828125,3214.89990234375,71101.0,yahoo
BSE,5m,2026-09-11T09:35:00+05:30,3214.89990234375,3222.0,3208.10009765625,3209.39990234375,79074.0,yahoo
BSE,5m,2026-09-11T09:40:00+05:30,3209.0,3209.89990234375,3197.10009765625,3206.800048828125,120720.0,yahoo
BSE,5m,2026-09-11T09:45:00+05:30,3206.10009765625,3208.0,3198.800048828125,3201.89990234375,66880.0,yahoo
BSE,5m,2026-09-11T09:50:00+05:30,3203.0,3206.60009765625,3201.0,3201.5,44317.0,yahoo
BSE,5m,2026-09-11T09:55:00+05:30,3201.5,3207.39990234375,3201.5,3204.0,31789.0,yahoo
BSE,5m,2026-09-11T10:00:00+05:30,3204.300048828125,3206.0,3199.0,3204.60009765625,58974.0,yahoo
BSE,5m,2026-09-11T10:05:00+05:30,3204.800048828125,3205.0,3199.0,3202.0,52159.0,yahoo
BSE,5m,2026-09-11T10:10:00+05:30,3203.0,3208.60009765625,3200.60009765625,3207.0,41755.0,yahoo
BSE,5m,2026-09-11T10:15:00+05:30,3207.60009765625,3208.60009765625,3202.0,3202.5,33037.0,yahoo
BSE,5m,2026-09-11T10:20:00+05:30,3202.0,3209.89990234375,3201.89990234375,3207.0,27849.0,yahoo
BSE,5m,2026-09-11T10:25:00+05:30,3207.0,3209.0,3206.0,3206.0,18016.0,yahoo
BSE,5m,2026-09-11T10:30:00+05:30,3206.5,3207.800048828125,3203.300048828125,3207.800048828125,22286.0,yahoo
BSE,5m,2026-09-11T10:35:00+05:30,3207.800048828125,3217.89990234375,3207.0,3216.5,45897.0,yahoo
BSE,5m,2026-09-11T10:40:00+05:30,3216.10009765625,3219.699951171875,3215.0,3219.0,40916.0,yahoo
BSE,5m,2026-09-11T10:45:00+05:30,3219.39990234375,3219.89990234375,3211.699951171875,3213.60009765625,27286.0,yahoo
BSE,5m,2026-09-11T10:50:00+05:30,3214.0,3214.300048828125,3205.39990234375,3206.5,30909.0,yahoo
BSE,5m,2026-09-11T10:55:00+05:30,3206.60009765625,3210.0,3206.60009765625,3207.300048828125,20971.0,yahoo
BSE,5m,2026-09-11T11:00:00+05:30,3207.199951171875,3211.199951171875,3203.699951171875,3205.0,38917.0,yahoo
BSE,5m,2026-09-11T11:05:00+05:30,3204.199951171875,3209.89990234375,3204.199951171875,3205.0,35017.0,yahoo
BSE,5m,2026-09-11T11:10:00+05:30,3204.800048828125,3210.699951171875,3204.699951171875,3208.5,41863.0,yahoo
BSE,5m,2026-09-11T11:15:00+05:30,3209.0,3216.5,3204.5,3215.10009765625,48543.0,yahoo
BSE,5m,2026-09-11T11:20:00+05:30,3216.0,3216.0,3211.0,3213.0,25238.0,yahoo
BSE,5m,2026-09-11T11:25:00+05:30,3213.0,3213.0,3207.800048828125,3208.60009765625,25886.0,yahoo
BSE,5m,2026-09-11T11:30:00+05:30,3209.0,3213.60009765625,3208.300048828125,3211.199951171875,25103.0,yahoo
BSE,5m,2026-09-11T11:35:00+05:30,3211.199951171875,3216.5,3208.300048828125,3210.10009765625,26650.0,yahoo
BSE,5m,2026-09-11T11:40:00+05:30,3211.0,3213.89990234375,3210.10009765625,3212.60009765625,14919.0,yahoo
BSE,5m,2026-09-11T11:45:00+05:30,3213.0,3216.39990234375,3211.300048828125,3211.39990234375,39162.0,yahoo
BSE,5m,2026-09-11T11:50:00+05:30,3211.39990234375,3212.5,3210.0,3210.699951171875,12844.0,yahoo
BSE,5m,2026-09-11T11:55:00+05:30,3211.0,3212.300048828125,3207.699951171875,3211.800048828125,26639.0,yahoo
BSE,5m,2026-09-11T12:00:00+05:30,3212.0,3216.5,3212.0,3212.800048828125,13944.0,yahoo
BSE,5m,2026-09-11T12:05:00+05:30,3212.800048828125,3215.39990234375,3211.699951171875,3214.800048828125,8742.0,yahoo
BSE,5m,2026-09-11T12:10:00+05:30,3213.89990234375,3219.800048828125,3211.699951171875,3218.39990234375,27357.0,yahoo
BSE,5m,2026-09-11T12:15:00+05:30,3218.39990234375,3223.0,3213.5,3219.10009765625,72993.0,yahoo
BSE,5m,2026-09-11T12:20:00+05:30,3219.10009765625,3219.10009765625,3216.699951171875,3218.10009765625,11004.0,yahoo
BSE,5m,2026-09-11T12:25:00+05:30,3218.800048828125,3230.0,3218.0,3228.0,57623.0,yahoo
BSE,5m,2026-09-11T12:30:00+05:30,3229.39990234375,3233.0,3224.39990234375,3230.60009765625,53293.0,yahoo
BSE,5m,2026-09-11T12:35:00+05:30,3231.0,3232.0,3228.199951171875,3232.0,36669.0,yahoo
BSE,5m,2026-09-11T12:40:00+05:30,3232.0,3233.0,3230.199951171875,3231.39990234375,25998.0,yahoo
BSE,5m,2026-09-11T12:45:00+05:30,3231.699951171875,3232.0,3226.10009765625,3230.60009765625,30596.0,yahoo
BSE,5m,2026-09-11T12:50:00+05:30,3230.699951171875,3232.0,3225.0,3225.60009765625,41735.0,yahoo
BSE,5m,2026-09-11T12:55:00+05:30,3225.60009765625,3228.0,3223.199951171875,3227.89990234375,23567.0,yahoo
BSE,5m,2026-09-11T13:00:00+05:30,3227.60009765625,3230.300048828125,3225.0,3228.60009765625,19114.0,yahoo
BSE,5m,2026-09-11T13:05:00+05:30,3227.0,3229.800048828125,3224.0,3224.0,26157.0,yahoo
BSE,5m,2026-09-11T13:10:00+05:30,3223.39990234375,3224.0,3216.89990234375,3219.0,30788.0,yahoo
BSE,5m,2026-09-11T13:15:00+05:30,3219.0,3219.300048828125,3216.89990234375,3217.10009765625,14032.0,yahoo
BSE,5m,2026-09-11T13:20:00+05:30,3217.10009765625,3218.89990234375,3216.5,3217.800048828125,20425.0,yahoo
BSE,5m,2026-09-11T13:25:00+05:30,3220.5,3222.0,3218.0,3218.5,23044.0,yahoo
BSE,5m,2026-09-11T13:30:00+05:30,3218.5,3218.60009765625,3216.0,3216.89990234375,13720.0,yahoo
BSE,5m,2026-09-11T13:35:00+05:30,3216.89990234375,3216.89990234375,3214.39990234375,3215.699951171875,17383.0,yahoo
BSE,5m,2026-09-11T13:40:00+05:30,3215.800048828125,3217.0,3211.5,3214.89990234375,17940.0,yahoo
BSE,5m,2026-09-11T13:45:00+05:30,3214.199951171875,3217.39990234375,3213.0,3215.699951171875,12631.0,yahoo
BSE,5m,2026-09-11T13:50:00+05:30,3215.699951171875,3220.89990234375,3215.699951171875,3218.10009765625,22534.0,yahoo
BSE,5m,2026-09-11T13:55:00+05:30,3218.0,3222.60009765625,3217.5,3220.5,25925.0,yahoo
BSE,5m,2026-09-11T14:00:00+05:30,3221.0,3229.89990234375,3220.5,3229.0,30625.0,yahoo
BSE,5m,2026-09-11T14:05:00+05:30,3229.0,3232.0,3227.199951171875,3228.5,30429.0,yahoo
BSE,5m,2026-09-11T14:10:00+05:30,3228.5,3234.699951171875,3228.5,3234.699951171875,42400.0,yahoo
BSE,5m,2026-09-11T14:15:00+05:30,3235.60009765625,3244.300048828125,3234.0,3237.10009765625,70202.0,yahoo
BSE,5m,2026-09-11T14:20:00+05:30,3237.10009765625,3245.0,3236.10009765625,3243.800048828125,33421.0,yahoo
BSE,5m,2026-09-11T14:25:00+05:30,3243.800048828125,3245.0,3240.0,3242.300048828125,37243.0,yahoo
BSE,5m,2026-09-11T14:30:00+05:30,3242.699951171875,3255.60009765625,3242.699951171875,3254.5,89204.0,yahoo
BSE,5m,2026-09-11T14:35:00+05:30,3255.0,3269.699951171875,3255.0,3268.0,92676.0,yahoo
BSE,5m,2026-09-11T14:40:00+05:30,3269.0,3290.199951171875,3266.699951171875,3284.699951171875,123257.0,yahoo
BSE,5m,2026-09-11T14:45:00+05:30,3284.0,3298.800048828125,3278.0,3298.800048828125,135846.0,yahoo
BSE,5m,2026-09-11T14:50:00+05:30,3299.0,3335.39990234375,3299.0,3334.89990234375,275513.0,yahoo
BSE,5m,2026-09-11T14:55:00+05:30,3335.10009765625,3335.10009765625,3311.199951171875,3313.5,145459.0,yahoo
BSE,5m,2026-09-11T15:00:00+05:30,3314.0,3321.0,3311.0,3320.5,105641.0,yahoo
BSE,5m,2026-09-11T15:05:00+05:30,3319.800048828125,3371.10009765625,3319.10009765625,3370.10009765625,275596.0,yahoo
BSE,5m,2026-09-11T15:10:00+05:30,3370.0,3394.300048828125,3365.0,3391.0,272602.0,yahoo
BSE,5m,2026-09-11T15:15:00+05:30,3390.800048828125,3390.800048828125,3384.0,3384.0,42131.0,yahoo
CANBK,5m,2026-09-11T09:15:00+05:30,124.0,124.0,122.69000244140625,123.0999984741211,0.0,yahoo
CANBK,5m,2026-09-11T09:20:00+05:30,123.05000305175781,123.19000244140625,123.0,123.13999938964844,316138.0,yahoo
CANBK,5m,2026-09-11T09:25:00+05:30,123.08999633789062,123.4800033569336,123.08999633789062,123.2699966430664,301893.0,yahoo
CANBK,5m,2026-09-11T09:30:00+05:30,123.27999877929688,123.27999877929688,123.1500015258789,123.25,138793.0,yahoo
CANBK,5m,2026-09-11T09:35:00+05:30,123.23999786376953,123.33999633789062,123.1500015258789,123.1500015258789,94630.0,yahoo
CANBK,5m,2026-09-11T09:40:00+05:30,123.0999984741211,123.22000122070312,123.05999755859375,123.12000274658203,70095.0,yahoo
CANBK,5m,2026-09-11T09:45:00+05:30,123.12000274658203,123.18000030517578,123.0999984741211,123.16999816894531,95302.0,yahoo
CANBK,5m,2026-09-11T09:50:00+05:30,123.19999694824219,123.26000213623047,123.12000274658203,123.18000030517578,115286.0,yahoo
CANBK,5m,2026-09-11T09:55:00+05:30,123.18000030517578,123.29000091552734,123.02999877929688,123.02999877929688,93570.0,yahoo
CANBK,5m,2026-09-11T10:00:00+05:30,123.04000091552734,123.25,123.04000091552734,123.19999694824219,97615.0,yahoo
CANBK,5m,2026-09-11T10:05:00+05:30,123.2300033569336,123.36000061035156,123.19999694824219,123.36000061035156,88593.0,yahoo
CANBK,5m,2026-09-11T10:10:00+05:30,123.3499984741211,123.38999938964844,123.26000213623047,123.37999725341797,104332.0,yahoo
CANBK,5m,2026-09-11T10:15:00+05:30,123.36000061035156,123.55000305175781,123.30000305175781,123.52999877929688,179197.0,yahoo
CANBK,5m,2026-09-11T10:20:00+05:30,123.5199966430664,123.73999786376953,123.5,123.58999633789062,164307.0,yahoo
CANBK,5m,2026-09-11T10:25:00+05:30,123.58999633789062,123.58999633789062,123.30000305175781,123.31999969482422,137779.0,yahoo
CANBK,5m,2026-09-11T10:30:00+05:30,123.30000305175781,123.3499984741211,123.20999908447266,123.29000091552734,119859.0,yahoo
CANBK,5m,2026-09-11T10:35:00+05:30,123.30000305175781,123.41999816894531,123.30000305175781,123.41999816894531,38688.0,yahoo
CANBK,5m,2026-09-11T10:40:00+05:30,123.41999816894531,123.43000030517578,123.30000305175781,123.43000030517578,79972.0,yahoo
CANBK,5m,2026-09-11T10:45:00+05:30,123.43000030517578,123.55999755859375,123.30000305175781,123.30999755859375,73600.0,yahoo
CANBK,5m,2026-09-11T10:50:00+05:30,123.30999755859375,123.33000183105469,123.25,123.2699966430664,144167.0,yahoo
CANBK,5m,2026-09-11T10:55:00+05:30,123.25,123.26000213623047,123.16000366210938,123.18000030517578,184021.0,yahoo
CANBK,5m,2026-09-11T11:00:00+05:30,123.18000030517578,123.27999877929688,123.16000366210938,123.19999694824219,34126.0,yahoo
CANBK,5m,2026-09-11T11:05:00+05:30,123.19999694824219,123.2699966430664,123.19999694824219,123.26000213623047,32875.0,yahoo
CANBK,5m,2026-09-11T11:10:00+05:30,123.2699966430664,123.75,123.26000213623047,123.70999908447266,173100.0,yahoo
CANBK,5m,2026-09-11T11:15:00+05:30,123.69999694824219,123.69999694824219,123.48999786376953,123.58999633789062,87000.0,yahoo
CANBK,5m,2026-09-11T11:20:00+05:30,123.5999984741211,123.69000244140625,123.5,123.63999938964844,101082.0,yahoo
CANBK,5m,2026-09-11T11:25:00+05:30,123.66000366210938,123.66000366210938,123.4000015258789,123.41999816894531,39624.0,yahoo
CANBK,5m,2026-09-11T11:30:00+05:30,123.44000244140625,123.44000244140625,123.30000305175781,123.30000305175781,63545.0,yahoo
CANBK,5m,2026-09-11T11:35:00+05:30,123.36000061035156,123.37000274658203,123.19999694824219,123.2699966430664,108078.0,yahoo
CANBK,5m,2026-09-11T11:40:00+05:30,123.2699966430664,123.48999786376953,123.2699966430664,123.47000122070312,61941.0,yahoo
CANBK,5m,2026-09-11T11:45:00+05:30,123.44000244140625,123.5,123.3499984741211,123.41000366210938,224302.0,yahoo
CANBK,5m,2026-09-11T11:50:00+05:30,123.4000015258789,123.43000030517578,123.33000183105469,123.38999938964844,61366.0,yahoo
CANBK,5m,2026-09-11T11:55:00+05:30,123.3499984741211,123.38999938964844,123.29000091552734,123.36000061035156,110167.0,yahoo
CANBK,5m,2026-09-11T12:00:00+05:30,123.33999633789062,123.37000274658203,123.26000213623047,123.30000305175781,56409.0,yahoo
CANBK,5m,2026-09-11T12:05:00+05:30,123.27999877929688,123.33999633789062,123.27999877929688,123.31999969482422,37271.0,yahoo
CANBK,5m,2026-09-11T12:10:00+05:30,123.30000305175781,123.31999969482422,123.1500015258789,123.19999694824219,127860.0,yahoo
CANBK,5m,2026-09-11T12:15:00+05:30,123.19000244140625,123.30000305175781,123.11000061035156,123.27999877929688,42050.0,yahoo
CANBK,5m,2026-09-11T12:20:00+05:30,123.30000305175781,123.31999969482422,123.19999694824219,123.30999755859375,57354.0,yahoo
CANBK,5m,2026-09-11T12:25:00+05:30,123.2699966430664,123.33000183105469,123.1500015258789,123.22000122070312,47682.0,yahoo
CANBK,5m,2026-09-11T12:30:00+05:30,123.22000122070312,123.29000091552734,123.12999725341797,123.29000091552734,57456.0,yahoo
CANBK,5m,2026-09-11T12:35:00+05:30,123.29000091552734,123.3499984741211,123.19999694824219,123.30000305175781,74502.0,yahoo
CANBK,5m,2026-09-11T12:40:00+05:30,123.30000305175781,123.43000030517578,123.22000122070312,123.33999633789062,131939.0,yahoo
CANBK,5m,2026-09-11T12:45:00+05:30,123.33999633789062,123.44000244140625,123.33000183105469,123.44000244140625,41525.0,yahoo
CANBK,5m,2026-09-11T12:50:00+05:30,123.44000244140625,123.77999877929688,123.41999816894531,123.5999984741211,222740.0,yahoo
CANBK,5m,2026-09-11T12:55:00+05:30,123.61000061035156,123.6500015258789,123.54000091552734,123.61000061035156,107049.0,yahoo
CANBK,5m,2026-09-11T13:00:00+05:30,123.61000061035156,123.61000061035156,123.43000030517578,123.43000030517578,50753.0,yahoo
CANBK,5m,2026-09-11T13:05:00+05:30,123.41000366210938,123.48999786376953,123.4000015258789,123.44999694824219,41711.0,yahoo
CANBK,5m,2026-09-11T13:10:00+05:30,123.44999694824219,123.5,123.37999725341797,123.4800033569336,128912.0,yahoo
CANBK,5m,2026-09-11T13:15:00+05:30,123.5,123.5,123.36000061035156,123.4000015258789,67270.0,yahoo
CANBK,5m,2026-09-11T13:20:00+05:30,123.4000015258789,123.41000366210938,123.30999755859375,123.33000183105469,52413.0,yahoo
CANBK,5m,2026-09-11T13:25:00+05:30,123.3499984741211,123.37999725341797,123.23999786376953,123.37999725341797,108735.0,yahoo
CANBK,5m,2026-09-11T13:30:00+05:30,123.37999725341797,123.4000015258789,123.30000305175781,123.36000061035156,84684.0,yahoo
CANBK,5m,2026-09-11T13:35:00+05:30,123.30999755859375,123.3499984741211,123.25,123.30000305175781,40901.0,yahoo
CANBK,5m,2026-09-11T13:40:00+05:30,123.29000091552734,123.33999633789062,123.11000061035156,123.26000213623047,123156.0,yahoo
CANBK,5m,2026-09-11T13:45:00+05:30,123.27999877929688,123.3499984741211,123.1500015258789,123.29000091552734,69861.0,yahoo
CANBK,5m,2026-09-11T13:50:00+05:30,123.29000091552734,123.4800033569336,123.19999694824219,123.33000183105469,91700.0,yahoo
CANBK,5m,2026-09-11T13:55:00+05:30,123.31999969482422,123.5,123.31999969482422,123.4000015258789,56018.0,yahoo
CANBK,5m,2026-09-11T14:00:00+05:30,123.4000015258789,123.5,123.31999969482422,123.38999938964844,304683.0,yahoo
CANBK,5m,2026-09-11T14:05:00+05:30,123.41999816894531,123.44999694824219,123.30000305175781,123.41999816894531,139344.0,yahoo
CANBK,5m,2026-09-11T14:10:00+05:30,123.4000015258789,123.58000183105469,123.3499984741211,123.56999969482422,240758.0,yahoo
CANBK,5m,2026-09-11T14:15:00+05:30,123.58000183105469,123.58999633789062,123.47000122070312,123.58000183105469,177331.0,yahoo
CANBK,5m,2026-09-11T14:20:00+05:30,123.58999633789062,123.6500015258789,123.55000305175781,123.61000061035156,210134.0,yahoo
CANBK,5m,2026-09-11T14:25:00+05:30,123.62999725341797,123.80000305175781,123.5999984741211,123.77999877929688,264434.0,yahoo
CANBK,5m,2026-09-11T14:30:00+05:30,123.80000305175781,124.0,123.76000213623047,123.83000183105469,337431.0,yahoo
CANBK,5m,2026-09-11T14:35:00+05:30,123.80000305175781,123.8499984741211,123.70999908447266,123.75,198300.0,yahoo
CANBK,5m,2026-09-11T14:40:00+05:30,123.76000213623047,123.86000061035156,123.73999786376953,123.80999755859375,154850.0,yahoo
CANBK,5m,2026-09-11T14:45:00+05:30,123.80999755859375,123.80999755859375,123.70999908447266,123.77999877929688,207419.0,yahoo
CANBK,5m,2026-09-11T14:50:00+05:30,123.79000091552734,123.80000305175781,123.72000122070312,123.77999877929688,147526.0,yahoo
CANBK,5m,2026-09-11T14:55:00+05:30,123.77999877929688,123.79000091552734,123.6500015258789,123.7699966430664,267690.0,yahoo
CANBK,5m,2026-09-11T15:00:00+05:30,123.76000213623047,123.7699966430664,123.66999816894531,123.69000244140625,226815.0,yahoo
CANBK,5m,2026-09-11T15:05:00+05:30,123.69000244140625,123.80000305175781,123.56999969482422,123.79000091552734,377176.0,yahoo
CANBK,5m,2026-09-11T15:10:00+05:30,123.77999877929688,123.77999877929688,123.62999725341797,123.62999725341797,583295.0,yahoo
CANBK,5m,2026-09-11T15:15:00+05:30,123.5,124.0,123.5,124.0,683537.0,yahoo
CDSL,5m,2026-09-11T09:15:00+05:30,1343.5999755859375,1343.5999755859375,1319.4000244140625,1326.800048828125,0.0,yahoo
CDSL,5m,2026-09-11T09:20:00+05:30,1324.0,1326.699951171875,1316.199951171875,1326.0,85908.0,yahoo
CDSL,5m,2026-09-11T09:25:00+05:30,1325.0,1327.800048828125,1323.9000244140625,1324.9000244140625,31595.0,yahoo
CDSL,5m,2026-09-11T09:30:00+05:30,1324.300048828125,1329.5,1324.300048828125,1329.4000244140625,39517.0,yahoo
CDSL,5m,2026-09-11T09:35:00+05:30,1329.0,1330.300048828125,1326.199951171875,1326.5999755859375,21498.0,yahoo
CDSL,5m,2026-09-11T09:40:00+05:30,1326.300048828125,1326.9000244140625,1323.4000244140625,1324.699951171875,23267.0,yahoo
CDSL,5m,2026-09-11T09:45:00+05:30,1324.300048828125,1327.0,1323.4000244140625,1326.9000244140625,17383.0,yahoo
CDSL,5m,2026-09-11T09:50:00+05:30,1326.9000244140625,1326.9000244140625,1323.0,1323.300048828125,16958.0,yahoo
CDSL,5m,2026-09-11T09:55:00+05:30,1323.199951171875,1324.9000244140625,1322.699951171875,1322.699951171875,21737.0,yahoo
CDSL,5m,2026-09-11T10:00:00+05:30,1323.199951171875,1324.0,1321.699951171875,1321.699951171875,20406.0,yahoo
CDSL,5m,2026-09-11T10:05:00+05:30,1321.9000244140625,1324.0,1320.5,1322.699951171875,18671.0,yahoo
CDSL,5m,2026-09-11T10:10:00+05:30,1323.0,1325.5,1322.0,1324.5,13262.0,yahoo
CDSL,5m,2026-09-11T10:15:00+05:30,1324.0,1326.0,1324.0,1325.5999755859375,7930.0,yahoo
CDSL,5m,2026-09-11T10:20:00+05:30,1325.199951171875,1327.4000244140625,1325.199951171875,1325.199951171875,12567.0,yahoo
CDSL,5m,2026-09-11T10:25:00+05:30,1325.199951171875,1325.199951171875,1320.300048828125,1320.699951171875,24110.0,yahoo
CDSL,5m,2026-09-11T10:30:00+05:30,1320.699951171875,1322.800048828125,1320.699951171875,1322.800048828125,16028.0,yahoo
CDSL,5m,2026-09-11T10:35:00+05:30,1322.5999755859375,1325.199951171875,1322.300048828125,1325.199951171875,9396.0,yahoo
CDSL,5m,2026-09-11T10:40:00+05:30,1325.199951171875,1329.9000244140625,1325.0999755859375,1329.9000244140625,14790.0,yahoo
CDSL,5m,2026-09-11T10:45:00+05:30,1329.5999755859375,1330.4000244140625,1327.0,1327.800048828125,13395.0,yahoo
CDSL,5m,2026-09-11T10:50:00+05:30,1327.5999755859375,1327.5999755859375,1325.5,1326.0,16138.0,yahoo
CDSL,5m,2026-09-11T10:55:00+05:30,1326.0,1326.0,1324.699951171875,1324.699951171875,5439.0,yahoo
CDSL,5m,2026-09-11T11:00:00+05:30,1324.5999755859375,1326.800048828125,1324.5999755859375,1325.9000244140625,5652.0,yahoo
CDSL,5m,2026-09-11T11:05:00+05:30,1325.9000244140625,1327.9000244140625,1325.5,1327.9000244140625,4643.0,yahoo
CDSL,5m,2026-09-11T11:10:00+05:30,1327.800048828125,1333.300048828125,1327.199951171875,1332.5999755859375,16468.0,yahoo
CDSL,5m,2026-09-11T11:15:00+05:30,1332.5999755859375,1335.800048828125,1331.199951171875,1334.9000244140625,16870.0,yahoo
CDSL,5m,2026-09-11T11:20:00+05:30,1335.0,1335.0,1332.9000244140625,1332.9000244140625,9027.0,yahoo
CDSL,5m,2026-09-11T11:25:00+05:30,1332.5999755859375,1333.4000244140625,1331.199951171875,1331.300048828125,8823.0,yahoo
CDSL,5m,2026-09-11T11:30:00+05:30,1331.300048828125,1331.9000244140625,1330.5999755859375,1331.199951171875,8010.0,yahoo
CDSL,5m,2026-09-11T11:35:00+05:30,1331.199951171875,1333.300048828125,1330.5,1332.300048828125,5966.0,yahoo
CDSL,5m,2026-09-11T11:40:00+05:30,1331.5999755859375,1333.9000244140625,1331.0,1333.5,3938.0,yahoo
CDSL,5m,2026-09-11T11:45:00+05:30,1333.699951171875,1334.300048828125,1330.0999755859375,1330.800048828125,6149.0,yahoo
CDSL,5m,2026-09-11T11:50:00+05:30,1331.0,1332.4000244140625,1330.0999755859375,1332.300048828125,4787.0,yahoo
CDSL,5m,2026-09-11T11:55:00+05:30,1331.4000244140625,1335.5,1331.0,1333.0,12616.0,yahoo
CDSL,5m,2026-09-11T12:00:00+05:30,1332.5,1333.0,1332.0,1332.5999755859375,2497.0,yahoo
CDSL,5m,2026-09-11T12:05:00+05:30,1332.5,1334.0,1332.199951171875,1333.5999755859375,2006.0,yahoo
CDSL,5m,2026-09-11T12:10:00+05:30,1333.800048828125,1335.0,1333.4000244140625,1334.5,5280.0,yahoo
CDSL,5m,2026-09-11T12:15:00+05:30,1334.5,1334.699951171875,1333.300048828125,1334.0,4496.0,yahoo
CDSL,5m,2026-09-11T12:20:00+05:30,1334.0,1335.800048828125,1334.0,1335.800048828125,7879.0,yahoo
CDSL,5m,2026-09-11T12:25:00+05:30,1335.800048828125,1336.800048828125,1335.4000244140625,1336.199951171875,5344.0,yahoo
CDSL,5m,2026-09-11T12:30:00+05:30,1336.300048828125,1337.0,1335.0,1336.9000244140625,4540.0,yahoo
CDSL,5m,2026-09-11T12:35:00+05:30,1336.800048828125,1338.0999755859375,1336.699951171875,1338.0999755859375,4646.0,yahoo
CDSL,5m,2026-09-11T12:40:00+05:30,1338.0,1338.699951171875,1337.199951171875,1337.300048828125,4021.0,yahoo
CDSL,5m,2026-09-11T12:45:00+05:30,1337.300048828125,1337.699951171875,1336.0999755859375,1336.9000244140625,3748.0,yahoo
CDSL,5m,2026-09-11T12:50:00+05:30,1337.0,1338.0,1336.800048828125,1338.0,5255.0,yahoo
CDSL,5m,2026-09-11T12:55:00+05:30,1337.800048828125,1339.800048828125,1337.5,1339.5999755859375,5509.0,yahoo
CDSL,5m,2026-09-11T13:00:00+05:30,1339.5999755859375,1339.5999755859375,1336.4000244140625,1336.699951171875,3579.0,yahoo
CDSL,5m,2026-09-11T13:05:00+05:30,1336.5,1337.0999755859375,1335.0,1335.0999755859375,11019.0,yahoo
CDSL,5m,2026-09-11T13:10:00+05:30,1335.0999755859375,1335.5,1334.199951171875,1335.300048828125,4553.0,yahoo
CDSL,5m,2026-09-11T13:15:00+05:30,1335.300048828125,1336.0,1335.0,1335.300048828125,1721.0,yahoo
CDSL,5m,2026-09-11T13:20:00+05:30,1335.300048828125,1336.5999755859375,1334.800048828125,1336.5999755859375,3011.0,yahoo
CDSL,5m,2026-09-11T13:25:00+05:30,1336.5,1337.9000244140625,1336.0999755859375,1337.4000244140625,2854.0,yahoo
CDSL,5m,2026-09-11T13:30:00+05:30,1337.699951171875,1338.0,1337.0,1337.0,2045.0,yahoo
CDSL,5m,2026-09-11T13:35:00+05:30,1337.0,1337.0999755859375,1336.0999755859375,1336.699951171875,2335.0,yahoo
CDSL,5m,2026-09-11T13:40:00+05:30,1336.699951171875,1337.4000244140625,1333.699951171875,1334.5,7288.0,yahoo
CDSL,5m,2026-09-11T13:45:00+05:30,1334.199951171875,1336.4000244140625,1333.5999755859375,1335.9000244140625,4998.0,yahoo
CDSL,5m,2026-09-11T13:50:00+05:30,1335.4000244140625,1338.9000244140625,1335.4000244140625,1337.5,4610.0,yahoo
CDSL,5m,2026-09-11T13:55:00+05:30,1337.300048828125,1339.699951171875,1336.9000244140625,1339.300048828125,3431.0,yahoo
CDSL,5m,2026-09-11T14:00:00+05:30,1339.300048828125,1342.5999755859375,1338.800048828125,1342.5999755859375,16893.0,yahoo
CDSL,5m,2026-09-11T14:05:00+05:30,1342.5999755859375,1343.9000244140625,1340.5,1341.4000244140625,11879.0,yahoo
CDSL,5m,2026-09-11T14:10:00+05:30,1341.199951171875,1342.5,1339.4000244140625,1341.0,5438.0,yahoo
CDSL,5m,2026-09-11T14:15:00+05:30,1341.0,1343.699951171875,1340.5999755859375,1342.800048828125,6428.0,yahoo
CDSL,5m,2026-09-11T14:20:00+05:30,1343.300048828125,1344.5999755859375,1342.5999755859375,1344.5,6227.0,yahoo
CDSL,5m,2026-09-11T14:25:00+05:30,1344.5,1344.9000244140625,1343.0999755859375,1344.5999755859375,8132.0,yahoo
CDSL,5m,2026-09-11T14:30:00+05:30,1344.699951171875,1346.0,1343.5999755859375,1344.0,11340.0,yahoo
CDSL,5m,2026-09-11T14:35:00+05:30,1343.5,1346.199951171875,1343.4000244140625,1345.4000244140625,13131.0,yahoo
CDSL,5m,2026-09-11T14:40:00+05:30,1345.199951171875,1347.0999755859375,1344.800048828125,1346.300048828125,10426.0,yahoo
CDSL,5m,2026-09-11T14:45:00+05:30,1346.0,1346.0999755859375,1343.199951171875,1344.5999755859375,12753.0,yahoo
CDSL,5m,2026-09-11T14:50:00+05:30,1345.0,1347.699951171875,1344.300048828125,1347.4000244140625,11826.0,yahoo
CDSL,5m,2026-09-11T14:55:00+05:30,1347.4000244140625,1347.9000244140625,1345.5,1347.0,16483.0,yahoo
CDSL,5m,2026-09-11T15:00:00+05:30,1347.0,1347.300048828125,1345.0,1347.300048828125,12407.0,yahoo
CDSL,5m,2026-09-11T15:05:00+05:30,1347.300048828125,1350.0999755859375,1347.0,1350.0999755859375,31757.0,yahoo
CDSL,5m,2026-09-11T15:10:00+05:30,1350.4000244140625,1360.0,1350.0,1360.0,40892.0,yahoo
CDSL,5m,2026-09-11T15:15:00+05:30,1360.0,1360.0,1360.0,1360.0,7003.0,yahoo
CGPOWER,5m,2026-09-11T09:15:00+05:30,905.0,905.0,892.2999877929688,893.6500244140625,0.0,yahoo
CGPOWER,5m,2026-09-11T09:20:00+05:30,892.0,894.4500122070312,889.1500244140625,893.9500122070312,70529.0,yahoo
CGPOWER,5m,2026-09-11T09:25:00+05:30,891.9500122070312,893.5999755859375,890.25,890.25,82619.0,yahoo
CGPOWER,5m,2026-09-11T09:30:00+05:30,890.0,893.0,890.0,892.4500122070312,33889.0,yahoo
CGPOWER,5m,2026-09-11T09:35:00+05:30,892.6500244140625,895.0,892.0999755859375,893.5999755859375,55479.0,yahoo
CGPOWER,5m,2026-09-11T09:40:00+05:30,894.0499877929688,894.9000244140625,893.2000122070312,893.8499755859375,17784.0,yahoo
CGPOWER,5m,2026-09-11T09:45:00+05:30,893.8499755859375,894.5499877929688,893.4500122070312,894.5,15633.0,yahoo
CGPOWER,5m,2026-09-11T09:50:00+05:30,895.25,897.5,895.25,896.9500122070312,51283.0,yahoo
CGPOWER,5m,2026-09-11T09:55:00+05:30,896.75,897.5999755859375,895.5499877929688,895.8499755859375,24578.0,yahoo
CGPOWER,5m,2026-09-11T10:00:00+05:30,895.75,899.4000244140625,895.5,898.4000244140625,28820.0,yahoo
CGPOWER,5m,2026-09-11T10:05:00+05:30,898.0,899.8499755859375,897.0,899.8499755859375,23335.0,yahoo
CGPOWER,5m,2026-09-11T10:10:00+05:30,899.8499755859375,903.3499755859375,899.5999755859375,903.2999877929688,36764.0,yahoo
CGPOWER,5m,2026-09-11T10:15:00+05:30,904.4500122070312,904.8499755859375,903.0,903.4000244140625,29103.0,yahoo
CGPOWER,5m,2026-09-11T10:20:00+05:30,903.7999877929688,907.5999755859375,903.75,907.3499755859375,30294.0,yahoo
CGPOWER,5m,2026-09-11T10:25:00+05:30,907.25,907.5,903.5499877929688,904.0,19521.0,yahoo
CGPOWER,5m,2026-09-11T10:30:00+05:30,904.2000122070312,905.9500122070312,903.9000244140625,905.9500122070312,9306.0,yahoo
CGPOWER,5m,2026-09-11T10:35:00+05:30,905.9000244140625,907.0,905.9000244140625,906.2999877929688,13804.0,yahoo
CGPOWER,5m,2026-09-11T10:40:00+05:30,906.3499755859375,908.0999755859375,906.3499755859375,907.5999755859375,27451.0,yahoo
CGPOWER,5m,2026-09-11T10:45:00+05:30,907.5999755859375,908.5,906.4500122070312,907.0999755859375,17447.0,yahoo
CGPOWER,5m,2026-09-11T10:50:00+05:30,906.5499877929688,907.2000122070312,905.0999755859375,905.4000244140625,9978.0,yahoo
CGPOWER,5m,2026-09-11T10:55:00+05:30,905.0999755859375,906.0,904.25,904.25,13861.0,yahoo
CGPOWER,5m,2026-09-11T11:00:00+05:30,904.6500244140625,906.0999755859375,904.4500122070312,905.0,16743.0,yahoo
CGPOWER,5m,2026-09-11T11:05:00+05:30,905.0,906.0,904.2999877929688,905.6500244140625,16038.0,yahoo
CGPOWER,5m,2026-09-11T11:10:00+05:30,905.5499877929688,906.9000244140625,905.4000244140625,906.7999877929688,12375.0,yahoo
CGPOWER,5m,2026-09-11T11:15:00+05:30,906.9000244140625,908.3499755859375,905.4000244140625,908.0,124125.0,yahoo
CGPOWER,5m,2026-09-11T11:20:00+05:30,907.7000122070312,908.0,907.1500244140625,907.2000122070312,15218.0,yahoo
CGPOWER,5m,2026-09-11T11:25:00+05:30,907.2999877929688,907.9500122070312,906.2999877929688,906.4500122070312,80367.0,yahoo
CGPOWER,5m,2026-09-11T11:30:00+05:30,906.5,907.4000244140625,906.25,906.5,35208.0,yahoo
CGPOWER,5m,2026-09-11T11:35:00+05:30,906.5,907.0,905.5999755859375,905.7999877929688,11110.0,yahoo
CGPOWER,5m,2026-09-11T11:40:00+05:30,905.75,907.2000122070312,905.0999755859375,906.5999755859375,21222.0,yahoo
CGPOWER,5m,2026-09-11T11:45:00+05:30,906.5,907.0,904.9500122070312,905.5499877929688,14020.0,yahoo
CGPOWER,5m,2026-09-11T11:50:00+05:30,905.3499755859375,906.9000244140625,905.25,906.2000122070312,8420.0,yahoo
CGPOWER,5m,2026-09-11T11:55:00+05:30,906.4500122070312,906.7000122070312,905.7000122070312,906.5499877929688,6293.0,yahoo
CGPOWER,5m,2026-09-11T12:00:00+05:30,906.5499877929688,908.5,906.4000244140625,907.0,47072.0,yahoo
CGPOWER,5m,2026-09-11T12:05:00+05:30,907.1500244140625,907.3499755859375,906.5,907.1500244140625,8297.0,yahoo
CGPOWER,5m,2026-09-11T12:10:00+05:30,906.8499755859375,907.5,906.2999877929688,906.2999877929688,18764.0,yahoo
CGPOWER,5m,2026-09-11T12:15:00+05:30,906.6500244140625,907.0,906.2000122070312,906.6500244140625,7426.0,yahoo
CGPOWER,5m,2026-09-11T12:20:00+05:30,906.9500122070312,907.2999877929688,906.4500122070312,907.0,11787.0,yahoo
CGPOWER,5m,2026-09-11T12:25:00+05:30,907.25,910.1500244140625,906.9000244140625,907.7000122070312,80936.0,yahoo
CGPOWER,5m,2026-09-11T12:30:00+05:30,907.9000244140625,909.0,907.5,907.8499755859375,49377.0,yahoo
CGPOWER,5m,2026-09-11T12:35:00+05:30,908.0999755859375,908.2999877929688,906.2000122070312,906.4500122070312,38983.0,yahoo
CGPOWER,5m,2026-09-11T12:40:00+05:30,906.5999755859375,907.2999877929688,906.1500244140625,907.0499877929688,9666.0,yahoo
CGPOWER,5m,2026-09-11T12:45:00+05:30,907.0,907.5,906.0,906.4000244140625,17495.0,yahoo
CGPOWER,5m,2026-09-11T12:50:00+05:30,906.8499755859375,907.25,906.2000122070312,907.25,9441.0,yahoo
CGPOWER,5m,2026-09-11T12:55:00+05:30,907.2000122070312,907.7000122070312,906.9000244140625,907.4500122070312,17403.0,yahoo
CGPOWER,5m,2026-09-11T13:00:00+05:30,907.3499755859375,907.3499755859375,905.9000244140625,905.9000244140625,17235.0,yahoo
CGPOWER,5m,2026-09-11T13:05:00+05:30,905.5,905.9500122070312,905.2000122070312,905.5999755859375,6685.0,yahoo
CGPOWER,5m,2026-09-11T13:10:00+05:30,905.5999755859375,906.4000244140625,905.0499877929688,906.4000244140625,35443.0,yahoo
CGPOWER,5m,2026-09-11T13:15:00+05:30,906.4000244140625,907.2999877929688,906.0999755859375,906.8499755859375,27352.0,yahoo
CGPOWER,5m,2026-09-11T13:20:00+05:30,906.5,907.7000122070312,906.4000244140625,907.2999877929688,19208.0,yahoo
CGPOWER,5m,2026-09-11T13:25:00+05:30,907.2999877929688,907.5499877929688,906.5999755859375,907.4000244140625,14260.0,yahoo
CGPOWER,5m,2026-09-11T13:30:00+05:30,907.2000122070312,909.25,906.7999877929688,908.5,21687.0,yahoo
CGPOWER,5m,2026-09-11T13:35:00+05:30,908.9500122070312,909.5,908.75,909.25,11540.0,yahoo
CGPOWER,5m,2026-09-11T13:40:00+05:30,909.0,909.75,907.9500122070312,909.2999877929688,18765.0,yahoo
CGPOWER,5m,2026-09-11T13:45:00+05:30,909.2999877929688,910.5,909.0,910.1500244140625,17184.0,yahoo
CGPOWER,5m,2026-09-11T13:50:00+05:30,909.7000122070312,911.8499755859375,909.5499877929688,911.0,30976.0,yahoo
CGPOWER,5m,2026-09-11T13:55:00+05:30,911.0,912.3499755859375,910.5499877929688,910.5499877929688,23360.0,yahoo
CGPOWER,5m,2026-09-11T14:00:00+05:30,910.9500122070312,912.0,910.2999877929688,911.7999877929688,14488.0,yahoo
CGPOWER,5m,2026-09-11T14:05:00+05:30,911.7999877929688,912.3499755859375,911.25,911.7000122070312,16656.0,yahoo
CGPOWER,5m,2026-09-11T14:10:00+05:30,911.6500244140625,911.6500244140625,910.0,911.2000122070312,28748.0,yahoo
CGPOWER,5m,2026-09-11T14:15:00+05:30,911.5499877929688,912.3499755859375,911.0,912.2999877929688,13591.0,yahoo
CGPOWER,5m,2026-09-11T14:20:00+05:30,912.3499755859375,912.3499755859375,911.0,911.7999877929688,14101.0,yahoo
CGPOWER,5m,2026-09-11T14:25:00+05:30,911.7999877929688,911.9000244140625,911.0999755859375,911.0999755859375,10298.0,yahoo
CGPOWER,5m,2026-09-11T14:30:00+05:30,911.3499755859375,911.7000122070312,909.9000244140625,909.9000244140625,16405.0,yahoo
CGPOWER,5m,2026-09-11T14:35:00+05:30,909.9000244140625,910.7000122070312,909.2999877929688,909.7000122070312,13779.0,yahoo
CGPOWER,5m,2026-09-11T14:40:00+05:30,909.75,910.2000122070312,909.0999755859375,909.7999877929688,23193.0,yahoo
CGPOWER,5m,2026-09-11T14:45:00+05:30,910.0,910.0,908.7000122070312,908.7000122070312,11321.0,yahoo
CGPOWER,5m,2026-09-11T14:50:00+05:30,909.0,909.4000244140625,908.4500122070312,909.3499755859375,29449.0,yahoo
CGPOWER,5m,2026-09-11T14:55:00+05:30,909.0,909.4000244140625,909.0,909.0,10542.0,yahoo
CGPOWER,5m,2026-09-11T15:00:00+05:30,909.1500244140625,910.7000122070312,908.0,910.4000244140625,68400.0,yahoo
CGPOWER,5m,2026-09-11T15:05:00+05:30,910.2999877929688,912.5,910.1500244140625,912.1500244140625,63166.0,yahoo
CGPOWER,5m,2026-09-11T15:10:00+05:30,912.4500122070312,912.5,909.0,909.0,185216.0,yahoo
CIPLA,5m,2026-09-11T09:15:00+05:30,1369.800048828125,1369.800048828125,1359.0,1360.0,0.0,yahoo
CIPLA,5m,2026-09-11T09:20:00+05:30,1360.0,1360.4000244140625,1357.699951171875,1357.699951171875,9202.0,yahoo
CIPLA,5m,2026-09-11T09:25:00+05:30,1357.699951171875,1358.699951171875,1356.0999755859375,1356.0999755859375,2910.0,yahoo
CIPLA,5m,2026-09-11T09:30:00+05:30,1356.300048828125,1357.300048828125,1355.199951171875,1355.800048828125,6380.0,yahoo
CIPLA,5m,2026-09-11T09:35:00+05:30,1355.5,1356.199951171875,1352.4000244140625,1352.800048828125,10780.0,yahoo
CIPLA,5m,2026-09-11T09:40:00+05:30,1353.300048828125,1353.300048828125,1349.300048828125,1350.199951171875,9729.0,yahoo
CIPLA,5m,2026-09-11T09:45:00+05:30,1350.300048828125,1350.699951171875,1349.300048828125,1350.0,7119.0,yahoo
CIPLA,5m,2026-09-11T09:50:00+05:30,1350.0999755859375,1350.0999755859375,1348.9000244140625,1348.9000244140625,5762.0,yahoo
CIPLA,5m,2026-09-11T09:55:00+05:30,1349.300048828125,1349.5999755859375,1348.5,1349.0999755859375,6612.0,yahoo
CIPLA,5m,2026-09-11T10:00:00+05:30,1349.0,1349.699951171875,1347.800048828125,1349.0,5272.0,yahoo
CIPLA,5m,2026-09-11T10:05:00+05:30,1348.9000244140625,1350.199951171875,1348.699951171875,1350.0,7448.0,yahoo
CIPLA,5m,2026-09-11T10:10:00+05:30,1349.800048828125,1350.300048828125,1349.5,1350.0,5776.0,yahoo
CIPLA,5m,2026-09-11T10:15:00+05:30,1350.0,1353.699951171875,1349.5,1353.199951171875,22537.0,yahoo
CIPLA,5m,2026-09-11T10:20:00+05:30,1353.9000244140625,1355.300048828125,1353.9000244140625,1354.5,13986.0,yahoo
CIPLA,5m,2026-09-11T10:25:00+05:30,1355.0999755859375,1356.0,1352.699951171875,1353.5,4344.0,yahoo
CIPLA,5m,2026-09-11T10:30:00+05:30,1353.4000244140625,1355.5,1352.9000244140625,1353.9000244140625,3126.0,yahoo
CIPLA,5m,2026-09-11T10:35:00+05:30,1353.9000244140625,1354.800048828125,1352.0,1352.5,7880.0,yahoo
CIPLA,5m,2026-09-11T10:40:00+05:30,1352.9000244140625,1353.5,1352.0,1352.9000244140625,3291.0,yahoo
CIPLA,5m,2026-09-11T10:45:00+05:30,1353.0,1355.0,1353.0,1354.0,19829.0,yahoo
CIPLA,5m,2026-09-11T10:50:00+05:30,1354.0,1356.4000244140625,1353.5999755859375,1353.5999755859375,38796.0,yahoo
CIPLA,5m,2026-09-11T10:55:00+05:30,1354.300048828125,1354.300048828125,1350.0999755859375,1350.699951171875,7433.0,yahoo
CIPLA,5m,2026-09-11T11:00:00+05:30,1350.800048828125,1354.300048828125,1349.5999755859375,1350.300048828125,121439.0,yahoo
CIPLA,5m,2026-09-11T11:05:00+05:30,1350.300048828125,1350.800048828125,1349.699951171875,1350.199951171875,4110.0,yahoo
CIPLA,5m,2026-09-11T11:10:00+05:30,1350.4000244140625,1350.9000244140625,1349.4000244140625,1350.4000244140625,5138.0,yahoo
CIPLA,5m,2026-09-11T11:15:00+05:30,1350.5999755859375,1355.0,1350.0,1353.5999755859375,49048.0,yahoo
CIPLA,5m,2026-09-11T11:20:00+05:30,1354.800048828125,1354.800048828125,1353.0,1353.699951171875,28237.0,yahoo
CIPLA,5m,2026-09-11T11:25:00+05:30,1353.5999755859375,1354.0999755859375,1352.0,1353.9000244140625,46083.0,yahoo
CIPLA,5m,2026-09-11T11:30:00+05:30,1353.9000244140625,1354.800048828125,1350.300048828125,1352.199951171875,37478.0,yahoo
CIPLA,5m,2026-09-11T11:35:00+05:30,1352.5,1356.0999755859375,1350.300048828125,1355.9000244140625,67670.0,yahoo
CIPLA,5m,2026-09-11T11:40:00+05:30,1355.800048828125,1355.800048828125,1353.199951171875,1355.300048828125,14579.0,yahoo
CIPLA,5m,2026-09-11T11:45:00+05:30,1355.300048828125,1355.9000244140625,1353.800048828125,1354.5,21347.0,yahoo
CIPLA,5m,2026-09-11T11:50:00+05:30,1354.5,1356.5999755859375,1354.300048828125,1356.4000244140625,13529.0,yahoo
CIPLA,5m,2026-09-11T11:55:00+05:30,1356.699951171875,1356.699951171875,1355.300048828125,1356.199951171875,3126.0,yahoo
CIPLA,5m,2026-09-11T12:00:00+05:30,1355.800048828125,1355.9000244140625,1353.0,1355.800048828125,10023.0,yahoo
CIPLA,5m,2026-09-11T12:05:00+05:30,1355.699951171875,1357.0999755859375,1355.5,1355.5999755859375,23910.0,yahoo
CIPLA,5m,2026-09-11T12:10:00+05:30,1355.5999755859375,1358.9000244140625,1354.5999755859375,1358.0,68164.0,yahoo
CIPLA,5m,2026-09-11T12:15:00+05:30,1358.0,1360.0,1357.300048828125,1359.5,22231.0,yahoo
CIPLA,5m,2026-09-11T12:20:00+05:30,1359.0,1359.800048828125,1358.0,1359.800048828125,17058.0,yahoo
CIPLA,5m,2026-09-11T12:25:00+05:30,1359.800048828125,1359.9000244140625,1358.300048828125,1359.0,35649.0,yahoo
CIPLA,5m,2026-09-11T12:30:00+05:30,1359.0,1359.5,1358.0999755859375,1358.9000244140625,1864.0,yahoo
CIPLA,5m,2026-09-11T12:35:00+05:30,1358.9000244140625,1358.9000244140625,1355.0,1355.199951171875,7430.0,yahoo
CIPLA,5m,2026-09-11T12:40:00+05:30,1355.9000244140625,1355.9000244140625,1353.9000244140625,1354.699951171875,8986.0,yahoo
CIPLA,5m,2026-09-11T12:45:00+05:30,1354.300048828125,1354.5,1353.0,1353.9000244140625,6497.0,yahoo
CIPLA,5m,2026-09-11T12:50:00+05:30,1353.9000244140625,1354.9000244140625,1353.0999755859375,1353.5999755859375,22072.0,yahoo
CIPLA,5m,2026-09-11T12:55:00+05:30,1353.9000244140625,1355.9000244140625,1353.0999755859375,1355.9000244140625,7652.0,yahoo
CIPLA,5m,2026-09-11T13:00:00+05:30,1355.800048828125,1356.4000244140625,1353.699951171875,1355.5,39171.0,yahoo
CIPLA,5m,2026-09-11T13:05:00+05:30,1355.9000244140625,1356.0999755859375,1355.0,1355.5,1903.0,yahoo
CIPLA,5m,2026-09-11T13:10:00+05:30,1355.9000244140625,1359.9000244140625,1355.800048828125,1359.9000244140625,50171.0,yahoo
CIPLA,5m,2026-09-11T13:15:00+05:30,1359.800048828125,1362.0,1358.800048828125,1361.5999755859375,50399.0,yahoo
CIPLA,5m,2026-09-11T13:20:00+05:30,1362.0,1362.5999755859375,1359.0,1360.0999755859375,135349.0,yahoo
CIPLA,5m,2026-09-11T13:25:00+05:30,1360.0999755859375,1363.4000244140625,1359.800048828125,1362.199951171875,15076.0,yahoo
CIPLA,5m,2026-09-11T13:30:00+05:30,1362.5,1365.4000244140625,1362.4000244140625,1363.199951171875,46052.0,yahoo
CIPLA,5m,2026-09-11T13:35:00+05:30,1363.199951171875,1363.300048828125,1360.4000244140625,1361.300048828125,7260.0,yahoo
CIPLA,5m,2026-09-11T13:40:00+05:30,1361.5,1362.5,1360.0999755859375,1360.0999755859375,7557.0,yahoo
CIPLA,5m,2026-09-11T13:45:00+05:30,1360.0999755859375,1363.0,1360.0,1363.0,8488.0,yahoo
CIPLA,5m,2026-09-11T13:50:00+05:30,1363.0999755859375,1364.0,1358.800048828125,1359.4000244140625,16900.0,yahoo
CIPLA,5m,2026-09-11T13:55:00+05:30,1359.4000244140625,1360.9000244140625,1359.199951171875,1360.4000244140625,9556.0,yahoo
CIPLA,5m,2026-09-11T14:00:00+05:30,1360.300048828125,1363.4000244140625,1360.0,1362.5,11177.0,yahoo
CIPLA,5m,2026-09-11T14:05:00+05:30,1363.0,1365.0999755859375,1360.9000244140625,1361.699951171875,12665.0,yahoo
CIPLA,5m,2026-09-11T14:10:00+05:30,1361.199951171875,1365.5,1361.0999755859375,1364.199951171875,30830.0,yahoo
CIPLA,5m,2026-09-11T14:15:00+05:30,1364.4000244140625,1365.4000244140625,1363.4000244140625,1363.4000244140625,32934.0,yahoo
CIPLA,5m,2026-09-11T14:20:00+05:30,1363.4000244140625,1363.5999755859375,1362.0,1362.9000244140625,30215.0,yahoo
CIPLA,5m,2026-09-11T14:25:00+05:30,1362.800048828125,1363.5,1360.800048828125,1361.0999755859375,14868.0,yahoo
CIPLA,5m,2026-09-11T14:30:00+05:30,1361.5,1361.9000244140625,1360.699951171875,1361.5999755859375,17485.0,yahoo
CIPLA,5m,2026-09-11T14:35:00+05:30,1361.5,1362.0,1360.0,1360.199951171875,16365.0,yahoo
CIPLA,5m,2026-09-11T14:40:00+05:30,1360.0999755859375,1360.0999755859375,1359.0999755859375,1359.800048828125,13263.0,yahoo
CIPLA,5m,2026-09-11T14:45:00+05:30,1359.5,1359.9000244140625,1356.0999755859375,1356.699951171875,22017.0,yahoo
CIPLA,5m,2026-09-11T14:50:00+05:30,1357.0,1357.0,1355.5,1356.4000244140625,25190.0,yahoo
CIPLA,5m,2026-09-11T14:55:00+05:30,1356.4000244140625,1356.4000244140625,1355.0999755859375,1355.9000244140625,21237.0,yahoo
CIPLA,5m,2026-09-11T15:00:00+05:30,1355.5,1355.9000244140625,1354.5,1355.0,22760.0,yahoo
CIPLA,5m,2026-09-11T15:05:00+05:30,1355.5,1355.699951171875,1354.9000244140625,1355.699951171875,37585.0,yahoo
CIPLA,5m,2026-09-11T15:10:00+05:30,1355.699951171875,1359.199951171875,1355.300048828125,1358.800048828125,31711.0,yahoo
CIPLA,5m,2026-09-11T15:15:00+05:30,1354.0999755859375,1366.0,1354.0999755859375,1366.0,80694.0,yahoo
COALINDIA,5m,2026-09-11T09:15:00+05:30,432.04998779296875,434.0,431.5,433.0,0.0,yahoo
COALINDIA,5m,2026-09-11T09:20:00+05:30,432.79998779296875,434.0,431.54998779296875,431.8999938964844,166293.0,yahoo
COALINDIA,5m,2026-09-11T09:25:00+05:30,432.1499938964844,432.45001220703125,431.04998779296875,431.1000061035156,134669.0,yahoo
COALINDIA,5m,2026-09-11T09:30:00+05:30,431.25,431.25,430.54998779296875,430.95001220703125,110227.0,yahoo
COALINDIA,5m,2026-09-11T09:35:00+05:30,430.8999938964844,432.79998779296875,430.8999938964844,432.5,137440.0,yahoo
COALINDIA,5m,2026-09-11T09:40:00+05:30,432.5,433.0,430.54998779296875,430.54998779296875,193114.0,yahoo
COALINDIA,5m,2026-09-11T09:45:00+05:30,430.54998779296875,430.95001220703125,430.29998779296875,430.95001220703125,76597.0,yahoo
COALINDIA,5m,2026-09-11T09:50:00+05:30,430.8500061035156,431.0,430.5,430.54998779296875,43005.0,yahoo
COALINDIA,5m,2026-09-11T09:55:00+05:30,430.54998779296875,430.8500061035156,430.25,430.25,51267.0,yahoo
COALINDIA,5m,2026-09-11T10:00:00+05:30,430.25,430.3999938964844,430.04998779296875,430.25,58947.0,yahoo
COALINDIA,5m,2026-09-11T10:05:00+05:30,430.29998779296875,430.6000061035156,430.0,430.1000061035156,58719.0,yahoo
COALINDIA,5m,2026-09-11T10:10:00+05:30,430.04998779296875,430.45001220703125,429.79998779296875,430.3500061035156,54136.0,yahoo
COALINDIA,5m,2026-09-11T10:15:00+05:30,430.29998779296875,430.3500061035156,429.45001220703125,429.54998779296875,30436.0,yahoo
COALINDIA,5m,2026-09-11T10:20:00+05:30,429.70001220703125,430.25,429.5,429.8500061035156,48016.0,yahoo
COALINDIA,5m,2026-09-11T10:25:00+05:30,429.8500061035156,430.3500061035156,429.54998779296875,429.70001220703125,33666.0,yahoo
COALINDIA,5m,2026-09-11T10:30:00+05:30,429.6000061035156,430.20001220703125,429.5,430.20001220703125,25312.0,yahoo
COALINDIA,5m,2026-09-11T10:35:00+05:30,430.20001220703125,430.20001220703125,429.79998779296875,429.79998779296875,24377.0,yahoo
COALINDIA,5m,2026-09-11T10:40:00+05:30,429.79998779296875,430.1499938964844,429.75,429.8999938964844,19834.0,yahoo
COALINDIA,5m,2026-09-11T10:45:00+05:30,430.1000061035156,430.25,429.8500061035156,430.0,19463.0,yahoo
COALINDIA,5m,2026-09-11T10:50:00+05:30,430.0,430.0,428.8500061035156,428.8500061035156,44902.0,yahoo
COALINDIA,5m,2026-09-11T10:55:00+05:30,428.95001220703125,429.75,428.8500061035156,429.75,29341.0,yahoo
COALINDIA,5m,2026-09-11T11:00:00+05:30,429.5,429.79998779296875,429.20001220703125,429.25,18696.0,yahoo
COALINDIA,5m,2026-09-11T11:05:00+05:30,429.25,429.3500061035156,428.95001220703125,428.95001220703125,20334.0,yahoo
COALINDIA,5m,2026-09-11T11:10:00+05:30,428.8500061035156,429.45001220703125,428.79998779296875,429.25,17195.0,yahoo
COALINDIA,5m,2026-09-11T11:15:00+05:30,429.3999938964844,429.6499938964844,429.1000061035156,429.6000061035156,24682.0,yahoo
COALINDIA,5m,2026-09-11T11:20:00+05:30,429.6000061035156,429.6000061035156,429.1499938964844,429.1499938964844,16585.0,yahoo
COALINDIA,5m,2026-09-11T11:25:00+05:30,429.0,429.1499938964844,428.20001220703125,428.20001220703125,45376.0,yahoo
COALINDIA,5m,2026-09-11T11:30:00+05:30,428.1000061035156,428.3500061035156,428.0,428.0,55609.0,yahoo
COALINDIA,5m,2026-09-11T11:35:00+05:30,428.1000061035156,428.20001220703125,427.70001220703125,428.1499938964844,32599.0,yahoo
COALINDIA,5m,2026-09-11T11:40:00+05:30,428.1499938964844,428.5,428.1499938964844,428.3500061035156,19934.0,yahoo
COALINDIA,5m,2026-09-11T11:45:00+05:30,428.3500061035156,428.3999938964844,428.0,428.1000061035156,12049.0,yahoo
COALINDIA,5m,2026-09-11T11:50:00+05:30,428.1000061035156,428.1000061035156,427.20001220703125,427.3500061035156,48527.0,yahoo
COALINDIA,5m,2026-09-11T11:55:00+05:30,427.3999938964844,427.6000061035156,427.04998779296875,427.45001220703125,53190.0,yahoo
COALINDIA,5m,2026-09-11T12:00:00+05:30,427.45001220703125,427.45001220703125,426.8999938964844,427.3999938964844,35085.0,yahoo
COALINDIA,5m,2026-09-11T12:05:00+05:30,427.3999938964844,427.6499938964844,427.29998779296875,427.6000061035156,13424.0,yahoo
COALINDIA,5m,2026-09-11T12:10:00+05:30,427.6499938964844,427.6499938964844,427.29998779296875,427.3999938964844,23357.0,yahoo
COALINDIA,5m,2026-09-11T12:15:00+05:30,427.3999938964844,427.6000061035156,427.1499938964844,427.54998779296875,14696.0,yahoo
COALINDIA,5m,2026-09-11T12:20:00+05:30,427.54998779296875,427.6499938964844,427.3500061035156,427.54998779296875,12486.0,yahoo
COALINDIA,5m,2026-09-11T12:25:00+05:30,427.6000061035156,427.79998779296875,427.5,427.75,14491.0,yahoo
COALINDIA,5m,2026-09-11T12:30:00+05:30,427.79998779296875,427.95001220703125,427.45001220703125,427.54998779296875,21807.0,yahoo
COALINDIA,5m,2026-09-11T12:35:00+05:30,427.45001220703125,427.70001220703125,427.29998779296875,427.3999938964844,16682.0,yahoo
COALINDIA,5m,2026-09-11T12:40:00+05:30,427.3999938964844,427.5,427.25,427.5,12816.0,yahoo
COALINDIA,5m,2026-09-11T12:45:00+05:30,427.3999938964844,427.54998779296875,426.6499938964844,426.95001220703125,47559.0,yahoo
COALINDIA,5m,2026-09-11T12:50:00+05:30,426.95001220703125,427.0,426.70001220703125,426.8500061035156,16261.0,yahoo
COALINDIA,5m,2026-09-11T12:55:00+05:30,426.79998779296875,427.45001220703125,426.6000061035156,426.6000061035156,50015.0,yahoo
COALINDIA,5m,2026-09-11T13:00:00+05:30,426.3999938964844,426.70001220703125,426.20001220703125,426.6000061035156,24432.0,yahoo
COALINDIA,5m,2026-09-11T13:05:00+05:30,426.6000061035156,426.6499938964844,425.95001220703125,425.95001220703125,34054.0,yahoo
COALINDIA,5m,2026-09-11T13:10:00+05:30,426.0,426.6499938964844,425.79998779296875,426.6499938964844,36740.0,yahoo
COALINDIA,5m,2026-09-11T13:15:00+05:30,426.6499938964844,426.8999938964844,426.6499938964844,426.8999938964844,21835.0,yahoo
COALINDIA,5m,2026-09-11T13:20:00+05:30,426.8999938964844,427.0,426.54998779296875,426.6000061035156,43188.0,yahoo
COALINDIA,5m,2026-09-11T13:25:00+05:30,426.6000061035156,426.8500061035156,426.3500061035156,426.8500061035156,29474.0,yahoo
COALINDIA,5m,2026-09-11T13:30:00+05:30,426.8500061035156,426.8999938964844,426.29998779296875,426.3500061035156,19065.0,yahoo
COALINDIA,5m,2026-09-11T13:35:00+05:30,426.29998779296875,426.79998779296875,426.25,426.29998779296875,25022.0,yahoo
COALINDIA,5m,2026-09-11T13:40:00+05:30,426.3500061035156,426.5,425.75,425.79998779296875,56923.0,yahoo
COALINDIA,5m,2026-09-11T13:45:00+05:30,425.8999938964844,425.8999938964844,425.6499938964844,425.8500061035156,18446.0,yahoo
COALINDIA,5m,2026-09-11T13:50:00+05:30,425.8500061035156,426.29998779296875,425.79998779296875,426.1499938964844,26538.0,yahoo
COALINDIA,5m,2026-09-11T13:55:00+05:30,426.1499938964844,426.70001220703125,426.04998779296875,426.29998779296875,29186.0,yahoo
COALINDIA,5m,2026-09-11T14:00:00+05:30,426.29998779296875,426.95001220703125,426.1499938964844,426.70001220703125,34331.0,yahoo
COALINDIA,5m,2026-09-11T14:05:00+05:30,426.5,426.5,426.1000061035156,426.20001220703125,24139.0,yahoo
COALINDIA,5m,2026-09-11T14:10:00+05:30,426.29998779296875,426.54998779296875,426.1000061035156,426.3500061035156,25471.0,yahoo
COALINDIA,5m,2026-09-11T14:15:00+05:30,426.3999938964844,426.3999938964844,426.1000061035156,426.29998779296875,22191.0,yahoo
COALINDIA,5m,2026-09-11T14:20:00+05:30,426.29998779296875,427.1000061035156,426.29998779296875,427.04998779296875,24927.0,yahoo
COALINDIA,5m,2026-09-11T14:25:00+05:30,427.0,427.04998779296875,426.5,426.6000061035156,25955.0,yahoo
COALINDIA,5m,2026-09-11T14:30:00+05:30,426.79998779296875,426.8999938964844,426.29998779296875,426.45001220703125,33549.0,yahoo
COALINDIA,5m,2026-09-11T14:35:00+05:30,426.54998779296875,426.6000061035156,426.1000061035156,426.45001220703125,28793.0,yahoo
COALINDIA,5m,2026-09-11T14:40:00+05:30,426.45001220703125,426.45001220703125,425.70001220703125,425.75,80454.0,yahoo
COALINDIA,5m,2026-09-11T14:45:00+05:30,425.75,426.0,425.75,425.79998779296875,32400.0,yahoo
COALINDIA,5m,2026-09-11T14:50:00+05:30,425.75,425.79998779296875,425.5,425.6000061035156,32594.0,yahoo
COALINDIA,5m,2026-09-11T14:55:00+05:30,425.6499938964844,425.6499938964844,425.25,425.29998779296875,56162.0,yahoo
COALINDIA,5m,2026-09-11T15:00:00+05:30,425.3500061035156,425.3500061035156,424.6000061035156,424.6499938964844,203326.0,yahoo
COALINDIA,5m,2026-09-11T15:05:00+05:30,424.54998779296875,425.0,424.45001220703125,425.0,195271.0,yahoo
COALINDIA,5m,2026-09-11T15:10:00+05:30,425.0,425.75,424.79998779296875,425.3999938964844,203464.0,yahoo
COALINDIA,5m,2026-09-11T15:15:00+05:30,425.0,426.3999938964844,425.0,426.3999938964844,176209.0,yahoo
DELHIVERY,5m,2026-09-11T09:15:00+05:30,445.8999938964844,446.5,444.0,444.79998779296875,0.0,yahoo
DELHIVERY,5m,2026-09-11T09:20:00+05:30,446.1000061035156,446.1000061035156,442.1000061035156,443.20001220703125,39431.0,yahoo
DELHIVERY,5m,2026-09-11T09:25:00+05:30,443.0,443.1499938964844,441.5,441.54998779296875,27232.0,yahoo
DELHIVERY,5m,2026-09-11T09:30:00+05:30,441.5,441.8999938964844,440.79998779296875,441.3999938964844,25684.0,yahoo
DELHIVERY,5m,2026-09-11T09:35:00+05:30,441.6000061035156,441.6000061035156,438.79998779296875,439.1000061035156,30756.0,yahoo
DELHIVERY,5m,2026-09-11T09:40:00+05:30,439.1000061035156,439.3500061035156,437.75,438.5,40445.0,yahoo
DELHIVERY,5m,2026-09-11T09:45:00+05:30,438.54998779296875,438.54998779296875,437.70001220703125,437.79998779296875,30034.0,yahoo
DELHIVERY,5m,2026-09-11T09:50:00+05:30,438.1000061035156,438.79998779296875,438.0,438.1499938964844,10970.0,yahoo
DELHIVERY,5m,2026-09-11T09:55:00+05:30,438.1499938964844,438.95001220703125,438.04998779296875,438.04998779296875,14308.0,yahoo
DELHIVERY,5m,2026-09-11T10:00:00+05:30,438.04998779296875,438.8999938964844,437.8999938964844,438.79998779296875,12067.0,yahoo
DELHIVERY,5m,2026-09-11T10:05:00+05:30,438.8999938964844,439.29998779296875,438.29998779296875,439.0,15531.0,yahoo
DELHIVERY,5m,2026-09-11T10:10:00+05:30,439.04998779296875,439.6499938964844,439.04998779296875,439.3999938964844,7312.0,yahoo
DELHIVERY,5m,2026-09-11T10:15:00+05:30,439.5,439.6499938964844,439.1000061035156,439.3500061035156,7017.0,yahoo
DELHIVERY,5m,2026-09-11T10:20:00+05:30,439.3500061035156,439.8999938964844,439.0,439.0,4005.0,yahoo
DELHIVERY,5m,2026-09-11T10:25:00+05:30,439.0,439.1499938964844,437.3999938964844,437.5,15817.0,yahoo
DELHIVERY,5m,2026-09-11T10:30:00+05:30,437.5,438.0,437.29998779296875,437.8500061035156,14053.0,yahoo
DELHIVERY,5m,2026-09-11T10:35:00+05:30,437.8500061035156,438.3999938964844,437.8500061035156,438.1000061035156,6408.0,yahoo
DELHIVERY,5m,2026-09-11T10:40:00+05:30,438.3999938964844,438.3999938964844,438.0,438.3999938964844,12670.0,yahoo
DELHIVERY,5m,2026-09-11T10:45:00+05:30,438.3999938964844,438.6499938964844,437.79998779296875,437.79998779296875,7562.0,yahoo
DELHIVERY,5m,2026-09-11T10:50:00+05:30,437.45001220703125,437.45001220703125,436.5,436.5,20067.0,yahoo
DELHIVERY,5m,2026-09-11T10:55:00+05:30,436.95001220703125,436.95001220703125,436.20001220703125,436.20001220703125,18276.0,yahoo
DELHIVERY,5m,2026-09-11T11:00:00+05:30,436.0,436.6499938964844,435.20001220703125,435.25,28479.0,yahoo
DELHIVERY,5m,2026-09-11T11:05:00+05:30,435.20001220703125,435.54998779296875,434.8500061035156,435.1000061035156,20147.0,yahoo
DELHIVERY,5m,2026-09-11T11:10:00+05:30,435.1000061035156,437.04998779296875,434.8999938964844,436.54998779296875,12654.0,yahoo
DELHIVERY,5m,2026-09-11T11:15:00+05:30,436.75,436.79998779296875,435.8999938964844,436.29998779296875,10539.0,yahoo
DELHIVERY,5m,2026-09-11T11:20:00+05:30,436.29998779296875,436.29998779296875,435.75,435.8999938964844,7111.0,yahoo
DELHIVERY,5m,2026-09-11T11:25:00+05:30,436.04998779296875,436.04998779296875,435.1499938964844,435.3500061035156,9846.0,yahoo
DELHIVERY,5m,2026-09-11T11:30:00+05:30,435.3999938964844,435.45001220703125,435.25,435.3500061035156,3651.0,yahoo
DELHIVERY,5m,2026-09-11T11:35:00+05:30,435.3999938964844,438.79998779296875,435.29998779296875,438.1499938964844,26938.0,yahoo
DELHIVERY,5m,2026-09-11T11:40:00+05:30,438.25,438.6000061035156,438.04998779296875,438.54998779296875,15341.0,yahoo
DELHIVERY,5m,2026-09-11T11:45:00+05:30,438.6000061035156,438.95001220703125,437.04998779296875,437.29998779296875,14725.0,yahoo
DELHIVERY,5m,2026-09-11T11:50:00+05:30,437.29998779296875,437.3999938964844,437.04998779296875,437.3500061035156,2697.0,yahoo
DELHIVERY,5m,2026-09-11T11:55:00+05:30,437.3500061035156,437.75,437.0,437.6499938964844,8378.0,yahoo
DELHIVERY,5m,2026-09-11T12:00:00+05:30,437.6499938964844,437.70001220703125,437.25,437.29998779296875,6755.0,yahoo
DELHIVERY,5m,2026-09-11T12:05:00+05:30,437.29998779296875,437.3999938964844,437.20001220703125,437.20001220703125,2853.0,yahoo
DELHIVERY,5m,2026-09-11T12:10:00+05:30,437.29998779296875,437.3500061035156,436.6499938964844,436.8500061035156,9823.0,yahoo
DELHIVERY,5m,2026-09-11T12:15:00+05:30,436.79998779296875,436.8500061035156,436.5,436.79998779296875,7922.0,yahoo
DELHIVERY,5m,2026-09-11T12:20:00+05:30,436.8500061035156,437.0,436.6499938964844,436.79998779296875,5611.0,yahoo
DELHIVERY,5m,2026-09-11T12:25:00+05:30,436.79998779296875,437.5,436.6499938964844,437.20001220703125,6671.0,yahoo
DELHIVERY,5m,2026-09-11T12:30:00+05:30,437.3500061035156,437.6499938964844,437.1499938964844,437.6499938964844,5019.0,yahoo
DELHIVERY,5m,2026-09-11T12:35:00+05:30,437.6499938964844,438.5,437.6000061035156,437.79998779296875,13508.0,yahoo
DELHIVERY,5m,2026-09-11T12:40:00+05:30,437.79998779296875,438.3500061035156,437.5,437.8999938964844,5822.0,yahoo
DELHIVERY,5m,2026-09-11T12:45:00+05:30,437.8999938964844,437.8999938964844,437.1499938964844,437.1499938964844,5177.0,yahoo
DELHIVERY,5m,2026-09-11T12:50:00+05:30,437.20001220703125,439.3999938964844,437.20001220703125,439.3999938964844,8967.0,yahoo
DELHIVERY,5m,2026-09-11T12:55:00+05:30,439.3500061035156,439.95001220703125,439.1499938964844,439.6499938964844,20924.0,yahoo
DELHIVERY,5m,2026-09-11T13:00:00+05:30,439.6000061035156,439.6000061035156,438.0,438.1499938964844,31936.0,yahoo
DELHIVERY,5m,2026-09-11T13:05:00+05:30,438.0,438.0,437.5,437.5,9858.0,yahoo
DELHIVERY,5m,2026-09-11T13:10:00+05:30,437.5,437.6499938964844,437.25,437.3999938964844,3963.0,yahoo
DELHIVERY,5m,2026-09-11T13:15:00+05:30,437.3999938964844,437.8500061035156,437.1000061035156,437.1000061035156,9330.0,yahoo
DELHIVERY,5m,2026-09-11T13:20:00+05:30,437.1499938964844,437.6499938964844,437.0,437.6499938964844,14832.0,yahoo
DELHIVERY,5m,2026-09-11T13:25:00+05:30,437.6499938964844,438.79998779296875,437.6499938964844,438.5,6856.0,yahoo
DELHIVERY,5m,2026-09-11T13:30:00+05:30,438.45001220703125,438.79998779296875,438.29998779296875,438.3500061035156,6181.0,yahoo
DELHIVERY,5m,2026-09-11T13:35:00+05:30,438.3500061035156,438.3500061035156,438.04998779296875,438.20001220703125,4571.0,yahoo
DELHIVERY,5m,2026-09-11T13:40:00+05:30,438.0,438.20001220703125,437.3500061035156,437.79998779296875,7312.0,yahoo
DELHIVERY,5m,2026-09-11T13:45:00+05:30,437.79998779296875,438.0,437.3999938964844,437.8500061035156,3942.0,yahoo
DELHIVERY,5m,2026-09-11T13:50:00+05:30,437.79998779296875,439.0,437.45001220703125,438.70001220703125,12320.0,yahoo
DELHIVERY,5m,2026-09-11T13:55:00+05:30,438.70001220703125,439.3500061035156,438.5,438.79998779296875,6608.0,yahoo
DELHIVERY,5m,2026-09-11T14:00:00+05:30,438.70001220703125,439.54998779296875,438.70001220703125,439.45001220703125,9591.0,yahoo
DELHIVERY,5m,2026-09-11T14:05:00+05:30,439.45001220703125,439.6000061035156,438.29998779296875,438.54998779296875,5837.0,yahoo
DELHIVERY,5m,2026-09-11T14:10:00+05:30,438.3500061035156,439.0,438.25,438.6000061035156,5259.0,yahoo
DELHIVERY,5m,2026-09-11T14:15:00+05:30,438.54998779296875,439.25,438.54998779296875,439.1499938964844,6453.0,yahoo
DELHIVERY,5m,2026-09-11T14:20:00+05:30,439.1000061035156,439.1499938964844,438.54998779296875,439.0,6849.0,yahoo
DELHIVERY,5m,2026-09-11T14:25:00+05:30,438.8999938964844,439.0,438.54998779296875,438.6499938964844,12483.0,yahoo
DELHIVERY,5m,2026-09-11T14:30:00+05:30,438.54998779296875,438.70001220703125,438.20001220703125,438.20001220703125,9103.0,yahoo
DELHIVERY,5m,2026-09-11T14:35:00+05:30,438.20001220703125,438.3500061035156,438.1000061035156,438.29998779296875,7626.0,yahoo
DELHIVERY,5m,2026-09-11T14:40:00+05:30,438.29998779296875,438.6499938964844,438.25,438.6499938964844,10007.0,yahoo
DELHIVERY,5m,2026-09-11T14:45:00+05:30,438.54998779296875,438.54998779296875,438.0,438.04998779296875,13482.0,yahoo
DELHIVERY,5m,2026-09-11T14:50:00+05:30,438.0,438.25,437.6000061035156,438.0,21524.0,yahoo
DELHIVERY,5m,2026-09-11T14:55:00+05:30,437.95001220703125,437.95001220703125,437.3500061035156,437.5,22403.0,yahoo
DELHIVERY,5m,2026-09-11T15:00:00+05:30,437.45001220703125,437.45001220703125,437.0,437.04998779296875,21318.0,yahoo
DELHIVERY,5m,2026-09-11T15:05:00+05:30,437.0,438.0,436.79998779296875,437.75,57078.0,yahoo
DELHIVERY,5m,2026-09-11T15:10:00+05:30,437.79998779296875,440.0,437.75,439.1000061035156,60343.0,yahoo
DELHIVERY,5m,2026-09-11T15:15:00+05:30,439.1000061035156,439.1000061035156,439.0,439.0,7715.0,yahoo
DLF,5m,2026-09-11T09:15:00+05:30,647.0,647.0,639.4500122070312,639.4500122070312,0.0,yahoo
DLF,5m,2026-09-11T09:20:00+05:30,639.0,639.0,634.3499755859375,635.75,148515.0,yahoo
DLF,5m,2026-09-11T09:25:00+05:30,635.5999755859375,636.0,631.7999877929688,632.6500244140625,163687.0,yahoo
DLF,5m,2026-09-11T09:30:00+05:30,632.5999755859375,635.3499755859375,632.2000122070312,635.2000122070312,121100.0,yahoo
DLF,5m,2026-09-11T09:35:00+05:30,635.0999755859375,635.8499755859375,633.0,633.1500244140625,57507.0,yahoo
DLF,5m,2026-09-11T09:40:00+05:30,633.1500244140625,634.2999877929688,632.5,633.0499877929688,85036.0,yahoo
DLF,5m,2026-09-11T09:45:00+05:30,633.2000122070312,633.5,632.0999755859375,633.0999755859375,64210.0,yahoo
DLF,5m,2026-09-11T09:50:00+05:30,633.0999755859375,633.5499877929688,631.7000122070312,632.0499877929688,62931.0,yahoo
DLF,5m,2026-09-11T09:55:00+05:30,632.0999755859375,632.5999755859375,630.25,631.8499755859375,147755.0,yahoo
DLF,5m,2026-09-11T10:00:00+05:30,631.8499755859375,632.75,630.7000122070312,631.75,205697.0,yahoo
DLF,5m,2026-09-11T10:05:00+05:30,631.75,632.2000122070312,630.2999877929688,632.0,216332.0,yahoo
DLF,5m,2026-09-11T10:10:00+05:30,632.0,634.4000244140625,632.0,634.1500244140625,51448.0,yahoo
DLF,5m,2026-09-11T10:15:00+05:30,634.0499877929688,635.5,633.0,634.6500244140625,39015.0,yahoo
DLF,5m,2026-09-11T10:20:00+05:30,634.4000244140625,636.0,634.4000244140625,635.75,38450.0,yahoo
DLF,5m,2026-09-11T10:25:00+05:30,635.7000122070312,636.0,633.7000122070312,633.7999877929688,32055.0,yahoo
DLF,5m,2026-09-11T10:30:00+05:30,633.8499755859375,635.4000244140625,633.4500122070312,635.0,107881.0,yahoo
DLF,5m,2026-09-11T10:35:00+05:30,634.8499755859375,636.3499755859375,634.8499755859375,634.8499755859375,69479.0,yahoo
DLF,5m,2026-09-11T10:40:00+05:30,635.25,635.6500244140625,633.9500122070312,635.25,62519.0,yahoo
DLF,5m,2026-09-11T10:45:00+05:30,635.2000122070312,635.7000122070312,633.7000122070312,634.75,29063.0,yahoo
DLF,5m,2026-09-11T10:50:00+05:30,634.4500122070312,634.4500122070312,631.4000244140625,631.5,40207.0,yahoo
DLF,5m,2026-09-11T10:55:00+05:30,631.75,632.0,631.0999755859375,631.0999755859375,53349.0,yahoo
DLF,5m,2026-09-11T11:00:00+05:30,631.2999877929688,632.25,631.2999877929688,631.9000244140625,19579.0,yahoo
DLF,5m,2026-09-11T11:05:00+05:30,631.9000244140625,632.75,631.7999877929688,632.5,18717.0,yahoo
DLF,5m,2026-09-11T11:10:00+05:30,632.5999755859375,634.5,632.1500244140625,634.5,27043.0,yahoo
DLF,5m,2026-09-11T11:15:00+05:30,634.5499877929688,636.5999755859375,633.0999755859375,636.0,44704.0,yahoo
DLF,5m,2026-09-11T11:20:00+05:30,636.0999755859375,636.25,635.0,635.0499877929688,21201.0,yahoo
DLF,5m,2026-09-11T11:25:00+05:30,635.2999877929688,635.5999755859375,634.0999755859375,634.25,19694.0,yahoo
DLF,5m,2026-09-11T11:30:00+05:30,634.0499877929688,634.5999755859375,633.75,633.7999877929688,29003.0,yahoo
DLF,5m,2026-09-11T11:35:00+05:30,633.9500122070312,634.75,633.5,634.5999755859375,34374.0,yahoo
DLF,5m,2026-09-11T11:40:00+05:30,634.3499755859375,635.8499755859375,634.3499755859375,635.8499755859375,19053.0,yahoo
DLF,5m,2026-09-11T11:45:00+05:30,635.75,636.5999755859375,635.0,635.2000122070312,37034.0,yahoo
DLF,5m,2026-09-11T11:50:00+05:30,635.25,636.9500122070312,635.0,636.4500122070312,43939.0,yahoo
DLF,5m,2026-09-11T11:55:00+05:30,636.5,637.25,636.4500122070312,637.0499877929688,43227.0,yahoo
DLF,5m,2026-09-11T12:00:00+05:30,637.0499877929688,641.1500244140625,637.0499877929688,640.6500244140625,135990.0,yahoo
DLF,5m,2026-09-11T12:05:00+05:30,640.5999755859375,640.9000244140625,640.0,640.5,38645.0,yahoo
DLF,5m,2026-09-11T12:10:00+05:30,640.5,640.5999755859375,639.7000122070312,640.2999877929688,35260.0,yahoo
DLF,5m,2026-09-11T12:15:00+05:30,640.0999755859375,640.5499877929688,638.5,639.0,49090.0,yahoo
DLF,5m,2026-09-11T12:20:00+05:30,639.0999755859375,639.9000244140625,638.7999877929688,639.4500122070312,32470.0,yahoo
DLF,5m,2026-09-11T12:25:00+05:30,639.4500122070312,639.4500122070312,638.7000122070312,639.2999877929688,36219.0,yahoo
DLF,5m,2026-09-11T12:30:00+05:30,639.2999877929688,639.5,638.7000122070312,639.4000244140625,37936.0,yahoo
DLF,5m,2026-09-11T12:35:00+05:30,639.4000244140625,640.75,639.25,639.75,55416.0,yahoo
DLF,5m,2026-09-11T12:40:00+05:30,639.5999755859375,640.3499755859375,639.5999755859375,639.9500122070312,32913.0,yahoo
DLF,5m,2026-09-11T12:45:00+05:30,639.9500122070312,640.1500244140625,638.6500244140625,640.0999755859375,78517.0,yahoo
DLF,5m,2026-09-11T12:50:00+05:30,640.0,640.5,639.5999755859375,640.1500244140625,19359.0,yahoo
DLF,5m,2026-09-11T12:55:00+05:30,640.2000122070312,641.0,640.0499877929688,640.9500122070312,23457.0,yahoo
DLF,5m,2026-09-11T13:00:00+05:30,640.9500122070312,641.0,640.0,640.0499877929688,25197.0,yahoo
DLF,5m,2026-09-11T13:05:00+05:30,639.7999877929688,640.2999877929688,639.5,640.0,37107.0,yahoo
DLF,5m,2026-09-11T13:10:00+05:30,640.0,640.5,639.5999755859375,640.4500122070312,15181.0,yahoo
DLF,5m,2026-09-11T13:15:00+05:30,640.4500122070312,640.7000122070312,640.0,640.1500244140625,19533.0,yahoo
DLF,5m,2026-09-11T13:20:00+05:30,639.7000122070312,640.2000122070312,639.6500244140625,640.1500244140625,54329.0,yahoo
DLF,5m,2026-09-11T13:25:00+05:30,640.0499877929688,640.2000122070312,639.7999877929688,640.0999755859375,13385.0,yahoo
DLF,5m,2026-09-11T13:30:00+05:30,640.0499877929688,640.7000122070312,640.0,640.2999877929688,10334.0,yahoo
DLF,5m,2026-09-11T13:35:00+05:30,640.5,640.5,640.0,640.25,7207.0,yahoo
DLF,5m,2026-09-11T13:40:00+05:30,640.2000122070312,640.5,639.7999877929688,640.1500244140625,51701.0,yahoo
DLF,5m,2026-09-11T13:45:00+05:30,640.1500244140625,640.9000244140625,640.0,640.7999877929688,15814.0,yahoo
DLF,5m,2026-09-11T13:50:00+05:30,640.6500244140625,641.5,640.0499877929688,640.9000244140625,33284.0,yahoo
DLF,5m,2026-09-11T13:55:00+05:30,640.75,641.7000122070312,640.6500244140625,641.25,21064.0,yahoo
DLF,5m,2026-09-11T14:00:00+05:30,641.25,643.4500122070312,641.1500244140625,643.2999877929688,40349.0,yahoo
DLF,5m,2026-09-11T14:05:00+05:30,643.0,643.3499755859375,642.5,642.5999755859375,44524.0,yahoo
DLF,5m,2026-09-11T14:10:00+05:30,642.5,642.7999877929688,642.2999877929688,642.6500244140625,26570.0,yahoo
DLF,5m,2026-09-11T14:15:00+05:30,642.7000122070312,643.25,642.5499877929688,643.0,19822.0,yahoo
DLF,5m,2026-09-11T14:20:00+05:30,643.0,643.5,642.5499877929688,643.4500122070312,20410.0,yahoo
DLF,5m,2026-09-11T14:25:00+05:30,643.3499755859375,644.5499877929688,643.1500244140625,643.2999877929688,34818.0,yahoo
DLF,5m,2026-09-11T14:30:00+05:30,643.25,643.75,643.0499877929688,643.0499877929688,23643.0,yahoo
DLF,5m,2026-09-11T14:35:00+05:30,643.0999755859375,643.9000244140625,643.0999755859375,643.4000244140625,28414.0,yahoo
DLF,5m,2026-09-11T14:40:00+05:30,643.6500244140625,644.7000122070312,643.4000244140625,644.5499877929688,28423.0,yahoo
DLF,5m,2026-09-11T14:45:00+05:30,644.5499877929688,644.5499877929688,643.5499877929688,643.9000244140625,192234.0,yahoo
DLF,5m,2026-09-11T14:50:00+05:30,643.9000244140625,644.0999755859375,643.75,643.8499755859375,37223.0,yahoo
DLF,5m,2026-09-11T14:55:00+05:30,643.8499755859375,644.0,643.4000244140625,643.8499755859375,128540.0,yahoo
DLF,5m,2026-09-11T15:00:00+05:30,643.5,643.9000244140625,641.2999877929688,641.2999877929688,129921.0,yahoo
DLF,5m,2026-09-11T15:05:00+05:30,641.1500244140625,643.0999755859375,641.1500244140625,642.6500244140625,180665.0,yahoo
DLF,5m,2026-09-11T15:10:00+05:30,642.7999877929688,644.7999877929688,642.0,643.0,254493.0,yahoo
DLF,5m,2026-09-11T15:15:00+05:30,643.0,644.5,643.0,644.5,108655.0,yahoo
DRREDDY,5m,2026-09-11T09:15:00+05:30,1133.4000244140625,1139.199951171875,1132.0,1139.0,0.0,yahoo
DRREDDY,5m,2026-09-11T09:20:00+05:30,1140.199951171875,1141.0,1138.199951171875,1139.0999755859375,10355.0,yahoo
DRREDDY,5m,2026-09-11T09:25:00+05:30,1138.9000244140625,1140.5999755859375,1138.5999755859375,1139.9000244140625,14728.0,yahoo
DRREDDY,5m,2026-09-11T09:30:00+05:30,1139.199951171875,1144.5999755859375,1139.199951171875,1144.0,18171.0,yahoo
DRREDDY,5m,2026-09-11T09:35:00+05:30,1143.699951171875,1145.800048828125,1143.0,1143.5,19638.0,yahoo
DRREDDY,5m,2026-09-11T09:40:00+05:30,1143.699951171875,1143.9000244140625,1141.199951171875,1141.699951171875,17210.0,yahoo
DRREDDY,5m,2026-09-11T09:45:00+05:30,1142.300048828125,1142.300048828125,1141.199951171875,1141.4000244140625,10149.0,yahoo
DRREDDY,5m,2026-09-11T09:50:00+05:30,1141.0,1142.800048828125,1140.4000244140625,1142.800048828125,4949.0,yahoo
DRREDDY,5m,2026-09-11T09:55:00+05:30,1142.5,1143.5,1142.199951171875,1143.0999755859375,5822.0,yahoo
DRREDDY,5m,2026-09-11T10:00:00+05:30,1142.9000244140625,1144.300048828125,1142.800048828125,1144.0,7470.0,yahoo
DRREDDY,5m,2026-09-11T10:05:00+05:30,1144.4000244140625,1145.0,1143.300048828125,1144.4000244140625,6591.0,yahoo
DRREDDY,5m,2026-09-11T10:10:00+05:30,1144.4000244140625,1145.0,1144.0999755859375,1145.0,5130.0,yahoo
DRREDDY,5m,2026-09-11T10:15:00+05:30,1144.800048828125,1146.5,1144.199951171875,1146.5,9411.0,yahoo
DRREDDY,5m,2026-09-11T10:20:00+05:30,1147.699951171875,1149.4000244140625,1146.0999755859375,1149.0999755859375,32020.0,yahoo
DRREDDY,5m,2026-09-11T10:25:00+05:30,1149.0999755859375,1152.5,1146.199951171875,1146.300048828125,47377.0,yahoo
DRREDDY,5m,2026-09-11T10:30:00+05:30,1146.800048828125,1147.4000244140625,1144.699951171875,1144.800048828125,11164.0,yahoo
DRREDDY,5m,2026-09-11T10:35:00+05:30,1144.800048828125,1147.0999755859375,1144.800048828125,1146.800048828125,10248.0,yahoo
DRREDDY,5m,2026-09-11T10:40:00+05:30,1147.0999755859375,1151.0999755859375,1146.699951171875,1151.0999755859375,107581.0,yahoo
DRREDDY,5m,2026-09-11T10:45:00+05:30,1151.5999755859375,1158.0,1150.9000244140625,1157.5,28695.0,yahoo
DRREDDY,5m,2026-09-11T10:50:00+05:30,1157.5,1159.9000244140625,1156.800048828125,1158.0,48285.0,yahoo
DRREDDY,5m,2026-09-11T10:55:00+05:30,1158.0,1158.4000244140625,1155.800048828125,1156.199951171875,11215.0,yahoo
DRREDDY,5m,2026-09-11T11:00:00+05:30,1156.4000244140625,1166.0,1156.4000244140625,1164.5,56261.0,yahoo
DRREDDY,5m,2026-09-11T11:05:00+05:30,1164.5999755859375,1165.0,1161.699951171875,1162.0999755859375,33144.0,yahoo
DRREDDY,5m,2026-09-11T11:10:00+05:30,1162.5,1165.0,1161.4000244140625,1164.4000244140625,28765.0,yahoo
DRREDDY,5m,2026-09-11T11:15:00+05:30,1164.4000244140625,1164.4000244140625,1162.300048828125,1164.0,23130.0,yahoo
DRREDDY,5m,2026-09-11T11:20:00+05:30,1164.0999755859375,1164.5,1162.199951171875,1164.0,18168.0,yahoo
DRREDDY,5m,2026-09-11T11:25:00+05:30,1163.9000244140625,1168.5,1162.5,1166.4000244140625,55004.0,yahoo
DRREDDY,5m,2026-09-11T11:30:00+05:30,1166.800048828125,1168.5,1166.0999755859375,1168.5,24682.0,yahoo
DRREDDY,5m,2026-09-11T11:35:00+05:30,1168.5,1169.9000244140625,1166.0999755859375,1167.5999755859375,16296.0,yahoo
DRREDDY,5m,2026-09-11T11:40:00+05:30,1168.0,1169.0,1167.5,1168.800048828125,16020.0,yahoo
DRREDDY,5m,2026-09-11T11:45:00+05:30,1168.699951171875,1172.0,1167.5,1170.0999755859375,76727.0,yahoo
DRREDDY,5m,2026-09-11T11:50:00+05:30,1169.699951171875,1174.4000244140625,1169.199951171875,1173.9000244140625,33004.0,yahoo
DRREDDY,5m,2026-09-11T11:55:00+05:30,1173.9000244140625,1177.699951171875,1172.5,1175.4000244140625,57471.0,yahoo
DRREDDY,5m,2026-09-11T12:00:00+05:30,1175.300048828125,1175.800048828125,1173.5,1174.800048828125,21806.0,yahoo
DRREDDY,5m,2026-09-11T12:05:00+05:30,1175.0,1176.0,1174.5999755859375,1175.4000244140625,31707.0,yahoo
DRREDDY,5m,2026-09-11T12:10:00+05:30,1175.4000244140625,1176.0,1175.0,1175.199951171875,18977.0,yahoo
DRREDDY,5m,2026-09-11T12:15:00+05:30,1175.199951171875,1175.800048828125,1173.0999755859375,1175.699951171875,36127.0,yahoo
DRREDDY,5m,2026-09-11T12:20:00+05:30,1175.5999755859375,1177.5,1175.5,1177.199951171875,28870.0,yahoo
DRREDDY,5m,2026-09-11T12:25:00+05:30,1177.199951171875,1178.5,1174.0,1178.0999755859375,65219.0,yahoo
DRREDDY,5m,2026-09-11T12:30:00+05:30,1178.5,1181.699951171875,1177.0,1180.5999755859375,58595.0,yahoo
DRREDDY,5m,2026-09-11T12:35:00+05:30,1180.5,1180.5,1175.9000244140625,1176.4000244140625,43102.0,yahoo
DRREDDY,5m,2026-09-11T12:40:00+05:30,1176.800048828125,1177.4000244140625,1175.9000244140625,1176.4000244140625,29282.0,yahoo
DRREDDY,5m,2026-09-11T12:45:00+05:30,1176.5,1178.4000244140625,1175.199951171875,1177.0999755859375,34021.0,yahoo
DRREDDY,5m,2026-09-11T12:50:00+05:30,1176.5,1176.5,1171.800048828125,1172.9000244140625,60296.0,yahoo
DRREDDY,5m,2026-09-11T12:55:00+05:30,1173.0,1175.0,1171.5,1174.9000244140625,35378.0,yahoo
DRREDDY,5m,2026-09-11T13:00:00+05:30,1175.0,1175.0,1173.0999755859375,1174.4000244140625,22619.0,yahoo
DRREDDY,5m,2026-09-11T13:05:00+05:30,1174.0,1174.5,1172.0999755859375,1172.4000244140625,27113.0,yahoo
DRREDDY,5m,2026-09-11T13:10:00+05:30,1172.4000244140625,1175.300048828125,1172.300048828125,1174.0999755859375,37482.0,yahoo
DRREDDY,5m,2026-09-11T13:15:00+05:30,1174.199951171875,1174.699951171875,1173.0,1173.699951171875,16306.0,yahoo
DRREDDY,5m,2026-09-11T13:20:00+05:30,1174.0,1176.5999755859375,1173.5999755859375,1175.9000244140625,29445.0,yahoo
DRREDDY,5m,2026-09-11T13:25:00+05:30,1176.0,1179.4000244140625,1174.0999755859375,1179.0,34017.0,yahoo
DRREDDY,5m,2026-09-11T13:30:00+05:30,1179.0,1179.4000244140625,1177.5,1177.699951171875,46140.0,yahoo
DRREDDY,5m,2026-09-11T13:35:00+05:30,1177.5,1177.5999755859375,1175.5,1176.199951171875,22568.0,yahoo
DRREDDY,5m,2026-09-11T13:40:00+05:30,1175.800048828125,1176.4000244140625,1174.0999755859375,1175.0999755859375,22522.0,yahoo
DRREDDY,5m,2026-09-11T13:45:00+05:30,1175.0,1175.199951171875,1172.5999755859375,1172.5999755859375,19529.0,yahoo
DRREDDY,5m,2026-09-11T13:50:00+05:30,1173.5,1173.800048828125,1172.5,1172.9000244140625,23905.0,yahoo
DRREDDY,5m,2026-09-11T13:55:00+05:30,1172.4000244140625,1173.199951171875,1170.5,1171.9000244140625,42965.0,yahoo
DRREDDY,5m,2026-09-11T14:00:00+05:30,1172.0,1174.199951171875,1171.699951171875,1173.5,28228.0,yahoo
DRREDDY,5m,2026-09-11T14:05:00+05:30,1173.5999755859375,1173.9000244140625,1171.300048828125,1172.5,24096.0,yahoo
DRREDDY,5m,2026-09-11T14:10:00+05:30,1172.5999755859375,1173.5999755859375,1171.699951171875,1172.0,15360.0,yahoo
DRREDDY,5m,2026-09-11T14:15:00+05:30,1172.4000244140625,1173.5,1171.9000244140625,1172.800048828125,15032.0,yahoo
DRREDDY,5m,2026-09-11T14:20:00+05:30,1172.800048828125,1173.5,1172.300048828125,1172.800048828125,15181.0,yahoo
DRREDDY,5m,2026-09-11T14:25:00+05:30,1172.9000244140625,1173.9000244140625,1172.5,1172.800048828125,28536.0,yahoo
DRREDDY,5m,2026-09-11T14:30:00+05:30,1172.800048828125,1174.0,1172.4000244140625,1172.699951171875,23814.0,yahoo
DRREDDY,5m,2026-09-11T14:35:00+05:30,1172.5999755859375,1172.9000244140625,1170.0,1171.800048828125,44249.0,yahoo
DRREDDY,5m,2026-09-11T14:40:00+05:30,1171.4000244140625,1172.0999755859375,1170.199951171875,1170.199951171875,19283.0,yahoo
DRREDDY,5m,2026-09-11T14:45:00+05:30,1170.699951171875,1174.0,1170.199951171875,1171.0999755859375,28716.0,yahoo
DRREDDY,5m,2026-09-11T14:50:00+05:30,1171.0999755859375,1171.800048828125,1169.699951171875,1169.9000244140625,62886.0,yahoo
DRREDDY,5m,2026-09-11T14:55:00+05:30,1169.9000244140625,1170.199951171875,1168.699951171875,1168.699951171875,39605.0,yahoo
DRREDDY,5m,2026-09-11T15:00:00+05:30,1169.0,1169.0999755859375,1168.0999755859375,1168.9000244140625,57402.0,yahoo
DRREDDY,5m,2026-09-11T15:05:00+05:30,1168.9000244140625,1170.0,1167.800048828125,1169.5,118444.0,yahoo
DRREDDY,5m,2026-09-11T15:10:00+05:30,1169.699951171875,1176.0,1165.5,1165.5,168178.0,yahoo
EICHERMOT,5m,2026-09-11T09:15:00+05:30,7596.0,7613.0,7568.5,7577.5,0.0,yahoo
EICHERMOT,5m,2026-09-11T09:20:00+05:30,7572.0,7581.0,7545.0,7577.5,10843.0,yahoo
EICHERMOT,5m,2026-09-11T09:25:00+05:30,7578.0,7580.5,7571.0,7573.0,3597.0,yahoo
EICHERMOT,5m,2026-09-11T09:30:00+05:30,7572.0,7580.0,7571.0,7578.0,3036.0,yahoo
EICHERMOT,5m,2026-09-11T09:35:00+05:30,7579.5,7579.5,7555.0,7558.0,3669.0,yahoo
EICHERMOT,5m,2026-09-11T09:40:00+05:30,7558.0,7569.0,7550.5,7555.0,4466.0,yahoo
EICHERMOT,5m,2026-09-11T09:45:00+05:30,7557.0,7563.5,7550.0,7562.5,2945.0,yahoo
EICHERMOT,5m,2026-09-11T09:50:00+05:30,7564.5,7570.5,7557.0,7557.5,2132.0,yahoo
EICHERMOT,5m,2026-09-11T09:55:00+05:30,7557.5,7564.0,7557.5,7563.5,2780.0,yahoo
EICHERMOT,5m,2026-09-11T10:00:00+05:30,7562.5,7566.0,7558.5,7560.5,1311.0,yahoo
EICHERMOT,5m,2026-09-11T10:05:00+05:30,7560.5,7576.0,7560.5,7575.0,3921.0,yahoo
EICHERMOT,5m,2026-09-11T10:10:00+05:30,7576.0,7614.0,7575.0,7609.0,37085.0,yahoo
EICHERMOT,5m,2026-09-11T10:15:00+05:30,7610.0,7610.0,7595.0,7597.0,8899.0,yahoo
EICHERMOT,5m,2026-09-11T10:20:00+05:30,7597.5,7611.0,7595.0,7609.5,1822.0,yahoo
EICHERMOT,5m,2026-09-11T10:25:00+05:30,7611.0,7611.5,7595.0,7595.0,2305.0,yahoo
EICHERMOT,5m,2026-09-11T10:30:00+05:30,7597.5,7600.5,7592.5,7600.0,3327.0,yahoo
EICHERMOT,5m,2026-09-11T10:35:00+05:30,7600.0,7606.5,7600.0,7605.0,1475.0,yahoo
EICHERMOT,5m,2026-09-11T10:40:00+05:30,7604.0,7605.0,7590.0,7590.0,3270.0,yahoo
EICHERMOT,5m,2026-09-11T10:45:00+05:30,7591.5,7598.5,7589.0,7593.5,2859.0,yahoo
EICHERMOT,5m,2026-09-11T10:50:00+05:30,7593.0,7593.5,7580.0,7580.0,1848.0,yahoo
EICHERMOT,5m,2026-09-11T10:55:00+05:30,7580.0,7596.5,7580.0,7596.5,1533.0,yahoo
EICHERMOT,5m,2026-09-11T11:00:00+05:30,7599.0,7605.0,7589.5,7591.0,13415.0,yahoo
EICHERMOT,5m,2026-09-11T11:05:00+05:30,7591.5,7592.0,7581.5,7591.5,17935.0,yahoo
EICHERMOT,5m,2026-09-11T11:10:00+05:30,7591.5,7595.0,7587.0,7592.0,5514.0,yahoo
EICHERMOT,5m,2026-09-11T11:15:00+05:30,7594.5,7594.5,7580.0,7580.5,8686.0,yahoo
EICHERMOT,5m,2026-09-11T11:20:00+05:30,7584.0,7590.0,7582.0,7585.5,1335.0,yahoo
EICHERMOT,5m,2026-09-11T11:25:00+05:30,7588.0,7591.5,7585.0,7585.5,1443.0,yahoo
EICHERMOT,5m,2026-09-11T11:30:00+05:30,7588.0,7597.0,7586.0,7594.5,3448.0,yahoo
EICHERMOT,5m,2026-09-11T11:35:00+05:30,7596.0,7596.5,7592.0,7596.5,1362.0,yahoo
EICHERMOT,5m,2026-09-11T11:40:00+05:30,7596.5,7599.5,7595.0,7599.5,979.0,yahoo
EICHERMOT,5m,2026-09-11T11:45:00+05:30,7599.5,7603.5,7596.5,7597.0,3228.0,yahoo
EICHERMOT,5m,2026-09-11T11:50:00+05:30,7600.0,7607.0,7597.5,7606.5,1398.0,yahoo
EICHERMOT,5m,2026-09-11T11:55:00+05:30,7607.0,7611.0,7601.0,7608.5,1503.0,yahoo
EICHERMOT,5m,2026-09-11T12:00:00+05:30,7610.5,7614.0,7601.0,7612.0,1932.0,yahoo
EICHERMOT,5m,2026-09-11T12:05:00+05:30,7615.0,7615.0,7610.0,7614.0,1943.0,yahoo
EICHERMOT,5m,2026-09-11T12:10:00+05:30,7614.0,7614.0,7610.0,7610.0,992.0,yahoo
EICHERMOT,5m,2026-09-11T12:15:00+05:30,7610.5,7610.5,7609.5,7609.5,932.0,yahoo
EICHERMOT,5m,2026-09-11T12:20:00+05:30,7609.5,7610.5,7595.5,7597.5,9056.0,yahoo
EICHERMOT,5m,2026-09-11T12:25:00+05:30,7599.0,7599.0,7590.0,7590.0,1293.0,yahoo
EICHERMOT,5m,2026-09-11T12:30:00+05:30,7590.0,7599.0,7580.5,7584.0,4857.0,yahoo
EICHERMOT,5m,2026-09-11T12:35:00+05:30,7585.5,7598.0,7583.5,7596.0,14979.0,yahoo
EICHERMOT,5m,2026-09-11T12:40:00+05:30,7598.0,7598.0,7589.5,7592.0,7472.0,yahoo
EICHERMOT,5m,2026-09-11T12:45:00+05:30,7594.0,7594.0,7590.0,7592.5,899.0,yahoo
EICHERMOT,5m,2026-09-11T12:50:00+05:30,7593.0,7594.5,7591.0,7594.5,1124.0,yahoo
EICHERMOT,5m,2026-09-11T12:55:00+05:30,7594.5,7595.5,7591.0,7594.5,1173.0,yahoo
EICHERMOT,5m,2026-09-11T13:00:00+05:30,7596.5,7597.0,7580.0,7580.0,7908.0,yahoo
EICHERMOT,5m,2026-09-11T13:05:00+05:30,7573.5,7582.5,7570.0,7580.0,5403.0,yahoo
EICHERMOT,5m,2026-09-11T13:10:00+05:30,7580.5,7581.5,7580.0,7581.0,1981.0,yahoo
EICHERMOT,5m,2026-09-11T13:15:00+05:30,7581.0,7586.0,7574.0,7585.0,7984.0,yahoo
EICHERMOT,5m,2026-09-11T13:20:00+05:30,7586.5,7586.5,7580.0,7580.0,5662.0,yahoo
EICHERMOT,5m,2026-09-11T13:25:00+05:30,7582.0,7582.5,7570.0,7570.0,2984.0,yahoo
EICHERMOT,5m,2026-09-11T13:30:00+05:30,7571.5,7583.0,7571.5,7577.5,3639.0,yahoo
EICHERMOT,5m,2026-09-11T13:35:00+05:30,7577.5,7585.5,7574.5,7574.5,19316.0,yahoo
EICHERMOT,5m,2026-09-11T13:40:00+05:30,7574.5,7576.5,7562.5,7563.5,3263.0,yahoo
EICHERMOT,5m,2026-09-11T13:45:00+05:30,7564.5,7570.5,7564.0,7565.5,1814.0,yahoo
EICHERMOT,5m,2026-09-11T13:50:00+05:30,7566.0,7582.5,7564.0,7575.5,6110.0,yahoo
EICHERMOT,5m,2026-09-11T13:55:00+05:30,7578.5,7591.5,7575.5,7585.5,5072.0,yahoo
EICHERMOT,5m,2026-09-11T14:00:00+05:30,7586.0,7594.0,7584.5,7591.0,2314.0,yahoo
EICHERMOT,5m,2026-09-11T14:05:00+05:30,7591.0,7592.5,7581.5,7586.0,3999.0,yahoo
EICHERMOT,5m,2026-09-11T14:10:00+05:30,7586.0,7587.5,7580.0,7585.0,1176.0,yahoo
EICHERMOT,5m,2026-09-11T14:15:00+05:30,7585.0,7586.0,7580.5,7581.5,1461.0,yahoo
EICHERMOT,5m,2026-09-11T14:20:00+05:30,7582.0,7589.0,7580.0,7583.5,5697.0,yahoo
EICHERMOT,5m,2026-09-11T14:25:00+05:30,7586.5,7586.5,7580.0,7583.5,1507.0,yahoo
EICHERMOT,5m,2026-09-11T14:30:00+05:30,7585.0,7591.5,7581.5,7585.0,3675.0,yahoo
EICHERMOT,5m,2026-09-11T14:35:00+05:30,7585.0,7585.5,7580.5,7581.0,2549.0,yahoo
EICHERMOT,5m,2026-09-11T14:40:00+05:30,7581.0,7585.0,7580.0,7582.0,3396.0,yahoo
EICHERMOT,5m,2026-09-11T14:45:00+05:30,7580.0,7582.0,7567.0,7567.0,8727.0,yahoo
EICHERMOT,5m,2026-09-11T14:50:00+05:30,7568.0,7574.5,7564.0,7571.5,25932.0,yahoo
EICHERMOT,5m,2026-09-11T14:55:00+05:30,7571.5,7580.5,7571.5,7574.5,8574.0,yahoo
EICHERMOT,5m,2026-09-11T15:00:00+05:30,7579.0,7579.0,7564.0,7564.0,10908.0,yahoo
EICHERMOT,5m,2026-09-11T15:05:00+05:30,7564.0,7572.5,7561.0,7565.5,11888.0,yahoo
EICHERMOT,5m,2026-09-11T15:10:00+05:30,7566.0,7577.0,7530.0,7530.0,56054.0,yahoo
ETERNAL,5m,2026-09-11T09:15:00+05:30,317.95001220703125,318.75,316.95001220703125,316.95001220703125,0.0,yahoo
ETERNAL,5m,2026-09-11T09:20:00+05:30,316.70001220703125,317.20001220703125,316.5,316.75,440826.0,yahoo
ETERNAL,5m,2026-09-11T09:25:00+05:30,316.25,316.70001220703125,316.1000061035156,316.3500061035156,277857.0,yahoo
ETERNAL,5m,2026-09-11T09:30:00+05:30,316.45001220703125,317.5,316.3500061035156,317.45001220703125,340513.0,yahoo
ETERNAL,5m,2026-09-11T09:35:00+05:30,317.5,317.75,316.79998779296875,316.8999938964844,158264.0,yahoo
ETERNAL,5m,2026-09-11T09:40:00+05:30,316.75,318.3500061035156,316.45001220703125,317.95001220703125,282235.0,yahoo
ETERNAL,5m,2026-09-11T09:45:00+05:30,317.95001220703125,318.79998779296875,317.79998779296875,318.79998779296875,300892.0,yahoo
ETERNAL,5m,2026-09-11T09:50:00+05:30,318.70001220703125,318.79998779296875,318.04998779296875,318.29998779296875,395920.0,yahoo
ETERNAL,5m,2026-09-11T09:55:00+05:30,318.29998779296875,318.29998779296875,317.5,317.75,423140.0,yahoo
ETERNAL,5m,2026-09-11T10:00:00+05:30,317.75,317.8999938964844,317.54998779296875,317.8500061035156,83116.0,yahoo
ETERNAL,5m,2026-09-11T10:05:00+05:30,317.8500061035156,318.6000061035156,317.54998779296875,318.6000061035156,282127.0,yahoo
ETERNAL,5m,2026-09-11T10:10:00+05:30,318.6000061035156,319.20001220703125,318.1000061035156,319.04998779296875,209448.0,yahoo
ETERNAL,5m,2026-09-11T10:15:00+05:30,319.0,320.25,318.70001220703125,319.1000061035156,879644.0,yahoo
ETERNAL,5m,2026-09-11T10:20:00+05:30,319.1499938964844,320.3999938964844,319.1000061035156,319.70001220703125,506563.0,yahoo
ETERNAL,5m,2026-09-11T10:25:00+05:30,319.70001220703125,319.79998779296875,319.25,319.29998779296875,215454.0,yahoo
ETERNAL,5m,2026-09-11T10:30:00+05:30,319.3999938964844,319.8500061035156,318.95001220703125,319.1499938964844,564538.0,yahoo
ETERNAL,5m,2026-09-11T10:35:00+05:30,319.04998779296875,319.1499938964844,318.70001220703125,318.70001220703125,82398.0,yahoo
ETERNAL,5m,2026-09-11T10:40:00+05:30,319.1000061035156,319.79998779296875,318.5,319.79998779296875,532196.0,yahoo
ETERNAL,5m,2026-09-11T10:45:00+05:30,319.6499938964844,319.70001220703125,319.20001220703125,319.20001220703125,130640.0,yahoo
ETERNAL,5m,2026-09-11T10:50:00+05:30,319.29998779296875,319.75,319.04998779296875,319.54998779296875,126284.0,yahoo
ETERNAL,5m,2026-09-11T10:55:00+05:30,319.54998779296875,319.6000061035156,319.1000061035156,319.1000061035156,80216.0,yahoo
ETERNAL,5m,2026-09-11T11:00:00+05:30,319.1000061035156,320.20001220703125,319.1000061035156,319.6499938964844,340418.0,yahoo
ETERNAL,5m,2026-09-11T11:05:00+05:30,319.70001220703125,319.70001220703125,319.3500061035156,319.3999938964844,164653.0,yahoo
ETERNAL,5m,2026-09-11T11:10:00+05:30,319.5,319.8999938964844,319.3999938964844,319.8500061035156,284533.0,yahoo
ETERNAL,5m,2026-09-11T11:15:00+05:30,319.95001220703125,321.29998779296875,319.6499938964844,321.20001220703125,618744.0,yahoo
ETERNAL,5m,2026-09-11T11:20:00+05:30,321.1499938964844,324.20001220703125,321.1499938964844,323.8999938964844,936485.0,yahoo
ETERNAL,5m,2026-09-11T11:25:00+05:30,323.75,324.20001220703125,323.3500061035156,323.54998779296875,452253.0,yahoo
ETERNAL,5m,2026-09-11T11:30:00+05:30,323.5,324.79998779296875,322.8500061035156,323.8500061035156,493753.0,yahoo
ETERNAL,5m,2026-09-11T11:35:00+05:30,323.8999938964844,324.04998779296875,323.6000061035156,323.6499938964844,235015.0,yahoo
ETERNAL,5m,2026-09-11T11:40:00+05:30,323.70001220703125,324.6000061035156,323.6499938964844,324.1000061035156,333965.0,yahoo
ETERNAL,5m,2026-09-11T11:45:00+05:30,324.1000061035156,324.1499938964844,323.6000061035156,323.6499938964844,164204.0,yahoo
ETERNAL,5m,2026-09-11T11:50:00+05:30,323.6499938964844,323.75,323.25,323.3500061035156,237231.0,yahoo
ETERNAL,5m,2026-09-11T11:55:00+05:30,323.3999938964844,323.79998779296875,323.29998779296875,323.3999938964844,489303.0,yahoo
ETERNAL,5m,2026-09-11T12:00:00+05:30,323.45001220703125,324.0,322.8500061035156,322.95001220703125,287250.0,yahoo
ETERNAL,5m,2026-09-11T12:05:00+05:30,323.0,323.0,322.6499938964844,322.6499938964844,89505.0,yahoo
ETERNAL,5m,2026-09-11T12:10:00+05:30,322.70001220703125,322.70001220703125,322.20001220703125,322.3500061035156,122618.0,yahoo
ETERNAL,5m,2026-09-11T12:15:00+05:30,322.3500061035156,322.8500061035156,322.3500061035156,322.75,112575.0,yahoo
ETERNAL,5m,2026-09-11T12:20:00+05:30,322.70001220703125,323.1499938964844,322.70001220703125,322.79998779296875,208988.0,yahoo
ETERNAL,5m,2026-09-11T12:25:00+05:30,322.8999938964844,323.1499938964844,322.54998779296875,322.54998779296875,213219.0,yahoo
ETERNAL,5m,2026-09-11T12:30:00+05:30,322.6499938964844,322.6499938964844,322.3500061035156,322.3999938964844,63081.0,yahoo
ETERNAL,5m,2026-09-11T12:35:00+05:30,322.5,322.79998779296875,322.45001220703125,322.54998779296875,79922.0,yahoo
ETERNAL,5m,2026-09-11T12:40:00+05:30,322.75,322.75,322.1000061035156,322.1499938964844,298055.0,yahoo
ETERNAL,5m,2026-09-11T12:45:00+05:30,322.1499938964844,322.1499938964844,321.29998779296875,321.3999938964844,281537.0,yahoo
ETERNAL,5m,2026-09-11T12:50:00+05:30,321.45001220703125,321.45001220703125,320.8999938964844,321.25,590812.0,yahoo
ETERNAL,5m,2026-09-11T12:55:00+05:30,321.25,321.29998779296875,320.8999938964844,320.95001220703125,109693.0,yahoo
ETERNAL,5m,2026-09-11T13:00:00+05:30,321.0,321.0,320.75,320.79998779296875,95788.0,yahoo
ETERNAL,5m,2026-09-11T13:05:00+05:30,320.79998779296875,320.95001220703125,320.45001220703125,320.79998779296875,179939.0,yahoo
ETERNAL,5m,2026-09-11T13:10:00+05:30,320.79998779296875,322.0,320.75,321.70001220703125,316808.0,yahoo
ETERNAL,5m,2026-09-11T13:15:00+05:30,321.70001220703125,322.0,321.54998779296875,321.6499938964844,135149.0,yahoo
ETERNAL,5m,2026-09-11T13:20:00+05:30,321.6499938964844,321.95001220703125,321.3500061035156,321.6000061035156,278340.0,yahoo
ETERNAL,5m,2026-09-11T13:25:00+05:30,321.54998779296875,321.54998779296875,321.29998779296875,321.45001220703125,60258.0,yahoo
ETERNAL,5m,2026-09-11T13:30:00+05:30,321.45001220703125,321.6499938964844,321.3500061035156,321.5,102475.0,yahoo
ETERNAL,5m,2026-09-11T13:35:00+05:30,321.54998779296875,321.54998779296875,321.29998779296875,321.29998779296875,78349.0,yahoo
ETERNAL,5m,2026-09-11T13:40:00+05:30,321.29998779296875,321.3500061035156,320.3500061035156,320.45001220703125,298147.0,yahoo
ETERNAL,5m,2026-09-11T13:45:00+05:30,320.45001220703125,320.54998779296875,320.25,320.45001220703125,186682.0,yahoo
ETERNAL,5m,2026-09-11T13:50:00+05:30,320.45001220703125,321.0,320.29998779296875,320.6000061035156,240655.0,yahoo
ETERNAL,5m,2026-09-11T13:55:00+05:30,320.54998779296875,321.1499938964844,320.54998779296875,321.0,140510.0,yahoo
ETERNAL,5m,2026-09-11T14:00:00+05:30,321.0,321.6499938964844,320.95001220703125,321.3999938964844,267161.0,yahoo
ETERNAL,5m,2026-09-11T14:05:00+05:30,321.3500061035156,321.3999938964844,320.95001220703125,321.0,87189.0,yahoo
ETERNAL,5m,2026-09-11T14:10:00+05:30,321.0,321.0,320.70001220703125,320.75,119490.0,yahoo
ETERNAL,5m,2026-09-11T14:15:00+05:30,320.75,321.0,320.70001220703125,320.79998779296875,254807.0,yahoo
ETERNAL,5m,2026-09-11T14:20:00+05:30,320.79998779296875,320.8500061035156,320.3500061035156,320.6499938964844,139222.0,yahoo
ETERNAL,5m,2026-09-11T14:25:00+05:30,320.70001220703125,320.70001220703125,320.3999938964844,320.5,109266.0,yahoo
ETERNAL,5m,2026-09-11T14:30:00+05:30,320.54998779296875,320.6000061035156,320.04998779296875,320.29998779296875,289603.0,yahoo
ETERNAL,5m,2026-09-11T14:35:00+05:30,320.29998779296875,320.3999938964844,320.04998779296875,320.3999938964844,141984.0,yahoo
ETERNAL,5m,2026-09-11T14:40:00+05:30,320.3999938964844,320.6000061035156,320.1000061035156,320.3999938964844,381714.0,yahoo
ETERNAL,5m,2026-09-11T14:45:00+05:30,320.3999938964844,320.6000061035156,320.29998779296875,320.54998779296875,177875.0,yahoo
ETERNAL,5m,2026-09-11T14:50:00+05:30,320.54998779296875,321.45001220703125,320.3999938964844,321.25,604274.0,yahoo
ETERNAL,5m,2026-09-11T14:55:00+05:30,321.25,321.29998779296875,320.75,321.20001220703125,441216.0,yahoo
ETERNAL,5m,2026-09-11T15:00:00+05:30,321.20001220703125,321.20001220703125,320.75,320.75,539433.0,yahoo
ETERNAL,5m,2026-09-11T15:05:00+05:30,320.70001220703125,321.6499938964844,320.70001220703125,321.3999938964844,872246.0,yahoo
ETERNAL,5m,2026-09-11T15:10:00+05:30,321.45001220703125,322.75,321.29998779296875,322.3999938964844,770836.0,yahoo
ETERNAL,5m,2026-09-11T15:15:00+05:30,322.75,323.5,322.75,323.5,1249627.0,yahoo
GODFRYPHLP,5m,2026-09-11T09:15:00+05:30,1960.9000244140625,1960.9000244140625,1950.199951171875,1959.800048828125,0.0,yahoo
GODFRYPHLP,5m,2026-09-11T09:20:00+05:30,1959.0,1959.0,1950.199951171875,1954.699951171875,5075.0,yahoo
GODFRYPHLP,5m,2026-09-11T09:25:00+05:30,1954.0,1954.0,1947.300048828125,1947.300048828125,5105.0,yahoo
GODFRYPHLP,5m,2026-09-11T09:30:00+05:30,1949.9000244140625,1953.300048828125,1948.0,1950.0,2349.0,yahoo
GODFRYPHLP,5m,2026-09-11T09:35:00+05:30,1950.9000244140625,1952.0999755859375,1945.4000244140625,1947.5999755859375,3023.0,yahoo
GODFRYPHLP,5m,2026-09-11T09:40:00+05:30,1946.5,1948.4000244140625,1944.0,1944.0,2486.0,yahoo
GODFRYPHLP,5m,2026-09-11T09:45:00+05:30,1944.0,1950.0,1943.4000244140625,1947.0,2287.0,yahoo
GODFRYPHLP,5m,2026-09-11T09:50:00+05:30,1947.5999755859375,1948.5999755859375,1945.0,1945.4000244140625,1855.0,yahoo
GODFRYPHLP,5m,2026-09-11T09:55:00+05:30,1945.0,1947.5999755859375,1944.0,1947.5999755859375,2691.0,yahoo
GODFRYPHLP,5m,2026-09-11T10:00:00+05:30,1947.5,1949.800048828125,1946.0,1949.0,1723.0,yahoo
GODFRYPHLP,5m,2026-09-11T10:05:00+05:30,1948.199951171875,1952.4000244140625,1948.199951171875,1951.699951171875,1456.0,yahoo
GODFRYPHLP,5m,2026-09-11T10:10:00+05:30,1950.300048828125,1951.5999755859375,1950.0,1950.0999755859375,976.0,yahoo
GODFRYPHLP,5m,2026-09-11T10:15:00+05:30,1951.5,1952.0999755859375,1949.0,1951.199951171875,1545.0,yahoo
GODFRYPHLP,5m,2026-09-11T10:20:00+05:30,1951.300048828125,1955.9000244140625,1951.0,1954.0,3097.0,yahoo
GODFRYPHLP,5m,2026-09-11T10:25:00+05:30,1953.699951171875,1953.699951171875,1947.0999755859375,1948.5999755859375,1108.0,yahoo
GODFRYPHLP,5m,2026-09-11T10:30:00+05:30,1949.0,1949.800048828125,1947.0,1947.699951171875,612.0,yahoo
GODFRYPHLP,5m,2026-09-11T10:35:00+05:30,1947.0,1952.0,1947.0,1951.9000244140625,1245.0,yahoo
GODFRYPHLP,5m,2026-09-11T10:40:00+05:30,1951.9000244140625,1953.0,1951.9000244140625,1952.4000244140625,325.0,yahoo
GODFRYPHLP,5m,2026-09-11T10:45:00+05:30,1952.4000244140625,1955.0,1952.4000244140625,1953.0,2897.0,yahoo
GODFRYPHLP,5m,2026-09-11T10:50:00+05:30,1953.0,1953.199951171875,1950.0,1950.5999755859375,645.0,yahoo
GODFRYPHLP,5m,2026-09-11T10:55:00+05:30,1950.0,1950.0,1940.0,1940.4000244140625,5168.0,yahoo
GODFRYPHLP,5m,2026-09-11T11:00:00+05:30,1940.4000244140625,1941.699951171875,1938.0,1938.800048828125,6352.0,yahoo
GODFRYPHLP,5m,2026-09-11T11:05:00+05:30,1939.800048828125,1941.9000244140625,1938.800048828125,1941.0,1011.0,yahoo
GODFRYPHLP,5m,2026-09-11T11:10:00+05:30,1941.0999755859375,1942.0,1928.0,1930.0,16762.0,yahoo
GODFRYPHLP,5m,2026-09-11T11:15:00+05:30,1930.0,1934.800048828125,1929.0999755859375,1933.199951171875,12563.0,yahoo
GODFRYPHLP,5m,2026-09-11T11:20:00+05:30,1935.199951171875,1936.4000244140625,1932.5999755859375,1934.9000244140625,2187.0,yahoo
GODFRYPHLP,5m,2026-09-11T11:25:00+05:30,1934.0,1936.0,1933.0,1936.0,839.0,yahoo
GODFRYPHLP,5m,2026-09-11T11:30:00+05:30,1936.199951171875,1936.300048828125,1933.5999755859375,1934.5,1847.0,yahoo
GODFRYPHLP,5m,2026-09-11T11:35:00+05:30,1935.0999755859375,1944.0,1935.0999755859375,1936.0,3396.0,yahoo
GODFRYPHLP,5m,2026-09-11T11:40:00+05:30,1936.0,1940.0,1936.0,1939.0999755859375,1241.0,yahoo
GODFRYPHLP,5m,2026-09-11T11:45:00+05:30,1939.199951171875,1940.0,1937.4000244140625,1938.800048828125,1062.0,yahoo
GODFRYPHLP,5m,2026-09-11T11:50:00+05:30,1938.800048828125,1938.800048828125,1937.0,1938.0,677.0,yahoo
GODFRYPHLP,5m,2026-09-11T11:55:00+05:30,1937.199951171875,1938.0,1932.5,1933.0,1499.0,yahoo
GODFRYPHLP,5m,2026-09-11T12:00:00+05:30,1932.5,1933.800048828125,1932.300048828125,1933.0999755859375,1169.0,yahoo
GODFRYPHLP,5m,2026-09-11T12:05:00+05:30,1933.199951171875,1933.199951171875,1932.300048828125,1932.300048828125,924.0,yahoo
GODFRYPHLP,5m,2026-09-11T12:10:00+05:30,1932.300048828125,1933.0,1930.0,1930.4000244140625,1933.0,yahoo
GODFRYPHLP,5m,2026-09-11T12:15:00+05:30,1930.199951171875,1931.199951171875,1930.0,1930.300048828125,1591.0,yahoo
GODFRYPHLP,5m,2026-09-11T12:20:00+05:30,1930.4000244140625,1935.300048828125,1930.300048828125,1934.5999755859375,4477.0,yahoo
GODFRYPHLP,5m,2026-09-11T12:25:00+05:30,1931.5999755859375,1932.800048828125,1930.0999755859375,1931.199951171875,4106.0,yahoo
GODFRYPHLP,5m,2026-09-11T12:30:00+05:30,1931.199951171875,1933.5,1930.0,1932.0,1274.0,yahoo
GODFRYPHLP,5m,2026-09-11T12:35:00+05:30,1932.4000244140625,1932.800048828125,1930.0,1930.0999755859375,659.0,yahoo
GODFRYPHLP,5m,2026-09-11T12:40:00+05:30,1931.300048828125,1932.0,1930.0,1931.0,705.0,yahoo
GODFRYPHLP,5m,2026-09-11T12:45:00+05:30,1931.9000244140625,1932.4000244140625,1930.0,1932.300048828125,1384.0,yahoo
GODFRYPHLP,5m,2026-09-11T12:50:00+05:30,1931.5,1932.300048828125,1924.4000244140625,1926.9000244140625,9573.0,yahoo
GODFRYPHLP,5m,2026-09-11T12:55:00+05:30,1926.9000244140625,1929.5999755859375,1926.9000244140625,1928.0999755859375,1124.0,yahoo
GODFRYPHLP,5m,2026-09-11T13:00:00+05:30,1928.0999755859375,1929.0,1926.5,1927.0,1467.0,yahoo
GODFRYPHLP,5m,2026-09-11T13:05:00+05:30,1926.800048828125,1927.0999755859375,1923.0,1923.4000244140625,3043.0,yahoo
GODFRYPHLP,5m,2026-09-11T13:10:00+05:30,1923.5,1926.300048828125,1923.5,1926.300048828125,3384.0,yahoo
GODFRYPHLP,5m,2026-09-11T13:15:00+05:30,1926.300048828125,1927.4000244140625,1925.4000244140625,1925.800048828125,876.0,yahoo
GODFRYPHLP,5m,2026-09-11T13:20:00+05:30,1925.800048828125,1926.0,1924.699951171875,1925.5,432.0,yahoo
GODFRYPHLP,5m,2026-09-11T13:25:00+05:30,1925.5,1926.0,1924.300048828125,1925.800048828125,1314.0,yahoo
GODFRYPHLP,5m,2026-09-11T13:30:00+05:30,1926.0,1927.5,1924.199951171875,1927.5,1166.0,yahoo
GODFRYPHLP,5m,2026-09-11T13:35:00+05:30,1927.5,1928.0999755859375,1924.4000244140625,1925.0,1036.0,yahoo
GODFRYPHLP,5m,2026-09-11T13:40:00+05:30,1925.0999755859375,1926.800048828125,1922.0,1925.0999755859375,3123.0,yahoo
GODFRYPHLP,5m,2026-09-11T13:45:00+05:30,1924.300048828125,1925.0999755859375,1924.0,1924.5999755859375,648.0,yahoo
GODFRYPHLP,5m,2026-09-11T13:50:00+05:30,1924.300048828125,1925.5999755859375,1921.5999755859375,1924.300048828125,3471.0,yahoo
GODFRYPHLP,5m,2026-09-11T13:55:00+05:30,1924.300048828125,1929.5999755859375,1924.300048828125,1929.0,1914.0,yahoo
GODFRYPHLP,5m,2026-09-11T14:00:00+05:30,1928.0999755859375,1931.0999755859375,1927.0,1930.800048828125,1958.0,yahoo
GODFRYPHLP,5m,2026-09-11T14:05:00+05:30,1930.0,1931.199951171875,1923.5,1929.5999755859375,6453.0,yahoo
GODFRYPHLP,5m,2026-09-11T14:10:00+05:30,1929.5,1930.0999755859375,1928.0,1928.800048828125,2078.0,yahoo
GODFRYPHLP,5m,2026-09-11T14:15:00+05:30,1928.9000244140625,1930.300048828125,1928.0999755859375,1929.199951171875,3381.0,yahoo
GODFRYPHLP,5m,2026-09-11T14:20:00+05:30,1929.4000244140625,1930.0,1929.0,1929.0,955.0,yahoo
GODFRYPHLP,5m,2026-09-11T14:25:00+05:30,1929.0,1931.0,1929.0,1930.0,2203.0,yahoo
GODFRYPHLP,5m,2026-09-11T14:30:00+05:30,1930.0,1934.0,1930.0,1930.9000244140625,4870.0,yahoo
GODFRYPHLP,5m,2026-09-11T14:35:00+05:30,1931.0,1933.5,1931.0,1932.9000244140625,2399.0,yahoo
GODFRYPHLP,5m,2026-09-11T14:40:00+05:30,1932.800048828125,1934.5,1932.5,1934.300048828125,1610.0,yahoo
GODFRYPHLP,5m,2026-09-11T14:45:00+05:30,1934.0999755859375,1934.5999755859375,1931.0,1931.0999755859375,3929.0,yahoo
GODFRYPHLP,5m,2026-09-11T14:50:00+05:30,1931.300048828125,1932.699951171875,1930.5999755859375,1931.0,5577.0,yahoo
GODFRYPHLP,5m,2026-09-11T14:55:00+05:30,1932.0,1932.0,1930.0999755859375,1930.5999755859375,2426.0,yahoo
GODFRYPHLP,5m,2026-09-11T15:00:00+05:30,1930.5999755859375,1931.300048828125,1928.5999755859375,1929.0,7282.0,yahoo
GODFRYPHLP,5m,2026-09-11T15:05:00+05:30,1929.0,1930.0,1926.0,1929.300048828125,8265.0,yahoo
GODFRYPHLP,5m,2026-09-11T15:10:00+05:30,1930.0,1932.0,1928.300048828125,1928.699951171875,9480.0,yahoo
GODFRYPHLP,5m,2026-09-11T15:15:00+05:30,1929.0,1929.0,1927.0,1927.0,4733.0,yahoo
GRASIM,5m,2026-09-11T09:15:00+05:30,3302.0,3302.0,3283.60009765625,3289.60009765625,0.0,yahoo
GRASIM,5m,2026-09-11T09:20:00+05:30,3288.89990234375,3290.0,3287.10009765625,3289.300048828125,4009.0,yahoo
GRASIM,5m,2026-09-11T09:25:00+05:30,3289.300048828125,3289.60009765625,3282.0,3282.60009765625,6214.0,yahoo
GRASIM,5m,2026-09-11T09:30:00+05:30,3282.5,3284.5,3279.0,3282.800048828125,5737.0,yahoo
GRASIM,5m,2026-09-11T09:35:00+05:30,3282.0,3282.10009765625,3277.800048828125,3277.800048828125,3858.0,yahoo
GRASIM,5m,2026-09-11T09:40:00+05:30,3278.0,3279.800048828125,3270.0,3270.199951171875,12608.0,yahoo
GRASIM,5m,2026-09-11T09:45:00+05:30,3271.5,3272.39990234375,3267.199951171875,3269.10009765625,36336.0,yahoo
GRASIM,5m,2026-09-11T09:50:00+05:30,3269.699951171875,3273.60009765625,3269.0,3273.60009765625,3178.0,yahoo
GRASIM,5m,2026-09-11T09:55:00+05:30,3273.60009765625,3276.39990234375,3272.10009765625,3276.39990234375,6253.0,yahoo
GRASIM,5m,2026-09-11T10:00:00+05:30,3276.5,3281.89990234375,3276.5,3280.89990234375,3686.0,yahoo
GRASIM,5m,2026-09-11T10:05:00+05:30,3281.300048828125,3283.5,3279.199951171875,3281.199951171875,3725.0,yahoo
GRASIM,5m,2026-09-11T10:10:00+05:30,3280.89990234375,3283.89990234375,3278.5,3283.5,1986.0,yahoo
GRASIM,5m,2026-09-11T10:15:00+05:30,3283.39990234375,3283.39990234375,3278.300048828125,3279.89990234375,3410.0,yahoo
GRASIM,5m,2026-09-11T10:20:00+05:30,3279.89990234375,3283.89990234375,3279.10009765625,3283.0,3903.0,yahoo
GRASIM,5m,2026-09-11T10:25:00+05:30,3282.800048828125,3282.800048828125,3277.0,3278.39990234375,3136.0,yahoo
GRASIM,5m,2026-09-11T10:30:00+05:30,3278.199951171875,3281.699951171875,3278.0,3281.39990234375,1746.0,yahoo
GRASIM,5m,2026-09-11T10:35:00+05:30,3281.89990234375,3283.60009765625,3279.800048828125,3282.89990234375,2684.0,yahoo
GRASIM,5m,2026-09-11T10:40:00+05:30,3283.0,3285.89990234375,3282.199951171875,3283.300048828125,4201.0,yahoo
GRASIM,5m,2026-09-11T10:45:00+05:30,3285.300048828125,3285.699951171875,3281.39990234375,3281.39990234375,1769.0,yahoo
GRASIM,5m,2026-09-11T10:50:00+05:30,3281.10009765625,3282.199951171875,3276.39990234375,3276.39990234375,2315.0,yahoo
GRASIM,5m,2026-09-11T10:55:00+05:30,3277.300048828125,3280.10009765625,3276.39990234375,3276.39990234375,3974.0,yahoo
GRASIM,5m,2026-09-11T11:00:00+05:30,3276.10009765625,3278.39990234375,3276.0,3276.0,2929.0,yahoo
GRASIM,5m,2026-09-11T11:05:00+05:30,3277.0,3280.199951171875,3275.10009765625,3277.39990234375,3146.0,yahoo
GRASIM,5m,2026-09-11T11:10:00+05:30,3277.39990234375,3283.39990234375,3276.5,3283.39990234375,4146.0,yahoo
GRASIM,5m,2026-09-11T11:15:00+05:30,3283.5,3285.199951171875,3279.5,3281.5,2753.0,yahoo
GRASIM,5m,2026-09-11T11:20:00+05:30,3281.39990234375,3281.89990234375,3279.39990234375,3280.0,897.0,yahoo
GRASIM,5m,2026-09-11T11:25:00+05:30,3281.10009765625,3281.10009765625,3275.699951171875,3276.300048828125,7605.0,yahoo
GRASIM,5m,2026-09-11T11:30:00+05:30,3276.39990234375,3277.89990234375,3275.0,3275.800048828125,3825.0,yahoo
GRASIM,5m,2026-09-11T11:35:00+05:30,3275.699951171875,3276.39990234375,3274.5,3274.5,7822.0,yahoo
GRASIM,5m,2026-09-11T11:40:00+05:30,3275.0,3280.10009765625,3273.5,3273.5,27392.0,yahoo
GRASIM,5m,2026-09-11T11:45:00+05:30,3273.5,3278.0,3273.0,3276.89990234375,8796.0,yahoo
GRASIM,5m,2026-09-11T11:50:00+05:30,3276.199951171875,3277.5,3275.300048828125,3275.5,2876.0,yahoo
GRASIM,5m,2026-09-11T11:55:00+05:30,3276.800048828125,3280.800048828125,3275.300048828125,3278.800048828125,2763.0,yahoo
GRASIM,5m,2026-09-11T12:00:00+05:30,3280.0,3281.5,3274.199951171875,3275.800048828125,17882.0,yahoo
GRASIM,5m,2026-09-11T12:05:00+05:30,3275.800048828125,3276.60009765625,3273.800048828125,3274.60009765625,5017.0,yahoo
GRASIM,5m,2026-09-11T12:10:00+05:30,3275.0,3275.0,3273.0,3273.89990234375,3267.0,yahoo
GRASIM,5m,2026-09-11T12:15:00+05:30,3273.89990234375,3275.0,3273.0,3274.39990234375,3074.0,yahoo
GRASIM,5m,2026-09-11T12:20:00+05:30,3274.89990234375,3274.89990234375,3272.5,3272.60009765625,4967.0,yahoo
GRASIM,5m,2026-09-11T12:25:00+05:30,3273.5,3274.39990234375,3272.60009765625,3273.10009765625,2311.0,yahoo
GRASIM,5m,2026-09-11T12:30:00+05:30,3273.5,3275.0,3272.39990234375,3273.0,2851.0,yahoo
GRASIM,5m,2026-09-11T12:35:00+05:30,3272.89990234375,3275.0,3272.60009765625,3272.60009765625,4043.0,yahoo
GRASIM,5m,2026-09-11T12:40:00+05:30,3273.300048828125,3278.0,3272.800048828125,3275.5,5444.0,yahoo
GRASIM,5m,2026-09-11T12:45:00+05:30,3276.39990234375,3277.699951171875,3275.300048828125,3275.300048828125,1853.0,yahoo
GRASIM,5m,2026-09-11T12:50:00+05:30,3275.300048828125,3279.0,3275.199951171875,3278.0,3381.0,yahoo
GRASIM,5m,2026-09-11T12:55:00+05:30,3278.0,3280.800048828125,3277.10009765625,3278.800048828125,2111.0,yahoo
GRASIM,5m,2026-09-11T13:00:00+05:30,3278.699951171875,3281.199951171875,3277.10009765625,3279.0,1928.0,yahoo
GRASIM,5m,2026-09-11T13:05:00+05:30,3278.60009765625,3279.699951171875,3275.0,3277.199951171875,4453.0,yahoo
GRASIM,5m,2026-09-11T13:10:00+05:30,3276.199951171875,3277.0,3275.0,3276.0,2576.0,yahoo
GRASIM,5m,2026-09-11T13:15:00+05:30,3276.0,3277.199951171875,3275.0,3275.0,3106.0,yahoo
GRASIM,5m,2026-09-11T13:20:00+05:30,3275.5,3275.800048828125,3273.0,3275.800048828125,3545.0,yahoo
GRASIM,5m,2026-09-11T13:25:00+05:30,3275.0,3279.0,3274.39990234375,3278.0,2929.0,yahoo
GRASIM,5m,2026-09-11T13:30:00+05:30,3277.89990234375,3280.5,3277.800048828125,3279.10009765625,2237.0,yahoo
GRASIM,5m,2026-09-11T13:35:00+05:30,3279.0,3279.0,3277.0,3277.0,5818.0,yahoo
GRASIM,5m,2026-09-11T13:40:00+05:30,3277.800048828125,3279.699951171875,3275.0,3276.5,19785.0,yahoo
GRASIM,5m,2026-09-11T13:45:00+05:30,3276.5,3278.800048828125,3275.300048828125,3275.60009765625,2337.0,yahoo
GRASIM,5m,2026-09-11T13:50:00+05:30,3275.800048828125,3280.0,3275.0,3278.300048828125,3720.0,yahoo
GRASIM,5m,2026-09-11T13:55:00+05:30,3278.300048828125,3281.5,3278.300048828125,3279.0,2788.0,yahoo
GRASIM,5m,2026-09-11T14:00:00+05:30,3279.0,3287.60009765625,3278.699951171875,3285.89990234375,6557.0,yahoo
GRASIM,5m,2026-09-11T14:05:00+05:30,3285.800048828125,3287.39990234375,3282.10009765625,3284.699951171875,4027.0,yahoo
GRASIM,5m,2026-09-11T14:10:00+05:30,3284.60009765625,3285.5,3283.60009765625,3284.5,2141.0,yahoo
GRASIM,5m,2026-09-11T14:15:00+05:30,3284.5,3284.5,3280.89990234375,3282.39990234375,3918.0,yahoo
GRASIM,5m,2026-09-11T14:20:00+05:30,3282.300048828125,3284.699951171875,3280.39990234375,3283.0,3023.0,yahoo
GRASIM,5m,2026-09-11T14:25:00+05:30,3283.0,3283.60009765625,3280.0,3283.60009765625,4681.0,yahoo
GRASIM,5m,2026-09-11T14:30:00+05:30,3283.5,3283.5,3280.0,3280.60009765625,7247.0,yahoo
GRASIM,5m,2026-09-11T14:35:00+05:30,3280.60009765625,3282.0,3279.39990234375,3280.89990234375,7375.0,yahoo
GRASIM,5m,2026-09-11T14:40:00+05:30,3280.89990234375,3282.300048828125,3279.0,3281.5,4656.0,yahoo
GRASIM,5m,2026-09-11T14:45:00+05:30,3281.5,3281.5,3279.0,3280.10009765625,7584.0,yahoo
GRASIM,5m,2026-09-11T14:50:00+05:30,3280.0,3282.10009765625,3279.0,3280.89990234375,9017.0,yahoo
GRASIM,5m,2026-09-11T14:55:00+05:30,3281.60009765625,3282.300048828125,3279.39990234375,3280.89990234375,9042.0,yahoo
GRASIM,5m,2026-09-11T15:00:00+05:30,3280.800048828125,3284.699951171875,3279.199951171875,3284.0,20566.0,yahoo
GRASIM,5m,2026-09-11T15:05:00+05:30,3284.0,3288.0,3279.39990234375,3282.300048828125,39128.0,yahoo
GRASIM,5m,2026-09-11T15:10:00+05:30,3282.699951171875,3286.10009765625,3281.0,3283.0,21908.0,yahoo
GRASIM,5m,2026-09-11T15:15:00+05:30,3283.60009765625,3283.60009765625,3281.89990234375,3281.89990234375,50677.0,yahoo
HCLTECH,5m,2026-09-11T09:15:00+05:30,1196.4000244140625,1215.699951171875,1196.4000244140625,1215.5999755859375,0.0,yahoo
HCLTECH,5m,2026-09-11T09:20:00+05:30,1215.199951171875,1218.300048828125,1201.9000244140625,1202.5,182877.0,yahoo
HCLTECH,5m,2026-09-11T09:25:00+05:30,1202.5,1203.800048828125,1196.699951171875,1203.800048828125,59175.0,yahoo
HCLTECH,5m,2026-09-11T09:30:00+05:30,1205.0,1210.0999755859375,1203.800048828125,1208.5,91334.0,yahoo
HCLTECH,5m,2026-09-11T09:35:00+05:30,1208.5,1212.4000244140625,1208.199951171875,1212.0,42321.0,yahoo
HCLTECH,5m,2026-09-11T09:40:00+05:30,1211.9000244140625,1212.5,1210.699951171875,1211.699951171875,17590.0,yahoo
HCLTECH,5m,2026-09-11T09:45:00+05:30,1212.5999755859375,1212.800048828125,1209.4000244140625,1211.0,31359.0,yahoo
HCLTECH,5m,2026-09-11T09:50:00+05:30,1210.800048828125,1210.800048828125,1208.5999755859375,1209.4000244140625,20441.0,yahoo
HCLTECH,5m,2026-09-11T09:55:00+05:30,1209.0999755859375,1209.9000244140625,1208.199951171875,1209.199951171875,13121.0,yahoo
HCLTECH,5m,2026-09-11T10:00:00+05:30,1209.300048828125,1211.199951171875,1208.5,1209.4000244140625,23391.0,yahoo
HCLTECH,5m,2026-09-11T10:05:00+05:30,1209.4000244140625,1209.5,1207.0999755859375,1209.0,31139.0,yahoo
HCLTECH,5m,2026-09-11T10:10:00+05:30,1209.0,1213.4000244140625,1207.9000244140625,1212.4000244140625,35927.0,yahoo
HCLTECH,5m,2026-09-11T10:15:00+05:30,1212.0,1213.0,1211.0,1212.699951171875,17011.0,yahoo
HCLTECH,5m,2026-09-11T10:20:00+05:30,1212.800048828125,1213.9000244140625,1212.0,1212.800048828125,21651.0,yahoo
HCLTECH,5m,2026-09-11T10:25:00+05:30,1212.800048828125,1214.5,1212.0,1213.0,22013.0,yahoo
HCLTECH,5m,2026-09-11T10:30:00+05:30,1212.800048828125,1214.4000244140625,1212.5,1212.800048828125,24312.0,yahoo
HCLTECH,5m,2026-09-11T10:35:00+05:30,1212.800048828125,1214.9000244140625,1212.5999755859375,1214.9000244140625,14157.0,yahoo
HCLTECH,5m,2026-09-11T10:40:00+05:30,1214.800048828125,1218.300048828125,1214.0999755859375,1218.300048828125,47143.0,yahoo
HCLTECH,5m,2026-09-11T10:45:00+05:30,1218.199951171875,1218.300048828125,1212.5999755859375,1214.0,32709.0,yahoo
HCLTECH,5m,2026-09-11T10:50:00+05:30,1213.5,1214.5999755859375,1213.0999755859375,1214.5999755859375,8473.0,yahoo
HCLTECH,5m,2026-09-11T10:55:00+05:30,1214.4000244140625,1214.5,1212.300048828125,1213.199951171875,11938.0,yahoo
HCLTECH,5m,2026-09-11T11:00:00+05:30,1213.5999755859375,1214.9000244140625,1213.0,1214.4000244140625,8156.0,yahoo
HCLTECH,5m,2026-09-11T11:05:00+05:30,1214.800048828125,1215.9000244140625,1214.4000244140625,1215.699951171875,9626.0,yahoo
HCLTECH,5m,2026-09-11T11:10:00+05:30,1215.699951171875,1216.9000244140625,1215.300048828125,1216.699951171875,9528.0,yahoo
HCLTECH,5m,2026-09-11T11:15:00+05:30,1216.800048828125,1218.0,1216.199951171875,1218.0,15574.0,yahoo
HCLTECH,5m,2026-09-11T11:20:00+05:30,1218.0999755859375,1218.199951171875,1215.699951171875,1216.300048828125,11236.0,yahoo
HCLTECH,5m,2026-09-11T11:25:00+05:30,1216.5,1216.699951171875,1215.699951171875,1216.699951171875,13525.0,yahoo
HCLTECH,5m,2026-09-11T11:30:00+05:30,1217.0,1218.699951171875,1216.5999755859375,1218.300048828125,16102.0,yahoo
HCLTECH,5m,2026-09-11T11:35:00+05:30,1217.699951171875,1220.300048828125,1215.699951171875,1220.0999755859375,47140.0,yahoo
HCLTECH,5m,2026-09-11T11:40:00+05:30,1220.199951171875,1222.699951171875,1218.699951171875,1219.0999755859375,38988.0,yahoo
HCLTECH,5m,2026-09-11T11:45:00+05:30,1218.9000244140625,1219.199951171875,1217.800048828125,1219.0,13045.0,yahoo
HCLTECH,5m,2026-09-11T11:50:00+05:30,1219.300048828125,1220.0,1219.0,1219.199951171875,14911.0,yahoo
HCLTECH,5m,2026-09-11T11:55:00+05:30,1219.800048828125,1222.800048828125,1219.300048828125,1222.0,37276.0,yahoo
HCLTECH,5m,2026-09-11T12:00:00+05:30,1222.199951171875,1222.300048828125,1216.199951171875,1218.300048828125,29532.0,yahoo
HCLTECH,5m,2026-09-11T12:05:00+05:30,1218.5999755859375,1218.9000244140625,1217.4000244140625,1218.0,13087.0,yahoo
HCLTECH,5m,2026-09-11T12:10:00+05:30,1217.800048828125,1218.199951171875,1216.300048828125,1217.5,22317.0,yahoo
HCLTECH,5m,2026-09-11T12:15:00+05:30,1218.5,1219.5,1217.0,1218.199951171875,52825.0,yahoo
HCLTECH,5m,2026-09-11T12:20:00+05:30,1218.5999755859375,1218.9000244140625,1217.0999755859375,1218.5999755859375,15349.0,yahoo
HCLTECH,5m,2026-09-11T12:25:00+05:30,1218.9000244140625,1220.0,1217.4000244140625,1218.9000244140625,12158.0,yahoo
HCLTECH,5m,2026-09-11T12:30:00+05:30,1218.9000244140625,1220.4000244140625,1218.4000244140625,1218.9000244140625,14328.0,yahoo
HCLTECH,5m,2026-09-11T12:35:00+05:30,1218.9000244140625,1219.800048828125,1218.5,1218.5,11196.0,yahoo
HCLTECH,5m,2026-09-11T12:40:00+05:30,1219.0999755859375,1219.5999755859375,1218.199951171875,1218.699951171875,9968.0,yahoo
HCLTECH,5m,2026-09-11T12:45:00+05:30,1218.800048828125,1220.800048828125,1218.5,1220.300048828125,23164.0,yahoo
HCLTECH,5m,2026-09-11T12:50:00+05:30,1220.4000244140625,1223.0,1220.199951171875,1222.800048828125,17590.0,yahoo
HCLTECH,5m,2026-09-11T12:55:00+05:30,1223.0,1223.0,1221.800048828125,1222.0999755859375,15398.0,yahoo
HCLTECH,5m,2026-09-11T13:00:00+05:30,1222.0999755859375,1222.9000244140625,1221.4000244140625,1221.699951171875,13483.0,yahoo
HCLTECH,5m,2026-09-11T13:05:00+05:30,1221.699951171875,1222.0,1218.199951171875,1218.5,20868.0,yahoo
HCLTECH,5m,2026-09-11T13:10:00+05:30,1218.800048828125,1219.300048828125,1217.199951171875,1218.5,14199.0,yahoo
HCLTECH,5m,2026-09-11T13:15:00+05:30,1218.5,1218.699951171875,1218.0,1218.199951171875,11259.0,yahoo
HCLTECH,5m,2026-09-11T13:20:00+05:30,1218.199951171875,1218.5,1216.5999755859375,1216.5999755859375,19158.0,yahoo
HCLTECH,5m,2026-09-11T13:25:00+05:30,1216.5,1217.199951171875,1215.4000244140625,1215.4000244140625,17990.0,yahoo
HCLTECH,5m,2026-09-11T13:30:00+05:30,1215.4000244140625,1216.0,1213.5,1213.9000244140625,43588.0,yahoo
HCLTECH,5m,2026-09-11T13:35:00+05:30,1214.4000244140625,1216.300048828125,1213.9000244140625,1215.800048828125,29926.0,yahoo
HCLTECH,5m,2026-09-11T13:40:00+05:30,1216.0,1217.699951171875,1215.800048828125,1217.199951171875,33446.0,yahoo
HCLTECH,5m,2026-09-11T13:45:00+05:30,1217.0999755859375,1218.9000244140625,1217.0,1218.4000244140625,8074.0,yahoo
HCLTECH,5m,2026-09-11T13:50:00+05:30,1218.4000244140625,1219.0,1217.0,1217.9000244140625,14770.0,yahoo
HCLTECH,5m,2026-09-11T13:55:00+05:30,1217.4000244140625,1219.5,1217.4000244140625,1217.9000244140625,12772.0,yahoo
HCLTECH,5m,2026-09-11T14:00:00+05:30,1217.9000244140625,1220.5999755859375,1217.9000244140625,1219.5999755859375,23359.0,yahoo
HCLTECH,5m,2026-09-11T14:05:00+05:30,1219.300048828125,1220.0,1218.699951171875,1218.800048828125,8380.0,yahoo
HCLTECH,5m,2026-09-11T14:10:00+05:30,1218.9000244140625,1219.5999755859375,1218.5999755859375,1219.199951171875,6651.0,yahoo
HCLTECH,5m,2026-09-11T14:15:00+05:30,1219.5,1220.9000244140625,1219.199951171875,1220.5,13313.0,yahoo
HCLTECH,5m,2026-09-11T14:20:00+05:30,1220.5999755859375,1220.5999755859375,1218.4000244140625,1219.0999755859375,16433.0,yahoo
HCLTECH,5m,2026-09-11T14:25:00+05:30,1219.0,1219.4000244140625,1217.5,1217.699951171875,35616.0,yahoo
HCLTECH,5m,2026-09-11T14:30:00+05:30,1217.5999755859375,1219.4000244140625,1217.5999755859375,1218.800048828125,47469.0,yahoo
HCLTECH,5m,2026-09-11T14:35:00+05:30,1218.699951171875,1218.699951171875,1216.699951171875,1218.4000244140625,31234.0,yahoo
HCLTECH,5m,2026-09-11T14:40:00+05:30,1218.199951171875,1219.300048828125,1217.5,1219.199951171875,45438.0,yahoo
HCLTECH,5m,2026-09-11T14:45:00+05:30,1219.5,1219.5,1216.5,1216.9000244140625,35766.0,yahoo
HCLTECH,5m,2026-09-11T14:50:00+05:30,1217.0,1217.199951171875,1215.800048828125,1216.800048828125,37964.0,yahoo
HCLTECH,5m,2026-09-11T14:55:00+05:30,1216.4000244140625,1216.4000244140625,1214.4000244140625,1214.699951171875,51365.0,yahoo
HCLTECH,5m,2026-09-11T15:00:00+05:30,1214.5999755859375,1214.699951171875,1213.0,1213.0999755859375,70796.0,yahoo
HCLTECH,5m,2026-09-11T15:05:00+05:30,1213.300048828125,1213.699951171875,1213.0,1213.4000244140625,54749.0,yahoo
HCLTECH,5m,2026-09-11T15:10:00+05:30,1213.5,1213.800048828125,1211.0,1212.300048828125,84511.0,yahoo
HCLTECH,5m,2026-09-11T15:15:00+05:30,1214.0,1214.0,1206.0999755859375,1206.0999755859375,120502.0,yahoo
HDFCBANK,5m,2026-09-11T09:15:00+05:30,683.7999877929688,685.4000244140625,682.0999755859375,685.0499877929688,0.0,yahoo
HDFCBANK,5m,2026-09-11T09:20:00+05:30,685.2000122070312,685.9500122070312,684.6500244140625,685.0499877929688,683198.0,yahoo
HDFCBANK,5m,2026-09-11T09:25:00+05:30,685.0499877929688,686.7999877929688,685.0,686.7999877929688,659072.0,yahoo
HDFCBANK,5m,2026-09-11T09:30:00+05:30,686.7999877929688,686.9000244140625,685.7999877929688,686.0999755859375,301491.0,yahoo
HDFCBANK,5m,2026-09-11T09:35:00+05:30,686.2000122070312,686.2000122070312,685.2000122070312,685.5499877929688,573395.0,yahoo
HDFCBANK,5m,2026-09-11T09:40:00+05:30,685.2999877929688,685.4000244140625,684.5499877929688,685.25,775232.0,yahoo
HDFCBANK,5m,2026-09-11T09:45:00+05:30,685.25,685.4000244140625,683.5,683.8499755859375,661450.0,yahoo
HDFCBANK,5m,2026-09-11T09:50:00+05:30,683.7999877929688,684.0499877929688,683.0999755859375,684.0499877929688,471537.0,yahoo
HDFCBANK,5m,2026-09-11T09:55:00+05:30,684.0499877929688,685.25,684.0,684.9000244140625,236871.0,yahoo
HDFCBANK,5m,2026-09-11T10:00:00+05:30,684.7999877929688,685.75,684.5,685.4000244140625,215216.0,yahoo
HDFCBANK,5m,2026-09-11T10:05:00+05:30,685.2000122070312,686.2999877929688,685.2000122070312,686.0999755859375,288035.0,yahoo
HDFCBANK,5m,2026-09-11T10:10:00+05:30,686.0999755859375,686.0999755859375,685.2000122070312,685.6500244140625,166929.0,yahoo
HDFCBANK,5m,2026-09-11T10:15:00+05:30,685.75,686.0,685.2999877929688,685.6500244140625,159608.0,yahoo
HDFCBANK,5m,2026-09-11T10:20:00+05:30,685.5499877929688,685.75,685.0999755859375,685.0999755859375,189337.0,yahoo
HDFCBANK,5m,2026-09-11T10:25:00+05:30,685.1500244140625,685.1500244140625,684.2000122070312,684.7999877929688,279841.0,yahoo
HDFCBANK,5m,2026-09-11T10:30:00+05:30,684.75,685.4000244140625,684.4000244140625,685.1500244140625,197283.0,yahoo
HDFCBANK,5m,2026-09-11T10:35:00+05:30,684.9000244140625,685.8499755859375,684.7000122070312,685.7999877929688,161799.0,yahoo
HDFCBANK,5m,2026-09-11T10:40:00+05:30,685.7999877929688,685.9000244140625,685.5999755859375,685.8499755859375,142137.0,yahoo
HDFCBANK,5m,2026-09-11T10:45:00+05:30,685.7999877929688,686.2000122070312,685.1500244140625,685.2000122070312,254279.0,yahoo
HDFCBANK,5m,2026-09-11T10:50:00+05:30,685.2999877929688,685.5,685.0,685.3499755859375,147469.0,yahoo
HDFCBANK,5m,2026-09-11T10:55:00+05:30,685.4000244140625,685.4000244140625,685.0,685.2000122070312,102796.0,yahoo
HDFCBANK,5m,2026-09-11T11:00:00+05:30,685.2000122070312,686.0,685.2000122070312,685.2000122070312,276348.0,yahoo
HDFCBANK,5m,2026-09-11T11:05:00+05:30,685.2000122070312,686.0999755859375,685.0,686.0999755859375,140985.0,yahoo
HDFCBANK,5m,2026-09-11T11:10:00+05:30,686.1500244140625,687.5,686.0,687.2000122070312,290216.0,yahoo
HDFCBANK,5m,2026-09-11T11:15:00+05:30,687.25,687.2999877929688,686.3499755859375,687.0999755859375,214753.0,yahoo
HDFCBANK,5m,2026-09-11T11:20:00+05:30,687.2000122070312,687.4500122070312,686.9000244140625,687.1500244140625,142029.0,yahoo
HDFCBANK,5m,2026-09-11T11:25:00+05:30,687.2000122070312,687.2000122070312,686.5,686.5,131675.0,yahoo
HDFCBANK,5m,2026-09-11T11:30:00+05:30,686.5499877929688,686.9000244140625,686.1500244140625,686.7999877929688,123281.0,yahoo
HDFCBANK,5m,2026-09-11T11:35:00+05:30,686.8499755859375,686.8499755859375,685.75,686.25,343271.0,yahoo
HDFCBANK,5m,2026-09-11T11:40:00+05:30,686.25,687.0,686.1500244140625,686.75,129702.0,yahoo
HDFCBANK,5m,2026-09-11T11:45:00+05:30,686.75,686.7999877929688,685.7000122070312,685.7999877929688,128894.0,yahoo
HDFCBANK,5m,2026-09-11T11:50:00+05:30,685.8499755859375,686.3499755859375,685.25,685.7000122070312,128971.0,yahoo
HDFCBANK,5m,2026-09-11T11:55:00+05:30,685.6500244140625,685.9000244140625,685.1500244140625,685.3499755859375,134258.0,yahoo
HDFCBANK,5m,2026-09-11T12:00:00+05:30,685.4000244140625,685.5999755859375,685.3499755859375,685.4500122070312,204583.0,yahoo
HDFCBANK,5m,2026-09-11T12:05:00+05:30,685.4500122070312,685.5499877929688,685.0,685.0499877929688,176539.0,yahoo
HDFCBANK,5m,2026-09-11T12:10:00+05:30,685.0,685.0999755859375,683.9000244140625,684.1500244140625,454713.0,yahoo
HDFCBANK,5m,2026-09-11T12:15:00+05:30,684.0999755859375,684.25,684.0,684.0,149306.0,yahoo
HDFCBANK,5m,2026-09-11T12:20:00+05:30,684.0499877929688,684.5,683.7000122070312,684.5,164991.0,yahoo
HDFCBANK,5m,2026-09-11T12:25:00+05:30,684.4500122070312,684.5999755859375,684.2999877929688,684.4000244140625,138278.0,yahoo
HDFCBANK,5m,2026-09-11T12:30:00+05:30,684.4000244140625,686.0999755859375,684.4000244140625,686.0,211054.0,yahoo
HDFCBANK,5m,2026-09-11T12:35:00+05:30,686.0,686.4500122070312,685.4500122070312,685.9000244140625,314079.0,yahoo
HDFCBANK,5m,2026-09-11T12:40:00+05:30,685.8499755859375,686.9000244140625,685.8499755859375,686.7000122070312,222924.0,yahoo
HDFCBANK,5m,2026-09-11T12:45:00+05:30,686.7000122070312,687.1500244140625,686.25,686.7000122070312,206132.0,yahoo
HDFCBANK,5m,2026-09-11T12:50:00+05:30,686.7000122070312,687.0,686.5,686.9500122070312,122832.0,yahoo
HDFCBANK,5m,2026-09-11T12:55:00+05:30,686.9500122070312,688.25,686.9000244140625,688.0,351407.0,yahoo
HDFCBANK,5m,2026-09-11T13:00:00+05:30,688.0499877929688,688.0499877929688,686.7999877929688,687.0499877929688,272672.0,yahoo
HDFCBANK,5m,2026-09-11T13:05:00+05:30,687.0499877929688,687.5,686.7999877929688,687.2999877929688,211194.0,yahoo
HDFCBANK,5m,2026-09-11T13:10:00+05:30,687.2999877929688,687.2999877929688,686.1500244140625,686.7000122070312,263101.0,yahoo
HDFCBANK,5m,2026-09-11T13:15:00+05:30,686.75,687.0,686.2999877929688,686.4000244140625,262084.0,yahoo
HDFCBANK,5m,2026-09-11T13:20:00+05:30,686.4000244140625,687.9000244140625,686.2999877929688,687.6500244140625,204355.0,yahoo
HDFCBANK,5m,2026-09-11T13:25:00+05:30,687.8499755859375,692.0499877929688,687.6500244140625,691.7000122070312,793675.0,yahoo
HDFCBANK,5m,2026-09-11T13:30:00+05:30,691.7000122070312,692.0499877929688,690.25,691.4500122070312,535196.0,yahoo
HDFCBANK,5m,2026-09-11T13:35:00+05:30,691.4500122070312,691.75,690.7000122070312,691.1500244140625,536989.0,yahoo
HDFCBANK,5m,2026-09-11T13:40:00+05:30,691.1500244140625,693.5999755859375,690.5,693.0999755859375,571641.0,yahoo
HDFCBANK,5m,2026-09-11T13:45:00+05:30,693.0499877929688,694.2000122070312,691.3499755859375,694.1500244140625,444871.0,yahoo
HDFCBANK,5m,2026-09-11T13:50:00+05:30,694.1500244140625,697.7999877929688,694.1500244140625,695.7000122070312,756070.0,yahoo
HDFCBANK,5m,2026-09-11T13:55:00+05:30,695.5,701.9500122070312,695.5,701.6500244140625,1401178.0,yahoo
HDFCBANK,5m,2026-09-11T14:00:00+05:30,701.5999755859375,706.1500244140625,700.9000244140625,705.25,1403422.0,yahoo
HDFCBANK,5m,2026-09-11T14:05:00+05:30,705.4000244140625,705.5499877929688,701.5,704.0999755859375,634017.0,yahoo
HDFCBANK,5m,2026-09-11T14:10:00+05:30,703.8499755859375,704.0,702.2000122070312,703.25,265008.0,yahoo
HDFCBANK,5m,2026-09-11T14:15:00+05:30,703.25,703.3499755859375,699.2999877929688,699.4000244140625,525820.0,yahoo
HDFCBANK,5m,2026-09-11T14:20:00+05:30,699.4000244140625,700.25,698.9000244140625,700.0999755859375,363374.0,yahoo
HDFCBANK,5m,2026-09-11T14:25:00+05:30,700.0999755859375,703.0,699.6500244140625,702.5999755859375,411967.0,yahoo
HDFCBANK,5m,2026-09-11T14:30:00+05:30,702.7000122070312,703.5499877929688,701.0,703.25,311588.0,yahoo
HDFCBANK,5m,2026-09-11T14:35:00+05:30,703.5999755859375,707.5999755859375,702.7000122070312,704.1500244140625,981376.0,yahoo
HDFCBANK,5m,2026-09-11T14:40:00+05:30,704.0,704.5499877929688,703.2999877929688,704.4000244140625,277663.0,yahoo
HDFCBANK,5m,2026-09-11T14:45:00+05:30,704.4000244140625,706.2999877929688,703.9000244140625,705.4500122070312,958468.0,yahoo
HDFCBANK,5m,2026-09-11T14:50:00+05:30,705.5,706.75,704.4500122070312,705.3499755859375,655039.0,yahoo
HDFCBANK,5m,2026-09-11T14:55:00+05:30,705.5,706.8499755859375,705.0499877929688,705.0499877929688,529980.0,yahoo
HDFCBANK,5m,2026-09-11T15:00:00+05:30,705.1500244140625,705.7999877929688,704.7999877929688,705.4000244140625,453826.0,yahoo
HDFCBANK,5m,2026-09-11T15:05:00+05:30,705.4500122070312,707.75,703.9500122070312,707.4500122070312,715479.0,yahoo
HDFCBANK,5m,2026-09-11T15:10:00+05:30,707.2999877929688,709.0,707.2999877929688,708.5999755859375,989641.0,yahoo
HDFCBANK,5m,2026-09-11T15:15:00+05:30,708.5,708.5,708.25,708.25,1084957.0,yahoo
HDFCLIFE,5m,2026-09-11T09:15:00+05:30,521.7000122070312,521.9500122070312,520.0499877929688,521.9500122070312,0.0,yahoo
HDFCLIFE,5m,2026-09-11T09:20:00+05:30,521.7000122070312,521.7000122070312,519.0999755859375,519.75,25565.0,yahoo
HDFCLIFE,5m,2026-09-11T09:25:00+05:30,519.7999877929688,520.9000244140625,519.7999877929688,520.5999755859375,47348.0,yahoo
HDFCLIFE,5m,2026-09-11T09:30:00+05:30,520.7999877929688,520.7999877929688,518.2999877929688,519.5499877929688,79616.0,yahoo
HDFCLIFE,5m,2026-09-11T09:35:00+05:30,519.6500244140625,520.25,519.3499755859375,519.5,15876.0,yahoo
HDFCLIFE,5m,2026-09-11T09:40:00+05:30,519.25,519.8499755859375,518.7999877929688,519.6500244140625,18409.0,yahoo
HDFCLIFE,5m,2026-09-11T09:45:00+05:30,519.6500244140625,520.2000122070312,519.4000244140625,520.1500244140625,11050.0,yahoo
HDFCLIFE,5m,2026-09-11T09:50:00+05:30,520.2000122070312,520.7999877929688,520.2000122070312,520.7999877929688,16788.0,yahoo
HDFCLIFE,5m,2026-09-11T09:55:00+05:30,520.7999877929688,521.2999877929688,520.1500244140625,520.75,29161.0,yahoo
HDFCLIFE,5m,2026-09-11T10:00:00+05:30,521.0,522.2000122070312,520.8499755859375,521.7000122070312,23006.0,yahoo
HDFCLIFE,5m,2026-09-11T10:05:00+05:30,521.7000122070312,522.1500244140625,521.5,521.75,49171.0,yahoo
HDFCLIFE,5m,2026-09-11T10:10:00+05:30,521.7000122070312,522.3499755859375,521.5499877929688,521.9000244140625,13459.0,yahoo
HDFCLIFE,5m,2026-09-11T10:15:00+05:30,521.6500244140625,522.0999755859375,521.6500244140625,522.0999755859375,12419.0,yahoo
HDFCLIFE,5m,2026-09-11T10:20:00+05:30,522.0999755859375,522.5,521.5499877929688,521.75,16049.0,yahoo
HDFCLIFE,5m,2026-09-11T10:25:00+05:30,521.7000122070312,521.7000122070312,520.2000122070312,521.4000244140625,23318.0,yahoo
HDFCLIFE,5m,2026-09-11T10:30:00+05:30,521.3499755859375,521.3499755859375,520.9000244140625,521.25,8909.0,yahoo
HDFCLIFE,5m,2026-09-11T10:35:00+05:30,521.2000122070312,521.4000244140625,521.0999755859375,521.4000244140625,7142.0,yahoo
HDFCLIFE,5m,2026-09-11T10:40:00+05:30,521.4500122070312,522.0,521.1500244140625,522.0,16252.0,yahoo
HDFCLIFE,5m,2026-09-11T10:45:00+05:30,522.0,522.5499877929688,521.2999877929688,521.4500122070312,10278.0,yahoo
HDFCLIFE,5m,2026-09-11T10:50:00+05:30,521.4500122070312,521.4500122070312,520.7000122070312,521.0,7556.0,yahoo
HDFCLIFE,5m,2026-09-11T10:55:00+05:30,521.2000122070312,521.25,520.25,520.4000244140625,12285.0,yahoo
HDFCLIFE,5m,2026-09-11T11:00:00+05:30,520.5999755859375,521.3499755859375,520.5,521.25,10012.0,yahoo
HDFCLIFE,5m,2026-09-11T11:05:00+05:30,521.25,525.7000122070312,521.0499877929688,525.5999755859375,244995.0,yahoo
HDFCLIFE,5m,2026-09-11T11:10:00+05:30,525.5499877929688,526.7999877929688,525.1500244140625,526.1500244140625,205480.0,yahoo
HDFCLIFE,5m,2026-09-11T11:15:00+05:30,526.3499755859375,526.3499755859375,525.2000122070312,526.1500244140625,23997.0,yahoo
HDFCLIFE,5m,2026-09-11T11:20:00+05:30,526.2000122070312,526.2000122070312,525.3499755859375,526.0,7500.0,yahoo
HDFCLIFE,5m,2026-09-11T11:25:00+05:30,525.9500122070312,526.0,525.0,526.0,85453.0,yahoo
HDFCLIFE,5m,2026-09-11T11:30:00+05:30,526.0,526.25,525.6500244140625,525.6500244140625,16467.0,yahoo
HDFCLIFE,5m,2026-09-11T11:35:00+05:30,525.6500244140625,526.2999877929688,525.5,526.25,9126.0,yahoo
HDFCLIFE,5m,2026-09-11T11:40:00+05:30,526.0,526.5,525.7999877929688,526.2000122070312,13977.0,yahoo
HDFCLIFE,5m,2026-09-11T11:45:00+05:30,526.2000122070312,526.25,525.0499877929688,525.25,20052.0,yahoo
HDFCLIFE,5m,2026-09-11T11:50:00+05:30,525.5,525.7999877929688,524.5999755859375,525.5499877929688,391535.0,yahoo
HDFCLIFE,5m,2026-09-11T11:55:00+05:30,524.8499755859375,525.0499877929688,524.2000122070312,524.5,49303.0,yahoo
HDFCLIFE,5m,2026-09-11T12:00:00+05:30,524.2999877929688,526.5,523.8499755859375,526.4500122070312,228665.0,yahoo
HDFCLIFE,5m,2026-09-11T12:05:00+05:30,526.4500122070312,527.6500244140625,525.7999877929688,527.5,247293.0,yahoo
HDFCLIFE,5m,2026-09-11T12:10:00+05:30,527.4000244140625,527.5,526.6500244140625,526.6500244140625,41651.0,yahoo
HDFCLIFE,5m,2026-09-11T12:15:00+05:30,526.9000244140625,527.4500122070312,526.3499755859375,527.4000244140625,32103.0,yahoo
HDFCLIFE,5m,2026-09-11T12:20:00+05:30,527.4000244140625,527.4000244140625,526.7000122070312,527.25,23399.0,yahoo
HDFCLIFE,5m,2026-09-11T12:25:00+05:30,527.25,527.4500122070312,527.0,527.3499755859375,24841.0,yahoo
HDFCLIFE,5m,2026-09-11T12:30:00+05:30,527.4500122070312,528.0,527.25,528.0,22003.0,yahoo
HDFCLIFE,5m,2026-09-11T12:35:00+05:30,528.0,528.5499877929688,527.5999755859375,527.8499755859375,83456.0,yahoo
HDFCLIFE,5m,2026-09-11T12:40:00+05:30,527.8499755859375,528.2999877929688,527.5499877929688,527.7999877929688,27081.0,yahoo
HDFCLIFE,5m,2026-09-11T12:45:00+05:30,527.7999877929688,527.8499755859375,527.2000122070312,527.25,16550.0,yahoo
HDFCLIFE,5m,2026-09-11T12:50:00+05:30,527.25,527.8499755859375,527.1500244140625,527.8499755859375,44603.0,yahoo
HDFCLIFE,5m,2026-09-11T12:55:00+05:30,527.9000244140625,528.6500244140625,527.7000122070312,528.3499755859375,34392.0,yahoo
HDFCLIFE,5m,2026-09-11T13:00:00+05:30,528.4000244140625,528.75,528.0999755859375,528.2000122070312,36509.0,yahoo
HDFCLIFE,5m,2026-09-11T13:05:00+05:30,528.2999877929688,528.8499755859375,528.0,528.75,29628.0,yahoo
HDFCLIFE,5m,2026-09-11T13:10:00+05:30,528.75,528.8499755859375,528.1500244140625,528.5999755859375,42231.0,yahoo
HDFCLIFE,5m,2026-09-11T13:15:00+05:30,528.5999755859375,528.5999755859375,528.0,528.4000244140625,25430.0,yahoo
HDFCLIFE,5m,2026-09-11T13:20:00+05:30,528.4000244140625,528.4500122070312,527.4000244140625,527.9500122070312,59957.0,yahoo
HDFCLIFE,5m,2026-09-11T13:25:00+05:30,528.0,528.5499877929688,527.6500244140625,528.2999877929688,55871.0,yahoo
HDFCLIFE,5m,2026-09-11T13:30:00+05:30,528.4000244140625,528.7999877929688,528.2999877929688,528.5499877929688,40029.0,yahoo
HDFCLIFE,5m,2026-09-11T13:35:00+05:30,528.5499877929688,528.9000244140625,527.9500122070312,528.0,143389.0,yahoo
HDFCLIFE,5m,2026-09-11T13:40:00+05:30,528.0,528.2999877929688,527.2000122070312,528.0999755859375,45760.0,yahoo
HDFCLIFE,5m,2026-09-11T13:45:00+05:30,528.0999755859375,528.1500244140625,527.4500122070312,527.9000244140625,18476.0,yahoo
HDFCLIFE,5m,2026-09-11T13:50:00+05:30,527.9000244140625,528.8499755859375,527.7000122070312,528.3499755859375,38790.0,yahoo
HDFCLIFE,5m,2026-09-11T13:55:00+05:30,528.3499755859375,529.0499877929688,528.2999877929688,528.3499755859375,27508.0,yahoo
HDFCLIFE,5m,2026-09-11T14:00:00+05:30,528.5,529.5,528.5,529.0,36955.0,yahoo
HDFCLIFE,5m,2026-09-11T14:05:00+05:30,528.7999877929688,529.0,527.9000244140625,528.6500244140625,44407.0,yahoo
HDFCLIFE,5m,2026-09-11T14:10:00+05:30,528.7000122070312,529.6500244140625,528.6500244140625,529.6500244140625,41536.0,yahoo
HDFCLIFE,5m,2026-09-11T14:15:00+05:30,529.6500244140625,529.7000122070312,529.2000122070312,529.5,32441.0,yahoo
HDFCLIFE,5m,2026-09-11T14:20:00+05:30,529.5,530.1500244140625,528.6500244140625,530.1500244140625,67109.0,yahoo
HDFCLIFE,5m,2026-09-11T14:25:00+05:30,530.25,530.2999877929688,529.7999877929688,530.1500244140625,27139.0,yahoo
HDFCLIFE,5m,2026-09-11T14:30:00+05:30,530.1500244140625,530.5999755859375,529.9500122070312,530.0499877929688,31012.0,yahoo
HDFCLIFE,5m,2026-09-11T14:35:00+05:30,530.0499877929688,530.25,529.5499877929688,529.7999877929688,124992.0,yahoo
HDFCLIFE,5m,2026-09-11T14:40:00+05:30,529.7999877929688,529.9000244140625,529.4000244140625,529.5499877929688,30520.0,yahoo
HDFCLIFE,5m,2026-09-11T14:45:00+05:30,529.5,529.5499877929688,529.0999755859375,529.4000244140625,71421.0,yahoo
HDFCLIFE,5m,2026-09-11T14:50:00+05:30,529.4000244140625,529.75,529.1500244140625,529.7000122070312,64978.0,yahoo
HDFCLIFE,5m,2026-09-11T14:55:00+05:30,529.5499877929688,531.0499877929688,529.2999877929688,531.0499877929688,111551.0,yahoo
HDFCLIFE,5m,2026-09-11T15:00:00+05:30,531.0499877929688,531.0999755859375,530.0499877929688,530.0499877929688,48274.0,yahoo
HDFCLIFE,5m,2026-09-11T15:05:00+05:30,530.0,530.1500244140625,529.75,530.0,48472.0,yahoo
HDFCLIFE,5m,2026-09-11T15:10:00+05:30,530.0,530.7000122070312,529.2999877929688,530.0,119213.0,yahoo
HDFCLIFE,5m,2026-09-11T15:15:00+05:30,528.2999877929688,530.0,528.2999877929688,530.0,226324.0,yahoo
HEROMOTOCO,5m,2026-09-11T09:15:00+05:30,5213.5,5218.0,5196.5,5206.0,0.0,yahoo
HEROMOTOCO,5m,2026-09-11T09:20:00+05:30,5201.0,5205.0,5186.5,5203.0,5829.0,yahoo
HEROMOTOCO,5m,2026-09-11T09:25:00+05:30,5202.0,5208.5,5200.0,5202.0,3169.0,yahoo
HEROMOTOCO,5m,2026-09-11T09:30:00+05:30,5201.0,5208.0,5196.0,5206.0,5074.0,yahoo
HEROMOTOCO,5m,2026-09-11T09:35:00+05:30,5206.0,5207.5,5187.5,5189.5,4691.0,yahoo
HEROMOTOCO,5m,2026-09-11T09:40:00+05:30,5191.0,5202.5,5187.0,5199.5,6395.0,yahoo
HEROMOTOCO,5m,2026-09-11T09:45:00+05:30,5200.0,5202.0,5194.5,5202.0,2796.0,yahoo
HEROMOTOCO,5m,2026-09-11T09:50:00+05:30,5202.0,5205.0,5195.0,5196.0,2535.0,yahoo
HEROMOTOCO,5m,2026-09-11T09:55:00+05:30,5196.0,5200.0,5195.0,5199.0,8390.0,yahoo
HEROMOTOCO,5m,2026-09-11T10:00:00+05:30,5200.0,5201.0,5196.5,5197.0,2050.0,yahoo
HEROMOTOCO,5m,2026-09-11T10:05:00+05:30,5196.5,5209.0,5196.5,5209.0,2466.0,yahoo
HEROMOTOCO,5m,2026-09-11T10:10:00+05:30,5208.0,5209.5,5203.0,5207.5,1867.0,yahoo
HEROMOTOCO,5m,2026-09-11T10:15:00+05:30,5205.5,5214.0,5195.5,5210.0,10705.0,yahoo
HEROMOTOCO,5m,2026-09-11T10:20:00+05:30,5212.0,5227.0,5212.0,5220.0,10282.0,yahoo
HEROMOTOCO,5m,2026-09-11T10:25:00+05:30,5222.0,5222.5,5209.5,5215.0,1610.0,yahoo
HEROMOTOCO,5m,2026-09-11T10:30:00+05:30,5213.0,5219.0,5212.5,5213.5,772.0,yahoo
HEROMOTOCO,5m,2026-09-11T10:35:00+05:30,5214.0,5221.5,5213.5,5215.0,1512.0,yahoo
HEROMOTOCO,5m,2026-09-11T10:40:00+05:30,5217.5,5225.0,5215.0,5224.5,1609.0,yahoo
HEROMOTOCO,5m,2026-09-11T10:45:00+05:30,5222.0,5226.5,5220.0,5222.5,1174.0,yahoo
HEROMOTOCO,5m,2026-09-11T10:50:00+05:30,5224.0,5224.0,5213.5,5216.5,1192.0,yahoo
HEROMOTOCO,5m,2026-09-11T10:55:00+05:30,5215.0,5218.0,5215.0,5218.0,689.0,yahoo
HEROMOTOCO,5m,2026-09-11T11:00:00+05:30,5220.0,5223.5,5215.0,5216.5,826.0,yahoo
HEROMOTOCO,5m,2026-09-11T11:05:00+05:30,5216.0,5220.5,5215.5,5220.0,815.0,yahoo
HEROMOTOCO,5m,2026-09-11T11:10:00+05:30,5218.0,5236.0,5218.0,5235.0,2372.0,yahoo
HEROMOTOCO,5m,2026-09-11T11:15:00+05:30,5235.0,5235.0,5228.0,5228.0,1016.0,yahoo
HEROMOTOCO,5m,2026-09-11T11:20:00+05:30,5227.5,5232.0,5224.5,5232.0,1695.0,yahoo
HEROMOTOCO,5m,2026-09-11T11:25:00+05:30,5232.0,5232.5,5226.0,5230.5,2118.0,yahoo
HEROMOTOCO,5m,2026-09-11T11:30:00+05:30,5232.5,5236.0,5230.0,5235.5,1405.0,yahoo
HEROMOTOCO,5m,2026-09-11T11:35:00+05:30,5233.5,5237.0,5233.5,5235.0,611.0,yahoo
HEROMOTOCO,5m,2026-09-11T11:40:00+05:30,5235.5,5236.0,5234.0,5236.0,772.0,yahoo
HEROMOTOCO,5m,2026-09-11T11:45:00+05:30,5236.0,5242.5,5235.5,5240.0,2113.0,yahoo
HEROMOTOCO,5m,2026-09-11T11:50:00+05:30,5239.0,5240.0,5237.0,5240.0,630.0,yahoo
HEROMOTOCO,5m,2026-09-11T11:55:00+05:30,5239.5,5240.0,5231.0,5233.5,1154.0,yahoo
HEROMOTOCO,5m,2026-09-11T12:00:00+05:30,5233.5,5234.0,5230.5,5232.5,732.0,yahoo
HEROMOTOCO,5m,2026-09-11T12:05:00+05:30,5233.5,5234.0,5230.5,5233.0,744.0,yahoo
HEROMOTOCO,5m,2026-09-11T12:10:00+05:30,5233.0,5238.5,5233.0,5236.5,1925.0,yahoo
HEROMOTOCO,5m,2026-09-11T12:15:00+05:30,5235.5,5239.5,5235.0,5239.0,662.0,yahoo
HEROMOTOCO,5m,2026-09-11T12:20:00+05:30,5236.0,5239.5,5235.0,5237.5,709.0,yahoo
HEROMOTOCO,5m,2026-09-11T12:25:00+05:30,5236.0,5237.5,5235.0,5236.0,827.0,yahoo
HEROMOTOCO,5m,2026-09-11T12:30:00+05:30,5235.0,5239.0,5235.0,5236.5,591.0,yahoo
HEROMOTOCO,5m,2026-09-11T12:35:00+05:30,5235.5,5238.5,5235.0,5238.0,526.0,yahoo
HEROMOTOCO,5m,2026-09-11T12:40:00+05:30,5235.5,5242.0,5235.5,5239.5,1627.0,yahoo
HEROMOTOCO,5m,2026-09-11T12:45:00+05:30,5240.0,5240.5,5237.0,5238.0,619.0,yahoo
HEROMOTOCO,5m,2026-09-11T12:50:00+05:30,5237.0,5238.0,5235.0,5236.5,1918.0,yahoo
HEROMOTOCO,5m,2026-09-11T12:55:00+05:30,5236.0,5238.0,5235.5,5236.0,1083.0,yahoo
HEROMOTOCO,5m,2026-09-11T13:00:00+05:30,5237.5,5237.5,5230.5,5235.0,13948.0,yahoo
HEROMOTOCO,5m,2026-09-11T13:05:00+05:30,5232.0,5238.0,5225.0,5232.0,33161.0,yahoo
HEROMOTOCO,5m,2026-09-11T13:10:00+05:30,5232.0,5235.0,5230.0,5232.0,1154.0,yahoo
HEROMOTOCO,5m,2026-09-11T13:15:00+05:30,5233.0,5239.0,5231.5,5232.0,8689.0,yahoo
HEROMOTOCO,5m,2026-09-11T13:20:00+05:30,5232.0,5235.0,5231.5,5233.0,1761.0,yahoo
HEROMOTOCO,5m,2026-09-11T13:25:00+05:30,5234.0,5234.0,5232.0,5233.0,736.0,yahoo
HEROMOTOCO,5m,2026-09-11T13:30:00+05:30,5232.5,5236.0,5232.5,5233.5,1472.0,yahoo
HEROMOTOCO,5m,2026-09-11T13:35:00+05:30,5233.5,5233.5,5227.0,5229.0,1516.0,yahoo
HEROMOTOCO,5m,2026-09-11T13:40:00+05:30,5228.0,5230.0,5221.0,5224.5,1836.0,yahoo
HEROMOTOCO,5m,2026-09-11T13:45:00+05:30,5226.5,5227.5,5225.0,5227.5,1389.0,yahoo
HEROMOTOCO,5m,2026-09-11T13:50:00+05:30,5226.0,5236.5,5226.0,5233.5,1218.0,yahoo
HEROMOTOCO,5m,2026-09-11T13:55:00+05:30,5232.0,5237.0,5230.0,5233.5,1029.0,yahoo
HEROMOTOCO,5m,2026-09-11T14:00:00+05:30,5232.0,5240.0,5231.5,5238.5,3352.0,yahoo
HEROMOTOCO,5m,2026-09-11T14:05:00+05:30,5237.0,5238.5,5233.5,5233.5,642.0,yahoo
HEROMOTOCO,5m,2026-09-11T14:10:00+05:30,5231.5,5236.5,5229.5,5236.5,948.0,yahoo
HEROMOTOCO,5m,2026-09-11T14:15:00+05:30,5235.0,5236.5,5232.0,5235.0,919.0,yahoo
HEROMOTOCO,5m,2026-09-11T14:20:00+05:30,5234.0,5234.0,5232.0,5234.0,654.0,yahoo
HEROMOTOCO,5m,2026-09-11T14:25:00+05:30,5233.5,5237.0,5232.5,5233.0,655.0,yahoo
HEROMOTOCO,5m,2026-09-11T14:30:00+05:30,5234.0,5239.5,5233.0,5236.5,2495.0,yahoo
HEROMOTOCO,5m,2026-09-11T14:35:00+05:30,5235.5,5240.0,5235.5,5238.0,2214.0,yahoo
HEROMOTOCO,5m,2026-09-11T14:40:00+05:30,5239.0,5240.0,5235.0,5237.0,800.0,yahoo
HEROMOTOCO,5m,2026-09-11T14:45:00+05:30,5235.5,5236.5,5230.0,5230.0,1328.0,yahoo
HEROMOTOCO,5m,2026-09-11T14:50:00+05:30,5230.0,5235.5,5227.5,5233.0,9433.0,yahoo
HEROMOTOCO,5m,2026-09-11T14:55:00+05:30,5233.0,5235.0,5230.5,5235.0,4878.0,yahoo
HEROMOTOCO,5m,2026-09-11T15:00:00+05:30,5235.0,5236.0,5226.0,5226.0,11197.0,yahoo
HEROMOTOCO,5m,2026-09-11T15:05:00+05:30,5227.5,5228.5,5221.5,5226.5,4735.0,yahoo
HEROMOTOCO,5m,2026-09-11T15:10:00+05:30,5228.5,5241.0,5224.5,5238.0,10587.0,yahoo
HEROMOTOCO,5m,2026-09-11T15:15:00+05:30,5234.5,5234.5,5221.5,5221.5,11915.0,yahoo
HINDALCO,5m,2026-09-11T09:15:00+05:30,986.0,986.0,973.7000122070312,975.5,0.0,yahoo
HINDALCO,5m,2026-09-11T09:20:00+05:30,975.0999755859375,976.5,973.0999755859375,975.9000244140625,210235.0,yahoo
HINDALCO,5m,2026-09-11T09:25:00+05:30,975.9000244140625,979.0,975.7999877929688,978.0,108573.0,yahoo
HINDALCO,5m,2026-09-11T09:30:00+05:30,978.2999877929688,979.2999877929688,976.2999877929688,977.0999755859375,156596.0,yahoo
HINDALCO,5m,2026-09-11T09:35:00+05:30,977.4000244140625,978.7999877929688,977.4000244140625,978.0,30092.0,yahoo
HINDALCO,5m,2026-09-11T09:40:00+05:30,978.0,978.0,976.4000244140625,976.4000244140625,47976.0,yahoo
HINDALCO,5m,2026-09-11T09:45:00+05:30,976.0999755859375,977.0999755859375,975.2999877929688,976.7000122070312,45029.0,yahoo
HINDALCO,5m,2026-09-11T09:50:00+05:30,977.0,978.0,975.7999877929688,976.9000244140625,40915.0,yahoo
HINDALCO,5m,2026-09-11T09:55:00+05:30,976.7000122070312,979.5,976.7000122070312,978.4000244140625,30488.0,yahoo
HINDALCO,5m,2026-09-11T10:00:00+05:30,978.5,978.9000244140625,978.0999755859375,978.7999877929688,22355.0,yahoo
HINDALCO,5m,2026-09-11T10:05:00+05:30,978.5,980.2999877929688,977.9000244140625,979.5,64337.0,yahoo
HINDALCO,5m,2026-09-11T10:10:00+05:30,979.4000244140625,982.0,978.7000122070312,981.7000122070312,56740.0,yahoo
HINDALCO,5m,2026-09-11T10:15:00+05:30,981.7000122070312,982.0,980.4000244140625,981.9000244140625,50594.0,yahoo
HINDALCO,5m,2026-09-11T10:20:00+05:30,981.2000122070312,984.5999755859375,981.2000122070312,984.5,160126.0,yahoo
HINDALCO,5m,2026-09-11T10:25:00+05:30,984.5,985.2999877929688,983.7999877929688,985.2000122070312,239048.0,yahoo
HINDALCO,5m,2026-09-11T10:30:00+05:30,985.2000122070312,986.7999877929688,985.0,986.7999877929688,105251.0,yahoo
HINDALCO,5m,2026-09-11T10:35:00+05:30,986.5999755859375,988.4000244140625,986.5999755859375,987.7000122070312,54921.0,yahoo
HINDALCO,5m,2026-09-11T10:40:00+05:30,988.0,988.5999755859375,986.7999877929688,988.2999877929688,28365.0,yahoo
HINDALCO,5m,2026-09-11T10:45:00+05:30,988.5999755859375,989.9000244140625,987.5999755859375,989.9000244140625,41844.0,yahoo
HINDALCO,5m,2026-09-11T10:50:00+05:30,989.5999755859375,989.7000122070312,986.2000122070312,986.4000244140625,64728.0,yahoo
HINDALCO,5m,2026-09-11T10:55:00+05:30,986.5999755859375,986.5999755859375,984.7000122070312,985.9000244140625,140229.0,yahoo
HINDALCO,5m,2026-09-11T11:00:00+05:30,985.9000244140625,986.7000122070312,985.0,985.2000122070312,102815.0,yahoo
HINDALCO,5m,2026-09-11T11:05:00+05:30,985.2000122070312,986.0,985.0,985.7000122070312,28426.0,yahoo
HINDALCO,5m,2026-09-11T11:10:00+05:30,985.4000244140625,987.4000244140625,985.4000244140625,986.9000244140625,74729.0,yahoo
HINDALCO,5m,2026-09-11T11:15:00+05:30,986.7000122070312,987.9000244140625,986.0999755859375,986.5999755859375,57424.0,yahoo
HINDALCO,5m,2026-09-11T11:20:00+05:30,986.7000122070312,987.4000244140625,986.5,987.4000244140625,116062.0,yahoo
HINDALCO,5m,2026-09-11T11:25:00+05:30,987.4000244140625,987.5999755859375,985.4000244140625,985.9000244140625,110745.0,yahoo
HINDALCO,5m,2026-09-11T11:30:00+05:30,986.0,986.0,985.0999755859375,985.7999877929688,16895.0,yahoo
HINDALCO,5m,2026-09-11T11:35:00+05:30,985.9000244140625,985.9000244140625,983.5999755859375,984.5999755859375,119100.0,yahoo
HINDALCO,5m,2026-09-11T11:40:00+05:30,984.5,985.2000122070312,984.5,985.0,12372.0,yahoo
HINDALCO,5m,2026-09-11T11:45:00+05:30,985.0999755859375,985.2000122070312,983.4000244140625,983.5,25130.0,yahoo
HINDALCO,5m,2026-09-11T11:50:00+05:30,983.7000122070312,984.0999755859375,983.2999877929688,984.0,20765.0,yahoo
HINDALCO,5m,2026-09-11T11:55:00+05:30,984.0,985.0,983.5999755859375,984.7999877929688,16072.0,yahoo
HINDALCO,5m,2026-09-11T12:00:00+05:30,984.7999877929688,985.4000244140625,984.7000122070312,985.2000122070312,40526.0,yahoo
HINDALCO,5m,2026-09-11T12:05:00+05:30,985.2000122070312,986.2999877929688,985.0999755859375,986.0,41271.0,yahoo
HINDALCO,5m,2026-09-11T12:10:00+05:30,985.9000244140625,986.0,984.5,985.0,41394.0,yahoo
HINDALCO,5m,2026-09-11T12:15:00+05:30,985.0,986.5999755859375,983.5999755859375,986.0,13867.0,yahoo
HINDALCO,5m,2026-09-11T12:20:00+05:30,986.2999877929688,986.5,985.7999877929688,986.0999755859375,5874.0,yahoo
HINDALCO,5m,2026-09-11T12:25:00+05:30,986.4000244140625,986.7000122070312,986.2000122070312,986.5999755859375,6724.0,yahoo
HINDALCO,5m,2026-09-11T12:30:00+05:30,986.5999755859375,986.5999755859375,985.7000122070312,986.2000122070312,8799.0,yahoo
HINDALCO,5m,2026-09-11T12:35:00+05:30,986.2000122070312,987.7000122070312,985.2999877929688,987.7000122070312,50430.0,yahoo
HINDALCO,5m,2026-09-11T12:40:00+05:30,987.7999877929688,989.0999755859375,987.0999755859375,988.2999877929688,32329.0,yahoo
HINDALCO,5m,2026-09-11T12:45:00+05:30,988.4000244140625,988.7000122070312,987.9000244140625,988.7000122070312,61962.0,yahoo
HINDALCO,5m,2026-09-11T12:50:00+05:30,988.7000122070312,989.4000244140625,988.0999755859375,989.4000244140625,19865.0,yahoo
HINDALCO,5m,2026-09-11T12:55:00+05:30,989.0,990.4000244140625,989.0,990.0999755859375,97466.0,yahoo
HINDALCO,5m,2026-09-11T13:00:00+05:30,990.2000122070312,990.2000122070312,987.5999755859375,987.9000244140625,48522.0,yahoo
HINDALCO,5m,2026-09-11T13:05:00+05:30,988.0,988.4000244140625,986.7999877929688,987.0,88583.0,yahoo
HINDALCO,5m,2026-09-11T13:10:00+05:30,988.9000244140625,989.7999877929688,988.7000122070312,989.5,24567.0,yahoo
HINDALCO,5m,2026-09-11T13:15:00+05:30,989.5,990.0,988.4000244140625,988.4000244140625,94807.0,yahoo
HINDALCO,5m,2026-09-11T13:20:00+05:30,988.9000244140625,989.5,988.4000244140625,988.5,87485.0,yahoo
HINDALCO,5m,2026-09-11T13:25:00+05:30,988.5,988.9000244140625,988.0999755859375,988.7000122070312,16806.0,yahoo
HINDALCO,5m,2026-09-11T13:30:00+05:30,988.7000122070312,988.7000122070312,987.4000244140625,988.2999877929688,12116.0,yahoo
HINDALCO,5m,2026-09-11T13:35:00+05:30,988.4000244140625,988.4000244140625,987.7000122070312,987.9000244140625,7062.0,yahoo
HINDALCO,5m,2026-09-11T13:40:00+05:30,988.0,988.4000244140625,986.2999877929688,988.0999755859375,169504.0,yahoo
HINDALCO,5m,2026-09-11T13:45:00+05:30,988.4000244140625,990.0,988.2999877929688,988.7000122070312,98732.0,yahoo
HINDALCO,5m,2026-09-11T13:50:00+05:30,988.9000244140625,990.0999755859375,988.2000122070312,989.2999877929688,26578.0,yahoo
HINDALCO,5m,2026-09-11T13:55:00+05:30,989.4000244140625,990.2999877929688,988.9000244140625,989.7000122070312,31690.0,yahoo
HINDALCO,5m,2026-09-11T14:00:00+05:30,989.7000122070312,992.2000122070312,989.5999755859375,991.2999877929688,105497.0,yahoo
HINDALCO,5m,2026-09-11T14:05:00+05:30,991.4000244140625,992.0999755859375,990.5,991.7000122070312,36844.0,yahoo
HINDALCO,5m,2026-09-11T14:10:00+05:30,991.7000122070312,992.4000244140625,991.7000122070312,992.4000244140625,34141.0,yahoo
HINDALCO,5m,2026-09-11T14:15:00+05:30,992.5,992.5,991.2999877929688,991.9000244140625,14529.0,yahoo
HINDALCO,5m,2026-09-11T14:20:00+05:30,991.7999877929688,992.7999877929688,991.4000244140625,992.7999877929688,15597.0,yahoo
HINDALCO,5m,2026-09-11T14:25:00+05:30,992.7999877929688,992.7999877929688,991.2000122070312,991.5999755859375,15312.0,yahoo
HINDALCO,5m,2026-09-11T14:30:00+05:30,991.7000122070312,991.7000122070312,990.0999755859375,990.7000122070312,22251.0,yahoo
HINDALCO,5m,2026-09-11T14:35:00+05:30,990.7000122070312,990.7000122070312,990.0,990.5,21178.0,yahoo
HINDALCO,5m,2026-09-11T14:40:00+05:30,990.5,991.0,990.0,990.7999877929688,19124.0,yahoo
HINDALCO,5m,2026-09-11T14:45:00+05:30,990.7999877929688,990.7999877929688,988.2999877929688,989.0999755859375,52148.0,yahoo
HINDALCO,5m,2026-09-11T14:50:00+05:30,989.0999755859375,989.5,988.2999877929688,988.5999755859375,31107.0,yahoo
HINDALCO,5m,2026-09-11T14:55:00+05:30,988.7000122070312,989.0,988.5999755859375,989.0,20171.0,yahoo
HINDALCO,5m,2026-09-11T15:00:00+05:30,988.9000244140625,988.9000244140625,987.0,987.0,59584.0,yahoo
HINDALCO,5m,2026-09-11T15:05:00+05:30,987.0,987.5999755859375,986.7999877929688,987.2000122070312,65063.0,yahoo
HINDALCO,5m,2026-09-11T15:10:00+05:30,987.2000122070312,987.7999877929688,985.0,985.5,110507.0,yahoo
HINDALCO,5m,2026-09-11T15:15:00+05:30,985.5,985.5,981.5,981.5,183584.0,yahoo
HINDPETRO,5m,2026-09-11T09:15:00+05:30,341.6000061035156,343.95001220703125,341.29998779296875,342.79998779296875,0.0,yahoo
HINDPETRO,5m,2026-09-11T09:20:00+05:30,342.5,343.1499938964844,340.6000061035156,341.8500061035156,256346.0,yahoo
HINDPETRO,5m,2026-09-11T09:25:00+05:30,341.8500061035156,341.8500061035156,340.70001220703125,340.70001220703125,130194.0,yahoo
HINDPETRO,5m,2026-09-11T09:30:00+05:30,341.1000061035156,341.8500061035156,341.0,341.1499938964844,122711.0,yahoo
HINDPETRO,5m,2026-09-11T09:35:00+05:30,341.1000061035156,341.70001220703125,340.70001220703125,340.95001220703125,119679.0,yahoo
HINDPETRO,5m,2026-09-11T09:40:00+05:30,341.0,341.6499938964844,340.8500061035156,341.5,52779.0,yahoo
HINDPETRO,5m,2026-09-11T09:45:00+05:30,341.5,341.5,340.95001220703125,341.25,72580.0,yahoo
HINDPETRO,5m,2026-09-11T09:50:00+05:30,341.45001220703125,341.79998779296875,341.29998779296875,341.3999938964844,49126.0,yahoo
HINDPETRO,5m,2026-09-11T09:55:00+05:30,341.3999938964844,341.54998779296875,341.0,341.25,78587.0,yahoo
HINDPETRO,5m,2026-09-11T10:00:00+05:30,340.95001220703125,341.25,340.45001220703125,341.1000061035156,168511.0,yahoo
HINDPETRO,5m,2026-09-11T10:05:00+05:30,340.8500061035156,341.20001220703125,340.6499938964844,340.8500061035156,43935.0,yahoo
HINDPETRO,5m,2026-09-11T10:10:00+05:30,340.8500061035156,342.3999938964844,340.75,342.20001220703125,181992.0,yahoo
HINDPETRO,5m,2026-09-11T10:15:00+05:30,342.25,342.25,341.95001220703125,342.1000061035156,18969.0,yahoo
HINDPETRO,5m,2026-09-11T10:20:00+05:30,342.1499938964844,345.6000061035156,342.1000061035156,344.79998779296875,491860.0,yahoo
HINDPETRO,5m,2026-09-11T10:25:00+05:30,344.70001220703125,344.70001220703125,344.0,344.3999938964844,84539.0,yahoo
HINDPETRO,5m,2026-09-11T10:30:00+05:30,344.3500061035156,345.25,344.29998779296875,345.20001220703125,136141.0,yahoo
HINDPETRO,5m,2026-09-11T10:35:00+05:30,345.1499938964844,345.5,345.04998779296875,345.1000061035156,63831.0,yahoo
HINDPETRO,5m,2026-09-11T10:40:00+05:30,345.1000061035156,345.75,345.0,345.70001220703125,121905.0,yahoo
HINDPETRO,5m,2026-09-11T10:45:00+05:30,345.70001220703125,346.45001220703125,345.70001220703125,346.25,183305.0,yahoo
HINDPETRO,5m,2026-09-11T10:50:00+05:30,346.25,346.29998779296875,344.45001220703125,344.45001220703125,571757.0,yahoo
HINDPETRO,5m,2026-09-11T10:55:00+05:30,344.45001220703125,345.45001220703125,344.20001220703125,345.25,93706.0,yahoo
HINDPETRO,5m,2026-09-11T11:00:00+05:30,345.29998779296875,345.3500061035156,345.1000061035156,345.20001220703125,25259.0,yahoo
HINDPETRO,5m,2026-09-11T11:05:00+05:30,345.20001220703125,345.8999938964844,345.04998779296875,345.8999938964844,54031.0,yahoo
HINDPETRO,5m,2026-09-11T11:10:00+05:30,345.8999938964844,347.1000061035156,345.8999938964844,347.0,121178.0,yahoo
HINDPETRO,5m,2026-09-11T11:15:00+05:30,346.8999938964844,348.25,346.75,348.04998779296875,93354.0,yahoo
HINDPETRO,5m,2026-09-11T11:20:00+05:30,348.1000061035156,348.29998779296875,347.3500061035156,347.3500061035156,39733.0,yahoo
HINDPETRO,5m,2026-09-11T11:25:00+05:30,347.3500061035156,347.5,346.79998779296875,346.8999938964844,30567.0,yahoo
HINDPETRO,5m,2026-09-11T11:30:00+05:30,346.8500061035156,346.95001220703125,346.6000061035156,346.79998779296875,26977.0,yahoo
HINDPETRO,5m,2026-09-11T11:35:00+05:30,346.79998779296875,347.1000061035156,346.70001220703125,346.75,23553.0,yahoo
HINDPETRO,5m,2026-09-11T11:40:00+05:30,346.6499938964844,346.95001220703125,346.6000061035156,346.70001220703125,22885.0,yahoo
HINDPETRO,5m,2026-09-11T11:45:00+05:30,346.6499938964844,347.45001220703125,346.6499938964844,346.8999938964844,26569.0,yahoo
HINDPETRO,5m,2026-09-11T11:50:00+05:30,346.79998779296875,346.8999938964844,346.54998779296875,346.6499938964844,10081.0,yahoo
HINDPETRO,5m,2026-09-11T11:55:00+05:30,346.54998779296875,346.75,346.54998779296875,346.6499938964844,13925.0,yahoo
HINDPETRO,5m,2026-09-11T12:00:00+05:30,346.6499938964844,346.75,346.1499938964844,346.45001220703125,43081.0,yahoo
HINDPETRO,5m,2026-09-11T12:05:00+05:30,346.45001220703125,346.6499938964844,346.3500061035156,346.45001220703125,18940.0,yahoo
HINDPETRO,5m,2026-09-11T12:10:00+05:30,346.3999938964844,346.5,346.20001220703125,346.3999938964844,12819.0,yahoo
HINDPETRO,5m,2026-09-11T12:15:00+05:30,346.5,347.0,346.29998779296875,346.54998779296875,24843.0,yahoo
HINDPETRO,5m,2026-09-11T12:20:00+05:30,346.6000061035156,348.0,346.45001220703125,348.0,50553.0,yahoo
HINDPETRO,5m,2026-09-11T12:25:00+05:30,348.0,348.0,347.70001220703125,347.79998779296875,25823.0,yahoo
HINDPETRO,5m,2026-09-11T12:30:00+05:30,347.79998779296875,348.6499938964844,347.79998779296875,348.3999938964844,54627.0,yahoo
HINDPETRO,5m,2026-09-11T12:35:00+05:30,348.3999938964844,349.3999938964844,348.3500061035156,349.3999938964844,41400.0,yahoo
HINDPETRO,5m,2026-09-11T12:40:00+05:30,349.3999938964844,349.75,349.29998779296875,349.3500061035156,52706.0,yahoo
HINDPETRO,5m,2026-09-11T12:45:00+05:30,349.29998779296875,349.8500061035156,348.8999938964844,349.6499938964844,23916.0,yahoo
HINDPETRO,5m,2026-09-11T12:50:00+05:30,349.6499938964844,349.95001220703125,349.54998779296875,349.95001220703125,12271.0,yahoo
HINDPETRO,5m,2026-09-11T12:55:00+05:30,349.95001220703125,350.1000061035156,349.70001220703125,350.04998779296875,45592.0,yahoo
HINDPETRO,5m,2026-09-11T13:00:00+05:30,350.0,351.6499938964844,350.0,351.54998779296875,56553.0,yahoo
HINDPETRO,5m,2026-09-11T13:05:00+05:30,351.29998779296875,351.29998779296875,350.29998779296875,350.3500061035156,72100.0,yahoo
HINDPETRO,5m,2026-09-11T13:10:00+05:30,350.3500061035156,350.8999938964844,350.3500061035156,350.75,18304.0,yahoo
HINDPETRO,5m,2026-09-11T13:15:00+05:30,350.8500061035156,351.1499938964844,350.54998779296875,350.79998779296875,23315.0,yahoo
HINDPETRO,5m,2026-09-11T13:20:00+05:30,350.75,351.3500061035156,350.6000061035156,351.1000061035156,23426.0,yahoo
HINDPETRO,5m,2026-09-11T13:25:00+05:30,351.1499938964844,351.6499938964844,351.1499938964844,351.5,31686.0,yahoo
HINDPETRO,5m,2026-09-11T13:30:00+05:30,351.54998779296875,351.6000061035156,351.1499938964844,351.29998779296875,21142.0,yahoo
HINDPETRO,5m,2026-09-11T13:35:00+05:30,351.29998779296875,351.45001220703125,351.1499938964844,351.29998779296875,10364.0,yahoo
HINDPETRO,5m,2026-09-11T13:40:00+05:30,351.20001220703125,351.5,350.3999938964844,350.6000061035156,27543.0,yahoo
HINDPETRO,5m,2026-09-11T13:45:00+05:30,350.6000061035156,350.79998779296875,350.3999938964844,350.5,11883.0,yahoo
HINDPETRO,5m,2026-09-11T13:50:00+05:30,350.54998779296875,351.3500061035156,350.45001220703125,351.1000061035156,38434.0,yahoo
HINDPETRO,5m,2026-09-11T13:55:00+05:30,351.20001220703125,352.0,351.1499938964844,351.75,40522.0,yahoo
HINDPETRO,5m,2026-09-11T14:00:00+05:30,351.75,352.8999938964844,351.70001220703125,352.70001220703125,60149.0,yahoo
HINDPETRO,5m,2026-09-11T14:05:00+05:30,352.70001220703125,352.8500061035156,352.1499938964844,352.25,19287.0,yahoo
HINDPETRO,5m,2026-09-11T14:10:00+05:30,352.25,352.3999938964844,352.0,352.29998779296875,16549.0,yahoo
HINDPETRO,5m,2026-09-11T14:15:00+05:30,352.1499938964844,352.45001220703125,351.5,352.29998779296875,58028.0,yahoo
HINDPETRO,5m,2026-09-11T14:20:00+05:30,352.1000061035156,352.95001220703125,352.0,352.8500061035156,27827.0,yahoo
HINDPETRO,5m,2026-09-11T14:25:00+05:30,352.8500061035156,353.29998779296875,352.6000061035156,352.6499938964844,51686.0,yahoo
HINDPETRO,5m,2026-09-11T14:30:00+05:30,352.70001220703125,354.25,352.70001220703125,354.25,142055.0,yahoo
HINDPETRO,5m,2026-09-11T14:35:00+05:30,354.25,354.8999938964844,353.6000061035156,354.6000061035156,94272.0,yahoo
HINDPETRO,5m,2026-09-11T14:40:00+05:30,354.3500061035156,354.8500061035156,354.3500061035156,354.54998779296875,33823.0,yahoo
HINDPETRO,5m,2026-09-11T14:45:00+05:30,354.3500061035156,354.3500061035156,353.8999938964844,354.0,32832.0,yahoo
HINDPETRO,5m,2026-09-11T14:50:00+05:30,353.8999938964844,353.8999938964844,353.6499938964844,353.8500061035156,19738.0,yahoo
HINDPETRO,5m,2026-09-11T14:55:00+05:30,353.8999938964844,354.0,353.6000061035156,354.0,92783.0,yahoo
HINDPETRO,5m,2026-09-11T15:00:00+05:30,353.95001220703125,354.04998779296875,353.70001220703125,354.0,54741.0,yahoo
HINDPETRO,5m,2026-09-11T15:05:00+05:30,353.95001220703125,354.3999938964844,353.75,354.1499938964844,79692.0,yahoo
HINDPETRO,5m,2026-09-11T15:10:00+05:30,354.1499938964844,354.3999938964844,353.75,353.75,108309.0,yahoo
HINDPETRO,5m,2026-09-11T15:15:00+05:30,353.45001220703125,353.45001220703125,352.0,352.0,84225.0,yahoo
HINDUNILVR,5m,2026-09-11T09:15:00+05:30,1932.199951171875,1939.199951171875,1928.4000244140625,1936.300048828125,0.0,yahoo
HINDUNILVR,5m,2026-09-11T09:20:00+05:30,1936.300048828125,1938.5999755859375,1933.5,1934.0,13376.0,yahoo
HINDUNILVR,5m,2026-09-11T09:25:00+05:30,1934.0,1934.0,1932.300048828125,1934.0,9410.0,yahoo
HINDUNILVR,5m,2026-09-11T09:30:00+05:30,1933.699951171875,1934.699951171875,1931.5,1932.800048828125,7857.0,yahoo
HINDUNILVR,5m,2026-09-11T09:35:00+05:30,1932.300048828125,1933.699951171875,1932.0,1932.4000244140625,4963.0,yahoo
HINDUNILVR,5m,2026-09-11T09:40:00+05:30,1932.4000244140625,1933.699951171875,1930.9000244140625,1931.4000244140625,8798.0,yahoo
HINDUNILVR,5m,2026-09-11T09:45:00+05:30,1931.5,1932.0,1928.0,1928.699951171875,13497.0,yahoo
HINDUNILVR,5m,2026-09-11T09:50:00+05:30,1928.300048828125,1930.0999755859375,1928.300048828125,1929.5,5985.0,yahoo
HINDUNILVR,5m,2026-09-11T09:55:00+05:30,1929.0,1930.0,1928.9000244140625,1929.699951171875,4845.0,yahoo
HINDUNILVR,5m,2026-09-11T10:00:00+05:30,1929.9000244140625,1930.300048828125,1928.4000244140625,1930.0,8335.0,yahoo
HINDUNILVR,5m,2026-09-11T10:05:00+05:30,1930.300048828125,1932.0,1929.300048828125,1930.5,5078.0,yahoo
HINDUNILVR,5m,2026-09-11T10:10:00+05:30,1930.5,1930.5,1928.800048828125,1930.0,5434.0,yahoo
HINDUNILVR,5m,2026-09-11T10:15:00+05:30,1929.5,1936.199951171875,1929.0,1936.199951171875,9253.0,yahoo
HINDUNILVR,5m,2026-09-11T10:20:00+05:30,1937.4000244140625,1937.9000244140625,1936.5,1937.0,5125.0,yahoo
HINDUNILVR,5m,2026-09-11T10:25:00+05:30,1937.0,1937.0,1934.0,1934.0999755859375,5316.0,yahoo
HINDUNILVR,5m,2026-09-11T10:30:00+05:30,1934.0999755859375,1935.9000244140625,1934.0,1934.9000244140625,9422.0,yahoo
HINDUNILVR,5m,2026-09-11T10:35:00+05:30,1935.0999755859375,1936.5,1935.0,1936.0,2408.0,yahoo
HINDUNILVR,5m,2026-09-11T10:40:00+05:30,1936.0,1937.9000244140625,1935.199951171875,1937.0999755859375,5082.0,yahoo
HINDUNILVR,5m,2026-09-11T10:45:00+05:30,1937.0999755859375,1938.5,1937.0999755859375,1937.5,5792.0,yahoo
HINDUNILVR,5m,2026-09-11T10:50:00+05:30,1937.4000244140625,1937.5,1936.0,1936.5999755859375,4731.0,yahoo
HINDUNILVR,5m,2026-09-11T10:55:00+05:30,1936.5999755859375,1941.9000244140625,1935.0,1941.9000244140625,23836.0,yahoo
HINDUNILVR,5m,2026-09-11T11:00:00+05:30,1941.9000244140625,1943.800048828125,1941.9000244140625,1942.4000244140625,12944.0,yahoo
HINDUNILVR,5m,2026-09-11T11:05:00+05:30,1943.300048828125,1943.699951171875,1942.9000244140625,1943.5,3001.0,yahoo
HINDUNILVR,5m,2026-09-11T11:10:00+05:30,1943.5,1945.0,1942.5,1944.9000244140625,8805.0,yahoo
HINDUNILVR,5m,2026-09-11T11:15:00+05:30,1944.800048828125,1945.4000244140625,1944.0,1944.5,2801.0,yahoo
HINDUNILVR,5m,2026-09-11T11:20:00+05:30,1944.5,1946.0,1943.0,1946.0,10789.0,yahoo
HINDUNILVR,5m,2026-09-11T11:25:00+05:30,1945.9000244140625,1946.5999755859375,1944.5999755859375,1946.5999755859375,4523.0,yahoo
HINDUNILVR,5m,2026-09-11T11:30:00+05:30,1946.5999755859375,1946.5999755859375,1945.199951171875,1946.300048828125,4663.0,yahoo
HINDUNILVR,5m,2026-09-11T11:35:00+05:30,1946.300048828125,1946.5,1945.199951171875,1945.800048828125,2792.0,yahoo
HINDUNILVR,5m,2026-09-11T11:40:00+05:30,1945.800048828125,1945.9000244140625,1945.0,1945.199951171875,5461.0,yahoo
HINDUNILVR,5m,2026-09-11T11:45:00+05:30,1945.5999755859375,1945.800048828125,1945.0,1945.300048828125,6317.0,yahoo
HINDUNILVR,5m,2026-09-11T11:50:00+05:30,1945.0999755859375,1945.199951171875,1943.4000244140625,1943.9000244140625,20488.0,yahoo
HINDUNILVR,5m,2026-09-11T11:55:00+05:30,1943.800048828125,1944.0,1938.699951171875,1939.9000244140625,12386.0,yahoo
HINDUNILVR,5m,2026-09-11T12:00:00+05:30,1939.5999755859375,1941.800048828125,1938.0999755859375,1941.300048828125,8412.0,yahoo
HINDUNILVR,5m,2026-09-11T12:05:00+05:30,1941.199951171875,1941.4000244140625,1939.800048828125,1939.800048828125,13735.0,yahoo
HINDUNILVR,5m,2026-09-11T12:10:00+05:30,1937.4000244140625,1938.4000244140625,1934.0,1935.4000244140625,92118.0,yahoo
HINDUNILVR,5m,2026-09-11T12:15:00+05:30,1935.4000244140625,1936.4000244140625,1934.5,1936.0999755859375,12818.0,yahoo
HINDUNILVR,5m,2026-09-11T12:20:00+05:30,1936.0,1936.800048828125,1934.4000244140625,1934.5,5541.0,yahoo
HINDUNILVR,5m,2026-09-11T12:25:00+05:30,1935.0999755859375,1936.800048828125,1934.0,1936.800048828125,27134.0,yahoo
HINDUNILVR,5m,2026-09-11T12:30:00+05:30,1936.9000244140625,1938.0999755859375,1936.0,1936.5,25835.0,yahoo
HINDUNILVR,5m,2026-09-11T12:35:00+05:30,1936.5,1938.800048828125,1935.0,1937.5,10028.0,yahoo
HINDUNILVR,5m,2026-09-11T12:40:00+05:30,1937.699951171875,1939.0999755859375,1937.199951171875,1937.5,6141.0,yahoo
HINDUNILVR,5m,2026-09-11T12:45:00+05:30,1937.9000244140625,1937.9000244140625,1934.5,1935.0,10330.0,yahoo
HINDUNILVR,5m,2026-09-11T12:50:00+05:30,1935.0,1936.4000244140625,1934.0,1936.199951171875,6977.0,yahoo
HINDUNILVR,5m,2026-09-11T12:55:00+05:30,1936.5,1937.9000244140625,1935.800048828125,1936.5,9522.0,yahoo
HINDUNILVR,5m,2026-09-11T13:00:00+05:30,1937.0999755859375,1937.0999755859375,1935.800048828125,1936.5999755859375,2974.0,yahoo
HINDUNILVR,5m,2026-09-11T13:05:00+05:30,1936.300048828125,1938.699951171875,1936.0,1936.9000244140625,6229.0,yahoo
HINDUNILVR,5m,2026-09-11T13:10:00+05:30,1937.300048828125,1937.5999755859375,1936.0999755859375,1937.5999755859375,5793.0,yahoo
HINDUNILVR,5m,2026-09-11T13:15:00+05:30,1937.5999755859375,1937.9000244140625,1936.0,1936.0999755859375,8368.0,yahoo
HINDUNILVR,5m,2026-09-11T13:20:00+05:30,1936.800048828125,1937.5999755859375,1936.199951171875,1936.9000244140625,3764.0,yahoo
HINDUNILVR,5m,2026-09-11T13:25:00+05:30,1936.699951171875,1936.800048828125,1935.0999755859375,1935.300048828125,8757.0,yahoo
HINDUNILVR,5m,2026-09-11T13:30:00+05:30,1935.0999755859375,1936.300048828125,1934.0,1934.4000244140625,23265.0,yahoo
HINDUNILVR,5m,2026-09-11T13:35:00+05:30,1934.5999755859375,1937.300048828125,1934.0,1935.0999755859375,63734.0,yahoo
HINDUNILVR,5m,2026-09-11T13:40:00+05:30,1935.699951171875,1935.9000244140625,1933.5999755859375,1934.699951171875,4455.0,yahoo
HINDUNILVR,5m,2026-09-11T13:45:00+05:30,1934.5999755859375,1935.199951171875,1934.199951171875,1934.9000244140625,6446.0,yahoo
HINDUNILVR,5m,2026-09-11T13:50:00+05:30,1935.0999755859375,1937.199951171875,1934.0999755859375,1937.0,10932.0,yahoo
HINDUNILVR,5m,2026-09-11T13:55:00+05:30,1937.0,1937.9000244140625,1936.0,1936.800048828125,9154.0,yahoo
HINDUNILVR,5m,2026-09-11T14:00:00+05:30,1936.800048828125,1939.199951171875,1935.9000244140625,1939.199951171875,9426.0,yahoo
HINDUNILVR,5m,2026-09-11T14:05:00+05:30,1939.300048828125,1939.5,1936.5,1936.5,6693.0,yahoo
HINDUNILVR,5m,2026-09-11T14:10:00+05:30,1937.699951171875,1939.0,1937.0,1937.699951171875,7104.0,yahoo
HINDUNILVR,5m,2026-09-11T14:15:00+05:30,1937.9000244140625,1940.5,1937.0,1940.4000244140625,25301.0,yahoo
HINDUNILVR,5m,2026-09-11T14:20:00+05:30,1940.4000244140625,1942.5999755859375,1940.0,1942.5,9710.0,yahoo
HINDUNILVR,5m,2026-09-11T14:25:00+05:30,1944.5,1945.9000244140625,1943.0,1945.4000244140625,16724.0,yahoo
HINDUNILVR,5m,2026-09-11T14:30:00+05:30,1945.199951171875,1945.5999755859375,1943.5999755859375,1944.0,29029.0,yahoo
HINDUNILVR,5m,2026-09-11T14:35:00+05:30,1944.0999755859375,1944.5,1942.0999755859375,1942.199951171875,14609.0,yahoo
HINDUNILVR,5m,2026-09-11T14:40:00+05:30,1942.0999755859375,1943.199951171875,1939.800048828125,1940.0,29462.0,yahoo
HINDUNILVR,5m,2026-09-11T14:45:00+05:30,1940.0,1940.0,1937.0,1937.0,11982.0,yahoo
HINDUNILVR,5m,2026-09-11T14:50:00+05:30,1937.0,1938.300048828125,1936.0999755859375,1936.800048828125,41993.0,yahoo
HINDUNILVR,5m,2026-09-11T14:55:00+05:30,1937.0,1937.0,1935.800048828125,1937.0,15951.0,yahoo
HINDUNILVR,5m,2026-09-11T15:00:00+05:30,1936.5,1936.5,1933.300048828125,1933.9000244140625,33898.0,yahoo
HINDUNILVR,5m,2026-09-11T15:05:00+05:30,1933.199951171875,1933.800048828125,1932.4000244140625,1933.800048828125,24793.0,yahoo
HINDUNILVR,5m,2026-09-11T15:10:00+05:30,1933.9000244140625,1935.0999755859375,1933.800048828125,1935.0,56224.0,yahoo
HINDUNILVR,5m,2026-09-11T15:15:00+05:30,1934.9000244140625,1934.9000244140625,1927.0,1927.0,93292.0,yahoo
HINDZINC,5m,2026-09-11T09:15:00+05:30,577.1500244140625,577.1500244140625,565.9500122070312,569.2000122070312,0.0,yahoo
HINDZINC,5m,2026-09-11T09:20:00+05:30,569.4000244140625,570.2999877929688,566.7999877929688,567.9000244140625,279432.0,yahoo
HINDZINC,5m,2026-09-11T09:25:00+05:30,567.6500244140625,572.4000244140625,567.5999755859375,571.5999755859375,360546.0,yahoo
HINDZINC,5m,2026-09-11T09:30:00+05:30,573.5499877929688,575.25,572.25,573.4000244140625,308412.0,yahoo
HINDZINC,5m,2026-09-11T09:35:00+05:30,573.25,573.8499755859375,573.0499877929688,573.0499877929688,73435.0,yahoo
HINDZINC,5m,2026-09-11T09:40:00+05:30,573.0,573.0,571.7999877929688,572.25,84865.0,yahoo
HINDZINC,5m,2026-09-11T09:45:00+05:30,572.25,574.25,572.1500244140625,574.25,87366.0,yahoo
HINDZINC,5m,2026-09-11T09:50:00+05:30,574.25,574.7000122070312,573.25,573.7999877929688,47365.0,yahoo
HINDZINC,5m,2026-09-11T09:55:00+05:30,573.7000122070312,575.5,573.7000122070312,574.9000244140625,88480.0,yahoo
HINDZINC,5m,2026-09-11T10:00:00+05:30,574.9000244140625,575.3499755859375,573.8499755859375,573.9000244140625,87401.0,yahoo
HINDZINC,5m,2026-09-11T10:05:00+05:30,573.75,574.4000244140625,572.0,574.4000244140625,96700.0,yahoo
HINDZINC,5m,2026-09-11T10:10:00+05:30,574.0,574.3499755859375,573.1500244140625,574.0,60827.0,yahoo
HINDZINC,5m,2026-09-11T10:15:00+05:30,573.75,574.0,573.25,573.9000244140625,38366.0,yahoo
HINDZINC,5m,2026-09-11T10:20:00+05:30,573.9000244140625,574.7000122070312,573.5,574.1500244140625,93958.0,yahoo
HINDZINC,5m,2026-09-11T10:25:00+05:30,574.2999877929688,575.4500122070312,573.6500244140625,575.1500244140625,57028.0,yahoo
HINDZINC,5m,2026-09-11T10:30:00+05:30,575.1500244140625,576.5,575.0,576.1500244140625,66034.0,yahoo
HINDZINC,5m,2026-09-11T10:35:00+05:30,576.1500244140625,576.9500122070312,576.1500244140625,576.6500244140625,57257.0,yahoo
HINDZINC,5m,2026-09-11T10:40:00+05:30,576.6500244140625,577.1500244140625,576.6500244140625,576.9000244140625,72072.0,yahoo
HINDZINC,5m,2026-09-11T10:45:00+05:30,576.9500122070312,577.0,576.0999755859375,576.75,37451.0,yahoo
HINDZINC,5m,2026-09-11T10:50:00+05:30,576.7999877929688,576.7999877929688,575.25,575.4000244140625,48459.0,yahoo
HINDZINC,5m,2026-09-11T10:55:00+05:30,575.5,575.7000122070312,574.1500244140625,574.5999755859375,66835.0,yahoo
HINDZINC,5m,2026-09-11T11:00:00+05:30,574.5999755859375,575.5499877929688,574.5,574.7999877929688,31785.0,yahoo
HINDZINC,5m,2026-09-11T11:05:00+05:30,574.7999877929688,575.0499877929688,574.5999755859375,574.8499755859375,30424.0,yahoo
HINDZINC,5m,2026-09-11T11:10:00+05:30,574.8499755859375,577.0999755859375,574.8499755859375,576.8499755859375,93835.0,yahoo
HINDZINC,5m,2026-09-11T11:15:00+05:30,576.9000244140625,577.25,576.7999877929688,577.0999755859375,15230.0,yahoo
HINDZINC,5m,2026-09-11T11:20:00+05:30,577.0499877929688,578.2999877929688,577.0499877929688,578.0,71643.0,yahoo
HINDZINC,5m,2026-09-11T11:25:00+05:30,578.1500244140625,578.4500122070312,577.7000122070312,577.8499755859375,43553.0,yahoo
HINDZINC,5m,2026-09-11T11:30:00+05:30,577.8499755859375,578.1500244140625,577.5499877929688,577.9500122070312,35684.0,yahoo
HINDZINC,5m,2026-09-11T11:35:00+05:30,577.9000244140625,578.9500122070312,577.75,578.7000122070312,80768.0,yahoo
HINDZINC,5m,2026-09-11T11:40:00+05:30,578.7000122070312,579.5,578.2999877929688,579.5,46107.0,yahoo
HINDZINC,5m,2026-09-11T11:45:00+05:30,579.5499877929688,580.2000122070312,578.5,578.75,228476.0,yahoo
HINDZINC,5m,2026-09-11T11:50:00+05:30,578.75,579.0999755859375,578.5999755859375,579.0,26009.0,yahoo
HINDZINC,5m,2026-09-11T11:55:00+05:30,578.9500122070312,579.3499755859375,577.9500122070312,577.9500122070312,41382.0,yahoo
HINDZINC,5m,2026-09-11T12:00:00+05:30,577.9500122070312,578.0,577.0999755859375,577.1500244140625,33184.0,yahoo
HINDZINC,5m,2026-09-11T12:05:00+05:30,577.1500244140625,577.9000244140625,577.1500244140625,577.75,19862.0,yahoo
HINDZINC,5m,2026-09-11T12:10:00+05:30,577.75,577.7999877929688,576.1500244140625,576.3499755859375,86346.0,yahoo
HINDZINC,5m,2026-09-11T12:15:00+05:30,576.3499755859375,576.9000244140625,574.5999755859375,576.8499755859375,59422.0,yahoo
HINDZINC,5m,2026-09-11T12:20:00+05:30,576.8499755859375,577.0499877929688,576.5499877929688,576.9000244140625,35282.0,yahoo
HINDZINC,5m,2026-09-11T12:25:00+05:30,576.8499755859375,580.2000122070312,576.8499755859375,580.0499877929688,197193.0,yahoo
HINDZINC,5m,2026-09-11T12:30:00+05:30,580.0,581.4500122070312,579.25,581.0499877929688,88960.0,yahoo
HINDZINC,5m,2026-09-11T12:35:00+05:30,581.2999877929688,582.2000122070312,581.2999877929688,582.0999755859375,49819.0,yahoo
HINDZINC,5m,2026-09-11T12:40:00+05:30,582.1500244140625,583.0499877929688,582.0999755859375,582.3499755859375,42077.0,yahoo
HINDZINC,5m,2026-09-11T12:45:00+05:30,582.5,582.5999755859375,581.9000244140625,581.9000244140625,28365.0,yahoo
HINDZINC,5m,2026-09-11T12:50:00+05:30,581.8499755859375,582.0,580.4500122070312,581.0,86289.0,yahoo
HINDZINC,5m,2026-09-11T12:55:00+05:30,580.9500122070312,581.9500122070312,580.9500122070312,581.9000244140625,142468.0,yahoo
HINDZINC,5m,2026-09-11T13:00:00+05:30,581.6500244140625,581.7999877929688,580.75,581.1500244140625,32698.0,yahoo
HINDZINC,5m,2026-09-11T13:05:00+05:30,580.8499755859375,581.0,579.5,579.6500244140625,62903.0,yahoo
HINDZINC,5m,2026-09-11T13:10:00+05:30,579.6500244140625,580.0499877929688,578.4000244140625,578.75,67575.0,yahoo
HINDZINC,5m,2026-09-11T13:15:00+05:30,578.8499755859375,579.0,577.7000122070312,577.9500122070312,41928.0,yahoo
HINDZINC,5m,2026-09-11T13:20:00+05:30,578.0,578.0,577.7999877929688,578.0,15878.0,yahoo
HINDZINC,5m,2026-09-11T13:25:00+05:30,577.9500122070312,578.0,577.9000244140625,578.0,23321.0,yahoo
HINDZINC,5m,2026-09-11T13:30:00+05:30,577.9500122070312,578.0,577.0999755859375,577.4000244140625,154731.0,yahoo
HINDZINC,5m,2026-09-11T13:35:00+05:30,577.4000244140625,577.5999755859375,576.9500122070312,577.25,35338.0,yahoo
HINDZINC,5m,2026-09-11T13:40:00+05:30,577.4000244140625,577.4500122070312,575.7999877929688,577.0999755859375,123705.0,yahoo
HINDZINC,5m,2026-09-11T13:45:00+05:30,576.9500122070312,577.4000244140625,576.25,577.0999755859375,149323.0,yahoo
HINDZINC,5m,2026-09-11T13:50:00+05:30,577.2999877929688,577.9000244140625,576.7999877929688,577.4000244140625,31394.0,yahoo
HINDZINC,5m,2026-09-11T13:55:00+05:30,577.2999877929688,578.2999877929688,577.0999755859375,578.0999755859375,25623.0,yahoo
HINDZINC,5m,2026-09-11T14:00:00+05:30,578.0,580.75,577.9000244140625,580.4000244140625,69962.0,yahoo
HINDZINC,5m,2026-09-11T14:05:00+05:30,580.4500122070312,580.4500122070312,579.5999755859375,579.9500122070312,40066.0,yahoo
HINDZINC,5m,2026-09-11T14:10:00+05:30,579.9500122070312,579.9500122070312,578.25,579.5,117306.0,yahoo
HINDZINC,5m,2026-09-11T14:15:00+05:30,579.7000122070312,579.7000122070312,578.75,579.4500122070312,70217.0,yahoo
HINDZINC,5m,2026-09-11T14:20:00+05:30,579.4500122070312,579.4500122070312,578.5499877929688,579.0,39210.0,yahoo
HINDZINC,5m,2026-09-11T14:25:00+05:30,579.0,579.2000122070312,578.0499877929688,578.2000122070312,84353.0,yahoo
HINDZINC,5m,2026-09-11T14:30:00+05:30,578.2000122070312,578.25,577.0,577.3499755859375,116989.0,yahoo
HINDZINC,5m,2026-09-11T14:35:00+05:30,577.5,578.2000122070312,577.2999877929688,577.4000244140625,22515.0,yahoo
HINDZINC,5m,2026-09-11T14:40:00+05:30,577.4500122070312,577.5499877929688,577.2000122070312,577.2000122070312,41299.0,yahoo
HINDZINC,5m,2026-09-11T14:45:00+05:30,577.2000122070312,577.3499755859375,576.5,576.7999877929688,83188.0,yahoo
HINDZINC,5m,2026-09-11T14:50:00+05:30,577.0,577.0,576.2000122070312,576.75,164968.0,yahoo
HINDZINC,5m,2026-09-11T14:55:00+05:30,576.9000244140625,577.0999755859375,576.4000244140625,576.75,233533.0,yahoo
HINDZINC,5m,2026-09-11T15:00:00+05:30,576.5,576.5499877929688,575.5,576.0499877929688,245264.0,yahoo
HINDZINC,5m,2026-09-11T15:05:00+05:30,576.0999755859375,576.2999877929688,575.7000122070312,576.2000122070312,330368.0,yahoo
HINDZINC,5m,2026-09-11T15:10:00+05:30,576.1500244140625,577.5,575.75,575.75,209217.0,yahoo
HINDZINC,5m,2026-09-11T15:15:00+05:30,576.5,576.5,576.4500122070312,576.4500122070312,67104.0,yahoo
ICICIBANK,5m,2026-09-11T09:15:00+05:30,1372.699951171875,1372.699951171875,1367.9000244140625,1369.5,0.0,yahoo
ICICIBANK,5m,2026-09-11T09:20:00+05:30,1369.5,1371.4000244140625,1368.699951171875,1371.199951171875,309488.0,yahoo
ICICIBANK,5m,2026-09-11T09:25:00+05:30,1371.199951171875,1374.5,1371.0,1374.300048828125,85757.0,yahoo
ICICIBANK,5m,2026-09-11T09:30:00+05:30,1374.199951171875,1374.199951171875,1373.0,1373.800048828125,62816.0,yahoo
ICICIBANK,5m,2026-09-11T09:35:00+05:30,1373.800048828125,1374.300048828125,1373.300048828125,1373.300048828125,33889.0,yahoo
ICICIBANK,5m,2026-09-11T09:40:00+05:30,1373.300048828125,1373.300048828125,1371.4000244140625,1372.4000244140625,69986.0,yahoo
ICICIBANK,5m,2026-09-11T09:45:00+05:30,1372.699951171875,1373.0,1371.5,1371.5,49860.0,yahoo
ICICIBANK,5m,2026-09-11T09:50:00+05:30,1371.4000244140625,1372.5,1371.4000244140625,1372.4000244140625,42002.0,yahoo
ICICIBANK,5m,2026-09-11T09:55:00+05:30,1372.4000244140625,1374.4000244140625,1371.699951171875,1373.5999755859375,195062.0,yahoo
ICICIBANK,5m,2026-09-11T10:00:00+05:30,1373.5999755859375,1373.800048828125,1372.300048828125,1373.199951171875,37819.0,yahoo
ICICIBANK,5m,2026-09-11T10:05:00+05:30,1373.199951171875,1374.300048828125,1372.800048828125,1373.800048828125,41006.0,yahoo
ICICIBANK,5m,2026-09-11T10:10:00+05:30,1373.800048828125,1376.9000244140625,1373.800048828125,1376.5999755859375,70309.0,yahoo
ICICIBANK,5m,2026-09-11T10:15:00+05:30,1376.699951171875,1376.699951171875,1375.699951171875,1375.800048828125,49451.0,yahoo
ICICIBANK,5m,2026-09-11T10:20:00+05:30,1376.0999755859375,1378.0,1376.0,1376.4000244140625,54080.0,yahoo
ICICIBANK,5m,2026-09-11T10:25:00+05:30,1376.5999755859375,1377.199951171875,1375.0999755859375,1375.0999755859375,33807.0,yahoo
ICICIBANK,5m,2026-09-11T10:30:00+05:30,1374.9000244140625,1376.199951171875,1374.4000244140625,1376.199951171875,49411.0,yahoo
ICICIBANK,5m,2026-09-11T10:35:00+05:30,1376.0999755859375,1376.800048828125,1376.0999755859375,1376.800048828125,37097.0,yahoo
ICICIBANK,5m,2026-09-11T10:40:00+05:30,1377.0999755859375,1378.800048828125,1376.800048828125,1378.4000244140625,36543.0,yahoo
ICICIBANK,5m,2026-09-11T10:45:00+05:30,1378.5,1379.199951171875,1378.0,1378.4000244140625,43707.0,yahoo
ICICIBANK,5m,2026-09-11T10:50:00+05:30,1378.4000244140625,1379.0999755859375,1378.0999755859375,1378.5,35569.0,yahoo
ICICIBANK,5m,2026-09-11T10:55:00+05:30,1378.300048828125,1379.0,1378.0,1378.5999755859375,34461.0,yahoo
ICICIBANK,5m,2026-09-11T11:00:00+05:30,1378.5999755859375,1379.300048828125,1377.300048828125,1377.800048828125,166599.0,yahoo
ICICIBANK,5m,2026-09-11T11:05:00+05:30,1377.800048828125,1379.300048828125,1376.4000244140625,1379.199951171875,143772.0,yahoo
ICICIBANK,5m,2026-09-11T11:10:00+05:30,1378.9000244140625,1383.199951171875,1378.9000244140625,1382.699951171875,234554.0,yahoo
ICICIBANK,5m,2026-09-11T11:15:00+05:30,1383.0,1383.4000244140625,1380.5,1381.0,111548.0,yahoo
ICICIBANK,5m,2026-09-11T11:20:00+05:30,1380.9000244140625,1383.0,1379.9000244140625,1382.699951171875,67277.0,yahoo
ICICIBANK,5m,2026-09-11T11:25:00+05:30,1383.0,1383.0,1381.4000244140625,1381.800048828125,57498.0,yahoo
ICICIBANK,5m,2026-09-11T11:30:00+05:30,1381.800048828125,1382.0,1380.699951171875,1381.300048828125,110497.0,yahoo
ICICIBANK,5m,2026-09-11T11:35:00+05:30,1381.0999755859375,1384.199951171875,1381.0,1382.5999755859375,291457.0,yahoo
ICICIBANK,5m,2026-09-11T11:40:00+05:30,1382.9000244140625,1383.9000244140625,1381.800048828125,1382.9000244140625,61848.0,yahoo
ICICIBANK,5m,2026-09-11T11:45:00+05:30,1383.0,1384.0,1382.0999755859375,1382.9000244140625,163644.0,yahoo
ICICIBANK,5m,2026-09-11T11:50:00+05:30,1382.5,1383.0999755859375,1381.9000244140625,1382.300048828125,41096.0,yahoo
ICICIBANK,5m,2026-09-11T11:55:00+05:30,1382.699951171875,1384.5999755859375,1382.199951171875,1384.5999755859375,41632.0,yahoo
ICICIBANK,5m,2026-09-11T12:00:00+05:30,1384.5999755859375,1385.0,1383.800048828125,1384.5999755859375,25538.0,yahoo
ICICIBANK,5m,2026-09-11T12:05:00+05:30,1384.5,1384.800048828125,1383.300048828125,1383.9000244140625,30809.0,yahoo
ICICIBANK,5m,2026-09-11T12:10:00+05:30,1383.9000244140625,1384.0,1382.300048828125,1382.9000244140625,34397.0,yahoo
ICICIBANK,5m,2026-09-11T12:15:00+05:30,1383.0,1383.0,1381.699951171875,1382.300048828125,38253.0,yahoo
ICICIBANK,5m,2026-09-11T12:20:00+05:30,1382.300048828125,1382.300048828125,1381.0999755859375,1381.9000244140625,39131.0,yahoo
ICICIBANK,5m,2026-09-11T12:25:00+05:30,1382.0,1382.4000244140625,1381.9000244140625,1382.300048828125,33505.0,yahoo
ICICIBANK,5m,2026-09-11T12:30:00+05:30,1382.300048828125,1384.0,1381.9000244140625,1384.0,126136.0,yahoo
ICICIBANK,5m,2026-09-11T12:35:00+05:30,1384.0,1384.0,1382.800048828125,1382.9000244140625,39328.0,yahoo
ICICIBANK,5m,2026-09-11T12:40:00+05:30,1382.9000244140625,1384.300048828125,1382.5,1383.5,75797.0,yahoo
ICICIBANK,5m,2026-09-11T12:45:00+05:30,1383.4000244140625,1383.5,1381.9000244140625,1382.9000244140625,78799.0,yahoo
ICICIBANK,5m,2026-09-11T12:50:00+05:30,1382.9000244140625,1383.0,1381.800048828125,1382.9000244140625,117132.0,yahoo
ICICIBANK,5m,2026-09-11T12:55:00+05:30,1383.0,1383.0999755859375,1382.300048828125,1382.300048828125,50029.0,yahoo
ICICIBANK,5m,2026-09-11T13:00:00+05:30,1382.300048828125,1382.300048828125,1379.5,1379.5,43659.0,yahoo
ICICIBANK,5m,2026-09-11T13:05:00+05:30,1379.5,1380.0,1379.0999755859375,1379.5,47698.0,yahoo
ICICIBANK,5m,2026-09-11T13:10:00+05:30,1379.5,1380.0,1378.800048828125,1380.0,118552.0,yahoo
ICICIBANK,5m,2026-09-11T13:15:00+05:30,1380.0,1380.0,1378.199951171875,1378.199951171875,41952.0,yahoo
ICICIBANK,5m,2026-09-11T13:20:00+05:30,1378.4000244140625,1380.199951171875,1378.4000244140625,1379.0,135661.0,yahoo
ICICIBANK,5m,2026-09-11T13:25:00+05:30,1379.0,1381.300048828125,1378.800048828125,1379.800048828125,115505.0,yahoo
ICICIBANK,5m,2026-09-11T13:30:00+05:30,1379.4000244140625,1380.5,1379.0999755859375,1379.199951171875,70405.0,yahoo
ICICIBANK,5m,2026-09-11T13:35:00+05:30,1379.199951171875,1379.800048828125,1378.0,1378.4000244140625,244920.0,yahoo
ICICIBANK,5m,2026-09-11T13:40:00+05:30,1378.4000244140625,1379.9000244140625,1377.5999755859375,1379.0,152058.0,yahoo
ICICIBANK,5m,2026-09-11T13:45:00+05:30,1379.0,1380.0,1378.199951171875,1379.699951171875,99688.0,yahoo
ICICIBANK,5m,2026-09-11T13:50:00+05:30,1380.0,1381.699951171875,1379.0999755859375,1379.0999755859375,254485.0,yahoo
ICICIBANK,5m,2026-09-11T13:55:00+05:30,1379.800048828125,1382.4000244140625,1379.0,1382.0999755859375,68580.0,yahoo
ICICIBANK,5m,2026-09-11T14:00:00+05:30,1382.0999755859375,1388.9000244140625,1382.0,1387.9000244140625,101888.0,yahoo
ICICIBANK,5m,2026-09-11T14:05:00+05:30,1387.5999755859375,1388.4000244140625,1385.5999755859375,1385.9000244140625,91469.0,yahoo
ICICIBANK,5m,2026-09-11T14:10:00+05:30,1386.199951171875,1387.0,1385.5999755859375,1386.800048828125,36016.0,yahoo
ICICIBANK,5m,2026-09-11T14:15:00+05:30,1386.800048828125,1386.9000244140625,1385.4000244140625,1386.0,59042.0,yahoo
ICICIBANK,5m,2026-09-11T14:20:00+05:30,1385.800048828125,1386.699951171875,1385.0999755859375,1385.9000244140625,59515.0,yahoo
ICICIBANK,5m,2026-09-11T14:25:00+05:30,1385.9000244140625,1385.9000244140625,1384.5999755859375,1385.300048828125,44459.0,yahoo
ICICIBANK,5m,2026-09-11T14:30:00+05:30,1385.300048828125,1388.5,1385.300048828125,1386.5,83705.0,yahoo
ICICIBANK,5m,2026-09-11T14:35:00+05:30,1386.5,1388.4000244140625,1386.0999755859375,1387.0,48051.0,yahoo
ICICIBANK,5m,2026-09-11T14:40:00+05:30,1387.0,1387.699951171875,1385.9000244140625,1386.300048828125,62528.0,yahoo
ICICIBANK,5m,2026-09-11T14:45:00+05:30,1386.300048828125,1387.0,1385.699951171875,1386.4000244140625,61057.0,yahoo
ICICIBANK,5m,2026-09-11T14:50:00+05:30,1386.4000244140625,1387.4000244140625,1385.300048828125,1385.4000244140625,102874.0,yahoo
ICICIBANK,5m,2026-09-11T14:55:00+05:30,1385.9000244140625,1386.4000244140625,1383.5,1384.0,204580.0,yahoo
ICICIBANK,5m,2026-09-11T15:00:00+05:30,1384.199951171875,1384.5,1380.9000244140625,1381.5999755859375,111867.0,yahoo
ICICIBANK,5m,2026-09-11T15:05:00+05:30,1381.300048828125,1382.5999755859375,1380.5,1382.199951171875,130149.0,yahoo
ICICIBANK,5m,2026-09-11T15:10:00+05:30,1382.0999755859375,1382.800048828125,1381.5999755859375,1382.0999755859375,118417.0,yahoo
ICICIBANK,5m,2026-09-11T15:15:00+05:30,1381.5999755859375,1381.5999755859375,1379.300048828125,1379.300048828125,394743.0,yahoo
INDUSINDBK,5m,2026-09-11T09:15:00+05:30,987.0999755859375,987.0999755859375,980.2000122070312,983.2000122070312,0.0,yahoo
INDUSINDBK,5m,2026-09-11T09:20:00+05:30,983.0,985.2999877929688,982.5999755859375,984.2999877929688,18003.0,yahoo
INDUSINDBK,5m,2026-09-11T09:25:00+05:30,983.7999877929688,986.2000122070312,983.7999877929688,984.4000244140625,18308.0,yahoo
INDUSINDBK,5m,2026-09-11T09:30:00+05:30,984.7000122070312,985.0999755859375,983.7000122070312,983.7999877929688,11174.0,yahoo
INDUSINDBK,5m,2026-09-11T09:35:00+05:30,984.2000122070312,984.2999877929688,982.5,982.7999877929688,21096.0,yahoo
INDUSINDBK,5m,2026-09-11T09:40:00+05:30,982.5,983.9000244140625,981.5999755859375,982.0,44679.0,yahoo
INDUSINDBK,5m,2026-09-11T09:45:00+05:30,982.2999877929688,982.2999877929688,978.2999877929688,978.7999877929688,93056.0,yahoo
INDUSINDBK,5m,2026-09-11T09:50:00+05:30,978.9000244140625,979.4000244140625,978.7000122070312,979.4000244140625,16934.0,yahoo
INDUSINDBK,5m,2026-09-11T09:55:00+05:30,979.4000244140625,980.2999877929688,979.0999755859375,979.4000244140625,16975.0,yahoo
INDUSINDBK,5m,2026-09-11T10:00:00+05:30,979.5999755859375,982.2000122070312,979.0999755859375,982.0,15639.0,yahoo
INDUSINDBK,5m,2026-09-11T10:05:00+05:30,982.0,982.0,981.0,981.2000122070312,16044.0,yahoo
INDUSINDBK,5m,2026-09-11T10:10:00+05:30,981.2999877929688,981.5,980.5999755859375,981.4000244140625,15900.0,yahoo
INDUSINDBK,5m,2026-09-11T10:15:00+05:30,981.4000244140625,981.4000244140625,980.2000122070312,980.9000244140625,9546.0,yahoo
INDUSINDBK,5m,2026-09-11T10:20:00+05:30,980.9000244140625,982.7999877929688,980.9000244140625,982.4000244140625,8872.0,yahoo
INDUSINDBK,5m,2026-09-11T10:25:00+05:30,982.0999755859375,982.4000244140625,978.5999755859375,978.5999755859375,25038.0,yahoo
INDUSINDBK,5m,2026-09-11T10:30:00+05:30,978.5,978.9000244140625,977.4000244140625,978.9000244140625,15266.0,yahoo
INDUSINDBK,5m,2026-09-11T10:35:00+05:30,978.5999755859375,978.9000244140625,977.5,978.0,46856.0,yahoo
INDUSINDBK,5m,2026-09-11T10:40:00+05:30,977.9000244140625,978.7999877929688,977.9000244140625,978.7999877929688,23523.0,yahoo
INDUSINDBK,5m,2026-09-11T10:45:00+05:30,978.4000244140625,979.0999755859375,976.2000122070312,976.2000122070312,26797.0,yahoo
INDUSINDBK,5m,2026-09-11T10:50:00+05:30,976.2999877929688,976.7000122070312,974.4000244140625,975.0,139920.0,yahoo
INDUSINDBK,5m,2026-09-11T10:55:00+05:30,975.0,975.0,973.7000122070312,974.2000122070312,11815.0,yahoo
INDUSINDBK,5m,2026-09-11T11:00:00+05:30,974.2000122070312,975.2999877929688,974.2000122070312,974.4000244140625,7385.0,yahoo
INDUSINDBK,5m,2026-09-11T11:05:00+05:30,974.7000122070312,976.5,974.4000244140625,976.5,67806.0,yahoo
INDUSINDBK,5m,2026-09-11T11:10:00+05:30,976.5,980.2999877929688,976.5,980.0999755859375,28252.0,yahoo
INDUSINDBK,5m,2026-09-11T11:15:00+05:30,980.0999755859375,980.5,977.5,977.9000244140625,191309.0,yahoo
INDUSINDBK,5m,2026-09-11T11:20:00+05:30,977.7000122070312,978.0,976.5999755859375,977.9000244140625,23646.0,yahoo
INDUSINDBK,5m,2026-09-11T11:25:00+05:30,978.0,978.0,975.0,975.0,33133.0,yahoo
INDUSINDBK,5m,2026-09-11T11:30:00+05:30,975.0,976.2999877929688,974.7000122070312,976.2000122070312,22634.0,yahoo
INDUSINDBK,5m,2026-09-11T11:35:00+05:30,976.2000122070312,977.5999755859375,976.2000122070312,976.2000122070312,10227.0,yahoo
INDUSINDBK,5m,2026-09-11T11:40:00+05:30,976.5,977.7999877929688,976.4000244140625,977.5999755859375,5427.0,yahoo
INDUSINDBK,5m,2026-09-11T11:45:00+05:30,977.4000244140625,977.9000244140625,977.0,977.2000122070312,9393.0,yahoo
INDUSINDBK,5m,2026-09-11T11:50:00+05:30,977.4000244140625,977.7000122070312,975.7999877929688,975.7999877929688,24001.0,yahoo
INDUSINDBK,5m,2026-09-11T11:55:00+05:30,975.7999877929688,976.5,975.4000244140625,975.7000122070312,11108.0,yahoo
INDUSINDBK,5m,2026-09-11T12:00:00+05:30,975.7000122070312,976.5,975.7000122070312,976.2000122070312,8505.0,yahoo
INDUSINDBK,5m,2026-09-11T12:05:00+05:30,976.2000122070312,976.5999755859375,975.5,975.5,9077.0,yahoo
INDUSINDBK,5m,2026-09-11T12:10:00+05:30,975.5,975.7999877929688,974.2999877929688,975.2999877929688,14100.0,yahoo
INDUSINDBK,5m,2026-09-11T12:15:00+05:30,975.2999877929688,976.5,974.9000244140625,976.0999755859375,13552.0,yahoo
INDUSINDBK,5m,2026-09-11T12:20:00+05:30,976.0999755859375,976.9000244140625,976.0,976.9000244140625,15779.0,yahoo
INDUSINDBK,5m,2026-09-11T12:25:00+05:30,976.9000244140625,979.0999755859375,976.4000244140625,977.0,62901.0,yahoo
INDUSINDBK,5m,2026-09-11T12:30:00+05:30,977.0,977.0,976.2999877929688,976.7999877929688,14588.0,yahoo
INDUSINDBK,5m,2026-09-11T12:35:00+05:30,977.0,977.7999877929688,977.0,977.2000122070312,17604.0,yahoo
INDUSINDBK,5m,2026-09-11T12:40:00+05:30,977.4000244140625,977.5,976.7999877929688,977.2000122070312,21076.0,yahoo
INDUSINDBK,5m,2026-09-11T12:45:00+05:30,977.2000122070312,977.4000244140625,977.0999755859375,977.0999755859375,10176.0,yahoo
INDUSINDBK,5m,2026-09-11T12:50:00+05:30,977.4000244140625,978.0,977.0,977.9000244140625,12963.0,yahoo
INDUSINDBK,5m,2026-09-11T12:55:00+05:30,977.7999877929688,978.0,977.5999755859375,977.7999877929688,13612.0,yahoo
INDUSINDBK,5m,2026-09-11T13:00:00+05:30,977.7000122070312,978.0,976.2000122070312,976.5999755859375,19105.0,yahoo
INDUSINDBK,5m,2026-09-11T13:05:00+05:30,976.5999755859375,977.2999877929688,976.2999877929688,976.7000122070312,15424.0,yahoo
INDUSINDBK,5m,2026-09-11T13:10:00+05:30,976.4000244140625,977.2999877929688,976.2999877929688,976.7999877929688,16980.0,yahoo
INDUSINDBK,5m,2026-09-11T13:15:00+05:30,977.0,977.0,976.5,976.5,9369.0,yahoo
INDUSINDBK,5m,2026-09-11T13:20:00+05:30,976.4000244140625,976.5999755859375,975.9000244140625,976.2000122070312,14271.0,yahoo
INDUSINDBK,5m,2026-09-11T13:25:00+05:30,975.9000244140625,976.7999877929688,975.9000244140625,976.2999877929688,13267.0,yahoo
INDUSINDBK,5m,2026-09-11T13:30:00+05:30,976.2999877929688,977.5,976.2999877929688,976.7000122070312,14956.0,yahoo
INDUSINDBK,5m,2026-09-11T13:35:00+05:30,976.9000244140625,977.0999755859375,975.7000122070312,976.0999755859375,15140.0,yahoo
INDUSINDBK,5m,2026-09-11T13:40:00+05:30,976.2000122070312,976.4000244140625,974.7999877929688,975.5,18666.0,yahoo
INDUSINDBK,5m,2026-09-11T13:45:00+05:30,975.7000122070312,976.0,974.0,974.0,60353.0,yahoo
INDUSINDBK,5m,2026-09-11T13:50:00+05:30,974.2999877929688,975.7999877929688,973.7000122070312,973.7000122070312,87911.0,yahoo
INDUSINDBK,5m,2026-09-11T13:55:00+05:30,974.0999755859375,975.0,973.2999877929688,973.9000244140625,59745.0,yahoo
INDUSINDBK,5m,2026-09-11T14:00:00+05:30,973.5999755859375,975.0,973.0,974.7999877929688,27218.0,yahoo
INDUSINDBK,5m,2026-09-11T14:05:00+05:30,974.2000122070312,974.7999877929688,973.2999877929688,973.7000122070312,88052.0,yahoo
INDUSINDBK,5m,2026-09-11T14:10:00+05:30,973.7000122070312,974.0,973.2999877929688,973.5999755859375,14362.0,yahoo
INDUSINDBK,5m,2026-09-11T14:15:00+05:30,973.5999755859375,974.2999877929688,972.7000122070312,973.5,45165.0,yahoo
INDUSINDBK,5m,2026-09-11T14:20:00+05:30,973.0,974.5,972.4000244140625,974.5,90950.0,yahoo
INDUSINDBK,5m,2026-09-11T14:25:00+05:30,974.5,975.5,974.0999755859375,974.7000122070312,24313.0,yahoo
INDUSINDBK,5m,2026-09-11T14:30:00+05:30,974.7999877929688,975.7000122070312,974.7000122070312,975.2000122070312,30143.0,yahoo
INDUSINDBK,5m,2026-09-11T14:35:00+05:30,975.0999755859375,977.4000244140625,974.9000244140625,977.0,55231.0,yahoo
INDUSINDBK,5m,2026-09-11T14:40:00+05:30,977.0999755859375,978.9000244140625,976.5,978.0,58309.0,yahoo
INDUSINDBK,5m,2026-09-11T14:45:00+05:30,978.0,978.5999755859375,977.5999755859375,978.0,38512.0,yahoo
INDUSINDBK,5m,2026-09-11T14:50:00+05:30,978.0,978.2000122070312,977.2000122070312,977.7000122070312,33622.0,yahoo
INDUSINDBK,5m,2026-09-11T14:55:00+05:30,977.7000122070312,978.0999755859375,977.0,977.7000122070312,55342.0,yahoo
INDUSINDBK,5m,2026-09-11T15:00:00+05:30,977.4000244140625,979.2999877929688,977.0,978.9000244140625,94227.0,yahoo
INDUSINDBK,5m,2026-09-11T15:05:00+05:30,978.5999755859375,980.7000122070312,977.9000244140625,979.7000122070312,90023.0,yahoo
INDUSINDBK,5m,2026-09-11T15:10:00+05:30,979.5999755859375,981.0,978.5999755859375,981.0,94692.0,yahoo
INDUSINDBK,5m,2026-09-11T15:15:00+05:30,978.2000122070312,978.2000122070312,978.2000122070312,978.2000122070312,22778.0,yahoo
INFY,5m,2026-09-11T09:15:00+05:30,1031.5,1045.9000244140625,1030.5999755859375,1045.199951171875,0.0,yahoo
INFY,5m,2026-09-11T09:20:00+05:30,1045.300048828125,1047.0999755859375,1041.0999755859375,1042.300048828125,300938.0,yahoo
INFY,5m,2026-09-11T09:25:00+05:30,1042.4000244140625,1042.4000244140625,1036.699951171875,1041.0999755859375,177769.0,yahoo
INFY,5m,2026-09-11T09:30:00+05:30,1041.0999755859375,1041.9000244140625,1037.5999755859375,1040.4000244140625,111890.0,yahoo
INFY,5m,2026-09-11T09:35:00+05:30,1040.4000244140625,1043.0,1040.0,1042.699951171875,82123.0,yahoo
INFY,5m,2026-09-11T09:40:00+05:30,1042.800048828125,1042.9000244140625,1041.5,1042.5,72562.0,yahoo
INFY,5m,2026-09-11T09:45:00+05:30,1043.0999755859375,1043.300048828125,1041.199951171875,1041.800048828125,71386.0,yahoo
INFY,5m,2026-09-11T09:50:00+05:30,1041.800048828125,1042.0,1040.300048828125,1040.9000244140625,56501.0,yahoo
INFY,5m,2026-09-11T09:55:00+05:30,1040.9000244140625,1041.300048828125,1039.300048828125,1040.699951171875,66397.0,yahoo
INFY,5m,2026-09-11T10:00:00+05:30,1040.699951171875,1042.5,1040.300048828125,1042.0,47074.0,yahoo
INFY,5m,2026-09-11T10:05:00+05:30,1041.9000244140625,1042.0,1039.0,1039.5999755859375,70209.0,yahoo
INFY,5m,2026-09-11T10:10:00+05:30,1039.199951171875,1040.199951171875,1039.0,1039.5999755859375,72855.0,yahoo
INFY,5m,2026-09-11T10:15:00+05:30,1039.0,1039.0999755859375,1037.699951171875,1039.0,53215.0,yahoo
INFY,5m,2026-09-11T10:20:00+05:30,1039.300048828125,1040.0,1038.4000244140625,1038.800048828125,59566.0,yahoo
INFY,5m,2026-09-11T10:25:00+05:30,1038.9000244140625,1039.5,1037.699951171875,1038.199951171875,42858.0,yahoo
INFY,5m,2026-09-11T10:30:00+05:30,1038.199951171875,1039.9000244140625,1038.199951171875,1038.699951171875,75419.0,yahoo
INFY,5m,2026-09-11T10:35:00+05:30,1038.800048828125,1039.0999755859375,1037.699951171875,1037.9000244140625,82232.0,yahoo
INFY,5m,2026-09-11T10:40:00+05:30,1037.9000244140625,1040.0,1037.0,1039.699951171875,68164.0,yahoo
INFY,5m,2026-09-11T10:45:00+05:30,1040.0,1041.0,1037.5999755859375,1037.699951171875,106707.0,yahoo
INFY,5m,2026-09-11T10:50:00+05:30,1037.800048828125,1038.0999755859375,1037.199951171875,1037.9000244140625,32854.0,yahoo
INFY,5m,2026-09-11T10:55:00+05:30,1037.9000244140625,1038.9000244140625,1037.800048828125,1038.4000244140625,28955.0,yahoo
INFY,5m,2026-09-11T11:00:00+05:30,1038.4000244140625,1039.5,1037.800048828125,1039.0,66308.0,yahoo
INFY,5m,2026-09-11T11:05:00+05:30,1039.4000244140625,1040.0,1039.0,1039.699951171875,42194.0,yahoo
INFY,5m,2026-09-11T11:10:00+05:30,1039.9000244140625,1040.4000244140625,1039.4000244140625,1040.0,89054.0,yahoo
INFY,5m,2026-09-11T11:15:00+05:30,1039.9000244140625,1041.0,1039.800048828125,1040.0999755859375,115231.0,yahoo
INFY,5m,2026-09-11T11:20:00+05:30,1040.0999755859375,1040.699951171875,1039.0999755859375,1039.5,48733.0,yahoo
INFY,5m,2026-09-11T11:25:00+05:30,1039.4000244140625,1039.5,1038.699951171875,1039.4000244140625,65313.0,yahoo
INFY,5m,2026-09-11T11:30:00+05:30,1039.5,1041.4000244140625,1039.199951171875,1040.300048828125,210579.0,yahoo
INFY,5m,2026-09-11T11:35:00+05:30,1040.5999755859375,1042.800048828125,1039.5,1042.800048828125,86944.0,yahoo
INFY,5m,2026-09-11T11:40:00+05:30,1042.5,1044.5,1041.300048828125,1041.300048828125,130943.0,yahoo
INFY,5m,2026-09-11T11:45:00+05:30,1041.5999755859375,1042.300048828125,1040.800048828125,1041.0,64944.0,yahoo
INFY,5m,2026-09-11T11:50:00+05:30,1041.0,1041.4000244140625,1040.699951171875,1041.0999755859375,43659.0,yahoo
INFY,5m,2026-09-11T11:55:00+05:30,1041.0999755859375,1042.0,1041.0999755859375,1041.800048828125,44277.0,yahoo
INFY,5m,2026-09-11T12:00:00+05:30,1042.0,1042.0,1039.4000244140625,1040.4000244140625,59932.0,yahoo
INFY,5m,2026-09-11T12:05:00+05:30,1040.5,1040.800048828125,1039.800048828125,1040.5,45918.0,yahoo
INFY,5m,2026-09-11T12:10:00+05:30,1039.9000244140625,1040.800048828125,1039.800048828125,1040.800048828125,49777.0,yahoo
INFY,5m,2026-09-11T12:15:00+05:30,1040.800048828125,1040.800048828125,1039.9000244140625,1040.4000244140625,55228.0,yahoo
INFY,5m,2026-09-11T12:20:00+05:30,1040.4000244140625,1040.9000244140625,1040.199951171875,1040.4000244140625,31217.0,yahoo
INFY,5m,2026-09-11T12:25:00+05:30,1040.4000244140625,1040.9000244140625,1040.199951171875,1040.4000244140625,31863.0,yahoo
INFY,5m,2026-09-11T12:30:00+05:30,1040.300048828125,1040.5999755859375,1039.9000244140625,1040.0999755859375,36133.0,yahoo
INFY,5m,2026-09-11T12:35:00+05:30,1040.0999755859375,1040.699951171875,1039.5999755859375,1040.0999755859375,36022.0,yahoo
INFY,5m,2026-09-11T12:40:00+05:30,1040.0999755859375,1040.300048828125,1039.5,1039.800048828125,44653.0,yahoo
INFY,5m,2026-09-11T12:45:00+05:30,1039.800048828125,1040.0,1038.9000244140625,1038.9000244140625,55172.0,yahoo
INFY,5m,2026-09-11T12:50:00+05:30,1039.199951171875,1042.0,1039.0,1042.0,79293.0,yahoo
INFY,5m,2026-09-11T12:55:00+05:30,1042.300048828125,1042.9000244140625,1042.300048828125,1042.5999755859375,44058.0,yahoo
INFY,5m,2026-09-11T13:00:00+05:30,1042.5999755859375,1042.699951171875,1041.699951171875,1042.0,32152.0,yahoo
INFY,5m,2026-09-11T13:05:00+05:30,1041.800048828125,1042.199951171875,1040.5999755859375,1041.0999755859375,47514.0,yahoo
INFY,5m,2026-09-11T13:10:00+05:30,1041.199951171875,1042.300048828125,1040.5999755859375,1041.300048828125,48478.0,yahoo
INFY,5m,2026-09-11T13:15:00+05:30,1041.300048828125,1041.5,1040.5,1040.5999755859375,28719.0,yahoo
INFY,5m,2026-09-11T13:20:00+05:30,1040.800048828125,1041.300048828125,1040.699951171875,1040.699951171875,31804.0,yahoo
INFY,5m,2026-09-11T13:25:00+05:30,1040.699951171875,1040.800048828125,1039.699951171875,1039.800048828125,40169.0,yahoo
INFY,5m,2026-09-11T13:30:00+05:30,1039.800048828125,1040.5999755859375,1039.699951171875,1040.0,32788.0,yahoo
INFY,5m,2026-09-11T13:35:00+05:30,1040.0,1040.5,1039.5,1040.199951171875,48914.0,yahoo
INFY,5m,2026-09-11T13:40:00+05:30,1040.4000244140625,1040.699951171875,1038.5999755859375,1039.699951171875,39256.0,yahoo
INFY,5m,2026-09-11T13:45:00+05:30,1039.5999755859375,1039.800048828125,1038.800048828125,1039.199951171875,131411.0,yahoo
INFY,5m,2026-09-11T13:50:00+05:30,1038.800048828125,1039.199951171875,1037.800048828125,1038.0,78443.0,yahoo
INFY,5m,2026-09-11T13:55:00+05:30,1038.0,1039.699951171875,1038.0,1038.800048828125,58138.0,yahoo
INFY,5m,2026-09-11T14:00:00+05:30,1038.800048828125,1040.5,1038.800048828125,1039.5999755859375,78293.0,yahoo
INFY,5m,2026-09-11T14:05:00+05:30,1039.5999755859375,1039.9000244140625,1039.0999755859375,1039.300048828125,60883.0,yahoo
INFY,5m,2026-09-11T14:10:00+05:30,1039.4000244140625,1039.800048828125,1039.0,1039.5999755859375,32695.0,yahoo
INFY,5m,2026-09-11T14:15:00+05:30,1039.699951171875,1040.0999755859375,1039.4000244140625,1039.4000244140625,47552.0,yahoo
INFY,5m,2026-09-11T14:20:00+05:30,1039.4000244140625,1039.800048828125,1039.0,1039.5,40567.0,yahoo
INFY,5m,2026-09-11T14:25:00+05:30,1039.5,1039.5,1038.800048828125,1039.300048828125,47247.0,yahoo
INFY,5m,2026-09-11T14:30:00+05:30,1039.300048828125,1039.5,1038.0999755859375,1038.199951171875,104393.0,yahoo
INFY,5m,2026-09-11T14:35:00+05:30,1038.199951171875,1038.5999755859375,1037.9000244140625,1038.5999755859375,67691.0,yahoo
INFY,5m,2026-09-11T14:40:00+05:30,1038.4000244140625,1038.5,1037.5999755859375,1038.0,64008.0,yahoo
INFY,5m,2026-09-11T14:45:00+05:30,1038.0,1038.0,1037.300048828125,1037.9000244140625,44294.0,yahoo
INFY,5m,2026-09-11T14:50:00+05:30,1037.800048828125,1038.800048828125,1037.199951171875,1038.0,123699.0,yahoo
INFY,5m,2026-09-11T14:55:00+05:30,1038.199951171875,1038.300048828125,1037.4000244140625,1038.0,151309.0,yahoo
INFY,5m,2026-09-11T15:00:00+05:30,1037.9000244140625,1038.0,1036.800048828125,1037.5999755859375,131779.0,yahoo
INFY,5m,2026-09-11T15:05:00+05:30,1037.5,1037.5,1037.0,1037.199951171875,95443.0,yahoo
INFY,5m,2026-09-11T15:10:00+05:30,1037.199951171875,1038.5,1037.199951171875,1038.0,254368.0,yahoo
INFY,5m,2026-09-11T15:15:00+05:30,1038.699951171875,1038.699951171875,1037.699951171875,1037.699951171875,359269.0,yahoo
ITC,5m,2026-09-11T09:15:00+05:30,258.0,260.1499938964844,258.0,260.1000061035156,0.0,yahoo
ITC,5m,2026-09-11T09:20:00+05:30,260.1000061035156,260.5,260.0,260.3999938964844,252707.0,yahoo
ITC,5m,2026-09-11T09:25:00+05:30,260.20001220703125,260.20001220703125,259.20001220703125,259.3500061035156,264792.0,yahoo
ITC,5m,2026-09-11T09:30:00+05:30,259.3999938964844,259.8500061035156,259.3500061035156,259.70001220703125,295294.0,yahoo
ITC,5m,2026-09-11T09:35:00+05:30,259.70001220703125,260.1499938964844,259.70001220703125,260.04998779296875,196236.0,yahoo
ITC,5m,2026-09-11T09:40:00+05:30,260.04998779296875,260.3999938964844,260.0,260.25,147979.0,yahoo
ITC,5m,2026-09-11T09:45:00+05:30,260.3999938964844,260.75,260.25,260.54998779296875,243371.0,yahoo
ITC,5m,2026-09-11T09:50:00+05:30,260.54998779296875,260.54998779296875,260.25,260.54998779296875,121996.0,yahoo
ITC,5m,2026-09-11T09:55:00+05:30,260.54998779296875,260.6499938964844,260.29998779296875,260.3500061035156,145724.0,yahoo
ITC,5m,2026-09-11T10:00:00+05:30,260.29998779296875,260.6000061035156,260.20001220703125,260.6000061035156,161491.0,yahoo
ITC,5m,2026-09-11T10:05:00+05:30,260.5,260.6499938964844,260.1499938964844,260.6499938964844,267700.0,yahoo
ITC,5m,2026-09-11T10:10:00+05:30,260.75,260.75,260.45001220703125,260.5,104885.0,yahoo
ITC,5m,2026-09-11T10:15:00+05:30,260.6000061035156,260.6000061035156,260.29998779296875,260.5,84868.0,yahoo
ITC,5m,2026-09-11T10:20:00+05:30,260.5,260.8500061035156,260.45001220703125,260.6499938964844,96829.0,yahoo
ITC,5m,2026-09-11T10:25:00+05:30,260.75,260.79998779296875,260.5,260.6000061035156,85847.0,yahoo
ITC,5m,2026-09-11T10:30:00+05:30,260.6000061035156,260.6000061035156,260.3500061035156,260.5,88142.0,yahoo
ITC,5m,2026-09-11T10:35:00+05:30,260.54998779296875,260.79998779296875,260.45001220703125,260.45001220703125,83903.0,yahoo
ITC,5m,2026-09-11T10:40:00+05:30,260.45001220703125,260.79998779296875,260.45001220703125,260.79998779296875,58561.0,yahoo
ITC,5m,2026-09-11T10:45:00+05:30,260.79998779296875,261.0,260.6499938964844,260.8500061035156,131165.0,yahoo
ITC,5m,2026-09-11T10:50:00+05:30,260.75,260.8500061035156,260.6000061035156,260.6000061035156,63117.0,yahoo
ITC,5m,2026-09-11T10:55:00+05:30,260.6499938964844,260.75,260.5,260.70001220703125,74930.0,yahoo
ITC,5m,2026-09-11T11:00:00+05:30,260.75,260.8999938964844,260.29998779296875,260.6000061035156,476079.0,yahoo
ITC,5m,2026-09-11T11:05:00+05:30,260.6000061035156,260.8500061035156,260.54998779296875,260.8500061035156,59231.0,yahoo
ITC,5m,2026-09-11T11:10:00+05:30,260.3999938964844,260.6499938964844,260.0,260.45001220703125,464150.0,yahoo
ITC,5m,2026-09-11T11:15:00+05:30,260.54998779296875,260.75,260.3999938964844,260.5,71095.0,yahoo
ITC,5m,2026-09-11T11:20:00+05:30,260.5,260.6499938964844,260.25,260.6499938964844,48306.0,yahoo
ITC,5m,2026-09-11T11:25:00+05:30,260.6000061035156,260.70001220703125,260.45001220703125,260.6499938964844,84933.0,yahoo
ITC,5m,2026-09-11T11:30:00+05:30,260.54998779296875,260.8500061035156,260.54998779296875,260.75,75266.0,yahoo
ITC,5m,2026-09-11T11:35:00+05:30,260.79998779296875,260.95001220703125,260.75,260.8999938964844,57835.0,yahoo
ITC,5m,2026-09-11T11:40:00+05:30,260.8500061035156,261.04998779296875,260.79998779296875,261.04998779296875,156882.0,yahoo
ITC,5m,2026-09-11T11:45:00+05:30,261.04998779296875,261.20001220703125,260.8999938964844,260.95001220703125,155166.0,yahoo
ITC,5m,2026-09-11T11:50:00+05:30,260.95001220703125,260.95001220703125,260.75,260.8999938964844,55655.0,yahoo
ITC,5m,2026-09-11T11:55:00+05:30,260.8999938964844,260.95001220703125,260.29998779296875,260.3999938964844,446256.0,yahoo
ITC,5m,2026-09-11T12:00:00+05:30,260.45001220703125,260.6000061035156,260.3500061035156,260.6000061035156,58018.0,yahoo
ITC,5m,2026-09-11T12:05:00+05:30,260.6000061035156,260.79998779296875,260.5,260.79998779296875,65236.0,yahoo
ITC,5m,2026-09-11T12:10:00+05:30,260.70001220703125,260.79998779296875,260.6000061035156,260.70001220703125,76879.0,yahoo
ITC,5m,2026-09-11T12:15:00+05:30,260.6499938964844,260.95001220703125,260.6000061035156,260.8500061035156,77403.0,yahoo
ITC,5m,2026-09-11T12:20:00+05:30,260.8500061035156,261.0,260.8500061035156,260.95001220703125,63302.0,yahoo
ITC,5m,2026-09-11T12:25:00+05:30,261.0,261.20001220703125,260.79998779296875,260.95001220703125,115303.0,yahoo
ITC,5m,2026-09-11T12:30:00+05:30,260.95001220703125,261.1000061035156,260.8999938964844,261.0,52818.0,yahoo
ITC,5m,2026-09-11T12:35:00+05:30,261.0,261.1499938964844,261.0,261.04998779296875,89585.0,yahoo
ITC,5m,2026-09-11T12:40:00+05:30,261.04998779296875,261.04998779296875,260.25,260.45001220703125,483536.0,yahoo
ITC,5m,2026-09-11T12:45:00+05:30,260.5,260.6000061035156,260.3500061035156,260.3500061035156,83356.0,yahoo
ITC,5m,2026-09-11T12:50:00+05:30,260.3500061035156,260.5,259.95001220703125,260.04998779296875,412061.0,yahoo
ITC,5m,2026-09-11T12:55:00+05:30,260.04998779296875,260.29998779296875,260.0,260.25,79249.0,yahoo
ITC,5m,2026-09-11T13:00:00+05:30,260.25,260.3999938964844,260.25,260.3999938964844,61341.0,yahoo
ITC,5m,2026-09-11T13:05:00+05:30,260.29998779296875,260.54998779296875,260.25,260.45001220703125,69371.0,yahoo
ITC,5m,2026-09-11T13:10:00+05:30,260.3999938964844,260.6000061035156,260.3999938964844,260.5,71644.0,yahoo
ITC,5m,2026-09-11T13:15:00+05:30,260.5,260.54998779296875,259.95001220703125,259.95001220703125,130224.0,yahoo
ITC,5m,2026-09-11T13:20:00+05:30,259.95001220703125,260.54998779296875,259.95001220703125,260.54998779296875,223056.0,yahoo
ITC,5m,2026-09-11T13:25:00+05:30,260.54998779296875,260.70001220703125,260.5,260.5,79187.0,yahoo
ITC,5m,2026-09-11T13:30:00+05:30,260.5,260.75,260.5,260.70001220703125,50453.0,yahoo
ITC,5m,2026-09-11T13:35:00+05:30,260.75,260.8500061035156,260.70001220703125,260.79998779296875,70425.0,yahoo
ITC,5m,2026-09-11T13:40:00+05:30,260.79998779296875,260.8500061035156,260.29998779296875,260.6499938964844,80445.0,yahoo
ITC,5m,2026-09-11T13:45:00+05:30,260.6499938964844,260.79998779296875,260.3999938964844,260.75,71478.0,yahoo
ITC,5m,2026-09-11T13:50:00+05:30,260.79998779296875,260.95001220703125,260.54998779296875,260.8500061035156,103459.0,yahoo
ITC,5m,2026-09-11T13:55:00+05:30,260.75,261.0,260.70001220703125,260.75,100795.0,yahoo
ITC,5m,2026-09-11T14:00:00+05:30,260.75,261.29998779296875,260.6000061035156,261.29998779296875,127030.0,yahoo
ITC,5m,2026-09-11T14:05:00+05:30,261.20001220703125,261.29998779296875,261.0,261.1000061035156,72504.0,yahoo
ITC,5m,2026-09-11T14:10:00+05:30,261.1499938964844,261.29998779296875,261.0,261.25,97425.0,yahoo
ITC,5m,2026-09-11T14:15:00+05:30,261.20001220703125,261.3500061035156,261.1499938964844,261.25,82338.0,yahoo
ITC,5m,2026-09-11T14:20:00+05:30,261.25,261.45001220703125,261.20001220703125,261.45001220703125,67404.0,yahoo
ITC,5m,2026-09-11T14:25:00+05:30,261.45001220703125,261.5,261.29998779296875,261.3999938964844,113539.0,yahoo
ITC,5m,2026-09-11T14:30:00+05:30,261.29998779296875,261.45001220703125,261.25,261.3999938964844,65025.0,yahoo
ITC,5m,2026-09-11T14:35:00+05:30,261.3999938964844,261.5,261.3500061035156,261.45001220703125,72447.0,yahoo
ITC,5m,2026-09-11T14:40:00+05:30,261.45001220703125,261.6000061035156,261.3999938964844,261.5,110951.0,yahoo
ITC,5m,2026-09-11T14:45:00+05:30,261.5,261.5,261.25,261.3500061035156,173120.0,yahoo
ITC,5m,2026-09-11T14:50:00+05:30,261.29998779296875,261.54998779296875,261.29998779296875,261.54998779296875,107123.0,yahoo
ITC,5m,2026-09-11T14:55:00+05:30,261.5,261.6000061035156,261.3500061035156,261.54998779296875,180252.0,yahoo
ITC,5m,2026-09-11T15:00:00+05:30,261.3999938964844,261.3999938964844,260.8500061035156,260.8500061035156,223678.0,yahoo
ITC,5m,2026-09-11T15:05:00+05:30,260.95001220703125,261.04998779296875,260.8500061035156,261.0,214750.0,yahoo
ITC,5m,2026-09-11T15:10:00+05:30,261.0,261.5,259.8500061035156,259.8500061035156,979684.0,yahoo
JIOFIN,5m,2026-09-11T09:15:00+05:30,228.25,228.25,226.89999389648438,227.16000366210938,0.0,yahoo
JIOFIN,5m,2026-09-11T09:20:00+05:30,227.17999267578125,227.17999267578125,226.60000610351562,227.1300048828125,543915.0,yahoo
JIOFIN,5m,2026-09-11T09:25:00+05:30,227.13999938964844,227.9199981689453,227.0500030517578,227.5800018310547,392211.0,yahoo
JIOFIN,5m,2026-09-11T09:30:00+05:30,227.4499969482422,227.7100067138672,227.1999969482422,227.66000366210938,266115.0,yahoo
JIOFIN,5m,2026-09-11T09:35:00+05:30,227.67999267578125,228.1300048828125,227.41000366210938,227.6999969482422,300590.0,yahoo
JIOFIN,5m,2026-09-11T09:40:00+05:30,227.69000244140625,227.91000366210938,227.1999969482422,227.3000030517578,225209.0,yahoo
JIOFIN,5m,2026-09-11T09:45:00+05:30,227.39999389648438,227.63999938964844,227.3000030517578,227.6300048828125,141191.0,yahoo
JIOFIN,5m,2026-09-11T09:50:00+05:30,227.6999969482422,227.8000030517578,227.5399932861328,227.5800018310547,92345.0,yahoo
JIOFIN,5m,2026-09-11T09:55:00+05:30,227.52999877929688,227.6999969482422,227.4600067138672,227.5,99252.0,yahoo
JIOFIN,5m,2026-09-11T10:00:00+05:30,227.5,227.97999572753906,227.4499969482422,227.88999938964844,121075.0,yahoo
JIOFIN,5m,2026-09-11T10:05:00+05:30,227.89999389648438,228.10000610351562,227.85000610351562,228.10000610351562,105818.0,yahoo
JIOFIN,5m,2026-09-11T10:10:00+05:30,228.14999389648438,228.35000610351562,228.05999755859375,228.3000030517578,117377.0,yahoo
JIOFIN,5m,2026-09-11T10:15:00+05:30,228.3000030517578,228.3000030517578,228.10000610351562,228.1999969482422,75555.0,yahoo
JIOFIN,5m,2026-09-11T10:20:00+05:30,228.16000366210938,228.3000030517578,228.0399932861328,228.11000061035156,88046.0,yahoo
JIOFIN,5m,2026-09-11T10:25:00+05:30,228.13999938964844,228.13999938964844,227.6199951171875,227.6999969482422,121366.0,yahoo
JIOFIN,5m,2026-09-11T10:30:00+05:30,227.7100067138672,227.7100067138672,226.91000366210938,227.0,854318.0,yahoo
JIOFIN,5m,2026-09-11T10:35:00+05:30,227.0,227.0,226.9499969482422,227.0,400008.0,yahoo
JIOFIN,5m,2026-09-11T10:40:00+05:30,226.9600067138672,227.0,226.8800048828125,227.0,437294.0,yahoo
JIOFIN,5m,2026-09-11T10:45:00+05:30,227.0,227.25,226.75,226.8000030517578,559546.0,yahoo
JIOFIN,5m,2026-09-11T10:50:00+05:30,226.8000030517578,226.8000030517578,226.60000610351562,226.64999389648438,217494.0,yahoo
JIOFIN,5m,2026-09-11T10:55:00+05:30,226.6999969482422,226.6999969482422,226.4499969482422,226.47999572753906,286415.0,yahoo
JIOFIN,5m,2026-09-11T11:00:00+05:30,226.50999450683594,226.72999572753906,226.50999450683594,226.64999389648438,104185.0,yahoo
JIOFIN,5m,2026-09-11T11:05:00+05:30,226.72999572753906,226.97999572753906,226.67999267578125,226.9499969482422,84546.0,yahoo
JIOFIN,5m,2026-09-11T11:10:00+05:30,226.9499969482422,227.0,226.9499969482422,227.0,997334.0,yahoo
JIOFIN,5m,2026-09-11T11:15:00+05:30,227.0,227.47000122070312,226.86000061035156,227.3000030517578,1261790.0,yahoo
JIOFIN,5m,2026-09-11T11:20:00+05:30,227.3800048828125,227.3800048828125,227.10000610351562,227.2100067138672,204954.0,yahoo
JIOFIN,5m,2026-09-11T11:25:00+05:30,227.2100067138672,227.2899932861328,226.94000244140625,227.0,181760.0,yahoo
JIOFIN,5m,2026-09-11T11:30:00+05:30,227.02000427246094,227.08999633789062,226.92999267578125,227.02999877929688,116649.0,yahoo
JIOFIN,5m,2026-09-11T11:35:00+05:30,226.9499969482422,227.25,226.94000244140625,227.02999877929688,108826.0,yahoo
JIOFIN,5m,2026-09-11T11:40:00+05:30,227.00999450683594,227.25,227.00999450683594,227.1999969482422,115207.0,yahoo
JIOFIN,5m,2026-09-11T11:45:00+05:30,227.2100067138672,227.25,226.72000122070312,226.82000732421875,201376.0,yahoo
JIOFIN,5m,2026-09-11T11:50:00+05:30,226.75999450683594,226.92999267578125,226.6999969482422,226.85000610351562,103977.0,yahoo
JIOFIN,5m,2026-09-11T11:55:00+05:30,226.83999633789062,226.85000610351562,226.6999969482422,226.8300018310547,89883.0,yahoo
JIOFIN,5m,2026-09-11T12:00:00+05:30,226.8300018310547,227.05999755859375,226.80999755859375,226.94000244140625,81106.0,yahoo
JIOFIN,5m,2026-09-11T12:05:00+05:30,226.99000549316406,227.0399932861328,226.91000366210938,226.92999267578125,101754.0,yahoo
JIOFIN,5m,2026-09-11T12:10:00+05:30,226.9600067138672,226.9600067138672,226.60000610351562,226.74000549316406,138196.0,yahoo
JIOFIN,5m,2026-09-11T12:15:00+05:30,226.7899932861328,226.9600067138672,226.6999969482422,226.7899932861328,92716.0,yahoo
JIOFIN,5m,2026-09-11T12:20:00+05:30,226.88999938964844,226.88999938964844,226.63999938964844,226.77000427246094,114709.0,yahoo
JIOFIN,5m,2026-09-11T12:25:00+05:30,226.77000427246094,226.77000427246094,226.61000061035156,226.69000244140625,127984.0,yahoo
JIOFIN,5m,2026-09-11T12:30:00+05:30,226.6999969482422,226.77000427246094,226.64999389648438,226.6999969482422,45573.0,yahoo
JIOFIN,5m,2026-09-11T12:35:00+05:30,226.6999969482422,226.7899932861328,226.66000366210938,226.7899932861328,59569.0,yahoo
JIOFIN,5m,2026-09-11T12:40:00+05:30,226.7899932861328,227.10000610351562,226.72000122070312,227.02999877929688,100305.0,yahoo
JIOFIN,5m,2026-09-11T12:45:00+05:30,227.02000427246094,227.0500030517578,226.77999877929688,226.92999267578125,104854.0,yahoo
JIOFIN,5m,2026-09-11T12:50:00+05:30,226.92999267578125,227.0,226.86000061035156,227.0,83305.0,yahoo
JIOFIN,5m,2026-09-11T12:55:00+05:30,227.0,227.25,226.9600067138672,227.24000549316406,172305.0,yahoo
JIOFIN,5m,2026-09-11T13:00:00+05:30,227.24000549316406,227.24000549316406,226.92999267578125,227.00999450683594,196610.0,yahoo
JIOFIN,5m,2026-09-11T13:05:00+05:30,227.0,227.0500030517578,226.89999389648438,226.99000549316406,80527.0,yahoo
JIOFIN,5m,2026-09-11T13:10:00+05:30,226.99000549316406,227.0800018310547,226.89999389648438,226.9499969482422,61348.0,yahoo
JIOFIN,5m,2026-09-11T13:15:00+05:30,226.9499969482422,227.0500030517578,226.80999755859375,226.89999389648438,125580.0,yahoo
JIOFIN,5m,2026-09-11T13:20:00+05:30,226.8300018310547,226.99000549316406,226.82000732421875,226.9499969482422,55023.0,yahoo
JIOFIN,5m,2026-09-11T13:25:00+05:30,226.9499969482422,227.0,226.86000061035156,226.92999267578125,81391.0,yahoo
JIOFIN,5m,2026-09-11T13:30:00+05:30,226.99000549316406,227.10000610351562,226.92999267578125,227.10000610351562,90782.0,yahoo
JIOFIN,5m,2026-09-11T13:35:00+05:30,227.02000427246094,227.1300048828125,226.9199981689453,227.05999755859375,117520.0,yahoo
JIOFIN,5m,2026-09-11T13:40:00+05:30,227.00999450683594,227.07000732421875,226.7100067138672,226.8800048828125,218481.0,yahoo
JIOFIN,5m,2026-09-11T13:45:00+05:30,226.8699951171875,227.0,226.75,226.94000244140625,83456.0,yahoo
JIOFIN,5m,2026-09-11T13:50:00+05:30,226.9600067138672,227.5399932861328,226.94000244140625,227.32000732421875,271116.0,yahoo
JIOFIN,5m,2026-09-11T13:55:00+05:30,227.3000030517578,228.1999969482422,227.3000030517578,228.1699981689453,488377.0,yahoo
JIOFIN,5m,2026-09-11T14:00:00+05:30,228.19000244140625,229.2100067138672,228.10000610351562,229.02000427246094,732416.0,yahoo
JIOFIN,5m,2026-09-11T14:05:00+05:30,229.0500030517578,229.69000244140625,228.5,229.55999755859375,783594.0,yahoo
JIOFIN,5m,2026-09-11T14:10:00+05:30,229.5500030517578,229.55999755859375,228.89999389648438,229.14999389648438,425926.0,yahoo
JIOFIN,5m,2026-09-11T14:15:00+05:30,229.14999389648438,231.32000732421875,228.9499969482422,229.89999389648438,1333005.0,yahoo
JIOFIN,5m,2026-09-11T14:20:00+05:30,229.89999389648438,230.0,229.3300018310547,229.5,857940.0,yahoo
JIOFIN,5m,2026-09-11T14:25:00+05:30,229.5,229.6300048828125,229.10000610351562,229.27999877929688,429291.0,yahoo
JIOFIN,5m,2026-09-11T14:30:00+05:30,229.3000030517578,229.9499969482422,229.27000427246094,229.36000061035156,1086914.0,yahoo
JIOFIN,5m,2026-09-11T14:35:00+05:30,229.3699951171875,229.8699951171875,229.35000610351562,229.4600067138672,241156.0,yahoo
JIOFIN,5m,2026-09-11T14:40:00+05:30,229.52000427246094,229.7100067138672,229.35000610351562,229.67999267578125,201972.0,yahoo
JIOFIN,5m,2026-09-11T14:45:00+05:30,229.6699981689453,229.6699981689453,229.3300018310547,229.36000061035156,98611.0,yahoo
JIOFIN,5m,2026-09-11T14:50:00+05:30,229.36000061035156,229.5399932861328,229.32000732421875,229.4499969482422,350694.0,yahoo
JIOFIN,5m,2026-09-11T14:55:00+05:30,229.5,229.58999633789062,229.2899932861328,229.2899932861328,361003.0,yahoo
JIOFIN,5m,2026-09-11T15:00:00+05:30,229.2899932861328,229.58999633789062,229.2899932861328,229.3699951171875,332213.0,yahoo
JIOFIN,5m,2026-09-11T15:05:00+05:30,229.32000732421875,229.75,229.32000732421875,229.72000122070312,468364.0,yahoo
JIOFIN,5m,2026-09-11T15:10:00+05:30,229.6999969482422,230.5,229.64999389648438,230.10000610351562,818853.0,yahoo
JIOFIN,5m,2026-09-11T15:15:00+05:30,230.3000030517578,230.3000030517578,229.89999389648438,229.89999389648438,381686.0,yahoo
JSWENERGY,5m,2026-09-11T09:15:00+05:30,525.9000244140625,525.9000244140625,524.4000244140625,525.5499877929688,0.0,yahoo
JSWENERGY,5m,2026-09-11T09:20:00+05:30,525.2000122070312,526.5499877929688,524.5999755859375,526.4000244140625,28499.0,yahoo
JSWENERGY,5m,2026-09-11T09:25:00+05:30,526.3499755859375,526.3499755859375,524.7999877929688,524.7999877929688,15171.0,yahoo
JSWENERGY,5m,2026-09-11T09:30:00+05:30,524.7000122070312,525.5,524.5,524.75,21293.0,yahoo
JSWENERGY,5m,2026-09-11T09:35:00+05:30,524.75,525.4000244140625,524.75,525.0999755859375,15573.0,yahoo
JSWENERGY,5m,2026-09-11T09:40:00+05:30,524.8499755859375,525.0,524.4000244140625,524.9500122070312,13449.0,yahoo
JSWENERGY,5m,2026-09-11T09:45:00+05:30,524.9500122070312,524.9500122070312,524.6500244140625,524.9000244140625,8103.0,yahoo
JSWENERGY,5m,2026-09-11T09:50:00+05:30,525.0,525.25,524.7999877929688,525.1500244140625,4565.0,yahoo
JSWENERGY,5m,2026-09-11T09:55:00+05:30,525.1500244140625,525.4000244140625,524.5999755859375,524.7000122070312,11364.0,yahoo
JSWENERGY,5m,2026-09-11T10:00:00+05:30,524.7000122070312,525.7000122070312,524.6500244140625,525.5499877929688,6671.0,yahoo
JSWENERGY,5m,2026-09-11T10:05:00+05:30,525.4000244140625,525.5499877929688,525.0,525.4500122070312,10635.0,yahoo
JSWENERGY,5m,2026-09-11T10:10:00+05:30,525.5,525.5,525.0999755859375,525.5,3497.0,yahoo
JSWENERGY,5m,2026-09-11T10:15:00+05:30,525.5,525.9500122070312,525.2000122070312,525.9000244140625,2149.0,yahoo
JSWENERGY,5m,2026-09-11T10:20:00+05:30,525.9000244140625,525.9000244140625,525.2000122070312,525.4000244140625,9714.0,yahoo
JSWENERGY,5m,2026-09-11T10:25:00+05:30,525.4500122070312,525.4500122070312,524.2000122070312,524.4500122070312,5508.0,yahoo
JSWENERGY,5m,2026-09-11T10:30:00+05:30,524.25,524.5499877929688,524.0499877929688,524.5,3014.0,yahoo
JSWENERGY,5m,2026-09-11T10:35:00+05:30,524.5999755859375,524.7999877929688,524.4500122070312,524.7000122070312,929.0,yahoo
JSWENERGY,5m,2026-09-11T10:40:00+05:30,524.7000122070312,525.0,524.7000122070312,525.0,1819.0,yahoo
JSWENERGY,5m,2026-09-11T10:45:00+05:30,525.0,525.0,524.5999755859375,524.75,3469.0,yahoo
JSWENERGY,5m,2026-09-11T10:50:00+05:30,524.75,524.7999877929688,524.0,524.0,3896.0,yahoo
JSWENERGY,5m,2026-09-11T10:55:00+05:30,524.0,524.0,523.4500122070312,523.6500244140625,5185.0,yahoo
JSWENERGY,5m,2026-09-11T11:00:00+05:30,523.4500122070312,524.0,523.4500122070312,523.7000122070312,3801.0,yahoo
JSWENERGY,5m,2026-09-11T11:05:00+05:30,523.7000122070312,524.0,523.5999755859375,523.8499755859375,4305.0,yahoo
JSWENERGY,5m,2026-09-11T11:10:00+05:30,524.0,525.2999877929688,524.0,525.2999877929688,4450.0,yahoo
JSWENERGY,5m,2026-09-11T11:15:00+05:30,525.4500122070312,525.4500122070312,524.9000244140625,525.4500122070312,4490.0,yahoo
JSWENERGY,5m,2026-09-11T11:20:00+05:30,525.4500122070312,525.4500122070312,524.8499755859375,525.0999755859375,3711.0,yahoo
JSWENERGY,5m,2026-09-11T11:25:00+05:30,525.0999755859375,525.1500244140625,524.25,524.2999877929688,6526.0,yahoo
JSWENERGY,5m,2026-09-11T11:30:00+05:30,524.2999877929688,524.4000244140625,524.0,524.25,2153.0,yahoo
JSWENERGY,5m,2026-09-11T11:35:00+05:30,524.25,524.2999877929688,524.0,524.1500244140625,1884.0,yahoo
JSWENERGY,5m,2026-09-11T11:40:00+05:30,524.1500244140625,524.5,524.1500244140625,524.2999877929688,1364.0,yahoo
JSWENERGY,5m,2026-09-11T11:45:00+05:30,524.2999877929688,524.75,523.8499755859375,523.8499755859375,6225.0,yahoo
JSWENERGY,5m,2026-09-11T11:50:00+05:30,523.8499755859375,524.3499755859375,523.75,524.3499755859375,3085.0,yahoo
JSWENERGY,5m,2026-09-11T11:55:00+05:30,524.0,524.0999755859375,523.5999755859375,523.5999755859375,8359.0,yahoo
JSWENERGY,5m,2026-09-11T12:00:00+05:30,523.8499755859375,524.5,523.7999877929688,524.4000244140625,2457.0,yahoo
JSWENERGY,5m,2026-09-11T12:05:00+05:30,524.4500122070312,524.5499877929688,524.2000122070312,524.4000244140625,853.0,yahoo
JSWENERGY,5m,2026-09-11T12:10:00+05:30,524.5,524.5499877929688,523.0999755859375,523.3499755859375,7417.0,yahoo
JSWENERGY,5m,2026-09-11T12:15:00+05:30,523.3499755859375,523.6500244140625,523.2000122070312,523.5999755859375,2584.0,yahoo
JSWENERGY,5m,2026-09-11T12:20:00+05:30,523.4000244140625,523.9000244140625,523.2999877929688,523.9000244140625,1829.0,yahoo
JSWENERGY,5m,2026-09-11T12:25:00+05:30,523.9000244140625,523.9500122070312,523.7000122070312,523.9000244140625,1945.0,yahoo
JSWENERGY,5m,2026-09-11T12:30:00+05:30,523.9500122070312,524.4000244140625,523.75,524.1500244140625,1003.0,yahoo
JSWENERGY,5m,2026-09-11T12:35:00+05:30,524.25,524.25,523.5999755859375,524.25,7384.0,yahoo
JSWENERGY,5m,2026-09-11T12:40:00+05:30,524.25,524.75,524.0499877929688,524.4000244140625,3261.0,yahoo
JSWENERGY,5m,2026-09-11T12:45:00+05:30,524.2999877929688,524.2999877929688,523.5999755859375,523.5999755859375,5140.0,yahoo
JSWENERGY,5m,2026-09-11T12:50:00+05:30,523.7999877929688,524.0999755859375,523.75,523.8499755859375,2239.0,yahoo
JSWENERGY,5m,2026-09-11T12:55:00+05:30,523.9500122070312,524.25,523.75,524.0,2226.0,yahoo
JSWENERGY,5m,2026-09-11T13:00:00+05:30,524.2000122070312,524.2999877929688,523.6500244140625,524.0499877929688,3961.0,yahoo
JSWENERGY,5m,2026-09-11T13:05:00+05:30,524.0,524.0999755859375,523.7999877929688,524.0,1918.0,yahoo
JSWENERGY,5m,2026-09-11T13:10:00+05:30,524.0,524.2999877929688,523.8499755859375,524.2999877929688,2285.0,yahoo
JSWENERGY,5m,2026-09-11T13:15:00+05:30,524.4500122070312,524.5999755859375,524.25,524.2999877929688,1691.0,yahoo
JSWENERGY,5m,2026-09-11T13:20:00+05:30,524.2999877929688,524.4000244140625,524.0499877929688,524.25,3282.0,yahoo
JSWENERGY,5m,2026-09-11T13:25:00+05:30,524.4000244140625,524.4000244140625,524.0499877929688,524.2999877929688,2411.0,yahoo
JSWENERGY,5m,2026-09-11T13:30:00+05:30,524.25,524.4000244140625,524.1500244140625,524.2000122070312,4074.0,yahoo
JSWENERGY,5m,2026-09-11T13:35:00+05:30,524.2000122070312,524.2999877929688,523.7999877929688,523.8499755859375,1994.0,yahoo
JSWENERGY,5m,2026-09-11T13:40:00+05:30,523.8499755859375,523.8499755859375,522.9000244140625,523.0999755859375,10617.0,yahoo
JSWENERGY,5m,2026-09-11T13:45:00+05:30,523.0999755859375,523.25,522.8499755859375,523.25,1526.0,yahoo
JSWENERGY,5m,2026-09-11T13:50:00+05:30,523.0999755859375,524.1500244140625,523.0999755859375,523.75,2348.0,yahoo
JSWENERGY,5m,2026-09-11T13:55:00+05:30,523.5499877929688,524.8499755859375,523.5499877929688,524.5499877929688,4872.0,yahoo
JSWENERGY,5m,2026-09-11T14:00:00+05:30,524.75,525.0499877929688,524.3499755859375,525.0,8660.0,yahoo
JSWENERGY,5m,2026-09-11T14:05:00+05:30,525.0,525.0499877929688,524.5999755859375,524.7999877929688,4374.0,yahoo
JSWENERGY,5m,2026-09-11T14:10:00+05:30,524.7999877929688,524.7999877929688,524.4000244140625,524.5999755859375,2313.0,yahoo
JSWENERGY,5m,2026-09-11T14:15:00+05:30,524.5999755859375,525.4000244140625,524.5,525.3499755859375,11968.0,yahoo
JSWENERGY,5m,2026-09-11T14:20:00+05:30,525.3499755859375,525.4000244140625,525.0,525.1500244140625,3602.0,yahoo
JSWENERGY,5m,2026-09-11T14:25:00+05:30,525.3499755859375,525.75,525.2999877929688,525.5,10648.0,yahoo
JSWENERGY,5m,2026-09-11T14:30:00+05:30,525.5999755859375,526.0,525.5,525.5,6102.0,yahoo
JSWENERGY,5m,2026-09-11T14:35:00+05:30,525.6500244140625,525.9000244140625,525.5,525.75,3296.0,yahoo
JSWENERGY,5m,2026-09-11T14:40:00+05:30,525.8499755859375,526.0499877929688,525.6500244140625,526.0,3314.0,yahoo
JSWENERGY,5m,2026-09-11T14:45:00+05:30,526.0,526.0,525.0499877929688,525.4000244140625,3892.0,yahoo
JSWENERGY,5m,2026-09-11T14:50:00+05:30,525.4000244140625,525.5999755859375,525.0499877929688,525.4000244140625,2156.0,yahoo
JSWENERGY,5m,2026-09-11T14:55:00+05:30,525.7000122070312,526.5,525.3499755859375,526.2000122070312,23528.0,yahoo
JSWENERGY,5m,2026-09-11T15:00:00+05:30,525.9000244140625,526.0999755859375,524.4500122070312,524.5,21371.0,yahoo
JSWENERGY,5m,2026-09-11T15:05:00+05:30,524.5,525.1500244140625,524.0499877929688,525.0999755859375,27698.0,yahoo
JSWENERGY,5m,2026-09-11T15:10:00+05:30,525.2000122070312,526.4500122070312,524.0499877929688,526.4500122070312,96442.0,yahoo
JSWSTEEL,5m,2026-09-11T09:15:00+05:30,1284.4000244140625,1284.4000244140625,1269.699951171875,1278.9000244140625,0.0,yahoo
JSWSTEEL,5m,2026-09-11T09:20:00+05:30,1278.800048828125,1279.699951171875,1273.699951171875,1274.5,44144.0,yahoo
JSWSTEEL,5m,2026-09-11T09:25:00+05:30,1274.5,1278.800048828125,1274.5,1276.699951171875,16777.0,yahoo
JSWSTEEL,5m,2026-09-11T09:30:00+05:30,1276.199951171875,1277.800048828125,1275.0,1276.800048828125,19381.0,yahoo
JSWSTEEL,5m,2026-09-11T09:35:00+05:30,1276.800048828125,1277.9000244140625,1276.0,1277.4000244140625,14972.0,yahoo
JSWSTEEL,5m,2026-09-11T09:40:00+05:30,1277.0999755859375,1277.4000244140625,1276.0,1276.699951171875,9063.0,yahoo
JSWSTEEL,5m,2026-09-11T09:45:00+05:30,1276.800048828125,1279.800048828125,1276.199951171875,1278.4000244140625,13776.0,yahoo
JSWSTEEL,5m,2026-09-11T09:50:00+05:30,1278.800048828125,1281.199951171875,1278.5999755859375,1278.9000244140625,31255.0,yahoo
JSWSTEEL,5m,2026-09-11T09:55:00+05:30,1279.300048828125,1281.5999755859375,1279.0999755859375,1279.4000244140625,25819.0,yahoo
JSWSTEEL,5m,2026-09-11T10:00:00+05:30,1280.0,1281.5999755859375,1279.0,1280.699951171875,26425.0,yahoo
JSWSTEEL,5m,2026-09-11T10:05:00+05:30,1280.699951171875,1282.0999755859375,1280.300048828125,1281.5999755859375,22163.0,yahoo
JSWSTEEL,5m,2026-09-11T10:10:00+05:30,1282.0,1282.699951171875,1278.4000244140625,1278.4000244140625,45335.0,yahoo
JSWSTEEL,5m,2026-09-11T10:15:00+05:30,1278.199951171875,1279.800048828125,1277.5,1279.0,30477.0,yahoo
JSWSTEEL,5m,2026-09-11T10:20:00+05:30,1279.5,1281.5999755859375,1279.4000244140625,1280.9000244140625,13826.0,yahoo
JSWSTEEL,5m,2026-09-11T10:25:00+05:30,1281.300048828125,1281.300048828125,1278.0,1278.9000244140625,28758.0,yahoo
JSWSTEEL,5m,2026-09-11T10:30:00+05:30,1279.300048828125,1280.9000244140625,1278.5,1280.9000244140625,13018.0,yahoo
JSWSTEEL,5m,2026-09-11T10:35:00+05:30,1280.199951171875,1283.5,1280.199951171875,1283.5,17706.0,yahoo
JSWSTEEL,5m,2026-09-11T10:40:00+05:30,1283.300048828125,1285.5999755859375,1283.0,1285.300048828125,16294.0,yahoo
JSWSTEEL,5m,2026-09-11T10:45:00+05:30,1285.300048828125,1286.4000244140625,1284.199951171875,1284.800048828125,23022.0,yahoo
JSWSTEEL,5m,2026-09-11T10:50:00+05:30,1285.0,1285.0999755859375,1281.300048828125,1281.800048828125,17119.0,yahoo
JSWSTEEL,5m,2026-09-11T10:55:00+05:30,1282.0999755859375,1282.9000244140625,1281.199951171875,1281.5,21176.0,yahoo
JSWSTEEL,5m,2026-09-11T11:00:00+05:30,1281.9000244140625,1282.4000244140625,1281.0,1281.699951171875,13414.0,yahoo
JSWSTEEL,5m,2026-09-11T11:05:00+05:30,1281.5999755859375,1284.0,1281.300048828125,1283.0999755859375,26994.0,yahoo
JSWSTEEL,5m,2026-09-11T11:10:00+05:30,1283.0999755859375,1284.800048828125,1282.4000244140625,1283.199951171875,117525.0,yahoo
JSWSTEEL,5m,2026-09-11T11:15:00+05:30,1283.5999755859375,1285.5,1283.0,1285.5,19478.0,yahoo
JSWSTEEL,5m,2026-09-11T11:20:00+05:30,1285.5999755859375,1285.5999755859375,1283.699951171875,1284.300048828125,11894.0,yahoo
JSWSTEEL,5m,2026-09-11T11:25:00+05:30,1284.0999755859375,1285.5,1284.0999755859375,1285.4000244140625,11359.0,yahoo
JSWSTEEL,5m,2026-09-11T11:30:00+05:30,1285.0,1285.0,1280.9000244140625,1280.9000244140625,13947.0,yahoo
JSWSTEEL,5m,2026-09-11T11:35:00+05:30,1280.699951171875,1281.4000244140625,1279.5,1280.800048828125,8338.0,yahoo
JSWSTEEL,5m,2026-09-11T11:40:00+05:30,1280.300048828125,1282.0999755859375,1280.300048828125,1281.800048828125,6298.0,yahoo
JSWSTEEL,5m,2026-09-11T11:45:00+05:30,1281.9000244140625,1283.0,1280.0,1280.4000244140625,13395.0,yahoo
JSWSTEEL,5m,2026-09-11T11:50:00+05:30,1280.4000244140625,1280.699951171875,1278.5999755859375,1279.5,18095.0,yahoo
JSWSTEEL,5m,2026-09-11T11:55:00+05:30,1279.800048828125,1279.800048828125,1277.0,1278.5,19908.0,yahoo
JSWSTEEL,5m,2026-09-11T12:00:00+05:30,1278.5,1278.699951171875,1278.0,1278.0999755859375,5421.0,yahoo
JSWSTEEL,5m,2026-09-11T12:05:00+05:30,1278.4000244140625,1278.699951171875,1278.0999755859375,1278.4000244140625,5223.0,yahoo
JSWSTEEL,5m,2026-09-11T12:10:00+05:30,1278.4000244140625,1278.4000244140625,1274.699951171875,1275.5999755859375,17399.0,yahoo
JSWSTEEL,5m,2026-09-11T12:15:00+05:30,1275.800048828125,1276.199951171875,1274.9000244140625,1276.0,9403.0,yahoo
JSWSTEEL,5m,2026-09-11T12:20:00+05:30,1275.9000244140625,1276.0,1275.199951171875,1275.4000244140625,11901.0,yahoo
JSWSTEEL,5m,2026-09-11T12:25:00+05:30,1275.5,1276.199951171875,1275.4000244140625,1276.199951171875,13002.0,yahoo
JSWSTEEL,5m,2026-09-11T12:30:00+05:30,1276.0999755859375,1276.4000244140625,1275.199951171875,1275.5,9865.0,yahoo
JSWSTEEL,5m,2026-09-11T12:35:00+05:30,1275.5,1277.0,1275.4000244140625,1276.5,21742.0,yahoo
JSWSTEEL,5m,2026-09-11T12:40:00+05:30,1276.5,1276.5,1276.0,1276.0,23476.0,yahoo
JSWSTEEL,5m,2026-09-11T12:45:00+05:30,1276.0999755859375,1276.4000244140625,1275.5,1275.800048828125,7433.0,yahoo
JSWSTEEL,5m,2026-09-11T12:50:00+05:30,1275.800048828125,1276.0999755859375,1275.199951171875,1276.0999755859375,11284.0,yahoo
JSWSTEEL,5m,2026-09-11T12:55:00+05:30,1276.0999755859375,1276.199951171875,1272.800048828125,1273.5,57958.0,yahoo
JSWSTEEL,5m,2026-09-11T13:00:00+05:30,1273.5,1273.5,1271.5,1272.0,21235.0,yahoo
JSWSTEEL,5m,2026-09-11T13:05:00+05:30,1272.0,1272.0,1269.699951171875,1269.699951171875,18871.0,yahoo
JSWSTEEL,5m,2026-09-11T13:10:00+05:30,1270.0,1270.800048828125,1269.699951171875,1270.0,20889.0,yahoo
JSWSTEEL,5m,2026-09-11T13:15:00+05:30,1270.0,1270.300048828125,1269.5999755859375,1270.0,24190.0,yahoo
JSWSTEEL,5m,2026-09-11T13:20:00+05:30,1270.0,1270.300048828125,1269.699951171875,1270.0,13552.0,yahoo
JSWSTEEL,5m,2026-09-11T13:25:00+05:30,1270.0,1271.4000244140625,1269.9000244140625,1271.300048828125,12237.0,yahoo
JSWSTEEL,5m,2026-09-11T13:30:00+05:30,1271.199951171875,1271.300048828125,1269.800048828125,1270.0999755859375,9673.0,yahoo
JSWSTEEL,5m,2026-09-11T13:35:00+05:30,1270.0999755859375,1270.0999755859375,1268.0,1268.4000244140625,14075.0,yahoo
JSWSTEEL,5m,2026-09-11T13:40:00+05:30,1268.300048828125,1268.5999755859375,1266.0,1268.0,12591.0,yahoo
JSWSTEEL,5m,2026-09-11T13:45:00+05:30,1267.5999755859375,1269.699951171875,1267.5999755859375,1269.300048828125,9053.0,yahoo
JSWSTEEL,5m,2026-09-11T13:50:00+05:30,1269.5999755859375,1271.0999755859375,1269.199951171875,1270.0999755859375,11963.0,yahoo
JSWSTEEL,5m,2026-09-11T13:55:00+05:30,1270.0999755859375,1273.5,1270.0999755859375,1273.0,17538.0,yahoo
JSWSTEEL,5m,2026-09-11T14:00:00+05:30,1273.0,1275.0,1272.5999755859375,1275.0,18863.0,yahoo
JSWSTEEL,5m,2026-09-11T14:05:00+05:30,1275.0,1275.5,1271.5999755859375,1272.199951171875,37857.0,yahoo
JSWSTEEL,5m,2026-09-11T14:10:00+05:30,1272.199951171875,1273.9000244140625,1272.0,1273.4000244140625,7023.0,yahoo
JSWSTEEL,5m,2026-09-11T14:15:00+05:30,1273.5999755859375,1273.9000244140625,1273.0999755859375,1273.5,15076.0,yahoo
JSWSTEEL,5m,2026-09-11T14:20:00+05:30,1273.5,1274.0,1273.0,1273.699951171875,9017.0,yahoo
JSWSTEEL,5m,2026-09-11T14:25:00+05:30,1274.199951171875,1274.199951171875,1272.199951171875,1272.9000244140625,12712.0,yahoo
JSWSTEEL,5m,2026-09-11T14:30:00+05:30,1273.0999755859375,1273.699951171875,1272.300048828125,1273.699951171875,9925.0,yahoo
JSWSTEEL,5m,2026-09-11T14:35:00+05:30,1273.5,1274.199951171875,1272.4000244140625,1274.199951171875,11760.0,yahoo
JSWSTEEL,5m,2026-09-11T14:40:00+05:30,1274.199951171875,1275.0,1273.800048828125,1274.5999755859375,8261.0,yahoo
JSWSTEEL,5m,2026-09-11T14:45:00+05:30,1274.5999755859375,1275.0,1273.0,1273.5,13989.0,yahoo
JSWSTEEL,5m,2026-09-11T14:50:00+05:30,1273.300048828125,1274.0,1272.9000244140625,1273.4000244140625,18059.0,yahoo
JSWSTEEL,5m,2026-09-11T14:55:00+05:30,1273.4000244140625,1274.0,1272.0999755859375,1272.0999755859375,25345.0,yahoo
JSWSTEEL,5m,2026-09-11T15:00:00+05:30,1271.800048828125,1272.4000244140625,1269.800048828125,1270.9000244140625,25225.0,yahoo
JSWSTEEL,5m,2026-09-11T15:05:00+05:30,1270.5,1271.5,1270.4000244140625,1271.5,31922.0,yahoo
JSWSTEEL,5m,2026-09-11T15:10:00+05:30,1271.5,1272.0,1268.4000244140625,1268.4000244140625,48238.0,yahoo
JSWSTEEL,5m,2026-09-11T15:15:00+05:30,1269.300048828125,1269.300048828125,1265.0,1265.0,84856.0,yahoo
KOTAKBANK,5m,2026-09-11T09:15:00+05:30,412.54998779296875,412.54998779296875,409.25,410.0,0.0,yahoo
KOTAKBANK,5m,2026-09-11T09:20:00+05:30,409.95001220703125,410.0,409.3500061035156,410.0,149503.0,yahoo
KOTAKBANK,5m,2026-09-11T09:25:00+05:30,410.04998779296875,411.8999938964844,410.0,411.6000061035156,347429.0,yahoo
KOTAKBANK,5m,2026-09-11T09:30:00+05:30,411.6000061035156,411.6000061035156,410.5,410.95001220703125,231423.0,yahoo
KOTAKBANK,5m,2026-09-11T09:35:00+05:30,410.8999938964844,411.54998779296875,410.75,411.3500061035156,80776.0,yahoo
KOTAKBANK,5m,2026-09-11T09:40:00+05:30,411.3999938964844,411.70001220703125,411.0,411.70001220703125,777853.0,yahoo
KOTAKBANK,5m,2026-09-11T09:45:00+05:30,411.70001220703125,411.70001220703125,410.95001220703125,411.6000061035156,480364.0,yahoo
KOTAKBANK,5m,2026-09-11T09:50:00+05:30,411.70001220703125,412.54998779296875,411.6499938964844,412.5,223737.0,yahoo
KOTAKBANK,5m,2026-09-11T09:55:00+05:30,412.54998779296875,413.79998779296875,412.3999938964844,413.29998779296875,125304.0,yahoo
KOTAKBANK,5m,2026-09-11T10:00:00+05:30,413.29998779296875,414.3999938964844,413.04998779296875,414.1499938964844,116695.0,yahoo
KOTAKBANK,5m,2026-09-11T10:05:00+05:30,414.45001220703125,414.54998779296875,413.3500061035156,413.8999938964844,223330.0,yahoo
KOTAKBANK,5m,2026-09-11T10:10:00+05:30,413.8999938964844,415.0,413.6000061035156,414.70001220703125,274211.0,yahoo
KOTAKBANK,5m,2026-09-11T10:15:00+05:30,414.70001220703125,414.8999938964844,414.45001220703125,414.70001220703125,81903.0,yahoo
KOTAKBANK,5m,2026-09-11T10:20:00+05:30,414.79998779296875,415.04998779296875,414.6000061035156,414.6000061035156,112538.0,yahoo
KOTAKBANK,5m,2026-09-11T10:25:00+05:30,414.5,414.79998779296875,414.25,414.54998779296875,73659.0,yahoo
KOTAKBANK,5m,2026-09-11T10:30:00+05:30,414.5,415.0,413.79998779296875,414.8999938964844,86997.0,yahoo
KOTAKBANK,5m,2026-09-11T10:35:00+05:30,414.95001220703125,415.6000061035156,414.8999938964844,415.5,111545.0,yahoo
KOTAKBANK,5m,2026-09-11T10:40:00+05:30,415.5,415.6000061035156,415.0,415.04998779296875,102147.0,yahoo
KOTAKBANK,5m,2026-09-11T10:45:00+05:30,415.20001220703125,415.3500061035156,414.79998779296875,415.04998779296875,99308.0,yahoo
KOTAKBANK,5m,2026-09-11T10:50:00+05:30,415.0,415.0,413.95001220703125,414.20001220703125,784699.0,yahoo
KOTAKBANK,5m,2026-09-11T10:55:00+05:30,414.20001220703125,414.25,413.70001220703125,413.8999938964844,361587.0,yahoo
KOTAKBANK,5m,2026-09-11T11:00:00+05:30,414.0,414.25,413.79998779296875,413.8999938964844,184141.0,yahoo
KOTAKBANK,5m,2026-09-11T11:05:00+05:30,414.0,414.25,413.8500061035156,414.25,189234.0,yahoo
KOTAKBANK,5m,2026-09-11T11:10:00+05:30,414.25,415.95001220703125,414.1499938964844,415.8500061035156,445732.0,yahoo
KOTAKBANK,5m,2026-09-11T11:15:00+05:30,415.79998779296875,416.3999938964844,415.1499938964844,416.20001220703125,412486.0,yahoo
KOTAKBANK,5m,2026-09-11T11:20:00+05:30,416.0,418.75,416.0,417.8999938964844,359831.0,yahoo
KOTAKBANK,5m,2026-09-11T11:25:00+05:30,418.04998779296875,418.70001220703125,417.5,418.29998779296875,279347.0,yahoo
KOTAKBANK,5m,2026-09-11T11:30:00+05:30,418.45001220703125,419.5,417.79998779296875,419.20001220703125,183543.0,yahoo
KOTAKBANK,5m,2026-09-11T11:35:00+05:30,419.29998779296875,419.6499938964844,418.1000061035156,418.1499938964844,140160.0,yahoo
KOTAKBANK,5m,2026-09-11T11:40:00+05:30,418.20001220703125,418.6000061035156,418.1000061035156,418.6000061035156,114043.0,yahoo
KOTAKBANK,5m,2026-09-11T11:45:00+05:30,418.54998779296875,419.20001220703125,418.45001220703125,419.0,181701.0,yahoo
KOTAKBANK,5m,2026-09-11T11:50:00+05:30,419.25,420.0,418.8500061035156,419.20001220703125,380520.0,yahoo
KOTAKBANK,5m,2026-09-11T11:55:00+05:30,419.20001220703125,419.20001220703125,417.5,417.70001220703125,152822.0,yahoo
KOTAKBANK,5m,2026-09-11T12:00:00+05:30,417.8500061035156,418.3999938964844,417.20001220703125,417.3999938964844,97308.0,yahoo
KOTAKBANK,5m,2026-09-11T12:05:00+05:30,417.3999938964844,417.5,417.0,417.04998779296875,60927.0,yahoo
KOTAKBANK,5m,2026-09-11T12:10:00+05:30,417.04998779296875,417.20001220703125,416.5,416.54998779296875,90032.0,yahoo
KOTAKBANK,5m,2026-09-11T12:15:00+05:30,416.70001220703125,417.29998779296875,416.45001220703125,416.6000061035156,85576.0,yahoo
KOTAKBANK,5m,2026-09-11T12:20:00+05:30,416.8500061035156,417.45001220703125,416.5,417.25,81417.0,yahoo
KOTAKBANK,5m,2026-09-11T12:25:00+05:30,417.5,417.5,416.70001220703125,416.70001220703125,57806.0,yahoo
KOTAKBANK,5m,2026-09-11T12:30:00+05:30,416.95001220703125,417.0,416.5,416.6000061035156,75421.0,yahoo
KOTAKBANK,5m,2026-09-11T12:35:00+05:30,416.70001220703125,417.6000061035156,416.54998779296875,417.1000061035156,82673.0,yahoo
KOTAKBANK,5m,2026-09-11T12:40:00+05:30,417.25,417.29998779296875,416.54998779296875,416.6499938964844,108041.0,yahoo
KOTAKBANK,5m,2026-09-11T12:45:00+05:30,416.8999938964844,416.8999938964844,416.1499938964844,416.25,84814.0,yahoo
KOTAKBANK,5m,2026-09-11T12:50:00+05:30,416.29998779296875,416.5,416.1000061035156,416.20001220703125,78356.0,yahoo
KOTAKBANK,5m,2026-09-11T12:55:00+05:30,416.29998779296875,416.45001220703125,416.0,416.0,97256.0,yahoo
KOTAKBANK,5m,2026-09-11T13:00:00+05:30,416.1000061035156,416.20001220703125,415.25,415.45001220703125,142265.0,yahoo
KOTAKBANK,5m,2026-09-11T13:05:00+05:30,415.54998779296875,415.54998779296875,414.54998779296875,414.8500061035156,111028.0,yahoo
KOTAKBANK,5m,2026-09-11T13:10:00+05:30,414.95001220703125,415.8500061035156,414.79998779296875,415.45001220703125,123064.0,yahoo
KOTAKBANK,5m,2026-09-11T13:15:00+05:30,415.6000061035156,416.79998779296875,415.3500061035156,416.45001220703125,146642.0,yahoo
KOTAKBANK,5m,2026-09-11T13:20:00+05:30,416.6000061035156,416.8999938964844,416.04998779296875,416.75,88712.0,yahoo
KOTAKBANK,5m,2026-09-11T13:25:00+05:30,416.8999938964844,418.1000061035156,416.6499938964844,417.8999938964844,145935.0,yahoo
KOTAKBANK,5m,2026-09-11T13:30:00+05:30,417.95001220703125,418.3999938964844,417.79998779296875,417.8500061035156,111571.0,yahoo
KOTAKBANK,5m,2026-09-11T13:35:00+05:30,417.8500061035156,417.8500061035156,416.75,416.75,73262.0,yahoo
KOTAKBANK,5m,2026-09-11T13:40:00+05:30,416.8500061035156,418.0,416.3999938964844,417.75,136737.0,yahoo
KOTAKBANK,5m,2026-09-11T13:45:00+05:30,417.8999938964844,418.0,417.04998779296875,417.1499938964844,76764.0,yahoo
KOTAKBANK,5m,2026-09-11T13:50:00+05:30,417.20001220703125,418.1000061035156,417.1000061035156,417.1000061035156,103711.0,yahoo
KOTAKBANK,5m,2026-09-11T13:55:00+05:30,417.1499938964844,418.25,417.1499938964844,417.95001220703125,111105.0,yahoo
KOTAKBANK,5m,2026-09-11T14:00:00+05:30,417.95001220703125,418.95001220703125,417.54998779296875,418.75,673863.0,yahoo
KOTAKBANK,5m,2026-09-11T14:05:00+05:30,418.75,418.79998779296875,417.6000061035156,417.95001220703125,146297.0,yahoo
KOTAKBANK,5m,2026-09-11T14:10:00+05:30,417.95001220703125,418.20001220703125,417.79998779296875,418.0,127860.0,yahoo
KOTAKBANK,5m,2026-09-11T14:15:00+05:30,418.0,418.20001220703125,417.04998779296875,417.04998779296875,582259.0,yahoo
KOTAKBANK,5m,2026-09-11T14:20:00+05:30,417.1000061035156,417.70001220703125,416.95001220703125,417.29998779296875,158905.0,yahoo
KOTAKBANK,5m,2026-09-11T14:25:00+05:30,417.29998779296875,417.70001220703125,417.04998779296875,417.70001220703125,102422.0,yahoo
KOTAKBANK,5m,2026-09-11T14:30:00+05:30,417.6000061035156,417.75,417.04998779296875,417.3500061035156,91417.0,yahoo
KOTAKBANK,5m,2026-09-11T14:35:00+05:30,417.3500061035156,417.8999938964844,417.1000061035156,417.29998779296875,192696.0,yahoo
KOTAKBANK,5m,2026-09-11T14:40:00+05:30,417.3500061035156,417.95001220703125,417.1000061035156,417.95001220703125,123151.0,yahoo
KOTAKBANK,5m,2026-09-11T14:45:00+05:30,417.95001220703125,418.3500061035156,417.5,418.25,137628.0,yahoo
KOTAKBANK,5m,2026-09-11T14:50:00+05:30,418.20001220703125,418.25,417.3500061035156,417.3500061035156,174494.0,yahoo
KOTAKBANK,5m,2026-09-11T14:55:00+05:30,417.45001220703125,417.79998779296875,417.29998779296875,417.54998779296875,126788.0,yahoo
KOTAKBANK,5m,2026-09-11T15:00:00+05:30,417.75,418.1000061035156,416.70001220703125,416.8999938964844,244924.0,yahoo
KOTAKBANK,5m,2026-09-11T15:05:00+05:30,416.8999938964844,417.25,416.6000061035156,417.1499938964844,236349.0,yahoo
KOTAKBANK,5m,2026-09-11T15:10:00+05:30,417.04998779296875,419.0,416.70001220703125,419.0,1204565.0,yahoo
LT,5m,2026-09-11T09:15:00+05:30,3919.800048828125,3919.800048828125,3890.10009765625,3894.0,0.0,yahoo
LT,5m,2026-09-11T09:20:00+05:30,3891.39990234375,3899.5,3891.39990234375,3899.5,21928.0,yahoo
LT,5m,2026-09-11T09:25:00+05:30,3899.199951171875,3899.5,3893.60009765625,3895.0,12617.0,yahoo
LT,5m,2026-09-11T09:30:00+05:30,3895.0,3901.60009765625,3893.60009765625,3896.89990234375,14333.0,yahoo
LT,5m,2026-09-11T09:35:00+05:30,3896.89990234375,3900.0,3893.0,3894.60009765625,15137.0,yahoo
LT,5m,2026-09-11T09:40:00+05:30,3894.300048828125,3895.199951171875,3890.39990234375,3890.39990234375,16194.0,yahoo
LT,5m,2026-09-11T09:45:00+05:30,3890.0,3893.5,3889.10009765625,3892.0,18083.0,yahoo
LT,5m,2026-09-11T09:50:00+05:30,3889.300048828125,3896.89990234375,3882.199951171875,3883.0,26122.0,yahoo
LT,5m,2026-09-11T09:55:00+05:30,3883.5,3892.199951171875,3882.5,3890.300048828125,12370.0,yahoo
LT,5m,2026-09-11T10:00:00+05:30,3891.5,3897.39990234375,3890.0,3896.10009765625,13251.0,yahoo
LT,5m,2026-09-11T10:05:00+05:30,3896.89990234375,3899.0,3895.199951171875,3898.800048828125,16618.0,yahoo
LT,5m,2026-09-11T10:10:00+05:30,3898.800048828125,3899.0,3895.699951171875,3895.699951171875,7549.0,yahoo
LT,5m,2026-09-11T10:15:00+05:30,3897.10009765625,3898.0,3895.10009765625,3898.0,5731.0,yahoo
LT,5m,2026-09-11T10:20:00+05:30,3898.0,3899.0,3896.800048828125,3898.5,7915.0,yahoo
LT,5m,2026-09-11T10:25:00+05:30,3890.800048828125,3894.300048828125,3888.39990234375,3888.39990234375,11885.0,yahoo
LT,5m,2026-09-11T10:30:00+05:30,3888.5,3896.0,3883.199951171875,3895.0,28483.0,yahoo
LT,5m,2026-09-11T10:35:00+05:30,3894.5,3905.5,3894.0,3902.60009765625,15739.0,yahoo
LT,5m,2026-09-11T10:40:00+05:30,3904.0,3905.300048828125,3900.800048828125,3905.300048828125,6912.0,yahoo
LT,5m,2026-09-11T10:45:00+05:30,3906.0,3907.0,3897.199951171875,3899.39990234375,40395.0,yahoo
LT,5m,2026-09-11T10:50:00+05:30,3897.89990234375,3898.10009765625,3894.10009765625,3894.300048828125,4428.0,yahoo
LT,5m,2026-09-11T10:55:00+05:30,3894.300048828125,3898.699951171875,3893.10009765625,3898.39990234375,8446.0,yahoo
LT,5m,2026-09-11T11:00:00+05:30,3898.39990234375,3900.0,3896.300048828125,3899.199951171875,5241.0,yahoo
LT,5m,2026-09-11T11:05:00+05:30,3899.39990234375,3903.10009765625,3899.0,3902.300048828125,4808.0,yahoo
LT,5m,2026-09-11T11:10:00+05:30,3902.199951171875,3907.800048828125,3901.0,3907.0,10263.0,yahoo
LT,5m,2026-09-11T11:15:00+05:30,3907.89990234375,3915.699951171875,3902.800048828125,3913.10009765625,20257.0,yahoo
LT,5m,2026-09-11T11:20:00+05:30,3913.5,3913.5,3905.39990234375,3912.10009765625,22143.0,yahoo
LT,5m,2026-09-11T11:25:00+05:30,3911.5,3912.89990234375,3907.199951171875,3908.0,5737.0,yahoo
LT,5m,2026-09-11T11:30:00+05:30,3907.699951171875,3909.5,3905.0,3908.800048828125,5582.0,yahoo
LT,5m,2026-09-11T11:35:00+05:30,3908.800048828125,3909.199951171875,3904.0,3904.60009765625,4788.0,yahoo
LT,5m,2026-09-11T11:40:00+05:30,3904.39990234375,3908.699951171875,3903.10009765625,3907.0,9853.0,yahoo
LT,5m,2026-09-11T11:45:00+05:30,3908.0,3908.699951171875,3905.10009765625,3906.0,4697.0,yahoo
LT,5m,2026-09-11T11:50:00+05:30,3906.199951171875,3913.0,3905.699951171875,3913.0,24716.0,yahoo
LT,5m,2026-09-11T11:55:00+05:30,3913.0,3926.0,3912.60009765625,3925.89990234375,14912.0,yahoo
LT,5m,2026-09-11T12:00:00+05:30,3925.5,3930.800048828125,3924.699951171875,3930.5,11671.0,yahoo
LT,5m,2026-09-11T12:05:00+05:30,3930.699951171875,3930.699951171875,3926.10009765625,3927.300048828125,18858.0,yahoo
LT,5m,2026-09-11T12:10:00+05:30,3928.0,3929.0,3916.699951171875,3922.39990234375,16411.0,yahoo
LT,5m,2026-09-11T12:15:00+05:30,3922.699951171875,3929.60009765625,3921.800048828125,3927.199951171875,37188.0,yahoo
LT,5m,2026-09-11T12:20:00+05:30,3927.699951171875,3928.0,3922.39990234375,3925.89990234375,12106.0,yahoo
LT,5m,2026-09-11T12:25:00+05:30,3926.39990234375,3927.5,3918.39990234375,3920.10009765625,8656.0,yahoo
LT,5m,2026-09-11T12:30:00+05:30,3921.5,3922.5,3919.800048828125,3920.60009765625,6213.0,yahoo
LT,5m,2026-09-11T12:35:00+05:30,3921.5,3924.89990234375,3920.0,3921.39990234375,11022.0,yahoo
LT,5m,2026-09-11T12:40:00+05:30,3921.60009765625,3924.699951171875,3921.0,3921.89990234375,11123.0,yahoo
LT,5m,2026-09-11T12:45:00+05:30,3922.89990234375,3923.39990234375,3916.5,3919.89990234375,11207.0,yahoo
LT,5m,2026-09-11T12:50:00+05:30,3919.89990234375,3921.699951171875,3916.60009765625,3920.199951171875,7113.0,yahoo
LT,5m,2026-09-11T12:55:00+05:30,3918.699951171875,3924.39990234375,3918.699951171875,3923.0,13166.0,yahoo
LT,5m,2026-09-11T13:00:00+05:30,3923.0,3925.0,3919.199951171875,3920.0,31458.0,yahoo
LT,5m,2026-09-11T13:05:00+05:30,3919.5,3922.10009765625,3917.60009765625,3918.89990234375,10431.0,yahoo
LT,5m,2026-09-11T13:10:00+05:30,3920.0,3921.5,3915.800048828125,3920.699951171875,10157.0,yahoo
LT,5m,2026-09-11T13:15:00+05:30,3920.89990234375,3920.89990234375,3915.199951171875,3916.10009765625,8690.0,yahoo
LT,5m,2026-09-11T13:20:00+05:30,3917.39990234375,3922.699951171875,3916.5,3922.300048828125,31897.0,yahoo
LT,5m,2026-09-11T13:25:00+05:30,3922.300048828125,3922.89990234375,3914.199951171875,3916.699951171875,10058.0,yahoo
LT,5m,2026-09-11T13:30:00+05:30,3917.5,3919.60009765625,3914.0,3914.0,9520.0,yahoo
LT,5m,2026-09-11T13:35:00+05:30,3914.300048828125,3917.699951171875,3912.39990234375,3913.60009765625,16886.0,yahoo
LT,5m,2026-09-11T13:40:00+05:30,3914.89990234375,3916.800048828125,3907.5,3912.199951171875,11478.0,yahoo
LT,5m,2026-09-11T13:45:00+05:30,3912.199951171875,3914.699951171875,3909.300048828125,3913.699951171875,10582.0,yahoo
LT,5m,2026-09-11T13:50:00+05:30,3913.60009765625,3919.89990234375,3911.39990234375,3914.0,26765.0,yahoo
LT,5m,2026-09-11T13:55:00+05:30,3914.199951171875,3924.300048828125,3913.89990234375,3919.699951171875,31237.0,yahoo
LT,5m,2026-09-11T14:00:00+05:30,3919.60009765625,3926.89990234375,3917.10009765625,3923.300048828125,15373.0,yahoo
LT,5m,2026-09-11T14:05:00+05:30,3923.300048828125,3924.89990234375,3921.0,3921.60009765625,12144.0,yahoo
LT,5m,2026-09-11T14:10:00+05:30,3921.89990234375,3923.10009765625,3920.699951171875,3923.10009765625,8528.0,yahoo
LT,5m,2026-09-11T14:15:00+05:30,3922.60009765625,3926.800048828125,3922.60009765625,3923.800048828125,8156.0,yahoo
LT,5m,2026-09-11T14:20:00+05:30,3923.5,3926.800048828125,3922.10009765625,3924.699951171875,10265.0,yahoo
LT,5m,2026-09-11T14:25:00+05:30,3924.699951171875,3926.5,3924.0,3926.0,9246.0,yahoo
LT,5m,2026-09-11T14:30:00+05:30,3927.199951171875,3927.800048828125,3921.60009765625,3921.89990234375,8947.0,yahoo
LT,5m,2026-09-11T14:35:00+05:30,3921.699951171875,3927.89990234375,3921.10009765625,3927.39990234375,22127.0,yahoo
LT,5m,2026-09-11T14:40:00+05:30,3927.39990234375,3937.0,3927.0,3936.10009765625,24375.0,yahoo
LT,5m,2026-09-11T14:45:00+05:30,3936.10009765625,3936.10009765625,3930.199951171875,3931.5,14265.0,yahoo
LT,5m,2026-09-11T14:50:00+05:30,3930.39990234375,3934.199951171875,3930.199951171875,3932.10009765625,27745.0,yahoo
LT,5m,2026-09-11T14:55:00+05:30,3932.0,3937.300048828125,3931.5,3934.10009765625,19143.0,yahoo
LT,5m,2026-09-11T15:00:00+05:30,3935.10009765625,3937.300048828125,3930.89990234375,3932.60009765625,25587.0,yahoo
LT,5m,2026-09-11T15:05:00+05:30,3931.0,3934.89990234375,3930.0,3934.0,28263.0,yahoo
LT,5m,2026-09-11T15:10:00+05:30,3933.199951171875,3939.5,3930.0,3939.5,47849.0,yahoo
LT,5m,2026-09-11T15:15:00+05:30,3938.199951171875,3938.199951171875,3930.699951171875,3930.699951171875,42314.0,yahoo
LTF,5m,2026-09-11T09:15:00+05:30,306.0,306.0,304.0,305.29998779296875,0.0,yahoo
LTF,5m,2026-09-11T09:20:00+05:30,305.20001220703125,305.29998779296875,304.04998779296875,305.29998779296875,84847.0,yahoo
LTF,5m,2026-09-11T09:25:00+05:30,305.29998779296875,305.29998779296875,302.8500061035156,303.29998779296875,136707.0,yahoo
LTF,5m,2026-09-11T09:30:00+05:30,303.20001220703125,303.8999938964844,302.79998779296875,303.20001220703125,85015.0,yahoo
LTF,5m,2026-09-11T09:35:00+05:30,303.29998779296875,304.25,303.25,303.54998779296875,58148.0,yahoo
LTF,5m,2026-09-11T09:40:00+05:30,303.5,303.6000061035156,303.0,303.25,36342.0,yahoo
LTF,5m,2026-09-11T09:45:00+05:30,303.3500061035156,303.54998779296875,303.1000061035156,303.3500061035156,29696.0,yahoo
LTF,5m,2026-09-11T09:50:00+05:30,303.3500061035156,303.70001220703125,302.8500061035156,303.0,53876.0,yahoo
LTF,5m,2026-09-11T09:55:00+05:30,302.8999938964844,303.3999938964844,302.8999938964844,303.20001220703125,26991.0,yahoo
LTF,5m,2026-09-11T10:00:00+05:30,303.20001220703125,304.70001220703125,303.20001220703125,304.6499938964844,52184.0,yahoo
LTF,5m,2026-09-11T10:05:00+05:30,304.5,304.79998779296875,304.1000061035156,304.79998779296875,29680.0,yahoo
LTF,5m,2026-09-11T10:10:00+05:30,304.79998779296875,304.79998779296875,304.1499938964844,304.54998779296875,23360.0,yahoo
LTF,5m,2026-09-11T10:15:00+05:30,304.6000061035156,304.79998779296875,304.5,304.70001220703125,30394.0,yahoo
LTF,5m,2026-09-11T10:20:00+05:30,304.6499938964844,305.20001220703125,304.6499938964844,304.70001220703125,34074.0,yahoo
LTF,5m,2026-09-11T10:25:00+05:30,304.79998779296875,304.79998779296875,303.8999938964844,304.0,28430.0,yahoo
LTF,5m,2026-09-11T10:30:00+05:30,304.1000061035156,304.79998779296875,303.95001220703125,304.79998779296875,26174.0,yahoo
LTF,5m,2026-09-11T10:35:00+05:30,304.45001220703125,304.8999938964844,304.45001220703125,304.8999938964844,21814.0,yahoo
LTF,5m,2026-09-11T10:40:00+05:30,304.8500061035156,305.1000061035156,304.70001220703125,304.95001220703125,28570.0,yahoo
LTF,5m,2026-09-11T10:45:00+05:30,305.04998779296875,306.04998779296875,304.8999938964844,306.04998779296875,92507.0,yahoo
LTF,5m,2026-09-11T10:50:00+05:30,306.04998779296875,306.04998779296875,305.79998779296875,306.04998779296875,168765.0,yahoo
LTF,5m,2026-09-11T10:55:00+05:30,306.0,306.20001220703125,305.8999938964844,306.0,59313.0,yahoo
LTF,5m,2026-09-11T11:00:00+05:30,306.04998779296875,306.3999938964844,306.0,306.0,33956.0,yahoo
LTF,5m,2026-09-11T11:05:00+05:30,306.0,307.0,306.0,306.5,264482.0,yahoo
LTF,5m,2026-09-11T11:10:00+05:30,306.5,307.20001220703125,306.25,307.0,28685.0,yahoo
LTF,5m,2026-09-11T11:15:00+05:30,306.79998779296875,307.20001220703125,306.6499938964844,307.0,21100.0,yahoo
LTF,5m,2026-09-11T11:20:00+05:30,307.04998779296875,307.20001220703125,306.70001220703125,306.8999938964844,14946.0,yahoo
LTF,5m,2026-09-11T11:25:00+05:30,306.8999938964844,307.1499938964844,306.29998779296875,306.6000061035156,25779.0,yahoo
LTF,5m,2026-09-11T11:30:00+05:30,306.54998779296875,306.6000061035156,306.29998779296875,306.54998779296875,13034.0,yahoo
LTF,5m,2026-09-11T11:35:00+05:30,306.54998779296875,306.75,306.29998779296875,306.29998779296875,9909.0,yahoo
LTF,5m,2026-09-11T11:40:00+05:30,306.45001220703125,306.75,306.29998779296875,306.6000061035156,12033.0,yahoo
LTF,5m,2026-09-11T11:45:00+05:30,306.70001220703125,307.3999938964844,306.45001220703125,307.0,32779.0,yahoo
LTF,5m,2026-09-11T11:50:00+05:30,307.0,307.1499938964844,305.8500061035156,306.25,145858.0,yahoo
LTF,5m,2026-09-11T11:55:00+05:30,306.25,306.25,305.70001220703125,306.0,56585.0,yahoo
LTF,5m,2026-09-11T12:00:00+05:30,305.95001220703125,306.20001220703125,305.5,305.75,45245.0,yahoo
LTF,5m,2026-09-11T12:05:00+05:30,305.75,305.75,304.6000061035156,304.70001220703125,45932.0,yahoo
LTF,5m,2026-09-11T12:10:00+05:30,304.6499938964844,304.95001220703125,303.95001220703125,304.0,58904.0,yahoo
LTF,5m,2026-09-11T12:15:00+05:30,304.04998779296875,305.5,303.8999938964844,305.45001220703125,149468.0,yahoo
LTF,5m,2026-09-11T12:20:00+05:30,305.25,305.25,304.8500061035156,305.25,36520.0,yahoo
LTF,5m,2026-09-11T12:25:00+05:30,305.20001220703125,305.3999938964844,304.6499938964844,305.20001220703125,43945.0,yahoo
LTF,5m,2026-09-11T12:30:00+05:30,305.3500061035156,306.70001220703125,305.1000061035156,306.54998779296875,65268.0,yahoo
LTF,5m,2026-09-11T12:35:00+05:30,306.6000061035156,307.95001220703125,306.1499938964844,307.8500061035156,106511.0,yahoo
LTF,5m,2026-09-11T12:40:00+05:30,307.8500061035156,308.29998779296875,307.25,307.54998779296875,54683.0,yahoo
LTF,5m,2026-09-11T12:45:00+05:30,307.54998779296875,308.1499938964844,307.5,307.8500061035156,24201.0,yahoo
LTF,5m,2026-09-11T12:50:00+05:30,307.79998779296875,308.70001220703125,307.79998779296875,308.6000061035156,61887.0,yahoo
LTF,5m,2026-09-11T12:55:00+05:30,308.6499938964844,309.25,308.6000061035156,308.8999938964844,52273.0,yahoo
LTF,5m,2026-09-11T13:00:00+05:30,308.95001220703125,308.95001220703125,308.1000061035156,308.20001220703125,30912.0,yahoo
LTF,5m,2026-09-11T13:05:00+05:30,308.1499938964844,308.5,307.8500061035156,308.5,14828.0,yahoo
LTF,5m,2026-09-11T13:10:00+05:30,308.45001220703125,308.45001220703125,308.1000061035156,308.25,11817.0,yahoo
LTF,5m,2026-09-11T13:15:00+05:30,308.1499938964844,308.6499938964844,308.0,308.1000061035156,29681.0,yahoo
LTF,5m,2026-09-11T13:20:00+05:30,308.1000061035156,308.25,308.04998779296875,308.25,10001.0,yahoo
LTF,5m,2026-09-11T13:25:00+05:30,308.25,308.79998779296875,308.20001220703125,308.6000061035156,21973.0,yahoo
LTF,5m,2026-09-11T13:30:00+05:30,308.5,308.8999938964844,308.3999938964844,308.6499938964844,14092.0,yahoo
LTF,5m,2026-09-11T13:35:00+05:30,308.79998779296875,309.45001220703125,308.45001220703125,309.20001220703125,81431.0,yahoo
LTF,5m,2026-09-11T13:40:00+05:30,309.25,309.29998779296875,308.25,308.5,19889.0,yahoo
LTF,5m,2026-09-11T13:45:00+05:30,308.6499938964844,309.0,308.3500061035156,308.95001220703125,14268.0,yahoo
LTF,5m,2026-09-11T13:50:00+05:30,308.95001220703125,309.3500061035156,308.75,308.75,17272.0,yahoo
LTF,5m,2026-09-11T13:55:00+05:30,308.70001220703125,309.6499938964844,308.70001220703125,309.25,16647.0,yahoo
LTF,5m,2026-09-11T14:00:00+05:30,309.29998779296875,311.0,309.20001220703125,311.0,385982.0,yahoo
LTF,5m,2026-09-11T14:05:00+05:30,310.8999938964844,310.8999938964844,309.8500061035156,309.8999938964844,48962.0,yahoo
LTF,5m,2026-09-11T14:10:00+05:30,309.95001220703125,310.0,309.5,309.8500061035156,7818.0,yahoo
LTF,5m,2026-09-11T14:15:00+05:30,310.0,310.1000061035156,309.70001220703125,310.0,11409.0,yahoo
LTF,5m,2026-09-11T14:20:00+05:30,310.0,310.1499938964844,309.79998779296875,310.1499938964844,17883.0,yahoo
LTF,5m,2026-09-11T14:25:00+05:30,310.04998779296875,310.20001220703125,309.95001220703125,310.1499938964844,18835.0,yahoo
LTF,5m,2026-09-11T14:30:00+05:30,310.1499938964844,310.5,310.1000061035156,310.1000061035156,29878.0,yahoo
LTF,5m,2026-09-11T14:35:00+05:30,310.1000061035156,310.3500061035156,309.79998779296875,310.0,27260.0,yahoo
LTF,5m,2026-09-11T14:40:00+05:30,310.0,310.20001220703125,309.8999938964844,310.20001220703125,18898.0,yahoo
LTF,5m,2026-09-11T14:45:00+05:30,310.0,310.04998779296875,309.54998779296875,309.79998779296875,19473.0,yahoo
LTF,5m,2026-09-11T14:50:00+05:30,310.0,310.0,309.3999938964844,309.6000061035156,74382.0,yahoo
LTF,5m,2026-09-11T14:55:00+05:30,309.6000061035156,310.0,309.5,310.0,25240.0,yahoo
LTF,5m,2026-09-11T15:00:00+05:30,310.0,310.1000061035156,309.54998779296875,309.54998779296875,62044.0,yahoo
LTF,5m,2026-09-11T15:05:00+05:30,309.70001220703125,310.0,309.5,309.79998779296875,128205.0,yahoo
LTF,5m,2026-09-11T15:10:00+05:30,309.75,310.5,309.1000061035156,309.1000061035156,102774.0,yahoo
LUPIN,5m,2026-09-11T09:15:00+05:30,2066.199951171875,2077.199951171875,2064.0,2072.0,0.0,yahoo
LUPIN,5m,2026-09-11T09:20:00+05:30,2071.39990234375,2074.199951171875,2066.199951171875,2071.199951171875,10632.0,yahoo
LUPIN,5m,2026-09-11T09:25:00+05:30,2071.199951171875,2073.60009765625,2070.10009765625,2073.0,4962.0,yahoo
LUPIN,5m,2026-09-11T09:30:00+05:30,2073.0,2073.89990234375,2068.800048828125,2068.800048828125,8481.0,yahoo
LUPIN,5m,2026-09-11T09:35:00+05:30,2069.0,2070.300048828125,2065.0,2066.10009765625,4912.0,yahoo
LUPIN,5m,2026-09-11T09:40:00+05:30,2066.0,2067.39990234375,2064.10009765625,2066.60009765625,8110.0,yahoo
LUPIN,5m,2026-09-11T09:45:00+05:30,2066.60009765625,2068.60009765625,2065.10009765625,2067.5,4114.0,yahoo
LUPIN,5m,2026-09-11T09:50:00+05:30,2067.89990234375,2069.10009765625,2067.0,2068.0,2738.0,yahoo
LUPIN,5m,2026-09-11T09:55:00+05:30,2068.0,2069.60009765625,2066.5,2067.39990234375,5173.0,yahoo
LUPIN,5m,2026-09-11T10:00:00+05:30,2067.5,2068.60009765625,2066.10009765625,2067.60009765625,7086.0,yahoo
LUPIN,5m,2026-09-11T10:05:00+05:30,2066.89990234375,2067.699951171875,2065.0,2065.800048828125,5090.0,yahoo
LUPIN,5m,2026-09-11T10:10:00+05:30,2065.800048828125,2069.300048828125,2065.0,2069.300048828125,9392.0,yahoo
LUPIN,5m,2026-09-11T10:15:00+05:30,2068.39990234375,2071.0,2067.300048828125,2070.800048828125,5233.0,yahoo
LUPIN,5m,2026-09-11T10:20:00+05:30,2070.300048828125,2075.0,2070.300048828125,2075.0,6353.0,yahoo
LUPIN,5m,2026-09-11T10:25:00+05:30,2075.89990234375,2076.39990234375,2071.5,2072.199951171875,2959.0,yahoo
LUPIN,5m,2026-09-11T10:30:00+05:30,2071.5,2073.199951171875,2071.5,2073.10009765625,1176.0,yahoo
LUPIN,5m,2026-09-11T10:35:00+05:30,2072.89990234375,2076.5,2072.89990234375,2075.0,9196.0,yahoo
LUPIN,5m,2026-09-11T10:40:00+05:30,2075.300048828125,2078.60009765625,2073.699951171875,2078.60009765625,3903.0,yahoo
LUPIN,5m,2026-09-11T10:45:00+05:30,2078.39990234375,2083.0,2078.39990234375,2082.699951171875,7668.0,yahoo
LUPIN,5m,2026-09-11T10:50:00+05:30,2082.199951171875,2085.5,2080.89990234375,2082.300048828125,16370.0,yahoo
LUPIN,5m,2026-09-11T10:55:00+05:30,2083.0,2084.199951171875,2081.39990234375,2084.10009765625,5541.0,yahoo
LUPIN,5m,2026-09-11T11:00:00+05:30,2084.199951171875,2092.800048828125,2084.199951171875,2092.0,20622.0,yahoo
LUPIN,5m,2026-09-11T11:05:00+05:30,2092.0,2092.0,2090.0,2090.5,3500.0,yahoo
LUPIN,5m,2026-09-11T11:10:00+05:30,2090.800048828125,2092.39990234375,2089.60009765625,2090.0,9788.0,yahoo
LUPIN,5m,2026-09-11T11:15:00+05:30,2090.0,2092.0,2089.199951171875,2090.800048828125,4500.0,yahoo
LUPIN,5m,2026-09-11T11:20:00+05:30,2091.0,2091.89990234375,2089.10009765625,2090.39990234375,2689.0,yahoo
LUPIN,5m,2026-09-11T11:25:00+05:30,2090.5,2092.0,2089.10009765625,2090.89990234375,5151.0,yahoo
LUPIN,5m,2026-09-11T11:30:00+05:30,2090.89990234375,2091.699951171875,2090.0,2091.199951171875,2883.0,yahoo
LUPIN,5m,2026-09-11T11:35:00+05:30,2091.39990234375,2091.39990234375,2088.699951171875,2088.699951171875,3018.0,yahoo
LUPIN,5m,2026-09-11T11:40:00+05:30,2087.39990234375,2093.800048828125,2087.0,2093.199951171875,15750.0,yahoo
LUPIN,5m,2026-09-11T11:45:00+05:30,2093.10009765625,2095.0,2091.60009765625,2093.300048828125,4508.0,yahoo
LUPIN,5m,2026-09-11T11:50:00+05:30,2093.300048828125,2096.5,2093.300048828125,2096.0,6902.0,yahoo
LUPIN,5m,2026-09-11T11:55:00+05:30,2096.39990234375,2096.39990234375,2094.300048828125,2095.300048828125,3507.0,yahoo
LUPIN,5m,2026-09-11T12:00:00+05:30,2094.300048828125,2094.300048828125,2092.5,2093.5,3771.0,yahoo
LUPIN,5m,2026-09-11T12:05:00+05:30,2093.5,2093.60009765625,2092.39990234375,2093.0,3081.0,yahoo
LUPIN,5m,2026-09-11T12:10:00+05:30,2093.39990234375,2097.5,2093.39990234375,2094.5,7496.0,yahoo
LUPIN,5m,2026-09-11T12:15:00+05:30,2095.199951171875,2095.5,2094.0,2095.0,2321.0,yahoo
LUPIN,5m,2026-09-11T12:20:00+05:30,2095.300048828125,2095.300048828125,2093.800048828125,2094.5,2950.0,yahoo
LUPIN,5m,2026-09-11T12:25:00+05:30,2094.5,2094.5,2093.5,2094.0,2392.0,yahoo
LUPIN,5m,2026-09-11T12:30:00+05:30,2094.5,2101.699951171875,2094.0,2101.699951171875,8817.0,yahoo
LUPIN,5m,2026-09-11T12:35:00+05:30,2100.60009765625,2100.60009765625,2096.5,2097.60009765625,5686.0,yahoo
LUPIN,5m,2026-09-11T12:40:00+05:30,2098.199951171875,2098.39990234375,2097.0,2097.60009765625,2784.0,yahoo
LUPIN,5m,2026-09-11T12:45:00+05:30,2098.0,2098.5,2096.10009765625,2096.5,3500.0,yahoo
LUPIN,5m,2026-09-11T12:50:00+05:30,2096.199951171875,2098.199951171875,2095.60009765625,2097.300048828125,4313.0,yahoo
LUPIN,5m,2026-09-11T12:55:00+05:30,2097.300048828125,2099.0,2096.199951171875,2098.5,3546.0,yahoo
LUPIN,5m,2026-09-11T13:00:00+05:30,2098.89990234375,2100.5,2097.5,2100.10009765625,4100.0,yahoo
LUPIN,5m,2026-09-11T13:05:00+05:30,2099.800048828125,2099.800048828125,2097.5,2098.5,3745.0,yahoo
LUPIN,5m,2026-09-11T13:10:00+05:30,2098.89990234375,2100.0,2097.0,2099.39990234375,2568.0,yahoo
LUPIN,5m,2026-09-11T13:15:00+05:30,2099.699951171875,2103.0,2099.300048828125,2100.199951171875,11382.0,yahoo
LUPIN,5m,2026-09-11T13:20:00+05:30,2100.199951171875,2101.5,2098.89990234375,2101.0,2627.0,yahoo
LUPIN,5m,2026-09-11T13:25:00+05:30,2101.5,2103.89990234375,2101.0,2103.89990234375,7844.0,yahoo
LUPIN,5m,2026-09-11T13:30:00+05:30,2104.0,2107.0,2103.5,2105.199951171875,17198.0,yahoo
LUPIN,5m,2026-09-11T13:35:00+05:30,2105.5,2105.5,2101.39990234375,2103.800048828125,4276.0,yahoo
LUPIN,5m,2026-09-11T13:40:00+05:30,2103.800048828125,2103.800048828125,2100.800048828125,2101.10009765625,3320.0,yahoo
LUPIN,5m,2026-09-11T13:45:00+05:30,2101.39990234375,2103.300048828125,2101.10009765625,2102.199951171875,2799.0,yahoo
LUPIN,5m,2026-09-11T13:50:00+05:30,2103.0,2105.89990234375,2101.699951171875,2103.39990234375,4648.0,yahoo
LUPIN,5m,2026-09-11T13:55:00+05:30,2103.39990234375,2105.60009765625,2103.39990234375,2104.39990234375,5359.0,yahoo
LUPIN,5m,2026-09-11T14:00:00+05:30,2105.0,2108.199951171875,2104.39990234375,2105.699951171875,9186.0,yahoo
LUPIN,5m,2026-09-11T14:05:00+05:30,2105.60009765625,2106.39990234375,2102.5,2102.5,6579.0,yahoo
LUPIN,5m,2026-09-11T14:10:00+05:30,2102.39990234375,2103.60009765625,2102.10009765625,2102.60009765625,8163.0,yahoo
LUPIN,5m,2026-09-11T14:15:00+05:30,2103.10009765625,2103.10009765625,2102.10009765625,2102.10009765625,3312.0,yahoo
LUPIN,5m,2026-09-11T14:20:00+05:30,2102.10009765625,2103.5,2101.0,2102.699951171875,7247.0,yahoo
LUPIN,5m,2026-09-11T14:25:00+05:30,2102.300048828125,2102.60009765625,2099.39990234375,2100.800048828125,6809.0,yahoo
LUPIN,5m,2026-09-11T14:30:00+05:30,2100.89990234375,2101.0,2098.10009765625,2098.10009765625,7624.0,yahoo
LUPIN,5m,2026-09-11T14:35:00+05:30,2098.199951171875,2099.300048828125,2093.300048828125,2098.199951171875,32233.0,yahoo
LUPIN,5m,2026-09-11T14:40:00+05:30,2098.60009765625,2098.800048828125,2097.0,2097.89990234375,7345.0,yahoo
LUPIN,5m,2026-09-11T14:45:00+05:30,2098.0,2098.0,2092.0,2092.5,33835.0,yahoo
LUPIN,5m,2026-09-11T14:50:00+05:30,2092.5,2093.39990234375,2092.0,2093.199951171875,6509.0,yahoo
LUPIN,5m,2026-09-11T14:55:00+05:30,2093.39990234375,2094.5,2092.199951171875,2092.39990234375,9642.0,yahoo
LUPIN,5m,2026-09-11T15:00:00+05:30,2092.5,2093.5,2092.10009765625,2092.39990234375,17601.0,yahoo
LUPIN,5m,2026-09-11T15:05:00+05:30,2092.39990234375,2093.300048828125,2092.39990234375,2093.199951171875,14981.0,yahoo
LUPIN,5m,2026-09-11T15:10:00+05:30,2093.60009765625,2096.0,2091.5,2094.89990234375,35098.0,yahoo
LUPIN,5m,2026-09-11T15:15:00+05:30,2094.89990234375,2095.0,2094.89990234375,2095.0,61369.0,yahoo
M&M,5m,2026-09-11T09:15:00+05:30,3092.60009765625,3092.60009765625,3074.10009765625,3074.39990234375,0.0,yahoo
M&M,5m,2026-09-11T09:20:00+05:30,3074.800048828125,3077.89990234375,3069.10009765625,3074.0,44968.0,yahoo
M&M,5m,2026-09-11T09:25:00+05:30,3073.800048828125,3079.39990234375,3072.5,3076.800048828125,25646.0,yahoo
M&M,5m,2026-09-11T09:30:00+05:30,3077.199951171875,3079.5,3074.0,3078.10009765625,18506.0,yahoo
M&M,5m,2026-09-11T09:35:00+05:30,3078.89990234375,3081.199951171875,3077.0,3078.5,13559.0,yahoo
M&M,5m,2026-09-11T09:40:00+05:30,3078.5,3079.39990234375,3075.10009765625,3077.5,14662.0,yahoo
M&M,5m,2026-09-11T09:45:00+05:30,3077.5,3079.0,3075.10009765625,3075.60009765625,14954.0,yahoo
M&M,5m,2026-09-11T09:50:00+05:30,3076.5,3077.699951171875,3070.199951171875,3072.300048828125,19089.0,yahoo
M&M,5m,2026-09-11T09:55:00+05:30,3072.300048828125,3077.199951171875,3072.300048828125,3077.199951171875,34767.0,yahoo
M&M,5m,2026-09-11T10:00:00+05:30,3077.199951171875,3079.0,3075.39990234375,3076.0,25391.0,yahoo
M&M,5m,2026-09-11T10:05:00+05:30,3076.39990234375,3099.89990234375,3076.39990234375,3099.0,37035.0,yahoo
M&M,5m,2026-09-11T10:10:00+05:30,3099.10009765625,3100.0,3093.5,3097.10009765625,17046.0,yahoo
M&M,5m,2026-09-11T10:15:00+05:30,3097.0,3099.60009765625,3094.60009765625,3098.10009765625,10383.0,yahoo
M&M,5m,2026-09-11T10:20:00+05:30,3098.10009765625,3101.89990234375,3096.60009765625,3100.89990234375,23789.0,yahoo
M&M,5m,2026-09-11T10:25:00+05:30,3100.39990234375,3101.0,3094.89990234375,3095.39990234375,11459.0,yahoo
M&M,5m,2026-09-11T10:30:00+05:30,3095.5,3097.60009765625,3094.60009765625,3096.300048828125,7510.0,yahoo
M&M,5m,2026-09-11T10:35:00+05:30,3096.300048828125,3098.0,3095.39990234375,3096.10009765625,6592.0,yahoo
M&M,5m,2026-09-11T10:40:00+05:30,3096.10009765625,3098.39990234375,3095.5,3097.10009765625,10632.0,yahoo
M&M,5m,2026-09-11T10:45:00+05:30,3097.10009765625,3100.0,3096.89990234375,3099.699951171875,10667.0,yahoo
M&M,5m,2026-09-11T10:50:00+05:30,3099.300048828125,3099.300048828125,3093.60009765625,3094.60009765625,6479.0,yahoo
M&M,5m,2026-09-11T10:55:00+05:30,3094.60009765625,3095.199951171875,3093.5,3094.0,8385.0,yahoo
M&M,5m,2026-09-11T11:00:00+05:30,3094.0,3095.10009765625,3092.0,3092.0,7807.0,yahoo
M&M,5m,2026-09-11T11:05:00+05:30,3091.39990234375,3103.60009765625,3090.89990234375,3103.10009765625,24698.0,yahoo
M&M,5m,2026-09-11T11:10:00+05:30,3103.10009765625,3110.0,3101.10009765625,3109.60009765625,28777.0,yahoo
M&M,5m,2026-09-11T11:15:00+05:30,3109.60009765625,3112.199951171875,3106.5,3109.5,11270.0,yahoo
M&M,5m,2026-09-11T11:20:00+05:30,3109.5,3110.800048828125,3107.0,3110.800048828125,7509.0,yahoo
M&M,5m,2026-09-11T11:25:00+05:30,3110.800048828125,3118.39990234375,3109.89990234375,3110.89990234375,20360.0,yahoo
M&M,5m,2026-09-11T11:30:00+05:30,3110.89990234375,3110.89990234375,3108.39990234375,3108.60009765625,4882.0,yahoo
M&M,5m,2026-09-11T11:35:00+05:30,3108.60009765625,3109.89990234375,3108.0,3108.199951171875,4265.0,yahoo
M&M,5m,2026-09-11T11:40:00+05:30,3108.300048828125,3114.300048828125,3108.10009765625,3114.300048828125,8048.0,yahoo
M&M,5m,2026-09-11T11:45:00+05:30,3114.300048828125,3115.0,3111.300048828125,3112.0,4258.0,yahoo
M&M,5m,2026-09-11T11:50:00+05:30,3112.0,3113.800048828125,3111.5,3113.699951171875,7078.0,yahoo
M&M,5m,2026-09-11T11:55:00+05:30,3113.699951171875,3114.0,3111.0,3113.699951171875,8478.0,yahoo
M&M,5m,2026-09-11T12:00:00+05:30,3113.699951171875,3113.89990234375,3107.89990234375,3108.0,11130.0,yahoo
M&M,5m,2026-09-11T12:05:00+05:30,3108.0,3111.89990234375,3108.0,3111.5,14663.0,yahoo
M&M,5m,2026-09-11T12:10:00+05:30,3111.5,3111.5,3107.300048828125,3108.800048828125,6304.0,yahoo
M&M,5m,2026-09-11T12:15:00+05:30,3108.800048828125,3111.800048828125,3108.800048828125,3111.10009765625,7216.0,yahoo
M&M,5m,2026-09-11T12:20:00+05:30,3111.60009765625,3112.0,3109.10009765625,3111.5,9841.0,yahoo
M&M,5m,2026-09-11T12:25:00+05:30,3111.5,3111.5,3108.10009765625,3108.60009765625,3757.0,yahoo
M&M,5m,2026-09-11T12:30:00+05:30,3108.60009765625,3112.5,3108.10009765625,3111.0,6165.0,yahoo
M&M,5m,2026-09-11T12:35:00+05:30,3111.0,3114.89990234375,3111.0,3113.60009765625,11260.0,yahoo
M&M,5m,2026-09-11T12:40:00+05:30,3113.60009765625,3113.60009765625,3110.199951171875,3111.300048828125,2875.0,yahoo
M&M,5m,2026-09-11T12:45:00+05:30,3111.300048828125,3111.300048828125,3107.0,3107.89990234375,8354.0,yahoo
M&M,5m,2026-09-11T12:50:00+05:30,3107.89990234375,3111.39990234375,3107.89990234375,3110.5,10819.0,yahoo
M&M,5m,2026-09-11T12:55:00+05:30,3110.60009765625,3113.89990234375,3110.60009765625,3113.10009765625,9759.0,yahoo
M&M,5m,2026-09-11T13:00:00+05:30,3113.5,3113.60009765625,3107.0,3107.300048828125,12211.0,yahoo
M&M,5m,2026-09-11T13:05:00+05:30,3106.800048828125,3109.199951171875,3105.0,3105.89990234375,11880.0,yahoo
M&M,5m,2026-09-11T13:10:00+05:30,3105.89990234375,3107.89990234375,3105.0,3107.89990234375,9349.0,yahoo
M&M,5m,2026-09-11T13:15:00+05:30,3107.89990234375,3107.89990234375,3105.0,3105.10009765625,10245.0,yahoo
M&M,5m,2026-09-11T13:20:00+05:30,3105.10009765625,3106.60009765625,3101.199951171875,3106.60009765625,32994.0,yahoo
M&M,5m,2026-09-11T13:25:00+05:30,3106.60009765625,3107.60009765625,3104.0,3106.300048828125,13179.0,yahoo
M&M,5m,2026-09-11T13:30:00+05:30,3106.300048828125,3109.5,3105.0,3105.89990234375,7394.0,yahoo
M&M,5m,2026-09-11T13:35:00+05:30,3105.89990234375,3106.60009765625,3104.699951171875,3104.699951171875,6512.0,yahoo
M&M,5m,2026-09-11T13:40:00+05:30,3104.800048828125,3105.300048828125,3101.699951171875,3102.800048828125,22805.0,yahoo
M&M,5m,2026-09-11T13:45:00+05:30,3102.800048828125,3105.0,3099.800048828125,3104.5,66955.0,yahoo
M&M,5m,2026-09-11T13:50:00+05:30,3104.800048828125,3111.60009765625,3104.699951171875,3105.800048828125,17360.0,yahoo
M&M,5m,2026-09-11T13:55:00+05:30,3105.800048828125,3111.199951171875,3105.60009765625,3107.0,12447.0,yahoo
M&M,5m,2026-09-11T14:00:00+05:30,3107.0,3110.199951171875,3106.10009765625,3109.39990234375,15348.0,yahoo
M&M,5m,2026-09-11T14:05:00+05:30,3109.39990234375,3109.89990234375,3106.0,3106.5,5188.0,yahoo
M&M,5m,2026-09-11T14:10:00+05:30,3106.5,3106.89990234375,3105.0,3105.60009765625,8006.0,yahoo
M&M,5m,2026-09-11T14:15:00+05:30,3105.300048828125,3111.10009765625,3105.0,3110.699951171875,14824.0,yahoo
M&M,5m,2026-09-11T14:20:00+05:30,3110.699951171875,3116.800048828125,3110.60009765625,3116.800048828125,12316.0,yahoo
M&M,5m,2026-09-11T14:25:00+05:30,3116.5,3122.5,3116.5,3122.0,23074.0,yahoo
M&M,5m,2026-09-11T14:30:00+05:30,3122.0,3124.0,3118.89990234375,3118.89990234375,29285.0,yahoo
M&M,5m,2026-09-11T14:35:00+05:30,3118.800048828125,3121.699951171875,3115.5,3121.699951171875,21221.0,yahoo
M&M,5m,2026-09-11T14:40:00+05:30,3121.800048828125,3123.0,3116.5,3117.89990234375,24036.0,yahoo
M&M,5m,2026-09-11T14:45:00+05:30,3117.89990234375,3119.300048828125,3115.300048828125,3117.0,18452.0,yahoo
M&M,5m,2026-09-11T14:50:00+05:30,3117.0,3117.5,3114.199951171875,3116.300048828125,14717.0,yahoo
M&M,5m,2026-09-11T14:55:00+05:30,3116.199951171875,3116.89990234375,3114.0,3115.10009765625,19517.0,yahoo
M&M,5m,2026-09-11T15:00:00+05:30,3115.199951171875,3115.199951171875,3108.10009765625,3109.300048828125,22602.0,yahoo
M&M,5m,2026-09-11T15:05:00+05:30,3109.300048828125,3110.39990234375,3106.699951171875,3110.39990234375,20547.0,yahoo
M&M,5m,2026-09-11T15:10:00+05:30,3112.199951171875,3119.60009765625,3111.699951171875,3114.800048828125,42752.0,yahoo
M&M,5m,2026-09-11T15:15:00+05:30,3114.60009765625,3114.60009765625,3107.0,3107.0,77729.0,yahoo
MARUTI,5m,2026-09-11T09:15:00+05:30,12511.0,12511.0,12448.0,12448.0,0.0,yahoo
MARUTI,5m,2026-09-11T09:20:00+05:30,12442.0,12458.0,12424.0,12451.0,4636.0,yahoo
MARUTI,5m,2026-09-11T09:25:00+05:30,12461.0,12468.0,12444.0,12468.0,2847.0,yahoo
MARUTI,5m,2026-09-11T09:30:00+05:30,12471.0,12480.0,12460.0,12479.0,3484.0,yahoo
MARUTI,5m,2026-09-11T09:35:00+05:30,12473.0,12487.0,12465.0,12475.0,1568.0,yahoo
MARUTI,5m,2026-09-11T09:40:00+05:30,12476.0,12483.0,12467.0,12475.0,2081.0,yahoo
MARUTI,5m,2026-09-11T09:45:00+05:30,12481.0,12492.0,12471.0,12492.0,1714.0,yahoo
MARUTI,5m,2026-09-11T09:50:00+05:30,12492.0,12494.0,12464.0,12471.0,2209.0,yahoo
MARUTI,5m,2026-09-11T09:55:00+05:30,12464.0,12469.0,12460.0,12465.0,2533.0,yahoo
MARUTI,5m,2026-09-11T10:00:00+05:30,12465.0,12468.0,12419.0,12429.0,10516.0,yahoo
MARUTI,5m,2026-09-11T10:05:00+05:30,12430.0,12449.0,12422.0,12434.0,9273.0,yahoo
MARUTI,5m,2026-09-11T10:10:00+05:30,12434.0,12446.0,12430.0,12439.0,10529.0,yahoo
MARUTI,5m,2026-09-11T10:15:00+05:30,12440.0,12446.0,12431.0,12435.0,7829.0,yahoo
MARUTI,5m,2026-09-11T10:20:00+05:30,12432.0,12460.0,12430.0,12439.0,33250.0,yahoo
MARUTI,5m,2026-09-11T10:25:00+05:30,12440.0,12476.0,12439.0,12460.0,63561.0,yahoo
MARUTI,5m,2026-09-11T10:30:00+05:30,12460.0,12461.0,12451.0,12456.0,6684.0,yahoo
MARUTI,5m,2026-09-11T10:35:00+05:30,12457.0,12461.0,12449.0,12449.0,6645.0,yahoo
MARUTI,5m,2026-09-11T10:40:00+05:30,12449.0,12454.0,12430.0,12440.0,3285.0,yahoo
MARUTI,5m,2026-09-11T10:45:00+05:30,12440.0,12448.0,12435.0,12438.0,1821.0,yahoo
MARUTI,5m,2026-09-11T10:50:00+05:30,12438.0,12438.0,12408.0,12413.0,9003.0,yahoo
MARUTI,5m,2026-09-11T10:55:00+05:30,12413.0,12423.0,12412.0,12415.0,1059.0,yahoo
MARUTI,5m,2026-09-11T11:00:00+05:30,12415.0,12426.0,12400.0,12405.0,5828.0,yahoo
MARUTI,5m,2026-09-11T11:05:00+05:30,12406.0,12427.0,12396.0,12426.0,1347.0,yahoo
MARUTI,5m,2026-09-11T11:10:00+05:30,12426.0,12445.0,12423.0,12443.0,3628.0,yahoo
MARUTI,5m,2026-09-11T11:15:00+05:30,12446.0,12446.0,12419.0,12420.0,8823.0,yahoo
MARUTI,5m,2026-09-11T11:20:00+05:30,12416.0,12427.0,12407.0,12415.0,11307.0,yahoo
MARUTI,5m,2026-09-11T11:25:00+05:30,12417.0,12423.0,12410.0,12416.0,10199.0,yahoo
MARUTI,5m,2026-09-11T11:30:00+05:30,12416.0,12430.0,12410.0,12429.0,4129.0,yahoo
MARUTI,5m,2026-09-11T11:35:00+05:30,12429.0,12434.0,12424.0,12426.0,1300.0,yahoo
MARUTI,5m,2026-09-11T11:40:00+05:30,12426.0,12434.0,12421.0,12430.0,1500.0,yahoo
MARUTI,5m,2026-09-11T11:45:00+05:30,12428.0,12435.0,12405.0,12407.0,8068.0,yahoo
MARUTI,5m,2026-09-11T11:50:00+05:30,12408.0,12420.0,12405.0,12420.0,1585.0,yahoo
MARUTI,5m,2026-09-11T11:55:00+05:30,12418.0,12423.0,12402.0,12414.0,3074.0,yahoo
MARUTI,5m,2026-09-11T12:00:00+05:30,12419.0,12421.0,12408.0,12412.0,1843.0,yahoo
MARUTI,5m,2026-09-11T12:05:00+05:30,12411.0,12411.0,12384.0,12405.0,7683.0,yahoo
MARUTI,5m,2026-09-11T12:10:00+05:30,12409.0,12410.0,12395.0,12404.0,2173.0,yahoo
MARUTI,5m,2026-09-11T12:15:00+05:30,12404.0,12415.0,12404.0,12410.0,929.0,yahoo
MARUTI,5m,2026-09-11T12:20:00+05:30,12410.0,12414.0,12401.0,12409.0,2072.0,yahoo
MARUTI,5m,2026-09-11T12:25:00+05:30,12411.0,12411.0,12395.0,12401.0,6478.0,yahoo
MARUTI,5m,2026-09-11T12:30:00+05:30,12404.0,12415.0,12400.0,12409.0,1540.0,yahoo
MARUTI,5m,2026-09-11T12:35:00+05:30,12409.0,12411.0,12400.0,12403.0,2189.0,yahoo
MARUTI,5m,2026-09-11T12:40:00+05:30,12403.0,12418.0,12401.0,12411.0,1457.0,yahoo
MARUTI,5m,2026-09-11T12:45:00+05:30,12411.0,12413.0,12400.0,12410.0,3731.0,yahoo
MARUTI,5m,2026-09-11T12:50:00+05:30,12413.0,12421.0,12410.0,12421.0,2119.0,yahoo
MARUTI,5m,2026-09-11T12:55:00+05:30,12421.0,12427.0,12410.0,12415.0,3856.0,yahoo
MARUTI,5m,2026-09-11T13:00:00+05:30,12420.0,12420.0,12410.0,12412.0,953.0,yahoo
MARUTI,5m,2026-09-11T13:05:00+05:30,12410.0,12413.0,12405.0,12405.0,2905.0,yahoo
MARUTI,5m,2026-09-11T13:10:00+05:30,12403.0,12408.0,12388.0,12407.0,3246.0,yahoo
MARUTI,5m,2026-09-11T13:15:00+05:30,12403.0,12408.0,12384.0,12384.0,5976.0,yahoo
MARUTI,5m,2026-09-11T13:20:00+05:30,12388.0,12398.0,12384.0,12396.0,1400.0,yahoo
MARUTI,5m,2026-09-11T13:25:00+05:30,12396.0,12412.0,12393.0,12412.0,21451.0,yahoo
MARUTI,5m,2026-09-11T13:30:00+05:30,12412.0,12432.0,12412.0,12418.0,8316.0,yahoo
MARUTI,5m,2026-09-11T13:35:00+05:30,12420.0,12420.0,12401.0,12405.0,1366.0,yahoo
MARUTI,5m,2026-09-11T13:40:00+05:30,12404.0,12404.0,12382.0,12390.0,4078.0,yahoo
MARUTI,5m,2026-09-11T13:45:00+05:30,12390.0,12393.0,12386.0,12390.0,1447.0,yahoo
MARUTI,5m,2026-09-11T13:50:00+05:30,12392.0,12415.0,12386.0,12400.0,3909.0,yahoo
MARUTI,5m,2026-09-11T13:55:00+05:30,12400.0,12417.0,12397.0,12411.0,18781.0,yahoo
MARUTI,5m,2026-09-11T14:00:00+05:30,12415.0,12449.0,12410.0,12434.0,15630.0,yahoo
MARUTI,5m,2026-09-11T14:05:00+05:30,12433.0,12440.0,12421.0,12425.0,4610.0,yahoo
MARUTI,5m,2026-09-11T14:10:00+05:30,12425.0,12428.0,12418.0,12426.0,2580.0,yahoo
MARUTI,5m,2026-09-11T14:15:00+05:30,12427.0,12429.0,12420.0,12427.0,2334.0,yahoo
MARUTI,5m,2026-09-11T14:20:00+05:30,12425.0,12433.0,12422.0,12432.0,2998.0,yahoo
MARUTI,5m,2026-09-11T14:25:00+05:30,12430.0,12435.0,12426.0,12430.0,3896.0,yahoo
MARUTI,5m,2026-09-11T14:30:00+05:30,12430.0,12454.0,12430.0,12439.0,12268.0,yahoo
MARUTI,5m,2026-09-11T14:35:00+05:30,12440.0,12440.0,12425.0,12437.0,3741.0,yahoo
MARUTI,5m,2026-09-11T14:40:00+05:30,12436.0,12438.0,12429.0,12432.0,3014.0,yahoo
MARUTI,5m,2026-09-11T14:45:00+05:30,12432.0,12432.0,12420.0,12425.0,3524.0,yahoo
MARUTI,5m,2026-09-11T14:50:00+05:30,12425.0,12432.0,12419.0,12426.0,9902.0,yahoo
MARUTI,5m,2026-09-11T14:55:00+05:30,12426.0,12431.0,12415.0,12415.0,10641.0,yahoo
MARUTI,5m,2026-09-11T15:00:00+05:30,12410.0,12410.0,12396.0,12406.0,12472.0,yahoo
MARUTI,5m,2026-09-11T15:05:00+05:30,12398.0,12417.0,12392.0,12416.0,13615.0,yahoo
MARUTI,5m,2026-09-11T15:10:00+05:30,12413.0,12440.0,12413.0,12432.0,30705.0,yahoo
MARUTI,5m,2026-09-11T15:15:00+05:30,12432.0,12432.0,12400.0,12400.0,12616.0,yahoo
MAXHEALTH,5m,2026-09-11T09:15:00+05:30,1030.0,1038.199951171875,1030.0,1033.699951171875,0.0,yahoo
MAXHEALTH,5m,2026-09-11T09:20:00+05:30,1033.699951171875,1034.0,1027.0,1029.0999755859375,178864.0,yahoo
MAXHEALTH,5m,2026-09-11T09:25:00+05:30,1029.5,1029.699951171875,1026.0,1026.9000244140625,227206.0,yahoo
MAXHEALTH,5m,2026-09-11T09:30:00+05:30,1027.0,1027.4000244140625,1025.199951171875,1026.0,165816.0,yahoo
MAXHEALTH,5m,2026-09-11T09:35:00+05:30,1026.0,1027.199951171875,1026.0,1026.0,13412.0,yahoo
MAXHEALTH,5m,2026-09-11T09:40:00+05:30,1026.300048828125,1027.300048828125,1026.0,1026.5999755859375,88520.0,yahoo
MAXHEALTH,5m,2026-09-11T09:45:00+05:30,1026.5,1027.699951171875,1023.7000122070312,1025.0,223584.0,yahoo
MAXHEALTH,5m,2026-09-11T09:50:00+05:30,1025.0,1026.699951171875,1025.0,1026.699951171875,124737.0,yahoo
MAXHEALTH,5m,2026-09-11T09:55:00+05:30,1026.699951171875,1027.4000244140625,1026.0,1026.199951171875,8638.0,yahoo
MAXHEALTH,5m,2026-09-11T10:00:00+05:30,1026.699951171875,1027.4000244140625,1026.199951171875,1027.4000244140625,44329.0,yahoo
MAXHEALTH,5m,2026-09-11T10:05:00+05:30,1027.300048828125,1030.0,1027.0,1029.0,72814.0,yahoo
MAXHEALTH,5m,2026-09-11T10:10:00+05:30,1028.5999755859375,1029.0999755859375,1027.800048828125,1029.0,7452.0,yahoo
MAXHEALTH,5m,2026-09-11T10:15:00+05:30,1028.800048828125,1029.699951171875,1028.300048828125,1028.5,6997.0,yahoo
MAXHEALTH,5m,2026-09-11T10:20:00+05:30,1028.5999755859375,1029.0,1027.5999755859375,1028.4000244140625,10352.0,yahoo
MAXHEALTH,5m,2026-09-11T10:25:00+05:30,1028.4000244140625,1028.4000244140625,1027.199951171875,1027.4000244140625,14849.0,yahoo
MAXHEALTH,5m,2026-09-11T10:30:00+05:30,1027.4000244140625,1027.800048828125,1027.0,1027.199951171875,5125.0,yahoo
MAXHEALTH,5m,2026-09-11T10:35:00+05:30,1027.199951171875,1028.0,1027.0,1028.0,77734.0,yahoo
MAXHEALTH,5m,2026-09-11T10:40:00+05:30,1028.0,1029.800048828125,1028.0,1029.800048828125,8032.0,yahoo
MAXHEALTH,5m,2026-09-11T10:45:00+05:30,1029.9000244140625,1031.199951171875,1029.300048828125,1029.800048828125,7977.0,yahoo
MAXHEALTH,5m,2026-09-11T10:50:00+05:30,1029.300048828125,1029.800048828125,1028.800048828125,1029.0,6534.0,yahoo
MAXHEALTH,5m,2026-09-11T10:55:00+05:30,1029.199951171875,1029.5999755859375,1027.800048828125,1028.0,9590.0,yahoo
MAXHEALTH,5m,2026-09-11T11:00:00+05:30,1028.4000244140625,1033.199951171875,1028.199951171875,1032.4000244140625,26084.0,yahoo
MAXHEALTH,5m,2026-09-11T11:05:00+05:30,1033.0,1036.0,1032.5,1035.5,31442.0,yahoo
MAXHEALTH,5m,2026-09-11T11:10:00+05:30,1035.5,1036.800048828125,1035.300048828125,1036.5,5993.0,yahoo
MAXHEALTH,5m,2026-09-11T11:15:00+05:30,1036.5,1036.699951171875,1035.4000244140625,1035.9000244140625,11693.0,yahoo
MAXHEALTH,5m,2026-09-11T11:20:00+05:30,1036.199951171875,1036.199951171875,1035.0,1035.0,6510.0,yahoo
MAXHEALTH,5m,2026-09-11T11:25:00+05:30,1035.4000244140625,1036.0,1035.0,1035.5999755859375,6431.0,yahoo
MAXHEALTH,5m,2026-09-11T11:30:00+05:30,1036.0,1036.0,1035.0,1035.0999755859375,3596.0,yahoo
MAXHEALTH,5m,2026-09-11T11:35:00+05:30,1035.5,1035.5999755859375,1035.0,1035.4000244140625,6705.0,yahoo
MAXHEALTH,5m,2026-09-11T11:40:00+05:30,1035.4000244140625,1036.4000244140625,1035.199951171875,1036.4000244140625,5476.0,yahoo
MAXHEALTH,5m,2026-09-11T11:45:00+05:30,1036.300048828125,1036.699951171875,1035.0,1036.300048828125,5680.0,yahoo
MAXHEALTH,5m,2026-09-11T11:50:00+05:30,1036.5,1038.699951171875,1035.800048828125,1038.5,10512.0,yahoo
MAXHEALTH,5m,2026-09-11T11:55:00+05:30,1038.4000244140625,1039.0,1038.0,1038.199951171875,3468.0,yahoo
MAXHEALTH,5m,2026-09-11T12:00:00+05:30,1038.199951171875,1039.0,1038.199951171875,1038.4000244140625,3470.0,yahoo
MAXHEALTH,5m,2026-09-11T12:05:00+05:30,1038.5,1039.0,1038.4000244140625,1038.5,5960.0,yahoo
MAXHEALTH,5m,2026-09-11T12:10:00+05:30,1038.5,1038.9000244140625,1038.0,1038.0,9702.0,yahoo
MAXHEALTH,5m,2026-09-11T12:15:00+05:30,1038.199951171875,1039.4000244140625,1037.699951171875,1039.0,16899.0,yahoo
MAXHEALTH,5m,2026-09-11T12:20:00+05:30,1039.0,1039.4000244140625,1038.0,1038.0,9599.0,yahoo
MAXHEALTH,5m,2026-09-11T12:25:00+05:30,1038.300048828125,1038.300048828125,1037.5,1037.5999755859375,6267.0,yahoo
MAXHEALTH,5m,2026-09-11T12:30:00+05:30,1038.199951171875,1038.800048828125,1037.5999755859375,1038.800048828125,7873.0,yahoo
MAXHEALTH,5m,2026-09-11T12:35:00+05:30,1038.699951171875,1040.0,1038.699951171875,1039.0999755859375,10874.0,yahoo
MAXHEALTH,5m,2026-09-11T12:40:00+05:30,1039.4000244140625,1039.5,1038.0,1038.0,3350.0,yahoo
MAXHEALTH,5m,2026-09-11T12:45:00+05:30,1038.300048828125,1038.300048828125,1035.9000244140625,1038.300048828125,21451.0,yahoo
MAXHEALTH,5m,2026-09-11T12:50:00+05:30,1038.0,1038.300048828125,1036.300048828125,1036.699951171875,66907.0,yahoo
MAXHEALTH,5m,2026-09-11T12:55:00+05:30,1036.699951171875,1038.0,1036.0999755859375,1037.9000244140625,13696.0,yahoo
MAXHEALTH,5m,2026-09-11T13:00:00+05:30,1037.9000244140625,1038.5999755859375,1037.0999755859375,1037.300048828125,10609.0,yahoo
MAXHEALTH,5m,2026-09-11T13:05:00+05:30,1037.800048828125,1038.0,1036.800048828125,1037.800048828125,8622.0,yahoo
MAXHEALTH,5m,2026-09-11T13:10:00+05:30,1037.800048828125,1037.9000244140625,1037.0,1037.0999755859375,3980.0,yahoo
MAXHEALTH,5m,2026-09-11T13:15:00+05:30,1037.5,1037.5999755859375,1037.0,1037.0999755859375,7313.0,yahoo
MAXHEALTH,5m,2026-09-11T13:20:00+05:30,1037.5,1037.800048828125,1037.0,1037.0999755859375,6327.0,yahoo
MAXHEALTH,5m,2026-09-11T13:25:00+05:30,1037.0999755859375,1037.5999755859375,1037.0,1037.5,9962.0,yahoo
MAXHEALTH,5m,2026-09-11T13:30:00+05:30,1037.5999755859375,1037.5999755859375,1037.0,1037.5,6561.0,yahoo
MAXHEALTH,5m,2026-09-11T13:35:00+05:30,1037.4000244140625,1037.699951171875,1035.699951171875,1037.0,67483.0,yahoo
MAXHEALTH,5m,2026-09-11T13:40:00+05:30,1037.5,1037.5,1036.0,1037.0,34414.0,yahoo
MAXHEALTH,5m,2026-09-11T13:45:00+05:30,1036.199951171875,1037.300048828125,1035.9000244140625,1037.199951171875,8925.0,yahoo
MAXHEALTH,5m,2026-09-11T13:50:00+05:30,1037.0,1038.0,1036.199951171875,1037.0,9956.0,yahoo
MAXHEALTH,5m,2026-09-11T13:55:00+05:30,1037.300048828125,1037.699951171875,1036.5,1037.0,8476.0,yahoo
MAXHEALTH,5m,2026-09-11T14:00:00+05:30,1037.0,1039.0,1036.699951171875,1037.5999755859375,7710.0,yahoo
MAXHEALTH,5m,2026-09-11T14:05:00+05:30,1038.0,1038.699951171875,1037.199951171875,1037.5999755859375,8168.0,yahoo
MAXHEALTH,5m,2026-09-11T14:10:00+05:30,1037.5,1037.5,1036.0,1036.5999755859375,6169.0,yahoo
MAXHEALTH,5m,2026-09-11T14:15:00+05:30,1036.199951171875,1040.5,1036.0,1039.699951171875,48979.0,yahoo
MAXHEALTH,5m,2026-09-11T14:20:00+05:30,1039.5999755859375,1039.800048828125,1038.0999755859375,1038.5999755859375,11892.0,yahoo
MAXHEALTH,5m,2026-09-11T14:25:00+05:30,1038.4000244140625,1039.4000244140625,1038.199951171875,1039.199951171875,11067.0,yahoo
MAXHEALTH,5m,2026-09-11T14:30:00+05:30,1039.699951171875,1040.0,1038.5999755859375,1038.699951171875,11597.0,yahoo
MAXHEALTH,5m,2026-09-11T14:35:00+05:30,1039.0999755859375,1040.0,1038.5,1039.0999755859375,15573.0,yahoo
MAXHEALTH,5m,2026-09-11T14:40:00+05:30,1039.4000244140625,1039.5999755859375,1038.5999755859375,1038.699951171875,12040.0,yahoo
MAXHEALTH,5m,2026-09-11T14:45:00+05:30,1038.9000244140625,1038.9000244140625,1037.0999755859375,1037.5,18169.0,yahoo
MAXHEALTH,5m,2026-09-11T14:50:00+05:30,1037.4000244140625,1038.800048828125,1037.0999755859375,1038.5999755859375,56857.0,yahoo
MAXHEALTH,5m,2026-09-11T14:55:00+05:30,1038.800048828125,1039.199951171875,1038.300048828125,1038.300048828125,35884.0,yahoo
MAXHEALTH,5m,2026-09-11T15:00:00+05:30,1038.5,1038.9000244140625,1037.0,1038.300048828125,45871.0,yahoo
MAXHEALTH,5m,2026-09-11T15:05:00+05:30,1038.4000244140625,1039.300048828125,1038.199951171875,1039.300048828125,96488.0,yahoo
MAXHEALTH,5m,2026-09-11T15:10:00+05:30,1039.5999755859375,1041.5,1038.300048828125,1041.5,97988.0,yahoo
MAXHEALTH,5m,2026-09-11T15:15:00+05:30,1038.300048828125,1038.300048828125,1037.699951171875,1037.699951171875,46922.0,yahoo
MCX,5m,2026-09-11T09:15:00+05:30,3362.300048828125,3373.300048828125,3310.5,3316.199951171875,0.0,yahoo
MCX,5m,2026-09-11T09:20:00+05:30,3315.0,3322.0,3293.199951171875,3314.39990234375,87928.0,yahoo
MCX,5m,2026-09-11T09:25:00+05:30,3312.199951171875,3313.800048828125,3263.60009765625,3263.60009765625,84107.0,yahoo
MCX,5m,2026-09-11T09:30:00+05:30,3265.0,3278.699951171875,3262.10009765625,3270.60009765625,37981.0,yahoo
MCX,5m,2026-09-11T09:35:00+05:30,3270.60009765625,3275.5,3258.800048828125,3268.199951171875,41994.0,yahoo
MCX,5m,2026-09-11T09:40:00+05:30,3267.5,3275.0,3260.60009765625,3263.0,26744.0,yahoo
MCX,5m,2026-09-11T09:45:00+05:30,3264.0,3270.0,3257.0,3260.199951171875,29538.0,yahoo
MCX,5m,2026-09-11T09:50:00+05:30,3261.89990234375,3267.300048828125,3257.10009765625,3258.60009765625,27483.0,yahoo
MCX,5m,2026-09-11T09:55:00+05:30,3260.699951171875,3275.0,3258.699951171875,3263.39990234375,35014.0,yahoo
MCX,5m,2026-09-11T10:00:00+05:30,3263.300048828125,3276.89990234375,3263.300048828125,3270.699951171875,52126.0,yahoo
MCX,5m,2026-09-11T10:05:00+05:30,3271.5,3271.5,3262.39990234375,3263.0,18288.0,yahoo
MCX,5m,2026-09-11T10:10:00+05:30,3263.0,3264.300048828125,3259.0,3262.0,19369.0,yahoo
MCX,5m,2026-09-11T10:15:00+05:30,3262.800048828125,3266.60009765625,3259.0,3259.0,16015.0,yahoo
MCX,5m,2026-09-11T10:20:00+05:30,3259.39990234375,3268.0,3258.60009765625,3259.199951171875,18177.0,yahoo
MCX,5m,2026-09-11T10:25:00+05:30,3259.800048828125,3263.199951171875,3257.300048828125,3258.0,12913.0,yahoo
MCX,5m,2026-09-11T10:30:00+05:30,3258.10009765625,3258.10009765625,3247.199951171875,3253.60009765625,33156.0,yahoo
MCX,5m,2026-09-11T10:35:00+05:30,3253.0,3292.89990234375,3252.199951171875,3292.89990234375,95177.0,yahoo
MCX,5m,2026-09-11T10:40:00+05:30,3292.10009765625,3292.89990234375,3282.699951171875,3286.199951171875,35214.0,yahoo
MCX,5m,2026-09-11T10:45:00+05:30,3286.199951171875,3286.800048828125,3275.10009765625,3280.0,18850.0,yahoo
MCX,5m,2026-09-11T10:50:00+05:30,3280.800048828125,3280.800048828125,3272.10009765625,3273.5,9209.0,yahoo
MCX,5m,2026-09-11T10:55:00+05:30,3273.800048828125,3275.0,3270.0,3271.699951171875,11257.0,yahoo
MCX,5m,2026-09-11T11:00:00+05:30,3271.5,3285.199951171875,3271.5,3283.10009765625,40792.0,yahoo
MCX,5m,2026-09-11T11:05:00+05:30,3282.300048828125,3286.0,3280.0,3285.0,6203.0,yahoo
MCX,5m,2026-09-11T11:10:00+05:30,3285.800048828125,3286.5,3283.0,3284.699951171875,8759.0,yahoo
MCX,5m,2026-09-11T11:15:00+05:30,3284.699951171875,3294.0,3281.0,3290.60009765625,20199.0,yahoo
MCX,5m,2026-09-11T11:20:00+05:30,3290.60009765625,3290.60009765625,3286.0,3287.0,7323.0,yahoo
MCX,5m,2026-09-11T11:25:00+05:30,3287.0,3287.10009765625,3283.199951171875,3284.800048828125,5334.0,yahoo
MCX,5m,2026-09-11T11:30:00+05:30,3285.0,3287.5,3281.699951171875,3282.60009765625,4710.0,yahoo
MCX,5m,2026-09-11T11:35:00+05:30,3282.89990234375,3289.5,3273.5,3275.60009765625,17400.0,yahoo
MCX,5m,2026-09-11T11:40:00+05:30,3276.699951171875,3278.10009765625,3274.199951171875,3274.300048828125,17309.0,yahoo
MCX,5m,2026-09-11T11:45:00+05:30,3276.0,3276.300048828125,3270.199951171875,3270.89990234375,16147.0,yahoo
MCX,5m,2026-09-11T11:50:00+05:30,3270.89990234375,3275.699951171875,3265.800048828125,3267.0,34229.0,yahoo
MCX,5m,2026-09-11T11:55:00+05:30,3267.800048828125,3268.0,3263.0,3266.5,8317.0,yahoo
MCX,5m,2026-09-11T12:00:00+05:30,3267.199951171875,3271.0,3262.10009765625,3262.10009765625,14595.0,yahoo
MCX,5m,2026-09-11T12:05:00+05:30,3263.199951171875,3275.0,3261.0,3270.0,9792.0,yahoo
MCX,5m,2026-09-11T12:10:00+05:30,3270.199951171875,3275.0,3270.0,3273.800048828125,42093.0,yahoo
MCX,5m,2026-09-11T12:15:00+05:30,3274.89990234375,3278.0,3272.60009765625,3275.199951171875,8099.0,yahoo
MCX,5m,2026-09-11T12:20:00+05:30,3276.199951171875,3277.89990234375,3273.5,3276.800048828125,7254.0,yahoo
MCX,5m,2026-09-11T12:25:00+05:30,3276.800048828125,3284.0,3274.800048828125,3282.199951171875,10681.0,yahoo
MCX,5m,2026-09-11T12:30:00+05:30,3282.199951171875,3284.39990234375,3280.0,3284.39990234375,17254.0,yahoo
MCX,5m,2026-09-11T12:35:00+05:30,3284.5,3287.5,3280.60009765625,3287.5,7217.0,yahoo
MCX,5m,2026-09-11T12:40:00+05:30,3288.800048828125,3288.800048828125,3283.10009765625,3284.60009765625,7714.0,yahoo
MCX,5m,2026-09-11T12:45:00+05:30,3285.89990234375,3286.699951171875,3282.0,3284.0,6787.0,yahoo
MCX,5m,2026-09-11T12:50:00+05:30,3284.0,3285.0,3280.0,3280.0,4856.0,yahoo
MCX,5m,2026-09-11T12:55:00+05:30,3280.0,3283.199951171875,3279.39990234375,3283.199951171875,6328.0,yahoo
MCX,5m,2026-09-11T13:00:00+05:30,3283.199951171875,3283.699951171875,3280.5,3281.0,4674.0,yahoo
MCX,5m,2026-09-11T13:05:00+05:30,3281.300048828125,3283.5,3280.10009765625,3282.0,8962.0,yahoo
MCX,5m,2026-09-11T13:10:00+05:30,3282.199951171875,3288.10009765625,3282.0,3287.199951171875,8945.0,yahoo
MCX,5m,2026-09-11T13:15:00+05:30,3287.300048828125,3287.300048828125,3275.300048828125,3277.60009765625,14895.0,yahoo
MCX,5m,2026-09-11T13:20:00+05:30,3278.300048828125,3284.60009765625,3278.300048828125,3281.199951171875,6236.0,yahoo
MCX,5m,2026-09-11T13:25:00+05:30,3282.5,3287.0,3278.39990234375,3282.699951171875,9260.0,yahoo
MCX,5m,2026-09-11T13:30:00+05:30,3282.699951171875,3283.89990234375,3280.10009765625,3282.0,4622.0,yahoo
MCX,5m,2026-09-11T13:35:00+05:30,3282.0,3283.199951171875,3278.39990234375,3282.5,6176.0,yahoo
MCX,5m,2026-09-11T13:40:00+05:30,3281.800048828125,3282.60009765625,3277.10009765625,3278.5,7087.0,yahoo
MCX,5m,2026-09-11T13:45:00+05:30,3278.699951171875,3281.39990234375,3277.300048828125,3278.699951171875,3503.0,yahoo
MCX,5m,2026-09-11T13:50:00+05:30,3278.39990234375,3285.0,3278.300048828125,3282.199951171875,6257.0,yahoo
MCX,5m,2026-09-11T13:55:00+05:30,3281.199951171875,3287.0,3281.199951171875,3285.699951171875,11186.0,yahoo
MCX,5m,2026-09-11T14:00:00+05:30,3286.89990234375,3290.0,3284.800048828125,3289.0,10787.0,yahoo
MCX,5m,2026-09-11T14:05:00+05:30,3289.10009765625,3291.0,3286.10009765625,3286.39990234375,15005.0,yahoo
MCX,5m,2026-09-11T14:10:00+05:30,3285.199951171875,3297.0,3284.800048828125,3296.39990234375,21904.0,yahoo
MCX,5m,2026-09-11T14:15:00+05:30,3295.699951171875,3303.0,3295.699951171875,3299.0,32409.0,yahoo
MCX,5m,2026-09-11T14:20:00+05:30,3299.5,3300.0,3292.10009765625,3293.0,18554.0,yahoo
MCX,5m,2026-09-11T14:25:00+05:30,3293.0,3293.0,3289.60009765625,3290.39990234375,9294.0,yahoo
MCX,5m,2026-09-11T14:30:00+05:30,3289.699951171875,3292.39990234375,3288.89990234375,3289.300048828125,8252.0,yahoo
MCX,5m,2026-09-11T14:35:00+05:30,3289.699951171875,3296.89990234375,3289.699951171875,3296.89990234375,13917.0,yahoo
MCX,5m,2026-09-11T14:40:00+05:30,3295.300048828125,3299.0,3293.89990234375,3295.199951171875,10112.0,yahoo
MCX,5m,2026-09-11T14:45:00+05:30,3293.89990234375,3295.60009765625,3285.300048828125,3287.5,16700.0,yahoo
MCX,5m,2026-09-11T14:50:00+05:30,3288.5,3294.0,3286.300048828125,3290.0,24620.0,yahoo
MCX,5m,2026-09-11T14:55:00+05:30,3290.0,3290.699951171875,3280.0,3280.699951171875,19466.0,yahoo
MCX,5m,2026-09-11T15:00:00+05:30,3280.199951171875,3281.0,3278.10009765625,3280.199951171875,24700.0,yahoo
MCX,5m,2026-09-11T15:05:00+05:30,3280.60009765625,3290.0,3280.60009765625,3289.199951171875,61958.0,yahoo
MCX,5m,2026-09-11T15:10:00+05:30,3292.699951171875,3299.199951171875,3285.0,3287.0,49566.0,yahoo
MCX,5m,2026-09-11T15:15:00+05:30,3288.89990234375,3288.89990234375,3276.0,3276.0,18057.0,yahoo
MOTILALOFS,5m,2026-09-11T09:15:00+05:30,1001.5,1003.4000244140625,992.5999755859375,996.7999877929688,0.0,yahoo
MOTILALOFS,5m,2026-09-11T09:20:00+05:30,995.0,995.0,989.2000122070312,994.2999877929688,14941.0,yahoo
MOTILALOFS,5m,2026-09-11T09:25:00+05:30,993.9000244140625,994.2000122070312,990.2999877929688,990.2999877929688,10252.0,yahoo
MOTILALOFS,5m,2026-09-11T09:30:00+05:30,990.4000244140625,993.5,990.4000244140625,992.7000122070312,9529.0,yahoo
MOTILALOFS,5m,2026-09-11T09:35:00+05:30,993.5,994.2000122070312,990.7000122070312,991.5999755859375,4180.0,yahoo
MOTILALOFS,5m,2026-09-11T09:40:00+05:30,991.9000244140625,992.9000244140625,989.5,990.5,13729.0,yahoo
MOTILALOFS,5m,2026-09-11T09:45:00+05:30,990.5,990.7999877929688,988.9000244140625,989.7999877929688,6155.0,yahoo
MOTILALOFS,5m,2026-09-11T09:50:00+05:30,990.4000244140625,990.9000244140625,989.2999877929688,989.5999755859375,2832.0,yahoo
MOTILALOFS,5m,2026-09-11T09:55:00+05:30,989.5999755859375,990.7000122070312,989.0,990.5,3924.0,yahoo
MOTILALOFS,5m,2026-09-11T10:00:00+05:30,989.9000244140625,995.0,988.5,992.7999877929688,20240.0,yahoo
MOTILALOFS,5m,2026-09-11T10:05:00+05:30,992.4000244140625,992.7000122070312,989.5,990.7999877929688,24181.0,yahoo
MOTILALOFS,5m,2026-09-11T10:10:00+05:30,991.2000122070312,992.7000122070312,989.5999755859375,992.7000122070312,4008.0,yahoo
MOTILALOFS,5m,2026-09-11T10:15:00+05:30,992.0,994.0,991.2000122070312,993.5999755859375,7845.0,yahoo
MOTILALOFS,5m,2026-09-11T10:20:00+05:30,993.7000122070312,998.2999877929688,993.5,996.4000244140625,12573.0,yahoo
MOTILALOFS,5m,2026-09-11T10:25:00+05:30,996.0999755859375,996.4000244140625,991.5,992.7000122070312,4058.0,yahoo
MOTILALOFS,5m,2026-09-11T10:30:00+05:30,992.7000122070312,993.7000122070312,991.4000244140625,993.0,3896.0,yahoo
MOTILALOFS,5m,2026-09-11T10:35:00+05:30,993.4000244140625,997.5,993.4000244140625,995.7000122070312,7011.0,yahoo
MOTILALOFS,5m,2026-09-11T10:40:00+05:30,996.0,1003.2000122070312,996.0,1003.0,11374.0,yahoo
MOTILALOFS,5m,2026-09-11T10:45:00+05:30,1002.4000244140625,1004.7999877929688,1001.2000122070312,1002.5,5935.0,yahoo
MOTILALOFS,5m,2026-09-11T10:50:00+05:30,1001.5999755859375,1002.0,1000.0,1000.7000122070312,3619.0,yahoo
MOTILALOFS,5m,2026-09-11T10:55:00+05:30,1000.7000122070312,1001.2000122070312,998.5999755859375,998.5999755859375,3881.0,yahoo
MOTILALOFS,5m,2026-09-11T11:00:00+05:30,998.7999877929688,1001.4000244140625,998.7999877929688,1001.4000244140625,1998.0,yahoo
MOTILALOFS,5m,2026-09-11T11:05:00+05:30,1001.0,1003.0999755859375,1001.0,1002.9000244140625,12475.0,yahoo
MOTILALOFS,5m,2026-09-11T11:10:00+05:30,1003.0,1006.2000122070312,1002.5999755859375,1006.2000122070312,4980.0,yahoo
MOTILALOFS,5m,2026-09-11T11:15:00+05:30,1006.5999755859375,1006.5999755859375,1003.7999877929688,1005.9000244140625,5895.0,yahoo
MOTILALOFS,5m,2026-09-11T11:20:00+05:30,1005.5,1005.5999755859375,1003.7000122070312,1005.0,873.0,yahoo
MOTILALOFS,5m,2026-09-11T11:25:00+05:30,1004.9000244140625,1006.0,1003.5,1003.7000122070312,6392.0,yahoo
MOTILALOFS,5m,2026-09-11T11:30:00+05:30,1004.2999877929688,1004.5999755859375,1002.9000244140625,1003.5999755859375,1983.0,yahoo
MOTILALOFS,5m,2026-09-11T11:35:00+05:30,1002.7999877929688,1007.7000122070312,1002.5999755859375,1007.7000122070312,7164.0,yahoo
MOTILALOFS,5m,2026-09-11T11:40:00+05:30,1006.2999877929688,1014.5,1006.2999877929688,1013.5999755859375,14052.0,yahoo
MOTILALOFS,5m,2026-09-11T11:45:00+05:30,1014.0,1014.4000244140625,1012.4000244140625,1012.4000244140625,4550.0,yahoo
MOTILALOFS,5m,2026-09-11T11:50:00+05:30,1012.5999755859375,1014.2000122070312,1012.5999755859375,1014.0,5168.0,yahoo
MOTILALOFS,5m,2026-09-11T11:55:00+05:30,1014.0,1014.5999755859375,1013.5999755859375,1013.5999755859375,6817.0,yahoo
MOTILALOFS,5m,2026-09-11T12:00:00+05:30,1014.5999755859375,1017.9000244140625,1014.5999755859375,1016.7000122070312,10470.0,yahoo
MOTILALOFS,5m,2026-09-11T12:05:00+05:30,1017.0999755859375,1017.0999755859375,1015.0,1015.0,4460.0,yahoo
MOTILALOFS,5m,2026-09-11T12:10:00+05:30,1015.0,1015.0,1014.0,1014.5999755859375,3140.0,yahoo
MOTILALOFS,5m,2026-09-11T12:15:00+05:30,1014.5999755859375,1015.9000244140625,1014.2000122070312,1015.0999755859375,5957.0,yahoo
MOTILALOFS,5m,2026-09-11T12:20:00+05:30,1015.0999755859375,1016.2000122070312,1013.5999755859375,1016.2000122070312,2923.0,yahoo
MOTILALOFS,5m,2026-09-11T12:25:00+05:30,1016.2000122070312,1016.2000122070312,1014.0999755859375,1015.0,5505.0,yahoo
MOTILALOFS,5m,2026-09-11T12:30:00+05:30,1015.0,1016.5,1014.7000122070312,1016.0999755859375,5415.0,yahoo
MOTILALOFS,5m,2026-09-11T12:35:00+05:30,1016.5,1017.2000122070312,1016.0999755859375,1016.5,2736.0,yahoo
MOTILALOFS,5m,2026-09-11T12:40:00+05:30,1016.5,1017.0,1015.0999755859375,1015.0999755859375,8362.0,yahoo
MOTILALOFS,5m,2026-09-11T12:45:00+05:30,1015.7000122070312,1016.0999755859375,1013.7000122070312,1014.2999877929688,1334.0,yahoo
MOTILALOFS,5m,2026-09-11T12:50:00+05:30,1014.5999755859375,1015.5999755859375,1014.0,1015.5,3920.0,yahoo
MOTILALOFS,5m,2026-09-11T12:55:00+05:30,1015.5,1016.0,1015.0,1016.0,1654.0,yahoo
MOTILALOFS,5m,2026-09-11T13:00:00+05:30,1016.0,1016.5,1014.2000122070312,1015.5,2310.0,yahoo
MOTILALOFS,5m,2026-09-11T13:05:00+05:30,1014.9000244140625,1015.4000244140625,1014.0,1014.5999755859375,2993.0,yahoo
MOTILALOFS,5m,2026-09-11T13:10:00+05:30,1014.7000122070312,1014.7999877929688,1013.7999877929688,1014.4000244140625,2769.0,yahoo
MOTILALOFS,5m,2026-09-11T13:15:00+05:30,1014.4000244140625,1015.2999877929688,1013.7999877929688,1014.0,3582.0,yahoo
MOTILALOFS,5m,2026-09-11T13:20:00+05:30,1014.0,1014.2000122070312,1013.7999877929688,1014.2000122070312,2680.0,yahoo
MOTILALOFS,5m,2026-09-11T13:25:00+05:30,1014.2000122070312,1016.0,1014.0,1015.9000244140625,5006.0,yahoo
MOTILALOFS,5m,2026-09-11T13:30:00+05:30,1015.9000244140625,1016.5,1015.0,1016.5,4128.0,yahoo
MOTILALOFS,5m,2026-09-11T13:35:00+05:30,1016.5,1016.5,1015.0,1015.0,2456.0,yahoo
MOTILALOFS,5m,2026-09-11T13:40:00+05:30,1015.5,1015.5,1012.5999755859375,1013.9000244140625,7945.0,yahoo
MOTILALOFS,5m,2026-09-11T13:45:00+05:30,1013.9000244140625,1015.0,1012.9000244140625,1014.2000122070312,5020.0,yahoo
MOTILALOFS,5m,2026-09-11T13:50:00+05:30,1014.5,1016.7999877929688,1014.5,1014.7999877929688,9873.0,yahoo
MOTILALOFS,5m,2026-09-11T13:55:00+05:30,1014.7999877929688,1016.4000244140625,1013.4000244140625,1014.9000244140625,4229.0,yahoo
MOTILALOFS,5m,2026-09-11T14:00:00+05:30,1015.2999877929688,1017.0,1014.9000244140625,1016.9000244140625,5846.0,yahoo
MOTILALOFS,5m,2026-09-11T14:05:00+05:30,1016.9000244140625,1017.0,1015.5,1016.2999877929688,1821.0,yahoo
MOTILALOFS,5m,2026-09-11T14:10:00+05:30,1016.2999877929688,1018.7000122070312,1016.2999877929688,1018.7000122070312,4236.0,yahoo
MOTILALOFS,5m,2026-09-11T14:15:00+05:30,1018.7000122070312,1019.0,1018.0999755859375,1018.7999877929688,4293.0,yahoo
MOTILALOFS,5m,2026-09-11T14:20:00+05:30,1018.7999877929688,1021.0999755859375,1018.0,1019.9000244140625,9976.0,yahoo
MOTILALOFS,5m,2026-09-11T14:25:00+05:30,1020.5,1021.5,1019.4000244140625,1021.2999877929688,4072.0,yahoo
MOTILALOFS,5m,2026-09-11T14:30:00+05:30,1021.2000122070312,1022.7999877929688,1020.9000244140625,1020.9000244140625,5330.0,yahoo
MOTILALOFS,5m,2026-09-11T14:35:00+05:30,1021.0999755859375,1022.2999877929688,1020.5999755859375,1022.0,16393.0,yahoo
MOTILALOFS,5m,2026-09-11T14:40:00+05:30,1021.5999755859375,1023.2000122070312,1021.4000244140625,1023.0,15053.0,yahoo
MOTILALOFS,5m,2026-09-11T14:45:00+05:30,1022.7999877929688,1028.5999755859375,1022.0999755859375,1027.5,31040.0,yahoo
MOTILALOFS,5m,2026-09-11T14:50:00+05:30,1027.5,1028.9000244140625,1025.300048828125,1027.699951171875,17615.0,yahoo
MOTILALOFS,5m,2026-09-11T14:55:00+05:30,1027.9000244140625,1029.300048828125,1025.5,1026.5,12669.0,yahoo
MOTILALOFS,5m,2026-09-11T15:00:00+05:30,1026.699951171875,1029.0,1021.0,1027.199951171875,36228.0,yahoo
MOTILALOFS,5m,2026-09-11T15:05:00+05:30,1027.0999755859375,1029.699951171875,1026.300048828125,1029.0999755859375,42607.0,yahoo
MOTILALOFS,5m,2026-09-11T15:10:00+05:30,1029.199951171875,1030.5,1028.300048828125,1030.0,23842.0,yahoo
MOTILALOFS,5m,2026-09-11T15:15:00+05:30,1030.0,1030.0,1026.5,1026.5,4626.0,yahoo
NESTLEIND,5m,2026-09-11T09:15:00+05:30,1375.4000244140625,1384.699951171875,1373.5999755859375,1382.300048828125,0.0,yahoo
NESTLEIND,5m,2026-09-11T09:20:00+05:30,1381.800048828125,1382.199951171875,1377.4000244140625,1379.0999755859375,16390.0,yahoo
NESTLEIND,5m,2026-09-11T09:25:00+05:30,1379.4000244140625,1379.699951171875,1376.5,1377.300048828125,13676.0,yahoo
NESTLEIND,5m,2026-09-11T09:30:00+05:30,1377.300048828125,1380.5999755859375,1377.0999755859375,1380.0999755859375,11665.0,yahoo
NESTLEIND,5m,2026-09-11T09:35:00+05:30,1380.5,1382.0,1380.0,1380.699951171875,4875.0,yahoo
NESTLEIND,5m,2026-09-11T09:40:00+05:30,1380.699951171875,1384.199951171875,1380.0,1384.199951171875,14012.0,yahoo
NESTLEIND,5m,2026-09-11T09:45:00+05:30,1384.0999755859375,1384.800048828125,1382.699951171875,1382.699951171875,10446.0,yahoo
NESTLEIND,5m,2026-09-11T09:50:00+05:30,1382.699951171875,1384.699951171875,1382.699951171875,1383.800048828125,7900.0,yahoo
NESTLEIND,5m,2026-09-11T09:55:00+05:30,1383.800048828125,1386.699951171875,1383.800048828125,1386.699951171875,14000.0,yahoo
NESTLEIND,5m,2026-09-11T10:00:00+05:30,1386.800048828125,1388.300048828125,1386.699951171875,1387.699951171875,14600.0,yahoo
NESTLEIND,5m,2026-09-11T10:05:00+05:30,1388.300048828125,1391.699951171875,1388.0,1391.699951171875,11476.0,yahoo
NESTLEIND,5m,2026-09-11T10:10:00+05:30,1391.699951171875,1392.5,1390.4000244140625,1392.4000244140625,13245.0,yahoo
NESTLEIND,5m,2026-09-11T10:15:00+05:30,1392.300048828125,1396.800048828125,1392.199951171875,1396.5999755859375,19457.0,yahoo
NESTLEIND,5m,2026-09-11T10:20:00+05:30,1397.0,1397.699951171875,1394.0,1395.5,13048.0,yahoo
NESTLEIND,5m,2026-09-11T10:25:00+05:30,1396.0,1396.199951171875,1392.0,1392.5999755859375,7970.0,yahoo
NESTLEIND,5m,2026-09-11T10:30:00+05:30,1392.5999755859375,1393.5999755859375,1391.300048828125,1393.4000244140625,10578.0,yahoo
NESTLEIND,5m,2026-09-11T10:35:00+05:30,1393.300048828125,1395.0,1392.699951171875,1395.0,8338.0,yahoo
NESTLEIND,5m,2026-09-11T10:40:00+05:30,1395.5,1398.4000244140625,1394.5999755859375,1395.0,26683.0,yahoo
NESTLEIND,5m,2026-09-11T10:45:00+05:30,1395.0,1397.300048828125,1394.699951171875,1395.699951171875,32983.0,yahoo
NESTLEIND,5m,2026-09-11T10:50:00+05:30,1395.9000244140625,1396.0,1393.4000244140625,1394.4000244140625,12801.0,yahoo
NESTLEIND,5m,2026-09-11T10:55:00+05:30,1394.0,1397.9000244140625,1392.199951171875,1397.9000244140625,13608.0,yahoo
NESTLEIND,5m,2026-09-11T11:00:00+05:30,1397.9000244140625,1400.9000244140625,1397.0,1397.5,30128.0,yahoo
NESTLEIND,5m,2026-09-11T11:05:00+05:30,1397.5,1398.0,1395.699951171875,1396.4000244140625,8654.0,yahoo
NESTLEIND,5m,2026-09-11T11:10:00+05:30,1396.699951171875,1397.300048828125,1394.699951171875,1395.9000244140625,11268.0,yahoo
NESTLEIND,5m,2026-09-11T11:15:00+05:30,1395.4000244140625,1396.4000244140625,1394.300048828125,1394.5999755859375,5206.0,yahoo
NESTLEIND,5m,2026-09-11T11:20:00+05:30,1394.5999755859375,1395.0,1394.5999755859375,1395.0,18769.0,yahoo
NESTLEIND,5m,2026-09-11T11:25:00+05:30,1395.0,1396.0999755859375,1394.300048828125,1394.5999755859375,36642.0,yahoo
NESTLEIND,5m,2026-09-11T11:30:00+05:30,1394.5999755859375,1395.800048828125,1393.800048828125,1395.4000244140625,25961.0,yahoo
NESTLEIND,5m,2026-09-11T11:35:00+05:30,1395.800048828125,1395.9000244140625,1394.0999755859375,1394.0999755859375,9016.0,yahoo
NESTLEIND,5m,2026-09-11T11:40:00+05:30,1394.199951171875,1395.0,1393.800048828125,1394.9000244140625,6276.0,yahoo
NESTLEIND,5m,2026-09-11T11:45:00+05:30,1395.0,1395.0,1394.0,1394.0999755859375,4275.0,yahoo
NESTLEIND,5m,2026-09-11T11:50:00+05:30,1394.5,1394.5999755859375,1393.300048828125,1393.9000244140625,4010.0,yahoo
NESTLEIND,5m,2026-09-11T11:55:00+05:30,1393.9000244140625,1394.5,1393.199951171875,1394.0,4974.0,yahoo
NESTLEIND,5m,2026-09-11T12:00:00+05:30,1393.9000244140625,1395.0,1393.300048828125,1395.0,5547.0,yahoo
NESTLEIND,5m,2026-09-11T12:05:00+05:30,1395.0,1395.0,1394.199951171875,1395.0,6819.0,yahoo
NESTLEIND,5m,2026-09-11T12:10:00+05:30,1395.0,1395.0,1390.9000244140625,1391.300048828125,50391.0,yahoo
NESTLEIND,5m,2026-09-11T12:15:00+05:30,1391.5,1393.5999755859375,1391.0999755859375,1392.5999755859375,14507.0,yahoo
NESTLEIND,5m,2026-09-11T12:20:00+05:30,1392.5999755859375,1392.800048828125,1391.4000244140625,1391.9000244140625,8682.0,yahoo
NESTLEIND,5m,2026-09-11T12:25:00+05:30,1391.800048828125,1392.4000244140625,1388.699951171875,1389.699951171875,23996.0,yahoo
NESTLEIND,5m,2026-09-11T12:30:00+05:30,1389.699951171875,1390.0,1388.9000244140625,1390.0,9054.0,yahoo
NESTLEIND,5m,2026-09-11T12:35:00+05:30,1389.9000244140625,1390.0,1389.5999755859375,1390.0,11295.0,yahoo
NESTLEIND,5m,2026-09-11T12:40:00+05:30,1390.0,1390.0,1389.0999755859375,1390.0,7521.0,yahoo
NESTLEIND,5m,2026-09-11T12:45:00+05:30,1390.0,1390.0,1389.0999755859375,1389.300048828125,5188.0,yahoo
NESTLEIND,5m,2026-09-11T12:50:00+05:30,1389.300048828125,1390.0,1388.5999755859375,1390.0,5176.0,yahoo
NESTLEIND,5m,2026-09-11T12:55:00+05:30,1390.0,1390.0,1389.800048828125,1390.0,6661.0,yahoo
NESTLEIND,5m,2026-09-11T13:00:00+05:30,1390.0,1390.0,1388.699951171875,1389.4000244140625,7934.0,yahoo
NESTLEIND,5m,2026-09-11T13:05:00+05:30,1389.300048828125,1389.699951171875,1388.199951171875,1388.699951171875,7353.0,yahoo
NESTLEIND,5m,2026-09-11T13:10:00+05:30,1388.800048828125,1389.699951171875,1388.199951171875,1389.199951171875,5296.0,yahoo
NESTLEIND,5m,2026-09-11T13:15:00+05:30,1389.300048828125,1389.699951171875,1389.0999755859375,1389.199951171875,5348.0,yahoo
NESTLEIND,5m,2026-09-11T13:20:00+05:30,1389.300048828125,1389.800048828125,1388.5999755859375,1389.0999755859375,6446.0,yahoo
NESTLEIND,5m,2026-09-11T13:25:00+05:30,1389.5,1389.5,1387.800048828125,1388.5,9144.0,yahoo
NESTLEIND,5m,2026-09-11T13:30:00+05:30,1388.800048828125,1389.0,1387.4000244140625,1387.800048828125,7818.0,yahoo
NESTLEIND,5m,2026-09-11T13:35:00+05:30,1387.699951171875,1387.699951171875,1386.5,1386.800048828125,9707.0,yahoo
NESTLEIND,5m,2026-09-11T13:40:00+05:30,1386.5999755859375,1386.800048828125,1383.0999755859375,1385.4000244140625,25718.0,yahoo
NESTLEIND,5m,2026-09-11T13:45:00+05:30,1385.5999755859375,1385.699951171875,1384.0,1384.5,9457.0,yahoo
NESTLEIND,5m,2026-09-11T13:50:00+05:30,1384.9000244140625,1387.199951171875,1384.0,1386.800048828125,15134.0,yahoo
NESTLEIND,5m,2026-09-11T13:55:00+05:30,1387.0,1388.0999755859375,1386.5,1386.699951171875,8305.0,yahoo
NESTLEIND,5m,2026-09-11T14:00:00+05:30,1387.0999755859375,1388.199951171875,1386.4000244140625,1386.800048828125,11869.0,yahoo
NESTLEIND,5m,2026-09-11T14:05:00+05:30,1386.800048828125,1387.300048828125,1385.800048828125,1386.5999755859375,8144.0,yahoo
NESTLEIND,5m,2026-09-11T14:10:00+05:30,1386.5,1387.0999755859375,1385.0,1385.0999755859375,8331.0,yahoo
NESTLEIND,5m,2026-09-11T14:15:00+05:30,1385.5999755859375,1385.699951171875,1384.199951171875,1384.5999755859375,12564.0,yahoo
NESTLEIND,5m,2026-09-11T14:20:00+05:30,1384.5,1385.199951171875,1381.300048828125,1382.9000244140625,14866.0,yahoo
NESTLEIND,5m,2026-09-11T14:25:00+05:30,1382.9000244140625,1384.0999755859375,1382.5,1384.0999755859375,71344.0,yahoo
NESTLEIND,5m,2026-09-11T14:30:00+05:30,1384.0999755859375,1384.5,1381.699951171875,1381.9000244140625,16580.0,yahoo
NESTLEIND,5m,2026-09-11T14:35:00+05:30,1381.9000244140625,1382.300048828125,1380.800048828125,1382.300048828125,19728.0,yahoo
NESTLEIND,5m,2026-09-11T14:40:00+05:30,1382.800048828125,1383.199951171875,1382.0,1383.0,24262.0,yahoo
NESTLEIND,5m,2026-09-11T14:45:00+05:30,1383.0,1383.5999755859375,1380.4000244140625,1380.5,22224.0,yahoo
NESTLEIND,5m,2026-09-11T14:50:00+05:30,1380.5,1382.0,1380.0999755859375,1380.9000244140625,22857.0,yahoo
NESTLEIND,5m,2026-09-11T14:55:00+05:30,1380.9000244140625,1381.0999755859375,1380.199951171875,1380.4000244140625,22799.0,yahoo
NESTLEIND,5m,2026-09-11T15:00:00+05:30,1380.4000244140625,1381.699951171875,1380.0,1380.0,34359.0,yahoo
NESTLEIND,5m,2026-09-11T15:05:00+05:30,1380.0,1380.199951171875,1379.0999755859375,1379.4000244140625,26229.0,yahoo
NESTLEIND,5m,2026-09-11T15:10:00+05:30,1379.300048828125,1381.5,1377.300048828125,1381.5,54132.0,yahoo
NESTLEIND,5m,2026-09-11T15:15:00+05:30,1380.699951171875,1383.300048828125,1380.699951171875,1383.300048828125,91926.0,yahoo
NIFTY50,5m,2026-09-11T09:15:00+05:30,23270.900390625,23270.900390625,23232.25,23258.599609375,0.0,yahoo
NIFTY50,5m,2026-09-11T09:20:00+05:30,23259.0,23263.94921875,23248.349609375,23258.94921875,0.0,yahoo
NIFTY50,5m,2026-09-11T09:25:00+05:30,23258.900390625,23266.0,23251.69921875,23258.25,0.0,yahoo
NIFTY50,5m,2026-09-11T09:30:00+05:30,23258.400390625,23267.150390625,23238.25,23256.05078125,0.0,yahoo
NIFTY50,5m,2026-09-11T09:35:00+05:30,23257.900390625,23267.25,23254.94921875,23259.150390625,0.0,yahoo
NIFTY50,5m,2026-09-11T09:40:00+05:30,23259.599609375,23259.599609375,23239.150390625,23248.19921875,0.0,yahoo
NIFTY50,5m,2026-09-11T09:45:00+05:30,23249.94921875,23254.099609375,23241.25,23246.55078125,0.0,yahoo
NIFTY50,5m,2026-09-11T09:50:00+05:30,23247.80078125,23252.30078125,23242.30078125,23246.25,0.0,yahoo
NIFTY50,5m,2026-09-11T09:55:00+05:30,23247.05078125,23263.349609375,23244.75,23259.25,0.0,yahoo
NIFTY50,5m,2026-09-11T10:00:00+05:30,23259.900390625,23274.80078125,23257.30078125,23271.900390625,0.0,yahoo
NIFTY50,5m,2026-09-11T10:05:00+05:30,23272.650390625,23285.55078125,23269.599609375,23284.69921875,0.0,yahoo
NIFTY50,5m,2026-09-11T10:10:00+05:30,23285.599609375,23299.349609375,23280.349609375,23297.19921875,0.0,yahoo
NIFTY50,5m,2026-09-11T10:15:00+05:30,23297.650390625,23297.650390625,23288.599609375,23292.5,0.0,yahoo
NIFTY50,5m,2026-09-11T10:20:00+05:30,23293.69921875,23311.650390625,23290.099609375,23300.19921875,0.0,yahoo
NIFTY50,5m,2026-09-11T10:25:00+05:30,23301.150390625,23301.150390625,23275.44921875,23275.44921875,0.0,yahoo
NIFTY50,5m,2026-09-11T10:30:00+05:30,23276.80078125,23289.05078125,23272.599609375,23285.5,0.0,yahoo
NIFTY50,5m,2026-09-11T10:35:00+05:30,23287.400390625,23298.19921875,23284.400390625,23293.80078125,0.0,yahoo
NIFTY50,5m,2026-09-11T10:40:00+05:30,23294.30078125,23305.349609375,23290.80078125,23305.30078125,0.0,yahoo
NIFTY50,5m,2026-09-11T10:45:00+05:30,23307.099609375,23313.25,23292.0,23296.650390625,0.0,yahoo
NIFTY50,5m,2026-09-11T10:50:00+05:30,23297.30078125,23297.30078125,23280.55078125,23280.599609375,0.0,yahoo
NIFTY50,5m,2026-09-11T10:55:00+05:30,23282.94921875,23283.150390625,23273.150390625,23278.75,0.0,yahoo
NIFTY50,5m,2026-09-11T11:00:00+05:30,23280.25,23293.400390625,23278.80078125,23283.150390625,0.0,yahoo
NIFTY50,5m,2026-09-11T11:05:00+05:30,23284.349609375,23299.55078125,23280.150390625,23297.94921875,0.0,yahoo
NIFTY50,5m,2026-09-11T11:10:00+05:30,23298.75,23339.05078125,23296.349609375,23337.900390625,0.0,yahoo
NIFTY50,5m,2026-09-11T11:15:00+05:30,23338.19921875,23352.94921875,23323.849609375,23342.0,0.0,yahoo
NIFTY50,5m,2026-09-11T11:20:00+05:30,23343.349609375,23351.0,23333.400390625,23348.849609375,0.0,yahoo
NIFTY50,5m,2026-09-11T11:25:00+05:30,23351.30078125,23352.650390625,23339.25,23341.849609375,0.0,yahoo
NIFTY50,5m,2026-09-11T11:30:00+05:30,23342.30078125,23350.25,23333.55078125,23345.400390625,0.0,yahoo
NIFTY50,5m,2026-09-11T11:35:00+05:30,23346.849609375,23353.55078125,23340.099609375,23344.650390625,0.0,yahoo
NIFTY50,5m,2026-09-11T11:40:00+05:30,23345.55078125,23357.849609375,23343.44921875,23355.25,0.0,yahoo
NIFTY50,5m,2026-09-11T11:45:00+05:30,23357.25,23360.400390625,23339.650390625,23341.5,0.0,yahoo
NIFTY50,5m,2026-09-11T11:50:00+05:30,23343.30078125,23347.44921875,23334.75,23344.05078125,0.0,yahoo
NIFTY50,5m,2026-09-11T11:55:00+05:30,23345.400390625,23353.44921875,23341.0,23352.30078125,0.0,yahoo
NIFTY50,5m,2026-09-11T12:00:00+05:30,23354.0,23354.69921875,23344.75,23349.650390625,0.0,yahoo
NIFTY50,5m,2026-09-11T12:05:00+05:30,23350.5,23352.5,23344.900390625,23346.599609375,0.0,yahoo
NIFTY50,5m,2026-09-11T12:10:00+05:30,23348.0,23348.0,23323.75,23332.0,0.0,yahoo
NIFTY50,5m,2026-09-11T12:15:00+05:30,23333.75,23341.900390625,23327.099609375,23339.650390625,0.0,yahoo
NIFTY50,5m,2026-09-11T12:20:00+05:30,23341.19921875,23343.400390625,23330.25,23341.80078125,0.0,yahoo
NIFTY50,5m,2026-09-11T12:25:00+05:30,23343.849609375,23344.19921875,23335.30078125,23337.150390625,0.0,yahoo
NIFTY50,5m,2026-09-11T12:30:00+05:30,23338.5,23347.05078125,23335.69921875,23346.0,0.0,yahoo
NIFTY50,5m,2026-09-11T12:35:00+05:30,23348.150390625,23355.55078125,23342.80078125,23346.0,0.0,yahoo
NIFTY50,5m,2026-09-11T12:40:00+05:30,23348.19921875,23360.75,23343.150390625,23349.5,0.0,yahoo
NIFTY50,5m,2026-09-11T12:45:00+05:30,23351.25,23351.25,23337.0,23342.55078125,0.0,yahoo
NIFTY50,5m,2026-09-11T12:50:00+05:30,23344.150390625,23350.69921875,23336.69921875,23347.75,0.0,yahoo
NIFTY50,5m,2026-09-11T12:55:00+05:30,23348.849609375,23358.650390625,23347.94921875,23353.900390625,0.0,yahoo
NIFTY50,5m,2026-09-11T13:00:00+05:30,23355.150390625,23355.150390625,23331.150390625,23331.150390625,0.0,yahoo
NIFTY50,5m,2026-09-11T13:05:00+05:30,23331.30078125,23337.0,23325.150390625,23328.150390625,0.0,yahoo
NIFTY50,5m,2026-09-11T13:10:00+05:30,23329.94921875,23339.05078125,23320.69921875,23337.099609375,0.0,yahoo
NIFTY50,5m,2026-09-11T13:15:00+05:30,23339.05078125,23339.75,23327.0,23328.5,0.0,yahoo
NIFTY50,5m,2026-09-11T13:20:00+05:30,23330.650390625,23340.19921875,23325.150390625,23337.849609375,0.0,yahoo
NIFTY50,5m,2026-09-11T13:25:00+05:30,23339.099609375,23356.30078125,23335.25,23352.69921875,0.0,yahoo
NIFTY50,5m,2026-09-11T13:30:00+05:30,23353.44921875,23359.75,23346.94921875,23347.75,0.0,yahoo
NIFTY50,5m,2026-09-11T13:35:00+05:30,23348.69921875,23348.69921875,23335.25,23337.69921875,0.0,yahoo
NIFTY50,5m,2026-09-11T13:40:00+05:30,23339.650390625,23346.099609375,23314.0,23336.650390625,0.0,yahoo
NIFTY50,5m,2026-09-11T13:45:00+05:30,23336.900390625,23340.150390625,23320.30078125,23338.849609375,0.0,yahoo
NIFTY50,5m,2026-09-11T13:50:00+05:30,23339.900390625,23380.25,23338.19921875,23349.19921875,0.0,yahoo
NIFTY50,5m,2026-09-11T13:55:00+05:30,23351.650390625,23390.19921875,23348.55078125,23386.150390625,0.0,yahoo
NIFTY50,5m,2026-09-11T14:00:00+05:30,23385.849609375,23447.900390625,23383.30078125,23436.599609375,0.0,yahoo
NIFTY50,5m,2026-09-11T14:05:00+05:30,23438.349609375,23438.80078125,23409.400390625,23415.75,0.0,yahoo
NIFTY50,5m,2026-09-11T14:10:00+05:30,23417.099609375,23418.900390625,23407.25,23417.150390625,0.0,yahoo
NIFTY50,5m,2026-09-11T14:15:00+05:30,23418.099609375,23418.650390625,23405.0,23406.05078125,0.0,yahoo
NIFTY50,5m,2026-09-11T14:20:00+05:30,23406.94921875,23418.849609375,23403.30078125,23416.900390625,0.0,yahoo
NIFTY50,5m,2026-09-11T14:25:00+05:30,23418.349609375,23427.099609375,23412.75,23424.400390625,0.0,yahoo
NIFTY50,5m,2026-09-11T14:30:00+05:30,23426.150390625,23436.44921875,23420.25,23424.0,0.0,yahoo
NIFTY50,5m,2026-09-11T14:35:00+05:30,23424.900390625,23440.55078125,23415.5,23428.400390625,0.0,yahoo
NIFTY50,5m,2026-09-11T14:40:00+05:30,23429.55078125,23437.349609375,23422.75,23433.80078125,0.0,yahoo
NIFTY50,5m,2026-09-11T14:45:00+05:30,23434.25,23434.94921875,23419.5,23424.69921875,0.0,yahoo
NIFTY50,5m,2026-09-11T14:50:00+05:30,23425.849609375,23431.349609375,23418.349609375,23422.75,0.0,yahoo
NIFTY50,5m,2026-09-11T14:55:00+05:30,23423.80078125,23430.900390625,23419.599609375,23420.25,0.0,yahoo
NIFTY50,5m,2026-09-11T15:00:00+05:30,23420.900390625,23421.55078125,23394.25,23396.55078125,0.0,yahoo
NIFTY50,5m,2026-09-11T15:05:00+05:30,23398.75,23415.900390625,23387.19921875,23413.94921875,0.0,yahoo
NIFTY50,5m,2026-09-11T15:10:00+05:30,23413.150390625,23436.599609375,23412.25,23435.30078125,0.0,yahoo
NIFTY50,5m,2026-09-11T15:15:00+05:30,23435.099609375,23435.099609375,23435.099609375,23435.099609375,0.0,yahoo
NIFTY50,5m,2026-09-11T15:20:00+05:30,23435.099609375,23435.099609375,23435.099609375,23435.099609375,0.0,yahoo
NIFTY50,5m,2026-09-11T15:25:00+05:30,23435.099609375,23435.099609375,23398.099609375,23398.099609375,0.0,yahoo
NMDC,5m,2026-09-11T09:15:00+05:30,83.61000061035156,83.6500015258789,82.25,82.91000366210938,0.0,yahoo
NMDC,5m,2026-09-11T09:20:00+05:30,82.75,82.77999877929688,82.4800033569336,82.5,350281.0,yahoo
NMDC,5m,2026-09-11T09:25:00+05:30,82.5,82.70999908447266,82.5,82.56999969482422,504391.0,yahoo
NMDC,5m,2026-09-11T09:30:00+05:30,82.58999633789062,82.63999938964844,82.48999786376953,82.5999984741211,390817.0,yahoo
NMDC,5m,2026-09-11T09:35:00+05:30,82.62000274658203,82.66000366210938,82.4800033569336,82.4800033569336,262777.0,yahoo
NMDC,5m,2026-09-11T09:40:00+05:30,82.47000122070312,82.56999969482422,82.4000015258789,82.5,173024.0,yahoo
NMDC,5m,2026-09-11T09:45:00+05:30,82.5,82.55000305175781,82.43000030517578,82.48999786376953,234635.0,yahoo
NMDC,5m,2026-09-11T09:50:00+05:30,82.48999786376953,82.55000305175781,82.4000015258789,82.4000015258789,167747.0,yahoo
NMDC,5m,2026-09-11T09:55:00+05:30,82.36000061035156,82.52999877929688,82.36000061035156,82.45999908447266,143757.0,yahoo
NMDC,5m,2026-09-11T10:00:00+05:30,82.45999908447266,82.62999725341797,82.45999908447266,82.58000183105469,101445.0,yahoo
NMDC,5m,2026-09-11T10:05:00+05:30,82.54000091552734,82.62000274658203,82.54000091552734,82.58999633789062,72008.0,yahoo
NMDC,5m,2026-09-11T10:10:00+05:30,82.58999633789062,82.72000122070312,82.55000305175781,82.72000122070312,177774.0,yahoo
NMDC,5m,2026-09-11T10:15:00+05:30,82.72000122070312,82.72000122070312,82.62999725341797,82.6500015258789,76378.0,yahoo
NMDC,5m,2026-09-11T10:20:00+05:30,82.66000366210938,82.9000015258789,82.66000366210938,82.87999725341797,132888.0,yahoo
NMDC,5m,2026-09-11T10:25:00+05:30,82.87999725341797,82.87999725341797,82.75,82.83000183105469,55890.0,yahoo
NMDC,5m,2026-09-11T10:30:00+05:30,82.83000183105469,82.94000244140625,82.80000305175781,82.93000030517578,35580.0,yahoo
NMDC,5m,2026-09-11T10:35:00+05:30,82.91000366210938,82.98999786376953,82.9000015258789,82.94999694824219,52086.0,yahoo
NMDC,5m,2026-09-11T10:40:00+05:30,82.95999908447266,83.05000305175781,82.94999694824219,83.02999877929688,55860.0,yahoo
NMDC,5m,2026-09-11T10:45:00+05:30,83.05999755859375,83.06999969482422,82.94000244140625,83.02999877929688,46002.0,yahoo
NMDC,5m,2026-09-11T10:50:00+05:30,83.01000213623047,83.01000213623047,82.8499984741211,82.9000015258789,103401.0,yahoo
NMDC,5m,2026-09-11T10:55:00+05:30,82.9000015258789,82.91999816894531,82.7300033569336,82.76000213623047,65029.0,yahoo
NMDC,5m,2026-09-11T11:00:00+05:30,82.7699966430664,82.83999633789062,82.73999786376953,82.81999969482422,39154.0,yahoo
NMDC,5m,2026-09-11T11:05:00+05:30,82.80000305175781,82.95999908447266,82.79000091552734,82.94000244140625,141785.0,yahoo
NMDC,5m,2026-09-11T11:10:00+05:30,82.94999694824219,83.12000274658203,82.91000366210938,83.08999633789062,56067.0,yahoo
NMDC,5m,2026-09-11T11:15:00+05:30,83.12000274658203,83.19000244140625,83.02999877929688,83.11000061035156,77939.0,yahoo
NMDC,5m,2026-09-11T11:20:00+05:30,83.08000183105469,83.08000183105469,82.95999908447266,83.0199966430664,31819.0,yahoo
NMDC,5m,2026-09-11T11:25:00+05:30,83.0,83.04000091552734,82.94000244140625,82.9800033569336,62150.0,yahoo
NMDC,5m,2026-09-11T11:30:00+05:30,82.98999786376953,83.0,82.94999694824219,83.0,18340.0,yahoo
NMDC,5m,2026-09-11T11:35:00+05:30,82.97000122070312,83.0,82.91999816894531,82.9800033569336,27617.0,yahoo
NMDC,5m,2026-09-11T11:40:00+05:30,82.94999694824219,83.0199966430664,82.94999694824219,83.0,23583.0,yahoo
NMDC,5m,2026-09-11T11:45:00+05:30,83.0,83.05000305175781,82.87000274658203,82.88999938964844,30343.0,yahoo
NMDC,5m,2026-09-11T11:50:00+05:30,82.88999938964844,82.94000244140625,82.8499984741211,82.94000244140625,76957.0,yahoo
NMDC,5m,2026-09-11T11:55:00+05:30,82.9000015258789,82.93000030517578,82.87000274658203,82.87999725341797,24761.0,yahoo
NMDC,5m,2026-09-11T12:00:00+05:30,82.91000366210938,82.94999694824219,82.86000061035156,82.88999938964844,137761.0,yahoo
NMDC,5m,2026-09-11T12:05:00+05:30,82.91000366210938,83.0199966430664,82.91000366210938,82.97000122070312,16926.0,yahoo
NMDC,5m,2026-09-11T12:10:00+05:30,82.98999786376953,83.0,82.8499984741211,82.87000274658203,30613.0,yahoo
NMDC,5m,2026-09-11T12:15:00+05:30,82.8499984741211,82.94999694824219,82.80000305175781,82.91000366210938,69717.0,yahoo
NMDC,5m,2026-09-11T12:20:00+05:30,82.93000030517578,82.97000122070312,82.8499984741211,82.97000122070312,27839.0,yahoo
NMDC,5m,2026-09-11T12:25:00+05:30,82.95999908447266,83.04000091552734,82.95999908447266,83.02999877929688,25812.0,yahoo
NMDC,5m,2026-09-11T12:30:00+05:30,83.02999877929688,83.02999877929688,82.9000015258789,83.0,18325.0,yahoo
NMDC,5m,2026-09-11T12:35:00+05:30,83.0199966430664,83.04000091552734,82.9800033569336,83.0,28221.0,yahoo
NMDC,5m,2026-09-11T12:40:00+05:30,83.0,83.05000305175781,82.9800033569336,83.02999877929688,16951.0,yahoo
NMDC,5m,2026-09-11T12:45:00+05:30,83.04000091552734,83.05000305175781,82.94999694824219,82.97000122070312,55025.0,yahoo
NMDC,5m,2026-09-11T12:50:00+05:30,82.95999908447266,83.0,82.95999908447266,82.98999786376953,18727.0,yahoo
NMDC,5m,2026-09-11T12:55:00+05:30,83.0,83.02999877929688,82.98999786376953,83.02999877929688,19628.0,yahoo
NMDC,5m,2026-09-11T13:00:00+05:30,83.02999877929688,83.02999877929688,82.94999694824219,83.0,57426.0,yahoo
NMDC,5m,2026-09-11T13:05:00+05:30,82.9800033569336,83.0,82.9000015258789,82.93000030517578,35352.0,yahoo
NMDC,5m,2026-09-11T13:10:00+05:30,82.94999694824219,83.0,82.8499984741211,83.0,110209.0,yahoo
NMDC,5m,2026-09-11T13:15:00+05:30,83.0,83.0199966430664,82.9000015258789,82.94999694824219,77602.0,yahoo
NMDC,5m,2026-09-11T13:20:00+05:30,82.94999694824219,82.95999908447266,82.87999725341797,82.95999908447266,17252.0,yahoo
NMDC,5m,2026-09-11T13:25:00+05:30,82.91999816894531,82.95999908447266,82.87999725341797,82.94000244140625,22877.0,yahoo
NMDC,5m,2026-09-11T13:30:00+05:30,82.94000244140625,82.98999786376953,82.9000015258789,82.94000244140625,31990.0,yahoo
NMDC,5m,2026-09-11T13:35:00+05:30,82.94000244140625,82.94000244140625,82.86000061035156,82.87999725341797,24449.0,yahoo
NMDC,5m,2026-09-11T13:40:00+05:30,82.87999725341797,82.88999938964844,82.72000122070312,82.83000183105469,123862.0,yahoo
NMDC,5m,2026-09-11T13:45:00+05:30,82.80000305175781,82.87999725341797,82.7699966430664,82.83999633789062,92668.0,yahoo
NMDC,5m,2026-09-11T13:50:00+05:30,82.80999755859375,82.98999786376953,82.80999755859375,82.94000244140625,71937.0,yahoo
NMDC,5m,2026-09-11T13:55:00+05:30,82.9000015258789,83.0,82.9000015258789,82.94000244140625,200271.0,yahoo
NMDC,5m,2026-09-11T14:00:00+05:30,82.94000244140625,83.05000305175781,82.91999816894531,83.04000091552734,186942.0,yahoo
NMDC,5m,2026-09-11T14:05:00+05:30,83.05000305175781,83.05000305175781,82.94999694824219,82.97000122070312,24581.0,yahoo
NMDC,5m,2026-09-11T14:10:00+05:30,82.97000122070312,82.98999786376953,82.87999725341797,82.9800033569336,68068.0,yahoo
NMDC,5m,2026-09-11T14:15:00+05:30,83.0,83.02999877929688,82.86000061035156,83.01000213623047,107106.0,yahoo
NMDC,5m,2026-09-11T14:20:00+05:30,83.0,83.01000213623047,82.94999694824219,82.98999786376953,16065.0,yahoo
NMDC,5m,2026-09-11T14:25:00+05:30,83.0,83.02999877929688,82.94999694824219,82.94999694824219,32416.0,yahoo
NMDC,5m,2026-09-11T14:30:00+05:30,82.97000122070312,82.97000122070312,82.91000366210938,82.94000244140625,34618.0,yahoo
NMDC,5m,2026-09-11T14:35:00+05:30,82.9000015258789,82.91999816894531,82.8499984741211,82.88999938964844,88043.0,yahoo
NMDC,5m,2026-09-11T14:40:00+05:30,82.87000274658203,83.0,82.87000274658203,82.9800033569336,106388.0,yahoo
NMDC,5m,2026-09-11T14:45:00+05:30,82.97000122070312,82.97000122070312,82.88999938964844,82.9000015258789,55931.0,yahoo
NMDC,5m,2026-09-11T14:50:00+05:30,82.9000015258789,82.94000244140625,82.8499984741211,82.94000244140625,90825.0,yahoo
NMDC,5m,2026-09-11T14:55:00+05:30,82.94999694824219,82.95999908447266,82.88999938964844,82.95999908447266,174954.0,yahoo
NMDC,5m,2026-09-11T15:00:00+05:30,82.94000244140625,82.94000244140625,82.76000213623047,82.7699966430664,273366.0,yahoo
NMDC,5m,2026-09-11T15:05:00+05:30,82.7699966430664,82.83000183105469,82.7300033569336,82.80000305175781,269170.0,yahoo
NMDC,5m,2026-09-11T15:10:00+05:30,82.80000305175781,82.87000274658203,82.7300033569336,82.77999877929688,502317.0,yahoo
NMDC,5m,2026-09-11T15:15:00+05:30,82.76000213623047,82.76000213623047,82.4000015258789,82.4000015258789,717455.0,yahoo
NTPC,5m,2026-09-11T09:15:00+05:30,332.70001220703125,334.1499938964844,332.3999938964844,334.1000061035156,0.0,yahoo
NTPC,5m,2026-09-11T09:20:00+05:30,334.0,334.95001220703125,333.8500061035156,334.95001220703125,82768.0,yahoo
NTPC,5m,2026-09-11T09:25:00+05:30,334.95001220703125,335.20001220703125,333.45001220703125,333.45001220703125,48943.0,yahoo
NTPC,5m,2026-09-11T09:30:00+05:30,333.6000061035156,334.6499938964844,333.6000061035156,334.3999938964844,43347.0,yahoo
NTPC,5m,2026-09-11T09:35:00+05:30,334.3999938964844,334.8999938964844,334.3999938964844,334.6499938964844,17860.0,yahoo
NTPC,5m,2026-09-11T09:40:00+05:30,334.6000061035156,334.95001220703125,334.25,334.95001220703125,38694.0,yahoo
NTPC,5m,2026-09-11T09:45:00+05:30,334.70001220703125,334.75,334.3500061035156,334.70001220703125,49328.0,yahoo
NTPC,5m,2026-09-11T09:50:00+05:30,334.6499938964844,334.95001220703125,334.6499938964844,334.95001220703125,21110.0,yahoo
NTPC,5m,2026-09-11T09:55:00+05:30,334.79998779296875,335.20001220703125,334.5,334.5,80032.0,yahoo
NTPC,5m,2026-09-11T10:00:00+05:30,334.45001220703125,334.70001220703125,334.29998779296875,334.45001220703125,42697.0,yahoo
NTPC,5m,2026-09-11T10:05:00+05:30,334.3500061035156,334.6000061035156,334.04998779296875,334.5,66520.0,yahoo
NTPC,5m,2026-09-11T10:10:00+05:30,334.5,334.5,334.0,334.25,63071.0,yahoo
NTPC,5m,2026-09-11T10:15:00+05:30,334.1499938964844,334.3500061035156,334.0,334.25,11651.0,yahoo
NTPC,5m,2026-09-11T10:20:00+05:30,334.25,334.3500061035156,334.20001220703125,334.29998779296875,9703.0,yahoo
NTPC,5m,2026-09-11T10:25:00+05:30,334.29998779296875,334.29998779296875,333.6000061035156,333.75,32525.0,yahoo
NTPC,5m,2026-09-11T10:30:00+05:30,333.75,334.1499938964844,333.6499938964844,334.1499938964844,15432.0,yahoo
NTPC,5m,2026-09-11T10:35:00+05:30,334.1499938964844,334.1499938964844,333.95001220703125,334.1000061035156,12162.0,yahoo
NTPC,5m,2026-09-11T10:40:00+05:30,334.1000061035156,334.20001220703125,333.95001220703125,334.20001220703125,30121.0,yahoo
NTPC,5m,2026-09-11T10:45:00+05:30,334.25,334.29998779296875,333.75,333.79998779296875,13482.0,yahoo
NTPC,5m,2026-09-11T10:50:00+05:30,333.79998779296875,333.8999938964844,333.3500061035156,333.3999938964844,44916.0,yahoo
NTPC,5m,2026-09-11T10:55:00+05:30,333.5,333.75,333.3500061035156,333.54998779296875,24904.0,yahoo
NTPC,5m,2026-09-11T11:00:00+05:30,333.54998779296875,333.70001220703125,333.29998779296875,333.29998779296875,16754.0,yahoo
NTPC,5m,2026-09-11T11:05:00+05:30,333.29998779296875,333.54998779296875,333.1499938964844,333.1499938964844,15758.0,yahoo
NTPC,5m,2026-09-11T11:10:00+05:30,333.20001220703125,333.8999938964844,333.0,333.8999938964844,24842.0,yahoo
NTPC,5m,2026-09-11T11:15:00+05:30,333.8999938964844,334.04998779296875,333.70001220703125,333.8999938964844,19123.0,yahoo
NTPC,5m,2026-09-11T11:20:00+05:30,333.8999938964844,334.0,333.6000061035156,333.70001220703125,15320.0,yahoo
NTPC,5m,2026-09-11T11:25:00+05:30,333.70001220703125,333.79998779296875,333.29998779296875,333.45001220703125,29367.0,yahoo
NTPC,5m,2026-09-11T11:30:00+05:30,333.45001220703125,333.5,333.29998779296875,333.29998779296875,13777.0,yahoo
NTPC,5m,2026-09-11T11:35:00+05:30,333.3500061035156,333.5,333.25,333.5,22001.0,yahoo
NTPC,5m,2026-09-11T11:40:00+05:30,333.5,333.6499938964844,333.20001220703125,333.6499938964844,19924.0,yahoo
NTPC,5m,2026-09-11T11:45:00+05:30,333.70001220703125,333.75,333.25,333.29998779296875,22488.0,yahoo
NTPC,5m,2026-09-11T11:50:00+05:30,333.29998779296875,333.3999938964844,333.1499938964844,333.29998779296875,18829.0,yahoo
NTPC,5m,2026-09-11T11:55:00+05:30,333.29998779296875,334.20001220703125,333.25,334.1499938964844,113029.0,yahoo
NTPC,5m,2026-09-11T12:00:00+05:30,334.25,334.5,334.1499938964844,334.5,16718.0,yahoo
NTPC,5m,2026-09-11T12:05:00+05:30,334.5,334.95001220703125,334.5,334.6000061035156,254089.0,yahoo
NTPC,5m,2026-09-11T12:10:00+05:30,334.6000061035156,334.8999938964844,334.29998779296875,334.8999938964844,111747.0,yahoo
NTPC,5m,2026-09-11T12:15:00+05:30,334.95001220703125,335.04998779296875,334.6000061035156,335.04998779296875,211574.0,yahoo
NTPC,5m,2026-09-11T12:20:00+05:30,335.04998779296875,335.3500061035156,335.0,335.29998779296875,44392.0,yahoo
NTPC,5m,2026-09-11T12:25:00+05:30,335.29998779296875,335.45001220703125,335.25,335.3999938964844,30879.0,yahoo
NTPC,5m,2026-09-11T12:30:00+05:30,335.3999938964844,335.5,335.1499938964844,335.25,28691.0,yahoo
NTPC,5m,2026-09-11T12:35:00+05:30,335.25,335.29998779296875,335.0,335.1000061035156,46583.0,yahoo
NTPC,5m,2026-09-11T12:40:00+05:30,335.1000061035156,335.29998779296875,335.0,335.29998779296875,27131.0,yahoo
NTPC,5m,2026-09-11T12:45:00+05:30,335.29998779296875,335.70001220703125,335.20001220703125,335.6499938964844,29659.0,yahoo
NTPC,5m,2026-09-11T12:50:00+05:30,335.6499938964844,335.70001220703125,335.3999938964844,335.3999938964844,59928.0,yahoo
NTPC,5m,2026-09-11T12:55:00+05:30,335.3999938964844,335.70001220703125,335.29998779296875,335.6000061035156,45674.0,yahoo
NTPC,5m,2026-09-11T13:00:00+05:30,335.6000061035156,335.6000061035156,335.3999938964844,335.5,24622.0,yahoo
NTPC,5m,2026-09-11T13:05:00+05:30,335.5,335.95001220703125,335.45001220703125,335.79998779296875,117825.0,yahoo
NTPC,5m,2026-09-11T13:10:00+05:30,335.79998779296875,336.20001220703125,335.79998779296875,336.1499938964844,100172.0,yahoo
NTPC,5m,2026-09-11T13:15:00+05:30,336.1499938964844,336.25,335.70001220703125,335.8999938964844,150793.0,yahoo
NTPC,5m,2026-09-11T13:20:00+05:30,335.75,336.20001220703125,335.75,336.1499938964844,44841.0,yahoo
NTPC,5m,2026-09-11T13:25:00+05:30,336.1499938964844,336.1499938964844,335.6499938964844,336.04998779296875,225951.0,yahoo
NTPC,5m,2026-09-11T13:30:00+05:30,336.04998779296875,336.1499938964844,335.79998779296875,335.8500061035156,71765.0,yahoo
NTPC,5m,2026-09-11T13:35:00+05:30,335.8500061035156,335.95001220703125,335.6499938964844,335.6499938964844,47279.0,yahoo
NTPC,5m,2026-09-11T13:40:00+05:30,335.6499938964844,335.75,335.0,335.29998779296875,75666.0,yahoo
NTPC,5m,2026-09-11T13:45:00+05:30,335.29998779296875,335.5,335.20001220703125,335.5,46301.0,yahoo
NTPC,5m,2026-09-11T13:50:00+05:30,335.5,335.5,334.6499938964844,335.0,167415.0,yahoo
NTPC,5m,2026-09-11T13:55:00+05:30,335.0,335.04998779296875,334.6000061035156,334.75,46555.0,yahoo
NTPC,5m,2026-09-11T14:00:00+05:30,334.6000061035156,335.3500061035156,334.5,335.3500061035156,44685.0,yahoo
NTPC,5m,2026-09-11T14:05:00+05:30,335.3500061035156,335.3999938964844,334.95001220703125,335.1499938964844,38726.0,yahoo
NTPC,5m,2026-09-11T14:10:00+05:30,335.1499938964844,335.1499938964844,334.6000061035156,334.79998779296875,79086.0,yahoo
NTPC,5m,2026-09-11T14:15:00+05:30,334.8500061035156,335.0,334.6000061035156,334.8999938964844,32771.0,yahoo
NTPC,5m,2026-09-11T14:20:00+05:30,334.8999938964844,335.25,334.8500061035156,335.20001220703125,36284.0,yahoo
NTPC,5m,2026-09-11T14:25:00+05:30,335.20001220703125,335.25,334.8999938964844,334.95001220703125,107726.0,yahoo
NTPC,5m,2026-09-11T14:30:00+05:30,335.0,335.1000061035156,334.54998779296875,334.75,42018.0,yahoo
NTPC,5m,2026-09-11T14:35:00+05:30,334.70001220703125,334.79998779296875,334.54998779296875,334.70001220703125,59564.0,yahoo
NTPC,5m,2026-09-11T14:40:00+05:30,334.75,334.75,334.1499938964844,334.1499938964844,60797.0,yahoo
NTPC,5m,2026-09-11T14:45:00+05:30,334.1000061035156,334.25,334.04998779296875,334.20001220703125,60406.0,yahoo
NTPC,5m,2026-09-11T14:50:00+05:30,334.20001220703125,334.20001220703125,333.79998779296875,334.04998779296875,59697.0,yahoo
NTPC,5m,2026-09-11T14:55:00+05:30,334.04998779296875,334.20001220703125,333.95001220703125,334.0,87569.0,yahoo
NTPC,5m,2026-09-11T15:00:00+05:30,333.8999938964844,333.8999938964844,333.3999938964844,333.45001220703125,92436.0,yahoo
NTPC,5m,2026-09-11T15:05:00+05:30,333.45001220703125,333.6000061035156,333.3999938964844,333.54998779296875,150191.0,yahoo
NTPC,5m,2026-09-11T15:10:00+05:30,333.54998779296875,333.54998779296875,332.0,332.0,424864.0,yahoo
NTPC,5m,2026-09-11T15:15:00+05:30,332.0,333.3999938964844,332.0,333.3999938964844,388787.0,yahoo
OBEROIRLTY,5m,2026-09-11T09:15:00+05:30,1765.5999755859375,1766.5,1746.199951171875,1748.4000244140625,0.0,yahoo
OBEROIRLTY,5m,2026-09-11T09:20:00+05:30,1747.4000244140625,1747.4000244140625,1736.0999755859375,1738.4000244140625,8128.0,yahoo
OBEROIRLTY,5m,2026-09-11T09:25:00+05:30,1740.199951171875,1740.9000244140625,1731.699951171875,1733.9000244140625,10642.0,yahoo
OBEROIRLTY,5m,2026-09-11T09:30:00+05:30,1734.0,1740.0,1732.5,1734.0,9528.0,yahoo
OBEROIRLTY,5m,2026-09-11T09:35:00+05:30,1734.199951171875,1736.5,1729.0,1729.800048828125,11612.0,yahoo
OBEROIRLTY,5m,2026-09-11T09:40:00+05:30,1729.0,1730.199951171875,1722.199951171875,1728.5999755859375,12250.0,yahoo
OBEROIRLTY,5m,2026-09-11T09:45:00+05:30,1728.0,1728.5999755859375,1718.4000244140625,1721.5999755859375,31411.0,yahoo
OBEROIRLTY,5m,2026-09-11T09:50:00+05:30,1722.5,1725.0,1718.0,1719.4000244140625,19385.0,yahoo
OBEROIRLTY,5m,2026-09-11T09:55:00+05:30,1719.0999755859375,1721.699951171875,1715.5999755859375,1721.0,17289.0,yahoo
OBEROIRLTY,5m,2026-09-11T10:00:00+05:30,1721.9000244140625,1726.0,1718.0,1723.199951171875,10273.0,yahoo
OBEROIRLTY,5m,2026-09-11T10:05:00+05:30,1722.0,1723.199951171875,1716.9000244140625,1719.0999755859375,35323.0,yahoo
OBEROIRLTY,5m,2026-09-11T10:10:00+05:30,1719.800048828125,1731.0,1719.199951171875,1731.0,11000.0,yahoo
OBEROIRLTY,5m,2026-09-11T10:15:00+05:30,1730.699951171875,1740.199951171875,1728.800048828125,1735.5999755859375,13065.0,yahoo
OBEROIRLTY,5m,2026-09-11T10:20:00+05:30,1735.0,1737.9000244140625,1734.9000244140625,1735.800048828125,2642.0,yahoo
OBEROIRLTY,5m,2026-09-11T10:25:00+05:30,1735.800048828125,1735.800048828125,1725.0,1725.0,5084.0,yahoo
OBEROIRLTY,5m,2026-09-11T10:30:00+05:30,1724.300048828125,1730.699951171875,1724.300048828125,1728.800048828125,6144.0,yahoo
OBEROIRLTY,5m,2026-09-11T10:35:00+05:30,1728.9000244140625,1731.5999755859375,1728.9000244140625,1729.699951171875,2160.0,yahoo
OBEROIRLTY,5m,2026-09-11T10:40:00+05:30,1729.9000244140625,1732.0999755859375,1728.4000244140625,1731.699951171875,2987.0,yahoo
OBEROIRLTY,5m,2026-09-11T10:45:00+05:30,1731.699951171875,1732.9000244140625,1728.199951171875,1730.5,2977.0,yahoo
OBEROIRLTY,5m,2026-09-11T10:50:00+05:30,1730.5,1730.5,1724.300048828125,1725.199951171875,5167.0,yahoo
OBEROIRLTY,5m,2026-09-11T10:55:00+05:30,1725.0,1725.5999755859375,1721.0999755859375,1721.5999755859375,8752.0,yahoo
OBEROIRLTY,5m,2026-09-11T11:00:00+05:30,1721.699951171875,1724.5,1721.0999755859375,1721.5999755859375,8908.0,yahoo
OBEROIRLTY,5m,2026-09-11T11:05:00+05:30,1721.5999755859375,1725.5,1721.300048828125,1725.199951171875,4399.0,yahoo
OBEROIRLTY,5m,2026-09-11T11:10:00+05:30,1725.4000244140625,1728.5999755859375,1724.0,1727.800048828125,2149.0,yahoo
OBEROIRLTY,5m,2026-09-11T11:15:00+05:30,1727.0,1735.0999755859375,1726.0,1733.800048828125,8043.0,yahoo
OBEROIRLTY,5m,2026-09-11T11:20:00+05:30,1734.699951171875,1735.0,1730.300048828125,1731.0999755859375,3085.0,yahoo
OBEROIRLTY,5m,2026-09-11T11:25:00+05:30,1731.0999755859375,1737.699951171875,1730.300048828125,1731.0999755859375,12784.0,yahoo
OBEROIRLTY,5m,2026-09-11T11:30:00+05:30,1731.0,1734.199951171875,1729.0,1732.4000244140625,3555.0,yahoo
OBEROIRLTY,5m,2026-09-11T11:35:00+05:30,1732.5999755859375,1733.199951171875,1730.5,1732.699951171875,3642.0,yahoo
OBEROIRLTY,5m,2026-09-11T11:40:00+05:30,1732.4000244140625,1734.9000244140625,1731.5,1734.4000244140625,3258.0,yahoo
OBEROIRLTY,5m,2026-09-11T11:45:00+05:30,1734.699951171875,1736.9000244140625,1731.9000244140625,1733.5999755859375,3527.0,yahoo
OBEROIRLTY,5m,2026-09-11T11:50:00+05:30,1733.9000244140625,1736.5999755859375,1733.0999755859375,1735.5,2176.0,yahoo
OBEROIRLTY,5m,2026-09-11T11:55:00+05:30,1735.199951171875,1736.0,1731.300048828125,1731.300048828125,5571.0,yahoo
OBEROIRLTY,5m,2026-09-11T12:00:00+05:30,1730.5999755859375,1736.4000244140625,1730.5,1733.0999755859375,9100.0,yahoo
OBEROIRLTY,5m,2026-09-11T12:05:00+05:30,1733.0999755859375,1733.0999755859375,1728.0,1729.699951171875,3368.0,yahoo
OBEROIRLTY,5m,2026-09-11T12:10:00+05:30,1729.9000244140625,1730.800048828125,1728.0,1728.5999755859375,2703.0,yahoo
OBEROIRLTY,5m,2026-09-11T12:15:00+05:30,1729.0,1729.699951171875,1727.0,1728.300048828125,2748.0,yahoo
OBEROIRLTY,5m,2026-09-11T12:20:00+05:30,1728.4000244140625,1730.699951171875,1728.0,1730.199951171875,2681.0,yahoo
OBEROIRLTY,5m,2026-09-11T12:25:00+05:30,1730.4000244140625,1730.4000244140625,1728.5,1729.4000244140625,3035.0,yahoo
OBEROIRLTY,5m,2026-09-11T12:30:00+05:30,1729.800048828125,1730.5999755859375,1728.0999755859375,1728.9000244140625,2132.0,yahoo
OBEROIRLTY,5m,2026-09-11T12:35:00+05:30,1728.9000244140625,1731.300048828125,1728.300048828125,1730.5999755859375,2268.0,yahoo
OBEROIRLTY,5m,2026-09-11T12:40:00+05:30,1730.699951171875,1732.699951171875,1729.0,1729.5,3211.0,yahoo
OBEROIRLTY,5m,2026-09-11T12:45:00+05:30,1729.800048828125,1729.800048828125,1726.699951171875,1728.5,3279.0,yahoo
OBEROIRLTY,5m,2026-09-11T12:50:00+05:30,1728.9000244140625,1731.0999755859375,1728.0999755859375,1730.699951171875,2818.0,yahoo
OBEROIRLTY,5m,2026-09-11T12:55:00+05:30,1730.800048828125,1732.0999755859375,1729.4000244140625,1731.199951171875,2099.0,yahoo
OBEROIRLTY,5m,2026-09-11T13:00:00+05:30,1731.5,1731.5,1728.0,1728.0999755859375,1961.0,yahoo
OBEROIRLTY,5m,2026-09-11T13:05:00+05:30,1728.0,1729.0,1726.300048828125,1727.300048828125,4409.0,yahoo
OBEROIRLTY,5m,2026-09-11T13:10:00+05:30,1727.199951171875,1728.699951171875,1726.0,1727.800048828125,2366.0,yahoo
OBEROIRLTY,5m,2026-09-11T13:15:00+05:30,1727.800048828125,1727.800048828125,1725.5999755859375,1726.0,2478.0,yahoo
OBEROIRLTY,5m,2026-09-11T13:20:00+05:30,1726.300048828125,1728.0,1725.0999755859375,1727.699951171875,3897.0,yahoo
OBEROIRLTY,5m,2026-09-11T13:25:00+05:30,1727.800048828125,1732.699951171875,1726.800048828125,1730.199951171875,6539.0,yahoo
OBEROIRLTY,5m,2026-09-11T13:30:00+05:30,1729.800048828125,1732.199951171875,1729.199951171875,1730.0999755859375,2583.0,yahoo
OBEROIRLTY,5m,2026-09-11T13:35:00+05:30,1730.300048828125,1730.5999755859375,1728.0,1729.4000244140625,2150.0,yahoo
OBEROIRLTY,5m,2026-09-11T13:40:00+05:30,1729.699951171875,1731.0,1726.0,1727.199951171875,2219.0,yahoo
OBEROIRLTY,5m,2026-09-11T13:45:00+05:30,1726.800048828125,1729.4000244140625,1725.5999755859375,1727.5,2794.0,yahoo
OBEROIRLTY,5m,2026-09-11T13:50:00+05:30,1727.5,1731.0,1727.0999755859375,1728.699951171875,2689.0,yahoo
OBEROIRLTY,5m,2026-09-11T13:55:00+05:30,1729.0,1733.0,1729.0,1730.5999755859375,3532.0,yahoo
OBEROIRLTY,5m,2026-09-11T14:00:00+05:30,1730.5999755859375,1735.800048828125,1730.5999755859375,1735.699951171875,4578.0,yahoo
OBEROIRLTY,5m,2026-09-11T14:05:00+05:30,1735.199951171875,1735.9000244140625,1733.0,1733.199951171875,3742.0,yahoo
OBEROIRLTY,5m,2026-09-11T14:10:00+05:30,1733.0,1734.5999755859375,1732.4000244140625,1733.199951171875,2890.0,yahoo
OBEROIRLTY,5m,2026-09-11T14:15:00+05:30,1733.199951171875,1735.699951171875,1732.5999755859375,1734.800048828125,4915.0,yahoo
OBEROIRLTY,5m,2026-09-11T14:20:00+05:30,1734.699951171875,1739.0,1733.5,1739.0,16164.0,yahoo
OBEROIRLTY,5m,2026-09-11T14:25:00+05:30,1739.0,1740.800048828125,1736.699951171875,1738.699951171875,11517.0,yahoo
OBEROIRLTY,5m,2026-09-11T14:30:00+05:30,1738.699951171875,1740.5999755859375,1738.4000244140625,1739.199951171875,7165.0,yahoo
OBEROIRLTY,5m,2026-09-11T14:35:00+05:30,1740.0,1742.800048828125,1739.0999755859375,1740.4000244140625,3113.0,yahoo
OBEROIRLTY,5m,2026-09-11T14:40:00+05:30,1740.699951171875,1745.0999755859375,1740.300048828125,1741.0999755859375,8358.0,yahoo
OBEROIRLTY,5m,2026-09-11T14:45:00+05:30,1741.5,1742.5,1737.199951171875,1738.199951171875,7537.0,yahoo
OBEROIRLTY,5m,2026-09-11T14:50:00+05:30,1738.199951171875,1743.9000244140625,1736.800048828125,1743.0,9247.0,yahoo
OBEROIRLTY,5m,2026-09-11T14:55:00+05:30,1743.0,1750.0999755859375,1742.800048828125,1745.699951171875,16607.0,yahoo
OBEROIRLTY,5m,2026-09-11T15:00:00+05:30,1745.0,1747.0,1743.0,1745.0,9219.0,yahoo
OBEROIRLTY,5m,2026-09-11T15:05:00+05:30,1744.5,1752.9000244140625,1744.4000244140625,1750.300048828125,26140.0,yahoo
OBEROIRLTY,5m,2026-09-11T15:10:00+05:30,1750.0,1752.0,1748.800048828125,1750.0,16171.0,yahoo
OBEROIRLTY,5m,2026-09-11T15:15:00+05:30,1752.0,1752.0,1741.0999755859375,1741.0999755859375,18249.0,yahoo
ONGC,5m,2026-09-11T09:15:00+05:30,239.82000732421875,241.5500030517578,237.74000549316406,241.1999969482422,0.0,yahoo
ONGC,5m,2026-09-11T09:20:00+05:30,241.3000030517578,242.3000030517578,241.3000030517578,242.1999969482422,2318661.0,yahoo
ONGC,5m,2026-09-11T09:25:00+05:30,242.14999389648438,243.1300048828125,241.47999572753906,241.47999572753906,2184750.0,yahoo
ONGC,5m,2026-09-11T09:30:00+05:30,241.60000610351562,241.8800048828125,239.85000610351562,240.10000610351562,1414473.0,yahoo
ONGC,5m,2026-09-11T09:35:00+05:30,240.02000427246094,240.6699981689453,240.02000427246094,240.1199951171875,509666.0,yahoo
ONGC,5m,2026-09-11T09:40:00+05:30,240.13999938964844,240.25,239.1999969482422,239.80999755859375,825704.0,yahoo
ONGC,5m,2026-09-11T09:45:00+05:30,239.8000030517578,239.80999755859375,239.0,239.24000549316406,524875.0,yahoo
ONGC,5m,2026-09-11T09:50:00+05:30,239.1699981689453,239.44000244140625,238.86000061035156,238.89999389648438,392918.0,yahoo
ONGC,5m,2026-09-11T09:55:00+05:30,238.89999389648438,239.0,238.5,238.52000427246094,347963.0,yahoo
ONGC,5m,2026-09-11T10:00:00+05:30,238.60000610351562,238.94000244140625,238.5,238.9199981689453,292187.0,yahoo
ONGC,5m,2026-09-11T10:05:00+05:30,238.9199981689453,238.9199981689453,238.24000549316406,238.3000030517578,354400.0,yahoo
ONGC,5m,2026-09-11T10:10:00+05:30,238.3000030517578,238.3000030517578,237.82000732421875,237.99000549316406,385769.0,yahoo
ONGC,5m,2026-09-11T10:15:00+05:30,237.97999572753906,237.97999572753906,237.44000244140625,237.6699981689453,316613.0,yahoo
ONGC,5m,2026-09-11T10:20:00+05:30,237.6699981689453,238.0,237.60000610351562,238.0,246541.0,yahoo
ONGC,5m,2026-09-11T10:25:00+05:30,237.97999572753906,238.49000549316406,237.9199981689453,238.0,323928.0,yahoo
ONGC,5m,2026-09-11T10:30:00+05:30,238.0,238.10000610351562,237.75,238.0,130334.0,yahoo
ONGC,5m,2026-09-11T10:35:00+05:30,237.9199981689453,238.0,237.27000427246094,237.3699951171875,243955.0,yahoo
ONGC,5m,2026-09-11T10:40:00+05:30,237.32000732421875,237.4199981689453,237.10000610351562,237.25,271901.0,yahoo
ONGC,5m,2026-09-11T10:45:00+05:30,237.1999969482422,237.74000549316406,237.1999969482422,237.72999572753906,157614.0,yahoo
ONGC,5m,2026-09-11T10:50:00+05:30,237.72999572753906,237.8000030517578,237.3000030517578,237.3000030517578,138613.0,yahoo
ONGC,5m,2026-09-11T10:55:00+05:30,237.30999755859375,237.5,237.1999969482422,237.25999450683594,68373.0,yahoo
ONGC,5m,2026-09-11T11:00:00+05:30,237.25,237.35000610351562,237.0500030517578,237.05999755859375,125351.0,yahoo
ONGC,5m,2026-09-11T11:05:00+05:30,237.08999633789062,237.22999572753906,236.58999633789062,236.6699981689453,226658.0,yahoo
ONGC,5m,2026-09-11T11:10:00+05:30,236.5800018310547,236.75999450683594,236.2899932861328,236.44000244140625,187322.0,yahoo
ONGC,5m,2026-09-11T11:15:00+05:30,236.44000244140625,237.5,235.89999389648438,237.41000366210938,1070756.0,yahoo
ONGC,5m,2026-09-11T11:20:00+05:30,237.44000244140625,237.44000244140625,237.0,237.07000732421875,120113.0,yahoo
ONGC,5m,2026-09-11T11:25:00+05:30,237.1300048828125,237.16000366210938,237.0,237.0,123209.0,yahoo
ONGC,5m,2026-09-11T11:30:00+05:30,237.0500030517578,237.05999755859375,236.69000244140625,236.69000244140625,477329.0,yahoo
ONGC,5m,2026-09-11T11:35:00+05:30,236.6699981689453,236.91000366210938,236.5500030517578,236.60000610351562,109921.0,yahoo
ONGC,5m,2026-09-11T11:40:00+05:30,236.6300048828125,236.69000244140625,236.36000061035156,236.44000244140625,107894.0,yahoo
ONGC,5m,2026-09-11T11:45:00+05:30,236.44000244140625,236.60000610351562,236.39999389648438,236.4499969482422,145406.0,yahoo
ONGC,5m,2026-09-11T11:50:00+05:30,236.4499969482422,236.5,236.35000610351562,236.4199981689453,77965.0,yahoo
ONGC,5m,2026-09-11T11:55:00+05:30,236.4499969482422,236.6300048828125,236.36000061035156,236.41000366210938,86119.0,yahoo
ONGC,5m,2026-09-11T12:00:00+05:30,236.5500030517578,237.08999633789062,236.5,237.0,169200.0,yahoo
ONGC,5m,2026-09-11T12:05:00+05:30,237.0500030517578,237.10000610351562,236.80999755859375,237.0500030517578,219384.0,yahoo
ONGC,5m,2026-09-11T12:10:00+05:30,237.0399932861328,237.0500030517578,236.77000427246094,236.8699951171875,93989.0,yahoo
ONGC,5m,2026-09-11T12:15:00+05:30,236.8300018310547,236.99000549316406,236.8000030517578,236.80999755859375,78015.0,yahoo
ONGC,5m,2026-09-11T12:20:00+05:30,236.85000610351562,236.97000122070312,236.80999755859375,236.89999389648438,86913.0,yahoo
ONGC,5m,2026-09-11T12:25:00+05:30,236.94000244140625,236.97000122070312,236.52999877929688,236.55999755859375,66370.0,yahoo
ONGC,5m,2026-09-11T12:30:00+05:30,236.5500030517578,236.8300018310547,236.5,236.60000610351562,78768.0,yahoo
ONGC,5m,2026-09-11T12:35:00+05:30,236.58999633789062,236.8300018310547,236.5,236.8300018310547,284091.0,yahoo
ONGC,5m,2026-09-11T12:40:00+05:30,236.82000732421875,236.82000732421875,236.5399932861328,236.58999633789062,93834.0,yahoo
ONGC,5m,2026-09-11T12:45:00+05:30,236.6699981689453,236.6699981689453,236.3000030517578,236.33999633789062,83163.0,yahoo
ONGC,5m,2026-09-11T12:50:00+05:30,236.33999633789062,236.4600067138672,236.1699981689453,236.41000366210938,134156.0,yahoo
ONGC,5m,2026-09-11T12:55:00+05:30,236.44000244140625,236.44000244140625,235.6699981689453,235.7100067138672,220431.0,yahoo
ONGC,5m,2026-09-11T13:00:00+05:30,235.72000122070312,235.8000030517578,235.2899932861328,235.2899932861328,437276.0,yahoo
ONGC,5m,2026-09-11T13:05:00+05:30,235.3800048828125,235.44000244140625,235.02000427246094,235.13999938964844,377504.0,yahoo
ONGC,5m,2026-09-11T13:10:00+05:30,235.13999938964844,235.25,235.10000610351562,235.22000122070312,48199.0,yahoo
ONGC,5m,2026-09-11T13:15:00+05:30,235.2100067138672,235.2899932861328,234.75999450683594,234.9199981689453,191665.0,yahoo
ONGC,5m,2026-09-11T13:20:00+05:30,234.9199981689453,234.99000549316406,234.63999938964844,234.72999572753906,150472.0,yahoo
ONGC,5m,2026-09-11T13:25:00+05:30,234.72999572753906,234.75999450683594,234.60000610351562,234.75,116912.0,yahoo
ONGC,5m,2026-09-11T13:30:00+05:30,234.75,234.75,233.86000061035156,234.05999755859375,404153.0,yahoo
ONGC,5m,2026-09-11T13:35:00+05:30,234.10000610351562,234.16000366210938,233.74000549316406,233.8300018310547,212347.0,yahoo
ONGC,5m,2026-09-11T13:40:00+05:30,233.86000061035156,233.92999267578125,233.30999755859375,233.32000732421875,226386.0,yahoo
ONGC,5m,2026-09-11T13:45:00+05:30,233.30999755859375,233.58999633789062,233.3000030517578,233.4499969482422,201836.0,yahoo
ONGC,5m,2026-09-11T13:50:00+05:30,233.4499969482422,233.66000366210938,233.4199981689453,233.52000427246094,140351.0,yahoo
ONGC,5m,2026-09-11T13:55:00+05:30,233.4600067138672,233.4600067138672,233.13999938964844,233.36000061035156,200725.0,yahoo
ONGC,5m,2026-09-11T14:00:00+05:30,233.63999938964844,233.8800048828125,233.55999755859375,233.75999450683594,160085.0,yahoo
ONGC,5m,2026-09-11T14:05:00+05:30,233.75,234.19000244140625,233.74000549316406,234.1699981689453,110513.0,yahoo
ONGC,5m,2026-09-11T14:10:00+05:30,234.1699981689453,234.1699981689453,234.07000732421875,234.1199951171875,78556.0,yahoo
ONGC,5m,2026-09-11T14:15:00+05:30,234.1300048828125,234.14999389648438,233.77999877929688,233.9199981689453,99459.0,yahoo
ONGC,5m,2026-09-11T14:20:00+05:30,233.9199981689453,234.0,233.8300018310547,233.97999572753906,79433.0,yahoo
ONGC,5m,2026-09-11T14:25:00+05:30,233.97999572753906,234.0500030517578,233.83999633789062,234.0,89720.0,yahoo
ONGC,5m,2026-09-11T14:30:00+05:30,234.0,234.1300048828125,233.8000030517578,233.85000610351562,98660.0,yahoo
ONGC,5m,2026-09-11T14:35:00+05:30,233.80999755859375,234.10000610351562,233.8000030517578,234.10000610351562,103892.0,yahoo
ONGC,5m,2026-09-11T14:40:00+05:30,234.0399932861328,234.17999267578125,234.00999450683594,234.0800018310547,103514.0,yahoo
ONGC,5m,2026-09-11T14:45:00+05:30,234.02000427246094,234.10000610351562,233.83999633789062,233.8699951171875,134640.0,yahoo
ONGC,5m,2026-09-11T14:50:00+05:30,233.88999938964844,234.80999755859375,233.88999938964844,234.52000427246094,559636.0,yahoo
ONGC,5m,2026-09-11T14:55:00+05:30,234.55999755859375,234.55999755859375,234.32000732421875,234.3800048828125,325482.0,yahoo
ONGC,5m,2026-09-11T15:00:00+05:30,234.3699951171875,234.44000244140625,234.0399932861328,234.3699951171875,565190.0,yahoo
ONGC,5m,2026-09-11T15:05:00+05:30,234.33999633789062,234.60000610351562,234.17999267578125,234.22000122070312,867204.0,yahoo
ONGC,5m,2026-09-11T15:10:00+05:30,234.1999969482422,234.4499969482422,233.14999389648438,233.5500030517578,1234631.0,yahoo
ONGC,5m,2026-09-11T15:15:00+05:30,233.5500030517578,233.5500030517578,232.5,232.5,658918.0,yahoo
PERSISTENT,5m,2026-09-11T09:15:00+05:30,5466.5,5509.0,5464.0,5504.0,0.0,yahoo
PERSISTENT,5m,2026-09-11T09:20:00+05:30,5501.5,5506.5,5480.0,5497.0,13038.0,yahoo
PERSISTENT,5m,2026-09-11T09:25:00+05:30,5495.0,5508.0,5476.0,5505.0,15128.0,yahoo
PERSISTENT,5m,2026-09-11T09:30:00+05:30,5503.0,5533.5,5490.5,5502.5,23281.0,yahoo
PERSISTENT,5m,2026-09-11T09:35:00+05:30,5500.5,5517.0,5495.5,5516.0,7538.0,yahoo
PERSISTENT,5m,2026-09-11T09:40:00+05:30,5513.5,5519.5,5503.5,5518.5,5042.0,yahoo
PERSISTENT,5m,2026-09-11T09:45:00+05:30,5519.5,5519.5,5496.0,5508.5,4749.0,yahoo
PERSISTENT,5m,2026-09-11T09:50:00+05:30,5509.0,5515.0,5501.0,5502.5,3152.0,yahoo
PERSISTENT,5m,2026-09-11T09:55:00+05:30,5506.0,5508.0,5496.0,5505.5,1958.0,yahoo
PERSISTENT,5m,2026-09-11T10:00:00+05:30,5500.5,5514.5,5497.5,5501.0,2968.0,yahoo
PERSISTENT,5m,2026-09-11T10:05:00+05:30,5505.0,5508.5,5501.5,5502.5,918.0,yahoo
PERSISTENT,5m,2026-09-11T10:10:00+05:30,5505.0,5518.0,5502.0,5516.0,2036.0,yahoo
PERSISTENT,5m,2026-09-11T10:15:00+05:30,5512.0,5512.5,5504.0,5507.0,1716.0,yahoo
PERSISTENT,5m,2026-09-11T10:20:00+05:30,5506.5,5518.0,5506.5,5507.0,2402.0,yahoo
PERSISTENT,5m,2026-09-11T10:25:00+05:30,5512.5,5514.0,5500.0,5500.0,1191.0,yahoo
PERSISTENT,5m,2026-09-11T10:30:00+05:30,5500.0,5506.5,5496.0,5502.0,2824.0,yahoo
PERSISTENT,5m,2026-09-11T10:35:00+05:30,5499.5,5505.0,5499.5,5504.5,492.0,yahoo
PERSISTENT,5m,2026-09-11T10:40:00+05:30,5504.5,5517.5,5497.5,5515.0,4409.0,yahoo
PERSISTENT,5m,2026-09-11T10:45:00+05:30,5517.0,5517.0,5502.0,5506.0,805.0,yahoo
PERSISTENT,5m,2026-09-11T10:50:00+05:30,5505.5,5505.5,5500.0,5500.0,163.0,yahoo
PERSISTENT,5m,2026-09-11T10:55:00+05:30,5500.0,5505.0,5500.0,5501.5,422.0,yahoo
PERSISTENT,5m,2026-09-11T11:00:00+05:30,5502.0,5504.5,5499.5,5499.5,346.0,yahoo
PERSISTENT,5m,2026-09-11T11:05:00+05:30,5502.0,5505.5,5501.0,5505.5,779.0,yahoo
PERSISTENT,5m,2026-09-11T11:10:00+05:30,5505.0,5515.0,5503.5,5513.0,705.0,yahoo
PERSISTENT,5m,2026-09-11T11:15:00+05:30,5515.0,5515.0,5505.5,5513.0,1590.0,yahoo
PERSISTENT,5m,2026-09-11T11:20:00+05:30,5517.0,5517.0,5510.0,5513.5,1084.0,yahoo
PERSISTENT,5m,2026-09-11T11:25:00+05:30,5510.5,5515.0,5510.0,5512.5,505.0,yahoo
PERSISTENT,5m,2026-09-11T11:30:00+05:30,5511.0,5522.0,5511.0,5517.5,3062.0,yahoo
PERSISTENT,5m,2026-09-11T11:35:00+05:30,5518.0,5525.5,5512.0,5525.5,3004.0,yahoo
PERSISTENT,5m,2026-09-11T11:40:00+05:30,5526.0,5539.0,5524.0,5535.0,19877.0,yahoo
PERSISTENT,5m,2026-09-11T11:45:00+05:30,5535.0,5535.0,5528.0,5529.0,8553.0,yahoo
PERSISTENT,5m,2026-09-11T11:50:00+05:30,5529.0,5535.5,5529.0,5533.5,4136.0,yahoo
PERSISTENT,5m,2026-09-11T11:55:00+05:30,5534.5,5544.5,5530.0,5530.0,4904.0,yahoo
PERSISTENT,5m,2026-09-11T12:00:00+05:30,5532.5,5533.0,5510.5,5514.0,12818.0,yahoo
PERSISTENT,5m,2026-09-11T12:05:00+05:30,5514.0,5524.5,5514.0,5518.5,1953.0,yahoo
PERSISTENT,5m,2026-09-11T12:10:00+05:30,5517.0,5519.0,5510.5,5512.5,2400.0,yahoo
PERSISTENT,5m,2026-09-11T12:15:00+05:30,5512.0,5512.0,5508.5,5511.0,1290.0,yahoo
PERSISTENT,5m,2026-09-11T12:20:00+05:30,5509.5,5513.0,5509.5,5511.0,872.0,yahoo
PERSISTENT,5m,2026-09-11T12:25:00+05:30,5512.5,5525.5,5512.0,5515.0,2260.0,yahoo
PERSISTENT,5m,2026-09-11T12:30:00+05:30,5514.0,5515.0,5512.0,5512.0,729.0,yahoo
PERSISTENT,5m,2026-09-11T12:35:00+05:30,5512.5,5514.0,5506.5,5507.0,420.0,yahoo
PERSISTENT,5m,2026-09-11T12:40:00+05:30,5508.0,5510.0,5506.0,5508.5,614.0,yahoo
PERSISTENT,5m,2026-09-11T12:45:00+05:30,5507.5,5507.5,5501.5,5504.0,1644.0,yahoo
PERSISTENT,5m,2026-09-11T12:50:00+05:30,5504.5,5509.0,5504.0,5509.0,575.0,yahoo
PERSISTENT,5m,2026-09-11T12:55:00+05:30,5510.0,5526.0,5508.5,5513.0,10865.0,yahoo
PERSISTENT,5m,2026-09-11T13:00:00+05:30,5513.0,5515.0,5505.0,5506.0,2699.0,yahoo
PERSISTENT,5m,2026-09-11T13:05:00+05:30,5503.0,5504.5,5497.0,5497.5,3342.0,yahoo
PERSISTENT,5m,2026-09-11T13:10:00+05:30,5497.0,5516.0,5492.0,5511.5,5390.0,yahoo
PERSISTENT,5m,2026-09-11T13:15:00+05:30,5510.0,5513.0,5510.0,5510.5,1364.0,yahoo
PERSISTENT,5m,2026-09-11T13:20:00+05:30,5512.0,5512.0,5510.0,5510.0,2606.0,yahoo
PERSISTENT,5m,2026-09-11T13:25:00+05:30,5502.0,5502.5,5496.0,5498.0,2623.0,yahoo
PERSISTENT,5m,2026-09-11T13:30:00+05:30,5498.0,5512.5,5498.0,5510.0,10381.0,yahoo
PERSISTENT,5m,2026-09-11T13:35:00+05:30,5510.0,5510.0,5498.0,5500.0,10852.0,yahoo
PERSISTENT,5m,2026-09-11T13:40:00+05:30,5511.0,5514.0,5506.5,5513.0,6865.0,yahoo
PERSISTENT,5m,2026-09-11T13:45:00+05:30,5511.0,5518.0,5511.0,5515.0,1019.0,yahoo
PERSISTENT,5m,2026-09-11T13:50:00+05:30,5515.0,5523.5,5514.5,5522.0,1613.0,yahoo
PERSISTENT,5m,2026-09-11T13:55:00+05:30,5522.0,5532.5,5521.5,5527.0,4459.0,yahoo
PERSISTENT,5m,2026-09-11T14:00:00+05:30,5525.0,5545.0,5525.0,5538.5,3246.0,yahoo
PERSISTENT,5m,2026-09-11T14:05:00+05:30,5540.0,5543.0,5535.5,5537.5,1318.0,yahoo
PERSISTENT,5m,2026-09-11T14:10:00+05:30,5537.0,5541.5,5535.0,5541.5,2743.0,yahoo
PERSISTENT,5m,2026-09-11T14:15:00+05:30,5541.0,5543.0,5540.0,5541.5,1738.0,yahoo
PERSISTENT,5m,2026-09-11T14:20:00+05:30,5540.0,5544.0,5540.0,5542.5,1045.0,yahoo
PERSISTENT,5m,2026-09-11T14:25:00+05:30,5544.0,5544.0,5540.0,5540.0,870.0,yahoo
PERSISTENT,5m,2026-09-11T14:30:00+05:30,5540.5,5543.0,5529.0,5535.0,6764.0,yahoo
PERSISTENT,5m,2026-09-11T14:35:00+05:30,5535.0,5542.0,5535.0,5541.0,6261.0,yahoo
PERSISTENT,5m,2026-09-11T14:40:00+05:30,5541.0,5544.0,5536.0,5540.0,2244.0,yahoo
PERSISTENT,5m,2026-09-11T14:45:00+05:30,5539.0,5539.5,5536.0,5537.5,2998.0,yahoo
PERSISTENT,5m,2026-09-11T14:50:00+05:30,5537.5,5539.5,5528.5,5531.5,5133.0,yahoo
PERSISTENT,5m,2026-09-11T14:55:00+05:30,5530.0,5531.5,5524.5,5530.5,6114.0,yahoo
PERSISTENT,5m,2026-09-11T15:00:00+05:30,5530.0,5545.0,5527.5,5535.5,15976.0,yahoo
PERSISTENT,5m,2026-09-11T15:05:00+05:30,5535.5,5539.0,5531.0,5534.5,4320.0,yahoo
PERSISTENT,5m,2026-09-11T15:10:00+05:30,5536.0,5545.0,5528.5,5541.0,12456.0,yahoo
PERSISTENT,5m,2026-09-11T15:15:00+05:30,5545.0,5545.0,5516.0,5516.0,7472.0,yahoo
PNB,5m,2026-09-11T09:15:00+05:30,115.6500015258789,115.70999908447266,114.54000091552734,115.19999694824219,0.0,yahoo
PNB,5m,2026-09-11T09:20:00+05:30,115.1500015258789,115.52999877929688,115.12999725341797,115.52999877929688,226550.0,yahoo
PNB,5m,2026-09-11T09:25:00+05:30,115.54000091552734,115.94999694824219,115.51000213623047,115.5199966430664,273687.0,yahoo
PNB,5m,2026-09-11T09:30:00+05:30,115.54000091552734,115.69999694824219,115.4000015258789,115.58000183105469,100142.0,yahoo
PNB,5m,2026-09-11T09:35:00+05:30,115.56999969482422,115.69999694824219,115.52999877929688,115.58000183105469,81415.0,yahoo
PNB,5m,2026-09-11T09:40:00+05:30,115.58000183105469,115.80000305175781,115.52999877929688,115.77999877929688,113669.0,yahoo
PNB,5m,2026-09-11T09:45:00+05:30,115.76000213623047,115.80000305175781,115.7300033569336,115.79000091552734,107555.0,yahoo
PNB,5m,2026-09-11T09:50:00+05:30,115.80999755859375,115.86000061035156,115.73999786376953,115.79000091552734,74211.0,yahoo
PNB,5m,2026-09-11T09:55:00+05:30,115.80000305175781,115.9800033569336,115.79000091552734,115.8499984741211,112866.0,yahoo
PNB,5m,2026-09-11T10:00:00+05:30,115.8499984741211,115.94999694824219,115.80999755859375,115.93000030517578,52667.0,yahoo
PNB,5m,2026-09-11T10:05:00+05:30,115.91999816894531,116.12000274658203,115.87999725341797,116.12000274658203,177335.0,yahoo
PNB,5m,2026-09-11T10:10:00+05:30,116.16000366210938,116.2300033569336,116.08999633789062,116.20999908447266,48361.0,yahoo
PNB,5m,2026-09-11T10:15:00+05:30,116.16999816894531,116.22000122070312,116.12999725341797,116.19000244140625,45941.0,yahoo
PNB,5m,2026-09-11T10:20:00+05:30,116.20999908447266,116.4000015258789,116.18000030517578,116.37000274658203,98084.0,yahoo
PNB,5m,2026-09-11T10:25:00+05:30,116.37000274658203,116.37000274658203,116.16000366210938,116.16000366210938,59213.0,yahoo
PNB,5m,2026-09-11T10:30:00+05:30,116.16999816894531,116.16999816894531,116.05000305175781,116.08000183105469,75700.0,yahoo
PNB,5m,2026-09-11T10:35:00+05:30,116.12000274658203,116.2300033569336,116.05999755859375,116.20999908447266,38345.0,yahoo
PNB,5m,2026-09-11T10:40:00+05:30,116.20999908447266,116.2699966430664,116.19000244140625,116.2699966430664,42458.0,yahoo
PNB,5m,2026-09-11T10:45:00+05:30,116.27999877929688,116.38999938964844,116.0999984741211,116.1500015258789,23352.0,yahoo
PNB,5m,2026-09-11T10:50:00+05:30,116.0999984741211,116.12000274658203,116.0199966430664,116.0199966430664,17075.0,yahoo
PNB,5m,2026-09-11T10:55:00+05:30,116.02999877929688,116.02999877929688,115.8499984741211,115.91000366210938,86110.0,yahoo
PNB,5m,2026-09-11T11:00:00+05:30,115.91999816894531,115.98999786376953,115.8499984741211,115.9000015258789,60657.0,yahoo
PNB,5m,2026-09-11T11:05:00+05:30,115.9000015258789,115.9800033569336,115.9000015258789,115.9800033569336,33508.0,yahoo
PNB,5m,2026-09-11T11:10:00+05:30,115.97000122070312,116.48999786376953,115.97000122070312,116.41000366210938,143484.0,yahoo
PNB,5m,2026-09-11T11:15:00+05:30,116.41999816894531,116.4800033569336,116.26000213623047,116.44000244140625,105080.0,yahoo
PNB,5m,2026-09-11T11:20:00+05:30,116.44999694824219,116.91999816894531,116.38999938964844,116.80999755859375,1248581.0,yahoo
PNB,5m,2026-09-11T11:25:00+05:30,116.83999633789062,116.91999816894531,116.58000183105469,116.58000183105469,147103.0,yahoo
PNB,5m,2026-09-11T11:30:00+05:30,116.62000274658203,116.6500015258789,116.54000091552734,116.5999984741211,28861.0,yahoo
PNB,5m,2026-09-11T11:35:00+05:30,116.61000061035156,116.6500015258789,116.5,116.5999984741211,50597.0,yahoo
PNB,5m,2026-09-11T11:40:00+05:30,116.58000183105469,116.91999816894531,116.58000183105469,116.87000274658203,234213.0,yahoo
PNB,5m,2026-09-11T11:45:00+05:30,116.88999938964844,116.98999786376953,116.8499984741211,116.94999694824219,206135.0,yahoo
PNB,5m,2026-09-11T11:50:00+05:30,116.9800033569336,116.9800033569336,116.7699966430664,116.87000274658203,153394.0,yahoo
PNB,5m,2026-09-11T11:55:00+05:30,116.8499984741211,116.87999725341797,116.76000213623047,116.7699966430664,29357.0,yahoo
PNB,5m,2026-09-11T12:00:00+05:30,116.7699966430664,116.83000183105469,116.69999694824219,116.79000091552734,59573.0,yahoo
PNB,5m,2026-09-11T12:05:00+05:30,116.79000091552734,116.8499984741211,116.79000091552734,116.8499984741211,20357.0,yahoo
PNB,5m,2026-09-11T12:10:00+05:30,116.80000305175781,116.8499984741211,116.6500015258789,116.73999786376953,76652.0,yahoo
PNB,5m,2026-09-11T12:15:00+05:30,116.70999908447266,116.80000305175781,116.6500015258789,116.80000305175781,38280.0,yahoo
PNB,5m,2026-09-11T12:20:00+05:30,116.79000091552734,116.80000305175781,116.70999908447266,116.80000305175781,62995.0,yahoo
PNB,5m,2026-09-11T12:25:00+05:30,116.8499984741211,116.8499984741211,116.72000122070312,116.75,29214.0,yahoo
PNB,5m,2026-09-11T12:30:00+05:30,116.75,116.80999755859375,116.73999786376953,116.80000305175781,44438.0,yahoo
PNB,5m,2026-09-11T12:35:00+05:30,116.83000183105469,116.98999786376953,116.83000183105469,116.91999816894531,142324.0,yahoo
PNB,5m,2026-09-11T12:40:00+05:30,116.9000015258789,116.98999786376953,116.83000183105469,116.93000030517578,86590.0,yahoo
PNB,5m,2026-09-11T12:45:00+05:30,116.94999694824219,116.98999786376953,116.93000030517578,116.9800033569336,117057.0,yahoo
PNB,5m,2026-09-11T12:50:00+05:30,116.98999786376953,117.41999816894531,116.98999786376953,117.26000213623047,293875.0,yahoo
PNB,5m,2026-09-11T12:55:00+05:30,117.29000091552734,117.37999725341797,117.25,117.31999969482422,141976.0,yahoo
PNB,5m,2026-09-11T13:00:00+05:30,117.36000061035156,117.41999816894531,117.2699966430664,117.3499984741211,123079.0,yahoo
PNB,5m,2026-09-11T13:05:00+05:30,117.30999755859375,117.3499984741211,117.29000091552734,117.30000305175781,59571.0,yahoo
PNB,5m,2026-09-11T13:10:00+05:30,117.30000305175781,117.44999694824219,117.25,117.44999694824219,119432.0,yahoo
PNB,5m,2026-09-11T13:15:00+05:30,117.44000244140625,117.55000305175781,117.33000183105469,117.3499984741211,163121.0,yahoo
PNB,5m,2026-09-11T13:20:00+05:30,117.3499984741211,117.37999725341797,117.29000091552734,117.30999755859375,73819.0,yahoo
PNB,5m,2026-09-11T13:25:00+05:30,117.30999755859375,117.38999938964844,117.26000213623047,117.37000274658203,81094.0,yahoo
PNB,5m,2026-09-11T13:30:00+05:30,117.4000015258789,117.41999816894531,117.33999633789062,117.37999725341797,43375.0,yahoo
PNB,5m,2026-09-11T13:35:00+05:30,117.37999725341797,117.37999725341797,117.26000213623047,117.26000213623047,176594.0,yahoo
PNB,5m,2026-09-11T13:40:00+05:30,117.25,117.29000091552734,117.08999633789062,117.25,123404.0,yahoo
PNB,5m,2026-09-11T13:45:00+05:30,117.2300033569336,117.3499984741211,117.16999816894531,117.27999877929688,64646.0,yahoo
PNB,5m,2026-09-11T13:50:00+05:30,117.29000091552734,117.44999694824219,117.18000030517578,117.33000183105469,131515.0,yahoo
PNB,5m,2026-09-11T13:55:00+05:30,117.31999969482422,117.4000015258789,117.26000213623047,117.2699966430664,50321.0,yahoo
PNB,5m,2026-09-11T14:00:00+05:30,117.19999694824219,117.3499984741211,117.19999694824219,117.27999877929688,122362.0,yahoo
PNB,5m,2026-09-11T14:05:00+05:30,117.30000305175781,117.3499984741211,117.20999908447266,117.30000305175781,56097.0,yahoo
PNB,5m,2026-09-11T14:10:00+05:30,117.29000091552734,117.37000274658203,117.2699966430664,117.37000274658203,54670.0,yahoo
PNB,5m,2026-09-11T14:15:00+05:30,117.37000274658203,117.5,117.37000274658203,117.41999816894531,172744.0,yahoo
PNB,5m,2026-09-11T14:20:00+05:30,117.41999816894531,117.5199966430664,117.3499984741211,117.45999908447266,237190.0,yahoo
PNB,5m,2026-09-11T14:25:00+05:30,117.43000030517578,117.48999786376953,117.41000366210938,117.44999694824219,75320.0,yahoo
PNB,5m,2026-09-11T14:30:00+05:30,117.4800033569336,117.7699966430664,117.41000366210938,117.56999969482422,378248.0,yahoo
PNB,5m,2026-09-11T14:35:00+05:30,117.56999969482422,117.62999725341797,117.45999908447266,117.58000183105469,96835.0,yahoo
PNB,5m,2026-09-11T14:40:00+05:30,117.55999755859375,117.62999725341797,117.51000213623047,117.55000305175781,93853.0,yahoo
PNB,5m,2026-09-11T14:45:00+05:30,117.54000091552734,117.58999633789062,117.5199966430664,117.55000305175781,104304.0,yahoo
PNB,5m,2026-09-11T14:50:00+05:30,117.52999877929688,117.75,117.51000213623047,117.69999694824219,293292.0,yahoo
PNB,5m,2026-09-11T14:55:00+05:30,117.70999908447266,117.75,117.66000366210938,117.68000030517578,124398.0,yahoo
PNB,5m,2026-09-11T15:00:00+05:30,117.72000122070312,117.72000122070312,117.5,117.5,479946.0,yahoo
PNB,5m,2026-09-11T15:05:00+05:30,117.5,117.55000305175781,117.41999816894531,117.44000244140625,510316.0,yahoo
PNB,5m,2026-09-11T15:10:00+05:30,117.45999908447266,117.51000213623047,117.30000305175781,117.3499984741211,520372.0,yahoo
PNB,5m,2026-09-11T15:15:00+05:30,117.38999938964844,117.38999938964844,116.75,116.75,450658.0,yahoo
POWERGRID,5m,2026-09-11T09:15:00+05:30,269.8500061035156,273.04998779296875,269.8500061035156,272.25,0.0,yahoo
POWERGRID,5m,2026-09-11T09:20:00+05:30,272.1499938964844,273.8500061035156,272.1000061035156,273.20001220703125,486932.0,yahoo
POWERGRID,5m,2026-09-11T09:25:00+05:30,273.1499938964844,273.45001220703125,271.25,271.25,250583.0,yahoo
POWERGRID,5m,2026-09-11T09:30:00+05:30,271.25,271.8500061035156,270.54998779296875,271.6499938964844,253146.0,yahoo
POWERGRID,5m,2026-09-11T09:35:00+05:30,271.6000061035156,271.70001220703125,270.95001220703125,271.1499938964844,473711.0,yahoo
POWERGRID,5m,2026-09-11T09:40:00+05:30,271.25,271.25,270.79998779296875,271.1000061035156,84452.0,yahoo
POWERGRID,5m,2026-09-11T09:45:00+05:30,271.1000061035156,271.1000061035156,270.79998779296875,270.95001220703125,48154.0,yahoo
POWERGRID,5m,2026-09-11T09:50:00+05:30,270.95001220703125,271.6499938964844,270.8500061035156,271.6499938964844,243946.0,yahoo
POWERGRID,5m,2026-09-11T09:55:00+05:30,271.6499938964844,271.70001220703125,271.20001220703125,271.20001220703125,77885.0,yahoo
POWERGRID,5m,2026-09-11T10:00:00+05:30,271.20001220703125,271.3500061035156,270.20001220703125,270.20001220703125,314082.0,yahoo
POWERGRID,5m,2026-09-11T10:05:00+05:30,270.1499938964844,270.54998779296875,270.1499938964844,270.5,90275.0,yahoo
POWERGRID,5m,2026-09-11T10:10:00+05:30,270.45001220703125,270.45001220703125,269.8999938964844,270.1499938964844,85923.0,yahoo
POWERGRID,5m,2026-09-11T10:15:00+05:30,270.20001220703125,270.20001220703125,269.75,269.79998779296875,49198.0,yahoo
POWERGRID,5m,2026-09-11T10:20:00+05:30,269.79998779296875,269.95001220703125,268.8999938964844,269.1499938964844,1079466.0,yahoo
POWERGRID,5m,2026-09-11T10:25:00+05:30,269.20001220703125,269.29998779296875,269.0,269.25,40333.0,yahoo
POWERGRID,5m,2026-09-11T10:30:00+05:30,269.3500061035156,269.5,269.1000061035156,269.5,38373.0,yahoo
POWERGRID,5m,2026-09-11T10:35:00+05:30,269.54998779296875,269.6000061035156,269.04998779296875,269.1499938964844,28070.0,yahoo
POWERGRID,5m,2026-09-11T10:40:00+05:30,269.1499938964844,269.6000061035156,269.1000061035156,269.5,39425.0,yahoo
POWERGRID,5m,2026-09-11T10:45:00+05:30,269.5,269.54998779296875,269.3999938964844,269.45001220703125,27831.0,yahoo
POWERGRID,5m,2026-09-11T10:50:00+05:30,269.45001220703125,269.5,269.3999938964844,269.45001220703125,39400.0,yahoo
POWERGRID,5m,2026-09-11T10:55:00+05:30,269.5,269.70001220703125,269.29998779296875,269.3999938964844,45734.0,yahoo
POWERGRID,5m,2026-09-11T11:00:00+05:30,269.45001220703125,269.6000061035156,269.3999938964844,269.3999938964844,24421.0,yahoo
POWERGRID,5m,2026-09-11T11:05:00+05:30,269.45001220703125,269.75,269.3999938964844,269.6000061035156,34907.0,yahoo
POWERGRID,5m,2026-09-11T11:10:00+05:30,269.6000061035156,269.70001220703125,269.3999938964844,269.70001220703125,28971.0,yahoo
POWERGRID,5m,2026-09-11T11:15:00+05:30,269.6499938964844,269.75,269.6000061035156,269.6000061035156,24854.0,yahoo
POWERGRID,5m,2026-09-11T11:20:00+05:30,269.6499938964844,269.75,269.54998779296875,269.6000061035156,28285.0,yahoo
POWERGRID,5m,2026-09-11T11:25:00+05:30,269.6000061035156,269.6000061035156,269.5,269.5,52346.0,yahoo
POWERGRID,5m,2026-09-11T11:30:00+05:30,269.6000061035156,269.75,269.54998779296875,269.54998779296875,79719.0,yahoo
POWERGRID,5m,2026-09-11T11:35:00+05:30,269.6000061035156,269.8500061035156,269.54998779296875,269.6000061035156,232457.0,yahoo
POWERGRID,5m,2026-09-11T11:40:00+05:30,269.6000061035156,269.70001220703125,269.54998779296875,269.6499938964844,22339.0,yahoo
POWERGRID,5m,2026-09-11T11:45:00+05:30,269.70001220703125,269.70001220703125,269.3999938964844,269.45001220703125,58648.0,yahoo
POWERGRID,5m,2026-09-11T11:50:00+05:30,269.45001220703125,269.75,269.3999938964844,269.70001220703125,43255.0,yahoo
POWERGRID,5m,2026-09-11T11:55:00+05:30,269.70001220703125,270.0,269.6499938964844,269.79998779296875,432899.0,yahoo
POWERGRID,5m,2026-09-11T12:00:00+05:30,269.95001220703125,269.95001220703125,269.6499938964844,269.6499938964844,28280.0,yahoo
POWERGRID,5m,2026-09-11T12:05:00+05:30,269.79998779296875,269.8500061035156,269.6000061035156,269.75,20769.0,yahoo
POWERGRID,5m,2026-09-11T12:10:00+05:30,269.75,269.75,269.5,269.5,22002.0,yahoo
POWERGRID,5m,2026-09-11T12:15:00+05:30,269.6000061035156,269.6000061035156,269.1499938964844,269.29998779296875,25330.0,yahoo
POWERGRID,5m,2026-09-11T12:20:00+05:30,269.29998779296875,269.79998779296875,269.1000061035156,269.6000061035156,475769.0,yahoo
POWERGRID,5m,2026-09-11T12:25:00+05:30,269.70001220703125,269.75,269.25,269.3999938964844,32405.0,yahoo
POWERGRID,5m,2026-09-11T12:30:00+05:30,269.5,269.54998779296875,269.1499938964844,269.1499938964844,29104.0,yahoo
POWERGRID,5m,2026-09-11T12:35:00+05:30,269.20001220703125,269.25,268.79998779296875,268.79998779296875,104253.0,yahoo
POWERGRID,5m,2026-09-11T12:40:00+05:30,268.95001220703125,268.95001220703125,268.6499938964844,268.70001220703125,28190.0,yahoo
POWERGRID,5m,2026-09-11T12:45:00+05:30,268.8500061035156,269.04998779296875,268.6000061035156,268.79998779296875,361650.0,yahoo
POWERGRID,5m,2026-09-11T12:50:00+05:30,268.95001220703125,268.95001220703125,268.6499938964844,268.79998779296875,20496.0,yahoo
POWERGRID,5m,2026-09-11T12:55:00+05:30,268.79998779296875,269.1000061035156,268.6499938964844,268.95001220703125,33507.0,yahoo
POWERGRID,5m,2026-09-11T13:00:00+05:30,268.95001220703125,268.95001220703125,268.6499938964844,268.75,19621.0,yahoo
POWERGRID,5m,2026-09-11T13:05:00+05:30,268.75,268.79998779296875,268.6499938964844,268.70001220703125,21561.0,yahoo
POWERGRID,5m,2026-09-11T13:10:00+05:30,268.70001220703125,268.95001220703125,268.70001220703125,268.8999938964844,17901.0,yahoo
POWERGRID,5m,2026-09-11T13:15:00+05:30,268.8999938964844,269.20001220703125,268.75,268.95001220703125,67814.0,yahoo
POWERGRID,5m,2026-09-11T13:20:00+05:30,268.8999938964844,269.1000061035156,268.79998779296875,269.0,26395.0,yahoo
POWERGRID,5m,2026-09-11T13:25:00+05:30,269.1000061035156,269.75,268.95001220703125,269.20001220703125,506823.0,yahoo
POWERGRID,5m,2026-09-11T13:30:00+05:30,269.25,269.29998779296875,269.04998779296875,269.1499938964844,40346.0,yahoo
POWERGRID,5m,2026-09-11T13:35:00+05:30,269.04998779296875,269.1499938964844,269.0,269.04998779296875,71267.0,yahoo
POWERGRID,5m,2026-09-11T13:40:00+05:30,269.1000061035156,269.1000061035156,268.3500061035156,269.0,190519.0,yahoo
POWERGRID,5m,2026-09-11T13:45:00+05:30,268.79998779296875,269.0,268.5,268.70001220703125,104661.0,yahoo
POWERGRID,5m,2026-09-11T13:50:00+05:30,268.6499938964844,268.75,268.3999938964844,268.5,52175.0,yahoo
POWERGRID,5m,2026-09-11T13:55:00+05:30,268.5,268.79998779296875,268.45001220703125,268.6000061035156,35260.0,yahoo
POWERGRID,5m,2026-09-11T14:00:00+05:30,268.54998779296875,268.8999938964844,268.3999938964844,268.79998779296875,45972.0,yahoo
POWERGRID,5m,2026-09-11T14:05:00+05:30,268.8999938964844,269.1499938964844,268.6499938964844,269.1000061035156,45487.0,yahoo
POWERGRID,5m,2026-09-11T14:10:00+05:30,269.04998779296875,269.04998779296875,268.75,268.75,40860.0,yahoo
POWERGRID,5m,2026-09-11T14:15:00+05:30,268.79998779296875,269.29998779296875,268.75,269.29998779296875,71443.0,yahoo
POWERGRID,5m,2026-09-11T14:20:00+05:30,269.29998779296875,269.5,269.25,269.5,69769.0,yahoo
POWERGRID,5m,2026-09-11T14:25:00+05:30,269.45001220703125,269.6000061035156,269.3500061035156,269.3999938964844,57306.0,yahoo
POWERGRID,5m,2026-09-11T14:30:00+05:30,269.5,269.8500061035156,269.45001220703125,269.6000061035156,59819.0,yahoo
POWERGRID,5m,2026-09-11T14:35:00+05:30,269.54998779296875,269.6000061035156,269.3500061035156,269.6000061035156,50042.0,yahoo
POWERGRID,5m,2026-09-11T14:40:00+05:30,269.79998779296875,269.95001220703125,269.5,269.75,100474.0,yahoo
POWERGRID,5m,2026-09-11T14:45:00+05:30,269.70001220703125,269.79998779296875,269.6000061035156,269.70001220703125,47941.0,yahoo
POWERGRID,5m,2026-09-11T14:50:00+05:30,269.70001220703125,269.70001220703125,269.45001220703125,269.6000061035156,677201.0,yahoo
POWERGRID,5m,2026-09-11T14:55:00+05:30,269.6000061035156,269.6000061035156,269.25,269.3500061035156,117343.0,yahoo
POWERGRID,5m,2026-09-11T15:00:00+05:30,269.5,269.5,268.8500061035156,268.8999938964844,1073683.0,yahoo
POWERGRID,5m,2026-09-11T15:05:00+05:30,268.95001220703125,269.1000061035156,268.8999938964844,269.0,244267.0,yahoo
POWERGRID,5m,2026-09-11T15:10:00+05:30,269.04998779296875,269.1499938964844,268.8500061035156,269.0,434074.0,yahoo
POWERGRID,5m,2026-09-11T15:15:00+05:30,269.0,269.1000061035156,269.0,269.1000061035156,563490.0,yahoo
RELIANCE,5m,2026-09-11T09:15:00+05:30,1265.300048828125,1266.4000244140625,1261.5,1264.0,0.0,yahoo
RELIANCE,5m,2026-09-11T09:20:00+05:30,1264.0,1264.5,1263.0,1263.300048828125,122698.0,yahoo
RELIANCE,5m,2026-09-11T09:25:00+05:30,1263.0999755859375,1263.5,1261.5999755859375,1262.300048828125,115364.0,yahoo
RELIANCE,5m,2026-09-11T09:30:00+05:30,1262.300048828125,1262.4000244140625,1259.0,1259.800048828125,296938.0,yahoo
RELIANCE,5m,2026-09-11T09:35:00+05:30,1259.9000244140625,1260.800048828125,1258.5,1259.4000244140625,155290.0,yahoo
RELIANCE,5m,2026-09-11T09:40:00+05:30,1259.5,1260.0,1258.699951171875,1259.199951171875,108648.0,yahoo
RELIANCE,5m,2026-09-11T09:45:00+05:30,1259.199951171875,1260.0999755859375,1259.199951171875,1259.9000244140625,136123.0,yahoo
RELIANCE,5m,2026-09-11T09:50:00+05:30,1259.9000244140625,1260.0,1259.4000244140625,1259.5,58969.0,yahoo
RELIANCE,5m,2026-09-11T09:55:00+05:30,1259.5,1260.0,1259.300048828125,1259.9000244140625,74436.0,yahoo
RELIANCE,5m,2026-09-11T10:00:00+05:30,1259.800048828125,1259.800048828125,1258.5,1259.5,86737.0,yahoo
RELIANCE,5m,2026-09-11T10:05:00+05:30,1259.0,1259.800048828125,1258.5,1258.699951171875,104348.0,yahoo
RELIANCE,5m,2026-09-11T10:10:00+05:30,1259.199951171875,1260.0,1259.0,1259.699951171875,52043.0,yahoo
RELIANCE,5m,2026-09-11T10:15:00+05:30,1259.699951171875,1259.699951171875,1258.5,1258.5,99681.0,yahoo
RELIANCE,5m,2026-09-11T10:20:00+05:30,1258.699951171875,1259.300048828125,1256.800048828125,1258.4000244140625,163363.0,yahoo
RELIANCE,5m,2026-09-11T10:25:00+05:30,1258.4000244140625,1258.5999755859375,1256.5,1256.699951171875,78505.0,yahoo
RELIANCE,5m,2026-09-11T10:30:00+05:30,1256.699951171875,1257.199951171875,1255.5,1256.9000244140625,217939.0,yahoo
RELIANCE,5m,2026-09-11T10:35:00+05:30,1256.9000244140625,1257.300048828125,1256.4000244140625,1256.699951171875,47313.0,yahoo
RELIANCE,5m,2026-09-11T10:40:00+05:30,1256.5999755859375,1256.9000244140625,1254.0999755859375,1255.0,246247.0,yahoo
RELIANCE,5m,2026-09-11T10:45:00+05:30,1255.0,1255.199951171875,1254.199951171875,1254.9000244140625,158805.0,yahoo
RELIANCE,5m,2026-09-11T10:50:00+05:30,1254.5999755859375,1254.800048828125,1253.300048828125,1254.300048828125,137882.0,yahoo
RELIANCE,5m,2026-09-11T10:55:00+05:30,1254.5999755859375,1254.800048828125,1254.300048828125,1254.5,45283.0,yahoo
RELIANCE,5m,2026-09-11T11:00:00+05:30,1254.5,1255.5999755859375,1254.5,1255.0,66527.0,yahoo
RELIANCE,5m,2026-09-11T11:05:00+05:30,1255.0,1256.0,1255.0,1255.300048828125,53699.0,yahoo
RELIANCE,5m,2026-09-11T11:10:00+05:30,1255.300048828125,1257.4000244140625,1255.0,1257.0999755859375,68688.0,yahoo
RELIANCE,5m,2026-09-11T11:15:00+05:30,1257.0,1257.5,1256.199951171875,1257.0,132594.0,yahoo
RELIANCE,5m,2026-09-11T11:20:00+05:30,1257.0999755859375,1258.0999755859375,1256.5,1257.800048828125,63778.0,yahoo
RELIANCE,5m,2026-09-11T11:25:00+05:30,1257.5999755859375,1258.5999755859375,1257.5,1258.300048828125,147907.0,yahoo
RELIANCE,5m,2026-09-11T11:30:00+05:30,1258.300048828125,1258.300048828125,1257.699951171875,1258.0,27649.0,yahoo
RELIANCE,5m,2026-09-11T11:35:00+05:30,1258.0,1259.4000244140625,1257.800048828125,1258.800048828125,45160.0,yahoo
RELIANCE,5m,2026-09-11T11:40:00+05:30,1258.800048828125,1259.199951171875,1258.4000244140625,1259.0,55608.0,yahoo
RELIANCE,5m,2026-09-11T11:45:00+05:30,1259.199951171875,1261.0,1258.199951171875,1258.5999755859375,189647.0,yahoo
RELIANCE,5m,2026-09-11T11:50:00+05:30,1258.5999755859375,1258.800048828125,1257.800048828125,1258.300048828125,42816.0,yahoo
RELIANCE,5m,2026-09-11T11:55:00+05:30,1258.300048828125,1258.800048828125,1257.800048828125,1258.800048828125,44237.0,yahoo
RELIANCE,5m,2026-09-11T12:00:00+05:30,1258.800048828125,1258.800048828125,1258.0999755859375,1258.5999755859375,36078.0,yahoo
RELIANCE,5m,2026-09-11T12:05:00+05:30,1258.5999755859375,1259.699951171875,1258.5,1258.699951171875,44856.0,yahoo
RELIANCE,5m,2026-09-11T12:10:00+05:30,1258.699951171875,1258.699951171875,1256.9000244140625,1257.800048828125,56652.0,yahoo
RELIANCE,5m,2026-09-11T12:15:00+05:30,1257.800048828125,1258.5,1257.5999755859375,1258.4000244140625,31580.0,yahoo
RELIANCE,5m,2026-09-11T12:20:00+05:30,1258.300048828125,1258.4000244140625,1257.300048828125,1258.0,31962.0,yahoo
RELIANCE,5m,2026-09-11T12:25:00+05:30,1257.9000244140625,1258.199951171875,1257.199951171875,1257.699951171875,69886.0,yahoo
RELIANCE,5m,2026-09-11T12:30:00+05:30,1257.5999755859375,1258.300048828125,1257.0999755859375,1257.300048828125,45648.0,yahoo
RELIANCE,5m,2026-09-11T12:35:00+05:30,1257.300048828125,1257.5,1256.5999755859375,1257.5,61331.0,yahoo
RELIANCE,5m,2026-09-11T12:40:00+05:30,1257.5,1258.0,1256.699951171875,1257.4000244140625,46551.0,yahoo
RELIANCE,5m,2026-09-11T12:45:00+05:30,1257.4000244140625,1257.800048828125,1256.0999755859375,1257.300048828125,71767.0,yahoo
RELIANCE,5m,2026-09-11T12:50:00+05:30,1257.199951171875,1257.800048828125,1257.0,1257.800048828125,31352.0,yahoo
RELIANCE,5m,2026-09-11T12:55:00+05:30,1257.5999755859375,1258.199951171875,1257.199951171875,1257.4000244140625,74428.0,yahoo
RELIANCE,5m,2026-09-11T13:00:00+05:30,1257.4000244140625,1257.5,1256.0999755859375,1256.199951171875,74200.0,yahoo
RELIANCE,5m,2026-09-11T13:05:00+05:30,1256.0999755859375,1256.699951171875,1255.199951171875,1255.5999755859375,93987.0,yahoo
RELIANCE,5m,2026-09-11T13:10:00+05:30,1255.5999755859375,1256.0,1255.0999755859375,1255.800048828125,72010.0,yahoo
RELIANCE,5m,2026-09-11T13:15:00+05:30,1255.699951171875,1255.800048828125,1255.0,1255.199951171875,81997.0,yahoo
RELIANCE,5m,2026-09-11T13:20:00+05:30,1255.199951171875,1255.5,1254.800048828125,1255.300048828125,88893.0,yahoo
RELIANCE,5m,2026-09-11T13:25:00+05:30,1255.300048828125,1255.5999755859375,1255.0,1255.199951171875,134654.0,yahoo
RELIANCE,5m,2026-09-11T13:30:00+05:30,1255.300048828125,1256.0,1254.9000244140625,1255.699951171875,122680.0,yahoo
RELIANCE,5m,2026-09-11T13:35:00+05:30,1255.699951171875,1256.5,1255.0,1255.699951171875,159641.0,yahoo
RELIANCE,5m,2026-09-11T13:40:00+05:30,1255.699951171875,1257.300048828125,1255.5,1256.0999755859375,141444.0,yahoo
RELIANCE,5m,2026-09-11T13:45:00+05:30,1256.199951171875,1256.4000244140625,1255.199951171875,1255.800048828125,56754.0,yahoo
RELIANCE,5m,2026-09-11T13:50:00+05:30,1255.800048828125,1258.5999755859375,1255.5,1257.5999755859375,172143.0,yahoo
RELIANCE,5m,2026-09-11T13:55:00+05:30,1258.0999755859375,1259.5,1257.5,1259.300048828125,159230.0,yahoo
RELIANCE,5m,2026-09-11T14:00:00+05:30,1259.0999755859375,1263.9000244140625,1259.0999755859375,1263.0,253401.0,yahoo
RELIANCE,5m,2026-09-11T14:05:00+05:30,1263.4000244140625,1263.4000244140625,1261.300048828125,1263.0999755859375,159688.0,yahoo
RELIANCE,5m,2026-09-11T14:10:00+05:30,1263.199951171875,1263.800048828125,1262.0999755859375,1262.800048828125,97229.0,yahoo
RELIANCE,5m,2026-09-11T14:15:00+05:30,1262.800048828125,1263.5,1262.0999755859375,1263.0,67529.0,yahoo
RELIANCE,5m,2026-09-11T14:20:00+05:30,1263.300048828125,1264.0,1263.0,1264.0,84993.0,yahoo
RELIANCE,5m,2026-09-11T14:25:00+05:30,1263.699951171875,1265.4000244140625,1263.0999755859375,1265.199951171875,164792.0,yahoo
RELIANCE,5m,2026-09-11T14:30:00+05:30,1265.199951171875,1265.5,1263.9000244140625,1264.0,92708.0,yahoo
RELIANCE,5m,2026-09-11T14:35:00+05:30,1264.4000244140625,1265.0,1263.199951171875,1263.9000244140625,101963.0,yahoo
RELIANCE,5m,2026-09-11T14:40:00+05:30,1264.0,1265.0,1263.4000244140625,1264.5999755859375,85561.0,yahoo
RELIANCE,5m,2026-09-11T14:45:00+05:30,1264.5999755859375,1264.800048828125,1263.0999755859375,1263.699951171875,99139.0,yahoo
RELIANCE,5m,2026-09-11T14:50:00+05:30,1263.699951171875,1263.9000244140625,1261.5,1261.5999755859375,286808.0,yahoo
RELIANCE,5m,2026-09-11T14:55:00+05:30,1261.699951171875,1263.0,1261.4000244140625,1263.0,116669.0,yahoo
RELIANCE,5m,2026-09-11T15:00:00+05:30,1263.0,1263.300048828125,1262.0,1262.0,107303.0,yahoo
RELIANCE,5m,2026-09-11T15:05:00+05:30,1262.0,1262.9000244140625,1261.199951171875,1262.9000244140625,139812.0,yahoo
RELIANCE,5m,2026-09-11T15:10:00+05:30,1262.9000244140625,1264.0,1262.0999755859375,1263.0,205902.0,yahoo
RELIANCE,5m,2026-09-11T15:15:00+05:30,1263.0,1263.0,1257.5,1257.5,842777.0,yahoo
SAIL,5m,2026-09-11T09:15:00+05:30,182.14999389648438,182.14999389648438,179.0,179.9600067138672,0.0,yahoo
SAIL,5m,2026-09-11T09:20:00+05:30,179.85000610351562,179.94000244140625,179.11000061035156,179.39999389648438,611988.0,yahoo
SAIL,5m,2026-09-11T09:25:00+05:30,179.52000427246094,179.9499969482422,179.44000244140625,179.7899932861328,244450.0,yahoo
SAIL,5m,2026-09-11T09:30:00+05:30,179.55999755859375,179.75,179.22000122070312,179.39999389648438,156866.0,yahoo
SAIL,5m,2026-09-11T09:35:00+05:30,179.39999389648438,179.4600067138672,178.8699951171875,178.9499969482422,194586.0,yahoo
SAIL,5m,2026-09-11T09:40:00+05:30,178.9499969482422,179.1300048828125,178.69000244140625,178.97000122070312,171230.0,yahoo
SAIL,5m,2026-09-11T09:45:00+05:30,178.9600067138672,179.3000030517578,178.89999389648438,179.10000610351562,106616.0,yahoo
SAIL,5m,2026-09-11T09:50:00+05:30,179.11000061035156,179.5,179.11000061035156,179.3699951171875,204640.0,yahoo
SAIL,5m,2026-09-11T09:55:00+05:30,179.32000732421875,179.83999633789062,178.85000610351562,179.72000122070312,182018.0,yahoo
SAIL,5m,2026-09-11T10:00:00+05:30,179.72000122070312,180.16000366210938,179.50999450683594,180.0,367926.0,yahoo
SAIL,5m,2026-09-11T10:05:00+05:30,180.00999450683594,180.3300018310547,180.00999450683594,180.14999389648438,144209.0,yahoo
SAIL,5m,2026-09-11T10:10:00+05:30,180.19000244140625,180.22000122070312,179.86000061035156,180.00999450683594,145593.0,yahoo
SAIL,5m,2026-09-11T10:15:00+05:30,180.02000427246094,180.10000610351562,179.75,179.83999633789062,108148.0,yahoo
SAIL,5m,2026-09-11T10:20:00+05:30,179.83999633789062,180.57000732421875,179.83999633789062,180.41000366210938,195550.0,yahoo
SAIL,5m,2026-09-11T10:25:00+05:30,180.39999389648438,180.44000244140625,180.16000366210938,180.39999389648438,56545.0,yahoo
SAIL,5m,2026-09-11T10:30:00+05:30,180.35000610351562,180.38999938964844,180.22999572753906,180.3000030517578,47592.0,yahoo
SAIL,5m,2026-09-11T10:35:00+05:30,180.3000030517578,180.5,180.3000030517578,180.3699951171875,40930.0,yahoo
SAIL,5m,2026-09-11T10:40:00+05:30,180.3699951171875,180.6999969482422,180.3000030517578,180.63999938964844,98595.0,yahoo
SAIL,5m,2026-09-11T10:45:00+05:30,180.67999267578125,180.69000244140625,180.52000427246094,180.5800018310547,47411.0,yahoo
SAIL,5m,2026-09-11T10:50:00+05:30,180.3699951171875,180.42999267578125,179.89999389648438,179.89999389648438,122319.0,yahoo
SAIL,5m,2026-09-11T10:55:00+05:30,179.89999389648438,179.99000549316406,179.67999267578125,179.67999267578125,65931.0,yahoo
SAIL,5m,2026-09-11T11:00:00+05:30,179.67999267578125,179.97999572753906,179.60000610351562,179.80999755859375,77964.0,yahoo
SAIL,5m,2026-09-11T11:05:00+05:30,179.82000732421875,179.94000244140625,179.6999969482422,179.86000061035156,75352.0,yahoo
SAIL,5m,2026-09-11T11:10:00+05:30,179.86000061035156,180.36000061035156,179.86000061035156,180.22999572753906,81162.0,yahoo
SAIL,5m,2026-09-11T11:15:00+05:30,180.22000122070312,180.77000427246094,180.11000061035156,180.4600067138672,142279.0,yahoo
SAIL,5m,2026-09-11T11:20:00+05:30,180.4600067138672,180.5,180.16000366210938,180.25,33663.0,yahoo
SAIL,5m,2026-09-11T11:25:00+05:30,180.3300018310547,180.3699951171875,180.0399932861328,180.07000732421875,43981.0,yahoo
SAIL,5m,2026-09-11T11:30:00+05:30,180.1300048828125,180.22000122070312,180.07000732421875,180.1300048828125,56999.0,yahoo
SAIL,5m,2026-09-11T11:35:00+05:30,180.13999938964844,180.1699981689453,179.9499969482422,179.9499969482422,62157.0,yahoo
SAIL,5m,2026-09-11T11:40:00+05:30,179.9499969482422,180.16000366210938,179.9499969482422,180.16000366210938,82120.0,yahoo
SAIL,5m,2026-09-11T11:45:00+05:30,180.25,180.32000732421875,179.97000122070312,180.02000427246094,18573.0,yahoo
SAIL,5m,2026-09-11T11:50:00+05:30,180.02000427246094,180.02000427246094,179.86000061035156,179.86000061035156,25365.0,yahoo
SAIL,5m,2026-09-11T11:55:00+05:30,179.89999389648438,179.92999267578125,179.83999633789062,179.86000061035156,35823.0,yahoo
SAIL,5m,2026-09-11T12:00:00+05:30,179.86000061035156,180.07000732421875,179.85000610351562,180.0399932861328,23014.0,yahoo
SAIL,5m,2026-09-11T12:05:00+05:30,180.00999450683594,180.24000549316406,179.94000244140625,180.13999938964844,43791.0,yahoo
SAIL,5m,2026-09-11T12:10:00+05:30,180.1300048828125,180.13999938964844,179.8800048828125,180.10000610351562,34962.0,yahoo
SAIL,5m,2026-09-11T12:15:00+05:30,180.08999633789062,180.08999633789062,179.8800048828125,180.02999877929688,25282.0,yahoo
SAIL,5m,2026-09-11T12:20:00+05:30,180.0,180.08999633789062,179.9199981689453,180.02000427246094,8662.0,yahoo
SAIL,5m,2026-09-11T12:25:00+05:30,180.00999450683594,180.60000610351562,179.9600067138672,180.52999877929688,93832.0,yahoo
SAIL,5m,2026-09-11T12:30:00+05:30,180.5500030517578,180.58999633789062,180.27000427246094,180.47999572753906,60099.0,yahoo
SAIL,5m,2026-09-11T12:35:00+05:30,180.5399932861328,180.58999633789062,180.4499969482422,180.5800018310547,31254.0,yahoo
SAIL,5m,2026-09-11T12:40:00+05:30,180.5399932861328,180.64999389648438,180.5,180.5399932861328,20123.0,yahoo
SAIL,5m,2026-09-11T12:45:00+05:30,180.5,180.52000427246094,180.19000244140625,180.3300018310547,65345.0,yahoo
SAIL,5m,2026-09-11T12:50:00+05:30,180.33999633789062,180.4499969482422,180.30999755859375,180.35000610351562,17336.0,yahoo
SAIL,5m,2026-09-11T12:55:00+05:30,180.35000610351562,180.5399932861328,180.35000610351562,180.52999877929688,47548.0,yahoo
SAIL,5m,2026-09-11T13:00:00+05:30,180.5399932861328,180.5399932861328,180.33999633789062,180.33999633789062,17463.0,yahoo
SAIL,5m,2026-09-11T13:05:00+05:30,180.33999633789062,180.33999633789062,180.11000061035156,180.16000366210938,45401.0,yahoo
SAIL,5m,2026-09-11T13:10:00+05:30,180.2100067138672,180.32000732421875,180.19000244140625,180.30999755859375,50314.0,yahoo
SAIL,5m,2026-09-11T13:15:00+05:30,180.25,180.38999938964844,180.24000549316406,180.3300018310547,26262.0,yahoo
SAIL,5m,2026-09-11T13:20:00+05:30,180.32000732421875,180.38999938964844,180.1999969482422,180.35000610351562,28975.0,yahoo
SAIL,5m,2026-09-11T13:25:00+05:30,180.27999877929688,180.4600067138672,180.17999267578125,180.35000610351562,161226.0,yahoo
SAIL,5m,2026-09-11T13:30:00+05:30,180.39999389648438,180.39999389648438,179.91000366210938,180.05999755859375,98478.0,yahoo
SAIL,5m,2026-09-11T13:35:00+05:30,180.05999755859375,180.11000061035156,179.91000366210938,179.97000122070312,46310.0,yahoo
SAIL,5m,2026-09-11T13:40:00+05:30,179.94000244140625,179.97999572753906,179.69000244140625,179.82000732421875,51739.0,yahoo
SAIL,5m,2026-09-11T13:45:00+05:30,179.8300018310547,179.92999267578125,179.75,179.7899932861328,28573.0,yahoo
SAIL,5m,2026-09-11T13:50:00+05:30,179.77000427246094,179.94000244140625,179.75,179.8699951171875,45271.0,yahoo
SAIL,5m,2026-09-11T13:55:00+05:30,179.85000610351562,180.30999755859375,179.85000610351562,180.22999572753906,85594.0,yahoo
SAIL,5m,2026-09-11T14:00:00+05:30,180.22999572753906,180.49000549316406,180.22999572753906,180.4499969482422,74803.0,yahoo
SAIL,5m,2026-09-11T14:05:00+05:30,180.5,180.5,180.3300018310547,180.3300018310547,53533.0,yahoo
SAIL,5m,2026-09-11T14:10:00+05:30,180.36000061035156,180.38999938964844,180.25,180.38999938964844,29647.0,yahoo
SAIL,5m,2026-09-11T14:15:00+05:30,180.3800048828125,180.3800048828125,180.07000732421875,180.24000549316406,117358.0,yahoo
SAIL,5m,2026-09-11T14:20:00+05:30,180.24000549316406,180.38999938964844,180.1999969482422,180.38999938964844,50320.0,yahoo
SAIL,5m,2026-09-11T14:25:00+05:30,180.4199981689453,180.4199981689453,180.14999389648438,180.22000122070312,75497.0,yahoo
SAIL,5m,2026-09-11T14:30:00+05:30,180.27000427246094,180.30999755859375,180.0399932861328,180.10000610351562,62287.0,yahoo
SAIL,5m,2026-09-11T14:35:00+05:30,180.0500030517578,180.16000366210938,179.9499969482422,180.00999450683594,68412.0,yahoo
SAIL,5m,2026-09-11T14:40:00+05:30,180.00999450683594,180.10000610351562,179.92999267578125,180.05999755859375,61280.0,yahoo
SAIL,5m,2026-09-11T14:45:00+05:30,180.02000427246094,180.08999633789062,179.7899932861328,179.80999755859375,115177.0,yahoo
SAIL,5m,2026-09-11T14:50:00+05:30,179.77999877929688,179.8300018310547,179.64999389648438,179.74000549316406,114328.0,yahoo
SAIL,5m,2026-09-11T14:55:00+05:30,179.75999450683594,179.85000610351562,179.74000549316406,179.75,114746.0,yahoo
SAIL,5m,2026-09-11T15:00:00+05:30,179.6999969482422,179.6999969482422,179.10000610351562,179.35000610351562,673862.0,yahoo
SAIL,5m,2026-09-11T15:05:00+05:30,179.32000732421875,179.5800018310547,179.25999450683594,179.52000427246094,264435.0,yahoo
SAIL,5m,2026-09-11T15:10:00+05:30,179.50999450683594,179.60000610351562,179.30999755859375,179.52999877929688,452428.0,yahoo
SAIL,5m,2026-09-11T15:15:00+05:30,179.52000427246094,179.52000427246094,179.0,179.0,328097.0,yahoo
SBILIFE,5m,2026-09-11T09:15:00+05:30,1686.699951171875,1686.699951171875,1674.0,1679.199951171875,0.0,yahoo
SBILIFE,5m,2026-09-11T09:20:00+05:30,1677.5,1679.0999755859375,1672.199951171875,1674.0,7480.0,yahoo
SBILIFE,5m,2026-09-11T09:25:00+05:30,1674.199951171875,1675.800048828125,1672.0999755859375,1673.5999755859375,8073.0,yahoo
SBILIFE,5m,2026-09-11T09:30:00+05:30,1673.5,1677.0,1671.800048828125,1676.800048828125,14218.0,yahoo
SBILIFE,5m,2026-09-11T09:35:00+05:30,1678.5999755859375,1682.0999755859375,1678.0,1679.199951171875,5532.0,yahoo
SBILIFE,5m,2026-09-11T09:40:00+05:30,1678.4000244140625,1679.699951171875,1677.199951171875,1679.0,2906.0,yahoo
SBILIFE,5m,2026-09-11T09:45:00+05:30,1679.0,1679.0,1678.0,1678.5,1220.0,yahoo
SBILIFE,5m,2026-09-11T09:50:00+05:30,1678.5,1679.800048828125,1678.5,1679.699951171875,1427.0,yahoo
SBILIFE,5m,2026-09-11T09:55:00+05:30,1679.699951171875,1681.800048828125,1679.0999755859375,1680.4000244140625,2988.0,yahoo
SBILIFE,5m,2026-09-11T10:00:00+05:30,1681.0999755859375,1681.9000244140625,1679.9000244140625,1681.4000244140625,2665.0,yahoo
SBILIFE,5m,2026-09-11T10:05:00+05:30,1681.4000244140625,1682.4000244140625,1680.300048828125,1682.4000244140625,1962.0,yahoo
SBILIFE,5m,2026-09-11T10:10:00+05:30,1682.4000244140625,1686.800048828125,1682.300048828125,1684.5999755859375,15072.0,yahoo
SBILIFE,5m,2026-09-11T10:15:00+05:30,1684.5,1687.0,1683.5999755859375,1685.0,5583.0,yahoo
SBILIFE,5m,2026-09-11T10:20:00+05:30,1685.4000244140625,1687.800048828125,1685.4000244140625,1686.5999755859375,2612.0,yahoo
SBILIFE,5m,2026-09-11T10:25:00+05:30,1686.5999755859375,1686.5999755859375,1684.4000244140625,1685.699951171875,1746.0,yahoo
SBILIFE,5m,2026-09-11T10:30:00+05:30,1685.699951171875,1686.300048828125,1684.699951171875,1686.0999755859375,1260.0,yahoo
SBILIFE,5m,2026-09-11T10:35:00+05:30,1686.0999755859375,1687.4000244140625,1685.699951171875,1686.0999755859375,1444.0,yahoo
SBILIFE,5m,2026-09-11T10:40:00+05:30,1686.800048828125,1689.0,1685.800048828125,1688.5999755859375,2142.0,yahoo
SBILIFE,5m,2026-09-11T10:45:00+05:30,1688.5999755859375,1690.0,1686.800048828125,1687.0999755859375,3530.0,yahoo
SBILIFE,5m,2026-09-11T10:50:00+05:30,1688.0,1688.0,1686.0999755859375,1686.800048828125,1478.0,yahoo
SBILIFE,5m,2026-09-11T10:55:00+05:30,1687.0999755859375,1687.4000244140625,1686.300048828125,1686.9000244140625,1198.0,yahoo
SBILIFE,5m,2026-09-11T11:00:00+05:30,1686.699951171875,1688.5,1686.0999755859375,1686.0999755859375,3670.0,yahoo
SBILIFE,5m,2026-09-11T11:05:00+05:30,1687.0,1689.5999755859375,1686.300048828125,1689.5999755859375,1408.0,yahoo
SBILIFE,5m,2026-09-11T11:10:00+05:30,1689.5999755859375,1692.800048828125,1688.800048828125,1692.699951171875,4417.0,yahoo
SBILIFE,5m,2026-09-11T11:15:00+05:30,1692.699951171875,1692.699951171875,1689.5,1690.699951171875,8567.0,yahoo
SBILIFE,5m,2026-09-11T11:20:00+05:30,1690.300048828125,1691.0,1689.5,1690.0,1531.0,yahoo
SBILIFE,5m,2026-09-11T11:25:00+05:30,1690.699951171875,1691.0,1689.0,1689.0,953.0,yahoo
SBILIFE,5m,2026-09-11T11:30:00+05:30,1689.5999755859375,1691.800048828125,1689.0,1691.0,5245.0,yahoo
SBILIFE,5m,2026-09-11T11:35:00+05:30,1691.300048828125,1691.300048828125,1691.0,1691.300048828125,1424.0,yahoo
SBILIFE,5m,2026-09-11T11:40:00+05:30,1691.5999755859375,1691.5999755859375,1688.5,1689.699951171875,7013.0,yahoo
SBILIFE,5m,2026-09-11T11:45:00+05:30,1690.5,1691.300048828125,1688.5999755859375,1689.0,1261.0,yahoo
SBILIFE,5m,2026-09-11T11:50:00+05:30,1688.9000244140625,1688.9000244140625,1687.0,1688.5999755859375,1746.0,yahoo
SBILIFE,5m,2026-09-11T11:55:00+05:30,1688.5,1689.0999755859375,1687.699951171875,1688.300048828125,1155.0,yahoo
SBILIFE,5m,2026-09-11T12:00:00+05:30,1688.5,1691.0999755859375,1687.5,1691.0999755859375,2188.0,yahoo
SBILIFE,5m,2026-09-11T12:05:00+05:30,1690.5999755859375,1691.0,1689.5999755859375,1690.800048828125,1387.0,yahoo
SBILIFE,5m,2026-09-11T12:10:00+05:30,1691.699951171875,1691.9000244140625,1688.4000244140625,1688.4000244140625,2491.0,yahoo
SBILIFE,5m,2026-09-11T12:15:00+05:30,1689.0999755859375,1689.800048828125,1688.5,1689.800048828125,1288.0,yahoo
SBILIFE,5m,2026-09-11T12:20:00+05:30,1689.699951171875,1689.699951171875,1687.300048828125,1688.5999755859375,4571.0,yahoo
SBILIFE,5m,2026-09-11T12:25:00+05:30,1689.300048828125,1689.800048828125,1688.4000244140625,1689.800048828125,1841.0,yahoo
SBILIFE,5m,2026-09-11T12:30:00+05:30,1689.699951171875,1690.300048828125,1689.199951171875,1690.0,1862.0,yahoo
SBILIFE,5m,2026-09-11T12:35:00+05:30,1690.0,1691.0999755859375,1689.800048828125,1690.9000244140625,1286.0,yahoo
SBILIFE,5m,2026-09-11T12:40:00+05:30,1690.9000244140625,1692.0,1689.300048828125,1689.300048828125,1288.0,yahoo
SBILIFE,5m,2026-09-11T12:45:00+05:30,1690.199951171875,1690.199951171875,1688.9000244140625,1689.4000244140625,2111.0,yahoo
SBILIFE,5m,2026-09-11T12:50:00+05:30,1689.4000244140625,1691.0,1689.0999755859375,1690.5999755859375,2778.0,yahoo
SBILIFE,5m,2026-09-11T12:55:00+05:30,1690.9000244140625,1691.199951171875,1689.800048828125,1690.9000244140625,1971.0,yahoo
SBILIFE,5m,2026-09-11T13:00:00+05:30,1690.9000244140625,1692.0,1689.800048828125,1691.0,1368.0,yahoo
SBILIFE,5m,2026-09-11T13:05:00+05:30,1690.300048828125,1690.300048828125,1687.5999755859375,1689.300048828125,2606.0,yahoo
SBILIFE,5m,2026-09-11T13:10:00+05:30,1689.699951171875,1690.5999755859375,1689.0999755859375,1689.0999755859375,1805.0,yahoo
SBILIFE,5m,2026-09-11T13:15:00+05:30,1689.9000244140625,1691.5,1688.4000244140625,1691.5,2318.0,yahoo
SBILIFE,5m,2026-09-11T13:20:00+05:30,1691.4000244140625,1693.0,1690.5999755859375,1692.800048828125,1229.0,yahoo
SBILIFE,5m,2026-09-11T13:25:00+05:30,1692.800048828125,1694.4000244140625,1692.800048828125,1694.0,2390.0,yahoo
SBILIFE,5m,2026-09-11T13:30:00+05:30,1694.4000244140625,1694.699951171875,1692.5999755859375,1693.199951171875,2065.0,yahoo
SBILIFE,5m,2026-09-11T13:35:00+05:30,1693.0999755859375,1693.199951171875,1691.9000244140625,1692.0,3123.0,yahoo
SBILIFE,5m,2026-09-11T13:40:00+05:30,1692.300048828125,1692.4000244140625,1689.9000244140625,1691.9000244140625,5458.0,yahoo
SBILIFE,5m,2026-09-11T13:45:00+05:30,1691.9000244140625,1691.9000244140625,1690.699951171875,1691.4000244140625,1657.0,yahoo
SBILIFE,5m,2026-09-11T13:50:00+05:30,1691.699951171875,1693.0,1690.199951171875,1690.199951171875,1547.0,yahoo
SBILIFE,5m,2026-09-11T13:55:00+05:30,1691.199951171875,1693.0999755859375,1691.199951171875,1691.9000244140625,4328.0,yahoo
SBILIFE,5m,2026-09-11T14:00:00+05:30,1691.9000244140625,1694.5,1691.699951171875,1692.5999755859375,6733.0,yahoo
SBILIFE,5m,2026-09-11T14:05:00+05:30,1692.0,1692.699951171875,1690.699951171875,1692.0,2681.0,yahoo
SBILIFE,5m,2026-09-11T14:10:00+05:30,1692.300048828125,1693.300048828125,1691.199951171875,1691.300048828125,2056.0,yahoo
SBILIFE,5m,2026-09-11T14:15:00+05:30,1691.699951171875,1694.5999755859375,1690.5999755859375,1694.300048828125,2490.0,yahoo
SBILIFE,5m,2026-09-11T14:20:00+05:30,1694.0,1694.300048828125,1692.9000244140625,1693.800048828125,1452.0,yahoo
SBILIFE,5m,2026-09-11T14:25:00+05:30,1694.0,1694.9000244140625,1693.0999755859375,1694.0,2333.0,yahoo
SBILIFE,5m,2026-09-11T14:30:00+05:30,1693.9000244140625,1696.5,1693.9000244140625,1696.0,6775.0,yahoo
SBILIFE,5m,2026-09-11T14:35:00+05:30,1695.300048828125,1695.300048828125,1693.5999755859375,1694.699951171875,2832.0,yahoo
SBILIFE,5m,2026-09-11T14:40:00+05:30,1695.0,1695.0,1693.0,1693.4000244140625,3359.0,yahoo
SBILIFE,5m,2026-09-11T14:45:00+05:30,1693.5,1693.5,1690.9000244140625,1692.4000244140625,5370.0,yahoo
SBILIFE,5m,2026-09-11T14:50:00+05:30,1692.5,1693.199951171875,1691.5,1692.4000244140625,4947.0,yahoo
SBILIFE,5m,2026-09-11T14:55:00+05:30,1692.4000244140625,1694.699951171875,1691.4000244140625,1694.699951171875,5434.0,yahoo
SBILIFE,5m,2026-09-11T15:00:00+05:30,1693.800048828125,1694.5,1691.800048828125,1692.0999755859375,11660.0,yahoo
SBILIFE,5m,2026-09-11T15:05:00+05:30,1692.0999755859375,1692.4000244140625,1690.300048828125,1692.0999755859375,9754.0,yahoo
SBILIFE,5m,2026-09-11T15:10:00+05:30,1692.300048828125,1697.699951171875,1690.800048828125,1696.0999755859375,18201.0,yahoo
SBILIFE,5m,2026-09-11T15:15:00+05:30,1692.0,1692.0,1684.699951171875,1684.699951171875,32478.0,yahoo
SBIN,5m,2026-09-11T09:15:00+05:30,999.7999877929688,999.7999877929688,994.4000244140625,995.5,0.0,yahoo
SBIN,5m,2026-09-11T09:20:00+05:30,994.5999755859375,998.0,993.2999877929688,998.0,167539.0,yahoo
SBIN,5m,2026-09-11T09:25:00+05:30,998.0,1001.0,997.7999877929688,999.0,121198.0,yahoo
SBIN,5m,2026-09-11T09:30:00+05:30,999.0999755859375,999.2000122070312,997.2000122070312,997.9000244140625,108075.0,yahoo
SBIN,5m,2026-09-11T09:35:00+05:30,998.0999755859375,998.7999877929688,997.0999755859375,998.5999755859375,58731.0,yahoo
SBIN,5m,2026-09-11T09:40:00+05:30,998.5,999.5999755859375,998.0,999.0999755859375,62015.0,yahoo
SBIN,5m,2026-09-11T09:45:00+05:30,999.0,999.2000122070312,998.2999877929688,999.0999755859375,72552.0,yahoo
SBIN,5m,2026-09-11T09:50:00+05:30,999.0999755859375,999.4000244140625,996.2000122070312,997.2000122070312,119331.0,yahoo
SBIN,5m,2026-09-11T09:55:00+05:30,997.0999755859375,998.0,996.5,997.5,55593.0,yahoo
SBIN,5m,2026-09-11T10:00:00+05:30,997.5,998.5,997.0,998.0999755859375,66942.0,yahoo
SBIN,5m,2026-09-11T10:05:00+05:30,998.2999877929688,998.7000122070312,997.9000244140625,998.7000122070312,43228.0,yahoo
SBIN,5m,2026-09-11T10:10:00+05:30,998.7000122070312,998.7000122070312,997.7000122070312,998.7000122070312,43814.0,yahoo
SBIN,5m,2026-09-11T10:15:00+05:30,998.5999755859375,998.5999755859375,997.0999755859375,997.2999877929688,68040.0,yahoo
SBIN,5m,2026-09-11T10:20:00+05:30,997.4000244140625,998.5999755859375,997.2999877929688,997.7000122070312,47365.0,yahoo
SBIN,5m,2026-09-11T10:25:00+05:30,997.7000122070312,997.7000122070312,995.5999755859375,995.5999755859375,112432.0,yahoo
SBIN,5m,2026-09-11T10:30:00+05:30,995.5999755859375,996.0,995.2000122070312,995.5,83370.0,yahoo
SBIN,5m,2026-09-11T10:35:00+05:30,995.5,996.0,995.0999755859375,995.5,58015.0,yahoo
SBIN,5m,2026-09-11T10:40:00+05:30,995.7000122070312,995.7000122070312,994.5999755859375,995.0999755859375,98056.0,yahoo
SBIN,5m,2026-09-11T10:45:00+05:30,995.0999755859375,995.9000244140625,994.7000122070312,994.7999877929688,46402.0,yahoo
SBIN,5m,2026-09-11T10:50:00+05:30,994.7999877929688,994.7999877929688,993.5,993.9000244140625,127396.0,yahoo
SBIN,5m,2026-09-11T10:55:00+05:30,993.9000244140625,994.5,993.4000244140625,994.4000244140625,51056.0,yahoo
SBIN,5m,2026-09-11T11:00:00+05:30,994.4000244140625,994.9000244140625,994.2000122070312,994.4000244140625,37925.0,yahoo
SBIN,5m,2026-09-11T11:05:00+05:30,994.4000244140625,995.0,994.0999755859375,994.5999755859375,47140.0,yahoo
SBIN,5m,2026-09-11T11:10:00+05:30,994.5,998.2000122070312,994.5,997.7999877929688,190815.0,yahoo
SBIN,5m,2026-09-11T11:15:00+05:30,997.7999877929688,999.0,996.4000244140625,998.0,115195.0,yahoo
SBIN,5m,2026-09-11T11:20:00+05:30,998.2000122070312,998.7999877929688,997.0999755859375,998.7999877929688,41443.0,yahoo
SBIN,5m,2026-09-11T11:25:00+05:30,998.7999877929688,998.7999877929688,997.2000122070312,997.4000244140625,43153.0,yahoo
SBIN,5m,2026-09-11T11:30:00+05:30,997.4000244140625,997.4000244140625,996.7999877929688,997.4000244140625,48069.0,yahoo
SBIN,5m,2026-09-11T11:35:00+05:30,997.2000122070312,997.2999877929688,995.9000244140625,995.9000244140625,59661.0,yahoo
SBIN,5m,2026-09-11T11:40:00+05:30,995.9000244140625,997.0,995.7000122070312,996.7999877929688,40070.0,yahoo
SBIN,5m,2026-09-11T11:45:00+05:30,996.9000244140625,997.2000122070312,996.2000122070312,996.2999877929688,35760.0,yahoo
SBIN,5m,2026-09-11T11:50:00+05:30,996.2000122070312,996.5,995.4000244140625,995.7999877929688,72007.0,yahoo
SBIN,5m,2026-09-11T11:55:00+05:30,995.5,996.7999877929688,995.5,996.5999755859375,39969.0,yahoo
SBIN,5m,2026-09-11T12:00:00+05:30,996.7000122070312,996.9000244140625,995.7999877929688,995.7999877929688,37439.0,yahoo
SBIN,5m,2026-09-11T12:05:00+05:30,996.0,996.9000244140625,995.7999877929688,996.7000122070312,37148.0,yahoo
SBIN,5m,2026-09-11T12:10:00+05:30,996.5,996.5,995.2999877929688,996.0,44198.0,yahoo
SBIN,5m,2026-09-11T12:15:00+05:30,996.2999877929688,997.5,995.7000122070312,997.2000122070312,38929.0,yahoo
SBIN,5m,2026-09-11T12:20:00+05:30,997.4000244140625,999.4000244140625,996.9000244140625,999.2999877929688,96072.0,yahoo
SBIN,5m,2026-09-11T12:25:00+05:30,999.4000244140625,999.5,998.2000122070312,998.7000122070312,69449.0,yahoo
SBIN,5m,2026-09-11T12:30:00+05:30,998.5999755859375,999.2000122070312,997.9000244140625,997.9000244140625,117252.0,yahoo
SBIN,5m,2026-09-11T12:35:00+05:30,998.0,1000.5,997.7000122070312,999.0,209494.0,yahoo
SBIN,5m,2026-09-11T12:40:00+05:30,999.0,1000.7000122070312,999.0,999.7000122070312,67294.0,yahoo
SBIN,5m,2026-09-11T12:45:00+05:30,999.7999877929688,1000.2000122070312,999.0999755859375,1000.0999755859375,47166.0,yahoo
SBIN,5m,2026-09-11T12:50:00+05:30,1000.2000122070312,1001.7999877929688,999.7999877929688,1001.0,84928.0,yahoo
SBIN,5m,2026-09-11T12:55:00+05:30,1001.2000122070312,1001.7999877929688,1000.7000122070312,1000.9000244140625,69494.0,yahoo
SBIN,5m,2026-09-11T13:00:00+05:30,1000.9000244140625,1001.0999755859375,999.5,999.5,47702.0,yahoo
SBIN,5m,2026-09-11T13:05:00+05:30,999.5,1000.4000244140625,998.5,998.5,141744.0,yahoo
SBIN,5m,2026-09-11T13:10:00+05:30,998.7000122070312,999.5,998.0,999.4000244140625,53455.0,yahoo
SBIN,5m,2026-09-11T13:15:00+05:30,999.4000244140625,999.5,998.4000244140625,998.7000122070312,43559.0,yahoo
SBIN,5m,2026-09-11T13:20:00+05:30,998.7000122070312,999.0,998.2000122070312,998.7000122070312,54634.0,yahoo
SBIN,5m,2026-09-11T13:25:00+05:30,998.0,998.0,997.4000244140625,997.9000244140625,153777.0,yahoo
SBIN,5m,2026-09-11T13:30:00+05:30,997.7999877929688,998.0,997.5,997.7000122070312,49856.0,yahoo
SBIN,5m,2026-09-11T13:35:00+05:30,997.7999877929688,997.7999877929688,996.5999755859375,996.5999755859375,87242.0,yahoo
SBIN,5m,2026-09-11T13:40:00+05:30,996.7000122070312,997.2000122070312,995.4000244140625,996.2999877929688,106731.0,yahoo
SBIN,5m,2026-09-11T13:45:00+05:30,996.4000244140625,996.5,993.7999877929688,993.9000244140625,765538.0,yahoo
SBIN,5m,2026-09-11T13:50:00+05:30,994.0,996.4000244140625,993.9000244140625,994.5,131020.0,yahoo
SBIN,5m,2026-09-11T13:55:00+05:30,994.2999877929688,995.9000244140625,994.0999755859375,995.4000244140625,104974.0,yahoo
SBIN,5m,2026-09-11T14:00:00+05:30,995.5,997.4000244140625,995.0999755859375,997.0,168116.0,yahoo
SBIN,5m,2026-09-11T14:05:00+05:30,996.7999877929688,997.0,996.0,996.4000244140625,82028.0,yahoo
SBIN,5m,2026-09-11T14:10:00+05:30,996.7000122070312,996.7000122070312,995.5999755859375,996.2000122070312,61858.0,yahoo
SBIN,5m,2026-09-11T14:15:00+05:30,996.0999755859375,997.5,996.0,996.2999877929688,130698.0,yahoo
SBIN,5m,2026-09-11T14:20:00+05:30,996.2999877929688,996.7000122070312,995.7000122070312,996.4000244140625,112997.0,yahoo
SBIN,5m,2026-09-11T14:25:00+05:30,996.4000244140625,996.5,995.2000122070312,995.9000244140625,221192.0,yahoo
SBIN,5m,2026-09-11T14:30:00+05:30,995.7000122070312,996.7999877929688,995.4000244140625,996.0999755859375,183416.0,yahoo
SBIN,5m,2026-09-11T14:35:00+05:30,995.7999877929688,996.7999877929688,995.5999755859375,996.2000122070312,87141.0,yahoo
SBIN,5m,2026-09-11T14:40:00+05:30,996.2999877929688,996.5999755859375,995.7000122070312,996.4000244140625,101154.0,yahoo
SBIN,5m,2026-09-11T14:45:00+05:30,996.4000244140625,996.9000244140625,996.0999755859375,996.5999755859375,67817.0,yahoo
SBIN,5m,2026-09-11T14:50:00+05:30,996.5,996.7999877929688,996.0,996.2999877929688,75468.0,yahoo
SBIN,5m,2026-09-11T14:55:00+05:30,996.2999877929688,996.7999877929688,995.7999877929688,996.0999755859375,123953.0,yahoo
SBIN,5m,2026-09-11T15:00:00+05:30,996.2999877929688,996.5999755859375,995.0999755859375,995.0999755859375,153105.0,yahoo
SBIN,5m,2026-09-11T15:05:00+05:30,995.0999755859375,996.4000244140625,994.5999755859375,996.0,208632.0,yahoo
SBIN,5m,2026-09-11T15:10:00+05:30,995.9000244140625,996.9000244140625,995.7999877929688,996.2000122070312,251287.0,yahoo
SBIN,5m,2026-09-11T15:15:00+05:30,996.2000122070312,996.2000122070312,995.7000122070312,995.7000122070312,315078.0,yahoo
SENSEX,5m,2026-09-11T09:15:00+05:30,74309.15625,74309.15625,74165.3515625,74255.28125,0.0,yahoo
SENSEX,5m,2026-09-11T09:20:00+05:30,74247.03125,74286.53125,74228.2578125,74262.953125,0.0,yahoo
SENSEX,5m,2026-09-11T09:25:00+05:30,74256.2578125,74279.0703125,74239.859375,74274.953125,0.0,yahoo
SENSEX,5m,2026-09-11T09:30:00+05:30,74277.3671875,74298.859375,74211.5234375,74263.53125,0.0,yahoo
SENSEX,5m,2026-09-11T09:35:00+05:30,74263.8671875,74283.15625,74254.75,74274.6875,0.0,yahoo
SENSEX,5m,2026-09-11T09:40:00+05:30,74267.421875,74267.421875,74210.3828125,74246.390625,0.0,yahoo
SENSEX,5m,2026-09-11T09:45:00+05:30,74250.0625,74266.921875,74212.96875,74232.1015625,0.0,yahoo
SENSEX,5m,2026-09-11T09:50:00+05:30,74225.6171875,74248.75,74216.296875,74228.6875,0.0,yahoo
SENSEX,5m,2026-09-11T09:55:00+05:30,74224.8828125,74294.3125,74218.828125,74279.5,0.0,yahoo
SENSEX,5m,2026-09-11T10:00:00+05:30,74278.5390625,74326.4765625,74265.9296875,74313.84375,0.0,yahoo
SENSEX,5m,2026-09-11T10:05:00+05:30,74312.921875,74352.328125,74304.3515625,74343.8984375,0.0,yahoo
SENSEX,5m,2026-09-11T10:10:00+05:30,74347.15625,74390.3515625,74339.046875,74387.1171875,0.0,yahoo
SENSEX,5m,2026-09-11T10:15:00+05:30,74388.890625,74392.1015625,74368.8203125,74372.171875,0.0,yahoo
SENSEX,5m,2026-09-11T10:20:00+05:30,74369.546875,74433.1328125,74363.7890625,74389.3671875,0.0,yahoo
SENSEX,5m,2026-09-11T10:25:00+05:30,74389.9375,74389.9375,74312.359375,74313.78125,0.0,yahoo
SENSEX,5m,2026-09-11T10:30:00+05:30,74315.78125,74354.609375,74306.65625,74342.7421875,0.0,yahoo
SENSEX,5m,2026-09-11T10:35:00+05:30,74338.03125,74380.9296875,74335.046875,74369.6015625,0.0,yahoo
SENSEX,5m,2026-09-11T10:40:00+05:30,74369.6015625,74400.9296875,74355.59375,74400.9296875,0.0,yahoo
SENSEX,5m,2026-09-11T10:45:00+05:30,74400.9296875,74409.671875,74354.4609375,74365.0390625,0.0,yahoo
SENSEX,5m,2026-09-11T10:50:00+05:30,74362.703125,74364.53125,74318.453125,74333.6171875,0.0,yahoo
SENSEX,5m,2026-09-11T10:55:00+05:30,74332.921875,74335.6328125,74301.59375,74320.6875,0.0,yahoo
SENSEX,5m,2026-09-11T11:00:00+05:30,74320.5,74352.921875,74313.9609375,74324.609375,0.0,yahoo
SENSEX,5m,2026-09-11T11:05:00+05:30,74326.3828125,74373.3203125,74315.6015625,74367.328125,0.0,yahoo
SENSEX,5m,2026-09-11T11:10:00+05:30,74365.5234375,74510.578125,74361.359375,74505.1796875,0.0,yahoo
SENSEX,5m,2026-09-11T11:15:00+05:30,74503.3203125,74549.3515625,74465.84375,74506.4765625,0.0,yahoo
SENSEX,5m,2026-09-11T11:20:00+05:30,74503.28125,74550.1484375,74495.0703125,74540.578125,0.0,yahoo
SENSEX,5m,2026-09-11T11:25:00+05:30,74540.390625,74556.5625,74523.1875,74529.6328125,0.0,yahoo
SENSEX,5m,2026-09-11T11:30:00+05:30,74526.078125,74564.9765625,74500.40625,74554.921875,0.0,yahoo
SENSEX,5m,2026-09-11T11:35:00+05:30,74555.4765625,74568.671875,74526.890625,74543.4921875,0.0,yahoo
SENSEX,5m,2026-09-11T11:40:00+05:30,74546.15625,74578.15625,74538.0703125,74566.0703125,0.0,yahoo
SENSEX,5m,2026-09-11T11:45:00+05:30,74566.0703125,74584.3515625,74514.5625,74515.4921875,0.0,yahoo
SENSEX,5m,2026-09-11T11:50:00+05:30,74522.3125,74542.7578125,74501.65625,74523.4765625,0.0,yahoo
SENSEX,5m,2026-09-11T11:55:00+05:30,74521.7890625,74567.1796875,74516.2265625,74557.5625,0.0,yahoo
SENSEX,5m,2026-09-11T12:00:00+05:30,74558.453125,74564.65625,74527.5234375,74531.703125,0.0,yahoo
SENSEX,5m,2026-09-11T12:05:00+05:30,74538.2734375,74551.7109375,74524.890625,74524.890625,0.0,yahoo
SENSEX,5m,2026-09-11T12:10:00+05:30,74524.8203125,74530.34375,74456.1171875,74484.03125,0.0,yahoo
SENSEX,5m,2026-09-11T12:15:00+05:30,74481.7890625,74512.2890625,74466.1171875,74503.3671875,0.0,yahoo
SENSEX,5m,2026-09-11T12:20:00+05:30,74499.921875,74514.6171875,74470.46875,74514.6171875,0.0,yahoo
SENSEX,5m,2026-09-11T12:25:00+05:30,74514.9609375,74523.390625,74495.0234375,74500.640625,0.0,yahoo
SENSEX,5m,2026-09-11T12:30:00+05:30,74500.0,74531.96875,74494.25,74526.703125,0.0,yahoo
SENSEX,5m,2026-09-11T12:35:00+05:30,74535.2421875,74559.7265625,74523.1484375,74539.03125,0.0,yahoo
SENSEX,5m,2026-09-11T12:40:00+05:30,74537.609375,74571.65625,74518.25,74555.3828125,0.0,yahoo
SENSEX,5m,2026-09-11T12:45:00+05:30,74555.0234375,74555.0234375,74507.078125,74517.78125,0.0,yahoo
SENSEX,5m,2026-09-11T12:50:00+05:30,74514.5703125,74544.0625,74502.25,74542.2421875,0.0,yahoo
SENSEX,5m,2026-09-11T12:55:00+05:30,74542.2421875,74570.75,74542.2421875,74553.828125,0.0,yahoo
SENSEX,5m,2026-09-11T13:00:00+05:30,74551.8984375,74557.8125,74494.140625,74494.84375,0.0,yahoo
SENSEX,5m,2026-09-11T13:05:00+05:30,74491.46875,74505.6484375,74467.1015625,74472.65625,0.0,yahoo
SENSEX,5m,2026-09-11T13:10:00+05:30,74475.28125,74507.7109375,74458.890625,74500.9765625,0.0,yahoo
SENSEX,5m,2026-09-11T13:15:00+05:30,74500.390625,74507.4296875,74474.8515625,74481.4921875,0.0,yahoo
SENSEX,5m,2026-09-11T13:20:00+05:30,74478.921875,74519.25,74467.078125,74508.796875,0.0,yahoo
SENSEX,5m,2026-09-11T13:25:00+05:30,74509.4921875,74574.0,74492.2421875,74560.7421875,0.0,yahoo
SENSEX,5m,2026-09-11T13:30:00+05:30,74563.640625,74583.5703125,74547.1796875,74548.640625,0.0,yahoo
SENSEX,5m,2026-09-11T13:35:00+05:30,74551.4296875,74552.2578125,74509.7734375,74529.46875,0.0,yahoo
SENSEX,5m,2026-09-11T13:40:00+05:30,74529.46875,74542.4765625,74449.5078125,74524.53125,0.0,yahoo
SENSEX,5m,2026-09-11T13:45:00+05:30,74523.1015625,74529.0234375,74468.796875,74528.1171875,0.0,yahoo
SENSEX,5m,2026-09-11T13:50:00+05:30,74527.0078125,74637.578125,74519.71875,74580.828125,0.0,yahoo
SENSEX,5m,2026-09-11T13:55:00+05:30,74581.1796875,74698.078125,74575.0625,74695.8515625,0.0,yahoo
SENSEX,5m,2026-09-11T14:00:00+05:30,74691.359375,74889.15625,74683.0,74865.1328125,0.0,yahoo
SENSEX,5m,2026-09-11T14:05:00+05:30,74865.1328125,74868.9609375,74772.296875,74787.53125,0.0,yahoo
SENSEX,5m,2026-09-11T14:10:00+05:30,74782.3984375,74795.59375,74764.4296875,74794.6484375,0.0,yahoo
SENSEX,5m,2026-09-11T14:15:00+05:30,74793.1875,74797.3515625,74745.390625,74762.09375,0.0,yahoo
SENSEX,5m,2026-09-11T14:20:00+05:30,74762.8984375,74790.328125,74741.1484375,74790.2890625,0.0,yahoo
SENSEX,5m,2026-09-11T14:25:00+05:30,74790.7265625,74826.6015625,74773.7265625,74814.5625,0.0,yahoo
SENSEX,5m,2026-09-11T14:30:00+05:30,74814.1484375,74863.359375,74807.5,74826.21875,0.0,yahoo
SENSEX,5m,2026-09-11T14:35:00+05:30,74827.8203125,74881.7578125,74803.5703125,74821.8125,0.0,yahoo
SENSEX,5m,2026-09-11T14:40:00+05:30,74821.5234375,74873.6171875,74817.5703125,74862.53125,0.0,yahoo
SENSEX,5m,2026-09-11T14:45:00+05:30,74861.0,74861.0,74814.9921875,74835.390625,0.0,yahoo
SENSEX,5m,2026-09-11T14:50:00+05:30,74835.1015625,74867.46875,74821.359375,74830.6796875,0.0,yahoo
SENSEX,5m,2026-09-11T14:55:00+05:30,74832.609375,74851.8828125,74823.0625,74825.8671875,0.0,yahoo
SENSEX,5m,2026-09-11T15:00:00+05:30,74825.0703125,74825.0703125,74746.2890625,74750.3828125,0.0,yahoo
SENSEX,5m,2026-09-11T15:05:00+05:30,74747.3671875,74816.1484375,74716.3515625,74815.6484375,0.0,yahoo
SENSEX,5m,2026-09-11T15:10:00+05:30,74813.8984375,74916.3125,74805.6328125,74914.0625,0.0,yahoo
SENSEX,5m,2026-09-11T15:15:00+05:30,74914.0625,74914.0625,74794.09375,74794.09375,0.0,yahoo
SENSEX,5m,2026-09-11T15:20:00+05:30,74794.09375,74873.1875,74759.40625,74761.2734375,0.0,yahoo
SENSEX,5m,2026-09-11T15:25:00+05:30,74759.8203125,74801.84375,74739.53125,74781.7578125,0.0,yahoo
SHRIRAMFIN,5m,2026-09-11T09:15:00+05:30,1022.9000244140625,1022.9000244140625,1015.5999755859375,1018.7000122070312,0.0,yahoo
SHRIRAMFIN,5m,2026-09-11T09:20:00+05:30,1017.7999877929688,1019.0999755859375,1016.5,1019.0999755859375,60127.0,yahoo
SHRIRAMFIN,5m,2026-09-11T09:25:00+05:30,1018.7999877929688,1019.5,1016.0,1016.0,46213.0,yahoo
SHRIRAMFIN,5m,2026-09-11T09:30:00+05:30,1016.0,1017.2000122070312,1015.2000122070312,1016.9000244140625,46659.0,yahoo
SHRIRAMFIN,5m,2026-09-11T09:35:00+05:30,1017.0,1018.9000244140625,1016.2999877929688,1016.2999877929688,31408.0,yahoo
SHRIRAMFIN,5m,2026-09-11T09:40:00+05:30,1016.0,1016.4000244140625,1013.2999877929688,1014.0999755859375,82486.0,yahoo
SHRIRAMFIN,5m,2026-09-11T09:45:00+05:30,1014.2000122070312,1018.0999755859375,1014.2000122070312,1017.4000244140625,36051.0,yahoo
SHRIRAMFIN,5m,2026-09-11T09:50:00+05:30,1018.0999755859375,1018.7000122070312,1017.2999877929688,1018.2999877929688,32287.0,yahoo
SHRIRAMFIN,5m,2026-09-11T09:55:00+05:30,1018.0,1019.0999755859375,1017.2999877929688,1018.9000244140625,74713.0,yahoo
SHRIRAMFIN,5m,2026-09-11T10:00:00+05:30,1018.7000122070312,1021.0999755859375,1018.7000122070312,1020.9000244140625,69333.0,yahoo
SHRIRAMFIN,5m,2026-09-11T10:05:00+05:30,1020.5999755859375,1020.5999755859375,1018.0999755859375,1019.9000244140625,35803.0,yahoo
SHRIRAMFIN,5m,2026-09-11T10:10:00+05:30,1019.9000244140625,1020.9000244140625,1018.9000244140625,1020.5999755859375,22183.0,yahoo
SHRIRAMFIN,5m,2026-09-11T10:15:00+05:30,1020.0,1021.0,1019.5,1019.9000244140625,64241.0,yahoo
SHRIRAMFIN,5m,2026-09-11T10:20:00+05:30,1020.0,1020.5999755859375,1019.5,1019.7000122070312,72340.0,yahoo
SHRIRAMFIN,5m,2026-09-11T10:25:00+05:30,1019.7000122070312,1019.7000122070312,1018.0,1018.2999877929688,24654.0,yahoo
SHRIRAMFIN,5m,2026-09-11T10:30:00+05:30,1018.2999877929688,1019.0,1018.0999755859375,1019.0,16811.0,yahoo
SHRIRAMFIN,5m,2026-09-11T10:35:00+05:30,1018.9000244140625,1021.5,1018.9000244140625,1021.2000122070312,22323.0,yahoo
SHRIRAMFIN,5m,2026-09-11T10:40:00+05:30,1021.2000122070312,1022.0,1020.7999877929688,1022.0,24128.0,yahoo
SHRIRAMFIN,5m,2026-09-11T10:45:00+05:30,1021.9000244140625,1022.0,1020.4000244140625,1020.9000244140625,38270.0,yahoo
SHRIRAMFIN,5m,2026-09-11T10:50:00+05:30,1020.9000244140625,1021.2999877929688,1019.5999755859375,1020.0,20028.0,yahoo
SHRIRAMFIN,5m,2026-09-11T10:55:00+05:30,1019.9000244140625,1019.9000244140625,1018.4000244140625,1018.7000122070312,27786.0,yahoo
SHRIRAMFIN,5m,2026-09-11T11:00:00+05:30,1019.0,1019.0,1018.2999877929688,1018.5,20062.0,yahoo
SHRIRAMFIN,5m,2026-09-11T11:05:00+05:30,1018.5999755859375,1019.9000244140625,1018.2000122070312,1019.9000244140625,16953.0,yahoo
SHRIRAMFIN,5m,2026-09-11T11:10:00+05:30,1020.0,1023.2000122070312,1020.0,1023.0,79798.0,yahoo
SHRIRAMFIN,5m,2026-09-11T11:15:00+05:30,1023.0,1024.5999755859375,1022.2000122070312,1023.7000122070312,29635.0,yahoo
SHRIRAMFIN,5m,2026-09-11T11:20:00+05:30,1023.9000244140625,1023.9000244140625,1022.5999755859375,1023.4000244140625,22166.0,yahoo
SHRIRAMFIN,5m,2026-09-11T11:25:00+05:30,1023.4000244140625,1023.5,1020.7000122070312,1021.2000122070312,21896.0,yahoo
SHRIRAMFIN,5m,2026-09-11T11:30:00+05:30,1021.4000244140625,1022.9000244140625,1021.2000122070312,1022.2999877929688,20692.0,yahoo
SHRIRAMFIN,5m,2026-09-11T11:35:00+05:30,1022.4000244140625,1022.9000244140625,1021.7999877929688,1021.9000244140625,18910.0,yahoo
SHRIRAMFIN,5m,2026-09-11T11:40:00+05:30,1021.9000244140625,1024.0,1021.9000244140625,1023.7000122070312,16118.0,yahoo
SHRIRAMFIN,5m,2026-09-11T11:45:00+05:30,1023.7999877929688,1026.300048828125,1023.5999755859375,1024.4000244140625,105619.0,yahoo
SHRIRAMFIN,5m,2026-09-11T11:50:00+05:30,1024.5,1024.800048828125,1023.5999755859375,1024.0999755859375,16682.0,yahoo
SHRIRAMFIN,5m,2026-09-11T11:55:00+05:30,1024.5,1024.9000244140625,1023.9000244140625,1024.800048828125,17190.0,yahoo
SHRIRAMFIN,5m,2026-09-11T12:00:00+05:30,1024.5999755859375,1027.9000244140625,1024.5,1027.5999755859375,31785.0,yahoo
SHRIRAMFIN,5m,2026-09-11T12:05:00+05:30,1027.5999755859375,1027.5999755859375,1026.199951171875,1026.699951171875,16208.0,yahoo
SHRIRAMFIN,5m,2026-09-11T12:10:00+05:30,1026.800048828125,1027.0999755859375,1025.5999755859375,1026.0,17795.0,yahoo
SHRIRAMFIN,5m,2026-09-11T12:15:00+05:30,1026.0,1026.9000244140625,1025.4000244140625,1026.5999755859375,15756.0,yahoo
SHRIRAMFIN,5m,2026-09-11T12:20:00+05:30,1026.5999755859375,1027.0999755859375,1025.5,1027.0,21448.0,yahoo
SHRIRAMFIN,5m,2026-09-11T12:25:00+05:30,1027.0999755859375,1030.0999755859375,1026.199951171875,1028.0999755859375,167284.0,yahoo
SHRIRAMFIN,5m,2026-09-11T12:30:00+05:30,1027.9000244140625,1028.5999755859375,1027.300048828125,1028.0,26878.0,yahoo
SHRIRAMFIN,5m,2026-09-11T12:35:00+05:30,1028.0,1029.9000244140625,1027.9000244140625,1029.5999755859375,43779.0,yahoo
SHRIRAMFIN,5m,2026-09-11T12:40:00+05:30,1030.0,1032.199951171875,1029.5,1030.199951171875,267972.0,yahoo
SHRIRAMFIN,5m,2026-09-11T12:45:00+05:30,1030.0,1030.699951171875,1029.5,1030.0,21017.0,yahoo
SHRIRAMFIN,5m,2026-09-11T12:50:00+05:30,1029.699951171875,1030.0,1028.199951171875,1028.5,56060.0,yahoo
SHRIRAMFIN,5m,2026-09-11T12:55:00+05:30,1028.5,1030.0,1028.0,1029.300048828125,18025.0,yahoo
SHRIRAMFIN,5m,2026-09-11T13:00:00+05:30,1029.0,1029.300048828125,1028.0999755859375,1028.0999755859375,16688.0,yahoo
SHRIRAMFIN,5m,2026-09-11T13:05:00+05:30,1028.0,1028.5999755859375,1028.0,1028.0,18001.0,yahoo
SHRIRAMFIN,5m,2026-09-11T13:10:00+05:30,1028.4000244140625,1029.5999755859375,1028.0,1029.300048828125,24169.0,yahoo
SHRIRAMFIN,5m,2026-09-11T13:15:00+05:30,1029.300048828125,1029.9000244140625,1029.0,1029.300048828125,13631.0,yahoo
SHRIRAMFIN,5m,2026-09-11T13:20:00+05:30,1029.300048828125,1029.699951171875,1028.5,1029.5,14996.0,yahoo
SHRIRAMFIN,5m,2026-09-11T13:25:00+05:30,1029.300048828125,1030.0999755859375,1028.9000244140625,1029.5,23136.0,yahoo
SHRIRAMFIN,5m,2026-09-11T13:30:00+05:30,1030.0999755859375,1030.0999755859375,1028.5,1029.0,16937.0,yahoo
SHRIRAMFIN,5m,2026-09-11T13:35:00+05:30,1029.199951171875,1029.199951171875,1028.0,1028.5,24840.0,yahoo
SHRIRAMFIN,5m,2026-09-11T13:40:00+05:30,1028.5999755859375,1028.800048828125,1025.5999755859375,1026.9000244140625,45836.0,yahoo
SHRIRAMFIN,5m,2026-09-11T13:45:00+05:30,1026.5,1027.0999755859375,1025.199951171875,1026.699951171875,36597.0,yahoo
SHRIRAMFIN,5m,2026-09-11T13:50:00+05:30,1026.4000244140625,1029.5,1026.199951171875,1027.800048828125,25447.0,yahoo
SHRIRAMFIN,5m,2026-09-11T13:55:00+05:30,1027.9000244140625,1029.0,1027.5999755859375,1028.300048828125,16139.0,yahoo
SHRIRAMFIN,5m,2026-09-11T14:00:00+05:30,1028.300048828125,1032.199951171875,1028.300048828125,1031.0,25551.0,yahoo
SHRIRAMFIN,5m,2026-09-11T14:05:00+05:30,1031.300048828125,1031.4000244140625,1029.0,1029.0999755859375,22640.0,yahoo
SHRIRAMFIN,5m,2026-09-11T14:10:00+05:30,1029.5,1030.4000244140625,1029.0,1030.300048828125,15790.0,yahoo
SHRIRAMFIN,5m,2026-09-11T14:15:00+05:30,1030.5,1030.9000244140625,1029.5,1030.199951171875,25241.0,yahoo
SHRIRAMFIN,5m,2026-09-11T14:20:00+05:30,1030.4000244140625,1032.0,1030.0999755859375,1031.699951171875,42178.0,yahoo
SHRIRAMFIN,5m,2026-09-11T14:25:00+05:30,1031.800048828125,1032.9000244140625,1031.800048828125,1032.5999755859375,19549.0,yahoo
SHRIRAMFIN,5m,2026-09-11T14:30:00+05:30,1032.5999755859375,1033.5,1032.5999755859375,1032.699951171875,23089.0,yahoo
SHRIRAMFIN,5m,2026-09-11T14:35:00+05:30,1032.5999755859375,1033.4000244140625,1032.0999755859375,1033.0,25090.0,yahoo
SHRIRAMFIN,5m,2026-09-11T14:40:00+05:30,1033.300048828125,1034.4000244140625,1032.9000244140625,1034.0,39107.0,yahoo
SHRIRAMFIN,5m,2026-09-11T14:45:00+05:30,1034.0,1034.0,1031.0999755859375,1031.800048828125,38261.0,yahoo
SHRIRAMFIN,5m,2026-09-11T14:50:00+05:30,1031.699951171875,1033.0,1031.300048828125,1032.5,45775.0,yahoo
SHRIRAMFIN,5m,2026-09-11T14:55:00+05:30,1032.800048828125,1034.300048828125,1032.5,1032.9000244140625,67465.0,yahoo
SHRIRAMFIN,5m,2026-09-11T15:00:00+05:30,1032.9000244140625,1033.5,1031.699951171875,1032.0,61470.0,yahoo
SHRIRAMFIN,5m,2026-09-11T15:05:00+05:30,1032.0,1032.9000244140625,1030.9000244140625,1032.9000244140625,81483.0,yahoo
SHRIRAMFIN,5m,2026-09-11T15:10:00+05:30,1032.300048828125,1033.9000244140625,1030.0,1030.0,114337.0,yahoo
SHRIRAMFIN,5m,2026-09-11T15:15:00+05:30,1031.9000244140625,1031.9000244140625,1028.5999755859375,1028.5999755859375,169188.0,yahoo
SIEMENS,5m,2026-09-11T09:15:00+05:30,3947.300048828125,3947.300048828125,3866.10009765625,3883.300048828125,0.0,yahoo
SIEMENS,5m,2026-09-11T09:20:00+05:30,3880.10009765625,3880.10009765625,3861.199951171875,3870.800048828125,4023.0,yahoo
SIEMENS,5m,2026-09-11T09:25:00+05:30,3873.39990234375,3875.89990234375,3859.39990234375,3861.0,4148.0,yahoo
SIEMENS,5m,2026-09-11T09:30:00+05:30,3859.39990234375,3879.300048828125,3858.39990234375,3877.699951171875,5381.0,yahoo
SIEMENS,5m,2026-09-11T09:35:00+05:30,3874.89990234375,3878.5,3872.10009765625,3875.300048828125,7357.0,yahoo
SIEMENS,5m,2026-09-11T09:40:00+05:30,3872.699951171875,3878.0,3870.0,3875.0,6662.0,yahoo
SIEMENS,5m,2026-09-11T09:45:00+05:30,3875.0,3884.60009765625,3872.10009765625,3883.5,2468.0,yahoo
SIEMENS,5m,2026-09-11T09:50:00+05:30,3880.89990234375,3898.89990234375,3880.89990234375,3891.89990234375,8147.0,yahoo
SIEMENS,5m,2026-09-11T09:55:00+05:30,3892.89990234375,3897.89990234375,3886.699951171875,3886.699951171875,2676.0,yahoo
SIEMENS,5m,2026-09-11T10:00:00+05:30,3889.0,3904.39990234375,3887.0,3902.300048828125,2547.0,yahoo
SIEMENS,5m,2026-09-11T10:05:00+05:30,3900.0,3915.0,3898.89990234375,3912.10009765625,3848.0,yahoo
SIEMENS,5m,2026-09-11T10:10:00+05:30,3912.0,3919.699951171875,3907.60009765625,3918.300048828125,1906.0,yahoo
SIEMENS,5m,2026-09-11T10:15:00+05:30,3916.0,3930.10009765625,3915.89990234375,3926.0,5595.0,yahoo
SIEMENS,5m,2026-09-11T10:20:00+05:30,3925.0,3933.0,3925.0,3933.0,3331.0,yahoo
SIEMENS,5m,2026-09-11T10:25:00+05:30,3932.10009765625,3932.300048828125,3914.89990234375,3922.199951171875,5217.0,yahoo
SIEMENS,5m,2026-09-11T10:30:00+05:30,3919.199951171875,3919.199951171875,3911.10009765625,3916.199951171875,1436.0,yahoo
SIEMENS,5m,2026-09-11T10:35:00+05:30,3917.0,3921.60009765625,3915.199951171875,3921.39990234375,1476.0,yahoo
SIEMENS,5m,2026-09-11T10:40:00+05:30,3922.199951171875,3925.89990234375,3920.60009765625,3925.89990234375,682.0,yahoo
SIEMENS,5m,2026-09-11T10:45:00+05:30,3925.89990234375,3927.800048828125,3920.0,3921.39990234375,828.0,yahoo
SIEMENS,5m,2026-09-11T10:50:00+05:30,3923.5,3923.5,3913.0,3913.0,2655.0,yahoo
SIEMENS,5m,2026-09-11T10:55:00+05:30,3915.5,3915.5,3910.0,3910.39990234375,869.0,yahoo
SIEMENS,5m,2026-09-11T11:00:00+05:30,3912.199951171875,3913.89990234375,3901.0,3905.300048828125,2561.0,yahoo
SIEMENS,5m,2026-09-11T11:05:00+05:30,3904.0,3920.300048828125,3901.699951171875,3916.699951171875,2076.0,yahoo
SIEMENS,5m,2026-09-11T11:10:00+05:30,3916.699951171875,3927.89990234375,3915.5,3924.39990234375,1625.0,yahoo
SIEMENS,5m,2026-09-11T11:15:00+05:30,3925.60009765625,3928.60009765625,3921.60009765625,3927.10009765625,999.0,yahoo
SIEMENS,5m,2026-09-11T11:20:00+05:30,3929.0,3929.0,3924.800048828125,3927.60009765625,1330.0,yahoo
SIEMENS,5m,2026-09-11T11:25:00+05:30,3929.300048828125,3929.89990234375,3922.5,3922.699951171875,1381.0,yahoo
SIEMENS,5m,2026-09-11T11:30:00+05:30,3923.89990234375,3925.89990234375,3922.5,3923.5,268.0,yahoo
SIEMENS,5m,2026-09-11T11:35:00+05:30,3923.39990234375,3925.0,3920.89990234375,3920.89990234375,890.0,yahoo
SIEMENS,5m,2026-09-11T11:40:00+05:30,3920.89990234375,3927.300048828125,3920.800048828125,3926.5,1302.0,yahoo
SIEMENS,5m,2026-09-11T11:45:00+05:30,3925.0,3926.10009765625,3923.0,3923.39990234375,308.0,yahoo
SIEMENS,5m,2026-09-11T11:50:00+05:30,3923.199951171875,3924.39990234375,3919.60009765625,3922.10009765625,1446.0,yahoo
SIEMENS,5m,2026-09-11T11:55:00+05:30,3921.699951171875,3926.5,3921.60009765625,3925.199951171875,464.0,yahoo
SIEMENS,5m,2026-09-11T12:00:00+05:30,3927.199951171875,3934.0,3924.89990234375,3928.39990234375,2071.0,yahoo
SIEMENS,5m,2026-09-11T12:05:00+05:30,3928.199951171875,3928.199951171875,3925.10009765625,3925.300048828125,821.0,yahoo
SIEMENS,5m,2026-09-11T12:10:00+05:30,3925.39990234375,3926.89990234375,3919.699951171875,3920.60009765625,430.0,yahoo
SIEMENS,5m,2026-09-11T12:15:00+05:30,3920.699951171875,3921.800048828125,3919.10009765625,3920.5,666.0,yahoo
SIEMENS,5m,2026-09-11T12:20:00+05:30,3920.5,3923.89990234375,3920.5,3922.199951171875,367.0,yahoo
SIEMENS,5m,2026-09-11T12:25:00+05:30,3922.199951171875,3925.699951171875,3920.699951171875,3925.699951171875,697.0,yahoo
SIEMENS,5m,2026-09-11T12:30:00+05:30,3925.89990234375,3929.199951171875,3924.89990234375,3926.5,641.0,yahoo
SIEMENS,5m,2026-09-11T12:35:00+05:30,3926.5,3928.699951171875,3923.800048828125,3924.39990234375,633.0,yahoo
SIEMENS,5m,2026-09-11T12:40:00+05:30,3924.60009765625,3927.10009765625,3923.39990234375,3923.39990234375,337.0,yahoo
SIEMENS,5m,2026-09-11T12:45:00+05:30,3925.0,3932.60009765625,3923.0,3929.10009765625,1882.0,yahoo
SIEMENS,5m,2026-09-11T12:50:00+05:30,3929.5,3937.0,3929.5,3937.0,1762.0,yahoo
SIEMENS,5m,2026-09-11T12:55:00+05:30,3935.5,3940.0,3935.5,3938.0,2283.0,yahoo
SIEMENS,5m,2026-09-11T13:00:00+05:30,3939.5,3939.5,3930.800048828125,3933.0,772.0,yahoo
SIEMENS,5m,2026-09-11T13:05:00+05:30,3930.800048828125,3932.699951171875,3929.5,3929.60009765625,301.0,yahoo
SIEMENS,5m,2026-09-11T13:10:00+05:30,3929.89990234375,3933.199951171875,3929.60009765625,3933.199951171875,776.0,yahoo
SIEMENS,5m,2026-09-11T13:15:00+05:30,3932.0,3934.800048828125,3929.300048828125,3929.300048828125,870.0,yahoo
SIEMENS,5m,2026-09-11T13:20:00+05:30,3929.300048828125,3936.10009765625,3927.39990234375,3934.60009765625,912.0,yahoo
SIEMENS,5m,2026-09-11T13:25:00+05:30,3934.60009765625,3938.300048828125,3933.199951171875,3937.89990234375,683.0,yahoo
SIEMENS,5m,2026-09-11T13:30:00+05:30,3936.5,3937.89990234375,3934.5,3934.5,408.0,yahoo
SIEMENS,5m,2026-09-11T13:35:00+05:30,3934.60009765625,3935.89990234375,3930.5,3930.5,696.0,yahoo
SIEMENS,5m,2026-09-11T13:40:00+05:30,3930.5,3932.0,3925.0,3926.199951171875,734.0,yahoo
SIEMENS,5m,2026-09-11T13:45:00+05:30,3926.199951171875,3931.0,3925.0,3927.5,428.0,yahoo
SIEMENS,5m,2026-09-11T13:50:00+05:30,3927.5,3938.300048828125,3927.5,3935.300048828125,493.0,yahoo
SIEMENS,5m,2026-09-11T13:55:00+05:30,3936.10009765625,3940.0,3935.5,3936.199951171875,504.0,yahoo
SIEMENS,5m,2026-09-11T14:00:00+05:30,3936.199951171875,3943.89990234375,3935.10009765625,3939.39990234375,2069.0,yahoo
SIEMENS,5m,2026-09-11T14:05:00+05:30,3941.800048828125,3943.300048828125,3935.89990234375,3936.199951171875,682.0,yahoo
SIEMENS,5m,2026-09-11T14:10:00+05:30,3937.699951171875,3939.60009765625,3934.5,3934.699951171875,1453.0,yahoo
SIEMENS,5m,2026-09-11T14:15:00+05:30,3934.699951171875,3938.199951171875,3932.699951171875,3937.39990234375,919.0,yahoo
SIEMENS,5m,2026-09-11T14:20:00+05:30,3937.5,3939.199951171875,3935.5,3938.199951171875,489.0,yahoo
SIEMENS,5m,2026-09-11T14:25:00+05:30,3940.89990234375,3942.0,3938.10009765625,3939.89990234375,1487.0,yahoo
SIEMENS,5m,2026-09-11T14:30:00+05:30,3939.89990234375,3942.0,3931.0,3931.0,878.0,yahoo
SIEMENS,5m,2026-09-11T14:35:00+05:30,3930.60009765625,3933.10009765625,3929.0,3929.699951171875,1164.0,yahoo
SIEMENS,5m,2026-09-11T14:40:00+05:30,3929.699951171875,3934.39990234375,3929.699951171875,3932.0,784.0,yahoo
SIEMENS,5m,2026-09-11T14:45:00+05:30,3932.39990234375,3932.39990234375,3925.0,3925.0,1472.0,yahoo
SIEMENS,5m,2026-09-11T14:50:00+05:30,3925.0,3925.800048828125,3921.60009765625,3922.60009765625,1227.0,yahoo
SIEMENS,5m,2026-09-11T14:55:00+05:30,3926.89990234375,3926.89990234375,3920.0,3920.0,2752.0,yahoo
SIEMENS,5m,2026-09-11T15:00:00+05:30,3920.89990234375,3933.0,3920.0,3929.199951171875,5601.0,yahoo
SIEMENS,5m,2026-09-11T15:05:00+05:30,3929.199951171875,3933.10009765625,3922.39990234375,3930.199951171875,3659.0,yahoo
SIEMENS,5m,2026-09-11T15:10:00+05:30,3930.699951171875,3957.0,3924.89990234375,3957.0,29845.0,yahoo
SUNPHARMA,5m,2026-09-11T09:15:00+05:30,1850.5,1851.5,1845.5,1847.5,0.0,yahoo
SUNPHARMA,5m,2026-09-11T09:20:00+05:30,1849.0,1849.0,1842.800048828125,1842.800048828125,9693.0,yahoo
SUNPHARMA,5m,2026-09-11T09:25:00+05:30,1842.300048828125,1843.4000244140625,1841.199951171875,1841.9000244140625,6217.0,yahoo
SUNPHARMA,5m,2026-09-11T09:30:00+05:30,1841.9000244140625,1843.0,1840.0999755859375,1841.300048828125,7402.0,yahoo
SUNPHARMA,5m,2026-09-11T09:35:00+05:30,1841.800048828125,1844.5999755859375,1841.300048828125,1844.5999755859375,4727.0,yahoo
SUNPHARMA,5m,2026-09-11T09:40:00+05:30,1844.5999755859375,1844.5999755859375,1841.5999755859375,1842.9000244140625,3533.0,yahoo
SUNPHARMA,5m,2026-09-11T09:45:00+05:30,1842.9000244140625,1844.9000244140625,1842.300048828125,1842.800048828125,2651.0,yahoo
SUNPHARMA,5m,2026-09-11T09:50:00+05:30,1840.4000244140625,1844.0,1839.9000244140625,1842.699951171875,7599.0,yahoo
SUNPHARMA,5m,2026-09-11T09:55:00+05:30,1842.5,1843.800048828125,1840.5999755859375,1840.5999755859375,3934.0,yahoo
SUNPHARMA,5m,2026-09-11T10:00:00+05:30,1841.0999755859375,1845.9000244140625,1841.0999755859375,1845.5,16138.0,yahoo
SUNPHARMA,5m,2026-09-11T10:05:00+05:30,1845.5,1847.4000244140625,1842.199951171875,1844.5,9699.0,yahoo
SUNPHARMA,5m,2026-09-11T10:10:00+05:30,1844.5,1845.699951171875,1844.0,1844.800048828125,19371.0,yahoo
SUNPHARMA,5m,2026-09-11T10:15:00+05:30,1845.9000244140625,1845.9000244140625,1845.0,1845.9000244140625,8212.0,yahoo
SUNPHARMA,5m,2026-09-11T10:20:00+05:30,1846.0,1848.199951171875,1846.0,1847.9000244140625,7890.0,yahoo
SUNPHARMA,5m,2026-09-11T10:25:00+05:30,1848.0999755859375,1854.0,1848.0999755859375,1851.5999755859375,12954.0,yahoo
SUNPHARMA,5m,2026-09-11T10:30:00+05:30,1851.199951171875,1852.0,1846.800048828125,1847.699951171875,41529.0,yahoo
SUNPHARMA,5m,2026-09-11T10:35:00+05:30,1847.699951171875,1849.699951171875,1846.800048828125,1848.5999755859375,7211.0,yahoo
SUNPHARMA,5m,2026-09-11T10:40:00+05:30,1848.5,1850.9000244140625,1847.4000244140625,1850.0,9780.0,yahoo
SUNPHARMA,5m,2026-09-11T10:45:00+05:30,1850.0,1852.300048828125,1849.300048828125,1851.800048828125,28281.0,yahoo
SUNPHARMA,5m,2026-09-11T10:50:00+05:30,1851.800048828125,1852.199951171875,1851.0999755859375,1851.5999755859375,5845.0,yahoo
SUNPHARMA,5m,2026-09-11T10:55:00+05:30,1851.5999755859375,1851.5999755859375,1848.5,1849.4000244140625,6331.0,yahoo
SUNPHARMA,5m,2026-09-11T11:00:00+05:30,1849.5,1853.5,1849.0999755859375,1851.800048828125,32959.0,yahoo
SUNPHARMA,5m,2026-09-11T11:05:00+05:30,1850.5999755859375,1850.9000244140625,1848.699951171875,1850.0,15144.0,yahoo
SUNPHARMA,5m,2026-09-11T11:10:00+05:30,1850.0,1850.0,1848.699951171875,1849.5,16725.0,yahoo
SUNPHARMA,5m,2026-09-11T11:15:00+05:30,1848.699951171875,1849.800048828125,1848.0,1848.0,27057.0,yahoo
SUNPHARMA,5m,2026-09-11T11:20:00+05:30,1849.5,1849.800048828125,1847.699951171875,1847.9000244140625,18907.0,yahoo
SUNPHARMA,5m,2026-09-11T11:25:00+05:30,1847.9000244140625,1847.9000244140625,1844.0999755859375,1844.0999755859375,45003.0,yahoo
SUNPHARMA,5m,2026-09-11T11:30:00+05:30,1844.0,1847.699951171875,1843.9000244140625,1847.0999755859375,33606.0,yahoo
SUNPHARMA,5m,2026-09-11T11:35:00+05:30,1847.0999755859375,1847.0999755859375,1845.0,1846.199951171875,27711.0,yahoo
SUNPHARMA,5m,2026-09-11T11:40:00+05:30,1845.9000244140625,1846.699951171875,1844.300048828125,1846.699951171875,20254.0,yahoo
SUNPHARMA,5m,2026-09-11T11:45:00+05:30,1846.5999755859375,1847.5,1845.5,1846.199951171875,18445.0,yahoo
SUNPHARMA,5m,2026-09-11T11:50:00+05:30,1846.0999755859375,1848.9000244140625,1845.5,1848.4000244140625,13129.0,yahoo
SUNPHARMA,5m,2026-09-11T11:55:00+05:30,1848.300048828125,1850.0,1847.5,1849.9000244140625,13519.0,yahoo
SUNPHARMA,5m,2026-09-11T12:00:00+05:30,1849.9000244140625,1849.9000244140625,1847.800048828125,1848.800048828125,12962.0,yahoo
SUNPHARMA,5m,2026-09-11T12:05:00+05:30,1848.800048828125,1852.0999755859375,1848.699951171875,1851.800048828125,48772.0,yahoo
SUNPHARMA,5m,2026-09-11T12:10:00+05:30,1851.699951171875,1851.699951171875,1848.0,1848.300048828125,36068.0,yahoo
SUNPHARMA,5m,2026-09-11T12:15:00+05:30,1848.300048828125,1850.0,1848.0,1849.0999755859375,21197.0,yahoo
SUNPHARMA,5m,2026-09-11T12:20:00+05:30,1849.199951171875,1850.0999755859375,1847.5,1849.9000244140625,23046.0,yahoo
SUNPHARMA,5m,2026-09-11T12:25:00+05:30,1849.9000244140625,1849.9000244140625,1844.699951171875,1847.0999755859375,47309.0,yahoo
SUNPHARMA,5m,2026-09-11T12:30:00+05:30,1847.0999755859375,1850.199951171875,1846.9000244140625,1850.199951171875,8619.0,yahoo
SUNPHARMA,5m,2026-09-11T12:35:00+05:30,1849.300048828125,1849.300048828125,1847.699951171875,1847.800048828125,8882.0,yahoo
SUNPHARMA,5m,2026-09-11T12:40:00+05:30,1847.9000244140625,1848.300048828125,1843.800048828125,1843.9000244140625,7842.0,yahoo
SUNPHARMA,5m,2026-09-11T12:45:00+05:30,1843.800048828125,1844.4000244140625,1842.199951171875,1843.5999755859375,13844.0,yahoo
SUNPHARMA,5m,2026-09-11T12:50:00+05:30,1843.5999755859375,1844.0999755859375,1842.0999755859375,1843.0999755859375,20412.0,yahoo
SUNPHARMA,5m,2026-09-11T12:55:00+05:30,1843.4000244140625,1844.199951171875,1842.9000244140625,1843.300048828125,15266.0,yahoo
SUNPHARMA,5m,2026-09-11T13:00:00+05:30,1843.0999755859375,1844.199951171875,1842.699951171875,1843.0,22884.0,yahoo
SUNPHARMA,5m,2026-09-11T13:05:00+05:30,1842.5999755859375,1844.5,1842.300048828125,1843.699951171875,9708.0,yahoo
SUNPHARMA,5m,2026-09-11T13:10:00+05:30,1843.699951171875,1846.5999755859375,1843.0,1845.800048828125,36761.0,yahoo
SUNPHARMA,5m,2026-09-11T13:15:00+05:30,1846.0,1846.800048828125,1844.300048828125,1846.199951171875,28730.0,yahoo
SUNPHARMA,5m,2026-09-11T13:20:00+05:30,1846.199951171875,1847.9000244140625,1846.0,1846.0,10242.0,yahoo
SUNPHARMA,5m,2026-09-11T13:25:00+05:30,1846.199951171875,1846.5999755859375,1844.0,1846.4000244140625,11473.0,yahoo
SUNPHARMA,5m,2026-09-11T13:30:00+05:30,1846.4000244140625,1846.5999755859375,1842.199951171875,1842.699951171875,17824.0,yahoo
SUNPHARMA,5m,2026-09-11T13:35:00+05:30,1842.699951171875,1844.199951171875,1841.800048828125,1843.5999755859375,26984.0,yahoo
SUNPHARMA,5m,2026-09-11T13:40:00+05:30,1843.699951171875,1844.199951171875,1841.5999755859375,1841.5999755859375,10909.0,yahoo
SUNPHARMA,5m,2026-09-11T13:45:00+05:30,1842.4000244140625,1843.0999755859375,1841.800048828125,1842.5999755859375,12997.0,yahoo
SUNPHARMA,5m,2026-09-11T13:50:00+05:30,1842.5999755859375,1844.0999755859375,1841.699951171875,1843.0,10209.0,yahoo
SUNPHARMA,5m,2026-09-11T13:55:00+05:30,1843.199951171875,1843.800048828125,1843.0,1843.5999755859375,8109.0,yahoo
SUNPHARMA,5m,2026-09-11T14:00:00+05:30,1843.5999755859375,1844.800048828125,1843.0,1843.9000244140625,18708.0,yahoo
SUNPHARMA,5m,2026-09-11T14:05:00+05:30,1843.9000244140625,1844.4000244140625,1842.5,1842.9000244140625,9501.0,yahoo
SUNPHARMA,5m,2026-09-11T14:10:00+05:30,1842.699951171875,1843.699951171875,1841.0,1841.0,26221.0,yahoo
SUNPHARMA,5m,2026-09-11T14:15:00+05:30,1842.4000244140625,1843.5999755859375,1841.0,1842.0999755859375,26172.0,yahoo
SUNPHARMA,5m,2026-09-11T14:20:00+05:30,1842.5999755859375,1843.9000244140625,1842.0,1842.800048828125,14273.0,yahoo
SUNPHARMA,5m,2026-09-11T14:25:00+05:30,1842.0,1842.699951171875,1840.699951171875,1840.800048828125,10161.0,yahoo
SUNPHARMA,5m,2026-09-11T14:30:00+05:30,1841.300048828125,1842.300048828125,1840.699951171875,1840.9000244140625,12947.0,yahoo
SUNPHARMA,5m,2026-09-11T14:35:00+05:30,1840.699951171875,1841.800048828125,1839.0,1839.9000244140625,19999.0,yahoo
SUNPHARMA,5m,2026-09-11T14:40:00+05:30,1840.300048828125,1840.300048828125,1837.300048828125,1838.0999755859375,16060.0,yahoo
SUNPHARMA,5m,2026-09-11T14:45:00+05:30,1837.5999755859375,1839.199951171875,1836.199951171875,1837.4000244140625,27138.0,yahoo
SUNPHARMA,5m,2026-09-11T14:50:00+05:30,1837.4000244140625,1837.9000244140625,1836.800048828125,1837.4000244140625,14225.0,yahoo
SUNPHARMA,5m,2026-09-11T14:55:00+05:30,1837.0999755859375,1837.0999755859375,1835.199951171875,1836.300048828125,15118.0,yahoo
SUNPHARMA,5m,2026-09-11T15:00:00+05:30,1836.0,1836.5999755859375,1834.199951171875,1834.199951171875,21465.0,yahoo
SUNPHARMA,5m,2026-09-11T15:05:00+05:30,1834.5,1837.699951171875,1834.300048828125,1837.699951171875,49140.0,yahoo
SUNPHARMA,5m,2026-09-11T15:10:00+05:30,1837.5,1840.9000244140625,1836.4000244140625,1840.9000244140625,46970.0,yahoo
SUNPHARMA,5m,2026-09-11T15:15:00+05:30,1840.5,1840.5,1840.0,1840.0,118621.0,yahoo
SUZLON,5m,2026-09-11T09:15:00+05:30,44.04999923706055,44.04999923706055,43.27000045776367,43.400001525878906,0.0,yahoo
SUZLON,5m,2026-09-11T09:20:00+05:30,43.36000061035156,43.47999954223633,43.25,43.47999954223633,2160995.0,yahoo
SUZLON,5m,2026-09-11T09:25:00+05:30,43.43000030517578,43.5,43.349998474121094,43.43000030517578,1534846.0,yahoo
SUZLON,5m,2026-09-11T09:30:00+05:30,43.41999816894531,43.63999938964844,43.41999816894531,43.52000045776367,1471424.0,yahoo
SUZLON,5m,2026-09-11T09:35:00+05:30,43.52000045776367,43.56999969482422,43.41999816894531,43.439998626708984,707498.0,yahoo
SUZLON,5m,2026-09-11T09:40:00+05:30,43.439998626708984,43.45000076293945,43.36000061035156,43.369998931884766,1038434.0,yahoo
SUZLON,5m,2026-09-11T09:45:00+05:30,43.369998931884766,43.41999816894531,43.34000015258789,43.400001525878906,1160815.0,yahoo
SUZLON,5m,2026-09-11T09:50:00+05:30,43.41999816894531,43.529998779296875,43.36000061035156,43.369998931884766,974682.0,yahoo
SUZLON,5m,2026-09-11T09:55:00+05:30,43.369998931884766,43.43000030517578,43.349998474121094,43.38999938964844,656234.0,yahoo
SUZLON,5m,2026-09-11T10:00:00+05:30,43.43000030517578,43.63999938964844,43.40999984741211,43.59000015258789,924744.0,yahoo
SUZLON,5m,2026-09-11T10:05:00+05:30,43.58000183105469,43.58000183105469,43.5,43.52000045776367,1197713.0,yahoo
SUZLON,5m,2026-09-11T10:10:00+05:30,43.529998779296875,43.63999938964844,43.439998626708984,43.59000015258789,862992.0,yahoo
SUZLON,5m,2026-09-11T10:15:00+05:30,43.59000015258789,43.599998474121094,43.52000045776367,43.540000915527344,167000.0,yahoo
SUZLON,5m,2026-09-11T10:20:00+05:30,43.540000915527344,43.630001068115234,43.52000045776367,43.540000915527344,426310.0,yahoo
SUZLON,5m,2026-09-11T10:25:00+05:30,43.540000915527344,43.540000915527344,43.41999816894531,43.4900016784668,531241.0,yahoo
SUZLON,5m,2026-09-11T10:30:00+05:30,43.459999084472656,43.529998779296875,43.45000076293945,43.529998779296875,192128.0,yahoo
SUZLON,5m,2026-09-11T10:35:00+05:30,43.5099983215332,43.72999954223633,43.5099983215332,43.709999084472656,789555.0,yahoo
SUZLON,5m,2026-09-11T10:40:00+05:30,43.70000076293945,43.84000015258789,43.689998626708984,43.84000015258789,749123.0,yahoo
SUZLON,5m,2026-09-11T10:45:00+05:30,43.849998474121094,43.95000076293945,43.81999969482422,43.90999984741211,614079.0,yahoo
SUZLON,5m,2026-09-11T10:50:00+05:30,43.90999984741211,43.90999984741211,43.83000183105469,43.84000015258789,471877.0,yahoo
SUZLON,5m,2026-09-11T10:55:00+05:30,43.84000015258789,43.880001068115234,43.79999923706055,43.79999923706055,651251.0,yahoo
SUZLON,5m,2026-09-11T11:00:00+05:30,43.779998779296875,43.97999954223633,43.779998779296875,43.939998626708984,985951.0,yahoo
SUZLON,5m,2026-09-11T11:05:00+05:30,43.93000030517578,44.040000915527344,43.90999984741211,44.0,693114.0,yahoo
SUZLON,5m,2026-09-11T11:10:00+05:30,44.02000045776367,44.119998931884766,44.0,44.119998931884766,568212.0,yahoo
SUZLON,5m,2026-09-11T11:15:00+05:30,44.11000061035156,44.15999984741211,44.02000045776367,44.06999969482422,817531.0,yahoo
SUZLON,5m,2026-09-11T11:20:00+05:30,44.06999969482422,44.099998474121094,44.029998779296875,44.099998474121094,348793.0,yahoo
SUZLON,5m,2026-09-11T11:25:00+05:30,44.099998474121094,44.11000061035156,44.040000915527344,44.040000915527344,271208.0,yahoo
SUZLON,5m,2026-09-11T11:30:00+05:30,44.060001373291016,44.08000183105469,44.029998779296875,44.06999969482422,212785.0,yahoo
SUZLON,5m,2026-09-11T11:35:00+05:30,44.060001373291016,44.06999969482422,43.970001220703125,44.040000915527344,489304.0,yahoo
SUZLON,5m,2026-09-11T11:40:00+05:30,44.04999923706055,44.08000183105469,43.93000030517578,43.970001220703125,720269.0,yahoo
SUZLON,5m,2026-09-11T11:45:00+05:30,44.0,44.06999969482422,43.970001220703125,43.9900016784668,670410.0,yahoo
SUZLON,5m,2026-09-11T11:50:00+05:30,43.970001220703125,44.029998779296875,43.970001220703125,44.029998779296875,471794.0,yahoo
SUZLON,5m,2026-09-11T11:55:00+05:30,44.02000045776367,44.02000045776367,43.95000076293945,43.9900016784668,447445.0,yahoo
SUZLON,5m,2026-09-11T12:00:00+05:30,43.9900016784668,44.02000045776367,43.91999816894531,43.959999084472656,1005044.0,yahoo
SUZLON,5m,2026-09-11T12:05:00+05:30,43.959999084472656,43.97999954223633,43.95000076293945,43.970001220703125,136014.0,yahoo
SUZLON,5m,2026-09-11T12:10:00+05:30,43.970001220703125,43.970001220703125,43.849998474121094,43.86000061035156,512848.0,yahoo
SUZLON,5m,2026-09-11T12:15:00+05:30,43.869998931884766,43.970001220703125,43.869998931884766,43.970001220703125,394747.0,yahoo
SUZLON,5m,2026-09-11T12:20:00+05:30,43.970001220703125,43.9900016784668,43.959999084472656,43.97999954223633,168469.0,yahoo
SUZLON,5m,2026-09-11T12:25:00+05:30,44.0099983215332,44.04999923706055,43.97999954223633,44.040000915527344,758127.0,yahoo
SUZLON,5m,2026-09-11T12:30:00+05:30,44.029998779296875,44.099998474121094,44.029998779296875,44.08000183105469,328279.0,yahoo
SUZLON,5m,2026-09-11T12:35:00+05:30,44.09000015258789,44.130001068115234,44.09000015258789,44.119998931884766,262777.0,yahoo
SUZLON,5m,2026-09-11T12:40:00+05:30,44.119998931884766,44.13999938964844,44.08000183105469,44.13999938964844,211439.0,yahoo
SUZLON,5m,2026-09-11T12:45:00+05:30,44.130001068115234,44.13999938964844,44.060001373291016,44.099998474121094,294968.0,yahoo
SUZLON,5m,2026-09-11T12:50:00+05:30,44.099998474121094,44.13999938964844,44.06999969482422,44.13999938964844,286045.0,yahoo
SUZLON,5m,2026-09-11T12:55:00+05:30,44.130001068115234,44.150001525878906,44.04999923706055,44.09000015258789,338905.0,yahoo
SUZLON,5m,2026-09-11T13:00:00+05:30,44.09000015258789,44.09000015258789,43.959999084472656,43.97999954223633,1032101.0,yahoo
SUZLON,5m,2026-09-11T13:05:00+05:30,43.959999084472656,43.970001220703125,43.900001525878906,43.95000076293945,250126.0,yahoo
SUZLON,5m,2026-09-11T13:10:00+05:30,43.939998626708984,44.0,43.939998626708984,43.970001220703125,264209.0,yahoo
SUZLON,5m,2026-09-11T13:15:00+05:30,43.97999954223633,44.02000045776367,43.959999084472656,43.959999084472656,393953.0,yahoo
SUZLON,5m,2026-09-11T13:20:00+05:30,43.959999084472656,43.97999954223633,43.91999816894531,43.97999954223633,244335.0,yahoo
SUZLON,5m,2026-09-11T13:25:00+05:30,43.97999954223633,44.040000915527344,43.970001220703125,44.029998779296875,326345.0,yahoo
SUZLON,5m,2026-09-11T13:30:00+05:30,44.029998779296875,44.09000015258789,44.029998779296875,44.04999923706055,319253.0,yahoo
SUZLON,5m,2026-09-11T13:35:00+05:30,44.040000915527344,44.08000183105469,44.040000915527344,44.040000915527344,332884.0,yahoo
SUZLON,5m,2026-09-11T13:40:00+05:30,44.04999923706055,44.08000183105469,43.95000076293945,44.0099983215332,480946.0,yahoo
SUZLON,5m,2026-09-11T13:45:00+05:30,44.02000045776367,44.060001373291016,43.970001220703125,44.04999923706055,358479.0,yahoo
SUZLON,5m,2026-09-11T13:50:00+05:30,44.04999923706055,44.189998626708984,44.04999923706055,44.099998474121094,523461.0,yahoo
SUZLON,5m,2026-09-11T13:55:00+05:30,44.119998931884766,44.22999954223633,44.119998931884766,44.18000030517578,543197.0,yahoo
SUZLON,5m,2026-09-11T14:00:00+05:30,44.18000030517578,44.33000183105469,44.16999816894531,44.310001373291016,691832.0,yahoo
SUZLON,5m,2026-09-11T14:05:00+05:30,44.310001373291016,44.31999969482422,44.27000045776367,44.27000045776367,280904.0,yahoo
SUZLON,5m,2026-09-11T14:10:00+05:30,44.279998779296875,44.279998779296875,44.2400016784668,44.2599983215332,333384.0,yahoo
SUZLON,5m,2026-09-11T14:15:00+05:30,44.279998779296875,44.279998779296875,44.220001220703125,44.279998779296875,379040.0,yahoo
SUZLON,5m,2026-09-11T14:20:00+05:30,44.279998779296875,44.33000183105469,44.16999816894531,44.31999969482422,890151.0,yahoo
SUZLON,5m,2026-09-11T14:25:00+05:30,44.33000183105469,44.36000061035156,44.29999923706055,44.34000015258789,569392.0,yahoo
SUZLON,5m,2026-09-11T14:30:00+05:30,44.33000183105469,44.36000061035156,44.27000045776367,44.27000045776367,476080.0,yahoo
SUZLON,5m,2026-09-11T14:35:00+05:30,44.27000045776367,44.279998779296875,44.16999816894531,44.18000030517578,479077.0,yahoo
SUZLON,5m,2026-09-11T14:40:00+05:30,44.18000030517578,44.209999084472656,44.130001068115234,44.189998626708984,430738.0,yahoo
SUZLON,5m,2026-09-11T14:45:00+05:30,44.189998626708984,44.189998626708984,44.15999984741211,44.18000030517578,424034.0,yahoo
SUZLON,5m,2026-09-11T14:50:00+05:30,44.20000076293945,44.20000076293945,44.150001525878906,44.16999816894531,416236.0,yahoo
SUZLON,5m,2026-09-11T14:55:00+05:30,44.15999984741211,44.18000030517578,44.15999984741211,44.18000030517578,399004.0,yahoo
SUZLON,5m,2026-09-11T15:00:00+05:30,44.16999816894531,44.189998626708984,44.029998779296875,44.040000915527344,1485759.0,yahoo
SUZLON,5m,2026-09-11T15:05:00+05:30,44.060001373291016,44.130001068115234,44.060001373291016,44.119998931884766,1775900.0,yahoo
SUZLON,5m,2026-09-11T15:10:00+05:30,44.119998931884766,44.5,44.119998931884766,44.47999954223633,2772143.0,yahoo
SUZLON,5m,2026-09-11T15:15:00+05:30,44.5,44.5,44.119998931884766,44.119998931884766,1979533.0,yahoo
TATACONSUM,5m,2026-09-11T09:15:00+05:30,993.2999877929688,996.5999755859375,990.5999755859375,996.5,0.0,yahoo
TATACONSUM,5m,2026-09-11T09:20:00+05:30,995.0,995.9000244140625,992.2000122070312,993.4000244140625,13390.0,yahoo
TATACONSUM,5m,2026-09-11T09:25:00+05:30,992.9000244140625,993.2000122070312,991.4000244140625,991.7999877929688,10166.0,yahoo
TATACONSUM,5m,2026-09-11T09:30:00+05:30,992.2000122070312,993.0999755859375,990.5999755859375,992.2000122070312,13984.0,yahoo
TATACONSUM,5m,2026-09-11T09:35:00+05:30,992.2000122070312,993.0999755859375,991.4000244140625,991.4000244140625,8392.0,yahoo
TATACONSUM,5m,2026-09-11T09:40:00+05:30,991.7999877929688,992.7000122070312,990.5,991.9000244140625,6807.0,yahoo
TATACONSUM,5m,2026-09-11T09:45:00+05:30,992.2999877929688,992.7999877929688,991.4000244140625,991.9000244140625,5820.0,yahoo
TATACONSUM,5m,2026-09-11T09:50:00+05:30,992.4000244140625,993.2999877929688,992.2000122070312,993.0,7067.0,yahoo
TATACONSUM,5m,2026-09-11T09:55:00+05:30,993.0,994.5,992.5,993.7999877929688,11041.0,yahoo
TATACONSUM,5m,2026-09-11T10:00:00+05:30,993.2999877929688,993.9000244140625,992.9000244140625,993.7000122070312,4278.0,yahoo
TATACONSUM,5m,2026-09-11T10:05:00+05:30,993.9000244140625,993.9000244140625,991.7999877929688,993.4000244140625,22112.0,yahoo
TATACONSUM,5m,2026-09-11T10:10:00+05:30,993.4000244140625,993.7000122070312,992.9000244140625,993.2000122070312,6013.0,yahoo
TATACONSUM,5m,2026-09-11T10:15:00+05:30,992.9000244140625,994.4000244140625,992.5,994.2999877929688,9447.0,yahoo
TATACONSUM,5m,2026-09-11T10:20:00+05:30,994.7000122070312,994.7999877929688,993.2999877929688,993.5999755859375,4536.0,yahoo
TATACONSUM,5m,2026-09-11T10:25:00+05:30,993.5999755859375,994.4000244140625,992.0,992.7000122070312,9581.0,yahoo
TATACONSUM,5m,2026-09-11T10:30:00+05:30,992.7000122070312,993.4000244140625,992.5999755859375,993.4000244140625,3920.0,yahoo
TATACONSUM,5m,2026-09-11T10:35:00+05:30,992.5999755859375,993.5999755859375,992.4000244140625,992.9000244140625,9786.0,yahoo
TATACONSUM,5m,2026-09-11T10:40:00+05:30,992.9000244140625,994.7000122070312,992.5,994.5999755859375,6917.0,yahoo
TATACONSUM,5m,2026-09-11T10:45:00+05:30,994.4000244140625,995.0,994.4000244140625,994.7000122070312,4409.0,yahoo
TATACONSUM,5m,2026-09-11T10:50:00+05:30,994.7000122070312,994.7000122070312,993.0,993.5,4888.0,yahoo
TATACONSUM,5m,2026-09-11T10:55:00+05:30,993.5,995.4000244140625,992.9000244140625,995.4000244140625,17738.0,yahoo
TATACONSUM,5m,2026-09-11T11:00:00+05:30,995.7999877929688,997.5999755859375,995.5,996.5999755859375,66089.0,yahoo
TATACONSUM,5m,2026-09-11T11:05:00+05:30,996.7000122070312,997.7000122070312,996.2000122070312,997.7000122070312,7227.0,yahoo
TATACONSUM,5m,2026-09-11T11:10:00+05:30,998.0,999.2999877929688,996.9000244140625,998.5999755859375,14618.0,yahoo
TATACONSUM,5m,2026-09-11T11:15:00+05:30,998.9000244140625,999.5999755859375,998.0999755859375,998.7000122070312,22147.0,yahoo
TATACONSUM,5m,2026-09-11T11:20:00+05:30,999.2999877929688,999.2999877929688,998.0999755859375,999.0999755859375,4175.0,yahoo
TATACONSUM,5m,2026-09-11T11:25:00+05:30,999.2999877929688,999.5,996.0,996.5,52526.0,yahoo
TATACONSUM,5m,2026-09-11T11:30:00+05:30,996.5,996.7000122070312,995.5999755859375,996.2999877929688,5238.0,yahoo
TATACONSUM,5m,2026-09-11T11:35:00+05:30,996.4000244140625,996.4000244140625,995.0,995.2999877929688,4563.0,yahoo
TATACONSUM,5m,2026-09-11T11:40:00+05:30,995.2999877929688,995.2999877929688,994.0999755859375,994.5999755859375,7282.0,yahoo
TATACONSUM,5m,2026-09-11T11:45:00+05:30,994.7999877929688,994.9000244140625,991.2000122070312,991.7999877929688,11705.0,yahoo
TATACONSUM,5m,2026-09-11T11:50:00+05:30,991.7000122070312,992.4000244140625,991.0999755859375,991.5999755859375,5379.0,yahoo
TATACONSUM,5m,2026-09-11T11:55:00+05:30,991.5999755859375,992.0,991.5,991.5999755859375,8389.0,yahoo
TATACONSUM,5m,2026-09-11T12:00:00+05:30,991.5999755859375,992.2999877929688,991.5,992.2999877929688,4963.0,yahoo
TATACONSUM,5m,2026-09-11T12:05:00+05:30,992.2999877929688,993.4000244140625,992.2999877929688,993.2999877929688,5108.0,yahoo
TATACONSUM,5m,2026-09-11T12:10:00+05:30,993.0999755859375,993.0999755859375,992.0,992.2999877929688,5074.0,yahoo
TATACONSUM,5m,2026-09-11T12:15:00+05:30,992.2999877929688,993.7000122070312,992.2999877929688,993.0999755859375,6007.0,yahoo
TATACONSUM,5m,2026-09-11T12:20:00+05:30,993.2000122070312,993.2000122070312,991.7999877929688,992.5,10656.0,yahoo
TATACONSUM,5m,2026-09-11T12:25:00+05:30,992.5,992.5999755859375,991.9000244140625,992.4000244140625,5368.0,yahoo
TATACONSUM,5m,2026-09-11T12:30:00+05:30,992.4000244140625,994.5999755859375,992.2000122070312,994.5999755859375,8210.0,yahoo
TATACONSUM,5m,2026-09-11T12:35:00+05:30,994.7000122070312,995.2999877929688,994.0,994.7000122070312,9124.0,yahoo
TATACONSUM,5m,2026-09-11T12:40:00+05:30,994.9000244140625,995.0999755859375,994.2000122070312,994.4000244140625,8786.0,yahoo
TATACONSUM,5m,2026-09-11T12:45:00+05:30,994.9000244140625,995.0999755859375,994.2999877929688,994.5999755859375,7912.0,yahoo
TATACONSUM,5m,2026-09-11T12:50:00+05:30,994.7000122070312,995.4000244140625,994.2999877929688,995.0,8146.0,yahoo
TATACONSUM,5m,2026-09-11T12:55:00+05:30,994.5,995.5999755859375,994.5,994.7000122070312,10071.0,yahoo
TATACONSUM,5m,2026-09-11T13:00:00+05:30,995.2000122070312,997.0,995.0,996.7000122070312,7629.0,yahoo
TATACONSUM,5m,2026-09-11T13:05:00+05:30,996.4000244140625,996.7999877929688,995.5999755859375,996.4000244140625,9033.0,yahoo
TATACONSUM,5m,2026-09-11T13:10:00+05:30,996.5,996.7000122070312,995.2999877929688,995.9000244140625,10681.0,yahoo
TATACONSUM,5m,2026-09-11T13:15:00+05:30,995.9000244140625,996.0999755859375,995.2999877929688,995.4000244140625,7261.0,yahoo
TATACONSUM,5m,2026-09-11T13:20:00+05:30,995.5,996.0,995.0999755859375,996.0,10029.0,yahoo
TATACONSUM,5m,2026-09-11T13:25:00+05:30,996.0,996.0,995.0,995.5,9561.0,yahoo
TATACONSUM,5m,2026-09-11T13:30:00+05:30,995.5,995.5999755859375,994.7000122070312,995.2999877929688,8129.0,yahoo
TATACONSUM,5m,2026-09-11T13:35:00+05:30,995.2000122070312,995.9000244140625,994.5999755859375,995.7999877929688,7648.0,yahoo
TATACONSUM,5m,2026-09-11T13:40:00+05:30,995.2999877929688,995.5,993.7999877929688,994.7999877929688,10791.0,yahoo
TATACONSUM,5m,2026-09-11T13:45:00+05:30,994.7000122070312,995.0,994.0,994.5999755859375,7222.0,yahoo
TATACONSUM,5m,2026-09-11T13:50:00+05:30,995.0,996.2000122070312,994.5999755859375,995.4000244140625,11967.0,yahoo
TATACONSUM,5m,2026-09-11T13:55:00+05:30,995.5999755859375,996.2999877929688,994.5,995.0999755859375,10708.0,yahoo
TATACONSUM,5m,2026-09-11T14:00:00+05:30,994.5,995.7000122070312,994.2999877929688,994.9000244140625,10046.0,yahoo
TATACONSUM,5m,2026-09-11T14:05:00+05:30,995.0,995.0999755859375,993.2000122070312,993.7999877929688,20866.0,yahoo
TATACONSUM,5m,2026-09-11T14:10:00+05:30,993.7999877929688,994.0,992.2999877929688,992.7999877929688,29079.0,yahoo
TATACONSUM,5m,2026-09-11T14:15:00+05:30,992.9000244140625,993.4000244140625,992.5,993.0,6124.0,yahoo
TATACONSUM,5m,2026-09-11T14:20:00+05:30,992.7999877929688,993.0,992.0,992.7000122070312,7771.0,yahoo
TATACONSUM,5m,2026-09-11T14:25:00+05:30,992.9000244140625,993.7999877929688,992.5999755859375,993.4000244140625,9398.0,yahoo
TATACONSUM,5m,2026-09-11T14:30:00+05:30,993.5999755859375,994.7000122070312,993.4000244140625,994.0,8056.0,yahoo
TATACONSUM,5m,2026-09-11T14:35:00+05:30,994.0999755859375,994.0999755859375,992.9000244140625,993.2000122070312,8168.0,yahoo
TATACONSUM,5m,2026-09-11T14:40:00+05:30,993.2000122070312,993.2999877929688,992.5999755859375,993.2999877929688,6561.0,yahoo
TATACONSUM,5m,2026-09-11T14:45:00+05:30,993.0,993.0,991.5,991.7000122070312,9385.0,yahoo
TATACONSUM,5m,2026-09-11T14:50:00+05:30,991.7999877929688,992.2999877929688,991.4000244140625,992.0,12346.0,yahoo
TATACONSUM,5m,2026-09-11T14:55:00+05:30,992.0999755859375,992.2999877929688,991.7999877929688,992.2000122070312,6689.0,yahoo
TATACONSUM,5m,2026-09-11T15:00:00+05:30,991.9000244140625,991.9000244140625,988.5999755859375,989.2000122070312,36450.0,yahoo
TATACONSUM,5m,2026-09-11T15:05:00+05:30,989.0999755859375,989.0999755859375,988.2000122070312,988.2999877929688,28850.0,yahoo
TATACONSUM,5m,2026-09-11T15:10:00+05:30,988.5,993.9000244140625,988.5,991.0,48104.0,yahoo
TATACONSUM,5m,2026-09-11T15:15:00+05:30,990.5,991.0,990.5,991.0,46312.0,yahoo
TATAMOTORS,5m,2026-09-11T09:15:00+05:30,433.1000061035156,434.1000061035156,425.6000061035156,428.75,0.0,yahoo
TATAMOTORS,5m,2026-09-11T09:20:00+05:30,428.70001220703125,430.29998779296875,428.3999938964844,429.95001220703125,145526.0,yahoo
TATAMOTORS,5m,2026-09-11T09:25:00+05:30,430.0,430.45001220703125,428.6000061035156,428.6000061035156,91911.0,yahoo
TATAMOTORS,5m,2026-09-11T09:30:00+05:30,428.8500061035156,430.8999938964844,428.6499938964844,430.5,97136.0,yahoo
TATAMOTORS,5m,2026-09-11T09:35:00+05:30,430.5,430.79998779296875,430.20001220703125,430.54998779296875,43680.0,yahoo
TATAMOTORS,5m,2026-09-11T09:40:00+05:30,430.5,431.20001220703125,430.0,430.8999938964844,82946.0,yahoo
TATAMOTORS,5m,2026-09-11T09:45:00+05:30,430.79998779296875,432.1000061035156,430.75,431.79998779296875,58039.0,yahoo
TATAMOTORS,5m,2026-09-11T09:50:00+05:30,431.8999938964844,432.1000061035156,431.3999938964844,431.3999938964844,31390.0,yahoo
TATAMOTORS,5m,2026-09-11T09:55:00+05:30,431.3500061035156,432.6000061035156,431.3500061035156,431.70001220703125,39283.0,yahoo
TATAMOTORS,5m,2026-09-11T10:00:00+05:30,431.8500061035156,432.1499938964844,431.29998779296875,432.0,25741.0,yahoo
TATAMOTORS,5m,2026-09-11T10:05:00+05:30,431.8500061035156,434.3500061035156,431.0,433.45001220703125,141219.0,yahoo
TATAMOTORS,5m,2026-09-11T10:10:00+05:30,433.45001220703125,434.5,433.20001220703125,434.0,60484.0,yahoo
TATAMOTORS,5m,2026-09-11T10:15:00+05:30,433.8500061035156,433.95001220703125,433.04998779296875,433.75,44166.0,yahoo
TATAMOTORS,5m,2026-09-11T10:20:00+05:30,433.75,433.8999938964844,433.5,433.70001220703125,25559.0,yahoo
TATAMOTORS,5m,2026-09-11T10:25:00+05:30,433.70001220703125,433.70001220703125,432.29998779296875,432.5,42621.0,yahoo
TATAMOTORS,5m,2026-09-11T10:30:00+05:30,432.5,432.5,431.1000061035156,431.3500061035156,64765.0,yahoo
TATAMOTORS,5m,2026-09-11T10:35:00+05:30,431.3500061035156,431.8999938964844,431.25,431.70001220703125,48091.0,yahoo
TATAMOTORS,5m,2026-09-11T10:40:00+05:30,431.45001220703125,432.1000061035156,431.45001220703125,432.1000061035156,23139.0,yahoo
TATAMOTORS,5m,2026-09-11T10:45:00+05:30,432.1000061035156,432.70001220703125,431.75,432.6499938964844,40246.0,yahoo
TATAMOTORS,5m,2026-09-11T10:50:00+05:30,432.6499938964844,432.6499938964844,432.0,432.3500061035156,22688.0,yahoo
TATAMOTORS,5m,2026-09-11T10:55:00+05:30,432.20001220703125,432.8999938964844,432.04998779296875,432.54998779296875,28496.0,yahoo
TATAMOTORS,5m,2026-09-11T11:00:00+05:30,432.54998779296875,432.8500061035156,432.1499938964844,432.29998779296875,30275.0,yahoo
TATAMOTORS,5m,2026-09-11T11:05:00+05:30,432.04998779296875,433.0,432.0,433.0,41067.0,yahoo
TATAMOTORS,5m,2026-09-11T11:10:00+05:30,433.0,433.6000061035156,432.79998779296875,433.3500061035156,32802.0,yahoo
TATAMOTORS,5m,2026-09-11T11:15:00+05:30,433.3500061035156,433.3500061035156,431.5,431.5,53434.0,yahoo
TATAMOTORS,5m,2026-09-11T11:20:00+05:30,431.5,432.70001220703125,430.45001220703125,432.54998779296875,111470.0,yahoo
TATAMOTORS,5m,2026-09-11T11:25:00+05:30,432.6499938964844,433.70001220703125,431.79998779296875,432.1000061035156,136661.0,yahoo
TATAMOTORS,5m,2026-09-11T11:30:00+05:30,432.1000061035156,433.04998779296875,432.0,432.79998779296875,133157.0,yahoo
TATAMOTORS,5m,2026-09-11T11:35:00+05:30,432.79998779296875,433.3500061035156,432.6499938964844,432.8999938964844,43244.0,yahoo
TATAMOTORS,5m,2026-09-11T11:40:00+05:30,432.79998779296875,433.1499938964844,432.25,432.3500061035156,65125.0,yahoo
TATAMOTORS,5m,2026-09-11T11:45:00+05:30,432.29998779296875,432.5,432.04998779296875,432.04998779296875,43057.0,yahoo
TATAMOTORS,5m,2026-09-11T11:50:00+05:30,432.04998779296875,432.79998779296875,432.0,432.6000061035156,41388.0,yahoo
TATAMOTORS,5m,2026-09-11T11:55:00+05:30,432.79998779296875,433.6499938964844,432.6000061035156,433.3999938964844,44289.0,yahoo
TATAMOTORS,5m,2026-09-11T12:00:00+05:30,433.3999938964844,434.5,433.20001220703125,434.29998779296875,97130.0,yahoo
TATAMOTORS,5m,2026-09-11T12:05:00+05:30,434.20001220703125,434.54998779296875,433.8999938964844,434.0,58373.0,yahoo
TATAMOTORS,5m,2026-09-11T12:10:00+05:30,433.8999938964844,434.1000061035156,433.3500061035156,433.6000061035156,46045.0,yahoo
TATAMOTORS,5m,2026-09-11T12:15:00+05:30,433.6499938964844,434.1000061035156,433.3500061035156,433.75,44271.0,yahoo
TATAMOTORS,5m,2026-09-11T12:20:00+05:30,433.6000061035156,434.79998779296875,433.6000061035156,434.5,159493.0,yahoo
TATAMOTORS,5m,2026-09-11T12:25:00+05:30,434.5,434.95001220703125,434.20001220703125,434.6000061035156,57475.0,yahoo
TATAMOTORS,5m,2026-09-11T12:30:00+05:30,434.5,434.8500061035156,432.54998779296875,432.95001220703125,114224.0,yahoo
TATAMOTORS,5m,2026-09-11T12:35:00+05:30,433.1000061035156,433.6499938964844,432.75,433.6000061035156,38412.0,yahoo
TATAMOTORS,5m,2026-09-11T12:40:00+05:30,433.70001220703125,433.70001220703125,433.3500061035156,433.45001220703125,30950.0,yahoo
TATAMOTORS,5m,2026-09-11T12:45:00+05:30,433.3500061035156,434.0,433.3500061035156,433.6000061035156,39140.0,yahoo
TATAMOTORS,5m,2026-09-11T12:50:00+05:30,433.75,434.29998779296875,432.75,434.29998779296875,56887.0,yahoo
TATAMOTORS,5m,2026-09-11T12:55:00+05:30,434.29998779296875,434.6000061035156,434.1499938964844,434.3999938964844,55687.0,yahoo
TATAMOTORS,5m,2026-09-11T13:00:00+05:30,434.1499938964844,434.6499938964844,434.0,434.1499938964844,51699.0,yahoo
TATAMOTORS,5m,2026-09-11T13:05:00+05:30,434.3500061035156,434.3500061035156,433.3999938964844,433.70001220703125,45951.0,yahoo
TATAMOTORS,5m,2026-09-11T13:10:00+05:30,433.70001220703125,434.1000061035156,433.29998779296875,433.3500061035156,260616.0,yahoo
TATAMOTORS,5m,2026-09-11T13:15:00+05:30,433.3500061035156,434.5,433.0,434.5,102562.0,yahoo
TATAMOTORS,5m,2026-09-11T13:20:00+05:30,434.45001220703125,434.75,433.25,433.8500061035156,37823.0,yahoo
TATAMOTORS,5m,2026-09-11T13:25:00+05:30,433.6499938964844,434.3500061035156,433.6000061035156,433.6499938964844,40835.0,yahoo
TATAMOTORS,5m,2026-09-11T13:30:00+05:30,433.6499938964844,434.0,433.5,433.8500061035156,31382.0,yahoo
TATAMOTORS,5m,2026-09-11T13:35:00+05:30,433.8500061035156,433.8500061035156,433.20001220703125,433.3500061035156,54207.0,yahoo
TATAMOTORS,5m,2026-09-11T13:40:00+05:30,433.5,433.6499938964844,432.70001220703125,433.25,44296.0,yahoo
TATAMOTORS,5m,2026-09-11T13:45:00+05:30,433.20001220703125,433.20001220703125,432.0,432.54998779296875,54070.0,yahoo
TATAMOTORS,5m,2026-09-11T13:50:00+05:30,432.45001220703125,432.79998779296875,432.20001220703125,432.6000061035156,34563.0,yahoo
TATAMOTORS,5m,2026-09-11T13:55:00+05:30,432.79998779296875,434.20001220703125,432.6499938964844,433.70001220703125,62687.0,yahoo
TATAMOTORS,5m,2026-09-11T14:00:00+05:30,433.6499938964844,434.3999938964844,433.6499938964844,434.25,41635.0,yahoo
TATAMOTORS,5m,2026-09-11T14:05:00+05:30,434.20001220703125,434.3999938964844,432.3999938964844,432.3999938964844,60564.0,yahoo
TATAMOTORS,5m,2026-09-11T14:10:00+05:30,432.3999938964844,434.6000061035156,432.3999938964844,434.54998779296875,63733.0,yahoo
TATAMOTORS,5m,2026-09-11T14:15:00+05:30,434.3500061035156,435.8500061035156,434.04998779296875,434.75,142979.0,yahoo
TATAMOTORS,5m,2026-09-11T14:20:00+05:30,435.0,435.0,434.3999938964844,434.45001220703125,41009.0,yahoo
TATAMOTORS,5m,2026-09-11T14:25:00+05:30,434.6499938964844,435.3999938964844,434.1000061035156,435.04998779296875,66476.0,yahoo
TATAMOTORS,5m,2026-09-11T14:30:00+05:30,434.79998779296875,435.25,434.3999938964844,434.3999938964844,42383.0,yahoo
TATAMOTORS,5m,2026-09-11T14:35:00+05:30,434.5,435.1499938964844,434.29998779296875,435.1000061035156,55767.0,yahoo
TATAMOTORS,5m,2026-09-11T14:40:00+05:30,435.0,435.75,435.0,435.5,117188.0,yahoo
TATAMOTORS,5m,2026-09-11T14:45:00+05:30,435.25,435.79998779296875,433.70001220703125,434.20001220703125,511436.0,yahoo
TATAMOTORS,5m,2026-09-11T14:50:00+05:30,434.29998779296875,434.5,433.6499938964844,434.3500061035156,219729.0,yahoo
TATAMOTORS,5m,2026-09-11T14:55:00+05:30,434.3500061035156,434.45001220703125,433.5,434.3999938964844,202105.0,yahoo
TATAMOTORS,5m,2026-09-11T15:00:00+05:30,434.3999938964844,434.70001220703125,432.95001220703125,434.70001220703125,363259.0,yahoo
TATAMOTORS,5m,2026-09-11T15:05:00+05:30,434.8500061035156,436.6000061035156,434.6000061035156,435.79998779296875,323989.0,yahoo
TATAMOTORS,5m,2026-09-11T15:10:00+05:30,435.79998779296875,435.79998779296875,434.6000061035156,435.25,227719.0,yahoo
TATAMOTORS,5m,2026-09-11T15:15:00+05:30,435.25,435.25,433.54998779296875,433.95001220703125,230620.0,yahoo
TATAMOTORS,5m,2026-09-11T15:20:00+05:30,433.95001220703125,435.5,432.79998779296875,435.04998779296875,336034.0,yahoo
TATAMOTORS,5m,2026-09-11T15:25:00+05:30,435.04998779296875,436.0,434.1000061035156,435.1000061035156,117988.0,yahoo
TATASTEEL,5m,2026-09-11T09:15:00+05:30,184.1999969482422,184.1999969482422,180.86000061035156,181.6699981689453,0.0,yahoo
TATASTEEL,5m,2026-09-11T09:20:00+05:30,181.6999969482422,182.5800018310547,181.1300048828125,181.86000061035156,4365978.0,yahoo
TATASTEEL,5m,2026-09-11T09:25:00+05:30,181.88999938964844,182.36000061035156,181.82000732421875,182.27999877929688,491671.0,yahoo
TATASTEEL,5m,2026-09-11T09:30:00+05:30,182.32000732421875,182.38999938964844,182.0,182.1999969482422,556368.0,yahoo
TATASTEEL,5m,2026-09-11T09:35:00+05:30,182.3300018310547,182.38999938964844,182.05999755859375,182.05999755859375,300470.0,yahoo
TATASTEEL,5m,2026-09-11T09:40:00+05:30,182.24000549316406,182.25,182.0,182.1300048828125,478983.0,yahoo
TATASTEEL,5m,2026-09-11T09:45:00+05:30,182.14999389648438,182.32000732421875,182.11000061035156,182.25,296830.0,yahoo
TATASTEEL,5m,2026-09-11T09:50:00+05:30,182.3300018310547,182.38999938964844,182.10000610351562,182.1199951171875,247727.0,yahoo
TATASTEEL,5m,2026-09-11T09:55:00+05:30,182.1300048828125,182.39999389648438,182.1300048828125,182.3000030517578,206489.0,yahoo
TATASTEEL,5m,2026-09-11T10:00:00+05:30,182.3699951171875,182.5399932861328,182.22999572753906,182.47000122070312,315850.0,yahoo
TATASTEEL,5m,2026-09-11T10:05:00+05:30,182.47000122070312,182.6699981689453,182.4199981689453,182.5,300412.0,yahoo
TATASTEEL,5m,2026-09-11T10:10:00+05:30,182.5,182.6300048828125,182.3699951171875,182.47999572753906,395102.0,yahoo
TATASTEEL,5m,2026-09-11T10:15:00+05:30,182.4199981689453,182.47000122070312,182.27000427246094,182.3000030517578,236842.0,yahoo
TATASTEEL,5m,2026-09-11T10:20:00+05:30,182.32000732421875,182.55999755859375,182.3000030517578,182.4499969482422,181688.0,yahoo
TATASTEEL,5m,2026-09-11T10:25:00+05:30,182.4499969482422,182.5,182.24000549316406,182.27999877929688,248412.0,yahoo
TATASTEEL,5m,2026-09-11T10:30:00+05:30,182.3300018310547,182.3699951171875,182.19000244140625,182.33999633789062,180341.0,yahoo
TATASTEEL,5m,2026-09-11T10:35:00+05:30,182.25,182.49000549316406,182.25,182.38999938964844,152736.0,yahoo
TATASTEEL,5m,2026-09-11T10:40:00+05:30,182.39999389648438,182.63999938964844,182.36000061035156,182.63999938964844,186296.0,yahoo
TATASTEEL,5m,2026-09-11T10:45:00+05:30,182.5800018310547,182.8000030517578,182.52000427246094,182.8000030517578,350286.0,yahoo
TATASTEEL,5m,2026-09-11T10:50:00+05:30,182.8000030517578,182.8000030517578,182.3000030517578,182.30999755859375,237178.0,yahoo
TATASTEEL,5m,2026-09-11T10:55:00+05:30,182.30999755859375,182.47999572753906,182.2100067138672,182.2100067138672,354718.0,yahoo
TATASTEEL,5m,2026-09-11T11:00:00+05:30,182.25,182.32000732421875,182.16000366210938,182.16000366210938,280812.0,yahoo
TATASTEEL,5m,2026-09-11T11:05:00+05:30,182.22000122070312,182.25999450683594,182.1300048828125,182.17999267578125,198011.0,yahoo
TATASTEEL,5m,2026-09-11T11:10:00+05:30,182.1999969482422,182.63999938964844,182.19000244140625,182.60000610351562,250496.0,yahoo
TATASTEEL,5m,2026-09-11T11:15:00+05:30,182.60000610351562,182.72000122070312,182.39999389648438,182.6199951171875,245734.0,yahoo
TATASTEEL,5m,2026-09-11T11:20:00+05:30,182.61000061035156,182.66000366210938,182.1699981689453,182.25999450683594,698472.0,yahoo
TATASTEEL,5m,2026-09-11T11:25:00+05:30,182.25,182.38999938964844,182.1999969482422,182.22000122070312,193648.0,yahoo
TATASTEEL,5m,2026-09-11T11:30:00+05:30,182.22000122070312,182.52000427246094,182.22000122070312,182.39999389648438,77835.0,yahoo
TATASTEEL,5m,2026-09-11T11:35:00+05:30,182.44000244140625,182.44000244140625,182.1199951171875,182.1699981689453,480769.0,yahoo
TATASTEEL,5m,2026-09-11T11:40:00+05:30,182.1999969482422,182.52000427246094,182.1699981689453,182.5,169251.0,yahoo
TATASTEEL,5m,2026-09-11T11:45:00+05:30,182.5399932861328,182.60000610351562,182.1699981689453,182.17999267578125,91046.0,yahoo
TATASTEEL,5m,2026-09-11T11:50:00+05:30,182.19000244140625,182.39999389648438,182.14999389648438,182.39999389648438,545855.0,yahoo
TATASTEEL,5m,2026-09-11T11:55:00+05:30,182.38999938964844,182.44000244140625,182.3000030517578,182.42999267578125,46770.0,yahoo
TATASTEEL,5m,2026-09-11T12:00:00+05:30,182.44000244140625,182.52000427246094,182.33999633789062,182.4199981689453,92080.0,yahoo
TATASTEEL,5m,2026-09-11T12:05:00+05:30,182.41000366210938,182.57000732421875,182.39999389648438,182.57000732421875,73403.0,yahoo
TATASTEEL,5m,2026-09-11T12:10:00+05:30,182.5500030517578,182.57000732421875,182.36000061035156,182.42999267578125,59125.0,yahoo
TATASTEEL,5m,2026-09-11T12:15:00+05:30,182.3000030517578,182.32000732421875,182.1300048828125,182.25999450683594,209098.0,yahoo
TATASTEEL,5m,2026-09-11T12:20:00+05:30,182.27000427246094,182.33999633789062,182.0500030517578,182.1300048828125,139870.0,yahoo
TATASTEEL,5m,2026-09-11T12:25:00+05:30,182.1199951171875,182.25999450683594,182.11000061035156,182.25999450683594,40649.0,yahoo
TATASTEEL,5m,2026-09-11T12:30:00+05:30,182.25,182.35000610351562,182.11000061035156,182.25,105727.0,yahoo
TATASTEEL,5m,2026-09-11T12:35:00+05:30,182.25,182.25,182.11000061035156,182.17999267578125,581615.0,yahoo
TATASTEEL,5m,2026-09-11T12:40:00+05:30,182.17999267578125,182.27000427246094,182.05999755859375,182.07000732421875,319094.0,yahoo
TATASTEEL,5m,2026-09-11T12:45:00+05:30,182.13999938964844,182.16000366210938,182.0,182.0399932861328,198792.0,yahoo
TATASTEEL,5m,2026-09-11T12:50:00+05:30,182.0500030517578,182.16000366210938,182.02999877929688,182.0800018310547,67313.0,yahoo
TATASTEEL,5m,2026-09-11T12:55:00+05:30,182.10000610351562,182.27999877929688,182.10000610351562,182.22000122070312,572138.0,yahoo
TATASTEEL,5m,2026-09-11T13:00:00+05:30,182.2100067138672,182.66000366210938,182.0500030517578,182.57000732421875,211125.0,yahoo
TATASTEEL,5m,2026-09-11T13:05:00+05:30,182.57000732421875,182.66000366210938,182.39999389648438,182.44000244140625,98386.0,yahoo
TATASTEEL,5m,2026-09-11T13:10:00+05:30,182.5,182.5500030517578,182.4499969482422,182.5,148409.0,yahoo
TATASTEEL,5m,2026-09-11T13:15:00+05:30,182.5,182.58999633789062,182.39999389648438,182.47999572753906,109091.0,yahoo
TATASTEEL,5m,2026-09-11T13:20:00+05:30,182.47999572753906,182.52000427246094,182.22000122070312,182.25,302322.0,yahoo
TATASTEEL,5m,2026-09-11T13:25:00+05:30,182.25,182.47000122070312,182.25,182.39999389648438,222418.0,yahoo
TATASTEEL,5m,2026-09-11T13:30:00+05:30,182.39999389648438,182.47000122070312,182.3000030517578,182.41000366210938,163377.0,yahoo
TATASTEEL,5m,2026-09-11T13:35:00+05:30,182.41000366210938,182.4199981689453,182.3000030517578,182.30999755859375,148136.0,yahoo
TATASTEEL,5m,2026-09-11T13:40:00+05:30,182.30999755859375,182.30999755859375,181.9199981689453,182.22999572753906,1269386.0,yahoo
TATASTEEL,5m,2026-09-11T13:45:00+05:30,182.27999877929688,182.5,182.22000122070312,182.33999633789062,354196.0,yahoo
TATASTEEL,5m,2026-09-11T13:50:00+05:30,182.33999633789062,182.67999267578125,182.3300018310547,182.5,215210.0,yahoo
TATASTEEL,5m,2026-09-11T13:55:00+05:30,182.47999572753906,182.67999267578125,182.44000244140625,182.64999389648438,132625.0,yahoo
TATASTEEL,5m,2026-09-11T14:00:00+05:30,182.66000366210938,183.14999389648438,182.61000061035156,183.05999755859375,497634.0,yahoo
TATASTEEL,5m,2026-09-11T14:05:00+05:30,183.05999755859375,183.24000549316406,182.80999755859375,183.00999450683594,572322.0,yahoo
TATASTEEL,5m,2026-09-11T14:10:00+05:30,183.00999450683594,183.02000427246094,182.8800048828125,182.94000244140625,240353.0,yahoo
TATASTEEL,5m,2026-09-11T14:15:00+05:30,182.9499969482422,183.10000610351562,182.92999267578125,183.0800018310547,137392.0,yahoo
TATASTEEL,5m,2026-09-11T14:20:00+05:30,183.0500030517578,183.05999755859375,182.9499969482422,183.0,138290.0,yahoo
TATASTEEL,5m,2026-09-11T14:25:00+05:30,182.99000549316406,183.0,182.77000427246094,182.97999572753906,188018.0,yahoo
TATASTEEL,5m,2026-09-11T14:30:00+05:30,182.9499969482422,183.02000427246094,182.89999389648438,182.9499969482422,132659.0,yahoo
TATASTEEL,5m,2026-09-11T14:35:00+05:30,182.9499969482422,182.97999572753906,182.8000030517578,182.89999389648438,371180.0,yahoo
TATASTEEL,5m,2026-09-11T14:40:00+05:30,182.94000244140625,183.0,182.8699951171875,182.97000122070312,147125.0,yahoo
TATASTEEL,5m,2026-09-11T14:45:00+05:30,182.9199981689453,182.97000122070312,182.75999450683594,182.82000732421875,199212.0,yahoo
TATASTEEL,5m,2026-09-11T14:50:00+05:30,182.8300018310547,183.14999389648438,182.8000030517578,183.0800018310547,631848.0,yahoo
TATASTEEL,5m,2026-09-11T14:55:00+05:30,183.10000610351562,183.17999267578125,182.99000549316406,183.0,882162.0,yahoo
TATASTEEL,5m,2026-09-11T15:00:00+05:30,183.0,183.0500030517578,182.67999267578125,182.72999572753906,673598.0,yahoo
TATASTEEL,5m,2026-09-11T15:05:00+05:30,182.75999450683594,182.8000030517578,182.5,182.5800018310547,897844.0,yahoo
TATASTEEL,5m,2026-09-11T15:10:00+05:30,182.5800018310547,182.8699951171875,182.38999938964844,182.5800018310547,1532652.0,yahoo
TATASTEEL,5m,2026-09-11T15:15:00+05:30,182.5800018310547,183.0,182.5800018310547,183.0,1694843.0,yahoo
TCS,5m,2026-09-11T09:15:00+05:30,2190.0,2230.0,2186.199951171875,2222.800048828125,0.0,yahoo
TCS,5m,2026-09-11T09:20:00+05:30,2223.5,2231.89990234375,2213.5,2218.699951171875,135917.0,yahoo
TCS,5m,2026-09-11T09:25:00+05:30,2218.60009765625,2220.39990234375,2204.0,2212.39990234375,87808.0,yahoo
TCS,5m,2026-09-11T09:30:00+05:30,2213.10009765625,2215.300048828125,2208.300048828125,2212.800048828125,62036.0,yahoo
TCS,5m,2026-09-11T09:35:00+05:30,2212.699951171875,2215.0,2211.800048828125,2214.39990234375,41202.0,yahoo
TCS,5m,2026-09-11T09:40:00+05:30,2214.39990234375,2218.60009765625,2214.0,2216.800048828125,47768.0,yahoo
TCS,5m,2026-09-11T09:45:00+05:30,2216.89990234375,2219.60009765625,2210.5,2213.60009765625,59861.0,yahoo
TCS,5m,2026-09-11T09:50:00+05:30,2213.10009765625,2213.60009765625,2209.0,2210.39990234375,13670.0,yahoo
TCS,5m,2026-09-11T09:55:00+05:30,2210.300048828125,2212.0,2208.0,2210.699951171875,26003.0,yahoo
TCS,5m,2026-09-11T10:00:00+05:30,2210.60009765625,2211.5,2208.5,2209.39990234375,16985.0,yahoo
TCS,5m,2026-09-11T10:05:00+05:30,2209.199951171875,2209.699951171875,2207.5,2208.39990234375,21854.0,yahoo
TCS,5m,2026-09-11T10:10:00+05:30,2208.800048828125,2213.0,2208.199951171875,2212.10009765625,26997.0,yahoo
TCS,5m,2026-09-11T10:15:00+05:30,2211.199951171875,2211.199951171875,2208.800048828125,2210.39990234375,13092.0,yahoo
TCS,5m,2026-09-11T10:20:00+05:30,2210.699951171875,2211.89990234375,2208.10009765625,2210.0,17553.0,yahoo
TCS,5m,2026-09-11T10:25:00+05:30,2210.10009765625,2212.0,2202.199951171875,2203.60009765625,34178.0,yahoo
TCS,5m,2026-09-11T10:30:00+05:30,2203.39990234375,2206.800048828125,2203.0,2204.0,17011.0,yahoo
TCS,5m,2026-09-11T10:35:00+05:30,2204.0,2204.0,2200.699951171875,2201.10009765625,34051.0,yahoo
TCS,5m,2026-09-11T10:40:00+05:30,2201.5,2210.0,2200.10009765625,2210.0,31597.0,yahoo
TCS,5m,2026-09-11T10:45:00+05:30,2210.0,2211.800048828125,2204.199951171875,2205.0,23577.0,yahoo
TCS,5m,2026-09-11T10:50:00+05:30,2205.300048828125,2207.60009765625,2204.199951171875,2207.60009765625,15684.0,yahoo
TCS,5m,2026-09-11T10:55:00+05:30,2207.10009765625,2209.10009765625,2206.199951171875,2207.800048828125,15147.0,yahoo
TCS,5m,2026-09-11T11:00:00+05:30,2207.89990234375,2209.699951171875,2206.60009765625,2209.60009765625,25275.0,yahoo
TCS,5m,2026-09-11T11:05:00+05:30,2209.60009765625,2210.699951171875,2206.10009765625,2206.60009765625,15127.0,yahoo
TCS,5m,2026-09-11T11:10:00+05:30,2206.60009765625,2208.800048828125,2206.10009765625,2208.699951171875,11722.0,yahoo
TCS,5m,2026-09-11T11:15:00+05:30,2208.800048828125,2211.0,2207.5,2211.0,21255.0,yahoo
TCS,5m,2026-09-11T11:20:00+05:30,2211.0,2211.39990234375,2208.0,2210.699951171875,17146.0,yahoo
TCS,5m,2026-09-11T11:25:00+05:30,2210.60009765625,2215.0,2209.10009765625,2210.89990234375,57501.0,yahoo
TCS,5m,2026-09-11T11:30:00+05:30,2211.300048828125,2218.800048828125,2210.300048828125,2216.0,49584.0,yahoo
TCS,5m,2026-09-11T11:35:00+05:30,2216.0,2217.0,2213.0,2215.199951171875,17127.0,yahoo
TCS,5m,2026-09-11T11:40:00+05:30,2215.199951171875,2220.699951171875,2215.0,2215.89990234375,22869.0,yahoo
TCS,5m,2026-09-11T11:45:00+05:30,2216.199951171875,2216.60009765625,2213.5,2214.0,14367.0,yahoo
TCS,5m,2026-09-11T11:50:00+05:30,2213.39990234375,2214.89990234375,2213.0,2214.0,13461.0,yahoo
TCS,5m,2026-09-11T11:55:00+05:30,2214.199951171875,2217.800048828125,2213.5,2217.800048828125,69592.0,yahoo
TCS,5m,2026-09-11T12:00:00+05:30,2217.0,2218.0,2208.0,2211.0,27764.0,yahoo
TCS,5m,2026-09-11T12:05:00+05:30,2211.0,2211.800048828125,2208.699951171875,2209.699951171875,12977.0,yahoo
TCS,5m,2026-09-11T12:10:00+05:30,2209.89990234375,2212.0,2208.5,2209.699951171875,15062.0,yahoo
TCS,5m,2026-09-11T12:15:00+05:30,2210.10009765625,2211.300048828125,2208.60009765625,2210.10009765625,16769.0,yahoo
TCS,5m,2026-09-11T12:20:00+05:30,2210.699951171875,2211.699951171875,2208.89990234375,2211.10009765625,11674.0,yahoo
TCS,5m,2026-09-11T12:25:00+05:30,2211.10009765625,2212.0,2209.300048828125,2210.800048828125,9536.0,yahoo
TCS,5m,2026-09-11T12:30:00+05:30,2210.800048828125,2211.800048828125,2209.89990234375,2210.699951171875,13331.0,yahoo
TCS,5m,2026-09-11T12:35:00+05:30,2211.10009765625,2212.0,2209.699951171875,2211.199951171875,15697.0,yahoo
TCS,5m,2026-09-11T12:40:00+05:30,2211.0,2213.699951171875,2209.699951171875,2213.10009765625,58207.0,yahoo
TCS,5m,2026-09-11T12:45:00+05:30,2213.10009765625,2213.10009765625,2209.89990234375,2211.0,15026.0,yahoo
TCS,5m,2026-09-11T12:50:00+05:30,2211.0,2213.0,2210.10009765625,2213.0,11499.0,yahoo
TCS,5m,2026-09-11T12:55:00+05:30,2213.39990234375,2214.60009765625,2212.0,2213.89990234375,21481.0,yahoo
TCS,5m,2026-09-11T13:00:00+05:30,2213.89990234375,2213.89990234375,2210.300048828125,2210.60009765625,10584.0,yahoo
TCS,5m,2026-09-11T13:05:00+05:30,2211.0,2211.0,2208.300048828125,2208.300048828125,11023.0,yahoo
TCS,5m,2026-09-11T13:10:00+05:30,2208.5,2213.0,2207.699951171875,2211.0,47729.0,yahoo
TCS,5m,2026-09-11T13:15:00+05:30,2211.0,2211.300048828125,2209.0,2209.0,17698.0,yahoo
TCS,5m,2026-09-11T13:20:00+05:30,2209.800048828125,2210.199951171875,2208.39990234375,2209.0,12232.0,yahoo
TCS,5m,2026-09-11T13:25:00+05:30,2209.0,2209.0,2205.699951171875,2206.199951171875,15873.0,yahoo
TCS,5m,2026-09-11T13:30:00+05:30,2206.5,2208.0,2205.89990234375,2206.60009765625,16427.0,yahoo
TCS,5m,2026-09-11T13:35:00+05:30,2206.5,2209.800048828125,2205.699951171875,2209.800048828125,34458.0,yahoo
TCS,5m,2026-09-11T13:40:00+05:30,2210.0,2210.800048828125,2207.5,2208.0,33686.0,yahoo
TCS,5m,2026-09-11T13:45:00+05:30,2208.199951171875,2209.0,2207.39990234375,2208.800048828125,10084.0,yahoo
TCS,5m,2026-09-11T13:50:00+05:30,2208.300048828125,2209.10009765625,2204.5,2206.5,36161.0,yahoo
TCS,5m,2026-09-11T13:55:00+05:30,2206.199951171875,2209.5,2205.5,2207.0,35029.0,yahoo
TCS,5m,2026-09-11T14:00:00+05:30,2207.300048828125,2213.5,2207.300048828125,2211.800048828125,36175.0,yahoo
TCS,5m,2026-09-11T14:05:00+05:30,2212.0,2214.0,2209.10009765625,2210.39990234375,41671.0,yahoo
TCS,5m,2026-09-11T14:10:00+05:30,2210.800048828125,2211.300048828125,2209.10009765625,2211.199951171875,27926.0,yahoo
TCS,5m,2026-09-11T14:15:00+05:30,2211.199951171875,2213.10009765625,2209.699951171875,2210.800048828125,44324.0,yahoo
TCS,5m,2026-09-11T14:20:00+05:30,2210.5,2211.5,2209.199951171875,2210.39990234375,31425.0,yahoo
TCS,5m,2026-09-11T14:25:00+05:30,2210.5,2210.60009765625,2208.39990234375,2210.60009765625,36322.0,yahoo
TCS,5m,2026-09-11T14:30:00+05:30,2210.60009765625,2212.699951171875,2209.39990234375,2210.60009765625,37906.0,yahoo
TCS,5m,2026-09-11T14:35:00+05:30,2210.60009765625,2210.800048828125,2209.10009765625,2210.5,30471.0,yahoo
TCS,5m,2026-09-11T14:40:00+05:30,2211.0,2211.60009765625,2209.800048828125,2210.60009765625,30050.0,yahoo
TCS,5m,2026-09-11T14:45:00+05:30,2210.89990234375,2210.89990234375,2207.39990234375,2208.699951171875,36813.0,yahoo
TCS,5m,2026-09-11T14:50:00+05:30,2209.0,2210.89990234375,2207.699951171875,2209.300048828125,48687.0,yahoo
TCS,5m,2026-09-11T14:55:00+05:30,2209.39990234375,2210.39990234375,2206.199951171875,2207.0,52021.0,yahoo
TCS,5m,2026-09-11T15:00:00+05:30,2206.60009765625,2206.60009765625,2202.699951171875,2203.800048828125,60997.0,yahoo
TCS,5m,2026-09-11T15:05:00+05:30,2203.800048828125,2204.60009765625,2202.300048828125,2203.10009765625,80127.0,yahoo
TCS,5m,2026-09-11T15:10:00+05:30,2203.10009765625,2208.699951171875,2200.800048828125,2200.800048828125,200102.0,yahoo
TECHM,5m,2026-09-11T09:15:00+05:30,1521.0999755859375,1541.9000244140625,1521.0999755859375,1541.5,0.0,yahoo
TECHM,5m,2026-09-11T09:20:00+05:30,1541.300048828125,1547.5999755859375,1539.5999755859375,1541.4000244140625,86372.0,yahoo
TECHM,5m,2026-09-11T09:25:00+05:30,1540.5999755859375,1541.5,1533.0,1541.0,59328.0,yahoo
TECHM,5m,2026-09-11T09:30:00+05:30,1541.699951171875,1546.199951171875,1537.800048828125,1542.4000244140625,65545.0,yahoo
TECHM,5m,2026-09-11T09:35:00+05:30,1542.0,1546.699951171875,1542.0,1544.800048828125,46508.0,yahoo
TECHM,5m,2026-09-11T09:40:00+05:30,1545.300048828125,1545.5,1543.5,1544.5,29098.0,yahoo
TECHM,5m,2026-09-11T09:45:00+05:30,1545.5999755859375,1545.5999755859375,1542.0,1545.0,25371.0,yahoo
TECHM,5m,2026-09-11T09:50:00+05:30,1545.0,1545.0,1542.699951171875,1543.5999755859375,19808.0,yahoo
TECHM,5m,2026-09-11T09:55:00+05:30,1543.199951171875,1544.800048828125,1541.0,1543.800048828125,22402.0,yahoo
TECHM,5m,2026-09-11T10:00:00+05:30,1543.4000244140625,1544.9000244140625,1543.0,1543.800048828125,13615.0,yahoo
TECHM,5m,2026-09-11T10:05:00+05:30,1543.5,1544.199951171875,1542.5,1543.4000244140625,23833.0,yahoo
TECHM,5m,2026-09-11T10:10:00+05:30,1543.4000244140625,1544.9000244140625,1542.0,1544.9000244140625,17851.0,yahoo
TECHM,5m,2026-09-11T10:15:00+05:30,1543.800048828125,1544.0,1541.300048828125,1543.300048828125,19996.0,yahoo
TECHM,5m,2026-09-11T10:20:00+05:30,1543.300048828125,1544.699951171875,1542.4000244140625,1542.699951171875,12056.0,yahoo
TECHM,5m,2026-09-11T10:25:00+05:30,1543.5999755859375,1543.5999755859375,1541.199951171875,1541.9000244140625,7557.0,yahoo
TECHM,5m,2026-09-11T10:30:00+05:30,1542.0,1549.9000244140625,1542.0,1548.5,61207.0,yahoo
TECHM,5m,2026-09-11T10:35:00+05:30,1549.0,1549.0,1545.800048828125,1546.9000244140625,23037.0,yahoo
TECHM,5m,2026-09-11T10:40:00+05:30,1547.0,1552.4000244140625,1545.9000244140625,1552.4000244140625,48735.0,yahoo
TECHM,5m,2026-09-11T10:45:00+05:30,1552.4000244140625,1553.300048828125,1546.300048828125,1546.800048828125,34235.0,yahoo
TECHM,5m,2026-09-11T10:50:00+05:30,1546.800048828125,1546.800048828125,1545.0999755859375,1546.0,20757.0,yahoo
TECHM,5m,2026-09-11T10:55:00+05:30,1545.5999755859375,1547.5,1545.300048828125,1546.5999755859375,15627.0,yahoo
TECHM,5m,2026-09-11T11:00:00+05:30,1546.5,1547.4000244140625,1546.0,1547.0,10087.0,yahoo
TECHM,5m,2026-09-11T11:05:00+05:30,1547.4000244140625,1548.800048828125,1546.199951171875,1546.9000244140625,14366.0,yahoo
TECHM,5m,2026-09-11T11:10:00+05:30,1546.5,1548.699951171875,1546.199951171875,1548.5999755859375,7404.0,yahoo
TECHM,5m,2026-09-11T11:15:00+05:30,1548.199951171875,1549.9000244140625,1548.0999755859375,1549.800048828125,12469.0,yahoo
TECHM,5m,2026-09-11T11:20:00+05:30,1549.800048828125,1550.5,1546.9000244140625,1548.4000244140625,22461.0,yahoo
TECHM,5m,2026-09-11T11:25:00+05:30,1548.699951171875,1555.699951171875,1547.9000244140625,1555.699951171875,80248.0,yahoo
TECHM,5m,2026-09-11T11:30:00+05:30,1554.9000244140625,1557.300048828125,1553.800048828125,1554.800048828125,37685.0,yahoo
TECHM,5m,2026-09-11T11:35:00+05:30,1554.9000244140625,1555.300048828125,1551.5,1555.0,54584.0,yahoo
TECHM,5m,2026-09-11T11:40:00+05:30,1554.5999755859375,1557.300048828125,1551.0,1551.199951171875,30793.0,yahoo
TECHM,5m,2026-09-11T11:45:00+05:30,1551.5,1552.5999755859375,1550.0,1552.0,18967.0,yahoo
TECHM,5m,2026-09-11T11:50:00+05:30,1551.699951171875,1553.300048828125,1551.5,1551.9000244140625,14359.0,yahoo
TECHM,5m,2026-09-11T11:55:00+05:30,1552.0,1553.300048828125,1551.0999755859375,1551.0999755859375,15493.0,yahoo
TECHM,5m,2026-09-11T12:00:00+05:30,1550.800048828125,1550.800048828125,1545.300048828125,1546.0,61142.0,yahoo
TECHM,5m,2026-09-11T12:05:00+05:30,1546.300048828125,1547.4000244140625,1544.5999755859375,1544.800048828125,24626.0,yahoo
TECHM,5m,2026-09-11T12:10:00+05:30,1545.0999755859375,1546.5999755859375,1544.0,1545.300048828125,14472.0,yahoo
TECHM,5m,2026-09-11T12:15:00+05:30,1545.800048828125,1546.800048828125,1544.199951171875,1544.800048828125,17471.0,yahoo
TECHM,5m,2026-09-11T12:20:00+05:30,1544.800048828125,1544.9000244140625,1542.800048828125,1543.199951171875,23695.0,yahoo
TECHM,5m,2026-09-11T12:25:00+05:30,1543.5,1544.800048828125,1542.800048828125,1543.0999755859375,14013.0,yahoo
TECHM,5m,2026-09-11T12:30:00+05:30,1543.0999755859375,1544.199951171875,1542.9000244140625,1543.9000244140625,12734.0,yahoo
TECHM,5m,2026-09-11T12:35:00+05:30,1543.699951171875,1543.9000244140625,1540.0999755859375,1540.699951171875,29114.0,yahoo
TECHM,5m,2026-09-11T12:40:00+05:30,1541.0,1541.5999755859375,1539.0999755859375,1539.5999755859375,25868.0,yahoo
TECHM,5m,2026-09-11T12:45:00+05:30,1540.0999755859375,1541.0999755859375,1539.699951171875,1540.800048828125,15159.0,yahoo
TECHM,5m,2026-09-11T12:50:00+05:30,1541.0,1541.800048828125,1540.0,1541.199951171875,19030.0,yahoo
TECHM,5m,2026-09-11T12:55:00+05:30,1542.0999755859375,1542.699951171875,1541.0999755859375,1542.0999755859375,15384.0,yahoo
TECHM,5m,2026-09-11T13:00:00+05:30,1542.300048828125,1542.300048828125,1540.0999755859375,1542.0,12125.0,yahoo
TECHM,5m,2026-09-11T13:05:00+05:30,1541.800048828125,1542.0,1539.9000244140625,1540.699951171875,12317.0,yahoo
TECHM,5m,2026-09-11T13:10:00+05:30,1540.0,1542.0,1540.0,1541.0,11170.0,yahoo
TECHM,5m,2026-09-11T13:15:00+05:30,1541.0,1541.0,1539.5999755859375,1539.5999755859375,13663.0,yahoo
TECHM,5m,2026-09-11T13:20:00+05:30,1539.300048828125,1540.5,1539.0999755859375,1539.699951171875,12030.0,yahoo
TECHM,5m,2026-09-11T13:25:00+05:30,1539.699951171875,1539.9000244140625,1538.0999755859375,1539.0,12235.0,yahoo
TECHM,5m,2026-09-11T13:30:00+05:30,1539.0,1539.699951171875,1538.4000244140625,1538.4000244140625,9430.0,yahoo
TECHM,5m,2026-09-11T13:35:00+05:30,1538.199951171875,1539.5999755859375,1538.0999755859375,1539.4000244140625,9281.0,yahoo
TECHM,5m,2026-09-11T13:40:00+05:30,1539.5,1540.0,1537.9000244140625,1538.4000244140625,16971.0,yahoo
TECHM,5m,2026-09-11T13:45:00+05:30,1538.4000244140625,1539.4000244140625,1537.5,1537.5,8618.0,yahoo
TECHM,5m,2026-09-11T13:50:00+05:30,1537.300048828125,1540.0999755859375,1537.300048828125,1539.300048828125,13203.0,yahoo
TECHM,5m,2026-09-11T13:55:00+05:30,1539.300048828125,1540.5999755859375,1538.199951171875,1539.800048828125,19392.0,yahoo
TECHM,5m,2026-09-11T14:00:00+05:30,1539.800048828125,1542.0,1539.800048828125,1541.0,21976.0,yahoo
TECHM,5m,2026-09-11T14:05:00+05:30,1541.0999755859375,1541.9000244140625,1540.0,1540.699951171875,11535.0,yahoo
TECHM,5m,2026-09-11T14:10:00+05:30,1540.300048828125,1541.9000244140625,1539.9000244140625,1541.9000244140625,13398.0,yahoo
TECHM,5m,2026-09-11T14:15:00+05:30,1541.9000244140625,1542.199951171875,1540.5999755859375,1541.5,10472.0,yahoo
TECHM,5m,2026-09-11T14:20:00+05:30,1541.800048828125,1542.0,1540.5999755859375,1541.699951171875,16701.0,yahoo
TECHM,5m,2026-09-11T14:25:00+05:30,1541.800048828125,1542.0,1540.5999755859375,1541.199951171875,12631.0,yahoo
TECHM,5m,2026-09-11T14:30:00+05:30,1541.9000244140625,1543.0,1541.5999755859375,1542.199951171875,21860.0,yahoo
TECHM,5m,2026-09-11T14:35:00+05:30,1542.0999755859375,1542.699951171875,1541.199951171875,1542.199951171875,14421.0,yahoo
TECHM,5m,2026-09-11T14:40:00+05:30,1542.4000244140625,1543.0,1541.300048828125,1542.9000244140625,12833.0,yahoo
TECHM,5m,2026-09-11T14:45:00+05:30,1542.5,1542.800048828125,1540.699951171875,1541.800048828125,25151.0,yahoo
TECHM,5m,2026-09-11T14:50:00+05:30,1541.699951171875,1543.699951171875,1541.5999755859375,1543.0,35141.0,yahoo
TECHM,5m,2026-09-11T14:55:00+05:30,1542.800048828125,1543.5999755859375,1541.0999755859375,1541.4000244140625,42705.0,yahoo
TECHM,5m,2026-09-11T15:00:00+05:30,1541.300048828125,1541.300048828125,1538.5999755859375,1538.5999755859375,40140.0,yahoo
TECHM,5m,2026-09-11T15:05:00+05:30,1539.0999755859375,1539.4000244140625,1538.300048828125,1539.199951171875,46944.0,yahoo
TECHM,5m,2026-09-11T15:10:00+05:30,1538.699951171875,1541.0,1535.9000244140625,1541.0,167666.0,yahoo
TITAN,5m,2026-09-11T09:15:00+05:30,4987.0,4987.0,4954.5,4958.0,0.0,yahoo
TITAN,5m,2026-09-11T09:20:00+05:30,4950.0,4953.5,4945.0,4953.0,6880.0,yahoo
TITAN,5m,2026-09-11T09:25:00+05:30,4951.0,4952.5,4945.5,4950.0,5251.0,yahoo
TITAN,5m,2026-09-11T09:30:00+05:30,4948.0,4954.5,4947.0,4951.0,4838.0,yahoo
TITAN,5m,2026-09-11T09:35:00+05:30,4952.5,4956.5,4950.5,4953.5,2884.0,yahoo
TITAN,5m,2026-09-11T09:40:00+05:30,4953.5,4956.0,4950.0,4955.5,3628.0,yahoo
TITAN,5m,2026-09-11T09:45:00+05:30,4956.0,4956.0,4948.5,4953.5,7419.0,yahoo
TITAN,5m,2026-09-11T09:50:00+05:30,4953.0,4958.0,4953.0,4956.0,6361.0,yahoo
TITAN,5m,2026-09-11T09:55:00+05:30,4958.5,4960.0,4950.5,4956.0,5999.0,yahoo
TITAN,5m,2026-09-11T10:00:00+05:30,4956.0,4962.0,4954.0,4961.0,1731.0,yahoo
TITAN,5m,2026-09-11T10:05:00+05:30,4958.0,4966.5,4958.0,4965.5,6127.0,yahoo
TITAN,5m,2026-09-11T10:10:00+05:30,4965.5,4968.5,4965.0,4968.5,2514.0,yahoo
TITAN,5m,2026-09-11T10:15:00+05:30,4966.5,4978.0,4966.5,4977.5,2740.0,yahoo
TITAN,5m,2026-09-11T10:20:00+05:30,4977.5,4983.0,4977.5,4980.0,15628.0,yahoo
TITAN,5m,2026-09-11T10:25:00+05:30,4980.0,4980.0,4974.0,4977.5,4711.0,yahoo
TITAN,5m,2026-09-11T10:30:00+05:30,4978.0,4989.5,4976.0,4987.0,10349.0,yahoo
TITAN,5m,2026-09-11T10:35:00+05:30,4987.0,4997.5,4986.5,4987.5,6728.0,yahoo
TITAN,5m,2026-09-11T10:40:00+05:30,4990.0,4996.5,4987.0,4996.5,1970.0,yahoo
TITAN,5m,2026-09-11T10:45:00+05:30,4997.0,4998.5,4994.0,4997.5,2290.0,yahoo
TITAN,5m,2026-09-11T10:50:00+05:30,4997.0,4997.5,4992.0,4994.5,2683.0,yahoo
TITAN,5m,2026-09-11T10:55:00+05:30,4995.0,4995.0,4990.5,4993.0,3585.0,yahoo
TITAN,5m,2026-09-11T11:00:00+05:30,4993.0,4999.0,4993.0,4995.0,3843.0,yahoo
TITAN,5m,2026-09-11T11:05:00+05:30,4995.0,4998.5,4994.0,4998.0,716.0,yahoo
TITAN,5m,2026-09-11T11:10:00+05:30,4998.0,5010.0,4998.0,5010.0,3383.0,yahoo
TITAN,5m,2026-09-11T11:15:00+05:30,5010.0,5010.0,5005.0,5010.0,1359.0,yahoo
TITAN,5m,2026-09-11T11:20:00+05:30,5010.0,5010.0,4998.5,5000.0,6481.0,yahoo
TITAN,5m,2026-09-11T11:25:00+05:30,5000.0,5001.0,4995.0,4997.0,7064.0,yahoo
TITAN,5m,2026-09-11T11:30:00+05:30,4997.0,5002.5,4996.5,4999.5,14940.0,yahoo
TITAN,5m,2026-09-11T11:35:00+05:30,5000.0,5002.0,4993.5,4997.0,19311.0,yahoo
TITAN,5m,2026-09-11T11:40:00+05:30,4997.5,5000.0,4997.0,5000.0,1580.0,yahoo
TITAN,5m,2026-09-11T11:45:00+05:30,5000.0,5002.5,4999.5,5000.0,6513.0,yahoo
TITAN,5m,2026-09-11T11:50:00+05:30,5002.0,5014.5,4999.5,5013.0,5973.0,yahoo
TITAN,5m,2026-09-11T11:55:00+05:30,5013.5,5015.0,5007.5,5008.5,1941.0,yahoo
TITAN,5m,2026-09-11T12:00:00+05:30,5009.0,5012.5,5006.5,5012.5,1146.0,yahoo
TITAN,5m,2026-09-11T12:05:00+05:30,5012.0,5014.0,5010.5,5013.0,2431.0,yahoo
TITAN,5m,2026-09-11T12:10:00+05:30,5013.0,5013.0,5007.0,5010.0,1320.0,yahoo
TITAN,5m,2026-09-11T12:15:00+05:30,5010.5,5013.0,5005.0,5005.0,12986.0,yahoo
TITAN,5m,2026-09-11T12:20:00+05:30,5007.5,5007.5,4990.0,4991.5,4758.0,yahoo
TITAN,5m,2026-09-11T12:25:00+05:30,4991.5,4993.0,4990.0,4992.0,1817.0,yahoo
TITAN,5m,2026-09-11T12:30:00+05:30,4992.0,4995.5,4990.0,4993.5,1949.0,yahoo
TITAN,5m,2026-09-11T12:35:00+05:30,4991.0,4995.0,4987.0,4988.0,2010.0,yahoo
TITAN,5m,2026-09-11T12:40:00+05:30,4990.0,4995.0,4989.0,4992.5,1228.0,yahoo
TITAN,5m,2026-09-11T12:45:00+05:30,4992.5,4993.0,4987.0,4987.0,1552.0,yahoo
TITAN,5m,2026-09-11T12:50:00+05:30,4989.5,4991.0,4987.0,4989.5,1415.0,yahoo
TITAN,5m,2026-09-11T12:55:00+05:30,4990.0,4992.5,4988.0,4992.5,2531.0,yahoo
TITAN,5m,2026-09-11T13:00:00+05:30,4992.5,4994.0,4986.0,4986.0,2378.0,yahoo
TITAN,5m,2026-09-11T13:05:00+05:30,4987.0,4987.0,4982.0,4984.5,1930.0,yahoo
TITAN,5m,2026-09-11T13:10:00+05:30,4984.0,4985.0,4982.0,4984.5,1454.0,yahoo
TITAN,5m,2026-09-11T13:15:00+05:30,4982.5,4985.0,4980.0,4982.5,10096.0,yahoo
TITAN,5m,2026-09-11T13:20:00+05:30,4983.5,4992.0,4983.0,4989.5,1398.0,yahoo
TITAN,5m,2026-09-11T13:25:00+05:30,4989.5,4990.5,4986.5,4989.5,1004.0,yahoo
TITAN,5m,2026-09-11T13:30:00+05:30,4990.0,4990.5,4985.0,4988.5,1035.0,yahoo
TITAN,5m,2026-09-11T13:35:00+05:30,4988.0,4991.5,4982.0,4989.5,5369.0,yahoo
TITAN,5m,2026-09-11T13:40:00+05:30,4989.5,4991.0,4978.0,4980.0,4335.0,yahoo
TITAN,5m,2026-09-11T13:45:00+05:30,4980.0,4980.0,4976.0,4978.5,6447.0,yahoo
TITAN,5m,2026-09-11T13:50:00+05:30,4978.5,4985.0,4976.0,4980.0,1302.0,yahoo
TITAN,5m,2026-09-11T13:55:00+05:30,4981.5,4985.0,4981.0,4983.0,3699.0,yahoo
TITAN,5m,2026-09-11T14:00:00+05:30,4983.5,4988.5,4982.5,4984.5,9035.0,yahoo
TITAN,5m,2026-09-11T14:05:00+05:30,4984.5,4985.0,4978.5,4980.0,1523.0,yahoo
TITAN,5m,2026-09-11T14:10:00+05:30,4980.0,4980.0,4975.0,4979.0,2991.0,yahoo
TITAN,5m,2026-09-11T14:15:00+05:30,4979.5,4979.5,4976.0,4978.0,2198.0,yahoo
TITAN,5m,2026-09-11T14:20:00+05:30,4978.0,4980.0,4976.0,4978.5,1370.0,yahoo
TITAN,5m,2026-09-11T14:25:00+05:30,4978.0,4981.0,4978.0,4980.0,1839.0,yahoo
TITAN,5m,2026-09-11T14:30:00+05:30,4980.0,4981.5,4975.0,4976.0,2182.0,yahoo
TITAN,5m,2026-09-11T14:35:00+05:30,4976.0,4976.0,4967.5,4971.5,2563.0,yahoo
TITAN,5m,2026-09-11T14:40:00+05:30,4971.5,4973.5,4969.5,4972.0,1729.0,yahoo
TITAN,5m,2026-09-11T14:45:00+05:30,4970.0,4971.0,4965.5,4967.0,2027.0,yahoo
TITAN,5m,2026-09-11T14:50:00+05:30,4968.5,4969.5,4963.5,4969.0,3866.0,yahoo
TITAN,5m,2026-09-11T14:55:00+05:30,4969.0,4975.5,4966.5,4973.5,12745.0,yahoo
TITAN,5m,2026-09-11T15:00:00+05:30,4973.0,4973.5,4970.0,4971.0,6098.0,yahoo
TITAN,5m,2026-09-11T15:05:00+05:30,4970.5,4974.0,4970.0,4973.5,8731.0,yahoo
TITAN,5m,2026-09-11T15:10:00+05:30,4973.0,5000.0,4970.0,5000.0,29763.0,yahoo
TITAN,5m,2026-09-11T15:15:00+05:30,5005.0,5009.5,5005.0,5009.5,43921.0,yahoo
TRENT,5m,2026-09-11T09:15:00+05:30,2791.39990234375,2795.60009765625,2777.199951171875,2777.199951171875,0.0,yahoo
TRENT,5m,2026-09-11T09:20:00+05:30,2776.5,2777.60009765625,2767.300048828125,2776.199951171875,20816.0,yahoo
TRENT,5m,2026-09-11T09:25:00+05:30,2776.10009765625,2776.10009765625,2768.89990234375,2770.5,7768.0,yahoo
TRENT,5m,2026-09-11T09:30:00+05:30,2769.800048828125,2774.89990234375,2763.300048828125,2768.300048828125,9651.0,yahoo
TRENT,5m,2026-09-11T09:35:00+05:30,2768.199951171875,2768.800048828125,2765.0,2765.699951171875,6489.0,yahoo
TRENT,5m,2026-09-11T09:40:00+05:30,2764.89990234375,2764.89990234375,2758.699951171875,2764.10009765625,11784.0,yahoo
TRENT,5m,2026-09-11T09:45:00+05:30,2763.199951171875,2775.800048828125,2762.0,2775.0,13020.0,yahoo
TRENT,5m,2026-09-11T09:50:00+05:30,2773.800048828125,2777.300048828125,2772.5,2776.5,15255.0,yahoo
TRENT,5m,2026-09-11T09:55:00+05:30,2776.5,2778.10009765625,2774.60009765625,2776.60009765625,13881.0,yahoo
TRENT,5m,2026-09-11T10:00:00+05:30,2777.10009765625,2784.0,2776.800048828125,2783.39990234375,15242.0,yahoo
TRENT,5m,2026-09-11T10:05:00+05:30,2783.199951171875,2790.0,2781.60009765625,2789.800048828125,7828.0,yahoo
TRENT,5m,2026-09-11T10:10:00+05:30,2789.800048828125,2791.0,2785.5,2788.800048828125,21655.0,yahoo
TRENT,5m,2026-09-11T10:15:00+05:30,2788.800048828125,2794.300048828125,2788.39990234375,2790.199951171875,7723.0,yahoo
TRENT,5m,2026-09-11T10:20:00+05:30,2790.0,2791.39990234375,2790.0,2790.0,11952.0,yahoo
TRENT,5m,2026-09-11T10:25:00+05:30,2790.10009765625,2790.10009765625,2786.300048828125,2786.699951171875,16442.0,yahoo
TRENT,5m,2026-09-11T10:30:00+05:30,2788.199951171875,2788.39990234375,2787.0,2788.300048828125,4658.0,yahoo
TRENT,5m,2026-09-11T10:35:00+05:30,2788.300048828125,2789.699951171875,2786.300048828125,2789.60009765625,2787.0,yahoo
TRENT,5m,2026-09-11T10:40:00+05:30,2788.699951171875,2791.5,2788.10009765625,2791.5,3363.0,yahoo
TRENT,5m,2026-09-11T10:45:00+05:30,2791.89990234375,2792.39990234375,2787.89990234375,2789.10009765625,5006.0,yahoo
TRENT,5m,2026-09-11T10:50:00+05:30,2789.10009765625,2791.89990234375,2788.0,2790.5,4529.0,yahoo
TRENT,5m,2026-09-11T10:55:00+05:30,2790.60009765625,2791.10009765625,2789.300048828125,2790.5,1911.0,yahoo
TRENT,5m,2026-09-11T11:00:00+05:30,2790.800048828125,2794.10009765625,2789.60009765625,2790.39990234375,4861.0,yahoo
TRENT,5m,2026-09-11T11:05:00+05:30,2790.800048828125,2792.0,2790.0,2790.300048828125,3757.0,yahoo
TRENT,5m,2026-09-11T11:10:00+05:30,2791.0,2794.89990234375,2790.199951171875,2792.800048828125,5684.0,yahoo
TRENT,5m,2026-09-11T11:15:00+05:30,2793.89990234375,2797.199951171875,2792.0,2796.5,5178.0,yahoo
TRENT,5m,2026-09-11T11:20:00+05:30,2795.800048828125,2801.5,2793.89990234375,2797.89990234375,21234.0,yahoo
TRENT,5m,2026-09-11T11:25:00+05:30,2798.39990234375,2799.0,2795.699951171875,2795.699951171875,5697.0,yahoo
TRENT,5m,2026-09-11T11:30:00+05:30,2796.300048828125,2802.800048828125,2795.0,2802.300048828125,5649.0,yahoo
TRENT,5m,2026-09-11T11:35:00+05:30,2802.300048828125,2804.699951171875,2801.10009765625,2802.60009765625,7812.0,yahoo
TRENT,5m,2026-09-11T11:40:00+05:30,2802.89990234375,2806.0,2802.300048828125,2806.0,2510.0,yahoo
TRENT,5m,2026-09-11T11:45:00+05:30,2806.39990234375,2806.699951171875,2801.0,2801.199951171875,3208.0,yahoo
TRENT,5m,2026-09-11T11:50:00+05:30,2800.699951171875,2803.0,2800.5,2802.199951171875,3138.0,yahoo
TRENT,5m,2026-09-11T11:55:00+05:30,2802.800048828125,2804.0,2801.300048828125,2803.0,3604.0,yahoo
TRENT,5m,2026-09-11T12:00:00+05:30,2802.800048828125,2807.0,2802.39990234375,2806.699951171875,3626.0,yahoo
TRENT,5m,2026-09-11T12:05:00+05:30,2806.60009765625,2807.300048828125,2802.300048828125,2806.89990234375,9345.0,yahoo
TRENT,5m,2026-09-11T12:10:00+05:30,2805.89990234375,2808.300048828125,2803.5,2808.300048828125,8779.0,yahoo
TRENT,5m,2026-09-11T12:15:00+05:30,2806.699951171875,2811.89990234375,2805.0,2810.5,10073.0,yahoo
TRENT,5m,2026-09-11T12:20:00+05:30,2810.0,2810.300048828125,2805.0,2807.199951171875,16976.0,yahoo
TRENT,5m,2026-09-11T12:25:00+05:30,2806.800048828125,2808.10009765625,2805.0,2805.0,3704.0,yahoo
TRENT,5m,2026-09-11T12:30:00+05:30,2805.5,2806.39990234375,2800.0,2801.60009765625,8786.0,yahoo
TRENT,5m,2026-09-11T12:35:00+05:30,2802.10009765625,2804.0,2799.89990234375,2801.5,11452.0,yahoo
TRENT,5m,2026-09-11T12:40:00+05:30,2802.39990234375,2803.60009765625,2794.0,2795.0,25650.0,yahoo
TRENT,5m,2026-09-11T12:45:00+05:30,2794.5,2795.0,2790.199951171875,2792.699951171875,5044.0,yahoo
TRENT,5m,2026-09-11T12:50:00+05:30,2793.60009765625,2793.60009765625,2789.39990234375,2790.39990234375,4075.0,yahoo
TRENT,5m,2026-09-11T12:55:00+05:30,2790.39990234375,2791.5,2790.0,2790.800048828125,3400.0,yahoo
TRENT,5m,2026-09-11T13:00:00+05:30,2791.0,2791.0,2790.0,2790.0,3603.0,yahoo
TRENT,5m,2026-09-11T13:05:00+05:30,2790.0,2800.0,2790.0,2796.300048828125,34124.0,yahoo
TRENT,5m,2026-09-11T13:10:00+05:30,2796.699951171875,2801.199951171875,2796.300048828125,2798.800048828125,8235.0,yahoo
TRENT,5m,2026-09-11T13:15:00+05:30,2799.300048828125,2800.800048828125,2797.60009765625,2797.60009765625,3962.0,yahoo
TRENT,5m,2026-09-11T13:20:00+05:30,2798.300048828125,2799.300048828125,2796.60009765625,2797.10009765625,3759.0,yahoo
TRENT,5m,2026-09-11T13:25:00+05:30,2797.199951171875,2799.89990234375,2796.39990234375,2796.39990234375,2667.0,yahoo
TRENT,5m,2026-09-11T13:30:00+05:30,2797.10009765625,2799.800048828125,2796.60009765625,2797.300048828125,4547.0,yahoo
TRENT,5m,2026-09-11T13:35:00+05:30,2797.39990234375,2798.0,2796.39990234375,2797.699951171875,2397.0,yahoo
TRENT,5m,2026-09-11T13:40:00+05:30,2797.699951171875,2797.800048828125,2790.300048828125,2793.199951171875,7877.0,yahoo
TRENT,5m,2026-09-11T13:45:00+05:30,2793.199951171875,2794.5,2791.699951171875,2793.800048828125,3298.0,yahoo
TRENT,5m,2026-09-11T13:50:00+05:30,2793.800048828125,2799.0,2792.10009765625,2795.5,5522.0,yahoo
TRENT,5m,2026-09-11T13:55:00+05:30,2795.5,2799.0,2794.800048828125,2798.60009765625,3921.0,yahoo
TRENT,5m,2026-09-11T14:00:00+05:30,2798.0,2803.699951171875,2797.60009765625,2801.60009765625,9325.0,yahoo
TRENT,5m,2026-09-11T14:05:00+05:30,2801.60009765625,2801.699951171875,2796.0,2797.699951171875,4831.0,yahoo
TRENT,5m,2026-09-11T14:10:00+05:30,2797.800048828125,2797.800048828125,2794.89990234375,2797.300048828125,6435.0,yahoo
TRENT,5m,2026-09-11T14:15:00+05:30,2797.300048828125,2815.89990234375,2797.300048828125,2808.800048828125,17790.0,yahoo
TRENT,5m,2026-09-11T14:20:00+05:30,2809.699951171875,2810.60009765625,2806.60009765625,2810.60009765625,6227.0,yahoo
TRENT,5m,2026-09-11T14:25:00+05:30,2810.60009765625,2810.60009765625,2807.199951171875,2807.89990234375,2727.0,yahoo
TRENT,5m,2026-09-11T14:30:00+05:30,2808.699951171875,2810.0,2805.10009765625,2805.10009765625,3958.0,yahoo
TRENT,5m,2026-09-11T14:35:00+05:30,2805.39990234375,2806.5,2803.0,2806.0,5277.0,yahoo
TRENT,5m,2026-09-11T14:40:00+05:30,2805.89990234375,2810.300048828125,2805.0,2808.300048828125,9525.0,yahoo
TRENT,5m,2026-09-11T14:45:00+05:30,2808.39990234375,2808.39990234375,2801.300048828125,2801.300048828125,5078.0,yahoo
TRENT,5m,2026-09-11T14:50:00+05:30,2801.60009765625,2805.300048828125,2800.800048828125,2803.699951171875,20624.0,yahoo
TRENT,5m,2026-09-11T14:55:00+05:30,2803.699951171875,2804.60009765625,2802.800048828125,2803.199951171875,5655.0,yahoo
TRENT,5m,2026-09-11T15:00:00+05:30,2803.10009765625,2804.199951171875,2797.800048828125,2797.800048828125,24763.0,yahoo
TRENT,5m,2026-09-11T15:05:00+05:30,2797.800048828125,2802.800048828125,2797.800048828125,2801.300048828125,19801.0,yahoo
TRENT,5m,2026-09-11T15:10:00+05:30,2801.39990234375,2813.699951171875,2800.300048828125,2812.89990234375,30374.0,yahoo
TRENT,5m,2026-09-11T15:15:00+05:30,2811.0,2811.0,2802.39990234375,2802.39990234375,19950.0,yahoo
ULTRACEMCO,5m,2026-09-11T09:15:00+05:30,10862.0,10862.0,10794.0,10805.0,0.0,yahoo
ULTRACEMCO,5m,2026-09-11T09:20:00+05:30,10803.0,10822.0,10794.0,10822.0,2277.0,yahoo
ULTRACEMCO,5m,2026-09-11T09:25:00+05:30,10821.0,10837.0,10821.0,10837.0,2857.0,yahoo
ULTRACEMCO,5m,2026-09-11T09:30:00+05:30,10837.0,10849.0,10830.0,10845.0,2163.0,yahoo
ULTRACEMCO,5m,2026-09-11T09:35:00+05:30,10845.0,10854.0,10835.0,10840.0,1355.0,yahoo
ULTRACEMCO,5m,2026-09-11T09:40:00+05:30,10840.0,10846.0,10837.0,10842.0,711.0,yahoo
ULTRACEMCO,5m,2026-09-11T09:45:00+05:30,10842.0,10842.0,10835.0,10842.0,1018.0,yahoo
ULTRACEMCO,5m,2026-09-11T09:50:00+05:30,10843.0,10846.0,10835.0,10841.0,1491.0,yahoo
ULTRACEMCO,5m,2026-09-11T09:55:00+05:30,10841.0,10846.0,10837.0,10838.0,785.0,yahoo
ULTRACEMCO,5m,2026-09-11T10:00:00+05:30,10840.0,10848.0,10837.0,10846.0,788.0,yahoo
ULTRACEMCO,5m,2026-09-11T10:05:00+05:30,10845.0,10862.0,10843.0,10861.0,1255.0,yahoo
ULTRACEMCO,5m,2026-09-11T10:10:00+05:30,10862.0,10862.0,10857.0,10860.0,388.0,yahoo
ULTRACEMCO,5m,2026-09-11T10:15:00+05:30,10858.0,10861.0,10857.0,10860.0,455.0,yahoo
ULTRACEMCO,5m,2026-09-11T10:20:00+05:30,10861.0,10868.0,10854.0,10856.0,2730.0,yahoo
ULTRACEMCO,5m,2026-09-11T10:25:00+05:30,10856.0,10856.0,10841.0,10849.0,1293.0,yahoo
ULTRACEMCO,5m,2026-09-11T10:30:00+05:30,10849.0,10855.0,10846.0,10851.0,439.0,yahoo
ULTRACEMCO,5m,2026-09-11T10:35:00+05:30,10851.0,10855.0,10848.0,10855.0,812.0,yahoo
ULTRACEMCO,5m,2026-09-11T10:40:00+05:30,10854.0,10860.0,10853.0,10858.0,508.0,yahoo
ULTRACEMCO,5m,2026-09-11T10:45:00+05:30,10859.0,10864.0,10852.0,10861.0,680.0,yahoo
ULTRACEMCO,5m,2026-09-11T10:50:00+05:30,10861.0,10863.0,10852.0,10855.0,566.0,yahoo
ULTRACEMCO,5m,2026-09-11T10:55:00+05:30,10855.0,10860.0,10852.0,10860.0,527.0,yahoo
ULTRACEMCO,5m,2026-09-11T11:00:00+05:30,10860.0,10862.0,10853.0,10857.0,510.0,yahoo
ULTRACEMCO,5m,2026-09-11T11:05:00+05:30,10857.0,10873.0,10857.0,10873.0,8379.0,yahoo
ULTRACEMCO,5m,2026-09-11T11:10:00+05:30,10873.0,10892.0,10872.0,10891.0,3611.0,yahoo
ULTRACEMCO,5m,2026-09-11T11:15:00+05:30,10888.0,10914.0,10880.0,10914.0,6746.0,yahoo
ULTRACEMCO,5m,2026-09-11T11:20:00+05:30,10919.0,10927.0,10916.0,10926.0,5167.0,yahoo
ULTRACEMCO,5m,2026-09-11T11:25:00+05:30,10926.0,10932.0,10918.0,10926.0,5868.0,yahoo
ULTRACEMCO,5m,2026-09-11T11:30:00+05:30,10926.0,10928.0,10914.0,10922.0,804.0,yahoo
ULTRACEMCO,5m,2026-09-11T11:35:00+05:30,10922.0,10922.0,10912.0,10912.0,888.0,yahoo
ULTRACEMCO,5m,2026-09-11T11:40:00+05:30,10915.0,10940.0,10910.0,10940.0,1775.0,yahoo
ULTRACEMCO,5m,2026-09-11T11:45:00+05:30,10940.0,10949.0,10937.0,10949.0,854.0,yahoo
ULTRACEMCO,5m,2026-09-11T11:50:00+05:30,10948.0,10949.0,10942.0,10942.0,630.0,yahoo
ULTRACEMCO,5m,2026-09-11T11:55:00+05:30,10942.0,10945.0,10936.0,10941.0,842.0,yahoo
ULTRACEMCO,5m,2026-09-11T12:00:00+05:30,10944.0,10957.0,10941.0,10955.0,1308.0,yahoo
ULTRACEMCO,5m,2026-09-11T12:05:00+05:30,10955.0,10955.0,10945.0,10949.0,660.0,yahoo
ULTRACEMCO,5m,2026-09-11T12:10:00+05:30,10949.0,10949.0,10933.0,10937.0,1082.0,yahoo
ULTRACEMCO,5m,2026-09-11T12:15:00+05:30,10940.0,10948.0,10934.0,10936.0,688.0,yahoo
ULTRACEMCO,5m,2026-09-11T12:20:00+05:30,10937.0,10939.0,10925.0,10937.0,3650.0,yahoo
ULTRACEMCO,5m,2026-09-11T12:25:00+05:30,10943.0,10943.0,10936.0,10941.0,367.0,yahoo
ULTRACEMCO,5m,2026-09-11T12:30:00+05:30,10941.0,10950.0,10940.0,10949.0,1105.0,yahoo
ULTRACEMCO,5m,2026-09-11T12:35:00+05:30,10949.0,10949.0,10944.0,10949.0,365.0,yahoo
ULTRACEMCO,5m,2026-09-11T12:40:00+05:30,10949.0,10953.0,10948.0,10952.0,573.0,yahoo
ULTRACEMCO,5m,2026-09-11T12:45:00+05:30,10952.0,10954.0,10949.0,10950.0,333.0,yahoo
ULTRACEMCO,5m,2026-09-11T12:50:00+05:30,10950.0,10951.0,10945.0,10947.0,515.0,yahoo
ULTRACEMCO,5m,2026-09-11T12:55:00+05:30,10950.0,10955.0,10947.0,10953.0,588.0,yahoo
ULTRACEMCO,5m,2026-09-11T13:00:00+05:30,10953.0,10954.0,10945.0,10946.0,472.0,yahoo
ULTRACEMCO,5m,2026-09-11T13:05:00+05:30,10944.0,10955.0,10940.0,10955.0,979.0,yahoo
ULTRACEMCO,5m,2026-09-11T13:10:00+05:30,10955.0,10958.0,10940.0,10951.0,1384.0,yahoo
ULTRACEMCO,5m,2026-09-11T13:15:00+05:30,10951.0,10951.0,10938.0,10938.0,642.0,yahoo
ULTRACEMCO,5m,2026-09-11T13:20:00+05:30,10940.0,10945.0,10936.0,10938.0,1784.0,yahoo
ULTRACEMCO,5m,2026-09-11T13:25:00+05:30,10942.0,10944.0,10937.0,10939.0,653.0,yahoo
ULTRACEMCO,5m,2026-09-11T13:30:00+05:30,10940.0,10951.0,10938.0,10939.0,1081.0,yahoo
ULTRACEMCO,5m,2026-09-11T13:35:00+05:30,10940.0,10945.0,10934.0,10938.0,451.0,yahoo
ULTRACEMCO,5m,2026-09-11T13:40:00+05:30,10938.0,10938.0,10910.0,10917.0,4621.0,yahoo
ULTRACEMCO,5m,2026-09-11T13:45:00+05:30,10917.0,10920.0,10911.0,10917.0,796.0,yahoo
ULTRACEMCO,5m,2026-09-11T13:50:00+05:30,10918.0,10936.0,10915.0,10925.0,921.0,yahoo
ULTRACEMCO,5m,2026-09-11T13:55:00+05:30,10927.0,10933.0,10924.0,10928.0,550.0,yahoo
ULTRACEMCO,5m,2026-09-11T14:00:00+05:30,10929.0,10944.0,10926.0,10943.0,776.0,yahoo
ULTRACEMCO,5m,2026-09-11T14:05:00+05:30,10943.0,10944.0,10921.0,10925.0,895.0,yahoo
ULTRACEMCO,5m,2026-09-11T14:10:00+05:30,10923.0,10925.0,10918.0,10922.0,1001.0,yahoo
ULTRACEMCO,5m,2026-09-11T14:15:00+05:30,10922.0,10948.0,10915.0,10948.0,1381.0,yahoo
ULTRACEMCO,5m,2026-09-11T14:20:00+05:30,10947.0,10950.0,10940.0,10948.0,694.0,yahoo
ULTRACEMCO,5m,2026-09-11T14:25:00+05:30,10948.0,10950.0,10946.0,10949.0,676.0,yahoo
ULTRACEMCO,5m,2026-09-11T14:30:00+05:30,10950.0,10958.0,10944.0,10944.0,1410.0,yahoo
ULTRACEMCO,5m,2026-09-11T14:35:00+05:30,10945.0,10951.0,10940.0,10946.0,2603.0,yahoo
ULTRACEMCO,5m,2026-09-11T14:40:00+05:30,10946.0,10946.0,10933.0,10934.0,1002.0,yahoo
ULTRACEMCO,5m,2026-09-11T14:45:00+05:30,10934.0,10951.0,10929.0,10938.0,1901.0,yahoo
ULTRACEMCO,5m,2026-09-11T14:50:00+05:30,10934.0,10969.0,10933.0,10969.0,10036.0,yahoo
ULTRACEMCO,5m,2026-09-11T14:55:00+05:30,10971.0,10987.0,10970.0,10977.0,17008.0,yahoo
ULTRACEMCO,5m,2026-09-11T15:00:00+05:30,10977.0,10979.0,10967.0,10970.0,14916.0,yahoo
ULTRACEMCO,5m,2026-09-11T15:05:00+05:30,10969.0,10980.0,10969.0,10977.0,4478.0,yahoo
ULTRACEMCO,5m,2026-09-11T15:10:00+05:30,10981.0,11016.0,10974.0,11000.0,73717.0,yahoo
UNITDSPR,5m,2026-09-11T09:15:00+05:30,1392.5999755859375,1393.0,1388.199951171875,1392.800048828125,0.0,yahoo
UNITDSPR,5m,2026-09-11T09:20:00+05:30,1392.0999755859375,1392.0999755859375,1385.4000244140625,1387.300048828125,10382.0,yahoo
UNITDSPR,5m,2026-09-11T09:25:00+05:30,1387.0,1389.0,1385.0,1385.0,3942.0,yahoo
UNITDSPR,5m,2026-09-11T09:30:00+05:30,1385.5999755859375,1388.4000244140625,1384.5,1388.4000244140625,4148.0,yahoo
UNITDSPR,5m,2026-09-11T09:35:00+05:30,1388.699951171875,1390.699951171875,1388.0,1388.0999755859375,4541.0,yahoo
UNITDSPR,5m,2026-09-11T09:40:00+05:30,1388.300048828125,1388.5999755859375,1386.0,1387.0,2978.0,yahoo
UNITDSPR,5m,2026-09-11T09:45:00+05:30,1386.699951171875,1387.800048828125,1385.4000244140625,1385.699951171875,2309.0,yahoo
UNITDSPR,5m,2026-09-11T09:50:00+05:30,1385.800048828125,1388.0,1385.800048828125,1387.300048828125,2554.0,yahoo
UNITDSPR,5m,2026-09-11T09:55:00+05:30,1387.199951171875,1388.699951171875,1385.699951171875,1386.5,3028.0,yahoo
UNITDSPR,5m,2026-09-11T10:00:00+05:30,1385.699951171875,1387.5,1385.5,1387.4000244140625,1572.0,yahoo
UNITDSPR,5m,2026-09-11T10:05:00+05:30,1387.199951171875,1390.800048828125,1387.199951171875,1390.5999755859375,2592.0,yahoo
UNITDSPR,5m,2026-09-11T10:10:00+05:30,1390.0999755859375,1391.0,1386.9000244140625,1388.300048828125,5893.0,yahoo
UNITDSPR,5m,2026-09-11T10:15:00+05:30,1388.300048828125,1390.199951171875,1388.0,1389.0999755859375,3939.0,yahoo
UNITDSPR,5m,2026-09-11T10:20:00+05:30,1390.0999755859375,1392.300048828125,1389.0,1391.0,3693.0,yahoo
UNITDSPR,5m,2026-09-11T10:25:00+05:30,1390.699951171875,1391.800048828125,1388.199951171875,1389.800048828125,3959.0,yahoo
UNITDSPR,5m,2026-09-11T10:30:00+05:30,1389.5999755859375,1389.5999755859375,1387.9000244140625,1388.800048828125,3260.0,yahoo
UNITDSPR,5m,2026-09-11T10:35:00+05:30,1388.5,1390.4000244140625,1388.300048828125,1389.5,6043.0,yahoo
UNITDSPR,5m,2026-09-11T10:40:00+05:30,1388.699951171875,1390.0,1388.5,1388.699951171875,5747.0,yahoo
UNITDSPR,5m,2026-09-11T10:45:00+05:30,1388.699951171875,1391.0999755859375,1388.5999755859375,1389.4000244140625,2844.0,yahoo
UNITDSPR,5m,2026-09-11T10:50:00+05:30,1389.300048828125,1389.699951171875,1388.0999755859375,1388.199951171875,4632.0,yahoo
UNITDSPR,5m,2026-09-11T10:55:00+05:30,1387.800048828125,1388.0999755859375,1386.300048828125,1386.9000244140625,3427.0,yahoo
UNITDSPR,5m,2026-09-11T11:00:00+05:30,1387.699951171875,1389.0999755859375,1387.5,1387.800048828125,2251.0,yahoo
UNITDSPR,5m,2026-09-11T11:05:00+05:30,1388.300048828125,1389.4000244140625,1387.0,1389.4000244140625,2728.0,yahoo
UNITDSPR,5m,2026-09-11T11:10:00+05:30,1388.699951171875,1391.300048828125,1388.0999755859375,1390.699951171875,3431.0,yahoo
UNITDSPR,5m,2026-09-11T11:15:00+05:30,1391.0,1391.0,1388.699951171875,1390.0,6201.0,yahoo
UNITDSPR,5m,2026-09-11T11:20:00+05:30,1390.199951171875,1390.300048828125,1389.4000244140625,1390.0,3531.0,yahoo
UNITDSPR,5m,2026-09-11T11:25:00+05:30,1389.800048828125,1390.0,1388.4000244140625,1388.699951171875,2888.0,yahoo
UNITDSPR,5m,2026-09-11T11:30:00+05:30,1388.5999755859375,1391.0999755859375,1388.5,1390.5,2303.0,yahoo
UNITDSPR,5m,2026-09-11T11:35:00+05:30,1389.800048828125,1390.4000244140625,1388.4000244140625,1388.4000244140625,2524.0,yahoo
UNITDSPR,5m,2026-09-11T11:40:00+05:30,1388.0999755859375,1389.9000244140625,1388.0999755859375,1388.699951171875,3711.0,yahoo
UNITDSPR,5m,2026-09-11T11:45:00+05:30,1388.699951171875,1389.0,1386.199951171875,1387.0,3115.0,yahoo
UNITDSPR,5m,2026-09-11T11:50:00+05:30,1386.199951171875,1390.0,1385.800048828125,1389.4000244140625,6441.0,yahoo
UNITDSPR,5m,2026-09-11T11:55:00+05:30,1389.4000244140625,1392.5,1388.800048828125,1392.300048828125,39888.0,yahoo
UNITDSPR,5m,2026-09-11T12:00:00+05:30,1392.300048828125,1394.199951171875,1391.699951171875,1393.9000244140625,10237.0,yahoo
UNITDSPR,5m,2026-09-11T12:05:00+05:30,1392.9000244140625,1393.5,1391.300048828125,1393.199951171875,3290.0,yahoo
UNITDSPR,5m,2026-09-11T12:10:00+05:30,1393.199951171875,1393.199951171875,1390.5,1391.699951171875,3656.0,yahoo
UNITDSPR,5m,2026-09-11T12:15:00+05:30,1391.0,1391.0,1388.0,1388.9000244140625,7484.0,yahoo
UNITDSPR,5m,2026-09-11T12:20:00+05:30,1388.0999755859375,1389.5,1387.9000244140625,1389.300048828125,2945.0,yahoo
UNITDSPR,5m,2026-09-11T12:25:00+05:30,1388.5,1392.5,1387.9000244140625,1392.0,17790.0,yahoo
UNITDSPR,5m,2026-09-11T12:30:00+05:30,1391.199951171875,1392.300048828125,1390.9000244140625,1392.0,7252.0,yahoo
UNITDSPR,5m,2026-09-11T12:35:00+05:30,1392.9000244140625,1396.300048828125,1391.5999755859375,1395.199951171875,15925.0,yahoo
UNITDSPR,5m,2026-09-11T12:40:00+05:30,1394.5999755859375,1395.5999755859375,1393.5999755859375,1395.0999755859375,10494.0,yahoo
UNITDSPR,5m,2026-09-11T12:45:00+05:30,1396.0,1398.5,1396.0,1398.4000244140625,3425.0,yahoo
UNITDSPR,5m,2026-09-11T12:50:00+05:30,1398.199951171875,1399.5,1397.0,1399.0999755859375,4115.0,yahoo
UNITDSPR,5m,2026-09-11T12:55:00+05:30,1399.0999755859375,1403.9000244140625,1397.5999755859375,1402.0,13224.0,yahoo
UNITDSPR,5m,2026-09-11T13:00:00+05:30,1402.0999755859375,1403.5999755859375,1401.699951171875,1402.800048828125,5495.0,yahoo
UNITDSPR,5m,2026-09-11T13:05:00+05:30,1402.4000244140625,1407.0,1401.199951171875,1407.0,19748.0,yahoo
UNITDSPR,5m,2026-09-11T13:10:00+05:30,1406.5999755859375,1407.199951171875,1402.0999755859375,1404.0,13644.0,yahoo
UNITDSPR,5m,2026-09-11T13:15:00+05:30,1404.4000244140625,1404.4000244140625,1401.800048828125,1403.0,6242.0,yahoo
UNITDSPR,5m,2026-09-11T13:20:00+05:30,1403.0,1403.699951171875,1402.9000244140625,1403.300048828125,3484.0,yahoo
UNITDSPR,5m,2026-09-11T13:25:00+05:30,1403.300048828125,1403.300048828125,1402.0,1402.5999755859375,3956.0,yahoo
UNITDSPR,5m,2026-09-11T13:30:00+05:30,1402.5999755859375,1403.0999755859375,1402.0,1402.5,3702.0,yahoo
UNITDSPR,5m,2026-09-11T13:35:00+05:30,1402.5,1402.5999755859375,1401.300048828125,1401.699951171875,4138.0,yahoo
UNITDSPR,5m,2026-09-11T13:40:00+05:30,1401.699951171875,1401.699951171875,1400.0,1401.4000244140625,8183.0,yahoo
UNITDSPR,5m,2026-09-11T13:45:00+05:30,1401.0999755859375,1401.800048828125,1400.4000244140625,1401.4000244140625,3250.0,yahoo
UNITDSPR,5m,2026-09-11T13:50:00+05:30,1401.4000244140625,1401.800048828125,1400.4000244140625,1400.5,10608.0,yahoo
UNITDSPR,5m,2026-09-11T13:55:00+05:30,1400.699951171875,1403.300048828125,1400.699951171875,1402.199951171875,4872.0,yahoo
UNITDSPR,5m,2026-09-11T14:00:00+05:30,1402.300048828125,1403.9000244140625,1401.9000244140625,1403.800048828125,3709.0,yahoo
UNITDSPR,5m,2026-09-11T14:05:00+05:30,1403.699951171875,1403.800048828125,1402.5,1402.9000244140625,4546.0,yahoo
UNITDSPR,5m,2026-09-11T14:10:00+05:30,1402.9000244140625,1404.699951171875,1402.0,1404.300048828125,8555.0,yahoo
UNITDSPR,5m,2026-09-11T14:15:00+05:30,1404.5,1405.5999755859375,1403.300048828125,1404.9000244140625,9635.0,yahoo
UNITDSPR,5m,2026-09-11T14:20:00+05:30,1404.9000244140625,1405.0,1402.9000244140625,1404.300048828125,15691.0,yahoo
UNITDSPR,5m,2026-09-11T14:25:00+05:30,1404.300048828125,1404.699951171875,1404.0,1404.300048828125,5894.0,yahoo
UNITDSPR,5m,2026-09-11T14:30:00+05:30,1404.5,1404.800048828125,1402.0,1402.0,4654.0,yahoo
UNITDSPR,5m,2026-09-11T14:35:00+05:30,1402.300048828125,1402.5999755859375,1401.9000244140625,1402.300048828125,3068.0,yahoo
UNITDSPR,5m,2026-09-11T14:40:00+05:30,1402.300048828125,1402.800048828125,1402.0999755859375,1402.5,4330.0,yahoo
UNITDSPR,5m,2026-09-11T14:45:00+05:30,1402.300048828125,1402.5,1400.5,1400.9000244140625,9506.0,yahoo
UNITDSPR,5m,2026-09-11T14:50:00+05:30,1400.9000244140625,1401.300048828125,1400.5999755859375,1401.199951171875,5995.0,yahoo
UNITDSPR,5m,2026-09-11T14:55:00+05:30,1401.199951171875,1401.5,1399.4000244140625,1399.5,8151.0,yahoo
UNITDSPR,5m,2026-09-11T15:00:00+05:30,1399.4000244140625,1400.0999755859375,1396.5999755859375,1396.800048828125,50600.0,yahoo
UNITDSPR,5m,2026-09-11T15:05:00+05:30,1396.800048828125,1399.0999755859375,1396.699951171875,1398.9000244140625,15093.0,yahoo
UNITDSPR,5m,2026-09-11T15:10:00+05:30,1399.0,1402.0,1395.699951171875,1402.0,34324.0,yahoo
UNITDSPR,5m,2026-09-11T15:15:00+05:30,1397.4000244140625,1397.4000244140625,1395.0,1395.0,15165.0,yahoo
VEDL,5m,2026-09-11T09:15:00+05:30,263.6000061035156,263.6000061035156,256.75,260.70001220703125,0.0,yahoo
VEDL,5m,2026-09-11T09:20:00+05:30,260.45001220703125,260.5,258.6499938964844,259.20001220703125,807945.0,yahoo
VEDL,5m,2026-09-11T09:25:00+05:30,259.20001220703125,260.70001220703125,259.04998779296875,260.70001220703125,459326.0,yahoo
VEDL,5m,2026-09-11T09:30:00+05:30,260.8500061035156,261.54998779296875,260.8500061035156,261.29998779296875,311698.0,yahoo
VEDL,5m,2026-09-11T09:35:00+05:30,261.3999938964844,261.8999938964844,261.3500061035156,261.8500061035156,196494.0,yahoo
VEDL,5m,2026-09-11T09:40:00+05:30,261.8500061035156,261.8500061035156,260.6499938964844,260.79998779296875,257923.0,yahoo
VEDL,5m,2026-09-11T09:45:00+05:30,260.8999938964844,261.5,260.75,261.5,142929.0,yahoo
VEDL,5m,2026-09-11T09:50:00+05:30,261.5,261.8500061035156,260.6499938964844,261.25,197400.0,yahoo
VEDL,5m,2026-09-11T09:55:00+05:30,261.29998779296875,261.70001220703125,261.0,261.3500061035156,147840.0,yahoo
VEDL,5m,2026-09-11T10:00:00+05:30,261.45001220703125,262.3500061035156,261.29998779296875,262.1499938964844,166225.0,yahoo
VEDL,5m,2026-09-11T10:05:00+05:30,261.8500061035156,262.20001220703125,261.6000061035156,262.20001220703125,181027.0,yahoo
VEDL,5m,2026-09-11T10:10:00+05:30,262.1499938964844,262.5,261.8500061035156,262.45001220703125,145011.0,yahoo
VEDL,5m,2026-09-11T10:15:00+05:30,262.45001220703125,262.54998779296875,261.79998779296875,262.20001220703125,142457.0,yahoo
VEDL,5m,2026-09-11T10:20:00+05:30,262.20001220703125,263.25,262.1499938964844,263.1499938964844,148960.0,yahoo
VEDL,5m,2026-09-11T10:25:00+05:30,263.1000061035156,263.1499938964844,262.5,262.79998779296875,145027.0,yahoo
VEDL,5m,2026-09-11T10:30:00+05:30,262.79998779296875,262.79998779296875,262.29998779296875,262.75,152349.0,yahoo
VEDL,5m,2026-09-11T10:35:00+05:30,262.75,263.1499938964844,262.70001220703125,263.1499938964844,115580.0,yahoo
VEDL,5m,2026-09-11T10:40:00+05:30,263.1000061035156,263.75,263.0,263.70001220703125,115062.0,yahoo
VEDL,5m,2026-09-11T10:45:00+05:30,263.79998779296875,263.8999938964844,263.04998779296875,263.3999938964844,144438.0,yahoo
VEDL,5m,2026-09-11T10:50:00+05:30,263.25,263.45001220703125,262.45001220703125,262.5,146187.0,yahoo
VEDL,5m,2026-09-11T10:55:00+05:30,262.54998779296875,262.54998779296875,261.95001220703125,262.20001220703125,170836.0,yahoo
VEDL,5m,2026-09-11T11:00:00+05:30,262.20001220703125,262.75,262.0,262.1499938964844,83279.0,yahoo
VEDL,5m,2026-09-11T11:05:00+05:30,262.20001220703125,262.8999938964844,262.20001220703125,262.70001220703125,86085.0,yahoo
VEDL,5m,2026-09-11T11:10:00+05:30,262.79998779296875,263.45001220703125,262.6499938964844,263.29998779296875,83162.0,yahoo
VEDL,5m,2026-09-11T11:15:00+05:30,263.5,263.75,263.25,263.6499938964844,69922.0,yahoo
VEDL,5m,2026-09-11T11:20:00+05:30,263.6499938964844,263.95001220703125,263.5,263.8999938964844,73324.0,yahoo
VEDL,5m,2026-09-11T11:25:00+05:30,263.8999938964844,263.95001220703125,263.5,263.54998779296875,76959.0,yahoo
VEDL,5m,2026-09-11T11:30:00+05:30,263.6499938964844,263.75,263.45001220703125,263.6499938964844,86722.0,yahoo
VEDL,5m,2026-09-11T11:35:00+05:30,263.6000061035156,263.8999938964844,263.5,263.75,66028.0,yahoo
VEDL,5m,2026-09-11T11:40:00+05:30,263.6499938964844,264.0,263.6499938964844,264.0,67947.0,yahoo
VEDL,5m,2026-09-11T11:45:00+05:30,264.0,264.3500061035156,263.6000061035156,263.6499938964844,205350.0,yahoo
VEDL,5m,2026-09-11T11:50:00+05:30,263.6000061035156,263.8999938964844,263.5,263.8999938964844,54015.0,yahoo
VEDL,5m,2026-09-11T11:55:00+05:30,263.79998779296875,263.8500061035156,263.5,263.6000061035156,45221.0,yahoo
VEDL,5m,2026-09-11T12:00:00+05:30,263.6000061035156,263.6499938964844,263.3999938964844,263.5,64856.0,yahoo
VEDL,5m,2026-09-11T12:05:00+05:30,263.45001220703125,263.8999938964844,263.25,263.5,95590.0,yahoo
VEDL,5m,2026-09-11T12:10:00+05:30,263.54998779296875,263.54998779296875,262.70001220703125,263.0,76269.0,yahoo
VEDL,5m,2026-09-11T12:15:00+05:30,262.8500061035156,263.75,262.6000061035156,263.6499938964844,105781.0,yahoo
VEDL,5m,2026-09-11T12:20:00+05:30,263.54998779296875,263.70001220703125,263.25,263.5,53010.0,yahoo
VEDL,5m,2026-09-11T12:25:00+05:30,263.5,263.75,263.3999938964844,263.6499938964844,62823.0,yahoo
VEDL,5m,2026-09-11T12:30:00+05:30,263.6499938964844,263.8999938964844,263.25,263.70001220703125,70348.0,yahoo
VEDL,5m,2026-09-11T12:35:00+05:30,263.70001220703125,264.1499938964844,263.54998779296875,264.1499938964844,99828.0,yahoo
VEDL,5m,2026-09-11T12:40:00+05:30,264.20001220703125,264.6000061035156,264.20001220703125,264.5,107297.0,yahoo
VEDL,5m,2026-09-11T12:45:00+05:30,264.45001220703125,264.5,264.1000061035156,264.20001220703125,74428.0,yahoo
VEDL,5m,2026-09-11T12:50:00+05:30,264.04998779296875,264.29998779296875,263.8500061035156,264.0,79713.0,yahoo
VEDL,5m,2026-09-11T12:55:00+05:30,264.1000061035156,264.3500061035156,264.04998779296875,264.25,74064.0,yahoo
VEDL,5m,2026-09-11T13:00:00+05:30,264.29998779296875,264.29998779296875,263.1499938964844,263.3500061035156,158144.0,yahoo
VEDL,5m,2026-09-11T13:05:00+05:30,263.29998779296875,263.5,262.79998779296875,263.04998779296875,93953.0,yahoo
VEDL,5m,2026-09-11T13:10:00+05:30,263.1000061035156,263.29998779296875,263.0,263.20001220703125,61495.0,yahoo
VEDL,5m,2026-09-11T13:15:00+05:30,263.29998779296875,263.3500061035156,263.04998779296875,263.1000061035156,62957.0,yahoo
VEDL,5m,2026-09-11T13:20:00+05:30,263.1499938964844,263.29998779296875,263.04998779296875,263.29998779296875,61655.0,yahoo
VEDL,5m,2026-09-11T13:25:00+05:30,263.29998779296875,263.5,262.75,262.95001220703125,85311.0,yahoo
VEDL,5m,2026-09-11T13:30:00+05:30,262.8500061035156,263.29998779296875,262.8500061035156,263.1499938964844,71238.0,yahoo
VEDL,5m,2026-09-11T13:35:00+05:30,263.1499938964844,263.29998779296875,262.79998779296875,263.04998779296875,56192.0,yahoo
VEDL,5m,2026-09-11T13:40:00+05:30,263.04998779296875,263.20001220703125,262.45001220703125,262.8500061035156,66006.0,yahoo
VEDL,5m,2026-09-11T13:45:00+05:30,262.8500061035156,263.1499938964844,262.70001220703125,263.1499938964844,41896.0,yahoo
VEDL,5m,2026-09-11T13:50:00+05:30,263.1499938964844,263.3999938964844,262.79998779296875,263.25,97428.0,yahoo
VEDL,5m,2026-09-11T13:55:00+05:30,263.25,263.6000061035156,263.1499938964844,263.6000061035156,67329.0,yahoo
VEDL,5m,2026-09-11T14:00:00+05:30,263.6000061035156,264.0,263.5,264.0,77172.0,yahoo
VEDL,5m,2026-09-11T14:05:00+05:30,264.0,264.29998779296875,263.8999938964844,264.29998779296875,80486.0,yahoo
VEDL,5m,2026-09-11T14:10:00+05:30,264.29998779296875,264.79998779296875,264.1499938964844,264.79998779296875,71648.0,yahoo
VEDL,5m,2026-09-11T14:15:00+05:30,264.79998779296875,264.8500061035156,264.45001220703125,264.5,98595.0,yahoo
VEDL,5m,2026-09-11T14:20:00+05:30,264.6000061035156,264.79998779296875,264.5,264.70001220703125,67810.0,yahoo
VEDL,5m,2026-09-11T14:25:00+05:30,264.70001220703125,264.70001220703125,264.1000061035156,264.25,69949.0,yahoo
VEDL,5m,2026-09-11T14:30:00+05:30,264.29998779296875,264.3500061035156,263.8500061035156,264.1000061035156,133193.0,yahoo
VEDL,5m,2026-09-11T14:35:00+05:30,264.1499938964844,264.1499938964844,264.0,264.04998779296875,77415.0,yahoo
VEDL,5m,2026-09-11T14:40:00+05:30,264.0,264.1499938964844,263.70001220703125,264.1499938964844,105839.0,yahoo
VEDL,5m,2026-09-11T14:45:00+05:30,264.1499938964844,264.20001220703125,263.95001220703125,264.0,119778.0,yahoo
VEDL,5m,2026-09-11T14:50:00+05:30,264.1000061035156,264.3999938964844,264.04998779296875,264.20001220703125,100873.0,yahoo
VEDL,5m,2026-09-11T14:55:00+05:30,264.3500061035156,264.3999938964844,264.1000061035156,264.1499938964844,198640.0,yahoo
VEDL,5m,2026-09-11T15:00:00+05:30,264.1499938964844,264.1499938964844,263.79998779296875,263.79998779296875,211224.0,yahoo
VEDL,5m,2026-09-11T15:05:00+05:30,263.8999938964844,264.0,263.8500061035156,263.8999938964844,369102.0,yahoo
VEDL,5m,2026-09-11T15:10:00+05:30,263.8999938964844,264.04998779296875,263.1000061035156,263.3999938964844,453954.0,yahoo
VEDL,5m,2026-09-11T15:15:00+05:30,263.3999938964844,263.70001220703125,263.3999938964844,263.70001220703125,484911.0,yahoo
